token_id	speaker	tu_id	unit	id	span	form	lemma	upos	xpos	feats	deprel	type	meta_label	variation	jefferson_feats	align	prolongations	pace	guesses	overlaps
0-0	PKP037	0	0	0	xx[x]	xxx	_	_	_	_	_	unknown	_	none	Syllables=3	Begin=0.56|End=1.22	_	_	_	2-3(0)
1-0	PKP033	1	1	0	[no	no	_	_	_	_	_	linguistic	_	none	_	Begin=0.94	_	_	_	0-2(0)
1-1	PKP033	1	1	1	no]	no	_	_	_	_	_	linguistic	_	none	_	_	_	_	_	0-2(0)
1-2	PKP033	1	1	2	ma	ma	_	_	_	_	_	linguistic	_	none	_	_	_	_	_	_
1-3	PKP033	1	1	3	adesso	adesso	_	_	_	_	_	linguistic	_	none	_	_	_	_	_	_
1-4	PKP033	1	1	4	ti	ti	_	_	_	_	_	linguistic	_	none	_	_	_	_	_	_
1-5	PKP033	1	1	5	do	do	_	_	_	_	_	linguistic	_	none	_	_	_	_	_	_
1-6	PKP033	1	1	6	[un	un	_	_	_	_	_	linguistic	_	none	_	_	_	_	_	0-2(1)
1-7	PKP033	1	1	7	fazzoletto]	fazzoletto	_	_	_	_	_	linguistic	_	none	_	End=2.87	_	_	_	0-10(1)
2-0	PKP036	2	2	0	[no	no	_	_	_	_	_	linguistic	_	none	_	Begin=2.09	_	_	_	0-2(1)
2-1	PKP036	2	2	1	è	è	_	_	_	_	_	linguistic	_	none	_	_	_	_	_	0-1(1)
2-2	PKP036	2	2	2	il	il	_	_	_	_	_	linguistic	_	none	_	_	_	_	_	0-2(1)
2-3	PKP036	2	2	3	naso]	naso	_	_	_	_	_	linguistic	_	none	_	_	_	_	_	0-4(1)
2-4	PKP036	2	2	4	che	che	_	_	_	_	_	linguistic	_	none	_	_	_	_	_	_
2-5	PKP036	2	2	5	mi	mi	_	_	_	_	_	linguistic	_	none	_	_	_	_	_	_
2-6	PKP036	2	2	6	si	si	_	_	_	_	_	linguistic	_	none	_	_	_	_	_	_
2-7	PKP036	2	2	7	è	è	_	_	_	_	_	linguistic	_	none	_	_	_	_	_	_
2-8	PKP036	2	2	8	colato	colato	_	_	_	_	_	linguistic	_	none	_	End=4.04	_	_	_	_
3-0	PKP037	3	3	0	ti	ti	_	_	_	_	_	linguistic	_	none	_	Begin=4.28	_	_	_	_
3-1	PKP037	3	3	1	si	si	_	_	_	_	_	linguistic	_	none	_	_	_	_	_	_
3-2	PKP037	3	3	2	è	è	_	_	_	_	_	linguistic	_	none	_	_	_	_	_	_
3-3	PKP037	3	3	3	colato	colato	_	_	_	_	_	linguistic	_	none	_	_	_	_	_	_
3-4	PKP037	3	3	4	{ride}	{ride}	_	_	_	_	_	nonverbalbehavior	_	none	_	_	_	_	_	_
3-5	PKP037	3	3	5	eccola	eccola	_	_	_	_	_	linguistic	_	none	_	_	_	_	_	_
3-6	PKP037	3	3	6	{ride}	{ride}	_	_	_	_	_	nonverbalbehavior	_	none	_	End=7.073	_	_	_	_
4-0	PKP036	4	4	0	{ride}	{ride}	_	_	_	_	_	nonverbalbehavior	_	none	_	Begin=4.99|End=5.65	_	_	_	_
5-0	PKP033	5	5	0	eccola	eccola	_	_	_	_	_	linguistic	_	none	_	Begin=6.36|End=6.92	_	_	_	_
6-0	PKP037	6	6	0	io	io	_	_	_	_	_	linguistic	_	none	_	Begin=9.39	_	_	_	_
6-1	PKP037	6	6	1	mi	mi	_	_	_	_	_	linguistic	_	none	_	_	_	_	_	_
6-2	PKP037	6	6	2	prendo	prendo	_	_	_	_	_	linguistic	_	none	_	_	_	_	_	_
6-3	PKP037	6	6	3	la	la	_	_	_	_	_	linguistic	_	none	_	_	_	_	_	_
6-4	PKP037	6	6	4	sedia	sedia	_	_	_	_	_	linguistic	_	none	_	_	_	_	_	_
6-5	PKP037	6	6	5	[xx	xx	_	_	_	_	_	unknown	_	none	Syllables=2	_	_	_	_	0-2(3)
6-6	PKP037	6	6	6	a	a	_	_	_	_	_	linguistic	_	none	_	_	_	_	_	0-1(3)
6-7	PKP037	6	6	7	tavola]	tavola	_	_	_	_	_	linguistic	_	none	_	End=11.108	_	_	_	0-6(3)
7-0	PKP036	7	7	0	[che	che	_	_	_	_	_	linguistic	_	none	_	Begin=10.2	_	_	_	0-3(3)
7-1	PKP036	7	7	1	belli	belli	_	_	_	_	_	linguistic	_	none	_	_	_	_	_	0-5(3)
7-2	PKP036	7	7	2	gli	gli	_	_	_	_	_	linguistic	_	none	_	_	_	_	_	0-3(3)
7-3	PKP036	7	7	3	s]posi	sposi	_	_	_	_	_	linguistic	_	none	_	End=11.673	_	_	_	0-1(3)
8-0	PKP033	8	8	0	grazie	grazie	_	_	_	_	_	linguistic	_	none	_	Begin=11.859|End=12.645	_	_	_	_
9-0	PKP033	9	9	0	grazie	grazie	_	_	_	_	_	linguistic	_	none	_	Begin=12.961	_	_	_	_
9-1	PKP033	9	9	1	grazie	grazie	_	_	_	_	_	linguistic	_	none	_	End=13.976	_	_	_	_
10-0	PKP033	10	10	0	con	con	_	_	_	_	_	linguistic	_	none	_	Begin=14.75	_	_	_	_
10-1	PKP033	10	10	1	voi	voi	_	_	_	_	_	linguistic	_	none	_	_	_	_	_	_
10-2	PKP033	10	10	2	c'	c'	_	_	_	_	_	linguistic	_	none	SpaceAfter=No	_	_	_	_	_
10-3	PKP033	10	10	3	abbiamo	abbiamo	_	_	_	_	_	linguistic	_	none	_	_	_	_	_	_
10-4	PKP033	10	10	4	una	una	_	_	_	_	_	linguistic	_	none	_	_	_	_	_	_
10-5	PKP033	10	10	5	foto:	foto	_	_	_	_	_	linguistic	_	none	_	_	3x1	_	_	_
10-6	PKP033	10	10	6	tipo	tipo	_	_	_	_	_	linguistic	_	none	_	_	_	_	_	_
10-7	PKP033	10	10	7	ah	ah	_	_	_	_	_	linguistic	_	none	_	_	_	_	_	_
10-8	PKP033	10	10	8	scusami	scusami	_	_	_	_	_	linguistic	_	none	_	End=17.24	_	_	_	_
11-0	PKP036	11	11	0	no	no	_	_	_	_	_	linguistic	_	none	_	Begin=17.244	_	_	_	_
11-1	PKP036	11	11	1	no	no	_	_	_	_	_	linguistic	_	none	_	_	_	_	_	_
11-2	PKP036	11	11	2	{ride}	{ride}	_	_	_	_	_	nonverbalbehavior	_	none	_	End=20.672	_	_	_	_
12-0	PKP033	12	12	0	{ride}	{ride}	_	_	_	_	_	nonverbalbehavior	_	none	_	Begin=17.47|End=18.28	_	_	_	_
13-0	PKP037	13	13	0	{ride}	{ride}	_	_	_	_	_	nonverbalbehavior	_	none	_	Begin=18.57|End=19.84	_	_	_	_
14-0	PKP033	14	14	0	xxx	xxx	_	_	_	_	_	unknown	_	none	Syllables=3	Begin=19.048	_	_	_	_
14-1	PKP033	14	14	1	quella	quella	_	_	_	_	_	linguistic	_	none	_	_	_	_	_	_
14-2	PKP033	14	14	2	faccia	faccia	_	_	_	_	_	linguistic	_	none	_	End=20.255	_	_	_	_
15-0	PKP033	15	15	0	con	con	_	_	_	_	_	linguistic	_	none	_	Begin=20.671	_	_	_	_
15-1	PKP033	15	15	1	voi	voi	_	_	_	_	_	linguistic	_	none	_	_	_	_	_	_
15-2	PKP033	15	15	2	credo	credo	_	_	_	_	_	linguistic	_	none	_	_	_	_	_	_
15-3	PKP033	15	15	3	che	che	_	_	_	_	_	linguistic	_	none	_	_	_	_	_	_
15-4	PKP033	15	15	4	abbiamo	abbiamo	_	_	_	_	_	linguistic	_	none	_	_	_	_	_	_
15-5	PKP033	15	15	5	solo	solo	_	_	_	_	_	linguistic	_	none	_	_	_	_	_	_
15-6	PKP033	15	15	6	una	una	_	_	_	_	_	linguistic	_	none	_	_	_	_	_	_
15-7	PKP033	15	15	7	foto	foto	_	_	_	_	_	linguistic	_	none	_	_	_	_	_	_
15-8	PKP033	15	15	8	di	di	_	_	_	_	_	linguistic	_	none	_	_	_	_	_	_
15-9	PKP033	15	15	9	[gruppo]	gruppo	_	_	_	_	_	linguistic	_	none	_	End=23.0	_	_	_	0-6(6)
16-0	PKP036	16	16	0	[sì]	sì	_	_	_	_	_	linguistic	_	none	_	Begin=22.52|End=23.0	_	_	_	0-2(6)
17-0	PKP033	17	17	0	c(io)è:::	cioè	_	_	_	_	_	linguistic	_	none	_	Begin=23.337	3x3	_	1-3(0)	_
17-1	PKP033	17	17	1	infatti	infatti	_	_	_	_	_	linguistic	_	none	_	_	_	_	_	_
17-2	PKP033	17	17	2	vabbè	vabbè	_	_	_	_	_	linguistic	_	none	_	End=25.592	_	_	_	_
18-0	PKP036	18	18	0	vabbé	vabbé	_	_	_	_	_	linguistic	_	none	_	Begin=26.86|End=27.32	_	_	_	_
19-0	PKP033	19	19	0	allora	allora	_	_	_	_	_	linguistic	_	none	_	Begin=27.84	_	_	_	_
19-1	PKP033	19	19	1	di	di	_	_	_	_	_	linguistic	_	none	_	_	_	_	_	_
19-2	PKP033	19	19	2	[di]:	di	_	_	_	_	_	linguistic	_	none	PauseAfter=Yes	_	1x1	_	_	0-2(7)
19-3	PKP033	19	19	3	{P}	{P}	_	_	_	_	_	shortpause	_	none	_	_	_	_	_	_
19-4	PKP033	19	19	4	di	di	_	_	_	_	_	linguistic	_	none	_	_	_	_	_	_
19-5	PKP033	19	19	5	bere	bere	_	_	_	_	_	linguistic	_	none	_	_	_	_	_	_
19-6	PKP033	19	19	6	dis~	dis~	_	_	_	_	_	linguistic	_	none	Interrupted=Yes	_	_	_	_	_
19-7	PKP033	19	19	7	mh	mh	_	_	_	_	_	linguistic	_	none	_	_	_	_	_	_
19-8	PKP033	19	19	8	disponiamo	disponiamo	_	_	_	_	_	linguistic	_	none	_	End=31.79	_	_	_	_
20-0	PKP036	20	20	0	[ne	ne	_	_	_	_	_	linguistic	_	none	_	Begin=28.5	_	_	_	0-2(7)
20-1	PKP036	20	20	1	faremo	faremo	_	_	_	_	_	linguistic	_	none	_	_	_	_	_	0-6(7)
20-2	PKP036	20	20	2	altre]	altre	_	_	_	_	_	linguistic	_	none	_	End=29.24	_	_	_	0-5(7)
21-0	PKP033	21	21	0	[x]	x	_	_	_	_	_	unknown	_	none	Syllables=1	Begin=32.09|End=32.33	_	_	_	0-1(8)
22-0	PKP036	22	22	0	[ah	ah	_	_	_	_	_	linguistic	_	none	_	Begin=32.113	_	_	_	0-2(8)
22-1	PKP036	22	22	1	se]	se	_	_	_	_	_	linguistic	_	none	_	_	_	_	_	0-2(8)
22-2	PKP036	22	22	2	ci	ci	_	_	_	_	_	linguistic	_	none	_	_	_	_	_	_
22-3	PKP036	22	22	3	fai	fai	_	_	_	_	_	linguistic	_	none	_	_	_	_	_	_
22-4	PKP036	22	22	4	bere	bere	_	_	_	_	_	linguistic	_	none	_	_	_	_	_	_
22-5	PKP036	22	22	5	esce:	esce	_	_	_	_	_	linguistic	_	none	_	End=33.9	3x1	_	_	_
23-0	PKP033	23	23	0	{ride}	{ride}	_	_	_	_	_	nonverbalbehavior	_	none	_	Begin=33.959	_	_	_	_
23-1	PKP033	23	23	1	eh	eh	_	_	_	_	_	linguistic	_	none	_	_	_	_	_	_
23-2	PKP033	23	23	2	infatti	infatti	_	_	_	_	_	linguistic	_	none	_	_	_	_	_	_
23-3	PKP033	23	23	3	[è	è	_	_	_	_	_	linguistic	_	none	_	_	_	_	_	0-1(9)
23-4	PKP033	23	23	4	quello]	quello	_	_	_	_	_	linguistic	_	none	PauseAfter=Yes	_	_	_	_	0-6(9)
23-5	PKP033	23	23	5	{P}	{P}	_	_	_	_	_	shortpause	_	none	_	_	_	_	_	_
23-6	PKP033	23	23	6	quello	quello	_	_	_	_	_	linguistic	_	none	_	_	_	_	_	_
23-7	PKP033	23	23	7	è	è	_	_	_	_	_	linguistic	_	none	_	_	_	_	_	_
23-8	PKP033	23	23	8	l'	l'	_	_	_	_	_	linguistic	_	none	SpaceAfter=No	_	_	_	_	_
23-9	PKP033	23	23	9	obbie[ttivo	obbiettivo	_	_	_	_	_	linguistic	_	none	_	_	_	_	_	4-10(10)
23-10	PKP033	23	23	10	no	no	_	_	_	_	_	linguistic	_	none	_	_	_	_	_	0-2(10)
23-11	PKP033	23	23	11	ma]	ma	_	_	_	_	_	linguistic	_	none	_	End=37.358	_	_	_	0-2(10)
24-0	PKP036	24	24	0	[il	il	_	_	_	_	_	linguistic	_	none	_	Begin=35.2	_	_	_	0-2(9)
24-1	PKP036	24	24	1	peggio	peggio	_	_	_	_	_	linguistic	_	none	_	_	_	_	_	0-6(9)
24-2	PKP036	24	24	2	di	di	_	_	_	_	_	linguistic	_	none	_	_	_	_	_	0-2(9)
24-3	PKP036	24	24	3	noi]	noi	_	_	_	_	_	linguistic	_	none	_	End=36.207	_	_	_	0-3(9)
25-0	PKP037	25	25	0	[no	no	_	_	_	_	_	linguistic	_	none	_	Begin=36.829	_	_	_	0-2(10)
25-1	PKP037	25	25	1	vabbè]	vabbè	_	_	_	_	_	linguistic	_	none	PauseAfter=Yes	_	_	_	_	0-5(10)
25-2	PKP037	25	25	2	{P}	{P}	_	_	_	_	_	shortpause	_	none	_	_	_	_	_	_
25-3	PKP037	25	25	3	va	va	_	_	_	_	_	linguistic	_	none	_	_	_	_	_	_
25-4	PKP037	25	25	4	bene	bene	_	_	_	_	_	linguistic	_	none	_	End=38.29	_	_	_	_
26-0	PKP033	26	26	0	abbiamo	abbiamo	_	_	_	_	_	linguistic	_	none	PauseAfter=Yes	Begin=38.585	_	_	_	_
26-1	PKP033	26	26	1	{P}	{P}	_	_	_	_	_	shortpause	_	none	_	_	_	_	_	_
26-2	PKP033	26	26	2	l'	l'	_	_	_	_	_	linguistic	_	none	SpaceAfter=No	_	_	_	_	_
26-3	PKP033	26	26	3	inchnusa	inchnusa	_	_	_	_	_	linguistic	_	none	_	_	_	_	_	_
26-4	PKP033	26	26	4	nuova	nuova	_	_	_	_	_	linguistic	_	none	_	_	_	_	_	_
26-5	PKP033	26	26	5	che	che	_	_	_	_	_	linguistic	_	none	_	_	_	_	_	_
26-6	PKP033	26	26	6	mi	mi	_	_	_	_	_	linguistic	_	none	_	_	_	_	_	_
26-7	PKP033	26	26	7	piace	piace	_	_	_	_	_	linguistic	_	none	_	_	_	_	_	_
26-8	PKP033	26	26	8	m[olto]	molto	_	_	_	_	_	linguistic	_	none	_	End=42.15	_	_	_	0-5(11)
27-0	PKP036	27	27	0	[co]s'	cos'	_	_	_	_	_	linguistic	_	none	SpaceAfter=No	Begin=41.94	_	_	_	0-2(11)
27-1	PKP036	27	27	1	è?	è	_	_	_	_	_	linguistic	_	none	Intonation=Rising	End=42.393	_	_	_	_
28-0	PKP033	28	28	0	che	che	_	_	_	_	_	linguistic	_	none	_	Begin=42.58	_	_	_	_
28-1	PKP033	28	28	1	è:	è	_	_	_	_	_	linguistic	_	none	_	_	0x1	_	_	_
28-2	PKP033	28	28	2	tipo::	tipo	_	_	_	_	_	linguistic	_	none	_	_	3x2	_	_	_
28-3	PKP033	28	28	3	[scura	scura	_	_	_	_	_	linguistic	_	none	_	_	_	_	_	0-5(12)
28-4	PKP033	28	28	4	cioè	cioè	_	_	_	_	_	linguistic	_	none	_	_	_	_	_	0-4(12)
28-5	PKP033	28	28	5	non	non	_	_	_	_	_	linguistic	_	none	_	_	_	_	_	0-3(12)
28-6	PKP033	28	28	6	scu]ra	scura	_	_	_	_	_	linguistic	_	none	_	_	_	_	_	0-3(12)
28-7	PKP033	28	28	7	rossa	rossa	_	_	_	_	_	linguistic	_	none	_	End=46.22	_	_	_	_
29-0	PKP036	29	29	0	[a::	a	_	_	_	_	_	linguistic	_	none	_	Begin=44.162	0x2	_	_	0-1(12)
29-1	PKP036	29	29	1	sì::]	sì	_	_	_	_	_	linguistic	_	none	_	End=45.287	1x2	_	_	0-2(12)
30-0	PKP036	30	30	0	[ah]	ah	_	_	_	_	_	linguistic	_	none	_	Begin=46.37|End=46.85	_	_	_	0-2(13)
31-0	PKP037	31	31	0	[ah]:	ah	_	_	_	_	_	linguistic	_	none	_	Begin=46.37	1x1	_	_	0-2(13)
31-1	PKP037	31	31	1	carina	carina	_	_	_	_	_	linguistic	_	none	_	End=47.44	_	_	_	_
32-0	PKP033	32	32	0	poi	poi	_	_	_	_	_	linguistic	_	none	_	Begin=47.762	_	_	_	_
32-1	PKP033	32	32	1	c'	c'	_	_	_	_	_	linguistic	_	none	SpaceAfter=No	_	_	_	_	_
32-2	PKP033	32	32	2	è	è	_	_	_	_	_	linguistic	_	none	_	_	_	_	_	_
32-3	PKP033	32	32	3	un'	un'	_	_	_	_	_	linguistic	_	none	SpaceAfter=No	_	_	_	_	_
32-4	PKP033	32	32	4	ichnusa	ichnusa	_	_	_	_	_	linguistic	_	none	_	_	_	_	_	_
32-5	PKP033	32	32	5	normale	normale	_	_	_	_	_	linguistic	_	none	_	_	_	_	_	_
32-6	PKP033	32	32	6	e	e	_	_	_	_	_	linguistic	_	none	_	_	_	_	_	_
32-7	PKP033	32	32	7	una	una	_	_	_	_	_	linguistic	_	none	_	_	_	_	_	_
32-8	PKP033	32	32	8	corona:	corona	_	_	_	_	_	linguistic	_	none	PauseAfter=Yes	_	5x1	_	_	_
32-9	PKP033	32	32	9	{P}	{P}	_	_	_	_	_	shortpause	_	none	_	_	_	_	_	_
32-10	PKP033	32	32	10	normale	normale	_	_	_	_	_	linguistic	_	none	_	End=51.815	_	_	_	_
33-0	PKP033	33	33	0	e	e	_	_	_	_	_	linguistic	_	none	_	Begin=52.028	_	_	_	_
33-1	PKP033	33	33	1	poi	poi	_	_	_	_	_	linguistic	_	none	_	_	_	_	_	_
33-2	PKP033	33	33	2	in	in	_	_	_	_	_	linguistic	_	none	_	_	_	_	_	_
33-3	PKP033	33	33	3	frigo	frigo	_	_	_	_	_	linguistic	_	none	_	_	_	_	_	_
33-4	PKP033	33	33	4	in	in	_	_	_	_	_	linguistic	_	none	_	_	_	_	_	_
33-5	PKP033	33	33	5	realtà	realtà	_	_	_	_	_	linguistic	_	none	_	_	_	_	_	_
33-6	PKP033	33	33	6	ho	ho	_	_	_	_	_	linguistic	_	none	_	_	_	_	_	_
33-7	PKP033	33	33	7	delle	delle	_	_	_	_	_	linguistic	_	none	_	_	_	_	_	_
33-8	PKP033	33	33	8	birre	birre	_	_	_	_	_	linguistic	_	none	_	_	_	_	_	_
33-9	PKP033	33	33	9	di	di	_	_	_	_	_	linguistic	_	none	_	_	_	_	_	_
33-10	PKP033	33	33	10	quelle	quelle	_	_	_	_	_	linguistic	_	none	_	_	_	_	_	_
33-11	PKP033	33	33	11	tipo	tipo	_	_	_	_	_	linguistic	_	none	_	_	_	_	_	_
33-12	PKP033	33	33	12	la	la	_	_	_	_	_	linguistic	_	none	_	_	_	_	_	_
33-13	PKP033	33	33	13	poretti	poretti	_	_	_	_	_	linguistic	_	none	_	_	_	_	_	_
33-14	PKP033	33	33	14	da	da	_	_	_	_	_	linguistic	_	none	_	_	_	_	_	_
33-15	PKP033	33	33	15	sessantasei	sessantasei	_	_	_	_	_	linguistic	_	none	_	_	_	_	_	_
33-16	PKP033	33	33	16	ma	ma	_	_	_	_	_	linguistic	_	none	_	_	_	_	_	_
33-17	PKP033	33	33	17	mi	mi	_	_	_	_	_	linguistic	_	none	_	_	_	_	_	_
33-18	PKP033	33	33	18	sembrava	sembrava	_	_	_	_	_	linguistic	_	none	_	_	_	_	_	_
33-19	PKP033	33	33	19	un	un	_	_	_	_	_	linguistic	_	none	_	_	_	_	_	_
33-20	PKP033	33	33	20	[po'	po'	_	_	_	_	_	linguistic	_	none	_	_	_	_	_	0-3(14)
33-21	PKP033	33	33	21	meno:]	meno	_	_	_	_	_	linguistic	_	none	_	End=58.111	3x1	_	_	0-4(14)
34-0	PKP036	34	34	0	[no::	no	_	_	_	_	_	linguistic	_	none	_	Begin=56.889	1x2	_	_	0-2(14)
34-1	PKP036	34	34	1	voglio	voglio	_	_	_	_	_	linguistic	_	none	_	_	_	_	_	0-6(14)
34-2	PKP036	34	34	2	provare	provare	_	_	_	_	_	linguistic	_	none	_	_	_	_	_	0-7(14)
34-3	PKP036	34	34	3	ques:~]	ques~	_	_	_	_	_	linguistic	_	none	Interrupted=Yes	End=58.14	3x1	_	_	0-5(14)
35-0	PKP033	35	35	0	°un	un	_	_	_	_	_	linguistic	_	none	Volume=low	Begin=58.629	_	_	_	_
35-1	PKP033	35	35	1	p~	p~	_	_	_	_	_	linguistic	_	none	Interrupted=Yes|Volume=low	_	_	_	_	_
35-2	PKP033	35	35	2	un	un	_	_	_	_	_	linguistic	_	none	Volume=low	_	_	_	_	_
35-3	PKP033	35	35	3	po'	po'	_	_	_	_	_	linguistic	_	none	Volume=low	_	_	_	_	_
35-4	PKP033	35	35	4	meno	meno	_	_	_	_	_	linguistic	_	none	Volume=low	_	_	_	_	_
35-5	PKP033	35	35	5	chic°	chic	_	_	_	_	_	linguistic	_	none	Volume=low	End=60.382	_	_	_	_
36-0	PKP036	36	36	0	[questa	questa	_	_	_	_	_	linguistic	_	none	_	Begin=60.505	_	_	_	0-6(15)
36-1	PKP036	36	36	1	non	non	_	_	_	_	_	linguistic	_	none	_	_	_	_	_	0-3(15)
36-2	PKP036	36	36	2	l'	l'	_	_	_	_	_	linguistic	_	none	SpaceAfter=No	_	_	_	_	0-2(15)
36-3	PKP036	36	36	3	ho	ho	_	_	_	_	_	linguistic	_	none	_	_	_	_	_	0-2(15)
36-4	PKP036	36	36	4	mai	mai	_	_	_	_	_	linguistic	_	none	_	_	_	_	_	0-3(15)
36-5	PKP036	36	36	5	pro]vata	provata	_	_	_	_	_	linguistic	_	none	_	End=62.17	_	_	_	0-3(15)
37-0	PKP033	37	37	0	[e::]	e	_	_	_	_	_	linguistic	_	none	_	Begin=60.505|End=61.54	0x2	_	_	0-1(15)
38-0	PKP033	38	38	0	esatto	esatto	_	_	_	_	_	linguistic	_	none	PauseAfter=Yes	Begin=62.497	_	_	_	_
38-1	PKP033	38	38	1	{P}	{P}	_	_	_	_	_	shortpause	_	none	_	_	_	_	_	_
38-2	PKP033	38	38	2	e	e	_	_	_	_	_	linguistic	_	none	_	_	_	_	_	_
38-3	PKP033	38	38	3	vabbè	vabbè	_	_	_	_	_	linguistic	_	none	PauseAfter=Yes	_	_	_	_	_
38-4	PKP033	38	38	4	{P}	{P}	_	_	_	_	_	shortpause	_	none	_	_	_	_	_	_
38-5	PKP033	38	38	5	e	e	_	_	_	_	_	linguistic	_	none	_	_	_	_	_	_
38-6	PKP033	38	38	6	basta	basta	_	_	_	_	_	linguistic	_	none	_	End=64.035	_	_	_	_
39-0	PKP033	39	39	0	però	però	_	_	_	_	_	linguistic	_	none	_	Begin=64.069	_	_	_	_
39-1	PKP033	39	39	1	ci	ci	_	_	_	_	_	linguistic	_	none	_	_	_	_	_	_
39-2	PKP033	39	39	2	son	son	_	_	_	_	_	linguistic	_	none	_	_	_	_	_	_
39-3	PKP033	39	39	3	solo	solo	_	_	_	_	_	linguistic	_	none	_	_	_	_	_	_
39-4	PKP033	39	39	4	delle	delle	_	_	_	_	_	linguistic	_	none	_	_	_	_	_	_
39-5	PKP033	39	39	5	birre	birre	_	_	_	_	_	linguistic	_	none	_	_	_	_	_	_
39-6	PKP033	39	39	6	c(io)è	cioè	_	_	_	_	_	linguistic	_	none	_	_	_	_	1-3(0)	_
39-7	PKP033	39	39	7	nel	nel	_	_	_	_	_	linguistic	_	none	_	_	_	_	_	_
39-8	PKP033	39	39	8	senso	senso	_	_	_	_	_	linguistic	_	none	_	_	_	_	_	_
39-9	PKP033	39	39	9	che	che	_	_	_	_	_	linguistic	_	none	_	_	_	_	_	_
39-10	PKP033	39	39	10	io	io	_	_	_	_	_	linguistic	_	none	_	_	_	_	_	_
39-11	PKP033	39	39	11	[non	non	_	_	_	_	_	linguistic	_	none	_	_	_	_	_	0-3(16)
39-12	PKP033	39	39	12	ho	ho	_	_	_	_	_	linguistic	_	none	_	_	_	_	_	0-2(16)
39-13	PKP033	39	39	13	da	da	_	_	_	_	_	linguistic	_	none	_	_	_	_	_	0-2(16)
39-14	PKP033	39	39	14	far	far	_	_	_	_	_	linguistic	_	none	_	_	_	_	_	0-3(16)
39-15	PKP033	39	39	15	dello	dello	_	_	_	_	_	linguistic	_	none	_	_	_	_	_	0-5(16)
39-16	PKP033	39	39	16	spritz]	spritz	_	_	_	_	_	linguistic	_	none	_	_	_	_	_	0-6(16)
39-17	PKP033	39	39	17	così	così	_	_	_	_	_	linguistic	_	none	_	End=68.08	_	_	_	_
40-0	PKP036	40	40	0	[sì	sì	_	_	_	_	_	linguistic	_	none	_	Begin=66.29	_	_	_	0-2(16)
40-1	PKP036	40	40	1	sì	sì	_	_	_	_	_	linguistic	_	none	_	_	_	_	_	0-2(16)
40-2	PKP036	40	40	2	va	va	_	_	_	_	_	linguistic	_	none	_	_	_	_	_	0-2(16)
40-3	PKP036	40	40	3	bene]	bene	_	_	_	_	_	linguistic	_	none	_	End=67.33	_	_	_	0-4(16)
41-0	PKP036	41	41	0	no	no	_	_	_	_	_	linguistic	_	none	_	Begin=68.192	_	_	_	_
41-1	PKP036	41	41	1	[no]	no	_	_	_	_	_	linguistic	_	none	_	End=68.8	_	_	_	0-2(482)
42-0	PKP037	42	42	0	[(no	no	_	_	_	_	_	linguistic	_	none	_	Begin=68.3	_	_	0-2(0)	0-2(482)
42-1	PKP037	42	42	1	no	no	_	_	_	_	_	linguistic	_	none	_	_	_	_	0-2(0)	0-2(482)
42-2	PKP037	42	42	2	è	è	_	_	_	_	_	linguistic	_	none	_	_	_	_	0-1(0)	0-1(482)
42-3	PKP037	42	42	3	perfetto	perfetto	_	_	_	_	_	linguistic	_	none	_	_	_	_	0-8(0)	0-8(482)
42-4	PKP037	42	42	4	così)]	così	_	_	_	_	_	linguistic	_	none	_	End=69.39	_	_	0-4(0)	0-4(482)
43-0	PKP033	43	43	0	[ci	ci	_	_	_	_	_	linguistic	_	none	_	Begin=68.793	_	_	_	0-2(482)
43-1	PKP033	43	43	1	ho	ho	_	_	_	_	_	linguistic	_	none	_	_	_	_	_	0-2(482)
43-2	PKP033	43	43	2	pensa]to	pensato	_	_	_	_	_	linguistic	_	none	_	_	_	_	_	0-5(482)
43-3	PKP033	43	43	3	poi	poi	_	_	_	_	_	linguistic	_	none	_	_	_	_	_	_
43-4	PKP033	43	43	4	ho	ho	_	_	_	_	_	linguistic	_	none	_	_	_	_	_	_
43-5	PKP033	43	43	5	detto	detto	_	_	_	_	_	linguistic	_	none	_	_	_	_	_	_
43-6	PKP033	43	43	6	°ho	ho	_	_	_	_	_	linguistic	_	none	Volume=low	_	_	_	_	_
43-7	PKP033	43	43	7	deciso	deciso	_	_	_	_	_	linguistic	_	none	Volume=low	_	_	_	_	_
43-8	PKP033	43	43	8	che°	che	_	_	_	_	_	linguistic	_	none	Volume=low	End=71.005	_	_	_	_
44-0	PKP033	44	44	0	e	e	_	_	_	_	_	linguistic	_	none	_	Begin=71.922	_	_	_	_
44-1	PKP033	44	44	1	se	se	_	_	_	_	_	linguistic	_	none	_	_	_	_	_	_
44-2	PKP033	44	44	2	no	no	_	_	_	_	_	linguistic	_	none	_	_	_	_	_	_
44-3	PKP033	44	44	3	di	di	_	_	_	_	_	linguistic	_	none	_	_	_	_	_	_
44-4	PKP033	44	44	4	analcolico	analcolico	_	_	_	_	_	linguistic	_	none	_	_	_	_	_	_
44-5	PKP033	44	44	5	ma	ma	_	_	_	_	_	linguistic	_	none	_	_	_	_	_	_
44-6	PKP033	44	44	6	non	non	_	_	_	_	_	linguistic	_	none	_	_	_	_	_	_
44-7	PKP033	44	44	7	so	so	_	_	_	_	_	linguistic	_	none	_	_	_	_	_	_
44-8	PKP033	44	44	8	se	se	_	_	_	_	_	linguistic	_	none	_	_	_	_	_	_
44-9	PKP033	44	44	9	vado	vado	_	_	_	_	_	linguistic	_	none	_	_	_	_	_	_
44-10	PKP033	44	44	10	sull'	sull'	_	_	_	_	_	linguistic	_	none	SpaceAfter=No	_	_	_	_	_
44-11	PKP033	44	44	11	analc[olico]	analcolico	_	_	_	_	_	linguistic	_	none	_	End=75.299	_	_	_	4-10(17)
45-0	PKP036	45	45	0	[no	no	_	_	_	_	_	linguistic	_	none	_	Begin=74.85	_	_	_	0-2(17)
45-1	PKP036	45	45	1	no]	no	_	_	_	_	_	linguistic	_	none	_	_	_	_	_	0-2(17)
45-2	PKP036	45	45	2	non	non	_	_	_	_	_	linguistic	_	none	_	_	_	_	_	_
45-3	PKP036	45	45	3	andare	andare	_	_	_	_	_	linguistic	_	none	PauseAfter=Yes	_	_	_	_	_
45-4	PKP036	45	45	4	{P}	{P}	_	_	_	_	_	shortpause	_	none	_	_	_	_	_	_
45-5	PKP036	45	45	5	[proviamo	proviamo	_	_	_	_	_	linguistic	_	none	_	_	_	_	_	0-8(18)
45-6	PKP036	45	45	6	quest~]	quest~	_	_	_	_	_	linguistic	_	none	Interrupted=Yes	End=76.77	_	_	_	0-6(18)
46-0	PKP037	46	46	0	[beh	beh	_	_	_	_	_	linguistic	_	none	_	Begin=75.921	_	_	_	0-3(18)
46-1	PKP037	46	46	1	non	non	_	_	_	_	_	linguistic	_	none	_	_	_	_	_	0-3(18)
46-2	PKP037	46	46	2	è]	è	_	_	_	_	_	linguistic	_	none	PauseAfter=Yes	_	_	_	_	0-1(18)
46-3	PKP037	46	46	3	{P}	{P}	_	_	_	_	_	shortpause	_	none	_	_	_	_	_	_
46-4	PKP037	46	46	4	non	non	_	_	_	_	_	linguistic	_	none	_	_	_	_	_	_
46-5	PKP037	46	46	5	è	è	_	_	_	_	_	linguistic	_	none	_	_	_	_	_	_
46-6	PKP037	46	46	6	utile	utile	_	_	_	_	_	linguistic	_	none	_	_	_	_	_	_
46-7	PKP037	46	46	7	oggi	oggi	_	_	_	_	_	linguistic	_	none	_	End=77.83	_	_	_	_
47-0	PKP033	47	47	0	okay	okay	_	_	_	_	_	linguistic	_	none	_	Begin=77.845	_	_	_	_
47-1	PKP033	47	47	1	(o)kay	okay	_	_	_	_	_	linguistic	_	none	_	_	_	_	0-1(0)	_
47-2	PKP033	47	47	2	(o)kay	okay	_	_	_	_	_	linguistic	_	none	_	_	_	_	0-1(1)	_
47-3	PKP033	47	47	3	no	no	_	_	_	_	_	linguistic	_	none	_	_	_	_	_	_
47-4	PKP033	47	47	4	infatti	infatti	_	_	_	_	_	linguistic	_	none	_	_	_	_	_	_
47-5	PKP033	47	47	5	infatti	infatti	_	_	_	_	_	linguistic	_	none	_	End=79.66	_	_	_	_
48-0	PKP036	48	48	0	per	per	_	_	_	_	_	linguistic	_	none	_	Begin=80.392	_	_	_	_
48-1	PKP036	48	48	1	fini	fini	_	_	_	_	_	linguistic	_	none	_	_	_	_	_	_
48-2	PKP036	48	48	2	scientifi[ci]	scientifici	_	_	_	_	_	linguistic	_	none	_	End=81.376	_	_	_	9-11(19)
49-0	PKP033	49	49	0	[ma]	ma	_	_	_	_	_	linguistic	_	none	_	Begin=81.22	_	_	_	0-2(19)
49-1	PKP033	49	49	1	tu	tu	_	_	_	_	_	linguistic	_	none	_	_	_	_	_	_
49-2	PKP033	49	49	2	poi	poi	_	_	_	_	_	linguistic	_	none	_	_	_	_	_	_
49-3	PKP033	49	49	3	sei	sei	_	_	_	_	_	linguistic	_	none	_	_	_	_	_	_
49-4	PKP033	49	49	4	lì:	lì	_	_	_	_	_	linguistic	_	none	_	_	1x1	_	_	_
49-5	PKP033	49	49	5	sull'	sull'	_	_	_	_	_	linguistic	_	none	SpaceAfter=No	_	_	_	_	_
49-6	PKP033	49	49	6	angolo	angolo	_	_	_	_	_	linguistic	_	none	_	_	_	_	_	_
49-7	PKP033	49	49	7	povera	povera	_	_	_	_	_	linguistic	_	none	_	_	_	_	_	_
49-8	PKP033	49	49	8	[sicura]?	sicura	_	_	_	_	_	linguistic	_	none	Intonation=Rising	End=84.0	_	_	_	0-6(20)
50-0	PKP036	50	50	0	[no]	no	_	_	_	_	_	linguistic	_	none	_	Begin=83.61	_	_	_	0-2(20)
50-1	PKP036	50	50	1	no	no	_	_	_	_	_	linguistic	_	none	_	_	_	_	_	_
50-2	PKP036	50	50	2	[no]	no	_	_	_	_	_	linguistic	_	none	_	End=84.37	_	_	_	0-2(21)
51-0	PKP037	51	51	0	[ti]:	ti	_	_	_	_	_	linguistic	_	none	_	Begin=84.23	1x1	_	_	0-2(21)
51-1	PKP037	51	51	1	ti	ti	_	_	_	_	_	linguistic	_	none	_	_	_	_	_	_
51-2	PKP037	51	51	2	lascio	lascio	_	_	_	_	_	linguistic	_	none	_	_	_	_	_	_
51-3	PKP037	51	51	3	la:	la	_	_	_	_	_	linguistic	_	none	_	_	1x1	_	_	_
51-4	PKP037	51	51	4	la	la	_	_	_	_	_	linguistic	_	none	_	_	_	_	_	_
51-5	PKP037	51	51	5	xxx	xxx	_	_	_	_	_	unknown	_	none	Syllables=3	End=86.47	_	_	_	_
52-0	PKP036	52	52	0	non	non	_	_	_	_	_	linguistic	_	none	_	Begin=86.56	_	_	_	_
52-1	PKP036	52	52	1	ti	ti	_	_	_	_	_	linguistic	_	none	_	_	_	_	_	_
52-2	PKP036	52	52	2	preoccup~	preoccup~	_	_	_	_	_	linguistic	_	none	Interrupted=Yes	End=87.265	_	_	_	_
53-0	PKP036	53	53	0	[beh]	beh	_	_	_	_	_	linguistic	_	none	_	Begin=87.767	_	_	_	0-3(22)
53-1	PKP036	53	53	1	questa	questa	_	_	_	_	_	linguistic	_	none	_	_	_	_	_	_
53-2	PKP036	53	53	2	è:::	è	_	_	_	_	_	linguistic	_	none	PauseAfter=Yes	_	0x3	_	_	_
53-3	PKP036	53	53	3	{P}	{P}	_	_	_	_	_	shortpause	_	none	_	_	_	_	_	_
53-4	PKP036	53	53	4	[(mi	mi	_	_	_	_	_	linguistic	_	none	_	_	_	_	0-2(0)	0-2(23)
53-5	PKP036	53	53	5	sa)	sa	_	_	_	_	_	linguistic	_	none	_	_	_	_	0-2(0)	0-2(23)
53-6	PKP036	53	53	6	quella]	quella	_	_	_	_	_	linguistic	_	none	_	_	_	_	_	0-6(23)
53-7	PKP036	53	53	7	che	che	_	_	_	_	_	linguistic	_	none	_	_	_	_	_	_
53-8	PKP036	53	53	8	ho	ho	_	_	_	_	_	linguistic	_	none	_	_	_	_	_	_
53-9	PKP036	53	53	9	anche	anche	_	_	_	_	_	linguistic	_	none	_	_	_	_	_	_
53-10	PKP036	53	53	10	a	a	_	_	_	_	_	linguistic	_	none	_	_	_	_	_	_
53-11	PKP036	53	53	11	roma	roma	_	_	_	_	_	linguistic	_	none	_	End=91.16	_	_	_	_
54-0	PKP033	54	54	0	[xx]	xx	_	_	_	_	_	unknown	_	none	Syllables=2	Begin=87.805|End=88.065	_	_	_	0-2(22)
55-0	PKP037	55	55	0	qu[esta	questa	_	_	_	_	_	linguistic	_	none	_	Begin=89.33	_	_	_	2-6(23)
55-1	PKP037	55	55	1	x]	x	_	_	_	_	_	unknown	_	none	Syllables=1	End=89.93	_	_	_	0-1(23)
56-0	PKP037	56	56	0	mhmh	mhmh	_	_	_	_	_	linguistic	_	none	_	Begin=91.19	_	_	_	_
56-1	PKP037	56	56	1	è	è	_	_	_	_	_	linguistic	_	none	_	_	_	_	_	_
56-2	PKP037	56	56	2	molto	molto	_	_	_	_	_	linguistic	_	none	_	_	_	_	_	_
56-3	PKP037	56	56	3	comoda	comoda	_	_	_	_	_	linguistic	_	none	_	End=93.002	_	_	_	_
57-0	PKP036	57	57	0	infatti	infatti	_	_	_	_	_	linguistic	_	none	_	Begin=93.052	_	_	_	_
57-1	PKP036	57	57	1	potevamo	potevamo	_	_	_	_	_	linguistic	_	none	_	_	_	_	_	_
57-2	PKP036	57	57	2	prenderla	prenderla	_	_	_	_	_	linguistic	_	none	_	_	_	_	_	_
57-3	PKP036	57	57	3	oggi	oggi	_	_	_	_	_	linguistic	_	none	_	End=94.652	_	_	_	_
58-0	PKP037	58	58	0	e	e	_	_	_	_	_	linguistic	_	none	_	Begin=94.937	_	_	_	_
58-1	PKP037	58	58	1	sì	sì	_	_	_	_	_	linguistic	_	none	_	_	_	_	_	_
58-2	PKP037	58	58	2	e:	e	_	_	_	_	_	linguistic	_	none	_	_	0x1	_	_	_
58-3	PKP037	58	58	3	per	per	_	_	_	_	_	linguistic	_	none	_	_	_	_	_	_
58-4	PKP037	58	58	4	dove?	dove	_	_	_	_	_	linguistic	_	none	Intonation=Rising	End=96.67	_	_	_	_
59-0	PKP036	59	59	0	[xxx]	xxx	_	_	_	_	_	unknown	_	none	Syllables=3	Begin=97.38|End=98.15	_	_	_	0-3(24)
60-0	PKP033	60	60	0	[ma	ma	_	_	_	_	_	linguistic	_	none	_	Begin=97.38	_	_	_	0-2(24)
60-1	PKP033	60	60	1	siete	siete	_	_	_	_	_	linguistic	_	none	_	_	_	_	_	0-5(24)
60-2	PKP033	60	60	2	andati	andati	_	_	_	_	_	linguistic	_	none	_	_	_	_	_	0-6(24)
60-3	PKP033	60	60	3	a	a	_	_	_	_	_	linguistic	_	none	_	_	_	_	_	0-1(24)
60-4	PKP033	60	60	4	ike]a?	ikea	_	_	_	_	_	linguistic	_	none	Intonation=Rising	End=98.63	_	_	_	0-3(24)
61-0	PKP036	61	61	0	sì	sì	_	_	_	_	_	linguistic	_	none	_	Begin=98.685	_	_	_	_
61-1	PKP036	61	61	1	[a]::	a	_	_	_	_	_	linguistic	_	none	_	End=100.284	0x2	_	_	0-1(25)
62-0	PKP037	62	62	0	[mhmh]	mhmh	_	_	_	_	_	linguistic	_	none	_	Begin=98.98|End=99.53	_	_	_	0-4(25)
63-0	PKP036	63	63	0	siamo	siamo	_	_	_	_	_	linguistic	_	none	_	Begin=100.78	_	_	_	_
63-1	PKP036	63	63	1	saliti	saliti	_	_	_	_	_	linguistic	_	none	_	_	_	_	_	_
63-2	PKP036	63	63	2	in	in	_	_	_	_	_	linguistic	_	none	_	_	_	_	_	_
63-3	PKP036	63	63	3	macchina	macchina	_	_	_	_	_	linguistic	_	none	_	_	_	_	_	_
63-4	PKP036	63	63	4	da	da	_	_	_	_	_	linguistic	_	none	_	_	_	_	_	_
63-5	PKP036	63	63	5	roma	roma	_	_	_	_	_	linguistic	_	none	_	End=102.66	_	_	_	_
64-0	PKP033	64	64	0	ah::	ah	_	_	_	_	_	linguistic	_	none	_	Begin=102.667	1x2	_	_	_
64-1	PKP033	64	64	1	[con	con	_	_	_	_	_	linguistic	_	none	_	_	_	_	_	0-3(26)
64-2	PKP033	64	64	2	la	la	_	_	_	_	_	linguistic	_	none	_	_	_	_	_	0-2(26)
64-3	PKP033	64	64	3	macchina	macchina	_	_	_	_	_	linguistic	_	none	_	_	_	_	_	0-8(26)
64-4	PKP033	64	64	4	di]?	di	_	_	_	_	_	linguistic	_	none	Intonation=Rising	End=104.313	_	_	_	0-2(26)
65-0	PKP036	65	65	0	[xxx	xxx	_	_	_	_	_	unknown	_	none	Syllables=3	Begin=103.183	_	_	_	0-3(26)
65-1	PKP036	65	65	1	la	la	_	_	_	_	_	linguistic	_	none	_	_	_	_	_	0-2(26)
65-2	PKP036	65	65	2	macchi]na	macchina	_	_	_	_	_	linguistic	_	none	_	End=104.554	_	_	_	0-6(26)
66-0	PKP033	66	66	0	[di	di	_	_	_	_	_	linguistic	_	none	_	Begin=104.885	_	_	_	0-2(27)
66-1	PKP033	66	66	1	chi]	chi	_	_	_	_	_	linguistic	_	none	_	End=105.588	_	_	_	0-3(27)
67-0	PKP036	67	67	0	[del	del	_	_	_	_	_	linguistic	_	none	_	Begin=104.886	_	_	_	0-3(?)
67-1	PKP036	67	67	1	nonno]	nonno	_	_	_	_	_	linguistic	_	none	_	_	_	_	_	0-5(?)
67-2	PKP036	67	67	2	di	di	_	_	_	_	_	linguistic	_	none	_	_	_	_	_	_
67-3	PKP036	67	67	3	roberto	roberto	_	_	_	_	_	linguistic	_	none	_	_	_	_	_	_
67-4	PKP036	67	67	4	{ride}	{ride}	_	_	_	_	_	nonverbalbehavior	_	none	_	End=107.53	_	_	_	_
68-0	PKP037	68	68	0	{ride}	{ride}	_	_	_	_	_	nonverbalbehavior	_	none	_	Begin=106.06|End=108.03	_	_	_	_
69-0	PKP033	69	69	0	ah	ah	_	_	_	_	_	linguistic	_	none	_	Begin=106.374	_	_	_	_
69-1	PKP033	69	69	1	okay	okay	_	_	_	_	_	linguistic	_	none	_	End=107.495	_	_	_	_
70-0	PKP036	70	70	0	sono	sono	_	_	_	_	_	linguistic	_	none	_	Begin=108.19	_	_	_	_
70-1	PKP036	70	70	1	quelle	quelle	_	_	_	_	_	linguistic	_	none	_	_	_	_	_	_
70-2	PKP036	70	70	2	piccoline	piccoline	_	_	_	_	_	linguistic	_	none	_	_	_	_	_	_
70-3	PKP036	70	70	3	carine	carine	_	_	_	_	_	linguistic	_	none	_	End=110.15	_	_	_	_
71-0	PKP033	71	71	0	ah	ah	_	_	_	_	_	linguistic	_	none	_	Begin=110.278	_	_	_	_
71-1	PKP033	71	71	1	be[ne]	bene	_	_	_	_	_	linguistic	_	none	_	End=111.027	_	_	_	2-4(29)
72-0	PKP036	72	72	0	[cos'	cos'	_	_	_	_	_	linguistic	_	none	SpaceAfter=No	Begin=110.69	_	_	_	0-4(29)
72-1	PKP036	72	72	1	è]	è	_	_	_	_	_	linguistic	_	none	_	_	_	_	_	0-1(29)
72-2	PKP036	72	72	2	una:?	una	_	_	_	_	_	linguistic	_	none	Intonation=Rising	End=111.61	2x1	_	_	_
73-0	PKP037	73	73	0	(è	è	_	_	_	_	_	linguistic	_	none	_	Begin=112.235	_	_	0-1(0)	_
73-1	PKP037	73	73	1	una)	una	_	_	_	_	_	linguistic	_	none	_	_	_	_	0-3(0)	_
73-2	PKP037	73	73	2	xx	xx	_	_	_	_	_	unknown	_	none	Syllables=2	End=113.125	_	_	_	_
74-0	PKP037	74	74	0	beh	beh	_	_	_	_	_	linguistic	_	none	_	Begin=113.632	_	_	_	_
74-1	PKP037	74	74	1	la	la	_	_	_	_	_	linguistic	_	none	_	_	_	_	_	_
74-2	PKP037	74	74	2	mia	mia	_	_	_	_	_	linguistic	_	none	_	_	_	_	_	_
74-3	PKP037	74	74	3	non	non	_	_	_	_	_	linguistic	_	none	_	_	_	_	_	_
74-4	PKP037	74	74	4	c'	c'	_	_	_	_	_	linguistic	_	none	SpaceAfter=No	_	_	_	_	_
74-5	PKP037	74	74	5	è	è	_	_	_	_	_	linguistic	_	none	_	_	_	_	_	_
74-6	PKP037	74	74	6	più	più	_	_	_	_	_	linguistic	_	none	_	_	_	_	_	_
74-7	PKP037	74	74	7	e:	e	_	_	_	_	_	linguistic	_	none	_	_	0x1	_	_	_
74-8	PKP037	74	74	8	x	x	_	_	_	_	_	unknown	_	none	Syllables=1	End=115.54	_	_	_	_
75-0	PKP036	75	75	0	{ride}	{ride}	_	_	_	_	_	nonverbalbehavior	_	none	_	Begin=116.29	_	_	_	_
75-1	PKP036	75	75	1	la	la	_	_	_	_	_	linguistic	_	none	_	_	_	_	_	_
75-2	PKP036	75	75	2	tua	tua	_	_	_	_	_	linguistic	_	none	_	_	_	_	_	_
75-3	PKP036	75	75	3	non	non	_	_	_	_	_	linguistic	_	none	_	_	_	_	_	_
75-4	PKP036	75	75	4	c'	c'	_	_	_	_	_	linguistic	_	none	SpaceAfter=No	_	_	_	_	_
75-5	PKP036	75	75	5	è	è	_	_	_	_	_	linguistic	_	none	_	_	_	_	_	_
75-6	PKP036	75	75	6	p[iù]	più	_	_	_	_	_	linguistic	_	none	_	End=117.697	_	_	_	0-3(30)
76-0	PKP037	76	76	0	[beh]	beh	_	_	_	_	_	linguistic	_	none	_	Begin=117.632	_	_	_	0-3(30)
76-1	PKP037	76	76	1	vabbè	vabbè	_	_	_	_	_	linguistic	_	none	_	_	_	_	_	_
76-2	PKP037	76	76	2	l'	l'	_	_	_	_	_	linguistic	_	none	SpaceAfter=No	_	_	_	_	_
76-3	PKP037	76	76	3	hanno	hanno	_	_	_	_	_	linguistic	_	none	_	_	_	_	_	_
76-4	PKP037	76	76	4	rubata	rubata	_	_	_	_	_	linguistic	_	none	_	End=119.122	_	_	_	_
77-0	PKP033	77	77	0	hanno~	hanno~	_	_	_	_	_	linguistic	_	none	Interrupted=Yes	Begin=119.137	_	_	_	_
77-1	PKP033	77	77	1	vi	vi	_	_	_	_	_	linguistic	_	none	_	_	_	_	_	_
77-2	PKP033	77	77	2	hanno	hanno	_	_	_	_	_	linguistic	_	none	_	_	_	_	_	_
77-3	PKP033	77	77	3	rubato	rubato	_	_	_	_	_	linguistic	_	none	_	_	_	_	_	_
77-4	PKP033	77	77	4	la	la	_	_	_	_	_	linguistic	_	none	_	_	_	_	_	_
77-5	PKP033	77	77	5	macchina	macchina	_	_	_	_	_	linguistic	_	none	_	End=120.447	_	_	_	_
78-0	PKP037	78	78	0	eh	eh	_	_	_	_	_	linguistic	_	none	_	Begin=120.452	_	_	_	_
78-1	PKP037	78	78	1	[sì	sì	_	_	_	_	_	linguistic	_	none	_	_	_	_	_	0-2(31)
78-2	PKP037	78	78	2	mannaggia]	mannaggia	_	_	_	_	_	linguistic	_	none	_	End=121.78	_	_	_	0-9(31)
79-0	PKP036	79	79	0	[ma	ma	_	_	_	_	_	linguistic	_	none	_	Begin=120.687	_	_	_	0-2(31)
79-1	PKP036	79	79	1	non	non	_	_	_	_	_	linguistic	_	none	_	_	_	_	_	0-3(31)
79-2	PKP036	79	79	2	te	te	_	_	_	_	_	linguistic	_	none	_	_	_	_	_	0-2(31)
79-3	PKP036	79	79	3	l'	l'	_	_	_	_	_	linguistic	_	none	SpaceAfter=No	_	_	_	_	0-2(31)
79-4	PKP036	79	79	4	avevo	avevo	_	_	_	_	_	linguistic	_	none	_	_	_	_	_	0-5(31)
79-5	PKP036	79	79	5	mai	mai	_	_	_	_	_	linguistic	_	none	_	_	_	_	_	0-3(31)
79-6	PKP036	79	79	6	detto]	detto	_	_	_	_	_	linguistic	_	none	_	_	_	_	_	0-5(31)
79-7	PKP036	79	79	7	no?	no	_	_	_	_	_	linguistic	_	none	Intonation=Rising	End=122.247	_	_	_	_
80-0	PKP033	80	80	0	°n[o::]°	no	_	_	_	_	_	linguistic	_	none	Volume=low	Begin=122.88|End=124.84	1x2	_	_	1-2(32)
81-0	PKP036	81	81	0	[quella	quella	_	_	_	_	_	linguistic	_	none	_	Begin=123.972	_	_	_	0-6(32)
81-1	PKP036	81	81	1	nuova	nuova	_	_	_	_	_	linguistic	_	none	_	_	_	_	_	0-5(32)
81-2	PKP036	81	81	2	che	che	_	_	_	_	_	linguistic	_	none	_	_	_	_	_	0-3(32)
81-3	PKP036	81	81	3	ave]va	aveva	_	_	_	_	_	linguistic	_	none	_	_	_	_	_	0-3(32)
81-4	PKP036	81	81	4	comprato	comprato	_	_	_	_	_	linguistic	_	none	_	End=125.742	_	_	_	_
82-0	PKP037	82	82	0	xx	xx	_	_	_	_	_	unknown	_	none	Syllables=2	Begin=126.05	_	_	_	_
82-1	PKP037	82	82	1	[quella	quella	_	_	_	_	_	linguistic	_	none	_	_	_	_	_	0-6(33)
82-2	PKP037	82	82	2	con	con	_	_	_	_	_	linguistic	_	none	_	_	_	_	_	0-3(33)
82-3	PKP037	82	82	3	cui	cui	_	_	_	_	_	linguistic	_	none	_	_	_	_	_	0-3(33)
82-4	PKP037	82	82	4	siamo	siamo	_	_	_	_	_	linguistic	_	none	_	_	_	_	_	0-5(33)
82-5	PKP037	82	82	5	venuti	venuti	_	_	_	_	_	linguistic	_	none	_	_	_	_	_	0-6(33)
82-6	PKP037	82	82	6	a]l	al	_	_	_	_	_	linguistic	_	none	_	_	_	_	_	0-1(33)
82-7	PKP037	82	82	7	matrimonio	matrimonio	_	_	_	_	_	linguistic	_	none	_	End=127.672	_	_	_	_
83-0	PKP036	83	83	0	[xx]	xx	_	_	_	_	_	unknown	_	none	Syllables=2	Begin=126.41|End=126.99	_	_	_	0-2(33)
84-0	PKP036	84	84	0	es[atto	esatto	_	_	_	_	_	linguistic	_	none	_	Begin=127.695	_	_	_	2-6(34)
84-1	PKP036	84	84	1	quella	quella	_	_	_	_	_	linguistic	_	none	_	_	_	_	_	0-6(34)
84-2	PKP036	84	84	2	x]	x	_	_	_	_	_	unknown	_	none	Syllables=1	End=129.038	_	_	_	0-1(34)
85-0	PKP033	85	85	0	[cioè	cioè	_	_	_	_	_	linguistic	_	none	_	Begin=128.013	_	_	_	0-4(34)
85-1	PKP033	85	85	1	nel	nel	_	_	_	_	_	linguistic	_	none	_	_	_	_	_	0-3(34)
85-2	PKP033	85	85	2	senso	senso	_	_	_	_	_	linguistic	_	none	_	_	_	_	_	0-5(34)
85-3	PKP033	85	85	3	che	che	_	_	_	_	_	linguistic	_	none	_	_	_	_	_	0-3(34)
85-4	PKP033	85	85	4	le	le	_	_	_	_	_	linguistic	_	none	_	_	_	_	_	0-2(34)
85-5	PKP033	85	85	5	ma]cchine	macchine	_	_	_	_	_	linguistic	_	none	_	_	_	_	_	0-2(34)
85-6	PKP033	85	85	6	le	le	_	_	_	_	_	linguistic	_	none	_	_	_	_	_	_
85-7	PKP033	85	85	7	rubano	rubano	_	_	_	_	_	linguistic	_	none	_	End=130.112	_	_	_	_
86-0	PKP037	86	86	0	an[cora]	ancora	_	_	_	_	_	linguistic	_	none	_	Begin=131.0|End=131.72	_	_	_	2-6(36)
87-0	PKP033	87	87	0	[oggi]	oggi	_	_	_	_	_	linguistic	_	none	PauseAfter=Yes	Begin=131.17	_	_	_	0-4(36)
87-1	PKP033	87	87	1	{P}	{P}	_	_	_	_	_	shortpause	_	none	_	_	_	_	_	_
87-2	PKP033	87	87	2	ogg[i	oggi	_	_	_	_	_	linguistic	_	none	_	_	_	_	_	3-4(35)
87-3	PKP033	87	87	3	nel	nel	_	_	_	_	_	linguistic	_	none	_	_	_	_	_	0-3(35)
87-4	PKP033	87	87	4	duemilaventi]tre:	duemilaventitre	_	_	_	_	_	linguistic	_	none	PauseAfter=Yes	_	14x1	_	_	0-12(35)
87-5	PKP033	87	87	5	{P}	{P}	_	_	_	_	_	shortpause	_	none	_	_	_	_	_	_
87-6	PKP033	87	87	6	[ventiquattro]	ventiquattro	_	_	_	_	_	linguistic	_	none	_	End=134.71	_	_	_	0-12(483)
88-0	PKP037	88	88	0	{ride}	{ride}	_	_	_	_	_	nonverbalbehavior	_	none	_	Begin=132.08	_	_	_	_
88-1	PKP037	88	88	1	[ah	ah	_	_	_	_	_	linguistic	_	none	_	_	_	_	_	0-2(35)
88-2	PKP037	88	88	2	no	no	_	_	_	_	_	linguistic	_	none	_	_	_	_	_	0-2(35)
88-3	PKP037	88	88	3	oggi	oggi	_	_	_	_	_	linguistic	_	none	_	_	_	_	_	0-4(35)
88-4	PKP037	88	88	4	sì]	sì	_	_	_	_	_	linguistic	_	none	_	End=133.29	_	_	_	0-2(35)
89-0	PKP036	89	89	0	[a	a	_	_	_	_	_	linguistic	_	none	_	Begin=133.51	_	_	_	0-1(?)
89-1	PKP036	89	89	1	quanto]	quanto	_	_	_	_	_	linguistic	_	none	_	_	_	_	_	0-6(?)
89-2	PKP036	89	89	2	pare	pare	_	_	_	_	_	linguistic	_	none	_	_	_	_	_	_
89-3	PKP036	89	89	3	[sì	sì	_	_	_	_	_	linguistic	_	none	_	_	_	_	_	0-2(?)
89-4	PKP036	89	89	4	io	io	_	_	_	_	_	linguistic	_	none	_	_	_	_	_	0-2(?)
89-5	PKP036	89	89	5	ero	ero	_	_	_	_	_	linguistic	_	none	_	_	_	_	_	0-3(?)
89-6	PKP036	89	89	6	scon]volta	sconvolta	_	_	_	_	_	linguistic	_	none	_	_	_	_	_	0-4(?)
89-7	PKP036	89	89	7	da	da	_	_	_	_	_	linguistic	_	none	_	_	_	_	_	_
89-8	PKP036	89	89	8	questa	questa	_	_	_	_	_	linguistic	_	none	_	_	_	_	_	_
89-9	PKP036	89	89	9	cosa	cosa	_	_	_	_	_	linguistic	_	none	_	_	_	_	_	_
89-10	PKP036	89	89	10	per[ché]	perché	_	_	_	_	_	linguistic	_	none	_	End=136.6	_	_	_	3-6(?)
90-0	PKP037	90	90	0	[xx]	xx	_	_	_	_	_	unknown	_	none	Syllables=2	Begin=134.43|End=134.91	_	_	_	0-2(483)
91-0	PKP033	91	91	0	[ah	ah	_	_	_	_	_	linguistic	_	none	_	Begin=136.24	_	_	_	0-2(37)
91-1	PKP033	91	91	1	quindi]	quindi	_	_	_	_	_	linguistic	_	none	_	_	_	_	_	0-6(37)
91-2	PKP033	91	91	2	non	non	_	_	_	_	_	linguistic	_	none	_	_	_	_	_	_
91-3	PKP033	91	91	3	son	son	_	_	_	_	_	linguistic	_	none	_	_	_	_	_	_
91-4	PKP033	91	91	4	solo	solo	_	_	_	_	_	linguistic	_	none	_	_	_	_	_	_
91-5	PKP033	91	91	5	io	io	_	_	_	_	_	linguistic	_	none	_	_	_	_	_	_
91-6	PKP033	91	91	6	che	che	_	_	_	_	_	linguistic	_	none	_	_	_	_	_	_
91-7	PKP033	91	91	7	son	son	_	_	_	_	_	linguistic	_	none	_	_	_	_	_	_
91-8	PKP033	91	91	8	sconvolta	sconvolta	_	_	_	_	_	linguistic	_	none	_	_	_	_	_	_
91-9	PKP033	91	91	9	o[kay]	okay	_	_	_	_	_	linguistic	_	none	_	End=138.21	_	_	_	1-4(38)
92-0	PKP036	92	92	0	[n]o:	no	_	_	_	_	_	linguistic	_	none	_	Begin=138.12	1x1	_	_	0-1(38)
92-1	PKP036	92	92	1	c(io)è	cioè	_	_	_	_	_	linguistic	_	none	_	End=138.83	_	_	1-3(0)	_
93-0	PKP033	93	93	0	okay	okay	_	_	_	_	_	linguistic	_	none	_	Begin=138.84	_	_	_	_
93-1	PKP033	93	93	1	okay	okay	_	_	_	_	_	linguistic	_	none	_	End=139.55	_	_	_	_
94-0	PKP036	94	94	0	[poi	poi	_	_	_	_	_	linguistic	_	none	_	Begin=140.618	_	_	_	0-3(39)
94-1	PKP036	94	94	1	sotto]	sotto	_	_	_	_	_	linguistic	_	none	_	_	_	_	_	0-5(39)
94-2	PKP036	94	94	2	casa	casa	_	_	_	_	_	linguistic	_	none	_	_	_	_	_	_
94-3	PKP036	94	94	3	sua	sua	_	_	_	_	_	linguistic	_	none	_	_	_	_	_	_
94-4	PKP036	94	94	4	c(io)è:	cioè	_	_	_	_	_	linguistic	_	none	_	End=142.07	3x1	_	1-3(0)	_
95-0	PKP037	95	95	0	[xx]	xx	_	_	_	_	_	unknown	_	none	Syllables=2	Begin=140.62|End=141.0	_	_	_	0-2(39)
96-0	PKP037	96	96	0	pure	pure	_	_	_	_	_	linguistic	_	none	_	Begin=142.09	_	_	_	_
96-1	PKP037	96	96	1	davanti	davanti	_	_	_	_	_	linguistic	_	none	_	End=142.93	_	_	_	_
97-0	PKP033	97	97	0	c(io)è	cioè	_	_	_	_	_	linguistic	_	none	PauseAfter=Yes	Begin=143.2	_	_	1-3(0)	_
97-1	PKP033	97	97	1	{P}	{P}	_	_	_	_	_	shortpause	_	none	_	_	_	_	_	_
97-2	PKP033	97	97	2	[a	a	_	_	_	_	_	linguistic	_	none	_	_	_	_	_	0-1(40)
97-3	PKP033	97	97	3	frascati:]	frascati	_	_	_	_	_	linguistic	_	none	PauseAfter=Yes	_	7x1	_	_	0-8(40)
97-4	PKP033	97	97	4	{P}	{P}	_	_	_	_	_	shortpause	_	none	_	_	_	_	_	_
97-5	PKP033	97	97	5	dov'	dov'	_	_	_	_	_	linguistic	_	none	SpaceAfter=No	_	_	_	_	_
97-6	PKP033	97	97	6	è	è	_	_	_	_	_	linguistic	_	none	_	_	_	_	_	_
97-7	PKP033	97	97	7	[che	che	_	_	_	_	_	linguistic	_	none	_	_	_	_	_	0-3(41)
97-8	PKP033	97	97	8	s~]	s~	_	_	_	_	_	linguistic	_	none	Interrupted=Yes	_	_	_	_	0-2(41)
97-9	PKP033	97	97	9	dov'	dov'	_	_	_	_	_	linguistic	_	none	SpaceAfter=No	_	_	_	_	_
97-10	PKP033	97	97	10	è	è	_	_	_	_	_	linguistic	_	none	_	_	_	_	_	_
97-11	PKP033	97	97	11	che	che	_	_	_	_	_	linguistic	_	none	_	_	_	_	_	_
97-12	PKP033	97	97	12	è	è	_	_	_	_	_	linguistic	_	none	_	_	_	_	_	_
97-13	PKP033	97	97	13	la	la	_	_	_	_	_	linguistic	_	none	_	_	_	_	_	_
97-14	PKP033	97	97	14	casa	casa	_	_	_	_	_	linguistic	_	none	_	_	_	_	_	3-4(484)
97-15	PKP033	97	97	15	[sì]	sì	_	_	_	_	_	linguistic	_	none	_	End=146.98	_	_	_	0-1(484)
98-0	PKP036	98	98	0	[non	non	_	_	_	_	_	linguistic	_	none	_	Begin=143.8	_	_	_	0-3(40)
98-1	PKP036	98	98	1	pensavo	pensavo	_	_	_	_	_	linguistic	_	none	_	_	_	_	_	0-7(40)
98-2	PKP036	98	98	2	fos]se	fosse	_	_	_	_	_	linguistic	_	none	_	_	_	_	_	0-3(40)
98-3	PKP036	98	98	3	possib~	possib~	_	_	_	_	_	linguistic	_	none	Interrupted=Yes	End=145.19	_	_	_	_
99-0	PKP036	99	99	0	[sì]	sì	_	_	_	_	_	linguistic	_	none	_	Begin=145.21|End=145.69	_	_	_	0-2(41)
100-0	PKP036	100	100	0	[non	non	_	_	_	_	_	linguistic	_	none	_	Begin=146.73	_	_	_	0-3(484)
100-1	PKP036	100	100	1	è	è	_	_	_	_	_	linguistic	_	none	_	_	_	_	_	0-1(484)
100-2	PKP036	100	100	2	pro]prio	proprio	_	_	_	_	_	linguistic	_	none	_	_	_	_	_	0-3(484)
100-3	PKP036	100	100	3	frasca:ti	frascati	_	_	_	_	_	linguistic	_	none	_	_	5x1	_	_	_
100-4	PKP036	100	100	4	[però]	però	_	_	_	_	_	linguistic	_	none	_	End=148.493	_	_	_	0-4(42)
101-0	PKP037	101	101	0	[sì	sì	_	_	_	_	_	linguistic	_	none	_	Begin=146.75	_	_	_	0-2(484)
101-1	PKP037	101	101	1	sì]	sì	_	_	_	_	_	linguistic	_	none	_	End=147.19	_	_	_	0-2(484)
102-0	PKP037	102	102	0	[vabbè]	vabbè	_	_	_	_	_	linguistic	_	none	PauseAfter=Yes	Begin=147.92	_	_	_	0-5(42)
102-1	PKP037	102	102	1	{P}	{P}	_	_	_	_	_	shortpause	_	none	_	_	_	_	_	_
102-2	PKP037	102	102	2	cento	cento	_	_	_	_	_	linguistic	_	none	_	_	_	_	_	_
102-3	PKP037	102	102	3	metri	metri	_	_	_	_	_	linguistic	_	none	_	End=149.17	_	_	_	_
103-0	PKP036	103	103	0	c'	c'	_	_	_	_	_	linguistic	_	none	SpaceAfter=No	Begin=149.89	_	_	_	_
103-1	PKP036	103	103	1	è	è	_	_	_	_	_	linguistic	_	none	_	_	_	_	_	_
103-2	PKP036	103	103	2	un:	un	_	_	_	_	_	linguistic	_	none	_	End=150.96	1x1	_	_	_
104-0	PKP037	104	104	0	°grazie°	grazie	_	_	_	_	_	linguistic	_	none	Volume=low	Begin=151.06|End=151.62	_	_	_	_
105-0	PKP036	105	105	0	non	non	_	_	_	_	_	linguistic	_	none	_	Begin=152.26	_	_	_	_
105-1	PKP036	105	105	1	so	so	_	_	_	_	_	linguistic	_	none	_	_	_	_	_	_
105-2	PKP036	105	105	2	che	che	_	_	_	_	_	linguistic	_	none	_	_	_	_	_	_
105-3	PKP036	105	105	3	è	è	_	_	_	_	_	linguistic	_	none	_	_	_	_	_	_
105-4	PKP036	105	105	4	un	un	_	_	_	_	_	linguistic	_	none	_	_	_	_	_	_
105-5	PKP036	105	105	5	borgo	borgo	_	_	_	_	_	linguistic	_	none	_	_	_	_	_	_
105-6	PKP036	105	105	6	{ride}	{ride}	_	_	_	_	_	nonverbalbehavior	_	none	_	End=155.3	_	_	_	_
106-0	PKP037	106	106	0	{ride}	{ride}	_	_	_	_	_	nonverbalbehavior	_	none	_	Begin=153.66	_	_	_	_
106-1	PKP037	106	106	1	un	un	_	_	_	_	_	linguistic	_	none	_	_	_	_	_	_
106-2	PKP037	106	106	2	borgo	borgo	_	_	_	_	_	linguistic	_	none	_	_	_	_	_	_
106-3	PKP037	106	106	3	{ride}	{ride}	_	_	_	_	_	nonverbalbehavior	_	none	_	End=155.29	_	_	_	_
107-0	PKP036	107	107	0	xx[x]	xxx	_	_	_	_	_	unknown	_	none	Syllables=3	Begin=155.43|End=156.04	_	_	_	2-3(44)
108-0	PKP037	108	108	0	[peri]feria	periferia	_	_	_	_	_	linguistic	_	none	PauseAfter=Yes	Begin=155.85	_	_	_	0-4(44)
108-1	PKP037	108	108	1	{P}	{P}	_	_	_	_	_	shortpause	_	none	_	_	_	_	_	_
108-2	PKP037	108	108	2	(il	il	_	_	_	_	_	linguistic	_	none	_	_	_	_	0-2(0)	_
108-3	PKP037	108	108	3	co[mune)]	comune	_	_	_	_	_	linguistic	_	none	_	End=157.33	_	_	0-6(0)	2-6(45)
109-0	PKP036	109	109	0	[periferia]	periferia	_	_	_	_	_	linguistic	_	none	_	Begin=156.71	_	_	_	0-9(45)
109-1	PKP036	109	109	1	di	di	_	_	_	_	_	linguistic	_	none	_	_	_	_	_	_
109-2	PKP036	109	109	2	roma	roma	_	_	_	_	_	linguistic	_	none	_	_	_	_	_	_
109-3	PKP036	109	109	3	però	però	_	_	_	_	_	linguistic	_	none	_	End=158.39	_	_	_	_
110-0	PKP036	110	110	0	c(io)è	cioè	_	_	_	_	_	linguistic	_	none	_	Begin=159.22	_	_	1-3(0)	_
110-1	PKP036	110	110	1	proprio	proprio	_	_	_	_	_	linguistic	_	none	_	_	_	_	_	_
110-2	PKP036	110	110	2	sotto	sotto	_	_	_	_	_	linguistic	_	none	_	_	_	_	_	_
110-3	PKP036	110	110	3	casa	casa	_	_	_	_	_	linguistic	_	none	_	End=160.68	_	_	_	_
111-0	PKP033	111	111	0	c(io)è	cioè	_	_	_	_	_	linguistic	_	none	_	Begin=161.493	_	_	1-3(0)	_
111-1	PKP033	111	111	1	è	è	_	_	_	_	_	linguistic	_	none	_	_	_	_	_	_
111-2	PKP033	111	111	2	una	una	_	_	_	_	_	linguistic	_	none	_	_	_	_	_	_
111-3	PKP033	111	111	3	cosa	cosa	_	_	_	_	_	linguistic	_	none	_	_	_	_	_	_
111-4	PKP033	111	111	4	che	che	_	_	_	_	_	linguistic	_	none	_	_	_	_	_	_
111-5	PKP033	111	111	5	esiste	esiste	_	_	_	_	_	linguistic	_	none	_	_	_	_	_	_
111-6	PKP033	111	111	6	perché	perché	_	_	_	_	_	linguistic	_	none	_	_	_	_	_	_
111-7	PKP033	111	111	7	io	io	_	_	_	_	_	linguistic	_	none	_	_	_	_	_	_
111-8	PKP033	111	111	8	gli	gli	_	_	_	_	_	linguistic	_	none	_	_	_	_	_	_
111-9	PKP033	111	111	9	ultimi	ultimi	_	_	_	_	_	linguistic	_	none	_	_	_	_	_	_
111-10	PKP033	111	111	10	racconti:	racconti	_	_	_	_	_	linguistic	_	none	_	_	7x1	_	_	_
111-11	PKP033	111	111	11	di	di	_	_	_	_	_	linguistic	_	none	_	_	_	_	_	_
111-12	PKP033	111	111	12	macchine	macchine	_	_	_	_	_	linguistic	_	none	_	_	_	_	_	_
111-13	PKP033	111	111	13	rubate	rubate	_	_	_	_	_	linguistic	_	none	_	_	_	_	_	_
111-14	PKP033	111	111	14	sono	sono	_	_	_	_	_	linguistic	_	none	_	_	_	_	_	_
111-15	PKP033	111	111	15	di	di	_	_	_	_	_	linguistic	_	none	_	_	_	_	_	_
111-16	PKP033	111	111	16	mio	mio	_	_	_	_	_	linguistic	_	none	_	_	_	_	_	_
111-17	PKP033	111	111	17	nonno	nonno	_	_	_	_	_	linguistic	_	none	_	_	_	_	_	_
111-18	PKP033	111	111	18	di	di	_	_	_	_	_	linguistic	_	none	_	_	_	_	_	_
111-19	PKP033	111	111	19	quando	quando	_	_	_	_	_	linguistic	_	none	_	_	_	_	_	_
111-20	PKP033	111	111	20	era	era	_	_	_	_	_	linguistic	_	none	_	_	_	_	_	_
111-21	PKP033	111	111	21	[giovane]	giovane	_	_	_	_	_	linguistic	_	none	_	End=166.96	_	_	_	0-7(46)
112-0	PKP036	112	112	0	[te	te	_	_	_	_	_	linguistic	_	none	_	Begin=166.44	_	_	_	0-2(46)
112-1	PKP036	112	112	1	la	la	_	_	_	_	_	linguistic	_	none	_	_	_	_	_	0-2(46)
112-2	PKP036	112	112	2	metto	metto	_	_	_	_	_	linguistic	_	none	_	_	_	_	_	0-5(46)
112-3	PKP036	112	112	3	que]sta?	questa	_	_	_	_	_	linguistic	_	none	Intonation=Rising	End=167.18	_	_	_	0-3(46)
113-0	PKP033	113	113	0	sì	sì	_	_	_	_	_	linguistic	_	none	_	Begin=167.2	_	_	_	_
113-1	PKP033	113	113	1	[un	un	_	_	_	_	_	linguistic	_	none	_	_	_	_	_	0-2(47)
113-2	PKP033	113	113	2	po'	po'	_	_	_	_	_	linguistic	_	none	_	_	_	_	_	0-3(47)
113-3	PKP033	113	113	3	sì]	sì	_	_	_	_	_	linguistic	_	none	_	End=167.97	_	_	_	0-2(47)
114-0	PKP037	114	114	0	[eh]	eh	_	_	_	_	_	linguistic	_	none	PauseAfter=Yes	Begin=167.32	_	_	_	0-2(47)
114-1	PKP037	114	114	1	{P}	{P}	_	_	_	_	_	shortpause	_	none	_	_	_	_	_	_
114-2	PKP037	114	114	2	capito	capito	_	_	_	_	_	linguistic	_	none	_	_	_	_	_	_
114-3	PKP037	114	114	3	se:	se	_	_	_	_	_	linguistic	_	none	_	End=168.74	1x1	_	_	_
115-0	PKP036	115	115	0	eh	eh	_	_	_	_	_	linguistic	_	none	_	Begin=169.38|End=169.69	_	_	_	_
116-0	PKP033	116	116	0	vabbè	vabbè	_	_	_	_	_	linguistic	_	none	_	Begin=170.74	_	_	_	_
116-1	PKP033	116	116	1	ma	ma	_	_	_	_	_	linguistic	_	none	_	_	_	_	_	_
116-2	PKP033	116	116	2	se	se	_	_	_	_	_	linguistic	_	none	_	_	_	_	_	_
116-3	PKP033	116	116	3	le	le	_	_	_	_	_	linguistic	_	none	_	_	_	_	_	_
116-4	PKP033	116	116	4	metto	metto	_	_	_	_	_	linguistic	_	none	_	_	_	_	_	_
116-5	PKP033	116	116	5	in	in	_	_	_	_	_	linguistic	_	none	_	_	_	_	_	_
116-6	PKP033	116	116	6	frigo	frigo	_	_	_	_	_	linguistic	_	none	_	_	_	_	_	_
116-7	PKP033	116	116	7	che	che	_	_	_	_	_	linguistic	_	none	_	_	_	_	_	_
116-8	PKP033	116	116	8	non	non	_	_	_	_	_	linguistic	_	none	_	_	_	_	_	_
116-9	PKP033	116	116	9	si	si	_	_	_	_	_	linguistic	_	none	_	_	_	_	_	_
116-10	PKP033	116	116	10	scalda[no	scaldano	_	_	_	_	_	linguistic	_	none	_	_	_	_	_	6-8(48)
116-11	PKP033	116	116	11	vabbè	vabbè	_	_	_	_	_	linguistic	_	none	_	_	_	_	_	0-5(48)
116-12	PKP033	116	116	12	che	che	_	_	_	_	_	linguistic	_	none	_	_	_	_	_	0-3(48)
116-13	PKP033	116	116	13	non	non	_	_	_	_	_	linguistic	_	none	_	_	_	_	_	0-3(48)
116-14	PKP033	116	116	14	è	è	_	_	_	_	_	linguistic	_	none	_	_	_	_	_	0-1(48)
116-15	PKP033	116	116	15	mol]to	molto	_	_	_	_	_	linguistic	_	none	_	_	_	_	_	0-3(48)
116-16	PKP033	116	116	16	freddo	freddo	_	_	_	_	_	linguistic	_	none	_	_	_	_	_	_
116-17	PKP033	116	116	17	però	però	_	_	_	_	_	linguistic	_	none	_	_	_	_	_	_
116-18	PKP033	116	116	18	non	non	_	_	_	_	_	linguistic	_	none	_	_	_	_	_	_
116-19	PKP033	116	116	19	è	è	_	_	_	_	_	linguistic	_	none	_	_	_	_	_	_
116-20	PKP033	116	116	20	molto	molto	_	_	_	_	_	linguistic	_	none	_	_	_	_	_	_
116-21	PKP033	116	116	21	[caldo]	caldo	_	_	_	_	_	linguistic	_	none	_	End=175.6	_	_	_	0-5(49)
117-0	PKP036	117	117	0	[(ah	ah	_	_	_	_	_	linguistic	_	none	_	Begin=172.78	_	_	0-2(0)	0-2(48)
117-1	PKP036	117	117	1	vabbé	vabbé	_	_	_	_	_	linguistic	_	none	_	_	_	_	0-5(0)	0-5(48)
117-2	PKP036	117	117	2	sì)]	sì	_	_	_	_	_	linguistic	_	none	_	End=173.55	_	_	0-2(0)	0-2(48)
118-0	PKP036	118	118	0	[me	me	_	_	_	_	_	linguistic	_	none	_	Begin=174.81	_	_	_	0-2(49)
118-1	PKP036	118	118	1	la	la	_	_	_	_	_	linguistic	_	none	_	_	_	_	_	0-2(49)
118-2	PKP036	118	118	2	metto	metto	_	_	_	_	_	linguistic	_	none	_	_	_	_	_	0-5(49)
118-3	PKP036	118	118	3	tut]ta	tutta	_	_	_	_	_	linguistic	_	none	_	_	_	_	_	0-3(49)
118-4	PKP036	118	118	4	(va)	va	_	_	_	_	_	linguistic	_	none	_	End=176.1	_	_	0-2(0)	_
119-0	PKP036	119	119	0	boh	boh	_	_	_	_	_	linguistic	_	none	_	Begin=179.767	_	_	_	_
119-1	PKP036	119	119	1	macchine	macchine	_	_	_	_	_	linguistic	_	none	_	_	_	_	_	_
119-2	PKP036	119	119	2	nuove:	nuove	_	_	_	_	_	linguistic	_	none	_	End=181.59	4x1	_	_	_
120-0	PKP033	120	120	0	c(io)è	cioè	_	_	_	_	_	linguistic	_	none	_	Begin=183.05	_	_	1-3(0)	_
120-1	PKP033	120	120	1	è	è	_	_	_	_	_	linguistic	_	none	_	_	_	_	_	_
120-2	PKP033	120	120	2	non	non	_	_	_	_	_	linguistic	_	none	_	_	_	_	_	_
120-3	PKP033	120	120	3	è	è	_	_	_	_	_	linguistic	_	none	_	_	_	_	_	_
120-4	PKP033	120	120	4	saltata	saltata	_	_	_	_	_	linguistic	_	none	_	_	_	_	_	_
120-5	PKP033	120	120	5	fuori	fuori	_	_	_	_	_	linguistic	_	none	_	End=184.4	_	_	_	_
121-0	PKP036	121	121	0	c(io)è	cioè	_	_	_	_	_	linguistic	_	none	_	Begin=184.34	_	_	1-3(0)	_
121-1	PKP036	121	121	1	sei	sei	_	_	_	_	_	linguistic	_	none	_	_	_	_	_	_
121-2	PKP036	121	121	2	l'	l'	_	_	_	_	_	linguistic	_	none	SpaceAfter=No	_	_	_	_	_
121-3	PKP036	121	121	3	unica	unica	_	_	_	_	_	linguistic	_	none	_	_	_	_	_	_
121-4	PKP036	121	121	4	perso[na	persona	_	_	_	_	_	linguistic	_	none	_	_	_	_	_	4-7(?)
121-5	PKP036	121	121	5	che	che	_	_	_	_	_	linguistic	_	none	_	_	_	_	_	0-3(?)
121-6	PKP036	121	121	6	xxxx]	xxxx	_	_	_	_	_	unknown	_	none	Syllables=4	End=185.87	_	_	_	0-4(?)
122-0	PKP033	122	122	0	[non	non	_	_	_	_	_	linguistic	_	none	_	Begin=185.07	_	_	_	0-3(?)
122-1	PKP033	122	122	1	so	so	_	_	_	_	_	linguistic	_	none	_	_	_	_	_	0-2(?)
122-2	PKP033	122	122	2	se	se	_	_	_	_	_	linguistic	_	none	_	_	_	_	_	0-2(?)
122-3	PKP033	122	122	3	le	le	_	_	_	_	_	linguistic	_	none	_	_	_	_	_	0-2(?)
122-4	PKP033	122	122	4	macchine	macchine	_	_	_	_	_	linguistic	_	none	_	_	_	_	_	0-8(?)
122-5	PKP033	122	122	5	saltano]	saltano	_	_	_	_	_	linguistic	_	none	_	_	_	_	_	0-7(?)
122-6	PKP033	122	122	6	fuori	fuori	_	_	_	_	_	linguistic	_	none	_	_	_	_	_	_
122-7	PKP033	122	122	7	{ride}	{ride}	_	_	_	_	_	nonverbalbehavior	_	none	_	End=188.366	_	_	_	_
123-0	PKP037	123	123	0	[no	no	_	_	_	_	_	linguistic	_	none	_	Begin=185.55	_	_	_	0-2(485)
123-1	PKP037	123	123	1	no	no	_	_	_	_	_	linguistic	_	none	_	_	_	_	_	0-2(485)
123-2	PKP037	123	123	2	no]	no	_	_	_	_	_	linguistic	_	none	_	End=186.47	_	_	_	0-2(485)
124-0	PKP036	124	124	0	no	no	_	_	_	_	_	linguistic	_	none	_	Begin=187.62	_	_	_	_
124-1	PKP036	124	124	1	no	no	_	_	_	_	_	linguistic	_	none	_	_	_	_	_	_
124-2	PKP036	124	124	2	ovvia[mente	ovviamente	_	_	_	_	_	linguistic	_	none	_	_	_	_	_	5-10(52)
124-3	PKP036	124	124	3	no]	no	_	_	_	_	_	linguistic	_	none	_	End=189.092	_	_	_	0-2(52)
125-0	PKP037	125	125	0	[ehm]:	ehm	_	_	_	_	_	linguistic	_	none	_	Begin=188.37	2x1	_	_	0-3(52)
125-1	PKP037	125	125	1	mi	mi	_	_	_	_	_	linguistic	_	none	_	_	_	_	_	_
125-2	PKP037	125	125	2	hanno	hanno	_	_	_	_	_	linguistic	_	none	_	_	_	_	_	_
125-3	PKP037	125	125	3	detto	detto	_	_	_	_	_	linguistic	_	none	_	_	_	_	_	_
125-4	PKP037	125	125	4	di	di	_	_	_	_	_	linguistic	_	none	_	_	_	_	_	_
125-5	PKP037	125	125	5	no	no	_	_	_	_	_	linguistic	_	none	_	End=190.46	_	_	_	_
126-0	PKP036	126	126	0	[xxxxxxxxxxxxxx]	xxxxxxxxxxxxxx	_	_	_	_	_	unknown	_	none	Syllables=14	Begin=191.745|End=193.26	_	_	_	0-14(486)
127-0	PKP033	127	127	0	[che	che	_	_	_	_	_	linguistic	_	none	_	Begin=191.745	_	_	_	0-3(486)
127-1	PKP033	127	127	1	di	di	_	_	_	_	_	linguistic	_	none	_	_	_	_	_	0-2(486)
127-2	PKP033	127	127	2	solito	solito	_	_	_	_	_	linguistic	_	none	_	_	_	_	_	0-6(486)
127-3	PKP033	127	127	3	non	non	_	_	_	_	_	linguistic	_	none	_	_	_	_	_	0-3(486)
127-4	PKP033	127	127	4	saltano	saltano	_	_	_	_	_	linguistic	_	none	_	_	_	_	_	0-7(486)
127-5	PKP033	127	127	5	fuori]	fuori	_	_	_	_	_	linguistic	_	none	_	End=193.54	_	_	_	0-5(486)
128-0	PKP037	128	128	0	[che	che	_	_	_	_	_	linguistic	_	none	_	Begin=192.78	_	_	_	0-3(486)
128-1	PKP037	128	128	1	di	di	_	_	_	_	_	linguistic	_	none	_	_	_	_	_	0-2(486)
128-2	PKP037	128	128	2	solito	solito	_	_	_	_	_	linguistic	_	none	_	_	_	_	_	0-6(486)
128-3	PKP037	128	128	3	non	non	_	_	_	_	_	linguistic	_	none	_	_	_	_	_	0-3(486)
128-4	PKP037	128	128	4	sa]ltano	saltano	_	_	_	_	_	linguistic	_	none	_	_	_	_	_	0-2(486)
128-5	PKP037	128	128	5	fuori	fuori	_	_	_	_	_	linguistic	_	none	_	End=194.34	_	_	_	_
129-0	PKP036	129	129	0	ah	ah	_	_	_	_	_	linguistic	_	none	_	Begin=194.39	_	_	_	_
129-1	PKP036	129	129	1	[ti	ti	_	_	_	_	_	linguistic	_	none	_	_	_	_	_	0-2(53)
129-2	PKP036	129	129	2	hanno	hanno	_	_	_	_	_	linguistic	_	none	_	_	_	_	_	0-5(53)
129-3	PKP036	129	129	3	detto	detto	_	_	_	_	_	linguistic	_	none	_	_	_	_	_	0-5(53)
129-4	PKP036	129	129	4	xxx]	xxx	_	_	_	_	_	unknown	_	none	Syllables=3	End=195.89	_	_	_	0-3(53)
130-0	PKP037	130	130	0	[ho	ho	_	_	_	_	_	linguistic	_	none	_	Begin=194.46	_	_	_	0-2(53)
130-1	PKP037	130	130	1	fatto	fatto	_	_	_	_	_	linguistic	_	none	_	_	_	_	_	0-5(53)
130-2	PKP037	130	130	2	la	la	_	_	_	_	_	linguistic	_	none	_	_	_	_	_	0-2(53)
130-3	PKP037	130	130	3	denuncia]	denuncia	_	_	_	_	_	linguistic	_	none	_	End=195.51	_	_	_	0-8(53)
131-0	PKP036	131	131	0	eh	eh	_	_	_	_	_	linguistic	_	none	_	Begin=196.2	_	_	_	_
131-1	PKP036	131	131	1	ok[ay]	okay	_	_	_	_	_	linguistic	_	none	_	End=196.82	_	_	_	2-4(54)
132-0	PKP037	132	132	0	[pratica]mente	praticamente	_	_	_	_	_	linguistic	_	none	_	Begin=196.39	_	_	_	0-7(54)
132-1	PKP037	132	132	1	c(i)'	ci'	_	_	_	_	_	linguistic	_	none	SpaceAfter=No	_	_	_	1-2(0)	_
132-2	PKP037	132	132	2	hanno	hanno	_	_	_	_	_	linguistic	_	none	_	_	_	_	_	_
132-3	PKP037	132	132	3	detto:	detto	_	_	_	_	_	linguistic	_	none	_	_	4x1	_	_	_
132-4	PKP037	132	132	4	che	che	_	_	_	_	_	linguistic	_	none	_	End=199.56	_	_	_	_
133-0	PKP036	133	133	0	arrendit[i	arrenditi	_	_	_	_	_	linguistic	_	none	_	Begin=199.59	_	_	_	8-9(55)
133-1	PKP036	133	133	1	(che)	che	_	_	_	_	_	linguistic	_	none	_	_	_	_	0-3(0)	0-3(55)
133-2	PKP036	133	133	2	ormai	ormai	_	_	_	_	_	linguistic	_	none	_	_	_	_	_	0-5(55)
133-3	PKP036	133	133	3	è	è	_	_	_	_	_	linguistic	_	none	_	_	_	_	_	0-1(55)
133-4	PKP036	133	133	4	andata]	andata	_	_	_	_	_	linguistic	_	none	_	End=201.54	_	_	_	0-6(55)
134-0	PKP037	134	134	0	{ride}	{ride}	_	_	_	_	_	nonverbalbehavior	_	none	_	Begin=200.08	_	_	_	_
134-1	PKP037	134	134	1	[arrendi~	arrendi~	_	_	_	_	_	linguistic	_	none	Interrupted=Yes	_	_	_	_	0-8(55)
134-2	PKP037	134	134	2	non	non	_	_	_	_	_	linguistic	_	none	_	_	_	_	_	0-3(55)
134-3	PKP037	134	134	3	arrenditi	arrenditi	_	_	_	_	_	linguistic	_	none	_	_	_	_	_	0-9(55)
134-4	PKP037	134	134	4	però]	però	_	_	_	_	_	linguistic	_	none	_	End=201.59	_	_	_	0-4(55)
135-0	PKP033	135	135	0	c(io)è	cioè	_	_	_	_	_	linguistic	_	none	_	Begin=203.02	_	_	1-3(0)	_
135-1	PKP033	135	135	1	una	una	_	_	_	_	_	linguistic	_	none	_	_	_	_	_	_
135-2	PKP033	135	135	2	mattina	mattina	_	_	_	_	_	linguistic	_	none	_	_	_	_	_	_
135-3	PKP033	135	135	3	tu	tu	_	_	_	_	_	linguistic	_	none	_	_	_	_	_	_
135-4	PKP033	135	135	4	sei	sei	_	_	_	_	_	linguistic	_	none	_	_	_	_	_	_
135-5	PKP033	135	135	5	sceso	sceso	_	_	_	_	_	linguistic	_	none	_	_	_	_	_	_
135-6	PKP033	135	135	6	so~	so~	_	_	_	_	_	linguistic	_	none	Interrupted=Yes	_	_	_	_	_
135-7	PKP033	135	135	7	mh	mh	_	_	_	_	_	linguistic	_	none	_	_	_	_	_	_
135-8	PKP033	135	135	8	di	di	_	_	_	_	_	linguistic	_	none	_	_	_	_	_	_
135-9	PKP033	135	135	9	casa	casa	_	_	_	_	_	linguistic	_	none	_	_	_	_	_	_
135-10	PKP033	135	135	10	e	e	_	_	_	_	_	linguistic	_	none	_	_	_	_	_	_
135-11	PKP033	135	135	11	non	non	_	_	_	_	_	linguistic	_	none	_	_	_	_	_	_
135-12	PKP033	135	135	12	c'	c'	_	_	_	_	_	linguistic	_	none	SpaceAfter=No	_	_	_	_	_
135-13	PKP033	135	135	13	era	era	_	_	_	_	_	linguistic	_	none	_	_	_	_	_	_
135-14	PKP033	135	135	14	più	più	_	_	_	_	_	linguistic	_	none	_	_	_	_	_	_
135-15	PKP033	135	135	15	la	la	_	_	_	_	_	linguistic	_	none	_	_	_	_	_	_
135-16	PKP033	135	135	16	macchina?	macchina	_	_	_	_	_	linguistic	_	none	Intonation=Rising	End=206.5	_	_	_	_
136-0	PKP037	136	136	0	sì:	sì	_	_	_	_	_	linguistic	_	none	_	Begin=206.51|End=207.09	1x1	_	_	_
137-0	PKP037	137	137	0	un	un	_	_	_	_	_	linguistic	_	none	_	Begin=207.6	_	_	_	_
137-1	PKP037	137	137	1	pomeriggio	pomeriggio	_	_	_	_	_	linguistic	_	none	_	_	_	_	_	_
137-2	PKP037	137	137	2	dobbiamo	dobbiamo	_	_	_	_	_	linguistic	_	none	_	_	_	_	_	_
137-3	PKP037	137	137	3	andare	andare	_	_	_	_	_	linguistic	_	none	_	_	_	_	_	_
137-4	PKP037	137	137	4	a	a	_	_	_	_	_	linguistic	_	none	_	_	_	_	_	_
137-5	PKP037	137	137	5	coro:	coro	_	_	_	_	_	linguistic	_	none	_	End=209.54	3x1	_	_	_
138-0	PKP033	138	138	0	quindi	quindi	_	_	_	_	_	linguistic	_	none	_	Begin=210.09	_	_	_	_
138-1	PKP033	138	138	1	è	è	_	_	_	_	_	linguistic	_	none	_	_	_	_	_	_
138-2	PKP033	138	138	2	[di	di	_	_	_	_	_	linguistic	_	none	PauseAfter=Yes	_	_	_	_	0-2(56)
138-3	PKP033	138	138	3	{P}	{P}	_	_	_	_	_	shortpause	_	none	_	_	_	_	_	0-3(56)
138-4	PKP033	138	138	4	c(io)è	cioè	_	_	_	_	_	linguistic	_	none	_	_	_	_	1-3(0)	0-4(56)
138-5	PKP033	138	138	5	è	è	_	_	_	_	_	linguistic	_	none	_	_	_	_	_	0-1(56)
138-6	PKP033	138	138	6	di	di	_	_	_	_	_	linguistic	_	none	_	_	_	_	_	0-2(56)
138-7	PKP033	138	138	7	gio]rno	giorno	_	_	_	_	_	linguistic	_	none	_	_	_	_	_	0-3(56)
138-8	PKP033	138	138	8	che	che	_	_	_	_	_	linguistic	_	none	_	_	_	_	_	_
138-9	PKP033	138	138	9	è	è	_	_	_	_	_	linguistic	_	none	_	_	_	_	_	_
138-10	PKP033	138	138	10	sparita	sparita	_	_	_	_	_	linguistic	_	none	_	End=212.2	_	_	_	_
139-0	PKP037	139	139	0	[e	e	_	_	_	_	_	linguistic	_	none	_	Begin=210.27	_	_	_	0-1(56)
139-1	PKP037	139	139	1	non	non	_	_	_	_	_	linguistic	_	none	_	_	_	_	_	0-3(56)
139-2	PKP037	139	139	2	ci	ci	_	_	_	_	_	linguistic	_	none	_	_	_	_	_	0-2(56)
139-3	PKP037	139	139	3	siamo	siamo	_	_	_	_	_	linguistic	_	none	_	_	_	_	_	0-5(56)
139-4	PKP037	139	139	4	andati]	andati	_	_	_	_	_	linguistic	_	none	_	End=211.34	_	_	_	0-6(56)
140-0	PKP037	140	140	0	l'	l'	_	_	_	_	_	linguistic	_	none	SpaceAfter=No	Begin=212.553	_	_	_	_
140-1	PKP037	140	140	1	ho	ho	_	_	_	_	_	linguistic	_	none	_	_	_	_	_	_
140-2	PKP037	140	140	2	lasciata	lasciata	_	_	_	_	_	linguistic	_	none	_	_	_	_	_	_
140-3	PKP037	140	140	3	sabato	sabato	_	_	_	_	_	linguistic	_	none	_	_	_	_	_	_
140-4	PKP037	140	140	4	sera	sera	_	_	_	_	_	linguistic	_	none	_	End=214.307	_	_	_	_
141-0	PKP037	141	141	0	e:	e	_	_	_	_	_	linguistic	_	none	PauseAfter=Yes	Begin=215.31	0x1	_	_	_
141-1	PKP037	141	141	1	{P}	{P}	_	_	_	_	_	shortpause	_	none	_	_	_	_	_	_
141-2	PKP037	141	141	2	dovevo	dovevo	_	_	_	_	_	linguistic	_	none	_	_	_	_	_	_
141-3	PKP037	141	141	3	andare	andare	_	_	_	_	_	linguistic	_	none	_	_	_	_	_	_
141-4	PKP037	141	141	4	a	a	_	_	_	_	_	linguistic	_	none	_	_	_	_	_	_
141-5	PKP037	141	141	5	coro:	coro	_	_	_	_	_	linguistic	_	none	_	_	3x1	_	_	_
141-6	PKP037	141	141	6	lunedì	lunedì	_	_	_	_	_	linguistic	_	none	_	_	_	_	_	_
141-7	PKP037	141	141	7	pomeriggio	pomeriggio	_	_	_	_	_	linguistic	_	none	_	End=218.4	_	_	_	_
142-0	PKP037	142	142	0	quindi	quindi	_	_	_	_	_	linguistic	_	none	_	Begin=219.16	_	_	_	_
142-1	PKP037	142	142	1	diciamo	diciamo	_	_	_	_	_	linguistic	_	none	_	_	_	_	_	_
142-2	PKP037	142	142	2	sono	sono	_	_	_	_	_	linguistic	_	none	_	_	_	_	_	_
142-3	PKP037	142	142	3	stato:	stato	_	_	_	_	_	linguistic	_	none	_	End=220.53	4x1	_	_	_
143-0	PKP037	143	143	0	domenica	domenica	_	_	_	_	_	linguistic	_	none	_	Begin=221.43	_	_	_	_
143-1	PKP037	143	143	1	a	a	_	_	_	_	_	linguistic	_	none	_	_	_	_	_	_
143-2	PKP037	143	143	2	casa	casa	_	_	_	_	_	linguistic	_	none	_	End=222.5	_	_	_	_
144-0	PKP037	144	144	0	lune[dì]	lunedì	_	_	_	_	_	linguistic	_	none	_	Begin=223.58	_	_	_	4-6(57)
144-1	PKP037	144	144	1	ho	ho	_	_	_	_	_	linguistic	_	none	_	_	_	_	_	_
144-2	PKP037	144	144	2	lavorato	lavorato	_	_	_	_	_	linguistic	_	none	_	_	_	_	_	_
144-3	PKP037	144	144	3	da	da	_	_	_	_	_	linguistic	_	none	_	_	_	_	_	_
144-4	PKP037	144	144	4	casa	casa	_	_	_	_	_	linguistic	_	none	_	End=224.81	_	_	_	_
145-0	PKP033	145	145	0	[mh]	mh	_	_	_	_	_	linguistic	_	none	_	Begin=223.846|End=224.126	_	_	_	0-2(57)
146-0	PKP033	146	146	0	[mh]	mh	_	_	_	_	_	linguistic	_	none	_	Begin=224.809|End=225.0	_	_	_	0-2(58)
147-0	PKP036	147	147	0	°(no)	no	_	_	_	_	_	linguistic	_	none	Volume=low	Begin=225.31	_	_	0-2(0)	_
147-1	PKP036	147	147	1	sarà	sarà	_	_	_	_	_	linguistic	_	none	Volume=low	_	_	_	_	_
147-2	PKP036	147	147	2	stato	stato	_	_	_	_	_	linguistic	_	none	Volume=low	_	_	_	_	_
147-3	PKP036	147	147	3	di	di	_	_	_	_	_	linguistic	_	none	Volume=low	_	_	_	_	_
147-4	PKP036	147	147	4	no[tte	notte	_	_	_	_	_	linguistic	_	none	Volume=low	_	_	_	_	2-5(59)
147-5	PKP036	147	147	5	però°]	però	_	_	_	_	_	linguistic	_	none	Volume=low	End=227.1	_	_	_	0-4(59)
148-0	PKP037	148	148	0	[e	e	_	_	_	_	_	linguistic	_	none	_	Begin=226.34	_	_	_	0-1(59)
148-1	PKP037	148	148	1	poi]	poi	_	_	_	_	_	linguistic	_	none	_	End=227.09	_	_	_	0-3(59)
149-0	PKP033	149	149	0	no	no	_	_	_	_	_	linguistic	_	none	_	Begin=228.835	_	_	_	_
149-1	PKP033	149	149	1	ma:	ma	_	_	_	_	_	linguistic	_	none	_	_	1x1	_	_	_
149-2	PKP033	149	149	2	so[no	sono	_	_	_	_	_	linguistic	_	none	_	_	_	_	_	2-4(60)
149-3	PKP033	149	149	3	cioè	cioè	_	_	_	_	_	linguistic	_	none	_	_	_	_	_	0-4(60)
149-4	PKP033	149	149	4	son	son	_	_	_	_	_	linguistic	_	none	_	_	_	_	_	0-3(60)
149-5	PKP033	149	149	5	troppo	troppo	_	_	_	_	_	linguistic	_	none	_	_	_	_	_	0-6(60)
149-6	PKP033	149	149	6	allucina:ta	allucinata	_	_	_	_	_	linguistic	_	none	_	_	7x1	_	_	0-10(60)
149-7	PKP033	149	149	7	da	da	_	_	_	_	_	linguistic	_	none	_	_	_	_	_	0-2(60)
149-8	PKP033	149	149	8	questa	questa	_	_	_	_	_	linguistic	_	none	_	_	_	_	_	0-6(60)
149-9	PKP033	149	149	9	cosa]	cosa	_	_	_	_	_	linguistic	_	none	_	End=232.31	_	_	_	0-4(60)
150-0	PKP036	150	150	0	[c(io)è	cioè	_	_	_	_	_	linguistic	_	none	_	Begin=229.37	_	_	1-3(0)	0-4(60)
150-1	PKP036	150	150	1	comunque	comunque	_	_	_	_	_	linguistic	_	none	_	_	_	_	_	0-8(60)
150-2	PKP036	150	150	2	è	è	_	_	_	_	_	linguistic	_	none	_	_	_	_	_	0-1(60)
150-3	PKP036	150	150	3	una	una	_	_	_	_	_	linguistic	_	none	_	_	_	_	_	0-3(60)
150-4	PKP036	150	150	4	strada	strada	_	_	_	_	_	linguistic	_	none	_	_	_	_	_	0-6(60)
150-5	PKP036	150	150	5	(molto	molto	_	_	_	_	_	linguistic	_	none	_	_	_	_	0-5(1)	0-5(60)
150-6	PKP036	150	150	6	abitata)	abitata	_	_	_	_	_	linguistic	_	none	_	_	_	_	0-7(1)	0-7(60)
150-7	PKP036	150	150	7	quindi]	quindi	_	_	_	_	_	linguistic	_	none	_	End=231.97	_	_	_	0-6(60)
151-0	PKP036	151	151	0	è	è	_	_	_	_	_	linguistic	_	none	_	Begin=232.485	_	_	_	_
151-1	PKP036	151	151	1	s~	s~	_	_	_	_	_	linguistic	_	none	Interrupted=Yes	_	_	_	_	_
151-2	PKP036	151	151	2	c(io)è	cioè	_	_	_	_	_	linguistic	_	none	_	_	_	_	1-3(0)	_
151-3	PKP036	151	151	3	è	è	_	_	_	_	_	linguistic	_	none	_	_	_	_	_	_
151-4	PKP036	151	151	4	strano	strano	_	_	_	_	_	linguistic	_	none	_	_	_	_	_	_
151-5	PKP036	151	151	5	che	che	_	_	_	_	_	linguistic	_	none	_	_	_	_	_	_
151-6	PKP036	151	151	6	nessuno:	nessuno	_	_	_	_	_	linguistic	_	none	_	End=234.52	6x1	_	_	_
152-0	PKP036	152	152	0	se	se	_	_	_	_	_	linguistic	_	none	_	Begin=235.33	_	_	_	_
152-1	PKP036	152	152	1	ne	ne	_	_	_	_	_	linguistic	_	none	_	_	_	_	_	_
152-2	PKP036	152	152	2	sia	sia	_	_	_	_	_	linguistic	_	none	_	_	_	_	_	_
152-3	PKP036	152	152	3	accorto	accorto	_	_	_	_	_	linguistic	_	none	_	_	_	_	_	_
152-4	PKP036	152	152	4	nel	nel	_	_	_	_	_	linguistic	_	none	_	_	_	_	_	_
152-5	PKP036	152	152	5	senso	senso	_	_	_	_	_	linguistic	_	none	_	End=236.85	_	_	_	_
153-0	PKP037	153	153	0	perché	perché	_	_	_	_	_	linguistic	_	none	_	Begin=237.77	_	_	_	_
153-1	PKP037	153	153	1	quelle:	quelle	_	_	_	_	_	linguistic	_	none	_	_	5x1	_	_	_
153-2	PKP037	153	153	2	ste	ste	_	_	_	_	_	linguistic	_	none	_	_	_	_	_	_
153-3	PKP037	153	153	3	macchine:	macchine	_	_	_	_	_	linguistic	_	none	_	_	7x1	_	_	_
153-4	PKP037	153	153	4	nuove	nuove	_	_	_	_	_	linguistic	_	none	_	_	_	_	_	_
153-5	PKP037	153	153	5	secondo	secondo	_	_	_	_	_	linguistic	_	none	_	_	_	_	_	_
153-6	PKP037	153	153	6	me	me	_	_	_	_	_	linguistic	_	none	_	_	_	_	_	_
153-7	PKP037	153	153	7	ognuno	ognuno	_	_	_	_	_	linguistic	_	none	_	_	_	_	_	_
153-8	PKP037	153	153	8	ha	ha	_	_	_	_	_	linguistic	_	none	_	_	_	_	_	_
153-9	PKP037	153	153	9	la	la	_	_	_	_	_	linguistic	_	none	_	_	_	_	_	_
153-10	PKP037	153	153	10	sua:	sua	_	_	_	_	_	linguistic	_	none	PauseAfter=Yes	_	2x1	_	_	_
153-11	PKP037	153	153	11	{P}	{P}	_	_	_	_	_	shortpause	_	none	_	_	_	_	_	_
153-12	PKP037	153	153	12	vulnerabilità	vulnerabilità	_	_	_	_	_	linguistic	_	none	_	End=242.19	_	_	_	_
154-0	PKP033	154	154	0	m:h	mh	_	_	_	_	_	linguistic	_	none	_	Begin=242.5|End=243.07	0x1	_	_	_
155-0	PKP037	155	155	0	però	però	_	_	_	_	_	linguistic	_	none	_	Begin=244.05	_	_	_	_
155-1	PKP037	155	155	1	non	non	_	_	_	_	_	linguistic	_	none	_	_	_	_	_	_
155-2	PKP037	155	155	2	è	è	_	_	_	_	_	linguistic	_	none	_	_	_	_	_	_
155-3	PKP037	155	155	3	ch[e:]	che	_	_	_	_	_	linguistic	_	none	_	End=245.34	2x1	_	_	2-3(61)
156-0	PKP033	156	156	0	[e	e	_	_	_	_	_	linguistic	_	none	_	Begin=244.9	_	_	_	0-1(61)
156-1	PKP033	156	156	1	come	come	_	_	_	_	_	linguistic	_	none	_	_	_	_	_	0-4(61)
156-2	PKP033	156	156	2	s]i	si	_	_	_	_	_	linguistic	_	none	_	_	_	_	_	0-1(61)
156-3	PKP033	156	156	3	misur[a]	misura	_	_	_	_	_	linguistic	_	none	_	End=245.91	_	_	_	5-6(62)
157-0	PKP037	157	157	0	[bah]	bah	_	_	_	_	_	linguistic	_	none	_	Begin=245.8	_	_	_	0-3(62)
157-1	PKP037	157	157	1	no	no	_	_	_	_	_	linguistic	_	none	_	_	_	_	_	_
157-2	PKP037	157	157	2	nel	nel	_	_	_	_	_	linguistic	_	none	_	_	_	_	_	_
157-3	PKP037	157	157	3	senso:	senso	_	_	_	_	_	linguistic	_	none	_	_	4x1	_	_	_
157-4	PKP037	157	157	4	ha~	ha~	_	_	_	_	_	linguistic	_	none	Interrupted=Yes	_	_	_	_	_
157-5	PKP037	157	157	5	il	il	_	_	_	_	_	linguistic	_	none	_	_	_	_	_	_
157-6	PKP037	157	157	6	lo(ro)	loro	_	_	_	_	_	linguistic	_	none	_	_	_	_	2-4(0)	_
157-7	PKP037	157	157	7	punto	punto	_	_	_	_	_	linguistic	_	none	_	_	_	_	_	_
157-8	PKP037	157	157	8	debole	debole	_	_	_	_	_	linguistic	_	none	_	_	_	_	_	_
157-9	PKP037	157	157	9	dal	dal	_	_	_	_	_	linguistic	_	none	_	_	_	_	_	_
157-10	PKP037	157	157	10	punto	punto	_	_	_	_	_	linguistic	_	none	_	_	_	_	_	_
157-11	PKP037	157	157	11	della	della	_	_	_	_	_	linguistic	_	none	_	_	_	_	_	_
157-12	PKP037	157	157	12	sicurezza	sicurezza	_	_	_	_	_	linguistic	_	none	_	End=249.78	_	_	_	_
158-0	PKP037	158	158	0	però	però	_	_	_	_	_	linguistic	_	none	_	Begin=249.85	_	_	_	_
158-1	PKP037	158	158	1	non	non	_	_	_	_	_	linguistic	_	none	_	_	_	_	_	_
158-2	PKP037	158	158	2	penso	penso	_	_	_	_	_	linguistic	_	none	_	_	_	_	_	_
158-3	PKP037	158	158	3	che:	che	_	_	_	_	_	linguistic	_	none	PauseAfter=Yes	_	2x1	_	_	_
158-4	PKP037	158	158	4	{P}	{P}	_	_	_	_	_	shortpause	_	none	_	_	_	_	_	_
158-5	PKP037	158	158	5	c'	c'	_	_	_	_	_	linguistic	_	none	SpaceAfter=No	_	_	_	_	_
158-6	PKP037	158	158	6	è	è	_	_	_	_	_	linguistic	_	none	_	_	_	_	_	_
158-7	PKP037	158	158	7	il	il	_	_	_	_	_	linguistic	_	none	_	_	_	_	_	_
158-8	PKP037	158	158	8	ladro	ladro	_	_	_	_	_	linguistic	_	none	_	_	_	_	_	_
158-9	PKP037	158	158	9	è	è	_	_	_	_	_	linguistic	_	none	_	_	_	_	_	_
158-10	PKP037	158	158	10	informato	informato	_	_	_	_	_	linguistic	_	none	_	_	_	_	_	_
158-11	PKP037	158	158	11	su	su	_	_	_	_	_	linguistic	_	none	_	_	_	_	_	_
158-12	PKP037	158	158	12	tutte	tutte	_	_	_	_	_	linguistic	_	none	_	End=252.59	_	_	_	_
159-0	PKP037	159	159	0	però	però	_	_	_	_	_	linguistic	_	none	PauseAfter=Yes	Begin=253.04	_	_	_	_
159-1	PKP037	159	159	1	{P}	{P}	_	_	_	_	_	shortpause	_	none	_	_	_	_	_	_
159-2	PKP037	159	159	2	nel	nel	_	_	_	_	_	linguistic	_	none	_	_	_	_	_	_
159-3	PKP037	159	159	3	momento	momento	_	_	_	_	_	linguistic	_	none	_	_	_	_	_	_
159-4	PKP037	159	159	4	in	in	_	_	_	_	_	linguistic	_	none	_	_	_	_	_	_
159-5	PKP037	159	159	5	cui	cui	_	_	_	_	_	linguistic	_	none	_	_	_	_	_	_
159-6	PKP037	159	159	6	sai	sai	_	_	_	_	_	linguistic	_	none	_	_	_	_	_	_
159-7	PKP037	159	159	7	come	come	_	_	_	_	_	linguistic	_	none	_	_	_	_	_	_
159-8	PKP037	159	159	8	aprire	aprire	_	_	_	_	_	linguistic	_	none	_	_	_	_	_	_
159-9	PKP037	159	159	9	una:	una	_	_	_	_	_	linguistic	_	none	_	_	2x1	_	_	_
159-10	PKP037	159	159	10	iundai	iundai	_	_	_	_	_	linguistic	_	none	_	_	_	_	_	_
159-11	PKP037	159	159	11	di	di	_	_	_	_	_	linguistic	_	none	_	_	_	_	_	_
159-12	PKP037	159	159	12	quel	quel	_	_	_	_	_	linguistic	_	none	_	_	_	_	_	_
159-13	PKP037	159	159	13	tipo	tipo	_	_	_	_	_	linguistic	_	none	PauseAfter=Yes	_	_	_	_	_
159-14	PKP037	159	159	14	{P}	{P}	_	_	_	_	_	shortpause	_	none	_	_	_	_	_	_
159-15	PKP037	159	159	15	che	che	_	_	_	_	_	linguistic	_	none	_	_	_	_	_	_
159-16	PKP037	159	159	16	l'	l'	_	_	_	_	_	linguistic	_	none	SpaceAfter=No	_	_	_	_	_
159-17	PKP037	159	159	17	avevo	avevo	_	_	_	_	_	linguistic	_	none	_	_	_	_	_	_
159-18	PKP037	159	159	18	parcheggiata	parcheggiata	_	_	_	_	_	linguistic	_	none	_	_	_	_	_	_
159-19	PKP037	159	159	19	proprio	proprio	_	_	_	_	_	linguistic	_	none	_	_	_	_	_	_
159-20	PKP037	159	159	20	a	a	_	_	_	_	_	linguistic	_	none	_	_	_	_	_	_
159-21	PKP037	159	159	21	inizio	inizio	_	_	_	_	_	linguistic	_	none	_	_	_	_	_	_
159-22	PKP037	159	159	22	strada	strada	_	_	_	_	_	linguistic	_	none	_	End=258.72	_	_	_	_
160-0	PKP037	160	160	0	all'	all'	_	_	_	_	_	linguistic	_	none	SpaceAfter=No	Begin=259.675	_	_	_	_
160-1	PKP037	160	160	1	incrocio	incrocio	_	_	_	_	_	linguistic	_	none	_	End=260.5	_	_	_	_
161-0	PKP037	161	161	0	che	che	_	_	_	_	_	linguistic	_	none	_	Begin=260.904	_	_	_	_
161-1	PKP037	161	161	1	incrocia	incrocia	_	_	_	_	_	linguistic	_	none	_	_	_	_	_	_
161-2	PKP037	161	161	2	una	una	_	_	_	_	_	linguistic	_	none	_	_	_	_	_	_
161-3	PKP037	161	161	3	strada	strada	_	_	_	_	_	linguistic	_	none	_	_	_	_	_	_
161-4	PKP037	161	161	4	molto	molto	_	_	_	_	_	linguistic	_	none	_	_	_	_	_	_
161-5	PKP037	161	161	5	traf[ficata]	trafficata	_	_	_	_	_	linguistic	_	none	_	End=262.58	_	_	_	4-10(63)
162-0	PKP033	162	162	0	[mhmh]	mhmh	_	_	_	_	_	linguistic	_	none	_	Begin=262.16|End=262.69	_	_	_	0-4(63)
163-0	PKP037	163	163	0	quindi	quindi	_	_	_	_	_	linguistic	_	none	_	Begin=263.1	_	_	_	_
163-1	PKP037	163	163	1	magari	magari	_	_	_	_	_	linguistic	_	none	_	_	_	_	_	_
163-2	PKP037	163	163	2	passi	passi	_	_	_	_	_	linguistic	_	none	_	_	_	_	_	_
163-3	PKP037	163	163	3	la	la	_	_	_	_	_	linguistic	_	none	_	_	_	_	_	_
163-4	PKP037	163	163	4	vedi	vedi	_	_	_	_	_	linguistic	_	none	_	_	_	_	_	_
163-5	PKP037	163	163	5	e	e	_	_	_	_	_	linguistic	_	none	_	_	_	_	_	_
163-6	PKP037	163	163	6	dici	dici	_	_	_	_	_	linguistic	_	none	_	_	_	_	_	_
163-7	PKP037	163	163	7	quella	quella	_	_	_	_	_	linguistic	_	none	_	_	_	_	_	_
163-8	PKP037	163	163	8	la	la	_	_	_	_	_	linguistic	_	none	_	_	_	_	_	_
163-9	PKP037	163	163	9	so	so	_	_	_	_	_	linguistic	_	none	_	_	_	_	_	_
163-10	PKP037	163	163	10	apri[re]	aprire	_	_	_	_	_	linguistic	_	none	_	End=265.55	_	_	_	4-6(64)
164-0	PKP033	164	164	0	[ah]	ah	_	_	_	_	_	linguistic	_	none	_	Begin=265.41	_	_	_	0-2(64)
164-1	PKP033	164	164	1	sì	sì	_	_	_	_	_	linguistic	_	none	_	_	_	_	_	_
164-2	PKP033	164	164	2	sì	sì	_	_	_	_	_	linguistic	_	none	_	End=266.21	_	_	_	_
165-0	PKP033	165	165	0	no	no	_	_	_	_	_	linguistic	_	none	_	Begin=267.105	_	_	_	_
165-1	PKP033	165	165	1	oppure:	oppure	_	_	_	_	_	linguistic	_	none	_	_	5x1	_	_	_
165-2	PKP033	165	165	2	ti	ti	_	_	_	_	_	linguistic	_	none	_	_	_	_	_	_
165-3	PKP033	165	165	3	hanno	hanno	_	_	_	_	_	linguistic	_	none	_	_	_	_	_	_
165-4	PKP033	165	165	4	seguito	seguito	_	_	_	_	_	linguistic	_	none	_	_	_	_	_	_
165-5	PKP033	165	165	5	c(io)è	cioè	_	_	_	_	_	linguistic	_	none	_	_	_	_	1-3(0)	_
165-6	PKP033	165	165	6	hanno	hanno	_	_	_	_	_	linguistic	_	none	_	_	_	_	_	_
165-7	PKP033	165	165	7	studiato	studiato	_	_	_	_	_	linguistic	_	none	_	_	_	_	_	_
165-8	PKP033	165	165	8	il	il	_	_	_	_	_	linguistic	_	none	_	_	_	_	_	_
165-9	PKP033	165	165	9	cas[o	caso	_	_	_	_	_	linguistic	_	none	_	_	_	_	_	3-4(65)
165-10	PKP033	165	165	10	non	non	_	_	_	_	_	linguistic	_	none	_	_	_	_	_	0-3(65)
165-11	PKP033	165	165	11	so]	so	_	_	_	_	_	linguistic	_	none	_	End=270.13	_	_	_	0-2(65)
166-0	PKP036	166	166	0	[m]:h	mh	_	_	_	_	_	linguistic	_	none	_	Begin=269.55|End=270.39	0x1	_	_	0-1(65)
167-0	PKP036	167	167	0	t'	t'	_	_	_	_	_	linguistic	_	none	SpaceAfter=No	Begin=270.45	_	_	_	_
167-1	PKP036	167	167	1	immagi[ni]	immagini	_	_	_	_	_	linguistic	_	none	_	End=271.37	_	_	_	5-8(66)
168-0	PKP037	168	168	0	[mh]	mh	_	_	_	_	_	linguistic	_	none	PauseAfter=Yes	Begin=271.18	_	_	_	0-2(66)
168-1	PKP037	168	168	1	{P}	{P}	_	_	_	_	_	shortpause	_	none	_	_	_	_	_	_
168-2	PKP037	168	168	2	vabbè	vabbè	_	_	_	_	_	linguistic	_	none	_	_	_	_	_	_
168-3	PKP037	168	168	3	dai	dai	_	_	_	_	_	linguistic	_	none	_	_	_	_	_	_
168-4	PKP037	168	168	4	che	che	_	_	_	_	_	linguistic	_	none	_	_	_	_	_	_
168-5	PKP037	168	168	5	è	è	_	_	_	_	_	linguistic	_	none	_	_	_	_	_	_
168-6	PKP037	168	168	6	abbastanza	abbastanza	_	_	_	_	_	linguistic	_	none	_	_	_	_	_	_
168-7	PKP037	168	168	7	[prevedibile]	prevedibile	_	_	_	_	_	linguistic	_	none	_	_	_	_	_	0-11(67)
168-8	PKP037	168	168	8	{ride}	{ride}	_	_	_	_	_	nonverbalbehavior	_	none	_	End=273.83	_	_	_	_
169-0	PKP036	169	169	0	{ride}	{ride}	_	_	_	_	_	nonverbalbehavior	_	none	_	Begin=272.71|End=273.55	_	_	_	_
170-0	PKP036	170	170	0	[studi]ato	studiato	_	_	_	_	_	linguistic	_	none	_	Begin=273.68	_	_	_	0-5(68)
170-1	PKP036	170	170	1	il	il	_	_	_	_	_	linguistic	_	none	_	_	_	_	_	_
170-2	PKP036	170	170	2	caso	caso	_	_	_	_	_	linguistic	_	none	_	_	_	_	_	_
170-3	PKP036	170	170	3	xx	xx	_	_	_	_	_	unknown	_	none	Syllables=2	End=274.97	_	_	_	_
171-0	PKP033	171	171	0	[no]n	non	_	_	_	_	_	linguistic	_	none	_	Begin=274.81	_	_	_	0-2(68)
171-1	PKP033	171	171	1	lo	lo	_	_	_	_	_	linguistic	_	none	_	_	_	_	_	_
171-2	PKP033	171	171	2	so	so	_	_	_	_	_	linguistic	_	none	_	End=275.49	_	_	_	_
172-0	PKP033	172	172	0	v[abb]è	vabbè	_	_	_	_	_	linguistic	_	none	_	Begin=275.77	_	_	_	1-4(69)
172-1	PKP033	172	172	1	mi	mi	_	_	_	_	_	linguistic	_	none	_	_	_	_	_	_
172-2	PKP033	172	172	2	hanno:	hanno	_	_	_	_	_	linguistic	_	none	_	_	4x1	_	_	_
172-3	PKP033	172	172	3	mi	mi	_	_	_	_	_	linguistic	_	none	_	_	_	_	_	_
172-4	PKP033	172	172	4	hanno	hanno	_	_	_	_	_	linguistic	_	none	_	_	_	_	_	_
172-5	PKP033	172	172	5	rubato	rubato	_	_	_	_	_	linguistic	_	none	_	_	_	_	_	_
172-6	PKP033	172	172	6	solo	solo	_	_	_	_	_	linguistic	_	none	_	_	_	_	_	_
172-7	PKP033	172	172	7	delle	delle	_	_	_	_	_	linguistic	_	none	_	_	_	_	_	_
172-8	PKP033	172	172	8	biciclette	biciclette	_	_	_	_	_	linguistic	_	none	_	End=278.3	_	_	_	_
173-0	PKP037	173	173	0	[sì]	sì	_	_	_	_	_	linguistic	_	none	_	Begin=275.825|End=275.95	_	_	_	0-2(69)
174-0	PKP036	174	174	0	mh	mh	_	_	_	_	_	linguistic	_	none	_	Begin=278.46|End=278.77	_	_	_	_
175-0	PKP036	175	175	0	a	a	_	_	_	_	_	linguistic	_	none	_	Begin=278.93	_	_	_	_
175-1	PKP036	175	175	1	me	me	_	_	_	_	_	linguistic	_	none	_	_	_	_	_	_
175-2	PKP036	175	175	2	manco	manco	_	_	_	_	_	linguistic	_	none	_	_	_	_	_	_
175-3	PKP036	175	175	3	quelle	quelle	_	_	_	_	_	linguistic	_	none	_	End=279.81	_	_	_	_
176-0	PKP037	176	176	0	no	no	_	_	_	_	_	linguistic	_	none	_	Begin=280.375	_	_	_	_
176-1	PKP037	176	176	1	infa[tti]	infatti	_	_	_	_	_	linguistic	_	none	_	End=281.09	_	_	_	4-7(70)
177-0	PKP033	177	177	0	[(at)tenzi]one	attenzione	_	_	_	_	_	linguistic	_	none	_	Begin=280.795	_	_	0-2(0)	0-7(70)
177-1	PKP033	177	177	1	a	a	_	_	_	_	_	linguistic	_	none	_	_	_	_	_	_
177-2	PKP033	177	177	2	[parla]re	parlare	_	_	_	_	_	linguistic	_	none	_	End=282.35	_	_	_	0-5(71)
178-0	PKP036	178	178	0	[a	a	_	_	_	_	_	linguistic	_	none	_	Begin=281.47	_	_	_	0-1(71)
178-1	PKP036	178	178	1	te	te	_	_	_	_	_	linguistic	_	none	_	_	_	_	_	0-2(71)
178-2	PKP036	178	178	2	si]	si	_	_	_	_	_	linguistic	_	none	_	End=282.12	_	_	_	0-2(71)
179-0	PKP036	179	179	0	eh	eh	_	_	_	_	_	linguistic	_	none	_	Begin=282.74	_	_	_	_
179-1	PKP036	179	179	1	ma	ma	_	_	_	_	_	linguistic	_	none	_	_	_	_	_	_
179-2	PKP036	179	179	2	ormai	ormai	_	_	_	_	_	linguistic	_	none	_	_	_	_	_	_
179-3	PKP036	179	179	3	[lo	lo	_	_	_	_	_	linguistic	_	none	_	_	_	_	_	0-2(487)
179-4	PKP036	179	179	4	(dico)]	dico	_	_	_	_	_	linguistic	_	none	_	End=284.06	_	_	0-4(0)	0-4(487)
180-0	PKP033	180	180	0	[CIN]	cin	_	_	_	_	_	linguistic	_	none	Volume=high	Begin=283.2|End=283.74	_	_	_	0-3(487)
181-0	PKP037	181	181	0	[ci]n	cin	_	_	_	_	_	linguistic	_	none	_	Begin=283.7|End=284.2	_	_	_	0-2(487)
182-0	PKP036	182	182	0	ancora	ancora	_	_	_	_	_	linguistic	_	none	_	Begin=284.36	_	_	_	_
182-1	PKP036	182	182	1	quella	quella	_	_	_	_	_	linguistic	_	none	_	_	_	_	_	_
182-2	PKP036	182	182	2	che	che	_	_	_	_	_	linguistic	_	none	_	_	_	_	_	_
182-3	PKP036	182	182	3	poi	poi	_	_	_	_	_	linguistic	_	none	_	_	_	_	_	_
182-4	PKP036	182	182	4	avevo	avevo	_	_	_	_	_	linguistic	_	none	_	_	_	_	_	_
182-5	PKP036	182	182	5	dato	dato	_	_	_	_	_	linguistic	_	none	_	_	_	_	_	_
182-6	PKP036	182	182	6	a	a	_	_	_	_	_	linguistic	_	none	_	_	_	_	_	_
182-7	PKP036	182	182	7	te	te	_	_	_	_	_	linguistic	_	none	_	_	_	_	_	_
182-8	PKP036	182	182	8	eh	eh	_	_	_	_	_	linguistic	_	none	_	End=286.26	_	_	_	_
183-0	PKP033	183	183	0	eh	eh	_	_	_	_	_	linguistic	_	none	_	Begin=286.53	_	_	_	_
183-1	PKP033	183	183	1	no	no	_	_	_	_	_	linguistic	_	none	_	_	_	_	_	_
183-2	PKP033	183	183	2	[ma	ma	_	_	_	_	_	linguistic	_	none	_	_	_	_	_	0-2(72)
183-3	PKP033	183	183	3	infatti]	infatti	_	_	_	_	_	linguistic	_	none	_	End=287.72	_	_	_	0-7(72)
184-0	PKP036	184	184	0	[ancora	ancora	_	_	_	_	_	linguistic	_	none	_	Begin=286.66	_	_	_	0-6(72)
184-1	PKP036	184	184	1	esiste]	esiste	_	_	_	_	_	linguistic	_	none	_	End=287.69	_	_	_	0-6(72)
185-0	PKP033	185	185	0	sì	sì	_	_	_	_	_	linguistic	_	none	_	Begin=287.83	_	_	_	_
185-1	PKP033	185	185	1	sì	sì	_	_	_	_	_	linguistic	_	none	_	End=288.25	_	_	_	_
186-0	PKP036	186	186	0	ma	ma	_	_	_	_	_	linguistic	_	none	_	Begin=288.665	_	_	_	_
186-1	PKP036	186	186	1	ormai	ormai	_	_	_	_	_	linguistic	_	none	_	_	_	_	_	_
186-2	PKP036	186	186	2	so'	so'	_	_	_	_	_	linguistic	_	none	Truncated=Yes	_	_	_	_	_
186-3	PKP036	186	186	3	sei	sei	_	_	_	_	_	linguistic	_	none	_	_	_	_	_	_
186-4	PKP036	186	186	4	anni	anni	_	_	_	_	_	linguistic	_	none	_	_	_	_	_	_
186-5	PKP036	186	186	5	che	che	_	_	_	_	_	linguistic	_	none	_	_	_	_	_	_
186-6	PKP036	186	186	6	ce	ce	_	_	_	_	_	linguistic	_	none	_	_	_	_	_	_
186-7	PKP036	186	186	7	l'	l'	_	_	_	_	_	linguistic	_	none	SpaceAfter=No	_	_	_	_	_
186-8	PKP036	186	186	8	ho	ho	_	_	_	_	_	linguistic	_	none	_	End=289.86	_	_	_	_
187-0	PKP036	187	187	0	mh	mh	_	_	_	_	_	linguistic	_	none	_	Begin=292.765|End=293.02	_	_	_	_
188-0	PKP036	188	188	0	buon[a]	buona	_	_	_	_	_	linguistic	_	none	_	Begin=294.64|End=295.15	_	_	_	4-5(73)
189-0	PKP037	189	189	0	[bu]ona	buona	_	_	_	_	_	linguistic	_	none	_	Begin=294.75|End=295.4	_	_	_	0-2(73)
190-0	PKP033	190	190	0	bene	bene	_	_	_	_	_	linguistic	_	none	PauseAfter=Yes	Begin=296.62	_	_	_	_
190-1	PKP033	190	190	1	{P}	{P}	_	_	_	_	_	shortpause	_	none	_	_	_	_	_	_
190-2	PKP033	190	190	2	ma	ma	_	_	_	_	_	linguistic	_	none	_	_	_	_	_	_
190-3	PKP033	190	190	3	infatti:	infatti	_	_	_	_	_	linguistic	_	none	_	_	6x1	_	_	_
190-4	PKP033	190	190	4	mh	mh	_	_	_	_	_	linguistic	_	none	PauseAfter=Yes	_	_	_	_	_
190-5	PKP033	190	190	5	{P}	{P}	_	_	_	_	_	shortpause	_	none	_	_	_	_	_	_
190-6	PKP033	190	190	6	infatti	infatti	_	_	_	_	_	linguistic	_	none	_	_	_	_	_	_
190-7	PKP033	190	190	7	la	la	_	_	_	_	_	linguistic	_	none	_	_	_	_	_	_
190-8	PKP033	190	190	8	sto	sto	_	_	_	_	_	linguistic	_	none	_	_	_	_	_	_
190-9	PKP033	190	190	9	proponendo	proponendo	_	_	_	_	_	linguistic	_	none	_	_	_	_	_	_
190-10	PKP033	190	190	10	a:	a	_	_	_	_	_	linguistic	_	none	_	_	0x1	_	_	_
190-11	PKP033	190	190	11	mh	mh	_	_	_	_	_	linguistic	_	none	_	_	_	_	_	_
190-12	PKP033	190	190	12	varie	varie	_	_	_	_	_	linguistic	_	none	_	_	_	_	_	_
190-13	PKP033	190	190	13	persone	persone	_	_	_	_	_	linguistic	_	none	_	_	_	_	_	_
190-14	PKP033	190	190	14	{ride}	{ride}	_	_	_	_	_	nonverbalbehavior	_	none	_	End=303.64	_	_	_	_
191-0	PKP036	191	191	0	mi	mi	_	_	_	_	_	linguistic	_	none	_	Begin=298.83	_	_	_	_
191-1	PKP036	191	191	1	piace	piace	_	_	_	_	_	linguistic	_	none	_	End=299.51	_	_	_	_
192-0	PKP036	192	192	0	[a	a	_	_	_	_	_	linguistic	_	none	_	Begin=302.69	_	_	_	0-1(74)
192-1	PKP036	192	192	1	chiunque]	chiunque	_	_	_	_	_	linguistic	_	none	_	_	_	_	_	0-8(74)
192-2	PKP036	192	192	2	{ride}	{ride}	_	_	_	_	_	nonverbalbehavior	_	none	_	End=303.76	_	_	_	_
193-0	PKP033	193	193	0	esatto	esatto	_	_	_	_	_	linguistic	_	none	_	Begin=303.99|End=304.56	_	_	_	_
194-0	PKP036	194	194	0	e	e	_	_	_	_	_	linguistic	_	none	_	Begin=305.3	_	_	_	_
194-1	PKP036	194	194	1	quindi	quindi	_	_	_	_	_	linguistic	_	none	_	_	_	_	_	_
194-2	PKP036	194	194	2	quando	quando	_	_	_	_	_	linguistic	_	none	_	_	_	_	_	_
194-3	PKP036	194	194	3	è	è	_	_	_	_	_	linguistic	_	none	_	_	_	_	_	_
194-4	PKP036	194	194	4	partito	partito	_	_	_	_	_	linguistic	_	none	_	_	_	_	_	_
194-5	PKP036	194	194	5	giu?	giu	_	_	_	_	_	linguistic	_	none	Intonation=Rising	End=306.83	_	_	_	_
195-0	PKP033	195	195	0	[allora]	allora	_	_	_	_	_	linguistic	_	none	_	Begin=307.43|End=308.06	_	_	_	0-6(76)
196-0	PKP036	196	196	0	[a	a	_	_	_	_	_	linguistic	_	none	_	Begin=307.45	_	_	_	0-1(76)
196-1	PKP036	196	196	1	(nata]le)?	natale	_	_	_	_	_	linguistic	_	none	Intonation=Rising	End=308.29	_	_	0-6(0)	0-4(76)
197-0	PKP033	197	197	0	è	è	_	_	_	_	_	linguistic	_	none	_	Begin=309.29	_	_	_	_
197-1	PKP033	197	197	1	partito	partito	_	_	_	_	_	linguistic	_	none	_	_	_	_	_	_
197-2	PKP033	197	197	2	lunedì	lunedì	_	_	_	_	_	linguistic	_	none	_	_	_	_	_	_
197-3	PKP033	197	197	3	sì	sì	_	_	_	_	_	linguistic	_	none	PauseAfter=Yes	_	_	_	_	_
197-4	PKP033	197	197	4	{P}	{P}	_	_	_	_	_	shortpause	_	none	_	_	_	_	_	_
197-5	PKP033	197	197	5	[sì]	sì	_	_	_	_	_	linguistic	_	none	_	_	_	_	_	0-2(77)
197-6	PKP033	197	197	6	sì	sì	_	_	_	_	_	linguistic	_	none	PauseAfter=Yes	_	_	_	_	_
197-7	PKP033	197	197	7	{P}	{P}	_	_	_	_	_	shortpause	_	none	_	_	_	_	_	_
197-8	PKP033	197	197	8	sì	sì	_	_	_	_	_	linguistic	_	none	_	_	_	_	_	_
197-9	PKP033	197	197	9	sì	sì	_	_	_	_	_	linguistic	_	none	_	End=313.06	_	_	_	_
198-0	PKP036	198	198	0	ah	ah	_	_	_	_	_	linguistic	_	none	_	Begin=310.92	_	_	_	_
198-1	PKP036	198	198	1	adesso	adesso	_	_	_	_	_	linguistic	_	none	_	_	_	_	_	_
198-2	PKP036	198	198	2	pro[prio]	proprio	_	_	_	_	_	linguistic	_	none	_	End=311.92	_	_	_	3-7(77)
199-0	PKP033	199	199	0	e:h	eh	_	_	_	_	_	linguistic	_	none	_	Begin=313.68	0x1	_	_	_
199-1	PKP033	199	199	1	adesso	adesso	_	_	_	_	_	linguistic	_	none	_	_	_	_	_	_
199-2	PKP033	199	199	2	torna	torna	_	_	_	_	_	linguistic	_	none	_	_	_	_	_	_
199-3	PKP033	199	199	3	il	il	_	_	_	_	_	linguistic	_	none	_	_	_	_	_	_
199-4	PKP033	199	199	4	venti:	venti	_	_	_	_	_	linguistic	_	none	PauseAfter=Yes	_	4x1	_	_	_
199-5	PKP033	199	199	5	{P}	{P}	_	_	_	_	_	shortpause	_	none	_	_	_	_	_	_
199-6	PKP033	199	199	6	<quattro>	quattro	_	_	_	_	_	linguistic	_	none	_	_	_	Slow=0-7(0)	_	_
199-7	PKP033	199	199	7	sì	sì	_	_	_	_	_	linguistic	_	none	_	End=316.61	_	_	_	_
200-0	PKP036	200	200	0	mh	mh	_	_	_	_	_	linguistic	_	none	_	Begin=316.61|End=316.92	_	_	_	_
201-0	PKP033	201	201	0	che	che	_	_	_	_	_	linguistic	_	none	_	Begin=317.64	_	_	_	_
201-1	PKP033	201	201	1	è	è	_	_	_	_	_	linguistic	_	none	_	_	_	_	_	_
201-2	PKP033	201	201	2	tra	tra	_	_	_	_	_	linguistic	_	none	PauseAfter=Yes	_	_	_	_	_
201-3	PKP033	201	201	3	{P}	{P}	_	_	_	_	_	shortpause	_	none	_	_	_	_	_	_
201-4	PKP033	201	201	4	tipo	tipo	_	_	_	_	_	linguistic	_	none	_	_	_	_	_	_
201-5	PKP033	201	201	5	dieci	dieci	_	_	_	_	_	linguistic	_	none	_	_	_	_	_	_
201-6	PKP033	201	201	6	gior[ni]	giorni	_	_	_	_	_	linguistic	_	none	_	End=320.22	_	_	_	4-6(78)
202-0	PKP036	202	202	0	[sì]	sì	_	_	_	_	_	linguistic	_	none	_	Begin=320.0|End=320.4	_	_	_	0-2(78)
203-0	PKP033	203	203	0	e:	e	_	_	_	_	_	linguistic	_	none	_	Begin=321.33	0x1	_	_	_
203-1	PKP033	203	203	1	m:h	mh	_	_	_	_	_	linguistic	_	none	_	_	0x1	_	_	_
203-2	PKP033	203	203	2	poi	poi	_	_	_	_	_	linguistic	_	none	_	_	_	_	_	_
203-3	PKP033	203	203	3	adesso	adesso	_	_	_	_	_	linguistic	_	none	_	_	_	_	_	_
203-4	PKP033	203	203	4	si	si	_	_	_	_	_	linguistic	_	none	_	_	_	_	_	_
203-5	PKP033	203	203	5	è	è	_	_	_	_	_	linguistic	_	none	_	_	_	_	_	_
203-6	PKP033	203	203	6	informato	informato	_	_	_	_	_	linguistic	_	none	_	_	_	_	_	_
203-7	PKP033	203	203	7	ha	ha	_	_	_	_	_	linguistic	_	none	_	_	_	_	_	_
203-8	PKP033	203	203	8	capito	capito	_	_	_	_	_	linguistic	_	none	_	_	_	_	_	_
203-9	PKP033	203	203	9	che	che	_	_	_	_	_	linguistic	_	none	_	_	_	_	_	_
203-10	PKP033	203	203	10	due	due	_	_	_	_	_	linguistic	_	none	_	_	_	_	_	_
203-11	PKP033	203	203	11	settimane	settimane	_	_	_	_	_	linguistic	_	none	_	_	_	_	_	_
203-12	PKP033	203	203	12	di	di	_	_	_	_	_	linguistic	_	none	_	_	_	_	_	_
203-13	PKP033	203	203	13	febbraio	febbraio	_	_	_	_	_	linguistic	_	none	_	_	_	_	_	_
203-14	PKP033	203	203	14	sono:	sono	_	_	_	_	_	linguistic	_	none	_	_	3x1	_	_	_
203-15	PKP033	203	203	15	festa	festa	_	_	_	_	_	linguistic	_	none	_	End=326.58	_	_	_	_
204-0	PKP033	204	204	0	tipo	tipo	_	_	_	_	_	linguistic	_	none	_	Begin=326.6	_	_	_	_
204-1	PKP033	204	204	1	tip[o:]	tipo	_	_	_	_	_	linguistic	_	none	PauseAfter=Yes	_	3x1	_	_	3-4(79)
204-2	PKP033	204	204	2	{P}	{P}	_	_	_	_	_	shortpause	_	none	_	_	_	_	_	_
204-3	PKP033	204	204	3	tipo	tipo	_	_	_	_	_	linguistic	_	none	_	_	_	_	_	_
204-4	PKP033	204	204	4	halfterm	halfterm	_	_	_	_	_	linguistic	_	none	_	End=329.53	_	_	_	_
205-0	PKP036	205	205	0	[mh]	mh	_	_	_	_	_	linguistic	_	none	_	Begin=327.67|End=328.12	_	_	_	0-2(79)
206-0	PKP036	206	206	0	mh	mh	_	_	_	_	_	linguistic	_	none	_	Begin=329.76|End=330.06	_	_	_	_
207-0	PKP033	207	207	0	capito	capito	_	_	_	_	_	linguistic	_	none	_	Begin=330.11|End=330.63	_	_	_	_
208-0	PKP036	208	208	0	okay	okay	_	_	_	_	_	linguistic	_	none	_	Begin=330.65|End=331.3	_	_	_	_
209-0	PKP033	209	209	0	e	e	_	_	_	_	_	linguistic	_	none	_	Begin=331.31	_	_	_	_
209-1	PKP033	209	209	1	quindi:	quindi	_	_	_	_	_	linguistic	_	none	_	_	5x1	_	_	_
209-2	PKP033	209	209	2	sicuramente	sicuramente	_	_	_	_	_	linguistic	_	none	_	_	_	_	_	_
209-3	PKP033	209	209	3	tornerà:	tornerà	_	_	_	_	_	linguistic	_	none	_	End=333.05	6x1	_	_	_
210-0	PKP033	210	210	0	e	e	_	_	_	_	_	linguistic	_	none	_	Begin=333.05	_	_	_	_
210-1	PKP033	210	210	1	poi	poi	_	_	_	_	_	linguistic	_	none	_	_	_	_	_	_
210-2	PKP033	210	210	2	c'	c'	_	_	_	_	_	linguistic	_	none	SpaceAfter=No	_	_	_	_	_
210-3	PKP033	210	210	3	è	è	_	_	_	_	_	linguistic	_	none	_	_	_	_	_	_
210-4	PKP033	210	210	4	tipo	tipo	_	_	_	_	_	linguistic	_	none	_	_	_	_	_	_
210-5	PKP033	210	210	5	la	la	_	_	_	_	_	linguistic	_	none	_	_	_	_	_	_
210-6	PKP033	210	210	6	pausa	pausa	_	_	_	_	_	linguistic	_	none	_	_	_	_	_	_
210-7	PKP033	210	210	7	di	di	_	_	_	_	_	linguistic	_	none	_	_	_	_	_	_
210-8	PKP033	210	210	8	pasqua	pasqua	_	_	_	_	_	linguistic	_	none	_	_	_	_	_	_
210-9	PKP033	210	210	9	che	che	_	_	_	_	_	linguistic	_	none	_	_	_	_	_	_
210-10	PKP033	210	210	10	è	è	_	_	_	_	_	linguistic	_	none	_	_	_	_	_	_
210-11	PKP033	210	210	11	in	in	_	_	_	_	_	linguistic	_	none	_	_	_	_	_	_
210-12	PKP033	210	210	12	marzo	marzo	_	_	_	_	_	linguistic	_	none	_	_	_	_	_	_
210-13	PKP033	210	210	13	perché	perché	_	_	_	_	_	linguistic	_	none	_	_	_	_	_	_
210-14	PKP033	210	210	14	pasqua	pasqua	_	_	_	_	_	linguistic	_	none	_	_	_	_	_	_
210-15	PKP033	210	210	15	è	è	_	_	_	_	_	linguistic	_	none	_	_	_	_	_	_
210-16	PKP033	210	210	16	in	in	_	_	_	_	_	linguistic	_	none	_	_	_	_	_	_
210-17	PKP033	210	210	17	marzo	marzo	_	_	_	_	_	linguistic	_	none	_	End=336.4	_	_	_	_
211-0	PKP036	211	211	0	s:ì	sì	_	_	_	_	_	linguistic	_	none	_	Begin=336.4|End=336.88	0x1	_	_	_
212-0	PKP036	212	212	0	l'	l'	_	_	_	_	_	linguistic	_	none	SpaceAfter=No	Begin=337.31	_	_	_	_
212-1	PKP036	212	212	1	ultimo	ultimo	_	_	_	_	_	linguistic	_	none	_	_	_	_	_	_
212-2	PKP036	212	212	2	giorno	giorno	_	_	_	_	_	linguistic	_	none	_	_	_	_	_	_
212-3	PKP036	212	212	3	mi	mi	_	_	_	_	_	linguistic	_	none	_	_	_	_	_	_
212-4	PKP036	212	212	4	sa	sa	_	_	_	_	_	linguistic	_	none	_	End=338.56	_	_	_	_
213-0	PKP033	213	213	0	mhmh	mhmh	_	_	_	_	_	linguistic	_	none	_	Begin=338.59|End=339.15	_	_	_	_
214-0	PKP033	214	214	0	e:	e	_	_	_	_	_	linguistic	_	none	_	Begin=339.41	0x1	_	_	_
214-1	PKP033	214	214	1	quindi:	quindi	_	_	_	_	_	linguistic	_	none	_	_	5x1	_	_	_
214-2	PKP033	214	214	2	f~	f~	_	_	_	_	_	linguistic	_	none	Interrupted=Yes|PauseAfter=Yes	_	_	_	_	_
214-3	PKP033	214	214	3	{P}	{P}	_	_	_	_	_	shortpause	_	none	_	_	_	_	_	_
214-4	PKP033	214	214	4	c(io)è	cioè	_	_	_	_	_	linguistic	_	none	_	End=341.23	_	_	1-3(0)	_
215-0	PKP033	215	215	0	starà	starà	_	_	_	_	_	linguistic	_	none	_	Begin=342.55	_	_	_	_
215-1	PKP033	215	215	1	due	due	_	_	_	_	_	linguistic	_	none	_	_	_	_	_	_
215-2	PKP033	215	215	2	settimane	settimane	_	_	_	_	_	linguistic	_	none	_	_	_	_	_	_
215-3	PKP033	215	215	3	qua	qua	_	_	_	_	_	linguistic	_	none	_	_	_	_	_	_
215-4	PKP033	215	215	4	e	e	_	_	_	_	_	linguistic	_	none	_	_	_	_	_	_
215-5	PKP033	215	215	5	due	due	_	_	_	_	_	linguistic	_	none	_	_	_	_	_	_
215-6	PKP033	215	215	6	settimane	settimane	_	_	_	_	_	linguistic	_	none	_	_	_	_	_	_
215-7	PKP033	215	215	7	là	là	_	_	_	_	_	linguistic	_	none	_	_	_	_	_	_
215-8	PKP033	215	215	8	sec[ondo]	secondo	_	_	_	_	_	linguistic	_	none	_	_	_	_	_	3-7(80)
215-9	PKP033	215	215	9	me	me	_	_	_	_	_	linguistic	_	none	_	End=345.07	_	_	_	_
216-0	PKP036	216	216	0	[mhmh]	mhmh	_	_	_	_	_	linguistic	_	none	_	Begin=344.65|End=345.15	_	_	_	0-4(80)
217-0	PKP037	217	217	0	okay	okay	_	_	_	_	_	linguistic	_	none	_	Begin=345.08|End=345.66	_	_	_	_
218-0	PKP036	218	218	0	[e	e	_	_	_	_	_	linguistic	_	none	_	Begin=346.22	_	_	_	0-1(488)
218-1	PKP036	218	218	1	tu	tu	_	_	_	_	_	linguistic	_	none	_	_	_	_	_	0-2(488)
218-2	PKP036	218	218	2	non	non	_	_	_	_	_	linguistic	_	none	_	_	_	_	_	0-3(488)
218-3	PKP036	218	218	3	vai]?	vai	_	_	_	_	_	linguistic	_	none	Intonation=Rising	End=347.08	_	_	_	0-3(488)
219-0	PKP033	219	219	0	[(più	più	_	_	_	_	_	linguistic	_	none	_	Begin=346.23	_	_	0-3(0)	0-3(488)
219-1	PKP033	219	219	1	o	o	_	_	_	_	_	linguistic	_	none	_	_	_	_	0-1(0)	0-1(488)
219-2	PKP033	219	219	2	meno)]	meno	_	_	_	_	_	linguistic	_	none	_	End=346.78	_	_	0-4(0)	0-4(488)
220-0	PKP037	220	220	0	[(tra	tra	_	_	_	_	_	linguistic	_	none	_	Begin=346.51	_	_	0-3(0)	0-3(488)
220-1	PKP037	220	220	1	un	un	_	_	_	_	_	linguistic	_	none	_	_	_	_	0-2(0)	0-2(488)
220-2	PKP037	220	220	2	p]o:')	po'	_	_	_	_	_	linguistic	_	none	_	End=347.29	1x1	_	0-3(0)	0-1(488)
221-0	PKP033	221	221	0	ma	ma	_	_	_	_	_	linguistic	_	none	_	Begin=349.18	_	_	_	_
221-1	PKP033	221	221	1	e:h	eh	_	_	_	_	_	linguistic	_	none	_	_	0x1	_	_	_
221-2	PKP033	221	221	2	non	non	_	_	_	_	_	linguistic	_	none	_	_	_	_	_	_
221-3	PKP033	221	221	3	è	è	_	_	_	_	_	linguistic	_	none	_	_	_	_	_	_
221-4	PKP033	221	221	4	che	che	_	_	_	_	_	linguistic	_	none	_	_	_	_	_	_
221-5	PKP033	221	221	5	mi	mi	_	_	_	_	_	linguistic	_	none	_	_	_	_	_	_
221-6	PKP033	221	221	6	sia:	sia	_	_	_	_	_	linguistic	_	none	_	_	2x1	_	_	_
221-7	PKP033	221	221	7	per	per	_	_	_	_	_	linguistic	_	none	_	_	_	_	_	_
221-8	PKP033	221	221	8	ora	ora	_	_	_	_	_	linguistic	_	none	_	_	_	_	_	_
221-9	PKP033	221	221	9	riuscita	riuscita	_	_	_	_	_	linguistic	_	none	_	_	_	_	_	_
221-10	PKP033	221	221	10	a	a	_	_	_	_	_	linguistic	_	none	_	_	_	_	_	_
221-11	PKP033	221	221	11	organizzar	organizzar	_	_	_	_	_	linguistic	_	none	_	_	_	_	_	_
221-12	PKP033	221	221	12	moltis[simo]	moltissimo	_	_	_	_	_	linguistic	_	none	_	_	_	_	_	6-10(82)
221-13	PKP033	221	221	13	a	a	_	_	_	_	_	linguistic	_	none	_	_	_	_	_	_
221-14	PKP033	221	221	14	dir	dir	_	_	_	_	_	linguistic	_	none	_	_	_	_	_	_
221-15	PKP033	221	221	15	la	la	_	_	_	_	_	linguistic	_	none	_	_	_	_	_	_
221-16	PKP033	221	221	16	verità	verità	_	_	_	_	_	linguistic	_	none	_	End=354.62	_	_	_	_
222-0	PKP036	222	222	0	[mh]	mh	_	_	_	_	_	linguistic	_	none	_	Begin=353.25|End=353.65	_	_	_	0-2(82)
223-0	PKP036	223	223	0	però	però	_	_	_	_	_	linguistic	_	none	_	Begin=356.37|End=356.89	_	_	_	_
224-0	PKP033	224	224	0	perché	perché	_	_	_	_	_	linguistic	_	none	_	Begin=357.12	_	_	_	_
224-1	PKP033	224	224	1	mh:	mh	_	_	_	_	_	linguistic	_	none	_	End=358.51	1x1	_	_	_
225-0	PKP033	225	225	0	c(io)è	cioè	_	_	_	_	_	linguistic	_	none	_	Begin=360.155	_	_	1-3(0)	_
225-1	PKP033	225	225	1	io	io	_	_	_	_	_	linguistic	_	none	_	_	_	_	_	_
225-2	PKP033	225	225	2	m:	m	_	_	_	_	_	linguistic	_	none	_	_	0x1	_	_	_
225-3	PKP033	225	225	3	s~	s~	_	_	_	_	_	linguistic	_	none	Interrupted=Yes	_	_	_	_	_
225-4	PKP033	225	225	4	m:h	mh	_	_	_	_	_	linguistic	_	none	_	_	0x1	_	_	_
225-5	PKP033	225	225	5	sarei	sarei	_	_	_	_	_	linguistic	_	none	_	_	_	_	_	_
225-6	PKP033	225	225	6	andata	andata	_	_	_	_	_	linguistic	_	none	_	_	_	_	_	_
225-7	PKP033	225	225	7	volentieri	volentieri	_	_	_	_	_	linguistic	_	none	_	_	_	_	_	_
225-8	PKP033	225	225	8	su	su	_	_	_	_	_	linguistic	_	none	_	_	_	_	_	_
225-9	PKP033	225	225	9	con	con	_	_	_	_	_	linguistic	_	none	_	_	_	_	_	_
225-10	PKP033	225	225	10	lui	lui	_	_	_	_	_	linguistic	_	none	_	_	_	_	_	_
225-11	PKP033	225	225	11	quando	quando	_	_	_	_	_	linguistic	_	none	_	_	_	_	_	_
225-12	PKP033	225	225	12	è	è	_	_	_	_	_	linguistic	_	none	_	_	_	_	_	_
225-13	PKP033	225	225	13	andato	andato	_	_	_	_	_	linguistic	_	none	PauseAfter=Yes	_	_	_	_	_
225-14	PKP033	225	225	14	{P}	{P}	_	_	_	_	_	shortpause	_	none	_	_	_	_	_	_
225-15	PKP033	225	225	15	[però	però	_	_	_	_	_	linguistic	_	none	_	_	_	_	_	0-4(83)
225-16	PKP033	225	225	16	bisognava	bisognava	_	_	_	_	_	linguistic	_	none	_	_	_	_	_	0-9(83)
225-17	PKP033	225	225	17	organizzarsi	organizzarsi	_	_	_	_	_	linguistic	_	none	_	_	_	_	_	0-12(83)
225-18	PKP033	225	225	18	di]	di	_	_	_	_	_	linguistic	_	none	_	_	_	_	_	0-2(83)
225-19	PKP033	225	225	19	andare	andare	_	_	_	_	_	linguistic	_	none	_	_	_	_	_	_
225-20	PKP033	225	225	20	il	il	_	_	_	_	_	linguistic	_	none	_	_	_	_	_	_
225-21	PKP033	225	225	21	weekend	weekend	_	_	_	_	_	linguistic	_	none	_	_	_	_	_	_
225-22	PKP033	225	225	22	prima	prima	_	_	_	_	_	linguistic	_	none	_	_	_	_	_	_
225-23	PKP033	225	225	23	c(io)è	cioè	_	_	_	_	_	linguistic	_	none	_	_	_	_	1-3(1)	_
225-24	PKP033	225	225	24	non	non	_	_	_	_	_	linguistic	_	none	_	_	_	_	_	_
225-25	PKP033	225	225	25	è	è	_	_	_	_	_	linguistic	_	none	_	_	_	_	_	_
225-26	PKP033	225	225	26	che	che	_	_	_	_	_	linguistic	_	none	_	_	_	_	_	_
225-27	PKP033	225	225	27	posso	posso	_	_	_	_	_	linguistic	_	none	_	_	_	_	_	_
225-28	PKP033	225	225	28	partire	partire	_	_	_	_	_	linguistic	_	none	_	_	_	_	_	_
225-29	PKP033	225	225	29	l'	l'	_	_	_	_	_	linguistic	_	none	SpaceAfter=No	_	_	_	_	_
225-30	PKP033	225	225	30	otto	otto	_	_	_	_	_	linguistic	_	none	_	End=369.52	_	_	_	_
226-0	PKP036	226	226	0	eh	eh	_	_	_	_	_	linguistic	_	none	_	Begin=364.62	_	_	_	_
226-1	PKP036	226	226	1	ma	ma	_	_	_	_	_	linguistic	_	none	_	_	_	_	_	_
226-2	PKP036	226	226	2	infatti	infatti	_	_	_	_	_	linguistic	_	none	_	_	_	_	_	_
226-3	PKP036	226	226	3	[mi	mi	_	_	_	_	_	linguistic	_	none	_	_	_	_	_	0-2(83)
226-4	PKP036	226	226	4	sembrava	sembrava	_	_	_	_	_	linguistic	_	none	_	_	_	_	_	0-8(83)
226-5	PKP036	226	226	5	xx]	xx	_	_	_	_	_	unknown	_	none	Syllables=2	End=366.62	_	_	_	0-2(83)
227-0	PKP036	227	227	0	mhmh	mhmh	_	_	_	_	_	linguistic	_	none	_	Begin=369.54|End=369.96	_	_	_	_
228-0	PKP033	228	228	0	di	di	_	_	_	_	_	linguistic	_	none	_	Begin=370.04	_	_	_	_
228-1	PKP033	228	228	1	lunedì:	lunedì	_	_	_	_	_	linguistic	_	none	_	End=370.825	5x1	_	_	_
229-0	PKP036	229	229	0	certo	certo	_	_	_	_	_	linguistic	_	none	_	Begin=370.825|End=371.43	_	_	_	_
230-0	PKP033	230	230	0	e:	e	_	_	_	_	_	linguistic	_	none	_	Begin=372.23	0x1	_	_	_
230-1	PKP033	230	230	1	m:h	mh	_	_	_	_	_	linguistic	_	none	_	End=373.37	0x1	_	_	_
231-0	PKP036	231	231	0	eh	eh	_	_	_	_	_	linguistic	_	none	_	Begin=375.42	_	_	_	_
231-1	PKP036	231	231	1	vabbè	vabbè	_	_	_	_	_	linguistic	_	none	_	End=376.06	_	_	_	_
232-0	PKP033	232	232	0	però	però	_	_	_	_	_	linguistic	_	none	_	Begin=376.11	_	_	_	_
232-1	PKP033	232	232	1	siccome	siccome	_	_	_	_	_	linguistic	_	none	_	_	_	_	_	_
232-2	PKP033	232	232	2	non	non	_	_	_	_	_	linguistic	_	none	_	_	_	_	_	_
232-3	PKP033	232	232	3	sono	sono	_	_	_	_	_	linguistic	_	none	_	_	_	_	_	_
232-4	PKP033	232	232	4	io	io	_	_	_	_	_	linguistic	_	none	_	_	_	_	_	_
232-5	PKP033	232	232	5	che	che	_	_	_	_	_	linguistic	_	none	_	_	_	_	_	_
232-6	PKP033	232	232	6	dovevo	dovevo	_	_	_	_	_	linguistic	_	none	_	_	_	_	_	_
232-7	PKP033	232	232	7	andare	andare	_	_	_	_	_	linguistic	_	none	_	_	_	_	_	_
232-8	PKP033	232	232	8	ma	ma	_	_	_	_	_	linguistic	_	none	_	_	_	_	_	_
232-9	PKP033	232	232	9	doveva	doveva	_	_	_	_	_	linguistic	_	none	_	_	_	_	_	_
232-10	PKP033	232	232	10	andar	andar	_	_	_	_	_	linguistic	_	none	_	_	_	_	_	_
232-11	PKP033	232	232	11	lui	lui	_	_	_	_	_	linguistic	_	none	_	_	_	_	_	_
232-12	PKP033	232	232	12	così	così	_	_	_	_	_	linguistic	_	none	_	_	_	_	_	_
232-13	PKP033	232	232	13	abbiam~	abbiam~	_	_	_	_	_	linguistic	_	none	Interrupted=Yes	_	_	_	_	_
232-14	PKP033	232	232	14	se	se	_	_	_	_	_	linguistic	_	none	_	_	_	_	_	_
232-15	PKP033	232	232	15	no	no	_	_	_	_	_	linguistic	_	none	_	_	_	_	_	_
232-16	PKP033	232	232	16	bisognava	bisognava	_	_	_	_	_	linguistic	_	none	_	_	_	_	_	_
232-17	PKP033	232	232	17	fare	fare	_	_	_	_	_	linguistic	_	none	_	_	_	_	_	_
232-18	PKP033	232	232	18	il	il	_	_	_	_	_	linguistic	_	none	_	_	_	_	_	_
232-19	PKP033	232	232	19	weekend	weekend	_	_	_	_	_	linguistic	_	none	_	_	_	_	_	_
232-20	PKP033	232	232	20	della	della	_	_	_	_	_	linguistic	_	none	_	_	_	_	_	_
232-21	PKP033	232	232	21	befana	befana	_	_	_	_	_	linguistic	_	none	_	_	_	_	_	_
232-22	PKP033	232	232	22	via	via	_	_	_	_	_	linguistic	_	none	_	_	_	_	_	_
232-23	PKP033	232	232	23	[non]:	non	_	_	_	_	_	linguistic	_	none	_	_	2x1	_	_	0-3(84)
232-24	PKP033	232	232	24	secondo	secondo	_	_	_	_	_	linguistic	_	none	_	_	_	_	_	_
232-25	PKP033	232	232	25	me	me	_	_	_	_	_	linguistic	_	none	_	_	_	_	_	_
232-26	PKP033	232	232	26	non	non	_	_	_	_	_	linguistic	_	none	_	_	_	_	_	_
232-27	PKP033	232	232	27	ne	ne	_	_	_	_	_	linguistic	_	none	_	_	_	_	_	_
232-28	PKP033	232	232	28	aveva	aveva	_	_	_	_	_	linguistic	_	none	_	_	_	_	_	_
232-29	PKP033	232	232	29	voglia	voglia	_	_	_	_	_	linguistic	_	none	_	End=383.08	_	_	_	_
233-0	PKP036	233	233	0	[mhmh]	mhmh	_	_	_	_	_	linguistic	_	none	_	Begin=381.07|End=381.74	_	_	_	0-4(84)
234-0	PKP036	234	234	0	[mhmh]	mhmh	_	_	_	_	_	linguistic	_	none	_	Begin=383.99|End=384.6	_	_	_	0-4(85)
235-0	PKP037	235	235	0	[ma	ma	_	_	_	_	_	linguistic	_	none	_	Begin=384.01	_	_	_	0-2(85)
235-1	PKP037	235	235	1	poi]:	poi	_	_	_	_	_	linguistic	_	none	_	_	2x1	_	_	0-3(85)
235-2	PKP037	235	235	2	avreste	avreste	_	_	_	_	_	linguistic	_	none	_	_	_	_	_	_
235-3	PKP037	235	235	3	pagato	pagato	_	_	_	_	_	linguistic	_	none	_	_	_	_	_	_
235-4	PKP037	235	235	4	di	di	_	_	_	_	_	linguistic	_	none	_	_	_	_	_	_
235-5	PKP037	235	235	5	più	più	_	_	_	_	_	linguistic	_	none	_	End=386.11	_	_	_	_
236-0	PKP037	236	236	0	(tanto	tanto	_	_	_	_	_	linguistic	_	none	_	Begin=386.59	_	_	0-5(0)	_
236-1	PKP037	236	236	1	tutto	tutto	_	_	_	_	_	linguistic	_	none	_	_	_	_	0-5(0)	_
236-2	PKP037	236	236	2	lì)	lì	_	_	_	_	_	linguistic	_	none	PauseAfter=Yes	_	_	_	0-2(0)	_
236-3	PKP037	236	236	3	{P}	{P}	_	_	_	_	_	shortpause	_	none	_	_	_	_	_	_
236-4	PKP037	236	236	4	c(io)è	cioè	_	_	_	_	_	linguistic	_	none	_	_	_	_	1-3(1)	_
236-5	PKP037	236	236	5	non	non	_	_	_	_	_	linguistic	_	none	_	_	_	_	_	_
236-6	PKP037	236	236	6	so	so	_	_	_	_	_	linguistic	_	none	_	_	_	_	_	_
236-7	PKP037	236	236	7	se	se	_	_	_	_	_	linguistic	_	none	_	_	_	_	_	_
236-8	PKP037	236	236	8	era:	era	_	_	_	_	_	linguistic	_	none	_	End=389.12	2x1	_	_	_
237-0	PKP037	237	237	0	[c'	c'	_	_	_	_	_	linguistic	_	none	SpaceAfter=No	Begin=389.2	_	_	_	0-2(?)
237-1	PKP037	237	237	1	aveva	aveva	_	_	_	_	_	linguistic	_	none	_	_	_	_	_	0-5(?)
237-2	PKP037	237	237	2	già	già	_	_	_	_	_	linguistic	_	none	_	_	_	_	_	0-3(?)
237-3	PKP037	237	237	3	la	la	_	_	_	_	_	linguistic	_	none	_	_	_	_	_	0-2(?)
237-4	PKP037	237	237	4	casa]	casa	_	_	_	_	_	linguistic	_	none	PauseAfter=Yes	_	_	_	_	0-4(?)
237-5	PKP037	237	237	5	{P}	{P}	_	_	_	_	_	shortpause	_	none	_	_	_	_	_	_
237-6	PKP037	237	237	6	ah	ah	_	_	_	_	_	linguistic	_	none	_	_	_	_	_	_
237-7	PKP037	237	237	7	ok[ay]	okay	_	_	_	_	_	linguistic	_	none	_	End=391.24	_	_	_	1-4(?)
238-0	PKP033	238	238	0	[c'	c'	_	_	_	_	_	linguistic	_	none	SpaceAfter=No	Begin=389.22	_	_	_	0-2(?)
238-1	PKP033	238	238	1	aveva	aveva	_	_	_	_	_	linguistic	_	none	_	_	_	_	_	0-5(?)
238-2	PKP033	238	238	2	già	già	_	_	_	_	_	linguistic	_	none	_	_	_	_	_	0-3(?)
238-3	PKP033	238	238	3	la	la	_	_	_	_	_	linguistic	_	none	_	_	_	_	_	0-2(?)
238-4	PKP033	238	238	4	casa:]	casa	_	_	_	_	_	linguistic	_	none	PauseAfter=Yes	_	3x1	_	_	0-4(?)
238-5	PKP033	238	238	5	{P}	{P}	_	_	_	_	_	shortpause	_	none	_	_	_	_	_	_
238-6	PKP033	238	238	6	[sì]	sì	_	_	_	_	_	linguistic	_	none	_	End=391.42	_	_	_	0-2(?)
239-0	PKP037	239	239	0	solo	solo	_	_	_	_	_	linguistic	_	none	_	Begin=391.9	_	_	_	_
239-1	PKP037	239	239	1	il	il	_	_	_	_	_	linguistic	_	none	_	_	_	_	_	_
239-2	PKP037	239	239	2	volo	volo	_	_	_	_	_	linguistic	_	none	_	_	_	_	_	_
239-3	PKP037	239	239	3	allora	allora	_	_	_	_	_	linguistic	_	none	_	End=392.68	_	_	_	_
240-0	PKP033	240	240	0	sì	sì	_	_	_	_	_	linguistic	_	none	PauseAfter=Yes	Begin=393.5	_	_	_	_
240-1	PKP033	240	240	1	{P}	{P}	_	_	_	_	_	shortpause	_	none	_	_	_	_	_	_
240-2	PKP033	240	240	2	vabbè	vabbè	_	_	_	_	_	linguistic	_	none	PauseAfter=Yes	_	_	_	_	_
240-3	PKP033	240	240	3	{P}	{P}	_	_	_	_	_	shortpause	_	none	_	_	_	_	_	_
240-4	PKP033	240	240	4	mi	mi	_	_	_	_	_	linguistic	_	none	_	_	_	_	_	_
240-5	PKP033	240	240	5	facevo	facevo	_	_	_	_	_	linguistic	_	none	_	_	_	_	_	_
240-6	PKP033	240	240	6	un	un	_	_	_	_	_	linguistic	_	none	_	_	_	_	_	_
240-7	PKP033	240	240	7	week[end]	weekend	_	_	_	_	_	linguistic	_	none	_	End=395.71	_	_	_	4-7(87)
241-0	PKP036	241	241	0	[eh]	eh	_	_	_	_	_	linguistic	_	none	_	Begin=395.49	_	_	_	0-2(87)
241-1	PKP036	241	241	1	sì	sì	_	_	_	_	_	linguistic	_	none	_	_	_	_	_	_
241-2	PKP036	241	241	2	alme[no]	almeno	_	_	_	_	_	linguistic	_	none	_	End=396.62	_	_	_	4-6(88)
242-0	PKP037	242	242	0	[sì	sì	_	_	_	_	_	linguistic	_	none	_	Begin=396.24	_	_	_	0-2(88)
242-1	PKP037	242	242	1	sì]	sì	_	_	_	_	_	linguistic	_	none	_	End=396.7	_	_	_	0-2(88)
243-0	PKP037	243	243	0	però	però	_	_	_	_	_	linguistic	_	none	_	Begin=397.53	_	_	_	_
243-1	PKP037	243	243	1	hai	hai	_	_	_	_	_	linguistic	_	none	_	_	_	_	_	_
243-2	PKP037	243	243	2	sei	sei	_	_	_	_	_	linguistic	_	none	_	_	_	_	_	_
243-3	PKP037	243	243	3	mesi	mesi	_	_	_	_	_	linguistic	_	none	_	_	_	_	_	_
243-4	PKP037	243	243	4	di	di	_	_	_	_	_	linguistic	_	none	_	_	_	_	_	_
243-5	PKP037	243	243	5	weekend	weekend	_	_	_	_	_	linguistic	_	none	_	_	_	_	_	_
243-6	PKP037	243	243	6	da	da	_	_	_	_	_	linguistic	_	none	_	_	_	_	_	_
243-7	PKP037	243	243	7	sfruttare	sfruttare	_	_	_	_	_	linguistic	_	none	_	End=399.73	_	_	_	_
244-0	PKP036	244	244	0	eh	eh	_	_	_	_	_	linguistic	_	none	_	Begin=400.07	_	_	_	_
244-1	PKP036	244	244	1	s[ì]	sì	_	_	_	_	_	linguistic	_	none	_	End=400.7	_	_	_	1-2(89)
245-0	PKP033	245	245	0	[eh	eh	_	_	_	_	_	linguistic	_	none	_	Begin=400.33	_	_	_	0-2(89)
245-1	PKP033	245	245	1	per]ò	però	_	_	_	_	_	linguistic	_	none	_	_	_	_	_	0-3(89)
245-2	PKP033	245	245	2	solo	solo	_	_	_	_	_	linguistic	_	none	_	_	_	_	_	_
245-3	PKP033	245	245	3	che:	che	_	_	_	_	_	linguistic	_	none	_	_	2x1	_	_	_
245-4	PKP033	245	245	4	un	un	_	_	_	_	_	linguistic	_	none	_	_	_	_	_	_
245-5	PKP033	245	245	5	weekend	weekend	_	_	_	_	_	linguistic	_	none	_	_	_	_	_	_
245-6	PKP033	245	245	6	proprio	proprio	_	_	_	_	_	linguistic	_	none	_	_	_	_	_	_
245-7	PKP033	245	245	7	secco:	secco	_	_	_	_	_	linguistic	_	none	_	_	4x1	_	_	_
245-8	PKP033	245	245	8	è:	è	_	_	_	_	_	linguistic	_	none	_	_	0x1	_	_	_
245-9	PKP033	245	245	9	c(io)è	cioè	_	_	_	_	_	linguistic	_	none	_	_	_	_	1-3(0)	_
245-10	PKP033	245	245	10	è	è	_	_	_	_	_	linguistic	_	none	_	_	_	_	_	_
245-11	PKP033	245	245	11	un	un	_	_	_	_	_	linguistic	_	none	_	_	_	_	_	_
245-12	PKP033	245	245	12	po'	po'	_	_	_	_	_	linguistic	_	none	_	_	_	_	_	_
245-13	PKP033	245	245	13	faticoso	faticoso	_	_	_	_	_	linguistic	_	none	_	_	_	_	_	_
245-14	PKP033	245	245	14	secondo	secondo	_	_	_	_	_	linguistic	_	none	_	_	_	_	_	_
245-15	PKP033	245	245	15	me:	me	_	_	_	_	_	linguistic	_	none	_	_	1x1	_	_	_
245-16	PKP033	245	245	16	non	non	_	_	_	_	_	linguistic	_	none	_	_	_	_	_	_
245-17	PKP033	245	245	17	è~	è~	_	_	_	_	_	linguistic	_	none	Interrupted=Yes	_	_	_	_	_
245-18	PKP033	245	245	18	c(io)è	cioè	_	_	_	_	_	linguistic	_	none	_	_	_	_	1-3(1)	_
245-19	PKP033	245	245	19	devo	devo	_	_	_	_	_	linguistic	_	none	_	_	_	_	_	_
245-20	PKP033	245	245	20	prendermi	prendermi	_	_	_	_	_	linguistic	_	none	_	_	_	_	_	_
245-21	PKP033	245	245	21	dei	dei	_	_	_	_	_	linguistic	_	none	_	_	_	_	_	_
245-22	PKP033	245	245	22	giorni	giorni	_	_	_	_	_	linguistic	_	none	_	_	_	_	_	_
245-23	PKP033	245	245	23	per	per	_	_	_	_	_	linguistic	_	none	_	_	_	_	_	_
245-24	PKP033	245	245	24	ora	ora	_	_	_	_	_	linguistic	_	none	_	_	_	_	_	_
245-25	PKP033	245	245	25	non	non	_	_	_	_	_	linguistic	_	none	_	_	_	_	_	_
245-26	PKP033	245	245	26	s~	s~	_	_	_	_	_	linguistic	_	none	Interrupted=Yes	_	_	_	_	_
245-27	PKP033	245	245	27	non:	non	_	_	_	_	_	linguistic	_	none	_	_	2x1	_	_	_
245-28	PKP033	245	245	28	non:	non	_	_	_	_	_	linguistic	_	none	_	End=407.68	2x1	_	_	_
246-0	PKP036	246	246	0	puoi	puoi	_	_	_	_	_	linguistic	_	none	_	Begin=408.01	_	_	_	_
246-1	PKP036	246	246	1	provare	provare	_	_	_	_	_	linguistic	_	none	_	_	_	_	_	_
246-2	PKP036	246	246	2	il	il	_	_	_	_	_	linguistic	_	none	_	_	_	_	_	_
246-3	PKP036	246	246	3	treno	treno	_	_	_	_	_	linguistic	_	none	_	End=409.3	_	_	_	_
247-0	PKP033	247	247	0	no	no	_	_	_	_	_	linguistic	_	none	_	Begin=410.19	_	_	_	_
247-1	PKP033	247	247	1	c'	c'	_	_	_	_	_	linguistic	_	none	SpaceAfter=No	_	_	_	_	_
247-2	PKP033	247	247	2	è	è	_	_	_	_	_	linguistic	_	none	_	_	_	_	_	_
247-3	PKP033	247	247	3	il	il	_	_	_	_	_	linguistic	_	none	_	_	_	_	_	_
247-4	PKP033	247	247	4	tunnel	tunnel	_	_	_	_	_	linguistic	_	none	_	_	_	_	_	_
247-5	PKP033	247	247	5	chiuso	chiuso	_	_	_	_	_	linguistic	_	none	_	_	_	_	_	_
247-6	PKP033	247	247	6	del:	del	_	_	_	_	_	linguistic	_	none	_	_	2x1	_	_	_
247-7	PKP033	247	247	7	fr~	fr~	_	_	_	_	_	linguistic	_	none	Interrupted=Yes	_	_	_	_	_
247-8	PKP033	247	247	8	i[l:]	il	_	_	_	_	_	linguistic	_	none	_	End=412.37	1x1	_	_	0-2(489)
248-0	PKP036	248	248	0	[no:]	no	_	_	_	_	_	linguistic	_	none	_	Begin=411.88|End=413.22	1x1	_	_	0-2(?)
249-0	PKP037	249	249	0	[davvero]?	davvero	_	_	_	_	_	linguistic	_	none	Intonation=Rising	Begin=412.22|End=412.82	_	_	_	0-7(?)
250-0	PKP033	250	250	0	[sì:]	sì	_	_	_	_	_	linguistic	_	none	_	Begin=412.37|End=412.87	1x1	_	_	0-2(490)
251-0	PKP033	251	251	0	[ai	ai	_	_	_	_	_	linguistic	_	none	_	Begin=412.87	_	_	_	0-2(90)
251-1	PKP033	251	251	1	tre]ni	treni	_	_	_	_	_	linguistic	_	none	_	_	_	_	_	0-3(90)
251-2	PKP033	251	251	2	sì	sì	_	_	_	_	_	linguistic	_	none	_	End=413.78	_	_	_	_
252-0	PKP033	252	252	0	s[ì]	sì	_	_	_	_	_	linguistic	_	none	_	Begin=414.78|End=415.3	_	_	_	1-2(91)
253-0	PKP036	253	253	0	[oh	oh	_	_	_	_	_	linguistic	_	none	_	Begin=414.97	_	_	_	0-2(91)
253-1	PKP036	253	253	1	sh]it	shit	_	_	_	_	_	linguistic	_	none	_	End=415.91	_	_	_	0-2(91)
254-0	PKP036	254	254	0	volevo	volevo	_	_	_	_	_	linguistic	_	none	_	Begin=416.62	_	_	_	_
254-1	PKP036	254	254	1	provarlo	provarlo	_	_	_	_	_	linguistic	_	none	_	_	_	_	_	_
254-2	PKP036	254	254	2	il	il	_	_	_	_	_	linguistic	_	none	_	_	_	_	_	_
254-3	PKP036	254	254	3	treno	treno	_	_	_	_	_	linguistic	_	none	_	End=418.05	_	_	_	_
255-0	PKP037	255	255	0	eh	eh	_	_	_	_	_	linguistic	_	none	_	Begin=418.37	_	_	_	_
255-1	PKP037	255	255	1	che	che	_	_	_	_	_	linguistic	_	none	_	_	_	_	_	_
255-2	PKP037	255	255	2	poi	poi	_	_	_	_	_	linguistic	_	none	_	_	_	_	_	_
255-3	PKP037	255	255	3	in	in	_	_	_	_	_	linguistic	_	none	_	_	_	_	_	_
255-4	PKP037	255	255	4	un	un	_	_	_	_	_	linguistic	_	none	_	_	_	_	_	_
255-5	PKP037	255	255	5	weekend	weekend	_	_	_	_	_	linguistic	_	none	_	_	_	_	_	_
255-6	PKP037	255	255	6	come	come	_	_	_	_	_	linguistic	_	none	_	_	_	_	_	_
255-7	PKP037	255	255	7	fai	fai	_	_	_	_	_	linguistic	_	none	_	End=420.05	_	_	_	_
256-0	PKP036	256	256	0	[no	no	_	_	_	_	_	linguistic	_	none	_	Begin=420.16	_	_	_	0-2(92)
256-1	PKP036	256	256	1	un	un	_	_	_	_	_	linguistic	_	none	_	_	_	_	_	0-2(92)
256-2	PKP036	256	256	2	weekend]	weekend	_	_	_	_	_	linguistic	_	none	_	_	_	_	_	0-7(92)
256-3	PKP036	256	256	3	no	no	_	_	_	_	_	linguistic	_	none	_	End=421.32	_	_	_	_
257-0	PKP037	257	257	0	[xxx]	xxx	_	_	_	_	_	unknown	_	none	Syllables=3	Begin=420.22|End=420.85	_	_	_	0-3(92)
258-0	PKP036	258	258	0	devi	devi	_	_	_	_	_	linguistic	_	none	_	Begin=421.79	_	_	_	_
258-1	PKP036	258	258	1	stare	stare	_	_	_	_	_	linguistic	_	none	_	_	_	_	_	_
258-2	PKP036	258	258	2	un	un	_	_	_	_	_	linguistic	_	none	_	_	_	_	_	_
258-3	PKP036	258	258	3	po'	po'	_	_	_	_	_	linguistic	_	none	_	End=422.58	_	_	_	_
259-0	PKP033	259	259	0	ah	ah	_	_	_	_	_	linguistic	_	none	_	Begin=422.87	_	_	_	_
259-1	PKP033	259	259	1	se	se	_	_	_	_	_	linguistic	_	none	_	_	_	_	_	_
259-2	PKP033	259	259	2	ci	ci	_	_	_	_	_	linguistic	_	none	_	_	_	_	_	_
259-3	PKP033	259	259	3	fosse	fosse	_	_	_	_	_	linguistic	_	none	_	_	_	_	_	_
259-4	PKP033	259	259	4	il	il	_	_	_	_	_	linguistic	_	none	_	_	_	_	_	_
259-5	PKP033	259	259	5	notturno	notturno	_	_	_	_	_	linguistic	_	none	_	_	_	_	_	_
259-6	PKP033	259	259	6	io	io	_	_	_	_	_	linguistic	_	none	_	_	_	_	_	_
259-7	PKP033	259	259	7	ci	ci	_	_	_	_	_	linguistic	_	none	_	_	_	_	_	_
259-8	PKP033	259	259	8	penserei	penserei	_	_	_	_	_	linguistic	_	none	_	_	_	_	_	_
259-9	PKP033	259	259	9	invece	invece	_	_	_	_	_	linguistic	_	none	_	End=425.895	_	_	_	_
260-0	PKP036	260	260	0	mh	mh	_	_	_	_	_	linguistic	_	none	_	Begin=425.895|End=426.47	_	_	_	_
261-0	PKP037	261	261	0	[mh]	mh	_	_	_	_	_	linguistic	_	none	_	Begin=426.7|End=427.04	_	_	_	0-2(93)
262-0	PKP033	262	262	0	[eh]	eh	_	_	_	_	_	linguistic	_	none	_	Begin=426.87	_	_	_	0-2(93)
262-1	PKP033	262	262	1	e:hm	ehm	_	_	_	_	_	linguistic	_	none	_	End=428.08	0x1	_	_	_
263-0	PKP033	263	263	0	ma	ma	_	_	_	_	_	linguistic	_	none	_	Begin=428.925	_	_	_	_
263-1	PKP033	263	263	1	no[n:]	non	_	_	_	_	_	linguistic	_	none	_	End=429.81	2x1	_	_	2-3(94)
264-0	PKP036	264	264	0	[con	con	_	_	_	_	_	linguistic	_	none	_	Begin=429.04	_	_	_	0-3(?)
264-1	PKP036	264	264	1	l'	l'	_	_	_	_	_	linguistic	_	none	SpaceAfter=No	_	_	_	_	0-2(?)
264-2	PKP036	264	264	2	aereo	aereo	_	_	_	_	_	linguistic	_	none	_	_	_	_	_	0-5(?)
264-3	PKP036	264	264	3	p]oi	poi	_	_	_	_	_	linguistic	_	none	_	_	_	_	_	0-1(?)
264-4	PKP036	264	264	4	arriva	arriva	_	_	_	_	_	linguistic	_	none	_	_	_	_	_	_
264-5	PKP036	264	264	5	in	in	_	_	_	_	_	linguistic	_	none	_	_	_	_	_	_
264-6	PKP036	264	264	6	quel	quel	_	_	_	_	_	linguistic	_	none	_	_	_	_	_	_
264-7	PKP036	264	264	7	posto:	posto	_	_	_	_	_	linguistic	_	none	_	End=431.36	4x1	_	_	_
265-0	PKP033	265	265	0	[sì	sì	_	_	_	_	_	linguistic	_	none	_	Begin=431.15	_	_	_	0-2(?)
265-1	PKP033	265	265	1	esatto	esatto	_	_	_	_	_	linguistic	_	none	_	_	_	_	_	0-6(?)
265-2	PKP033	265	265	2	infatti]	infatti	_	_	_	_	_	linguistic	_	none	PauseAfter=Yes	_	_	_	_	0-7(?)
265-3	PKP033	265	265	3	{P}	{P}	_	_	_	_	_	shortpause	_	none	_	_	_	_	_	_
265-4	PKP033	265	265	4	mh[mh]	mhmh	_	_	_	_	_	linguistic	_	none	_	End=433.25	_	_	_	2-4(?)
266-0	PKP036	266	266	0	[quel	quel	_	_	_	_	_	linguistic	_	none	_	Begin=431.42	_	_	_	0-4(96)
266-1	PKP036	266	266	1	posto	posto	_	_	_	_	_	linguistic	_	none	_	_	_	_	_	0-5(96)
266-2	PKP036	266	266	2	xx]	xx	_	_	_	_	_	unknown	_	none	Syllables=2	End=432.64	_	_	_	0-2(96)
267-0	PKP037	267	267	0	[mh:]	mh	_	_	_	_	_	linguistic	_	none	_	Begin=432.9	1x1	_	_	0-2(97)
267-1	PKP037	267	267	1	bov[ais]	bovais	_	_	_	_	_	linguistic	_	none	_	End=434.0	_	_	_	3-6(98)
268-0	PKP036	268	268	0	[bo]vais	bovais	_	_	_	_	_	linguistic	_	none	_	Begin=433.71|End=434.45	_	_	_	0-2(98)
269-0	PKP037	269	269	0	{ride}	{ride}	_	_	_	_	_	nonverbalbehavior	_	none	_	Begin=434.36|End=435.28	_	_	_	_
270-0	PKP033	270	270	0	[mhmh]	mhmh	_	_	_	_	_	linguistic	_	none	_	Begin=434.62|End=435.26	_	_	_	0-4(99)
271-0	PKP036	271	271	0	[ma]	ma	_	_	_	_	_	linguistic	_	none	_	Begin=435.16	_	_	_	0-2(99)
271-1	PKP036	271	271	1	in	in	_	_	_	_	_	linguistic	_	none	_	_	_	_	_	_
271-2	PKP036	271	271	2	pratica	pratica	_	_	_	_	_	linguistic	_	none	_	_	_	_	_	_
271-3	PKP036	271	271	3	non	non	_	_	_	_	_	linguistic	_	none	_	_	_	_	_	_
271-4	PKP036	271	271	4	è:	è	_	_	_	_	_	linguistic	_	none	_	_	0x1	_	_	_
271-5	PKP036	271	271	5	parigi	parigi	_	_	_	_	_	linguistic	_	none	_	_	_	_	_	_
271-6	PKP036	271	271	6	quindi	quindi	_	_	_	_	_	linguistic	_	none	_	_	_	_	_	_
271-7	PKP036	271	271	7	(devi)	devi	_	_	_	_	_	linguistic	_	none	_	_	_	_	0-4(0)	_
271-8	PKP036	271	271	8	fa'	fa'	_	_	_	_	_	linguistic	_	none	Truncated=Yes	_	_	_	_	_
271-9	PKP036	271	271	9	tutti	tutti	_	_	_	_	_	linguistic	_	none	_	_	_	_	_	_
271-10	PKP036	271	271	10	i	i	_	_	_	_	_	linguistic	_	none	_	_	_	_	_	_
271-11	PKP036	271	271	11	giri	giri	_	_	_	_	_	linguistic	_	none	_	End=438.3	_	_	_	_
272-0	PKP033	272	272	0	no	no	_	_	_	_	_	linguistic	_	none	_	Begin=439.34	_	_	_	_
272-1	PKP033	272	272	1	vabbè:	vabbè	_	_	_	_	_	linguistic	_	none	_	_	4x1	_	_	_
272-2	PKP033	272	272	2	[mh]	mh	_	_	_	_	_	linguistic	_	none	_	End=440.71	_	_	_	0-2(100)
273-0	PKP036	273	273	0	[al]la	alla	_	_	_	_	_	linguistic	_	none	_	Begin=440.5	_	_	_	0-2(100)
273-1	PKP036	273	273	1	fine	fine	_	_	_	_	_	linguistic	_	none	_	End=441.31	_	_	_	_
274-0	PKP033	274	274	0	però	però	_	_	_	_	_	linguistic	_	none	_	Begin=441.86	_	_	_	_
274-1	PKP033	274	274	1	sì	sì	_	_	_	_	_	linguistic	_	none	_	_	_	_	_	_
274-2	PKP033	274	274	2	i	i	_	_	_	_	_	linguistic	_	none	_	_	_	_	_	_
274-3	PKP033	274	274	3	prezzi	prezzi	_	_	_	_	_	linguistic	_	none	_	_	_	_	_	_
274-4	PKP033	274	274	4	dei	dei	_	_	_	_	_	linguistic	_	none	_	_	_	_	_	_
274-5	PKP033	274	274	5	voli:	voli	_	_	_	_	_	linguistic	_	none	_	_	3x1	_	_	_
274-6	PKP033	274	274	6	c(io)è	cioè	_	_	_	_	_	linguistic	_	none	_	_	_	_	1-3(0)	_
274-7	PKP033	274	274	7	io	io	_	_	_	_	_	linguistic	_	none	_	_	_	_	_	_
274-8	PKP033	274	274	8	ci	ci	_	_	_	_	_	linguistic	_	none	_	_	_	_	_	_
274-9	PKP033	274	274	9	ho	ho	_	_	_	_	_	linguistic	_	none	_	_	_	_	_	_
274-10	PKP033	274	274	10	provato	provato	_	_	_	_	_	linguistic	_	none	_	_	_	_	_	_
274-11	PKP033	274	274	11	[a:]	a	_	_	_	_	_	linguistic	_	none	_	End=445.37	0x1	_	_	0-1(101)
275-0	PKP036	275	275	0	[(esatto)]	esatto	_	_	_	_	_	linguistic	_	none	_	Begin=445.26	_	_	0-6(0)	0-6(101)
275-1	PKP036	275	275	1	mi	mi	_	_	_	_	_	linguistic	_	none	_	_	_	_	_	_
275-2	PKP036	275	275	2	stavi	stavi	_	_	_	_	_	linguistic	_	none	_	_	_	_	_	_
275-3	PKP036	275	275	3	a	a	_	_	_	_	_	linguistic	_	none	_	_	_	_	_	_
275-4	PKP036	275	275	4	parla'	parla'	_	_	_	_	_	linguistic	_	none	Truncated=Yes	_	_	_	_	_
275-5	PKP036	275	275	5	male	male	_	_	_	_	_	linguistic	_	none	_	End=446.77	_	_	_	_
276-0	PKP033	276	276	0	esatto	esatto	_	_	_	_	_	linguistic	_	none	_	Begin=446.83|End=447.47	_	_	_	_
277-0	PKP036	277	277	0	{ride}	{ride}	_	_	_	_	_	nonverbalbehavior	_	none	_	Begin=447.5|End=450.56	_	_	_	_
278-0	PKP037	278	278	0	{ride}	{ride}	_	_	_	_	_	nonverbalbehavior	_	none	_	Begin=447.66|End=448.72	_	_	_	_
279-0	PKP033	279	279	0	{RIDE}	{RIDE}	_	_	_	_	_	nonverbalbehavior	_	none	_	Begin=448.03|End=449.89	_	_	_	_
280-0	PKP033	280	280	0	[c(io)è	cioè	_	_	_	_	_	linguistic	_	none	_	Begin=450.02	_	_	1-3(0)	0-4(?)
280-1	PKP033	280	280	1	io	io	_	_	_	_	_	linguistic	_	none	_	_	_	_	_	0-2(?)
280-2	PKP033	280	280	2	ci	ci	_	_	_	_	_	linguistic	_	none	_	_	_	_	_	0-2(?)
280-3	PKP033	280	280	3	ho]	ho	_	_	_	_	_	linguistic	_	none	_	_	_	_	_	0-2(?)
280-4	PKP033	280	280	4	provato	provato	_	_	_	_	_	linguistic	_	none	PauseAfter=Yes	_	_	_	_	_
280-5	PKP033	280	280	5	{P}	{P}	_	_	_	_	_	shortpause	_	none	_	_	_	_	_	_
280-6	PKP033	280	280	6	a	a	_	_	_	_	_	linguistic	_	none	_	_	_	_	_	_
280-7	PKP033	280	280	7	[guardare]	guardare	_	_	_	_	_	linguistic	_	none	_	_	_	_	_	0-8(?)
280-8	PKP033	280	280	8	altre	altre	_	_	_	_	_	linguistic	_	none	_	_	_	_	_	_
280-9	PKP033	280	280	9	possibilità	possibilità	_	_	_	_	_	linguistic	_	none	_	_	_	_	_	_
280-10	PKP033	280	280	10	di	di	_	_	_	_	_	linguistic	_	none	_	_	_	_	_	_
280-11	PKP033	280	280	11	spostamenti	spostamenti	_	_	_	_	_	linguistic	_	none	_	End=454.2	_	_	_	_
281-0	PKP036	281	281	0	[mh]	mh	_	_	_	_	_	linguistic	_	none	_	Begin=451.79|End=452.24	_	_	_	0-2(102)
282-0	PKP033	282	282	0	ma:	ma	_	_	_	_	_	linguistic	_	none	_	Begin=454.22	1x1	_	_	_
282-1	PKP033	282	282	1	costano	costano	_	_	_	_	_	linguistic	_	none	PauseAfter=Yes	_	_	_	_	_
282-2	PKP033	282	282	2	{P}	{P}	_	_	_	_	_	shortpause	_	none	_	_	_	_	_	_
282-3	PKP033	282	282	3	[tan]tissimo	tantissimo	_	_	_	_	_	linguistic	_	none	_	_	_	_	_	0-3(103)
282-4	PKP033	282	282	4	cioè	cioè	_	_	_	_	_	linguistic	_	none	_	_	_	_	_	_
282-5	PKP033	282	282	5	[m:]	m	_	_	_	_	_	linguistic	_	none	_	End=457.75	0x1	_	_	0-1(104)
283-0	PKP036	283	283	0	trop[po]	troppo	_	_	_	_	_	linguistic	_	none	_	Begin=455.31|End=455.94	_	_	_	4-6(103)
284-0	PKP036	284	284	0	[mhm]h	mhmh	_	_	_	_	_	linguistic	_	none	_	Begin=457.34|End=458.21	_	_	_	0-3(104)
285-0	PKP033	285	285	0	non	non	_	_	_	_	_	linguistic	_	none	_	Begin=458.73	_	_	_	_
285-1	PKP033	285	285	1	è	è	_	_	_	_	_	linguistic	_	none	_	_	_	_	_	_
285-2	PKP033	285	285	2	proprio:	proprio	_	_	_	_	_	linguistic	_	none	_	_	6x1	_	_	_
285-3	PKP033	285	285	3	non	non	_	_	_	_	_	linguistic	_	none	_	_	_	_	_	_
285-4	PKP033	285	285	4	è	è	_	_	_	_	_	linguistic	_	none	_	_	_	_	_	_
285-5	PKP033	285	285	5	proprio	proprio	_	_	_	_	_	linguistic	_	none	_	_	_	_	_	_
285-6	PKP033	285	285	6	pensabile	pensabile	_	_	_	_	_	linguistic	_	none	_	_	_	_	_	_
285-7	PKP033	285	285	7	comunque	comunque	_	_	_	_	_	linguistic	_	none	_	_	_	_	_	_
285-8	PKP033	285	285	8	va[bbè]	vabbè	_	_	_	_	_	linguistic	_	none	_	End=462.09	_	_	_	2-5(105)
286-0	PKP036	286	286	0	[vab]bè	vabbè	_	_	_	_	_	linguistic	_	none	_	Begin=461.72|End=462.42	_	_	_	0-3(105)
287-0	PKP033	287	287	0	ma	ma	_	_	_	_	_	linguistic	_	none	_	Begin=462.99	_	_	_	_
287-1	PKP033	287	287	1	noi	noi	_	_	_	_	_	linguistic	_	none	_	_	_	_	_	_
287-2	PKP033	287	287	2	quando	quando	_	_	_	_	_	linguistic	_	none	_	_	_	_	_	_
287-3	PKP033	287	287	3	[ci	ci	_	_	_	_	_	linguistic	_	none	_	_	_	_	_	0-2(106)
287-4	PKP033	287	287	4	siam]	siam	_	_	_	_	_	linguistic	_	none	_	_	_	_	_	0-4(106)
287-5	PKP033	287	287	5	visti	visti	_	_	_	_	_	linguistic	_	none	_	_	_	_	_	_
287-6	PKP033	287	287	6	l'	l'	_	_	_	_	_	linguistic	_	none	SpaceAfter=No	_	_	_	_	_
287-7	PKP033	287	287	7	ultima	ultima	_	_	_	_	_	linguistic	_	none	_	_	_	_	_	_
287-8	PKP033	287	287	8	volta	volta	_	_	_	_	_	linguistic	_	none	_	_	_	_	_	_
287-9	PKP033	287	287	9	che	che	_	_	_	_	_	linguistic	_	none	_	_	_	_	_	_
287-10	PKP033	287	287	10	non	non	_	_	_	_	_	linguistic	_	none	_	_	_	_	_	_
287-11	PKP033	287	287	11	mi	mi	_	_	_	_	_	linguistic	_	none	_	_	_	_	_	_
287-12	PKP033	287	287	12	ricordo?	ricordo	_	_	_	_	_	linguistic	_	none	Intonation=Rising	End=465.75	_	_	_	_
288-0	PKP036	288	288	0	[vedremo]	vedremo	_	_	_	_	_	linguistic	_	none	_	Begin=463.62|End=464.15	_	_	_	0-7(106)
289-0	PKP036	289	289	0	quando	quando	_	_	_	_	_	linguistic	_	none	_	Begin=466.23	_	_	_	_
289-1	PKP036	289	289	1	sia[mo:]	siamo	_	_	_	_	_	linguistic	_	none	_	End=467.83	4x1	_	_	3-5(107)
290-0	PKP033	290	290	0	[quella	quella	_	_	_	_	_	linguistic	_	none	_	Begin=466.67	_	_	_	0-6(107)
290-1	PKP033	290	290	1	volta	volta	_	_	_	_	_	linguistic	_	none	_	_	_	_	_	0-5(107)
290-2	PKP033	290	290	2	della	della	_	_	_	_	_	linguistic	_	none	_	_	_	_	_	0-5(107)
290-3	PKP033	290	290	3	pizza]?	pizza	_	_	_	_	_	linguistic	_	none	Intonation=Rising	End=467.85	_	_	_	0-5(107)
291-0	PKP036	291	291	0	quella	quella	_	_	_	_	_	linguistic	_	none	_	Begin=468.11	_	_	_	_
291-1	PKP036	291	291	1	volta	volta	_	_	_	_	_	linguistic	_	none	_	_	_	_	_	_
291-2	PKP036	291	291	2	della	della	_	_	_	_	_	linguistic	_	none	_	_	_	_	_	_
291-3	PKP036	291	291	3	pizza	pizza	_	_	_	_	_	linguistic	_	none	_	_	_	_	_	_
291-4	PKP036	291	291	4	e	e	_	_	_	_	_	linguistic	_	none	_	_	_	_	_	_
291-5	PKP036	291	291	5	p[oi]	poi	_	_	_	_	_	linguistic	_	none	_	_	_	_	_	1-3(108)
291-6	PKP036	291	291	6	siamo	siamo	_	_	_	_	_	linguistic	_	none	_	_	_	_	_	_
291-7	PKP036	291	291	7	venuti:	venuti	_	_	_	_	_	linguistic	_	none	_	_	5x1	_	_	_
291-8	PKP036	291	291	8	m:h	mh	_	_	_	_	_	linguistic	_	none	_	_	0x1	_	_	_
291-9	PKP036	291	291	9	a	a	_	_	_	_	_	linguistic	_	none	_	_	_	_	_	_
291-10	PKP036	291	291	10	prendere	prendere	_	_	_	_	_	linguistic	_	none	_	_	_	_	_	_
291-11	PKP036	291	291	11	le	le	_	_	_	_	_	linguistic	_	none	_	_	_	_	_	_
291-12	PKP036	291	291	12	pian[te]	piante	_	_	_	_	_	linguistic	_	none	_	End=472.15	_	_	_	4-6(109)
292-0	PKP033	292	292	0	[mh]	mh	_	_	_	_	_	linguistic	_	none	_	Begin=469.04|End=469.42	_	_	_	0-2(108)
293-0	PKP033	293	293	0	[M::H]	mh	_	_	_	_	_	linguistic	_	none	Volume=high	Begin=471.7|End=472.36	0x2	_	_	0-2(109)
294-0	PKP036	294	294	0	eh	eh	_	_	_	_	_	linguistic	_	none	_	Begin=472.81|End=473.29	_	_	_	_
295-0	PKP036	295	295	0	cinque	cinque	_	_	_	_	_	linguistic	_	none	_	Begin=473.805	_	_	_	_
295-1	PKP036	295	295	1	minuti	minuti	_	_	_	_	_	linguistic	_	none	_	_	_	_	_	_
295-2	PKP036	295	295	2	{ride}	{ride}	_	_	_	_	_	nonverbalbehavior	_	none	_	End=475.54	_	_	_	_
296-0	PKP033	296	296	0	è	è	_	_	_	_	_	linguistic	_	none	_	Begin=474.5	_	_	_	_
296-1	PKP033	296	296	1	vero	vero	_	_	_	_	_	linguistic	_	none	_	End=475.19	_	_	_	_
297-0	PKP033	297	297	0	e	e	_	_	_	_	_	linguistic	_	none	_	Begin=475.66	_	_	_	_
297-1	PKP033	297	297	1	quindi	quindi	_	_	_	_	_	linguistic	_	none	_	_	_	_	_	_
297-2	PKP033	297	297	2	[cosa	cosa	_	_	_	_	_	linguistic	_	none	_	_	_	_	_	0-4(111)
297-3	PKP033	297	297	3	avete	avete	_	_	_	_	_	linguistic	_	none	_	_	_	_	_	0-5(111)
297-4	PKP033	297	297	4	fatto]?	fatto	_	_	_	_	_	linguistic	_	none	Intonation=Rising	_	_	_	_	0-5(111)
297-5	PKP033	297	297	5	nel	nel	_	_	_	_	_	linguistic	_	none	_	_	_	_	_	_
297-6	PKP033	297	297	6	mentre?	mentre	_	_	_	_	_	linguistic	_	none	Intonation=Rising	End=477.91	_	_	_	_
298-0	PKP036	298	298	0	[non	non	_	_	_	_	_	linguistic	_	none	_	Begin=475.97	_	_	_	0-3(111)
298-1	PKP036	298	298	1	so	so	_	_	_	_	_	linguistic	_	none	_	_	_	_	_	0-2(111)
298-2	PKP036	298	298	2	se:]	se	_	_	_	_	_	linguistic	_	none	_	_	1x1	_	_	0-2(111)
298-3	PKP036	298	298	3	{ride}	{ride}	_	_	_	_	_	nonverbalbehavior	_	none	_	End=477.02	_	_	_	_
299-0	PKP036	299	299	0	nel	nel	_	_	_	_	_	linguistic	_	none	_	Begin=478.46	_	_	_	_
299-1	PKP036	299	299	1	mentre::	mentre	_	_	_	_	_	linguistic	_	none	_	_	5x2	_	_	_
299-2	PKP036	299	299	2	m:::h	mh	_	_	_	_	_	linguistic	_	none	_	End=481.28	0x3	_	_	_
300-0	PKP036	300	300	0	boh	boh	_	_	_	_	_	linguistic	_	none	PauseAfter=Yes	Begin=481.28	_	_	_	_
300-1	PKP036	300	300	1	{P}	{P}	_	_	_	_	_	shortpause	_	none	_	_	_	_	_	_
300-2	PKP036	300	300	2	lui	lui	_	_	_	_	_	linguistic	_	none	_	_	_	_	_	_
300-3	PKP036	300	300	3	è	è	_	_	_	_	_	linguistic	_	none	_	_	_	_	_	_
300-4	PKP036	300	300	4	stato	stato	_	_	_	_	_	linguistic	_	none	_	_	_	_	_	_
300-5	PKP036	300	300	5	in	in	_	_	_	_	_	linguistic	_	none	_	_	_	_	_	_
300-6	PKP036	300	300	6	germania	germania	_	_	_	_	_	linguistic	_	none	_	_	_	_	_	_
300-7	PKP036	300	300	7	[principalmente]	principalmente	_	_	_	_	_	linguistic	_	none	_	End=483.59	_	_	_	0-14(112)
301-0	PKP037	301	301	0	[eh	eh	_	_	_	_	_	linguistic	_	none	_	Begin=482.57	_	_	_	0-2(112)
301-1	PKP037	301	301	1	infatti	infatti	_	_	_	_	_	linguistic	_	none	_	_	_	_	_	0-7(112)
301-2	PKP037	301	301	2	per]	per	_	_	_	_	_	linguistic	_	none	PauseAfter=Yes	_	_	_	_	0-3(112)
301-3	PKP037	301	301	3	{P}	{P}	_	_	_	_	_	shortpause	_	none	_	_	_	_	_	_
301-4	PKP037	301	301	4	che	che	_	_	_	_	_	linguistic	_	none	_	_	_	_	_	_
301-5	PKP037	301	301	5	cos'	cos'	_	_	_	_	_	linguistic	_	none	SpaceAfter=No	_	_	_	_	_
301-6	PKP037	301	301	6	era	era	_	_	_	_	_	linguistic	_	none	_	_	_	_	_	_
301-7	PKP037	301	301	7	era	era	_	_	_	_	_	linguistic	_	none	_	_	_	_	_	_
301-8	PKP037	301	301	8	settembre?	settembre	_	_	_	_	_	linguistic	_	none	Intonation=Rising	End=484.86	_	_	_	_
302-0	PKP036	302	302	0	non	non	_	_	_	_	_	linguistic	_	none	_	Begin=484.83	_	_	_	_
302-1	PKP036	302	302	1	so	so	_	_	_	_	_	linguistic	_	none	_	_	_	_	_	_
302-2	PKP036	302	302	2	che	che	_	_	_	_	_	linguistic	_	none	_	_	_	_	_	_
302-3	PKP036	302	302	3	mese	mese	_	_	_	_	_	linguistic	_	none	_	_	_	_	_	_
302-4	PKP036	302	302	4	era	era	_	_	_	_	_	linguistic	_	none	_	End=486.08	_	_	_	_
303-0	PKP037	303	303	0	la	la	_	_	_	_	_	linguistic	_	none	_	Begin=486.48	_	_	_	_
303-1	PKP037	303	303	1	pi[z~]	piz~	_	_	_	_	_	linguistic	_	none	Interrupted=Yes	End=487.135	_	_	_	2-4(114)
304-0	PKP036	304	304	0	[era]	era	_	_	_	_	_	linguistic	_	none	_	Begin=486.89	_	_	_	0-3(114)
304-1	PKP036	304	304	1	dopo	dopo	_	_	_	_	_	linguistic	_	none	_	_	_	_	_	_
304-2	PKP036	304	304	2	il	il	_	_	_	_	_	linguistic	_	none	_	_	_	_	_	_
304-3	PKP036	304	304	3	giappone?	giappone	_	_	_	_	_	linguistic	_	none	Intonation=Rising	End=488.13	_	_	_	_
305-0	PKP036	305	305	0	no	no	_	_	_	_	_	linguistic	_	none	_	Begin=488.55	_	_	_	_
305-1	PKP036	305	305	1	forse	forse	_	_	_	_	_	linguistic	_	none	_	_	_	_	_	_
305-2	PKP036	305	305	2	era	era	_	_	_	_	_	linguistic	_	none	_	_	_	_	_	_
305-3	PKP036	305	305	3	prima	prima	_	_	_	_	_	linguistic	_	none	_	_	_	_	_	_
305-4	PKP036	305	305	4	del	del	_	_	_	_	_	linguistic	_	none	_	_	_	_	_	_
305-5	PKP036	305	305	5	giappone	giappone	_	_	_	_	_	linguistic	_	none	_	_	_	_	_	_
305-6	PKP036	305	305	6	la	la	_	_	_	_	_	linguistic	_	none	_	_	_	_	_	_
305-7	PKP036	305	305	7	pi[zza]	pizza	_	_	_	_	_	linguistic	_	none	_	End=490.72	_	_	_	2-5(115)
306-0	PKP033	306	306	0	[eh]	eh	_	_	_	_	_	linguistic	_	none	_	Begin=490.2|End=490.79	_	_	_	0-2(115)
307-0	PKP037	307	307	0	davvero?	davvero	_	_	_	_	_	linguistic	_	none	Intonation=Rising	Begin=490.9|End=491.289	_	_	_	_
308-0	PKP033	308	308	0	è	è	_	_	_	_	_	linguistic	_	none	_	Begin=491.289	_	_	_	_
308-1	PKP033	308	308	1	da	da	_	_	_	_	_	linguistic	_	none	_	_	_	_	_	_
308-2	PKP033	308	308	2	prima	prima	_	_	_	_	_	linguistic	_	none	_	_	_	_	_	_
308-3	PKP033	308	308	3	che	che	_	_	_	_	_	linguistic	_	none	_	_	_	_	_	_
308-4	PKP033	308	308	4	ci	ci	_	_	_	_	_	linguistic	_	none	_	_	_	_	_	_
308-5	PKP033	308	308	5	sto	sto	_	_	_	_	_	linguistic	_	none	_	_	_	_	_	_
308-6	PKP033	308	308	6	pensando	pensando	_	_	_	_	_	linguistic	_	none	_	_	_	_	_	_
308-7	PKP033	308	308	7	ma	ma	_	_	_	_	_	linguistic	_	none	_	_	_	_	_	_
308-8	PKP033	308	308	8	secondo	secondo	_	_	_	_	_	linguistic	_	none	_	_	_	_	_	_
308-9	PKP033	308	308	9	me	me	_	_	_	_	_	linguistic	_	none	_	_	_	_	_	_
308-10	PKP033	308	308	10	sì	sì	_	_	_	_	_	linguistic	_	none	_	End=493.83	_	_	_	_
309-0	PKP036	309	309	0	mi	mi	_	_	_	_	_	linguistic	_	none	_	Begin=493.9	_	_	_	_
309-1	PKP036	309	309	1	sa	sa	_	_	_	_	_	linguistic	_	none	_	_	_	_	_	_
309-2	PKP036	309	309	2	di	di	_	_	_	_	_	linguistic	_	none	_	_	_	_	_	_
309-3	PKP036	309	309	3	sì	sì	_	_	_	_	_	linguistic	_	none	_	_	_	_	_	_
309-4	PKP036	309	309	4	sai	sai	_	_	_	_	_	linguistic	_	none	_	End=495.08	_	_	_	_
310-0	PKP033	310	310	0	quindi	quindi	_	_	_	_	_	linguistic	_	none	_	Begin=496.53	_	_	_	_
310-1	PKP033	310	310	1	mi	mi	_	_	_	_	_	linguistic	_	none	_	_	_	_	_	_
310-2	PKP033	310	310	2	po[tete	potete	_	_	_	_	_	linguistic	_	none	_	_	_	_	_	2-6(116)
310-3	PKP033	310	310	3	raccontare:]	raccontare	_	_	_	_	_	linguistic	_	none	_	End=498.32	9x1	_	_	0-10(116)
311-0	PKP036	311	311	0	[perché	perché	_	_	_	_	_	linguistic	_	none	_	Begin=497.06	_	_	_	0-6(?)
311-1	PKP036	311	311	1	era	era	_	_	_	_	_	linguistic	_	none	_	_	_	_	_	0-3(?)
311-2	PKP036	311	311	2	ancora	ancora	_	_	_	_	_	linguistic	_	none	_	_	_	_	_	0-6(?)
311-3	PKP036	311	311	3	un	un	_	_	_	_	_	linguistic	_	none	_	_	_	_	_	0-2(?)
311-4	PKP036	311	311	4	po]:'	po'	_	_	_	_	_	linguistic	_	none	_	_	1x1	_	_	0-2(?)
311-5	PKP036	311	311	5	estate	estate	_	_	_	_	_	linguistic	_	none	_	End=499.62	_	_	_	_
312-0	PKP033	312	312	0	mi	mi	_	_	_	_	_	linguistic	_	none	_	Begin=499.38	_	_	_	_
312-1	PKP033	312	312	1	dovete	dovete	_	_	_	_	_	linguistic	_	none	_	_	_	_	_	_
312-2	PKP033	312	312	2	raccontar[(e)	raccontare	_	_	_	_	_	linguistic	_	none	_	_	_	_	9-10(0)	9-10(?)
312-3	PKP033	312	312	3	del	del	_	_	_	_	_	linguistic	_	none	_	_	_	_	_	0-3(?)
312-4	PKP033	312	312	4	giappone]	giappone	_	_	_	_	_	linguistic	_	none	_	End=501.38	_	_	_	0-8(?)
313-0	PKP036	313	313	0	[circa]	circa	_	_	_	_	_	linguistic	_	none	_	Begin=500.42|End=501.27	_	_	_	0-5(118)
314-0	PKP033	314	314	0	[eh	eh	_	_	_	_	_	linguistic	_	none	_	Begin=502.18	_	_	_	0-2(491)
314-1	PKP033	314	314	1	già]	già	_	_	_	_	_	linguistic	_	none	_	End=503.08	_	_	_	0-3(491)
315-0	PKP036	315	315	0	[eh	eh	_	_	_	_	_	linguistic	_	none	_	Begin=502.19	_	_	_	0-2(491)
315-1	PKP036	315	315	1	il	il	_	_	_	_	_	linguistic	_	none	_	_	_	_	_	0-2(491)
315-2	PKP036	315	315	2	giap]pone	giappone	_	_	_	_	_	linguistic	_	none	_	_	_	_	_	0-4(491)
315-3	PKP036	315	315	3	è	è	_	_	_	_	_	linguistic	_	none	_	_	_	_	_	_
315-4	PKP036	315	315	4	bello	bello	_	_	_	_	_	linguistic	_	none	_	End=503.63	_	_	_	_
316-0	PKP037	316	316	0	[ah	ah	_	_	_	_	_	linguistic	_	none	_	Begin=502.6	_	_	_	0-2(491)
316-1	PKP037	316	316	1	ah]	ah	_	_	_	_	_	linguistic	_	none	_	End=503.15	_	_	_	0-2(491)
317-0	PKP037	317	317	0	{RIDE}	{RIDE}	_	_	_	_	_	nonverbalbehavior	_	none	_	Begin=503.44|End=505.54	_	_	_	_
318-0	PKP036	318	318	0	{RIDE}	{RIDE}	_	_	_	_	_	nonverbalbehavior	_	none	_	Begin=503.79|End=505.8	_	_	_	_
319-0	PKP033	319	319	0	ma	ma	_	_	_	_	_	linguistic	_	none	_	Begin=505.55	_	_	_	_
319-1	PKP033	319	319	1	voi	voi	_	_	_	_	_	linguistic	_	none	_	_	_	_	_	_
319-2	PKP033	319	319	2	come	come	_	_	_	_	_	linguistic	_	none	_	_	_	_	_	_
319-3	PKP033	319	319	3	l'	l'	_	_	_	_	_	linguistic	_	none	SpaceAfter=No	_	_	_	_	_
319-4	PKP033	319	319	4	a[vevate	avevate	_	_	_	_	_	linguistic	_	none	_	_	_	_	_	0-7(119)
319-5	PKP033	319	319	5	scelto	scelto	_	_	_	_	_	linguistic	_	none	_	_	_	_	_	0-6(119)
319-6	PKP033	319	319	6	che	che	_	_	_	_	_	linguistic	_	none	_	_	_	_	_	0-3(119)
319-7	PKP033	319	319	7	non	non	_	_	_	_	_	linguistic	_	none	_	_	_	_	_	0-3(119)
319-8	PKP033	319	319	8	ho:	ho	_	_	_	_	_	linguistic	_	none	PauseAfter=Yes	_	1x1	_	_	0-2(119)
319-9	PKP033	319	319	9	{P}	{P}	_	_	_	_	_	shortpause	_	none	_	_	_	_	_	0-3(119)
319-10	PKP033	319	319	10	c(io)è]	cioè	_	_	_	_	_	linguistic	_	none	_	_	_	_	0-3(0)	0-4(119)
319-11	PKP033	319	319	11	che	che	_	_	_	_	_	linguistic	_	none	_	_	_	_	_	_
319-12	PKP033	319	319	12	non:	non	_	_	_	_	_	linguistic	_	none	_	_	2x1	_	_	_
319-13	PKP033	319	319	13	non	non	_	_	_	_	_	linguistic	_	none	_	_	_	_	_	_
319-14	PKP033	319	319	14	ho	ho	_	_	_	_	_	linguistic	_	none	_	_	_	_	_	_
319-15	PKP033	319	319	15	capito	capito	_	_	_	_	_	linguistic	_	none	_	End=509.34	_	_	_	_
320-0	PKP036	320	320	0	[è	è	_	_	_	_	_	linguistic	_	none	_	Begin=506.31	_	_	_	0-1(119)
320-1	PKP036	320	320	1	stato	stato	_	_	_	_	_	linguistic	_	none	_	_	_	_	_	0-5(119)
320-2	PKP036	320	320	2	un	un	_	_	_	_	_	linguistic	_	none	_	_	_	_	_	0-2(119)
320-3	PKP036	320	320	3	bel	bel	_	_	_	_	_	linguistic	_	none	_	_	_	_	_	0-3(119)
320-4	PKP036	320	320	4	viaggio]	viaggio	_	_	_	_	_	linguistic	_	none	_	_	_	_	_	0-7(119)
320-5	PKP036	320	320	5	{ride}	{ride}	_	_	_	_	_	nonverbalbehavior	_	none	_	End=508.43	_	_	_	_
321-0	PKP033	321	321	0	cioè	cioè	_	_	_	_	_	linguistic	_	none	_	Begin=509.35	_	_	_	_
321-1	PKP033	321	321	1	[non	non	_	_	_	_	_	linguistic	_	none	_	_	_	_	_	0-3(120)
321-2	PKP033	321	321	2	so	so	_	_	_	_	_	linguistic	_	none	_	_	_	_	_	0-2(120)
321-3	PKP033	321	321	3	se	se	_	_	_	_	_	linguistic	_	none	_	_	_	_	_	0-2(120)
321-4	PKP033	321	321	4	lo	lo	_	_	_	_	_	linguistic	_	none	_	_	_	_	_	0-2(120)
321-5	PKP033	321	321	5	so]	so	_	_	_	_	_	linguistic	_	none	_	_	_	_	_	0-2(120)
321-6	PKP033	321	321	6	sì	sì	_	_	_	_	_	linguistic	_	none	_	End=510.77	_	_	_	_
322-0	PKP036	322	322	0	[il	il	_	_	_	_	_	linguistic	_	none	_	Begin=509.51	_	_	_	0-2(120)
322-1	PKP036	322	322	1	giappone]?	giappone	_	_	_	_	_	linguistic	_	none	Intonation=Rising	End=510.43	_	_	_	0-8(120)
323-0	PKP036	323	323	0	bo:h	boh	_	_	_	_	_	linguistic	_	none	_	Begin=511.62	1x1	_	_	_
323-1	PKP036	323	323	1	un	un	_	_	_	_	_	linguistic	_	none	_	_	_	_	_	_
323-2	PKP036	323	323	2	po'	po'	_	_	_	_	_	linguistic	_	none	_	_	_	_	_	_
323-3	PKP036	323	323	3	random	random	_	_	_	_	_	linguistic	_	none	_	_	_	_	_	_
323-4	PKP036	323	323	4	(nel	nel	_	_	_	_	_	linguistic	_	none	_	_	_	_	0-3(0)	_
323-5	PKP036	323	323	5	senso)	senso	_	_	_	_	_	linguistic	_	none	_	End=513.385	_	_	0-5(0)	_
324-0	PKP037	324	324	0	beh	beh	_	_	_	_	_	linguistic	_	none	_	Begin=513.385	_	_	_	_
324-1	PKP037	324	324	1	io:	io	_	_	_	_	_	linguistic	_	none	_	_	1x1	_	_	_
324-2	PKP037	324	324	2	non	non	_	_	_	_	_	linguistic	_	none	_	_	_	_	_	_
324-3	PKP037	324	324	3	so	so	_	_	_	_	_	linguistic	_	none	_	_	_	_	_	_
324-4	PKP037	324	324	4	perché	perché	_	_	_	_	_	linguistic	_	none	_	_	_	_	_	_
324-5	PKP037	324	324	5	ci	ci	_	_	_	_	_	linguistic	_	none	_	_	_	_	_	_
324-6	PKP037	324	324	6	volevo	volevo	_	_	_	_	_	linguistic	_	none	_	_	_	_	_	_
324-7	PKP037	324	324	7	andare	andare	_	_	_	_	_	linguistic	_	none	_	_	_	_	_	_
324-8	PKP037	324	324	8	da	da	_	_	_	_	_	linguistic	_	none	_	_	_	_	_	_
324-9	PKP037	324	324	9	tanto	tanto	_	_	_	_	_	linguistic	_	none	_	_	_	_	_	_
324-10	PKP037	324	324	10	tempo	tempo	_	_	_	_	_	linguistic	_	none	_	End=515.99	_	_	_	_
325-0	PKP036	325	325	0	sì	sì	_	_	_	_	_	linguistic	_	none	_	Begin=515.99|End=516.595	_	_	_	_
326-0	PKP037	326	326	0	e	e	_	_	_	_	_	linguistic	_	none	PauseAfter=Yes	Begin=516.595	_	_	_	_
326-1	PKP037	326	326	1	{P}	{P}	_	_	_	_	_	shortpause	_	none	_	_	_	_	_	_
326-2	PKP037	326	326	2	un	un	_	_	_	_	_	linguistic	_	none	_	_	_	_	_	_
326-3	PKP037	326	326	3	giorno	giorno	_	_	_	_	_	linguistic	_	none	_	_	_	_	_	_
326-4	PKP037	326	326	4	è	è	_	_	_	_	_	linguistic	_	none	_	_	_	_	_	_
326-5	PKP037	326	326	5	uscita	uscita	_	_	_	_	_	linguistic	_	none	_	_	_	_	_	_
326-6	PKP037	326	326	6	questa	questa	_	_	_	_	_	linguistic	_	none	_	_	_	_	_	_
326-7	PKP037	326	326	7	voglia	voglia	_	_	_	_	_	linguistic	_	none	_	_	_	_	_	_
326-8	PKP037	326	326	8	dicendo	dicendo	_	_	_	_	_	linguistic	_	none	_	End=520.77	_	_	_	_
327-0	PKP037	327	327	0	pe:r	per	_	_	_	_	_	linguistic	_	none	PauseAfter=Yes	Begin=521.28	1x1	_	_	_
327-1	PKP037	327	327	1	{P}	{P}	_	_	_	_	_	shortpause	_	none	_	_	_	_	_	_
327-2	PKP037	327	327	2	la	la	_	_	_	_	_	linguistic	_	none	_	_	_	_	_	_
327-3	PKP037	327	327	3	fine	fine	_	_	_	_	_	linguistic	_	none	_	_	_	_	_	_
327-4	PKP037	327	327	4	del	del	_	_	_	_	_	linguistic	_	none	_	_	_	_	_	_
327-5	PKP037	327	327	5	dottorato	dottorato	_	_	_	_	_	linguistic	_	none	_	_	_	_	_	_
327-6	PKP037	327	327	6	voglio	voglio	_	_	_	_	_	linguistic	_	none	_	_	_	_	_	_
327-7	PKP037	327	327	7	andare	andare	_	_	_	_	_	linguistic	_	none	_	End=523.4	_	_	_	_
328-0	PKP036	328	328	0	eh	eh	_	_	_	_	_	linguistic	_	none	_	Begin=523.409	_	_	_	_
328-1	PKP036	328	328	1	sì	sì	_	_	_	_	_	linguistic	_	none	_	_	_	_	_	_
328-2	PKP036	328	328	2	ec[co]	ecco	_	_	_	_	_	linguistic	_	none	_	End=524.22	_	_	_	2-4(492)
329-0	PKP037	329	329	0	[in:	in	_	_	_	_	_	linguistic	_	none	_	Begin=524.1	1x1	_	_	0-2(?)
329-1	PKP037	329	329	1	giappone]	giappone	_	_	_	_	_	linguistic	_	none	_	End=525.4	_	_	_	0-8(?)
330-0	PKP033	330	330	0	[a:h	ah	_	_	_	_	_	linguistic	_	none	_	Begin=524.12	0x1	_	_	0-2(?)
330-1	PKP033	330	330	1	a:h	ah	_	_	_	_	_	linguistic	_	none	_	_	0x1	_	_	0-2(?)
330-2	PKP033	330	330	2	giusto]	giusto	_	_	_	_	_	linguistic	_	none	_	End=526.88	_	_	_	0-6(?)
331-0	PKP036	331	331	0	[voleva	voleva	_	_	_	_	_	linguistic	_	none	_	Begin=524.45	_	_	_	0-6(493)
331-1	PKP036	331	331	1	fare	fare	_	_	_	_	_	linguistic	_	none	_	_	_	_	_	0-4(493)
331-2	PKP036	331	331	2	il	il	_	_	_	_	_	linguistic	_	none	_	_	_	_	_	0-2(493)
331-3	PKP036	331	331	3	viaggio	viaggio	_	_	_	_	_	linguistic	_	none	_	_	_	_	_	0-7(493)
331-4	PKP036	331	331	4	di	di	_	_	_	_	_	linguistic	_	none	_	_	_	_	_	0-2(493)
331-5	PKP036	331	331	5	dottorato]	dottorato	_	_	_	_	_	linguistic	_	none	_	End=526.33	_	_	_	0-9(493)
332-0	PKP036	332	332	0	però	però	_	_	_	_	_	linguistic	_	none	_	Begin=526.91	_	_	_	_
332-1	PKP036	332	332	1	siccome	siccome	_	_	_	_	_	linguistic	_	none	_	_	_	_	_	_
332-2	PKP036	332	332	2	non	non	_	_	_	_	_	linguistic	_	none	_	_	_	_	_	_
332-3	PKP036	332	332	3	si	si	_	_	_	_	_	linguistic	_	none	_	_	_	_	_	_
332-4	PKP036	332	332	4	dottorava:	dottorava	_	_	_	_	_	linguistic	_	none	_	_	8x1	_	_	_
332-5	PKP036	332	332	5	[lui]	lui	_	_	_	_	_	linguistic	_	none	_	End=528.99	_	_	_	0-3(121)
333-0	PKP037	333	333	0	{RIDE}	{RIDE}	_	_	_	_	_	nonverbalbehavior	_	none	_	Begin=528.6|End=530.62	_	_	_	_
334-0	PKP033	334	334	0	A	a	_	_	_	_	_	linguistic	_	none	Volume=high	Begin=528.61	_	_	_	_
334-1	PKP033	334	334	1	UN	un	_	_	_	_	_	linguistic	_	none	Volume=high	_	_	_	_	_
334-2	PKP033	334	334	2	CERTO	certo	_	_	_	_	_	linguistic	_	none	Volume=high	_	_	_	_	_
334-3	PKP033	334	334	3	PU[NTO]	punto	_	_	_	_	_	linguistic	_	none	Volume=high	_	_	_	_	2-5(?)
334-4	PKP033	334	334	4	{RIDE}	{RIDE}	_	_	_	_	_	nonverbalbehavior	_	none	_	End=530.67	_	_	_	_
335-0	PKP036	335	335	0	[INTANTO	intanto	_	_	_	_	_	linguistic	_	none	Volume=high	Begin=529.55	_	_	_	0-7(123)
335-1	PKP036	335	335	1	ANDIAMO	andiamo	_	_	_	_	_	linguistic	_	none	Volume=high	_	_	_	_	0-7(123)
335-2	PKP036	335	335	2	POI]	poi	_	_	_	_	_	linguistic	_	none	Volume=high	End=531.3	_	_	_	0-3(123)
336-0	PKP037	336	336	0	[(INTANTO	intanto	_	_	_	_	_	linguistic	_	none	Volume=high	Begin=530.75	_	_	0-7(0)	0-7(123)
336-1	PKP037	336	336	1	PRENDO)]	prendo	_	_	_	_	_	linguistic	_	none	Volume=high	_	_	_	0-6(0)	0-6(123)
336-2	PKP037	336	336	2	IL	il	_	_	_	_	_	linguistic	_	none	Volume=high	_	_	_	_	_
336-3	PKP037	336	336	3	PREMIO	premio	_	_	_	_	_	linguistic	_	none	Volume=high	End=532.01	_	_	_	_
337-0	PKP036	337	337	0	{ride}	{ride}	_	_	_	_	_	nonverbalbehavior	_	none	_	Begin=532.12|End=532.94	_	_	_	_
338-0	PKP036	338	338	0	intanto	intanto	_	_	_	_	_	linguistic	_	none	_	Begin=532.99	_	_	_	_
338-1	PKP036	338	338	1	viaggiamo	viaggiamo	_	_	_	_	_	linguistic	_	none	_	_	_	_	_	_
338-2	PKP036	338	338	2	poi	poi	_	_	_	_	_	linguistic	_	none	PauseAfter=Yes	_	_	_	_	_
338-3	PKP036	338	338	3	{P}	{P}	_	_	_	_	_	shortpause	_	none	_	_	_	_	_	_
338-4	PKP036	338	338	4	vediamo	vediamo	_	_	_	_	_	linguistic	_	none	_	End=535.6	_	_	_	_
339-0	PKP037	339	339	0	avevamo	avevamo	_	_	_	_	_	linguistic	_	none	_	Begin=536.34	_	_	_	_
339-1	PKP037	339	339	1	mi	mi	_	_	_	_	_	linguistic	_	none	_	_	_	_	_	_
339-2	PKP037	339	339	2	s[a:]	sa	_	_	_	_	_	linguistic	_	none	_	End=537.91	1x1	_	_	1-2(124)
340-0	PKP036	340	340	0	[vo]levamo	volevamo	_	_	_	_	_	linguistic	_	none	_	Begin=537.185	_	_	_	0-2(124)
340-1	PKP036	340	340	1	fa'	fa'	_	_	_	_	_	linguistic	_	none	Truncated=Yes	_	_	_	_	_
340-2	PKP036	340	340	2	un	un	_	_	_	_	_	linguistic	_	none	_	_	_	_	_	_
340-3	PKP036	340	340	3	viaggio	viaggio	_	_	_	_	_	linguistic	_	none	_	_	_	_	_	_
340-4	PKP036	340	340	4	grande	grande	_	_	_	_	_	linguistic	_	none	_	End=538.52	_	_	_	_
341-0	PKP036	341	341	0	(non	non	_	_	_	_	_	linguistic	_	none	_	Begin=538.73	_	_	0-3(0)	_
341-1	PKP036	341	341	1	pen[so)]	penso	_	_	_	_	_	linguistic	_	none	_	End=539.32	_	_	0-5(0)	3-5(125)
342-0	PKP037	342	342	0	[inizia]to	iniziato	_	_	_	_	_	linguistic	_	none	_	Begin=539.01	_	_	_	0-6(125)
342-1	PKP037	342	342	1	a	a	_	_	_	_	_	linguistic	_	none	_	_	_	_	_	_
342-2	PKP037	342	342	2	vedere	vedere	_	_	_	_	_	linguistic	_	none	_	_	_	_	_	_
342-3	PKP037	342	342	3	i	i	_	_	_	_	_	linguistic	_	none	_	_	_	_	_	_
342-4	PKP037	342	342	4	voli	voli	_	_	_	_	_	linguistic	_	none	_	End=540.59	_	_	_	_
343-0	PKP037	343	343	0	a	a	_	_	_	_	_	linguistic	_	none	_	Begin=541.09	_	_	_	_
343-1	PKP037	343	343	1	[natale	natale	_	_	_	_	_	linguistic	_	none	_	_	_	_	_	0-6(126)
343-2	PKP037	343	343	2	s]corso	scorso	_	_	_	_	_	linguistic	_	none	_	End=542.53	_	_	_	0-1(126)
344-0	PKP036	344	344	0	[mh]	mh	_	_	_	_	_	linguistic	_	none	_	Begin=541.38|End=541.89	_	_	_	0-2(126)
345-0	PKP036	345	345	0	sì	sì	_	_	_	_	_	linguistic	_	none	_	Begin=543.4|End=543.78	_	_	_	_
346-0	PKP037	346	346	0	e:	e	_	_	_	_	_	linguistic	_	none	_	Begin=543.79	0x1	_	_	_
346-1	PKP037	346	346	1	subito	subito	_	_	_	_	_	linguistic	_	none	_	_	_	_	_	_
346-2	PKP037	346	346	2	vedendo	vedendo	_	_	_	_	_	linguistic	_	none	_	_	_	_	_	_
346-3	PKP037	346	346	3	com'	com'	_	_	_	_	_	linguistic	_	none	SpaceAfter=No	_	_	_	_	_
346-4	PKP037	346	346	4	è	è	_	_	_	_	_	linguistic	_	none	PauseAfter=Yes	_	_	_	_	_
346-5	PKP037	346	346	5	{P}	{P}	_	_	_	_	_	shortpause	_	none	_	_	_	_	_	_
346-6	PKP037	346	346	6	quanto	quanto	_	_	_	_	_	linguistic	_	none	_	_	_	_	_	_
346-7	PKP037	346	346	7	costavano	costavano	_	_	_	_	_	linguistic	_	none	_	_	_	_	_	_
346-8	PKP037	346	346	8	per	per	_	_	_	_	_	linguistic	_	none	_	_	_	_	_	_
346-9	PKP037	346	346	9	il	il	_	_	_	_	_	linguistic	_	none	_	_	_	_	_	_
346-10	PKP037	346	346	10	periodo	periodo	_	_	_	_	_	linguistic	_	none	_	_	_	_	_	_
346-11	PKP037	346	346	11	de:	de	_	_	_	_	_	linguistic	_	none	_	_	1x1	_	_	_
346-12	PKP037	346	346	12	m:	m	_	_	_	_	_	linguistic	_	none	_	_	0x1	_	_	_
346-13	PKP037	346	346	13	i	i	_	_	_	_	_	linguistic	_	none	_	_	_	_	_	_
346-14	PKP037	346	346	14	fioriutura	fioriutura	_	_	_	_	_	linguistic	_	none	_	_	_	_	_	_
346-15	PKP037	346	346	15	dei	dei	_	_	_	_	_	linguistic	_	none	_	_	_	_	_	_
346-16	PKP037	346	346	16	ciliegi	ciliegi	_	_	_	_	_	linguistic	_	none	_	End=549.94	_	_	_	_
347-0	PKP037	347	347	0	e	e	_	_	_	_	_	linguistic	_	none	_	Begin=551.17|End=551.5	_	_	_	_
348-0	PKP037	348	348	0	non	non	_	_	_	_	_	linguistic	_	none	_	Begin=551.88	_	_	_	_
348-1	PKP037	348	348	1	solo	solo	_	_	_	_	_	linguistic	_	none	_	_	_	_	_	_
348-2	PKP037	348	348	2	era	era	_	_	_	_	_	linguistic	_	none	PauseAfter=Yes	_	_	_	_	_
348-3	PKP037	348	348	3	{P}	{P}	_	_	_	_	_	shortpause	_	none	_	_	_	_	_	_
348-4	PKP037	348	348	4	solo	solo	_	_	_	_	_	linguistic	_	none	_	_	_	_	_	_
348-5	PKP037	348	348	5	cinque	cinque	_	_	_	_	_	linguistic	_	none	_	_	_	_	_	_
348-6	PKP037	348	348	6	mesi	mesi	_	_	_	_	_	linguistic	_	none	_	_	_	_	_	_
348-7	PKP037	348	348	7	dopo	dopo	_	_	_	_	_	linguistic	_	none	_	_	_	_	_	_
348-8	PKP037	348	348	8	ma	ma	_	_	_	_	_	linguistic	_	none	_	End=554.62	_	_	_	_
349-0	PKP037	349	349	0	penso	penso	_	_	_	_	_	linguistic	_	none	_	Begin=555.32	_	_	_	_
349-1	PKP037	349	349	1	che	che	_	_	_	_	_	linguistic	_	none	_	_	_	_	_	_
349-2	PKP037	349	349	2	era	era	_	_	_	_	_	linguistic	_	none	_	_	_	_	_	_
349-3	PKP037	349	349	3	la	la	_	_	_	_	_	linguistic	_	none	_	_	_	_	_	_
349-4	PKP037	349	349	4	parte	parte	_	_	_	_	_	linguistic	_	none	_	_	_	_	_	_
349-5	PKP037	349	349	5	più	più	_	_	_	_	_	linguistic	_	none	_	_	_	_	_	_
349-6	PKP037	349	349	6	turistica	turistica	_	_	_	_	_	linguistic	_	none	_	_	_	_	_	_
349-7	PKP037	349	349	7	dell'	dell'	_	_	_	_	_	linguistic	_	none	SpaceAfter=No	_	_	_	_	_
349-8	PKP037	349	349	8	anno	anno	_	_	_	_	_	linguistic	_	none	_	End=557.41	_	_	_	_
350-0	PKP037	350	350	0	il	il	_	_	_	_	_	linguistic	_	none	_	Begin=557.53	_	_	_	_
350-1	PKP037	350	350	1	[periodo]	periodo	_	_	_	_	_	linguistic	_	none	_	_	_	_	_	0-7(127)
350-2	PKP037	350	350	2	più	più	_	_	_	_	_	linguistic	_	none	_	_	_	_	_	_
350-3	PKP037	350	350	3	turistico	turistico	_	_	_	_	_	linguistic	_	none	_	_	_	_	_	_
350-4	PKP037	350	350	4	quindi	quindi	_	_	_	_	_	linguistic	_	none	_	End=558.99	_	_	_	_
351-0	PKP036	351	351	0	[sì]	sì	_	_	_	_	_	linguistic	_	none	_	Begin=557.65|End=558.12	_	_	_	0-2(127)
352-0	PKP037	352	352	0	costano	costano	_	_	_	_	_	linguistic	_	none	_	Begin=560.07	_	_	_	_
352-1	PKP037	352	352	1	tanto	tanto	_	_	_	_	_	linguistic	_	none	_	_	_	_	_	_
352-2	PKP037	352	352	2	invece	invece	_	_	_	_	_	linguistic	_	none	_	_	_	_	_	_
352-3	PKP037	352	352	3	per	per	_	_	_	_	_	linguistic	_	none	_	_	_	_	_	_
352-4	PKP037	352	352	4	settembre	settembre	_	_	_	_	_	linguistic	_	none	_	_	_	_	_	_
352-5	PKP037	352	352	5	erano:	erano	_	_	_	_	_	linguistic	_	none	_	End=562.96	4x1	_	_	_
353-0	PKP036	353	353	0	°ragionevoli°	ragionevoli	_	_	_	_	_	linguistic	_	none	Volume=low	Begin=563.36|End=564.31	_	_	_	_
354-0	PKP037	354	354	0	e	e	_	_	_	_	_	linguistic	_	none	_	Begin=564.36	_	_	_	_
354-1	PKP037	354	354	1	erano	erano	_	_	_	_	_	linguistic	_	none	PauseAfter=Yes	_	_	_	_	_
354-2	PKP037	354	354	2	{P}	{P}	_	_	_	_	_	shortpause	_	none	_	_	_	_	_	_
354-3	PKP037	354	354	3	c(io)è	cioè	_	_	_	_	_	linguistic	_	none	_	_	_	_	1-3(0)	_
354-4	PKP037	354	354	4	erano	erano	_	_	_	_	_	linguistic	_	none	_	_	_	_	_	_
354-5	PKP037	354	354	5	il	il	_	_	_	_	_	linguistic	_	none	_	_	_	_	_	_
354-6	PKP037	354	354	6	minimo	minimo	_	_	_	_	_	linguistic	_	none	_	_	_	_	_	_
354-7	PKP037	354	354	7	se	se	_	_	_	_	_	linguistic	_	none	_	_	_	_	_	_
354-8	PKP037	354	354	8	vai	vai	_	_	_	_	_	linguistic	_	none	_	_	_	_	_	_
354-9	PKP037	354	354	9	a	a	_	_	_	_	_	linguistic	_	none	_	_	_	_	_	_
354-10	PKP037	354	354	10	vedere	vedere	_	_	_	_	_	linguistic	_	none	_	_	_	_	_	_
354-11	PKP037	354	354	11	le	le	_	_	_	_	_	linguistic	_	none	_	_	_	_	_	_
354-12	PKP037	354	354	12	statistiche	statistiche	_	_	_	_	_	linguistic	_	none	_	End=567.31	_	_	_	_
355-0	PKP037	355	355	0	non	non	_	_	_	_	_	linguistic	_	none	_	Begin=567.46	_	_	_	_
355-1	PKP037	355	355	1	costano	costano	_	_	_	_	_	linguistic	_	none	_	_	_	_	_	_
355-2	PKP037	355	355	2	mai	mai	_	_	_	_	_	linguistic	_	none	_	_	_	_	_	_
355-3	PKP037	355	355	3	meno:	meno	_	_	_	_	_	linguistic	_	none	PauseAfter=Yes	_	3x1	_	_	_
355-4	PKP037	355	355	4	{P}	{P}	_	_	_	_	_	shortpause	_	none	_	_	_	_	_	_
355-5	PKP037	355	355	5	i	i	_	_	_	_	_	linguistic	_	none	_	_	_	_	_	_
355-6	PKP037	355	355	6	voli	voli	_	_	_	_	_	linguistic	_	none	_	_	_	_	_	_
355-7	PKP037	355	355	7	diretti	diretti	_	_	_	_	_	linguistic	_	none	_	_	_	_	_	_
355-8	PKP037	355	355	8	da	da	_	_	_	_	_	linguistic	_	none	_	_	_	_	_	_
355-9	PKP037	355	355	9	roma	roma	_	_	_	_	_	linguistic	_	none	_	_	_	_	_	_
355-10	PKP037	355	355	10	non	non	_	_	_	_	_	linguistic	_	none	_	_	_	_	_	_
355-11	PKP037	355	355	11	costano	costano	_	_	_	_	_	linguistic	_	none	_	_	_	_	_	_
355-12	PKP037	355	355	12	mai	mai	_	_	_	_	_	linguistic	_	none	_	_	_	_	_	_
355-13	PKP037	355	355	13	meno	meno	_	_	_	_	_	linguistic	_	none	_	_	_	_	_	_
355-14	PKP037	355	355	14	di	di	_	_	_	_	_	linguistic	_	none	_	_	_	_	_	_
355-15	PKP037	355	355	15	ottocento	ottocento	_	_	_	_	_	linguistic	_	none	_	_	_	_	_	_
355-16	PKP037	355	355	16	euro	euro	_	_	_	_	_	linguistic	_	none	_	End=571.73	_	_	_	_
356-0	PKP037	356	356	0	a	a	_	_	_	_	_	linguistic	_	none	_	Begin=571.9	_	_	_	_
356-1	PKP037	356	356	1	persona	persona	_	_	_	_	_	linguistic	_	none	_	End=572.68	_	_	_	_
357-0	PKP033	357	357	0	ah	ah	_	_	_	_	_	linguistic	_	none	_	Begin=572.92	_	_	_	_
357-1	PKP033	357	357	1	vabbè	vabbè	_	_	_	_	_	linguistic	_	none	_	_	_	_	_	_
357-2	PKP033	357	357	2	però	però	_	_	_	_	_	linguistic	_	none	_	_	_	_	_	_
357-3	PKP033	357	357	3	non	non	_	_	_	_	_	linguistic	_	none	PauseAfter=Yes	_	_	_	_	_
357-4	PKP033	357	357	4	{P}	{P}	_	_	_	_	_	shortpause	_	none	_	_	_	_	_	_
357-5	PKP033	357	357	5	c(io)è	cioè	_	_	_	_	_	linguistic	_	none	_	_	_	_	1-3(0)	_
357-6	PKP033	357	357	6	si	si	_	_	_	_	_	linguistic	_	none	_	_	_	_	_	_
357-7	PKP033	357	357	7	può	può	_	_	_	_	_	linguistic	_	none	_	_	_	_	_	_
357-8	PKP033	357	357	8	fare	fare	_	_	_	_	_	linguistic	_	none	_	End=575.08	_	_	_	_
358-0	PKP037	358	358	0	mh[mh]	mhmh	_	_	_	_	_	linguistic	_	none	_	Begin=575.32|End=575.85	_	_	_	2-4(128)
359-0	PKP033	359	359	0	[è]	è	_	_	_	_	_	linguistic	_	none	_	Begin=575.67	_	_	_	0-1(128)
359-1	PKP033	359	359	1	il	il	_	_	_	_	_	linguistic	_	none	_	_	_	_	_	_
359-2	PKP033	359	359	2	prezzo	prezzo	_	_	_	_	_	linguistic	_	none	_	_	_	_	_	_
359-3	PKP033	359	359	3	che	che	_	_	_	_	_	linguistic	_	none	_	_	_	_	_	_
359-4	PKP033	359	359	4	[pensavo	pensavo	_	_	_	_	_	linguistic	_	none	_	_	_	_	_	0-7(494)
359-5	PKP033	359	359	5	sì]	sì	_	_	_	_	_	linguistic	_	none	_	End=577.45	_	_	_	0-2(494)
360-0	PKP037	360	360	0	[sì	sì	_	_	_	_	_	linguistic	_	none	_	Begin=576.39	_	_	_	0-2(494)
360-1	PKP037	360	360	1	sì	sì	_	_	_	_	_	linguistic	_	none	_	_	_	_	_	0-2(494)
360-2	PKP037	360	360	2	sì]	sì	_	_	_	_	_	linguistic	_	none	_	End=577.31	_	_	_	0-2(494)
361-0	PKP036	361	361	0	[sì	sì	_	_	_	_	_	linguistic	_	none	_	Begin=576.94	_	_	_	0-2(494)
361-1	PKP036	361	361	1	sì]	sì	_	_	_	_	_	linguistic	_	none	_	End=577.49	_	_	_	0-2(494)
362-0	PKP033	362	362	0	sì	sì	_	_	_	_	_	linguistic	_	none	_	Begin=578.0	_	_	_	_
362-1	PKP033	362	362	1	sì	sì	_	_	_	_	_	linguistic	_	none	_	_	_	_	_	_
362-2	PKP033	362	362	2	[sì]	sì	_	_	_	_	_	linguistic	_	none	_	End=578.66	_	_	_	0-2(129)
363-0	PKP036	363	363	0	[poi	poi	_	_	_	_	_	linguistic	_	none	_	Begin=578.37	_	_	_	0-3(129)
363-1	PKP036	363	363	1	alla	alla	_	_	_	_	_	linguistic	_	none	_	_	_	_	_	0-4(129)
363-2	PKP036	363	363	2	fi]ne	fine	_	_	_	_	_	linguistic	_	none	_	_	_	_	_	0-2(129)
363-3	PKP036	363	363	3	sì	sì	_	_	_	_	_	linguistic	_	none	_	End=579.33	_	_	_	_
364-0	PKP033	364	364	0	okay	okay	_	_	_	_	_	linguistic	_	none	_	Begin=579.32|End=580.12	_	_	_	_
365-0	PKP037	365	365	0	quindi	quindi	_	_	_	_	_	linguistic	_	none	_	Begin=580.12	_	_	_	_
365-1	PKP037	365	365	1	meglio	meglio	_	_	_	_	_	linguistic	_	none	_	_	_	_	_	_
365-2	PKP037	365	365	2	di	di	_	_	_	_	_	linguistic	_	none	_	_	_	_	_	_
365-3	PKP037	365	365	3	così	così	_	_	_	_	_	linguistic	_	none	_	_	_	_	_	_
365-4	PKP037	365	365	4	non	non	_	_	_	_	_	linguistic	_	none	_	_	_	_	_	_
365-5	PKP037	365	365	5	poteva	poteva	_	_	_	_	_	linguistic	_	none	_	_	_	_	_	_
365-6	PKP037	365	365	6	andare	andare	_	_	_	_	_	linguistic	_	none	_	End=581.95	_	_	_	_
366-0	PKP037	366	366	0	e	e	_	_	_	_	_	linguistic	_	none	_	Begin=583.05	_	_	_	_
366-1	PKP037	366	366	1	vabbè	vabbè	_	_	_	_	_	linguistic	_	none	_	_	_	_	_	_
366-2	PKP037	366	366	2	xx	xx	_	_	_	_	_	unknown	_	none	Syllables=2	_	_	_	_	_
366-3	PKP037	366	366	3	la	la	_	_	_	_	_	linguistic	_	none	_	_	_	_	_	_
366-4	PKP037	366	366	4	prendiamo	prendiamo	_	_	_	_	_	linguistic	_	none	_	End=584.5	_	_	_	_
367-0	PKP036	367	367	0	li	li	_	_	_	_	_	linguistic	_	none	_	Begin=585.98	_	_	_	_
367-1	PKP036	367	367	1	abbiamo	abbiamo	_	_	_	_	_	linguistic	_	none	_	_	_	_	_	_
367-2	PKP036	367	367	2	presi	presi	_	_	_	_	_	linguistic	_	none	_	End=586.93	_	_	_	_
368-0	PKP037	368	368	0	[xx]	xx	_	_	_	_	_	unknown	_	none	Syllables=2	Begin=586.86|End=587.45	_	_	_	0-2(496)
369-0	PKP033	369	369	0	[basta]	basta	_	_	_	_	_	linguistic	_	none	_	Begin=586.92|End=587.47	_	_	_	0-5(496)
370-0	PKP036	370	370	0	[fi]ne	fine	_	_	_	_	_	linguistic	_	none	PauseAfter=Yes	Begin=587.35	_	_	_	0-2(?)
370-1	PKP036	370	370	1	{P}	{P}	_	_	_	_	_	shortpause	_	none	_	_	_	_	_	_
370-2	PKP036	370	370	2	(basta)	basta	_	_	_	_	_	linguistic	_	none	_	End=588.32	_	_	0-5(0)	_
371-0	PKP033	371	371	0	{ride}	{ride}	_	_	_	_	_	nonverbalbehavior	_	none	_	Begin=587.86|End=588.65	_	_	_	_
372-0	PKP037	372	372	0	fine	fine	_	_	_	_	_	linguistic	_	none	_	Begin=588.14	_	_	_	_
372-1	PKP037	372	372	1	no	no	_	_	_	_	_	linguistic	_	none	_	_	_	_	_	_
372-2	PKP037	372	372	2	fine	fine	_	_	_	_	_	linguistic	_	none	_	_	_	_	_	_
372-3	PKP037	372	372	3	perché	perché	_	_	_	_	_	linguistic	_	none	_	_	_	_	_	_
372-4	PKP037	372	372	4	ora	ora	_	_	_	_	_	linguistic	_	none	_	_	_	_	_	_
372-5	PKP037	372	372	5	non	non	_	_	_	_	_	linguistic	_	none	_	_	_	_	_	_
372-6	PKP037	372	372	6	abbiamo	abbiamo	_	_	_	_	_	linguistic	_	none	_	_	_	_	_	_
372-7	PKP037	372	372	7	organizzato	organizzato	_	_	_	_	_	linguistic	_	none	_	_	_	_	_	_
372-8	PKP037	372	372	8	[nient(e)'	niente'	_	_	_	_	_	linguistic	_	none	SpaceAfter=No	_	_	_	5-6(0)	0-7(?)
372-9	PKP037	372	372	9	altro]	altro	_	_	_	_	_	linguistic	_	none	_	End=590.85	_	_	_	0-5(?)
373-0	PKP036	373	373	0	{ride}	{ride}	_	_	_	_	_	nonverbalbehavior	_	none	_	Begin=588.94|End=589.71	_	_	_	_
374-0	PKP036	374	374	0	[no:]	no	_	_	_	_	_	linguistic	_	none	PauseAfter=Yes	Begin=590.23	1x1	_	_	0-2(132)
374-1	PKP036	374	374	1	{P}	{P}	_	_	_	_	_	shortpause	_	none	_	_	_	_	_	_
374-2	PKP036	374	374	2	cos'	cos'	_	_	_	_	_	linguistic	_	none	SpaceAfter=No	_	_	_	_	_
374-3	PKP036	374	374	3	è	è	_	_	_	_	_	linguistic	_	none	_	_	_	_	_	_
374-4	PKP036	374	374	4	natale	natale	_	_	_	_	_	linguistic	_	none	_	_	_	_	_	_
374-5	PKP036	374	374	5	poi	poi	_	_	_	_	_	linguistic	_	none	PauseAfter=Yes	_	_	_	_	_
374-6	PKP036	374	374	6	{P}	{P}	_	_	_	_	_	shortpause	_	none	_	_	_	_	_	_
374-7	PKP036	374	374	7	mesi	mesi	_	_	_	_	_	linguistic	_	none	_	_	_	_	_	_
374-8	PKP036	374	374	8	e	e	_	_	_	_	_	linguistic	_	none	_	_	_	_	_	_
374-9	PKP036	374	374	9	mesi	mesi	_	_	_	_	_	linguistic	_	none	_	End=592.95	_	_	_	_
375-0	PKP037	375	375	0	fino	fino	_	_	_	_	_	linguistic	_	none	_	Begin=592.95	_	_	_	_
375-1	PKP037	375	375	1	all'	all'	_	_	_	_	_	linguistic	_	none	SpaceAfter=No	_	_	_	_	_
375-2	PKP037	375	375	2	estate	estate	_	_	_	_	_	linguistic	_	none	_	End=593.97	_	_	_	_
376-0	PKP036	376	376	0	abbiamo	abbiamo	_	_	_	_	_	linguistic	_	none	_	Begin=593.98	_	_	_	_
376-1	PKP036	376	376	1	fatto	fatto	_	_	_	_	_	linguistic	_	none	_	_	_	_	_	_
376-2	PKP036	376	376	2	tutta	tutta	_	_	_	_	_	linguistic	_	none	_	_	_	_	_	_
376-3	PKP036	376	376	3	un'	un'	_	_	_	_	_	linguistic	_	none	SpaceAfter=No	_	_	_	_	_
376-4	PKP036	376	376	4	est[ate]	estate	_	_	_	_	_	linguistic	_	none	_	End=595.71	_	_	_	2-6(133)
377-0	PKP033	377	377	0	[eh	eh	_	_	_	_	_	linguistic	_	none	_	Begin=595.43	_	_	_	0-2(?)
377-1	PKP033	377	377	1	beh]	beh	_	_	_	_	_	linguistic	_	none	_	End=595.98	_	_	_	0-3(?)
378-0	PKP037	378	378	0	[c(io)è]	cioè	_	_	_	_	_	linguistic	_	none	_	Begin=595.87	_	_	1-3(0)	0-4(134)
378-1	PKP037	378	378	1	non	non	_	_	_	_	_	linguistic	_	none	_	_	_	_	_	_
378-2	PKP037	378	378	2	sapevo	sapevo	_	_	_	_	_	linguistic	_	none	_	_	_	_	_	_
378-3	PKP037	378	378	3	neanche	neanche	_	_	_	_	_	linguistic	_	none	_	_	_	_	_	_
378-4	PKP037	378	378	4	che	che	_	_	_	_	_	linguistic	_	none	_	_	_	_	_	_
378-5	PKP037	378	378	5	altre	altre	_	_	_	_	_	linguistic	_	none	_	_	_	_	_	_
378-6	PKP037	378	378	6	città	città	_	_	_	_	_	linguistic	_	none	_	_	_	_	_	_
378-7	PKP037	378	378	7	esistessero	esistessero	_	_	_	_	_	linguistic	_	none	PauseAfter=Yes	_	_	_	_	_
378-8	PKP037	378	378	8	{P}	{P}	_	_	_	_	_	shortpause	_	none	_	_	_	_	_	_
378-9	PKP037	378	378	9	da	da	_	_	_	_	_	linguistic	_	none	_	_	_	_	_	_
378-10	PKP037	378	378	10	visitare	visitare	_	_	_	_	_	linguistic	_	none	_	End=598.88	_	_	_	_
379-0	PKP033	379	379	0	{ride}	{ride}	_	_	_	_	_	nonverbalbehavior	_	none	_	Begin=598.84|End=599.83	_	_	_	_
380-0	PKP036	380	380	0	{ride}	{ride}	_	_	_	_	_	nonverbalbehavior	_	none	_	Begin=599.06|End=600.71	_	_	_	_
381-0	PKP037	381	381	0	[xx]	xx	_	_	_	_	_	unknown	_	none	Syllables=2	Begin=599.38|End=600.13	_	_	_	0-2(?)
382-0	PKP036	382	382	0	eh	eh	_	_	_	_	_	linguistic	_	none	_	Begin=601.45	_	_	_	_
382-1	PKP036	382	382	1	vabbè	vabbè	_	_	_	_	_	linguistic	_	none	PauseAfter=Yes	_	_	_	_	_
382-2	PKP036	382	382	2	{P}	{P}	_	_	_	_	_	shortpause	_	none	_	_	_	_	_	_
382-3	PKP036	382	382	3	poi	poi	_	_	_	_	_	linguistic	_	none	_	_	_	_	_	_
382-4	PKP036	382	382	4	non	non	_	_	_	_	_	linguistic	_	none	_	_	_	_	_	_
382-5	PKP036	382	382	5	[abbiamo	abbiamo	_	_	_	_	_	linguistic	_	none	_	_	_	_	_	0-7(135)
382-6	PKP036	382	382	6	fatto	fatto	_	_	_	_	_	linguistic	_	none	_	_	_	_	_	0-5(135)
382-7	PKP036	382	382	7	niente]	niente	_	_	_	_	_	linguistic	_	none	_	End=603.23	_	_	_	0-6(135)
383-0	PKP033	383	383	0	[ma]	ma	_	_	_	_	_	linguistic	_	none	PauseAfter=Yes	Begin=602.09	_	_	_	0-2(?)
383-1	PKP033	383	383	1	{P}	{P}	_	_	_	_	_	shortpause	_	none	_	_	_	_	_	_
383-2	PKP033	383	383	2	[quindi	quindi	_	_	_	_	_	linguistic	_	none	_	_	_	_	_	0-6(?)
383-3	PKP033	383	383	3	la	la	_	_	_	_	_	linguistic	_	none	_	_	_	_	_	0-2(?)
383-4	PKP033	383	383	4	passio]ne	passione	_	_	_	_	_	linguistic	_	none	_	_	_	_	_	0-6(?)
383-5	PKP033	383	383	5	non:	non	_	_	_	_	_	linguistic	_	none	_	End=604.16	2x1	_	_	_
384-0	PKP033	384	384	0	c(io)è	cioè	_	_	_	_	_	linguistic	_	none	_	Begin=604.17	_	_	1-3(0)	_
384-1	PKP033	384	384	1	non	non	_	_	_	_	_	linguistic	_	none	_	_	_	_	_	_
384-2	PKP033	384	384	2	era	era	_	_	_	_	_	linguistic	_	none	_	_	_	_	_	_
384-3	PKP033	384	384	3	una	una	_	_	_	_	_	linguistic	_	none	_	_	_	_	_	_
384-4	PKP033	384	384	4	cosa	cosa	_	_	_	_	_	linguistic	_	none	_	_	_	_	_	_
384-5	PKP033	384	384	5	che	che	_	_	_	_	_	linguistic	_	none	_	_	_	_	_	_
384-6	PKP033	384	384	6	avevi:	avevi	_	_	_	_	_	linguistic	_	none	_	_	4x1	_	_	_
384-7	PKP033	384	384	7	esperi~	esperi~	_	_	_	_	_	linguistic	_	none	Interrupted=Yes|PauseAfter=Yes	_	_	_	_	_
384-8	PKP033	384	384	8	{P}	{P}	_	_	_	_	_	shortpause	_	none	_	_	_	_	_	_
384-9	PKP033	384	384	9	c(io)è	cioè	_	_	_	_	_	linguistic	_	none	_	_	_	_	1-3(1)	_
384-10	PKP033	384	384	10	esplorato	esplorato	_	_	_	_	_	linguistic	_	none	_	_	_	_	_	_
384-11	PKP033	384	384	11	diciamo:	diciamo	_	_	_	_	_	linguistic	_	none	_	_	6x1	_	_	_
384-12	PKP033	384	384	12	su	su	_	_	_	_	_	linguistic	_	none	_	_	_	_	_	_
384-13	PKP033	384	384	13	carta:	carta	_	_	_	_	_	linguistic	_	none	_	_	4x1	_	_	_
384-14	PKP033	384	384	14	prima	prima	_	_	_	_	_	linguistic	_	none	_	End=608.98	_	_	_	_
385-0	PKP037	385	385	0	non	non	_	_	_	_	_	linguistic	_	none	_	Begin=610.44	_	_	_	_
385-1	PKP037	385	385	1	tanto	tanto	_	_	_	_	_	linguistic	_	none	_	_	_	_	_	_
385-2	PKP037	385	385	2	quanto:	quanto	_	_	_	_	_	linguistic	_	none	PauseAfter=Yes	_	5x1	_	_	_
385-3	PKP037	385	385	3	{P}	{P}	_	_	_	_	_	shortpause	_	none	_	_	_	_	_	_
385-4	PKP037	385	385	4	altre	altre	_	_	_	_	_	linguistic	_	none	_	_	_	_	_	_
385-5	PKP037	385	385	5	persone	persone	_	_	_	_	_	linguistic	_	none	_	_	_	_	_	_
385-6	PKP037	385	385	6	che	che	_	_	_	_	_	linguistic	_	none	_	_	_	_	_	_
385-7	PKP037	385	385	7	conosco	conosco	_	_	_	_	_	linguistic	_	none	_	End=615.01	_	_	_	_
386-0	PKP037	386	386	0	c(io)è	cioè	_	_	_	_	_	linguistic	_	none	_	Begin=615.28	_	_	1-3(0)	_
386-1	PKP037	386	386	1	non	non	_	_	_	_	_	linguistic	_	none	_	_	_	_	_	_
386-2	PKP037	386	386	2	[leggo	leggo	_	_	_	_	_	linguistic	_	none	_	_	_	_	_	0-5(136)
386-3	PKP037	386	386	3	tan]ti	tanti	_	_	_	_	_	linguistic	_	none	_	_	_	_	_	0-3(136)
386-4	PKP037	386	386	4	manga	manga	_	_	_	_	_	linguistic	_	none	_	_	_	_	_	_
386-5	PKP037	386	386	5	[non:]	non	_	_	_	_	_	linguistic	_	none	_	_	2x1	_	_	0-3(137)
386-6	PKP037	386	386	6	leg~	leg~	_	_	_	_	_	linguistic	_	none	Interrupted=Yes	_	_	_	_	_
386-7	PKP037	386	386	7	non	non	_	_	_	_	_	linguistic	_	none	_	_	_	_	_	_
386-8	PKP037	386	386	8	vedo	vedo	_	_	_	_	_	linguistic	_	none	_	_	_	_	_	_
386-9	PKP037	386	386	9	tanti	tanti	_	_	_	_	_	linguistic	_	none	_	_	_	_	_	_
386-10	PKP037	386	386	10	anime	anime	_	_	_	_	_	linguistic	_	none	_	_	_	_	_	_
386-11	PKP037	386	386	11	non:	non	_	_	_	_	_	linguistic	_	none	_	End=618.97	2x1	_	_	_
387-0	PKP033	387	387	0	[mh]	mh	_	_	_	_	_	linguistic	_	none	_	Begin=615.62|End=616.05	_	_	_	0-2(136)
388-0	PKP033	388	388	0	[mhmh]	mhmh	_	_	_	_	_	linguistic	_	none	_	Begin=616.64|End=617.3	_	_	_	0-4(137)
389-0	PKP033	389	389	0	ma	ma	_	_	_	_	_	linguistic	_	none	_	Begin=621.147	_	_	_	_
389-1	PKP033	389	389	1	no	no	_	_	_	_	_	linguistic	_	none	_	_	_	_	_	_
389-2	PKP033	389	389	2	ma	ma	_	_	_	_	_	linguistic	_	none	_	_	_	_	_	_
389-3	PKP033	389	389	3	anche	anche	_	_	_	_	_	linguistic	_	none	_	_	_	_	_	_
389-4	PKP033	389	389	4	da	da	_	_	_	_	_	linguistic	_	none	_	_	_	_	_	_
389-5	PKP033	389	389	5	un	un	_	_	_	_	_	linguistic	_	none	_	_	_	_	_	_
389-6	PKP033	389	389	6	punto	punto	_	_	_	_	_	linguistic	_	none	_	_	_	_	_	_
389-7	PKP033	389	389	7	di	di	_	_	_	_	_	linguistic	_	none	_	_	_	_	_	_
389-8	PKP033	389	389	8	vista	vista	_	_	_	_	_	linguistic	_	none	_	_	_	_	_	_
389-9	PKP033	389	389	9	tipo	tipo	_	_	_	_	_	linguistic	_	none	_	_	_	_	_	_
389-10	PKP033	389	389	10	delle	delle	_	_	_	_	_	linguistic	_	none	_	_	_	_	_	_
389-11	PKP033	389	389	11	cose	cose	_	_	_	_	_	linguistic	_	none	_	_	_	_	_	_
389-12	PKP033	389	389	12	da	da	_	_	_	_	_	linguistic	_	none	_	_	_	_	_	_
389-13	PKP033	389	389	13	vedere	vedere	_	_	_	_	_	linguistic	_	none	_	_	_	_	_	_
389-14	PKP033	389	389	14	là	là	_	_	_	_	_	linguistic	_	none	_	End=624.06	_	_	_	_
390-0	PKP033	390	390	0	c(io)è	cioè	_	_	_	_	_	linguistic	_	none	_	Begin=624.25	_	_	1-3(0)	_
390-1	PKP033	390	390	1	magari	magari	_	_	_	_	_	linguistic	_	none	_	_	_	_	_	_
390-2	PKP033	390	390	2	uno	uno	_	_	_	_	_	linguistic	_	none	_	_	_	_	_	_
390-3	PKP033	390	390	3	dice	dice	_	_	_	_	_	linguistic	_	none	_	_	_	_	_	_
390-4	PKP033	390	390	4	voglio	voglio	_	_	_	_	_	linguistic	_	none	_	_	_	_	_	_
390-5	PKP033	390	390	5	fare	fare	_	_	_	_	_	linguistic	_	none	_	_	_	_	_	_
390-6	PKP033	390	390	6	un	un	_	_	_	_	_	linguistic	_	none	_	_	_	_	_	_
390-7	PKP033	390	390	7	viaggio	viaggio	_	_	_	_	_	linguistic	_	none	_	_	_	_	_	_
390-8	PKP033	390	390	8	da	da	_	_	_	_	_	linguistic	_	none	_	_	_	_	_	_
390-9	PKP033	390	390	9	tanto:	tanto	_	_	_	_	_	linguistic	_	none	_	_	4x1	_	_	_
390-10	PKP033	390	390	10	e:	e	_	_	_	_	_	linguistic	_	none	_	_	0x1	_	_	_
390-11	PKP033	390	390	11	ho	ho	_	_	_	_	_	linguistic	_	none	_	_	_	_	_	_
390-12	PKP033	390	390	12	già:	già	_	_	_	_	_	linguistic	_	none	_	_	2x1	_	_	_
390-13	PKP033	390	390	13	guardato	guardato	_	_	_	_	_	linguistic	_	none	_	_	_	_	_	_
390-14	PKP033	390	390	14	onlin:e	online	_	_	_	_	_	linguistic	_	none	_	End=629.32	4x1	_	_	_
391-0	PKP036	391	391	0	no:	no	_	_	_	_	_	linguistic	_	none	_	Begin=629.61|End=630.02	1x1	_	_	_
392-0	PKP033	392	392	0	no:?	no	_	_	_	_	_	linguistic	_	none	Intonation=Rising	Begin=630.04	1x1	_	_	_
392-1	PKP033	392	392	1	e:	e	_	_	_	_	_	linguistic	_	none	_	_	0x1	_	_	_
392-2	PKP033	392	392	2	vabbè	vabbè	_	_	_	_	_	linguistic	_	none	_	End=630.95	_	_	_	_
393-0	PKP036	393	393	0	così	così	_	_	_	_	_	linguistic	_	none	_	Begin=631.12|End=631.62	_	_	_	_
394-0	PKP033	394	394	0	sì	sì	_	_	_	_	_	linguistic	_	none	_	Begin=631.71|End=632.23	_	_	_	_
395-0	PKP037	395	395	0	vabbè	vabbè	_	_	_	_	_	linguistic	_	none	_	Begin=634.39	_	_	_	_
395-1	PKP037	395	395	1	mh	mh	_	_	_	_	_	linguistic	_	none	PauseAfter=Yes	_	_	_	_	_
395-2	PKP037	395	395	2	{P}	{P}	_	_	_	_	_	shortpause	_	none	_	_	_	_	_	_
395-3	PKP037	395	395	3	non	non	_	_	_	_	_	linguistic	_	none	_	_	_	_	_	_
395-4	PKP037	395	395	4	so	so	_	_	_	_	_	linguistic	_	none	_	End=636.57	_	_	_	_
396-0	PKP037	396	396	0	perché	perché	_	_	_	_	_	linguistic	_	none	_	Begin=636.76	_	_	_	_
396-1	PKP037	396	396	1	lì	lì	_	_	_	_	_	linguistic	_	none	_	End=637.6	_	_	_	_
397-0	PKP037	397	397	0	forse	forse	_	_	_	_	_	linguistic	_	none	_	Begin=638.14	_	_	_	_
397-1	PKP037	397	397	1	(u)na	una	_	_	_	_	_	linguistic	_	none	_	_	_	_	0-1(0)	_
397-2	PKP037	397	397	2	volta:	volta	_	_	_	_	_	linguistic	_	none	_	_	4x1	_	_	_
397-3	PKP037	397	397	3	da	da	_	_	_	_	_	linguistic	_	none	_	_	_	_	_	_
397-4	PKP037	397	397	4	piccolo~	piccolo~	_	_	_	_	_	linguistic	_	none	Interrupted=Yes	_	_	_	_	_
397-5	PKP037	397	397	5	da	da	_	_	_	_	_	linguistic	_	none	_	_	_	_	_	_
397-6	PKP037	397	397	6	piccolo	piccolo	_	_	_	_	_	linguistic	_	none	PauseAfter=Yes	_	_	_	_	_
397-7	PKP037	397	397	7	{P}	{P}	_	_	_	_	_	shortpause	_	none	_	_	_	_	_	_
397-8	PKP037	397	397	8	c(io)è	cioè	_	_	_	_	_	linguistic	_	none	_	_	_	_	1-3(1)	_
397-9	PKP037	397	397	9	nel	nel	_	_	_	_	_	linguistic	_	none	_	_	_	_	_	_
397-10	PKP037	397	397	10	senso	senso	_	_	_	_	_	linguistic	_	none	_	_	_	_	_	_
397-11	PKP037	397	397	11	all'	all'	_	_	_	_	_	linguistic	_	none	SpaceAfter=No	_	_	_	_	_
397-12	PKP037	397	397	12	inizio	inizio	_	_	_	_	_	linguistic	_	none	_	_	_	_	_	_
397-13	PKP037	397	397	13	delle	delle	_	_	_	_	_	linguistic	_	none	_	_	_	_	_	_
397-14	PKP037	397	397	14	superiori	superiori	_	_	_	_	_	linguistic	_	none	_	_	_	_	_	_
397-15	PKP037	397	397	15	sono	sono	_	_	_	_	_	linguistic	_	none	_	_	_	_	_	_
397-16	PKP037	397	397	16	stato	stato	_	_	_	_	_	linguistic	_	none	PauseAfter=Yes	_	_	_	_	_
397-17	PKP037	397	397	17	{P}	{P}	_	_	_	_	_	shortpause	_	none	_	_	_	_	_	_
397-18	PKP037	397	397	18	negli	negli	_	_	_	_	_	linguistic	_	none	_	_	_	_	_	_
397-19	PKP037	397	397	19	stati	stati	_	_	_	_	_	linguistic	_	none	_	_	_	_	_	_
397-20	PKP037	397	397	20	uniti	uniti	_	_	_	_	_	linguistic	_	none	_	End=644.5	_	_	_	_
398-0	PKP037	398	398	0	non:	non	_	_	_	_	_	linguistic	_	none	_	Begin=644.59	2x1	_	_	_
398-1	PKP037	398	398	1	mi	mi	_	_	_	_	_	linguistic	_	none	_	_	_	_	_	_
398-2	PKP037	398	398	2	era:	era	_	_	_	_	_	linguistic	_	none	_	_	2x1	_	_	_
398-3	PKP037	398	398	3	piaciuto	piaciuto	_	_	_	_	_	linguistic	_	none	_	End=646.54	_	_	_	_
399-0	PKP037	399	399	0	quindi	quindi	_	_	_	_	_	linguistic	_	none	_	Begin=648.11	_	_	_	_
399-1	PKP037	399	399	1	e:	e	_	_	_	_	_	linguistic	_	none	_	_	0x1	_	_	_
399-2	PKP037	399	399	2	{ride}	{ride}	_	_	_	_	_	nonverbalbehavior	_	none	_	End=650.75	_	_	_	_
400-0	PKP033	400	400	0	[QUINDI	quindi	_	_	_	_	_	linguistic	_	none	Volume=high	Begin=649.12	_	_	_	0-6(?)
400-1	PKP033	400	400	1	(CI	ci	_	_	_	_	_	linguistic	_	none	Volume=high	_	_	_	0-2(0)	0-2(?)
400-2	PKP033	400	400	2	VUOLE)	vuole	_	_	_	_	_	linguistic	_	none	Volume=high	_	_	_	0-5(0)	0-5(?)
400-3	PKP033	400	400	3	UNA	una	_	_	_	_	_	linguistic	_	none	Volume=high	_	_	_	_	0-3(?)
400-4	PKP033	400	400	4	COSA	cosa	_	_	_	_	_	linguistic	_	none	Volume=high	_	_	_	_	0-4(?)
400-5	PKP033	400	400	5	DIVERSISSIMA	diversissima	_	_	_	_	_	linguistic	_	none	Volume=high	_	_	_	_	0-12(?)
400-6	PKP033	400	400	6	Sì]	sì	_	_	_	_	_	linguistic	_	none	Volume=high	_	_	_	_	0-2(?)
400-7	PKP033	400	400	7	{RIDENDO}	{RIDENDO}	_	_	_	_	_	nonverbalbehavior	_	none	_	End=651.46	_	_	_	_
401-0	PKP036	401	401	0	[XXX]	xxx	_	_	_	_	_	linguistic	_	none	Volume=high	Begin=649.13	_	_	_	0-3(?)
401-1	PKP036	401	401	1	{RIDE}	{RIDE}	_	_	_	_	_	nonverbalbehavior	_	none	_	End=651.07	_	_	_	_
402-0	PKP037	402	402	0	[Sì	sì	_	_	_	_	_	linguistic	_	none	PauseAfter=Yes|Volume=high	Begin=650.95	_	_	_	0-2(498)
402-1	PKP037	402	402	1	{P}	{P}	_	_	_	_	_	shortpause	_	none	_	_	_	_	_	0-3(498)
402-2	PKP037	402	402	2	QUI]NDI	quindi	_	_	_	_	_	linguistic	_	none	Volume=high	_	_	_	_	0-3(498)
402-3	PKP037	402	402	3	CAMBIA~	cambia~	_	_	_	_	_	linguistic	_	none	Interrupted=Yes|Volume=high	_	_	_	_	_
402-4	PKP037	402	402	4	CIOè	cioè	_	_	_	_	_	linguistic	_	none	Volume=high	_	_	_	_	_
402-5	PKP037	402	402	5	CAMBIAMO	cambiamo	_	_	_	_	_	linguistic	_	none	Volume=high	_	_	_	_	_
402-6	PKP037	402	402	6	UN	un	_	_	_	_	_	linguistic	_	none	Volume=high	_	_	_	_	_
402-7	PKP037	402	402	7	PO'	po'	_	_	_	_	_	linguistic	_	none	Truncated=Yes|Volume=high	End=653.45	_	_	_	_
403-0	PKP036	403	403	0	{ride}	{ride}	_	_	_	_	_	nonverbalbehavior	_	none	_	Begin=653.43|End=653.94	_	_	_	_
404-0	PKP036	404	404	0	giusto	giusto	_	_	_	_	_	linguistic	_	none	_	Begin=656.72|End=657.23	_	_	_	_
405-0	PKP037	405	405	0	è	è	_	_	_	_	_	linguistic	_	none	_	Begin=657.25	_	_	_	_
405-1	PKP037	405	405	1	comunque	comunque	_	_	_	_	_	linguistic	_	none	_	_	_	_	_	_
405-2	PKP037	405	405	2	un	un	_	_	_	_	_	linguistic	_	none	_	_	_	_	_	_
405-3	PKP037	405	405	3	paese:	paese	_	_	_	_	_	linguistic	_	none	_	End=659.15	4x1	_	_	_
406-0	PKP037	406	406	0	pseudo	pseudo	_	_	_	_	_	linguistic	_	none	PauseAfter=Yes	Begin=660.16	_	_	_	_
406-1	PKP037	406	406	1	{P}	{P}	_	_	_	_	_	shortpause	_	none	_	_	_	_	_	_
406-2	PKP037	406	406	2	occidentale	occidentale	_	_	_	_	_	linguistic	_	none	_	End=661.9	_	_	_	_
407-0	PKP037	407	407	0	anche	anche	_	_	_	_	_	linguistic	_	none	_	Begin=662.73	_	_	_	_
407-1	PKP037	407	407	1	se	se	_	_	_	_	_	linguistic	_	none	_	_	_	_	_	_
407-2	PKP037	407	407	2	non	non	_	_	_	_	_	linguistic	_	none	_	_	_	_	_	_
407-3	PKP037	407	407	3	lo	lo	_	_	_	_	_	linguistic	_	none	_	_	_	_	_	_
407-4	PKP037	407	407	4	è	è	_	_	_	_	_	linguistic	_	none	_	End=663.6	_	_	_	_
408-0	PKP037	408	408	0	c(io)è	cioè	_	_	_	_	_	linguistic	_	none	_	Begin=663.92	_	_	1-3(0)	_
408-1	PKP037	408	408	1	per	per	_	_	_	_	_	linguistic	_	none	_	_	_	_	_	_
408-2	PKP037	408	408	2	quando	quando	_	_	_	_	_	linguistic	_	none	_	_	_	_	_	_
408-3	PKP037	408	408	3	riguarda	riguarda	_	_	_	_	_	linguistic	_	none	_	_	_	_	_	_
408-4	PKP037	408	408	4	le	le	_	_	_	_	_	linguistic	_	none	_	_	_	_	_	_
408-5	PKP037	408	408	5	leggi:	leggi	_	_	_	_	_	linguistic	_	none	_	_	4x1	_	_	_
408-6	PKP037	408	408	6	le:	le	_	_	_	_	_	linguistic	_	none	_	_	1x1	_	_	_
408-7	PKP037	408	408	7	la	la	_	_	_	_	_	linguistic	_	none	_	_	_	_	_	_
408-8	PKP037	408	408	8	sicurezza	sicurezza	_	_	_	_	_	linguistic	_	none	_	_	_	_	_	_
408-9	PKP037	408	408	9	in	in	_	_	_	_	_	linguistic	_	none	_	_	_	_	_	_
408-10	PKP037	408	408	10	strada	strada	_	_	_	_	_	linguistic	_	none	_	_	_	_	_	_
408-11	PKP037	408	408	11	cose	cose	_	_	_	_	_	linguistic	_	none	_	_	_	_	_	_
408-12	PKP037	408	408	12	così	così	_	_	_	_	_	linguistic	_	none	_	End=667.865	_	_	_	_
409-0	PKP036	409	409	0	°sì°	sì	_	_	_	_	_	linguistic	_	none	Volume=low	Begin=667.865|End=668.28	_	_	_	_
410-0	PKP033	410	410	0	sì	sì	_	_	_	_	_	linguistic	_	none	_	Begin=668.49	_	_	_	_
410-1	PKP033	410	410	1	sarà	sarà	_	_	_	_	_	linguistic	_	none	_	_	_	_	_	_
410-2	PKP033	410	410	2	meglio	meglio	_	_	_	_	_	linguistic	_	none	_	_	_	_	_	_
410-3	PKP033	410	410	3	di	di	_	_	_	_	_	linguistic	_	none	_	_	_	_	_	_
410-4	PKP033	410	410	4	qua	qua	_	_	_	_	_	linguistic	_	none	PauseAfter=Yes	_	_	_	_	_
410-5	PKP033	410	410	5	{P}	{P}	_	_	_	_	_	shortpause	_	none	_	_	_	_	_	_
410-6	PKP033	410	410	6	la	la	_	_	_	_	_	linguistic	_	none	_	_	_	_	_	_
410-7	PKP033	410	410	7	sicurezza	sicurezza	_	_	_	_	_	linguistic	_	none	PauseAfter=Yes	_	_	_	_	_
410-8	PKP033	410	410	8	{P}	{P}	_	_	_	_	_	shortpause	_	none	_	_	_	_	_	_
410-9	PKP033	410	410	9	[o	o	_	_	_	_	_	linguistic	_	none	_	_	_	_	_	0-1(138)
410-10	PKP033	410	410	10	no]?	no	_	_	_	_	_	linguistic	_	none	Intonation=Rising	End=671.77	_	_	_	0-2(138)
411-0	PKP037	411	411	0	[sì	sì	_	_	_	_	_	linguistic	_	none	_	Begin=670.97	_	_	_	0-2(138)
411-1	PKP037	411	411	1	sì]	sì	_	_	_	_	_	linguistic	_	none	_	End=671.85	_	_	_	0-2(138)
412-0	PKP033	412	412	0	c(io)è	cioè	_	_	_	_	_	linguistic	_	none	_	Begin=671.85	_	_	1-3(0)	_
412-1	PKP033	412	412	1	si	si	_	_	_	_	_	linguistic	_	none	_	_	_	_	_	_
412-2	PKP033	412	412	2	nota	nota	_	_	_	_	_	linguistic	_	none	_	_	_	_	_	_
412-3	PKP033	412	412	3	molto?	molto	_	_	_	_	_	linguistic	_	none	Intonation=Rising	End=673.05	_	_	_	_
413-0	PKP037	413	413	0	molto	molto	_	_	_	_	_	linguistic	_	none	_	Begin=673.55|End=674.27	_	_	_	_
414-0	PKP037	414	414	0	b[eh]	beh	_	_	_	_	_	linguistic	_	none	_	Begin=674.39|End=674.92	_	_	_	1-3(139)
415-0	PKP036	415	415	0	[eh]	eh	_	_	_	_	_	linguistic	_	none	_	Begin=674.66	_	_	_	0-2(139)
415-1	PKP036	415	415	1	xx	xx	_	_	_	_	_	unknown	_	none	Syllables=2	End=675.79	_	_	_	_
416-0	PKP037	416	416	0	per	per	_	_	_	_	_	linguistic	_	none	_	Begin=675.85	_	_	_	_
416-1	PKP037	416	416	1	lasc~	lasc~	_	_	_	_	_	linguistic	_	none	Interrupted=Yes	_	_	_	_	_
416-2	PKP037	416	416	2	{ride}	{ride}	_	_	_	_	_	nonverbalbehavior	_	none	_	_	_	_	_	_
416-3	PKP037	416	416	3	ai	ai	_	_	_	_	_	linguistic	_	none	_	_	_	_	_	_
416-4	PKP037	416	416	4	ristoranti	ristoranti	_	_	_	_	_	linguistic	_	none	_	_	_	_	_	_
416-5	PKP037	416	416	5	per	per	_	_	_	_	_	linguistic	_	none	_	_	_	_	_	_
416-6	PKP037	416	416	6	esempio	esempio	_	_	_	_	_	linguistic	_	none	_	_	_	_	_	_
416-7	PKP037	416	416	7	entri	entri	_	_	_	_	_	linguistic	_	none	PauseAfter=Yes	_	_	_	_	_
416-8	PKP037	416	416	8	{P}	{P}	_	_	_	_	_	shortpause	_	none	_	_	_	_	_	_
416-9	PKP037	416	416	9	lasci	lasci	_	_	_	_	_	linguistic	_	none	_	_	_	_	_	_
416-10	PKP037	416	416	10	tipo	tipo	_	_	_	_	_	linguistic	_	none	_	_	_	_	_	_
416-11	PKP037	416	416	11	il	il	_	_	_	_	_	linguistic	_	none	_	_	_	_	_	_
416-12	PKP037	416	416	12	tuo	tuo	_	_	_	_	_	linguistic	_	none	_	_	_	_	_	_
416-13	PKP037	416	416	13	telefono	telefono	_	_	_	_	_	linguistic	_	none	_	_	_	_	_	_
416-14	PKP037	416	416	14	la	la	_	_	_	_	_	linguistic	_	none	_	_	_	_	_	_
416-15	PKP037	416	416	15	borsa	borsa	_	_	_	_	_	linguistic	_	none	_	_	_	_	_	_
416-16	PKP037	416	416	16	[sul	sul	_	_	_	_	_	linguistic	_	none	_	_	_	_	_	0-3(140)
416-17	PKP037	416	416	17	tavolo	tavolo	_	_	_	_	_	linguistic	_	none	_	_	_	_	_	0-6(140)
416-18	PKP037	416	416	18	e]	e	_	_	_	_	_	linguistic	_	none	_	_	_	_	_	0-1(140)
416-19	PKP037	416	416	19	poi	poi	_	_	_	_	_	linguistic	_	none	_	_	_	_	_	_
416-20	PKP037	416	416	20	vai:	vai	_	_	_	_	_	linguistic	_	none	_	_	2x1	_	_	_
416-21	PKP037	416	416	21	in	in	_	_	_	_	_	linguistic	_	none	_	_	_	_	_	_
416-22	PKP037	416	416	22	cassa	cassa	_	_	_	_	_	linguistic	_	none	_	_	_	_	_	_
416-23	PKP037	416	416	23	a	a	_	_	_	_	_	linguistic	_	none	_	_	_	_	_	_
416-24	PKP037	416	416	24	[ordinare]	ordinare	_	_	_	_	_	linguistic	_	none	_	End=683.24	_	_	_	0-8(141)
417-0	PKP036	417	417	0	[eh	eh	_	_	_	_	_	linguistic	_	none	_	Begin=680.77	_	_	_	0-2(140)
417-1	PKP036	417	417	1	sì:]	sì	_	_	_	_	_	linguistic	_	none	_	End=681.56	1x1	_	_	0-2(140)
418-0	PKP036	418	418	0	[°ordinare°]	ordinare	_	_	_	_	_	linguistic	_	none	Volume=low	Begin=682.49|End=683.29	_	_	_	0-8(141)
419-0	PKP033	419	419	0	eh	eh	_	_	_	_	_	linguistic	_	none	_	Begin=683.83|End=684.22	_	_	_	_
420-0	PKP036	420	420	0	c(io)è	cioè	_	_	_	_	_	linguistic	_	none	_	Begin=684.25	_	_	1-3(0)	_
420-1	PKP036	420	420	1	c'	c'	_	_	_	_	_	linguistic	_	none	SpaceAfter=No	_	_	_	_	_
420-2	PKP036	420	420	2	era:	era	_	_	_	_	_	linguistic	_	none	PauseAfter=Yes	_	2x1	_	_	_
420-3	PKP036	420	420	3	{P}	{P}	_	_	_	_	_	shortpause	_	none	_	_	_	_	_	_
420-4	PKP036	420	420	4	[(u)na	una	_	_	_	_	_	linguistic	_	none	_	_	_	_	0-1(1)	0-3(?)
420-5	PKP036	420	420	5	cosa	cosa	_	_	_	_	_	linguistic	_	none	_	_	_	_	_	0-4(?)
420-6	PKP036	420	420	6	del]	del	_	_	_	_	_	linguistic	_	none	PauseAfter=Yes	_	_	_	_	0-3(?)
420-7	PKP036	420	420	7	{P}	{P}	_	_	_	_	_	shortpause	_	none	_	_	_	_	_	_
420-8	PKP036	420	420	8	di	di	_	_	_	_	_	linguistic	_	none	_	_	_	_	_	_
420-9	PKP036	420	420	9	gente	gente	_	_	_	_	_	linguistic	_	none	_	_	_	_	_	_
420-10	PKP036	420	420	10	così	così	_	_	_	_	_	linguistic	_	none	_	_	_	_	_	_
420-11	PKP036	420	420	11	lasciavi	lasciavi	_	_	_	_	_	linguistic	_	none	_	_	_	_	_	_
420-12	PKP036	420	420	12	lì	lì	_	_	_	_	_	linguistic	_	none	_	End=688.12	_	_	_	_
421-0	PKP037	421	421	0	{ride}	{ride}	_	_	_	_	_	nonverbalbehavior	_	none	_	Begin=685.25|End=685.97	_	_	_	_
422-0	PKP036	422	422	0	°sconvolgente°	sconvolgente	_	_	_	_	_	linguistic	_	none	Volume=low	Begin=688.79|End=689.75	_	_	_	_
423-0	PKP037	423	423	0	è	è	_	_	_	_	_	linguistic	_	none	_	Begin=691.02	_	_	_	_
423-1	PKP037	423	423	1	molto	molto	_	_	_	_	_	linguistic	_	none	_	_	_	_	_	_
423-2	PKP037	423	423	2	x	x	_	_	_	_	_	unknown	_	none	Syllables=1	_	_	_	_	_
423-3	PKP037	423	423	3	c(io)è:	cioè	_	_	_	_	_	linguistic	_	none	_	_	3x1	_	1-3(0)	_
423-4	PKP037	423	423	4	[sì	sì	_	_	_	_	_	linguistic	_	none	PauseAfter=Yes	_	_	_	_	0-2(142)
423-5	PKP037	423	423	5	{P}	{P}	_	_	_	_	_	shortpause	_	none	_	_	_	_	_	0-3(142)
423-6	PKP037	423	423	6	sicuro]	sicuro	_	_	_	_	_	linguistic	_	none	_	End=693.4	_	_	_	0-6(142)
424-0	PKP036	424	424	0	[sì	sì	_	_	_	_	_	linguistic	_	none	_	Begin=692.11	_	_	_	0-2(142)
424-1	PKP036	424	424	1	molto	molto	_	_	_	_	_	linguistic	_	none	_	_	_	_	_	0-5(142)
424-2	PKP036	424	424	2	sicuro]	sicuro	_	_	_	_	_	linguistic	_	none	_	End=693.63	_	_	_	0-6(142)
425-0	PKP037	425	425	0	poi	poi	_	_	_	_	_	linguistic	_	none	_	Begin=693.73	_	_	_	_
425-1	PKP037	425	425	1	se	se	_	_	_	_	_	linguistic	_	none	_	_	_	_	_	_
425-2	PKP037	425	425	2	succede	succede	_	_	_	_	_	linguistic	_	none	_	_	_	_	_	_
425-3	PKP037	425	425	3	qualcosa	qualcosa	_	_	_	_	_	linguistic	_	none	_	_	_	_	_	_
425-4	PKP037	425	425	4	tutti	tutti	_	_	_	_	_	linguistic	_	none	_	_	_	_	_	_
425-5	PKP037	425	425	5	i	i	_	_	_	_	_	linguistic	_	none	_	_	_	_	_	_
425-6	PKP037	425	425	6	poliziotti	poliziotti	_	_	_	_	_	linguistic	_	none	_	_	_	_	_	_
425-7	PKP037	425	425	7	hanno	hanno	_	_	_	_	_	linguistic	_	none	_	_	_	_	_	_
425-8	PKP037	425	425	8	settant'	settant'	_	_	_	_	_	linguistic	_	none	SpaceAfter=No	_	_	_	_	_
425-9	PKP037	425	425	9	anni	anni	_	_	_	_	_	linguistic	_	none	_	_	_	_	_	_
425-10	PKP037	425	425	10	quindi	quindi	_	_	_	_	_	linguistic	_	none	_	_	_	_	_	_
425-11	PKP037	425	425	11	non	non	_	_	_	_	_	linguistic	_	none	_	_	_	_	_	_
425-12	PKP037	425	425	12	so	so	_	_	_	_	_	linguistic	_	none	_	_	_	_	_	_
425-13	PKP037	425	425	13	quanto	quanto	_	_	_	_	_	linguistic	_	none	_	_	_	_	_	_
425-14	PKP037	425	425	14	possano	possano	_	_	_	_	_	linguistic	_	none	_	_	_	_	_	_
425-15	PKP037	425	425	15	aiutare	aiutare	_	_	_	_	_	linguistic	_	none	_	End=698.51	_	_	_	_
426-0	PKP033	426	426	0	{ride}	{ride}	_	_	_	_	_	nonverbalbehavior	_	none	_	Begin=697.86|End=699.15	_	_	_	_
427-0	PKP036	427	427	0	{ride}	{ride}	_	_	_	_	_	nonverbalbehavior	_	none	_	Begin=698.06|End=699.74	_	_	_	_
428-0	PKP036	428	428	0	(ti	ti	_	_	_	_	_	linguistic	_	none	_	Begin=699.75	_	_	0-2(0)	_
428-1	PKP036	428	428	1	[correrebbero	correrebbero	_	_	_	_	_	linguistic	_	none	_	_	_	_	0-12(0)	0-12(143)
428-2	PKP036	428	428	2	dietro)]	dietro	_	_	_	_	_	linguistic	_	none	_	End=700.94	_	_	0-6(0)	0-6(143)
429-0	PKP033	429	429	0	[ma	ma	_	_	_	_	_	linguistic	_	none	_	Begin=699.853	_	_	_	0-2(143)
429-1	PKP033	429	429	1	perché	perché	_	_	_	_	_	linguistic	_	none	_	_	_	_	_	0-6(143)
429-2	PKP033	429	429	2	la	la	_	_	_	_	_	linguistic	_	none	_	_	_	_	_	0-2(143)
429-3	PKP033	429	429	3	popolazio]ne	popolazione	_	_	_	_	_	linguistic	_	none	_	_	_	_	_	0-9(143)
429-4	PKP033	429	429	4	è	è	_	_	_	_	_	linguistic	_	none	_	_	_	_	_	_
429-5	PKP033	429	429	5	vecchia	vecchia	_	_	_	_	_	linguistic	_	none	_	_	_	_	_	_
429-6	PKP033	429	429	6	in	in	_	_	_	_	_	linguistic	_	none	_	_	_	_	_	_
429-7	PKP033	429	429	7	generale	generale	_	_	_	_	_	linguistic	_	none	_	End=702.16	_	_	_	_
430-0	PKP036	430	430	0	[eh	eh	_	_	_	_	_	linguistic	_	none	_	Begin=702.18	_	_	_	0-2(?)
430-1	PKP036	430	430	1	sì:]	sì	_	_	_	_	_	linguistic	_	none	_	End=703.17	1x1	_	_	0-2(?)
431-0	PKP037	431	431	0	[mh]	mh	_	_	_	_	_	linguistic	_	none	_	Begin=702.23|End=702.7	_	_	_	0-2(145)
432-0	PKP033	432	432	0	[vero]?	vero	_	_	_	_	_	linguistic	_	none	Intonation=Rising	Begin=702.72	_	_	_	0-4(144)
432-1	PKP033	432	432	1	ah	ah	_	_	_	_	_	linguistic	_	none	_	_	_	_	_	_
432-2	PKP033	432	432	2	okay	okay	_	_	_	_	_	linguistic	_	none	_	_	_	_	_	_
432-3	PKP033	432	432	3	infatti	infatti	_	_	_	_	_	linguistic	_	none	_	End=704.25	_	_	_	_
433-0	PKP036	433	433	0	°(sono)	sono	_	_	_	_	_	linguistic	_	none	_	Begin=704.3	_	_	0-4(0)	_
433-1	PKP036	433	433	1	tutti	tutti	_	_	_	_	_	linguistic	_	none	_	_	_	_	_	_
433-2	PKP036	433	433	2	vecchi	vecchi	_	_	_	_	_	linguistic	_	none	_	_	_	_	_	_
433-3	PKP036	433	433	3	mi	mi	_	_	_	_	_	linguistic	_	none	_	_	_	_	_	_
433-4	PKP036	433	433	4	sa	sa	_	_	_	_	_	linguistic	_	none	_	End=705.81	_	_	_	_
434-0	PKP033	434	434	0	quindi	quindi	_	_	_	_	_	linguistic	_	none	_	Begin=706.893	_	_	_	_
434-1	PKP033	434	434	1	cosa	cosa	_	_	_	_	_	linguistic	_	none	_	_	_	_	_	_
434-2	PKP033	434	434	2	avete	avete	_	_	_	_	_	linguistic	_	none	_	_	_	_	_	_
434-3	PKP033	434	434	3	fatto	fatto	_	_	_	_	_	linguistic	_	none	_	_	_	_	_	_
434-4	PKP033	434	434	4	di	di	_	_	_	_	_	linguistic	_	none	_	_	_	_	_	_
434-5	PKP033	434	434	5	giro?	giro	_	_	_	_	_	linguistic	_	none	Intonation=Rising	End=708.54	_	_	_	_
435-0	PKP033	435	435	0	io	io	_	_	_	_	_	linguistic	_	none	_	Begin=708.867	_	_	_	_
435-1	PKP033	435	435	1	non	non	_	_	_	_	_	linguistic	_	none	_	_	_	_	_	_
435-2	PKP033	435	435	2	so	so	_	_	_	_	_	linguistic	_	none	_	_	_	_	_	_
435-3	PKP033	435	435	3	nulla	nulla	_	_	_	_	_	linguistic	_	none	_	_	_	_	_	_
435-4	PKP033	435	435	4	eh?	eh	_	_	_	_	_	linguistic	_	none	Intonation=Rising	_	_	_	_	_
435-5	PKP033	435	435	5	del	del	_	_	_	_	_	linguistic	_	none	_	_	_	_	_	_
435-6	PKP033	435	435	6	giappone	giappone	_	_	_	_	_	linguistic	_	none	_	_	_	_	_	_
435-7	PKP033	435	435	7	quindi	quindi	_	_	_	_	_	linguistic	_	none	_	End=711.09	_	_	_	_
436-0	PKP037	436	436	0	brava	brava	_	_	_	_	_	linguistic	_	none	_	Begin=711.247	_	_	_	_
436-1	PKP037	436	436	1	neanche	neanche	_	_	_	_	_	linguistic	_	none	_	_	_	_	_	_
436-2	PKP037	436	436	2	noi	noi	_	_	_	_	_	linguistic	_	none	_	_	_	_	_	_
436-3	PKP037	436	436	3	all'	all'	_	_	_	_	_	linguistic	_	none	SpaceAfter=No	_	_	_	_	_
436-4	PKP037	436	436	4	inizio	inizio	_	_	_	_	_	linguistic	_	none	_	End=712.57	_	_	_	_
437-0	PKP036	437	437	0	{ride}	{ride}	_	_	_	_	_	nonverbalbehavior	_	none	_	Begin=712.3|End=713.0	_	_	_	_
438-0	PKP036	438	438	0	abbiamo	abbiamo	_	_	_	_	_	linguistic	_	none	_	Begin=713.34	_	_	_	_
438-1	PKP036	438	438	1	scoperto	scoperto	_	_	_	_	_	linguistic	_	none	_	_	_	_	_	_
438-2	PKP036	438	438	2	tutt(o)	tutto	_	_	_	_	_	linguistic	_	none	_	End=714.94	_	_	4-5(0)	_
439-0	PKP036	439	439	0	(allora)	allora	_	_	_	_	_	linguistic	_	none	_	Begin=715.49	_	_	0-6(0)	_
439-1	PKP036	439	439	1	siamo	siamo	_	_	_	_	_	linguistic	_	none	_	_	_	_	_	_
439-2	PKP036	439	439	2	andati	andati	_	_	_	_	_	linguistic	_	none	_	_	_	_	_	_
439-3	PKP036	439	439	3	a	a	_	_	_	_	_	linguistic	_	none	_	_	_	_	_	_
439-4	PKP036	439	439	4	to:kyo:	tokyo	_	_	_	_	_	linguistic	_	none	PauseAfter=Yes	_	1x1,4x1	_	_	_
439-5	PKP036	439	439	5	{P}	{P}	_	_	_	_	_	shortpause	_	none	_	_	_	_	_	_
439-6	PKP036	439	439	6	cinque	cinque	_	_	_	_	_	linguistic	_	none	_	_	_	_	_	_
439-7	PKP036	439	439	7	giorni	giorni	_	_	_	_	_	linguistic	_	none	_	_	_	_	_	_
439-8	PKP036	439	439	8	perché	perché	_	_	_	_	_	linguistic	_	none	_	_	_	_	_	_
439-9	PKP036	439	439	9	è	è	_	_	_	_	_	linguistic	_	none	_	_	_	_	_	_
439-10	PKP036	439	439	10	gigante	gigante	_	_	_	_	_	linguistic	_	none	_	End=719.007	_	_	_	_
440-0	PKP036	440	440	0	quindi	quindi	_	_	_	_	_	linguistic	_	none	_	Begin=720.033	_	_	_	_
440-1	PKP036	440	440	1	c'	c'	_	_	_	_	_	linguistic	_	none	SpaceAfter=No	_	_	_	_	_
440-2	PKP036	440	440	2	è	è	_	_	_	_	_	linguistic	_	none	_	_	_	_	_	_
440-3	PKP036	440	440	3	un	un	_	_	_	_	_	linguistic	_	none	_	_	_	_	_	_
440-4	PKP036	440	440	4	sacco	sacco	_	_	_	_	_	linguistic	_	none	_	_	_	_	_	_
440-5	PKP036	440	440	5	di:	di	_	_	_	_	_	linguistic	_	none	PauseAfter=Yes	_	1x1	_	_	_
440-6	PKP036	440	440	6	{P}	{P}	_	_	_	_	_	shortpause	_	none	_	_	_	_	_	_
440-7	PKP036	440	440	7	da	da	_	_	_	_	_	linguistic	_	none	_	_	_	_	_	_
440-8	PKP036	440	440	8	girare	girare	_	_	_	_	_	linguistic	_	none	_	End=722.32	_	_	_	_
441-0	PKP036	441	441	0	e:	e	_	_	_	_	_	linguistic	_	none	_	Begin=723.17	0x1	_	_	_
441-1	PKP036	441	441	1	poi	poi	_	_	_	_	_	linguistic	_	none	_	_	_	_	_	_
441-2	PKP036	441	441	2	i	i	_	_	_	_	_	linguistic	_	none	_	_	_	_	_	_
441-3	PKP036	441	441	3	primi	primi	_	_	_	_	_	linguistic	_	none	_	_	_	_	_	_
441-4	PKP036	441	441	4	giorni	giorni	_	_	_	_	_	linguistic	_	none	_	_	_	_	_	_
441-5	PKP036	441	441	5	ci	ci	_	_	_	_	_	linguistic	_	none	_	_	_	_	_	_
441-6	PKP036	441	441	6	siamo	siamo	_	_	_	_	_	linguistic	_	none	_	_	_	_	_	_
441-7	PKP036	441	441	7	dovuti	dovuti	_	_	_	_	_	linguistic	_	none	_	_	_	_	_	_
441-8	PKP036	441	441	8	riprendere	riprendere	_	_	_	_	_	linguistic	_	none	_	_	_	_	_	_
441-9	PKP036	441	441	9	da:	da	_	_	_	_	_	linguistic	_	none	_	_	1x1	_	_	_
441-10	PKP036	441	441	10	dal	dal	_	_	_	_	_	linguistic	_	none	_	_	_	_	_	_
441-11	PKP036	441	441	11	via:ggio	viaggio	_	_	_	_	_	linguistic	_	none	_	End=727.107	2x1	_	_	_
442-0	PKP037	442	442	0	il	il	_	_	_	_	_	linguistic	_	none	_	Begin=728.71	_	_	_	_
442-1	PKP037	442	442	1	primo	primo	_	_	_	_	_	linguistic	_	none	_	_	_	_	_	_
442-2	PKP037	442	442	2	giorno	giorno	_	_	_	_	_	linguistic	_	none	_	_	_	_	_	_
442-3	PKP037	442	442	3	sì	sì	_	_	_	_	_	linguistic	_	none	_	_	_	_	_	_
442-4	PKP037	442	442	4	abbi[amo	abbiamo	_	_	_	_	_	linguistic	_	none	_	_	_	_	_	4-7(499)
442-5	PKP037	442	442	5	x]	x	_	_	_	_	_	unknown	_	none	Syllables=1	_	_	_	_	0-1(499)
442-6	PKP037	442	442	6	{ride}	{ride}	_	_	_	_	_	nonverbalbehavior	_	none	_	End=731.24	_	_	_	_
443-0	PKP033	443	443	0	[perché	perché	_	_	_	_	_	linguistic	_	none	_	Begin=729.63	_	_	_	0-6(499)
443-1	PKP033	443	443	1	è	è	_	_	_	_	_	linguistic	_	none	_	_	_	_	_	0-1(499)
443-2	PKP033	443	443	2	stato	stato	_	_	_	_	_	linguistic	_	none	_	_	_	_	_	0-5(499)
443-3	PKP033	443	443	3	un	un	_	_	_	_	_	linguistic	_	none	_	_	_	_	_	0-2(499)
443-4	PKP033	443	443	4	viaggi	viaggi	_	_	_	_	_	linguistic	_	none	_	_	_	_	_	0-6(499)
443-5	PKP033	443	443	5	pesan]te?	pesante	_	_	_	_	_	linguistic	_	none	Intonation=Rising	End=731.81	_	_	_	0-5(499)
444-0	PKP036	444	444	0	[(il	il	_	_	_	_	_	linguistic	_	none	_	Begin=729.76	_	_	0-2(0)	0-2(499)
444-1	PKP036	444	444	1	primo	primo	_	_	_	_	_	linguistic	_	none	_	_	_	_	0-5(0)	0-5(499)
444-2	PKP036	444	444	2	giorno)	giorno	_	_	_	_	_	linguistic	_	none	_	_	_	_	0-6(0)	0-6(499)
444-3	PKP036	444	444	3	xxx]	xxx	_	_	_	_	_	unknown	_	none	Syllables=3	End=731.37	_	_	_	0-3(499)
445-0	PKP036	445	445	0	perché	perché	_	_	_	_	_	linguistic	_	none	_	Begin=732.42	_	_	_	_
445-1	PKP036	445	445	1	abbiamo	abbiamo	_	_	_	_	_	linguistic	_	none	_	_	_	_	_	_
445-2	PKP036	445	445	2	preso	preso	_	_	_	_	_	linguistic	_	none	_	_	_	_	_	_
445-3	PKP036	445	445	3	sto	sto	_	_	_	_	_	linguistic	_	none	_	_	_	_	_	_
445-4	PKP036	445	445	4	diretto	diretto	_	_	_	_	_	linguistic	_	none	_	_	_	_	_	_
445-5	PKP036	445	445	5	che	che	_	_	_	_	_	linguistic	_	none	PauseAfter=Yes	_	_	_	_	_
445-6	PKP036	445	445	6	{P}	{P}	_	_	_	_	_	shortpause	_	none	_	_	_	_	_	_
445-7	PKP036	445	445	7	c(io)è	cioè	_	_	_	_	_	linguistic	_	none	_	_	_	_	1-3(0)	_
445-8	PKP036	445	445	8	è	è	_	_	_	_	_	linguistic	_	none	_	_	_	_	_	_
445-9	PKP036	445	445	9	comodo	comodo	_	_	_	_	_	linguistic	_	none	_	_	_	_	_	_
445-10	PKP036	445	445	10	perché	perché	_	_	_	_	_	linguistic	_	none	_	_	_	_	_	_
445-11	PKP036	445	445	11	è	è	_	_	_	_	_	linguistic	_	none	_	_	_	_	_	_
445-12	PKP036	445	445	12	diretto	diretto	_	_	_	_	_	linguistic	_	none	_	_	_	_	_	_
445-13	PKP036	445	445	13	però	però	_	_	_	_	_	linguistic	_	none	_	_	_	_	_	_
445-14	PKP036	445	445	14	sono	sono	_	_	_	_	_	linguistic	_	none	_	_	_	_	_	_
445-15	PKP036	445	445	15	dodic(i)	dodici	_	_	_	_	_	linguistic	_	none	_	_	_	_	5-6(1)	_
445-16	PKP036	445	445	16	ore	ore	_	_	_	_	_	linguistic	_	none	_	_	_	_	_	_
445-17	PKP036	445	445	17	di	di	_	_	_	_	_	linguistic	_	none	_	_	_	_	_	_
445-18	PKP036	445	445	18	aereo	aereo	_	_	_	_	_	linguistic	_	none	_	_	_	_	_	_
445-19	PKP036	445	445	19	al'	al'	_	_	_	_	_	linguistic	_	none	SpaceAfter=No	_	_	_	_	_
445-20	PKP036	445	445	20	andata	andata	_	_	_	_	_	linguistic	_	none	_	_	_	_	_	_
445-21	PKP036	445	445	21	e	e	_	_	_	_	_	linguistic	_	none	_	_	_	_	_	_
445-22	PKP036	445	445	22	quattordici	quattordici	_	_	_	_	_	linguistic	_	none	_	_	_	_	_	_
445-23	PKP036	445	445	23	al	al	_	_	_	_	_	linguistic	_	none	_	_	_	_	_	_
445-24	PKP036	445	445	24	ritorno	ritorno	_	_	_	_	_	linguistic	_	none	_	End=739.22	_	_	_	_
446-0	PKP036	446	446	0	e:::h	eh	_	_	_	_	_	linguistic	_	none	_	Begin=740.26	0x3	_	_	_
446-1	PKP036	446	446	1	io	io	_	_	_	_	_	linguistic	_	none	_	_	_	_	_	_
446-2	PKP036	446	446	2	ero:	ero	_	_	_	_	_	linguistic	_	none	PauseAfter=Yes	_	2x1	_	_	_
446-3	PKP036	446	446	3	{P}	{P}	_	_	_	_	_	shortpause	_	none	_	_	_	_	_	_
446-4	PKP036	446	446	4	sconvolta	sconvolta	_	_	_	_	_	linguistic	_	none	_	End=744.53	_	_	_	_
447-0	PKP036	447	447	0	[l'	l'	_	_	_	_	_	linguistic	_	none	SpaceAfter=No	Begin=745.42	_	_	_	0-2(146)
447-1	PKP036	447	447	1	avrò	avrò	_	_	_	_	_	linguistic	_	none	_	_	_	_	_	0-4(146)
447-2	PKP036	447	447	2	vissuta	vissuta	_	_	_	_	_	linguistic	_	none	_	_	_	_	_	0-7(146)
447-3	PKP036	447	447	3	malissimo]	malissimo	_	_	_	_	_	linguistic	_	none	PauseAfter=Yes	_	_	_	_	0-9(146)
447-4	PKP036	447	447	4	{P}	{P}	_	_	_	_	_	shortpause	_	none	_	_	_	_	_	_
447-5	PKP036	447	447	5	so(no)	sono	_	_	_	_	_	linguistic	_	none	_	_	_	_	1-4(0)	_
447-6	PKP036	447	447	6	sta[ta	stata	_	_	_	_	_	linguistic	_	none	_	_	_	_	_	2-5(147)
447-7	PKP036	447	447	7	malissimo]	malissimo	_	_	_	_	_	linguistic	_	none	_	_	_	_	_	0-9(147)
447-8	PKP036	447	447	8	{RIDE}	{RIDE}	_	_	_	_	_	nonverbalbehavior	_	none	_	End=749.27	_	_	_	_
448-0	PKP033	448	448	0	[no	no	_	_	_	_	_	linguistic	_	none	_	Begin=745.47	_	_	_	0-2(146)
448-1	PKP033	448	448	1	beh	beh	_	_	_	_	_	linguistic	_	none	PauseAfter=Yes	_	_	_	_	0-3(146)
448-2	PKP033	448	448	2	{P}	{P}	_	_	_	_	_	shortpause	_	none	_	_	_	_	_	0-3(146)
448-3	PKP033	448	448	3	infatti	infatti	_	_	_	_	_	linguistic	_	none	_	_	_	_	_	0-7(146)
448-4	PKP033	448	448	4	è	è	_	_	_	_	_	linguistic	_	none	_	_	_	_	_	0-1(146)
448-5	PKP033	448	448	5	tanto]	tanto	_	_	_	_	_	linguistic	_	none	_	End=747.11	_	_	_	0-5(146)
449-0	PKP033	449	449	0	[c(io)è	cioè	_	_	_	_	_	linguistic	_	none	_	Begin=747.59	_	_	1-3(0)	0-4(147)
449-1	PKP033	449	449	1	rid~	rid~	_	_	_	_	_	linguistic	_	none	Interrupted=Yes	_	_	_	_	0-4(147)
449-2	PKP033	449	449	2	ridimmi	ridimmi	_	_	_	_	_	linguistic	_	none	_	_	_	_	_	0-7(147)
449-3	PKP033	449	449	3	il	il	_	_	_	_	_	linguistic	_	none	_	_	_	_	_	0-2(147)
449-4	PKP033	449	449	4	numero	numero	_	_	_	_	_	linguistic	_	none	_	_	_	_	_	0-6(147)
449-5	PKP033	449	449	5	per]ché	perché	_	_	_	_	_	linguistic	_	none	_	_	_	_	_	0-3(147)
449-6	PKP033	449	449	6	m~	m~	_	_	_	_	_	linguistic	_	none	Interrupted=Yes	_	_	_	_	_
449-7	PKP033	449	449	7	mi	mi	_	_	_	_	_	linguistic	_	none	_	_	_	_	_	_
449-8	PKP033	449	449	8	sono	sono	_	_	_	_	_	linguistic	_	none	_	_	_	_	_	_
449-9	PKP033	449	449	9	distratta	distratta	_	_	_	_	_	linguistic	_	none	_	_	_	_	_	_
449-10	PKP033	449	449	10	un'	un'	_	_	_	_	_	linguistic	_	none	SpaceAfter=No	_	_	_	_	_
449-11	PKP033	449	449	11	attim[o]	attimo	_	_	_	_	_	linguistic	_	none	_	_	_	_	_	4-6(148)
449-12	PKP033	449	449	12	{ride}	{ride}	_	_	_	_	_	nonverbalbehavior	_	none	_	End=751.21	_	_	_	_
450-0	PKP037	450	450	0	{ride}	{ride}	_	_	_	_	_	nonverbalbehavior	_	none	_	Begin=748.24|End=750.38	_	_	_	_
451-0	PKP036	451	451	0	[e:	e	_	_	_	_	_	linguistic	_	none	_	Begin=750.67	0x1	_	_	0-1(148)
451-1	PKP036	451	451	1	all'	all'	_	_	_	_	_	linguistic	_	none	SpaceAfter=No	_	_	_	_	0-4(148)
451-2	PKP036	451	451	2	anda]ta	andata	_	_	_	_	_	linguistic	_	none	_	_	_	_	_	0-4(148)
451-3	PKP036	451	451	3	dodici	dodici	_	_	_	_	_	linguistic	_	none	_	_	_	_	_	_
451-4	PKP036	451	451	4	e	e	_	_	_	_	_	linguistic	_	none	_	_	_	_	_	_
451-5	PKP036	451	451	5	al	al	_	_	_	_	_	linguistic	_	none	_	_	_	_	_	_
451-6	PKP036	451	451	6	ri[torno	ritorno	_	_	_	_	_	linguistic	_	none	_	_	_	_	_	1-7(149)
451-7	PKP036	451	451	7	quattordici]	quattordici	_	_	_	_	_	linguistic	_	none	_	End=752.94	_	_	_	0-11(149)
452-0	PKP033	452	452	0	[ah	ah	_	_	_	_	_	linguistic	_	none	_	Begin=751.95	_	_	_	0-2(149)
452-1	PKP033	452	452	1	okay	okay	_	_	_	_	_	linguistic	_	none	PauseAfter=Yes	_	_	_	_	0-4(149)
452-2	PKP033	452	452	2	{P}	{P}	_	_	_	_	_	shortpause	_	none	_	_	_	_	_	0-3(149)
452-3	PKP033	452	452	3	non	non	_	_	_	_	_	linguistic	_	none	_	_	_	_	_	0-3(149)
452-4	PKP033	452	452	4	so]	so	_	_	_	_	_	linguistic	_	none	_	_	_	_	_	0-2(149)
452-5	PKP033	452	452	5	perché	perché	_	_	_	_	_	linguistic	_	none	_	_	_	_	_	_
452-6	PKP033	452	452	6	avevo	avevo	_	_	_	_	_	linguistic	_	none	_	_	_	_	_	_
452-7	PKP033	452	452	7	capito	capito	_	_	_	_	_	linguistic	_	none	_	_	_	_	_	_
452-8	PKP033	452	452	8	diciotto	diciotto	_	_	_	_	_	linguistic	_	none	_	_	_	_	_	_
452-9	PKP033	452	452	9	e	e	_	_	_	_	_	linguistic	_	none	_	_	_	_	_	_
452-10	PKP033	452	452	10	ho	ho	_	_	_	_	_	linguistic	_	none	_	_	_	_	_	_
452-11	PKP033	452	452	11	detto	detto	_	_	_	_	_	linguistic	_	none	_	_	_	_	_	_
452-12	PKP033	452	452	12	[no	no	_	_	_	_	_	linguistic	_	none	_	_	_	_	_	0-2(150)
452-13	PKP033	452	452	13	no	no	_	_	_	_	_	linguistic	_	none	_	_	_	_	_	0-2(150)
452-14	PKP033	452	452	14	no	no	_	_	_	_	_	linguistic	_	none	_	_	_	_	_	0-2(150)
452-15	PKP033	452	452	15	okay]	okay	_	_	_	_	_	linguistic	_	none	_	End=755.48	_	_	_	0-4(150)
453-0	PKP036	453	453	0	[no]	no	_	_	_	_	_	linguistic	_	none	PauseAfter=Yes	Begin=754.73	_	_	_	0-2(150)
453-1	PKP036	453	453	1	{P}	{P}	_	_	_	_	_	shortpause	_	none	_	_	_	_	_	_
453-2	PKP036	453	453	2	diciotto	diciotto	_	_	_	_	_	linguistic	_	none	_	_	_	_	_	_
453-3	PKP036	453	453	3	è	è	_	_	_	_	_	linguistic	_	none	_	End=756.05	_	_	_	_
454-0	PKP037	454	454	0	mh	mh	_	_	_	_	_	linguistic	_	none	_	Begin=756.06|End=756.63	_	_	_	_
455-0	PKP033	455	455	0	va[bbè	vabbè	_	_	_	_	_	linguistic	_	none	_	Begin=756.64	_	_	_	2-5(151)
455-1	PKP033	455	455	1	però	però	_	_	_	_	_	linguistic	_	none	_	_	_	_	_	0-4(151)
455-2	PKP033	455	455	2	almeno	almeno	_	_	_	_	_	linguistic	_	none	PauseAfter=Yes	_	_	_	_	0-6(151)
455-3	PKP033	455	455	3	{P}	{P}	_	_	_	_	_	shortpause	_	none	_	_	_	_	_	0-3(151)
455-4	PKP033	455	455	4	n~]	n~	_	_	_	_	_	linguistic	_	none	Interrupted=Yes	End=757.98	_	_	_	0-2(151)
456-0	PKP037	456	456	0	[ma	ma	_	_	_	_	_	linguistic	_	none	PauseAfter=Yes	Begin=756.74	_	_	_	0-2(151)
456-1	PKP037	456	456	1	{P}	{P}	_	_	_	_	_	shortpause	_	none	_	_	_	_	_	0-3(151)
456-2	PKP037	456	456	2	perché	perché	_	_	_	_	_	linguistic	_	none	PauseAfter=Yes	_	_	_	_	0-6(151)
456-3	PKP037	456	456	3	{P}	{P}	_	_	_	_	_	shortpause	_	none	_	_	_	_	_	0-3(151)
456-4	PKP037	456	456	4	abbiam]o	abbiamo	_	_	_	_	_	linguistic	_	none	_	_	_	_	_	0-6(151)
456-5	PKP037	456	456	5	pranzato	pranzato	_	_	_	_	_	linguistic	_	none	PauseAfter=Yes	_	_	_	_	_
456-6	PKP037	456	456	6	{P}	{P}	_	_	_	_	_	shortpause	_	none	_	_	_	_	_	_
456-7	PKP037	456	456	7	siamo	siamo	_	_	_	_	_	linguistic	_	none	_	_	_	_	_	_
456-8	PKP037	456	456	8	saliti	saliti	_	_	_	_	_	linguistic	_	none	_	_	_	_	_	_
456-9	PKP037	456	456	9	sull'	sull'	_	_	_	_	_	linguistic	_	none	SpaceAfter=No	_	_	_	_	_
456-10	PKP037	456	456	10	aereo	aereo	_	_	_	_	_	linguistic	_	none	PauseAfter=Yes	_	_	_	_	_
456-11	PKP037	456	456	11	{P}	{P}	_	_	_	_	_	shortpause	_	none	_	_	_	_	_	_
456-12	PKP037	456	456	12	ci	ci	_	_	_	_	_	linguistic	_	none	_	_	_	_	_	_
456-13	PKP037	456	456	13	hanno	hanno	_	_	_	_	_	linguistic	_	none	_	_	_	_	_	_
456-14	PKP037	456	456	14	fatto	fatto	_	_	_	_	_	linguistic	_	none	_	_	_	_	_	_
456-15	PKP037	456	456	15	chiudere	chiudere	_	_	_	_	_	linguistic	_	none	_	_	_	_	_	_
456-16	PKP037	456	456	16	le:	le	_	_	_	_	_	linguistic	_	none	_	_	1x1	_	_	_
456-17	PKP037	456	456	17	mh	mh	_	_	_	_	_	linguistic	_	none	PauseAfter=Yes	_	_	_	_	_
456-18	PKP037	456	456	18	{P}	{P}	_	_	_	_	_	shortpause	_	none	_	_	_	_	_	_
456-19	PKP037	456	456	19	[finestre]	finestre	_	_	_	_	_	linguistic	_	none	_	End=763.58	_	_	_	0-8(152)
457-0	PKP036	457	457	0	[eh	eh	_	_	_	_	_	linguistic	_	none	_	Begin=762.14	_	_	_	0-2(152)
457-1	PKP036	457	457	1	sì	sì	_	_	_	_	_	linguistic	_	none	_	_	_	_	_	0-2(152)
457-2	PKP036	457	457	2	poi	poi	_	_	_	_	_	linguistic	_	none	_	_	_	_	_	0-3(152)
457-3	PKP036	457	457	3	hanno	hanno	_	_	_	_	_	linguistic	_	none	_	_	_	_	_	0-5(152)
457-4	PKP036	457	457	4	cercato	cercato	_	_	_	_	_	linguistic	_	none	_	_	_	_	_	0-7(152)
457-5	PKP036	457	457	5	un	un	_	_	_	_	_	linguistic	_	none	_	_	_	_	_	0-2(152)
457-6	PKP036	457	457	6	po'	po'	_	_	_	_	_	linguistic	_	none	_	_	_	_	_	0-3(152)
457-7	PKP036	457	457	7	di	di	_	_	_	_	_	linguistic	_	none	_	_	_	_	_	0-2(152)
457-8	PKP036	457	457	8	si]mulare	simulare	_	_	_	_	_	linguistic	_	none	_	_	_	_	_	0-2(152)
457-9	PKP036	457	457	9	[le	le	_	_	_	_	_	linguistic	_	none	_	_	_	_	_	0-2(153)
457-10	PKP036	457	457	10	cose	cose	_	_	_	_	_	linguistic	_	none	_	_	_	_	_	0-4(153)
457-11	PKP036	457	457	11	per:]	per	_	_	_	_	_	linguistic	_	none	_	End=765.32	2x1	_	_	0-3(153)
458-0	PKP037	458	458	0	[e	e	_	_	_	_	_	linguistic	_	none	_	Begin=764.5	_	_	_	0-1(153)
458-1	PKP037	458	458	1	ci	ci	_	_	_	_	_	linguistic	_	none	_	_	_	_	_	0-2(153)
458-2	PKP037	458	458	2	hanno	hanno	_	_	_	_	_	linguistic	_	none	_	_	_	_	_	0-5(153)
458-3	PKP037	458	458	3	dato	dato	_	_	_	_	_	linguistic	_	none	_	_	_	_	_	0-4(153)
458-4	PKP037	458	458	4	la	la	_	_	_	_	_	linguistic	_	none	_	_	_	_	_	0-2(153)
458-5	PKP037	458	458	5	ce]na	cena	_	_	_	_	_	linguistic	_	none	_	End=765.7	_	_	_	0-2(153)
459-0	PKP037	459	459	0	però	però	_	_	_	_	_	linguistic	_	none	_	Begin=766.64	_	_	_	_
459-1	PKP037	459	459	1	erano	erano	_	_	_	_	_	linguistic	_	none	_	_	_	_	_	_
459-2	PKP037	459	459	2	le	le	_	_	_	_	_	linguistic	_	none	_	_	_	_	_	_
459-3	PKP037	459	459	3	tre	tre	_	_	_	_	_	linguistic	_	none	_	_	_	_	_	_
459-4	PKP037	459	459	4	[del	del	_	_	_	_	_	linguistic	_	none	_	_	_	_	_	0-3(154)
459-5	PKP037	459	459	5	pomeriggio]	pomeriggio	_	_	_	_	_	linguistic	_	none	_	End=768.19	_	_	_	0-10(154)
460-0	PKP033	460	460	0	[sì	sì	_	_	_	_	_	linguistic	_	none	_	Begin=767.49	_	_	_	0-2(154)
460-1	PKP033	460	460	1	sì]	sì	_	_	_	_	_	linguistic	_	none	_	_	_	_	_	0-2(154)
460-2	PKP033	460	460	2	sì	sì	_	_	_	_	_	linguistic	_	none	_	_	_	_	_	_
460-3	PKP033	460	460	3	sì	sì	_	_	_	_	_	linguistic	_	none	_	End=768.7	_	_	_	_
461-0	PKP036	461	461	0	non	non	_	_	_	_	_	linguistic	_	none	_	Begin=768.82	_	_	_	_
461-1	PKP036	461	461	1	lo	lo	_	_	_	_	_	linguistic	_	none	_	_	_	_	_	_
461-2	PKP036	461	461	2	so	so	_	_	_	_	_	linguistic	_	none	_	_	_	_	_	_
461-3	PKP036	461	461	3	era	era	_	_	_	_	_	linguistic	_	none	_	_	_	_	_	_
461-4	PKP036	461	461	4	troppo	troppo	_	_	_	_	_	linguistic	_	none	_	_	_	_	_	_
461-5	PKP036	461	461	5	strano	strano	_	_	_	_	_	linguistic	_	none	_	End=770.61	_	_	_	_
462-0	PKP033	462	462	0	anch'	anch'	_	_	_	_	_	linguistic	_	none	SpaceAfter=No	Begin=771.28	_	_	_	_
462-1	PKP033	462	462	1	io	io	_	_	_	_	_	linguistic	_	none	_	_	_	_	_	_
462-2	PKP033	462	462	2	soffro	soffro	_	_	_	_	_	linguistic	_	none	_	_	_	_	_	_
462-3	PKP033	462	462	3	un	un	_	_	_	_	_	linguistic	_	none	_	_	_	_	_	_
462-4	PKP033	462	462	4	po'	po'	_	_	_	_	_	linguistic	_	none	_	_	_	_	_	_
462-5	PKP033	462	462	5	i	i	_	_	_	_	_	linguistic	_	none	_	_	_	_	_	_
462-6	PKP033	462	462	6	p[asti	pasti	_	_	_	_	_	linguistic	_	none	_	_	_	_	_	0-5(155)
462-7	PKP033	462	462	7	sugli	sugli	_	_	_	_	_	linguistic	_	none	_	_	_	_	_	0-5(155)
462-8	PKP033	462	462	8	ae]rei	aerei	_	_	_	_	_	linguistic	_	none	_	_	_	_	_	0-2(155)
462-9	PKP033	462	462	9	devo	devo	_	_	_	_	_	linguistic	_	none	_	_	_	_	_	_
462-10	PKP033	462	462	10	dire	dire	_	_	_	_	_	linguistic	_	none	_	End=774.01	_	_	_	_
463-0	PKP036	463	463	0	[mh]	mh	_	_	_	_	_	linguistic	_	none	_	Begin=772.55|End=773.07	_	_	_	0-2(155)
464-0	PKP036	464	464	0	sì	sì	_	_	_	_	_	linguistic	_	none	_	Begin=774.76	_	_	_	_
464-1	PKP036	464	464	1	è	è	_	_	_	_	_	linguistic	_	none	_	_	_	_	_	_
464-2	PKP036	464	464	2	stato:	stato	_	_	_	_	_	linguistic	_	none	_	End=775.42	4x1	_	_	_
465-0	PKP033	465	465	0	allora	allora	_	_	_	_	_	linguistic	_	none	_	Begin=775.42	_	_	_	_
465-1	PKP033	465	465	1	tu	tu	_	_	_	_	_	linguistic	_	none	_	_	_	_	_	_
465-2	PKP033	465	465	2	vuoi	vuoi	_	_	_	_	_	linguistic	_	none	_	_	_	_	_	_
465-3	PKP033	465	465	3	sapere	sapere	_	_	_	_	_	linguistic	_	none	_	_	_	_	_	_
465-4	PKP033	465	465	4	cosa	cosa	_	_	_	_	_	linguistic	_	none	_	_	_	_	_	_
465-5	PKP033	465	465	5	c'	c'	_	_	_	_	_	linguistic	_	none	SpaceAfter=No	_	_	_	_	_
465-6	PKP033	465	465	6	è	è	_	_	_	_	_	linguistic	_	none	_	_	_	_	_	_
465-7	PKP033	465	465	7	lì	lì	_	_	_	_	_	linguistic	_	none	_	_	_	_	_	_
465-8	PKP033	465	465	8	o	o	_	_	_	_	_	linguistic	_	none	_	_	_	_	_	_
465-9	PKP033	465	465	9	ti	ti	_	_	_	_	_	linguistic	_	none	_	_	_	_	_	_
465-10	PKP033	465	465	10	fidi?	fidi	_	_	_	_	_	linguistic	_	none	Intonation=Rising	_	_	_	_	_
465-11	PKP033	465	465	11	{ride}	{ride}	_	_	_	_	_	nonverbalbehavior	_	none	_	End=779.12	_	_	_	_
466-0	PKP037	466	466	0	[no	no	_	_	_	_	_	linguistic	_	none	_	Begin=777.67	_	_	_	0-2(156)
466-1	PKP037	466	466	1	non	non	_	_	_	_	_	linguistic	_	none	_	_	_	_	_	0-3(156)
466-2	PKP037	466	466	2	credo]	credo	_	_	_	_	_	linguistic	_	none	_	End=778.8	_	_	_	0-5(156)
467-0	PKP036	467	467	0	{ride}	{ride}	_	_	_	_	_	nonverbalbehavior	_	none	_	Begin=777.68|End=779.47	_	_	_	_
468-0	PKP033	468	468	0	okay	okay	_	_	_	_	_	linguistic	_	none	_	Begin=779.17|End=779.59	_	_	_	_
469-0	PKP036	469	469	0	figurati	figurati	_	_	_	_	_	linguistic	_	none	_	Begin=779.66|End=780.38	_	_	_	_
470-0	PKP033	470	470	0	va	va	_	_	_	_	_	linguistic	_	none	_	Begin=780.37	_	_	_	_
470-1	PKP033	470	470	1	bene	bene	_	_	_	_	_	linguistic	_	none	_	_	_	_	_	_
470-2	PKP033	470	470	2	[però	però	_	_	_	_	_	linguistic	_	none	_	_	_	_	_	0-4(500)
470-3	PKP033	470	470	3	dai]	dai	_	_	_	_	_	linguistic	_	none	_	End=781.9	_	_	_	0-3(500)
471-0	PKP036	471	471	0	[però	però	_	_	_	_	_	linguistic	_	none	_	Begin=780.59	_	_	_	0-4(500)
471-1	PKP036	471	471	1	io	io	_	_	_	_	_	linguistic	_	none	_	_	_	_	_	0-2(500)
471-2	PKP036	471	471	2	voglio	voglio	_	_	_	_	_	linguistic	_	none	_	_	_	_	_	0-6(500)
471-3	PKP036	471	471	3	sapere]	sapere	_	_	_	_	_	linguistic	_	none	_	End=781.66	_	_	_	0-6(500)
472-0	PKP037	472	472	0	[c'	c'	_	_	_	_	_	linguistic	_	none	SpaceAfter=No	Begin=781.52	_	_	_	0-2(?)
472-1	PKP037	472	472	1	è	è	_	_	_	_	_	linguistic	_	none	_	_	_	_	_	0-1(?)
472-2	PKP037	472	472	2	della	della	_	_	_	_	_	linguistic	_	none	_	_	_	_	_	0-5(?)
472-3	PKP037	472	472	3	ca]rne?	carne	_	_	_	_	_	linguistic	_	none	Intonation=Rising	End=782.5	_	_	_	0-2(?)
473-0	PKP033	473	473	0	no	no	_	_	_	_	_	linguistic	_	none	_	Begin=782.37|End=782.75	_	_	_	_
474-0	PKP037	474	474	0	ok[ay]	okay	_	_	_	_	_	linguistic	_	none	_	Begin=782.79|End=783.2	_	_	_	2-4(159)
475-0	PKP033	475	475	0	[ri]cotta	ricotta	_	_	_	_	_	linguistic	_	none	_	Begin=783.08	_	_	_	0-2(159)
475-1	PKP033	475	475	1	e	e	_	_	_	_	_	linguistic	_	none	_	_	_	_	_	_
475-2	PKP033	475	475	2	tonno	tonno	_	_	_	_	_	linguistic	_	none	_	End=784.36	_	_	_	_
476-0	PKP036	476	476	0	xxx	xxx	_	_	_	_	_	unknown	_	none	Syllables=3	Begin=784.633|End=785.24	_	_	_	_
477-0	PKP036	477	477	0	ma	ma	_	_	_	_	_	linguistic	_	none	_	Begin=786.42	_	_	_	_
477-1	PKP036	477	477	1	anche	anche	_	_	_	_	_	linguistic	_	none	_	_	_	_	_	_
477-2	PKP036	477	477	2	lei	lei	_	_	_	_	_	linguistic	_	none	_	_	_	_	_	_
477-3	PKP036	477	477	3	non	non	_	_	_	_	_	linguistic	_	none	_	_	_	_	_	_
477-4	PKP036	477	477	4	mangia	mangia	_	_	_	_	_	linguistic	_	none	_	_	_	_	_	_
477-5	PKP036	477	477	5	la	la	_	_	_	_	_	linguistic	_	none	_	_	_	_	_	_
477-6	PKP036	477	477	6	carne?	carne	_	_	_	_	_	linguistic	_	none	Intonation=Rising	End=787.57	_	_	_	_
478-0	PKP036	478	478	0	for[se]	forse	_	_	_	_	_	linguistic	_	none	_	Begin=787.82|End=788.2	_	_	_	3-5(160)
479-0	PKP033	479	479	0	[no]	no	_	_	_	_	_	linguistic	_	none	_	Begin=788.03	_	_	_	0-2(?)
479-1	PKP033	479	479	1	infatti	infatti	_	_	_	_	_	linguistic	_	none	PauseAfter=Yes	_	_	_	_	_
479-2	PKP033	479	479	2	{P}	{P}	_	_	_	_	_	shortpause	_	none	_	_	_	_	_	_
479-3	PKP033	479	479	3	non	non	_	_	_	_	_	linguistic	_	none	_	_	_	_	_	_
479-4	PKP033	479	479	4	la	la	_	_	_	_	_	linguistic	_	none	_	_	_	_	_	_
479-5	PKP033	479	479	5	mangio	mangio	_	_	_	_	_	linguistic	_	none	_	_	_	_	_	_
479-6	PKP033	479	479	6	no	no	_	_	_	_	_	linguistic	_	none	_	_	_	_	_	_
479-7	PKP033	479	479	7	no	no	_	_	_	_	_	linguistic	_	none	_	End=789.87	_	_	_	_
480-0	PKP037	480	480	0	[ah]	ah	_	_	_	_	_	linguistic	_	none	_	Begin=788.5|End=788.94	_	_	_	0-2(161)
481-0	PKP033	481	481	0	no	no	_	_	_	_	_	linguistic	_	none	_	Begin=790.25	_	_	_	_
481-1	PKP033	481	481	1	no	no	_	_	_	_	_	linguistic	_	none	_	_	_	_	_	_
481-2	PKP033	481	481	2	no	no	_	_	_	_	_	linguistic	_	none	_	_	_	_	_	_
481-3	PKP033	481	481	3	no	no	_	_	_	_	_	linguistic	_	none	_	End=791.1	_	_	_	_
482-0	PKP036	482	482	0	ora	ora	_	_	_	_	_	linguistic	_	none	_	Begin=791.13	_	_	_	_
482-1	PKP036	482	482	1	anche	anche	_	_	_	_	_	linguistic	_	none	_	_	_	_	_	_
482-2	PKP036	482	482	2	lui	lui	_	_	_	_	_	linguistic	_	none	_	_	_	_	_	_
482-3	PKP036	482	482	3	forse	forse	_	_	_	_	_	linguistic	_	none	_	End=792.45	_	_	_	_
483-0	PKP033	483	483	0	forse	forse	_	_	_	_	_	linguistic	_	none	_	Begin=792.75|End=793.29	_	_	_	_
484-0	PKP036	484	484	0	d[a:	da	_	_	_	_	_	linguistic	_	none	_	Begin=793.9	1x1	_	_	1-2(?)
484-1	PKP036	484	484	1	due	due	_	_	_	_	_	linguistic	_	none	_	_	_	_	_	0-3(?)
484-2	PKP036	484	484	2	giorni]	giorni	_	_	_	_	_	linguistic	_	none	_	_	_	_	_	0-6(?)
484-3	PKP036	484	484	3	{ride}	{ride}	_	_	_	_	_	nonverbalbehavior	_	none	_	End=796.59	_	_	_	_
485-0	PKP037	485	485	0	[molto	molto	_	_	_	_	_	linguistic	_	none	_	Begin=794.35	_	_	_	0-5(162)
485-1	PKP037	485	485	1	buono]	buono	_	_	_	_	_	linguistic	_	none	_	End=795.03	_	_	_	0-5(162)
486-0	PKP033	486	486	0	{ride}	{ride}	_	_	_	_	_	nonverbalbehavior	_	none	_	Begin=795.07	_	_	_	_
486-1	PKP033	486	486	1	[okay]	okay	_	_	_	_	_	linguistic	_	none	_	End=796.81	_	_	_	0-4(163)
487-0	PKP033	487	487	0	c(io)è	cioè	_	_	_	_	_	linguistic	_	none	_	Begin=796.83	_	_	1-3(0)	_
487-1	PKP033	487	487	1	n:	n	_	_	_	_	_	linguistic	_	none	PauseAfter=Yes	_	0x1	_	_	_
487-2	PKP033	487	487	2	{P}	{P}	_	_	_	_	_	shortpause	_	none	_	_	_	_	_	_
487-3	PKP033	487	487	3	non	non	_	_	_	_	_	linguistic	_	none	_	_	_	_	_	_
487-4	PKP033	487	487	4	so	so	_	_	_	_	_	linguistic	_	none	_	_	_	_	_	_
487-5	PKP033	487	487	5	se	se	_	_	_	_	_	linguistic	_	none	_	_	_	_	_	_
487-6	PKP033	487	487	6	era	era	_	_	_	_	_	linguistic	_	none	_	_	_	_	_	_
487-7	PKP033	487	487	7	il	il	_	_	_	_	_	linguistic	_	none	_	_	_	_	_	_
487-8	PKP033	487	487	8	formaggio	formaggio	_	_	_	_	_	linguistic	_	none	_	_	_	_	_	_
487-9	PKP033	487	487	9	più	più	_	_	_	_	_	linguistic	_	none	_	_	_	_	_	_
487-10	PKP033	487	487	10	adatto	adatto	_	_	_	_	_	linguistic	_	none	_	_	_	_	_	_
487-11	PKP033	487	487	11	però	però	_	_	_	_	_	linguistic	_	none	_	_	_	_	_	_
487-12	PKP033	487	487	12	mi~	mi~	_	_	_	_	_	linguistic	_	none	Interrupted=Yes	_	_	_	_	_
487-13	PKP033	487	487	13	non	non	_	_	_	_	_	linguistic	_	none	_	_	_	_	_	_
487-14	PKP033	487	487	14	[c'	c'	_	_	_	_	_	linguistic	_	none	SpaceAfter=No	_	_	_	_	0-2(164)
487-15	PKP033	487	487	15	ho	ho	_	_	_	_	_	linguistic	_	none	_	_	_	_	_	0-2(164)
487-16	PKP033	487	487	16	pensato	pensato	_	_	_	_	_	linguistic	_	none	_	_	_	_	_	0-7(164)
487-17	PKP033	487	487	17	ho	ho	_	_	_	_	_	linguistic	_	none	_	_	_	_	_	0-2(164)
487-18	PKP033	487	487	18	pensato	pensato	_	_	_	_	_	linguistic	_	none	_	_	_	_	_	0-7(164)
487-19	PKP033	487	487	19	di	di	_	_	_	_	_	linguistic	_	none	_	_	_	_	_	0-2(164)
487-20	PKP033	487	487	20	sì]	sì	_	_	_	_	_	linguistic	_	none	_	End=801.76	_	_	_	0-2(164)
488-0	PKP037	488	488	0	[no	no	_	_	_	_	_	linguistic	_	none	_	Begin=800.41	_	_	_	0-2(164)
488-1	PKP037	488	488	1	ma	ma	_	_	_	_	_	linguistic	_	none	_	_	_	_	_	0-2(164)
488-2	PKP037	488	488	2	sono:	sono	_	_	_	_	_	linguistic	_	none	_	_	3x1	_	_	0-4(164)
488-3	PKP037	488	488	3	un	un	_	_	_	_	_	linguistic	_	none	_	_	_	_	_	0-2(164)
488-4	PKP037	488	488	4	ve]getariano	vegetariano	_	_	_	_	_	linguistic	_	none	_	_	_	_	_	0-2(164)
488-5	PKP037	488	488	5	che	che	_	_	_	_	_	linguistic	_	none	_	_	_	_	_	_
488-6	PKP037	488	488	6	fallisce	fallisce	_	_	_	_	_	linguistic	_	none	_	_	_	_	_	_
488-7	PKP037	488	488	7	ogni	ogni	_	_	_	_	_	linguistic	_	none	_	_	_	_	_	_
488-8	PKP037	488	488	8	tanto	tanto	_	_	_	_	_	linguistic	_	none	_	End=803.32	_	_	_	_
489-0	PKP037	489	489	0	però	però	_	_	_	_	_	linguistic	_	none	PauseAfter=Yes	Begin=803.56	_	_	_	_
489-1	PKP037	489	489	1	{P}	{P}	_	_	_	_	_	shortpause	_	none	_	_	_	_	_	_
489-2	PKP037	489	489	2	[meglio	meglio	_	_	_	_	_	linguistic	_	none	_	_	_	_	_	0-6(?)
489-3	PKP037	489	489	3	che	che	_	_	_	_	_	linguistic	_	none	_	_	_	_	_	0-3(?)
489-4	PKP037	489	489	4	essere	essere	_	_	_	_	_	linguistic	_	none	PauseAfter=Yes	_	_	_	_	0-6(?)
489-5	PKP037	489	489	5	{P}	{P}	_	_	_	_	_	shortpause	_	none	_	_	_	_	_	0-3(?)
489-6	PKP037	489	489	6	meglio	meglio	_	_	_	_	_	linguistic	_	none	_	_	_	_	_	0-6(?)
489-7	PKP037	489	489	7	che	che	_	_	_	_	_	linguistic	_	none	_	_	_	_	_	0-3(?)
489-8	PKP037	489	489	8	essere	essere	_	_	_	_	_	linguistic	_	none	_	_	_	_	_	0-6(?)
489-9	PKP037	489	489	9	onnivoro]	onnivoro	_	_	_	_	_	linguistic	_	none	_	End=806.73	_	_	_	0-8(?)
490-0	PKP036	490	490	0	[ma	ma	_	_	_	_	_	linguistic	_	none	_	Begin=804.09	_	_	_	0-2(501)
490-1	PKP036	490	490	1	sì]	sì	_	_	_	_	_	linguistic	_	none	_	End=805.44	_	_	_	0-2(501)
491-0	PKP033	491	491	0	[ma	ma	_	_	_	_	_	linguistic	_	none	_	Begin=804.54	_	_	_	0-2(?)
491-1	PKP033	491	491	1	neanch'	neanch'	_	_	_	_	_	linguistic	_	none	SpaceAfter=No	_	_	_	_	0-7(?)
491-2	PKP033	491	491	2	io:]	io	_	_	_	_	_	linguistic	_	none	_	End=806.26	1x1	_	_	0-2(?)
492-0	PKP036	492	492	0	[anche	anche	_	_	_	_	_	linguistic	_	none	_	Begin=806.14	_	_	_	0-5(502)
492-1	PKP036	492	492	1	noi]	noi	_	_	_	_	_	linguistic	_	none	_	_	_	_	_	0-3(502)
492-2	PKP036	492	492	2	falliamo	falliamo	_	_	_	_	_	linguistic	_	none	_	_	_	_	_	_
492-3	PKP036	492	492	3	ogni	ogni	_	_	_	_	_	linguistic	_	none	_	_	_	_	_	_
492-4	PKP036	492	492	4	tanto	tanto	_	_	_	_	_	linguistic	_	none	_	End=808.27	_	_	_	_
493-0	PKP033	493	493	0	no	no	_	_	_	_	_	linguistic	_	none	_	Begin=808.31	_	_	_	_
493-1	PKP033	493	493	1	no	no	_	_	_	_	_	linguistic	_	none	_	_	_	_	_	_
493-2	PKP033	493	493	2	ma	ma	_	_	_	_	_	linguistic	_	none	_	_	_	_	_	_
493-3	PKP033	493	493	3	io:	io	_	_	_	_	_	linguistic	_	none	_	_	1x1	_	_	_
493-4	PKP033	493	493	4	non	non	_	_	_	_	_	linguistic	_	none	_	_	_	_	_	_
493-5	PKP033	493	493	5	sono	sono	_	_	_	_	_	linguistic	_	none	_	_	_	_	_	_
493-6	PKP033	493	493	6	molto	molto	_	_	_	_	_	linguistic	_	none	_	_	_	_	_	_
493-7	PKP033	493	493	7	rigida	rigida	_	_	_	_	_	linguistic	_	none	_	_	_	_	_	_
493-8	PKP033	493	493	8	a	a	_	_	_	_	_	linguistic	_	none	_	_	_	_	_	_
493-9	PKP033	493	493	9	dir	dir	_	_	_	_	_	linguistic	_	none	_	_	_	_	_	_
493-10	PKP033	493	493	10	la	la	_	_	_	_	_	linguistic	_	none	_	_	_	_	_	_
493-11	PKP033	493	493	11	verità	verità	_	_	_	_	_	linguistic	_	none	_	End=812.14	_	_	_	_
494-0	PKP036	494	494	0	mhmh	mhmh	_	_	_	_	_	linguistic	_	none	PauseAfter=Yes	Begin=812.19	_	_	_	_
494-1	PKP036	494	494	1	{P}	{P}	_	_	_	_	_	shortpause	_	none	_	_	_	_	_	_
494-2	PKP036	494	494	2	vabbè	vabbè	_	_	_	_	_	linguistic	_	none	_	End=814.16	_	_	_	_
495-0	PKP037	495	495	0	anzi	anzi	_	_	_	_	_	linguistic	_	none	_	Begin=814.17	_	_	_	_
495-1	PKP037	495	495	1	l'	l'	_	_	_	_	_	linguistic	_	none	SpaceAfter=No	_	_	_	_	_
495-2	PKP037	495	495	2	unica	unica	_	_	_	_	_	linguistic	_	none	_	_	_	_	_	_
495-3	PKP037	495	495	3	cosa	cosa	_	_	_	_	_	linguistic	_	none	_	_	_	_	_	_
495-4	PKP037	495	495	4	no:n:	non	_	_	_	_	_	linguistic	_	none	_	_	1x1,2x1	_	_	_
495-5	PKP037	495	495	5	proprio	proprio	_	_	_	_	_	linguistic	_	none	_	_	_	_	_	_
495-6	PKP037	495	495	6	vegana	vegana	_	_	_	_	_	linguistic	_	none	_	_	_	_	_	_
495-7	PKP037	495	495	7	che	che	_	_	_	_	_	linguistic	_	none	_	_	_	_	_	_
495-8	PKP037	495	495	8	sta	sta	_	_	_	_	_	linguistic	_	none	_	_	_	_	_	_
495-9	PKP037	495	495	9	a	a	_	_	_	_	_	linguistic	_	none	_	_	_	_	_	_
495-10	PKP037	495	495	10	casa	casa	_	_	_	_	_	linguistic	_	none	_	_	_	_	_	_
495-11	PKP037	495	495	11	mi	mi	_	_	_	_	_	linguistic	_	none	_	_	_	_	_	_
495-12	PKP037	495	495	12	sa:	sa	_	_	_	_	_	linguistic	_	none	_	_	1x1	_	_	_
495-13	PKP037	495	495	13	è	è	_	_	_	_	_	linguistic	_	none	_	_	_	_	_	_
495-14	PKP037	495	495	14	la	la	_	_	_	_	_	linguistic	_	none	_	_	_	_	_	_
495-15	PKP037	495	495	15	ricotta	ricotta	_	_	_	_	_	linguistic	_	none	_	_	_	_	_	_
495-16	PKP037	495	495	16	che	che	_	_	_	_	_	linguistic	_	none	_	_	_	_	_	_
495-17	PKP037	495	495	17	ho	ho	_	_	_	_	_	linguistic	_	none	_	_	_	_	_	_
495-18	PKP037	495	495	18	comprato	comprato	_	_	_	_	_	linguistic	_	none	_	_	_	_	_	_
495-19	PKP037	495	495	19	adesso	adesso	_	_	_	_	_	linguistic	_	none	_	End=819.99	_	_	_	_
496-0	PKP036	496	496	0	mh	mh	_	_	_	_	_	linguistic	_	none	_	Begin=820.24|End=820.64	_	_	_	_
497-0	PKP033	497	497	0	m[h]	mh	_	_	_	_	_	linguistic	_	none	_	Begin=821.36|End=821.86	_	_	_	1-2(165)
498-0	PKP036	498	498	0	[beh	beh	_	_	_	_	_	linguistic	_	none	_	Begin=821.51	_	_	_	0-3(?)
498-1	PKP036	498	498	1	no]	no	_	_	_	_	_	linguistic	_	none	_	_	_	_	_	0-2(?)
498-2	PKP036	498	498	2	lo	lo	_	_	_	_	_	linguistic	_	none	_	_	_	_	_	_
498-3	PKP036	498	498	3	yo:gurt	yogurt	_	_	_	_	_	linguistic	_	none	_	End=823.34	1x1	_	_	_
499-0	PKP033	499	499	0	[io	io	_	_	_	_	_	linguistic	_	none	_	Begin=822.74	_	_	_	0-2(?)
499-1	PKP033	499	499	1	lattici]ni:	latticini	_	_	_	_	_	linguistic	_	none	_	_	8x1	_	_	0-7(?)
499-2	PKP033	499	499	2	m:h	mh	_	_	_	_	_	linguistic	_	none	_	End=824.25	0x1	_	_	_
500-0	PKP037	500	500	0	[ah	ah	_	_	_	_	_	linguistic	_	none	_	Begin=823.55	_	_	_	0-2(167)
500-1	PKP037	500	500	1	no	no	_	_	_	_	_	linguistic	_	none	_	_	_	_	_	0-2(167)
500-2	PKP037	500	500	2	ve]di	vedi	_	_	_	_	_	linguistic	_	none	_	_	_	_	_	0-2(167)
500-3	PKP037	500	500	3	non	non	_	_	_	_	_	linguistic	_	none	_	_	_	_	_	_
500-4	PKP037	500	500	4	l'	l'	_	_	_	_	_	linguistic	_	none	SpaceAfter=No	_	_	_	_	_
500-5	PKP037	500	500	5	ho	ho	_	_	_	_	_	linguistic	_	none	_	_	_	_	_	_
500-6	PKP037	500	500	6	[mai]	mai	_	_	_	_	_	linguistic	_	none	_	End=825.07	_	_	_	0-3(168)
501-0	PKP036	501	501	0	[il	il	_	_	_	_	_	linguistic	_	none	_	Begin=824.81	_	_	_	0-2(168)
501-1	PKP036	501	501	1	for]maggio:	formaggio	_	_	_	_	_	linguistic	_	none	_	_	8x1	_	_	0-3(168)
501-2	PKP036	501	501	2	nella	nella	_	_	_	_	_	linguistic	_	none	_	_	_	_	_	_
501-3	PKP036	501	501	3	pasta	pasta	_	_	_	_	_	linguistic	_	none	_	End=826.42	_	_	_	_
502-0	PKP033	502	502	0	no	no	_	_	_	_	_	linguistic	_	none	_	Begin=826.613	_	_	_	_
502-1	PKP033	502	502	1	no	no	_	_	_	_	_	linguistic	_	none	_	_	_	_	_	_
502-2	PKP033	502	502	2	no	no	_	_	_	_	_	linguistic	_	none	_	_	_	_	_	_
502-3	PKP033	502	502	3	io	io	_	_	_	_	_	linguistic	_	none	_	_	_	_	_	_
502-4	PKP033	502	502	4	i	i	_	_	_	_	_	linguistic	_	none	_	_	_	_	_	_
502-5	PKP033	502	502	5	latticini	latticini	_	_	_	_	_	linguistic	_	none	_	_	_	_	_	_
502-6	PKP033	502	502	6	non	non	_	_	_	_	_	linguistic	_	none	_	_	_	_	_	_
502-7	PKP033	502	502	7	ci	ci	_	_	_	_	_	linguistic	_	none	_	_	_	_	_	_
502-8	PKP033	502	502	8	provo	provo	_	_	_	_	_	linguistic	_	none	_	_	_	_	_	_
502-9	PKP033	502	502	9	nean[che]	neanche	_	_	_	_	_	linguistic	_	none	_	End=828.72	_	_	_	4-7(169)
503-0	PKP036	503	503	0	[eh]	eh	_	_	_	_	_	linguistic	_	none	_	Begin=828.53|End=828.95	_	_	_	0-2(169)
504-0	PKP036	504	504	0	è	è	_	_	_	_	_	linguistic	_	none	_	Begin=830.133	_	_	_	_
504-1	PKP036	504	504	1	impossibile	impossibile	_	_	_	_	_	linguistic	_	none	_	End=830.94	_	_	_	_
505-0	PKP033	505	505	0	mh	mh	_	_	_	_	_	linguistic	_	none	_	Begin=832.62	_	_	_	_
505-1	PKP033	505	505	1	infatti	infatti	_	_	_	_	_	linguistic	_	none	_	End=833.42	_	_	_	_
506-0	PKP037	506	506	0	l'	l'	_	_	_	_	_	linguistic	_	none	SpaceAfter=No	Begin=833.54	_	_	_	_
506-1	PKP037	506	506	1	avete:	avete	_	_	_	_	_	linguistic	_	none	_	_	4x1	_	_	_
506-2	PKP037	506	506	2	mai	mai	_	_	_	_	_	linguistic	_	none	_	_	_	_	_	_
506-3	PKP037	506	506	3	assaggiato?	assaggiato	_	_	_	_	_	linguistic	_	none	Intonation=Rising|PauseAfter=Yes	_	_	_	_	_
506-4	PKP037	506	506	4	{P}	{P}	_	_	_	_	_	shortpause	_	none	_	_	_	_	_	_
506-5	PKP037	506	506	5	quin[di	quindi	_	_	_	_	_	linguistic	_	none	_	_	_	_	_	3-6(170)
506-6	PKP037	506	506	6	lo	lo	_	_	_	_	_	linguistic	_	none	_	_	_	_	_	0-2(170)
506-7	PKP037	506	506	7	yo]gurt	yogurt	_	_	_	_	_	linguistic	_	none	_	_	_	_	_	0-2(170)
506-8	PKP037	506	506	8	alla	alla	_	_	_	_	_	linguistic	_	none	_	_	_	_	_	_
506-9	PKP037	506	506	9	soia?	soia	_	_	_	_	_	linguistic	_	none	Intonation=Rising	End=836.29	_	_	_	_
507-0	PKP033	507	507	0	[quel]	quel	_	_	_	_	_	linguistic	_	none	_	Begin=835.12|End=835.573	_	_	_	0-4(170)
508-0	PKP036	508	508	0	sì	sì	_	_	_	_	_	linguistic	_	none	_	Begin=836.37	_	_	_	_
508-1	PKP036	508	508	1	ma	ma	_	_	_	_	_	linguistic	_	none	_	_	_	_	_	_
508-2	PKP036	508	508	2	non	non	_	_	_	_	_	linguistic	_	none	_	_	_	_	_	_
508-3	PKP036	508	508	3	mi	mi	_	_	_	_	_	linguistic	_	none	_	_	_	_	_	_
508-4	PKP036	508	508	4	p[iace]	piace	_	_	_	_	_	linguistic	_	none	_	End=837.43	_	_	_	1-5(171)
509-0	PKP033	509	509	0	[io	io	_	_	_	_	_	linguistic	_	none	_	Begin=837.05	_	_	_	0-2(171)
509-1	PKP033	509	509	1	sì]	sì	_	_	_	_	_	linguistic	_	none	_	_	_	_	_	0-2(171)
509-2	PKP033	509	509	2	ma	ma	_	_	_	_	_	linguistic	_	none	_	_	_	_	_	_
509-3	PKP033	509	509	3	è	è	_	_	_	_	_	linguistic	_	none	_	_	_	_	_	_
509-4	PKP033	509	509	4	terribile	terribile	_	_	_	_	_	linguistic	_	none	_	End=838.17	_	_	_	_
510-0	PKP036	510	510	0	non	non	_	_	_	_	_	linguistic	_	none	_	Begin=838.15	_	_	_	_
510-1	PKP036	510	510	1	[ti	ti	_	_	_	_	_	linguistic	_	none	_	_	_	_	_	0-2(173)
510-2	PKP036	510	510	2	riempie]	riempie	_	_	_	_	_	linguistic	_	none	_	End=838.98	_	_	_	0-7(173)
511-0	PKP037	511	511	0	{ride}	{ride}	_	_	_	_	_	nonverbalbehavior	_	none	_	Begin=838.3|End=840.43	_	_	_	_
512-0	PKP033	512	512	0	[faccio	faccio	_	_	_	_	_	linguistic	_	none	_	Begin=838.83	_	_	_	0-6(173)
512-1	PKP033	512	512	1	una	una	_	_	_	_	_	linguistic	_	none	_	_	_	_	_	0-3(173)
512-2	PKP033	512	512	2	grossa	grossa	_	_	_	_	_	linguistic	_	none	_	_	_	_	_	0-6(173)
512-3	PKP033	512	512	3	fatica	fatica	_	_	_	_	_	linguistic	_	none	_	_	_	_	_	0-6(173)
512-4	PKP033	512	512	4	ad	ad	_	_	_	_	_	linguistic	_	none	_	_	_	_	_	0-2(173)
512-5	PKP033	512	512	5	abitu]armi	abituarmi	_	_	_	_	_	linguistic	_	none	_	_	_	_	_	0-5(173)
512-6	PKP033	512	512	6	alle	alle	_	_	_	_	_	linguistic	_	none	_	_	_	_	_	_
512-7	PKP033	512	512	7	cose	cose	_	_	_	_	_	linguistic	_	none	_	_	_	_	_	_
512-8	PKP033	512	512	8	di	di	_	_	_	_	_	linguistic	_	none	_	_	_	_	_	_
512-9	PKP033	512	512	9	soia	soia	_	_	_	_	_	linguistic	_	none	_	End=841.65	_	_	_	_
513-0	PKP036	513	513	0	sì	sì	_	_	_	_	_	linguistic	_	none	_	Begin=842.0|End=842.38	_	_	_	_
514-0	PKP033	514	514	0	ma	ma	_	_	_	_	_	linguistic	_	none	_	Begin=842.453	_	_	_	_
514-1	PKP033	514	514	1	non	non	_	_	_	_	_	linguistic	_	none	_	_	_	_	_	_
514-2	PKP033	514	514	2	ci	ci	_	_	_	_	_	linguistic	_	none	_	_	_	_	_	_
514-3	PKP033	514	514	3	sto	sto	_	_	_	_	_	linguistic	_	none	_	_	_	_	_	_
514-4	PKP033	514	514	4	neanche	neanche	_	_	_	_	_	linguistic	_	none	_	_	_	_	_	_
514-5	PKP033	514	514	5	provando	provando	_	_	_	_	_	linguistic	_	none	_	_	_	_	_	_
514-6	PKP033	514	514	6	eh	eh	_	_	_	_	_	linguistic	_	none	_	_	_	_	_	_
514-7	PKP033	514	514	7	in	in	_	_	_	_	_	linguistic	_	none	_	_	_	_	_	_
514-8	PKP033	514	514	8	realtà	realtà	_	_	_	_	_	linguistic	_	none	_	End=844.47	_	_	_	_
515-0	PKP036	515	515	0	ma	ma	_	_	_	_	_	linguistic	_	none	_	Begin=844.48	_	_	_	_
515-1	PKP036	515	515	1	io	io	_	_	_	_	_	linguistic	_	none	_	_	_	_	_	_
515-2	PKP036	515	515	2	le	le	_	_	_	_	_	linguistic	_	none	_	_	_	_	_	_
515-3	PKP036	515	515	3	ho	ho	_	_	_	_	_	linguistic	_	none	_	_	_	_	_	_
515-4	PKP036	515	515	4	provate	provate	_	_	_	_	_	linguistic	_	none	_	_	_	_	_	_
515-5	PKP036	515	515	5	ma	ma	_	_	_	_	_	linguistic	_	none	_	End=845.86	_	_	_	_
516-0	PKP036	516	516	0	[mi	mi	_	_	_	_	_	linguistic	_	none	_	Begin=847.37	_	_	_	0-2(174)
516-1	PKP036	516	516	1	piacciono]	piacciono	_	_	_	_	_	linguistic	_	none	_	_	_	_	_	0-9(174)
516-2	PKP036	516	516	2	troppo	troppo	_	_	_	_	_	linguistic	_	none	_	_	_	_	_	_
516-3	PKP036	516	516	3	i	i	_	_	_	_	_	linguistic	_	none	_	_	_	_	_	_
516-4	PKP036	516	516	4	formaggi	formaggi	_	_	_	_	_	linguistic	_	none	_	_	_	_	_	_
516-5	PKP036	516	516	5	poi	poi	_	_	_	_	_	linguistic	_	none	_	End=849.17	_	_	_	_
517-0	PKP033	517	517	0	[c(io)è	cioè	_	_	_	_	_	linguistic	_	none	_	Begin=847.373	_	_	1-3(0)	0-4(174)
517-1	PKP033	517	517	1	non]	non	_	_	_	_	_	linguistic	_	none	_	End=847.99	_	_	_	0-3(174)
518-0	PKP033	518	518	0	{ride}	{ride}	_	_	_	_	_	nonverbalbehavior	_	none	_	Begin=849.8|End=850.76	_	_	_	_
519-0	PKP036	519	519	0	però	però	_	_	_	_	_	linguistic	_	none	_	Begin=852.34|End=852.88	_	_	_	_
520-0	PKP037	520	520	0	beh	beh	_	_	_	_	_	linguistic	_	none	_	Begin=853.613	_	_	_	_
520-1	PKP037	520	520	1	prima	prima	_	_	_	_	_	linguistic	_	none	_	_	_	_	_	_
520-2	PKP037	520	520	2	o	o	_	_	_	_	_	linguistic	_	none	_	_	_	_	_	_
520-3	PKP037	520	520	3	poi	poi	_	_	_	_	_	linguistic	_	none	_	_	_	_	_	_
520-4	PKP037	520	520	4	fanno	fanno	_	_	_	_	_	linguistic	_	none	_	_	_	_	_	_
520-5	PKP037	520	520	5	anche	anche	_	_	_	_	_	linguistic	_	none	_	_	_	_	_	_
520-6	PKP037	520	520	6	il	il	_	_	_	_	_	linguistic	_	none	_	_	_	_	_	_
520-7	PKP037	520	520	7	latte:	latte	_	_	_	_	_	linguistic	_	none	_	_	4x1	_	_	_
520-8	PKP037	520	520	8	sintetico	sintetico	_	_	_	_	_	linguistic	_	none	_	End=855.92	_	_	_	_
521-0	PKP036	521	521	0	esatto	esatto	_	_	_	_	_	linguistic	_	none	_	Begin=856.76|End=857.4	_	_	_	_
522-0	PKP033	522	522	0	esatto	esatto	_	_	_	_	_	linguistic	_	none	_	Begin=856.847|End=857.487	_	_	_	_
523-0	PKP036	523	523	0	se	se	_	_	_	_	_	linguistic	_	none	_	Begin=857.693	_	_	_	_
523-1	PKP036	523	523	1	manco	manco	_	_	_	_	_	linguistic	_	none	_	_	_	_	_	_
523-2	PKP036	523	523	2	la	la	_	_	_	_	_	linguistic	_	none	_	_	_	_	_	_
523-3	PKP036	523	523	3	carne	carne	_	_	_	_	_	linguistic	_	none	_	_	_	_	_	_
523-4	PKP036	523	523	4	hanno	hanno	_	_	_	_	_	linguistic	_	none	_	_	_	_	_	_
523-5	PKP036	523	523	5	approvato	approvato	_	_	_	_	_	linguistic	_	none	_	End=859.547	_	_	_	_
524-0	PKP033	524	524	0	sì	sì	_	_	_	_	_	linguistic	_	none	_	Begin=859.68	_	_	_	_
524-1	PKP033	524	524	1	sì	sì	_	_	_	_	_	linguistic	_	none	_	End=860.28	_	_	_	_
525-0	PKP037	525	525	0	mah	mah	_	_	_	_	_	linguistic	_	none	_	Begin=860.5	_	_	_	_
525-1	PKP037	525	525	1	è	è	_	_	_	_	_	linguistic	_	none	_	_	_	_	_	_
525-2	PKP037	525	525	2	n:	n	_	_	_	_	_	linguistic	_	none	_	_	0x1	_	_	_
525-3	PKP037	525	525	3	non	non	_	_	_	_	_	linguistic	_	none	_	_	_	_	_	_
525-4	PKP037	525	525	4	è	è	_	_	_	_	_	linguistic	_	none	_	_	_	_	_	_
525-5	PKP037	525	525	5	che	che	_	_	_	_	_	linguistic	_	none	_	_	_	_	_	_
525-6	PKP037	525	525	6	la	la	_	_	_	_	_	linguistic	_	none	_	_	_	_	_	_
525-7	PKP037	525	525	7	devono	devono	_	_	_	_	_	linguistic	_	none	_	_	_	_	_	_
525-8	PKP037	525	525	8	approvare	approvare	_	_	_	_	_	linguistic	_	none	_	End=863.4	_	_	_	_
526-0	PKP037	526	526	0	c(io)è	cioè	_	_	_	_	_	linguistic	_	none	_	Begin=863.48	_	_	1-3(0)	_
526-1	PKP037	526	526	1	la	la	_	_	_	_	_	linguistic	_	none	_	_	_	_	_	_
526-2	PKP037	526	526	2	devono	devono	_	_	_	_	_	linguistic	_	none	_	_	_	_	_	_
526-3	PKP037	526	526	3	approvare	approvare	_	_	_	_	_	linguistic	_	none	_	_	_	_	_	_
526-4	PKP037	526	526	4	pe[rò]	però	_	_	_	_	_	linguistic	_	none	_	End=864.407	_	_	_	2-4(?)
527-0	PKP036	527	527	0	mh	mh	_	_	_	_	_	linguistic	_	none	_	Begin=864.533|End=864.72	_	_	_	_
528-0	PKP037	528	528	0	un	un	_	_	_	_	_	linguistic	_	none	_	Begin=864.81	_	_	_	_
528-1	PKP037	528	528	1	giorno	giorno	_	_	_	_	_	linguistic	_	none	_	_	_	_	_	_
528-2	PKP037	528	528	2	in	in	_	_	_	_	_	linguistic	_	none	_	_	_	_	_	_
528-3	PKP037	528	528	3	cui	cui	_	_	_	_	_	linguistic	_	none	_	_	_	_	_	_
528-4	PKP037	528	528	4	c'	c'	_	_	_	_	_	linguistic	_	none	SpaceAfter=No	_	_	_	_	_
528-5	PKP037	528	528	5	è	è	_	_	_	_	_	linguistic	_	none	_	_	_	_	_	_
528-6	PKP037	528	528	6	l'	l'	_	_	_	_	_	linguistic	_	none	SpaceAfter=No	_	_	_	_	_
528-7	PKP037	528	528	7	azienda	azienda	_	_	_	_	_	linguistic	_	none	_	_	_	_	_	_
528-8	PKP037	528	528	8	che	che	_	_	_	_	_	linguistic	_	none	_	_	_	_	_	_
528-9	PKP037	528	528	9	dice	dice	_	_	_	_	_	linguistic	_	none	_	_	_	_	_	_
528-10	PKP037	528	528	10	sono	sono	_	_	_	_	_	linguistic	_	none	_	_	_	_	_	_
528-11	PKP037	528	528	11	pronta	pronta	_	_	_	_	_	linguistic	_	none	_	_	_	_	_	_
528-12	PKP037	528	528	12	a	a	_	_	_	_	_	linguistic	_	none	_	_	_	_	_	_
528-13	PKP037	528	528	13	andare	andare	_	_	_	_	_	linguistic	_	none	_	_	_	_	_	_
528-14	PKP037	528	528	14	sul	sul	_	_	_	_	_	linguistic	_	none	_	_	_	_	_	_
528-15	PKP037	528	528	15	mercato	mercato	_	_	_	_	_	linguistic	_	none	_	_	_	_	_	_
528-16	PKP037	528	528	16	e	e	_	_	_	_	_	linguistic	_	none	_	_	_	_	_	_
528-17	PKP037	528	528	17	fa	fa	_	_	_	_	_	linguistic	_	none	_	_	_	_	_	_
528-18	PKP037	528	528	18	domanda:	domanda	_	_	_	_	_	linguistic	_	none	_	_	6x1	_	_	_
528-19	PKP037	528	528	19	all'	all'	_	_	_	_	_	linguistic	_	none	SpaceAfter=No	_	_	_	_	_
528-20	PKP037	528	528	20	epsa	epsa	_	_	_	_	_	linguistic	_	none	_	End=869.29	_	_	_	_
529-0	PKP036	529	529	0	l'	l'	_	_	_	_	_	linguistic	_	none	SpaceAfter=No	Begin=870.32	_	_	_	_
529-1	PKP036	529	529	1	eps[a]	epsa	_	_	_	_	_	linguistic	_	none	_	End=870.94	_	_	_	2-4(176)
530-0	PKP037	530	530	0	[i	i	_	_	_	_	_	linguistic	_	none	_	Begin=870.58	_	_	_	0-1(?)
530-1	PKP037	530	530	1	epsa	epsa	_	_	_	_	_	linguistic	_	none	PauseAfter=Yes	_	_	_	_	0-4(?)
530-2	PKP037	530	530	2	{P}	{P}	_	_	_	_	_	shortpause	_	none	_	_	_	_	_	0-3(?)
530-3	PKP037	530	530	3	(chi	chi	_	_	_	_	_	linguistic	_	none	_	_	_	_	0-3(0)	0-3(?)
530-4	PKP037	530	530	4	è)	è	_	_	_	_	_	linguistic	_	none	_	_	_	_	0-1(0)	0-1(?)
530-5	PKP037	530	530	5	l'	l'	_	_	_	_	_	linguistic	_	none	SpaceAfter=No	_	_	_	_	0-2(?)
530-6	PKP037	530	530	6	epsa]	epsa	_	_	_	_	_	linguistic	_	none	_	End=872.09	_	_	_	0-4(?)
531-0	PKP033	531	531	0	[c(io)è	cioè	_	_	_	_	_	linguistic	_	none	_	Begin=870.96	_	_	1-3(0)	0-4(177)
531-1	PKP033	531	531	1	qundi	qundi	_	_	_	_	_	linguistic	_	none	_	_	_	_	_	0-5(177)
531-2	PKP033	531	531	2	questo	questo	_	_	_	_	_	linguistic	_	none	_	_	_	_	_	0-6(177)
531-3	PKP033	531	531	3	passag]gio	passaggio	_	_	_	_	_	linguistic	_	none	_	_	_	_	_	0-6(177)
531-4	PKP033	531	531	4	non	non	_	_	_	_	_	linguistic	_	none	_	_	_	_	_	_
531-5	PKP033	531	531	5	c'	c'	_	_	_	_	_	linguistic	_	none	SpaceAfter=No	_	_	_	_	_
531-6	PKP033	531	531	6	è	è	_	_	_	_	_	linguistic	_	none	_	_	_	_	_	_
531-7	PKP033	531	531	7	stato	stato	_	_	_	_	_	linguistic	_	none	_	_	_	_	_	_
531-8	PKP033	531	531	8	diciamo	diciamo	_	_	_	_	_	linguistic	_	none	_	End=873.45	_	_	_	_
532-0	PKP037	532	532	0	[no	no	_	_	_	_	_	linguistic	_	none	_	Begin=873.4	_	_	_	0-2(179)
532-1	PKP037	532	532	1	anco]ra	ancora	_	_	_	_	_	linguistic	_	none	_	_	_	_	_	0-4(179)
532-2	PKP037	532	532	2	no	no	_	_	_	_	_	linguistic	_	none	_	End=874.12	_	_	_	_
533-0	PKP036	533	533	0	[no]	no	_	_	_	_	_	linguistic	_	none	_	Begin=873.56|End=873.92	_	_	_	0-2(179)
534-0	PKP033	534	534	0	sì	sì	_	_	_	_	_	linguistic	_	none	_	Begin=875.09	_	_	_	_
534-1	PKP033	534	534	1	sì	sì	_	_	_	_	_	linguistic	_	none	_	End=875.86	_	_	_	_
535-0	PKP033	535	535	0	non	non	_	_	_	_	_	linguistic	_	none	_	Begin=876.46	_	_	_	_
535-1	PKP033	535	535	1	ci	ci	_	_	_	_	_	linguistic	_	none	_	_	_	_	_	_
535-2	PKP033	535	535	2	guadagnerebb~	guadagnerebb~	_	_	_	_	_	linguistic	_	none	Interrupted=Yes	_	_	_	_	_
535-3	PKP033	535	535	3	c(io)è	cioè	_	_	_	_	_	linguistic	_	none	_	_	_	_	1-3(0)	_
535-4	PKP033	535	535	4	pensano	pensano	_	_	_	_	_	linguistic	_	none	_	_	_	_	_	_
535-5	PKP033	535	535	5	di	di	_	_	_	_	_	linguistic	_	none	_	_	_	_	_	_
535-6	PKP033	535	535	6	non	non	_	_	_	_	_	linguistic	_	none	_	_	_	_	_	_
535-7	PKP033	535	535	7	guadagnarci	guadagnarci	_	_	_	_	_	linguistic	_	none	_	_	_	_	_	_
535-8	PKP033	535	535	8	ancora	ancora	_	_	_	_	_	linguistic	_	none	_	_	_	_	_	_
535-9	PKP033	535	535	9	forse	forse	_	_	_	_	_	linguistic	_	none	_	End=880.09	_	_	_	_
536-0	PKP036	536	536	0	boh	boh	_	_	_	_	_	linguistic	_	none	_	Begin=881.1|End=881.54	_	_	_	_
537-0	PKP037	537	537	0	comunque	comunque	_	_	_	_	_	linguistic	_	none	_	Begin=882.86	_	_	_	_
537-1	PKP037	537	537	1	dopo	dopo	_	_	_	_	_	linguistic	_	none	_	_	_	_	_	_
537-2	PKP037	537	537	2	tokyo	tokyo	_	_	_	_	_	linguistic	_	none	_	End=884.007	_	_	_	_
538-0	PKP033	538	538	0	ah	ah	_	_	_	_	_	linguistic	_	none	_	Begin=884.3	_	_	_	_
538-1	PKP033	538	538	1	sì	sì	_	_	_	_	_	linguistic	_	none	_	End=884.773	_	_	_	_
539-0	PKP033	539	539	0	ma	ma	_	_	_	_	_	linguistic	_	none	_	Begin=884.9	_	_	_	_
539-1	PKP033	539	539	1	a	a	_	_	_	_	_	linguistic	_	none	_	_	_	_	_	_
539-2	PKP033	539	539	2	tokyo	tokyo	_	_	_	_	_	linguistic	_	none	_	_	_	_	_	_
539-3	PKP033	539	539	3	[cosa	cosa	_	_	_	_	_	linguistic	_	none	_	_	_	_	_	0-4(180)
539-4	PKP033	539	539	4	si	si	_	_	_	_	_	linguistic	_	none	_	_	_	_	_	0-2(180)
539-5	PKP033	539	539	5	vede]	vede	_	_	_	_	_	linguistic	_	none	_	End=886.07	_	_	_	0-4(180)
540-0	PKP036	540	540	0	[xxx]	xxx	_	_	_	_	_	unknown	_	none	Syllables=3	Begin=885.39|End=886.08	_	_	_	0-3(180)
541-0	PKP036	541	541	0	a	a	_	_	_	_	_	linguistic	_	none	_	Begin=887.087	_	_	_	_
541-1	PKP036	541	541	1	tokyo:	tokyo	_	_	_	_	_	linguistic	_	none	_	_	4x1	_	_	_
541-2	PKP036	541	541	2	è	è	_	_	_	_	_	linguistic	_	none	_	_	_	_	_	_
541-3	PKP036	541	541	3	tipo:	tipo	_	_	_	_	_	linguistic	_	none	_	End=889.02	3x1	_	_	_
542-0	PKP037	542	542	0	son	son	_	_	_	_	_	linguistic	_	none	_	Begin=889.68	_	_	_	_
542-1	PKP037	542	542	1	cinque	cinque	_	_	_	_	_	linguistic	_	none	_	_	_	_	_	_
542-2	PKP037	542	542	2	città	città	_	_	_	_	_	linguistic	_	none	_	_	_	_	_	_
542-3	PKP037	542	542	3	[insieme]	insieme	_	_	_	_	_	linguistic	_	none	_	End=891.04	_	_	_	0-7(181)
543-0	PKP036	543	543	0	[new	new	_	_	_	_	_	linguistic	_	none	_	Begin=890.42	_	_	_	0-3(181)
543-1	PKP036	543	543	1	york]	york	_	_	_	_	_	linguistic	_	none	_	_	_	_	_	0-4(181)
543-2	PKP036	543	543	2	boh	boh	_	_	_	_	_	linguistic	_	none	_	End=891.44	_	_	_	_
544-0	PKP033	544	544	0	ah	ah	_	_	_	_	_	linguistic	_	none	PauseAfter=Yes	Begin=891.713	_	_	_	_
544-1	PKP033	544	544	1	{P}	{P}	_	_	_	_	_	shortpause	_	none	_	_	_	_	_	_
544-2	PKP033	544	544	2	no	no	_	_	_	_	_	linguistic	_	none	_	_	_	_	_	_
544-3	PKP033	544	544	3	ma	ma	_	_	_	_	_	linguistic	_	none	_	_	_	_	_	_
544-4	PKP033	544	544	4	a	a	_	_	_	_	_	linguistic	_	none	_	_	_	_	_	_
544-5	PKP033	544	544	5	new	new	_	_	_	_	_	linguistic	_	none	_	_	_	_	_	_
544-6	PKP033	544	544	6	york	york	_	_	_	_	_	linguistic	_	none	_	_	_	_	_	_
544-7	PKP033	544	544	7	sai	sai	_	_	_	_	_	linguistic	_	none	_	_	_	_	_	_
544-8	PKP033	544	544	8	che:	che	_	_	_	_	_	linguistic	_	none	_	End=893.633	2x1	_	_	_
545-0	PKP033	545	545	0	cioè	cioè	_	_	_	_	_	linguistic	_	none	_	Begin=894.813	_	_	_	_
545-1	PKP033	545	545	1	io	io	_	_	_	_	_	linguistic	_	none	PauseAfter=Yes	_	_	_	_	_
545-2	PKP033	545	545	2	{P}	{P}	_	_	_	_	_	shortpause	_	none	_	_	_	_	_	_
545-3	PKP033	545	545	3	voi	voi	_	_	_	_	_	linguistic	_	none	_	_	_	_	_	_
545-4	PKP033	545	545	4	ci	ci	_	_	_	_	_	linguistic	_	none	_	_	_	_	_	_
545-5	PKP033	545	545	5	siete	siete	_	_	_	_	_	linguistic	_	none	_	_	_	_	_	_
545-6	PKP033	545	545	6	stati	stati	_	_	_	_	_	linguistic	_	none	_	End=896.26	_	_	_	_
546-0	PKP036	546	546	0	[no	no	_	_	_	_	_	linguistic	_	none	_	Begin=896.52	_	_	_	0-2(182)
546-1	PKP036	546	546	1	no]	no	_	_	_	_	_	linguistic	_	none	_	End=897.12	_	_	_	0-2(182)
547-0	PKP037	547	547	0	[mhmh]	mhmh	_	_	_	_	_	linguistic	_	none	_	Begin=896.53|End=897.12	_	_	_	0-4(182)
548-0	PKP033	548	548	0	c(io)è	cioè	_	_	_	_	_	linguistic	_	none	_	Begin=898.247	_	_	1-3(0)	_
548-1	PKP033	548	548	1	secondo	secondo	_	_	_	_	_	linguistic	_	none	_	_	_	_	_	_
548-2	PKP033	548	548	2	me	me	_	_	_	_	_	linguistic	_	none	_	_	_	_	_	_
548-3	PKP033	548	548	3	dopo	dopo	_	_	_	_	_	linguistic	_	none	_	_	_	_	_	_
548-4	PKP033	548	548	4	qualche	qualche	_	_	_	_	_	linguistic	_	none	_	_	_	_	_	_
548-5	PKP033	548	548	5	giorno:	giorno	_	_	_	_	_	linguistic	_	none	_	End=900.67	5x1	_	_	_
549-0	PKP036	549	549	0	[non	non	_	_	_	_	_	linguistic	_	none	_	Begin=900.71	_	_	_	0-3(183)
549-1	PKP036	549	549	1	c'	c'	_	_	_	_	_	linguistic	_	none	SpaceAfter=No	_	_	_	_	0-2(183)
549-2	PKP036	549	549	2	è	è	_	_	_	_	_	linguistic	_	none	_	_	_	_	_	0-1(183)
549-3	PKP036	549	549	3	più	più	_	_	_	_	_	linguistic	_	none	_	_	_	_	_	0-3(183)
549-4	PKP036	549	549	4	niente]	niente	_	_	_	_	_	linguistic	_	none	_	End=901.61	_	_	_	0-6(183)
550-0	PKP033	550	550	0	[c(io)è	cioè	_	_	_	_	_	linguistic	_	none	_	Begin=900.73	_	_	1-3(0)	0-4(183)
550-1	PKP033	550	550	1	o	o	_	_	_	_	_	linguistic	_	none	_	_	_	_	_	0-1(183)
550-2	PKP033	550	550	2	uno	uno	_	_	_	_	_	linguistic	_	none	_	_	_	_	_	0-3(183)
550-3	PKP033	550	550	3	fa	fa	_	_	_	_	_	linguistic	_	none	_	_	_	_	_	0-2(183)
550-4	PKP033	550	550	4	ti]po	tipo	_	_	_	_	_	linguistic	_	none	_	_	_	_	_	0-2(183)
550-5	PKP033	550	550	5	vita:	vita	_	_	_	_	_	linguistic	_	none	_	_	3x1	_	_	_
550-6	PKP033	550	550	6	serale:	serale	_	_	_	_	_	linguistic	_	none	_	_	5x1	_	_	_
550-7	PKP033	550	550	7	che	che	_	_	_	_	_	linguistic	_	none	_	_	_	_	_	_
550-8	PKP033	550	550	8	va	va	_	_	_	_	_	linguistic	_	none	_	_	_	_	_	_
550-9	PKP033	550	550	9	nei	nei	_	_	_	_	_	linguistic	_	none	_	_	_	_	_	_
550-10	PKP033	550	550	10	locali	locali	_	_	_	_	_	linguistic	_	none	_	_	_	_	_	_
550-11	PKP033	550	550	11	a	a	_	_	_	_	_	linguistic	_	none	_	_	_	_	_	_
550-12	PKP033	550	550	12	veder	veder	_	_	_	_	_	linguistic	_	none	_	_	_	_	_	_
550-13	PKP033	550	550	13	tipo	tipo	_	_	_	_	_	linguistic	_	none	_	_	_	_	_	_
550-14	PKP033	550	550	14	gli	gli	_	_	_	_	_	linguistic	_	none	_	_	_	_	_	_
550-15	PKP033	550	550	15	spettacoli	spettacoli	_	_	_	_	_	linguistic	_	none	_	_	_	_	_	_
550-16	PKP033	550	550	16	quelli	quelli	_	_	_	_	_	linguistic	_	none	_	_	_	_	_	_
550-17	PKP033	550	550	17	così	così	_	_	_	_	_	linguistic	_	none	_	_	_	_	_	_
550-18	PKP033	550	550	18	o	o	_	_	_	_	_	linguistic	_	none	_	_	_	_	_	_
550-19	PKP033	550	550	19	va	va	_	_	_	_	_	linguistic	_	none	_	_	_	_	_	_
550-20	PKP033	550	550	20	tipo	tipo	_	_	_	_	_	linguistic	_	none	_	_	_	_	_	_
550-21	PKP033	550	550	21	alle	alle	_	_	_	_	_	linguistic	_	none	_	_	_	_	_	_
550-22	PKP033	550	550	22	partite	partite	_	_	_	_	_	linguistic	_	none	_	End=907.26	_	_	_	_
551-0	PKP033	551	551	0	però:	però	_	_	_	_	_	linguistic	_	none	_	Begin=907.28	3x1	_	_	_
551-1	PKP033	551	551	1	non	non	_	_	_	_	_	linguistic	_	none	_	_	_	_	_	_
551-2	PKP033	551	551	2	è	è	_	_	_	_	_	linguistic	_	none	_	_	_	_	_	_
551-3	PKP033	551	551	3	che	che	_	_	_	_	_	linguistic	_	none	_	_	_	_	_	_
551-4	PKP033	551	551	4	ci	ci	_	_	_	_	_	linguistic	_	none	_	_	_	_	_	_
551-5	PKP033	551	551	5	siano	siano	_	_	_	_	_	linguistic	_	none	_	_	_	_	_	_
551-6	PKP033	551	551	6	delle	delle	_	_	_	_	_	linguistic	_	none	_	_	_	_	_	_
551-7	PKP033	551	551	7	cose	cose	_	_	_	_	_	linguistic	_	none	_	_	_	_	_	_
551-8	PKP033	551	551	8	da	da	_	_	_	_	_	linguistic	_	none	_	_	_	_	_	_
551-9	PKP033	551	551	9	visitare	visitare	_	_	_	_	_	linguistic	_	none	_	_	_	_	_	_
551-10	PKP033	551	551	10	più	più	_	_	_	_	_	linguistic	_	none	_	_	_	_	_	_
551-11	PKP033	551	551	11	di	di	_	_	_	_	_	linguistic	_	none	_	_	_	_	_	_
551-12	PKP033	551	551	12	tanto	tanto	_	_	_	_	_	linguistic	_	none	_	End=910.49	_	_	_	_
552-0	PKP036	552	552	0	mhmh	mhmh	_	_	_	_	_	linguistic	_	none	_	Begin=910.62|End=911.16	_	_	_	_
553-0	PKP033	553	553	0	invece	invece	_	_	_	_	_	linguistic	_	none	_	Begin=912.25	_	_	_	_
553-1	PKP033	553	553	1	tokyo	tokyo	_	_	_	_	_	linguistic	_	none	_	_	_	_	_	_
553-2	PKP033	553	553	2	sì?	sì	_	_	_	_	_	linguistic	_	none	Intonation=Rising	End=913.19	_	_	_	_
554-0	PKP037	554	554	0	secondo	secondo	_	_	_	_	_	linguistic	_	none	_	Begin=914.01	_	_	_	_
554-1	PKP037	554	554	1	me	me	_	_	_	_	_	linguistic	_	none	_	_	_	_	_	_
554-2	PKP037	554	554	2	è	è	_	_	_	_	_	linguistic	_	none	_	_	_	_	_	_
554-3	PKP037	554	554	3	ug[uale]	uguale	_	_	_	_	_	linguistic	_	none	_	_	_	_	_	2-6(184)
554-4	PKP037	554	554	4	forse	forse	_	_	_	_	_	linguistic	_	none	_	End=915.67	_	_	_	_
555-0	PKP036	555	555	0	[mh]	mh	_	_	_	_	_	linguistic	_	none	_	Begin=914.6|End=914.96	_	_	_	0-2(184)
556-0	PKP036	556	556	0	no	no	_	_	_	_	_	linguistic	_	none	_	Begin=916.29	_	_	_	_
556-1	PKP036	556	556	1	per	per	_	_	_	_	_	linguistic	_	none	_	_	_	_	_	_
556-2	PKP036	556	556	2	me	me	_	_	_	_	_	linguistic	_	none	_	_	_	_	_	_
556-3	PKP036	556	556	3	è	è	_	_	_	_	_	linguistic	_	none	_	_	_	_	_	_
556-4	PKP036	556	556	4	la	la	_	_	_	_	_	linguistic	_	none	_	_	_	_	_	_
556-5	PKP036	556	556	5	prima	prima	_	_	_	_	_	linguistic	_	none	_	_	_	_	_	_
556-6	PKP036	556	556	6	volta	volta	_	_	_	_	_	linguistic	_	none	PauseAfter=Yes	_	_	_	_	_
556-7	PKP036	556	556	7	{P}	{P}	_	_	_	_	_	shortpause	_	none	_	_	_	_	_	_
556-8	PKP036	556	556	8	(xx)	xx	_	_	_	_	_	unknown	_	none	PauseAfter=Yes|Syllables=2	_	_	_	0-2(0)	_
556-9	PKP036	556	556	9	{P}	{P}	_	_	_	_	_	shortpause	_	none	_	_	_	_	_	_
556-10	PKP036	556	556	10	di	di	_	_	_	_	_	linguistic	_	none	_	_	_	_	_	_
556-11	PKP036	556	556	11	queste	queste	_	_	_	_	_	linguistic	_	none	_	_	_	_	_	_
556-12	PKP036	556	556	12	città	città	_	_	_	_	_	linguistic	_	none	_	_	_	_	_	_
556-13	PKP036	556	556	13	così	così	_	_	_	_	_	linguistic	_	none	_	End=921.08	_	_	_	_
557-0	PKP033	557	557	0	mh	mh	_	_	_	_	_	linguistic	_	none	_	Begin=921.09|End=921.52	_	_	_	_
558-0	PKP036	558	558	0	coi	coi	_	_	_	_	_	linguistic	_	none	_	Begin=921.633	_	_	_	_
558-1	PKP036	558	558	1	palazzi:	palazzi	_	_	_	_	_	linguistic	_	none	_	_	6x1	_	_	_
558-2	PKP036	558	558	2	e	e	_	_	_	_	_	linguistic	_	none	_	_	_	_	_	_
558-3	PKP036	558	558	3	cose	cose	_	_	_	_	_	linguistic	_	none	_	End=923.07	_	_	_	_
559-0	PKP036	559	559	0	quindi	quindi	_	_	_	_	_	linguistic	_	none	_	Begin=923.6	_	_	_	_
559-1	PKP036	559	559	1	ero	ero	_	_	_	_	_	linguistic	_	none	_	_	_	_	_	_
559-2	PKP036	559	559	2	tipo	tipo	_	_	_	_	_	linguistic	_	none	_	_	_	_	_	_
559-3	PKP036	559	559	3	così	così	_	_	_	_	_	linguistic	_	none	_	_	_	_	_	_
559-4	PKP036	559	559	4	tutto	tutto	_	_	_	_	_	linguistic	_	none	_	_	_	_	_	_
559-5	PKP036	559	559	5	il	il	_	_	_	_	_	linguistic	_	none	_	_	_	_	_	_
559-6	PKP036	559	559	6	tempo	tempo	_	_	_	_	_	linguistic	_	none	_	End=925.3	_	_	_	_
560-0	PKP037	560	560	0	{ride}	{ride}	_	_	_	_	_	nonverbalbehavior	_	none	_	Begin=925.3|End=926.09	_	_	_	_
561-0	PKP036	561	561	0	però	però	_	_	_	_	_	linguistic	_	none	_	Begin=926.52	_	_	_	_
561-1	PKP036	561	561	1	sì	sì	_	_	_	_	_	linguistic	_	none	_	_	_	_	_	_
561-2	PKP036	561	561	2	da	da	_	_	_	_	_	linguistic	_	none	_	_	_	_	_	_
561-3	PKP036	561	561	3	visitare	visitare	_	_	_	_	_	linguistic	_	none	_	_	_	_	_	_
561-4	PKP036	561	561	4	proprio	proprio	_	_	_	_	_	linguistic	_	none	PauseAfter=Yes	_	_	_	_	_
561-5	PKP036	561	561	5	{P}	{P}	_	_	_	_	_	shortpause	_	none	_	_	_	_	_	_
561-6	PKP036	561	561	6	tipo	tipo	_	_	_	_	_	linguistic	_	none	_	_	_	_	_	_
561-7	PKP036	561	561	7	di	di	_	_	_	_	_	linguistic	_	none	_	_	_	_	_	_
561-8	PKP036	561	561	8	culturale	culturale	_	_	_	_	_	linguistic	_	none	_	_	_	_	_	_
561-9	PKP036	561	561	9	o	o	_	_	_	_	_	linguistic	_	none	_	_	_	_	_	_
561-10	PKP036	561	561	10	cose	cose	_	_	_	_	_	linguistic	_	none	_	_	_	_	_	_
561-11	PKP036	561	561	11	mh	mh	_	_	_	_	_	linguistic	_	none	_	End=930.907	_	_	_	_
562-0	PKP036	562	562	0	non	non	_	_	_	_	_	linguistic	_	none	_	Begin=931.84	_	_	_	_
562-1	PKP036	562	562	1	tantissimo	tantissimo	_	_	_	_	_	linguistic	_	none	_	End=932.93	_	_	_	_
563-0	PKP036	563	563	0	puoi	puoi	_	_	_	_	_	linguistic	_	none	_	Begin=933.475	_	_	_	_
563-1	PKP036	563	563	1	salire	salire	_	_	_	_	_	linguistic	_	none	_	_	_	_	_	_
563-2	PKP036	563	563	2	sulle	sulle	_	_	_	_	_	linguistic	_	none	_	_	_	_	_	_
563-3	PKP036	563	563	3	torri:	torri	_	_	_	_	_	linguistic	_	none	_	_	4x1	_	_	_
563-4	PKP036	563	563	4	e	e	_	_	_	_	_	linguistic	_	none	_	_	_	_	_	_
563-5	PKP036	563	563	5	vedere:	vedere	_	_	_	_	_	linguistic	_	none	_	_	5x1	_	_	_
563-6	PKP036	563	563	6	la	la	_	_	_	_	_	linguistic	_	none	_	_	_	_	_	_
563-7	PKP036	563	563	7	vista	vista	_	_	_	_	_	linguistic	_	none	_	_	_	_	_	_
563-8	PKP036	563	563	8	dall'	dall'	_	_	_	_	_	linguistic	_	none	SpaceAfter=No	_	_	_	_	_
563-9	PKP036	563	563	9	alto	alto	_	_	_	_	_	linguistic	_	none	_	_	_	_	_	_
563-10	PKP036	563	563	10	ste	ste	_	_	_	_	_	linguistic	_	none	_	_	_	_	_	_
563-11	PKP036	563	563	11	cose	cose	_	_	_	_	_	linguistic	_	none	_	_	_	_	_	_
563-12	PKP036	563	563	12	qua	qua	_	_	_	_	_	linguistic	_	none	_	End=937.3	_	_	_	_
564-0	PKP037	564	564	0	abbiamo	abbiamo	_	_	_	_	_	linguistic	_	none	_	Begin=938.65	_	_	_	_
564-1	PKP037	564	564	1	fatto	fatto	_	_	_	_	_	linguistic	_	none	_	_	_	_	_	_
564-2	PKP037	564	564	2	un	un	_	_	_	_	_	linguistic	_	none	_	_	_	_	_	_
564-3	PKP037	564	564	3	giro	giro	_	_	_	_	_	linguistic	_	none	_	_	_	_	_	_
564-4	PKP037	564	564	4	un	un	_	_	_	_	_	linguistic	_	none	_	_	_	_	_	_
564-5	PKP037	564	564	5	po:'	po'	_	_	_	_	_	linguistic	_	none	PauseAfter=Yes	_	1x1	_	_	_
564-6	PKP037	564	564	6	{P}	{P}	_	_	_	_	_	shortpause	_	none	_	_	_	_	_	_
564-7	PKP037	564	564	7	contemporaneo	contemporaneo	_	_	_	_	_	linguistic	_	none	_	_	_	_	_	_
564-8	PKP037	564	564	8	più	più	_	_	_	_	_	linguistic	_	none	_	_	_	_	_	_
564-9	PKP037	564	564	9	[che	che	_	_	_	_	_	linguistic	_	none	_	_	_	_	_	0-3(185)
564-10	PKP037	564	564	10	tradizionale]	tradizionale	_	_	_	_	_	linguistic	_	none	_	_	_	_	_	0-12(185)
564-11	PKP037	564	564	11	{ride}	{ride}	_	_	_	_	_	nonverbalbehavior	_	none	_	End=943.62	_	_	_	_
565-0	PKP036	565	565	0	[(poi)	poi	_	_	_	_	_	linguistic	_	none	_	Begin=942.066	_	_	0-3(0)	_
565-1	PKP036	565	565	1	che	che	_	_	_	_	_	linguistic	_	none	_	_	_	_	_	_
565-2	PKP036	565	565	2	abbiamo	abbiamo	_	_	_	_	_	linguistic	_	none	_	_	_	_	_	_
565-3	PKP036	565	565	3	fatto	fatto	_	_	_	_	_	linguistic	_	none	_	End=943.226	_	_	_	_
566-0	PKP037	566	566	0	(ap)parte	apparte	_	_	_	_	_	linguistic	_	none	_	Begin=943.73	_	_	0-2(0)	_
566-1	PKP037	566	566	1	che	che	_	_	_	_	_	linguistic	_	none	_	_	_	_	_	_
566-2	PKP037	566	566	2	tokyo	tokyo	_	_	_	_	_	linguistic	_	none	PauseAfter=Yes	_	_	_	_	_
566-3	PKP037	566	566	3	{P}	{P}	_	_	_	_	_	shortpause	_	none	_	_	_	_	_	_
566-4	PKP037	566	566	4	mi	mi	_	_	_	_	_	linguistic	_	none	_	_	_	_	_	_
566-5	PKP037	566	566	5	sa	sa	_	_	_	_	_	linguistic	_	none	_	_	_	_	_	_
566-6	PKP037	566	566	6	che	che	_	_	_	_	_	linguistic	_	none	_	_	_	_	_	_
566-7	PKP037	566	566	7	l'	l'	_	_	_	_	_	linguistic	_	none	SpaceAfter=No	_	_	_	_	_
566-8	PKP037	566	566	8	hanno:	hanno	_	_	_	_	_	linguistic	_	none	_	End=946.25	4x1	_	_	_
567-0	PKP036	567	567	0	vabbè	vabbè	_	_	_	_	_	linguistic	_	none	_	Begin=946.34	_	_	_	_
567-1	PKP036	567	567	1	[è	è	_	_	_	_	_	linguistic	_	none	_	_	_	_	_	0-1(?)
567-2	PKP036	567	567	2	tutto	tutto	_	_	_	_	_	linguistic	_	none	_	_	_	_	_	0-5(?)
567-3	PKP036	567	567	3	nuovo]	nuovo	_	_	_	_	_	linguistic	_	none	_	End=947.46	_	_	_	0-5(?)
568-0	PKP037	568	568	0	[beh]	beh	_	_	_	_	_	linguistic	_	none	_	Begin=946.58|End=947.04	_	_	_	0-3(186)
569-0	PKP037	569	569	0	[è	è	_	_	_	_	_	linguistic	_	none	_	Begin=947.22	_	_	_	0-1(187)
569-1	PKP037	569	569	1	andata]	andata	_	_	_	_	_	linguistic	_	none	_	_	_	_	_	0-6(187)
569-2	PKP037	569	569	2	tutta	tutta	_	_	_	_	_	linguistic	_	none	_	_	_	_	_	_
569-3	PKP037	569	569	3	a	a	_	_	_	_	_	linguistic	_	none	_	_	_	_	_	_
569-4	PKP037	569	569	4	fuoco:	fuoco	_	_	_	_	_	linguistic	_	none	_	_	4x1	_	_	_
569-5	PKP037	569	569	5	penso	penso	_	_	_	_	_	linguistic	_	none	_	_	_	_	_	_
569-6	PKP037	569	569	6	durante	durante	_	_	_	_	_	linguistic	_	none	_	_	_	_	_	_
569-7	PKP037	569	569	7	la	la	_	_	_	_	_	linguistic	_	none	_	_	_	_	_	_
569-8	PKP037	569	569	8	seconda	seconda	_	_	_	_	_	linguistic	_	none	_	_	_	_	_	_
569-9	PKP037	569	569	9	guerra	guerra	_	_	_	_	_	linguistic	_	none	_	_	_	_	_	_
569-10	PKP037	569	569	10	mondiale	mondiale	_	_	_	_	_	linguistic	_	none	_	End=950.03	_	_	_	_
570-0	PKP037	570	570	0	andata	andata	_	_	_	_	_	linguistic	_	none	PauseAfter=Yes	Begin=950.41	_	_	_	_
570-1	PKP037	570	570	1	{P}	{P}	_	_	_	_	_	shortpause	_	none	_	_	_	_	_	_
570-2	PKP037	570	570	2	[nel	nel	_	_	_	_	_	linguistic	_	none	_	_	_	_	_	_
570-3	PKP037	570	570	3	senso	senso	_	_	_	_	_	linguistic	_	none	PauseAfter=Yes	_	_	_	_	_
570-4	PKP037	570	570	4	{P}	{P}	_	_	_	_	_	shortpause	_	none	_	_	_	_	_	_
570-5	PKP037	570	570	5	l'	l'	_	_	_	_	_	linguistic	_	none	SpaceAfter=No	_	_	_	_	_
570-6	PKP037	570	570	6	hanno:	hanno	_	_	_	_	_	linguistic	_	none	_	_	4x1	_	_	_
570-7	PKP037	570	570	7	bombardata	bombardata	_	_	_	_	_	linguistic	_	none	_	End=952.95	_	_	_	_
571-0	PKP033	571	571	0	[ah	ah	_	_	_	_	_	linguistic	_	none	_	Begin=950.92	_	_	_	0-2(188)
571-1	PKP033	571	571	1	io	io	_	_	_	_	_	linguistic	_	none	_	_	_	_	_	0-2(188)
571-2	PKP033	571	571	2	non	non	_	_	_	_	_	linguistic	_	none	_	_	_	_	_	0-3(188)
571-3	PKP033	571	571	3	so	so	_	_	_	_	_	linguistic	_	none	_	_	_	_	_	0-2(188)
571-4	PKP033	571	571	4	niente	niente	_	_	_	_	_	linguistic	_	none	_	_	_	_	_	0-6(188)
571-5	PKP033	571	571	5	su	su	_	_	_	_	_	linguistic	_	none	_	_	_	_	_	0-2(188)
571-6	PKP033	571	571	6	que]l	quel	_	_	_	_	_	linguistic	_	none	_	_	_	_	_	0-3(188)
571-7	PKP033	571	571	7	lato	lato	_	_	_	_	_	linguistic	_	none	_	_	_	_	_	_
571-8	PKP033	571	571	8	là	là	_	_	_	_	_	linguistic	_	none	_	_	_	_	_	_
571-9	PKP033	571	571	9	del	del	_	_	_	_	_	linguistic	_	none	_	_	_	_	_	_
571-10	PKP033	571	571	10	mondo	mondo	_	_	_	_	_	linguistic	_	none	_	End=954.5	_	_	_	_
572-0	PKP033	572	572	0	mh	mh	_	_	_	_	_	linguistic	_	none	PauseAfter=Yes	Begin=954.707	_	_	_	_
572-1	PKP033	572	572	1	{P}	{P}	_	_	_	_	_	shortpause	_	none	_	_	_	_	_	_
572-2	PKP033	572	572	2	(ef)fettivamente	effettivamente	_	_	_	_	_	linguistic	_	none	_	End=955.87	_	_	0-2(0)	_
573-0	PKP037	573	573	0	quindi	quindi	_	_	_	_	_	linguistic	_	none	_	Begin=957.24	_	_	_	_
573-1	PKP037	573	573	1	è	è	_	_	_	_	_	linguistic	_	none	_	_	_	_	_	_
573-2	PKP037	573	573	2	tutto	tutto	_	_	_	_	_	linguistic	_	none	_	_	_	_	_	_
573-3	PKP037	573	573	3	nuovo	nuovo	_	_	_	_	_	linguistic	_	none	PauseAfter=Yes	_	_	_	_	_
573-4	PKP037	573	573	4	{P}	{P}	_	_	_	_	_	shortpause	_	none	_	_	_	_	_	_
573-5	PKP037	573	573	5	è	è	_	_	_	_	_	linguistic	_	none	_	_	_	_	_	_
573-6	PKP037	573	573	6	tutto	tutto	_	_	_	_	_	linguistic	_	none	_	_	_	_	_	_
573-7	PKP037	573	573	7	abbastanza	abbastanza	_	_	_	_	_	linguistic	_	none	_	_	_	_	_	_
573-8	PKP037	573	573	8	nuo[vo]	nuovo	_	_	_	_	_	linguistic	_	none	_	End=959.2	_	_	_	3-5(189)
574-0	PKP036	574	574	0	[sì]	sì	_	_	_	_	_	linguistic	_	none	_	Begin=959.05|End=959.427	_	_	_	0-2(189)
575-0	PKP037	575	575	0	e:	e	_	_	_	_	_	linguistic	_	none	_	Begin=960.4	0x1	_	_	_
575-1	PKP037	575	575	1	però	però	_	_	_	_	_	linguistic	_	none	_	_	_	_	_	_
575-2	PKP037	575	575	2	per	per	_	_	_	_	_	linguistic	_	none	_	_	_	_	_	_
575-3	PKP037	575	575	3	esempio	esempio	_	_	_	_	_	linguistic	_	none	_	_	_	_	_	_
575-4	PKP037	575	575	4	c'	c'	_	_	_	_	_	linguistic	_	none	SpaceAfter=No	_	_	_	_	_
575-5	PKP037	575	575	5	era	era	_	_	_	_	_	linguistic	_	none	_	_	_	_	_	_
575-6	PKP037	575	575	6	[il	il	_	_	_	_	_	linguistic	_	none	_	_	_	_	_	0-2(190)
575-7	PKP037	575	575	7	muse:o:	museo	_	_	_	_	_	linguistic	_	none	_	_	3x1,4x1	_	_	0-5(190)
575-8	PKP037	575	575	8	l'	l'	_	_	_	_	_	linguistic	_	none	SpaceAfter=No	_	_	_	_	0-2(190)
575-9	PKP037	575	575	9	ars]enale	arsenale	_	_	_	_	_	linguistic	_	none	_	_	_	_	_	0-2(190)
575-10	PKP037	575	575	10	di	di	_	_	_	_	_	linguistic	_	none	_	_	_	_	_	_
575-11	PKP037	575	575	11	tokyo	tokyo	_	_	_	_	_	linguistic	_	none	_	End=964.0	_	_	_	_
576-0	PKP036	576	576	0	[qualche	qualche	_	_	_	_	_	linguistic	_	none	_	Begin=961.84	_	_	_	0-7(190)
576-1	PKP036	576	576	1	tempio]	tempio	_	_	_	_	_	linguistic	_	none	_	End=962.88	_	_	_	0-6(190)
577-0	PKP037	577	577	0	che	che	_	_	_	_	_	linguistic	_	none	_	Begin=965.067	_	_	_	_
577-1	PKP037	577	577	1	non	non	_	_	_	_	_	linguistic	_	none	_	_	_	_	_	_
577-2	PKP037	577	577	2	ci	ci	_	_	_	_	_	linguistic	_	none	_	_	_	_	_	_
577-3	PKP037	577	577	3	siamo	siamo	_	_	_	_	_	linguistic	_	none	_	_	_	_	_	_
577-4	PKP037	577	577	4	andati	andati	_	_	_	_	_	linguistic	_	none	_	_	_	_	_	_
577-5	PKP037	577	577	5	[perché	perché	_	_	_	_	_	linguistic	_	none	_	_	_	_	_	0-6(191)
577-6	PKP037	577	577	6	mostravano	mostravano	_	_	_	_	_	linguistic	_	none	_	_	_	_	_	0-10(191)
577-7	PKP037	577	577	7	le	le	_	_	_	_	_	linguistic	_	none	_	_	_	_	_	0-2(191)
577-8	PKP037	577	577	8	sta]tue	statue	_	_	_	_	_	linguistic	_	none	_	_	_	_	_	0-3(191)
577-9	PKP037	577	577	9	de:	de	_	_	_	_	_	linguistic	_	none	_	_	1x1	_	_	_
577-10	PKP037	577	577	10	de:	de	_	_	_	_	_	linguistic	_	none	_	End=968.04	1x1	_	_	_
578-0	PKP036	578	578	0	[xxxx]	xxxx	_	_	_	_	_	unknown	_	none	Syllables=4	Begin=965.8|End=966.73	_	_	_	0-4(191)
579-0	PKP037	579	579	0	eh	eh	_	_	_	_	_	linguistic	_	none	_	Begin=968.453	_	_	_	_
579-1	PKP037	579	579	1	roma	roma	_	_	_	_	_	linguistic	_	none	_	_	_	_	_	_
579-2	PKP037	579	579	2	capitolina	capitolina	_	_	_	_	_	linguistic	_	none	_	End=969.53	_	_	_	_
580-0	PKP033	580	580	0	ah	ah	_	_	_	_	_	linguistic	_	none	_	Begin=970.01|End=970.475	_	_	_	_
581-0	PKP037	581	581	0	quindi	quindi	_	_	_	_	_	linguistic	_	none	PauseAfter=Yes	Begin=970.475	_	_	_	_
581-1	PKP037	581	581	1	{P}	{P}	_	_	_	_	_	shortpause	_	none	_	_	_	_	_	_
581-2	PKP037	581	581	2	mh	mh	_	_	_	_	_	linguistic	_	none	_	_	_	_	_	_
581-3	PKP037	581	581	3	{RIDE}	{RIDE}	_	_	_	_	_	nonverbalbehavior	_	none	_	End=973.08	_	_	_	_
582-0	PKP033	582	582	0	[AH	ah	_	_	_	_	_	linguistic	_	none	Volume=high	Begin=971.613	_	_	_	0-2(193)
582-1	PKP033	582	582	1	CIOè	cioè	_	_	_	_	_	linguistic	_	none	Volume=high	_	_	_	_	0-4(193)
582-2	PKP033	582	582	2	HANNO	hanno	_	_	_	_	_	linguistic	_	none	Volume=high	_	_	_	_	0-5(193)
582-3	PKP033	582	582	3	DEI	dei	_	_	_	_	_	linguistic	_	none	Volume=high	_	_	_	_	0-3(193)
582-4	PKP033	582	582	4	REPERTI	reperti	_	_	_	_	_	linguistic	_	none	Volume=high	_	_	_	_	0-7(193)
582-5	PKP033	582	582	5	COMPRATI	comprati	_	_	_	_	_	linguistic	_	none	Volume=high	_	_	_	_	0-8(193)
582-6	PKP033	582	582	6	DA	da	_	_	_	_	_	linguistic	_	none	Volume=high	_	_	_	_	0-2(193)
582-7	PKP033	582	582	7	QUI]?	qui	_	_	_	_	_	linguistic	_	none	Intonation=Rising|Volume=high	End=974.82	_	_	_	0-3(193)
583-0	PKP036	583	583	0	[xxx]	xxx	_	_	_	_	_	unknown	_	none	Syllables=3	Begin=973.2|End=973.84	_	_	_	0-3(193)
584-0	PKP037	584	584	0	{RIDE}	{RIDE}	_	_	_	_	_	nonverbalbehavior	_	none	_	Begin=973.24|End=974.21	_	_	_	_
585-0	PKP037	585	585	0	no	no	_	_	_	_	_	linguistic	_	none	_	Begin=974.89	_	_	_	_
585-1	PKP037	585	585	1	hanno::	hanno	_	_	_	_	_	linguistic	_	none	PauseAfter=Yes	_	4x2	_	_	_
585-2	PKP037	585	585	2	{P}	{P}	_	_	_	_	_	shortpause	_	none	_	_	_	_	_	_
585-3	PKP037	585	585	3	abbiamo	abbiamo	_	_	_	_	_	linguistic	_	none	_	_	_	_	_	_
585-4	PKP037	585	585	4	[hanno	hanno	_	_	_	_	_	linguistic	_	none	_	_	_	_	_	0-5(194)
585-5	PKP037	585	585	5	trasferi]to:	trasferito	_	_	_	_	_	linguistic	_	none	PauseAfter=Yes	_	9x1	_	_	0-8(194)
585-6	PKP037	585	585	6	{P}	{P}	_	_	_	_	_	shortpause	_	none	_	_	_	_	_	_
585-7	PKP037	585	585	7	non	non	_	_	_	_	_	linguistic	_	none	_	_	_	_	_	_
585-8	PKP037	585	585	8	so	so	_	_	_	_	_	linguistic	_	none	_	_	_	_	_	_
585-9	PKP037	585	585	9	quante	quante	_	_	_	_	_	linguistic	_	none	_	_	_	_	_	_
585-10	PKP037	585	585	10	statue	statue	_	_	_	_	_	linguistic	_	none	_	_	_	_	_	_
585-11	PKP037	585	585	11	anche	anche	_	_	_	_	_	linguistic	_	none	_	_	_	_	_	_
585-12	PKP037	585	585	12	di	di	_	_	_	_	_	linguistic	_	none	_	_	_	_	_	_
585-13	PKP037	585	585	13	canova	canova	_	_	_	_	_	linguistic	_	none	_	End=981.7	_	_	_	_
586-0	PKP036	586	586	0	[non	non	_	_	_	_	_	linguistic	_	none	_	Begin=976.86	_	_	_	0-3(194)
586-1	PKP036	586	586	1	so	so	_	_	_	_	_	linguistic	_	none	_	_	_	_	_	0-2(194)
586-2	PKP036	586	586	2	che	che	_	_	_	_	_	linguistic	_	none	_	_	_	_	_	0-3(194)
586-3	PKP036	586	586	3	è]	è	_	_	_	_	_	linguistic	_	none	_	End=977.81	_	_	_	0-1(194)
587-0	PKP037	587	587	0	da:	da	_	_	_	_	_	linguistic	_	none	_	Begin=982.39	1x1	_	_	_
587-1	PKP037	587	587	1	da	da	_	_	_	_	_	linguistic	_	none	_	_	_	_	_	_
587-2	PKP037	587	587	2	roma	roma	_	_	_	_	_	linguistic	_	none	_	End=983.22	_	_	_	_
588-0	PKP033	588	588	0	[per	per	_	_	_	_	_	linguistic	_	none	_	Begin=983.68	_	_	_	0-3(195)
588-1	PKP033	588	588	1	i	i	_	_	_	_	_	linguistic	_	none	_	_	_	_	_	0-1(195)
588-2	PKP033	588	588	2	giappo]nesi	giapponesi	_	_	_	_	_	linguistic	_	none	_	End=984.77	_	_	_	0-6(195)
589-0	PKP037	589	589	0	[poi]	poi	_	_	_	_	_	linguistic	_	none	_	Begin=983.75|End=984.25	_	_	_	0-3(195)
590-0	PKP037	590	590	0	per	per	_	_	_	_	_	linguistic	_	none	_	Begin=984.76	_	_	_	_
590-1	PKP037	590	590	1	lì	lì	_	_	_	_	_	linguistic	_	none	_	_	_	_	_	_
590-2	PKP037	590	590	2	per	per	_	_	_	_	_	linguistic	_	none	_	_	_	_	_	_
590-3	PKP037	590	590	3	far	far	_	_	_	_	_	linguistic	_	none	_	_	_	_	_	_
590-4	PKP037	590	590	4	la	la	_	_	_	_	_	linguistic	_	none	_	_	_	_	_	_
590-5	PKP037	590	590	5	mostra	mostra	_	_	_	_	_	linguistic	_	none	_	_	_	_	_	_
590-6	PKP037	590	590	6	quel	quel	_	_	_	_	_	linguistic	_	none	_	_	_	_	_	_
590-7	PKP037	590	590	7	mese	mese	_	_	_	_	_	linguistic	_	none	_	_	_	_	_	_
590-8	PKP037	590	590	8	e	e	_	_	_	_	_	linguistic	_	none	_	_	_	_	_	_
590-9	PKP037	590	590	9	poi	poi	_	_	_	_	_	linguistic	_	none	_	_	_	_	_	_
590-10	PKP037	590	590	10	le	le	_	_	_	_	_	linguistic	_	none	_	_	_	_	_	_
590-11	PKP037	590	590	11	avrebbero	avrebbero	_	_	_	_	_	linguistic	_	none	_	_	_	_	_	_
590-12	PKP037	590	590	12	riportate	riportate	_	_	_	_	_	linguistic	_	none	_	End=987.71	_	_	_	_
591-0	PKP033	591	591	0	a:h	ah	_	_	_	_	_	linguistic	_	none	_	Begin=987.76	0x1	_	_	_
591-1	PKP033	591	591	1	ah	ah	_	_	_	_	_	linguistic	_	none	_	_	_	_	_	_
591-2	PKP033	591	591	2	ma	ma	_	_	_	_	_	linguistic	_	none	PauseAfter=Yes	_	_	_	_	_
591-3	PKP033	591	591	3	{P}	{P}	_	_	_	_	_	shortpause	_	none	_	_	_	_	_	_
591-4	PKP033	591	591	4	okay	okay	_	_	_	_	_	linguistic	_	none	_	End=990.44	_	_	_	_
592-0	PKP033	592	592	0	[gius:(to)]	giusto	_	_	_	_	_	linguistic	_	none	_	Begin=990.63|End=991.13	3x1	_	4-6(0)	0-6(197)
593-0	PKP037	593	593	0	[sì	sì	_	_	_	_	_	linguistic	_	none	_	Begin=990.66	_	_	_	0-2(197)
593-1	PKP037	593	593	1	no	no	_	_	_	_	_	linguistic	_	none	_	_	_	_	_	0-2(197)
593-2	PKP037	593	593	2	er]a	era	_	_	_	_	_	linguistic	_	none	_	_	_	_	_	0-2(197)
593-3	PKP037	593	593	3	temporanea	temporanea	_	_	_	_	_	linguistic	_	none	_	End=991.81	_	_	_	_
594-0	PKP033	594	594	0	giusto	giusto	_	_	_	_	_	linguistic	_	none	_	Begin=992.04|End=992.63	_	_	_	_
595-0	PKP036	595	595	0	mhmh	mhmh	_	_	_	_	_	linguistic	_	none	_	Begin=992.69|End=993.33	_	_	_	_
596-0	PKP033	596	596	0	giusto	giusto	_	_	_	_	_	linguistic	_	none	_	Begin=993.57	_	_	_	_
596-1	PKP033	596	596	1	giusto	giusto	_	_	_	_	_	linguistic	_	none	_	End=994.31	_	_	_	_
597-0	PKP037	597	597	0	inve[ce	invece	_	_	_	_	_	linguistic	_	none	_	Begin=995.32	_	_	_	4-6(198)
597-1	PKP037	597	597	1	xxxx]	xxxx	_	_	_	_	_	unknown	_	none	Syllables=4	End=996.73	_	_	_	0-4(198)
598-0	PKP033	598	598	0	[ma	ma	_	_	_	_	_	linguistic	_	none	_	Begin=995.6	_	_	_	0-2(198)
598-1	PKP033	598	598	1	i	i	_	_	_	_	_	linguistic	_	none	_	_	_	_	_	0-1(198)
598-2	PKP033	598	598	2	quartieri	quartieri	_	_	_	_	_	linguistic	_	none	_	_	_	_	_	0-9(198)
598-3	PKP033	598	598	3	sono	sono	_	_	_	_	_	linguistic	_	none	_	_	_	_	_	0-4(198)
598-4	PKP033	598	598	4	dive]rsi	diversi	_	_	_	_	_	linguistic	_	none	_	_	_	_	_	0-4(198)
598-5	PKP033	598	598	5	o	o	_	_	_	_	_	linguistic	_	none	_	_	_	_	_	_
598-6	PKP033	598	598	6	sono	sono	_	_	_	_	_	linguistic	_	none	_	_	_	_	_	_
598-7	PKP033	598	598	7	molto	molto	_	_	_	_	_	linguistic	_	none	_	_	_	_	_	_
598-8	PKP033	598	598	8	simili	simili	_	_	_	_	_	linguistic	_	none	_	End=998.42	_	_	_	_
599-0	PKP037	599	599	0	no	no	_	_	_	_	_	linguistic	_	none	_	Begin=998.787	_	_	_	_
599-1	PKP037	599	599	1	son(o)	sono	_	_	_	_	_	linguistic	_	none	PauseAfter=Yes	_	_	_	3-4(0)	_
599-2	PKP037	599	599	2	{P}	{P}	_	_	_	_	_	shortpause	_	none	_	_	_	_	_	_
599-3	PKP037	599	599	3	dive:r[si]	diversi	_	_	_	_	_	linguistic	_	none	_	End=1000.46	3x1	_	_	5-7(199)
600-0	PKP036	600	600	0	[sì]:	sì	_	_	_	_	_	linguistic	_	none	_	Begin=1000.367	1x1	_	_	0-2(199)
600-1	PKP036	600	600	1	sono:	sono	_	_	_	_	_	linguistic	_	none	_	End=1001.24	3x1	_	_	_
601-0	PKP036	601	601	0	sì	sì	_	_	_	_	_	linguistic	_	none	_	Begin=1003.2	_	_	_	_
601-1	PKP036	601	601	1	sembra	sembra	_	_	_	_	_	linguistic	_	none	_	_	_	_	_	_
601-2	PKP036	601	601	2	di	di	_	_	_	_	_	linguistic	_	none	_	_	_	_	_	_
601-3	PKP036	601	601	3	stare	stare	_	_	_	_	_	linguistic	_	none	_	_	_	_	_	_
601-4	PKP036	601	601	4	in	in	_	_	_	_	_	linguistic	_	none	_	_	_	_	_	_
601-5	PKP036	601	601	5	tante	tante	_	_	_	_	_	linguistic	_	none	_	_	_	_	_	_
601-6	PKP036	601	601	6	città	città	_	_	_	_	_	linguistic	_	none	_	_	_	_	_	_
601-7	PKP036	601	601	7	c(io)é	cioé	_	_	_	_	_	linguistic	_	none	_	_	_	_	1-3(0)	_
601-8	PKP036	601	601	8	proprio	proprio	_	_	_	_	_	linguistic	_	none	PauseAfter=Yes	_	_	_	_	_
601-9	PKP036	601	601	9	{P}	{P}	_	_	_	_	_	shortpause	_	none	_	_	_	_	_	_
601-10	PKP036	601	601	10	tutto	tutto	_	_	_	_	_	linguistic	_	none	_	_	_	_	_	_
601-11	PKP036	601	601	11	diverso	diverso	_	_	_	_	_	linguistic	_	none	_	End=1006.69	_	_	_	_
602-0	PKP037	602	602	0	infatti	infatti	_	_	_	_	_	linguistic	_	none	_	Begin=1007.34	_	_	_	_
602-1	PKP037	602	602	1	questa	questa	_	_	_	_	_	linguistic	_	none	_	_	_	_	_	_
602-2	PKP037	602	602	2	cosa	cosa	_	_	_	_	_	linguistic	_	none	_	_	_	_	_	_
602-3	PKP037	602	602	3	non	non	_	_	_	_	_	linguistic	_	none	_	_	_	_	_	_
602-4	PKP037	602	602	4	l'	l'	_	_	_	_	_	linguistic	_	none	SpaceAfter=No	_	_	_	_	_
602-5	PKP037	602	602	5	ho	ho	_	_	_	_	_	linguistic	_	none	_	_	_	_	_	_
602-6	PKP037	602	602	6	capita	capita	_	_	_	_	_	linguistic	_	none	_	End=1008.83	_	_	_	_
603-0	PKP037	603	603	0	c(io)é	cioé	_	_	_	_	_	linguistic	_	none	_	Begin=1008.93	_	_	1-3(0)	_
603-1	PKP037	603	603	1	tipo:	tipo	_	_	_	_	_	linguistic	_	none	_	End=1009.68	3x1	_	_	_
604-0	PKP037	604	604	0	il	il	_	_	_	_	_	linguistic	_	none	_	Begin=1009.88	_	_	_	_
604-1	PKP037	604	604	1	quartiere:	quartiere	_	_	_	_	_	linguistic	_	none	PauseAfter=Yes	_	8x1	_	_	_
604-2	PKP037	604	604	2	{P}	{P}	_	_	_	_	_	shortpause	_	none	_	_	_	_	_	_
604-3	PKP037	604	604	3	shibuya?	shibuya	_	_	_	_	_	linguistic	_	none	Intonation=Rising	End=1012.5	_	_	_	_
605-0	PKP036	605	605	0	mh	mh	_	_	_	_	_	linguistic	_	none	_	Begin=1012.52|End=1012.97	_	_	_	_
606-0	PKP037	606	606	0	o	o	_	_	_	_	_	linguistic	_	none	_	Begin=1013.21	_	_	_	_
606-1	PKP037	606	606	1	cose	cose	_	_	_	_	_	linguistic	_	none	_	_	_	_	_	_
606-2	PKP037	606	606	2	simili	simili	_	_	_	_	_	linguistic	_	none	PauseAfter=Yes	_	_	_	_	_
606-3	PKP037	606	606	3	{P}	{P}	_	_	_	_	_	shortpause	_	none	_	_	_	_	_	_
606-4	PKP037	606	606	4	o	o	_	_	_	_	_	linguistic	_	none	_	_	_	_	_	_
606-5	PKP037	606	606	5	come	come	_	_	_	_	_	linguistic	_	none	_	_	_	_	_	_
606-6	PKP037	606	606	6	si	si	_	_	_	_	_	linguistic	_	none	_	_	_	_	_	_
606-7	PKP037	606	606	7	chiama?	chiama	_	_	_	_	_	linguistic	_	none	Intonation=Rising	End=1015.27	_	_	_	_
607-0	PKP037	607	607	0	sulla	sulla	_	_	_	_	_	linguistic	_	none	_	Begin=1015.705	_	_	_	_
607-1	PKP037	607	607	1	mappa:	mappa	_	_	_	_	_	linguistic	_	none	PauseAfter=Yes	_	4x1	_	_	_
607-2	PKP037	607	607	2	{P}	{P}	_	_	_	_	_	shortpause	_	none	_	_	_	_	_	_
607-3	PKP037	607	607	3	c'	c'	_	_	_	_	_	linguistic	_	none	SpaceAfter=No	_	_	_	_	_
607-4	PKP037	607	607	4	è	è	_	_	_	_	_	linguistic	_	none	_	_	_	_	_	_
607-5	PKP037	607	607	5	tutta:	tutta	_	_	_	_	_	linguistic	_	none	_	_	4x1	_	_	_
607-6	PKP037	607	607	6	una:	una	_	_	_	_	_	linguistic	_	none	PauseAfter=Yes	_	2x1	_	_	_
607-7	PKP037	607	607	7	{P}	{P}	_	_	_	_	_	shortpause	_	none	_	_	_	_	_	_
607-8	PKP037	607	607	8	delineazione	delineazione	_	_	_	_	_	linguistic	_	none	_	_	_	_	_	_
607-9	PKP037	607	607	9	più	più	_	_	_	_	_	linguistic	_	none	_	_	_	_	_	_
607-10	PKP037	607	607	10	grande	grande	_	_	_	_	_	linguistic	_	none	_	_	_	_	_	_
607-11	PKP037	607	607	11	del	del	_	_	_	_	_	linguistic	_	none	_	_	_	_	_	_
607-12	PKP037	607	607	12	quartiere	quartiere	_	_	_	_	_	linguistic	_	none	_	End=1019.64	_	_	_	_
608-0	PKP037	608	608	0	incluedeva	incluedeva	_	_	_	_	_	linguistic	_	none	_	Begin=1019.89	_	_	_	_
608-1	PKP037	608	608	1	una:	una	_	_	_	_	_	linguistic	_	none	PauseAfter=Yes	_	2x1	_	_	_
608-2	PKP037	608	608	2	{P}	{P}	_	_	_	_	_	shortpause	_	none	_	_	_	_	_	_
608-3	PKP037	608	608	3	un'	un'	_	_	_	_	_	linguistic	_	none	SpaceAfter=No	_	_	_	_	_
608-4	PKP037	608	608	4	area	area	_	_	_	_	_	linguistic	_	none	_	_	_	_	_	_
608-5	PKP037	608	608	5	di	di	_	_	_	_	_	linguistic	_	none	PauseAfter=Yes	_	_	_	_	_
608-6	PKP037	608	608	6	{P}	{P}	_	_	_	_	_	shortpause	_	none	_	_	_	_	_	_
608-7	PKP037	608	608	7	boh	boh	_	_	_	_	_	linguistic	_	none	_	_	_	_	_	_
608-8	PKP037	608	608	8	dieci	dieci	_	_	_	_	_	linguistic	_	none	_	_	_	_	_	_
608-9	PKP037	608	608	9	chilometri	chilometri	_	_	_	_	_	linguistic	_	none	_	_	_	_	_	_
608-10	PKP037	608	608	10	quadrati	quadrati	_	_	_	_	_	linguistic	_	none	_	_	_	_	_	_
608-11	PKP037	608	608	11	c'	c'	_	_	_	_	_	linguistic	_	none	SpaceAfter=No	_	_	_	_	_
608-12	PKP037	608	608	12	era	era	_	_	_	_	_	linguistic	_	none	_	_	_	_	_	_
608-13	PKP037	608	608	13	scritto	scritto	_	_	_	_	_	linguistic	_	none	_	_	_	_	_	_
608-14	PKP037	608	608	14	shibuya	shibuya	_	_	_	_	_	linguistic	_	none	_	_	_	_	_	_
608-15	PKP037	608	608	15	city	city	_	_	_	_	_	linguistic	_	none	_	End=1023.64	_	_	_	_
609-0	PKP036	609	609	0	mh	mh	_	_	_	_	_	linguistic	_	none	PauseAfter=Yes	Begin=1024.03	_	_	_	_
609-1	PKP036	609	609	1	{P}	{P}	_	_	_	_	_	shortpause	_	none	_	_	_	_	_	_
609-2	PKP036	609	609	2	ah	ah	_	_	_	_	_	linguistic	_	none	_	_	_	_	_	_
609-3	PKP036	609	609	3	[sì	sì	_	_	_	_	_	linguistic	_	none	_	_	_	_	_	0-2(200)
609-4	PKP036	609	609	4	sì	sì	_	_	_	_	_	linguistic	_	none	_	_	_	_	_	0-2(200)
609-5	PKP036	609	609	5	no	no	_	_	_	_	_	linguistic	_	none	_	_	_	_	_	0-2(200)
609-6	PKP036	609	609	6	tutto	tutto	_	_	_	_	_	linguistic	_	none	_	_	_	_	_	0-5(200)
609-7	PKP036	609	609	7	city]	city	_	_	_	_	_	linguistic	_	none	_	End=1025.8	_	_	_	0-4(200)
610-0	PKP037	610	610	0	[xx	xx	_	_	_	_	_	unknown	_	none	Syllables=2	Begin=1024.479	_	_	_	0-2(200)
610-1	PKP037	610	610	1	xx]	xx	_	_	_	_	_	unknown	_	none	Syllables=2	End=1025.799	_	_	_	0-2(200)
611-0	PKP033	611	611	0	sì	sì	_	_	_	_	_	linguistic	_	none	_	Begin=1027.2	_	_	_	_
611-1	PKP033	611	611	1	okay	okay	_	_	_	_	_	linguistic	_	none	_	_	_	_	_	_
611-2	PKP033	611	611	2	quindi	quindi	_	_	_	_	_	linguistic	_	none	_	_	_	_	_	_
611-3	PKP033	611	611	3	[si	si	_	_	_	_	_	linguistic	_	none	_	_	_	_	_	0-2(201)
611-4	PKP033	611	611	4	chiamano	chiamano	_	_	_	_	_	linguistic	_	none	_	_	_	_	_	0-8(201)
611-5	PKP033	611	611	5	così	così	_	_	_	_	_	linguistic	_	none	PauseAfter=Yes	_	_	_	_	0-4(201)
611-6	PKP033	611	611	6	{P}	{P}	_	_	_	_	_	shortpause	_	none	_	_	_	_	_	0-3(201)
611-7	PKP033	611	611	7	okay]	okay	_	_	_	_	_	linguistic	_	none	_	End=1030.29	_	_	_	0-4(201)
612-0	PKP037	612	612	0	[come	come	_	_	_	_	_	linguistic	_	none	_	Begin=1027.97	_	_	_	0-4(201)
612-1	PKP037	612	612	1	se	se	_	_	_	_	_	linguistic	_	none	_	_	_	_	_	0-2(201)
612-2	PKP037	612	612	2	fossero	fossero	_	_	_	_	_	linguistic	_	none	_	_	_	_	_	0-7(201)
612-3	PKP037	612	612	3	separate	separate	_	_	_	_	_	linguistic	_	none	_	_	_	_	_	0-8(201)
612-4	PKP037	612	612	4	in:	in	_	_	_	_	_	linguistic	_	none	PauseAfter=Yes	_	1x1	_	_	0-2(201)
612-5	PKP037	612	612	5	{P}	{P}	_	_	_	_	_	shortpause	_	none	_	_	_	_	_	0-3(201)
612-6	PKP037	612	612	6	metropoli]	metropoli	_	_	_	_	_	linguistic	_	none	PauseAfter=Yes	_	_	_	_	0-9(201)
612-7	PKP037	612	612	7	{P}	{P}	_	_	_	_	_	shortpause	_	none	_	_	_	_	_	_
612-8	PKP037	612	612	8	in	in	_	_	_	_	_	linguistic	_	none	_	_	_	_	_	_
612-9	PKP037	612	612	9	cinque	cinque	_	_	_	_	_	linguistic	_	none	_	_	_	_	_	_
612-10	PKP037	612	612	10	[metropoli	metropoli	_	_	_	_	_	linguistic	_	none	_	_	_	_	_	0-9(202)
612-11	PKP037	612	612	11	attacca]te	attaccate	_	_	_	_	_	linguistic	_	none	_	_	_	_	_	0-7(202)
612-12	PKP037	612	612	12	tra	tra	_	_	_	_	_	linguistic	_	none	_	_	_	_	_	_
612-13	PKP037	612	612	13	loro	loro	_	_	_	_	_	linguistic	_	none	_	End=1032.21	_	_	_	_
613-0	PKP033	613	613	0	[sì	sì	_	_	_	_	_	linguistic	_	none	_	Begin=1030.97	_	_	_	0-2(202)
613-1	PKP033	613	613	1	sì	sì	_	_	_	_	_	linguistic	_	none	_	_	_	_	_	0-2(202)
613-2	PKP033	613	613	2	sì	sì	_	_	_	_	_	linguistic	_	none	_	_	_	_	_	0-2(202)
613-3	PKP033	613	613	3	sì]	sì	_	_	_	_	_	linguistic	_	none	_	End=1031.7	_	_	_	0-2(202)
614-0	PKP037	614	614	0	perché	perché	_	_	_	_	_	linguistic	_	none	_	Begin=1032.48	_	_	_	_
614-1	PKP037	614	614	1	so(no)	sono	_	_	_	_	_	linguistic	_	none	_	_	_	_	2-4(0)	_
614-2	PKP037	614	614	2	quaranta	quaranta	_	_	_	_	_	linguistic	_	none	_	_	_	_	_	_
614-3	PKP037	614	614	3	milioni	milioni	_	_	_	_	_	linguistic	_	none	_	_	_	_	_	_
614-4	PKP037	614	614	4	quasi	quasi	_	_	_	_	_	linguistic	_	none	_	End=1034.14	_	_	_	_
615-0	PKP037	615	615	0	x[xxx]	xxxx	_	_	_	_	_	unknown	_	none	Syllables=4	Begin=1034.65|End=1035.65	_	_	_	1-4(503)
616-0	PKP036	616	616	0	[xxxxx]	xxxxx	_	_	_	_	_	unknown	_	none	Syllables=5	Begin=1035.0|End=1036.089	_	_	_	0-5(503)
617-0	PKP033	617	617	0	[ma	ma	_	_	_	_	_	linguistic	_	none	_	Begin=1035.01	_	_	_	0-2(503)
617-1	PKP033	617	617	1	a	a	_	_	_	_	_	linguistic	_	none	_	_	_	_	_	0-1(503)
617-2	PKP033	617	617	2	roma	roma	_	_	_	_	_	linguistic	_	none	_	_	_	_	_	0-4(503)
617-3	PKP033	617	617	3	quante	quante	_	_	_	_	_	linguistic	_	none	_	_	_	_	_	0-6(503)
617-4	PKP033	617	617	4	persone]	persone	_	_	_	_	_	linguistic	_	none	_	_	_	_	_	0-7(503)
617-5	PKP033	617	617	5	sono	sono	_	_	_	_	_	linguistic	_	none	_	End=1036.589	_	_	_	_
618-0	PKP037	618	618	0	tre	tre	_	_	_	_	_	linguistic	_	none	_	Begin=1038.27|End=1038.75	_	_	_	_
619-0	PKP033	619	619	0	ah	ah	_	_	_	_	_	linguistic	_	none	_	Begin=1039.21	_	_	_	_
619-1	PKP033	619	619	1	okay	okay	_	_	_	_	_	linguistic	_	none	_	_	_	_	_	_
619-2	PKP033	619	619	2	{RIDE}	{RIDE}	_	_	_	_	_	nonverbalbehavior	_	none	_	_	_	_	_	_
619-3	PKP033	619	619	3	OKAY	okay	_	_	_	_	_	linguistic	_	none	Volume=high	_	_	_	_	_
619-4	PKP033	619	619	4	{ride}	{ride}	_	_	_	_	_	nonverbalbehavior	_	none	_	End=1041.78	_	_	_	_
620-0	PKP037	620	620	0	{ride}	{ride}	_	_	_	_	_	nonverbalbehavior	_	none	_	Begin=1040.47|End=1041.56	_	_	_	_
621-0	PKP036	621	621	0	[DAVVE]RO?	davvero	_	_	_	_	_	linguistic	_	none	Intonation=Rising|Volume=high	Begin=1041.18|End=1042.04	_	_	_	0-5(203)
622-0	PKP037	622	622	0	sì	sì	_	_	_	_	_	linguistic	_	none	_	Begin=1042.51|End=1042.92	_	_	_	_
623-0	PKP033	623	623	0	sì	sì	_	_	_	_	_	linguistic	_	none	_	Begin=1042.96	_	_	_	_
623-1	PKP033	623	623	1	s[ì	sì	_	_	_	_	_	linguistic	_	none	_	_	_	_	_	1-2(204)
623-2	PKP033	623	623	2	sì]	sì	_	_	_	_	_	linguistic	_	none	_	End=1043.48	_	_	_	0-2(204)
624-0	PKP036	624	624	0	[oh	oh	_	_	_	_	_	linguistic	_	none	_	Begin=1043.339	_	_	_	0-2(204)
624-1	PKP036	624	624	1	m]io	mio	_	_	_	_	_	linguistic	_	none	_	_	_	_	_	0-1(204)
624-2	PKP036	624	624	2	dio	dio	_	_	_	_	_	linguistic	_	none	_	End=1044.26	_	_	_	_
625-0	PKP037	625	625	0	mhmh	mhmh	_	_	_	_	_	linguistic	_	none	_	Begin=1044.46|End=1045.04	_	_	_	_
626-0	PKP037	626	626	0	poi	poi	_	_	_	_	_	linguistic	_	none	_	Begin=1046.025	_	_	_	_
626-1	PKP037	626	626	1	salivi	salivi	_	_	_	_	_	linguistic	_	none	_	_	_	_	_	_
626-2	PKP037	626	626	2	a	a	_	_	_	_	_	linguistic	_	none	_	_	_	_	_	_
626-3	PKP037	626	626	3	quattro	quattro	_	_	_	_	_	linguistic	_	none	_	_	_	_	_	_
626-4	PKP037	626	626	4	o	o	_	_	_	_	_	linguistic	_	none	_	_	_	_	_	_
626-5	PKP037	626	626	5	cinque	cinque	_	_	_	_	_	linguistic	_	none	_	_	_	_	_	_
626-6	PKP037	626	626	6	includendo:	includendo	_	_	_	_	_	linguistic	_	none	PauseAfter=Yes	_	9x1	_	_	_
626-7	PKP037	626	626	7	{P}	{P}	_	_	_	_	_	shortpause	_	none	_	_	_	_	_	_
626-8	PKP037	626	626	8	aree	aree	_	_	_	_	_	linguistic	_	none	_	_	_	_	_	_
626-9	PKP037	626	626	9	metropolitane	metropolitane	_	_	_	_	_	linguistic	_	none	_	_	_	_	_	_
626-10	PKP037	626	626	10	de	de	_	_	_	_	_	linguistic	_	none	_	_	_	_	_	_
626-11	PKP037	626	626	11	roma	roma	_	_	_	_	_	linguistic	_	none	_	End=1050.61	_	_	_	_
627-0	PKP036	627	627	0	frascati	frascati	_	_	_	_	_	linguistic	_	none	_	Begin=1050.96|End=1051.57	_	_	_	_
628-0	PKP037	628	628	0	ma	ma	_	_	_	_	_	linguistic	_	none	_	Begin=1052.14	_	_	_	_
628-1	PKP037	628	628	1	[no	no	_	_	_	_	_	linguistic	_	none	PauseAfter=Yes	_	_	_	_	0-2(?)
628-2	PKP037	628	628	2	{P}	{P}	_	_	_	_	_	shortpause	_	none	_	_	_	_	_	0-3(?)
628-3	PKP037	628	628	3	anche	anche	_	_	_	_	_	linguistic	_	none	_	_	_	_	_	0-5(?)
628-4	PKP037	628	628	4	fra]scati	frascati	_	_	_	_	_	linguistic	_	none	_	End=1053.86	_	_	_	0-3(?)
629-0	PKP033	629	629	0	{ride}	{ride}	_	_	_	_	_	nonverbalbehavior	_	none	_	Begin=1052.37|End=1053.34	_	_	_	_
630-0	PKP033	630	630	0	oh	oh	_	_	_	_	_	linguistic	_	none	_	Begin=1054.12	_	_	_	_
630-1	PKP033	630	630	1	ma	ma	_	_	_	_	_	linguistic	_	none	_	_	_	_	_	_
630-2	PKP033	630	630	2	stamattina	stamattina	_	_	_	_	_	linguistic	_	none	_	_	_	_	_	_
630-3	PKP033	630	630	3	al	al	_	_	_	_	_	linguistic	_	none	_	_	_	_	_	_
630-4	PKP033	630	630	4	tg	tg	_	_	_	_	_	linguistic	_	none	_	_	_	_	_	_
630-5	PKP033	630	630	5	c'	c'	_	_	_	_	_	linguistic	_	none	SpaceAfter=No	_	_	_	_	_
630-6	PKP033	630	630	6	era:	era	_	_	_	_	_	linguistic	_	none	_	End=1056.12	2x1	_	_	_
631-0	PKP036	631	631	0	una	una	_	_	_	_	_	linguistic	_	none	_	Begin=1056.153	_	_	_	_
631-1	PKP036	631	631	1	cosa	cosa	_	_	_	_	_	linguistic	_	none	_	_	_	_	_	_
631-2	PKP036	631	631	2	di	di	_	_	_	_	_	linguistic	_	none	_	_	_	_	_	_
631-3	PKP036	631	631	3	frascati	frascati	_	_	_	_	_	linguistic	_	none	_	_	_	_	_	_
631-4	PKP036	631	631	4	pure	pure	_	_	_	_	_	linguistic	_	none	_	_	_	_	_	_
631-5	PKP036	631	631	5	io	io	_	_	_	_	_	linguistic	_	none	_	_	_	_	_	_
631-6	PKP036	631	631	6	me	me	_	_	_	_	_	linguistic	_	none	_	_	_	_	_	_
631-7	PKP036	631	631	7	so'	so'	_	_	_	_	_	linguistic	_	none	Truncated=Yes	_	_	_	_	_
631-8	PKP036	631	631	8	[girata]	girata	_	_	_	_	_	linguistic	_	none	_	_	_	_	_	0-6(?)
631-9	PKP036	631	631	9	e	e	_	_	_	_	_	linguistic	_	none	_	_	_	_	_	_
631-10	PKP036	631	631	10	io	io	_	_	_	_	_	linguistic	_	none	_	_	_	_	_	_
631-11	PKP036	631	631	11	[ma	ma	_	_	_	_	_	linguistic	_	none	_	_	_	_	_	0-2(?)
631-12	PKP036	631	631	12	dai	dai	_	_	_	_	_	linguistic	_	none	_	_	_	_	_	0-3(?)
631-13	PKP036	631	631	13	(ma	ma	_	_	_	_	_	linguistic	_	none	_	_	_	_	_	0-2(?)
631-14	PKP036	631	631	14	che	che	_	_	_	_	_	linguistic	_	none	_	_	_	_	_	0-3(?)
631-15	PKP036	631	631	15	ca]zzo	cazzo	_	_	_	_	_	linguistic	_	none	_	End=1059.02	_	_	_	0-2(?)
632-0	PKP033	632	632	0	[sì]	sì	_	_	_	_	_	linguistic	_	none	_	Begin=1057.48|End=1057.9	_	_	_	0-2(205)
633-0	PKP033	633	633	0	{ride}	{ride}	_	_	_	_	_	nonverbalbehavior	_	none	_	Begin=1058.11|End=1059.08	_	_	_	_
634-0	PKP033	634	634	0	un	un	_	_	_	_	_	linguistic	_	none	_	Begin=1059.36	_	_	_	_
634-1	PKP033	634	634	1	[ac~	ac~	_	_	_	_	_	linguistic	_	none	Interrupted=Yes	_	_	_	_	0-3(504)
634-2	PKP033	634	634	2	un	un	_	_	_	_	_	linguistic	_	none	_	_	_	_	_	0-2(504)
634-3	PKP033	634	634	3	accoltella]to:	accoltellato	_	_	_	_	_	linguistic	_	none	_	End=1061.26	11x1	_	_	0-10(504)
635-0	PKP037	635	635	0	[è	è	_	_	_	_	_	linguistic	_	none	_	Begin=1059.45	_	_	_	0-1(504)
635-1	PKP037	635	635	1	il	il	_	_	_	_	_	linguistic	_	none	_	_	_	_	_	0-2(504)
635-2	PKP037	635	635	2	terzo	terzo	_	_	_	_	_	linguistic	_	none	_	_	_	_	_	0-5(504)
635-3	PKP037	635	635	3	xx]	xx	_	_	_	_	_	unknown	_	none	Syllables=2	End=1060.48	_	_	_	0-2(504)
636-0	PKP036	636	636	0	[è	è	_	_	_	_	_	linguistic	_	none	_	Begin=1060.13	_	_	_	0-1(504)
636-1	PKP036	636	636	1	lì	lì	_	_	_	_	_	linguistic	_	none	_	_	_	_	_	0-2(504)
636-2	PKP036	636	636	2	è	è	_	_	_	_	_	linguistic	_	none	_	_	_	_	_	0-1(504)
636-3	PKP036	636	636	3	(dove	dove	_	_	_	_	_	linguistic	_	none	_	_	_	_	0-4(0)	0-4(504)
636-4	PKP036	636	636	4	abita)	abita	_	_	_	_	_	linguistic	_	none	_	_	_	_	0-5(0)	0-5(504)
636-5	PKP036	636	636	5	lui]	lui	_	_	_	_	_	linguistic	_	none	_	End=1061.25	_	_	_	0-3(504)
637-0	PKP037	637	637	0	eh	eh	_	_	_	_	_	linguistic	_	none	_	Begin=1061.15	_	_	_	_
637-1	PKP037	637	637	1	[è	è	_	_	_	_	_	linguistic	_	none	_	_	_	_	_	0-1(?)
637-2	PKP037	637	637	2	il	il	_	_	_	_	_	linguistic	_	none	_	_	_	_	_	0-2(?)
637-3	PKP037	637	637	3	secondo	secondo	_	_	_	_	_	linguistic	_	none	_	_	_	_	_	0-7(?)
637-4	PKP037	637	637	4	omicidio]	omicidio	_	_	_	_	_	linguistic	_	none	_	End=1062.42	_	_	_	0-8(?)
638-0	PKP033	638	638	0	[ah	ah	_	_	_	_	_	linguistic	_	none	_	Begin=1061.43	_	_	_	0-2(206)
638-1	PKP033	638	638	1	ecc~	ecc~	_	_	_	_	_	linguistic	_	none	Interrupted=Yes	_	_	_	_	0-4(206)
638-2	PKP033	638	638	2	bello]	bello	_	_	_	_	_	linguistic	_	none	_	_	_	_	_	0-5(206)
638-3	PKP033	638	638	3	{ride}	{ride}	_	_	_	_	_	nonverbalbehavior	_	none	_	End=1062.61	_	_	_	_
639-0	PKP033	639	639	0	eh	eh	_	_	_	_	_	linguistic	_	none	_	Begin=1062.73	_	_	_	_
639-1	PKP033	639	639	1	allora	allora	_	_	_	_	_	linguistic	_	none	_	_	_	_	_	_
639-2	PKP033	639	639	2	la	la	_	_	_	_	_	linguistic	_	none	_	_	_	_	_	_
639-3	PKP033	639	639	3	macchina	macchina	_	_	_	_	_	linguistic	_	none	_	_	_	_	_	_
639-4	PKP033	639	639	4	vedi	vedi	_	_	_	_	_	linguistic	_	none	_	_	_	_	_	_
639-5	PKP033	639	639	5	che	che	_	_	_	_	_	linguistic	_	none	_	_	_	_	_	_
639-6	PKP033	639	639	6	te	te	_	_	_	_	_	linguistic	_	none	_	_	_	_	_	_
639-7	PKP033	639	639	7	l'	l'	_	_	_	_	_	linguistic	_	none	SpaceAfter=No	_	_	_	_	_
639-8	PKP033	639	639	8	han(no)	hanno	_	_	_	_	_	linguistic	_	none	_	_	_	_	2-5(0)	_
639-9	PKP033	639	639	9	rubata	rubata	_	_	_	_	_	linguistic	_	none	_	_	_	_	_	_
639-10	PKP033	639	639	10	[per]	per	_	_	_	_	_	linguistic	_	none	_	_	_	_	_	0-3(207)
639-11	PKP033	639	639	11	{ride}	{ride}	_	_	_	_	_	nonverbalbehavior	_	none	_	End=1065.77	_	_	_	_
640-0	PKP036	640	640	0	[eh	eh	_	_	_	_	_	linguistic	_	none	_	Begin=1064.65	_	_	_	0-2(?)
640-1	PKP036	640	640	1	ma	ma	_	_	_	_	_	linguistic	_	none	_	_	_	_	_	0-2(?)
640-2	PKP036	640	640	2	forse	forse	_	_	_	_	_	linguistic	_	none	_	_	_	_	_	0-5(?)
640-3	PKP036	640	640	3	sì	sì	_	_	_	_	_	linguistic	_	none	_	_	_	_	_	0-2(?)
640-4	PKP036	640	640	4	eh]	eh	_	_	_	_	_	linguistic	_	none	_	End=1065.86	_	_	_	0-2(?)
641-0	PKP033	641	641	0	{ride}	{ride}	_	_	_	_	_	nonverbalbehavior	_	none	_	Begin=1065.81	_	_	_	_
641-1	PKP033	641	641	1	la	la	_	_	_	_	_	linguistic	_	none	_	_	_	_	_	_
641-2	PKP033	641	641	2	zona	zona	_	_	_	_	_	linguistic	_	none	_	_	_	_	_	_
641-3	PKP033	641	641	3	non	non	_	_	_	_	_	linguistic	_	none	_	_	_	_	_	_
641-4	PKP033	641	641	4	è	è	_	_	_	_	_	linguistic	_	none	_	_	_	_	_	_
641-5	PKP033	641	641	5	raccomandabile	raccomandabile	_	_	_	_	_	linguistic	_	none	_	_	_	_	_	_
641-6	PKP033	641	641	6	{ride}	{ride}	_	_	_	_	_	nonverbalbehavior	_	none	_	End=1069.69	_	_	_	_
642-0	PKP036	642	642	0	[non	non	_	_	_	_	_	linguistic	_	none	_	Begin=1067.81	_	_	_	0-3(209)
642-1	PKP036	642	642	1	è	è	_	_	_	_	_	linguistic	_	none	_	_	_	_	_	0-1(209)
642-2	PKP036	642	642	2	bellissima	bellissima	_	_	_	_	_	linguistic	_	none	_	_	_	_	_	0-10(209)
642-3	PKP036	642	642	3	però]	però	_	_	_	_	_	linguistic	_	none	_	_	_	_	_	0-4(209)
642-4	PKP036	642	642	4	{ride}	{ride}	_	_	_	_	_	nonverbalbehavior	_	none	_	End=1069.69	_	_	_	_
643-0	PKP037	643	643	0	ma	ma	_	_	_	_	_	linguistic	_	none	_	Begin=1069.7	_	_	_	_
643-1	PKP037	643	643	1	frascati	frascati	_	_	_	_	_	linguistic	_	none	_	_	_	_	_	_
643-2	PKP037	643	643	2	è	è	_	_	_	_	_	linguistic	_	none	_	_	_	_	_	_
643-3	PKP037	643	643	3	sempre:	sempre	_	_	_	_	_	linguistic	_	none	_	_	5x1	_	_	_
643-4	PKP037	643	643	4	stata	stata	_	_	_	_	_	linguistic	_	none	_	_	_	_	_	_
643-5	PKP037	643	643	5	radical	radical	_	_	_	_	_	linguistic	_	none	_	_	_	_	_	_
643-6	PKP037	643	643	6	chic	chic	_	_	_	_	_	linguistic	_	none	_	_	_	_	_	_
643-7	PKP037	643	643	7	in	in	_	_	_	_	_	linguistic	_	none	_	_	_	_	_	_
643-8	PKP037	643	643	8	realtà	realtà	_	_	_	_	_	linguistic	_	none	_	_	_	_	_	_
643-9	PKP037	643	643	9	non	non	_	_	_	_	_	linguistic	_	none	_	_	_	_	_	_
643-10	PKP037	643	643	10	so:	so	_	_	_	_	_	linguistic	_	none	_	End=1072.88	1x1	_	_	_
644-0	PKP036	644	644	0	eh	eh	_	_	_	_	_	linguistic	_	none	_	Begin=1072.89	_	_	_	_
644-1	PKP036	644	644	1	ma	ma	_	_	_	_	_	linguistic	_	none	_	_	_	_	_	_
644-2	PKP036	644	644	2	non	non	_	_	_	_	_	linguistic	_	none	_	_	_	_	_	_
644-3	PKP036	644	644	3	era	era	_	_	_	_	_	linguistic	_	none	_	_	_	_	_	_
644-4	PKP036	644	644	4	frascati	frascati	_	_	_	_	_	linguistic	_	none	_	_	_	_	_	_
644-5	PKP036	644	644	5	era	era	_	_	_	_	_	linguistic	_	none	_	_	_	_	_	_
644-6	PKP036	644	644	6	panta:no	pantano	_	_	_	_	_	linguistic	_	none	_	End=1074.7	4x1	_	_	_
645-0	PKP037	645	645	0	sì:	sì	_	_	_	_	_	linguistic	_	none	_	Begin=1075.227	1x1	_	_	_
645-1	PKP037	645	645	1	però	però	_	_	_	_	_	linguistic	_	none	_	_	_	_	_	_
645-2	PKP037	645	645	2	le	le	_	_	_	_	_	linguistic	_	none	_	_	_	_	_	_
645-3	PKP037	645	645	3	famigl~	famigl~	_	_	_	_	_	linguistic	_	none	Interrupted=Yes	_	_	_	_	_
645-4	PKP037	645	645	4	parlavano	parlavano	_	_	_	_	_	linguistic	_	none	_	_	_	_	_	_
645-5	PKP037	645	645	5	prima	prima	_	_	_	_	_	linguistic	_	none	_	_	_	_	_	_
645-6	PKP037	645	645	6	che:	che	_	_	_	_	_	linguistic	_	none	_	End=1078.52	2x1	_	_	_
646-0	PKP037	646	646	0	[no	no	_	_	_	_	_	linguistic	_	none	_	Begin=1079.38	_	_	_	0-2(210)
646-1	PKP037	646	646	1	allora	allora	_	_	_	_	_	linguistic	_	none	_	_	_	_	_	0-6(210)
646-2	PKP037	646	646	2	ri~	ri~	_	_	_	_	_	linguistic	_	none	Interrupted=Yes	_	_	_	_	0-3(210)
646-3	PKP037	646	646	3	ri~]	ri~	_	_	_	_	_	linguistic	_	none	Interrupted=Yes	End=1080.62	_	_	_	0-3(210)
647-0	PKP036	647	647	0	sì	sì	_	_	_	_	_	linguistic	_	none	_	Begin=1079.407	_	_	_	_
647-1	PKP036	647	647	1	[non	non	_	_	_	_	_	linguistic	_	none	_	_	_	_	_	0-3(210)
647-2	PKP036	647	647	2	so	so	_	_	_	_	_	linguistic	_	none	_	_	_	_	_	0-2(210)
647-3	PKP036	647	647	3	che	che	_	_	_	_	_	linguistic	_	none	_	_	_	_	_	0-3(210)
647-4	PKP036	647	647	4	c'	c'	_	_	_	_	_	linguistic	_	none	SpaceAfter=No	_	_	_	_	0-2(210)
647-5	PKP036	647	647	5	era	era	_	_	_	_	_	linguistic	_	none	_	_	_	_	_	0-3(210)
647-6	PKP036	647	647	6	una	una	_	_	_	_	_	linguistic	_	none	_	_	_	_	_	0-3(210)
647-7	PKP036	647	647	7	rissa	rissa	_	_	_	_	_	linguistic	_	none	_	_	_	_	_	0-5(210)
647-8	PKP036	647	647	8	tra	tra	_	_	_	_	_	linguistic	_	none	_	_	_	_	_	0-3(210)
647-9	PKP036	647	647	9	fa]mi::glie	famiglie	_	_	_	_	_	linguistic	_	none	_	_	3x2	_	_	0-2(210)
647-10	PKP036	647	647	10	tipo	tipo	_	_	_	_	_	linguistic	_	none	_	End=1081.69	_	_	_	_
648-0	PKP037	648	648	0	però	però	_	_	_	_	_	linguistic	_	none	_	Begin=1081.79	_	_	_	_
648-1	PKP037	648	648	1	indagavano	indagavano	_	_	_	_	_	linguistic	_	none	_	_	_	_	_	_
648-2	PKP037	648	648	2	i	i	_	_	_	_	_	linguistic	_	none	_	_	_	_	_	_
648-3	PKP037	648	648	3	carabinieri	carabinieri	_	_	_	_	_	linguistic	_	none	_	_	_	_	_	_
648-4	PKP037	648	648	4	di	di	_	_	_	_	_	linguistic	_	none	_	_	_	_	_	_
648-5	PKP037	648	648	5	frascati	frascati	_	_	_	_	_	linguistic	_	none	_	End=1083.66	_	_	_	_
649-0	PKP036	649	649	0	sì	sì	_	_	_	_	_	linguistic	_	none	_	Begin=1083.83	_	_	_	_
649-1	PKP036	649	649	1	non	non	_	_	_	_	_	linguistic	_	none	_	_	_	_	_	_
649-2	PKP036	649	649	2	so	so	_	_	_	_	_	linguistic	_	none	_	_	_	_	_	_
649-3	PKP036	649	649	3	perché	perché	_	_	_	_	_	linguistic	_	none	_	End=1084.93	_	_	_	_
650-0	PKP033	650	650	0	comunque	comunque	_	_	_	_	_	linguistic	_	none	_	Begin=1085.233	_	_	_	_
650-1	PKP033	650	650	1	erano	erano	_	_	_	_	_	linguistic	_	none	_	_	_	_	_	_
650-2	PKP033	650	650	2	ovvia[mente	ovviamente	_	_	_	_	_	linguistic	_	none	_	_	_	_	_	5-10(211)
650-3	PKP033	650	650	3	no]?	no	_	_	_	_	_	linguistic	_	none	Intonation=Rising	End=1087.12	_	_	_	0-2(211)
651-0	PKP037	651	651	0	[(boh	boh	_	_	_	_	_	linguistic	_	none	_	Begin=1086.33	_	_	0-3(0)	0-3(211)
651-1	PKP037	651	651	1	chissà)]	chissà	_	_	_	_	_	linguistic	_	none	_	End=1086.99	_	_	0-6(0)	0-6(211)
652-0	PKP037	652	652	0	comunque	comunque	_	_	_	_	_	linguistic	_	none	_	Begin=1087.52	_	_	_	_
652-1	PKP037	652	652	1	la	la	_	_	_	_	_	linguistic	_	none	_	_	_	_	_	_
652-2	PKP037	652	652	2	mia	mia	_	_	_	_	_	linguistic	_	none	_	_	_	_	_	_
652-3	PKP037	652	652	3	macchina	macchina	_	_	_	_	_	linguistic	_	none	_	_	_	_	_	_
652-4	PKP037	652	652	4	era	era	_	_	_	_	_	linguistic	_	none	_	_	_	_	_	_
652-5	PKP037	652	652	5	molto	molto	_	_	_	_	_	linguistic	_	none	_	_	_	_	_	_
652-6	PKP037	652	652	6	più	più	_	_	_	_	_	linguistic	_	none	_	_	_	_	_	_
652-7	PKP037	652	652	7	vicina	vicina	_	_	_	_	_	linguistic	_	none	_	_	_	_	_	_
652-8	PKP037	652	652	8	a	a	_	_	_	_	_	linguistic	_	none	_	_	_	_	_	_
652-9	PKP037	652	652	9	pantano	pantano	_	_	_	_	_	linguistic	_	none	_	_	_	_	_	_
652-10	PKP037	652	652	10	[che	che	_	_	_	_	_	linguistic	_	none	_	_	_	_	_	0-3(?)
652-11	PKP037	652	652	11	a~]	a~	_	_	_	_	_	linguistic	_	none	Interrupted=Yes	End=1090.3	_	_	_	0-2(?)
653-0	PKP036	653	653	0	{RIDE_ENERGICAMENTE}	{RIDE_ENERGICAMENTE}	_	_	_	_	_	nonverbalbehavior	_	none	_	Begin=1089.81|End=1091.1	_	_	_	_
654-0	PKP033	654	654	0	{RIDE}	{RIDE}	_	_	_	_	_	nonverbalbehavior	_	none	_	Begin=1089.82|End=1091.23	_	_	_	_
655-0	PKP036	655	655	0	quindi	quindi	_	_	_	_	_	linguistic	_	none	_	Begin=1091.773	_	_	_	_
655-1	PKP036	655	655	1	sì	sì	_	_	_	_	_	linguistic	_	none	PauseAfter=Yes	_	_	_	_	_
655-2	PKP036	655	655	2	{P}	{P}	_	_	_	_	_	shortpause	_	none	_	_	_	_	_	_
655-3	PKP036	655	655	3	diciamo	diciamo	_	_	_	_	_	linguistic	_	none	_	_	_	_	_	_
655-4	PKP036	655	655	4	che	che	_	_	_	_	_	linguistic	_	none	_	End=1093.12	_	_	_	_
656-0	PKP033	656	656	0	ma	ma	_	_	_	_	_	linguistic	_	none	_	Begin=1093.13	_	_	_	_
656-1	PKP033	656	656	1	mi	mi	_	_	_	_	_	linguistic	_	none	PauseAfter=Yes	_	_	_	_	_
656-2	PKP033	656	656	2	{P}	{P}	_	_	_	_	_	shortpause	_	none	_	_	_	_	_	_
656-3	PKP033	656	656	3	vorrei	vorrei	_	_	_	_	_	linguistic	_	none	_	_	_	_	_	_
656-4	PKP033	656	656	4	mettervi	mettervi	_	_	_	_	_	linguistic	_	none	_	_	_	_	_	_
656-5	PKP033	656	656	5	più	più	_	_	_	_	_	linguistic	_	none	_	_	_	_	_	_
656-6	PKP033	656	656	6	vicino	vicino	_	_	_	_	_	linguistic	_	none	_	_	_	_	_	_
656-7	PKP033	656	656	7	le	le	_	_	_	_	_	linguistic	_	none	_	_	_	_	_	_
656-8	PKP033	656	656	8	cose	cose	_	_	_	_	_	linguistic	_	none	_	_	_	_	_	_
656-9	PKP033	656	656	9	perché	perché	_	_	_	_	_	linguistic	_	none	_	End=1095.55	_	_	_	_
657-0	PKP036	657	657	0	ah	ah	_	_	_	_	_	linguistic	_	none	_	Begin=1095.55	_	_	_	_
657-1	PKP036	657	657	1	tranq~	tranq~	_	_	_	_	_	linguistic	_	none	Interrupted=Yes	End=1096.014	_	_	_	_
658-0	PKP033	658	658	0	secondo	secondo	_	_	_	_	_	linguistic	_	none	_	Begin=1096.014	_	_	_	_
658-1	PKP033	658	658	1	me	me	_	_	_	_	_	linguistic	_	none	_	_	_	_	_	_
658-2	PKP033	658	658	2	non	non	_	_	_	_	_	linguistic	_	none	_	_	_	_	_	_
658-3	PKP033	658	658	3	succede	succede	_	_	_	_	_	linguistic	_	none	_	_	_	_	_	_
658-4	PKP033	658	658	4	niente	niente	_	_	_	_	_	linguistic	_	none	_	_	_	_	_	_
658-5	PKP033	658	658	5	se	se	_	_	_	_	_	linguistic	_	none	_	_	_	_	_	_
658-6	PKP033	658	658	6	mettiamo	mettiamo	_	_	_	_	_	linguistic	_	none	_	_	_	_	_	_
658-7	PKP033	658	658	7	questo	questo	_	_	_	_	_	linguistic	_	none	_	_	_	_	_	_
658-8	PKP033	658	658	8	qui	qui	_	_	_	_	_	linguistic	_	none	_	End=1099.07	_	_	_	_
659-0	PKP033	659	659	0	cioè	cioè	_	_	_	_	_	linguistic	_	none	_	Begin=1099.68|End=1100.16	_	_	_	_
660-0	PKP036	660	660	0	xxxxxx	xxxxxx	_	_	_	_	_	unknown	_	none	Syllables=6	Begin=1100.97|End=1102.52	_	_	_	_
661-0	PKP033	661	661	0	ma	ma	_	_	_	_	_	linguistic	_	none	_	Begin=1103.52	_	_	_	_
661-1	PKP033	661	661	1	volete	volete	_	_	_	_	_	linguistic	_	none	_	_	_	_	_	_
661-2	PKP033	661	661	2	un	un	_	_	_	_	_	linguistic	_	none	_	_	_	_	_	_
661-3	PKP033	661	661	3	piatto	piatto	_	_	_	_	_	linguistic	_	none	_	End=1104.91	_	_	_	_
662-0	PKP037	662	662	0	no	no	_	_	_	_	_	linguistic	_	none	PauseAfter=Yes	Begin=1105.26	_	_	_	_
662-1	PKP037	662	662	1	{P}	{P}	_	_	_	_	_	shortpause	_	none	_	_	_	_	_	_
662-2	PKP037	662	662	2	{ride}	{ride}	_	_	_	_	_	nonverbalbehavior	_	none	_	End=1106.74	_	_	_	_
663-0	PKP033	663	663	0	sicuri	sicuri	_	_	_	_	_	linguistic	_	none	_	Begin=1106.533	_	_	_	_
663-1	PKP033	663	663	1	va	va	_	_	_	_	_	linguistic	_	none	_	_	_	_	_	_
663-2	PKP033	663	663	2	bene	bene	_	_	_	_	_	linguistic	_	none	_	_	_	_	_	_
663-3	PKP033	663	663	3	o[kay]	okay	_	_	_	_	_	linguistic	_	none	_	End=1108.07	_	_	_	1-4(213)
664-0	PKP036	664	664	0	[non	non	_	_	_	_	_	linguistic	_	none	_	Begin=1107.68	_	_	_	0-3(?)
664-1	PKP036	664	664	1	serve	serve	_	_	_	_	_	linguistic	_	none	_	_	_	_	_	0-5(?)
664-2	PKP036	664	664	2	a]	a	_	_	_	_	_	linguistic	_	none	_	_	_	_	_	0-1(?)
664-3	PKP036	664	664	3	niente	niente	_	_	_	_	_	linguistic	_	none	_	End=1108.66	_	_	_	_
665-0	PKP037	665	665	0	[prometto	prometto	_	_	_	_	_	linguistic	_	none	_	Begin=1108.3	_	_	_	0-8(214)
665-1	PKP037	665	665	1	che]	che	_	_	_	_	_	linguistic	_	none	_	_	_	_	_	0-3(214)
665-2	PKP037	665	665	2	non	non	_	_	_	_	_	linguistic	_	none	_	_	_	_	_	_
665-3	PKP037	665	665	3	sporco	sporco	_	_	_	_	_	linguistic	_	none	_	End=1109.49	_	_	_	_
666-0	PKP033	666	666	0	no:	no	_	_	_	_	_	linguistic	_	none	_	Begin=1109.54	1x1	_	_	_
666-1	PKP033	666	666	1	ma	ma	_	_	_	_	_	linguistic	_	none	_	_	_	_	_	_
666-2	PKP033	666	666	2	no	no	_	_	_	_	_	linguistic	_	none	_	_	_	_	_	_
666-3	PKP033	666	666	3	puoi	puoi	_	_	_	_	_	linguistic	_	none	_	_	_	_	_	_
666-4	PKP033	666	666	4	sporcare	sporcare	_	_	_	_	_	linguistic	_	none	_	_	_	_	_	_
666-5	PKP033	666	666	5	ma	ma	_	_	_	_	_	linguistic	_	none	_	_	_	_	_	_
666-6	PKP033	666	666	6	figurati	figurati	_	_	_	_	_	linguistic	_	none	_	End=1112.03	_	_	_	_
667-0	PKP036	667	667	0	(p[uoi	puoi	_	_	_	_	_	linguistic	_	none	_	Begin=1112.2	_	_	0-4(0)	1-4(215)
667-1	PKP036	667	667	1	sporcare)]	sporcare	_	_	_	_	_	linguistic	_	none	_	End=1113.03	_	_	0-8(0)	0-8(215)
668-0	PKP033	668	668	0	okay	okay	_	_	_	_	_	linguistic	_	none	_	Begin=1112.31	_	_	_	_
668-1	PKP033	668	668	1	dopo	dopo	_	_	_	_	_	linguistic	_	none	_	_	_	_	_	_
668-2	PKP033	668	668	2	tokyo	tokyo	_	_	_	_	_	linguistic	_	none	_	End=1113.31	_	_	_	_
669-0	PKP037	669	669	0	no	no	_	_	_	_	_	linguistic	_	none	_	Begin=1113.33	_	_	_	_
669-1	PKP037	669	669	1	comunque:	comunque	_	_	_	_	_	linguistic	_	none	_	_	7x1	_	_	_
669-2	PKP037	669	669	2	che	che	_	_	_	_	_	linguistic	_	none	_	_	_	_	_	_
669-3	PKP037	669	669	3	giro	giro	_	_	_	_	_	linguistic	_	none	_	_	_	_	_	_
669-4	PKP037	669	669	4	ab~	ab~	_	_	_	_	_	linguistic	_	none	Interrupted=Yes	_	_	_	_	_
669-5	PKP037	669	669	5	c(io)è	cioè	_	_	_	_	_	linguistic	_	none	_	_	_	_	1-3(0)	_
669-6	PKP037	669	669	6	a	a	_	_	_	_	_	linguistic	_	none	_	_	_	_	_	_
669-7	PKP037	669	669	7	tokyo	tokyo	_	_	_	_	_	linguistic	_	none	_	_	_	_	_	_
669-8	PKP037	669	669	8	è	è	_	_	_	_	_	linguistic	_	none	_	_	_	_	_	_
669-9	PKP037	669	669	9	stato	stato	_	_	_	_	_	linguistic	_	none	_	_	_	_	_	_
669-10	PKP037	669	669	10	veramente:	veramente	_	_	_	_	_	linguistic	_	none	_	_	8x1	_	_	_
669-11	PKP037	669	669	11	contemporaneo	contemporaneo	_	_	_	_	_	linguistic	_	none	_	End=1117.21	_	_	_	_
670-0	PKP037	670	670	0	la	la	_	_	_	_	_	linguistic	_	none	_	Begin=1117.23	_	_	_	_
670-1	PKP037	670	670	1	cosa	cosa	_	_	_	_	_	linguistic	_	none	_	_	_	_	_	_
670-2	PKP037	670	670	2	che	che	_	_	_	_	_	linguistic	_	none	_	_	_	_	_	_
670-3	PKP037	670	670	3	mi	mi	_	_	_	_	_	linguistic	_	none	_	_	_	_	_	_
670-4	PKP037	670	670	4	è	è	_	_	_	_	_	linguistic	_	none	_	_	_	_	_	_
670-5	PKP037	670	670	5	piaciuta	piaciuta	_	_	_	_	_	linguistic	_	none	_	_	_	_	_	_
670-6	PKP037	670	670	6	di	di	_	_	_	_	_	linguistic	_	none	_	_	_	_	_	_
670-7	PKP037	670	670	7	più	più	_	_	_	_	_	linguistic	_	none	_	_	_	_	_	_
670-8	PKP037	670	670	8	a	a	_	_	_	_	_	linguistic	_	none	_	_	_	_	_	_
670-9	PKP037	670	670	9	me	me	_	_	_	_	_	linguistic	_	none	_	_	_	_	_	_
670-10	PKP037	670	670	10	sono	sono	_	_	_	_	_	linguistic	_	none	_	_	_	_	_	_
670-11	PKP037	670	670	11	i	i	_	_	_	_	_	linguistic	_	none	_	_	_	_	_	_
670-12	PKP037	670	670	12	grattacieli	grattacieli	_	_	_	_	_	linguistic	_	none	_	End=1119.52	_	_	_	_
671-0	PKP037	671	671	0	siamo	siamo	_	_	_	_	_	linguistic	_	none	_	Begin=1119.54	_	_	_	_
671-1	PKP037	671	671	1	andati	andati	_	_	_	_	_	linguistic	_	none	_	_	_	_	_	_
671-2	PKP037	671	671	2	a	a	_	_	_	_	_	linguistic	_	none	_	_	_	_	_	_
671-3	PKP037	671	671	3	veder	veder	_	_	_	_	_	linguistic	_	none	_	_	_	_	_	_
671-4	PKP037	671	671	4	dei	dei	_	_	_	_	_	linguistic	_	none	_	_	_	_	_	_
671-5	PKP037	671	671	5	grattacieli	grattacieli	_	_	_	_	_	linguistic	_	none	_	_	_	_	_	_
671-6	PKP037	671	671	6	che	che	_	_	_	_	_	linguistic	_	none	_	_	_	_	_	_
671-7	PKP037	671	671	7	erano	erano	_	_	_	_	_	linguistic	_	none	PauseAfter=Yes	_	_	_	_	_
671-8	PKP037	671	671	8	{P}	{P}	_	_	_	_	_	shortpause	_	none	_	_	_	_	_	_
671-9	PKP037	671	671	9	fatti	fatti	_	_	_	_	_	linguistic	_	none	_	_	_	_	_	_
671-10	PKP037	671	671	10	da	da	_	_	_	_	_	linguistic	_	none	_	_	_	_	_	_
671-11	PKP037	671	671	11	un	un	_	_	_	_	_	linguistic	_	none	_	_	_	_	_	_
671-12	PKP037	671	671	12	architetto	architetto	_	_	_	_	_	linguistic	_	none	PauseAfter=Yes	_	_	_	_	_
671-13	PKP037	671	671	13	{P}	{P}	_	_	_	_	_	shortpause	_	none	_	_	_	_	_	_
671-14	PKP037	671	671	14	che	che	_	_	_	_	_	linguistic	_	none	_	_	_	_	_	_
671-15	PKP037	671	671	15	mi	mi	_	_	_	_	_	linguistic	_	none	_	_	_	_	_	_
671-16	PKP037	671	671	16	piace	piace	_	_	_	_	_	linguistic	_	none	_	_	_	_	_	_
671-17	PKP037	671	671	17	molto	molto	_	_	_	_	_	linguistic	_	none	_	_	_	_	_	_
671-18	PKP037	671	671	18	che	che	_	_	_	_	_	linguistic	_	none	_	_	_	_	_	_
671-19	PKP037	671	671	19	è	è	_	_	_	_	_	linguistic	_	none	_	_	_	_	_	_
671-20	PKP037	671	671	20	quello	quello	_	_	_	_	_	linguistic	_	none	_	_	_	_	_	_
671-21	PKP037	671	671	21	che	che	_	_	_	_	_	linguistic	_	none	_	_	_	_	_	_
671-22	PKP037	671	671	22	ha	ha	_	_	_	_	_	linguistic	_	none	_	_	_	_	_	_
671-23	PKP037	671	671	23	fatto	fatto	_	_	_	_	_	linguistic	_	none	_	_	_	_	_	_
671-24	PKP037	671	671	24	la	la	_	_	_	_	_	linguistic	_	none	_	_	_	_	_	_
671-25	PKP037	671	671	25	fiera	fiera	_	_	_	_	_	linguistic	_	none	_	End=1125.55	_	_	_	_
672-0	PKP036	672	672	0	ah	ah	_	_	_	_	_	linguistic	_	none	_	Begin=1126.27|End=1126.59	_	_	_	_
673-0	PKP037	673	673	0	qui	qui	_	_	_	_	_	linguistic	_	none	_	Begin=1126.63	_	_	_	_
673-1	PKP037	673	673	1	a	a	_	_	_	_	_	linguistic	_	none	_	_	_	_	_	_
673-2	PKP037	673	673	2	bologna	bologna	_	_	_	_	_	linguistic	_	none	_	End=1127.27	_	_	_	_
674-0	PKP033	674	674	0	ah	ah	_	_	_	_	_	linguistic	_	none	_	Begin=1127.53|End=1127.87	_	_	_	_
675-0	PKP037	675	675	0	il:	il	_	_	_	_	_	linguistic	_	none	_	Begin=1127.95	1x1	_	_	_
675-1	PKP037	675	675	1	palazzo	palazzo	_	_	_	_	_	linguistic	_	none	_	_	_	_	_	_
675-2	PKP037	675	675	2	della	della	_	_	_	_	_	linguistic	_	none	_	_	_	_	_	_
675-3	PKP037	675	675	3	regione	regione	_	_	_	_	_	linguistic	_	none	_	End=1129.43	_	_	_	_
676-0	PKP033	676	676	0	ma	ma	_	_	_	_	_	linguistic	_	none	_	Begin=1129.553	_	_	_	_
676-1	PKP033	676	676	1	come	come	_	_	_	_	_	linguistic	_	none	_	_	_	_	_	_
676-2	PKP033	676	676	2	si	si	_	_	_	_	_	linguistic	_	none	_	_	_	_	_	_
676-3	PKP033	676	676	3	chiama	chiama	_	_	_	_	_	linguistic	_	none	_	End=1130.37	_	_	_	_
677-0	PKP037	677	677	0	kenzo	kenzo	_	_	_	_	_	linguistic	_	none	_	Begin=1131.04	_	_	_	_
677-1	PKP037	677	677	1	tange	tange	_	_	_	_	_	linguistic	_	none	_	End=1131.86	_	_	_	_
678-0	PKP036	678	678	0	mh	mh	_	_	_	_	_	linguistic	_	none	_	Begin=1132.63|End=1132.99	_	_	_	_
679-0	PKP036	679	679	0	famosissimo	famosissimo	_	_	_	_	_	linguistic	_	none	_	Begin=1133.993|End=1134.76	_	_	_	_
680-0	PKP037	680	680	0	famosi~	famosi~	_	_	_	_	_	linguistic	_	none	Interrupted=Yes	Begin=1134.85	_	_	_	_
680-1	PKP037	680	680	1	eh	eh	_	_	_	_	_	linguistic	_	none	_	_	_	_	_	_
680-2	PKP037	680	680	2	famossissimo	famossissimo	_	_	_	_	_	linguistic	_	none	_	_	_	_	_	_
680-3	PKP037	680	680	3	{ride}	{ride}	_	_	_	_	_	nonverbalbehavior	_	none	_	End=1136.61	_	_	_	_
681-0	PKP037	681	681	0	già	già	_	_	_	_	_	linguistic	_	none	_	Begin=1136.62	_	_	_	_
681-1	PKP037	681	681	1	il	il	_	_	_	_	_	linguistic	_	none	_	_	_	_	_	_
681-2	PKP037	681	681	2	fatto	fatto	_	_	_	_	_	linguistic	_	none	_	_	_	_	_	_
681-3	PKP037	681	681	3	che	che	_	_	_	_	_	linguistic	_	none	_	_	_	_	_	_
681-4	PKP037	681	681	4	non	non	_	_	_	_	_	linguistic	_	none	_	_	_	_	_	_
681-5	PKP037	681	681	5	ce	ce	_	_	_	_	_	linguistic	_	none	_	_	_	_	_	_
681-6	PKP037	681	681	6	lo	lo	_	_	_	_	_	linguistic	_	none	_	_	_	_	_	_
681-7	PKP037	681	681	7	conosciamo	conosciamo	_	_	_	_	_	linguistic	_	none	_	_	_	_	_	_
681-8	PKP037	681	681	8	e	e	_	_	_	_	_	linguistic	_	none	_	_	_	_	_	_
681-9	PKP037	681	681	9	non	non	_	_	_	_	_	linguistic	_	none	_	_	_	_	_	_
681-10	PKP037	681	681	10	ce	ce	_	_	_	_	_	linguistic	_	none	_	_	_	_	_	_
681-11	PKP037	681	681	11	lo	lo	_	_	_	_	_	linguistic	_	none	_	_	_	_	_	_
681-12	PKP037	681	681	12	insegnano	insegnano	_	_	_	_	_	linguistic	_	none	_	_	_	_	_	_
681-13	PKP037	681	681	13	è	è	_	_	_	_	_	linguistic	_	none	_	_	_	_	_	_
681-14	PKP037	681	681	14	un'	un'	_	_	_	_	_	linguistic	_	none	SpaceAfter=No	_	_	_	_	_
681-15	PKP037	681	681	15	altra	altra	_	_	_	_	_	linguistic	_	none	_	_	_	_	_	_
681-16	PKP037	681	681	16	cosa	cosa	_	_	_	_	_	linguistic	_	none	_	_	_	_	_	_
681-17	PKP037	681	681	17	però	però	_	_	_	_	_	linguistic	_	none	_	_	_	_	_	_
681-18	PKP037	681	681	18	è	è	_	_	_	_	_	linguistic	_	none	_	_	_	_	_	_
681-19	PKP037	681	681	19	[famosissimo]	famosissimo	_	_	_	_	_	linguistic	_	none	_	End=1140.08	_	_	_	0-11(216)
682-0	PKP033	682	682	0	[no	no	_	_	_	_	_	linguistic	_	none	_	Begin=1139.38	_	_	_	0-2(216)
682-1	PKP033	682	682	1	no	no	_	_	_	_	_	linguistic	_	none	_	_	_	_	_	0-2(216)
682-2	PKP033	682	682	2	beh]	beh	_	_	_	_	_	linguistic	_	none	_	End=1139.993	_	_	_	0-3(216)
683-0	PKP037	683	683	0	mh	mh	_	_	_	_	_	linguistic	_	none	_	Begin=1142.33|End=1142.68	_	_	_	_
684-0	PKP037	684	684	0	poi	poi	_	_	_	_	_	linguistic	_	none	_	Begin=1143.78|End=1144.19	_	_	_	_
685-0	PKP037	685	685	0	kyoto	kyoto	_	_	_	_	_	linguistic	_	none	_	Begin=1145.05|End=1145.64	_	_	_	_
686-0	PKP036	686	686	0	m:h	mh	_	_	_	_	_	linguistic	_	none	_	Begin=1146.0|End=1146.55	0x1	_	_	_
687-0	PKP037	687	687	0	che	che	_	_	_	_	_	linguistic	_	none	_	Begin=1149.773	_	_	_	_
687-1	PKP037	687	687	1	invece	invece	_	_	_	_	_	linguistic	_	none	_	End=1150.51	_	_	_	_
688-0	PKP036	688	688	0	è	è	_	_	_	_	_	linguistic	_	none	_	Begin=1151.7	_	_	_	_
688-1	PKP036	688	688	1	il	il	_	_	_	_	_	linguistic	_	none	_	_	_	_	_	_
688-2	PKP036	688	688	2	contrario	contrario	_	_	_	_	_	linguistic	_	none	_	End=1152.4	_	_	_	_
689-0	PKP037	689	689	0	c(io)è	cioè	_	_	_	_	_	linguistic	_	none	_	Begin=1153.49	_	_	1-3(0)	_
689-1	PKP037	689	689	1	io	io	_	_	_	_	_	linguistic	_	none	_	_	_	_	_	_
689-2	PKP037	689	689	2	mi	mi	_	_	_	_	_	linguistic	_	none	_	_	_	_	_	_
689-3	PKP037	689	689	3	aspettavo	aspettavo	_	_	_	_	_	linguistic	_	none	_	_	_	_	_	_
689-4	PKP037	689	689	4	il	il	_	_	_	_	_	linguistic	_	none	_	_	_	_	_	_
689-5	PKP037	689	689	5	giappone	giappone	_	_	_	_	_	linguistic	_	none	_	_	_	_	_	_
689-6	PKP037	689	689	6	fosse	fosse	_	_	_	_	_	linguistic	_	none	_	_	_	_	_	_
689-7	PKP037	689	689	7	come	come	_	_	_	_	_	linguistic	_	none	_	_	_	_	_	_
689-8	PKP037	689	689	8	kyoto	kyoto	_	_	_	_	_	linguistic	_	none	_	End=1155.81	_	_	_	_
690-0	PKP037	690	690	0	e:	e	_	_	_	_	_	linguistic	_	none	_	Begin=1156.713	0x1	_	_	_
690-1	PKP037	690	690	1	nel	nel	_	_	_	_	_	linguistic	_	none	_	_	_	_	_	_
690-2	PKP037	690	690	2	senso	senso	_	_	_	_	_	linguistic	_	none	_	_	_	_	_	_
690-3	PKP037	690	690	3	che~	che~	_	_	_	_	_	linguistic	_	none	Interrupted=Yes|PauseAfter=Yes	_	_	_	_	_
690-4	PKP037	690	690	4	{P}	{P}	_	_	_	_	_	shortpause	_	none	_	_	_	_	_	_
690-5	PKP037	690	690	5	più	più	_	_	_	_	_	linguistic	_	none	_	_	_	_	_	_
690-6	PKP037	690	690	6	giapponese	giapponese	_	_	_	_	_	linguistic	_	none	_	_	_	_	_	_
690-7	PKP037	690	690	7	e	e	_	_	_	_	_	linguistic	_	none	_	_	_	_	_	_
690-8	PKP037	690	690	8	basta	basta	_	_	_	_	_	linguistic	_	none	_	_	_	_	_	_
690-9	PKP037	690	690	9	mentre	mentre	_	_	_	_	_	linguistic	_	none	_	_	_	_	_	_
690-10	PKP037	690	690	10	tokyo	tokyo	_	_	_	_	_	linguistic	_	none	_	_	_	_	_	_
690-11	PKP037	690	690	11	è	è	_	_	_	_	_	linguistic	_	none	_	_	_	_	_	_
690-12	PKP037	690	690	12	più	più	_	_	_	_	_	linguistic	_	none	_	_	_	_	_	_
690-13	PKP037	690	690	13	giapponese	giapponese	_	_	_	_	_	linguistic	_	none	_	_	_	_	_	_
690-14	PKP037	690	690	14	è	è	_	_	_	_	_	linguistic	_	none	_	_	_	_	_	_
690-15	PKP037	690	690	15	al	al	_	_	_	_	_	linguistic	_	none	_	_	_	_	_	_
690-16	PKP037	690	690	16	futuro	futuro	_	_	_	_	_	linguistic	_	none	_	_	_	_	_	_
690-17	PKP037	690	690	17	è	è	_	_	_	_	_	linguistic	_	none	_	_	_	_	_	_
690-18	PKP037	690	690	18	tutto	tutto	_	_	_	_	_	linguistic	_	none	_	_	_	_	_	_
690-19	PKP037	690	690	19	e:	e	_	_	_	_	_	linguistic	_	none	_	End=1162.93	0x1	_	_	_
691-0	PKP036	691	691	0	mh	mh	_	_	_	_	_	linguistic	_	none	_	Begin=1164.4|End=1164.59	_	_	_	_
692-0	PKP037	692	692	0	i	i	_	_	_	_	_	linguistic	_	none	_	Begin=1164.6	_	_	_	_
692-1	PKP037	692	692	1	servi~	servi~	_	_	_	_	_	linguistic	_	none	Interrupted=Yes	_	_	_	_	_
692-2	PKP037	692	692	2	a	a	_	_	_	_	_	linguistic	_	none	_	_	_	_	_	_
692-3	PKP037	692	692	3	livello	livello	_	_	_	_	_	linguistic	_	none	_	_	_	_	_	_
692-4	PKP037	692	692	4	dei	dei	_	_	_	_	_	linguistic	_	none	_	_	_	_	_	_
692-5	PKP037	692	692	5	servizi:	servizi	_	_	_	_	_	linguistic	_	none	_	End=1166.16	6x1	_	_	_
693-0	PKP037	693	693	0	è	è	_	_	_	_	_	linguistic	_	none	_	Begin=1166.32	_	_	_	_
693-1	PKP037	693	693	1	altissimo	altissimo	_	_	_	_	_	linguistic	_	none	_	End=1167.28	_	_	_	_
694-0	PKP037	694	694	0	ci	ci	_	_	_	_	_	linguistic	_	none	_	Begin=1167.39	_	_	_	_
694-1	PKP037	694	694	1	stanno	stanno	_	_	_	_	_	linguistic	_	none	_	End=1168.06	_	_	_	_
695-0	PKP037	695	695	0	due	due	_	_	_	_	_	linguistic	_	none	_	Begin=1168.11	_	_	_	_
695-1	PKP037	695	695	1	metropolitane	metropolitane	_	_	_	_	_	linguistic	_	none	_	End=1168.98	_	_	_	_
696-0	PKP037	696	696	0	tre	tre	_	_	_	_	_	linguistic	_	none	_	Begin=1169.167	_	_	_	_
696-1	PKP037	696	696	1	linee	linee	_	_	_	_	_	linguistic	_	none	_	End=1169.713	_	_	_	_
697-0	PKP037	697	697	0	tre	tre	_	_	_	_	_	linguistic	_	none	_	Begin=1169.8	_	_	_	_
697-1	PKP037	697	697	1	compagnie	compagnie	_	_	_	_	_	linguistic	_	none	_	_	_	_	_	_
697-2	PKP037	697	697	2	dei	dei	_	_	_	_	_	linguistic	_	none	_	_	_	_	_	_
697-3	PKP037	697	697	3	treni	treni	_	_	_	_	_	linguistic	_	none	_	End=1170.85	_	_	_	_
698-0	PKP037	698	698	0	tutte	tutte	_	_	_	_	_	linguistic	_	none	_	Begin=1170.91	_	_	_	_
698-1	PKP037	698	698	1	che	che	_	_	_	_	_	linguistic	_	none	_	_	_	_	_	_
698-2	PKP037	698	698	2	intrecciate	intrecciate	_	_	_	_	_	linguistic	_	none	_	_	_	_	_	_
698-3	PKP037	698	698	3	tra	tra	_	_	_	_	_	linguistic	_	none	_	_	_	_	_	_
698-4	PKP037	698	698	4	loro	loro	_	_	_	_	_	linguistic	_	none	_	End=1172.13	_	_	_	_
699-0	PKP037	699	699	0	ogni	ogni	_	_	_	_	_	linguistic	_	none	_	Begin=1172.59	_	_	_	_
699-1	PKP037	699	699	1	cento	cento	_	_	_	_	_	linguistic	_	none	_	_	_	_	_	_
699-2	PKP037	699	699	2	metri	metri	_	_	_	_	_	linguistic	_	none	_	_	_	_	_	_
699-3	PKP037	699	699	3	anche	anche	_	_	_	_	_	linguistic	_	none	_	_	_	_	_	_
699-4	PKP037	699	699	4	nel	nel	_	_	_	_	_	linguistic	_	none	_	_	_	_	_	_
699-5	PKP037	699	699	5	parco	parco	_	_	_	_	_	linguistic	_	none	_	_	_	_	_	_
699-6	PKP037	699	699	6	pubblico	pubblico	_	_	_	_	_	linguistic	_	none	_	_	_	_	_	_
699-7	PKP037	699	699	7	hai:	hai	_	_	_	_	_	linguistic	_	none	_	_	2x1	_	_	_
699-8	PKP037	699	699	8	hai	hai	_	_	_	_	_	linguistic	_	none	_	_	_	_	_	_
699-9	PKP037	699	699	9	i	i	_	_	_	_	_	linguistic	_	none	_	_	_	_	_	_
699-10	PKP037	699	699	10	bagni	bagni	_	_	_	_	_	linguistic	_	none	_	End=1175.42	_	_	_	_
700-0	PKP037	700	700	0	pulitissimi	pulitissimi	_	_	_	_	_	linguistic	_	none	_	Begin=1176.37|End=1177.17	_	_	_	_
701-0	PKP033	701	701	0	ah	ah	_	_	_	_	_	linguistic	_	none	_	Begin=1177.38	_	_	_	_
701-1	PKP033	701	701	1	sì	sì	_	_	_	_	_	linguistic	_	none	_	_	_	_	_	_
701-2	PKP033	701	701	2	me	me	_	_	_	_	_	linguistic	_	none	_	_	_	_	_	_
701-3	PKP033	701	701	3	lo	lo	_	_	_	_	_	linguistic	_	none	_	_	_	_	_	_
701-4	PKP033	701	701	4	immagino	immagino	_	_	_	_	_	linguistic	_	none	_	End=1178.46	_	_	_	_
702-0	PKP037	702	702	0	invece	invece	_	_	_	_	_	linguistic	_	none	_	Begin=1179.08	_	_	_	_
702-1	PKP037	702	702	1	tokyo	tokyo	_	_	_	_	_	linguistic	_	none	_	_	_	_	_	_
702-2	PKP037	702	702	2	era	era	_	_	_	_	_	linguistic	_	none	_	_	_	_	_	_
702-3	PKP037	702	702	3	semplicemente:	semplicemente	_	_	_	_	_	linguistic	_	none	_	End=1180.49	12x1	_	_	_
703-0	PKP036	703	703	0	tokyo	tokyo	_	_	_	_	_	linguistic	_	none	_	Begin=1180.56	_	_	_	_
703-1	PKP036	703	703	1	non	non	_	_	_	_	_	linguistic	_	none	_	_	_	_	_	_
703-2	PKP036	703	703	2	è	è	_	_	_	_	_	linguistic	_	none	_	_	_	_	_	_
703-3	PKP036	703	703	3	bella	bella	_	_	_	_	_	linguistic	_	none	_	End=1181.56	_	_	_	_
704-0	PKP037	704	704	0	kyoto?	kyoto	_	_	_	_	_	linguistic	_	none	Intonation=Rising|PauseAfter=Yes	Begin=1181.66	_	_	_	_
704-1	PKP037	704	704	1	{P}	{P}	_	_	_	_	_	shortpause	_	none	_	_	_	_	_	_
704-2	PKP037	704	704	2	o	o	_	_	_	_	_	linguistic	_	none	_	_	_	_	_	_
704-3	PKP037	704	704	3	tok[yo]	tokyo	_	_	_	_	_	linguistic	_	none	_	End=1182.75	_	_	_	3-5(217)
705-0	PKP036	705	705	0	[e]:	e	_	_	_	_	_	linguistic	_	none	_	Begin=1182.55	0x1	_	_	0-1(?)
705-1	PKP036	705	705	1	kyoto	kyoto	_	_	_	_	_	linguistic	_	none	_	_	_	_	_	_
705-2	PKP036	705	705	2	scusa	scusa	_	_	_	_	_	linguistic	_	none	_	_	_	_	_	_
705-3	PKP036	705	705	3	{ride}	{ride}	_	_	_	_	_	nonverbalbehavior	_	none	_	End=1183.7	_	_	_	_
706-0	PKP037	706	706	0	{ride}	{ride}	_	_	_	_	_	nonverbalbehavior	_	none	_	Begin=1183.52|End=1184.18	_	_	_	_
707-0	PKP033	707	707	0	[ah	ah	_	_	_	_	_	linguistic	_	none	_	Begin=1183.59	_	_	_	0-2(218)
707-1	PKP033	707	707	1	non	non	_	_	_	_	_	linguistic	_	none	_	_	_	_	_	0-3(218)
707-2	PKP033	707	707	2	è]	è	_	_	_	_	_	linguistic	_	none	_	_	_	_	_	0-1(218)
707-3	PKP033	707	707	3	bella	bella	_	_	_	_	_	linguistic	_	none	_	End=1184.56	_	_	_	_
708-0	PKP036	708	708	0	c(io)è	cioè	_	_	_	_	_	linguistic	_	none	_	Begin=1185.133	_	_	1-3(0)	_
708-1	PKP036	708	708	1	è	è	_	_	_	_	_	linguistic	_	none	PauseAfter=Yes	_	_	_	_	_
708-2	PKP036	708	708	2	{P}	{P}	_	_	_	_	_	shortpause	_	none	_	_	_	_	_	_
708-3	PKP036	708	708	3	sono	sono	_	_	_	_	_	linguistic	_	none	_	_	_	_	_	_
708-4	PKP036	708	708	4	belli	belli	_	_	_	_	_	linguistic	_	none	_	_	_	_	_	_
708-5	PKP036	708	708	5	i	i	_	_	_	_	_	linguistic	_	none	_	_	_	_	_	_
708-6	PKP036	708	708	6	templi	templi	_	_	_	_	_	linguistic	_	none	_	_	_	_	_	_
708-7	PKP036	708	708	7	è	è	_	_	_	_	_	linguistic	_	none	_	_	_	_	_	_
708-8	PKP036	708	708	8	la	la	_	_	_	_	_	linguistic	_	none	_	_	_	_	_	_
708-9	PKP036	708	708	9	città	città	_	_	_	_	_	linguistic	_	none	_	_	_	_	_	_
708-10	PKP036	708	708	10	dei	dei	_	_	_	_	_	linguistic	_	none	_	_	_	_	_	_
708-11	PKP036	708	708	11	templi	templi	_	_	_	_	_	linguistic	_	none	_	End=1188.27	_	_	_	_
709-0	PKP033	709	709	0	[ah	ah	_	_	_	_	_	linguistic	_	none	_	Begin=1188.15	_	_	_	0-2(?)
709-1	PKP033	709	709	1	okay	okay	_	_	_	_	_	linguistic	_	none	_	_	_	_	_	0-4(?)
709-2	PKP033	709	709	2	okay	okay	_	_	_	_	_	linguistic	_	none	_	_	_	_	_	0-4(?)
709-3	PKP033	709	709	3	okay]	okay	_	_	_	_	_	linguistic	_	none	_	End=1189.37	_	_	_	0-4(?)
710-0	PKP036	710	710	0	[quindi	quindi	_	_	_	_	_	linguistic	_	none	_	Begin=1188.4	_	_	_	0-6(220)
710-1	PKP036	710	710	1	ci	ci	_	_	_	_	_	linguistic	_	none	_	_	_	_	_	0-2(220)
710-2	PKP036	710	710	2	vedi:]	vedi	_	_	_	_	_	linguistic	_	none	_	_	3x1	_	_	0-4(220)
710-3	PKP036	710	710	3	tutti	tutti	_	_	_	_	_	linguistic	_	none	_	_	_	_	_	_
710-4	PKP036	710	710	4	i	i	_	_	_	_	_	linguistic	_	none	_	_	_	_	_	_
710-5	PKP036	710	710	5	templi	templi	_	_	_	_	_	linguistic	_	none	_	_	_	_	_	_
710-6	PKP036	710	710	6	eccetera	eccetera	_	_	_	_	_	linguistic	_	none	_	End=1190.58	_	_	_	_
711-0	PKP036	711	711	0	però	però	_	_	_	_	_	linguistic	_	none	_	Begin=1191.1	_	_	_	_
711-1	PKP036	711	711	1	la	la	_	_	_	_	_	linguistic	_	none	_	_	_	_	_	_
711-2	PKP036	711	711	2	città	città	_	_	_	_	_	linguistic	_	none	_	_	_	_	_	_
711-3	PKP036	711	711	3	in	in	_	_	_	_	_	linguistic	_	none	_	_	_	_	_	_
711-4	PKP036	711	711	4	sè	sè	_	_	_	_	_	linguistic	_	none	PauseAfter=Yes	_	_	_	_	_
711-5	PKP036	711	711	5	{P}	{P}	_	_	_	_	_	shortpause	_	none	_	_	_	_	_	_
711-6	PKP036	711	711	6	non	non	_	_	_	_	_	linguistic	_	none	_	_	_	_	_	_
711-7	PKP036	711	711	7	è	è	_	_	_	_	_	linguistic	_	none	_	_	_	_	_	_
711-8	PKP036	711	711	8	tanto	tanto	_	_	_	_	_	linguistic	_	none	_	_	_	_	_	_
711-9	PKP036	711	711	9	bella	bella	_	_	_	_	_	linguistic	_	none	_	End=1194.21	_	_	_	_
712-0	PKP037	712	712	0	mh	mh	_	_	_	_	_	linguistic	_	none	_	Begin=1194.71|End=1195.12	_	_	_	_
713-0	PKP036	713	713	0	#un	#un	_	_	_	_	_	error	_	none	_	Begin=1195.52	_	_	_	_
713-1	PKP036	713	713	1	po'	po'	_	_	_	_	_	linguistic	_	none	_	_	_	_	_	_
713-2	PKP036	713	713	2	un	un	_	_	_	_	_	linguistic	_	none	_	_	_	_	_	_
713-3	PKP036	713	713	3	ammacco	ammacco	_	_	_	_	_	linguistic	_	none	_	_	_	_	_	_
713-4	PKP036	713	713	4	di	di	_	_	_	_	_	linguistic	_	none	_	_	_	_	_	_
713-5	PKP036	713	713	5	cose	cose	_	_	_	_	_	linguistic	_	none	_	End=1196.99	_	_	_	_
714-0	PKP036	714	714	0	mh	mh	_	_	_	_	_	linguistic	_	none	_	Begin=1200.32|End=1200.62	_	_	_	_
715-0	PKP033	715	715	0	ma	ma	_	_	_	_	_	linguistic	_	none	_	Begin=1200.89	_	_	_	_
715-1	PKP033	715	715	1	è	è	_	_	_	_	_	linguistic	_	none	_	_	_	_	_	_
715-2	PKP033	715	715	2	sempre:	sempre	_	_	_	_	_	linguistic	_	none	_	_	5x1	_	_	_
715-3	PKP033	715	715	3	una	una	_	_	_	_	_	linguistic	_	none	_	_	_	_	_	_
715-4	PKP033	715	715	4	metropoli	metropoli	_	_	_	_	_	linguistic	_	none	_	End=1202.54	_	_	_	_
716-0	PKP036	716	716	0	no	no	_	_	_	_	_	linguistic	_	none	_	Begin=1202.71|End=1203.14	_	_	_	_
717-0	PKP033	717	717	0	no	no	_	_	_	_	_	linguistic	_	none	PauseAfter=Yes	Begin=1203.19	_	_	_	_
717-1	PKP033	717	717	1	{P}	{P}	_	_	_	_	_	shortpause	_	none	_	_	_	_	_	_
717-2	PKP033	717	717	2	ah	ah	_	_	_	_	_	linguistic	_	none	_	_	_	_	_	_
717-3	PKP033	717	717	3	[no	no	_	_	_	_	_	linguistic	_	none	_	_	_	_	_	0-2(221)
717-4	PKP033	717	717	4	no]	no	_	_	_	_	_	linguistic	_	none	_	End=1204.21	_	_	_	0-2(221)
718-0	PKP037	718	718	0	[non	non	_	_	_	_	_	linguistic	_	none	_	Begin=1203.75	_	_	_	0-3(221)
718-1	PKP037	718	718	1	ha	ha	_	_	_	_	_	linguistic	_	none	_	_	_	_	_	0-2(221)
718-2	PKP037	718	718	2	gra]ttacieli	grattacieli	_	_	_	_	_	linguistic	_	none	_	End=1204.78	_	_	_	0-3(221)
719-0	PKP036	719	719	0	è	è	_	_	_	_	_	linguistic	_	none	_	Begin=1205.21	_	_	_	_
719-1	PKP036	719	719	1	piccola	piccola	_	_	_	_	_	linguistic	_	none	_	End=1206.05	_	_	_	_
720-0	PKP033	720	720	0	e	e	_	_	_	_	_	linguistic	_	none	_	Begin=1207.14	_	_	_	_
720-1	PKP033	720	720	1	il	il	_	_	_	_	_	linguistic	_	none	_	_	_	_	_	_
720-2	PKP033	720	720	2	cibo	cibo	_	_	_	_	_	linguistic	_	none	_	End=1208.01	_	_	_	_
721-0	PKP033	721	721	0	e	e	_	_	_	_	_	linguistic	_	none	_	Begin=1208.32	_	_	_	_
721-1	PKP033	721	721	1	il	il	_	_	_	_	_	linguistic	_	none	_	_	_	_	_	_
721-2	PKP033	721	721	2	sushi	sushi	_	_	_	_	_	linguistic	_	none	_	End=1209.0	_	_	_	_
722-0	PKP037	722	722	0	mh	mh	_	_	_	_	_	linguistic	_	none	_	Begin=1209.8|End=1210.0	_	_	_	_
723-0	PKP036	723	723	0	mh	mh	_	_	_	_	_	linguistic	_	none	_	Begin=1210.01|End=1210.39	_	_	_	_
724-0	PKP036	724	724	0	e:hm	ehm	_	_	_	_	_	linguistic	_	none	_	Begin=1210.99	0x1	_	_	_
724-1	PKP036	724	724	1	il	il	_	_	_	_	_	linguistic	_	none	_	_	_	_	_	_
724-2	PKP036	724	724	2	sushi:	sushi	_	_	_	_	_	linguistic	_	none	_	_	4x1	_	_	_
724-3	PKP036	724	724	3	n:on	non	_	_	_	_	_	linguistic	_	none	_	_	0x1	_	_	_
724-4	PKP036	724	724	4	esiste	esiste	_	_	_	_	_	linguistic	_	none	_	_	_	_	_	_
724-5	PKP036	724	724	5	{ride}	{ride}	_	_	_	_	_	nonverbalbehavior	_	none	_	End=1213.92	_	_	_	_
725-0	PKP037	725	725	0	{ride}	{ride}	_	_	_	_	_	nonverbalbehavior	_	none	_	Begin=1213.95|End=1214.76	_	_	_	_
726-0	PKP036	726	726	0	c(io)è	cioè	_	_	_	_	_	linguistic	_	none	_	Begin=1214.86	_	_	1-3(0)	_
726-1	PKP036	726	726	1	non	non	_	_	_	_	_	linguistic	_	none	_	_	_	_	_	_
726-2	PKP036	726	726	2	è	è	_	_	_	_	_	linguistic	_	none	_	_	_	_	_	_
726-3	PKP036	726	726	3	tanto:	tanto	_	_	_	_	_	linguistic	_	none	_	End=1216.46	4x1	_	_	_
727-0	PKP037	727	727	0	lo	lo	_	_	_	_	_	linguistic	_	none	_	Begin=1216.58	_	_	_	_
727-1	PKP037	727	727	1	mangiano:	mangiano	_	_	_	_	_	linguistic	_	none	_	_	7x1	_	_	_
727-2	PKP037	727	727	2	più	più	_	_	_	_	_	linguistic	_	none	_	_	_	_	_	_
727-3	PKP037	727	727	3	raramente	raramente	_	_	_	_	_	linguistic	_	none	_	_	_	_	_	_
727-4	PKP037	727	727	4	del	del	_	_	_	_	_	linguistic	_	none	_	_	_	_	_	_
727-5	PKP037	727	727	5	previsto	previsto	_	_	_	_	_	linguistic	_	none	_	End=1218.77	_	_	_	_
728-0	PKP036	728	728	0	sì	sì	_	_	_	_	_	linguistic	_	none	PauseAfter=Yes	Begin=1219.033	_	_	_	_
728-1	PKP036	728	728	1	{P}	{P}	_	_	_	_	_	shortpause	_	none	_	_	_	_	_	_
728-2	PKP036	728	728	2	abbiamo	abbiamo	_	_	_	_	_	linguistic	_	none	_	_	_	_	_	_
728-3	PKP036	728	728	3	fatto	fatto	_	_	_	_	_	linguistic	_	none	_	_	_	_	_	_
728-4	PKP036	728	728	4	fatica	fatica	_	_	_	_	_	linguistic	_	none	_	_	_	_	_	_
728-5	PKP036	728	728	5	a	a	_	_	_	_	_	linguistic	_	none	_	_	_	_	_	_
728-6	PKP036	728	728	6	trovarlo	trovarlo	_	_	_	_	_	linguistic	_	none	_	End=1221.273	_	_	_	_
729-0	PKP033	729	729	0	mh	mh	_	_	_	_	_	linguistic	_	none	_	Begin=1222.63|End=1223.06	_	_	_	_
730-0	PKP033	730	730	0	c(io)è	cioè	_	_	_	_	_	linguistic	_	none	_	Begin=1223.21	_	_	1-3(0)	_
730-1	PKP033	730	730	1	ma	ma	_	_	_	_	_	linguistic	_	none	_	_	_	_	_	_
730-2	PKP033	730	730	2	fatica	fatica	_	_	_	_	_	linguistic	_	none	_	_	_	_	_	_
730-3	PKP033	730	730	3	proprio?	proprio	_	_	_	_	_	linguistic	_	none	Intonation=Rising	End=1224.47	_	_	_	_
731-0	PKP037	731	731	0	m:h	mh	_	_	_	_	_	linguistic	_	none	_	Begin=1224.55	0x1	_	_	_
731-1	PKP037	731	731	1	no:	no	_	_	_	_	_	linguistic	_	none	_	End=1225.47	1x1	_	_	_
732-0	PKP036	732	732	0	vabbè	vabbè	_	_	_	_	_	linguistic	_	none	_	Begin=1225.49|End=1226.06	_	_	_	_
733-0	PKP036	733	733	0	c(io)è	cioè	_	_	_	_	_	linguistic	_	none	_	Begin=1228.167	_	_	1-3(0)	_
733-1	PKP036	733	733	1	non	non	_	_	_	_	_	linguistic	_	none	_	_	_	_	_	_
733-2	PKP036	733	733	2	c'	c'	_	_	_	_	_	linguistic	_	none	SpaceAfter=No	_	_	_	_	_
733-3	PKP036	733	733	3	è	è	_	_	_	_	_	linguistic	_	none	_	_	_	_	_	_
733-4	PKP036	733	733	4	proprio	proprio	_	_	_	_	_	linguistic	_	none	_	_	_	_	_	_
733-5	PKP036	733	733	5	il	il	_	_	_	_	_	linguistic	_	none	_	_	_	_	_	_
733-6	PKP036	733	733	6	sushi	sushi	_	_	_	_	_	linguistic	_	none	_	_	_	_	_	_
733-7	PKP036	733	733	7	tipo:	tipo	_	_	_	_	_	linguistic	_	none	_	End=1229.82	3x1	_	_	_
734-0	PKP037	734	734	0	c(io)è	cioè	_	_	_	_	_	linguistic	_	none	_	Begin=1229.85	_	_	1-3(0)	_
734-1	PKP037	734	734	1	solo	solo	_	_	_	_	_	linguistic	_	none	_	_	_	_	_	_
734-2	PKP037	734	734	2	nel[la	nella	_	_	_	_	_	linguistic	_	none	_	_	_	_	_	3-5(222)
734-3	PKP037	734	734	3	strada	strada	_	_	_	_	_	linguistic	_	none	_	_	_	_	_	0-6(222)
734-4	PKP037	734	734	4	turistica	turistica	_	_	_	_	_	linguistic	_	none	_	_	_	_	_	0-9(222)
734-5	PKP037	734	734	5	c'	c'	_	_	_	_	_	linguistic	_	none	SpaceAfter=No	_	_	_	_	0-2(222)
734-6	PKP037	734	734	6	era	era	_	_	_	_	_	linguistic	_	none	_	_	_	_	_	0-3(222)
734-7	PKP037	734	734	7	un	un	_	_	_	_	_	linguistic	_	none	_	_	_	_	_	0-2(222)
734-8	PKP037	734	734	8	s]ushi	sushi	_	_	_	_	_	linguistic	_	none	_	End=1232.19	_	_	_	0-1(222)
735-0	PKP036	735	735	0	[xxxxxx]	xxxxxx	_	_	_	_	_	unknown	_	none	Syllables=6	Begin=1230.26|End=1231.74	_	_	_	0-6(222)
736-0	PKP037	736	736	0	tutti	tutti	_	_	_	_	_	linguistic	_	none	_	Begin=1232.72	_	_	_	_
736-1	PKP037	736	736	1	gli	gli	_	_	_	_	_	linguistic	_	none	_	_	_	_	_	_
736-2	PKP037	736	736	2	altri	altri	_	_	_	_	_	linguistic	_	none	_	_	_	_	_	_
736-3	PKP037	736	736	3	facevano	facevano	_	_	_	_	_	linguistic	_	none	_	_	_	_	_	_
736-4	PKP037	736	736	4	altre	altre	_	_	_	_	_	linguistic	_	none	_	_	_	_	_	_
736-5	PKP037	736	736	5	cose	cose	_	_	_	_	_	linguistic	_	none	_	End=1234.1	_	_	_	_
737-0	PKP033	737	737	0	ma	ma	_	_	_	_	_	linguistic	_	none	_	Begin=1234.21	_	_	_	_
737-1	PKP033	737	737	1	[cosa	cosa	_	_	_	_	_	linguistic	_	none	_	_	_	_	_	0-4(223)
737-2	PKP033	737	737	2	fanno]	fanno	_	_	_	_	_	linguistic	_	none	_	End=1235.12	_	_	_	0-5(223)
738-0	PKP036	738	738	0	[(e)	e	_	_	_	_	_	linguistic	_	none	_	Begin=1234.36	_	_	0-1(0)	0-1(223)
738-1	PKP036	738	738	1	è	è	_	_	_	_	_	linguistic	_	none	_	_	_	_	_	0-1(223)
738-2	PKP036	738	738	2	molto	molto	_	_	_	_	_	linguistic	_	none	_	_	_	_	_	0-5(223)
738-3	PKP036	738	738	3	p]iù	più	_	_	_	_	_	linguistic	_	none	_	_	_	_	_	0-1(223)
738-4	PKP036	738	738	4	costoso	costoso	_	_	_	_	_	linguistic	_	none	_	_	_	_	_	_
738-5	PKP036	738	738	5	de:l	del	_	_	_	_	_	linguistic	_	none	PauseAfter=Yes	_	1x1	_	_	_
738-6	PKP036	738	738	6	{P}	{P}	_	_	_	_	_	shortpause	_	none	_	_	_	_	_	_
738-7	PKP036	738	738	7	tutto	tutto	_	_	_	_	_	linguistic	_	none	_	_	_	_	_	_
738-8	PKP036	738	738	8	il	il	_	_	_	_	_	linguistic	_	none	_	_	_	_	_	_
738-9	PKP036	738	738	9	resto	resto	_	_	_	_	_	linguistic	_	none	_	_	_	_	_	_
738-10	PKP036	738	738	10	lì	lì	_	_	_	_	_	linguistic	_	none	_	End=1237.06	_	_	_	_
739-0	PKP033	739	739	0	ah	ah	_	_	_	_	_	linguistic	_	none	_	Begin=1237.573	_	_	_	_
739-1	PKP033	739	739	1	beh	beh	_	_	_	_	_	linguistic	_	none	_	_	_	_	_	_
739-2	PKP033	739	739	2	ma	ma	_	_	_	_	_	linguistic	_	none	_	_	_	_	_	_
739-3	PKP033	739	739	3	immagino	immagino	_	_	_	_	_	linguistic	_	none	_	_	_	_	_	_
739-4	PKP033	739	739	4	comunque	comunque	_	_	_	_	_	linguistic	_	none	_	End=1239.06	_	_	_	_
740-0	PKP036	740	740	0	e	e	_	_	_	_	_	linguistic	_	none	_	Begin=1239.08	_	_	_	_
740-1	PKP036	740	740	1	poi	poi	_	_	_	_	_	linguistic	_	none	_	_	_	_	_	_
740-2	PKP036	740	740	2	è:	è	_	_	_	_	_	linguistic	_	none	_	End=1240.44	0x1	_	_	_
741-0	PKP036	741	741	0	c(io)è	cioè	_	_	_	_	_	linguistic	_	none	_	Begin=1240.49	_	_	1-3(0)	_
741-1	PKP036	741	741	1	pesce	pesce	_	_	_	_	_	linguistic	_	none	_	_	_	_	_	_
741-2	PKP036	741	741	2	diverso	diverso	_	_	_	_	_	linguistic	_	none	_	_	_	_	_	_
741-3	PKP036	741	741	3	{ride}	{ride}	_	_	_	_	_	nonverbalbehavior	_	none	_	End=1242.32	_	_	_	_
742-0	PKP036	742	742	0	c(io)è	cioè	_	_	_	_	_	linguistic	_	none	_	Begin=1242.513	_	_	1-3(0)	_
742-1	PKP036	742	742	1	penso	penso	_	_	_	_	_	linguistic	_	none	_	_	_	_	_	_
742-2	PKP036	742	742	2	sia	sia	_	_	_	_	_	linguistic	_	none	_	_	_	_	_	_
742-3	PKP036	742	742	3	giusto	giusto	_	_	_	_	_	linguistic	_	none	_	_	_	_	_	_
742-4	PKP036	742	742	4	però	però	_	_	_	_	_	linguistic	_	none	_	End=1243.947	_	_	_	_
743-0	PKP037	743	743	0	sì	sì	_	_	_	_	_	linguistic	_	none	_	Begin=1244.4	_	_	_	_
743-1	PKP037	743	743	1	sì	sì	_	_	_	_	_	linguistic	_	none	_	End=1245.08	_	_	_	_
744-0	PKP037	744	744	0	c(io)è	cioè	_	_	_	_	_	linguistic	_	none	_	Begin=1245.28	_	_	1-3(0)	_
744-1	PKP037	744	744	1	nel	nel	_	_	_	_	_	linguistic	_	none	_	_	_	_	_	_
744-2	PKP037	744	744	2	senso:	senso	_	_	_	_	_	linguistic	_	none	_	_	4x1	_	_	_
744-3	PKP037	744	744	3	quello	quello	_	_	_	_	_	linguistic	_	none	_	_	_	_	_	_
744-4	PKP037	744	744	4	che	che	_	_	_	_	_	linguistic	_	none	_	_	_	_	_	_
744-5	PKP037	744	744	5	mangiavi	mangiavi	_	_	_	_	_	linguistic	_	none	_	_	_	_	_	_
744-6	PKP037	744	744	6	là	là	_	_	_	_	_	linguistic	_	none	_	_	_	_	_	_
744-7	PKP037	744	744	7	è	è	_	_	_	_	_	linguistic	_	none	_	_	_	_	_	_
744-8	PKP037	744	744	8	più:	più	_	_	_	_	_	linguistic	_	none	PauseAfter=Yes	_	2x1	_	_	_
744-9	PKP037	744	744	9	{P}	{P}	_	_	_	_	_	shortpause	_	none	_	_	_	_	_	_
744-10	PKP037	744	744	10	ricercato	ricercato	_	_	_	_	_	linguistic	_	none	_	_	_	_	_	_
744-11	PKP037	744	744	11	occidentalizzato	occidentalizzato	_	_	_	_	_	linguistic	_	none	_	_	_	_	_	_
744-12	PKP037	744	744	12	non	non	_	_	_	_	_	linguistic	_	none	_	_	_	_	_	_
744-13	PKP037	744	744	13	lo	lo	_	_	_	_	_	linguistic	_	none	_	_	_	_	_	_
744-14	PKP037	744	744	14	so	so	_	_	_	_	_	linguistic	_	none	_	End=1251.13	_	_	_	_
745-0	PKP036	745	745	0	mh	mh	_	_	_	_	_	linguistic	_	none	_	Begin=1251.14|End=1251.48	_	_	_	_
746-0	PKP037	746	746	0	quelli	quelli	_	_	_	_	_	linguistic	_	none	_	Begin=1252.473	_	_	_	_
746-1	PKP037	746	746	1	hanno:	hanno	_	_	_	_	_	linguistic	_	none	_	_	4x1	_	_	_
746-2	PKP037	746	746	2	essenzialment[e	essenzialmente	_	_	_	_	_	linguistic	_	none	_	_	_	_	_	13-14(224)
746-3	PKP037	746	746	3	gamberi],	gamberi	_	_	_	_	_	linguistic	_	none	Intonation=WeaklyRising	End=1254.37	_	_	_	0-7(224)
747-0	PKP036	747	747	0	[sempre	sempre	_	_	_	_	_	linguistic	_	none	_	Begin=1253.69	_	_	_	0-6(224)
747-1	PKP036	747	747	1	tre	tre	_	_	_	_	_	linguistic	_	none	_	_	_	_	_	0-3(224)
747-2	PKP036	747	747	2	pe]sci	pesci	_	_	_	_	_	linguistic	_	none	_	_	_	_	_	0-2(224)
747-3	PKP036	747	747	3	erano	erano	_	_	_	_	_	linguistic	_	none	_	End=1254.95	_	_	_	_
748-0	PKP037	748	748	0	tre	tre	_	_	_	_	_	linguistic	_	none	_	Begin=1255.03	_	_	_	_
748-1	PKP037	748	748	1	tagli	tagli	_	_	_	_	_	linguistic	_	none	_	_	_	_	_	_
748-2	PKP037	748	748	2	diversi	diversi	_	_	_	_	_	linguistic	_	none	_	_	_	_	_	_
748-3	PKP037	748	748	3	di	di	_	_	_	_	_	linguistic	_	none	_	_	_	_	_	_
748-4	PKP037	748	748	4	tonno,	tonno	_	_	_	_	_	linguistic	_	none	Intonation=WeaklyRising	End=1256.63	_	_	_	_
749-0	PKP036	749	749	0	però	però	_	_	_	_	_	linguistic	_	none	_	Begin=1257.72	_	_	_	_
749-1	PKP036	749	749	1	erano	erano	_	_	_	_	_	linguistic	_	none	_	_	_	_	_	_
749-2	PKP036	749	749	2	[sì	sì	_	_	_	_	_	linguistic	_	none	_	_	_	_	_	0-2(225)
749-3	PKP036	749	749	3	bianc]hi	bianchi	_	_	_	_	_	linguistic	_	none	_	_	_	_	_	0-5(225)
749-4	PKP036	749	749	4	un	un	_	_	_	_	_	linguistic	_	none	_	_	_	_	_	_
749-5	PKP036	749	749	5	po'	po'	_	_	_	_	_	linguistic	_	none	_	_	_	_	_	_
749-6	PKP036	749	749	6	strani	strani	_	_	_	_	_	linguistic	_	none	_	End=1259.75	_	_	_	_
750-0	PKP037	750	750	0	[il	il	_	_	_	_	_	linguistic	_	none	_	Begin=1258.09	_	_	_	0-2(225)
750-1	PKP037	750	750	1	salmone]	salmone	_	_	_	_	_	linguistic	_	none	_	End=1258.72	_	_	_	0-7(225)
751-0	PKP036	751	751	0	spappolati	spappolati	_	_	_	_	_	linguistic	_	none	_	Begin=1260.47	_	_	_	_
751-1	PKP036	751	751	1	un	un	_	_	_	_	_	linguistic	_	none	_	_	_	_	_	_
751-2	PKP036	751	751	2	po'	po'	_	_	_	_	_	linguistic	_	none	_	End=1261.84	_	_	_	_
752-0	PKP036	752	752	0	non	non	_	_	_	_	_	linguistic	_	none	_	Begin=1263.233	_	_	_	_
752-1	PKP036	752	752	1	lo	lo	_	_	_	_	_	linguistic	_	none	_	_	_	_	_	_
752-2	PKP036	752	752	2	so	so	_	_	_	_	_	linguistic	_	none	_	End=1263.64	_	_	_	_
753-0	PKP036	753	753	0	non	non	_	_	_	_	_	linguistic	_	none	_	Begin=1264.127	_	_	_	_
753-1	PKP036	753	753	1	mi	mi	_	_	_	_	_	linguistic	_	none	_	_	_	_	_	_
753-2	PKP036	753	753	2	entusiasm(avano)	entusiasmavano	_	_	_	_	_	linguistic	_	none	_	End=1265.407	_	_	9-14(0)	_
754-0	PKP036	754	754	0	sono	sono	_	_	_	_	_	linguistic	_	none	_	Begin=1265.913	_	_	_	_
754-1	PKP036	754	754	1	abituata	abituata	_	_	_	_	_	linguistic	_	none	_	_	_	_	_	_
754-2	PKP036	754	754	2	ormai	ormai	_	_	_	_	_	linguistic	_	none	_	_	_	_	_	_
754-3	PKP036	754	754	3	a	a	_	_	_	_	_	linguistic	_	none	_	_	_	_	_	_
754-4	PKP036	754	754	4	questi:	questi	_	_	_	_	_	linguistic	_	none	PauseAfter=Yes	_	5x1	_	_	_
754-5	PKP036	754	754	5	{P}	{P}	_	_	_	_	_	shortpause	_	none	_	_	_	_	_	_
754-6	PKP036	754	754	6	che	che	_	_	_	_	_	linguistic	_	none	_	_	_	_	_	_
754-7	PKP036	754	754	7	mangiamo	mangiamo	_	_	_	_	_	linguistic	_	none	_	_	_	_	_	_
754-8	PKP036	754	754	8	qua	qua	_	_	_	_	_	linguistic	_	none	_	End=1269.95	_	_	_	_
755-0	PKP033	755	755	0	ma	ma	_	_	_	_	_	linguistic	_	none	_	Begin=1271.407	_	_	_	_
755-1	PKP033	755	755	1	altro	altro	_	_	_	_	_	linguistic	_	none	_	_	_	_	_	_
755-2	PKP033	755	755	2	cibo	cibo	_	_	_	_	_	linguistic	_	none	_	_	_	_	_	_
755-3	PKP033	755	755	3	cosa	cosa	_	_	_	_	_	linguistic	_	none	_	_	_	_	_	_
755-4	PKP033	755	755	4	fanno	fanno	_	_	_	_	_	linguistic	_	none	_	End=1272.82	_	_	_	_
756-0	PKP033	756	756	0	perché	perché	_	_	_	_	_	linguistic	_	none	_	Begin=1273.05	_	_	_	_
756-1	PKP033	756	756	1	non:	non	_	_	_	_	_	linguistic	_	none	_	_	2x1	_	_	_
756-2	PKP033	756	756	2	non	non	_	_	_	_	_	linguistic	_	none	_	_	_	_	_	_
756-3	PKP033	756	756	3	me	me	_	_	_	_	_	linguistic	_	none	_	_	_	_	_	_
756-4	PKP033	756	756	4	lo	lo	_	_	_	_	_	linguistic	_	none	_	_	_	_	_	_
756-5	PKP033	756	756	5	m:	m	_	_	_	_	_	linguistic	_	none	_	_	0x1	_	_	_
756-6	PKP033	756	756	6	c(io)è	cioè	_	_	_	_	_	linguistic	_	none	_	_	_	_	1-3(0)	_
756-7	PKP033	756	756	7	non	non	_	_	_	_	_	linguistic	_	none	_	_	_	_	_	_
756-8	PKP033	756	756	8	lo	lo	_	_	_	_	_	linguistic	_	none	_	_	_	_	_	_
756-9	PKP033	756	756	9	so	so	_	_	_	_	_	linguistic	_	none	_	End=1275.27	_	_	_	_
757-0	PKP036	757	757	0	un	un	_	_	_	_	_	linguistic	_	none	_	Begin=1277.06	_	_	_	_
757-1	PKP036	757	757	1	sacco	sacco	_	_	_	_	_	linguistic	_	none	_	_	_	_	_	_
757-2	PKP036	757	757	2	di	di	_	_	_	_	_	linguistic	_	none	_	_	_	_	_	_
757-3	PKP036	757	757	3	ramen	ramen	_	_	_	_	_	linguistic	_	none	_	_	_	_	_	_
757-4	PKP036	757	757	4	abbiamo	abbiamo	_	_	_	_	_	linguistic	_	none	_	_	_	_	_	_
757-5	PKP036	757	757	5	mangiato	mangiato	_	_	_	_	_	linguistic	_	none	_	End=1278.66	_	_	_	_
758-0	PKP033	758	758	0	ah	ah	_	_	_	_	_	linguistic	_	none	_	Begin=1278.9	_	_	_	_
758-1	PKP033	758	758	1	beh	beh	_	_	_	_	_	linguistic	_	none	_	_	_	_	_	_
758-2	PKP033	758	758	2	ma	ma	_	_	_	_	_	linguistic	_	none	_	_	_	_	_	_
758-3	PKP033	758	758	3	giusto	giusto	_	_	_	_	_	linguistic	_	none	_	End=1280.11	_	_	_	_
759-0	PKP036	759	759	0	(ramen)	ramen	_	_	_	_	_	linguistic	_	none	PauseAfter=Yes	Begin=1280.79	_	_	0-5(0)	_
759-1	PKP036	759	759	1	{P}	{P}	_	_	_	_	_	shortpause	_	none	_	_	_	_	_	_
759-2	PKP036	759	759	2	quasi	quasi	_	_	_	_	_	linguistic	_	none	_	_	_	_	_	_
759-3	PKP036	759	759	3	tutti	tutti	_	_	_	_	_	linguistic	_	none	_	_	_	_	_	_
759-4	PKP036	759	759	4	i	i	_	_	_	_	_	linguistic	_	none	_	_	_	_	_	_
759-5	PKP036	759	759	5	giorni	giorni	_	_	_	_	_	linguistic	_	none	_	End=1282.16	_	_	_	_
760-0	PKP033	760	760	0	mh	mh	_	_	_	_	_	linguistic	_	none	_	Begin=1282.2|End=1282.57	_	_	_	_
761-0	PKP037	761	761	0	(a	a	_	_	_	_	_	linguistic	_	none	_	Begin=1284.2	_	_	0-1(0)	_
761-1	PKP037	761	761	1	voja)	voja	_	_	_	_	_	linguistic	_	none	_	_	_	_	0-4(0)	_
761-2	PKP037	761	761	2	{ride}	{ride}	_	_	_	_	_	nonverbalbehavior	_	none	_	End=1285.66	_	_	_	_
762-0	PKP036	762	762	0	e:	e	_	_	_	_	_	linguistic	_	none	_	Begin=1284.933	0x1	_	_	_
762-1	PKP036	762	762	1	vabbé	vabbé	_	_	_	_	_	linguistic	_	none	_	_	_	_	_	_
762-2	PKP036	762	762	2	e	e	_	_	_	_	_	linguistic	_	none	_	_	_	_	_	_
762-3	PKP036	762	762	3	riso	riso	_	_	_	_	_	linguistic	_	none	_	_	_	_	_	_
762-4	PKP036	762	762	4	con:	con	_	_	_	_	_	linguistic	_	none	_	_	2x1	_	_	_
762-5	PKP036	762	762	5	qualsiasi	qualsiasi	_	_	_	_	_	linguistic	_	none	_	_	_	_	_	_
762-6	PKP036	762	762	6	cosa	cosa	_	_	_	_	_	linguistic	_	none	_	End=1287.81	_	_	_	_
763-0	PKP037	763	763	0	e:	e	_	_	_	_	_	linguistic	_	none	_	Begin=1289.99	0x1	_	_	_
763-1	PKP037	763	763	1	[m:]	m	_	_	_	_	_	linguistic	_	none	_	End=1290.79	0x1	_	_	0-1(227)
764-0	PKP036	764	764	0	[ehm]:	ehm	_	_	_	_	_	linguistic	_	none	_	Begin=1290.11|End=1290.96	2x1	_	_	0-3(227)
765-0	PKP037	765	765	0	e	e	_	_	_	_	_	linguistic	_	none	_	Begin=1291.71	_	_	_	_
765-1	PKP037	765	765	1	fritture	fritture	_	_	_	_	_	linguistic	_	none	_	_	_	_	_	_
765-2	PKP037	765	765	2	[sugli	sugli	_	_	_	_	_	linguistic	_	none	_	_	_	_	_	0-5(228)
765-3	PKP037	765	765	3	spiedini]	spiedini	_	_	_	_	_	linguistic	_	none	_	End=1293.37	_	_	_	0-8(228)
766-0	PKP036	766	766	0	[xxx]	xxx	_	_	_	_	_	unknown	_	none	Syllables=3	Begin=1292.35|End=1293.2	_	_	_	0-3(228)
767-0	PKP036	767	767	0	[fritture:],	fritture	_	_	_	_	_	linguistic	_	none	Intonation=WeaklyRising	Begin=1294.03	7x1	_	_	0-8(?)
767-1	PKP036	767	767	1	po:lpo	polpo	_	_	_	_	_	linguistic	_	none	_	_	1x1	_	_	_
767-2	PKP036	767	767	2	sì	sì	_	_	_	_	_	linguistic	_	none	_	End=1296.14	_	_	_	_
768-0	PKP037	768	768	0	[tipo	tipo	_	_	_	_	_	linguistic	_	none	_	Begin=1294.04	_	_	_	0-4(229)
768-1	PKP037	768	768	1	il	il	_	_	_	_	_	linguistic	_	none	_	_	_	_	_	0-2(229)
768-2	PKP037	768	768	2	polpo]	polpo	_	_	_	_	_	linguistic	_	none	_	End=1295.18	_	_	_	0-5(229)
769-0	PKP037	769	769	0	[il	il	_	_	_	_	_	linguistic	_	none	_	Begin=1295.69	_	_	_	0-2(230)
769-1	PKP037	769	769	1	polpo	polpo	_	_	_	_	_	linguistic	_	none	_	_	_	_	_	0-5(230)
769-2	PKP037	769	769	2	fr]itto	fritto	_	_	_	_	_	linguistic	_	none	_	_	_	_	_	0-2(230)
769-3	PKP037	769	769	3	lo	lo	_	_	_	_	_	linguistic	_	none	_	_	_	_	_	_
769-4	PKP037	769	769	4	fanno	fanno	_	_	_	_	_	linguistic	_	none	_	_	_	_	_	_
769-5	PKP037	769	769	5	mol[to]	molto	_	_	_	_	_	linguistic	_	none	_	End=1297.37	_	_	_	3-5(231)
770-0	PKP036	770	770	0	un	un	_	_	_	_	_	linguistic	_	none	_	Begin=1297.03	_	_	_	_
770-1	PKP036	770	770	1	sacco	sacco	_	_	_	_	_	linguistic	_	none	_	_	_	_	_	_
770-2	PKP036	770	770	2	di	di	_	_	_	_	_	linguistic	_	none	_	_	_	_	_	_
770-3	PKP036	770	770	3	pesce	pesce	_	_	_	_	_	linguistic	_	none	_	_	_	_	_	_
770-4	PKP036	770	770	4	in	in	_	_	_	_	_	linguistic	_	none	_	_	_	_	_	_
770-5	PKP036	770	770	5	generale	generale	_	_	_	_	_	linguistic	_	none	_	End=1298.69	_	_	_	_
771-0	PKP037	771	771	0	eh:m:	ehm	_	_	_	_	_	linguistic	_	none	_	Begin=1299.59|End=1300.88	1x1,2x1	_	_	_
772-0	PKP037	772	772	0	gli	gli	_	_	_	_	_	linguistic	_	none	_	Begin=1301.71	_	_	_	_
772-1	PKP037	772	772	1	s~	s~	_	_	_	_	_	linguistic	_	none	Interrupted=Yes|PauseAfter=Yes	_	_	_	_	_
772-2	PKP037	772	772	2	{P}	{P}	_	_	_	_	_	shortpause	_	none	_	_	_	_	_	_
772-3	PKP037	772	772	3	~paghetti	~paghetti	_	_	_	_	_	linguistic	_	none	Interrupted=Yes	_	_	_	_	_
772-4	PKP037	772	772	4	di	di	_	_	_	_	_	linguistic	_	none	_	_	_	_	_	_
772-5	PKP037	772	772	5	soia	soia	_	_	_	_	_	linguistic	_	none	_	_	_	_	_	_
772-6	PKP037	772	772	6	m	m	_	_	_	_	_	linguistic	_	none	_	End=1304.3	_	_	_	_
773-0	PKP036	773	773	0	mh	mh	_	_	_	_	_	linguistic	_	none	_	Begin=1304.45|End=1304.92	_	_	_	_
774-0	PKP037	774	774	0	mangiano	mangiano	_	_	_	_	_	linguistic	_	none	_	Begin=1306.067	_	_	_	_
774-1	PKP037	774	774	1	sempre	sempre	_	_	_	_	_	linguistic	_	none	_	_	_	_	_	_
774-2	PKP037	774	774	2	molto	molto	_	_	_	_	_	linguistic	_	none	_	_	_	_	_	_
774-3	PKP037	774	774	3	scomposto	scomposto	_	_	_	_	_	linguistic	_	none	_	_	_	_	_	_
774-4	PKP037	774	774	4	quindi	quindi	_	_	_	_	_	linguistic	_	none	_	_	_	_	_	_
774-5	PKP037	774	774	5	c'	c'	_	_	_	_	_	linguistic	_	none	SpaceAfter=No	_	_	_	_	_
774-6	PKP037	774	774	6	è	è	_	_	_	_	_	linguistic	_	none	_	_	_	_	_	_
774-7	PKP037	774	774	7	sempre	sempre	_	_	_	_	_	linguistic	_	none	_	_	_	_	_	_
774-8	PKP037	774	774	8	una	una	_	_	_	_	_	linguistic	_	none	_	_	_	_	_	_
774-9	PKP037	774	774	9	ciotolina	ciotolina	_	_	_	_	_	linguistic	_	none	_	_	_	_	_	_
774-10	PKP037	774	774	10	di	di	_	_	_	_	_	linguistic	_	none	_	_	_	_	_	_
774-11	PKP037	774	774	11	riso,	riso	_	_	_	_	_	linguistic	_	none	Intonation=WeaklyRising	End=1309.29	_	_	_	_
775-0	PKP036	775	775	0	sì	sì	_	_	_	_	_	linguistic	_	none	_	Begin=1310.087	_	_	_	_
775-1	PKP036	775	775	1	tante	tante	_	_	_	_	_	linguistic	_	none	_	_	_	_	_	_
775-2	PKP036	775	775	2	ciotoline:	ciotoline	_	_	_	_	_	linguistic	_	none	_	_	8x1	_	_	_
775-3	PKP036	775	775	3	e	e	_	_	_	_	_	linguistic	_	none	_	_	_	_	_	_
775-4	PKP036	775	775	4	poi	poi	_	_	_	_	_	linguistic	_	none	_	_	_	_	_	_
775-5	PKP036	775	775	5	(le	le	_	_	_	_	_	linguistic	_	none	_	_	_	_	0-2(0)	_
775-6	PKP036	775	775	6	met[tono	mettono	_	_	_	_	_	linguistic	_	none	_	_	_	_	0-7(0)	3-7(506)
775-7	PKP036	775	775	7	tutte	tutte	_	_	_	_	_	linguistic	_	none	_	_	_	_	0-5(0)	0-5(506)
775-8	PKP036	775	775	8	così)]	così	_	_	_	_	_	linguistic	_	none	_	End=1312.85	_	_	0-4(0)	0-4(506)
776-0	PKP033	776	776	0	[ah	ah	_	_	_	_	_	linguistic	_	none	_	Begin=1311.447	_	_	_	0-2(?)
776-1	PKP033	776	776	1	invece	invece	_	_	_	_	_	linguistic	_	none	_	_	_	_	_	0-6(?)
776-2	PKP033	776	776	2	non	non	_	_	_	_	_	linguistic	_	none	_	_	_	_	_	0-3(?)
776-3	PKP033	776	776	3	avrei	avrei	_	_	_	_	_	linguistic	_	none	_	_	_	_	_	0-5(?)
776-4	PKP033	776	776	4	mai	mai	_	_	_	_	_	linguistic	_	none	_	_	_	_	_	0-3(?)
776-5	PKP033	776	776	5	pensato]	pensato	_	_	_	_	_	linguistic	_	none	_	End=1313.41	_	_	_	0-7(?)
777-0	PKP037	777	777	0	[xx]	xx	_	_	_	_	_	unknown	_	none	Syllables=2	Begin=1311.52|End=1312.0	_	_	_	0-2(506)
778-0	PKP037	778	778	0	[mh]	mh	_	_	_	_	_	linguistic	_	none	_	Begin=1312.87|End=1313.32	_	_	_	0-2(232)
779-0	PKP037	779	779	0	[no:	no	_	_	_	_	_	linguistic	_	none	_	Begin=1313.44	1x1	_	_	0-2(?)
779-1	PKP037	779	779	1	infa]tti	infatti	_	_	_	_	_	linguistic	_	none	_	End=1314.47	_	_	_	0-4(?)
780-0	PKP036	780	780	0	[mhmh]	mhmh	_	_	_	_	_	linguistic	_	none	_	Begin=1313.47|End=1314.01	_	_	_	0-4(233)
781-0	PKP033	781	781	0	[perché	perché	_	_	_	_	_	linguistic	_	none	_	Begin=1314.08	_	_	_	0-6(234)
781-1	PKP033	781	781	1	inve]ce	invece	_	_	_	_	_	linguistic	_	none	_	_	_	_	_	0-4(234)
781-2	PKP033	781	781	2	il	il	_	_	_	_	_	linguistic	_	none	_	_	_	_	_	_
781-3	PKP033	781	781	3	ramen	ramen	_	_	_	_	_	linguistic	_	none	_	End=1315.35	_	_	_	_
782-0	PKP036	782	782	0	eh	eh	_	_	_	_	_	linguistic	_	none	_	Begin=1315.63|End=1315.9	_	_	_	_
783-0	PKP033	783	783	0	è	è	_	_	_	_	_	linguistic	_	none	_	Begin=1316.06	_	_	_	_
783-1	PKP033	783	783	1	al	al	_	_	_	_	_	linguistic	_	none	_	_	_	_	_	_
783-2	PKP033	783	783	2	cont[rario]	contrario	_	_	_	_	_	linguistic	_	none	_	End=1316.95	_	_	_	4-9(507)
784-0	PKP037	784	784	0	xx	xx	_	_	_	_	_	unknown	_	none	Syllables=2	Begin=1316.32	_	_	_	_
784-1	PKP037	784	784	1	è	è	_	_	_	_	_	linguistic	_	none	_	_	_	_	_	_
784-2	PKP037	784	784	2	al	al	_	_	_	_	_	linguistic	_	none	_	_	_	_	_	_
784-3	PKP037	784	784	3	contrario	contrario	_	_	_	_	_	linguistic	_	none	PauseAfter=Yes	_	_	_	_	_
784-4	PKP037	784	784	4	{P}	{P}	_	_	_	_	_	shortpause	_	none	_	_	_	_	_	_
784-5	PKP037	784	784	5	[il	il	_	_	_	_	_	linguistic	_	none	_	_	_	_	_	0-2(?)
784-6	PKP037	784	784	6	ramen	ramen	_	_	_	_	_	linguistic	_	none	_	_	_	_	_	0-5(?)
784-7	PKP037	784	784	7	è	è	_	_	_	_	_	linguistic	_	none	_	_	_	_	_	0-1(?)
784-8	PKP037	784	784	8	al	al	_	_	_	_	_	linguistic	_	none	_	_	_	_	_	0-2(?)
784-9	PKP037	784	784	9	contrario	contrario	_	_	_	_	_	linguistic	_	none	_	_	_	_	_	0-9(?)
784-10	PKP037	784	784	10	infa]tti	infatti	_	_	_	_	_	linguistic	_	none	_	End=1318.47	_	_	_	0-4(?)
785-0	PKP036	785	785	0	[al	al	_	_	_	_	_	linguistic	_	none	_	Begin=1316.38	_	_	_	0-2(507)
785-1	PKP036	785	785	1	contrario]	contrario	_	_	_	_	_	linguistic	_	none	_	End=1316.88	_	_	_	0-9(507)
786-0	PKP036	786	786	0	[sì	sì	_	_	_	_	_	linguistic	_	none	PauseAfter=Yes	Begin=1317.01	_	_	_	0-2(235)
786-1	PKP036	786	786	1	{P}	{P}	_	_	_	_	_	shortpause	_	none	_	_	_	_	_	0-3(235)
786-2	PKP036	786	786	2	è	è	_	_	_	_	_	linguistic	_	none	_	_	_	_	_	0-1(235)
786-3	PKP036	786	786	3	vero]	vero	_	_	_	_	_	linguistic	_	none	_	End=1318.29	_	_	_	0-4(235)
787-0	PKP036	787	787	0	mh	mh	_	_	_	_	_	linguistic	_	none	_	Begin=1320.42|End=1320.81	_	_	_	_
788-0	PKP037	788	788	0	però	però	_	_	_	_	_	linguistic	_	none	PauseAfter=Yes	Begin=1321.333	_	_	_	_
788-1	PKP037	788	788	1	{P}	{P}	_	_	_	_	_	shortpause	_	none	_	_	_	_	_	_
788-2	PKP037	788	788	2	è	è	_	_	_	_	_	linguistic	_	none	_	_	_	_	_	_
788-3	PKP037	788	788	3	uno	uno	_	_	_	_	_	linguistic	_	none	_	_	_	_	_	_
788-4	PKP037	788	788	4	dei	dei	_	_	_	_	_	linguistic	_	none	_	_	_	_	_	_
788-5	PKP037	788	788	5	modi	modi	_	_	_	_	_	linguistic	_	none	_	_	_	_	_	_
788-6	PKP037	788	788	6	in	in	_	_	_	_	_	linguistic	_	none	_	_	_	_	_	_
788-7	PKP037	788	788	7	cui	cui	_	_	_	_	_	linguistic	_	none	_	_	_	_	_	_
788-8	PKP037	788	788	8	mangiano	mangiano	_	_	_	_	_	linguistic	_	none	_	_	_	_	_	_
788-9	PKP037	788	788	9	gli	gli	_	_	_	_	_	linguistic	_	none	_	_	_	_	_	_
788-10	PKP037	788	788	10	spaghetti	spaghetti	_	_	_	_	_	linguistic	_	none	_	_	_	_	_	_
788-11	PKP037	788	788	11	il	il	_	_	_	_	_	linguistic	_	none	_	_	_	_	_	_
788-12	PKP037	788	788	12	ramen	ramen	_	_	_	_	_	linguistic	_	none	_	End=1323.653	_	_	_	_
789-0	PKP037	789	789	0	perché	perché	_	_	_	_	_	linguistic	_	none	_	Begin=1323.693	_	_	_	_
789-1	PKP037	789	789	1	l'	l'	_	_	_	_	_	linguistic	_	none	SpaceAfter=No	_	_	_	_	_
789-2	PKP037	789	789	2	altro:	altro	_	_	_	_	_	linguistic	_	none	_	_	4x1	_	_	_
789-3	PKP037	789	789	3	gli	gli	_	_	_	_	_	linguistic	_	none	_	_	_	_	_	_
789-4	PKP037	789	789	4	ud~	ud~	_	_	_	_	_	linguistic	_	none	Interrupted=Yes	_	_	_	_	_
789-5	PKP037	789	789	5	udon:	udon	_	_	_	_	_	linguistic	_	none	_	End=1326.06	3x1	_	_	_
790-0	PKP037	790	790	0	no	no	_	_	_	_	_	linguistic	_	none	_	Begin=1326.1	_	_	_	_
790-1	PKP037	790	790	1	cos'	cos'	_	_	_	_	_	linguistic	_	none	SpaceAfter=No	_	_	_	_	_
790-2	PKP037	790	790	2	è	è	_	_	_	_	_	linguistic	_	none	_	_	_	_	_	_
790-3	PKP037	790	790	3	soba?	soba	_	_	_	_	_	linguistic	_	none	Intonation=Rising	End=1327.15	_	_	_	_
791-0	PKP036	791	791	0	mh	mh	_	_	_	_	_	linguistic	_	none	_	Begin=1327.25|End=1327.65	_	_	_	_
792-0	PKP037	792	792	0	ti	ti	_	_	_	_	_	linguistic	_	none	_	Begin=1328.613	_	_	_	_
792-1	PKP037	792	792	1	danno	danno	_	_	_	_	_	linguistic	_	none	_	_	_	_	_	_
792-2	PKP037	792	792	2	dei	dei	_	_	_	_	_	linguistic	_	none	_	_	_	_	_	_
792-3	PKP037	792	792	3	baghe~	baghe~	_	_	_	_	_	linguistic	_	none	Interrupted=Yes	_	_	_	_	_
792-4	PKP037	792	792	4	spaghetti:	spaghetti	_	_	_	_	_	linguistic	_	none	PauseAfter=Yes	_	8x1	_	_	_
792-5	PKP037	792	792	5	{P}	{P}	_	_	_	_	_	shortpause	_	none	_	_	_	_	_	_
792-6	PKP037	792	792	6	fatti:	fatti	_	_	_	_	_	linguistic	_	none	_	End=1331.23	4x1	_	_	_
793-0	PKP037	793	793	0	in	in	_	_	_	_	_	linguistic	_	none	_	Begin=1331.78	_	_	_	_
793-1	PKP037	793	793	1	un	un	_	_	_	_	_	linguistic	_	none	_	_	_	_	_	_
793-2	PKP037	793	793	2	brodo	brodo	_	_	_	_	_	linguistic	_	none	_	End=1332.533	_	_	_	_
794-0	PKP037	794	794	0	poi	poi	_	_	_	_	_	linguistic	_	none	_	Begin=1333.427	_	_	_	_
794-1	PKP037	794	794	1	li	li	_	_	_	_	_	linguistic	_	none	_	_	_	_	_	_
794-2	PKP037	794	794	2	scolano	scolano	_	_	_	_	_	linguistic	_	none	_	End=1334.3	_	_	_	_
795-0	PKP037	795	795	0	ti	ti	_	_	_	_	_	linguistic	_	none	_	Begin=1334.3	_	_	_	_
795-1	PKP037	795	795	1	danno	danno	_	_	_	_	_	linguistic	_	none	PauseAfter=Yes	_	_	_	_	_
795-2	PKP037	795	795	2	{P}	{P}	_	_	_	_	_	shortpause	_	none	_	_	_	_	_	_
795-3	PKP037	795	795	3	gli	gli	_	_	_	_	_	linguistic	_	none	_	_	_	_	_	_
795-4	PKP037	795	795	4	spaghetti	spaghetti	_	_	_	_	_	linguistic	_	none	_	_	_	_	_	_
795-5	PKP037	795	795	5	scolati	scolati	_	_	_	_	_	linguistic	_	none	_	_	_	_	_	_
795-6	PKP037	795	795	6	da	da	_	_	_	_	_	linguistic	_	none	_	_	_	_	_	_
795-7	PKP037	795	795	7	una	una	_	_	_	_	_	linguistic	_	none	_	_	_	_	_	_
795-8	PKP037	795	795	8	parte	parte	_	_	_	_	_	linguistic	_	none	_	End=1336.09	_	_	_	_
796-0	PKP033	796	796	0	{ride}	{ride}	_	_	_	_	_	nonverbalbehavior	_	none	_	Begin=1336.19|End=1336.81	_	_	_	_
797-0	PKP037	797	797	0	poi	poi	_	_	_	_	_	linguistic	_	none	_	Begin=1336.47	_	_	_	_
797-1	PKP037	797	797	1	il	il	_	_	_	_	_	linguistic	_	none	_	_	_	_	_	_
797-2	PKP037	797	797	2	brodo	brodo	_	_	_	_	_	linguistic	_	none	_	_	_	_	_	_
797-3	PKP037	797	797	3	da	da	_	_	_	_	_	linguistic	_	none	_	_	_	_	_	_
797-4	PKP037	797	797	4	un'	un'	_	_	_	_	_	linguistic	_	none	SpaceAfter=No	_	_	_	_	_
797-5	PKP037	797	797	5	altra	altra	_	_	_	_	_	linguistic	_	none	_	End=1337.7	_	_	_	_
798-0	PKP037	798	798	0	e	e	_	_	_	_	_	linguistic	_	none	_	Begin=1338.43	_	_	_	_
798-1	PKP037	798	798	1	poi	poi	_	_	_	_	_	linguistic	_	none	_	_	_	_	_	_
798-2	PKP037	798	798	2	da	da	_	_	_	_	_	linguistic	_	none	_	_	_	_	_	_
798-3	PKP037	798	798	3	una	una	_	_	_	_	_	linguistic	_	none	_	_	_	_	_	_
798-4	PKP037	798	798	4	parte	parte	_	_	_	_	_	linguistic	_	none	_	_	_	_	_	_
798-5	PKP037	798	798	5	an~	an~	_	_	_	_	_	linguistic	_	none	Interrupted=Yes	End=1339.31	_	_	_	_
799-0	PKP033	799	799	0	lo	lo	_	_	_	_	_	linguistic	_	none	_	Begin=1339.32	_	_	_	_
799-1	PKP033	799	799	1	stesso	stesso	_	_	_	_	_	linguistic	_	none	_	_	_	_	_	_
799-2	PKP033	799	799	2	brodo?	brodo	_	_	_	_	_	linguistic	_	none	Intonation=Rising|PauseAfter=Yes	_	_	_	_	_
799-3	PKP033	799	799	3	{P}	{P}	_	_	_	_	_	shortpause	_	none	_	_	_	_	_	_
799-4	PKP033	799	799	4	{ride}	{ride}	_	_	_	_	_	nonverbalbehavior	_	none	_	End=1341.55	_	_	_	_
800-0	PKP036	800	800	0	s[ì]	sì	_	_	_	_	_	linguistic	_	none	_	Begin=1340.27|End=1340.51	_	_	_	1-2(508)
801-0	PKP037	801	801	0	[sì]	sì	_	_	_	_	_	linguistic	_	none	_	Begin=1340.39|End=1340.75	_	_	_	0-2(508)
802-0	PKP036	802	802	0	{ride}	{ride}	_	_	_	_	_	nonverbalbehavior	_	none	_	Begin=1341.31|End=1342.15	_	_	_	_
803-0	PKP037	803	803	0	[da	da	_	_	_	_	_	linguistic	_	none	_	Begin=1341.92	_	_	_	0-2(?)
803-1	PKP037	803	803	1	un'	un'	_	_	_	_	_	linguistic	_	none	SpaceAfter=No	_	_	_	_	0-3(?)
803-2	PKP037	803	803	2	altra	altra	_	_	_	_	_	linguistic	_	none	_	_	_	_	_	0-5(?)
803-3	PKP037	803	803	3	pa]rte	parte	_	_	_	_	_	linguistic	_	none	_	_	_	_	_	0-2(?)
803-4	PKP037	803	803	4	ancora	ancora	_	_	_	_	_	linguistic	_	none	_	End=1343.22	_	_	_	_
804-0	PKP036	804	804	0	[poi	poi	_	_	_	_	_	linguistic	_	none	_	Begin=1343.57	_	_	_	0-3(236)
804-1	PKP036	804	804	1	che	che	_	_	_	_	_	linguistic	_	none	_	_	_	_	_	0-3(236)
804-2	PKP036	804	804	2	te	te	_	_	_	_	_	linguistic	_	none	_	_	_	_	_	0-2(236)
804-3	PKP036	804	804	3	lo	lo	_	_	_	_	_	linguistic	_	none	_	_	_	_	_	0-2(236)
804-4	PKP036	804	804	4	dimentichi]	dimentichi	_	_	_	_	_	linguistic	_	none	_	End=1344.8	_	_	_	0-10(236)
805-0	PKP037	805	805	0	[xa:	xa	_	_	_	_	_	linguistic	_	none	PauseAfter=Yes	Begin=1343.61	1x1	_	_	0-2(236)
805-1	PKP037	805	805	1	{P}	{P}	_	_	_	_	_	shortpause	_	none	_	_	_	_	_	0-3(236)
805-2	PKP037	805	805	2	delle	delle	_	_	_	_	_	linguistic	_	none	_	_	_	_	_	0-5(236)
805-3	PKP037	805	805	3	pro]teine	proteine	_	_	_	_	_	linguistic	_	none	_	_	_	_	_	0-3(236)
805-4	PKP037	805	805	4	sì	sì	_	_	_	_	_	linguistic	_	none	_	_	_	_	_	_
805-5	PKP037	805	805	5	xx	xx	_	_	_	_	_	unknown	_	none	Syllables=2	End=1346.09	_	_	_	_
806-0	PKP033	806	806	0	fantastico	fantastico	_	_	_	_	_	linguistic	_	none	_	Begin=1346.34|End=1347.29	_	_	_	_
807-0	PKP033	807	807	0	ma	ma	_	_	_	_	_	linguistic	_	none	_	Begin=1347.39	_	_	_	_
807-1	PKP033	807	807	1	dopo	dopo	_	_	_	_	_	linguistic	_	none	_	_	_	_	_	_
807-2	PKP033	807	807	2	si	si	_	_	_	_	_	linguistic	_	none	_	_	_	_	_	_
807-3	PKP033	807	807	3	possono	possono	_	_	_	_	_	linguistic	_	none	_	_	_	_	_	_
807-4	PKP033	807	807	4	mescolare	mescolare	_	_	_	_	_	linguistic	_	none	_	_	_	_	_	_
807-5	PKP033	807	807	5	o:	o	_	_	_	_	_	linguistic	_	none	_	_	0x1	_	_	_
807-6	PKP033	807	807	6	loro	loro	_	_	_	_	_	linguistic	_	none	_	_	_	_	_	_
807-7	PKP033	807	807	7	li	li	_	_	_	_	_	linguistic	_	none	_	_	_	_	_	_
807-8	PKP033	807	807	8	mangiano	mangiano	_	_	_	_	_	linguistic	_	none	_	_	_	_	_	_
807-9	PKP033	807	807	9	separati?	separati	_	_	_	_	_	linguistic	_	none	Intonation=Rising	End=1350.34	_	_	_	_
808-0	PKP037	808	808	0	eh	eh	_	_	_	_	_	linguistic	_	none	_	Begin=1350.78	_	_	_	_
808-1	PKP037	808	808	1	quando	quando	_	_	_	_	_	linguistic	_	none	_	_	_	_	_	_
808-2	PKP037	808	808	2	per	per	_	_	_	_	_	linguistic	_	none	_	_	_	_	_	_
808-3	PKP037	808	808	3	esempio	esempio	_	_	_	_	_	linguistic	_	none	_	_	_	_	_	_
808-4	PKP037	808	808	4	ti	ti	_	_	_	_	_	linguistic	_	none	_	_	_	_	_	_
808-5	PKP037	808	808	5	danno	danno	_	_	_	_	_	linguistic	_	none	_	_	_	_	_	_
808-6	PKP037	808	808	6	il	il	_	_	_	_	_	linguistic	_	none	_	_	_	_	_	_
808-7	PKP037	808	808	7	riso	riso	_	_	_	_	_	linguistic	_	none	_	End=1352.52	_	_	_	_
809-0	PKP037	809	809	0	e	e	_	_	_	_	_	linguistic	_	none	_	Begin=1352.88	_	_	_	_
809-1	PKP037	809	809	1	le	le	_	_	_	_	_	linguistic	_	none	_	_	_	_	_	_
809-2	PKP037	809	809	2	proteine	proteine	_	_	_	_	_	linguistic	_	none	_	_	_	_	_	_
809-3	PKP037	809	809	3	a	a	_	_	_	_	_	linguistic	_	none	_	_	_	_	_	_
809-4	PKP037	809	809	4	parte:	parte	_	_	_	_	_	linguistic	_	none	_	_	4x1	_	_	_
809-5	PKP037	809	809	5	in	in	_	_	_	_	_	linguistic	_	none	_	_	_	_	_	_
809-6	PKP037	809	809	6	teoria	teoria	_	_	_	_	_	linguistic	_	none	_	_	_	_	_	_
809-7	PKP037	809	809	7	con	con	_	_	_	_	_	linguistic	_	none	_	_	_	_	_	_
809-8	PKP037	809	809	8	lo	lo	_	_	_	_	_	linguistic	_	none	_	_	_	_	_	_
809-9	PKP037	809	809	9	s~	s~	_	_	_	_	_	linguistic	_	none	Interrupted=Yes|PauseAfter=Yes	_	_	_	_	_
809-10	PKP037	809	809	10	{P}	{P}	_	_	_	_	_	shortpause	_	none	_	_	_	_	_	_
809-11	PKP037	809	809	11	~tesso	~tesso	_	_	_	_	_	linguistic	_	none	Interrupted=Yes	_	_	_	_	_
809-12	PKP037	809	809	12	boccone	boccone	_	_	_	_	_	linguistic	_	none	_	_	_	_	_	_
809-13	PKP037	809	809	13	dovresti	dovresti	_	_	_	_	_	linguistic	_	none	_	_	_	_	_	_
809-14	PKP037	809	809	14	metterlo	metterlo	_	_	_	_	_	linguistic	_	none	_	_	_	_	_	_
809-15	PKP037	809	809	15	in:	in	_	_	_	_	_	linguistic	_	none	PauseAfter=Yes	_	1x1	_	_	_
809-16	PKP037	809	809	16	{P}	{P}	_	_	_	_	_	shortpause	_	none	_	_	_	_	_	_
809-17	PKP037	809	809	17	[un	un	_	_	_	_	_	linguistic	_	none	_	_	_	_	_	0-2(237)
809-18	PKP037	809	809	18	bel	bel	_	_	_	_	_	linguistic	_	none	_	_	_	_	_	0-3(237)
809-19	PKP037	809	809	19	po'	po'	_	_	_	_	_	linguistic	_	none	_	_	_	_	_	0-3(237)
809-20	PKP037	809	809	20	di	di	_	_	_	_	_	linguistic	_	none	_	_	_	_	_	0-2(237)
809-21	PKP037	809	809	21	cose]	cose	_	_	_	_	_	linguistic	_	none	_	End=1358.227	_	_	_	0-4(237)
810-0	PKP036	810	810	0	[io	io	_	_	_	_	_	linguistic	_	none	_	Begin=1356.86	_	_	_	0-2(?)
810-1	PKP036	810	810	1	prendo	prendo	_	_	_	_	_	linguistic	_	none	_	_	_	_	_	0-6(?)
810-2	PKP036	810	810	2	un	un	_	_	_	_	_	linguistic	_	none	_	_	_	_	_	0-2(?)
810-3	PKP036	810	810	3	po'	po'	_	_	_	_	_	linguistic	_	none	_	_	_	_	_	0-3(?)
810-4	PKP036	810	810	4	di	di	_	_	_	_	_	linguistic	_	none	_	_	_	_	_	0-2(?)
810-5	PKP036	810	810	5	riso	riso	_	_	_	_	_	linguistic	_	none	_	_	_	_	_	0-4(?)
810-6	PKP036	810	810	6	e	e	_	_	_	_	_	linguistic	_	none	_	_	_	_	_	0-1(?)
810-7	PKP036	810	810	7	pre]ndo	prendo	_	_	_	_	_	linguistic	_	none	_	_	_	_	_	0-3(?)
810-8	PKP036	810	810	8	un'	un'	_	_	_	_	_	linguistic	_	none	SpaceAfter=No	_	_	_	_	_
810-9	PKP036	810	810	9	altra	altra	_	_	_	_	_	linguistic	_	none	_	_	_	_	_	_
810-10	PKP036	810	810	10	cosa	cosa	_	_	_	_	_	linguistic	_	none	_	_	_	_	_	_
810-11	PKP036	810	810	11	però	però	_	_	_	_	_	linguistic	_	none	_	_	_	_	_	_
810-12	PKP036	810	810	12	(non)	non	_	_	_	_	_	linguistic	_	none	_	_	_	_	0-3(0)	_
810-13	PKP036	810	810	13	li	li	_	_	_	_	_	linguistic	_	none	_	_	_	_	_	_
810-14	PKP036	810	810	14	metto	metto	_	_	_	_	_	linguistic	_	none	_	_	_	_	_	_
810-15	PKP036	810	810	15	tutto	tutto	_	_	_	_	_	linguistic	_	none	_	_	_	_	_	_
810-16	PKP036	810	810	16	insieme	insieme	_	_	_	_	_	linguistic	_	none	_	End=1359.86	_	_	_	_
811-0	PKP037	811	811	0	[io	io	_	_	_	_	_	linguistic	_	none	_	Begin=1359.11	_	_	_	0-2(238)
811-1	PKP037	811	811	1	non	non	_	_	_	_	_	linguistic	_	none	_	_	_	_	_	0-3(238)
811-2	PKP037	811	811	2	ce	ce	_	_	_	_	_	linguistic	_	none	_	_	_	_	_	0-2(238)
811-3	PKP037	811	811	3	la	la	_	_	_	_	_	linguistic	_	none	_	_	_	_	_	0-2(238)
811-4	PKP037	811	811	4	fa]ccio	faccio	_	_	_	_	_	linguistic	_	none	_	End=1360.2	_	_	_	0-2(238)
812-0	PKP037	812	812	0	{RIDE}	{RIDE}	_	_	_	_	_	nonverbalbehavior	_	none	_	Begin=1360.5	_	_	_	_
812-1	PKP037	812	812	1	c(io)è	cioè	_	_	_	_	_	linguistic	_	none	_	_	_	_	1-3(0)	_
812-2	PKP037	812	812	2	ho	ho	_	_	_	_	_	linguistic	_	none	_	_	_	_	_	_
812-3	PKP037	812	812	3	scoperto	scoperto	_	_	_	_	_	linguistic	_	none	_	_	_	_	_	_
812-4	PKP037	812	812	4	dei	dei	_	_	_	_	_	linguistic	_	none	_	_	_	_	_	_
812-5	PKP037	812	812	5	limiti	limiti	_	_	_	_	_	linguistic	_	none	_	End=1363.16	_	_	_	_
813-0	PKP033	813	813	0	{ride}	{ride}	_	_	_	_	_	nonverbalbehavior	_	none	_	Begin=1361.95|End=1362.72	_	_	_	_
814-0	PKP033	814	814	0	comunque	comunque	_	_	_	_	_	linguistic	_	none	_	Begin=1363.2	_	_	_	_
814-1	PKP033	814	814	1	[effettivamente	effettivamente	_	_	_	_	_	linguistic	_	none	PauseAfter=Yes	_	_	_	_	0-14(509)
814-2	PKP033	814	814	2	{P}	{P}	_	_	_	_	_	shortpause	_	none	_	_	_	_	_	0-3(509)
814-3	PKP033	814	814	3	ora	ora	_	_	_	_	_	linguistic	_	none	_	_	_	_	_	0-3(509)
814-4	PKP033	814	814	4	che	che	_	_	_	_	_	linguistic	_	none	_	_	_	_	_	0-3(509)
814-5	PKP033	814	814	5	ci	ci	_	_	_	_	_	linguistic	_	none	_	_	_	_	_	0-2(509)
814-6	PKP033	814	814	6	penso	penso	_	_	_	_	_	linguistic	_	none	_	_	_	_	_	0-5(509)
814-7	PKP033	814	814	7	c'	c'	_	_	_	_	_	linguistic	_	none	SpaceAfter=No	_	_	_	_	0-2(509)
814-8	PKP033	814	814	8	era	era	_	_	_	_	_	linguistic	_	none	_	_	_	_	_	0-3(509)
814-9	PKP033	814	814	9	un	un	_	_	_	_	_	linguistic	_	none	_	_	_	_	_	0-2(509)
814-10	PKP033	814	814	10	ris]torante	ristorante	_	_	_	_	_	linguistic	_	none	_	_	_	_	_	0-3(509)
814-11	PKP033	814	814	11	giapponese	giapponese	_	_	_	_	_	linguistic	_	none	_	_	_	_	_	_
814-12	PKP033	814	814	12	a	a	_	_	_	_	_	linguistic	_	none	_	_	_	_	_	_
814-13	PKP033	814	814	13	trieste	trieste	_	_	_	_	_	linguistic	_	none	_	End=1367.94	_	_	_	_
815-0	PKP037	815	815	0	[xxx	xxx	_	_	_	_	_	unknown	_	none	Syllables=3	Begin=1363.48	_	_	_	0-3(509)
815-1	PKP037	815	815	1	le	le	_	_	_	_	_	linguistic	_	none	_	_	_	_	_	0-2(509)
815-2	PKP037	815	815	2	bacchette]	bacchette	_	_	_	_	_	linguistic	_	none	_	End=1364.86	_	_	_	0-9(509)
816-0	PKP036	816	816	0	[xxxxx]	xxxxx	_	_	_	_	_	unknown	_	none	Syllables=5	Begin=1364.55	_	_	_	0-5(509)
816-1	PKP036	816	816	1	{ride}	{ride}	_	_	_	_	_	nonverbalbehavior	_	none	_	End=1366.33	_	_	_	_
817-0	PKP033	817	817	0	in	in	_	_	_	_	_	linguistic	_	none	_	Begin=1367.97	_	_	_	_
817-1	PKP033	817	817	1	cui	cui	_	_	_	_	_	linguistic	_	none	_	_	_	_	_	_
817-2	PKP033	817	817	2	se	se	_	_	_	_	_	linguistic	_	none	_	_	_	_	_	_
817-3	PKP033	817	817	3	non	non	_	_	_	_	_	linguistic	_	none	_	_	_	_	_	_
817-4	PKP033	817	817	4	prendevi	prendevi	_	_	_	_	_	linguistic	_	none	_	_	_	_	_	_
817-5	PKP033	817	817	5	il	il	_	_	_	_	_	linguistic	_	none	_	_	_	_	_	_
817-6	PKP033	817	817	6	sushi	sushi	_	_	_	_	_	linguistic	_	none	_	_	_	_	_	_
817-7	PKP033	817	817	7	potevi	potevi	_	_	_	_	_	linguistic	_	none	_	_	_	_	_	_
817-8	PKP033	817	817	8	anche	anche	_	_	_	_	_	linguistic	_	none	_	_	_	_	_	_
817-9	PKP033	817	817	9	fare	fare	_	_	_	_	_	linguistic	_	none	_	_	_	_	_	_
817-10	PKP033	817	817	10	così	così	_	_	_	_	_	linguistic	_	none	_	_	_	_	_	_
817-11	PKP033	817	817	11	e	e	_	_	_	_	_	linguistic	_	none	_	_	_	_	_	_
817-12	PKP033	817	817	12	[ed	ed	_	_	_	_	_	linguistic	_	none	_	_	_	_	_	0-2(239)
817-13	PKP033	817	817	13	e]ra	era	_	_	_	_	_	linguistic	_	none	PauseAfter=Yes	_	_	_	_	0-1(239)
817-14	PKP033	817	817	14	{P}	{P}	_	_	_	_	_	shortpause	_	none	_	_	_	_	_	_
817-15	PKP033	817	817	15	[tipo	tipo	_	_	_	_	_	linguistic	_	none	_	_	_	_	_	0-4(240)
817-16	PKP033	817	817	16	tipo	tipo	_	_	_	_	_	linguistic	_	none	_	_	_	_	_	0-4(240)
817-17	PKP033	817	817	17	(u)na	una	_	_	_	_	_	linguistic	_	none	_	_	_	_	0-1(0)	0-3(240)
817-18	PKP033	817	817	18	c~]	c~	_	_	_	_	_	linguistic	_	none	Interrupted=Yes	_	_	_	_	0-2(240)
817-19	PKP033	817	817	19	una	una	_	_	_	_	_	linguistic	_	none	_	_	_	_	_	_
817-20	PKP033	817	817	20	cosa	cosa	_	_	_	_	_	linguistic	_	none	_	_	_	_	_	_
817-21	PKP033	817	817	21	del	del	_	_	_	_	_	linguistic	_	none	_	_	_	_	_	_
817-22	PKP033	817	817	22	genere	genere	_	_	_	_	_	linguistic	_	none	_	End=1374.08	_	_	_	_
818-0	PKP036	818	818	0	[mh]	mh	_	_	_	_	_	linguistic	_	none	_	Begin=1370.69|End=1371.02	_	_	_	0-2(239)
819-0	PKP036	819	819	0	[che	che	_	_	_	_	_	linguistic	_	none	_	Begin=1371.69	_	_	_	0-3(240)
819-1	PKP036	819	819	1	ti	ti	_	_	_	_	_	linguistic	_	none	_	_	_	_	_	0-2(240)
819-2	PKP036	819	819	2	metteva:	metteva	_	_	_	_	_	linguistic	_	none	_	_	6x1	_	_	0-7(240)
819-3	PKP036	819	819	3	sì]	sì	_	_	_	_	_	linguistic	_	none	_	End=1373.3	_	_	_	0-2(240)
820-0	PKP033	820	820	0	ma	ma	_	_	_	_	_	linguistic	_	none	_	Begin=1374.1	_	_	_	_
820-1	PKP033	820	820	1	è	è	_	_	_	_	_	linguistic	_	none	_	_	_	_	_	_
820-2	PKP033	820	820	2	un	un	_	_	_	_	_	linguistic	_	none	_	_	_	_	_	_
820-3	PKP033	820	820	3	ricordo	ricordo	_	_	_	_	_	linguistic	_	none	_	_	_	_	_	_
820-4	PKP033	820	820	4	m:	m	_	_	_	_	_	linguistic	_	none	_	_	0x1	_	_	_
820-5	PKP033	820	820	5	vecchio	vecchio	_	_	_	_	_	linguistic	_	none	_	_	_	_	_	_
820-6	PKP033	820	820	6	[vecchis]simo	vecchissimo	_	_	_	_	_	linguistic	_	none	_	_	_	_	_	0-7(241)
820-7	PKP033	820	820	7	{ride}	{ride}	_	_	_	_	_	nonverbalbehavior	_	none	_	End=1376.94	_	_	_	_
821-0	PKP036	821	821	0	[mhmh]	mhmh	_	_	_	_	_	linguistic	_	none	_	Begin=1375.44|End=1375.87	_	_	_	0-4(241)
822-0	PKP036	822	822	0	sì	sì	_	_	_	_	_	linguistic	_	none	_	Begin=1378.07|End=1378.47	_	_	_	_
823-0	PKP033	823	823	0	poi	poi	_	_	_	_	_	linguistic	_	none	_	Begin=1379.973	_	_	_	_
823-1	PKP033	823	823	1	dopo	dopo	_	_	_	_	_	linguistic	_	none	_	_	_	_	_	_
823-2	PKP033	823	823	2	siete	siete	_	_	_	_	_	linguistic	_	none	_	_	_	_	_	_
823-3	PKP033	823	823	3	s~	s~	_	_	_	_	_	linguistic	_	none	Interrupted=Yes	_	_	_	_	_
823-4	PKP033	823	823	4	avete	avete	_	_	_	_	_	linguistic	_	none	_	_	_	_	_	_
823-5	PKP033	823	823	5	visto	visto	_	_	_	_	_	linguistic	_	none	_	_	_	_	_	_
823-6	PKP033	823	823	6	tipo	tipo	_	_	_	_	_	linguistic	_	none	_	_	_	_	_	_
823-7	PKP033	823	823	7	delle	delle	_	_	_	_	_	linguistic	_	none	_	_	_	_	_	_
823-8	PKP033	823	823	8	cose	cose	_	_	_	_	_	linguistic	_	none	_	_	_	_	_	_
823-9	PKP033	823	823	9	fuori	fuori	_	_	_	_	_	linguistic	_	none	_	_	_	_	_	_
823-10	PKP033	823	823	10	città	città	_	_	_	_	_	linguistic	_	none	_	_	_	_	_	_
823-11	PKP033	823	823	11	o:	o	_	_	_	_	_	linguistic	_	none	_	End=1383.663	0x1	_	_	_
824-0	PKP037	824	824	0	mhmh	mhmh	_	_	_	_	_	linguistic	_	none	_	Begin=1383.663|End=1384.21	_	_	_	_
825-0	PKP033	825	825	0	come	come	_	_	_	_	_	linguistic	_	none	_	Begin=1384.48	_	_	_	_
825-1	PKP033	825	825	1	ci	ci	_	_	_	_	_	linguistic	_	none	_	_	_	_	_	_
825-2	PKP033	825	825	2	si	si	_	_	_	_	_	linguistic	_	none	_	_	_	_	_	_
825-3	PKP033	825	825	3	sposta	sposta	_	_	_	_	_	linguistic	_	none	_	_	_	_	_	_
825-4	PKP033	825	825	4	poi	poi	_	_	_	_	_	linguistic	_	none	_	End=1385.86	_	_	_	_
826-0	PKP033	826	826	0	lì	lì	_	_	_	_	_	linguistic	_	none	_	Begin=1386.01|End=1386.35	_	_	_	_
827-0	PKP036	827	827	0	eh	eh	_	_	_	_	_	linguistic	_	none	_	Begin=1386.44	_	_	_	_
827-1	PKP036	827	827	1	coi	coi	_	_	_	_	_	linguistic	_	none	_	_	_	_	_	_
827-2	PKP036	827	827	2	treni	treni	_	_	_	_	_	linguistic	_	none	_	End=1387.43	_	_	_	_
828-0	PKP036	828	828	0	°sì	sì	_	_	_	_	_	linguistic	_	none	PauseAfter=Yes|Volume=low	Begin=1388.8	_	_	_	_
828-1	PKP036	828	828	1	{P}	{P}	_	_	_	_	_	shortpause	_	none	Volume=low	_	_	_	_	_
828-2	PKP036	828	828	2	quasi	quasi	_	_	_	_	_	linguistic	_	none	Volume=low	_	_	_	_	_
828-3	PKP036	828	828	3	sempre°	sempre	_	_	_	_	_	linguistic	_	none	Volume=low	End=1390.12	_	_	_	_
829-0	PKP036	829	829	0	noi	noi	_	_	_	_	_	linguistic	_	none	_	Begin=1392.1	_	_	_	_
829-1	PKP036	829	829	1	coi	coi	_	_	_	_	_	linguistic	_	none	_	_	_	_	_	_
829-2	PKP036	829	829	2	treni	treni	_	_	_	_	_	linguistic	_	none	PauseAfter=Yes	_	_	_	_	_
829-3	PKP036	829	829	3	{P}	{P}	_	_	_	_	_	shortpause	_	none	_	_	_	_	_	_
829-4	PKP036	829	829	4	almeno	almeno	_	_	_	_	_	linguistic	_	none	_	_	_	_	_	_
829-5	PKP036	829	829	5	{ride}	{ride}	_	_	_	_	_	nonverbalbehavior	_	none	_	End=1393.867	_	_	_	_
830-0	PKP037	830	830	0	[non	non	_	_	_	_	_	linguistic	_	none	_	Begin=1393.48	_	_	_	0-3(242)
830-1	PKP037	830	830	1	siam]o	siamo	_	_	_	_	_	linguistic	_	none	_	_	_	_	_	0-4(242)
830-2	PKP037	830	830	2	mai	mai	_	_	_	_	_	linguistic	_	none	_	_	_	_	_	_
830-3	PKP037	830	830	3	andati	andati	_	_	_	_	_	linguistic	_	none	_	_	_	_	_	_
830-4	PKP037	830	830	4	dove	dove	_	_	_	_	_	linguistic	_	none	PauseAfter=Yes	_	_	_	_	_
830-5	PKP037	830	830	5	{P}	{P}	_	_	_	_	_	shortpause	_	none	_	_	_	_	_	_
830-6	PKP037	830	830	6	tipo	tipo	_	_	_	_	_	linguistic	_	none	_	_	_	_	_	_
830-7	PKP037	830	830	7	nel	nel	_	_	_	_	_	linguistic	_	none	_	_	_	_	_	_
830-8	PKP037	830	830	8	cuo:re	cuore	_	_	_	_	_	linguistic	_	none	_	_	2x1	_	_	_
830-9	PKP037	830	830	9	di	di	_	_	_	_	_	linguistic	_	none	_	_	_	_	_	_
830-10	PKP037	830	830	10	un	un	_	_	_	_	_	linguistic	_	none	_	_	_	_	_	_
830-11	PKP037	830	830	11	parco	parco	_	_	_	_	_	linguistic	_	none	_	_	_	_	_	_
830-12	PKP037	830	830	12	[naturale]	naturale	_	_	_	_	_	linguistic	_	none	_	End=1396.37	_	_	_	0-8(243)
831-0	PKP036	831	831	0	no:	no	_	_	_	_	_	linguistic	_	none	_	Begin=1395.97	1x1	_	_	_
831-1	PKP036	831	831	1	perché	perché	_	_	_	_	_	linguistic	_	none	_	_	_	_	_	_
831-2	PKP036	831	831	2	se	se	_	_	_	_	_	linguistic	_	none	_	_	_	_	_	_
831-3	PKP036	831	831	3	non	non	_	_	_	_	_	linguistic	_	none	_	_	_	_	_	_
831-4	PKP036	831	831	4	hai	hai	_	_	_	_	_	linguistic	_	none	_	_	_	_	_	_
831-5	PKP036	831	831	5	la	la	_	_	_	_	_	linguistic	_	none	_	_	_	_	_	_
831-6	PKP036	831	831	6	macchina	macchina	_	_	_	_	_	linguistic	_	none	_	_	_	_	_	_
831-7	PKP036	831	831	7	poi	poi	_	_	_	_	_	linguistic	_	none	_	End=1397.99	_	_	_	_
832-0	PKP037	832	832	0	m:h	mh	_	_	_	_	_	linguistic	_	none	_	Begin=1398.807	0x1	_	_	_
832-1	PKP037	832	832	1	l'	l'	_	_	_	_	_	linguistic	_	none	SpaceAfter=No	_	_	_	_	_
832-2	PKP037	832	832	2	ultimo	ultimo	_	_	_	_	_	linguistic	_	none	_	_	_	_	_	_
832-3	PKP037	832	832	3	giorno	giorno	_	_	_	_	_	linguistic	_	none	PauseAfter=Yes	_	_	_	_	_
832-4	PKP037	832	832	4	{P}	{P}	_	_	_	_	_	shortpause	_	none	_	_	_	_	_	_
832-5	PKP037	832	832	5	abbiamo	abbiamo	_	_	_	_	_	linguistic	_	none	_	_	_	_	_	_
832-6	PKP037	832	832	6	preso	preso	_	_	_	_	_	linguistic	_	none	_	_	_	_	_	_
832-7	PKP037	832	832	7	il:	il	_	_	_	_	_	linguistic	_	none	_	_	1x1	_	_	_
832-8	PKP037	832	832	8	pullman	pullman	_	_	_	_	_	linguistic	_	none	_	End=1402.213	_	_	_	_
833-0	PKP037	833	833	0	un	un	_	_	_	_	_	linguistic	_	none	_	Begin=1402.867	_	_	_	_
833-1	PKP037	833	833	1	autobus	autobus	_	_	_	_	_	linguistic	_	none	_	End=1403.673	_	_	_	_
834-0	PKP037	834	834	0	pe[r:]	per	_	_	_	_	_	linguistic	_	none	_	Begin=1404.19|End=1405.22	2x1	_	_	2-3(244)
835-0	PKP036	835	835	0	[ah	ah	_	_	_	_	_	linguistic	_	none	_	Begin=1404.67	_	_	_	0-2(244)
835-1	PKP036	835	835	1	vabbè]	vabbè	_	_	_	_	_	linguistic	_	none	_	_	_	_	_	0-5(244)
835-2	PKP036	835	835	2	quello	quello	_	_	_	_	_	linguistic	_	none	_	_	_	_	_	_
835-3	PKP036	835	835	3	sì	sì	_	_	_	_	_	linguistic	_	none	_	_	_	_	_	_
835-4	PKP036	835	835	4	mh	mh	_	_	_	_	_	linguistic	_	none	_	End=1406.16	_	_	_	_
836-0	PKP037	836	836	0	per	per	_	_	_	_	_	linguistic	_	none	_	Begin=1406.28	_	_	_	_
836-1	PKP037	836	836	1	salire	salire	_	_	_	_	_	linguistic	_	none	_	_	_	_	_	_
836-2	PKP037	836	836	2	sul:	sul	_	_	_	_	_	linguistic	_	none	_	_	2x1	_	_	_
836-3	PKP037	836	836	3	monte	monte	_	_	_	_	_	linguistic	_	none	_	_	_	_	_	_
836-4	PKP037	836	836	4	fuji	fuji	_	_	_	_	_	linguistic	_	none	_	End=1408.847	_	_	_	_
837-0	PKP037	837	837	0	sull'	sull'	_	_	_	_	_	linguistic	_	none	SpaceAfter=No	Begin=1409.027	_	_	_	_
837-1	PKP037	837	837	1	ultima:	ultima	_	_	_	_	_	linguistic	_	none	PauseAfter=Yes	_	5x1	_	_	_
837-2	PKP037	837	837	2	{P}	{P}	_	_	_	_	_	shortpause	_	none	_	_	_	_	_	_
837-3	PKP037	837	837	3	sul	sul	_	_	_	_	_	linguistic	_	none	_	_	_	_	_	_
837-4	PKP037	837	837	4	punto	punto	_	_	_	_	_	linguistic	_	none	_	_	_	_	_	_
837-5	PKP037	837	837	5	più	più	_	_	_	_	_	linguistic	_	none	_	_	_	_	_	_
837-6	PKP037	837	837	6	alto	alto	_	_	_	_	_	linguistic	_	none	_	_	_	_	_	_
837-7	PKP037	837	837	7	raggiungibile	raggiungibile	_	_	_	_	_	linguistic	_	none	_	_	_	_	_	_
837-8	PKP037	837	837	8	in	in	_	_	_	_	_	linguistic	_	none	_	_	_	_	_	_
837-9	PKP037	837	837	9	macchina	macchina	_	_	_	_	_	linguistic	_	none	_	End=1413.867	_	_	_	_
838-0	PKP037	838	838	0	però	però	_	_	_	_	_	linguistic	_	none	PauseAfter=Yes	Begin=1415.65	_	_	_	_
838-1	PKP037	838	838	1	{P}	{P}	_	_	_	_	_	shortpause	_	none	_	_	_	_	_	_
838-2	PKP037	838	838	2	è	è	_	_	_	_	_	linguistic	_	none	_	_	_	_	_	_
838-3	PKP037	838	838	3	stato	stato	_	_	_	_	_	linguistic	_	none	_	_	_	_	_	_
838-4	PKP037	838	838	4	un	un	_	_	_	_	_	linguistic	_	none	_	_	_	_	_	_
838-5	PKP037	838	838	5	po'	po'	_	_	_	_	_	linguistic	_	none	_	_	_	_	_	_
838-6	PKP037	838	838	6	inutile	inutile	_	_	_	_	_	linguistic	_	none	_	End=1417.45	_	_	_	_
839-0	PKP037	839	839	0	dal	dal	_	_	_	_	_	linguistic	_	none	_	Begin=1417.713	_	_	_	_
839-1	PKP037	839	839	1	monte	monte	_	_	_	_	_	linguistic	_	none	_	_	_	_	_	_
839-2	PKP037	839	839	2	su~	su~	_	_	_	_	_	linguistic	_	none	Interrupted=Yes	_	_	_	_	_
839-3	PKP037	839	839	3	fuji	fuji	_	_	_	_	_	linguistic	_	none	_	_	_	_	_	_
839-4	PKP037	839	839	4	non	non	_	_	_	_	_	linguistic	_	none	_	_	_	_	_	_
839-5	PKP037	839	839	5	vedi	vedi	_	_	_	_	_	linguistic	_	none	_	_	_	_	_	_
839-6	PKP037	839	839	6	il	il	_	_	_	_	_	linguistic	_	none	_	_	_	_	_	_
839-7	PKP037	839	839	7	monte	monte	_	_	_	_	_	linguistic	_	none	_	_	_	_	_	_
839-8	PKP037	839	839	8	fuji	fuji	_	_	_	_	_	linguistic	_	none	_	_	_	_	_	_
839-9	PKP037	839	839	9	chiaramente	chiaramente	_	_	_	_	_	linguistic	_	none	_	End=1420.38	_	_	_	_
840-0	PKP036	840	840	0	{ride}	{ride}	_	_	_	_	_	nonverbalbehavior	_	none	_	Begin=1420.22|End=1423.02	_	_	_	_
841-0	PKP037	841	841	0	[xxx]	xxx	_	_	_	_	_	unknown	_	none	Syllables=3	Begin=1420.45	_	_	_	0-3(510)
841-1	PKP037	841	841	1	{ride}	{ride}	_	_	_	_	_	nonverbalbehavior	_	none	_	End=1424.49	_	_	_	_
842-0	PKP033	842	842	0	[c(io)è	cioè	_	_	_	_	_	linguistic	_	none	_	Begin=1420.51	_	_	1-3(0)	0-4(510)
842-1	PKP033	842	842	1	in	in	_	_	_	_	_	linguistic	_	none	_	_	_	_	_	0-2(510)
842-2	PKP033	842	842	2	che	che	_	_	_	_	_	linguistic	_	none	_	_	_	_	_	0-3(510)
842-3	PKP033	842	842	3	senso	senso	_	_	_	_	_	linguistic	_	none	_	_	_	_	_	0-5(510)
842-4	PKP033	842	842	4	il	il	_	_	_	_	_	linguistic	_	none	_	_	_	_	_	0-2(510)
842-5	PKP033	842	842	5	monte	monte	_	_	_	_	_	linguistic	_	none	_	_	_	_	_	0-5(510)
842-6	PKP033	842	842	6	fuji]	fuji	_	_	_	_	_	linguistic	_	none	_	_	_	_	_	0-4(510)
842-7	PKP033	842	842	7	{RIDE}	{RIDE}	_	_	_	_	_	nonverbalbehavior	_	none	_	End=1425.94	_	_	_	_
843-0	PKP036	843	843	0	giustamente	giustamente	_	_	_	_	_	linguistic	_	none	_	Begin=1423.92|End=1424.92	_	_	_	_
844-0	PKP037	844	844	0	poi	poi	_	_	_	_	_	linguistic	_	none	_	Begin=1426.08	_	_	_	_
844-1	PKP037	844	844	1	ci	ci	_	_	_	_	_	linguistic	_	none	_	_	_	_	_	_
844-2	PKP037	844	844	2	hanno	hanno	_	_	_	_	_	linguistic	_	none	_	_	_	_	_	_
844-3	PKP037	844	844	3	portato	portato	_	_	_	_	_	linguistic	_	none	_	_	_	_	_	_
844-4	PKP037	844	844	4	sotto	sotto	_	_	_	_	_	linguistic	_	none	_	_	_	_	_	_
844-5	PKP037	844	844	5	un	un	_	_	_	_	_	linguistic	_	none	_	_	_	_	_	_
844-6	PKP037	844	844	6	po'	po'	_	_	_	_	_	linguistic	_	none	_	_	_	_	_	_
844-7	PKP037	844	844	7	più	più	_	_	_	_	_	linguistic	_	none	_	_	_	_	_	_
844-8	PKP037	844	844	8	distanti	distanti	_	_	_	_	_	linguistic	_	none	_	_	_	_	_	_
844-9	PKP037	844	844	9	(ma)	ma	_	_	_	_	_	linguistic	_	none	_	_	_	_	0-2(0)	_
844-10	PKP037	844	844	10	non	non	_	_	_	_	_	linguistic	_	none	_	_	_	_	_	_
844-11	PKP037	844	844	11	è	è	_	_	_	_	_	linguistic	_	none	_	_	_	_	_	_
844-12	PKP037	844	844	12	che	che	_	_	_	_	_	linguistic	_	none	_	_	_	_	_	_
844-13	PKP037	844	844	13	c(io)è	cioè	_	_	_	_	_	linguistic	_	none	_	_	_	_	1-3(1)	_
844-14	PKP037	844	844	14	[era	era	_	_	_	_	_	linguistic	_	none	_	_	_	_	_	0-3(?)
844-15	PKP037	844	844	15	una	una	_	_	_	_	_	linguistic	_	none	_	_	_	_	_	0-3(?)
844-16	PKP037	844	844	16	b~	b~	_	_	_	_	_	linguistic	_	none	Interrupted=Yes	_	_	_	_	0-2(?)
844-17	PKP037	844	844	17	brutta	brutta	_	_	_	_	_	linguistic	_	none	_	_	_	_	_	0-6(?)
844-18	PKP037	844	844	18	giornata]	giornata	_	_	_	_	_	linguistic	_	none	_	_	_	_	_	0-8(?)
844-19	PKP037	844	844	19	non	non	_	_	_	_	_	linguistic	_	none	_	_	_	_	_	_
844-20	PKP037	844	844	20	si	si	_	_	_	_	_	linguistic	_	none	_	_	_	_	_	_
844-21	PKP037	844	844	21	vedeva	vedeva	_	_	_	_	_	linguistic	_	none	_	End=1430.78	_	_	_	_
845-0	PKP036	845	845	0	[non	non	_	_	_	_	_	linguistic	_	none	_	Begin=1428.73	_	_	_	0-3(245)
845-1	PKP036	845	845	1	si	si	_	_	_	_	_	linguistic	_	none	_	_	_	_	_	0-2(245)
845-2	PKP036	845	845	2	vedeva]	vedeva	_	_	_	_	_	linguistic	_	none	_	End=1429.99	_	_	_	0-6(245)
846-0	PKP036	846	846	0	[tutto]	tutto	_	_	_	_	_	linguistic	_	none	_	Begin=1430.56	_	_	_	0-5(246)
846-1	PKP036	846	846	1	ne:bbioso	nebbioso	_	_	_	_	_	linguistic	_	none	_	End=1431.94	1x1	_	_	_
847-0	PKP037	847	847	0	quello	quello	_	_	_	_	_	linguistic	_	none	_	Begin=1432.18	_	_	_	_
847-1	PKP037	847	847	1	è	è	_	_	_	_	_	linguistic	_	none	_	_	_	_	_	_
847-2	PKP037	847	847	2	l'	l'	_	_	_	_	_	linguistic	_	none	SpaceAfter=No	_	_	_	_	_
847-3	PKP037	847	847	3	unico	unico	_	_	_	_	_	linguistic	_	none	_	_	_	_	_	_
847-4	PKP037	847	847	4	spostamento	spostamento	_	_	_	_	_	linguistic	_	none	_	_	_	_	_	_
847-5	PKP037	847	847	5	che	che	_	_	_	_	_	linguistic	_	none	_	_	_	_	_	_
847-6	PKP037	847	847	6	non	non	_	_	_	_	_	linguistic	_	none	_	_	_	_	_	_
847-7	PKP037	847	847	7	abbiamo	abbiamo	_	_	_	_	_	linguistic	_	none	_	_	_	_	_	_
847-8	PKP037	847	847	8	fatto	fatto	_	_	_	_	_	linguistic	_	none	_	_	_	_	_	_
847-9	PKP037	847	847	9	coi	coi	_	_	_	_	_	linguistic	_	none	_	_	_	_	_	_
847-10	PKP037	847	847	10	treni	treni	_	_	_	_	_	linguistic	_	none	_	_	_	_	_	_
847-11	PKP037	847	847	11	quel	quel	_	_	_	_	_	linguistic	_	none	_	_	_	_	_	_
847-12	PKP037	847	847	12	giorno	giorno	_	_	_	_	_	linguistic	_	none	_	End=1434.97	_	_	_	_
848-0	PKP036	848	848	0	[senza	senza	_	_	_	_	_	linguistic	_	none	_	Begin=1435.67	_	_	_	0-5(247)
848-1	PKP036	848	848	1	treni]	treni	_	_	_	_	_	linguistic	_	none	_	End=1436.58	_	_	_	0-5(247)
849-0	PKP037	849	849	0	[c'	c'	_	_	_	_	_	linguistic	_	none	SpaceAfter=No	Begin=1435.68	_	_	_	0-2(247)
849-1	PKP037	849	849	1	hanno	hanno	_	_	_	_	_	linguistic	_	none	_	_	_	_	_	0-5(247)
849-2	PKP037	849	849	2	portato	portato	_	_	_	_	_	linguistic	_	none	_	_	_	_	_	0-7(247)
849-3	PKP037	849	849	3	su	su	_	_	_	_	_	linguistic	_	none	_	_	_	_	_	0-2(247)
849-4	PKP037	849	849	4	là]	là	_	_	_	_	_	linguistic	_	none	PauseAfter=Yes	_	_	_	_	0-2(247)
849-5	PKP037	849	849	5	{P}	{P}	_	_	_	_	_	shortpause	_	none	_	_	_	_	_	_
849-6	PKP037	849	849	6	eh	eh	_	_	_	_	_	linguistic	_	none	_	_	_	_	_	_
849-7	PKP037	849	849	7	senza	senza	_	_	_	_	_	linguistic	_	none	_	_	_	_	_	_
849-8	PKP037	849	849	8	treni	treni	_	_	_	_	_	linguistic	_	none	_	End=1437.76	_	_	_	_
850-0	PKP037	850	850	0	c'	c'	_	_	_	_	_	linguistic	_	none	SpaceAfter=No	Begin=1437.82	_	_	_	_
850-1	PKP037	850	850	1	hanno	hanno	_	_	_	_	_	linguistic	_	none	_	_	_	_	_	_
850-2	PKP037	850	850	2	portato	portato	_	_	_	_	_	linguistic	_	none	_	_	_	_	_	_
850-3	PKP037	850	850	3	su	su	_	_	_	_	_	linguistic	_	none	_	_	_	_	_	_
850-4	PKP037	850	850	4	un	un	_	_	_	_	_	linguistic	_	none	_	_	_	_	_	_
850-5	PKP037	850	850	5	lago	lago	_	_	_	_	_	linguistic	_	none	_	End=1439.1	_	_	_	_
851-0	PKP037	851	851	0	lago	lago	_	_	_	_	_	linguistic	_	none	PauseAfter=Yes	Begin=1439.24	_	_	_	_
851-1	PKP037	851	851	1	{P}	{P}	_	_	_	_	_	shortpause	_	none	_	_	_	_	_	_
851-2	PKP037	851	851	2	asahi	asahi	_	_	_	_	_	linguistic	_	none	_	End=1440.54	_	_	_	_
852-0	PKP037	852	852	0	a:	a	_	_	_	_	_	linguistic	_	none	_	Begin=1440.64	0x1	_	_	_
852-1	PKP037	852	852	1	[ashi]	ashi	_	_	_	_	_	linguistic	_	none	_	End=1441.88	_	_	_	0-4(248)
853-0	PKP036	853	853	0	[ashi]	ashi	_	_	_	_	_	linguistic	_	none	_	Begin=1441.34|End=1441.9	_	_	_	0-4(248)
854-0	PKP037	854	854	0	°ashi°	ashi	_	_	_	_	_	linguistic	_	none	Volume=low	Begin=1442.36|End=1442.87	_	_	_	_
855-0	PKP037	855	855	0	per	per	_	_	_	_	_	linguistic	_	none	_	Begin=1444.57	_	_	_	_
855-1	PKP037	855	855	1	il	il	_	_	_	_	_	linguistic	_	none	_	_	_	_	_	_
855-2	PKP037	855	855	2	resto	resto	_	_	_	_	_	linguistic	_	none	_	_	_	_	_	_
855-3	PKP037	855	855	3	i	i	_	_	_	_	_	linguistic	_	none	_	_	_	_	_	_
855-4	PKP037	855	855	4	treni	treni	_	_	_	_	_	linguistic	_	none	_	End=1445.47	_	_	_	_
856-0	PKP037	856	856	0	(i)per	iper	_	_	_	_	_	linguistic	_	none	_	Begin=1445.52	_	_	0-1(0)	_
856-1	PKP037	856	856	1	com[odissimi]	comodissimi	_	_	_	_	_	linguistic	_	none	_	End=1446.53	_	_	_	3-11(249)
857-0	PKP036	857	857	0	[sì]	sì	_	_	_	_	_	linguistic	_	none	_	Begin=1445.84|End=1446.35	_	_	_	0-2(249)
858-0	PKP036	858	858	0	e	e	_	_	_	_	_	linguistic	_	none	_	Begin=1446.65	_	_	_	_
858-1	PKP036	858	858	1	tra(nne)	tranne	_	_	_	_	_	linguistic	_	none	_	_	_	_	3-6(0)	_
858-2	PKP036	858	858	2	che	che	_	_	_	_	_	linguistic	_	none	PauseAfter=Yes	_	_	_	_	_
858-3	PKP036	858	858	3	{P}	{P}	_	_	_	_	_	shortpause	_	none	_	_	_	_	_	_
858-4	PKP036	858	858	4	siamo	siamo	_	_	_	_	_	linguistic	_	none	_	_	_	_	_	_
858-5	PKP036	858	858	5	andati	andati	_	_	_	_	_	linguistic	_	none	_	_	_	_	_	_
858-6	PKP036	858	858	6	su	su	_	_	_	_	_	linguistic	_	none	_	_	_	_	_	_
858-7	PKP036	858	858	7	un'	un'	_	_	_	_	_	linguistic	_	none	SpaceAfter=No	_	_	_	_	_
858-8	PKP036	858	858	8	isol[e:tta]	isoletta	_	_	_	_	_	linguistic	_	none	_	End=1448.96	4x1	_	_	3-8(250)
859-0	PKP033	859	859	0	[sì]	sì	_	_	_	_	_	linguistic	_	none	_	Begin=1448.47|End=1448.85	_	_	_	0-2(250)
860-0	PKP037	860	860	0	°oh	oh	_	_	_	_	_	linguistic	_	none	Volume=low	Begin=1449.6	_	_	_	_
860-1	PKP037	860	860	1	è	è	_	_	_	_	_	linguistic	_	none	Volume=low	_	_	_	_	_
860-2	PKP037	860	860	2	vero°	vero	_	_	_	_	_	linguistic	_	none	Volume=low	End=1450.33	_	_	_	_
861-0	PKP037	861	861	0	l'	l'	_	_	_	_	_	linguistic	_	none	SpaceAfter=No	Begin=1450.527	_	_	_	_
861-1	PKP037	861	861	1	isola	isola	_	_	_	_	_	linguistic	_	none	_	_	_	_	_	_
861-2	PKP037	861	861	2	davanti	davanti	_	_	_	_	_	linguistic	_	none	_	_	_	_	_	_
861-3	PKP037	861	861	3	a	a	_	_	_	_	_	linguistic	_	none	_	_	_	_	_	_
861-4	PKP037	861	861	4	hiroshima	hiroshima	_	_	_	_	_	linguistic	_	none	_	End=1452.093	_	_	_	_
862-0	PKP036	862	862	0	mh	mh	_	_	_	_	_	linguistic	_	none	_	Begin=1452.167|End=1452.653	_	_	_	_
863-0	PKP037	863	863	0	si	si	_	_	_	_	_	linguistic	_	none	_	Begin=1453.25	_	_	_	_
863-1	PKP037	863	863	1	chiama:	chiama	_	_	_	_	_	linguistic	_	none	_	End=1454.11	5x1	_	_	_
864-0	PKP037	864	864	0	niajima	niajima	_	_	_	_	_	linguistic	_	none	_	Begin=1454.13|End=1454.93	_	_	_	_
865-0	PKP036	865	865	0	mhmh	mhmh	_	_	_	_	_	linguistic	_	none	_	Begin=1455.5|End=1456.12	_	_	_	_
866-0	PKP037	866	866	0	è	è	_	_	_	_	_	linguistic	_	none	_	Begin=1457.813	_	_	_	_
866-1	PKP037	866	866	1	carinissima	carinissima	_	_	_	_	_	linguistic	_	none	_	End=1458.867	_	_	_	_
867-0	PKP037	867	867	0	c(io)è	cioè	_	_	_	_	_	linguistic	_	none	_	Begin=1459.113	_	_	1-3(0)	_
867-1	PKP037	867	867	1	non	non	_	_	_	_	_	linguistic	_	none	_	_	_	_	_	_
867-2	PKP037	867	867	2	so	so	_	_	_	_	_	linguistic	_	none	_	_	_	_	_	_
867-3	PKP037	867	867	3	quanto	quanto	_	_	_	_	_	linguistic	_	none	_	_	_	_	_	_
867-4	PKP037	867	867	4	è	è	_	_	_	_	_	linguistic	_	none	_	_	_	_	_	_
867-5	PKP037	867	867	5	turistica	turistica	_	_	_	_	_	linguistic	_	none	_	_	_	_	_	_
867-6	PKP037	867	867	6	però	però	_	_	_	_	_	linguistic	_	none	_	_	_	_	_	_
867-7	PKP037	867	867	7	poi	poi	_	_	_	_	_	linguistic	_	none	_	End=1461.227	_	_	_	_
868-0	PKP037	868	868	0	c(io)è	cioè	_	_	_	_	_	linguistic	_	none	_	Begin=1461.347	_	_	1-3(0)	_
868-1	PKP037	868	868	1	è	è	_	_	_	_	_	linguistic	_	none	_	_	_	_	_	_
868-2	PKP037	868	868	2	molto	molto	_	_	_	_	_	linguistic	_	none	_	_	_	_	_	_
868-3	PKP037	868	868	3	turistica	turistica	_	_	_	_	_	linguistic	_	none	_	_	_	_	_	_
868-4	PKP037	868	868	4	ma	ma	_	_	_	_	_	linguistic	_	none	_	_	_	_	_	_
868-5	PKP037	868	868	5	non	non	_	_	_	_	_	linguistic	_	none	_	_	_	_	_	_
868-6	PKP037	868	868	6	so	so	_	_	_	_	_	linguistic	_	none	_	_	_	_	_	_
868-7	PKP037	868	868	7	(quanto	quanto	_	_	_	_	_	linguistic	_	none	_	_	_	_	0-6(1)	_
868-8	PKP037	868	868	8	ci	ci	_	_	_	_	_	linguistic	_	none	_	_	_	_	0-2(1)	_
868-9	PKP037	868	868	9	sia	sia	_	_	_	_	_	linguistic	_	none	_	_	_	_	0-3(1)	_
868-10	PKP037	868	868	10	da	da	_	_	_	_	_	linguistic	_	none	_	_	_	_	0-2(1)	_
868-11	PKP037	868	868	11	vedere)	vedere	_	_	_	_	_	linguistic	_	none	_	End=1463.407	_	_	0-6(1)	_
869-0	PKP036	869	869	0	mh	mh	_	_	_	_	_	linguistic	_	none	PauseAfter=Yes	Begin=1463.43	_	_	_	_
869-1	PKP036	869	869	1	{P}	{P}	_	_	_	_	_	shortpause	_	none	_	_	_	_	_	_
869-2	PKP036	869	869	2	[xx]	xx	_	_	_	_	_	unknown	_	none	Syllables=2	End=1464.76	_	_	_	0-2(251)
870-0	PKP037	870	870	0	[abbiamo	abbiamo	_	_	_	_	_	linguistic	_	none	_	Begin=1463.5	_	_	_	0-7(251)
870-1	PKP037	870	870	1	visto]:	visto	_	_	_	_	_	linguistic	_	none	_	End=1464.85	4x1	_	_	0-5(251)
871-0	PKP037	871	871	0	passeggiato	passeggiato	_	_	_	_	_	linguistic	_	none	_	Begin=1465.393	_	_	_	_
871-1	PKP037	871	871	1	e:	e	_	_	_	_	_	linguistic	_	none	_	End=1466.64	0x1	_	_	_
872-0	PKP037	872	872	0	lì	lì	_	_	_	_	_	linguistic	_	none	_	Begin=1466.873	_	_	_	_
872-1	PKP037	872	872	1	a	a	_	_	_	_	_	linguistic	_	none	_	_	_	_	_	_
872-2	PKP037	872	872	2	differenza	differenza	_	_	_	_	_	linguistic	_	none	_	_	_	_	_	_
872-3	PKP037	872	872	3	di	di	_	_	_	_	_	linguistic	_	none	_	_	_	_	_	_
872-4	PKP037	872	872	4	nara	nara	_	_	_	_	_	linguistic	_	none	_	_	_	_	_	_
872-5	PKP037	872	872	5	ci	ci	_	_	_	_	_	linguistic	_	none	_	_	_	_	_	_
872-6	PKP037	872	872	6	stanno:	stanno	_	_	_	_	_	linguistic	_	none	_	_	5x1	_	_	_
872-7	PKP037	872	872	7	i:	i	_	_	_	_	_	linguistic	_	none	_	_	0x1	_	_	_
872-8	PKP037	872	872	8	cervi	cervi	_	_	_	_	_	linguistic	_	none	_	End=1469.26	_	_	_	_
873-0	PKP037	873	873	0	°cervi?°	cervi	_	_	_	_	_	linguistic	_	none	Intonation=Rising|Volume=low	Begin=1469.51|End=1470.17	_	_	_	_
874-0	PKP036	874	874	0	mh	mh	_	_	_	_	_	linguistic	_	none	_	Begin=1470.23|End=1470.81	_	_	_	_
875-0	PKP037	875	875	0	non	non	_	_	_	_	_	linguistic	_	none	_	Begin=1471.673	_	_	_	_
875-1	PKP037	875	875	1	addomesticati	addomesticati	_	_	_	_	_	linguistic	_	none	_	End=1473.033	_	_	_	_
876-0	PKP037	876	876	0	mh	mh	_	_	_	_	_	linguistic	_	none	_	Begin=1474.66	_	_	_	_
876-1	PKP037	876	876	1	ci	ci	_	_	_	_	_	linguistic	_	none	_	_	_	_	_	_
876-2	PKP037	876	876	2	puoi	puoi	_	_	_	_	_	linguistic	_	none	_	_	_	_	_	_
876-3	PKP037	876	876	3	litigare	litigare	_	_	_	_	_	linguistic	_	none	_	_	_	_	_	_
876-4	PKP037	876	876	4	molto	molto	_	_	_	_	_	linguistic	_	none	_	_	_	_	_	_
876-5	PKP037	876	876	5	facilme[nte]	facilmente	_	_	_	_	_	linguistic	_	none	_	End=1476.43	_	_	_	7-10(252)
877-0	PKP033	877	877	0	[ah	ah	_	_	_	_	_	linguistic	_	none	_	Begin=1476.05	_	_	_	0-2(252)
877-1	PKP033	877	877	1	s]ì	sì	_	_	_	_	_	linguistic	_	none	_	End=1476.81	_	_	_	0-1(252)
878-0	PKP036	878	878	0	sì	sì	_	_	_	_	_	linguistic	_	none	_	Begin=1477.74	_	_	_	_
878-1	PKP036	878	878	1	poi	poi	_	_	_	_	_	linguistic	_	none	_	_	_	_	_	_
878-2	PKP036	878	878	2	hanno	hanno	_	_	_	_	_	linguistic	_	none	_	_	_	_	_	_
878-3	PKP036	878	878	3	i	i	_	_	_	_	_	linguistic	_	none	_	_	_	_	_	_
878-4	PKP036	878	878	4	cer[vi	cervi	_	_	_	_	_	linguistic	_	none	_	_	_	_	_	3-5(253)
878-5	PKP036	878	878	5	co(n)	con	_	_	_	_	_	linguistic	_	none	_	_	_	_	2-3(0)	0-3(253)
878-6	PKP036	878	878	6	xx]	xx	_	_	_	_	_	unknown	_	none	Syllables=2	End=1479.36	_	_	_	0-2(253)
879-0	PKP033	879	879	0	ah	ah	_	_	_	_	_	linguistic	_	none	_	Begin=1478.48	_	_	_	_
879-1	PKP033	879	879	1	non	non	_	_	_	_	_	linguistic	_	none	_	_	_	_	_	_
879-2	PKP033	879	879	2	son	son	_	_	_	_	_	linguistic	_	none	_	_	_	_	_	_
879-3	PKP033	879	879	3	timidi	timidi	_	_	_	_	_	linguistic	_	none	_	End=1479.7	_	_	_	_
880-0	PKP037	880	880	0	no	no	_	_	_	_	_	linguistic	_	none	_	Begin=1479.82	_	_	_	_
880-1	PKP037	880	880	1	no	no	_	_	_	_	_	linguistic	_	none	_	End=1480.587	_	_	_	_
881-0	PKP037	881	881	0	c(io)è	cioè	_	_	_	_	_	linguistic	_	none	_	Begin=1480.94	_	_	1-3(0)	_
881-1	PKP037	881	881	1	pretendono	pretendono	_	_	_	_	_	linguistic	_	none	_	_	_	_	_	_
881-2	PKP037	881	881	2	il	il	_	_	_	_	_	linguistic	_	none	_	_	_	_	_	_
881-3	PKP037	881	881	3	cibo	cibo	_	_	_	_	_	linguistic	_	none	_	End=1482.28	_	_	_	_
882-0	PKP036	882	882	0	sì	sì	_	_	_	_	_	linguistic	_	none	PauseAfter=Yes	Begin=1482.329	_	_	_	_
882-1	PKP036	882	882	1	{P}	{P}	_	_	_	_	_	shortpause	_	none	_	_	_	_	_	_
882-2	PKP036	882	882	2	sì	sì	_	_	_	_	_	linguistic	_	none	_	_	_	_	_	_
882-3	PKP036	882	882	3	[sì	sì	_	_	_	_	_	linguistic	_	none	_	_	_	_	_	0-2(254)
882-4	PKP036	882	882	4	ti	ti	_	_	_	_	_	linguistic	_	none	_	_	_	_	_	0-2(254)
882-5	PKP036	882	882	5	mordono]	mordono	_	_	_	_	_	linguistic	_	none	_	End=1484.42	_	_	_	0-7(254)
883-0	PKP037	883	883	0	[se	se	_	_	_	_	_	linguistic	_	none	_	Begin=1483.17	_	_	_	0-2(254)
883-1	PKP037	883	883	1	hai	hai	_	_	_	_	_	linguistic	_	none	_	_	_	_	_	0-3(254)
883-2	PKP037	883	883	2	xxxx]	xxxx	_	_	_	_	_	unknown	_	none	Syllables=4	End=1484.31	_	_	_	0-4(254)
884-0	PKP036	884	884	0	quelli	quelli	_	_	_	_	_	linguistic	_	none	_	Begin=1484.79	_	_	_	_
884-1	PKP036	884	884	1	che	che	_	_	_	_	_	linguistic	_	none	_	_	_	_	_	_
884-2	PKP036	884	884	2	non	non	_	_	_	_	_	linguistic	_	none	_	_	_	_	_	_
884-3	PKP036	884	884	3	gli	gli	_	_	_	_	_	linguistic	_	none	_	_	_	_	_	_
884-4	PKP036	884	884	4	dai	dai	_	_	_	_	_	linguistic	_	none	_	_	_	_	_	_
884-5	PKP036	884	884	5	da	da	_	_	_	_	_	linguistic	_	none	_	_	_	_	_	_
884-6	PKP036	884	884	6	mangiare	mangiare	_	_	_	_	_	linguistic	_	none	_	End=1486.07	_	_	_	_
885-0	PKP036	885	885	0	(ap)pena	appena	_	_	_	_	_	linguistic	_	none	_	Begin=1486.07	_	_	_	_
885-1	PKP036	885	885	1	vedono	vedono	_	_	_	_	_	linguistic	_	none	_	_	_	_	_	_
885-2	PKP036	885	885	2	che	che	_	_	_	_	_	linguistic	_	none	_	_	_	_	_	_
885-3	PKP036	885	885	3	stai	stai	_	_	_	_	_	linguistic	_	none	_	_	_	_	_	_
885-4	PKP036	885	885	4	prendendo	prendendo	_	_	_	_	_	linguistic	_	none	_	_	_	_	_	_
885-5	PKP036	885	885	5	qualcosa	qualcosa	_	_	_	_	_	linguistic	_	none	_	_	_	_	_	_
885-6	PKP036	885	885	6	ven~)	ven~	_	_	_	_	_	linguistic	_	none	Interrupted=Yes	End=1487.86	_	_	_	_
886-0	PKP033	886	886	0	SON	son	_	_	_	_	_	linguistic	_	none	Volume=high	Begin=1487.9	_	_	_	_
886-1	PKP033	886	886	1	CERVI	cervi	_	_	_	_	_	linguistic	_	none	Volume=high	End=1488.78	_	_	_	_
887-0	PKP033	887	887	0	c(io)è	cioè	_	_	_	_	_	linguistic	_	none	_	Begin=1488.78	_	_	1-3(0)	_
887-1	PKP033	887	887	1	tipo:	tipo	_	_	_	_	_	linguistic	_	none	_	_	3x1	_	_	_
887-2	PKP033	887	887	2	tipo	tipo	_	_	_	_	_	linguistic	_	none	_	_	_	_	_	_
887-3	PKP033	887	887	3	[i	i	_	_	_	_	_	linguistic	_	none	_	_	_	_	_	0-1(255)
887-4	PKP033	887	887	4	piccioni	piccioni	_	_	_	_	_	linguistic	_	none	_	_	_	_	_	0-8(255)
887-5	PKP033	887	887	5	sì]	sì	_	_	_	_	_	linguistic	_	none	_	_	_	_	_	0-2(255)
887-6	PKP033	887	887	6	sì	sì	_	_	_	_	_	linguistic	_	none	_	End=1491.35	_	_	_	_
888-0	PKP036	888	888	0	[(un	un	_	_	_	_	_	linguistic	_	none	_	Begin=1490.06	_	_	0-2(0)	0-2(255)
888-1	PKP036	888	888	1	po'	po'	_	_	_	_	_	linguistic	_	none	_	_	_	_	0-3(0)	0-3(255)
888-2	PKP036	888	888	2	da:)]	da	_	_	_	_	_	linguistic	_	none	_	End=1491.05	1x1	_	0-2(0)	0-2(255)
889-0	PKP037	889	889	0	{ride}	{ride}	_	_	_	_	_	nonverbalbehavior	_	none	_	Begin=1491.65	_	_	_	_
889-1	PKP037	889	889	1	[(se	se	_	_	_	_	_	linguistic	_	none	_	_	_	_	0-2(0)	0-2(?)
889-2	PKP037	889	889	2	mi	mi	_	_	_	_	_	linguistic	_	none	_	_	_	_	0-2(0)	0-2(?)
889-3	PKP037	889	889	3	sentono)]	sentono	_	_	_	_	_	linguistic	_	none	_	End=1493.78	_	_	0-7(0)	0-7(?)
890-0	PKP036	890	890	0	{RIDE}	{RIDE}	_	_	_	_	_	nonverbalbehavior	_	none	_	Begin=1491.66|End=1494.39	_	_	_	_
891-0	PKP033	891	891	0	{RIDE}	{RIDE}	_	_	_	_	_	nonverbalbehavior	_	none	_	Begin=1491.88|End=1493.84	_	_	_	_
892-0	PKP037	892	892	0	beh	beh	_	_	_	_	_	linguistic	_	none	_	Begin=1494.48	_	_	_	_
892-1	PKP037	892	892	1	il	il	_	_	_	_	_	linguistic	_	none	_	_	_	_	_	_
892-2	PKP037	892	892	2	numero	numero	_	_	_	_	_	linguistic	_	none	_	_	_	_	_	_
892-3	PKP037	892	892	3	era	era	_	_	_	_	_	linguistic	_	none	_	_	_	_	_	_
892-4	PKP037	892	892	4	quello	quello	_	_	_	_	_	linguistic	_	none	_	_	_	_	_	_
892-5	PKP037	892	892	5	{ride}	{ride}	_	_	_	_	_	nonverbalbehavior	_	none	_	End=1496.39	_	_	_	_
893-0	PKP033	893	893	0	{ride}	{ride}	_	_	_	_	_	nonverbalbehavior	_	none	_	Begin=1495.97|End=1497.03	_	_	_	_
894-0	PKP033	894	894	0	stupendo	stupendo	_	_	_	_	_	linguistic	_	none	_	Begin=1497.09|End=1498.06	_	_	_	_
895-0	PKP037	895	895	0	l'	l'	_	_	_	_	_	linguistic	_	none	SpaceAfter=No	Begin=1498.51	_	_	_	_
895-1	PKP037	895	895	1	acquario	acquario	_	_	_	_	_	linguistic	_	none	_	End=1499.41	_	_	_	_
896-0	PKP037	896	896	0	e:	e	_	_	_	_	_	linguistic	_	none	_	Begin=1499.78	0x1	_	_	_
896-1	PKP037	896	896	1	niente	niente	_	_	_	_	_	linguistic	_	none	_	End=1500.85	_	_	_	_
897-0	PKP036	897	897	0	°xxxxxxxx°	xxxxxxxx	_	_	_	_	_	unknown	_	none	Volume=low|Syllables=8	Begin=1500.33|End=1502.46	_	_	_	_
898-0	PKP037	898	898	0	poi	poi	_	_	_	_	_	linguistic	_	none	_	Begin=1503.68	_	_	_	_
898-1	PKP037	898	898	1	hiroshima	hiroshima	_	_	_	_	_	linguistic	_	none	_	_	_	_	_	_
898-2	PKP037	898	898	2	è	è	_	_	_	_	_	linguistic	_	none	_	_	_	_	_	_
898-3	PKP037	898	898	3	stata	stata	_	_	_	_	_	linguistic	_	none	_	_	_	_	_	_
898-4	PKP037	898	898	4	molto	molto	_	_	_	_	_	linguistic	_	none	_	_	_	_	_	_
898-5	PKP037	898	898	5	bella	bella	_	_	_	_	_	linguistic	_	none	_	End=1505.3	_	_	_	_
899-0	PKP037	899	899	0	la	la	_	_	_	_	_	linguistic	_	none	_	Begin=1505.52	_	_	_	_
899-1	PKP037	899	899	1	città:	città	_	_	_	_	_	linguistic	_	none	PauseAfter=Yes	_	4x1	_	_	_
899-2	PKP037	899	899	2	{P}	{P}	_	_	_	_	_	shortpause	_	none	_	_	_	_	_	_
899-3	PKP037	899	899	3	c(io)è	cioè	_	_	_	_	_	linguistic	_	none	_	_	_	_	1-3(0)	_
899-4	PKP037	899	899	4	la	la	_	_	_	_	_	linguistic	_	none	_	_	_	_	_	_
899-5	PKP037	899	899	5	città	città	_	_	_	_	_	linguistic	_	none	_	_	_	_	_	_
899-6	PKP037	899	899	6	è	è	_	_	_	_	_	linguistic	_	none	_	_	_	_	_	_
899-7	PKP037	899	899	7	brutta	brutta	_	_	_	_	_	linguistic	_	none	_	End=1507.39	_	_	_	_
900-0	PKP036	900	900	0	{ride}	{ride}	_	_	_	_	_	nonverbalbehavior	_	none	_	Begin=1507.5|End=1508.11	_	_	_	_
901-0	PKP037	901	901	0	[no]?	no	_	_	_	_	_	linguistic	_	none	Intonation=Rising	Begin=1507.88	_	_	_	0-2(257)
901-1	PKP037	901	901	1	{ride}	{ride}	_	_	_	_	_	nonverbalbehavior	_	none	_	End=1508.85	_	_	_	_
902-0	PKP036	902	902	0	(non	non	_	_	_	_	_	linguistic	_	none	_	Begin=1508.64	_	_	0-3(0)	_
902-1	PKP036	902	902	1	rico[rdo)	ricordo	_	_	_	_	_	linguistic	_	none	_	_	_	_	0-7(0)	4-7(258)
902-2	PKP036	902	902	2	xxxx]	xxxx	_	_	_	_	_	unknown	_	none	Syllables=4	End=1509.91	_	_	_	0-4(258)
903-0	PKP033	903	903	0	[ma	ma	_	_	_	_	_	linguistic	_	none	_	Begin=1509.0	_	_	_	0-2(258)
903-1	PKP033	903	903	1	cosa	cosa	_	_	_	_	_	linguistic	_	none	_	_	_	_	_	0-4(258)
903-2	PKP033	903	903	2	si	si	_	_	_	_	_	linguistic	_	none	_	_	_	_	_	0-2(258)
903-3	PKP033	903	903	3	vis]ita?	visita	_	_	_	_	_	linguistic	_	none	Intonation=Rising	End=1510.31	_	_	_	0-3(258)
904-0	PKP036	904	904	0	il	il	_	_	_	_	_	linguistic	_	none	_	Begin=1510.64	_	_	_	_
904-1	PKP036	904	904	1	museo	museo	_	_	_	_	_	linguistic	_	none	PauseAfter=Yes	_	_	_	_	_
904-2	PKP036	904	904	2	{P}	{P}	_	_	_	_	_	shortpause	_	none	_	_	_	_	_	_
904-3	PKP036	904	904	3	[principalmente]	principalmente	_	_	_	_	_	linguistic	_	none	_	End=1512.88	_	_	_	0-14(259)
905-0	PKP033	905	905	0	[c(io)è	cioè	_	_	_	_	_	linguistic	_	none	_	Begin=1511.6	_	_	1-3(0)	0-4(?)
905-1	PKP033	905	905	1	c'	c'	_	_	_	_	_	linguistic	_	none	SpaceAfter=No	_	_	_	_	0-2(?)
905-2	PKP033	905	905	2	è	è	_	_	_	_	_	linguistic	_	none	_	_	_	_	_	0-1(?)
905-3	PKP033	905	905	3	il	il	_	_	_	_	_	linguistic	_	none	_	_	_	_	_	0-2(?)
905-4	PKP033	905	905	4	museo	museo	_	_	_	_	_	linguistic	_	none	PauseAfter=Yes	_	_	_	_	0-5(?)
905-5	PKP033	905	905	5	{P}	{P}	_	_	_	_	_	shortpause	_	none	_	_	_	_	_	0-3(?)
905-6	PKP033	905	905	6	okay]	okay	_	_	_	_	_	linguistic	_	none	_	End=1513.06	_	_	_	0-4(?)
906-0	PKP037	906	906	0	[c'	c'	_	_	_	_	_	linguistic	_	none	SpaceAfter=No	Begin=1512.9	_	_	_	0-2(260)
906-1	PKP037	906	906	1	è	è	_	_	_	_	_	linguistic	_	none	_	_	_	_	_	0-1(260)
906-2	PKP037	906	906	2	il]	il	_	_	_	_	_	linguistic	_	none	_	_	_	_	_	0-2(260)
906-3	PKP037	906	906	3	museo	museo	_	_	_	_	_	linguistic	_	none	_	End=1513.96	_	_	_	_
907-0	PKP037	907	907	0	sempre	sempre	_	_	_	_	_	linguistic	_	none	PauseAfter=Yes	Begin=1514.89	_	_	_	_
907-1	PKP037	907	907	1	{P}	{P}	_	_	_	_	_	shortpause	_	none	_	_	_	_	_	_
907-2	PKP037	907	907	2	c~	c~	_	_	_	_	_	linguistic	_	none	Interrupted=Yes|PauseAfter=Yes	_	_	_	_	_
907-3	PKP037	907	907	3	{P}	{P}	_	_	_	_	_	shortpause	_	none	_	_	_	_	_	_
907-4	PKP037	907	907	4	ne~	ne~	_	_	_	_	_	linguistic	_	none	Interrupted=Yes	_	_	_	_	_
907-5	PKP037	907	907	5	in	in	_	_	_	_	_	linguistic	_	none	_	_	_	_	_	_
907-6	PKP037	907	907	6	un	un	_	_	_	_	_	linguistic	_	none	_	_	_	_	_	_
907-7	PKP037	907	907	7	edificio	edificio	_	_	_	_	_	linguistic	_	none	_	_	_	_	_	_
907-8	PKP037	907	907	8	costruito	costruito	_	_	_	_	_	linguistic	_	none	_	_	_	_	_	_
907-9	PKP037	907	907	9	da	da	_	_	_	_	_	linguistic	_	none	_	_	_	_	_	_
907-10	PKP037	907	907	10	kenzo	kenzo	_	_	_	_	_	linguistic	_	none	_	_	_	_	_	_
907-11	PKP037	907	907	11	tange	tange	_	_	_	_	_	linguistic	_	none	_	_	_	_	_	_
907-12	PKP037	907	907	12	{ride}	{ride}	_	_	_	_	_	nonverbalbehavior	_	none	_	End=1519.15	_	_	_	_
908-0	PKP033	908	908	0	[okay]	okay	_	_	_	_	_	linguistic	_	none	_	Begin=1518.38|End=1519.02	_	_	_	0-4(261)
909-0	PKP037	909	909	0	°eh	eh	_	_	_	_	_	linguistic	_	none	Volume=low	Begin=1519.32	_	_	_	_
909-1	PKP037	909	909	1	vabbè°	vabbè	_	_	_	_	_	linguistic	_	none	Volume=low	End=1519.69	_	_	_	_
910-0	PKP037	910	910	0	dettagli	dettagli	_	_	_	_	_	linguistic	_	none	_	Begin=1520.593|End=1521.027	_	_	_	_
911-0	PKP037	911	911	0	c'	c'	_	_	_	_	_	linguistic	_	none	SpaceAfter=No	Begin=1521.733	_	_	_	_
911-1	PKP037	911	911	1	è	è	_	_	_	_	_	linguistic	_	none	_	_	_	_	_	_
911-2	PKP037	911	911	2	l'	l'	_	_	_	_	_	linguistic	_	none	SpaceAfter=No	_	_	_	_	_
911-3	PKP037	911	911	3	edificio:	edificio	_	_	_	_	_	linguistic	_	none	PauseAfter=Yes	_	7x1	_	_	_
911-4	PKP037	911	911	4	{P}	{P}	_	_	_	_	_	shortpause	_	none	_	_	_	_	_	_
911-5	PKP037	911	911	5	eh	eh	_	_	_	_	_	linguistic	_	none	_	_	_	_	_	_
911-6	PKP037	911	911	6	sopra	sopra	_	_	_	_	_	linguistic	_	none	_	_	_	_	_	_
911-7	PKP037	911	911	7	il	il	_	_	_	_	_	linguistic	_	none	_	_	_	_	_	_
911-8	PKP037	911	911	8	quale	quale	_	_	_	_	_	linguistic	_	none	_	_	_	_	_	_
911-9	PKP037	911	911	9	sco~	sco~	_	_	_	_	_	linguistic	_	none	Interrupted=Yes	_	_	_	_	_
911-10	PKP037	911	911	10	è	è	_	_	_	_	_	linguistic	_	none	_	_	_	_	_	_
911-11	PKP037	911	911	11	scoppiata	scoppiata	_	_	_	_	_	linguistic	_	none	_	_	_	_	_	_
911-12	PKP037	911	911	12	la	la	_	_	_	_	_	linguistic	_	none	_	_	_	_	_	_
911-13	PKP037	911	911	13	bomba	bomba	_	_	_	_	_	linguistic	_	none	_	End=1525.373	_	_	_	_
912-0	PKP037	912	912	0	[perché	perché	_	_	_	_	_	linguistic	_	none	_	Begin=1525.74	_	_	_	0-6(262)
912-1	PKP037	912	912	1	la	la	_	_	_	_	_	linguistic	_	none	_	_	_	_	_	0-2(262)
912-2	PKP037	912	912	2	bo]mba	bomba	_	_	_	_	_	linguistic	_	none	_	_	_	_	_	0-2(262)
912-3	PKP037	912	912	3	è	è	_	_	_	_	_	linguistic	_	none	_	_	_	_	_	_
912-4	PKP037	912	912	4	scoppiata:	scoppiata	_	_	_	_	_	linguistic	_	none	_	_	8x1	_	_	_
912-5	PKP037	912	912	5	in	in	_	_	_	_	_	linguistic	_	none	_	_	_	_	_	_
912-6	PKP037	912	912	6	aria	aria	_	_	_	_	_	linguistic	_	none	_	End=1527.5	_	_	_	_
913-0	PKP033	913	913	0	[mh]	mh	_	_	_	_	_	linguistic	_	none	_	Begin=1525.74|End=1526.12	_	_	_	0-2(262)
914-0	PKP037	914	914	0	mi	mi	_	_	_	_	_	linguistic	_	none	_	Begin=1527.987	_	_	_	_
914-1	PKP037	914	914	1	pare	pare	_	_	_	_	_	linguistic	_	none	_	_	_	_	_	_
914-2	PKP037	914	914	2	di	di	_	_	_	_	_	linguistic	_	none	_	_	_	_	_	_
914-3	PKP037	914	914	3	ricordare	ricordare	_	_	_	_	_	linguistic	_	none	_	End=1529.007	_	_	_	_
915-0	PKP037	915	915	0	quindi	quindi	_	_	_	_	_	linguistic	_	none	_	Begin=1529.6	_	_	_	_
915-1	PKP037	915	915	1	ha	ha	_	_	_	_	_	linguistic	_	none	_	_	_	_	_	_
915-2	PKP037	915	915	2	fatto:	fatto	_	_	_	_	_	linguistic	_	none	_	_	4x1	_	_	_
915-3	PKP037	915	915	3	un'	un'	_	_	_	_	_	linguistic	_	none	SpaceAfter=No	_	_	_	_	_
915-4	PKP037	915	915	4	onda	onda	_	_	_	_	_	linguistic	_	none	_	_	_	_	_	_
915-5	PKP037	915	915	5	d'	d'	_	_	_	_	_	linguistic	_	none	SpaceAfter=No	_	_	_	_	_
915-6	PKP037	915	915	6	urto:	urto	_	_	_	_	_	linguistic	_	none	_	End=1531.64	3x1	_	_	_
916-0	PKP037	916	916	0	che	che	_	_	_	_	_	linguistic	_	none	PauseAfter=Yes	Begin=1531.73	_	_	_	_
916-1	PKP037	916	916	1	{P}	{P}	_	_	_	_	_	shortpause	_	none	_	_	_	_	_	_
916-2	PKP037	916	916	2	è	è	_	_	_	_	_	linguistic	_	none	_	_	_	_	_	_
916-3	PKP037	916	916	3	arri~	arri~	_	_	_	_	_	linguistic	_	none	Interrupted=Yes	_	_	_	_	_
916-4	PKP037	916	916	4	che	che	_	_	_	_	_	linguistic	_	none	_	_	_	_	_	_
916-5	PKP037	916	916	5	ha	ha	_	_	_	_	_	linguistic	_	none	_	_	_	_	_	_
916-6	PKP037	916	916	6	distrutto	distrutto	_	_	_	_	_	linguistic	_	none	_	_	_	_	_	_
916-7	PKP037	916	916	7	tutti:	tutti	_	_	_	_	_	linguistic	_	none	_	_	4x1	_	_	_
916-8	PKP037	916	916	8	i	i	_	_	_	_	_	linguistic	_	none	_	_	_	_	_	_
916-9	PKP037	916	916	9	piani:	piani	_	_	_	_	_	linguistic	_	none	PauseAfter=Yes	_	4x1	_	_	_
916-10	PKP037	916	916	10	{P}	{P}	_	_	_	_	_	shortpause	_	none	_	_	_	_	_	_
916-11	PKP037	916	916	11	orizzontali	orizzontali	_	_	_	_	_	linguistic	_	none	_	End=1535.74	_	_	_	_
917-0	PKP037	917	917	0	negli	negli	_	_	_	_	_	linguistic	_	none	_	Begin=1535.78	_	_	_	_
917-1	PKP037	917	917	1	edifici	edifici	_	_	_	_	_	linguistic	_	none	_	_	_	_	_	_
917-2	PKP037	917	917	2	sottostanti	sottostanti	_	_	_	_	_	linguistic	_	none	_	_	_	_	_	_
917-3	PKP037	917	917	3	mentre	mentre	_	_	_	_	_	linguistic	_	none	_	_	_	_	_	_
917-4	PKP037	917	917	4	i	i	_	_	_	_	_	linguistic	_	none	_	_	_	_	_	_
917-5	PKP037	917	917	5	muri	muri	_	_	_	_	_	linguistic	_	none	_	_	_	_	_	_
917-6	PKP037	917	917	6	sono	sono	_	_	_	_	_	linguistic	_	none	_	_	_	_	_	_
917-7	PKP037	917	917	7	rimasti:	rimasti	_	_	_	_	_	linguistic	_	none	_	_	6x1	_	_	_
917-8	PKP037	917	917	8	in	in	_	_	_	_	_	linguistic	_	none	_	_	_	_	_	_
917-9	PKP037	917	917	9	piedi	piedi	_	_	_	_	_	linguistic	_	none	_	End=1538.68	_	_	_	_
918-0	PKP033	918	918	0	(as)[surdo]	assurdo	_	_	_	_	_	linguistic	_	none	_	Begin=1539.18|End=1539.827	_	_	0-2(0)	2-7(263)
919-0	PKP036	919	919	0	[è	è	_	_	_	_	_	linguistic	_	none	_	Begin=1539.19	_	_	_	0-1(263)
919-1	PKP036	919	919	1	rimasto]	rimasto	_	_	_	_	_	linguistic	_	none	_	_	_	_	_	0-7(263)
919-2	PKP036	919	919	2	tipo:	tipo	_	_	_	_	_	linguistic	_	none	PauseAfter=Yes	_	3x1	_	_	_
919-3	PKP036	919	919	3	{P}	{P}	_	_	_	_	_	shortpause	_	none	_	_	_	_	_	_
919-4	PKP036	919	919	4	lo	lo	_	_	_	_	_	linguistic	_	none	_	_	_	_	_	_
919-5	PKP036	919	919	5	s~	s~	_	_	_	_	_	linguistic	_	none	Interrupted=Yes	_	_	_	_	_
919-6	PKP036	919	919	6	lo	lo	_	_	_	_	_	linguistic	_	none	_	_	_	_	_	_
919-7	PKP036	919	919	7	scheletro	scheletro	_	_	_	_	_	linguistic	_	none	_	_	_	_	_	_
919-8	PKP036	919	919	8	(c'	c'	_	_	_	_	_	linguistic	_	none	SpaceAfter=No	_	_	_	0-2(0)	_
919-9	PKP036	919	919	9	erano)	erano	_	_	_	_	_	linguistic	_	none	_	End=1542.53	_	_	0-5(0)	_
920-0	PKP037	920	920	0	[(c'	c'	_	_	_	_	_	linguistic	_	none	SpaceAfter=No	Begin=1542.815	_	_	0-2(0)	0-2(264)
920-1	PKP037	920	920	1	era	era	_	_	_	_	_	linguistic	_	none	_	_	_	_	0-3(0)	0-3(264)
920-2	PKP037	920	920	2	anche	anche	_	_	_	_	_	linguistic	_	none	_	_	_	_	0-5(0)	0-5(264)
920-3	PKP037	920	920	3	una	una	_	_	_	_	_	linguistic	_	none	_	_	_	_	0-3(0)	0-3(264)
920-4	PKP037	920	920	4	specie)	specie	_	_	_	_	_	linguistic	_	none	_	_	_	_	0-6(0)	0-6(264)
920-5	PKP037	920	920	5	(u)na	una	_	_	_	_	_	linguistic	_	none	_	_	_	_	0-1(1)	0-3(264)
920-6	PKP037	920	920	6	fabbrica]	fabbrica	_	_	_	_	_	linguistic	_	none	_	End=1544.29	_	_	_	0-8(264)
921-0	PKP036	921	921	0	l'	l'	_	_	_	_	_	linguistic	_	none	SpaceAfter=No	Begin=1543.13	_	_	_	_
921-1	PKP036	921	921	1	han[no	hanno	_	_	_	_	_	linguistic	_	none	_	_	_	_	_	2-5(264)
921-2	PKP036	921	921	2	lasciato	lasciato	_	_	_	_	_	linguistic	_	none	_	_	_	_	_	0-8(264)
921-3	PKP036	921	921	3	lì]	lì	_	_	_	_	_	linguistic	_	none	_	End=1544.42	_	_	_	0-2(264)
922-0	PKP037	922	922	0	e	e	_	_	_	_	_	linguistic	_	none	_	Begin=1545.78	_	_	_	_
922-1	PKP037	922	922	1	lì	lì	_	_	_	_	_	linguistic	_	none	_	_	_	_	_	_
922-2	PKP037	922	922	2	vicino	vicino	_	_	_	_	_	linguistic	_	none	_	End=1547.02	_	_	_	_
923-0	PKP037	923	923	0	proprio:	proprio	_	_	_	_	_	linguistic	_	none	_	Begin=1547.21	6x1	_	_	_
923-1	PKP037	923	923	1	ground	ground	_	_	_	_	_	linguistic	_	none	_	_	_	_	_	_
923-2	PKP037	923	923	2	zero	zero	_	_	_	_	_	linguistic	_	none	_	End=1549.06	_	_	_	_
924-0	PKP037	924	924	0	c'	c'	_	_	_	_	_	linguistic	_	none	SpaceAfter=No	Begin=1549.67	_	_	_	_
924-1	PKP037	924	924	1	era	era	_	_	_	_	_	linguistic	_	none	_	_	_	_	_	_
924-2	PKP037	924	924	2	una	una	_	_	_	_	_	linguistic	_	none	_	_	_	_	_	_
924-3	PKP037	924	924	3	persona	persona	_	_	_	_	_	linguistic	_	none	_	_	_	_	_	_
924-4	PKP037	924	924	4	di	di	_	_	_	_	_	linguistic	_	none	_	_	_	_	_	_
924-5	PKP037	924	924	5	hiroshima	hiroshima	_	_	_	_	_	linguistic	_	none	PauseAfter=Yes	_	_	_	_	_
924-6	PKP037	924	924	6	{P}	{P}	_	_	_	_	_	shortpause	_	none	_	_	_	_	_	_
924-7	PKP037	924	924	7	che	che	_	_	_	_	_	linguistic	_	none	_	_	_	_	_	_
924-8	PKP037	924	924	8	è	è	_	_	_	_	_	linguistic	_	none	_	_	_	_	_	_
924-9	PKP037	924	924	9	nata	nata	_	_	_	_	_	linguistic	_	none	_	_	_	_	_	_
924-10	PKP037	924	924	10	a	a	_	_	_	_	_	linguistic	_	none	_	_	_	_	_	_
924-11	PKP037	924	924	11	hiroshima	hiroshima	_	_	_	_	_	linguistic	_	none	_	End=1553.37	_	_	_	_
925-0	PKP037	925	925	0	era:	era	_	_	_	_	_	linguistic	_	none	_	Begin=1553.41	2x1	_	_	_
925-1	PKP037	925	925	1	in	in	_	_	_	_	_	linguistic	_	none	_	_	_	_	_	_
925-2	PKP037	925	925	2	grembo	grembo	_	_	_	_	_	linguistic	_	none	_	_	_	_	_	_
925-3	PKP037	925	925	3	alla	alla	_	_	_	_	_	linguistic	_	none	_	_	_	_	_	_
925-4	PKP037	925	925	4	mamma	mamma	_	_	_	_	_	linguistic	_	none	PauseAfter=Yes	_	_	_	_	_
925-5	PKP037	925	925	5	{P}	{P}	_	_	_	_	_	shortpause	_	none	_	_	_	_	_	_
925-6	PKP037	925	925	6	quando	quando	_	_	_	_	_	linguistic	_	none	_	_	_	_	_	_
925-7	PKP037	925	925	7	è	è	_	_	_	_	_	linguistic	_	none	_	_	_	_	_	_
925-8	PKP037	925	925	8	esplosa	esplosa	_	_	_	_	_	linguistic	_	none	_	_	_	_	_	_
925-9	PKP037	925	925	9	la	la	_	_	_	_	_	linguistic	_	none	_	_	_	_	_	_
925-10	PKP037	925	925	10	bomba	bomba	_	_	_	_	_	linguistic	_	none	_	End=1557.55	_	_	_	_
926-0	PKP037	926	926	0	che	che	_	_	_	_	_	linguistic	_	none	PauseAfter=Yes	Begin=1558.51	_	_	_	_
926-1	PKP037	926	926	1	{P}	{P}	_	_	_	_	_	shortpause	_	none	_	_	_	_	_	_
926-2	PKP037	926	926	2	da	da	_	_	_	_	_	linguistic	_	none	_	_	_	_	_	_
926-3	PKP037	926	926	3	quando	quando	_	_	_	_	_	linguistic	_	none	_	_	_	_	_	_
926-4	PKP037	926	926	4	è	è	_	_	_	_	_	linguistic	_	none	_	_	_	_	_	_
926-5	PKP037	926	926	5	in	in	_	_	_	_	_	linguistic	_	none	_	_	_	_	_	_
926-6	PKP037	926	926	6	pensione	pensione	_	_	_	_	_	linguistic	_	none	_	End=1560.34	_	_	_	_
927-0	PKP037	927	927	0	distribuisce:	distribuisce	_	_	_	_	_	linguistic	_	none	_	Begin=1560.787	11x1	_	_	_
927-1	PKP037	927	927	1	volantini	volantini	_	_	_	_	_	linguistic	_	none	_	_	_	_	_	_
927-2	PKP037	927	927	2	foglietti	foglietti	_	_	_	_	_	linguistic	_	none	_	_	_	_	_	_
927-3	PKP037	927	927	3	libretti:	libretti	_	_	_	_	_	linguistic	_	none	_	_	7x1	_	_	_
927-4	PKP037	927	927	4	così	così	_	_	_	_	_	linguistic	_	none	_	End=1564.633	_	_	_	_
928-0	PKP037	928	928	0	e	e	_	_	_	_	_	linguistic	_	none	_	Begin=1564.633	_	_	_	_
928-1	PKP037	928	928	1	spiegazioni	spiegazioni	_	_	_	_	_	linguistic	_	none	_	_	_	_	_	_
928-2	PKP037	928	928	2	a	a	_	_	_	_	_	linguistic	_	none	_	_	_	_	_	_
928-3	PKP037	928	928	3	xx	xx	_	_	_	_	_	unknown	_	none	Syllables=2	_	_	_	_	_
928-4	PKP037	928	928	4	anche	anche	_	_	_	_	_	linguistic	_	none	_	_	_	_	_	_
928-5	PKP037	928	928	5	di:	di	_	_	_	_	_	linguistic	_	none	_	_	1x1	_	_	_
928-6	PKP037	928	928	6	quello	quello	_	_	_	_	_	linguistic	_	none	_	_	_	_	_	_
928-7	PKP037	928	928	7	che	che	_	_	_	_	_	linguistic	_	none	_	_	_	_	_	_
928-8	PKP037	928	928	8	è	è	_	_	_	_	_	linguistic	_	none	_	_	_	_	_	_
928-9	PKP037	928	928	9	successo	successo	_	_	_	_	_	linguistic	_	none	_	End=1567.39	_	_	_	_
929-0	PKP037	929	929	0	qual	qual	_	_	_	_	_	linguistic	_	none	_	Begin=1567.44	_	_	_	_
929-1	PKP037	929	929	1	è	è	_	_	_	_	_	linguistic	_	none	_	_	_	_	_	_
929-2	PKP037	929	929	2	l'	l'	_	_	_	_	_	linguistic	_	none	SpaceAfter=No	_	_	_	_	_
929-3	PKP037	929	929	3	opinione:	opinione	_	_	_	_	_	linguistic	_	none	PauseAfter=Yes	_	7x1	_	_	_
929-4	PKP037	929	929	4	{P}	{P}	_	_	_	_	_	shortpause	_	none	_	_	_	_	_	_
929-5	PKP037	929	929	5	degli	degli	_	_	_	_	_	linguistic	_	none	_	_	_	_	_	_
929-6	PKP037	929	929	6	abitanti	abitanti	_	_	_	_	_	linguistic	_	none	_	End=1571.14	_	_	_	_
930-0	PKP037	930	930	0	le	le	_	_	_	_	_	linguistic	_	none	_	Begin=1571.593	_	_	_	_
930-1	PKP037	930	930	1	cose	cose	_	_	_	_	_	linguistic	_	none	_	_	_	_	_	_
930-2	PKP037	930	930	2	più	più	_	_	_	_	_	linguistic	_	none	_	_	_	_	_	_
930-3	PKP037	930	930	3	difficili	difficili	_	_	_	_	_	linguistic	_	none	_	_	_	_	_	_
930-4	PKP037	930	930	4	che	che	_	_	_	_	_	linguistic	_	none	_	_	_	_	_	_
930-5	PKP037	930	930	5	son	son	_	_	_	_	_	linguistic	_	none	_	_	_	_	_	_
930-6	PKP037	930	930	6	successe:	successe	_	_	_	_	_	linguistic	_	none	_	End=1573.7	7x1	_	_	_
931-0	PKP037	931	931	0	com'	com'	_	_	_	_	_	linguistic	_	none	SpaceAfter=No	Begin=1573.94	_	_	_	_
931-1	PKP037	931	931	1	era	era	_	_	_	_	_	linguistic	_	none	_	_	_	_	_	_
931-2	PKP037	931	931	2	lo	lo	_	_	_	_	_	linguistic	_	none	_	_	_	_	_	_
931-3	PKP037	931	931	3	[stato	stato	_	_	_	_	_	linguistic	_	none	_	_	_	_	_	0-5(265)
931-4	PKP037	931	931	4	politico	politico	_	_	_	_	_	linguistic	_	none	_	_	_	_	_	0-8(265)
931-5	PKP037	931	931	5	xx]	xx	_	_	_	_	_	unknown	_	none	Syllables=2	End=1575.56	_	_	_	0-2(265)
932-0	PKP036	932	932	0	[sta	sta	_	_	_	_	_	linguistic	_	none	_	Begin=1574.26	_	_	_	0-3(265)
932-1	PKP036	932	932	1	lì	lì	_	_	_	_	_	linguistic	_	none	_	_	_	_	_	0-2(265)
932-2	PKP036	932	932	2	a	a	_	_	_	_	_	linguistic	_	none	_	_	_	_	_	0-1(265)
932-3	PKP036	932	932	3	parlare	parlare	_	_	_	_	_	linguistic	_	none	_	_	_	_	_	0-7(265)
932-4	PKP036	932	932	4	praticam]ente	praticamente	_	_	_	_	_	linguistic	_	none	_	_	_	_	_	0-8(265)
932-5	PKP036	932	932	5	{ride}	{ride}	_	_	_	_	_	nonverbalbehavior	_	none	_	End=1576.16	_	_	_	_
933-0	PKP033	933	933	0	ma	ma	_	_	_	_	_	linguistic	_	none	_	Begin=1576.27	_	_	_	_
933-1	PKP033	933	933	1	in	in	_	_	_	_	_	linguistic	_	none	_	_	_	_	_	_
933-2	PKP033	933	933	2	inglese?	inglese	_	_	_	_	_	linguistic	_	none	Intonation=Rising	End=1577.0	_	_	_	_
934-0	PKP037	934	934	0	mhmh	mhmh	_	_	_	_	_	linguistic	_	none	PauseAfter=Yes	Begin=1577.18	_	_	_	_
934-1	PKP037	934	934	1	{P}	{P}	_	_	_	_	_	shortpause	_	none	_	_	_	_	_	_
934-2	PKP037	934	934	2	era	era	_	_	_	_	_	linguistic	_	none	_	_	_	_	_	_
934-3	PKP037	934	934	3	mo[lto	molto	_	_	_	_	_	linguistic	_	none	_	_	_	_	_	2-5(266)
934-4	PKP037	934	934	4	bravo]	bravo	_	_	_	_	_	linguistic	_	none	_	End=1578.98	_	_	_	0-5(266)
935-0	PKP036	935	935	0	[(multi)lingue	multilingue	_	_	_	_	_	linguistic	_	none	PauseAfter=Yes	Begin=1578.18	_	_	0-5(0)	0-11(266)
935-1	PKP036	935	935	1	{P}	{P}	_	_	_	_	_	shortpause	_	none	_	_	_	_	_	0-3(266)
935-2	PKP036	935	935	2	sì]	sì	_	_	_	_	_	linguistic	_	none	_	End=1578.999	_	_	_	0-2(266)
936-0	PKP037	936	936	0	era	era	_	_	_	_	_	linguistic	_	none	_	Begin=1579.46	_	_	_	_
936-1	PKP037	936	936	1	molto	molto	_	_	_	_	_	linguistic	_	none	_	_	_	_	_	_
936-2	PKP037	936	936	2	chiaro	chiaro	_	_	_	_	_	linguistic	_	none	PauseAfter=Yes	_	_	_	_	_
936-3	PKP037	936	936	3	{P}	{P}	_	_	_	_	_	shortpause	_	none	_	_	_	_	_	_
936-4	PKP037	936	936	4	(d)al	dal	_	_	_	_	_	linguistic	_	none	_	_	_	_	0-1(0)	_
936-5	PKP037	936	936	5	libretto	libretto	_	_	_	_	_	linguistic	_	none	_	_	_	_	_	_
936-6	PKP037	936	936	6	ch[e:]	che	_	_	_	_	_	linguistic	_	none	_	End=1581.2	2x1	_	_	2-3(267)
937-0	PKP036	937	937	0	[perché	perché	_	_	_	_	_	linguistic	_	none	_	Begin=1580.89	_	_	_	0-6(267)
937-1	PKP036	937	937	1	ne]ssuno	nessuno	_	_	_	_	_	linguistic	_	none	_	_	_	_	_	0-2(267)
937-2	PKP036	937	937	2	parlava	parlava	_	_	_	_	_	linguistic	_	none	_	_	_	_	_	_
937-3	PKP036	937	937	3	inglese	inglese	_	_	_	_	_	linguistic	_	none	_	_	_	_	_	_
937-4	PKP036	937	937	4	penso	penso	_	_	_	_	_	linguistic	_	none	_	End=1582.73	_	_	_	_
938-0	PKP037	938	938	0	era	era	_	_	_	_	_	linguistic	_	none	_	Begin=1582.95	_	_	_	_
938-1	PKP037	938	938	1	l'	l'	_	_	_	_	_	linguistic	_	none	SpaceAfter=No	_	_	_	_	_
938-2	PKP037	938	938	2	unica	unica	_	_	_	_	_	linguistic	_	none	_	_	_	_	_	_
938-3	PKP037	938	938	3	p[ersona	persona	_	_	_	_	_	linguistic	_	none	_	_	_	_	_	0-7(268)
938-4	PKP037	938	938	4	con	con	_	_	_	_	_	linguistic	_	none	_	_	_	_	_	0-3(268)
938-5	PKP037	938	938	5	cui	cui	_	_	_	_	_	linguistic	_	none	_	_	_	_	_	0-3(268)
938-6	PKP037	938	938	6	abbiamo	abbiamo	_	_	_	_	_	linguistic	_	none	_	_	_	_	_	0-7(268)
938-7	PKP037	938	938	7	parlato	parlato	_	_	_	_	_	linguistic	_	none	_	_	_	_	_	0-7(268)
938-8	PKP037	938	938	8	in]glese	inglese	_	_	_	_	_	linguistic	_	none	_	_	_	_	_	0-2(268)
938-9	PKP037	938	938	9	{ride}	{ride}	_	_	_	_	_	nonverbalbehavior	_	none	_	End=1585.35	_	_	_	_
939-0	PKP036	939	939	0	[in	in	_	_	_	_	_	linguistic	_	none	_	Begin=1583.52	_	_	_	0-2(268)
939-1	PKP036	939	939	1	generale	generale	_	_	_	_	_	linguistic	_	none	_	_	_	_	_	0-8(268)
939-2	PKP036	939	939	2	c(io)é]	cioé	_	_	_	_	_	linguistic	_	none	_	End=1584.66	_	_	1-3(0)	0-4(268)
940-0	PKP036	940	940	0	nessun	nessun	_	_	_	_	_	linguistic	_	none	_	Begin=1585.43	_	_	_	_
940-1	PKP036	940	940	1	giapponese	giapponese	_	_	_	_	_	linguistic	_	none	_	_	_	_	_	_
940-2	PKP036	940	940	2	parlava	parlava	_	_	_	_	_	linguistic	_	none	_	_	_	_	_	_
940-3	PKP036	940	940	3	{ride}	{ride}	_	_	_	_	_	nonverbalbehavior	_	none	_	End=1586.87	_	_	_	_
941-0	PKP036	941	941	0	mh	mh	_	_	_	_	_	linguistic	_	none	_	Begin=1587.84|End=1588.29	_	_	_	_
942-0	PKP033	942	942	0	fantastico	fantastico	_	_	_	_	_	linguistic	_	none	_	Begin=1589.39|End=1590.27	_	_	_	_
943-0	PKP037	943	943	0	mhmh	mhmh	_	_	_	_	_	linguistic	_	none	_	Begin=1590.33|End=1591.0	_	_	_	_
944-0	PKP033	944	944	0	ma	ma	_	_	_	_	_	linguistic	_	none	_	Begin=1592.42	_	_	_	_
944-1	PKP033	944	944	1	voi	voi	_	_	_	_	_	linguistic	_	none	_	_	_	_	_	_
944-2	PKP033	944	944	2	ave(te)	avete	_	_	_	_	_	linguistic	_	none	_	_	_	_	3-5(0)	_
944-3	PKP033	944	944	3	le~	le~	_	_	_	_	_	linguistic	_	none	Interrupted=Yes	_	_	_	_	_
944-4	PKP033	944	944	4	avete	avete	_	_	_	_	_	linguistic	_	none	_	_	_	_	_	_
944-5	PKP033	944	944	5	letto	letto	_	_	_	_	_	linguistic	_	none	_	_	_	_	_	_
944-6	PKP033	944	944	6	murakami?	murakami	_	_	_	_	_	linguistic	_	none	Intonation=Rising	End=1594.15	_	_	_	_
945-0	PKP033	945	945	0	o	o	_	_	_	_	_	linguistic	_	none	_	Begin=1594.41	_	_	_	_
945-1	PKP033	945	945	1	no?	no	_	_	_	_	_	linguistic	_	none	Intonation=Rising	End=1594.719	_	_	_	_
946-0	PKP036	946	946	0	mhmh	mhmh	_	_	_	_	_	linguistic	_	none	_	Begin=1594.72|End=1595.18	_	_	_	_
947-0	PKP033	947	947	0	sì	sì	_	_	_	_	_	linguistic	_	none	_	Begin=1595.24|End=1595.63	_	_	_	_
948-0	PKP036	948	948	0	[io	io	_	_	_	_	_	linguistic	_	none	_	Begin=1595.83	_	_	_	0-2(?)
948-1	PKP036	948	948	1	c(i)'	ci'	_	_	_	_	_	linguistic	_	none	SpaceAfter=No	_	_	_	1-2(0)	0-3(?)
948-2	PKP036	948	948	2	ho	ho	_	_	_	_	_	linguistic	_	none	_	_	_	_	_	0-2(?)
948-3	PKP036	948	948	3	avuto	avuto	_	_	_	_	_	linguistic	_	none	_	_	_	_	_	0-5(?)
948-4	PKP036	948	948	4	il]	il	_	_	_	_	_	linguistic	_	none	_	_	_	_	_	0-2(?)
948-5	PKP036	948	948	5	periodo	periodo	_	_	_	_	_	linguistic	_	none	_	_	_	_	_	_
948-6	PKP036	948	948	6	murakami	murakami	_	_	_	_	_	linguistic	_	none	_	End=1597.61	_	_	_	_
949-0	PKP037	949	949	0	[xx]	xx	_	_	_	_	_	unknown	_	none	Syllables=2	Begin=1595.839|End=1596.5	_	_	_	0-2(269)
950-0	PKP033	950	950	0	[mh]mh	mhmh	_	_	_	_	_	linguistic	_	none	_	Begin=1597.34|End=1597.86	_	_	_	0-2(270)
951-0	PKP036	951	951	0	alle	alle	_	_	_	_	_	linguistic	_	none	_	Begin=1597.87	_	_	_	_
951-1	PKP036	951	951	1	superiori	superiori	_	_	_	_	_	linguistic	_	none	_	End=1598.84	_	_	_	_
952-0	PKP033	952	952	0	ah	ah	_	_	_	_	_	linguistic	_	none	_	Begin=1599.073	_	_	_	_
952-1	PKP033	952	952	1	no	no	_	_	_	_	_	linguistic	_	none	_	_	_	_	_	_
952-2	PKP033	952	952	2	invece	invece	_	_	_	_	_	linguistic	_	none	_	_	_	_	_	_
952-3	PKP033	952	952	3	per	per	_	_	_	_	_	linguistic	_	none	_	_	_	_	_	_
952-4	PKP033	952	952	4	me	me	_	_	_	_	_	linguistic	_	none	_	_	_	_	_	_
952-5	PKP033	952	952	5	è	è	_	_	_	_	_	linguistic	_	none	_	_	_	_	_	_
952-6	PKP033	952	952	6	più	più	_	_	_	_	_	linguistic	_	none	_	_	_	_	_	_
952-7	PKP033	952	952	7	recente	recente	_	_	_	_	_	linguistic	_	none	_	End=1600.84	_	_	_	_
953-0	PKP036	953	953	0	s[ì]?	sì	_	_	_	_	_	linguistic	_	none	Intonation=Rising	Begin=1600.93|End=1601.32	_	_	_	1-2(271)
954-0	PKP033	954	954	0	[c(io)é	cioé	_	_	_	_	_	linguistic	_	none	_	Begin=1601.033	_	_	1-3(0)	0-4(271)
954-1	PKP033	954	954	1	ero	ero	_	_	_	_	_	linguistic	_	none	_	_	_	_	_	0-3(271)
954-2	PKP033	954	954	2	gr]ande	grande	_	_	_	_	_	linguistic	_	none	_	_	_	_	_	0-2(271)
954-3	PKP033	954	954	3	sì	sì	_	_	_	_	_	linguistic	_	none	_	End=1602.02	_	_	_	_
955-0	PKP036	955	955	0	ero	ero	_	_	_	_	_	linguistic	_	none	_	Begin=1603.24	_	_	_	_
955-1	PKP036	955	955	1	al	al	_	_	_	_	_	linguistic	_	none	_	_	_	_	_	_
955-2	PKP036	955	955	2	quinto	quinto	_	_	_	_	_	linguistic	_	none	_	End=1604.13	_	_	_	_
956-0	PKP037	956	956	0	e	e	_	_	_	_	_	linguistic	_	none	_	Begin=1604.93	_	_	_	_
956-1	PKP037	956	956	1	ti	ti	_	_	_	_	_	linguistic	_	none	_	_	_	_	_	_
956-2	PKP037	956	956	2	ricordavi	ricordavi	_	_	_	_	_	linguistic	_	none	_	_	_	_	_	_
956-3	PKP037	956	956	3	qual[cosa]?	qualcosa	_	_	_	_	_	linguistic	_	none	Intonation=Rising	End=1605.98	_	_	_	4-8(272)
957-0	PKP036	957	957	0	[no	no	_	_	_	_	_	linguistic	_	none	_	Begin=1605.6	_	_	_	0-2(272)
957-1	PKP036	957	957	1	io	io	_	_	_	_	_	linguistic	_	none	_	_	_	_	_	0-2(272)
957-2	PKP036	957	957	2	ne	ne	_	_	_	_	_	linguistic	_	none	_	_	_	_	_	0-2(272)
957-3	PKP036	957	957	3	ho	ho	_	_	_	_	_	linguistic	_	none	_	_	_	_	_	0-2(272)
957-4	PKP036	957	957	4	le]tti:	letti	_	_	_	_	_	linguistic	_	none	_	_	4x1	_	_	0-2(272)
957-5	PKP036	957	957	5	cinque	cinque	_	_	_	_	_	linguistic	_	none	_	_	_	_	_	_
957-6	PKP036	957	957	6	(o)	o	_	_	_	_	_	linguistic	_	none	_	_	_	_	0-1(0)	_
957-7	PKP036	957	957	7	sei	sei	_	_	_	_	_	linguistic	_	none	_	End=1606.99	_	_	_	_
958-0	PKP036	958	958	0	no	no	_	_	_	_	_	linguistic	_	none	_	Begin=1607.459	_	_	_	_
958-1	PKP036	958	958	1	ma	ma	_	_	_	_	_	linguistic	_	none	_	_	_	_	_	_
958-2	PKP036	958	958	2	non	non	_	_	_	_	_	linguistic	_	none	_	_	_	_	_	_
958-3	PKP036	958	958	3	parla:	parla	_	_	_	_	_	linguistic	_	none	_	End=1608.469	4x1	_	_	_
959-0	PKP033	959	959	0	no	no	_	_	_	_	_	linguistic	_	none	_	Begin=1608.48	_	_	_	_
959-1	PKP033	959	959	1	[n:]	n	_	_	_	_	_	linguistic	_	none	_	End=1609.219	0x1	_	_	0-1(273)
960-0	PKP036	960	960	0	[del	del	_	_	_	_	_	linguistic	_	none	_	Begin=1608.699	_	_	_	0-3(273)
960-1	PKP036	960	960	1	giappone]	giappone	_	_	_	_	_	linguistic	_	none	_	End=1609.149	_	_	_	0-8(273)
961-0	PKP037	961	961	0	ah	ah	_	_	_	_	_	linguistic	_	none	_	Begin=1609.23	_	_	_	_
961-1	PKP037	961	961	1	no	no	_	_	_	_	_	linguistic	_	none	_	_	_	_	_	_
961-2	PKP037	961	961	2	[eh]?	eh	_	_	_	_	_	linguistic	_	none	Intonation=Rising	End=1609.92	_	_	_	0-2(274)
962-0	PKP033	962	962	0	[no:]	no	_	_	_	_	_	linguistic	_	none	_	Begin=1609.7	1x1	_	_	0-2(274)
962-1	PKP033	962	962	1	infatti	infatti	_	_	_	_	_	linguistic	_	none	_	_	_	_	_	_
962-2	PKP033	962	962	2	[non	non	_	_	_	_	_	linguistic	_	none	_	_	_	_	_	0-3(275)
962-3	PKP033	962	962	3	tantissimo	tantissimo	_	_	_	_	_	linguistic	_	none	_	_	_	_	_	0-10(275)
962-4	PKP033	962	962	4	in	in	_	_	_	_	_	linguistic	_	none	_	_	_	_	_	0-2(275)
962-5	PKP033	962	962	5	real]tà	realtà	_	_	_	_	_	linguistic	_	none	_	End=1611.709	_	_	_	0-4(275)
963-0	PKP036	963	963	0	[xxx]	xxx	_	_	_	_	_	unknown	_	none	Syllables=3	Begin=1610.449|End=1611.389	_	_	_	0-3(275)
964-0	PKP037	964	964	0	no	no	_	_	_	_	_	linguistic	_	none	_	Begin=1612.07	_	_	_	_
964-1	PKP037	964	964	1	no	no	_	_	_	_	_	linguistic	_	none	_	_	_	_	_	_
964-2	PKP037	964	964	2	no	no	_	_	_	_	_	linguistic	_	none	_	_	_	_	_	_
964-3	PKP037	964	964	3	[xxx	xxx	_	_	_	_	_	unknown	_	none	Syllables=3	_	_	_	_	0-3(?)
964-4	PKP037	964	964	4	ho	ho	_	_	_	_	_	linguistic	_	none	_	_	_	_	_	0-2(?)
964-5	PKP037	964	964	5	let]to:	letto	_	_	_	_	_	linguistic	_	none	_	_	4x1	_	_	0-3(?)
964-6	PKP037	964	964	6	norwegian	norwegian	_	_	_	_	_	linguistic	_	none	_	_	_	_	_	_
964-7	PKP037	964	964	7	wood	wood	_	_	_	_	_	linguistic	_	none	_	End=1615.47	_	_	_	_
965-0	PKP036	965	965	0	onirico	onirico	_	_	_	_	_	linguistic	_	none	_	Begin=1612.63|End=1613.45	_	_	_	_
966-0	PKP033	966	966	0	eh	eh	_	_	_	_	_	linguistic	_	none	_	Begin=1615.34	_	_	_	_
966-1	PKP033	966	966	1	sì	sì	_	_	_	_	_	linguistic	_	none	_	End=1615.787	_	_	_	_
967-0	PKP037	967	967	0	kafka	kafka	_	_	_	_	_	linguistic	_	none	_	Begin=1615.81	_	_	_	_
967-1	PKP037	967	967	1	sulla	sulla	_	_	_	_	_	linguistic	_	none	_	_	_	_	_	_
967-2	PKP037	967	967	2	spiaggia	spiaggia	_	_	_	_	_	linguistic	_	none	_	End=1617.02	_	_	_	_
968-0	PKP036	968	968	0	cacca	cacca	_	_	_	_	_	linguistic	_	none	_	Begin=1617.55	_	_	_	_
968-1	PKP036	968	968	1	sulla	sulla	_	_	_	_	_	linguistic	_	none	_	_	_	_	_	_
968-2	PKP036	968	968	2	spiag[(gia)]	spiaggia	_	_	_	_	_	linguistic	_	none	_	_	_	_	5-8(0)	5-8(278)
968-3	PKP036	968	968	3	{ride}	{ride}	_	_	_	_	_	nonverbalbehavior	_	none	_	End=1618.94	_	_	_	_
969-0	PKP037	969	969	0	{ride}	{ride}	_	_	_	_	_	nonverbalbehavior	_	none	_	Begin=1618.37	_	_	_	_
969-1	PKP037	969	969	1	[cacca	cacca	_	_	_	_	_	linguistic	_	none	_	_	_	_	_	0-5(278)
969-2	PKP037	969	969	2	sulla	sulla	_	_	_	_	_	linguistic	_	none	_	_	_	_	_	0-5(278)
969-3	PKP037	969	969	3	spia]ggia	spiaggia	_	_	_	_	_	linguistic	_	none	_	_	_	_	_	0-4(278)
969-4	PKP037	969	969	4	{ride}	{ride}	_	_	_	_	_	nonverbalbehavior	_	none	_	End=1620.35	_	_	_	_
970-0	PKP033	970	970	0	mh	mh	_	_	_	_	_	linguistic	_	none	PauseAfter=Yes	Begin=1621.067	_	_	_	_
970-1	PKP033	970	970	1	{P}	{P}	_	_	_	_	_	shortpause	_	none	_	_	_	_	_	_
970-2	PKP033	970	970	2	sono	sono	_	_	_	_	_	linguistic	_	none	_	_	_	_	_	_
970-3	PKP033	970	970	3	i	i	_	_	_	_	_	linguistic	_	none	_	_	_	_	_	_
970-4	PKP033	970	970	4	due	due	_	_	_	_	_	linguistic	_	none	_	_	_	_	_	_
970-5	PKP033	970	970	5	più	più	_	_	_	_	_	linguistic	_	none	_	_	_	_	_	_
970-6	PKP033	970	970	6	belli	belli	_	_	_	_	_	linguistic	_	none	_	_	_	_	_	_
970-7	PKP033	970	970	7	secondo	secondo	_	_	_	_	_	linguistic	_	none	_	_	_	_	_	_
970-8	PKP033	970	970	8	me	me	_	_	_	_	_	linguistic	_	none	_	End=1622.9	_	_	_	_
971-0	PKP037	971	971	0	ah	ah	_	_	_	_	_	linguistic	_	none	_	Begin=1623.294	_	_	_	_
971-1	PKP037	971	971	1	[x]	x	_	_	_	_	_	unknown	_	none	PauseAfter=Yes|Syllables=1	_	_	_	_	0-1(?)
971-2	PKP037	971	971	2	{P}	{P}	_	_	_	_	_	shortpause	_	none	_	_	_	_	_	_
971-3	PKP037	971	971	3	non	non	_	_	_	_	_	linguistic	_	none	_	_	_	_	_	_
971-4	PKP037	971	971	4	vedo	vedo	_	_	_	_	_	linguistic	_	none	_	_	_	_	_	_
971-5	PKP037	971	971	5	l'	l'	_	_	_	_	_	linguistic	_	none	SpaceAfter=No	_	_	_	_	_
971-6	PKP037	971	971	6	ora	ora	_	_	_	_	_	linguistic	_	none	_	_	_	_	_	_
971-7	PKP037	971	971	7	di	di	_	_	_	_	_	linguistic	_	none	_	_	_	_	_	_
971-8	PKP037	971	971	8	leggerli	leggerli	_	_	_	_	_	linguistic	_	none	_	End=1625.54	_	_	_	_
972-0	PKP036	972	972	0	[sì]	sì	_	_	_	_	_	linguistic	_	none	_	Begin=1623.36|End=1623.8	_	_	_	0-2(279)
973-0	PKP033	973	973	0	[questi	questi	_	_	_	_	_	linguistic	_	none	PauseAfter=Yes	Begin=1623.84	_	_	_	0-6(280)
973-1	PKP033	973	973	1	{P}	{P}	_	_	_	_	_	shortpause	_	none	_	_	_	_	_	0-3(280)
973-2	PKP033	973	973	2	sì]	sì	_	_	_	_	_	linguistic	_	none	_	End=1624.65	_	_	_	0-2(280)
974-0	PKP036	974	974	0	[poi	poi	_	_	_	_	_	linguistic	_	none	_	Begin=1625.37	_	_	_	0-3(511)
974-1	PKP036	974	974	1	ha	ha	_	_	_	_	_	linguistic	_	none	_	_	_	_	_	0-2(511)
974-2	PKP036	974	974	2	(pubblicato)	pubblicato	_	_	_	_	_	linguistic	_	none	_	_	_	_	0-10(0)	0-10(511)
974-3	PKP036	974	974	3	un	un	_	_	_	_	_	linguistic	_	none	_	_	_	_	_	0-2(511)
974-4	PKP036	974	974	4	po'	po'	_	_	_	_	_	linguistic	_	none	_	_	_	_	_	0-3(511)
974-5	PKP036	974	974	5	di	di	_	_	_	_	_	linguistic	_	none	_	_	_	_	_	0-2(511)
974-6	PKP036	974	974	6	rac]conti	racconti	_	_	_	_	_	linguistic	_	none	_	End=1627.06	_	_	_	0-3(511)
975-0	PKP033	975	975	0	[sì	sì	_	_	_	_	_	linguistic	_	none	_	Begin=1625.48	_	_	_	0-2(511)
975-1	PKP033	975	975	1	sì]	sì	_	_	_	_	_	linguistic	_	none	_	End=1626.38	_	_	_	0-2(511)
976-0	PKP037	976	976	0	{ride}	{ride}	_	_	_	_	_	nonverbalbehavior	_	none	_	Begin=1625.61|End=1626.44	_	_	_	_
977-0	PKP033	977	977	0	c(io)è	cioè	_	_	_	_	_	linguistic	_	none	_	Begin=1627.354	_	_	1-3(0)	_
977-1	PKP033	977	977	1	negl~	negl~	_	_	_	_	_	linguistic	_	none	Interrupted=Yes	_	_	_	_	_
977-2	PKP033	977	977	2	i	i	_	_	_	_	_	linguistic	_	none	_	_	_	_	_	_
977-3	PKP033	977	977	3	m:	m	_	_	_	_	_	linguistic	_	none	PauseAfter=Yes	_	0x1	_	_	_
977-4	PKP033	977	977	4	{P}	{P}	_	_	_	_	_	shortpause	_	none	_	_	_	_	_	_
977-5	PKP033	977	977	5	gli	gli	_	_	_	_	_	linguistic	_	none	_	_	_	_	_	_
977-6	PKP033	977	977	6	altri	altri	_	_	_	_	_	linguistic	_	none	_	_	_	_	_	_
977-7	PKP033	977	977	7	sono	sono	_	_	_	_	_	linguistic	_	none	_	_	_	_	_	_
977-8	PKP033	977	977	8	un	un	_	_	_	_	_	linguistic	_	none	_	_	_	_	_	_
977-9	PKP033	977	977	9	po'	po'	_	_	_	_	_	linguistic	_	none	_	_	_	_	_	_
977-10	PKP033	977	977	10	più:	più	_	_	_	_	_	linguistic	_	none	_	_	2x1	_	_	_
977-11	PKP033	977	977	11	spinti	spinti	_	_	_	_	_	linguistic	_	none	_	_	_	_	_	_
977-12	PKP033	977	977	12	forse	forse	_	_	_	_	_	linguistic	_	none	_	End=1631.94	_	_	_	_
978-0	PKP033	978	978	0	un	un	_	_	_	_	_	linguistic	_	none	_	Begin=1632.234	_	_	_	_
978-1	PKP033	978	978	1	po'	po'	_	_	_	_	_	linguistic	_	none	_	_	_	_	_	_
978-2	PKP033	978	978	2	[più:	più	_	_	_	_	_	linguistic	_	none	_	_	2x1	_	_	0-3(281)
978-3	PKP033	978	978	3	murakami	murakami	_	_	_	_	_	linguistic	_	none	_	_	_	_	_	0-8(281)
978-4	PKP033	978	978	4	spint]o	spinto	_	_	_	_	_	linguistic	_	none	_	End=1634.38	_	_	_	0-5(281)
979-0	PKP036	979	979	0	[xxxx]	xxxx	_	_	_	_	_	unknown	_	none	Syllables=4	Begin=1632.56|End=1634.16	_	_	_	0-4(281)
980-0	PKP033	980	980	0	{ride}	{ride}	_	_	_	_	_	nonverbalbehavior	_	none	_	Begin=1634.607|End=1635.45	_	_	_	_
981-0	PKP036	981	981	0	(non	non	_	_	_	_	_	linguistic	_	none	_	Begin=1634.86	_	_	0-3(0)	_
981-1	PKP036	981	981	1	mi	mi	_	_	_	_	_	linguistic	_	none	_	_	_	_	0-2(0)	_
981-2	PKP036	981	981	2	ricordo	ricordo	_	_	_	_	_	linguistic	_	none	_	_	_	_	0-7(0)	_
981-3	PKP036	981	981	3	nemmeno)	nemmeno	_	_	_	_	_	linguistic	_	none	_	_	_	_	0-7(0)	_
981-4	PKP036	981	981	4	quale	quale	_	_	_	_	_	linguistic	_	none	_	_	_	_	_	_
981-5	PKP036	981	981	5	avevo	avevo	_	_	_	_	_	linguistic	_	none	_	_	_	_	_	_
981-6	PKP036	981	981	6	letto	letto	_	_	_	_	_	linguistic	_	none	_	End=1636.32	_	_	_	_
982-0	PKP033	982	982	0	c(io)è	cioè	_	_	_	_	_	linguistic	_	none	_	Begin=1637.374	_	_	1-3(0)	_
982-1	PKP033	982	982	1	io	io	_	_	_	_	_	linguistic	_	none	_	_	_	_	_	_
982-2	PKP033	982	982	2	ho	ho	_	_	_	_	_	linguistic	_	none	_	_	_	_	_	_
982-3	PKP033	982	982	3	letto	letto	_	_	_	_	_	linguistic	_	none	_	_	_	_	_	_
982-4	PKP033	982	982	4	iq	iq	_	_	_	_	_	linguistic	_	none	PauseAfter=Yes	_	_	_	_	_
982-5	PKP033	982	982	5	{P}	{P}	_	_	_	_	_	shortpause	_	none	_	_	_	_	_	_
982-6	PKP033	982	982	6	come	come	_	_	_	_	_	linguistic	_	none	_	_	_	_	_	_
982-7	PKP033	982	982	7	si	si	_	_	_	_	_	linguistic	_	none	_	_	_	_	_	_
982-8	PKP033	982	982	8	c[hiama]?	chiama	_	_	_	_	_	linguistic	_	none	Intonation=Rising	End=1639.53	_	_	_	1-6(282)
983-0	PKP036	983	983	0	[no	no	_	_	_	_	_	linguistic	_	none	_	Begin=1639.07	_	_	_	0-2(282)
983-1	PKP036	983	983	1	no	no	_	_	_	_	_	linguistic	_	none	_	_	_	_	_	0-2(282)
983-2	PKP036	983	983	2	no	no	_	_	_	_	_	linguistic	_	none	_	_	_	_	_	0-2(282)
983-3	PKP036	983	983	3	que]llo	quello	_	_	_	_	_	linguistic	_	none	_	_	_	_	_	0-3(282)
983-4	PKP036	983	983	4	l'	l'	_	_	_	_	_	linguistic	_	none	SpaceAfter=No	_	_	_	_	_
983-5	PKP036	983	983	5	ho	ho	_	_	_	_	_	linguistic	_	none	_	_	_	_	_	_
983-6	PKP036	983	983	6	letto	letto	_	_	_	_	_	linguistic	_	none	_	End=1640.36	_	_	_	_
984-0	PKP033	984	984	0	eh	eh	_	_	_	_	_	linguistic	_	none	_	Begin=1640.734	_	_	_	_
984-1	PKP033	984	984	1	ma	ma	_	_	_	_	_	linguistic	_	none	PauseAfter=Yes	_	_	_	_	_
984-2	PKP033	984	984	2	{P}	{P}	_	_	_	_	_	shortpause	_	none	_	_	_	_	_	_
984-3	PKP033	984	984	3	è	è	_	_	_	_	_	linguistic	_	none	_	_	_	_	_	_
984-4	PKP033	984	984	4	in	in	_	_	_	_	_	linguistic	_	none	_	_	_	_	_	_
984-5	PKP033	984	984	5	tre	tre	_	_	_	_	_	linguistic	_	none	_	_	_	_	_	_
984-6	PKP033	984	984	6	volumi	volumi	_	_	_	_	_	linguistic	_	none	_	End=1642.227	_	_	_	_
985-0	PKP036	985	985	0	[eh]	eh	_	_	_	_	_	linguistic	_	none	_	Begin=1642.367	_	_	_	0-2(?)
985-1	PKP036	985	985	1	per	per	_	_	_	_	_	linguistic	_	none	_	_	_	_	_	_
985-2	PKP036	985	985	2	quello	quello	_	_	_	_	_	linguistic	_	none	_	_	_	_	_	_
985-3	PKP036	985	985	3	{ride}	{ride}	_	_	_	_	_	nonverbalbehavior	_	none	_	End=1643.63	_	_	_	_
986-0	PKP037	986	986	0	{ride}	{ride}	_	_	_	_	_	nonverbalbehavior	_	none	_	Begin=1643.52|End=1644.08	_	_	_	_
987-0	PKP036	987	987	0	ero	ero	_	_	_	_	_	linguistic	_	none	_	Begin=1643.82	_	_	_	_
987-1	PKP036	987	987	1	un	un	_	_	_	_	_	linguistic	_	none	_	_	_	_	_	_
987-2	PKP036	987	987	2	po'	po'	_	_	_	_	_	linguistic	_	none	_	_	_	_	_	_
987-3	PKP036	987	987	3	spaventata	spaventata	_	_	_	_	_	linguistic	_	none	_	_	_	_	_	_
987-4	PKP036	987	987	4	{ride}	{ride}	_	_	_	_	_	nonverbalbehavior	_	none	_	End=1645.24	_	_	_	_
988-0	PKP036	988	988	0	per[ò]	però	_	_	_	_	_	linguistic	_	none	_	Begin=1647.03|End=1647.45	_	_	_	3-4(283)
989-0	PKP033	989	989	0	[mh	mh	_	_	_	_	_	linguistic	_	none	_	Begin=1647.354	_	_	_	0-2(283)
989-1	PKP033	989	989	1	po]i	poi	_	_	_	_	_	linguistic	_	none	_	_	_	_	_	0-2(283)
989-2	PKP033	989	989	2	c'	c'	_	_	_	_	_	linguistic	_	none	SpaceAfter=No	_	_	_	_	_
989-3	PKP033	989	989	3	è	è	_	_	_	_	_	linguistic	_	none	_	_	_	_	_	_
989-4	PKP033	989	989	4	uno	uno	_	_	_	_	_	linguistic	_	none	_	_	_	_	_	_
989-5	PKP033	989	989	5	breve	breve	_	_	_	_	_	linguistic	_	none	_	_	_	_	_	_
989-6	PKP033	989	989	6	che	che	_	_	_	_	_	linguistic	_	none	_	End=1649.19	_	_	_	_
990-0	PKP033	990	990	0	è	è	_	_	_	_	_	linguistic	_	none	PauseAfter=Yes	Begin=1650.22	_	_	_	_
990-1	PKP033	990	990	1	{P}	{P}	_	_	_	_	_	shortpause	_	none	_	_	_	_	_	_
990-2	PKP033	990	990	2	non	non	_	_	_	_	_	linguistic	_	none	_	_	_	_	_	_
990-3	PKP033	990	990	3	è	è	_	_	_	_	_	linguistic	_	none	_	_	_	_	_	_
990-4	PKP033	990	990	4	molto	molto	_	_	_	_	_	linguistic	_	none	_	_	_	_	_	_
990-5	PKP033	990	990	5	impegnativo	impegnativo	_	_	_	_	_	linguistic	_	none	_	End=1651.81	_	_	_	_
991-0	PKP033	991	991	0	è	è	_	_	_	_	_	linguistic	_	none	_	Begin=1651.84	_	_	_	_
991-1	PKP033	991	991	1	tipo	tipo	_	_	_	_	_	linguistic	_	none	_	_	_	_	_	_
991-2	PKP033	991	991	2	si	si	_	_	_	_	_	linguistic	_	none	_	_	_	_	_	_
991-3	PKP033	991	991	3	chiama	chiama	_	_	_	_	_	linguistic	_	none	_	_	_	_	_	_
991-4	PKP033	991	991	4	tipo	tipo	_	_	_	_	_	linguistic	_	none	_	_	_	_	_	_
991-5	PKP033	991	991	5	il:	il	_	_	_	_	_	linguistic	_	none	_	_	1x1	_	_	_
991-6	PKP033	991	991	6	giorno	giorno	_	_	_	_	_	linguistic	_	none	_	_	_	_	_	_
991-7	PKP033	991	991	7	della	della	_	_	_	_	_	linguistic	_	none	_	_	_	_	_	_
991-8	PKP033	991	991	8	pecora:	pecora	_	_	_	_	_	linguistic	_	none	_	_	5x1	_	_	_
991-9	PKP033	991	991	9	°xxx°	xxx	_	_	_	_	_	unknown	_	none	Volume=low|Syllables=3	End=1655.56	_	_	_	_
992-0	PKP037	992	992	0	x[xxxxx]	xxxxxx	_	_	_	_	_	unknown	_	none	Syllables=6	Begin=1655.52|End=1657.1	_	_	_	1-6(285)
993-0	PKP033	993	993	0	[(u)na	una	_	_	_	_	_	linguistic	_	none	_	Begin=1655.7	_	_	0-1(0)	0-3(285)
993-1	PKP033	993	993	1	roba	roba	_	_	_	_	_	linguistic	_	none	_	_	_	_	_	0-4(285)
993-2	PKP033	993	993	2	del	del	_	_	_	_	_	linguistic	_	none	_	_	_	_	_	0-3(285)
993-3	PKP033	993	993	3	genere]	genere	_	_	_	_	_	linguistic	_	none	_	End=1657.06	_	_	_	0-6(285)
994-0	PKP036	994	994	0	{ride}	{ride}	_	_	_	_	_	nonverbalbehavior	_	none	_	Begin=1656.8|End=1657.29	_	_	_	_
995-0	PKP033	995	995	0	e:	e	_	_	_	_	_	linguistic	_	none	_	Begin=1657.53	0x1	_	_	_
995-1	PKP033	995	995	1	secondo	secondo	_	_	_	_	_	linguistic	_	none	_	_	_	_	_	_
995-2	PKP033	995	995	2	me	me	_	_	_	_	_	linguistic	_	none	_	_	_	_	_	_
995-3	PKP033	995	995	3	quello:	quello	_	_	_	_	_	linguistic	_	none	_	_	5x1	_	_	_
995-4	PKP033	995	995	4	si	si	_	_	_	_	_	linguistic	_	none	_	_	_	_	_	_
995-5	PKP033	995	995	5	può	può	_	_	_	_	_	linguistic	_	none	_	_	_	_	_	_
995-6	PKP033	995	995	6	leggere	leggere	_	_	_	_	_	linguistic	_	none	_	_	_	_	_	_
995-7	PKP033	995	995	7	per	per	_	_	_	_	_	linguistic	_	none	_	_	_	_	_	_
995-8	PKP033	995	995	8	esempio	esempio	_	_	_	_	_	linguistic	_	none	_	End=1660.29	_	_	_	_
996-0	PKP036	996	996	0	vai	vai	_	_	_	_	_	linguistic	_	none	_	Begin=1661.77|End=1662.19	_	_	_	_
997-0	PKP037	997	997	0	no:	no	_	_	_	_	_	linguistic	_	none	_	Begin=1663.38	1x1	_	_	_
997-1	PKP037	997	997	1	invece	invece	_	_	_	_	_	linguistic	_	none	_	_	_	_	_	_
997-2	PKP037	997	997	2	leggeva:	leggeva	_	_	_	_	_	linguistic	_	none	_	_	6x1	_	_	_
997-3	PKP037	997	997	3	xxx	xxx	_	_	_	_	_	unknown	_	none	Syllables=3	End=1665.71	_	_	_	_
998-0	PKP036	998	998	0	{risata}	{risata}	_	_	_	_	_	nonverbalbehavior	_	none	_	Begin=1664.46	_	_	_	_
998-1	PKP036	998	998	1	no?	no	_	_	_	_	_	linguistic	_	none	Intonation=Rising	_	_	_	_	_
998-2	PKP036	998	998	2	{risata}	{risata}	_	_	_	_	_	nonverbalbehavior	_	none	_	End=1666.13	_	_	_	_
999-0	PKP033	999	999	0	[però	però	_	_	_	_	_	linguistic	_	none	_	Begin=1665.19	_	_	_	0-4(?)
999-1	PKP033	999	999	1	nonce	nonce	_	_	_	_	_	linguistic	_	none	_	_	_	_	_	0-5(?)
999-2	PKP033	999	999	2	l'	l'	_	_	_	_	_	linguistic	_	none	SpaceAfter=No	_	_	_	_	0-2(?)
999-3	PKP033	999	999	3	ho	ho	_	_	_	_	_	linguistic	_	none	_	_	_	_	_	0-2(?)
999-4	PKP033	999	999	4	qui	qui	_	_	_	_	_	linguistic	_	none	_	_	_	_	_	0-3(?)
999-5	PKP033	999	999	5	stavo	stavo	_	_	_	_	_	linguistic	_	none	_	_	_	_	_	0-5(?)
999-6	PKP033	999	999	6	pensando	pensando	_	_	_	_	_	linguistic	_	none	_	_	_	_	_	0-8(?)
999-7	PKP033	999	999	7	se	se	_	_	_	_	_	linguistic	_	none	_	_	_	_	_	0-2(?)
999-8	PKP033	999	999	8	vuoi	vuoi	_	_	_	_	_	linguistic	_	none	_	_	_	_	_	0-4(?)
999-9	PKP033	999	999	9	potevo	potevo	_	_	_	_	_	linguistic	_	none	_	_	_	_	_	0-6(?)
999-10	PKP033	999	999	10	darvelo	darvelo	_	_	_	_	_	linguistic	_	none	_	_	_	_	_	0-7(?)
999-11	PKP033	999	999	11	ma:]	ma	_	_	_	_	_	linguistic	_	none	_	_	1x1	_	_	0-2(?)
999-12	PKP033	999	999	12	{ride}	{ride}	_	_	_	_	_	nonverbalbehavior	_	none	_	End=1667.95	_	_	_	_
1000-0	PKP037	1000	1000	0	[no:	no	_	_	_	_	_	linguistic	_	none	_	Begin=1666.39	1x1	_	_	0-2(286)
1000-1	PKP037	1000	1000	1	eh]	eh	_	_	_	_	_	linguistic	_	none	_	_	_	_	_	0-2(286)
1000-2	PKP037	1000	1000	2	{ride}	{ride}	_	_	_	_	_	nonverbalbehavior	_	none	_	End=1667.67	_	_	_	_
1001-0	PKP037	1001	1001	0	mentre	mentre	_	_	_	_	_	linguistic	_	none	_	Begin=1668.68	_	_	_	_
1001-1	PKP037	1001	1001	1	stavo	stavo	_	_	_	_	_	linguistic	_	none	_	_	_	_	_	_
1001-2	PKP037	1001	1001	2	lì	lì	_	_	_	_	_	linguistic	_	none	_	_	_	_	_	_
1001-3	PKP037	1001	1001	3	parlavo	parlavo	_	_	_	_	_	linguistic	_	none	_	_	_	_	_	_
1001-4	PKP037	1001	1001	4	con	con	_	_	_	_	_	linguistic	_	none	_	_	_	_	_	_
1001-5	PKP037	1001	1001	5	antonio	antonio	_	_	_	_	_	linguistic	_	none	_	End=1670.6	_	_	_	_
1002-0	PKP037	1002	1002	0	che	che	_	_	_	_	_	linguistic	_	none	_	Begin=1671.24	_	_	_	_
1002-1	PKP037	1002	1002	1	non	non	_	_	_	_	_	linguistic	_	none	_	_	_	_	_	_
1002-2	PKP037	1002	1002	2	hai	hai	_	_	_	_	_	linguistic	_	none	_	_	_	_	_	_
1002-3	PKP037	1002	1002	3	mai	mai	_	_	_	_	_	linguistic	_	none	_	_	_	_	_	_
1002-4	PKP037	1002	1002	4	visto	visto	_	_	_	_	_	linguistic	_	none	_	_	_	_	_	_
1002-5	PKP037	1002	1002	5	forse	forse	_	_	_	_	_	linguistic	_	none	PauseAfter=Yes	_	_	_	_	_
1002-6	PKP037	1002	1002	6	{P}	{P}	_	_	_	_	_	shortpause	_	none	_	_	_	_	_	_
1002-7	PKP037	1002	1002	7	°no	no	_	_	_	_	_	linguistic	_	none	Volume=low	_	_	_	_	_
1002-8	PKP037	1002	1002	8	non	non	_	_	_	_	_	linguistic	_	none	Volume=low	_	_	_	_	_
1002-9	PKP037	1002	1002	9	penso°	penso	_	_	_	_	_	linguistic	_	none	Volume=low	End=1673.26	_	_	_	_
1003-0	PKP037	1003	1003	0	un	un	_	_	_	_	_	linguistic	_	none	_	Begin=1673.3	_	_	_	_
1003-1	PKP037	1003	1003	1	nostro	nostro	_	_	_	_	_	linguistic	_	none	_	_	_	_	_	_
1003-2	PKP037	1003	1003	2	amico	amico	_	_	_	_	_	linguistic	_	none	_	End=1673.86	_	_	_	_
1004-0	PKP037	1004	1004	0	che	che	_	_	_	_	_	linguistic	_	none	_	Begin=1674.847	_	_	_	_
1004-1	PKP037	1004	1004	1	invece	invece	_	_	_	_	_	linguistic	_	none	_	_	_	_	_	_
1004-2	PKP037	1004	1004	2	lui	lui	_	_	_	_	_	linguistic	_	none	_	_	_	_	_	_
1004-3	PKP037	1004	1004	3	stava	stava	_	_	_	_	_	linguistic	_	none	_	_	_	_	_	_
1004-4	PKP037	1004	1004	4	leggendo	leggendo	_	_	_	_	_	linguistic	_	none	_	_	_	_	_	_
1004-5	PKP037	1004	1004	5	un	un	_	_	_	_	_	linguistic	_	none	_	_	_	_	_	_
1004-6	PKP037	1004	1004	6	libro:	libro	_	_	_	_	_	linguistic	_	none	_	_	4x1	_	_	_
1004-7	PKP037	1004	1004	7	brutti~	brutti~	_	_	_	_	_	linguistic	_	none	Interrupted=Yes	_	_	_	_	_
1004-8	PKP037	1004	1004	8	c(io)è	cioè	_	_	_	_	_	linguistic	_	none	_	_	_	_	1-3(0)	_
1004-9	PKP037	1004	1004	9	bruttissimo	bruttissimo	_	_	_	_	_	linguistic	_	none	_	_	_	_	_	_
1004-10	PKP037	1004	1004	10	forse	forse	_	_	_	_	_	linguistic	_	none	_	_	_	_	_	_
1004-11	PKP037	1004	1004	11	{ride}	{ride}	_	_	_	_	_	nonverbalbehavior	_	none	_	End=1678.6	_	_	_	_
1005-0	PKP037	1005	1005	0	di	di	_	_	_	_	_	linguistic	_	none	_	Begin=1679.074	_	_	_	_
1005-1	PKP037	1005	1005	1	storia	storia	_	_	_	_	_	linguistic	_	none	_	_	_	_	_	_
1005-2	PKP037	1005	1005	2	dei:	dei	_	_	_	_	_	linguistic	_	none	_	_	2x1	_	_	_
1005-3	PKP037	1005	1005	3	samurai	samurai	_	_	_	_	_	linguistic	_	none	_	End=1680.89	_	_	_	_
1006-0	PKP036	1006	1006	0	ah	ah	_	_	_	_	_	linguistic	_	none	_	Begin=1681.08|End=1681.389	_	_	_	_
1007-0	PKP037	1007	1007	0	e	e	_	_	_	_	_	linguistic	_	none	_	Begin=1681.68	_	_	_	_
1007-1	PKP037	1007	1007	1	quindi	quindi	_	_	_	_	_	linguistic	_	none	_	_	_	_	_	_
1007-2	PKP037	1007	1007	2	chiedevo	chiedevo	_	_	_	_	_	linguistic	_	none	_	_	_	_	_	_
1007-3	PKP037	1007	1007	3	a	a	_	_	_	_	_	linguistic	_	none	_	_	_	_	_	_
1007-4	PKP037	1007	1007	4	lui	lui	_	_	_	_	_	linguistic	_	none	_	_	_	_	_	_
1007-5	PKP037	1007	1007	5	tutto	tutto	_	_	_	_	_	linguistic	_	none	_	_	_	_	_	_
1007-6	PKP037	1007	1007	6	quello	quello	_	_	_	_	_	linguistic	_	none	_	_	_	_	_	_
1007-7	PKP037	1007	1007	7	che	che	_	_	_	_	_	linguistic	_	none	_	_	_	_	_	_
1007-8	PKP037	1007	1007	8	era	era	_	_	_	_	_	linguistic	_	none	_	_	_	_	_	_
1007-9	PKP037	1007	1007	9	successo	successo	_	_	_	_	_	linguistic	_	none	_	_	_	_	_	_
1007-10	PKP037	1007	1007	10	{ride}	{ride}	_	_	_	_	_	nonverbalbehavior	_	none	_	End=1684.14	_	_	_	_
1008-0	PKP037	1008	1008	0	e	e	_	_	_	_	_	linguistic	_	none	_	Begin=1685.11	_	_	_	_
1008-1	PKP037	1008	1008	1	forse	forse	_	_	_	_	_	linguistic	_	none	_	_	_	_	_	_
1008-2	PKP037	1008	1008	2	quello	quello	_	_	_	_	_	linguistic	_	none	_	_	_	_	_	_
1008-3	PKP037	1008	1008	3	lo	lo	_	_	_	_	_	linguistic	_	none	_	_	_	_	_	_
1008-4	PKP037	1008	1008	4	leggerò	leggerò	_	_	_	_	_	linguistic	_	none	_	End=1686.39	_	_	_	_
1009-0	PKP037	1009	1009	0	però	però	_	_	_	_	_	linguistic	_	none	_	Begin=1687.54	_	_	_	_
1009-1	PKP037	1009	1009	1	il	il	_	_	_	_	_	linguistic	_	none	_	_	_	_	_	_
1009-2	PKP037	1009	1009	2	giappone	giappone	_	_	_	_	_	linguistic	_	none	_	_	_	_	_	_
1009-3	PKP037	1009	1009	3	è	è	_	_	_	_	_	linguistic	_	none	_	_	_	_	_	_
1009-4	PKP037	1009	1009	4	strano	strano	_	_	_	_	_	linguistic	_	none	_	_	_	_	_	_
1009-5	PKP037	1009	1009	5	sono	sono	_	_	_	_	_	linguistic	_	none	_	_	_	_	_	_
1009-6	PKP037	1009	1009	6	rimasti	rimasti	_	_	_	_	_	linguistic	_	none	_	_	_	_	_	_
1009-7	PKP037	1009	1009	7	nel	nel	_	_	_	_	_	linguistic	_	none	_	_	_	_	_	_
1009-8	PKP037	1009	1009	8	medioevo	medioevo	_	_	_	_	_	linguistic	_	none	_	_	_	_	_	_
1009-9	PKP037	1009	1009	9	da:	da	_	_	_	_	_	linguistic	_	none	_	End=1690.17	1x1	_	_	_
1010-0	PKP037	1010	1010	0	dal:	dal	_	_	_	_	_	linguistic	_	none	_	Begin=1692.027	2x1	_	_	_
1010-1	PKP037	1010	1010	1	l'	l'	_	_	_	_	_	linguistic	_	none	SpaceAfter=No	_	_	_	_	_
1010-2	PKP037	1010	1010	2	ot~	ot~	_	_	_	_	_	linguistic	_	none	Interrupted=Yes	_	_	_	_	_
1010-3	PKP037	1010	1010	3	set~	set~	_	_	_	_	_	linguistic	_	none	Interrupted=Yes	_	_	_	_	_
1010-4	PKP037	1010	1010	4	c(io)è	cioè	_	_	_	_	_	linguistic	_	none	PauseAfter=Yes	_	_	_	0-3(0)	_
1010-5	PKP037	1010	1010	5	{P}	{P}	_	_	_	_	_	shortpause	_	none	_	_	_	_	_	_
1010-6	PKP037	1010	1010	6	fino	fino	_	_	_	_	_	linguistic	_	none	_	_	_	_	_	_
1010-7	PKP037	1010	1010	7	al	al	_	_	_	_	_	linguistic	_	none	_	_	_	_	_	_
1010-8	PKP037	1010	1010	8	settecento	settecento	_	_	_	_	_	linguistic	_	none	_	_	_	_	_	_
1010-9	PKP037	1010	1010	9	dopocristo	dopocristo	_	_	_	_	_	linguistic	_	none	_	_	_	_	_	_
1010-10	PKP037	1010	1010	10	mi	mi	_	_	_	_	_	linguistic	_	none	_	_	_	_	_	_
1010-11	PKP037	1010	1010	11	sa	sa	_	_	_	_	_	linguistic	_	none	_	_	_	_	_	_
1010-12	PKP037	1010	1010	12	che	che	_	_	_	_	_	linguistic	_	none	_	_	_	_	_	_
1010-13	PKP037	1010	1010	13	non	non	_	_	_	_	_	linguistic	_	none	_	_	_	_	_	_
1010-14	PKP037	1010	1010	14	hanno	hanno	_	_	_	_	_	linguistic	_	none	_	_	_	_	_	_
1010-15	PKP037	1010	1010	15	scritto	scritto	_	_	_	_	_	linguistic	_	none	_	_	_	_	_	_
1010-16	PKP037	1010	1010	16	neanche	neanche	_	_	_	_	_	linguistic	_	none	_	End=1697.45	_	_	_	_
1011-0	PKP037	1011	1011	0	nulla	nulla	_	_	_	_	_	linguistic	_	none	PauseAfter=Yes	Begin=1697.634	_	_	_	_
1011-1	PKP037	1011	1011	1	{P}	{P}	_	_	_	_	_	shortpause	_	none	_	_	_	_	_	_
1011-2	PKP037	1011	1011	2	non	non	_	_	_	_	_	linguistic	_	none	_	_	_	_	_	_
1011-3	PKP037	1011	1011	3	avevano	avevano	_	_	_	_	_	linguistic	_	none	_	_	_	_	_	_
1011-4	PKP037	1011	1011	4	scrittura	scrittura	_	_	_	_	_	linguistic	_	none	_	End=1699.21	_	_	_	_
1012-0	PKP037	1012	1012	0	poi	poi	_	_	_	_	_	linguistic	_	none	_	Begin=1699.847	_	_	_	_
1012-1	PKP037	1012	1012	1	hanno	hanno	_	_	_	_	_	linguistic	_	none	_	_	_	_	_	_
1012-2	PKP037	1012	1012	2	iniziato	iniziato	_	_	_	_	_	linguistic	_	none	_	_	_	_	_	_
1012-3	PKP037	1012	1012	3	il	il	_	_	_	_	_	linguistic	_	none	_	_	_	_	_	_
1012-4	PKP037	1012	1012	4	feudalesimo	feudalesimo	_	_	_	_	_	linguistic	_	none	_	End=1701.36	_	_	_	_
1013-0	PKP037	1013	1013	0	e	e	_	_	_	_	_	linguistic	_	none	_	Begin=1702.34	_	_	_	_
1013-1	PKP037	1013	1013	1	è	è	_	_	_	_	_	linguistic	_	none	_	_	_	_	_	_
1013-2	PKP037	1013	1013	2	finito	finito	_	_	_	_	_	linguistic	_	none	_	_	_	_	_	_
1013-3	PKP037	1013	1013	3	nel	nel	_	_	_	_	_	linguistic	_	none	_	_	_	_	_	_
1013-4	PKP037	1013	1013	4	milleottocentosettanta	milleottocentosettanta	_	_	_	_	_	linguistic	_	none	_	_	_	_	_	_
1013-5	PKP037	1013	1013	5	il	il	_	_	_	_	_	linguistic	_	none	_	_	_	_	_	_
1013-6	PKP037	1013	1013	6	feudalesimo	feudalesimo	_	_	_	_	_	linguistic	_	none	_	End=1704.75	_	_	_	_
1014-0	PKP037	1014	1014	0	poi	poi	_	_	_	_	_	linguistic	_	none	_	Begin=1705.48	_	_	_	_
1014-1	PKP037	1014	1014	1	hanno	hanno	_	_	_	_	_	linguistic	_	none	_	_	_	_	_	_
1014-2	PKP037	1014	1014	2	detto	detto	_	_	_	_	_	linguistic	_	none	_	_	_	_	_	_
1014-3	PKP037	1014	1014	3	vabbé	vabbé	_	_	_	_	_	linguistic	_	none	_	_	_	_	_	_
1014-4	PKP037	1014	1014	4	dai	dai	_	_	_	_	_	linguistic	_	none	PauseAfter=Yes	_	_	_	_	_
1014-5	PKP037	1014	1014	5	{P}	{P}	_	_	_	_	_	shortpause	_	none	_	_	_	_	_	_
1014-6	PKP037	1014	1014	6	fascismo	fascismo	_	_	_	_	_	linguistic	_	none	_	End=1706.93	_	_	_	_
1015-0	PKP033	1015	1015	0	{ride}	{ride}	_	_	_	_	_	nonverbalbehavior	_	none	_	Begin=1707.13|End=1710.17	_	_	_	_
1016-0	PKP036	1016	1016	0	{ride}	{ride}	_	_	_	_	_	nonverbalbehavior	_	none	_	Begin=1707.72|End=1710.06	_	_	_	_
1017-0	PKP037	1017	1017	0	{ride}	{ride}	_	_	_	_	_	nonverbalbehavior	_	none	_	Begin=1707.8|End=1709.55	_	_	_	_
1018-0	PKP037	1018	1018	0	{ride}	{ride}	_	_	_	_	_	nonverbalbehavior	_	none	_	Begin=1710.84|End=1711.31	_	_	_	_
1019-0	PKP037	1019	1019	0	hanno	hanno	_	_	_	_	_	linguistic	_	none	_	Begin=1711.72	_	_	_	_
1019-1	PKP037	1019	1019	1	scelto	scelto	_	_	_	_	_	linguistic	_	none	_	_	_	_	_	_
1019-2	PKP037	1019	1019	2	le	le	_	_	_	_	_	linguistic	_	none	_	_	_	_	_	_
1019-3	PKP037	1019	1019	3	tre	tre	_	_	_	_	_	linguistic	_	none	_	_	_	_	_	_
1019-4	PKP037	1019	1019	4	cose:	cose	_	_	_	_	_	linguistic	_	none	PauseAfter=Yes	_	3x1	_	_	_
1019-5	PKP037	1019	1019	5	{P}	{P}	_	_	_	_	_	shortpause	_	none	_	_	_	_	_	_
1019-6	PKP037	1019	1019	6	[migliori	migliori	_	_	_	_	_	linguistic	_	none	_	_	_	_	_	0-8(287)
1019-7	PKP037	1019	1019	7	{ride}	{ride}	_	_	_	_	_	nonverbalbehavior	_	none	_	_	_	_	_	0-6(287)
1019-8	PKP037	1019	1019	8	eh]	eh	_	_	_	_	_	linguistic	_	none	_	End=1714.6	_	_	_	0-2(287)
1020-0	PKP033	1020	1020	0	miglio[ri	migliori	_	_	_	_	_	linguistic	_	none	_	Begin=1713.39	_	_	_	6-8(?)
1020-1	PKP033	1020	1020	1	del~	del~	_	_	_	_	_	linguistic	_	none	Interrupted=Yes	_	_	_	_	0-4(?)
1020-2	PKP033	1020	1020	2	esatto	esatto	_	_	_	_	_	linguistic	_	none	PauseAfter=Yes	_	_	_	_	0-6(?)
1020-3	PKP033	1020	1020	3	{P}	{P}	_	_	_	_	_	shortpause	_	none	_	_	_	_	_	0-3(?)
1020-4	PKP033	1020	1020	4	forse	forse	_	_	_	_	_	linguistic	_	none	_	_	_	_	_	0-5(?)
1020-5	PKP033	1020	1020	5	nel	nel	_	_	_	_	_	linguistic	_	none	_	_	_	_	_	0-3(?)
1020-6	PKP033	1020	1020	6	(mondo)]	mondo	_	_	_	_	_	linguistic	_	none	_	End=1715.8	_	_	0-5(0)	0-5(?)
1021-0	PKP036	1021	1021	0	{ride}	{ride}	_	_	_	_	_	nonverbalbehavior	_	none	_	Begin=1714.45|End=1715.7	_	_	_	_
1022-0	PKP037	1022	1022	0	[l'	l'	_	_	_	_	_	linguistic	_	none	SpaceAfter=No	Begin=1714.67	_	_	_	0-2(?)
1022-1	PKP037	1022	1022	1	età	età	_	_	_	_	_	linguistic	_	none	_	_	_	_	_	0-3(?)
1022-2	PKP037	1022	1022	2	del~	del~	_	_	_	_	_	linguistic	_	none	Interrupted=Yes	_	_	_	_	0-4(?)
1022-3	PKP037	1022	1022	3	l'	l'	_	_	_	_	_	linguistic	_	none	SpaceAfter=No	_	_	_	_	0-2(?)
1022-4	PKP037	1022	1022	4	età	età	_	_	_	_	_	linguistic	_	none	_	_	_	_	_	0-3(?)
1022-5	PKP037	1022	1022	5	della]	della	_	_	_	_	_	linguistic	_	none	_	_	_	_	_	0-4(?)
1022-6	PKP037	1022	1022	6	pietra	pietra	_	_	_	_	_	linguistic	_	none	_	_	_	_	_	_
1022-7	PKP037	1022	1022	7	{ride}	{ride}	_	_	_	_	_	nonverbalbehavior	_	none	_	_	_	_	_	5-6(?)
1022-8	PKP037	1022	1022	8	[feudalesimo	feudalesimo	_	_	_	_	_	linguistic	_	none	_	_	_	_	_	0-11(?)
1022-9	PKP037	1022	1022	9	e	e	_	_	_	_	_	linguistic	_	none	_	_	_	_	_	0-1(?)
1022-10	PKP037	1022	1022	10	fascismo]	fascismo	_	_	_	_	_	linguistic	_	none	_	End=1718.94	_	_	_	0-7(?)
1023-0	PKP033	1023	1023	0	[esatto]	esatto	_	_	_	_	_	linguistic	_	none	_	Begin=1716.26	_	_	_	0-6(290)
1023-1	PKP033	1023	1023	1	{ride}	{ride}	_	_	_	_	_	nonverbalbehavior	_	none	_	End=1718.05	_	_	_	_
1024-0	PKP036	1024	1024	0	{ride}	{ride}	_	_	_	_	_	nonverbalbehavior	_	none	_	Begin=1717.02|End=1717.94	_	_	_	_
1025-0	PKP033	1025	1025	0	forse	forse	_	_	_	_	_	linguistic	_	none	_	Begin=1718.84	_	_	_	_
1025-1	PKP033	1025	1025	1	il	il	_	_	_	_	_	linguistic	_	none	_	_	_	_	_	_
1025-2	PKP033	1025	1025	2	momento	momento	_	_	_	_	_	linguistic	_	none	_	_	_	_	_	_
1025-3	PKP033	1025	1025	3	migliore	migliore	_	_	_	_	_	linguistic	_	none	_	_	_	_	_	_
1025-4	PKP033	1025	1025	4	era	era	_	_	_	_	_	linguistic	_	none	_	_	_	_	_	_
1025-5	PKP033	1025	1025	5	il	il	_	_	_	_	_	linguistic	_	none	_	_	_	_	_	_
1025-6	PKP033	1025	1025	6	pre-scrittura	pre-scrittura	_	_	_	_	_	linguistic	_	none	_	End=1721.21	_	_	_	_
1026-0	PKP037	1026	1026	0	{ride}	{ride}	_	_	_	_	_	nonverbalbehavior	_	none	_	Begin=1720.43|End=1721.48	_	_	_	_
1027-0	PKP033	1027	1027	0	tutto	tutto	_	_	_	_	_	linguistic	_	none	_	Begin=1721.307	_	_	_	_
1027-1	PKP033	1027	1027	1	sommato	sommato	_	_	_	_	_	linguistic	_	none	_	_	_	_	_	_
1027-2	PKP033	1027	1027	2	{ride}	{ride}	_	_	_	_	_	nonverbalbehavior	_	none	_	End=1723.045	_	_	_	_
1028-0	PKP036	1028	1028	0	{ride}	{ride}	_	_	_	_	_	nonverbalbehavior	_	none	_	Begin=1721.56|End=1722.79	_	_	_	_
1029-0	PKP036	1029	1029	0	(davvero)	davvero	_	_	_	_	_	linguistic	_	none	_	Begin=1723.045	_	_	0-7(0)	_
1029-1	PKP036	1029	1029	1	{ride}	{ride}	_	_	_	_	_	nonverbalbehavior	_	none	_	End=1725.01	_	_	_	_
1030-0	PKP033	1030	1030	0	comunque	comunque	_	_	_	_	_	linguistic	_	none	_	Begin=1725.8	_	_	_	_
1030-1	PKP033	1030	1030	1	io	io	_	_	_	_	_	linguistic	_	none	_	_	_	_	_	_
1030-2	PKP033	1030	1030	2	ho	ho	_	_	_	_	_	linguistic	_	none	_	_	_	_	_	_
1030-3	PKP033	1030	1030	3	un	un	_	_	_	_	_	linguistic	_	none	_	_	_	_	_	_
1030-4	PKP033	1030	1030	4	amico	amico	_	_	_	_	_	linguistic	_	none	_	_	_	_	_	_
1030-5	PKP033	1030	1030	5	di:	di	_	_	_	_	_	linguistic	_	none	_	_	1x1	_	_	_
1030-6	PKP033	1030	1030	6	di	di	_	_	_	_	_	linguistic	_	none	_	_	_	_	_	_
1030-7	PKP033	1030	1030	7	un:iversità	università	_	_	_	_	_	linguistic	_	none	_	_	1x1	_	_	_
1030-8	PKP033	1030	1030	8	che	che	_	_	_	_	_	linguistic	_	none	_	_	_	_	_	_
1030-9	PKP033	1030	1030	9	faceva	faceva	_	_	_	_	_	linguistic	_	none	_	_	_	_	_	_
1030-10	PKP033	1030	1030	10	giapponese:	giapponese	_	_	_	_	_	linguistic	_	none	_	_	9x1	_	_	_
1030-11	PKP033	1030	1030	11	a	a	_	_	_	_	_	linguistic	_	none	_	_	_	_	_	_
1030-12	PKP033	1030	1030	12	forlì	forlì	_	_	_	_	_	linguistic	_	none	PauseAfter=Yes	_	_	_	_	_
1030-13	PKP033	1030	1030	13	{P}	{P}	_	_	_	_	_	shortpause	_	none	_	_	_	_	_	_
1030-14	PKP033	1030	1030	14	alla	alla	_	_	_	_	_	linguistic	_	none	_	_	_	_	_	_
1030-15	PKP033	1030	1030	15	sslmit	sslmit	_	_	_	_	_	linguistic	_	none	_	_	_	_	_	_
1030-16	PKP033	1030	1030	16	di	di	_	_	_	_	_	linguistic	_	none	_	_	_	_	_	_
1030-17	PKP033	1030	1030	17	for[lì]	forlì	_	_	_	_	_	linguistic	_	none	_	End=1732.52	_	_	_	3-5(291)
1031-0	PKP036	1031	1031	0	[sì]	sì	_	_	_	_	_	linguistic	_	none	_	Begin=1732.08|End=1732.46	_	_	_	0-2(291)
1032-0	PKP033	1032	1032	0	ed	ed	_	_	_	_	_	linguistic	_	none	_	Begin=1733.21	_	_	_	_
1032-1	PKP033	1032	1032	1	è	è	_	_	_	_	_	linguistic	_	none	_	_	_	_	_	_
1032-2	PKP033	1032	1032	2	stato:	stato	_	_	_	_	_	linguistic	_	none	_	_	4x1	_	_	_
1032-3	PKP033	1032	1032	3	là	là	_	_	_	_	_	linguistic	_	none	_	_	_	_	_	_
1032-4	PKP033	1032	1032	4	in	in	_	_	_	_	_	linguistic	_	none	_	_	_	_	_	_
1032-5	PKP033	1032	1032	5	erasmus	erasmus	_	_	_	_	_	linguistic	_	none	_	_	_	_	_	_
1032-6	PKP033	1032	1032	6	ti[po]	tipo	_	_	_	_	_	linguistic	_	none	_	End=1735.51	_	_	_	2-4(292)
1033-0	PKP036	1033	1033	0	[ah	ah	_	_	_	_	_	linguistic	_	none	_	Begin=1735.17	_	_	_	0-2(?)
1033-1	PKP036	1033	1033	1	okay]	okay	_	_	_	_	_	linguistic	_	none	_	End=1735.86	_	_	_	0-4(?)
1034-0	PKP033	1034	1034	0	[e	e	_	_	_	_	_	linguistic	_	none	_	Begin=1735.694	_	_	_	0-1(293)
1034-1	PKP033	1034	1034	1	mi	mi	_	_	_	_	_	linguistic	_	none	_	_	_	_	_	0-2(293)
1034-2	PKP033	1034	1034	2	ha	ha	_	_	_	_	_	linguistic	_	none	_	_	_	_	_	0-2(293)
1034-3	PKP033	1034	1034	3	de]tto	detto	_	_	_	_	_	linguistic	_	none	_	_	_	_	_	0-2(293)
1034-4	PKP033	1034	1034	4	che	che	_	_	_	_	_	linguistic	_	none	_	_	_	_	_	_
1034-5	PKP033	1034	1034	5	aveva	aveva	_	_	_	_	_	linguistic	_	none	_	_	_	_	_	_
1034-6	PKP033	1034	1034	6	visto	visto	_	_	_	_	_	linguistic	_	none	_	_	_	_	_	_
1034-7	PKP033	1034	1034	7	un	un	_	_	_	_	_	linguistic	_	none	_	_	_	_	_	_
1034-8	PKP033	1034	1034	8	posto	posto	_	_	_	_	_	linguistic	_	none	_	_	_	_	_	_
1034-9	PKP033	1034	1034	9	bellissimo	bellissimo	_	_	_	_	_	linguistic	_	none	_	_	_	_	_	_
1034-10	PKP033	1034	1034	10	ma	ma	_	_	_	_	_	linguistic	_	none	_	_	_	_	_	_
1034-11	PKP033	1034	1034	11	non	non	_	_	_	_	_	linguistic	_	none	_	_	_	_	_	_
1034-12	PKP033	1034	1034	12	aveva	aveva	_	_	_	_	_	linguistic	_	none	_	_	_	_	_	_
1034-13	PKP033	1034	1034	13	mai	mai	_	_	_	_	_	linguistic	_	none	_	_	_	_	_	_
1034-14	PKP033	1034	1034	14	visto	visto	_	_	_	_	_	linguistic	_	none	_	_	_	_	_	_
1034-15	PKP033	1034	1034	15	un	un	_	_	_	_	_	linguistic	_	none	_	_	_	_	_	_
1034-16	PKP033	1034	1034	16	popolo	popolo	_	_	_	_	_	linguistic	_	none	_	_	_	_	_	_
1034-17	PKP033	1034	1034	17	così	così	_	_	_	_	_	linguistic	_	none	_	_	_	_	_	_
1034-18	PKP033	1034	1034	18	rincoglionito	rincoglionito	_	_	_	_	_	linguistic	_	none	_	End=1741.28	_	_	_	_
1035-0	PKP036	1035	1035	0	{ride}	{ride}	_	_	_	_	_	nonverbalbehavior	_	none	_	Begin=1741.09|End=1742.86	_	_	_	_
1036-0	PKP033	1036	1036	0	{ride}	{ride}	_	_	_	_	_	nonverbalbehavior	_	none	_	Begin=1741.49|End=1742.84	_	_	_	_
1037-0	PKP037	1037	1037	0	davvero?	davvero	_	_	_	_	_	linguistic	_	none	Intonation=Rising	Begin=1742.09	_	_	_	_
1037-1	PKP037	1037	1037	1	{ride}	{ride}	_	_	_	_	_	nonverbalbehavior	_	none	_	End=1743.465	_	_	_	_
1038-0	PKP033	1038	1038	0	siete	siete	_	_	_	_	_	linguistic	_	none	_	Begin=1743.465	_	_	_	_
1038-1	PKP033	1038	1038	1	da~	da~	_	_	_	_	_	linguistic	_	none	Interrupted=Yes|PauseAfter=Yes	_	_	_	_	_
1038-2	PKP033	1038	1038	2	{P}	{P}	_	_	_	_	_	shortpause	_	none	_	_	_	_	_	_
1038-3	PKP033	1038	1038	3	vi	vi	_	_	_	_	_	linguistic	_	none	_	_	_	_	_	_
1038-4	PKP033	1038	1038	4	ritrovate	ritrovate	_	_	_	_	_	linguistic	_	none	_	End=1744.93	_	_	_	_
1039-0	PKP036	1039	1039	0	{ride}	{ride}	_	_	_	_	_	nonverbalbehavior	_	none	_	Begin=1744.26|End=1744.9	_	_	_	_
1040-0	PKP033	1040	1040	0	{ride}	{ride}	_	_	_	_	_	nonverbalbehavior	_	none	_	Begin=1745.03|End=1745.74	_	_	_	_
1041-0	PKP037	1041	1041	0	[eh	eh	_	_	_	_	_	linguistic	_	none	_	Begin=1746.329	_	_	_	0-2(294)
1041-1	PKP037	1041	1041	1	sì]	sì	_	_	_	_	_	linguistic	_	none	_	End=1746.85	_	_	_	0-2(294)
1042-0	PKP036	1042	1042	0	[sì	sì	_	_	_	_	_	linguistic	_	none	_	Begin=1746.467	_	_	_	0-2(294)
1042-1	PKP036	1042	1042	1	sono]	sono	_	_	_	_	_	linguistic	_	none	_	_	_	_	_	0-4(294)
1042-2	PKP036	1042	1042	2	un	un	_	_	_	_	_	linguistic	_	none	_	_	_	_	_	_
1042-3	PKP036	1042	1042	3	po'	po'	_	_	_	_	_	linguistic	_	none	_	_	_	_	_	_
1042-4	PKP036	1042	1042	4	rincoglioniti	rincoglioniti	_	_	_	_	_	linguistic	_	none	_	End=1747.94	_	_	_	_
1043-0	PKP036	1043	1043	0	non	non	_	_	_	_	_	linguistic	_	none	_	Begin=1749.334	_	_	_	_
1043-1	PKP036	1043	1043	1	lo	lo	_	_	_	_	_	linguistic	_	none	_	_	_	_	_	_
1043-2	PKP036	1043	1043	2	so	so	_	_	_	_	_	linguistic	_	none	_	_	_	_	_	_
1043-3	PKP036	1043	1043	3	poi	poi	_	_	_	_	_	linguistic	_	none	_	_	_	_	_	_
1043-4	PKP036	1043	1043	4	c(io)è:	cioè	_	_	_	_	_	linguistic	_	none	_	_	3x1	_	1-3(0)	_
1043-5	PKP036	1043	1043	5	non	non	_	_	_	_	_	linguistic	_	none	_	_	_	_	_	_
1043-6	PKP036	1043	1043	6	c'	c'	_	_	_	_	_	linguistic	_	none	SpaceAfter=No	_	_	_	_	_
1043-7	PKP036	1043	1043	7	abbiamo	abbiamo	_	_	_	_	_	linguistic	_	none	_	_	_	_	_	_
1043-8	PKP036	1043	1043	8	nemmeno	nemmeno	_	_	_	_	_	linguistic	_	none	_	_	_	_	_	_
1043-9	PKP036	1043	1043	9	interagito	interagito	_	_	_	_	_	linguistic	_	none	_	_	_	_	_	_
1043-10	PKP036	1043	1043	10	troppo	troppo	_	_	_	_	_	linguistic	_	none	_	_	_	_	_	_
1043-11	PKP036	1043	1043	11	[perché	perché	_	_	_	_	_	linguistic	_	none	_	_	_	_	_	0-6(295)
1043-12	PKP036	1043	1043	12	sono:]	sono	_	_	_	_	_	linguistic	_	none	_	End=1753.09	3x1	_	_	0-4(295)
1044-0	PKP033	1044	1044	0	[eh	eh	_	_	_	_	_	linguistic	_	none	_	Begin=1752.08	_	_	_	0-2(295)
1044-1	PKP033	1044	1044	1	immagino]	immagino	_	_	_	_	_	linguistic	_	none	_	End=1752.84	_	_	_	0-8(295)
1045-0	PKP033	1045	1045	0	perché	perché	_	_	_	_	_	linguistic	_	none	_	Begin=1753.32	_	_	_	_
1045-1	PKP033	1045	1045	1	per	per	_	_	_	_	_	linguistic	_	none	_	_	_	_	_	_
1045-2	PKP033	1045	1045	2	la	la	_	_	_	_	_	linguistic	_	none	_	_	_	_	_	_
1045-3	PKP033	1045	1045	3	lingua	lingua	_	_	_	_	_	linguistic	_	none	_	_	_	_	_	_
1045-4	PKP033	1045	1045	4	[sì]	sì	_	_	_	_	_	linguistic	_	none	_	End=1754.64	_	_	_	0-2(296)
1046-0	PKP037	1046	1046	0	[si	si	_	_	_	_	_	linguistic	_	none	_	Begin=1754.09	_	_	_	0-2(296)
1046-1	PKP037	1046	1046	1	vergo:]gnano	vergognano	_	_	_	_	_	linguistic	_	none	_	End=1755.14	4x1	_	_	0-5(296)
1047-0	PKP036	1047	1047	0	[mh]	mh	_	_	_	_	_	linguistic	_	none	_	Begin=1755.54|End=1755.86	_	_	_	0-2(297)
1048-0	PKP037	1048	1048	0	[pure	pure	_	_	_	_	_	linguistic	_	none	_	Begin=1755.714	_	_	_	0-4(297)
1048-1	PKP037	1048	1048	1	no]i	noi	_	_	_	_	_	linguistic	_	none	PauseAfter=Yes	_	_	_	_	0-2(297)
1048-2	PKP037	1048	1048	2	{P}	{P}	_	_	_	_	_	shortpause	_	none	_	_	_	_	_	_
1048-3	PKP037	1048	1048	3	però	però	_	_	_	_	_	linguistic	_	none	_	_	_	_	_	_
1048-4	PKP037	1048	1048	4	loro	loro	_	_	_	_	_	linguistic	_	none	_	_	_	_	_	_
1048-5	PKP037	1048	1048	5	anche	anche	_	_	_	_	_	linguistic	_	none	PauseAfter=Yes	_	_	_	_	_
1048-6	PKP037	1048	1048	6	{P}	{P}	_	_	_	_	_	shortpause	_	none	_	_	_	_	_	_
1048-7	PKP037	1048	1048	7	loro	loro	_	_	_	_	_	linguistic	_	none	_	_	_	_	_	_
1048-8	PKP037	1048	1048	8	più	più	_	_	_	_	_	linguistic	_	none	_	_	_	_	_	_
1048-9	PKP037	1048	1048	9	di	di	_	_	_	_	_	linguistic	_	none	_	_	_	_	_	_
1048-10	PKP037	1048	1048	10	noi	noi	_	_	_	_	_	linguistic	_	none	_	End=1757.89	_	_	_	_
1049-0	PKP036	1049	1049	0	mh	mh	_	_	_	_	_	linguistic	_	none	_	Begin=1758.09|End=1758.59	_	_	_	_
1050-0	PKP033	1050	1050	0	sì	sì	_	_	_	_	_	linguistic	_	none	_	Begin=1758.58	_	_	_	_
1050-1	PKP033	1050	1050	1	voi:	voi	_	_	_	_	_	linguistic	_	none	_	_	2x1	_	_	_
1050-2	PKP033	1050	1050	2	forse	forse	_	_	_	_	_	linguistic	_	none	_	_	_	_	_	_
1050-3	PKP033	1050	1050	3	non	non	_	_	_	_	_	linguistic	_	none	_	_	_	_	_	_
1050-4	PKP033	1050	1050	4	siete	siete	_	_	_	_	_	linguistic	_	none	_	_	_	_	_	_
1050-5	PKP033	1050	1050	5	[molto	molto	_	_	_	_	_	linguistic	_	none	_	_	_	_	_	0-5(?)
1050-6	PKP033	1050	1050	6	estrovers]i	estroversi	_	_	_	_	_	linguistic	_	none	_	_	_	_	_	0-9(?)
1050-7	PKP033	1050	1050	7	{ride}	{ride}	_	_	_	_	_	nonverbalbehavior	_	none	_	End=1766.069	_	_	_	_
1051-0	PKP036	1051	1051	0	[super:]	super	_	_	_	_	_	linguistic	_	none	_	Begin=1759.79|End=1760.71	4x1	_	_	0-5(299)
1052-0	PKP036	1052	1052	0	[noi	noi	_	_	_	_	_	linguistic	_	none	_	Begin=1761.86	_	_	_	0-3(300)
1052-1	PKP036	1052	1052	1	vabbè]	vabbè	_	_	_	_	_	linguistic	_	none	_	End=1762.58	_	_	_	0-5(300)
1053-0	PKP036	1053	1053	0	[però]	però	_	_	_	_	_	linguistic	_	none	_	Begin=1763.48|End=1763.86	_	_	_	0-4(301)
1054-0	PKP036	1054	1054	0	ognuno	ognuno	_	_	_	_	_	linguistic	_	none	_	Begin=1766.327	_	_	_	_
1054-1	PKP036	1054	1054	1	per	per	_	_	_	_	_	linguistic	_	none	_	_	_	_	_	_
1054-2	PKP036	1054	1054	2	i	i	_	_	_	_	_	linguistic	_	none	_	_	_	_	_	_
1054-3	PKP036	1054	1054	3	cavoli	cavoli	_	_	_	_	_	linguistic	_	none	_	_	_	_	_	_
1054-4	PKP036	1054	1054	4	suoi	suoi	_	_	_	_	_	linguistic	_	none	_	End=1767.83	_	_	_	_
1055-0	PKP036	1055	1055	0	pure	pure	_	_	_	_	_	linguistic	_	none	_	Begin=1767.86	_	_	_	_
1055-1	PKP036	1055	1055	1	tra	tra	_	_	_	_	_	linguistic	_	none	_	_	_	_	_	_
1055-2	PKP036	1055	1055	2	di	di	_	_	_	_	_	linguistic	_	none	_	_	_	_	_	_
1055-3	PKP036	1055	1055	3	loro	loro	_	_	_	_	_	linguistic	_	none	_	_	_	_	_	_
1055-4	PKP036	1055	1055	4	sembra	sembra	_	_	_	_	_	linguistic	_	none	_	_	_	_	_	_
1055-5	PKP036	1055	1055	5	che	che	_	_	_	_	_	linguistic	_	none	_	_	_	_	_	_
1055-6	PKP036	1055	1055	6	non	non	_	_	_	_	_	linguistic	_	none	_	_	_	_	_	_
1055-7	PKP036	1055	1055	7	parlano	parlano	_	_	_	_	_	linguistic	_	none	_	End=1769.55	_	_	_	_
1056-0	PKP033	1056	1056	0	ma	ma	_	_	_	_	_	linguistic	_	none	_	Begin=1770.18	_	_	_	_
1056-1	PKP033	1056	1056	1	forse	forse	_	_	_	_	_	linguistic	_	none	_	_	_	_	_	_
1056-2	PKP033	1056	1056	2	è	è	_	_	_	_	_	linguistic	_	none	_	_	_	_	_	_
1056-3	PKP033	1056	1056	3	vero	vero	_	_	_	_	_	linguistic	_	none	_	End=1770.96	_	_	_	_
1057-0	PKP036	1057	1057	0	mh	mh	_	_	_	_	_	linguistic	_	none	_	Begin=1771.32|End=1771.68	_	_	_	_
1058-0	PKP037	1058	1058	0	(u)na	una	_	_	_	_	_	linguistic	_	none	_	Begin=1771.907	_	_	0-1(0)	_
1058-1	PKP037	1058	1058	1	volta	volta	_	_	_	_	_	linguistic	_	none	_	_	_	_	_	_
1058-2	PKP037	1058	1058	2	abbiamo	abbiamo	_	_	_	_	_	linguistic	_	none	_	_	_	_	_	_
1058-3	PKP037	1058	1058	3	chiesto	chiesto	_	_	_	_	_	linguistic	_	none	_	_	_	_	_	_
1058-4	PKP037	1058	1058	4	a	a	_	_	_	_	_	linguistic	_	none	_	_	_	_	_	_
1058-5	PKP037	1058	1058	5	una	una	_	_	_	_	_	linguistic	_	none	_	_	_	_	_	_
1058-6	PKP037	1058	1058	6	signora	signora	_	_	_	_	_	linguistic	_	none	_	_	_	_	_	_
1058-7	PKP037	1058	1058	7	per	per	_	_	_	_	_	linguistic	_	none	_	_	_	_	_	_
1058-8	PKP037	1058	1058	8	buttare	buttare	_	_	_	_	_	linguistic	_	none	_	_	_	_	_	_
1058-9	PKP037	1058	1058	9	la	la	_	_	_	_	_	linguistic	_	none	_	_	_	_	_	_
1058-10	PKP037	1058	1058	10	spazzatura	spazzatura	_	_	_	_	_	linguistic	_	none	_	End=1774.81	_	_	_	_
1059-0	PKP037	1059	1059	0	al	al	_	_	_	_	_	linguistic	_	none	_	Begin=1774.967	_	_	_	_
1059-1	PKP037	1059	1059	1	centro	centro	_	_	_	_	_	linguistic	_	none	_	_	_	_	_	_
1059-2	PKP037	1059	1059	2	commerciale	commerciale	_	_	_	_	_	linguistic	_	none	PauseAfter=Yes	_	_	_	_	_
1059-3	PKP037	1059	1059	3	{P}	{P}	_	_	_	_	_	shortpause	_	none	_	_	_	_	_	_
1059-4	PKP037	1059	1059	4	[xxxxxxxxx]	xxxxxxxxx	_	_	_	_	_	unknown	_	none	Syllables=9	End=1777.25	_	_	_	0-9(302)
1060-0	PKP036	1060	1060	0	[ah	ah	_	_	_	_	_	linguistic	_	none	_	Begin=1775.84	_	_	_	0-2(302)
1060-1	PKP036	1060	1060	1	sì	sì	_	_	_	_	_	linguistic	_	none	_	_	_	_	_	0-2(302)
1060-2	PKP036	1060	1060	2	c'	c'	_	_	_	_	_	linguistic	_	none	SpaceAfter=No	_	_	_	_	0-2(302)
1060-3	PKP036	1060	1060	3	hanno	hanno	_	_	_	_	_	linguistic	_	none	_	_	_	_	_	0-5(302)
1060-4	PKP036	1060	1060	4	un	un	_	_	_	_	_	linguistic	_	none	_	_	_	_	_	0-2(302)
1060-5	PKP036	1060	1060	5	sistema	sistema	_	_	_	_	_	linguistic	_	none	_	_	_	_	_	0-7(302)
1060-6	PKP036	1060	1060	6	di	di	_	_	_	_	_	linguistic	_	none	_	_	_	_	_	0-2(302)
1060-7	PKP036	1060	1060	7	diffe]renziata	differenziata	_	_	_	_	_	linguistic	_	none	_	_	_	_	_	0-5(302)
1060-8	PKP036	1060	1060	8	che	che	_	_	_	_	_	linguistic	_	none	_	_	_	_	_	_
1060-9	PKP036	1060	1060	9	è	è	_	_	_	_	_	linguistic	_	none	PauseAfter=Yes	_	_	_	_	_
1060-10	PKP036	1060	1060	10	{P}	{P}	_	_	_	_	_	shortpause	_	none	_	_	_	_	_	_
1060-11	PKP036	1060	1060	11	impossibile	impossibile	_	_	_	_	_	linguistic	_	none	_	End=1778.64	_	_	_	_
1061-0	PKP037	1061	1061	0	tipo	tipo	_	_	_	_	_	linguistic	_	none	_	Begin=1779.65|End=1780.02	_	_	_	_
1062-0	PKP036	1062	1062	0	tipo	tipo	_	_	_	_	_	linguistic	_	none	_	Begin=1780.207	_	_	_	_
1062-1	PKP036	1062	1062	1	cose	cose	_	_	_	_	_	linguistic	_	none	_	_	_	_	_	_
1062-2	PKP036	1062	1062	2	che	che	_	_	_	_	_	linguistic	_	none	_	_	_	_	_	_
1062-3	PKP036	1062	1062	3	si	si	_	_	_	_	_	linguistic	_	none	_	_	_	_	_	_
1062-4	PKP036	1062	1062	4	brucia[no	bruciano	_	_	_	_	_	linguistic	_	none	_	_	_	_	_	6-8(303)
1062-5	PKP036	1062	1062	5	(cose	cose	_	_	_	_	_	linguistic	_	none	_	_	_	_	0-4(0)	0-4(303)
1062-6	PKP036	1062	1062	6	così)]	così	_	_	_	_	_	linguistic	_	none	_	End=1782.2	_	_	0-4(0)	0-4(303)
1063-0	PKP037	1063	1063	0	[xxxx]	xxxx	_	_	_	_	_	unknown	_	none	Syllables=4	Begin=1781.3	_	_	_	0-4(303)
1063-1	PKP037	1063	1063	1	{ride}	{ride}	_	_	_	_	_	nonverbalbehavior	_	none	_	End=1783.54	_	_	_	_
1064-0	PKP036	1064	1064	0	(madò)	madò	_	_	_	_	_	linguistic	_	none	_	Begin=1783.76|End=1784.209	_	_	0-4(0)	_
1065-0	PKP033	1065	1065	0	c(io)è	cioè	_	_	_	_	_	linguistic	_	none	_	Begin=1784.4	_	_	1-3(0)	_
1065-1	PKP033	1065	1065	1	differenziano	differenziano	_	_	_	_	_	linguistic	_	none	_	_	_	_	_	_
1065-2	PKP033	1065	1065	2	tipo	tipo	_	_	_	_	_	linguistic	_	none	_	_	_	_	_	_
1065-3	PKP033	1065	1065	3	plastica	plastica	_	_	_	_	_	linguistic	_	none	_	_	_	_	_	_
1065-4	PKP033	1065	1065	4	di	di	_	_	_	_	_	linguistic	_	none	_	_	_	_	_	_
1065-5	PKP033	1065	1065	5	un	un	_	_	_	_	_	linguistic	_	none	_	_	_	_	_	_
1065-6	PKP033	1065	1065	6	tipo	tipo	_	_	_	_	_	linguistic	_	none	_	_	_	_	_	_
1065-7	PKP033	1065	1065	7	plastica	plastica	_	_	_	_	_	linguistic	_	none	_	_	_	_	_	_
1065-8	PKP033	1065	1065	8	di	di	_	_	_	_	_	linguistic	_	none	_	_	_	_	_	_
1065-9	PKP033	1065	1065	9	un	un	_	_	_	_	_	linguistic	_	none	_	_	_	_	_	_
1065-10	PKP033	1065	1065	10	altro	altro	_	_	_	_	_	linguistic	_	none	_	_	_	_	_	_
1065-11	PKP033	1065	1065	11	tip[o:]	tipo	_	_	_	_	_	linguistic	_	none	_	End=1788.15	3x1	_	_	3-4(513)
1066-0	PKP037	1066	1066	0	[mi	mi	_	_	_	_	_	linguistic	_	none	_	Begin=1787.76	_	_	_	0-2(513)
1066-1	PKP037	1066	1066	1	sa	sa	_	_	_	_	_	linguistic	_	none	_	_	_	_	_	0-2(513)
1066-2	PKP037	1066	1066	2	che~]	che~	_	_	_	_	_	linguistic	_	none	Interrupted=Yes	End=1788.139	_	_	_	0-4(513)
1067-0	PKP036	1067	1067	0	[non	non	_	_	_	_	_	linguistic	_	none	_	Begin=1787.81	_	_	_	0-3(513)
1067-1	PKP036	1067	1067	1	abbia]mo	abbiamo	_	_	_	_	_	linguistic	_	none	_	_	_	_	_	0-5(513)
1067-2	PKP036	1067	1067	2	capito	capito	_	_	_	_	_	linguistic	_	none	_	_	_	_	_	_
1067-3	PKP036	1067	1067	3	[c(io)è:]	cioè	_	_	_	_	_	linguistic	_	none	_	End=1789.35	3x1	_	1-3(0)	0-4(304)
1068-0	PKP037	1068	1068	0	[no:]	no	_	_	_	_	_	linguistic	_	none	_	Begin=1788.93	1x1	_	_	0-2(304)
1068-1	PKP037	1068	1068	1	plastica	plastica	_	_	_	_	_	linguistic	_	none	_	_	_	_	_	_
1068-2	PKP037	1068	1068	2	e	e	_	_	_	_	_	linguistic	_	none	_	_	_	_	_	_
1068-3	PKP037	1068	1068	3	carta	carta	_	_	_	_	_	linguistic	_	none	_	_	_	_	_	_
1068-4	PKP037	1068	1068	4	mi	mi	_	_	_	_	_	linguistic	_	none	_	_	_	_	_	_
1068-5	PKP037	1068	1068	5	sa	sa	_	_	_	_	_	linguistic	_	none	_	_	_	_	_	_
1068-6	PKP037	1068	1068	6	che	che	_	_	_	_	_	linguistic	_	none	_	_	_	_	_	_
1068-7	PKP037	1068	1068	7	le	le	_	_	_	_	_	linguistic	_	none	_	_	_	_	_	_
1068-8	PKP037	1068	1068	8	portano	portano	_	_	_	_	_	linguistic	_	none	_	_	_	_	_	_
1068-9	PKP037	1068	1068	9	all'	all'	_	_	_	_	_	linguistic	_	none	SpaceAfter=No	_	_	_	_	_
1068-10	PKP037	1068	1068	10	incerenitore	incerenitore	_	_	_	_	_	linguistic	_	none	_	End=1792.1	_	_	_	_
1069-0	PKP033	1069	1069	0	okay	okay	_	_	_	_	_	linguistic	_	none	_	Begin=1792.507|End=1793.0	_	_	_	_
1070-0	PKP033	1070	1070	0	e	e	_	_	_	_	_	linguistic	_	none	_	Begin=1793.04	_	_	_	_
1070-1	PKP033	1070	1070	1	cosa	cosa	_	_	_	_	_	linguistic	_	none	_	_	_	_	_	_
1070-2	PKP033	1070	1070	2	differenzia[no]	differenziano	_	_	_	_	_	linguistic	_	none	_	End=1794.17	_	_	_	11-13(305)
1071-0	PKP037	1071	1071	0	[i	i	_	_	_	_	_	linguistic	_	none	_	Begin=1793.94	_	_	_	0-1(305)
1071-1	PKP037	1071	1071	1	me]talli	metalli	_	_	_	_	_	linguistic	_	none	_	_	_	_	_	0-2(305)
1071-2	PKP037	1071	1071	2	li	li	_	_	_	_	_	linguistic	_	none	_	_	_	_	_	_
1071-3	PKP037	1071	1071	3	li	li	_	_	_	_	_	linguistic	_	none	_	_	_	_	_	_
1071-4	PKP037	1071	1071	4	la	la	_	_	_	_	_	linguistic	_	none	_	_	_	_	_	_
1071-5	PKP037	1071	1071	5	portano	portano	_	_	_	_	_	linguistic	_	none	_	_	_	_	_	_
1071-6	PKP037	1071	1071	6	da	da	_	_	_	_	_	linguistic	_	none	_	_	_	_	_	_
1071-7	PKP037	1071	1071	7	qualche	qualche	_	_	_	_	_	linguistic	_	none	_	_	_	_	_	_
1071-8	PKP037	1071	1071	8	altra	altra	_	_	_	_	_	linguistic	_	none	_	_	_	_	_	_
1071-9	PKP037	1071	1071	9	parte	parte	_	_	_	_	_	linguistic	_	none	_	_	_	_	_	_
1071-10	PKP037	1071	1071	10	forse	forse	_	_	_	_	_	linguistic	_	none	_	End=1797.27	_	_	_	_
1072-0	PKP037	1072	1072	0	i	i	_	_	_	_	_	linguistic	_	none	_	Begin=1797.57	_	_	_	_
1072-1	PKP037	1072	1072	1	metalli	metalli	_	_	_	_	_	linguistic	_	none	_	_	_	_	_	_
1072-2	PKP037	1072	1072	2	e	e	_	_	_	_	_	linguistic	_	none	_	_	_	_	_	_
1072-3	PKP037	1072	1072	3	il	il	_	_	_	_	_	linguistic	_	none	_	_	_	_	_	_
1072-4	PKP037	1072	1072	4	[vetro]	vetro	_	_	_	_	_	linguistic	_	none	_	End=1798.48	_	_	_	0-5(306)
1073-0	PKP036	1073	1073	0	[non	non	_	_	_	_	_	linguistic	_	none	_	Begin=1798.03	_	_	_	0-3(306)
1073-1	PKP036	1073	1073	1	lo	lo	_	_	_	_	_	linguistic	_	none	_	_	_	_	_	0-2(306)
1073-2	PKP036	1073	1073	2	sa]nno	sanno	_	_	_	_	_	linguistic	_	none	_	_	_	_	_	0-2(306)
1073-3	PKP036	1073	1073	3	manco	manco	_	_	_	_	_	linguistic	_	none	_	_	_	_	_	_
1073-4	PKP036	1073	1073	4	loro	loro	_	_	_	_	_	linguistic	_	none	_	_	_	_	_	_
1073-5	PKP036	1073	1073	5	c(io)è	cioè	_	_	_	_	_	linguistic	_	none	_	End=1799.55	_	_	1-3(0)	_
1074-0	PKP037	1074	1074	0	perché	perché	_	_	_	_	_	linguistic	_	none	_	Begin=1800.127	_	_	_	_
1074-1	PKP037	1074	1074	1	abbiamo	abbiamo	_	_	_	_	_	linguistic	_	none	_	_	_	_	_	_
1074-2	PKP037	1074	1074	2	chiesto	chiesto	_	_	_	_	_	linguistic	_	none	_	_	_	_	_	_
1074-3	PKP037	1074	1074	3	aiuto	aiuto	_	_	_	_	_	linguistic	_	none	_	_	_	_	_	_
1074-4	PKP037	1074	1074	4	a	a	_	_	_	_	_	linguistic	_	none	_	_	_	_	_	_
1074-5	PKP037	1074	1074	5	questa:	questa	_	_	_	_	_	linguistic	_	none	_	_	5x1	_	_	_
1074-6	PKP037	1074	1074	6	signora	signora	_	_	_	_	_	linguistic	_	none	_	End=1802.59	_	_	_	_
1075-0	PKP037	1075	1075	0	che	che	_	_	_	_	_	linguistic	_	none	_	Begin=1803.174|End=1803.44	_	_	_	_
1076-0	PKP036	1076	1076	0	ma	ma	_	_	_	_	_	linguistic	_	none	_	Begin=1804.59	_	_	_	_
1076-1	PKP036	1076	1076	1	è	è	_	_	_	_	_	linguistic	_	none	_	_	_	_	_	_
1076-2	PKP036	1076	1076	2	lei	lei	_	_	_	_	_	linguistic	_	none	_	_	_	_	_	_
1076-3	PKP036	1076	1076	3	che	che	_	_	_	_	_	linguistic	_	none	_	_	_	_	_	_
1076-4	PKP036	1076	1076	4	[ci	ci	_	_	_	_	_	linguistic	_	none	_	_	_	_	_	0-2(514)
1076-5	PKP036	1076	1076	5	ha	ha	_	_	_	_	_	linguistic	_	none	_	_	_	_	_	0-2(514)
1076-6	PKP036	1076	1076	6	visto	visto	_	_	_	_	_	linguistic	_	none	_	_	_	_	_	0-5(514)
1076-7	PKP036	1076	1076	7	è	è	_	_	_	_	_	linguistic	_	none	_	_	_	_	_	0-1(514)
1076-8	PKP036	1076	1076	8	venuta]	venuta	_	_	_	_	_	linguistic	_	none	PauseAfter=Yes	_	_	_	_	0-6(514)
1076-9	PKP036	1076	1076	9	{P}	{P}	_	_	_	_	_	shortpause	_	none	_	_	_	_	_	_
1076-10	PKP036	1076	1076	10	e	e	_	_	_	_	_	linguistic	_	none	_	_	_	_	_	_
1076-11	PKP036	1076	1076	11	[però	però	_	_	_	_	_	linguistic	_	none	_	_	_	_	_	0-4(515)
1076-12	PKP036	1076	1076	12	non	non	_	_	_	_	_	linguistic	_	none	_	_	_	_	_	0-3(515)
1076-13	PKP036	1076	1076	13	sape]va	sapeva	_	_	_	_	_	linguistic	_	none	_	_	_	_	_	0-4(515)
1076-14	PKP036	1076	1076	14	nemmeno	nemmeno	_	_	_	_	_	linguistic	_	none	_	_	_	_	_	_
1076-15	PKP036	1076	1076	15	lei	lei	_	_	_	_	_	linguistic	_	none	_	End=1808.43	_	_	_	_
1077-0	PKP037	1077	1077	0	[no	no	_	_	_	_	_	linguistic	_	none	_	Begin=1805.15	_	_	_	0-2(514)
1077-1	PKP037	1077	1077	1	è	è	_	_	_	_	_	linguistic	_	none	_	_	_	_	_	0-1(514)
1077-2	PKP037	1077	1077	2	vero	vero	_	_	_	_	_	linguistic	_	none	_	_	_	_	_	0-4(514)
1077-3	PKP037	1077	1077	3	è	è	_	_	_	_	_	linguistic	_	none	_	_	_	_	_	0-1(514)
1077-4	PKP037	1077	1077	4	vero	vero	_	_	_	_	_	linguistic	_	none	_	_	_	_	_	0-4(514)
1077-5	PKP037	1077	1077	5	è	è	_	_	_	_	_	linguistic	_	none	_	_	_	_	_	0-1(514)
1077-6	PKP037	1077	1077	6	vero]	vero	_	_	_	_	_	linguistic	_	none	_	End=1806.6	_	_	_	0-4(514)
1078-0	PKP033	1078	1078	0	[eh	eh	_	_	_	_	_	linguistic	_	none	_	Begin=1806.27	_	_	_	0-2(?)
1078-1	PKP033	1078	1078	1	ecco]	ecco	_	_	_	_	_	linguistic	_	none	_	End=1806.91	_	_	_	0-4(?)
1079-0	PKP037	1079	1079	0	[però	però	_	_	_	_	_	linguistic	_	none	_	Begin=1806.74	_	_	_	0-4(515)
1079-1	PKP037	1079	1079	1	xxx]	xxx	_	_	_	_	_	unknown	_	none	Syllables=3	End=1807.5	_	_	_	0-3(515)
1080-0	PKP037	1080	1080	0	sì	sì	_	_	_	_	_	linguistic	_	none	_	Begin=1808.52	_	_	_	_
1080-1	PKP037	1080	1080	1	sì	sì	_	_	_	_	_	linguistic	_	none	_	_	_	_	_	_
1080-2	PKP037	1080	1080	2	sì	sì	_	_	_	_	_	linguistic	_	none	PauseAfter=Yes	_	_	_	_	_
1080-3	PKP037	1080	1080	3	{P}	{P}	_	_	_	_	_	shortpause	_	none	_	_	_	_	_	_
1080-4	PKP037	1080	1080	4	[ci	ci	_	_	_	_	_	linguistic	_	none	_	_	_	_	_	0-2(307)
1080-5	PKP037	1080	1080	5	ha	ha	_	_	_	_	_	linguistic	_	none	_	_	_	_	_	0-2(307)
1080-6	PKP037	1080	1080	6	visto	visto	_	_	_	_	_	linguistic	_	none	_	_	_	_	_	0-5(307)
1080-7	PKP037	1080	1080	7	(avere	avere	_	_	_	_	_	linguistic	_	none	_	_	_	_	0-5(0)	0-5(307)
1080-8	PKP037	1080	1080	8	un	un	_	_	_	_	_	linguistic	_	none	_	_	_	_	0-2(0)	0-2(307)
1080-9	PKP037	1080	1080	9	colpo)]	colpo	_	_	_	_	_	linguistic	_	none	_	End=1810.15	_	_	0-5(0)	0-5(307)
1081-0	PKP036	1081	1081	0	[vah	vah	_	_	_	_	_	linguistic	_	none	_	Begin=1809.08	_	_	_	0-3(?)
1081-1	PKP036	1081	1081	1	vah	vah	_	_	_	_	_	linguistic	_	none	_	_	_	_	_	0-3(?)
1081-2	PKP036	1081	1081	2	vah]	vah	_	_	_	_	_	linguistic	_	none	_	_	_	_	_	0-3(?)
1081-3	PKP036	1081	1081	3	{ride}	{ride}	_	_	_	_	_	nonverbalbehavior	_	none	_	End=1810.68	_	_	_	_
1082-0	PKP037	1082	1082	0	[poi	poi	_	_	_	_	_	linguistic	_	none	_	Begin=1810.3	_	_	_	0-3(308)
1082-1	PKP037	1082	1082	1	ha	ha	_	_	_	_	_	linguistic	_	none	_	_	_	_	_	0-2(308)
1082-2	PKP037	1082	1082	2	fatto]	fatto	_	_	_	_	_	linguistic	_	none	_	_	_	_	_	0-5(308)
1082-3	PKP037	1082	1082	3	o::h	oh	_	_	_	_	_	linguistic	_	none	_	End=1812.05	0x2	_	_	_
1083-0	PKP036	1083	1083	0	{ride}	{ride}	_	_	_	_	_	nonverbalbehavior	_	none	_	Begin=1811.4|End=1812.09	_	_	_	_
1084-0	PKP033	1084	1084	0	{ride}	{ride}	_	_	_	_	_	nonverbalbehavior	_	none	_	Begin=1811.62|End=1812.66	_	_	_	_
1085-0	PKP037	1085	1085	0	[xxxxxxx]	xxxxxxx	_	_	_	_	_	unknown	_	none	Syllables=7	Begin=1812.27|End=1813.55	_	_	_	0-7(?)
1086-0	PKP033	1086	1086	0	{ride}	{ride}	_	_	_	_	_	nonverbalbehavior	_	none	_	Begin=1812.96|End=1814.58	_	_	_	_
1087-0	PKP036	1087	1087	0	{ride}	{ride}	_	_	_	_	_	nonverbalbehavior	_	none	_	Begin=1813.07|End=1814.33	_	_	_	_
1088-0	PKP037	1088	1088	0	{ride}	{ride}	_	_	_	_	_	nonverbalbehavior	_	none	_	Begin=1813.71|End=1814.4	_	_	_	_
1089-0	PKP037	1089	1089	0	i	i	_	_	_	_	_	linguistic	_	none	_	Begin=1814.6	_	_	_	_
1089-1	PKP037	1089	1089	1	versi	versi	_	_	_	_	_	linguistic	_	none	_	_	_	_	_	_
1089-2	PKP037	1089	1089	2	da	da	_	_	_	_	_	linguistic	_	none	_	_	_	_	_	_
1089-3	PKP037	1089	1089	3	anime	anime	_	_	_	_	_	linguistic	_	none	_	End=1815.64	_	_	_	_
1090-0	PKP036	1090	1090	0	poi	poi	_	_	_	_	_	linguistic	_	none	_	Begin=1815.76	_	_	_	_
1090-1	PKP036	1090	1090	1	fanno	fanno	_	_	_	_	_	linguistic	_	none	_	_	_	_	_	_
1090-2	PKP036	1090	1090	2	tutti	tutti	_	_	_	_	_	linguistic	_	none	_	_	_	_	_	_
1090-3	PKP036	1090	1090	3	sti	sti	_	_	_	_	_	linguistic	_	none	_	_	_	_	_	_
1090-4	PKP036	1090	1090	4	ver~	ver~	_	_	_	_	_	linguistic	_	none	Interrupted=Yes	_	_	_	_	_
1090-5	PKP036	1090	1090	5	ma	ma	_	_	_	_	_	linguistic	_	none	_	_	_	_	_	_
1090-6	PKP036	1090	1090	6	è	è	_	_	_	_	_	linguistic	_	none	_	_	_	_	_	_
1090-7	PKP036	1090	1090	7	vero	vero	_	_	_	_	_	linguistic	_	none	_	_	_	_	_	_
1090-8	PKP036	1090	1090	8	infatti	infatti	_	_	_	_	_	linguistic	_	none	_	_	_	_	_	_
1090-9	PKP036	1090	1090	9	gli	gli	_	_	_	_	_	linguistic	_	none	_	_	_	_	_	_
1090-10	PKP036	1090	1090	10	anime	anime	_	_	_	_	_	linguistic	_	none	_	_	_	_	_	_
1090-11	PKP036	1090	1090	11	pensavo	pensavo	_	_	_	_	_	linguistic	_	none	_	_	_	_	_	_
1090-12	PKP036	1090	1090	12	che	che	_	_	_	_	_	linguistic	_	none	_	_	_	_	_	_
1090-13	PKP036	1090	1090	13	erano	erano	_	_	_	_	_	linguistic	_	none	_	_	_	_	_	_
1090-14	PKP036	1090	1090	14	esagerati	esagerati	_	_	_	_	_	linguistic	_	none	_	_	_	_	_	_
1090-15	PKP036	1090	1090	15	ma	ma	_	_	_	_	_	linguistic	_	none	_	_	_	_	_	_
1090-16	PKP036	1090	1090	16	sono	sono	_	_	_	_	_	linguistic	_	none	_	_	_	_	_	_
1090-17	PKP036	1090	1090	17	così	così	_	_	_	_	_	linguistic	_	none	_	End=1820.395	_	_	_	_
1091-0	PKP037	1091	1091	0	o::h	oh	_	_	_	_	_	linguistic	_	none	_	Begin=1820.395|End=1821.23	0x2	_	_	_
1092-0	PKP033	1092	1092	0	{ride}	{ride}	_	_	_	_	_	nonverbalbehavior	_	none	_	Begin=1821.25|End=1824.62	_	_	_	_
1093-0	PKP036	1093	1093	0	o::h	oh	_	_	_	_	_	linguistic	_	none	_	Begin=1821.29	0x2	_	_	_
1093-1	PKP036	1093	1093	1	{ride}	{ride}	_	_	_	_	_	nonverbalbehavior	_	none	_	End=1822.58	_	_	_	_
1094-0	PKP036	1094	1094	0	fanno	fanno	_	_	_	_	_	linguistic	_	none	_	Begin=1823.93	_	_	_	_
1094-1	PKP036	1094	1094	1	un	un	_	_	_	_	_	linguistic	_	none	_	_	_	_	_	_
1094-2	PKP036	1094	1094	2	sacco	sacco	_	_	_	_	_	linguistic	_	none	_	_	_	_	_	_
1094-3	PKP036	1094	1094	3	di	di	_	_	_	_	_	linguistic	_	none	_	_	_	_	_	_
1094-4	PKP036	1094	1094	4	versi	versi	_	_	_	_	_	linguistic	_	none	_	End=1825.0	_	_	_	_
1095-0	PKP033	1095	1095	0	stupendo	stupendo	_	_	_	_	_	linguistic	_	none	_	Begin=1825.38	_	_	_	_
1095-1	PKP033	1095	1095	1	{ride}	{ride}	_	_	_	_	_	nonverbalbehavior	_	none	_	End=1829.42	_	_	_	_
1096-0	PKP037	1096	1096	0	{ride}	{ride}	_	_	_	_	_	nonverbalbehavior	_	none	_	Begin=1826.54|End=1827.77	_	_	_	_
1097-0	PKP036	1097	1097	0	{ride}	{ride}	_	_	_	_	_	nonverbalbehavior	_	none	_	Begin=1826.59|End=1829.34	_	_	_	_
1098-0	PKP033	1098	1098	0	{ride}	{ride}	_	_	_	_	_	nonverbalbehavior	_	none	_	Begin=1829.49	_	_	_	_
1098-1	PKP033	1098	1098	1	altre	altre	_	_	_	_	_	linguistic	_	none	_	_	_	_	_	_
1098-2	PKP033	1098	1098	2	cose	cose	_	_	_	_	_	linguistic	_	none	_	_	_	_	_	_
1098-3	PKP033	1098	1098	3	divertenti	divertenti	_	_	_	_	_	linguistic	_	none	_	_	_	_	_	_
1098-4	PKP033	1098	1098	4	tipo	tipo	_	_	_	_	_	linguistic	_	none	_	_	_	_	_	_
1098-5	PKP033	1098	1098	5	questa?	questa	_	_	_	_	_	linguistic	_	none	Intonation=Rising	End=1831.67	_	_	_	_
1099-0	PKP036	1099	1099	0	{ride}	{ride}	_	_	_	_	_	nonverbalbehavior	_	none	_	Begin=1830.1|End=1832.95	_	_	_	_
1100-0	PKP036	1100	1100	0	mah	mah	_	_	_	_	_	linguistic	_	none	_	Begin=1833.86	_	_	_	_
1100-1	PKP036	1100	1100	1	mh	mh	_	_	_	_	_	linguistic	_	none	_	End=1834.72	_	_	_	_
1101-0	PKP036	1101	1101	0	divertenti	divertenti	_	_	_	_	_	linguistic	_	none	_	Begin=1835.78	_	_	_	_
1101-1	PKP036	1101	1101	1	non	non	_	_	_	_	_	linguistic	_	none	_	_	_	_	_	_
1101-2	PKP036	1101	1101	2	so	so	_	_	_	_	_	linguistic	_	none	_	End=1837.02	_	_	_	_
1102-0	PKP037	1102	1102	0	no:	no	_	_	_	_	_	linguistic	_	none	_	Begin=1838.18	1x1	_	_	_
1102-1	PKP037	1102	1102	1	ce	ce	_	_	_	_	_	linguistic	_	none	_	_	_	_	_	_
1102-2	PKP037	1102	1102	2	ne	ne	_	_	_	_	_	linguistic	_	none	_	_	_	_	_	_
1102-3	PKP037	1102	1102	3	sono	sono	_	_	_	_	_	linguistic	_	none	_	_	_	_	_	_
1102-4	PKP037	1102	1102	4	state	state	_	_	_	_	_	linguistic	_	none	_	_	_	_	_	_
1102-5	PKP037	1102	1102	5	di	di	_	_	_	_	_	linguistic	_	none	_	_	_	_	_	_
1102-6	PKP037	1102	1102	6	divertenti	divertenti	_	_	_	_	_	linguistic	_	none	_	_	_	_	_	_
1102-7	PKP037	1102	1102	7	io	io	_	_	_	_	_	linguistic	_	none	_	_	_	_	_	_
1102-8	PKP037	1102	1102	8	voglio	voglio	_	_	_	_	_	linguistic	_	none	_	_	_	_	_	_
1102-9	PKP037	1102	1102	9	dir[ne	dirne	_	_	_	_	_	linguistic	_	none	_	_	_	_	_	3-5(516)
1102-10	PKP037	1102	1102	10	un	un	_	_	_	_	_	linguistic	_	none	_	_	_	_	_	0-2(516)
1102-11	PKP037	1102	1102	11	sacco	sacco	_	_	_	_	_	linguistic	_	none	_	_	_	_	_	0-5(516)
1102-12	PKP037	1102	1102	12	però]	però	_	_	_	_	_	linguistic	_	none	_	End=1841.76	_	_	_	0-4(516)
1103-0	PKP033	1103	1103	0	[eh	eh	_	_	_	_	_	linguistic	_	none	_	Begin=1840.21	_	_	_	0-2(516)
1103-1	PKP033	1103	1103	1	infatti]	infatti	_	_	_	_	_	linguistic	_	none	_	End=1841.35	_	_	_	0-7(516)
1104-0	PKP036	1104	1104	0	[sicuramen]te	sicuramente	_	_	_	_	_	linguistic	_	none	_	Begin=1841.08	_	_	_	0-9(516)
1104-1	PKP036	1104	1104	1	ma	ma	_	_	_	_	_	linguistic	_	none	_	_	_	_	_	_
1104-2	PKP036	1104	1104	2	a	a	_	_	_	_	_	linguistic	_	none	_	_	_	_	_	_
1104-3	PKP036	1104	1104	3	volte	volte	_	_	_	_	_	linguistic	_	none	_	_	_	_	_	_
1104-4	PKP036	1104	1104	4	non	non	_	_	_	_	_	linguistic	_	none	_	_	_	_	_	_
1104-5	PKP036	1104	1104	5	x	x	_	_	_	_	_	unknown	_	none	Syllables=1	End=1842.88	_	_	_	_
1105-0	PKP033	1105	1105	0	ma	ma	_	_	_	_	_	linguistic	_	none	_	Begin=1844.407	_	_	_	_
1105-1	PKP033	1105	1105	1	tipo	tipo	_	_	_	_	_	linguistic	_	none	_	_	_	_	_	_
1105-2	PKP033	1105	1105	2	a	a	_	_	_	_	_	linguistic	_	none	_	_	_	_	_	_
1105-3	PKP033	1105	1105	3	dormire	dormire	_	_	_	_	_	linguistic	_	none	_	_	_	_	_	_
1105-4	PKP033	1105	1105	4	vi	vi	_	_	_	_	_	linguistic	_	none	_	_	_	_	_	_
1105-5	PKP033	1105	1105	5	siete	siete	_	_	_	_	_	linguistic	_	none	_	_	_	_	_	_
1105-6	PKP033	1105	1105	6	trovati	trovati	_	_	_	_	_	linguistic	_	none	_	_	_	_	_	_
1105-7	PKP033	1105	1105	7	bene	bene	_	_	_	_	_	linguistic	_	none	_	_	_	_	_	_
1105-8	PKP033	1105	1105	8	c(io)è	cioè	_	_	_	_	_	linguistic	_	none	_	_	_	_	1-3(0)	_
1105-9	PKP033	1105	1105	9	o:	o	_	_	_	_	_	linguistic	_	none	_	_	0x1	_	_	_
1105-10	PKP033	1105	1105	10	[vi	vi	_	_	_	_	_	linguistic	_	none	_	_	_	_	_	0-2(309)
1105-11	PKP033	1105	1105	11	siete	siete	_	_	_	_	_	linguistic	_	none	_	_	_	_	_	0-5(309)
1105-12	PKP033	1105	1105	12	trovati	trovati	_	_	_	_	_	linguistic	_	none	_	_	_	_	_	0-7(309)
1105-13	PKP033	1105	1105	13	in	in	_	_	_	_	_	linguistic	_	none	_	_	_	_	_	0-2(309)
1105-14	PKP033	1105	1105	14	qualche	qualche	_	_	_	_	_	linguistic	_	none	_	_	_	_	_	0-7(309)
1105-15	PKP033	1105	1105	15	posto	posto	_	_	_	_	_	linguistic	_	none	_	_	_	_	_	0-5(309)
1105-16	PKP033	1105	1105	16	assurdo]	assurdo	_	_	_	_	_	linguistic	_	none	_	End=1849.4	_	_	_	0-7(309)
1106-0	PKP036	1106	1106	0	[sì	sì	_	_	_	_	_	linguistic	_	none	_	Begin=1847.707	_	_	_	0-2(309)
1106-1	PKP036	1106	1106	1	abbiamo	abbiamo	_	_	_	_	_	linguistic	_	none	_	_	_	_	_	0-7(309)
1106-2	PKP036	1106	1106	2	fatto	fatto	_	_	_	_	_	linguistic	_	none	_	_	_	_	_	0-5(309)
1106-3	PKP036	1106	1106	3	un	un	_	_	_	_	_	linguistic	_	none	_	_	_	_	_	0-2(309)
1106-4	PKP036	1106	1106	4	po:']	po'	_	_	_	_	_	linguistic	_	none	_	End=1849.39	1x1	_	_	0-3(309)
1107-0	PKP036	1107	1107	0	abbiamo	abbiamo	_	_	_	_	_	linguistic	_	none	_	Begin=1850.24	_	_	_	_
1107-1	PKP036	1107	1107	1	fatto	fatto	_	_	_	_	_	linguistic	_	none	_	_	_	_	_	_
1107-2	PKP036	1107	1107	2	un	un	_	_	_	_	_	linguistic	_	none	_	_	_	_	_	_
1107-3	PKP036	1107	1107	3	po:'	po'	_	_	_	_	_	linguistic	_	none	PauseAfter=Yes	_	1x1	_	_	_
1107-4	PKP036	1107	1107	4	{P}	{P}	_	_	_	_	_	shortpause	_	none	_	_	_	_	_	_
1107-5	PKP036	1107	1107	5	i	i	_	_	_	_	_	linguistic	_	none	_	_	_	_	_	_
1107-6	PKP036	1107	1107	6	turisti	turisti	_	_	_	_	_	linguistic	_	none	_	End=1852.9	_	_	_	_
1108-0	PKP033	1108	1108	0	beh	beh	_	_	_	_	_	linguistic	_	none	_	Begin=1853.447	_	_	_	_
1108-1	PKP033	1108	1108	1	[ma	ma	_	_	_	_	_	linguistic	_	none	_	_	_	_	_	0-2(310)
1108-2	PKP033	1108	1108	2	avete	avete	_	_	_	_	_	linguistic	_	none	_	_	_	_	_	0-5(310)
1108-3	PKP033	1108	1108	3	fatto	fatto	_	_	_	_	_	linguistic	_	none	_	_	_	_	_	0-5(310)
1108-4	PKP033	1108	1108	4	bene	bene	_	_	_	_	_	linguistic	_	none	_	_	_	_	_	0-4(310)
1108-5	PKP033	1108	1108	5	come	come	_	_	_	_	_	linguistic	_	none	_	_	_	_	_	0-4(310)
1108-6	PKP033	1108	1108	6	si	si	_	_	_	_	_	linguistic	_	none	_	_	_	_	_	0-2(310)
1108-7	PKP033	1108	1108	7	fa]	fa	_	_	_	_	_	linguistic	_	none	_	_	_	_	_	0-2(310)
1108-8	PKP033	1108	1108	8	c(io)è	cioè	_	_	_	_	_	linguistic	_	none	_	_	_	_	1-3(0)	_
1108-9	PKP033	1108	1108	9	{ride}	{ride}	_	_	_	_	_	nonverbalbehavior	_	none	_	End=1856.01	_	_	_	_
1109-0	PKP036	1109	1109	0	[xxxxxxx]	xxxxxxx	_	_	_	_	_	unknown	_	none	Syllables=7	Begin=1853.46|End=1855.34	_	_	_	0-7(310)
1110-0	PKP033	1110	1110	0	da	da	_	_	_	_	_	linguistic	_	none	_	Begin=1856.05	_	_	_	_
1110-1	PKP033	1110	1110	1	qui	qui	_	_	_	_	_	linguistic	_	none	_	_	_	_	_	_
1110-2	PKP033	1110	1110	2	è	è	_	_	_	_	_	linguistic	_	none	_	_	_	_	_	_
1110-3	PKP033	1110	1110	3	imp[ossibile]	impossibile	_	_	_	_	_	linguistic	_	none	_	End=1857.46	_	_	_	3-11(311)
1111-0	PKP036	1111	1111	0	[solo	solo	_	_	_	_	_	linguistic	_	none	_	Begin=1856.72	_	_	_	0-4(311)
1111-1	PKP036	1111	1111	1	a:]	a	_	_	_	_	_	linguistic	_	none	_	_	0x1	_	_	0-1(311)
1111-2	PKP036	1111	1111	2	kyoto	kyoto	_	_	_	_	_	linguistic	_	none	_	_	_	_	_	_
1111-3	PKP036	1111	1111	3	siamo	siamo	_	_	_	_	_	linguistic	_	none	_	_	_	_	_	_
1111-4	PKP036	1111	1111	4	stati	stati	_	_	_	_	_	linguistic	_	none	_	_	_	_	_	_
1111-5	PKP036	1111	1111	5	in	in	_	_	_	_	_	linguistic	_	none	_	_	_	_	_	_
1111-6	PKP036	1111	1111	6	un:	un	_	_	_	_	_	linguistic	_	none	PauseAfter=Yes	_	1x1	_	_	_
1111-7	PKP036	1111	1111	7	{P}	{P}	_	_	_	_	_	shortpause	_	none	_	_	_	_	_	_
1111-8	PKP036	1111	1111	8	alloggio	alloggio	_	_	_	_	_	linguistic	_	none	_	_	_	_	_	_
1111-9	PKP036	1111	1111	9	tradizionale	tradizionale	_	_	_	_	_	linguistic	_	none	_	End=1861.14	_	_	_	_
1112-0	PKP036	1112	1112	0	con	con	_	_	_	_	_	linguistic	_	none	_	Begin=1862.18	_	_	_	_
1112-1	PKP036	1112	1112	1	le:	le	_	_	_	_	_	linguistic	_	none	_	End=1863.81	1x1	_	_	_
1113-0	PKP036	1113	1113	0	tatami	tatami	_	_	_	_	_	linguistic	_	none	_	Begin=1864.014|End=1864.542	_	_	_	_
1114-0	PKP033	1114	1114	0	mhmh	mhmh	_	_	_	_	_	linguistic	_	none	PauseAfter=Yes	Begin=1864.542	_	_	_	_
1114-1	PKP033	1114	1114	1	{P}	{P}	_	_	_	_	_	shortpause	_	none	_	_	_	_	_	_
1114-2	PKP033	1114	1114	2	e?	e	_	_	_	_	_	linguistic	_	none	Intonation=Rising	End=1865.74	_	_	_	_
1115-0	PKP036	1115	1115	0	e:	e	_	_	_	_	_	linguistic	_	none	_	Begin=1866.074	0x1	_	_	_
1115-1	PKP036	1115	1115	1	mah	mah	_	_	_	_	_	linguistic	_	none	_	_	_	_	_	_
1115-2	PKP036	1115	1115	2	a	a	_	_	_	_	_	linguistic	_	none	_	_	_	_	_	_
1115-3	PKP036	1115	1115	3	me	me	_	_	_	_	_	linguistic	_	none	_	_	_	_	_	_
1115-4	PKP036	1115	1115	4	è	è	_	_	_	_	_	linguistic	_	none	_	_	_	_	_	_
1115-5	PKP036	1115	1115	5	piaciuto	piaciuto	_	_	_	_	_	linguistic	_	none	_	End=1867.73	_	_	_	_
1116-0	PKP037	1116	1116	0	io:	io	_	_	_	_	_	linguistic	_	none	_	Begin=1867.73	1x1	_	_	_
1116-1	PKP037	1116	1116	1	ho	ho	_	_	_	_	_	linguistic	_	none	_	_	_	_	_	_
1116-2	PKP037	1116	1116	2	dormito	dormito	_	_	_	_	_	linguistic	_	none	_	_	_	_	_	_
1116-3	PKP037	1116	1116	3	veramente	veramente	_	_	_	_	_	linguistic	_	none	_	_	_	_	_	_
1116-4	PKP037	1116	1116	4	[bene	bene	_	_	_	_	_	linguistic	_	none	_	_	_	_	_	0-4(312)
1116-5	PKP037	1116	1116	5	per	per	_	_	_	_	_	linguistic	_	none	_	_	_	_	_	0-3(312)
1116-6	PKP037	1116	1116	6	terra]	terra	_	_	_	_	_	linguistic	_	none	_	End=1869.77	_	_	_	0-5(312)
1117-0	PKP036	1117	1117	0	[si	si	_	_	_	_	_	linguistic	_	none	_	Begin=1868.89	_	_	_	0-2(312)
1117-1	PKP036	1117	1117	1	dorme	dorme	_	_	_	_	_	linguistic	_	none	_	_	_	_	_	0-5(312)
1117-2	PKP036	1117	1117	2	molto	molto	_	_	_	_	_	linguistic	_	none	_	_	_	_	_	0-5(312)
1117-3	PKP036	1117	1117	3	be]ne	bene	_	_	_	_	_	linguistic	_	none	_	End=1870.06	_	_	_	0-2(312)
1118-0	PKP033	1118	1118	0	ahm	ahm	_	_	_	_	_	linguistic	_	none	_	Begin=1870.78|End=1871.12	_	_	_	_
1119-0	PKP033	1119	1119	0	perché	perché	_	_	_	_	_	linguistic	_	none	_	Begin=1871.8	_	_	_	_
1119-1	PKP033	1119	1119	1	negli	negli	_	_	_	_	_	linguistic	_	none	_	_	_	_	_	_
1119-2	PKP033	1119	1119	2	altri	altri	_	_	_	_	_	linguistic	_	none	_	_	_	_	_	_
1119-3	PKP033	1119	1119	3	hotel	hotel	_	_	_	_	_	linguistic	_	none	_	_	_	_	_	_
1119-4	PKP033	1119	1119	4	dove	dove	_	_	_	_	_	linguistic	_	none	_	_	_	_	_	_
1119-5	PKP033	1119	1119	5	eravate	eravate	_	_	_	_	_	linguistic	_	none	_	_	_	_	_	_
1119-6	PKP033	1119	1119	6	[erano	erano	_	_	_	_	_	linguistic	_	none	_	_	_	_	_	0-5(313)
1119-7	PKP033	1119	1119	7	letti]	letti	_	_	_	_	_	linguistic	_	none	_	End=1874.3	_	_	_	0-5(313)
1120-0	PKP036	1120	1120	0	[letti	letti	_	_	_	_	_	linguistic	_	none	_	Begin=1873.75	_	_	_	0-5(313)
1120-1	PKP036	1120	1120	1	nor]mali	normali	_	_	_	_	_	linguistic	_	none	_	_	_	_	_	0-3(313)
1120-2	PKP036	1120	1120	2	sì	sì	_	_	_	_	_	linguistic	_	none	_	End=1874.999	_	_	_	_
1121-0	PKP037	1121	1121	0	mh	mh	_	_	_	_	_	linguistic	_	none	_	Begin=1875.02|End=1875.52	_	_	_	_
1122-0	PKP036	1122	1122	0	poi	poi	_	_	_	_	_	linguistic	_	none	_	Begin=1876.19	_	_	_	_
1122-1	PKP036	1122	1122	1	niente	niente	_	_	_	_	_	linguistic	_	none	_	_	_	_	_	_
1122-2	PKP036	1122	1122	2	ti	ti	_	_	_	_	_	linguistic	_	none	_	_	_	_	_	_
1122-3	PKP036	1122	1122	3	devi	devi	_	_	_	_	_	linguistic	_	none	_	_	_	_	_	_
1122-4	PKP036	1122	1122	4	mettere	mettere	_	_	_	_	_	linguistic	_	none	_	_	_	_	_	_
1122-5	PKP036	1122	1122	5	il	il	_	_	_	_	_	linguistic	_	none	_	_	_	_	_	_
1122-6	PKP036	1122	1122	6	tuo:	tuo	_	_	_	_	_	linguistic	_	none	_	_	2x1	_	_	_
1122-7	PKP036	1122	1122	7	materassino	materassino	_	_	_	_	_	linguistic	_	none	_	End=1878.86	_	_	_	_
1123-0	PKP036	1123	1123	0	e	e	_	_	_	_	_	linguistic	_	none	_	Begin=1881.094	_	_	_	_
1123-1	PKP036	1123	1123	1	poi:	poi	_	_	_	_	_	linguistic	_	none	_	_	2x1	_	_	_
1123-2	PKP036	1123	1123	2	la	la	_	_	_	_	_	linguistic	_	none	_	_	_	_	_	_
1123-3	PKP036	1123	1123	3	mattina	mattina	_	_	_	_	_	linguistic	_	none	_	_	_	_	_	_
1123-4	PKP036	1123	1123	4	lo	lo	_	_	_	_	_	linguistic	_	none	_	_	_	_	_	_
1123-5	PKP036	1123	1123	5	ripieghi	ripieghi	_	_	_	_	_	linguistic	_	none	_	End=1882.95	_	_	_	_
1124-0	PKP033	1124	1124	0	stupendo	stupendo	_	_	_	_	_	linguistic	_	none	_	Begin=1883.447|End=1884.19	_	_	_	_
1125-0	PKP033	1125	1125	0	ecco	ecco	_	_	_	_	_	linguistic	_	none	_	Begin=1885.054	_	_	_	_
1125-1	PKP033	1125	1125	1	ti[po	tipo	_	_	_	_	_	linguistic	_	none	_	_	_	_	_	2-4(314)
1125-2	PKP033	1125	1125	2	queste	queste	_	_	_	_	_	linguistic	_	none	_	_	_	_	_	0-6(314)
1125-3	PKP033	1125	1125	3	cose	cose	_	_	_	_	_	linguistic	_	none	_	_	_	_	_	0-4(314)
1125-4	PKP033	1125	1125	4	ci	ci	_	_	_	_	_	linguistic	_	none	_	_	_	_	_	0-2(314)
1125-5	PKP033	1125	1125	5	sono	sono	_	_	_	_	_	linguistic	_	none	_	_	_	_	_	0-4(314)
1125-6	PKP033	1125	1125	6	in	in	_	_	_	_	_	linguistic	_	none	_	_	_	_	_	0-2(314)
1125-7	PKP033	1125	1125	7	mur]akami	murakami	_	_	_	_	_	linguistic	_	none	_	_	_	_	_	0-3(314)
1125-8	PKP033	1125	1125	8	secondo	secondo	_	_	_	_	_	linguistic	_	none	_	_	_	_	_	_
1125-9	PKP033	1125	1125	9	me	me	_	_	_	_	_	linguistic	_	none	_	End=1887.629	_	_	_	_
1126-0	PKP036	1126	1126	0	[poi	poi	_	_	_	_	_	linguistic	_	none	_	Begin=1885.51	_	_	_	0-3(314)
1126-1	PKP036	1126	1126	1	molto	molto	_	_	_	_	_	linguistic	_	none	_	_	_	_	_	0-5(314)
1126-2	PKP036	1126	1126	2	carino]	carino	_	_	_	_	_	linguistic	_	none	_	End=1886.78	_	_	_	0-6(314)
1127-0	PKP036	1127	1127	0	sì	sì	_	_	_	_	_	linguistic	_	none	_	Begin=1887.639|End=1888.269	_	_	_	_
1128-0	PKP033	1128	1128	0	vero	vero	_	_	_	_	_	linguistic	_	none	_	Begin=1888.74	_	_	_	_
1128-1	PKP033	1128	1128	1	eh	eh	_	_	_	_	_	linguistic	_	none	_	End=1889.12	_	_	_	_
1129-0	PKP036	1129	1129	0	poi	poi	_	_	_	_	_	linguistic	_	none	_	Begin=1889.63	_	_	_	_
1129-1	PKP036	1129	1129	1	mi	mi	_	_	_	_	_	linguistic	_	none	_	_	_	_	_	_
1129-2	PKP036	1129	1129	2	piace	piace	_	_	_	_	_	linguistic	_	none	_	_	_	_	_	_
1129-3	PKP036	1129	1129	3	che	che	_	_	_	_	_	linguistic	_	none	_	_	_	_	_	_
1129-4	PKP036	1129	1129	4	ti	ti	_	_	_	_	_	linguistic	_	none	_	_	_	_	_	_
1129-5	PKP036	1129	1129	5	levi	levi	_	_	_	_	_	linguistic	_	none	_	_	_	_	_	_
1129-6	PKP036	1129	1129	6	sempre	sempre	_	_	_	_	_	linguistic	_	none	_	_	_	_	_	_
1129-7	PKP036	1129	1129	7	le	le	_	_	_	_	_	linguistic	_	none	_	_	_	_	_	_
1129-8	PKP036	1129	1129	8	scarpe	scarpe	_	_	_	_	_	linguistic	_	none	_	End=1891.71	_	_	_	_
1130-0	PKP036	1130	1130	0	prima	prima	_	_	_	_	_	linguistic	_	none	_	Begin=1891.8	_	_	_	_
1130-1	PKP036	1130	1130	1	d'	d'	_	_	_	_	_	linguistic	_	none	SpaceAfter=No	_	_	_	_	_
1130-2	PKP036	1130	1130	2	entrare	entrare	_	_	_	_	_	linguistic	_	none	_	End=1892.75	_	_	_	_
1131-0	PKP036	1131	1131	0	così	così	_	_	_	_	_	linguistic	_	none	PauseAfter=Yes	Begin=1893.954	_	_	_	_
1131-1	PKP036	1131	1131	1	{P}	{P}	_	_	_	_	_	shortpause	_	none	_	_	_	_	_	_
1131-2	PKP036	1131	1131	2	la	la	_	_	_	_	_	linguistic	_	none	_	_	_	_	_	_
1131-3	PKP036	1131	1131	3	casa	casa	_	_	_	_	_	linguistic	_	none	_	End=1895.12	_	_	_	_
1132-0	PKP033	1132	1132	0	ma	ma	_	_	_	_	_	linguistic	_	none	PauseAfter=Yes	Begin=1895.89	_	_	_	_
1132-1	PKP033	1132	1132	1	{P}	{P}	_	_	_	_	_	shortpause	_	none	_	_	_	_	_	_
1132-2	PKP033	1132	1132	2	nei	nei	_	_	_	_	_	linguistic	_	none	_	_	_	_	_	_
1132-3	PKP033	1132	1132	3	posti	posti	_	_	_	_	_	linguistic	_	none	_	_	_	_	_	_
1132-4	PKP033	1132	1132	4	pubblici	pubblici	_	_	_	_	_	linguistic	_	none	_	_	_	_	_	_
1132-5	PKP033	1132	1132	5	no	no	_	_	_	_	_	linguistic	_	none	_	End=1897.52	_	_	_	_
1133-0	PKP033	1133	1133	0	tipo	tipo	_	_	_	_	_	linguistic	_	none	_	Begin=1897.62	_	_	_	_
1133-1	PKP033	1133	1133	1	nei	nei	_	_	_	_	_	linguistic	_	none	_	_	_	_	_	_
1133-2	PKP033	1133	1133	2	ri[storanti	ristoranti	_	_	_	_	_	linguistic	_	none	_	_	_	_	_	2-10(315)
1133-3	PKP033	1133	1133	3	non	non	_	_	_	_	_	linguistic	_	none	_	_	_	_	_	0-3(315)
1133-4	PKP033	1133	1133	4	ci	ci	_	_	_	_	_	linguistic	_	none	_	_	_	_	_	0-2(315)
1133-5	PKP033	1133	1133	5	sono	sono	_	_	_	_	_	linguistic	_	none	_	_	_	_	_	0-4(315)
1133-6	PKP033	1133	1133	6	delle	delle	_	_	_	_	_	linguistic	_	none	_	_	_	_	_	0-5(315)
1133-7	PKP033	1133	1133	7	cose	cose	_	_	_	_	_	linguistic	_	none	_	_	_	_	_	0-4(315)
1133-8	PKP033	1133	1133	8	strane]	strane	_	_	_	_	_	linguistic	_	none	_	End=1900.54	_	_	_	0-6(315)
1134-0	PKP036	1134	1134	0	[e:	e	_	_	_	_	_	linguistic	_	none	_	Begin=1898.12	0x1	_	_	0-1(315)
1134-1	PKP036	1134	1134	1	n:o:	no	_	_	_	_	_	linguistic	_	none	_	_	0x1,1x1	_	_	0-2(315)
1134-2	PKP036	1134	1134	2	so]lo	solo	_	_	_	_	_	linguistic	_	none	_	_	_	_	_	0-2(315)
1134-3	PKP036	1134	1134	3	in	in	_	_	_	_	_	linguistic	_	none	_	_	_	_	_	_
1134-4	PKP036	1134	1134	4	alcune	alcune	_	_	_	_	_	linguistic	_	none	_	End=1901.46	_	_	_	_
1135-0	PKP036	1135	1135	0	in	in	_	_	_	_	_	linguistic	_	none	_	Begin=1901.48	_	_	_	_
1135-1	PKP036	1135	1135	1	alcune	alcune	_	_	_	_	_	linguistic	_	none	_	_	_	_	_	_
1135-2	PKP036	1135	1135	2	ce	ce	_	_	_	_	_	linguistic	_	none	_	_	_	_	_	_
1135-3	PKP036	1135	1135	3	l'	l'	_	_	_	_	_	linguistic	_	none	SpaceAfter=No	_	_	_	_	_
1135-4	PKP036	1135	1135	4	hanno	hanno	_	_	_	_	_	linguistic	_	none	_	_	_	_	_	_
1135-5	PKP036	1135	1135	5	fatte	fatte	_	_	_	_	_	linguistic	_	none	_	_	_	_	_	_
1135-6	PKP036	1135	1135	6	levare	levare	_	_	_	_	_	linguistic	_	none	_	End=1903.0	_	_	_	_
1136-0	PKP037	1136	1136	0	sì	sì	_	_	_	_	_	linguistic	_	none	_	Begin=1903.06	_	_	_	_
1136-1	PKP037	1136	1136	1	quelli:	quelli	_	_	_	_	_	linguistic	_	none	_	_	5x1	_	_	_
1136-2	PKP037	1136	1136	2	col	col	_	_	_	_	_	linguistic	_	none	_	_	_	_	_	_
1136-3	PKP037	1136	1136	3	tata[mi	tatami	_	_	_	_	_	linguistic	_	none	_	_	_	_	_	4-6(316)
1136-4	PKP037	1136	1136	4	per	per	_	_	_	_	_	linguistic	_	none	_	_	_	_	_	0-3(316)
1136-5	PKP037	1136	1136	5	terra]	terra	_	_	_	_	_	linguistic	_	none	_	End=1905.23	_	_	_	0-5(316)
1137-0	PKP036	1137	1137	0	[se	se	_	_	_	_	_	linguistic	_	none	_	Begin=1904.45	_	_	_	0-2(316)
1137-1	PKP036	1137	1137	1	hanno	hanno	_	_	_	_	_	linguistic	_	none	_	_	_	_	_	0-5(316)
1137-2	PKP036	1137	1137	2	il	il	_	_	_	_	_	linguistic	_	none	_	_	_	_	_	0-2(316)
1137-3	PKP036	1137	1137	3	tatami]	tatami	_	_	_	_	_	linguistic	_	none	_	_	_	_	_	0-6(316)
1137-4	PKP036	1137	1137	4	per	per	_	_	_	_	_	linguistic	_	none	_	_	_	_	_	_
1137-5	PKP036	1137	1137	5	terra	terra	_	_	_	_	_	linguistic	_	none	_	_	_	_	_	_
1137-6	PKP036	1137	1137	6	sì	sì	_	_	_	_	_	linguistic	_	none	_	_	_	_	_	_
1137-7	PKP036	1137	1137	7	(ti)	ti	_	_	_	_	_	linguistic	_	none	_	_	_	_	0-2(0)	_
1137-8	PKP036	1137	1137	8	fanno	fanno	_	_	_	_	_	linguistic	_	none	_	_	_	_	_	_
1137-9	PKP036	1137	1137	9	levare	levare	_	_	_	_	_	linguistic	_	none	_	_	_	_	_	_
1137-10	PKP036	1137	1137	10	le	le	_	_	_	_	_	linguistic	_	none	_	_	_	_	_	_
1137-11	PKP036	1137	1137	11	scarpe	scarpe	_	_	_	_	_	linguistic	_	none	_	End=1907.45	_	_	_	_
1138-0	PKP033	1138	1138	0	eh	eh	_	_	_	_	_	linguistic	_	none	_	Begin=1907.82	_	_	_	_
1138-1	PKP033	1138	1138	1	anche	anche	_	_	_	_	_	linguistic	_	none	_	_	_	_	_	_
1138-2	PKP033	1138	1138	2	questa	questa	_	_	_	_	_	linguistic	_	none	_	_	_	_	_	_
1138-3	PKP033	1138	1138	3	cosa	cosa	_	_	_	_	_	linguistic	_	none	_	_	_	_	_	_
1138-4	PKP033	1138	1138	4	a	a	_	_	_	_	_	linguistic	_	none	_	_	_	_	_	_
1138-5	PKP033	1138	1138	5	me	me	_	_	_	_	_	linguistic	_	none	_	_	_	_	_	_
1138-6	PKP033	1138	1138	6	piacerebbe	piacerebbe	_	_	_	_	_	linguistic	_	none	_	End=1909.82	_	_	_	_
1139-0	PKP036	1139	1139	0	eh	eh	_	_	_	_	_	linguistic	_	none	PauseAfter=Yes	Begin=1909.61	_	_	_	_
1139-1	PKP036	1139	1139	1	{P}	{P}	_	_	_	_	_	shortpause	_	none	_	_	_	_	_	_
1139-2	PKP036	1139	1139	2	a	a	_	_	_	_	_	linguistic	_	none	_	_	_	_	_	_
1139-3	PKP036	1139	1139	3	noi	noi	_	_	_	_	_	linguistic	_	none	_	_	_	_	_	_
1139-4	PKP036	1139	1139	4	piace	piace	_	_	_	_	_	linguistic	_	none	_	_	_	_	_	_
1139-5	PKP036	1139	1139	5	un	un	_	_	_	_	_	linguistic	_	none	_	_	_	_	_	_
1139-6	PKP036	1139	1139	6	sacco	sacco	_	_	_	_	_	linguistic	_	none	_	End=1910.88	_	_	_	_
1140-0	PKP033	1140	1140	0	c(io)è	cioè	_	_	_	_	_	linguistic	_	none	_	Begin=1911.01	_	_	1-3(0)	_
1140-1	PKP033	1140	1140	1	lo:	lo	_	_	_	_	_	linguistic	_	none	_	End=1911.974	1x1	_	_	_
1141-0	PKP037	1141	1141	0	beh	beh	_	_	_	_	_	linguistic	_	none	_	Begin=1911.974	_	_	_	_
1141-1	PKP037	1141	1141	1	però	però	_	_	_	_	_	linguistic	_	none	_	_	_	_	_	_
1141-2	PKP037	1141	1141	2	quel	quel	_	_	_	_	_	linguistic	_	none	_	_	_	_	_	_
1141-3	PKP037	1141	1141	3	ristorante	ristorante	_	_	_	_	_	linguistic	_	none	PauseAfter=Yes	_	_	_	_	_
1141-4	PKP037	1141	1141	4	{P}	{P}	_	_	_	_	_	shortpause	_	none	_	_	_	_	_	_
1141-5	PKP037	1141	1141	5	quello	quello	_	_	_	_	_	linguistic	_	none	_	_	_	_	_	_
1141-6	PKP037	1141	1141	6	a	a	_	_	_	_	_	linguistic	_	none	_	_	_	_	_	_
1141-7	PKP037	1141	1141	7	mae-jima	mae-jima	_	_	_	_	_	linguistic	_	none	_	End=1915.01	_	_	_	_
1142-0	PKP037	1142	1142	0	e:	e	_	_	_	_	_	linguistic	_	none	_	Begin=1915.27	0x1	_	_	_
1142-1	PKP037	1142	1142	1	c'	c'	_	_	_	_	_	linguistic	_	none	SpaceAfter=No	_	_	_	_	_
1142-2	PKP037	1142	1142	2	è:	è	_	_	_	_	_	linguistic	_	none	_	_	0x1	_	_	_
1142-3	PKP037	1142	1142	3	ap[punto	appunto	_	_	_	_	_	linguistic	_	none	_	_	_	_	_	1-7(318)
1142-4	PKP037	1142	1142	4	l'	l'	_	_	_	_	_	linguistic	_	none	SpaceAfter=No	_	_	_	_	0-2(318)
1142-5	PKP037	1142	1142	5	a]trio	atrio	_	_	_	_	_	linguistic	_	none	_	End=1917.08	_	_	_	_
1143-0	PKP033	1143	1143	0	[mh]	mh	_	_	_	_	_	linguistic	_	none	_	Begin=1916.25|End=1916.8	_	_	_	0-2(318)
1144-0	PKP037	1144	1144	0	[con	con	_	_	_	_	_	linguistic	_	none	_	Begin=1917.12	_	_	_	0-3(?)
1144-1	PKP037	1144	1144	1	tutte	tutte	_	_	_	_	_	linguistic	_	none	_	_	_	_	_	0-5(?)
1144-2	PKP037	1144	1144	2	le	le	_	_	_	_	_	linguistic	_	none	_	_	_	_	_	0-2(?)
1144-3	PKP037	1144	1144	3	scarpe	scarpe	_	_	_	_	_	linguistic	_	none	PauseAfter=Yes	_	_	_	_	0-6(?)
1144-4	PKP037	1144	1144	4	{P}	{P}	_	_	_	_	_	shortpause	_	none	_	_	_	_	_	0-3(?)
1144-5	PKP037	1144	1144	5	separa]te	separate	_	_	_	_	_	linguistic	_	none	_	_	_	_	_	0-6(?)
1144-6	PKP037	1144	1144	6	dal	dal	_	_	_	_	_	linguistic	_	none	_	_	_	_	_	_
1144-7	PKP037	1144	1144	7	risto[rante	ristorante	_	_	_	_	_	linguistic	_	none	_	_	_	_	_	5-10(?)
1144-8	PKP037	1144	1144	8	però]	però	_	_	_	_	_	linguistic	_	none	_	_	_	_	_	0-4(?)
1144-9	PKP037	1144	1144	9	erano	erano	_	_	_	_	_	linguistic	_	none	_	_	_	_	_	_
1144-10	PKP037	1144	1144	10	tutte	tutte	_	_	_	_	_	linguistic	_	none	PauseAfter=Yes	_	_	_	_	_
1144-11	PKP037	1144	1144	11	{P}	{P}	_	_	_	_	_	shortpause	_	none	_	_	_	_	_	_
1144-12	PKP037	1144	1144	12	c'	c'	_	_	_	_	_	linguistic	_	none	SpaceAfter=No	_	_	_	_	_
1144-13	PKP037	1144	1144	13	era	era	_	_	_	_	_	linguistic	_	none	_	_	_	_	_	_
1144-14	PKP037	1144	1144	14	un	un	_	_	_	_	_	linguistic	_	none	_	_	_	_	_	_
1144-15	PKP037	1144	1144	15	atrio	atrio	_	_	_	_	_	linguistic	_	none	_	End=1921.29	_	_	_	_
1145-0	PKP036	1145	1145	0	[(puzzava	puzzava	_	_	_	_	_	linguistic	_	none	_	Begin=1917.14	_	_	0-7(0)	0-7(319)
1145-1	PKP036	1145	1145	1	tantissimo)]	tantissimo	_	_	_	_	_	linguistic	_	none	_	End=1918.74	_	_	0-10(0)	0-10(319)
1146-0	PKP033	1146	1146	0	[eh	eh	_	_	_	_	_	linguistic	_	none	_	Begin=1919.24	_	_	_	0-2(320)
1146-1	PKP033	1146	1146	1	sì]	sì	_	_	_	_	_	linguistic	_	none	_	End=1919.78	_	_	_	0-2(320)
1147-0	PKP033	1147	1147	0	[sì	sì	_	_	_	_	_	linguistic	_	none	_	Begin=1920.88	_	_	_	0-2(321)
1147-1	PKP033	1147	1147	1	com]e:	come	_	_	_	_	_	linguistic	_	none	_	_	3x1	_	_	0-3(321)
1147-2	PKP033	1147	1147	2	in	in	_	_	_	_	_	linguistic	_	none	_	_	_	_	_	_
1147-3	PKP033	1147	1147	3	[moschea]	moschea	_	_	_	_	_	linguistic	_	none	_	End=1922.19	_	_	_	0-7(322)
1148-0	PKP036	1148	1148	0	[c'	c'	_	_	_	_	_	linguistic	_	none	SpaceAfter=No	Begin=1921.62	_	_	_	0-2(322)
1148-1	PKP036	1148	1148	1	era	era	_	_	_	_	_	linguistic	_	none	_	_	_	_	_	0-3(322)
1148-2	PKP036	1148	1148	2	(u)na	una	_	_	_	_	_	linguistic	_	none	_	_	_	_	0-1(0)	0-3(322)
1148-3	PKP036	1148	1148	3	puzza	puzza	_	_	_	_	_	linguistic	_	none	_	_	_	_	_	0-5(322)
1148-4	PKP036	1148	1148	4	in	in	_	_	_	_	_	linguistic	_	none	_	_	_	_	_	0-2(322)
1148-5	PKP036	1148	1148	5	giro]	giro	_	_	_	_	_	linguistic	_	none	_	End=1922.67	_	_	_	0-4(322)
1149-0	PKP033	1149	1149	0	[c(io)è	cioè	_	_	_	_	_	linguistic	_	none	_	Begin=1922.28	_	_	1-3(0)	0-4(323)
1149-1	PKP033	1149	1149	1	come:]	come	_	_	_	_	_	linguistic	_	none	_	_	3x1	_	_	0-4(323)
1149-2	PKP033	1149	1149	2	{ride}	{ride}	_	_	_	_	_	nonverbalbehavior	_	none	_	End=1924.17	_	_	_	_
1150-0	PKP037	1150	1150	0	{ride}	{ride}	_	_	_	_	_	nonverbalbehavior	_	none	_	Begin=1922.74|End=1926.12	_	_	_	_
1151-0	PKP033	1151	1151	0	[a	a	_	_	_	_	_	linguistic	_	none	_	Begin=1924.22	_	_	_	0-1(517)
1151-1	PKP033	1151	1151	1	istambul	istambul	_	_	_	_	_	linguistic	_	none	_	_	_	_	_	0-8(517)
1151-2	PKP033	1151	1151	2	sì]	sì	_	_	_	_	_	linguistic	_	none	_	_	_	_	_	0-2(517)
1151-3	PKP033	1151	1151	3	{ride}	{ride}	_	_	_	_	_	nonverbalbehavior	_	none	_	End=1926.239	_	_	_	_
1152-0	PKP036	1152	1152	0	[sì]	sì	_	_	_	_	_	linguistic	_	none	_	Begin=1925.59|End=1926.25	_	_	_	0-2(517)
1153-0	PKP037	1153	1153	0	c(io)è	cioè	_	_	_	_	_	linguistic	_	none	_	Begin=1926.23	_	_	1-3(0)	_
1153-1	PKP037	1153	1153	1	oddio	oddio	_	_	_	_	_	linguistic	_	none	_	_	_	_	_	_
1153-2	PKP037	1153	1153	2	ah	ah	_	_	_	_	_	linguistic	_	none	_	_	_	_	_	_
1153-3	PKP037	1153	1153	3	vado	vado	_	_	_	_	_	linguistic	_	none	_	_	_	_	_	_
1153-4	PKP037	1153	1153	4	a	a	_	_	_	_	_	linguistic	_	none	_	_	_	_	_	_
1153-5	PKP037	1153	1153	5	mangiare	mangiare	_	_	_	_	_	linguistic	_	none	_	_	_	_	_	_
1153-6	PKP037	1153	1153	6	okay	okay	_	_	_	_	_	linguistic	_	none	_	End=1928.35	_	_	_	_
1154-0	PKP033	1154	1154	0	{ride}	{ride}	_	_	_	_	_	nonverbalbehavior	_	none	_	Begin=1926.469|End=1927.639	_	_	_	_
1155-0	PKP036	1155	1155	0	{ride}	{ride}	_	_	_	_	_	nonverbalbehavior	_	none	_	Begin=1928.4|End=1929.29	_	_	_	_
1156-0	PKP033	1156	1156	0	{ride}	{ride}	_	_	_	_	_	nonverbalbehavior	_	none	_	Begin=1928.5|End=1929.52	_	_	_	_
1157-0	PKP037	1157	1157	0	io:	io	_	_	_	_	_	linguistic	_	none	_	Begin=1929.15	1x1	_	_	_
1157-1	PKP037	1157	1157	1	non	non	_	_	_	_	_	linguistic	_	none	_	_	_	_	_	_
1157-2	PKP037	1157	1157	2	ho	ho	_	_	_	_	_	linguistic	_	none	_	_	_	_	_	_
1157-3	PKP037	1157	1157	3	più	più	_	_	_	_	_	linguistic	_	none	_	_	_	_	_	_
1157-4	PKP037	1157	1157	4	fame	fame	_	_	_	_	_	linguistic	_	none	_	_	_	_	_	_
1157-5	PKP037	1157	1157	5	{ride}	{ride}	_	_	_	_	_	nonverbalbehavior	_	none	_	End=1930.73	_	_	_	_
1158-0	PKP036	1158	1158	0	{ride}	{ride}	_	_	_	_	_	nonverbalbehavior	_	none	_	Begin=1930.21|End=1930.87	_	_	_	_
1159-0	PKP036	1159	1159	0	sì	sì	_	_	_	_	_	linguistic	_	none	_	Begin=1931.41	_	_	_	_
1159-1	PKP036	1159	1159	1	se	se	_	_	_	_	_	linguistic	_	none	_	_	_	_	_	_
1159-2	PKP036	1159	1159	2	non	non	_	_	_	_	_	linguistic	_	none	_	_	_	_	_	_
1159-3	PKP036	1159	1159	3	ti	ti	_	_	_	_	_	linguistic	_	none	_	_	_	_	_	_
1159-4	PKP036	1159	1159	4	lavi	lavi	_	_	_	_	_	linguistic	_	none	_	_	_	_	_	_
1159-5	PKP036	1159	1159	5	i	i	_	_	_	_	_	linguistic	_	none	_	_	_	_	_	_
1159-6	PKP036	1159	1159	6	piedi	piedi	_	_	_	_	_	linguistic	_	none	_	End=1932.84	_	_	_	_
1160-0	PKP033	1160	1160	0	ma	ma	_	_	_	_	_	linguistic	_	none	_	Begin=1934.28	_	_	_	_
1160-1	PKP033	1160	1160	1	il	il	_	_	_	_	_	linguistic	_	none	_	_	_	_	_	_
1160-2	PKP033	1160	1160	2	clima	clima	_	_	_	_	_	linguistic	_	none	_	_	_	_	_	_
1160-3	PKP033	1160	1160	3	com'	com'	_	_	_	_	_	linguistic	_	none	SpaceAfter=No	_	_	_	_	_
1160-4	PKP033	1160	1160	4	e[ra]	era	_	_	_	_	_	linguistic	_	none	_	End=1935.49	_	_	_	0-3(324)
1161-0	PKP036	1161	1161	0	[x]xx	xxx	_	_	_	_	_	unknown	_	none	Syllables=3	Begin=1935.28|End=1935.78	_	_	_	0-1(324)
1162-0	PKP037	1162	1162	0	tropicale	tropicale	_	_	_	_	_	linguistic	_	none	_	Begin=1935.99|End=1936.629	_	_	_	_
1163-0	PKP036	1163	1163	0	terribile	terribile	_	_	_	_	_	linguistic	_	none	_	Begin=1936.629|End=1937.119	_	_	_	_
1164-0	PKP033	1164	1164	0	ah	ah	_	_	_	_	_	linguistic	_	none	_	Begin=1937.119|End=1937.7	_	_	_	_
1165-0	PKP037	1165	1165	0	{ride}	{ride}	_	_	_	_	_	nonverbalbehavior	_	none	_	Begin=1937.33|End=1938.46	_	_	_	_
1166-0	PKP036	1166	1166	0	{ride}	{ride}	_	_	_	_	_	nonverbalbehavior	_	none	_	Begin=1937.35|End=1938.51	_	_	_	_
1167-0	PKP033	1167	1167	0	c(io)è	cioè	_	_	_	_	_	linguistic	_	none	_	Begin=1937.82	_	_	1-3(0)	_
1167-1	PKP033	1167	1167	1	era	era	_	_	_	_	_	linguistic	_	none	_	_	_	_	_	_
1167-2	PKP033	1167	1167	2	caldo	caldo	_	_	_	_	_	linguistic	_	none	_	_	_	_	_	_
1167-3	PKP033	1167	1167	3	e	e	_	_	_	_	_	linguistic	_	none	_	_	_	_	_	_
1167-4	PKP033	1167	1167	4	umi[do]	umido	_	_	_	_	_	linguistic	_	none	_	End=1939.37	_	_	_	3-5(325)
1168-0	PKP036	1168	1168	0	[caldi]ssimo	caldissimo	_	_	_	_	_	linguistic	_	none	_	Begin=1939.16	_	_	_	0-5(325)
1168-1	PKP036	1168	1168	1	e	e	_	_	_	_	_	linguistic	_	none	_	_	_	_	_	_
1168-2	PKP036	1168	1168	2	umidissimo	umidissimo	_	_	_	_	_	linguistic	_	none	_	_	_	_	_	_
1168-3	PKP036	1168	1168	3	c(io)è	cioè	_	_	_	_	_	linguistic	_	none	_	End=1941.02	_	_	1-3(0)	_
1169-0	PKP037	1169	1169	0	in	in	_	_	_	_	_	linguistic	_	none	_	Begin=1942.28	_	_	_	_
1169-1	PKP037	1169	1169	1	effetti	effetti	_	_	_	_	_	linguistic	_	none	_	_	_	_	_	_
1169-2	PKP037	1169	1169	2	porta[no:]	portano	_	_	_	_	_	linguistic	_	none	_	End=1943.82	6x1	_	_	5-7(326)
1170-0	PKP036	1170	1170	0	[abbiamo	abbiamo	_	_	_	_	_	linguistic	_	none	_	Begin=1943.13	_	_	_	0-7(326)
1170-1	PKP036	1170	1170	1	fatto	fatto	_	_	_	_	_	linguistic	_	none	_	_	_	_	_	0-5(326)
1170-2	PKP036	1170	1170	2	dieci]	dieci	_	_	_	_	_	linguistic	_	none	_	_	_	_	_	0-5(326)
1170-3	PKP036	1170	1170	3	lavatrici	lavatrici	_	_	_	_	_	linguistic	_	none	_	_	_	_	_	_
1170-4	PKP036	1170	1170	4	penso	penso	_	_	_	_	_	linguistic	_	none	_	_	_	_	_	_
1170-5	PKP036	1170	1170	5	{ride}	{ride}	_	_	_	_	_	nonverbalbehavior	_	none	_	End=1945.07	_	_	_	_
1171-0	PKP037	1171	1171	0	sì	sì	_	_	_	_	_	linguistic	_	none	_	Begin=1945.14|End=1945.72	_	_	_	_
1172-0	PKP033	1172	1172	0	°ah	ah	_	_	_	_	_	linguistic	_	none	Volume=low	Begin=1946.08	_	_	_	_
1172-1	PKP033	1172	1172	1	okay°	okay	_	_	_	_	_	linguistic	_	none	Volume=low	End=1947.04	_	_	_	_
1173-0	PKP037	1173	1173	0	si	si	_	_	_	_	_	linguistic	_	none	_	Begin=1947.38	_	_	_	_
1173-1	PKP037	1173	1173	1	portano	portano	_	_	_	_	_	linguistic	_	none	_	_	_	_	_	_
1173-2	PKP037	1173	1173	2	gli	gli	_	_	_	_	_	linguistic	_	none	_	_	_	_	_	_
1173-3	PKP037	1173	1173	3	asciugamani	asciugamani	_	_	_	_	_	linguistic	_	none	_	_	_	_	_	_
1173-4	PKP037	1173	1173	4	per	per	_	_	_	_	_	linguistic	_	none	_	_	_	_	_	_
1173-5	PKP037	1173	1173	5	il	il	_	_	_	_	_	linguistic	_	none	_	_	_	_	_	_
1173-6	PKP037	1173	1173	6	sudore	sudore	_	_	_	_	_	linguistic	_	none	_	_	_	_	_	_
1173-7	PKP037	1173	1173	7	loro	loro	_	_	_	_	_	linguistic	_	none	_	End=1949.769	_	_	_	_
1174-0	PKP036	1174	1174	0	mh	mh	_	_	_	_	_	linguistic	_	none	_	Begin=1949.92	_	_	_	_
1174-1	PKP036	1174	1174	1	[sì]	sì	_	_	_	_	_	linguistic	_	none	_	End=1950.83	_	_	_	0-2(327)
1175-0	PKP037	1175	1175	0	[(piccolini)]	piccolini	_	_	_	_	_	linguistic	_	none	_	Begin=1950.32	_	_	0-9(0)	0-9(327)
1175-1	PKP037	1175	1175	1	tutt[i:	tutti	_	_	_	_	_	linguistic	_	none	_	_	4x1	_	_	4-5(328)
1175-2	PKP037	1175	1175	2	colorati]	colorati	_	_	_	_	_	linguistic	_	none	_	End=1952.03	_	_	_	0-8(328)
1176-0	PKP036	1176	1176	0	[hanno	hanno	_	_	_	_	_	linguistic	_	none	_	Begin=1951.24	_	_	_	0-5(328)
1176-1	PKP036	1176	1176	1	tutti	tutti	_	_	_	_	_	linguistic	_	none	_	_	_	_	_	0-5(328)
1176-2	PKP036	1176	1176	2	un	un	_	_	_	_	_	linguistic	_	none	_	_	_	_	_	0-2(328)
1176-3	PKP036	1176	1176	3	asciuga]manino	asciugamanino	_	_	_	_	_	linguistic	_	none	_	_	_	_	_	0-7(328)
1176-4	PKP036	1176	1176	4	e	e	_	_	_	_	_	linguistic	_	none	_	_	_	_	_	_
1176-5	PKP036	1176	1176	5	li	li	_	_	_	_	_	linguistic	_	none	_	_	_	_	_	_
1176-6	PKP036	1176	1176	6	vedi	vedi	_	_	_	_	_	linguistic	_	none	_	_	_	_	_	_
1176-7	PKP036	1176	1176	7	sempre	sempre	_	_	_	_	_	linguistic	_	none	_	_	_	_	_	_
1176-8	PKP036	1176	1176	8	che	che	_	_	_	_	_	linguistic	_	none	_	_	_	_	_	_
1176-9	PKP036	1176	1176	9	si	si	_	_	_	_	_	linguistic	_	none	_	_	_	_	_	_
1176-10	PKP036	1176	1176	10	puliscono	puliscono	_	_	_	_	_	linguistic	_	none	_	End=1953.9	_	_	_	_
1177-0	PKP033	1177	1177	0	ma	ma	_	_	_	_	_	linguistic	_	none	_	Begin=1954.2	_	_	_	_
1177-1	PKP033	1177	1177	1	anche	anche	_	_	_	_	_	linguistic	_	none	_	_	_	_	_	_
1177-2	PKP033	1177	1177	2	perché	perché	_	_	_	_	_	linguistic	_	none	_	_	_	_	_	_
1177-3	PKP033	1177	1177	3	tipo	tipo	_	_	_	_	_	linguistic	_	none	_	_	_	_	_	_
1177-4	PKP033	1177	1177	4	si	si	_	_	_	_	_	linguistic	_	none	_	_	_	_	_	_
1177-5	PKP033	1177	1177	5	veston	veston	_	_	_	_	_	linguistic	_	none	_	_	_	_	_	_
1177-6	PKP033	1177	1177	6	tantissimo	tantissimo	_	_	_	_	_	linguistic	_	none	_	_	_	_	_	_
1177-7	PKP033	1177	1177	7	vero?	vero	_	_	_	_	_	linguistic	_	none	Intonation=Rising	End=1956.49	_	_	_	_
1178-0	PKP033	1178	1178	0	no	no	_	_	_	_	_	linguistic	_	none	_	Begin=1956.767	_	_	_	_
1178-1	PKP033	1178	1178	1	non	non	_	_	_	_	_	linguistic	_	none	_	_	_	_	_	_
1178-2	PKP033	1178	1178	2	lo	lo	_	_	_	_	_	linguistic	_	none	_	_	_	_	_	_
1178-3	PKP033	1178	1178	3	so	so	_	_	_	_	_	linguistic	_	none	_	_	_	_	_	_
1178-4	PKP033	1178	1178	4	questa	questa	_	_	_	_	_	linguistic	_	none	_	_	_	_	_	_
1178-5	PKP033	1178	1178	5	è	è	_	_	_	_	_	linguistic	_	none	_	_	_	_	_	_
1178-6	PKP033	1178	1178	6	una	una	_	_	_	_	_	linguistic	_	none	_	_	_	_	_	_
1178-7	PKP033	1178	1178	7	cosa	cosa	_	_	_	_	_	linguistic	_	none	_	_	_	_	_	_
1178-8	PKP033	1178	1178	8	che	che	_	_	_	_	_	linguistic	_	none	_	_	_	_	_	_
1178-9	PKP033	1178	1178	9	ho	ho	_	_	_	_	_	linguistic	_	none	_	_	_	_	_	_
1178-10	PKP033	1178	1178	10	letto	letto	_	_	_	_	_	linguistic	_	none	_	_	_	_	_	_
1178-11	PKP033	1178	1178	11	mi	mi	_	_	_	_	_	linguistic	_	none	_	_	_	_	_	_
1178-12	PKP033	1178	1178	12	sembra	sembra	_	_	_	_	_	linguistic	_	none	_	_	_	_	_	_
1178-13	PKP033	1178	1178	13	su	su	_	_	_	_	_	linguistic	_	none	_	_	_	_	_	_
1178-14	PKP033	1178	1178	14	un	un	_	_	_	_	_	linguistic	_	none	_	_	_	_	_	_
1178-15	PKP033	1178	1178	15	giornale	giornale	_	_	_	_	_	linguistic	_	none	_	_	_	_	_	_
1178-16	PKP033	1178	1178	16	una	una	_	_	_	_	_	linguistic	_	none	_	_	_	_	_	_
1178-17	PKP033	1178	1178	17	vo[lta]	volta	_	_	_	_	_	linguistic	_	none	_	End=1960.18	_	_	_	2-5(329)
1179-0	PKP036	1179	1179	0	[sì	sì	_	_	_	_	_	linguistic	_	none	_	Begin=1960.094	_	_	_	0-2(329)
1179-1	PKP036	1179	1179	1	era]no	erano	_	_	_	_	_	linguistic	_	none	_	_	_	_	_	0-3(329)
1179-2	PKP036	1179	1179	2	tutti	tutti	_	_	_	_	_	linguistic	_	none	_	_	_	_	_	_
1179-3	PKP036	1179	1179	3	coperti	coperti	_	_	_	_	_	linguistic	_	none	_	_	_	_	_	_
1179-4	PKP036	1179	1179	4	comunque	comunque	_	_	_	_	_	linguistic	_	none	_	End=1961.62	_	_	_	_
1180-0	PKP037	1180	1180	0	mh	mh	_	_	_	_	_	linguistic	_	none	_	Begin=1962.4|End=1962.78	_	_	_	_
1181-0	PKP036	1181	1181	0	mh	mh	_	_	_	_	_	linguistic	_	none	_	Begin=1962.78|End=1963.06	_	_	_	_
1182-0	PKP037	1182	1182	0	i	i	_	_	_	_	_	linguistic	_	none	_	Begin=1963.32	_	_	_	_
1182-1	PKP037	1182	1182	1	maschi:	maschi	_	_	_	_	_	linguistic	_	none	_	_	5x1	_	_	_
1182-2	PKP037	1182	1182	2	era~	era~	_	_	_	_	_	linguistic	_	none	Interrupted=Yes	_	_	_	_	_
1182-3	PKP037	1182	1182	3	erano	erano	_	_	_	_	_	linguistic	_	none	_	_	_	_	_	_
1182-4	PKP037	1182	1182	4	tutti	tutti	_	_	_	_	_	linguistic	_	none	_	_	_	_	_	_
1182-5	PKP037	1182	1182	5	in	in	_	_	_	_	_	linguistic	_	none	_	_	_	_	_	_
1182-6	PKP037	1182	1182	6	giacca	giacca	_	_	_	_	_	linguistic	_	none	_	_	_	_	_	_
1182-7	PKP037	1182	1182	7	e	e	_	_	_	_	_	linguistic	_	none	_	_	_	_	_	_
1182-8	PKP037	1182	1182	8	crava[tta]	cravatta	_	_	_	_	_	linguistic	_	none	_	End=1965.28	_	_	_	5-8(330)
1183-0	PKP036	1183	1183	0	[i	i	_	_	_	_	_	linguistic	_	none	_	Begin=1965.08	_	_	_	0-1(330)
1183-1	PKP036	1183	1183	1	mas]chi	maschi	_	_	_	_	_	linguistic	_	none	_	_	_	_	_	0-3(330)
1183-2	PKP036	1183	1183	2	in	in	_	_	_	_	_	linguistic	_	none	_	_	_	_	_	_
1183-3	PKP036	1183	1183	3	giacca	giacca	_	_	_	_	_	linguistic	_	none	_	_	_	_	_	_
1183-4	PKP036	1183	1183	4	e	e	_	_	_	_	_	linguistic	_	none	_	_	_	_	_	_
1183-5	PKP036	1183	1183	5	cravatta	cravatta	_	_	_	_	_	linguistic	_	none	_	_	_	_	_	_
1183-6	PKP036	1183	1183	6	non	non	_	_	_	_	_	linguistic	_	none	_	_	_	_	_	_
1183-7	PKP036	1183	1183	7	so	so	_	_	_	_	_	linguistic	_	none	_	_	_	_	_	_
1183-8	PKP036	1183	1183	8	come	come	_	_	_	_	_	linguistic	_	none	_	_	_	_	_	_
1183-9	PKP036	1183	1183	9	facevano	facevano	_	_	_	_	_	linguistic	_	none	_	_	_	_	_	_
1183-10	PKP036	1183	1183	10	c(io)è	cioè	_	_	_	_	_	linguistic	_	none	_	End=1967.309	_	_	1-3(0)	_
1184-0	PKP033	1184	1184	0	c(io)è	cioè	_	_	_	_	_	linguistic	_	none	_	Begin=1967.31	_	_	1-3(0)	_
1184-1	PKP033	1184	1184	1	mi	mi	_	_	_	_	_	linguistic	_	none	_	_	_	_	_	_
1184-2	PKP033	1184	1184	2	sembra	sembra	_	_	_	_	_	linguistic	_	none	_	_	_	_	_	_
1184-3	PKP033	1184	1184	3	che	che	_	_	_	_	_	linguistic	_	none	_	_	_	_	_	_
1184-4	PKP033	1184	1184	4	una	una	_	_	_	_	_	linguistic	_	none	_	_	_	_	_	_
1184-5	PKP033	1184	1184	5	volta:	volta	_	_	_	_	_	linguistic	_	none	_	_	4x1	_	_	_
1184-6	PKP033	1184	1184	6	c'	c'	_	_	_	_	_	linguistic	_	none	SpaceAfter=No	_	_	_	_	_
1184-7	PKP033	1184	1184	7	era	era	_	_	_	_	_	linguistic	_	none	_	_	_	_	_	_
1184-8	PKP033	1184	1184	8	una	una	_	_	_	_	_	linguistic	_	none	_	_	_	_	_	_
1184-9	PKP033	1184	1184	9	notizia	notizia	_	_	_	_	_	linguistic	_	none	_	_	_	_	_	_
1184-10	PKP033	1184	1184	10	in	in	_	_	_	_	_	linguistic	_	none	_	_	_	_	_	_
1184-11	PKP033	1184	1184	11	cui	cui	_	_	_	_	_	linguistic	_	none	_	_	_	_	_	_
1184-12	PKP033	1184	1184	12	il	il	_	_	_	_	_	linguistic	_	none	_	_	_	_	_	_
1184-13	PKP033	1184	1184	13	presidente:	presidente	_	_	_	_	_	linguistic	_	none	_	_	9x1	_	_	_
1184-14	PKP033	1184	1184	14	del	del	_	_	_	_	_	linguistic	_	none	_	_	_	_	_	_
1184-15	PKP033	1184	1184	15	giappone	giappone	_	_	_	_	_	linguistic	_	none	_	_	_	_	_	_
1184-16	PKP033	1184	1184	16	non	non	_	_	_	_	_	linguistic	_	none	_	_	_	_	_	_
1184-17	PKP033	1184	1184	17	so	so	_	_	_	_	_	linguistic	_	none	_	_	_	_	_	_
1184-18	PKP033	1184	1184	18	come	come	_	_	_	_	_	linguistic	_	none	_	_	_	_	_	_
1184-19	PKP033	1184	1184	19	si	si	_	_	_	_	_	linguistic	_	none	_	_	_	_	_	_
1184-20	PKP033	1184	1184	20	chiama	chiama	_	_	_	_	_	linguistic	_	none	_	End=1972.31	_	_	_	_
1185-0	PKP036	1185	1185	0	mh	mh	_	_	_	_	_	linguistic	_	none	_	Begin=1972.53|End=1972.829	_	_	_	_
1186-0	PKP033	1186	1186	0	aveva	aveva	_	_	_	_	_	linguistic	_	none	_	Begin=1972.839	_	_	_	_
1186-1	PKP033	1186	1186	1	fatto	fatto	_	_	_	_	_	linguistic	_	none	_	_	_	_	_	_
1186-2	PKP033	1186	1186	2	una	una	_	_	_	_	_	linguistic	_	none	_	_	_	_	_	_
1186-3	PKP033	1186	1186	3	comparsa	comparsa	_	_	_	_	_	linguistic	_	none	_	_	_	_	_	_
1186-4	PKP033	1186	1186	4	pubblica	pubblica	_	_	_	_	_	linguistic	_	none	_	_	_	_	_	_
1186-5	PKP033	1186	1186	5	con:	con	_	_	_	_	_	linguistic	_	none	_	_	2x1	_	_	_
1186-6	PKP033	1186	1186	6	solo	solo	_	_	_	_	_	linguistic	_	none	_	_	_	_	_	_
1186-7	PKP033	1186	1186	7	la	la	_	_	_	_	_	linguistic	_	none	_	_	_	_	_	_
1186-8	PKP033	1186	1186	8	camicia	camicia	_	_	_	_	_	linguistic	_	none	_	_	_	_	_	_
1186-9	PKP033	1186	1186	9	per	per	_	_	_	_	_	linguistic	_	none	_	_	_	_	_	_
1186-10	PKP033	1186	1186	10	tipo:	tipo	_	_	_	_	_	linguistic	_	none	_	_	3x1	_	_	_
1186-11	PKP033	1186	1186	11	incoraggiare	incoraggiare	_	_	_	_	_	linguistic	_	none	_	_	_	_	_	_
1186-12	PKP033	1186	1186	12	i:	i	_	_	_	_	_	linguistic	_	none	_	End=1978.31	0x1	_	_	_
1187-0	PKP036	1187	1187	0	{ride}	{ride}	_	_	_	_	_	nonverbalbehavior	_	none	_	Begin=1976.99|End=1978.91	_	_	_	_
1188-0	PKP033	1188	1188	0	dipendenti	dipendenti	_	_	_	_	_	linguistic	_	none	_	Begin=1979.375	_	_	_	_
1188-1	PKP033	1188	1188	1	perché	perché	_	_	_	_	_	linguistic	_	none	_	_	_	_	_	_
1188-2	PKP033	1188	1188	2	se	se	_	_	_	_	_	linguistic	_	none	_	_	_	_	_	_
1188-3	PKP033	1188	1188	3	no	no	_	_	_	_	_	linguistic	_	none	_	_	_	_	_	_
1188-4	PKP033	1188	1188	4	tengono	tengono	_	_	_	_	_	linguistic	_	none	_	_	_	_	_	_
1188-5	PKP033	1188	1188	5	l'	l'	_	_	_	_	_	linguistic	_	none	SpaceAfter=No	_	_	_	_	_
1188-6	PKP033	1188	1188	6	aria	aria	_	_	_	_	_	linguistic	_	none	_	_	_	_	_	_
1188-7	PKP033	1188	1188	7	condizionata	condizionata	_	_	_	_	_	linguistic	_	none	_	_	_	_	_	_
1188-8	PKP033	1188	1188	8	negli	negli	_	_	_	_	_	linguistic	_	none	_	_	_	_	_	_
1188-9	PKP033	1188	1188	9	uffici	uffici	_	_	_	_	_	linguistic	_	none	_	_	_	_	_	_
1188-10	PKP033	1188	1188	10	tipo	tipo	_	_	_	_	_	linguistic	_	none	_	_	_	_	_	_
1188-11	PKP033	1188	1188	11	a	a	_	_	_	_	_	linguistic	_	none	_	_	_	_	_	_
1188-12	PKP033	1188	1188	12	quindici	quindici	_	_	_	_	_	linguistic	_	none	_	_	_	_	_	_
1188-13	PKP033	1188	1188	13	tutto	tutto	_	_	_	_	_	linguistic	_	none	_	_	_	_	_	_
1188-14	PKP033	1188	1188	14	l'	l'	_	_	_	_	_	linguistic	_	none	SpaceAfter=No	_	_	_	_	_
1188-15	PKP033	1188	1188	15	anno	anno	_	_	_	_	_	linguistic	_	none	_	_	_	_	_	3-4(?)
1188-16	PKP033	1188	1188	16	[e:	e	_	_	_	_	_	linguistic	_	none	_	_	0x1	_	_	0-1(?)
1188-17	PKP033	1188	1188	17	e:]	e	_	_	_	_	_	linguistic	_	none	_	End=1985.0	0x1	_	_	0-1(?)
1189-0	PKP037	1189	1189	0	[infatti]	infatti	_	_	_	_	_	linguistic	_	none	_	Begin=1984.14|End=1984.67	_	_	_	0-7(331)
1190-0	PKP036	1190	1190	0	[sì]	sì	_	_	_	_	_	linguistic	_	none	_	Begin=1984.79	_	_	_	0-2(332)
1190-1	PKP036	1190	1190	1	mh	mh	_	_	_	_	_	linguistic	_	none	_	End=1985.4	_	_	_	_
1191-0	PKP033	1191	1191	0	c(io)è	cioè	_	_	_	_	_	linguistic	_	none	_	Begin=1985.68	_	_	1-3(0)	_
1191-1	PKP033	1191	1191	1	consumano:	consumano	_	_	_	_	_	linguistic	_	none	_	End=1987.22	8x1	_	_	_
1192-0	PKP033	1192	1192	0	e	e	_	_	_	_	_	linguistic	_	none	_	Begin=1987.774	_	_	_	_
1192-1	PKP033	1192	1192	1	poi	poi	_	_	_	_	_	linguistic	_	none	_	_	_	_	_	_
1192-2	PKP033	1192	1192	2	son(o)	sono	_	_	_	_	_	linguistic	_	none	_	_	_	_	3-4(0)	_
1192-3	PKP033	1192	1192	3	tutti:	tutti	_	_	_	_	_	linguistic	_	none	_	_	4x1	_	_	_
1192-4	PKP033	1192	1192	4	vestitissimi	vestitissimi	_	_	_	_	_	linguistic	_	none	_	End=1989.689	_	_	_	_
1193-0	PKP036	1193	1193	0	mhmh	mhmh	_	_	_	_	_	linguistic	_	none	_	Begin=1989.8|End=1990.19	_	_	_	_
1194-0	PKP033	1194	1194	0	quindi	quindi	_	_	_	_	_	linguistic	_	none	_	Begin=1990.32	_	_	_	_
1194-1	PKP033	1194	1194	1	confermate	confermate	_	_	_	_	_	linguistic	_	none	_	_	_	_	_	_
1194-2	PKP033	1194	1194	2	[bene]	bene	_	_	_	_	_	linguistic	_	none	_	End=1991.76	_	_	_	0-4(518)
1195-0	PKP037	1195	1195	0	[sì	sì	_	_	_	_	_	linguistic	_	none	_	Begin=1991.3	_	_	_	0-2(?)
1195-1	PKP037	1195	1195	1	sì]	sì	_	_	_	_	_	linguistic	_	none	_	End=1991.99	_	_	_	0-2(?)
1196-0	PKP036	1196	1196	0	[sì	sì	_	_	_	_	_	linguistic	_	none	_	Begin=1991.61	_	_	_	0-2(?)
1196-1	PKP036	1196	1196	1	sì]	sì	_	_	_	_	_	linguistic	_	none	_	End=1992.15	_	_	_	0-2(?)
1197-0	PKP033	1197	1197	0	[oka]y	okay	_	_	_	_	_	linguistic	_	none	_	Begin=1991.8|End=1992.32	_	_	_	0-3(519)
1198-0	PKP033	1198	1198	0	{ride}	{ride}	_	_	_	_	_	nonverbalbehavior	_	none	_	Begin=1992.4|End=1992.94	_	_	_	_
1199-0	PKP037	1199	1199	0	beh	beh	_	_	_	_	_	linguistic	_	none	_	Begin=1992.89	_	_	_	_
1199-1	PKP037	1199	1199	1	[(se	se	_	_	_	_	_	linguistic	_	none	_	_	_	_	0-2(0)	0-2(333)
1199-2	PKP037	1199	1199	2	non	non	_	_	_	_	_	linguistic	_	none	_	_	_	_	0-3(0)	0-3(333)
1199-3	PKP037	1199	1199	3	siete:)]	siete	_	_	_	_	_	linguistic	_	none	_	End=1994.32	4x1	_	0-5(0)	0-5(333)
1200-0	PKP036	1200	1200	0	(in)[vece	invece	_	_	_	_	_	linguistic	_	none	_	Begin=1993.114	_	_	0-2(0)	2-6(333)
1200-1	PKP036	1200	1200	1	noi	noi	_	_	_	_	_	linguistic	_	none	_	_	_	_	_	0-3(333)
1200-2	PKP036	1200	1200	2	eravamo	eravamo	_	_	_	_	_	linguistic	_	none	_	_	_	_	_	0-7(333)
1200-3	PKP036	1200	1200	3	i	i	_	_	_	_	_	linguistic	_	none	_	_	_	_	_	0-1(333)
1200-4	PKP036	1200	1200	4	più:]	più	_	_	_	_	_	linguistic	_	none	_	End=1994.39	2x1	_	_	0-3(333)
1201-0	PKP036	1201	1201	0	svestiti	svestiti	_	_	_	_	_	linguistic	_	none	_	Begin=1994.46	_	_	_	_
1201-1	PKP036	1201	1201	1	{ridendo}	{ridendo}	_	_	_	_	_	nonverbalbehavior	_	none	_	End=1995.46	_	_	_	_
1202-0	PKP037	1202	1202	0	beh	beh	_	_	_	_	_	linguistic	_	none	_	Begin=1995.52	_	_	_	_
1202-1	PKP037	1202	1202	1	i	i	_	_	_	_	_	linguistic	_	none	_	_	_	_	_	_
1202-2	PKP037	1202	1202	2	colpi	colpi	_	_	_	_	_	linguistic	_	none	_	_	_	_	_	_
1202-3	PKP037	1202	1202	3	d'	d'	_	_	_	_	_	linguistic	_	none	SpaceAfter=No	_	_	_	_	_
1202-4	PKP037	1202	1202	4	aria	aria	_	_	_	_	_	linguistic	_	none	_	_	_	_	_	_
1202-5	PKP037	1202	1202	5	condizionata	condizionata	_	_	_	_	_	linguistic	_	none	_	_	_	_	_	_
1202-6	PKP037	1202	1202	6	ci	ci	_	_	_	_	_	linguistic	_	none	_	_	_	_	_	_
1202-7	PKP037	1202	1202	7	son	son	_	_	_	_	_	linguistic	_	none	_	_	_	_	_	_
1202-8	PKP037	1202	1202	8	stati	stati	_	_	_	_	_	linguistic	_	none	_	End=1997.8	_	_	_	_
1203-0	PKP036	1203	1203	0	[ma	ma	_	_	_	_	_	linguistic	_	none	_	Begin=1997.699	_	_	_	0-2(520)
1203-1	PKP036	1203	1203	1	sì	sì	_	_	_	_	_	linguistic	_	none	_	_	_	_	_	0-2(520)
1203-2	PKP036	1203	1203	2	perché	perché	_	_	_	_	_	linguistic	_	none	_	_	_	_	_	0-6(520)
1203-3	PKP036	1203	1203	3	fuo]ri	fuori	_	_	_	_	_	linguistic	_	none	_	_	_	_	_	0-3(520)
1203-4	PKP036	1203	1203	4	si	si	_	_	_	_	_	linguistic	_	none	_	_	_	_	_	_
1203-5	PKP036	1203	1203	5	moriva	moriva	_	_	_	_	_	linguistic	_	none	_	_	_	_	_	_
1203-6	PKP036	1203	1203	6	poi	poi	_	_	_	_	_	linguistic	_	none	_	_	_	_	_	_
1203-7	PKP036	1203	1203	7	entravi	entravi	_	_	_	_	_	linguistic	_	none	_	End=1999.84	_	_	_	_
1204-0	PKP033	1204	1204	0	[immagino]	immagino	_	_	_	_	_	linguistic	_	none	_	Begin=1997.71|End=1998.41	_	_	_	0-8(520)
1205-0	PKP037	1205	1205	0	{ride}	{ride}	_	_	_	_	_	nonverbalbehavior	_	none	_	Begin=1999.72|End=2001.15	_	_	_	_
1206-0	PKP033	1206	1206	0	okay	okay	_	_	_	_	_	linguistic	_	none	_	Begin=2001.16	_	_	_	_
1206-1	PKP033	1206	1206	1	okay	okay	_	_	_	_	_	linguistic	_	none	_	End=2002.05	_	_	_	_
1207-0	PKP036	1207	1207	0	xxx	xxx	_	_	_	_	_	unknown	_	none	Syllables=3	Begin=2002.85	_	_	_	_
1207-1	PKP036	1207	1207	1	abbastanza	abbastanza	_	_	_	_	_	linguistic	_	none	_	End=2004.99	_	_	_	_
1208-0	PKP036	1208	1208	0	sì	sì	_	_	_	_	_	linguistic	_	none	_	Begin=2005.05	_	_	_	_
1208-1	PKP036	1208	1208	1	il	il	_	_	_	_	_	linguistic	_	none	_	_	_	_	_	_
1208-2	PKP036	1208	1208	2	clima	clima	_	_	_	_	_	linguistic	_	none	_	_	_	_	_	_
1208-3	PKP036	1208	1208	3	è	è	_	_	_	_	_	linguistic	_	none	_	_	_	_	_	_
1208-4	PKP036	1208	1208	4	stato	stato	_	_	_	_	_	linguistic	_	none	_	_	_	_	_	_
1208-5	PKP036	1208	1208	5	la	la	_	_	_	_	_	linguistic	_	none	_	_	_	_	_	_
1208-6	PKP036	1208	1208	6	cosa	cosa	_	_	_	_	_	linguistic	_	none	_	_	_	_	_	_
1208-7	PKP036	1208	1208	7	peggiore	peggiore	_	_	_	_	_	linguistic	_	none	_	_	_	_	_	_
1208-8	PKP036	1208	1208	8	forse	forse	_	_	_	_	_	linguistic	_	none	_	End=2007.107	_	_	_	_
1209-0	PKP036	1209	1209	0	x	x	_	_	_	_	_	unknown	_	none	Syllables=1	Begin=2007.107|End=2007.12	_	_	_	_
1210-0	PKP037	1210	1210	0	però	però	_	_	_	_	_	linguistic	_	none	_	Begin=2008.87	_	_	_	_
1210-1	PKP037	1210	1210	1	non	non	_	_	_	_	_	linguistic	_	none	_	_	_	_	_	_
1210-2	PKP037	1210	1210	2	saprei	saprei	_	_	_	_	_	linguistic	_	none	_	_	_	_	_	_
1210-3	PKP037	1210	1210	3	quando	quando	_	_	_	_	_	linguistic	_	none	_	_	_	_	_	_
1210-4	PKP037	1210	1210	4	xx	xx	_	_	_	_	_	unknown	_	none	Syllables=2	End=2011.19	_	_	_	_
1211-0	PKP036	1211	1211	0	beh	beh	_	_	_	_	_	linguistic	_	none	_	Begin=2012.334	_	_	_	_
1211-1	PKP036	1211	1211	1	non	non	_	_	_	_	_	linguistic	_	none	_	_	_	_	_	_
1211-2	PKP036	1211	1211	2	penso	penso	_	_	_	_	_	linguistic	_	none	_	_	_	_	_	_
1211-3	PKP036	1211	1211	3	che	che	_	_	_	_	_	linguistic	_	none	_	_	_	_	_	_
1211-4	PKP036	1211	1211	4	è	è	_	_	_	_	_	linguistic	_	none	_	_	_	_	_	_
1211-5	PKP036	1211	1211	5	sempre	sempre	_	_	_	_	_	linguistic	_	none	_	_	_	_	_	_
1211-6	PKP036	1211	1211	6	così	così	_	_	_	_	_	linguistic	_	none	_	End=2013.85	_	_	_	_
1212-0	PKP037	1212	1212	0	°no:	no	_	_	_	_	_	linguistic	_	none	Volume=low	Begin=2014.11	1x1	_	_	_
1212-1	PKP037	1212	1212	1	cos'	cos'	_	_	_	_	_	linguistic	_	none	SpaceAfter=No|Volume=low	_	_	_	_	_
1212-2	PKP037	1212	1212	2	è?°	è	_	_	_	_	_	linguistic	_	none	Intonation=Rising|Volume=low	End=2015.34	_	_	_	_
1213-0	PKP033	1213	1213	0	eh	eh	_	_	_	_	_	linguistic	_	none	_	Begin=2015.994	_	_	_	_
1213-1	PKP033	1213	1213	1	non	non	_	_	_	_	_	linguistic	_	none	_	_	_	_	_	_
1213-2	PKP033	1213	1213	2	lo	lo	_	_	_	_	_	linguistic	_	none	_	_	_	_	_	_
1213-3	PKP033	1213	1213	3	so	so	_	_	_	_	_	linguistic	_	none	_	_	_	_	_	_
1213-4	PKP033	1213	1213	4	se	se	_	_	_	_	_	linguistic	_	none	_	End=2017.16	_	_	_	_
1214-0	PKP033	1214	1214	0	c(io)è	cioè	_	_	_	_	_	linguistic	_	none	_	Begin=2017.974|End=2018.42	_	_	1-3(0)	_
1215-0	PKP033	1215	1215	0	non	non	_	_	_	_	_	linguistic	_	none	_	Begin=2018.914	_	_	_	_
1215-1	PKP033	1215	1215	1	lo	lo	_	_	_	_	_	linguistic	_	none	_	_	_	_	_	_
1215-2	PKP033	1215	1215	2	colloco	colloco	_	_	_	_	_	linguistic	_	none	_	_	_	_	_	_
1215-3	PKP033	1215	1215	3	bene	bene	_	_	_	_	_	linguistic	_	none	_	_	_	_	_	_
1215-4	PKP033	1215	1215	4	c(io)è	cioè	_	_	_	_	_	linguistic	_	none	_	_	_	_	1-3(0)	_
1215-5	PKP033	1215	1215	5	nel:	nel	_	_	_	_	_	linguistic	_	none	_	_	2x1	_	_	_
1215-6	PKP033	1215	1215	6	m:h	mh	_	_	_	_	_	linguistic	_	none	_	_	0x1	_	_	_
1215-7	PKP033	1215	1215	7	quindi	quindi	_	_	_	_	_	linguistic	_	none	_	_	_	_	_	_
1215-8	PKP033	1215	1215	8	non	non	_	_	_	_	_	linguistic	_	none	_	_	_	_	_	_
1215-9	PKP033	1215	1215	9	so	so	_	_	_	_	_	linguistic	_	none	_	_	_	_	_	_
1215-10	PKP033	1215	1215	10	se	se	_	_	_	_	_	linguistic	_	none	_	_	_	_	_	_
1215-11	PKP033	1215	1215	11	l'	l'	_	_	_	_	_	linguistic	_	none	SpaceAfter=No	_	_	_	_	_
1215-12	PKP033	1215	1215	12	inverno:	inverno	_	_	_	_	_	linguistic	_	none	_	End=2023.28	6x1	_	_	_
1216-0	PKP037	1216	1216	0	pio[ve]	piove	_	_	_	_	_	linguistic	_	none	_	Begin=2024.2|End=2024.73	_	_	_	3-5(334)
1217-0	PKP033	1217	1217	0	[c'	c'	_	_	_	_	_	linguistic	_	none	SpaceAfter=No	Begin=2024.47	_	_	_	0-2(?)
1217-1	PKP033	1217	1217	1	è	è	_	_	_	_	_	linguistic	_	none	_	_	_	_	_	0-1(?)
1217-2	PKP033	1217	1217	2	fre]ddo:	freddo	_	_	_	_	_	linguistic	_	none	_	_	5x1	_	_	0-3(?)
1217-3	PKP033	1217	1217	3	o	o	_	_	_	_	_	linguistic	_	none	_	_	_	_	_	_
1217-4	PKP033	1217	1217	4	no	no	_	_	_	_	_	linguistic	_	none	_	End=2026.05	_	_	_	_
1218-0	PKP036	1218	1218	0	[boh]	boh	_	_	_	_	_	linguistic	_	none	_	Begin=2025.45|End=2025.87	_	_	_	0-3(335)
1219-0	PKP037	1219	1219	0	in	in	_	_	_	_	_	linguistic	_	none	_	Begin=2026.42	_	_	_	_
1219-1	PKP037	1219	1219	1	teoria	teoria	_	_	_	_	_	linguistic	_	none	_	_	_	_	_	_
1219-2	PKP037	1219	1219	2	nevica	nevica	_	_	_	_	_	linguistic	_	none	_	End=2027.4	_	_	_	_
1220-0	PKP037	1220	1220	0	adess[o:	adesso	_	_	_	_	_	linguistic	_	none	_	Begin=2027.4	5x1	_	_	5-6(336)
1220-1	PKP037	1220	1220	1	nevica]	nevica	_	_	_	_	_	linguistic	_	none	_	End=2028.75	_	_	_	0-6(336)
1221-0	PKP036	1221	1221	0	[infatti	infatti	_	_	_	_	_	linguistic	_	none	_	Begin=2027.88	_	_	_	0-7(336)
1221-1	PKP036	1221	1221	1	in	in	_	_	_	_	_	linguistic	_	none	_	_	_	_	_	0-2(336)
1221-2	PKP036	1221	1221	2	teoria	teoria	_	_	_	_	_	linguistic	_	none	_	_	_	_	_	0-6(336)
1221-3	PKP036	1221	1221	3	ne]vica	nevica	_	_	_	_	_	linguistic	_	none	_	End=2029.12	_	_	_	0-2(336)
1222-0	PKP033	1222	1222	0	c(io)è	cioè	_	_	_	_	_	linguistic	_	none	_	Begin=2030.63	_	_	1-3(0)	_
1222-1	PKP033	1222	1222	1	quindi	quindi	_	_	_	_	_	linguistic	_	none	_	_	_	_	_	_
1222-2	PKP033	1222	1222	2	ci	ci	_	_	_	_	_	linguistic	_	none	_	_	_	_	_	_
1222-3	PKP033	1222	1222	3	son(o)	sono	_	_	_	_	_	linguistic	_	none	_	_	_	_	3-4(1)	_
1222-4	PKP033	1222	1222	4	le	le	_	_	_	_	_	linguistic	_	none	_	_	_	_	_	_
1222-5	PKP033	1222	1222	5	stagioni	stagioni	_	_	_	_	_	linguistic	_	none	_	_	_	_	_	_
1222-6	PKP033	1222	1222	6	insomma	insomma	_	_	_	_	_	linguistic	_	none	_	End=2032.68	_	_	_	_
1223-0	PKP037	1223	1223	0	mah	mah	_	_	_	_	_	linguistic	_	none	_	Begin=2032.69	_	_	_	_
1223-1	PKP037	1223	1223	1	infatti	infatti	_	_	_	_	_	linguistic	_	none	_	_	_	_	_	_
1223-2	PKP037	1223	1223	2	immaginavo	immaginavo	_	_	_	_	_	linguistic	_	none	_	_	_	_	_	_
1223-3	PKP037	1223	1223	3	fosse:	fosse	_	_	_	_	_	linguistic	_	none	_	End=2034.81	4x1	_	_	_
1224-0	PKP037	1224	1224	0	vabbè	vabbè	_	_	_	_	_	linguistic	_	none	_	Begin=2036.167	_	_	_	_
1224-1	PKP037	1224	1224	1	tipo	tipo	_	_	_	_	_	linguistic	_	none	_	_	_	_	_	_
1224-2	PKP037	1224	1224	2	l'	l'	_	_	_	_	_	linguistic	_	none	SpaceAfter=No	_	_	_	_	_
1224-3	PKP037	1224	1224	3	europa	europa	_	_	_	_	_	linguistic	_	none	_	_	_	_	_	_
1224-4	PKP037	1224	1224	4	no	no	_	_	_	_	_	linguistic	_	none	PauseAfter=Yes	_	_	_	_	_
1224-5	PKP037	1224	1224	5	{P}	{P}	_	_	_	_	_	shortpause	_	none	_	_	_	_	_	_
1224-6	PKP037	1224	1224	6	però	però	_	_	_	_	_	linguistic	_	none	_	End=2038.06	_	_	_	_
1225-0	PKP036	1225	1225	0	boh	boh	_	_	_	_	_	linguistic	_	none	_	Begin=2039.1|End=2039.48	_	_	_	_
1226-0	PKP037	1226	1226	0	forse:	forse	_	_	_	_	_	linguistic	_	none	_	Begin=2039.54	4x1	_	_	_
1226-1	PKP037	1226	1226	1	il	il	_	_	_	_	_	linguistic	_	none	_	_	_	_	_	_
1226-2	PKP037	1226	1226	2	regno	regno	_	_	_	_	_	linguistic	_	none	_	_	_	_	_	_
1226-3	PKP037	1226	1226	3	unito	unito	_	_	_	_	_	linguistic	_	none	_	_	_	_	_	_
1226-4	PKP037	1226	1226	4	mi	mi	_	_	_	_	_	linguistic	_	none	_	_	_	_	_	_
1226-5	PKP037	1226	1226	5	immaginavo	immaginavo	_	_	_	_	_	linguistic	_	none	_	End=2041.59	_	_	_	_
1227-0	PKP036	1227	1227	0	mh	mh	_	_	_	_	_	linguistic	_	none	_	Begin=2041.74|End=2042.11	_	_	_	_
1228-0	PKP037	1228	1228	0	è	è	_	_	_	_	_	linguistic	_	none	_	Begin=2042.21	_	_	_	_
1228-1	PKP037	1228	1228	1	un'	un'	_	_	_	_	_	linguistic	_	none	SpaceAfter=No	_	_	_	_	_
1228-2	PKP037	1228	1228	2	isola	isola	_	_	_	_	_	linguistic	_	none	_	_	_	_	_	_
1228-3	PKP037	1228	1228	3	nell'	nell'	_	_	_	_	_	linguistic	_	none	SpaceAfter=No	_	_	_	_	_
1228-4	PKP037	1228	1228	4	oceano	oceano	_	_	_	_	_	linguistic	_	none	_	End=2043.69	_	_	_	_
1229-0	PKP033	1229	1229	0	mh	mh	_	_	_	_	_	linguistic	_	none	_	Begin=2044.927	_	_	_	_
1229-1	PKP033	1229	1229	1	[invece	invece	_	_	_	_	_	linguistic	_	none	_	_	_	_	_	0-6(?)
1229-2	PKP033	1229	1229	2	no]	no	_	_	_	_	_	linguistic	_	none	_	_	_	_	_	0-2(?)
1229-3	PKP033	1229	1229	3	{ride}	{ride}	_	_	_	_	_	nonverbalbehavior	_	none	_	End=2046.73	_	_	_	_
1230-0	PKP037	1230	1230	0	[xxxxx]	xxxxx	_	_	_	_	_	unknown	_	none	Syllables=5	Begin=2045.19|End=2046.17	_	_	_	0-5(337)
1231-0	PKP037	1231	1231	0	[più	più	_	_	_	_	_	linguistic	_	none	_	Begin=2046.729	_	_	_	0-3(339)
1231-1	PKP037	1231	1231	1	tipo	tipo	_	_	_	_	_	linguistic	_	none	_	_	_	_	_	0-4(339)
1231-2	PKP037	1231	1231	2	canarie]	canarie	_	_	_	_	_	linguistic	_	none	_	End=2047.7	_	_	_	0-7(339)
1232-0	PKP036	1232	1232	0	[(invece	invece	_	_	_	_	_	linguistic	_	none	_	Begin=2046.73	_	_	0-6(0)	0-6(339)
1232-1	PKP036	1232	1232	1	è	è	_	_	_	_	_	linguistic	_	none	_	_	_	_	0-1(0)	0-1(339)
1232-2	PKP036	1232	1232	2	terribile)]	terribile	_	_	_	_	_	linguistic	_	none	_	End=2047.74	_	_	0-9(0)	0-9(339)
1233-0	PKP033	1233	1233	0	mh	mh	_	_	_	_	_	linguistic	_	none	_	Begin=2047.9|End=2048.35	_	_	_	_
1234-0	PKP033	1234	1234	0	stupendo	stupendo	_	_	_	_	_	linguistic	_	none	_	Begin=2048.87|End=2049.58	_	_	_	_
1235-0	PKP036	1235	1235	0	{ride}	{ride}	_	_	_	_	_	nonverbalbehavior	_	none	_	Begin=2049.909|End=2051.949	_	_	_	_
1236-0	PKP033	1236	1236	0	{ride}	{ride}	_	_	_	_	_	nonverbalbehavior	_	none	_	Begin=2050.07|End=2051.989	_	_	_	_
1237-0	PKP036	1237	1237	0	beh	beh	_	_	_	_	_	linguistic	_	none	_	Begin=2053.61	_	_	_	_
1237-1	PKP036	1237	1237	1	no	no	_	_	_	_	_	linguistic	_	none	_	_	_	_	_	_
1237-2	PKP036	1237	1237	2	le	le	_	_	_	_	_	linguistic	_	none	_	_	_	_	_	_
1237-3	PKP036	1237	1237	3	canarie	canarie	_	_	_	_	_	linguistic	_	none	_	_	_	_	_	_
1237-4	PKP036	1237	1237	4	mica	mica	_	_	_	_	_	linguistic	_	none	_	_	_	_	_	_
1237-5	PKP036	1237	1237	5	è	è	_	_	_	_	_	linguistic	_	none	_	_	_	_	_	_
1237-6	PKP036	1237	1237	6	così	così	_	_	_	_	_	linguistic	_	none	_	End=2055.219	_	_	_	_
1238-0	PKP037	1238	1238	0	no?	no	_	_	_	_	_	linguistic	_	none	Intonation=Rising	Begin=2055.26|End=2055.609	_	_	_	_
1239-0	PKP033	1239	1239	0	è	è	_	_	_	_	_	linguistic	_	none	_	Begin=2055.62	_	_	_	_
1239-1	PKP033	1239	1239	1	più	più	_	_	_	_	_	linguistic	_	none	_	_	_	_	_	_
1239-2	PKP033	1239	1239	2	sec[co]	secco	_	_	_	_	_	linguistic	_	none	_	End=2056.46	_	_	_	3-5(340)
1240-0	PKP036	1240	1240	0	[è	è	_	_	_	_	_	linguistic	_	none	_	Begin=2056.27	_	_	_	0-1(?)
1240-1	PKP036	1240	1240	1	più	più	_	_	_	_	_	linguistic	_	none	_	_	_	_	_	0-3(?)
1240-2	PKP036	1240	1240	2	secco]	secco	_	_	_	_	_	linguistic	_	none	_	End=2057.29	_	_	_	0-5(?)
1241-0	PKP033	1241	1241	0	[c'	c'	_	_	_	_	_	linguistic	_	none	SpaceAfter=No	Begin=2056.58	_	_	_	0-2(341)
1241-1	PKP033	1241	1241	1	è	è	_	_	_	_	_	linguistic	_	none	_	_	_	_	_	0-1(341)
1241-2	PKP033	1241	1241	2	il	il	_	_	_	_	_	linguistic	_	none	_	_	_	_	_	0-2(341)
1241-3	PKP033	1241	1241	3	deser]to	deserto	_	_	_	_	_	linguistic	_	none	_	End=2057.639	_	_	_	0-5(341)
1242-0	PKP036	1242	1242	0	e	e	_	_	_	_	_	linguistic	_	none	_	Begin=2057.71	_	_	_	_
1242-1	PKP036	1242	1242	1	poi	poi	_	_	_	_	_	linguistic	_	none	_	_	_	_	_	_
1242-2	PKP036	1242	1242	2	si:	si	_	_	_	_	_	linguistic	_	none	PauseAfter=Yes	_	1x1	_	_	_
1242-3	PKP036	1242	1242	3	{P}	{P}	_	_	_	_	_	shortpause	_	none	_	_	_	_	_	_
1242-4	PKP036	1242	1242	4	si	si	_	_	_	_	_	linguistic	_	none	_	_	_	_	_	_
1242-5	PKP036	1242	1242	5	sta	sta	_	_	_	_	_	linguistic	_	none	_	_	_	_	_	_
1242-6	PKP036	1242	1242	6	bene	bene	_	_	_	_	_	linguistic	_	none	_	_	_	_	_	_
1242-7	PKP036	1242	1242	7	col	col	_	_	_	_	_	linguistic	_	none	_	_	_	_	_	_
1242-8	PKP036	1242	1242	8	venticello	venticello	_	_	_	_	_	linguistic	_	none	_	End=2061.11	_	_	_	_
1243-0	PKP037	1243	1243	0	eh	eh	_	_	_	_	_	linguistic	_	none	_	Begin=2061.33	_	_	_	_
1243-1	PKP037	1243	1243	1	perché	perché	_	_	_	_	_	linguistic	_	none	_	_	_	_	_	_
1243-2	PKP037	1243	1243	2	se	se	_	_	_	_	_	linguistic	_	none	_	_	_	_	_	_
1243-3	PKP037	1243	1243	3	no	no	_	_	_	_	_	linguistic	_	none	_	_	_	_	_	_
1243-4	PKP037	1243	1243	4	d'	d'	_	_	_	_	_	linguistic	_	none	SpaceAfter=No	_	_	_	_	_
1243-5	PKP037	1243	1243	5	es~	es~	_	_	_	_	_	linguistic	_	none	Interrupted=Yes	_	_	_	_	_
1243-6	PKP037	1243	1243	6	d'	d'	_	_	_	_	_	linguistic	_	none	SpaceAfter=No	_	_	_	_	_
1243-7	PKP037	1243	1243	7	estate	estate	_	_	_	_	_	linguistic	_	none	_	End=2063.489	_	_	_	_
1244-0	PKP037	1244	1244	0	xxx	xxx	_	_	_	_	_	unknown	_	none	Syllables=3	Begin=2063.84	_	_	_	_
1244-1	PKP037	1244	1244	1	che	che	_	_	_	_	_	linguistic	_	none	_	_	_	_	_	_
1244-2	PKP037	1244	1244	2	puoi	puoi	_	_	_	_	_	linguistic	_	none	_	_	_	_	_	_
1244-3	PKP037	1244	1244	3	magari	magari	_	_	_	_	_	linguistic	_	none	_	_	_	_	_	_
1244-4	PKP037	1244	1244	4	[andare	andare	_	_	_	_	_	linguistic	_	none	_	_	_	_	_	0-6(342)
1244-5	PKP037	1244	1244	5	al	al	_	_	_	_	_	linguistic	_	none	_	_	_	_	_	0-2(342)
1244-6	PKP037	1244	1244	6	mare	mare	_	_	_	_	_	linguistic	_	none	_	_	_	_	_	0-4(342)
1244-7	PKP037	1244	1244	7	se:]	se	_	_	_	_	_	linguistic	_	none	_	End=2065.96	1x1	_	_	0-2(342)
1245-0	PKP036	1245	1245	0	[è	è	_	_	_	_	_	linguistic	_	none	_	Begin=2064.909	_	_	_	0-1(342)
1245-1	PKP036	1245	1245	1	sempre	sempre	_	_	_	_	_	linguistic	_	none	_	_	_	_	_	0-6(342)
1245-2	PKP036	1245	1245	2	così	così	_	_	_	_	_	linguistic	_	none	_	_	_	_	_	0-4(342)
1245-3	PKP036	1245	1245	3	m'	m'	_	_	_	_	_	linguistic	_	none	SpaceAfter=No	_	_	_	_	0-2(342)
1245-4	PKP036	1245	1245	4	ha	ha	_	_	_	_	_	linguistic	_	none	_	_	_	_	_	0-2(342)
1245-5	PKP036	1245	1245	5	de]tto:	detto	_	_	_	_	_	linguistic	_	none	_	_	4x1	_	_	0-2(342)
1245-6	PKP036	1245	1245	6	xxx	xxx	_	_	_	_	_	unknown	_	none	Syllables=3	End=2066.989	_	_	_	_
1246-0	PKP037	1246	1246	0	sì?	sì	_	_	_	_	_	linguistic	_	none	Intonation=Rising	Begin=2066.989|End=2067.44	_	_	_	_
1247-0	PKP036	1247	1247	0	c(io)è	cioè	_	_	_	_	_	linguistic	_	none	_	Begin=2067.79	_	_	1-3(0)	_
1247-1	PKP036	1247	1247	1	più	più	_	_	_	_	_	linguistic	_	none	_	_	_	_	_	_
1247-2	PKP036	1247	1247	2	che	che	_	_	_	_	_	linguistic	_	none	_	_	_	_	_	_
1247-3	PKP036	1247	1247	3	altro	altro	_	_	_	_	_	linguistic	_	none	_	_	_	_	_	_
1247-4	PKP036	1247	1247	4	è	è	_	_	_	_	_	linguistic	_	none	_	_	_	_	_	_
1247-5	PKP036	1247	1247	5	sempre:	sempre	_	_	_	_	_	linguistic	_	none	_	_	5x1	_	_	_
1247-6	PKP036	1247	1247	6	lì	lì	_	_	_	_	_	linguistic	_	none	_	_	_	_	_	_
1247-7	PKP036	1247	1247	7	non	non	_	_	_	_	_	linguistic	_	none	_	_	_	_	_	_
1247-8	PKP036	1247	1247	8	ci	ci	_	_	_	_	_	linguistic	_	none	_	_	_	_	_	_
1247-9	PKP036	1247	1247	9	so'	so'	_	_	_	_	_	linguistic	_	none	Truncated=Yes	_	_	_	_	_
1247-10	PKP036	1247	1247	10	le	le	_	_	_	_	_	linguistic	_	none	_	_	_	_	_	_
1247-11	PKP036	1247	1247	11	stagioni	stagioni	_	_	_	_	_	linguistic	_	none	_	End=2070.59	_	_	_	_
1248-0	PKP037	1248	1248	0	ah	ah	_	_	_	_	_	linguistic	_	none	_	Begin=2070.75	_	_	_	_
1248-1	PKP037	1248	1248	1	okay	okay	_	_	_	_	_	linguistic	_	none	_	End=2071.59	_	_	_	_
1249-0	PKP033	1249	1249	0	no	no	_	_	_	_	_	linguistic	_	none	_	Begin=2071.65	_	_	_	_
1249-1	PKP033	1249	1249	1	[ma	ma	_	_	_	_	_	linguistic	_	none	_	_	_	_	_	0-2(343)
1249-2	PKP033	1249	1249	2	no	no	_	_	_	_	_	linguistic	_	none	_	_	_	_	_	0-2(343)
1249-3	PKP033	1249	1249	3	io	io	_	_	_	_	_	linguistic	_	none	_	_	_	_	_	0-2(343)
1249-4	PKP033	1249	1249	4	ci	ci	_	_	_	_	_	linguistic	_	none	_	_	_	_	_	0-2(343)
1249-5	PKP033	1249	1249	5	sono	sono	_	_	_	_	_	linguistic	_	none	_	_	_	_	_	0-4(343)
1249-6	PKP033	1249	1249	6	stata	stata	_	_	_	_	_	linguistic	_	none	_	_	_	_	_	0-5(343)
1249-7	PKP033	1249	1249	7	anche	anche	_	_	_	_	_	linguistic	_	none	_	_	_	_	_	0-5(343)
1249-8	PKP033	1249	1249	8	in	in	_	_	_	_	_	linguistic	_	none	_	_	_	_	_	0-2(343)
1249-9	PKP033	1249	1249	9	in]verno	inverno	_	_	_	_	_	linguistic	_	none	_	End=2073.969	_	_	_	0-2(343)
1250-0	PKP036	1250	1250	0	[c'	c'	_	_	_	_	_	linguistic	_	none	SpaceAfter=No	Begin=2071.75	_	_	_	0-2(343)
1250-1	PKP036	1250	1250	1	è	è	_	_	_	_	_	linguistic	_	none	_	_	_	_	_	0-1(343)
1250-2	PKP036	1250	1250	2	sempre	sempre	_	_	_	_	_	linguistic	_	none	_	_	_	_	_	0-6(343)
1250-3	PKP036	1250	1250	3	caldo]	caldo	_	_	_	_	_	linguistic	_	none	_	End=2073.15	_	_	_	0-5(343)
1251-0	PKP033	1251	1251	0	una	una	_	_	_	_	_	linguistic	_	none	_	Begin=2074.58	_	_	_	_
1251-1	PKP033	1251	1251	1	volta	volta	_	_	_	_	_	linguistic	_	none	_	End=2075.164	_	_	_	_
1252-0	PKP036	1252	1252	0	mh	mh	_	_	_	_	_	linguistic	_	none	_	Begin=2075.164|End=2075.444	_	_	_	_
1253-0	PKP033	1253	1253	0	in	in	_	_	_	_	_	linguistic	_	none	_	Begin=2075.444	_	_	_	_
1253-1	PKP033	1253	1253	1	dicembre	dicembre	_	_	_	_	_	linguistic	_	none	_	End=2076.199	_	_	_	_
1254-0	PKP033	1254	1254	0	c(io)è	cioè	_	_	_	_	_	linguistic	_	none	PauseAfter=Yes	Begin=2076.48	_	_	1-3(0)	_
1254-1	PKP033	1254	1254	1	{P}	{P}	_	_	_	_	_	shortpause	_	none	_	_	_	_	_	_
1254-2	PKP033	1254	1254	2	era	era	_	_	_	_	_	linguistic	_	none	_	_	_	_	_	_
1254-3	PKP033	1254	1254	3	fresco	fresco	_	_	_	_	_	linguistic	_	none	_	End=2077.62	_	_	_	_
1255-0	PKP036	1255	1255	0	vabbè	vabbè	_	_	_	_	_	linguistic	_	none	_	Begin=2077.71	_	_	_	_
1255-1	PKP036	1255	1255	1	sì	sì	_	_	_	_	_	linguistic	_	none	_	End=2078.33	_	_	_	_
1256-0	PKP036	1256	1256	0	pe[rò	però	_	_	_	_	_	linguistic	_	none	_	Begin=2078.51	_	_	_	2-4(344)
1256-1	PKP036	1256	1256	1	non	non	_	_	_	_	_	linguistic	_	none	_	_	_	_	_	0-3(344)
1256-2	PKP036	1256	1256	2	come	come	_	_	_	_	_	linguistic	_	none	_	_	_	_	_	0-4(344)
1256-3	PKP036	1256	1256	3	qua]	qua	_	_	_	_	_	linguistic	_	none	_	End=2079.59	_	_	_	0-3(344)
1257-0	PKP033	1257	1257	0	[c(io)è	cioè	_	_	_	_	_	linguistic	_	none	_	Begin=2078.63	_	_	1-3(0)	0-4(344)
1257-1	PKP033	1257	1257	1	scende	scende	_	_	_	_	_	linguistic	_	none	_	_	_	_	_	0-6(344)
1257-2	PKP033	1257	1257	2	la]	la	_	_	_	_	_	linguistic	_	none	_	_	_	_	_	0-2(344)
1257-3	PKP033	1257	1257	3	temperatur~	temperatur~	_	_	_	_	_	linguistic	_	none	Interrupted=Yes	_	_	_	_	_
1257-4	PKP033	1257	1257	4	no	no	_	_	_	_	_	linguistic	_	none	_	_	_	_	_	_
1257-5	PKP033	1257	1257	5	non	non	_	_	_	_	_	linguistic	_	none	_	_	_	_	_	_
1257-6	PKP033	1257	1257	6	come	come	_	_	_	_	_	linguistic	_	none	_	_	_	_	_	_
1257-7	PKP033	1257	1257	7	qua	qua	_	_	_	_	_	linguistic	_	none	_	_	_	_	_	_
1257-8	PKP033	1257	1257	8	però	però	_	_	_	_	_	linguistic	_	none	_	End=2081.179	_	_	_	_
1258-0	PKP033	1258	1258	0	pe[rò]	però	_	_	_	_	_	linguistic	_	none	PauseAfter=Yes	Begin=2081.21	_	_	_	2-4(345)
1258-1	PKP033	1258	1258	1	{P}	{P}	_	_	_	_	_	shortpause	_	none	_	_	_	_	_	_
1258-2	PKP033	1258	1258	2	c(io)è	cioè	_	_	_	_	_	linguistic	_	none	_	_	_	_	1-3(0)	_
1258-3	PKP033	1258	1258	3	ci	ci	_	_	_	_	_	linguistic	_	none	_	_	_	_	_	_
1258-4	PKP033	1258	1258	4	sono	sono	_	_	_	_	_	linguistic	_	none	_	_	_	_	_	_
1258-5	PKP033	1258	1258	5	un	un	_	_	_	_	_	linguistic	_	none	_	_	_	_	_	_
1258-6	PKP033	1258	1258	6	po'	po'	_	_	_	_	_	linguistic	_	none	_	_	_	_	_	_
1258-7	PKP033	1258	1258	7	di	di	_	_	_	_	_	linguistic	_	none	_	_	_	_	_	_
1258-8	PKP033	1258	1258	8	stagioni	stagioni	_	_	_	_	_	linguistic	_	none	_	_	_	_	_	_
1258-9	PKP033	1258	1258	9	secondo	secondo	_	_	_	_	_	linguistic	_	none	_	_	_	_	_	_
1258-10	PKP033	1258	1258	10	me	me	_	_	_	_	_	linguistic	_	none	_	_	_	_	_	_
1258-11	PKP033	1258	1258	11	[solo	solo	_	_	_	_	_	linguistic	_	none	_	_	_	_	_	0-4(346)
1258-12	PKP033	1258	1258	12	che	che	_	_	_	_	_	linguistic	_	none	_	_	_	_	_	0-3(346)
1258-13	PKP033	1258	1258	13	è	è	_	_	_	_	_	linguistic	_	none	_	_	_	_	_	0-1(346)
1258-14	PKP033	1258	1258	14	tu]tto	tutto	_	_	_	_	_	linguistic	_	none	_	_	_	_	_	0-2(346)
1258-15	PKP033	1258	1258	15	molto	molto	_	_	_	_	_	linguistic	_	none	_	_	_	_	_	_
1258-16	PKP033	1258	1258	16	più	più	_	_	_	_	_	linguistic	_	none	_	_	_	_	_	_
1258-17	PKP033	1258	1258	17	caldo	caldo	_	_	_	_	_	linguistic	_	none	_	End=2085.12	_	_	_	_
1259-0	PKP036	1259	1259	0	[ah]	ah	_	_	_	_	_	linguistic	_	none	_	Begin=2081.429|End=2081.87	_	_	_	0-2(345)
1260-0	PKP036	1260	1260	0	[mh]	mh	_	_	_	_	_	linguistic	_	none	_	Begin=2083.6|End=2084.05	_	_	_	0-2(346)
1261-0	PKP033	1261	1261	0	c(io)è	cioè	_	_	_	_	_	linguistic	_	none	_	Begin=2085.159	_	_	1-3(0)	_
1261-1	PKP033	1261	1261	1	{ride}	{ride}	_	_	_	_	_	nonverbalbehavior	_	none	_	End=2085.86	_	_	_	_
1262-0	PKP036	1262	1262	0	[sì]	sì	_	_	_	_	_	linguistic	_	none	_	Begin=2085.51|End=2085.96	_	_	_	0-2(347)
1263-0	PKP033	1263	1263	0	no	no	_	_	_	_	_	linguistic	_	none	_	Begin=2086.5	_	_	_	_
1263-1	PKP033	1263	1263	1	poi	poi	_	_	_	_	_	linguistic	_	none	_	_	_	_	_	_
1263-2	PKP033	1263	1263	2	magari	magari	_	_	_	_	_	linguistic	_	none	_	_	_	_	_	_
1263-3	PKP033	1263	1263	3	fa	fa	_	_	_	_	_	linguistic	_	none	_	_	_	_	_	_
1263-4	PKP033	1263	1263	4	il	il	_	_	_	_	_	linguistic	_	none	_	_	_	_	_	_
1263-5	PKP033	1263	1263	5	giorno	giorno	_	_	_	_	_	linguistic	_	none	_	_	_	_	_	_
1263-6	PKP033	1263	1263	6	anche	anche	_	_	_	_	_	linguistic	_	none	_	_	_	_	_	_
1263-7	PKP033	1263	1263	7	in	in	_	_	_	_	_	linguistic	_	none	_	_	_	_	_	_
1263-8	PKP033	1263	1263	8	dicembre	dicembre	_	_	_	_	_	linguistic	_	none	_	_	_	_	_	_
1263-9	PKP033	1263	1263	9	che	che	_	_	_	_	_	linguistic	_	none	_	_	_	_	_	_
1263-10	PKP033	1263	1263	10	fa	fa	_	_	_	_	_	linguistic	_	none	_	_	_	_	_	_
1263-11	PKP033	1263	1263	11	caldo	caldo	_	_	_	_	_	linguistic	_	none	_	End=2089.71	_	_	_	_
1264-0	PKP036	1264	1264	0	c'	c'	_	_	_	_	_	linguistic	_	none	SpaceAfter=No	Begin=2090.139	_	_	_	_
1264-1	PKP036	1264	1264	1	è	è	_	_	_	_	_	linguistic	_	none	_	_	_	_	_	_
1264-2	PKP036	1264	1264	2	una	una	_	_	_	_	_	linguistic	_	none	_	_	_	_	_	_
1264-3	PKP036	1264	1264	3	mia	mia	_	_	_	_	_	linguistic	_	none	_	_	_	_	_	_
1264-4	PKP036	1264	1264	4	amica	amica	_	_	_	_	_	linguistic	_	none	_	_	_	_	_	_
1264-5	PKP036	1264	1264	5	che	che	_	_	_	_	_	linguistic	_	none	_	_	_	_	_	_
1264-6	PKP036	1264	1264	6	vive	vive	_	_	_	_	_	linguistic	_	none	_	_	_	_	_	_
1264-7	PKP036	1264	1264	7	lì	lì	_	_	_	_	_	linguistic	_	none	PauseAfter=Yes	_	_	_	_	_
1264-8	PKP036	1264	1264	8	{P}	{P}	_	_	_	_	_	shortpause	_	none	_	_	_	_	_	_
1264-9	PKP036	1264	1264	9	e:	e	_	_	_	_	_	linguistic	_	none	_	_	0x1	_	_	_
1264-10	PKP036	1264	1264	10	faceva	faceva	_	_	_	_	_	linguistic	_	none	_	_	_	_	_	_
1264-11	PKP036	1264	1264	11	il	il	_	_	_	_	_	linguistic	_	none	_	_	_	_	_	_
1264-12	PKP036	1264	1264	12	natale:	natale	_	_	_	_	_	linguistic	_	none	_	_	5x1	_	_	_
1264-13	PKP036	1264	1264	13	col	col	_	_	_	_	_	linguistic	_	none	_	_	_	_	_	_
1264-14	PKP036	1264	1264	14	bagno	bagno	_	_	_	_	_	linguistic	_	none	_	_	_	_	_	_
1264-15	PKP036	1264	1264	15	al	al	_	_	_	_	_	linguistic	_	none	_	_	_	_	_	_
1264-16	PKP036	1264	1264	16	mare	mare	_	_	_	_	_	linguistic	_	none	_	_	_	_	_	_
1264-17	PKP036	1264	1264	17	c(io)è	cioè	_	_	_	_	_	linguistic	_	none	_	End=2094.05	_	_	0-3(0)	_
1265-0	PKP033	1265	1265	0	ah	ah	_	_	_	_	_	linguistic	_	none	_	Begin=2094.327	_	_	_	_
1265-1	PKP033	1265	1265	1	okay	okay	_	_	_	_	_	linguistic	_	none	_	End=2095.04	_	_	_	_
1266-0	PKP033	1266	1266	0	ah	ah	_	_	_	_	_	linguistic	_	none	_	Begin=2095.333	_	_	_	_
1266-1	PKP033	1266	1266	1	non	non	_	_	_	_	_	linguistic	_	none	_	_	_	_	_	_
1266-2	PKP033	1266	1266	2	so	so	_	_	_	_	_	linguistic	_	none	_	_	_	_	_	_
1266-3	PKP033	1266	1266	3	quando	quando	_	_	_	_	_	linguistic	_	none	_	_	_	_	_	_
1266-4	PKP033	1266	1266	4	sono	sono	_	_	_	_	_	linguistic	_	none	_	_	_	_	_	_
1266-5	PKP033	1266	1266	5	andata	andata	_	_	_	_	_	linguistic	_	none	_	_	_	_	_	_
1266-6	PKP033	1266	1266	6	io	io	_	_	_	_	_	linguistic	_	none	_	_	_	_	_	_
1266-7	PKP033	1266	1266	7	a	a	_	_	_	_	_	linguistic	_	none	_	_	_	_	_	_
1266-8	PKP033	1266	1266	8	forteventura:	forteventura	_	_	_	_	_	linguistic	_	none	_	_	11x1	_	_	_
1266-9	PKP033	1266	1266	9	m:	m	_	_	_	_	_	linguistic	_	none	_	End=2098.22	0x1	_	_	_
1267-0	PKP033	1267	1267	0	ma	ma	_	_	_	_	_	linguistic	_	none	_	Begin=2098.874	_	_	_	_
1267-1	PKP033	1267	1267	1	era	era	_	_	_	_	_	linguistic	_	none	_	_	_	_	_	_
1267-2	PKP033	1267	1267	2	proprio	proprio	_	_	_	_	_	linguistic	_	none	_	_	_	_	_	_
1267-3	PKP033	1267	1267	3	[natale]	natale	_	_	_	_	_	linguistic	_	none	_	End=2099.96	_	_	_	0-6(348)
1268-0	PKP036	1268	1268	0	[eh	eh	_	_	_	_	_	linguistic	_	none	_	Begin=2099.315	_	_	_	0-2(348)
1268-1	PKP036	1268	1268	1	forse]	forse	_	_	_	_	_	linguistic	_	none	_	End=2099.955	_	_	_	0-5(348)
1269-0	PKP036	1269	1269	0	mh	mh	_	_	_	_	_	linguistic	_	none	_	Begin=2100.34|End=2100.77	_	_	_	_
1270-0	PKP033	1270	1270	0	secondo	secondo	_	_	_	_	_	linguistic	_	none	_	Begin=2101.574	_	_	_	_
1270-1	PKP033	1270	1270	1	me	me	_	_	_	_	_	linguistic	_	none	_	_	_	_	_	_
1270-2	PKP033	1270	1270	2	dipendeva	dipendeva	_	_	_	_	_	linguistic	_	none	_	_	_	_	_	_
1270-3	PKP033	1270	1270	3	dai	dai	_	_	_	_	_	linguistic	_	none	_	_	_	_	_	_
1270-4	PKP033	1270	1270	4	gior[ni]	giorni	_	_	_	_	_	linguistic	_	none	_	End=2103.34	_	_	_	4-6(349)
1271-0	PKP036	1271	1271	0	[fors]e	forse	_	_	_	_	_	linguistic	_	none	_	Begin=2103.039	_	_	_	0-4(349)
1271-1	PKP036	1271	1271	1	sì	sì	_	_	_	_	_	linguistic	_	none	_	End=2103.999	_	_	_	_
1272-0	PKP033	1272	1272	0	però	però	_	_	_	_	_	linguistic	_	none	_	Begin=2104.84	_	_	_	_
1272-1	PKP033	1272	1272	1	io	io	_	_	_	_	_	linguistic	_	none	_	_	_	_	_	_
1272-2	PKP033	1272	1272	2	ero	ero	_	_	_	_	_	linguistic	_	none	_	_	_	_	_	_
1272-3	PKP033	1272	1272	3	piccolina	piccolina	_	_	_	_	_	linguistic	_	none	_	_	_	_	_	_
1272-4	PKP033	1272	1272	4	non	non	_	_	_	_	_	linguistic	_	none	_	_	_	_	_	_
1272-5	PKP033	1272	1272	5	è	è	_	_	_	_	_	linguistic	_	none	_	_	_	_	_	_
1272-6	PKP033	1272	1272	6	che	che	_	_	_	_	_	linguistic	_	none	_	_	_	_	_	_
1272-7	PKP033	1272	1272	7	mi	mi	_	_	_	_	_	linguistic	_	none	_	_	_	_	_	_
1272-8	PKP033	1272	1272	8	ricordo	ricordo	_	_	_	_	_	linguistic	_	none	_	_	_	_	_	_
1272-9	PKP033	1272	1272	9	bene	bene	_	_	_	_	_	linguistic	_	none	_	_	_	_	_	_
1272-10	PKP033	1272	1272	10	così	così	_	_	_	_	_	linguistic	_	none	_	_	_	_	_	_
1272-11	PKP033	1272	1272	11	bene	bene	_	_	_	_	_	linguistic	_	none	_	End=2107.52	_	_	_	_
1273-0	PKP036	1273	1273	0	°piccolina°	piccolina	_	_	_	_	_	linguistic	_	none	Volume=low	Begin=2107.82|End=2108.48	_	_	_	_
1274-0	PKP033	1274	1274	0	poi	poi	_	_	_	_	_	linguistic	_	none	_	Begin=2109.387	_	_	_	_
1274-1	PKP033	1274	1274	1	siete	siete	_	_	_	_	_	linguistic	_	none	_	_	_	_	_	_
1274-2	PKP033	1274	1274	2	andati	andati	_	_	_	_	_	linguistic	_	none	_	_	_	_	_	_
1274-3	PKP033	1274	1274	3	giù	giù	_	_	_	_	_	linguistic	_	none	_	_	_	_	_	_
1274-4	PKP033	1274	1274	4	per	per	_	_	_	_	_	linguistic	_	none	_	_	_	_	_	_
1274-5	PKP033	1274	1274	5	le	le	_	_	_	_	_	linguistic	_	none	_	_	_	_	_	_
1274-6	PKP033	1274	1274	6	feste?	feste	_	_	_	_	_	linguistic	_	none	Intonation=Rising	End=2111.09	_	_	_	_
1275-0	PKP036	1275	1275	0	poi	poi	_	_	_	_	_	linguistic	_	none	_	Begin=2111.494	_	_	_	_
1275-1	PKP036	1275	1275	1	siamo	siamo	_	_	_	_	_	linguistic	_	none	_	_	_	_	_	_
1275-2	PKP036	1275	1275	2	andati	andati	_	_	_	_	_	linguistic	_	none	_	_	_	_	_	_
1275-3	PKP036	1275	1275	3	giù	giù	_	_	_	_	_	linguistic	_	none	_	_	_	_	_	_
1275-4	PKP036	1275	1275	4	sì	sì	_	_	_	_	_	linguistic	_	none	_	End=2112.98	_	_	_	_
1276-0	PKP036	1276	1276	0	e:h	eh	_	_	_	_	_	linguistic	_	none	_	Begin=2114.19	0x1	_	_	_
1276-1	PKP036	1276	1276	1	m:h	mh	_	_	_	_	_	linguistic	_	none	_	End=2115.35	0x1	_	_	_
1277-0	PKP036	1277	1277	0	beh	beh	_	_	_	_	_	linguistic	_	none	_	Begin=2116.54	_	_	_	_
1277-1	PKP036	1277	1277	1	roberto	roberto	_	_	_	_	_	linguistic	_	none	_	_	_	_	_	_
1277-2	PKP036	1277	1277	2	non	non	_	_	_	_	_	linguistic	_	none	_	_	_	_	_	_
1277-3	PKP036	1277	1277	3	c(io)è	cioè	_	_	_	_	_	linguistic	_	none	_	_	_	_	1-3(0)	_
1277-4	PKP036	1277	1277	4	c'	c'	_	_	_	_	_	linguistic	_	none	SpaceAfter=No	_	_	_	_	_
1277-5	PKP036	1277	1277	5	è	è	_	_	_	_	_	linguistic	_	none	_	_	_	_	_	_
1277-6	PKP036	1277	1277	6	stato	stato	_	_	_	_	_	linguistic	_	none	_	_	_	_	_	_
1277-7	PKP036	1277	1277	7	quasi	quasi	_	_	_	_	_	linguistic	_	none	_	_	_	_	_	_
1277-8	PKP036	1277	1277	8	mai	mai	_	_	_	_	_	linguistic	_	none	_	_	_	_	_	_
1277-9	PKP036	1277	1277	9	qua	qua	_	_	_	_	_	linguistic	_	none	_	End=2118.85	_	_	_	_
1278-0	PKP036	1278	1278	0	in	in	_	_	_	_	_	linguistic	_	none	_	Begin=2118.91	_	_	_	_
1278-1	PKP036	1278	1278	1	realtà	realtà	_	_	_	_	_	linguistic	_	none	_	End=2119.55	_	_	_	_
1279-0	PKP037	1279	1279	0	mh	mh	_	_	_	_	_	linguistic	_	none	_	Begin=2120.05|End=2120.289	_	_	_	_
1280-0	PKP036	1280	1280	0	è	è	_	_	_	_	_	linguistic	_	none	_	Begin=2120.434	_	_	_	_
1280-1	PKP036	1280	1280	1	stato	stato	_	_	_	_	_	linguistic	_	none	_	_	_	_	_	_
1280-2	PKP036	1280	1280	2	quasi	quasi	_	_	_	_	_	linguistic	_	none	_	_	_	_	_	_
1280-3	PKP036	1280	1280	3	sempre	sempre	_	_	_	_	_	linguistic	_	none	_	_	_	_	_	_
1280-4	PKP036	1280	1280	4	in	in	_	_	_	_	_	linguistic	_	none	_	_	_	_	_	_
1280-5	PKP036	1280	1280	5	germania	germania	_	_	_	_	_	linguistic	_	none	_	End=2121.81	_	_	_	_
1281-0	PKP036	1281	1281	0	e:	e	_	_	_	_	_	linguistic	_	none	_	Begin=2123.52	0x1	_	_	_
1281-1	PKP036	1281	1281	1	quindi	quindi	_	_	_	_	_	linguistic	_	none	_	_	_	_	_	_
1281-2	PKP036	1281	1281	2	l'	l'	_	_	_	_	_	linguistic	_	none	SpaceAfter=No	_	_	_	_	_
1281-3	PKP036	1281	1281	3	ho	ho	_	_	_	_	_	linguistic	_	none	_	_	_	_	_	_
1281-4	PKP036	1281	1281	4	raggiunto	raggiunto	_	_	_	_	_	linguistic	_	none	_	_	_	_	_	_
1281-5	PKP036	1281	1281	5	io	io	_	_	_	_	_	linguistic	_	none	_	_	_	_	_	_
1281-6	PKP036	1281	1281	6	poi:	poi	_	_	_	_	_	linguistic	_	none	PauseAfter=Yes	_	2x1	_	_	_
1281-7	PKP036	1281	1281	7	{P}	{P}	_	_	_	_	_	shortpause	_	none	_	_	_	_	_	_
1281-8	PKP036	1281	1281	8	a	a	_	_	_	_	_	linguistic	_	none	_	_	_	_	_	_
1281-9	PKP036	1281	1281	9	roma	roma	_	_	_	_	_	linguistic	_	none	_	End=2126.73	_	_	_	_
1282-0	PKP036	1282	1282	0	so'	so'	_	_	_	_	_	linguistic	_	none	Truncated=Yes	Begin=2127.75	_	_	_	_
1282-1	PKP036	1282	1282	1	s[tata	stata	_	_	_	_	_	linguistic	_	none	_	_	_	_	_	1-5(350)
1282-2	PKP036	1282	1282	2	quasi	quasi	_	_	_	_	_	linguistic	_	none	_	_	_	_	_	0-5(350)
1282-3	PKP036	1282	1282	3	un	un	_	_	_	_	_	linguistic	_	none	_	_	_	_	_	0-2(350)
1282-4	PKP036	1282	1282	4	mese	mese	_	_	_	_	_	linguistic	_	none	_	_	_	_	_	0-4(350)
1282-5	PKP036	1282	1282	5	giù	giù	_	_	_	_	_	linguistic	_	none	PauseAfter=Yes	_	_	_	_	0-3(350)
1282-6	PKP036	1282	1282	6	{P}	{P}	_	_	_	_	_	shortpause	_	none	_	_	_	_	_	0-3(350)
1282-7	PKP036	1282	1282	7	alla	alla	_	_	_	_	_	linguistic	_	none	_	_	_	_	_	0-4(350)
1282-8	PKP036	1282	1282	8	fine]	fine	_	_	_	_	_	linguistic	_	none	_	End=2130.149	_	_	_	0-4(350)
1283-0	PKP033	1283	1283	0	[ah	ah	_	_	_	_	_	linguistic	_	none	PauseAfter=Yes	Begin=2127.96	_	_	_	0-2(350)
1283-1	PKP033	1283	1283	1	{P}	{P}	_	_	_	_	_	shortpause	_	none	_	_	_	_	_	0-3(350)
1283-2	PKP033	1283	1283	2	okay]	okay	_	_	_	_	_	linguistic	_	none	_	End=2130.18	_	_	_	0-4(350)
1284-0	PKP033	1284	1284	0	come	come	_	_	_	_	_	linguistic	_	none	_	Begin=2130.65	_	_	_	_
1284-1	PKP033	1284	1284	1	hai	hai	_	_	_	_	_	linguistic	_	none	_	_	_	_	_	_
1284-2	PKP033	1284	1284	2	fa[tto]	fatto	_	_	_	_	_	linguistic	_	none	_	End=2131.43	_	_	_	2-5(351)
1285-0	PKP036	1285	1285	0	[siamo]	siamo	_	_	_	_	_	linguistic	_	none	_	Begin=2131.02	_	_	_	0-5(351)
1285-1	PKP036	1285	1285	1	scesi:	scesi	_	_	_	_	_	linguistic	_	none	_	End=2132.73	4x1	_	_	_
1286-0	PKP033	1286	1286	0	hai	hai	_	_	_	_	_	linguistic	_	none	_	Begin=2133.274	_	_	_	_
1286-1	PKP033	1286	1286	1	lavorato	lavorato	_	_	_	_	_	linguistic	_	none	_	_	_	_	_	_
1286-2	PKP033	1286	1286	2	da	da	_	_	_	_	_	linguistic	_	none	_	_	_	_	_	_
1286-3	PKP033	1286	1286	3	casa?	casa	_	_	_	_	_	linguistic	_	none	Intonation=Rising	End=2134.229	_	_	_	_
1287-0	PKP036	1287	1287	0	°no	no	_	_	_	_	_	linguistic	_	none	Volume=low	Begin=2134.25	_	_	_	_
1287-1	PKP036	1287	1287	1	xx°	xx	_	_	_	_	_	unknown	_	none	Volume=low|Syllables=2	End=2135.24	_	_	_	_
1288-0	PKP033	1288	1288	0	e	e	_	_	_	_	_	linguistic	_	none	_	Begin=2135.934	_	_	_	_
1288-1	PKP033	1288	1288	1	vabbè	vabbè	_	_	_	_	_	linguistic	_	none	_	_	_	_	_	_
1288-2	PKP033	1288	1288	2	sei	sei	_	_	_	_	_	linguistic	_	none	_	_	_	_	_	_
1288-3	PKP033	1288	1288	3	stata	stata	_	_	_	_	_	linguistic	_	none	_	_	_	_	_	_
1288-4	PKP033	1288	1288	4	un	un	_	_	_	_	_	linguistic	_	none	_	_	_	_	_	_
1288-5	PKP033	1288	1288	5	mese	mese	_	_	_	_	_	linguistic	_	none	_	_	_	_	_	_
1288-6	PKP033	1288	1288	6	senza	senza	_	_	_	_	_	linguistic	_	none	_	_	_	_	_	_
1288-7	PKP033	1288	1288	7	lavo[rare]?	lavorare	_	_	_	_	_	linguistic	_	none	Intonation=Rising	End=2137.87	_	_	_	4-8(352)
1289-0	PKP036	1289	1289	0	[no	no	_	_	_	_	_	linguistic	_	none	_	Begin=2137.44	_	_	_	0-2(352)
1289-1	PKP036	1289	1289	1	beh]	beh	_	_	_	_	_	linguistic	_	none	_	_	_	_	_	0-3(352)
1289-2	PKP036	1289	1289	2	non	non	_	_	_	_	_	linguistic	_	none	_	_	_	_	_	_
1289-3	PKP036	1289	1289	3	è	è	_	_	_	_	_	linguistic	_	none	_	_	_	_	_	_
1289-4	PKP036	1289	1289	4	un	un	_	_	_	_	_	linguistic	_	none	_	_	_	_	_	_
1289-5	PKP036	1289	1289	5	mese	mese	_	_	_	_	_	linguistic	_	none	_	_	_	_	_	_
1289-6	PKP036	1289	1289	6	vero	vero	_	_	_	_	_	linguistic	_	none	_	End=2138.89	_	_	_	_
1290-0	PKP036	1290	1290	0	sono	sono	_	_	_	_	_	linguistic	_	none	_	Begin=2139.36	_	_	_	_
1290-1	PKP036	1290	1290	1	scesa,	scesa	_	_	_	_	_	linguistic	_	none	Intonation=WeaklyRising	End=2140.33	_	_	_	_
1291-0	PKP036	1291	1291	0	m:h	mh	_	_	_	_	_	linguistic	_	none	_	Begin=2140.96|End=2141.78	0x1	_	_	_
1292-0	PKP037	1292	1292	0	[il	il	_	_	_	_	_	linguistic	_	none	_	Begin=2142.26	_	_	_	0-2(353)
1292-1	PKP037	1292	1292	1	venti]	venti	_	_	_	_	_	linguistic	_	none	_	End=2142.859	_	_	_	0-5(353)
1293-0	PKP036	1293	1293	0	[il	il	_	_	_	_	_	linguistic	_	none	_	Begin=2142.267	_	_	_	0-2(353)
1293-1	PKP036	1293	1293	1	venti]	venti	_	_	_	_	_	linguistic	_	none	_	_	_	_	_	0-5(353)
1293-2	PKP036	1293	1293	2	tipo	tipo	_	_	_	_	_	linguistic	_	none	_	End=2143.44	_	_	_	_
1294-0	PKP036	1294	1294	0	so'	so'	_	_	_	_	_	linguistic	_	none	Truncated=Yes	Begin=2144.63	_	_	_	_
1294-1	PKP036	1294	1294	1	risalita	risalita	_	_	_	_	_	linguistic	_	none	_	_	_	_	_	_
1294-2	PKP036	1294	1294	2	l'	l'	_	_	_	_	_	linguistic	_	none	SpaceAfter=No	_	_	_	_	_
1294-3	PKP036	1294	1294	3	otto	otto	_	_	_	_	_	linguistic	_	none	_	End=2145.59	_	_	_	_
1295-0	PKP036	1295	1295	0	no	no	_	_	_	_	_	linguistic	_	none	_	Begin=2145.825	_	_	_	_
1295-1	PKP036	1295	1295	1	non	non	_	_	_	_	_	linguistic	_	none	_	_	_	_	_	_
1295-2	PKP036	1295	1295	2	è	è	_	_	_	_	_	linguistic	_	none	_	_	_	_	_	_
1295-3	PKP036	1295	1295	3	un	un	_	_	_	_	_	linguistic	_	none	_	_	_	_	_	_
1295-4	PKP036	1295	1295	4	mese	mese	_	_	_	_	_	linguistic	_	none	_	End=2146.6	_	_	_	_
1296-0	PKP033	1296	1296	0	ah	ah	_	_	_	_	_	linguistic	_	none	_	Begin=2147.15	_	_	_	_
1296-1	PKP033	1296	1296	1	vabbè	vabbè	_	_	_	_	_	linguistic	_	none	_	_	_	_	_	_
1296-2	PKP033	1296	1296	2	okay	okay	_	_	_	_	_	linguistic	_	none	_	End=2148.3	_	_	_	_
1297-0	PKP033	1297	1297	0	non	non	_	_	_	_	_	linguistic	_	none	_	Begin=2148.64	_	_	_	_
1297-1	PKP033	1297	1297	1	è	è	_	_	_	_	_	linguistic	_	none	_	_	_	_	_	_
1297-2	PKP033	1297	1297	2	un	un	_	_	_	_	_	linguistic	_	none	_	_	_	_	_	_
1297-3	PKP033	1297	1297	3	mese	mese	_	_	_	_	_	linguistic	_	none	_	_	_	_	_	_
1297-4	PKP033	1297	1297	4	sì	sì	_	_	_	_	_	linguistic	_	none	_	End=2149.67	_	_	_	_
1298-0	PKP036	1298	1298	0	mh	mh	_	_	_	_	_	linguistic	_	none	_	Begin=2149.84|End=2150.38	_	_	_	_
1299-0	PKP036	1299	1299	0	e:h	eh	_	_	_	_	_	linguistic	_	none	_	Begin=2151.02	0x1	_	_	_
1299-1	PKP036	1299	1299	1	mh	mh	_	_	_	_	_	linguistic	_	none	_	End=2152.2	_	_	_	_
1300-0	PKP036	1300	1300	0	però	però	_	_	_	_	_	linguistic	_	none	_	Begin=2152.22	_	_	_	_
1300-1	PKP036	1300	1300	1	sì	sì	_	_	_	_	_	linguistic	_	none	_	_	_	_	_	_
1300-2	PKP036	1300	1300	2	non	non	_	_	_	_	_	linguistic	_	none	_	_	_	_	_	_
1300-3	PKP036	1300	1300	3	ho	ho	_	_	_	_	_	linguistic	_	none	_	_	_	_	_	_
1300-4	PKP036	1300	1300	4	lavorato	lavorato	_	_	_	_	_	linguistic	_	none	_	_	_	_	_	_
1300-5	PKP036	1300	1300	5	per	per	_	_	_	_	_	linguistic	_	none	_	_	_	_	_	_
1300-6	PKP036	1300	1300	6	niente	niente	_	_	_	_	_	linguistic	_	none	_	End=2153.84	_	_	_	_
1301-0	PKP033	1301	1301	0	vabbè	vabbè	_	_	_	_	_	linguistic	_	none	_	Begin=2155.354	_	_	_	_
1301-1	PKP033	1301	1301	1	ma	ma	_	_	_	_	_	linguistic	_	none	_	_	_	_	_	_
1301-2	PKP033	1301	1301	2	forse	forse	_	_	_	_	_	linguistic	_	none	_	_	_	_	_	_
1301-3	PKP033	1301	1301	3	avete	avete	_	_	_	_	_	linguistic	_	none	_	_	_	_	_	_
1301-4	PKP033	1301	1301	4	poca	poca	_	_	_	_	_	linguistic	_	none	_	_	_	_	_	_
1301-5	PKP033	1301	1301	5	attività	attività	_	_	_	_	_	linguistic	_	none	_	_	_	_	_	_
1301-6	PKP033	1301	1301	6	durante	durante	_	_	_	_	_	linguistic	_	none	_	_	_	_	_	_
1301-7	PKP033	1301	1301	7	le	le	_	_	_	_	_	linguistic	_	none	_	_	_	_	_	_
1301-8	PKP033	1301	1301	8	fes[(te)]	feste	_	_	_	_	_	linguistic	_	none	_	End=2157.82	_	_	3-5(0)	3-5(354)
1302-0	PKP036	1302	1302	0	[ma	ma	_	_	_	_	_	linguistic	_	none	_	Begin=2157.45	_	_	_	0-2(?)
1302-1	PKP036	1302	1302	1	sì	sì	_	_	_	_	_	linguistic	_	none	PauseAfter=Yes	_	_	_	_	0-2(?)
1302-2	PKP036	1302	1302	2	{P}	{P}	_	_	_	_	_	shortpause	_	none	_	_	_	_	_	0-3(?)
1302-3	PKP036	1302	1302	3	è	è	_	_	_	_	_	linguistic	_	none	_	_	_	_	_	0-1(?)
1302-4	PKP036	1302	1302	4	vero]	vero	_	_	_	_	_	linguistic	_	none	_	End=2158.81	_	_	_	0-4(?)
1303-0	PKP033	1303	1303	0	[eh	eh	_	_	_	_	_	linguistic	_	none	_	Begin=2157.86	_	_	_	0-2(355)
1303-1	PKP033	1303	1303	1	appunto	appunto	_	_	_	_	_	linguistic	_	none	_	_	_	_	_	0-7(355)
1303-2	PKP033	1303	1303	2	s]ì	sì	_	_	_	_	_	linguistic	_	none	_	End=2159.11	_	_	_	0-1(355)
1304-0	PKP033	1304	1304	0	certo	certo	_	_	_	_	_	linguistic	_	none	_	Begin=2159.17|End=2159.43	_	_	_	_
1305-0	PKP033	1305	1305	0	e	e	_	_	_	_	_	linguistic	_	none	_	Begin=2159.46	_	_	_	_
1305-1	PKP033	1305	1305	1	invece	invece	_	_	_	_	_	linguistic	_	none	_	_	_	_	_	_
1305-2	PKP033	1305	1305	2	d'	d'	_	_	_	_	_	linguistic	_	none	SpaceAfter=No	_	_	_	_	_
1305-3	PKP033	1305	1305	3	estate	estate	_	_	_	_	_	linguistic	_	none	_	_	_	_	_	_
1305-4	PKP033	1305	1305	4	lavori	lavori	_	_	_	_	_	linguistic	_	none	_	_	_	_	_	_
1305-5	PKP033	1305	1305	5	di	di	_	_	_	_	_	linguistic	_	none	_	_	_	_	_	_
1305-6	PKP033	1305	1305	6	p[iù	più	_	_	_	_	_	linguistic	_	none	_	_	_	_	_	0-3(?)
1305-7	PKP033	1305	1305	7	sì	sì	_	_	_	_	_	linguistic	_	none	_	_	_	_	_	0-2(?)
1305-8	PKP033	1305	1305	8	ci	ci	_	_	_	_	_	linguistic	_	none	_	_	_	_	_	0-2(?)
1305-9	PKP033	1305	1305	9	s~	s~	_	_	_	_	_	linguistic	_	none	Interrupted=Yes	_	_	_	_	0-2(?)
1305-10	PKP033	1305	1305	10	giusto?	giusto	_	_	_	_	_	linguistic	_	none	Intonation=Rising	_	_	_	_	0-6(?)
1305-11	PKP033	1305	1305	11	nel	nel	_	_	_	_	_	linguistic	_	none	_	_	_	_	_	0-3(?)
1305-12	PKP033	1305	1305	12	senso]	senso	_	_	_	_	_	linguistic	_	none	_	End=2163.07	_	_	_	0-5(?)
1306-0	PKP036	1306	1306	0	[xxxx]	xxxx	_	_	_	_	_	unknown	_	none	Syllables=4	Begin=2160.85|End=2162.43	_	_	_	0-4(356)
1307-0	PKP036	1307	1307	0	[no	no	_	_	_	_	_	linguistic	_	none	_	Begin=2162.53	_	_	_	0-2(357)
1307-1	PKP036	1307	1307	1	d'	d'	_	_	_	_	_	linguistic	_	none	SpaceAfter=No	_	_	_	_	0-2(357)
1307-2	PKP036	1307	1307	2	inver]no	inverno	_	_	_	_	_	linguistic	_	none	_	_	_	_	_	0-5(357)
1307-3	PKP036	1307	1307	3	non:	non	_	_	_	_	_	linguistic	_	none	_	End=2163.93	2x1	_	_	_
1308-0	PKP036	1308	1308	0	°non	non	_	_	_	_	_	linguistic	_	none	Volume=low	Begin=2164.37	_	_	_	_
1308-1	PKP036	1308	1308	1	ci	ci	_	_	_	_	_	linguistic	_	none	Volume=low	_	_	_	_	_
1308-2	PKP036	1308	1308	2	caga	caga	_	_	_	_	_	linguistic	_	none	Volume=low	_	_	_	_	_
1308-3	PKP036	1308	1308	3	nessuno°	nessuno	_	_	_	_	_	linguistic	_	none	Volume=low	End=2165.64	_	_	_	_
1309-0	PKP036	1309	1309	0	{ride}	{ride}	_	_	_	_	_	nonverbalbehavior	_	none	_	Begin=2165.77|End=2166.74	_	_	_	_
1310-0	PKP033	1310	1310	0	{ride}	{ride}	_	_	_	_	_	nonverbalbehavior	_	none	_	Begin=2165.77|End=2167.09	_	_	_	_
1311-0	PKP037	1311	1311	0	{ride}	{ride}	_	_	_	_	_	nonverbalbehavior	_	none	_	Begin=2166.01|End=2167.08	_	_	_	_
1312-0	PKP036	1312	1312	0	perché	perché	_	_	_	_	_	linguistic	_	none	_	Begin=2166.96	_	_	_	_
1312-1	PKP036	1312	1312	1	le	le	_	_	_	_	_	linguistic	_	none	_	_	_	_	_	_
1312-2	PKP036	1312	1312	2	scuole	scuole	_	_	_	_	_	linguistic	_	none	_	_	_	_	_	_
1312-3	PKP036	1312	1312	3	so'	so'	_	_	_	_	_	linguistic	_	none	Truncated=Yes	_	_	_	_	_
1312-4	PKP036	1312	1312	4	chiuse	chiuse	_	_	_	_	_	linguistic	_	none	_	_	_	_	_	_
1312-5	PKP036	1312	1312	5	quindi	quindi	_	_	_	_	_	linguistic	_	none	_	End=2168.57	_	_	_	_
1313-0	PKP033	1313	1313	0	gius[to]	giusto	_	_	_	_	_	linguistic	_	none	_	Begin=2169.24|End=2169.93	_	_	_	4-6(358)
1314-0	PKP036	1314	1314	0	[nessuno	nessuno	_	_	_	_	_	linguistic	_	none	_	Begin=2169.48	_	_	_	0-7(358)
1314-1	PKP036	1314	1314	1	c]i	ci	_	_	_	_	_	linguistic	_	none	_	_	_	_	_	0-1(358)
1314-2	PKP036	1314	1314	2	scrive	scrive	_	_	_	_	_	linguistic	_	none	_	End=2170.479	_	_	_	_
1315-0	PKP033	1315	1315	0	mhmh	mhmh	_	_	_	_	_	linguistic	_	none	_	Begin=2170.49|End=2171.04	_	_	_	_
1316-0	PKP036	1316	1316	0	però	però	_	_	_	_	_	linguistic	_	none	_	Begin=2172.487	_	_	_	_
1316-1	PKP036	1316	1316	1	ora	ora	_	_	_	_	_	linguistic	_	none	_	_	_	_	_	_
1316-2	PKP036	1316	1316	2	siamo	siamo	_	_	_	_	_	linguistic	_	none	_	_	_	_	_	_
1316-3	PKP036	1316	1316	3	ritornati	ritornati	_	_	_	_	_	linguistic	_	none	_	_	_	_	_	_
1316-4	PKP036	1316	1316	4	invece	invece	_	_	_	_	_	linguistic	_	none	PauseAfter=Yes	_	_	_	_	_
1316-5	PKP036	1316	1316	5	{P}	{P}	_	_	_	_	_	shortpause	_	none	_	_	_	_	_	_
1316-6	PKP036	1316	1316	6	tutti	tutti	_	_	_	_	_	linguistic	_	none	_	_	_	_	_	_
1316-7	PKP036	1316	1316	7	si	si	_	_	_	_	_	linguistic	_	none	_	_	_	_	_	_
1316-8	PKP036	1316	1316	8	risv[egliano	risvegliano	_	_	_	_	_	linguistic	_	none	_	_	_	_	_	4-11(359)
1316-9	PKP036	1316	1316	9	e:	e	_	_	_	_	_	linguistic	_	none	_	_	0x1	_	_	0-1(359)
1316-10	PKP036	1316	1316	10	(non	non	_	_	_	_	_	linguistic	_	none	_	_	_	_	0-3(0)	0-3(359)
1316-11	PKP036	1316	1316	11	ho	ho	_	_	_	_	_	linguistic	_	none	_	_	_	_	0-2(0)	0-2(359)
1316-12	PKP036	1316	1316	12	capito)	capito	_	_	_	_	_	linguistic	_	none	_	_	_	_	0-6(0)	0-6(359)
1316-13	PKP036	1316	1316	13	le	le	_	_	_	_	_	linguistic	_	none	_	_	_	_	_	0-2(359)
1316-14	PKP036	1316	1316	14	scuo]le	scuole	_	_	_	_	_	linguistic	_	none	_	_	_	_	_	0-4(359)
1316-15	PKP036	1316	1316	15	che	che	_	_	_	_	_	linguistic	_	none	_	_	_	_	_	_
1316-16	PKP036	1316	1316	16	riaprono	riaprono	_	_	_	_	_	linguistic	_	none	_	End=2177.32	_	_	_	_
1317-0	PKP033	1317	1317	0	[è	è	_	_	_	_	_	linguistic	_	none	_	Begin=2174.989	_	_	_	0-1(359)
1317-1	PKP033	1317	1317	1	esploso]	esploso	_	_	_	_	_	linguistic	_	none	_	End=2175.939	_	_	_	0-7(359)
1318-0	PKP033	1318	1318	0	okay	okay	_	_	_	_	_	linguistic	_	none	_	Begin=2177.97|End=2178.57	_	_	_	_
1319-0	PKP036	1319	1319	0	quindi:	quindi	_	_	_	_	_	linguistic	_	none	_	Begin=2178.867	5x1	_	_	_
1319-1	PKP036	1319	1319	1	sì	sì	_	_	_	_	_	linguistic	_	none	_	_	_	_	_	_
1319-2	PKP036	1319	1319	2	ora	ora	_	_	_	_	_	linguistic	_	none	_	_	_	_	_	_
1319-3	PKP036	1319	1319	3	è	è	_	_	_	_	_	linguistic	_	none	_	_	_	_	_	_
1319-4	PKP036	1319	1319	4	un	un	_	_	_	_	_	linguistic	_	none	_	_	_	_	_	_
1319-5	PKP036	1319	1319	5	po'	po'	_	_	_	_	_	linguistic	_	none	_	End=2180.52	_	_	_	_
1320-0	PKP036	1320	1320	0	sono	sono	_	_	_	_	_	linguistic	_	none	_	Begin=2182.3	_	_	_	_
1320-1	PKP036	1320	1320	1	un	un	_	_	_	_	_	linguistic	_	none	_	_	_	_	_	_
1320-2	PKP036	1320	1320	2	po'	po'	_	_	_	_	_	linguistic	_	none	_	_	_	_	_	_
1320-3	PKP036	1320	1320	3	stanca	stanca	_	_	_	_	_	linguistic	_	none	_	_	_	_	_	_
1320-4	PKP036	1320	1320	4	da	da	_	_	_	_	_	linguistic	_	none	_	_	_	_	_	_
1320-5	PKP036	1320	1320	5	questa	questa	_	_	_	_	_	linguistic	_	none	_	_	_	_	_	_
1320-6	PKP036	1320	1320	6	settimana	settimana	_	_	_	_	_	linguistic	_	none	_	_	_	_	_	_
1320-7	PKP036	1320	1320	7	di	di	_	_	_	_	_	linguistic	_	none	_	_	_	_	_	_
1320-8	PKP036	1320	1320	8	rientro	rientro	_	_	_	_	_	linguistic	_	none	_	End=2185.02	_	_	_	_
1321-0	PKP036	1321	1321	0	però	però	_	_	_	_	_	linguistic	_	none	_	Begin=2186.18	_	_	_	_
1321-1	PKP036	1321	1321	1	quando	quando	_	_	_	_	_	linguistic	_	none	_	_	_	_	_	_
1321-2	PKP036	1321	1321	2	siamo	siamo	_	_	_	_	_	linguistic	_	none	_	_	_	_	_	_
1321-3	PKP036	1321	1321	3	risaliti	risaliti	_	_	_	_	_	linguistic	_	none	_	_	_	_	_	_
1321-4	PKP036	1321	1321	4	in	in	_	_	_	_	_	linguistic	_	none	_	_	_	_	_	_
1321-5	PKP036	1321	1321	5	macchina	macchina	_	_	_	_	_	linguistic	_	none	_	_	_	_	_	_
1321-6	PKP036	1321	1321	6	quindi	quindi	_	_	_	_	_	linguistic	_	none	_	End=2188.18	_	_	_	_
1322-0	PKP036	1322	1322	0	e:	e	_	_	_	_	_	linguistic	_	none	_	Begin=2188.79	0x1	_	_	_
1322-1	PKP036	1322	1322	1	ho	ho	_	_	_	_	_	linguistic	_	none	_	_	_	_	_	_
1322-2	PKP036	1322	1322	2	provato	provato	_	_	_	_	_	linguistic	_	none	_	_	_	_	_	_
1322-3	PKP036	1322	1322	3	ad	ad	_	_	_	_	_	linguistic	_	none	_	_	_	_	_	_
1322-4	PKP036	1322	1322	4	andare	andare	_	_	_	_	_	linguistic	_	none	_	_	_	_	_	_
1322-5	PKP036	1322	1322	5	in	in	_	_	_	_	_	linguistic	_	none	_	_	_	_	_	_
1322-6	PKP036	1322	1322	6	ufficio	ufficio	_	_	_	_	_	linguistic	_	none	_	_	_	_	_	_
1322-7	PKP036	1322	1322	7	in	in	_	_	_	_	_	linguistic	_	none	_	_	_	_	_	_
1322-8	PKP036	1322	1322	8	macchina	macchina	_	_	_	_	_	linguistic	_	none	_	End=2191.33	_	_	_	_
1323-0	PKP033	1323	1323	0	sì:	sì	_	_	_	_	_	linguistic	_	none	_	Begin=2191.64|End=2192.28	1x1	_	_	_
1324-0	PKP033	1324	1324	0	e?	e	_	_	_	_	_	linguistic	_	none	Intonation=Rising	Begin=2192.62|End=2193.11	_	_	_	_
1325-0	PKP036	1325	1325	0	sono	sono	_	_	_	_	_	linguistic	_	none	_	Begin=2194.05	_	_	_	_
1325-1	PKP036	1325	1325	1	contenta	contenta	_	_	_	_	_	linguistic	_	none	_	_	_	_	_	_
1325-2	PKP036	1325	1325	2	{ride}	{ride}	_	_	_	_	_	nonverbalbehavior	_	none	_	End=2196.4	_	_	_	_
1326-0	PKP037	1326	1326	0	[xxx]	xxx	_	_	_	_	_	unknown	_	none	Syllables=3	Begin=2195.16|End=2196.38	_	_	_	0-3(521)
1327-0	PKP033	1327	1327	0	[non	non	_	_	_	_	_	linguistic	_	none	_	Begin=2195.52	_	_	_	0-3(?)
1327-1	PKP033	1327	1327	1	è	è	_	_	_	_	_	linguistic	_	none	_	_	_	_	_	0-1(?)
1327-2	PKP033	1327	1327	2	una	una	_	_	_	_	_	linguistic	_	none	_	_	_	_	_	0-3(?)
1327-3	PKP033	1327	1327	3	brutta	brutta	_	_	_	_	_	linguistic	_	none	_	_	_	_	_	0-6(?)
1327-4	PKP033	1327	1327	4	sensazione]	sensazione	_	_	_	_	_	linguistic	_	none	_	End=2197.1	_	_	_	0-10(?)
1328-0	PKP036	1328	1328	0	[non	non	_	_	_	_	_	linguistic	_	none	_	Begin=2196.53	_	_	_	0-3(360)
1328-1	PKP036	1328	1328	1	è	è	_	_	_	_	_	linguistic	_	none	_	_	_	_	_	0-1(360)
1328-2	PKP036	1328	1328	2	ma]le	male	_	_	_	_	_	linguistic	_	none	_	_	_	_	_	0-2(360)
1328-3	PKP036	1328	1328	3	{ride}	{ride}	_	_	_	_	_	nonverbalbehavior	_	none	_	End=2197.42	_	_	_	_
1329-0	PKP033	1329	1329	0	sì	sì	_	_	_	_	_	linguistic	_	none	_	Begin=2197.57|End=2197.859	_	_	_	_
1330-0	PKP037	1330	1330	0	(che)	che	_	_	_	_	_	linguistic	_	none	_	Begin=2197.9	_	_	0-3(0)	_
1330-1	PKP037	1330	1330	1	borghese	borghese	_	_	_	_	_	linguistic	_	none	_	End=2199.1	_	_	_	_
1331-0	PKP033	1331	1331	0	{ride}	{ride}	_	_	_	_	_	nonverbalbehavior	_	none	_	Begin=2199.22|End=2200.3	_	_	_	_
1332-0	PKP036	1332	1332	0	un	un	_	_	_	_	_	linguistic	_	none	_	Begin=2199.7	_	_	_	_
1332-1	PKP036	1332	1332	1	po'	po'	_	_	_	_	_	linguistic	_	none	_	_	_	_	_	_
1332-2	PKP036	1332	1332	2	borghese	borghese	_	_	_	_	_	linguistic	_	none	_	End=2200.65	_	_	_	_
1333-0	PKP033	1333	1333	0	ma	ma	_	_	_	_	_	linguistic	_	none	PauseAfter=Yes	Begin=2201.334	_	_	_	_
1333-1	PKP033	1333	1333	1	{P}	{P}	_	_	_	_	_	shortpause	_	none	_	_	_	_	_	_
1333-2	PKP033	1333	1333	2	ripetimi	ripetimi	_	_	_	_	_	linguistic	_	none	_	_	_	_	_	_
1333-3	PKP033	1333	1333	3	dov'	dov'	_	_	_	_	_	linguistic	_	none	SpaceAfter=No	_	_	_	_	_
1333-4	PKP033	1333	1333	4	è	è	_	_	_	_	_	linguistic	_	none	_	_	_	_	_	_
1333-5	PKP033	1333	1333	5	l'	l'	_	_	_	_	_	linguistic	_	none	SpaceAfter=No	_	_	_	_	_
1333-6	PKP033	1333	1333	6	ufficio	ufficio	_	_	_	_	_	linguistic	_	none	_	End=2202.8	_	_	_	_
1334-0	PKP036	1334	1334	0	mh	mh	_	_	_	_	_	linguistic	_	none	_	Begin=2203.827|End=2204.39	_	_	_	_
1335-0	PKP036	1335	1335	0	emilia	emilia	_	_	_	_	_	linguistic	_	none	_	Begin=2206.01	_	_	_	_
1335-1	PKP036	1335	1335	1	ponente	ponente	_	_	_	_	_	linguistic	_	none	_	End=2207.06	_	_	_	_
1336-0	PKP033	1336	1336	0	eh	eh	_	_	_	_	_	linguistic	_	none	_	Begin=2207.09	_	_	_	_
1336-1	PKP033	1336	1336	1	sì	sì	_	_	_	_	_	linguistic	_	none	_	End=2207.76	_	_	_	_
1337-0	PKP036	1337	1337	0	è	è	_	_	_	_	_	linguistic	_	none	_	Begin=2208.04	_	_	_	_
1337-1	PKP036	1337	1337	1	santa	santa	_	_	_	_	_	linguistic	_	none	_	_	_	_	_	_
1337-2	PKP036	1337	1337	2	viola	viola	_	_	_	_	_	linguistic	_	none	_	_	_	_	_	_
1337-3	PKP036	1337	1337	3	[xxxxx]	xxxxx	_	_	_	_	_	unknown	_	none	Syllables=5	End=2210.18	_	_	_	0-5(361)
1338-0	PKP033	1338	1338	0	[sì	sì	_	_	_	_	_	linguistic	_	none	_	Begin=2209.03	_	_	_	0-2(361)
1338-1	PKP033	1338	1338	1	sì	sì	_	_	_	_	_	linguistic	_	none	_	_	_	_	_	0-2(361)
1338-2	PKP033	1338	1338	2	sì	sì	_	_	_	_	_	linguistic	_	none	PauseAfter=Yes	_	_	_	_	0-2(361)
1338-3	PKP033	1338	1338	3	{P}	{P}	_	_	_	_	_	shortpause	_	none	_	_	_	_	_	0-3(361)
1338-4	PKP033	1338	1338	4	lo	lo	_	_	_	_	_	linguistic	_	none	_	_	_	_	_	0-2(361)
1338-5	PKP033	1338	1338	5	so]	so	_	_	_	_	_	linguistic	_	none	_	End=2210.19	_	_	_	0-2(361)
1339-0	PKP033	1339	1339	0	non	non	_	_	_	_	_	linguistic	_	none	_	Begin=2211.215	_	_	_	_
1339-1	PKP033	1339	1339	1	è	è	_	_	_	_	_	linguistic	_	none	_	_	_	_	_	_
1339-2	PKP033	1339	1339	2	vicino	vicino	_	_	_	_	_	linguistic	_	none	_	End=2211.909	_	_	_	_
1340-0	PKP036	1340	1340	0	no	no	_	_	_	_	_	linguistic	_	none	_	Begin=2211.95|End=2212.52	_	_	_	_
1341-0	PKP033	1341	1341	0	[mh	mh	_	_	_	_	_	linguistic	_	none	PauseAfter=Yes	Begin=2214.099	_	_	_	0-2(362)
1341-1	PKP033	1341	1341	1	{P}	{P}	_	_	_	_	_	shortpause	_	none	_	_	_	_	_	0-3(362)
1341-2	PKP033	1341	1341	2	gius]to	giusto	_	_	_	_	_	linguistic	_	none	_	End=2215.18	_	_	_	0-4(362)
1342-0	PKP036	1342	1342	0	[quando	quando	_	_	_	_	_	linguistic	_	none	_	Begin=2214.63	_	_	_	0-6(362)
1342-1	PKP036	1342	1342	1	si	si	_	_	_	_	_	linguistic	_	none	_	_	_	_	_	0-2(362)
1342-2	PKP036	1342	1342	2	sta]	sta	_	_	_	_	_	linguistic	_	none	_	_	_	_	_	0-3(362)
1342-3	PKP036	1342	1342	3	un	un	_	_	_	_	_	linguistic	_	none	_	_	_	_	_	_
1342-4	PKP036	1342	1342	4	po'	po'	_	_	_	_	_	linguistic	_	none	_	_	_	_	_	_
1342-5	PKP036	1342	1342	5	meglio	meglio	_	_	_	_	_	linguistic	_	none	_	_	_	_	_	_
1342-6	PKP036	1342	1342	6	vado	vado	_	_	_	_	_	linguistic	_	none	_	_	_	_	_	_
1342-7	PKP036	1342	1342	7	pure	pure	_	_	_	_	_	linguistic	_	none	_	_	_	_	_	_
1342-8	PKP036	1342	1342	8	in	in	_	_	_	_	_	linguistic	_	none	_	_	_	_	_	_
1342-9	PKP036	1342	1342	9	bici	bici	_	_	_	_	_	linguistic	_	none	_	End=2216.72	_	_	_	_
1343-0	PKP036	1343	1343	0	ma	ma	_	_	_	_	_	linguistic	_	none	_	Begin=2217.21	_	_	_	_
1343-1	PKP036	1343	1343	1	ora	ora	_	_	_	_	_	linguistic	_	none	_	_	_	_	_	_
1343-2	PKP036	1343	1343	2	no	no	_	_	_	_	_	linguistic	_	none	_	End=2217.95	_	_	_	_
1344-0	PKP033	1344	1344	0	c(io)è	cioè	_	_	_	_	_	linguistic	_	none	_	Begin=2218.94	_	_	1-3(0)	_
1344-1	PKP033	1344	1344	1	quindi	quindi	_	_	_	_	_	linguistic	_	none	_	_	_	_	_	_
1344-2	PKP033	1344	1344	2	adesso	adesso	_	_	_	_	_	linguistic	_	none	_	_	_	_	_	_
1344-3	PKP033	1344	1344	3	hai	hai	_	_	_	_	_	linguistic	_	none	_	_	_	_	_	_
1344-4	PKP033	1344	1344	4	preso	preso	_	_	_	_	_	linguistic	_	none	_	_	_	_	_	_
1344-5	PKP033	1344	1344	5	ad	ad	_	_	_	_	_	linguistic	_	none	_	_	_	_	_	_
1344-6	PKP033	1344	1344	6	andare	andare	_	_	_	_	_	linguistic	_	none	_	_	_	_	_	_
1344-7	PKP033	1344	1344	7	in	in	_	_	_	_	_	linguistic	_	none	_	_	_	_	_	_
1344-8	PKP033	1344	1344	8	macchina	macchina	_	_	_	_	_	linguistic	_	none	_	End=2221.12	_	_	_	_
1345-0	PKP036	1345	1345	0	questa	questa	_	_	_	_	_	linguistic	_	none	_	Begin=2221.2	_	_	_	_
1345-1	PKP036	1345	1345	1	settimana	settimana	_	_	_	_	_	linguistic	_	none	_	_	_	_	_	_
1345-2	PKP036	1345	1345	2	so'	so'	_	_	_	_	_	linguistic	_	none	Truncated=Yes	_	_	_	_	_
1345-3	PKP036	1345	1345	3	andata	andata	_	_	_	_	_	linguistic	_	none	_	_	_	_	_	_
1345-4	PKP036	1345	1345	4	tutti	tutti	_	_	_	_	_	linguistic	_	none	_	_	_	_	_	_
1345-5	PKP036	1345	1345	5	i	i	_	_	_	_	_	linguistic	_	none	_	_	_	_	_	_
1345-6	PKP036	1345	1345	6	giorni	giorni	_	_	_	_	_	linguistic	_	none	_	End=2222.78	_	_	_	_
1346-0	PKP033	1346	1346	0	mhmh	mhmh	_	_	_	_	_	linguistic	_	none	_	Begin=2223.0|End=2223.59	_	_	_	_
1347-0	PKP036	1347	1347	0	e:hm:	ehm	_	_	_	_	_	linguistic	_	none	_	Begin=2224.534|End=2225.46	0x1,2x1	_	_	_
1348-0	PKP036	1348	1348	0	però	però	_	_	_	_	_	linguistic	_	none	_	Begin=2226.3	_	_	_	_
1348-1	PKP036	1348	1348	1	vediamo	vediamo	_	_	_	_	_	linguistic	_	none	_	End=2226.76	_	_	_	_
1349-0	PKP036	1349	1349	0	che	che	_	_	_	_	_	linguistic	_	none	_	Begin=2228.34	_	_	_	_
1349-1	PKP036	1349	1349	1	poi	poi	_	_	_	_	_	linguistic	_	none	_	_	_	_	_	_
1349-2	PKP036	1349	1349	2	quando	quando	_	_	_	_	_	linguistic	_	none	_	_	_	_	_	_
1349-3	PKP036	1349	1349	3	ho	ho	_	_	_	_	_	linguistic	_	none	_	_	_	_	_	_
1349-4	PKP036	1349	1349	4	i	i	_	_	_	_	_	linguistic	_	none	_	_	_	_	_	_
1349-5	PKP036	1349	1349	5	corsi	corsi	_	_	_	_	_	linguistic	_	none	_	_	_	_	_	_
1349-6	PKP036	1349	1349	6	invece	invece	_	_	_	_	_	linguistic	_	none	_	_	_	_	_	_
1349-7	PKP036	1349	1349	7	sto	sto	_	_	_	_	_	linguistic	_	none	_	_	_	_	_	_
1349-8	PKP036	1349	1349	8	qua	qua	_	_	_	_	_	linguistic	_	none	_	_	_	_	_	_
1349-9	PKP036	1349	1349	9	quindi	quindi	_	_	_	_	_	linguistic	_	none	_	End=2230.48	_	_	_	_
1350-0	PKP036	1350	1350	0	non	non	_	_	_	_	_	linguistic	_	none	_	Begin=2231.27	_	_	_	_
1350-1	PKP036	1350	1350	1	sarò	sarò	_	_	_	_	_	linguistic	_	none	_	_	_	_	_	_
1350-2	PKP036	1350	1350	2	sempre	sempre	_	_	_	_	_	linguistic	_	none	_	_	_	_	_	_
1350-3	PKP036	1350	1350	3	x	x	_	_	_	_	_	unknown	_	none	Syllables=1	End=2232.66	_	_	_	_
1351-0	PKP033	1351	1351	0	okay	okay	_	_	_	_	_	linguistic	_	none	_	Begin=2232.89|End=2233.46	_	_	_	_
1352-0	PKP033	1352	1352	0	°ho	ho	_	_	_	_	_	linguistic	_	none	Volume=low	Begin=2233.95	_	_	_	_
1352-1	PKP033	1352	1352	1	capito°	capito	_	_	_	_	_	linguistic	_	none	Volume=low	End=2234.9	_	_	_	_
1353-0	PKP036	1353	1353	0	e	e	_	_	_	_	_	linguistic	_	none	_	Begin=2235.33	_	_	_	_
1353-1	PKP036	1353	1353	1	vabbè	vabbè	_	_	_	_	_	linguistic	_	none	PauseAfter=Yes	_	_	_	_	_
1353-2	PKP036	1353	1353	2	{P}	{P}	_	_	_	_	_	shortpause	_	none	_	_	_	_	_	_
1353-3	PKP036	1353	1353	3	questo	questo	_	_	_	_	_	linguistic	_	none	_	End=2236.33	_	_	_	_
1354-0	PKP036	1354	1354	0	che	che	_	_	_	_	_	linguistic	_	none	_	Begin=2236.57	_	_	_	_
1354-1	PKP036	1354	1354	1	altro	altro	_	_	_	_	_	linguistic	_	none	_	_	_	_	_	_
1354-2	PKP036	1354	1354	2	abbiamo	abbiamo	_	_	_	_	_	linguistic	_	none	_	_	_	_	_	_
1354-3	PKP036	1354	1354	3	fatto	fatto	_	_	_	_	_	linguistic	_	none	PauseAfter=Yes	_	_	_	_	_
1354-4	PKP036	1354	1354	4	{P}	{P}	_	_	_	_	_	shortpause	_	none	_	_	_	_	_	_
1354-5	PKP036	1354	1354	5	niente	niente	_	_	_	_	_	linguistic	_	none	_	End=2238.22	_	_	_	_
1355-0	PKP033	1355	1355	0	ma	ma	_	_	_	_	_	linguistic	_	none	_	Begin=2240.41	_	_	_	_
1355-1	PKP033	1355	1355	1	i	i	_	_	_	_	_	linguistic	_	none	_	_	_	_	_	_
1355-2	PKP033	1355	1355	2	tuoi,	tuoi	_	_	_	_	_	linguistic	_	none	Intonation=WeaklyRising	_	_	_	_	_
1355-3	PKP033	1355	1355	3	sara,	sara	_	_	_	_	_	linguistic	_	none	Intonation=WeaklyRising	_	_	_	_	_
1355-4	PKP033	1355	1355	4	stanno	stanno	_	_	_	_	_	linguistic	_	none	_	_	_	_	_	_
1355-5	PKP033	1355	1355	5	bene?	bene	_	_	_	_	_	linguistic	_	none	Intonation=Rising	End=2242.71	_	_	_	_
1356-0	PKP036	1356	1356	0	stanno	stanno	_	_	_	_	_	linguistic	_	none	_	Begin=2242.76	_	_	_	_
1356-1	PKP036	1356	1356	1	bene	bene	_	_	_	_	_	linguistic	_	none	_	_	_	_	_	_
1356-2	PKP036	1356	1356	2	sono	sono	_	_	_	_	_	linguistic	_	none	_	_	_	_	_	_
1356-3	PKP036	1356	1356	3	a	a	_	_	_	_	_	linguistic	_	none	_	_	_	_	_	_
1356-4	PKP036	1356	1356	4	casa	casa	_	_	_	_	_	linguistic	_	none	_	End=2244.34	_	_	_	_
1357-0	PKP036	1357	1357	0	sara	sara	_	_	_	_	_	linguistic	_	none	_	Begin=2244.6	_	_	_	_
1357-1	PKP036	1357	1357	1	è	è	_	_	_	_	_	linguistic	_	none	_	_	_	_	_	_
1357-2	PKP036	1357	1357	2	andata:	andata	_	_	_	_	_	linguistic	_	none	_	_	5x1	_	_	_
1357-3	PKP036	1357	1357	3	m:h	mh	_	_	_	_	_	linguistic	_	none	_	End=2246.44	0x1	_	_	_
1358-0	PKP036	1358	1358	0	stava	stava	_	_	_	_	_	linguistic	_	none	_	Begin=2247.02	_	_	_	_
1358-1	PKP036	1358	1358	1	a	a	_	_	_	_	_	linguistic	_	none	_	_	_	_	_	_
1358-2	PKP036	1358	1358	2	barcellona	barcellona	_	_	_	_	_	linguistic	_	none	_	_	_	_	_	_
1358-3	PKP036	1358	1358	3	in	in	_	_	_	_	_	linguistic	_	none	_	_	_	_	_	_
1358-4	PKP036	1358	1358	4	erasmus	erasmus	_	_	_	_	_	linguistic	_	none	_	End=2248.51	_	_	_	_
1359-0	PKP036	1359	1359	0	mo	mo	_	_	_	_	_	linguistic	_	none	_	Begin=2249.58	_	_	_	_
1359-1	PKP036	1359	1359	1	è	è	_	_	_	_	_	linguistic	_	none	_	_	_	_	_	_
1359-2	PKP036	1359	1359	2	tornata	tornata	_	_	_	_	_	linguistic	_	none	_	_	_	_	_	_
1359-3	PKP036	1359	1359	3	per	per	_	_	_	_	_	linguistic	_	none	_	_	_	_	_	_
1359-4	PKP036	1359	1359	4	natale:	natale	_	_	_	_	_	linguistic	_	none	_	End=2251.09	5x1	_	_	_
1360-0	PKP036	1360	1360	0	c(io)é	cioé	_	_	_	_	_	linguistic	_	none	_	Begin=2251.53	_	_	1-3(0)	_
1360-1	PKP036	1360	1360	1	ha	ha	_	_	_	_	_	linguistic	_	none	_	_	_	_	_	_
1360-2	PKP036	1360	1360	2	finito	finito	_	_	_	_	_	linguistic	_	none	_	_	_	_	_	_
1360-3	PKP036	1360	1360	3	in	in	_	_	_	_	_	linguistic	_	none	_	_	_	_	_	_
1360-4	PKP036	1360	1360	4	realtà	realtà	_	_	_	_	_	linguistic	_	none	_	End=2252.62	_	_	_	_
1361-0	PKP036	1361	1361	0	ha	ha	_	_	_	_	_	linguistic	_	none	_	Begin=2253.22	_	_	_	_
1361-1	PKP036	1361	1361	1	fatto	fatto	_	_	_	_	_	linguistic	_	none	_	_	_	_	_	_
1361-2	PKP036	1361	1361	2	un:	un	_	_	_	_	_	linguistic	_	none	_	End=2254.72	1x1	_	_	_
1362-0	PKP036	1362	1362	0	e:	e	_	_	_	_	_	linguistic	_	none	_	Begin=2256.37	0x1	_	_	_
1362-1	PKP036	1362	1362	1	un	un	_	_	_	_	_	linguistic	_	none	_	_	_	_	_	_
1362-2	PKP036	1362	1362	2	tirocinio	tirocinio	_	_	_	_	_	linguistic	_	none	_	_	_	_	_	_
1362-3	PKP036	1362	1362	3	in	in	_	_	_	_	_	linguistic	_	none	_	_	_	_	_	_
1362-4	PKP036	1362	1362	4	laboratorio	laboratorio	_	_	_	_	_	linguistic	_	none	_	End=2258.13	_	_	_	_
1363-0	PKP036	1363	1363	0	°quindi	quindi	_	_	_	_	_	linguistic	_	none	_	Begin=2258.78	_	_	_	_
1363-1	PKP036	1363	1363	1	non	non	_	_	_	_	_	linguistic	_	none	_	_	_	_	_	_
1363-2	PKP036	1363	1363	2	era:	era	_	_	_	_	_	linguistic	_	none	_	_	2x1	_	_	_
1363-3	PKP036	1363	1363	3	studio	studio	_	_	_	_	_	linguistic	_	none	_	_	_	_	_	_
1363-4	PKP036	1363	1363	4	ma:	ma	_	_	_	_	_	linguistic	_	none	PauseAfter=Yes	_	1x1	_	_	_
1363-5	PKP036	1363	1363	5	{P}	{P}	_	_	_	_	_	shortpause	_	none	_	_	_	_	_	_
1363-6	PKP036	1363	1363	6	[era:]	era	_	_	_	_	_	linguistic	_	none	_	End=2261.53	2x1	_	_	0-3(363)
1364-0	PKP033	1364	1364	0	[ah	ah	_	_	_	_	_	linguistic	_	none	_	Begin=2260.62	_	_	_	0-2(363)
1364-1	PKP033	1364	1364	1	okay]	okay	_	_	_	_	_	linguistic	_	none	_	End=2261.29	_	_	_	0-4(363)
1365-0	PKP033	1365	1365	0	col	col	_	_	_	_	_	linguistic	_	none	_	Begin=2262.89	_	_	_	_
1365-1	PKP033	1365	1365	1	catalano?	catalano	_	_	_	_	_	linguistic	_	none	Intonation=Rising	End=2263.73	_	_	_	_
1366-0	PKP036	1366	1366	0	catalano:	catalano	_	_	_	_	_	linguistic	_	none	_	Begin=2264.66	7x1	_	_	_
1366-1	PKP036	1366	1366	1	un	un	_	_	_	_	_	linguistic	_	none	_	_	_	_	_	_
1366-2	PKP036	1366	1366	2	po'	po'	_	_	_	_	_	linguistic	_	none	_	_	_	_	_	_
1366-3	PKP036	1366	1366	3	ha	ha	_	_	_	_	_	linguistic	_	none	_	_	_	_	_	_
1366-4	PKP036	1366	1366	4	imparato	imparato	_	_	_	_	_	linguistic	_	none	_	End=2266.41	_	_	_	_
1367-0	PKP037	1367	1367	0	sì?	sì	_	_	_	_	_	linguistic	_	none	Intonation=Rising	Begin=2266.56	_	_	_	_
1367-1	PKP037	1367	1367	1	io	io	_	_	_	_	_	linguistic	_	none	_	_	_	_	_	_
1367-2	PKP037	1367	1367	2	non	non	_	_	_	_	_	linguistic	_	none	_	_	_	_	_	_
1367-3	PKP037	1367	1367	3	gliel'	gliel'	_	_	_	_	_	linguistic	_	none	SpaceAfter=No	_	_	_	_	_
1367-4	PKP037	1367	1367	4	ho	ho	_	_	_	_	_	linguistic	_	none	_	_	_	_	_	_
1367-5	PKP037	1367	1367	5	chiesto	chiesto	_	_	_	_	_	linguistic	_	none	_	End=2268.5	_	_	_	_
1368-0	PKP033	1368	1368	0	ma	ma	_	_	_	_	_	linguistic	_	none	_	Begin=2268.58	_	_	_	_
1368-1	PKP033	1368	1368	1	lei	lei	_	_	_	_	_	linguistic	_	none	_	_	_	_	_	_
1368-2	PKP033	1368	1368	2	sapeva	sapeva	_	_	_	_	_	linguistic	_	none	_	_	_	_	_	_
1368-3	PKP033	1368	1368	3	lo	lo	_	_	_	_	_	linguistic	_	none	_	_	_	_	_	_
1368-4	PKP033	1368	1368	4	spagnolo	spagnolo	_	_	_	_	_	linguistic	_	none	_	_	_	_	_	_
1368-5	PKP033	1368	1368	5	o	o	_	_	_	_	_	linguistic	_	none	_	_	_	_	_	_
1368-6	PKP033	1368	1368	6	no	no	_	_	_	_	_	linguistic	_	none	_	End=2270.17	_	_	_	_
1369-0	PKP036	1369	1369	0	no	no	_	_	_	_	_	linguistic	_	none	_	Begin=2270.18|End=2270.62	_	_	_	_
1370-0	PKP033	1370	1370	0	ah	ah	_	_	_	_	_	linguistic	_	none	_	Begin=2270.76	_	_	_	_
1370-1	PKP033	1370	1370	1	quindi	quindi	_	_	_	_	_	linguistic	_	none	_	End=2271.61	_	_	_	_
1371-0	PKP036	1371	1371	0	no	no	_	_	_	_	_	linguistic	_	none	_	Begin=2271.79	_	_	_	_
1371-1	PKP036	1371	1371	1	no	no	_	_	_	_	_	linguistic	_	none	_	_	_	_	_	_
1371-2	PKP036	1371	1371	2	ha:	ha	_	_	_	_	_	linguistic	_	none	_	_	1x1	_	_	_
1371-3	PKP036	1371	1371	3	ha	ha	_	_	_	_	_	linguistic	_	none	_	_	_	_	_	_
1371-4	PKP036	1371	1371	4	IMPROVVISATO	improvvisato	_	_	_	_	_	linguistic	_	none	Volume=high	End=2274.03	_	_	_	_
1372-0	PKP033	1372	1372	0	{ride}	{ride}	_	_	_	_	_	nonverbalbehavior	_	none	_	Begin=2272.16|End=2273.2	_	_	_	_
1373-0	PKP037	1373	1373	0	{ride}	{ride}	_	_	_	_	_	nonverbalbehavior	_	none	_	Begin=2272.86|End=2273.71	_	_	_	_
1374-0	PKP033	1374	1374	0	sì	sì	_	_	_	_	_	linguistic	_	none	_	Begin=2274.08	_	_	_	_
1374-1	PKP033	1374	1374	1	sì	sì	_	_	_	_	_	linguistic	_	none	_	End=2274.79	_	_	_	_
1375-0	PKP037	1375	1375	0	ma	ma	_	_	_	_	_	linguistic	_	none	PauseAfter=Yes	Begin=2274.84	_	_	_	_
1375-1	PKP037	1375	1375	1	{P}	{P}	_	_	_	_	_	shortpause	_	none	_	_	_	_	_	_
1375-2	PKP037	1375	1375	2	non	non	_	_	_	_	_	linguistic	_	none	_	_	_	_	_	_
1375-3	PKP037	1375	1375	3	ha	ha	_	_	_	_	_	linguistic	_	none	_	_	_	_	_	_
1375-4	PKP037	1375	1375	4	imparato	imparato	_	_	_	_	_	linguistic	_	none	_	_	_	_	_	_
1375-5	PKP037	1375	1375	5	nessuno	nessuno	_	_	_	_	_	linguistic	_	none	_	_	_	_	_	_
1375-6	PKP037	1375	1375	6	dei	dei	_	_	_	_	_	linguistic	_	none	_	_	_	_	_	_
1375-7	PKP037	1375	1375	7	due	due	_	_	_	_	_	linguistic	_	none	PauseAfter=Yes	_	_	_	_	_
1375-8	PKP037	1375	1375	8	{P}	{P}	_	_	_	_	_	shortpause	_	none	_	_	_	_	_	_
1375-9	PKP037	1375	1375	9	c(io)é	cioé	_	_	_	_	_	linguistic	_	none	_	_	_	_	1-3(0)	_
1375-10	PKP037	1375	1375	10	ha	ha	_	_	_	_	_	linguistic	_	none	_	_	_	_	_	_
1375-11	PKP037	1375	1375	11	imparato~	imparato~	_	_	_	_	_	linguistic	_	none	Interrupted=Yes	_	_	_	_	_
1375-12	PKP037	1375	1375	12	ha	ha	_	_	_	_	_	linguistic	_	none	_	_	_	_	_	_
1375-13	PKP037	1375	1375	13	prova[to	provato	_	_	_	_	_	linguistic	_	none	_	_	_	_	_	5-7(364)
1375-14	PKP037	1375	1375	14	il	il	_	_	_	_	_	linguistic	_	none	_	_	_	_	_	0-2(364)
1375-15	PKP037	1375	1375	15	catalano]	catalano	_	_	_	_	_	linguistic	_	none	_	End=2278.16	_	_	_	0-8(364)
1376-0	PKP036	1376	1376	0	[no	no	_	_	_	_	_	linguistic	_	none	_	Begin=2277.42	_	_	_	0-2(364)
1376-1	PKP036	1376	1376	1	lo	lo	_	_	_	_	_	linguistic	_	none	_	_	_	_	_	0-2(364)
1376-2	PKP036	1376	1376	2	spagno]lo:	spagnolo	_	_	_	_	_	linguistic	_	none	_	End=2278.88	7x1	_	_	0-6(364)
1377-0	PKP036	1377	1377	0	no	no	_	_	_	_	_	linguistic	_	none	_	Begin=2279.2	_	_	_	_
1377-1	PKP036	1377	1377	1	vabbè	vabbè	_	_	_	_	_	linguistic	_	none	_	_	_	_	_	_
1377-2	PKP036	1377	1377	2	lì	lì	_	_	_	_	_	linguistic	_	none	_	_	_	_	_	_
1377-3	PKP036	1377	1377	3	parlano	parlano	_	_	_	_	_	linguistic	_	none	_	_	_	_	_	_
1377-4	PKP036	1377	1377	4	spagnolo	spagnolo	_	_	_	_	_	linguistic	_	none	_	_	_	_	_	_
1377-5	PKP036	1377	1377	5	in	in	_	_	_	_	_	linguistic	_	none	_	_	_	_	_	_
1377-6	PKP036	1377	1377	6	la~	la~	_	_	_	_	_	linguistic	_	none	Interrupted=Yes	_	_	_	_	_
1377-7	PKP036	1377	1377	7	laborato[rio]	laboratorio	_	_	_	_	_	linguistic	_	none	_	End=2281.45	_	_	_	8-11(365)
1378-0	PKP033	1378	1378	0	[a]:	a	_	_	_	_	_	linguistic	_	none	_	Begin=2281.26	0x1	_	_	0-1(365)
1378-1	PKP033	1378	1378	1	okay	okay	_	_	_	_	_	linguistic	_	none	_	End=2282.24	_	_	_	_
1379-0	PKP033	1379	1379	0	okay	okay	_	_	_	_	_	linguistic	_	none	_	Begin=2282.54|End=2283.21	_	_	_	_
1380-0	PKP036	1380	1380	0	poi	poi	_	_	_	_	_	linguistic	_	none	_	Begin=2283.97	_	_	_	_
1380-1	PKP036	1380	1380	1	sei	sei	_	_	_	_	_	linguistic	_	none	_	_	_	_	_	_
1380-2	PKP036	1380	1380	2	in	in	_	_	_	_	_	linguistic	_	none	_	_	_	_	_	_
1380-3	PKP036	1380	1380	3	giro	giro	_	_	_	_	_	linguistic	_	none	_	_	_	_	_	_
1380-4	PKP036	1380	1380	4	beh	beh	_	_	_	_	_	linguistic	_	none	_	End=2285.33	_	_	_	_
1381-0	PKP036	1381	1381	0	però	però	_	_	_	_	_	linguistic	_	none	_	Begin=2286.77	_	_	_	_
1381-1	PKP036	1381	1381	1	lo	lo	_	_	_	_	_	linguistic	_	none	_	_	_	_	_	_
1381-2	PKP036	1381	1381	2	spagnolo	spagnolo	_	_	_	_	_	linguistic	_	none	_	_	_	_	_	_
1381-3	PKP036	1381	1381	3	se	se	_	_	_	_	_	linguistic	_	none	_	_	_	_	_	_
1381-4	PKP036	1381	1381	4	l'	l'	_	_	_	_	_	linguistic	_	none	SpaceAfter=No	_	_	_	_	_
1381-5	PKP036	1381	1381	5	è	è	_	_	_	_	_	linguistic	_	none	_	_	_	_	_	_
1381-6	PKP036	1381	1381	6	cavata	cavata	_	_	_	_	_	linguistic	_	none	_	_	_	_	_	_
1381-7	PKP036	1381	1381	7	alla	alla	_	_	_	_	_	linguistic	_	none	_	_	_	_	_	_
1381-8	PKP036	1381	1381	8	fine	fine	_	_	_	_	_	linguistic	_	none	_	End=2288.64	_	_	_	_
1382-0	PKP033	1382	1382	0	mh	mh	_	_	_	_	_	linguistic	_	none	_	Begin=2290.18	_	_	_	_
1382-1	PKP033	1382	1382	1	bene	bene	_	_	_	_	_	linguistic	_	none	_	End=2291.12	_	_	_	_
1383-0	PKP036	1383	1383	0	°s'	s'	_	_	_	_	_	linguistic	_	none	SpaceAfter=No|Volume=low	Begin=2291.17	_	_	_	_
1383-1	PKP036	1383	1383	1	impara:	impara	_	_	_	_	_	linguistic	_	none	Volume=low	_	5x1	_	_	_
1383-2	PKP036	1383	1383	2	facendo°	facendo	_	_	_	_	_	linguistic	_	none	Volume=low	End=2292.61	_	_	_	_
1384-0	PKP033	1384	1384	0	ah	ah	_	_	_	_	_	linguistic	_	none	_	Begin=2293.81	_	_	_	_
1384-1	PKP033	1384	1384	1	sì	sì	_	_	_	_	_	linguistic	_	none	PauseAfter=Yes	_	_	_	_	_
1384-2	PKP033	1384	1384	2	{P}	{P}	_	_	_	_	_	shortpause	_	none	_	_	_	_	_	_
1384-3	PKP033	1384	1384	3	sì	sì	_	_	_	_	_	linguistic	_	none	_	_	_	_	_	_
1384-4	PKP033	1384	1384	4	s[ì]	sì	_	_	_	_	_	linguistic	_	none	_	End=2294.72	_	_	_	1-2(366)
1385-0	PKP037	1385	1385	0	[ma	ma	_	_	_	_	_	linguistic	_	none	_	Begin=2294.28	_	_	_	0-2(366)
1385-1	PKP037	1385	1385	1	sì	sì	_	_	_	_	_	linguistic	_	none	_	_	_	_	_	0-2(366)
1385-2	PKP037	1385	1385	2	bas]ta	basta	_	_	_	_	_	linguistic	_	none	_	_	_	_	_	0-3(366)
1385-3	PKP037	1385	1385	3	che	che	_	_	_	_	_	linguistic	_	none	_	_	_	_	_	_
1385-4	PKP037	1385	1385	4	(decidono)	decidono	_	_	_	_	_	linguistic	_	none	_	End=2295.57	_	_	0-8(0)	_
1386-0	PKP033	1386	1386	0	quanto	quanto	_	_	_	_	_	linguistic	_	none	_	Begin=2296.05	_	_	_	_
1386-1	PKP033	1386	1386	1	le	le	_	_	_	_	_	linguistic	_	none	_	_	_	_	_	_
1386-2	PKP033	1386	1386	2	manca	manca	_	_	_	_	_	linguistic	_	none	_	_	_	_	_	_
1386-3	PKP033	1386	1386	3	a	a	_	_	_	_	_	linguistic	_	none	_	_	_	_	_	_
1386-4	PKP033	1386	1386	4	lei?	lei	_	_	_	_	_	linguistic	_	none	Intonation=Rising	End=2297.09	_	_	_	_
1387-0	PKP036	1387	1387	0	x	x	_	_	_	_	_	unknown	_	none	PauseAfter=Yes|Syllables=1	Begin=2297.74	_	_	_	_
1387-1	PKP036	1387	1387	1	{P}	{P}	_	_	_	_	_	shortpause	_	none	_	_	_	_	_	_
1387-2	PKP036	1387	1387	2	e:	e	_	_	_	_	_	linguistic	_	none	_	End=2299.44	0x1	_	_	_
1388-0	PKP036	1388	1388	0	°(al)	al	_	_	_	_	_	linguistic	_	none	Volume=low	Begin=2299.94	_	_	0-2(0)	_
1388-1	PKP036	1388	1388	1	quarto	quarto	_	_	_	_	_	linguistic	_	none	Volume=low	_	_	_	_	_
1388-2	PKP036	1388	1388	2	sta?	sta	_	_	_	_	_	linguistic	_	none	Intonation=Rising|Volume=low	_	_	_	_	_
1388-3	PKP036	1388	1388	3	o	o	_	_	_	_	_	linguistic	_	none	Volume=low	_	_	_	_	_
1388-4	PKP036	1388	1388	4	al	al	_	_	_	_	_	linguistic	_	none	Volume=low	_	_	_	_	_
1388-5	PKP036	1388	1388	5	quinto?°	quinto	_	_	_	_	_	linguistic	_	none	Intonation=Rising|Volume=low	End=2301.57	_	_	_	_
1389-0	PKP037	1389	1389	0	°mi	mi	_	_	_	_	_	linguistic	_	none	Volume=low	Begin=2302.34	_	_	_	_
1389-1	PKP037	1389	1389	1	sa	sa	_	_	_	_	_	linguistic	_	none	Volume=low	_	_	_	_	_
1389-2	PKP037	1389	1389	2	che	che	_	_	_	_	_	linguistic	_	none	Volume=low	_	_	_	_	_
1389-3	PKP037	1389	1389	3	è	è	_	_	_	_	_	linguistic	_	none	Volume=low	_	_	_	_	_
1389-4	PKP037	1389	1389	4	al	al	_	_	_	_	_	linguistic	_	none	Volume=low	_	_	_	_	_
1389-5	PKP037	1389	1389	5	quinto°	quinto	_	_	_	_	_	linguistic	_	none	Volume=low	End=2303.09	_	_	_	_
1390-0	PKP036	1390	1390	0	°mi	mi	_	_	_	_	_	linguistic	_	none	Volume=low	Begin=2303.43	_	_	_	_
1390-1	PKP036	1390	1390	1	sa	sa	_	_	_	_	_	linguistic	_	none	Volume=low	_	_	_	_	_
1390-2	PKP036	1390	1390	2	che	che	_	_	_	_	_	linguistic	_	none	Volume=low	_	_	_	_	_
1390-3	PKP036	1390	1390	3	è	è	_	_	_	_	_	linguistic	_	none	Volume=low	_	_	_	_	_
1390-4	PKP036	1390	1390	4	al	al	_	_	_	_	_	linguistic	_	none	Volume=low	_	_	_	_	_
1390-5	PKP036	1390	1390	5	quinto°	quinto	_	_	_	_	_	linguistic	_	none	Volume=low	End=2304.12	_	_	_	_
1391-0	PKP033	1391	1391	0	eh	eh	_	_	_	_	_	linguistic	_	none	_	Begin=2304.47|End=2304.97	_	_	_	_
1392-0	PKP033	1392	1392	0	quasi	quasi	_	_	_	_	_	linguistic	_	none	_	Begin=2305.75|End=2306.19	_	_	_	_
1393-0	PKP036	1393	1393	0	alla	alla	_	_	_	_	_	linguistic	_	none	_	Begin=2306.28	_	_	_	_
1393-1	PKP036	1393	1393	1	fine	fine	_	_	_	_	_	linguistic	_	none	_	_	_	_	_	_
1393-2	PKP036	1393	1393	2	è	è	_	_	_	_	_	linguistic	_	none	_	_	_	_	_	_
1393-3	PKP036	1393	1393	3	passato:	passato	_	_	_	_	_	linguistic	_	none	_	End=2307.62	6x1	_	_	_
1394-0	PKP037	1394	1394	0	(eh	eh	_	_	_	_	_	linguistic	_	none	_	Begin=2308.61	_	_	0-2(0)	_
1394-1	PKP037	1394	1394	1	ho	ho	_	_	_	_	_	linguistic	_	none	_	_	_	_	0-2(0)	_
1394-2	PKP037	1394	1394	2	capito)	capito	_	_	_	_	_	linguistic	_	none	_	_	_	_	0-6(0)	_
1394-3	PKP037	1394	1394	3	[la	la	_	_	_	_	_	linguistic	_	none	_	_	_	_	_	0-2(367)
1394-4	PKP037	1394	1394	4	specializzazione]	specializzazione	_	_	_	_	_	linguistic	_	none	_	End=2310.51	_	_	_	0-16(367)
1395-0	PKP036	1395	1395	0	[sembrava	sembrava	_	_	_	_	_	linguistic	_	none	_	Begin=2309.25	_	_	_	0-8(367)
1395-1	PKP036	1395	1395	1	non	non	_	_	_	_	_	linguistic	_	none	_	_	_	_	_	0-3(367)
1395-2	PKP036	1395	1395	2	finisse	finisse	_	_	_	_	_	linguistic	_	none	_	_	_	_	_	0-7(367)
1395-3	PKP036	1395	1395	3	mai]	mai	_	_	_	_	_	linguistic	_	none	_	End=2310.52	_	_	_	0-3(367)
1396-0	PKP033	1396	1396	0	dopo	dopo	_	_	_	_	_	linguistic	_	none	_	Begin=2311.19	_	_	_	_
1396-1	PKP033	1396	1396	1	cosa	cosa	_	_	_	_	_	linguistic	_	none	_	_	_	_	_	_
1396-2	PKP033	1396	1396	2	vuol	vuol	_	_	_	_	_	linguistic	_	none	_	_	_	_	_	_
1396-3	PKP033	1396	1396	3	fa[re]	fare	_	_	_	_	_	linguistic	_	none	_	End=2312.34	_	_	_	2-4(368)
1397-0	PKP037	1397	1397	0	[ma	ma	_	_	_	_	_	linguistic	_	none	_	Begin=2312.13	_	_	_	0-2(368)
1397-1	PKP037	1397	1397	1	non	non	_	_	_	_	_	linguistic	_	none	_	_	_	_	_	0-3(368)
1397-2	PKP037	1397	1397	2	è]	è	_	_	_	_	_	linguistic	_	none	_	_	_	_	_	0-1(368)
1397-3	PKP037	1397	1397	3	vero	vero	_	_	_	_	_	linguistic	_	none	PauseAfter=Yes	_	_	_	_	_
1397-4	PKP037	1397	1397	4	{P}	{P}	_	_	_	_	_	shortpause	_	none	_	_	_	_	_	_
1397-5	PKP037	1397	1397	5	è	è	_	_	_	_	_	linguistic	_	none	_	_	_	_	_	_
1397-6	PKP037	1397	1397	6	appena	appena	_	_	_	_	_	linguistic	_	none	_	_	_	_	_	_
1397-7	PKP037	1397	1397	7	iniziata	iniziata	_	_	_	_	_	linguistic	_	none	_	_	_	_	_	_
1397-8	PKP037	1397	1397	8	la:	la	_	_	_	_	_	linguistic	_	none	_	End=2313.81	1x1	_	_	_
1398-0	PKP036	1398	1398	0	eh	eh	_	_	_	_	_	linguistic	_	none	_	Begin=2315.11|End=2315.49	_	_	_	_
1399-0	PKP037	1399	1399	0	c(io)é	cioé	_	_	_	_	_	linguistic	_	none	_	Begin=2315.54	_	_	1-3(0)	_
1399-1	PKP037	1399	1399	1	non	non	_	_	_	_	_	linguistic	_	none	_	_	_	_	_	_
1399-2	PKP037	1399	1399	2	è	è	_	_	_	_	_	linguistic	_	none	_	_	_	_	_	_
1399-3	PKP037	1399	1399	3	andata	andata	_	_	_	_	_	linguistic	_	none	_	_	_	_	_	_
1399-4	PKP037	1399	1399	4	più	più	_	_	_	_	_	linguistic	_	none	_	_	_	_	_	_
1399-5	PKP037	1399	1399	5	veloce	veloce	_	_	_	_	_	linguistic	_	none	_	_	_	_	_	_
1399-6	PKP037	1399	1399	6	del	del	_	_	_	_	_	linguistic	_	none	_	_	_	_	_	_
1399-7	PKP037	1399	1399	7	previsto	previsto	_	_	_	_	_	linguistic	_	none	_	End=2317.02	_	_	_	_
1400-0	PKP037	1400	1400	0	però	però	_	_	_	_	_	linguistic	_	none	_	Begin=2317.08|End=2317.51	_	_	_	_
1401-0	PKP036	1401	1401	0	[xx]xxx	xxxxx	_	_	_	_	_	unknown	_	none	Syllables=5	Begin=2318.26|End=2319.09	_	_	_	0-2(369)
1402-0	PKP037	1402	1402	0	[ha	ha	_	_	_	_	_	linguistic	_	none	_	Begin=2318.5	_	_	_	0-2(369)
1402-1	PKP037	1402	1402	1	fatto	fatto	_	_	_	_	_	linguistic	_	none	_	_	_	_	_	0-5(369)
1402-2	PKP037	1402	1402	2	tutti	tutti	_	_	_	_	_	linguistic	_	none	_	_	_	_	_	0-5(369)
1402-3	PKP037	1402	1402	3	gli	gli	_	_	_	_	_	linguistic	_	none	_	_	_	_	_	0-3(369)
1402-4	PKP037	1402	1402	4	e]sami	esami	_	_	_	_	_	linguistic	_	none	_	End=2319.54	_	_	_	0-1(369)
1403-0	PKP037	1403	1403	0	[eh	eh	_	_	_	_	_	linguistic	_	none	PauseAfter=Yes	Begin=2319.61	_	_	_	0-2(370)
1403-1	PKP037	1403	1403	1	{P}	{P}	_	_	_	_	_	shortpause	_	none	_	_	_	_	_	0-3(370)
1403-2	PKP037	1403	1403	2	eh]	eh	_	_	_	_	_	linguistic	_	none	_	End=2320.73	_	_	_	0-2(370)
1404-0	PKP033	1404	1404	0	[sì	sì	_	_	_	_	_	linguistic	_	none	_	Begin=2319.619	_	_	_	0-2(370)
1404-1	PKP033	1404	1404	1	sì	sì	_	_	_	_	_	linguistic	_	none	_	_	_	_	_	0-2(370)
1404-2	PKP033	1404	1404	2	è	è	_	_	_	_	_	linguistic	_	none	_	_	_	_	_	0-1(370)
1404-3	PKP033	1404	1404	3	in	in	_	_	_	_	_	linguistic	_	none	_	_	_	_	_	0-2(370)
1404-4	PKP033	1404	1404	4	temp]o	tempo	_	_	_	_	_	linguistic	_	none	_	_	_	_	_	0-4(370)
1404-5	PKP033	1404	1404	5	sì	sì	_	_	_	_	_	linguistic	_	none	_	End=2321.12	_	_	_	_
1405-0	PKP036	1405	1405	0	sì	sì	_	_	_	_	_	linguistic	_	none	_	Begin=2321.3|End=2321.72	_	_	_	_
1406-0	PKP033	1406	1406	0	mhmh	mhmh	_	_	_	_	_	linguistic	_	none	_	Begin=2321.73|End=2322.14	_	_	_	_
1407-0	PKP036	1407	1407	0	però	però	_	_	_	_	_	linguistic	_	none	_	Begin=2322.93	_	_	_	_
1407-1	PKP036	1407	1407	1	ha	ha	_	_	_	_	_	linguistic	_	none	_	_	_	_	_	_
1407-2	PKP036	1407	1407	2	iniziato	iniziato	_	_	_	_	_	linguistic	_	none	_	_	_	_	_	_
1407-3	PKP036	1407	1407	3	tre	tre	_	_	_	_	_	linguistic	_	none	_	_	_	_	_	_
1407-4	PKP036	1407	1407	4	anni	anni	_	_	_	_	_	linguistic	_	none	_	_	_	_	_	_
1407-5	PKP036	1407	1407	5	dopo	dopo	_	_	_	_	_	linguistic	_	none	_	End=2323.97	_	_	_	_
1408-0	PKP033	1408	1408	0	eh	eh	_	_	_	_	_	linguistic	_	none	_	Begin=2325.41	_	_	_	_
1408-1	PKP033	1408	1408	1	oh	oh	_	_	_	_	_	linguistic	_	none	_	_	_	_	_	_
1408-2	PKP033	1408	1408	2	e:	e	_	_	_	_	_	linguistic	_	none	_	End=2326.27	0x1	_	_	_
1409-0	PKP036	1409	1409	0	eh	eh	_	_	_	_	_	linguistic	_	none	_	Begin=2326.37	_	_	_	_
1409-1	PKP036	1409	1409	1	vabbè	vabbè	_	_	_	_	_	linguistic	_	none	PauseAfter=Yes	_	_	_	_	_
1409-2	PKP036	1409	1409	2	{P}	{P}	_	_	_	_	_	shortpause	_	none	_	_	_	_	_	_
1409-3	PKP036	1409	1409	3	comunque	comunque	_	_	_	_	_	linguistic	_	none	_	End=2327.59	_	_	_	_
1410-0	PKP036	1410	1410	0	boh	boh	_	_	_	_	_	linguistic	_	none	_	Begin=2327.96	_	_	_	_
1410-1	PKP036	1410	1410	1	ora	ora	_	_	_	_	_	linguistic	_	none	_	_	_	_	_	_
1410-2	PKP036	1410	1410	2	è	è	_	_	_	_	_	linguistic	_	none	_	_	_	_	_	_
1410-3	PKP036	1410	1410	3	in:	in	_	_	_	_	_	linguistic	_	none	_	_	1x1	_	_	_
1410-4	PKP036	1410	1410	4	fase:	fase	_	_	_	_	_	linguistic	_	none	_	_	3x1	_	_	_
1410-5	PKP036	1410	1410	5	che	che	_	_	_	_	_	linguistic	_	none	_	_	_	_	_	_
1410-6	PKP036	1410	1410	6	vuole	vuole	_	_	_	_	_	linguistic	_	none	_	_	_	_	_	_
1410-7	PKP036	1410	1410	7	fare	fare	_	_	_	_	_	linguistic	_	none	_	_	_	_	_	_
1410-8	PKP036	1410	1410	8	ricerca	ricerca	_	_	_	_	_	linguistic	_	none	_	End=2330.82	_	_	_	_
1411-0	PKP033	1411	1411	0	ah	ah	_	_	_	_	_	linguistic	_	none	_	Begin=2331.87	_	_	_	_
1411-1	PKP033	1411	1411	1	ch[e	che	_	_	_	_	_	linguistic	_	none	_	_	_	_	_	2-3(371)
1411-2	PKP033	1411	1411	2	bello]	bello	_	_	_	_	_	linguistic	_	none	_	End=2332.81	_	_	_	0-5(371)
1412-0	PKP036	1412	1412	0	[però	però	_	_	_	_	_	linguistic	_	none	_	Begin=2332.0	_	_	_	0-4(?)
1412-1	PKP036	1412	1412	1	è	è	_	_	_	_	_	linguistic	_	none	_	_	_	_	_	0-1(?)
1412-2	PKP036	1412	1412	2	molto]	molto	_	_	_	_	_	linguistic	_	none	_	_	_	_	_	0-5(?)
1412-3	PKP036	1412	1412	3	variabile	variabile	_	_	_	_	_	linguistic	_	none	_	_	_	_	_	_
1412-4	PKP036	1412	1412	4	quindi	quindi	_	_	_	_	_	linguistic	_	none	_	_	_	_	_	_
1412-5	PKP036	1412	1412	5	non	non	_	_	_	_	_	linguistic	_	none	_	_	_	_	_	_
1412-6	PKP036	1412	1412	6	lo	lo	_	_	_	_	_	linguistic	_	none	_	_	_	_	_	_
1412-7	PKP036	1412	1412	7	so	so	_	_	_	_	_	linguistic	_	none	_	_	_	_	_	_
1412-8	PKP036	1412	1412	8	{ride}	{ride}	_	_	_	_	_	nonverbalbehavior	_	none	_	End=2334.84	_	_	_	_
1413-0	PKP037	1413	1413	0	{ride}	{ride}	_	_	_	_	_	nonverbalbehavior	_	none	_	Begin=2333.25|End=2334.05	_	_	_	_
1414-0	PKP033	1414	1414	0	però	però	_	_	_	_	_	linguistic	_	none	_	Begin=2334.52	_	_	_	_
1414-1	PKP033	1414	1414	1	se	se	_	_	_	_	_	linguistic	_	none	_	_	_	_	_	_
1414-2	PKP033	1414	1414	2	uno	uno	_	_	_	_	_	linguistic	_	none	_	_	_	_	_	_
1414-3	PKP033	1414	1414	3	[vuol	vuol	_	_	_	_	_	linguistic	_	none	_	_	_	_	_	0-4(?)
1414-4	PKP033	1414	1414	4	fare	fare	_	_	_	_	_	linguistic	_	none	_	_	_	_	_	0-4(?)
1414-5	PKP033	1414	1414	5	ricerca	ricerca	_	_	_	_	_	linguistic	_	none	_	_	_	_	_	0-7(?)
1414-6	PKP033	1414	1414	6	può]	può	_	_	_	_	_	linguistic	_	none	_	_	_	_	_	0-3(?)
1414-7	PKP033	1414	1414	7	fare:	fare	_	_	_	_	_	linguistic	_	none	_	_	3x1	_	_	_
1414-8	PKP033	1414	1414	8	cosa	cosa	_	_	_	_	_	linguistic	_	none	_	_	_	_	_	_
1414-9	PKP033	1414	1414	9	può	può	_	_	_	_	_	linguistic	_	none	_	_	_	_	_	_
1414-10	PKP033	1414	1414	10	fare	fare	_	_	_	_	_	linguistic	_	none	_	End=2337.55	_	_	_	_
1415-0	PKP036	1415	1415	0	[vediamo]	vediamo	_	_	_	_	_	linguistic	_	none	_	Begin=2335.02	_	_	_	0-7(373)
1415-1	PKP036	1415	1415	1	{ride}	{ride}	_	_	_	_	_	nonverbalbehavior	_	none	_	End=2336.1	_	_	_	_
1416-0	PKP036	1416	1416	0	non	non	_	_	_	_	_	linguistic	_	none	_	Begin=2337.98	_	_	_	_
1416-1	PKP036	1416	1416	1	ne	ne	_	_	_	_	_	linguistic	_	none	_	_	_	_	_	_
1416-2	PKP036	1416	1416	2	ho	ho	_	_	_	_	_	linguistic	_	none	_	_	_	_	_	_
1416-3	PKP036	1416	1416	3	idea	idea	_	_	_	_	_	linguistic	_	none	_	End=2338.7	_	_	_	_
1417-0	PKP036	1417	1417	0	infatti	infatti	_	_	_	_	_	linguistic	_	none	_	Begin=2338.76|End=2339.5	_	_	_	_
1418-0	PKP033	1418	1418	0	c(io)é	cioé	_	_	_	_	_	linguistic	_	none	_	Begin=2340.27	_	_	1-3(0)	_
1418-1	PKP033	1418	1418	1	non	non	_	_	_	_	_	linguistic	_	none	_	_	_	_	_	_
1418-2	PKP033	1418	1418	2	[fa	fa	_	_	_	_	_	linguistic	_	none	_	_	_	_	_	0-2(374)
1418-3	PKP033	1418	1418	3	specialità]	specialità	_	_	_	_	_	linguistic	_	none	_	End=2341.929	_	_	_	0-10(374)
1419-0	PKP036	1419	1419	0	[(c(io)é	cioé	_	_	_	_	_	linguistic	_	none	_	Begin=2340.55	_	_	_	0-4(374)
1419-1	PKP036	1419	1419	1	penso	penso	_	_	_	_	_	linguistic	_	none	_	_	_	_	_	0-5(374)
1419-2	PKP036	1419	1419	2	che	che	_	_	_	_	_	linguistic	_	none	_	_	_	_	_	0-3(374)
1419-3	PKP036	1419	1419	3	conunque:)]	conunque	_	_	_	_	_	linguistic	_	none	_	End=2341.93	7x1	_	_	0-8(374)
1420-0	PKP036	1420	1420	0	non	non	_	_	_	_	_	linguistic	_	none	_	Begin=2343.39	_	_	_	_
1420-1	PKP036	1420	1420	1	lo	lo	_	_	_	_	_	linguistic	_	none	_	_	_	_	_	_
1420-2	PKP036	1420	1420	2	so	so	_	_	_	_	_	linguistic	_	none	_	End=2344.1	_	_	_	_
1421-0	PKP033	1421	1421	0	eh	eh	_	_	_	_	_	linguistic	_	none	PauseAfter=Yes	Begin=2344.61	_	_	_	_
1421-1	PKP033	1421	1421	1	{P}	{P}	_	_	_	_	_	shortpause	_	none	_	_	_	_	_	_
1421-2	PKP033	1421	1421	2	[boh]	boh	_	_	_	_	_	linguistic	_	none	_	End=2345.41	_	_	_	0-3(375)
1422-0	PKP036	1422	1422	0	[oppure]	oppure	_	_	_	_	_	linguistic	_	none	_	Begin=2344.98	_	_	_	0-6(375)
1422-1	PKP036	1422	1422	1	fai	fai	_	_	_	_	_	linguistic	_	none	_	_	_	_	_	_
1422-2	PKP036	1422	1422	2	specialistica	specialistica	_	_	_	_	_	linguistic	_	none	_	_	_	_	_	_
1422-3	PKP036	1422	1422	3	e	e	_	_	_	_	_	linguistic	_	none	_	_	_	_	_	_
1422-4	PKP036	1422	1422	4	poi	poi	_	_	_	_	_	linguistic	_	none	_	End=2347.21	_	_	_	_
1423-0	PKP033	1423	1423	0	[no	no	_	_	_	_	_	linguistic	_	none	_	Begin=2348.51	_	_	_	0-2(376)
1423-1	PKP033	1423	1423	1	xxx]	xxx	_	_	_	_	_	unknown	_	none	Syllables=3	End=2349.24	_	_	_	0-3(376)
1424-0	PKP037	1424	1424	0	[(oppure	oppure	_	_	_	_	_	linguistic	_	none	_	Begin=2348.519	_	_	0-6(0)	0-6(376)
1424-1	PKP037	1424	1424	1	come	come	_	_	_	_	_	linguistic	_	none	_	_	_	_	0-4(0)	0-4(376)
1424-2	PKP037	1424	1424	2	faceva	faceva	_	_	_	_	_	linguistic	_	none	_	_	_	_	0-6(0)	0-6(376)
1424-3	PKP037	1424	1424	3	da]niela)	daniela	_	_	_	_	_	linguistic	_	none	_	End=2349.87	_	_	0-7(0)	0-2(376)
1425-0	PKP036	1425	1425	0	°che	che	_	_	_	_	_	linguistic	_	none	Volume=low	Begin=2350.45	_	_	_	_
1425-1	PKP036	1425	1425	1	faceva	faceva	_	_	_	_	_	linguistic	_	none	Volume=low	_	_	_	_	_
1425-2	PKP036	1425	1425	2	daniela°	daniela	_	_	_	_	_	linguistic	_	none	Volume=low	End=2351.44	_	_	_	_
1426-0	PKP036	1426	1426	0	c(io)é	cioé	_	_	_	_	_	linguistic	_	none	_	Begin=2351.5	_	_	1-3(0)	_
1426-1	PKP036	1426	1426	1	comunque	comunque	_	_	_	_	_	linguistic	_	none	_	_	_	_	_	_
1426-2	PKP036	1426	1426	2	lei	lei	_	_	_	_	_	linguistic	_	none	_	_	_	_	_	_
1426-3	PKP036	1426	1426	3	ha	ha	_	_	_	_	_	linguistic	_	none	_	_	_	_	_	_
1426-4	PKP036	1426	1426	4	fatto	fatto	_	_	_	_	_	linguistic	_	none	_	_	_	_	_	_
1426-5	PKP036	1426	1426	5	la	la	_	_	_	_	_	linguistic	_	none	_	_	_	_	_	_
1426-6	PKP036	1426	1426	6	specialistica	specialistica	_	_	_	_	_	linguistic	_	none	_	End=2353.29	_	_	_	_
1427-0	PKP037	1427	1427	0	sì	sì	_	_	_	_	_	linguistic	_	none	_	Begin=2353.78|End=2354.36	_	_	_	_
1428-0	PKP036	1428	1428	0	°in	in	_	_	_	_	_	linguistic	_	none	Volume=low	Begin=2354.49	_	_	_	_
1428-1	PKP036	1428	1428	1	qualcosa	qualcosa	_	_	_	_	_	linguistic	_	none	Volume=low	_	_	_	_	_
1428-2	PKP036	1428	1428	2	non	non	_	_	_	_	_	linguistic	_	none	Volume=low	_	_	_	_	_
1428-3	PKP036	1428	1428	3	so	so	_	_	_	_	_	linguistic	_	none	Volume=low	_	_	_	_	_
1428-4	PKP036	1428	1428	4	cosa°	cosa	_	_	_	_	_	linguistic	_	none	Volume=low	End=2355.82	_	_	_	_
1429-0	PKP036	1429	1429	0	non	non	_	_	_	_	_	linguistic	_	none	_	Begin=2358.63	_	_	_	_
1429-1	PKP036	1429	1429	1	lo	lo	_	_	_	_	_	linguistic	_	none	_	_	_	_	_	_
1429-2	PKP036	1429	1429	2	so	so	_	_	_	_	_	linguistic	_	none	_	End=2359.19	_	_	_	_
1430-0	PKP033	1430	1430	0	boh	boh	_	_	_	_	_	linguistic	_	none	_	Begin=2359.95	_	_	_	_
1430-1	PKP033	1430	1430	1	c(io)é	cioé	_	_	_	_	_	linguistic	_	none	_	_	_	_	1-3(0)	_
1430-2	PKP033	1430	1430	2	magari	magari	_	_	_	_	_	linguistic	_	none	_	_	_	_	_	_
1430-3	PKP033	1430	1430	3	c'	c'	_	_	_	_	_	linguistic	_	none	SpaceAfter=No	_	_	_	_	_
1430-4	PKP033	1430	1430	4	è	è	_	_	_	_	_	linguistic	_	none	_	_	_	_	_	_
1430-5	PKP033	1430	1430	5	qualc~	qualc~	_	_	_	_	_	linguistic	_	none	Interrupted=Yes	_	_	_	_	_
1430-6	PKP033	1430	1430	6	qualche	qualche	_	_	_	_	_	linguistic	_	none	_	_	_	_	_	_
1430-7	PKP033	1430	1430	7	specialità	specialità	_	_	_	_	_	linguistic	_	none	_	_	_	_	_	_
1430-8	PKP033	1430	1430	8	che	che	_	_	_	_	_	linguistic	_	none	_	_	_	_	_	_
1430-9	PKP033	1430	1430	9	è	è	_	_	_	_	_	linguistic	_	none	_	_	_	_	_	_
1430-10	PKP033	1430	1430	10	più	più	_	_	_	_	_	linguistic	_	none	_	_	_	_	_	_
1430-11	PKP033	1430	1430	11	di	di	_	_	_	_	_	linguistic	_	none	_	_	_	_	_	_
1430-12	PKP033	1430	1430	12	ricerca	ricerca	_	_	_	_	_	linguistic	_	none	_	End=2363.47	_	_	_	_
1431-0	PKP036	1431	1431	0	mh	mh	_	_	_	_	_	linguistic	_	none	_	Begin=2363.5|End=2363.86	_	_	_	_
1432-0	PKP033	1432	1432	0	però	però	_	_	_	_	_	linguistic	_	none	_	Begin=2363.98	_	_	_	_
1432-1	PKP033	1432	1432	1	s[ai	sai	_	_	_	_	_	linguistic	_	none	_	_	_	_	_	1-3(377)
1432-2	PKP033	1432	1432	2	che	che	_	_	_	_	_	linguistic	_	none	_	_	_	_	_	0-3(377)
1432-3	PKP033	1432	1432	3	non	non	_	_	_	_	_	linguistic	_	none	_	_	_	_	_	0-3(377)
1432-4	PKP033	1432	1432	4	lo	lo	_	_	_	_	_	linguistic	_	none	_	_	_	_	_	0-2(377)
1432-5	PKP033	1432	1432	5	so]	so	_	_	_	_	_	linguistic	_	none	_	End=2365.06	_	_	_	0-2(377)
1433-0	PKP036	1433	1433	0	[xxx]	xxx	_	_	_	_	_	unknown	_	none	Syllables=3	Begin=2364.3|End=2365.049	_	_	_	0-3(377)
1434-0	PKP033	1434	1434	0	(ef)fettivamente	effettivamente	_	_	_	_	_	linguistic	_	none	_	Begin=2365.48|End=2366.19	_	_	0-2(0)	_
1435-0	PKP037	1435	1435	0	c(io)é	cioé	_	_	_	_	_	linguistic	_	none	_	Begin=2367.23	_	_	1-3(0)	_
1435-1	PKP037	1435	1435	1	le	le	_	_	_	_	_	linguistic	_	none	_	_	_	_	_	_
1435-2	PKP037	1435	1435	2	persone:	persone	_	_	_	_	_	linguistic	_	none	_	_	6x1	_	_	_
1435-3	PKP037	1435	1435	3	con	con	_	_	_	_	_	linguistic	_	none	_	_	_	_	_	_
1435-4	PKP037	1435	1435	4	cui:	cui	_	_	_	_	_	linguistic	_	none	_	_	2x1	_	_	_
1435-5	PKP037	1435	1435	5	faccio	faccio	_	_	_	_	_	linguistic	_	none	_	_	_	_	_	_
1435-6	PKP037	1435	1435	6	ricerca	ricerca	_	_	_	_	_	linguistic	_	none	_	End=2370.45	_	_	_	_
1436-0	PKP037	1436	1436	0	faccio	faccio	_	_	_	_	_	linguistic	_	none	_	Begin=2371.18	_	_	_	_
1436-1	PKP037	1436	1436	1	facevo	facevo	_	_	_	_	_	linguistic	_	none	_	End=2371.99	_	_	_	_
1437-0	PKP036	1437	1437	0	mh	mh	_	_	_	_	_	linguistic	_	none	_	Begin=2372.14|End=2372.48	_	_	_	_
1438-0	PKP037	1438	1438	0	vabbè	vabbè	_	_	_	_	_	linguistic	_	none	PauseAfter=Yes	Begin=2372.53	_	_	_	_
1438-1	PKP037	1438	1438	1	{P}	{P}	_	_	_	_	_	shortpause	_	none	_	_	_	_	_	_
1438-2	PKP037	1438	1438	2	poi	poi	_	_	_	_	_	linguistic	_	none	_	_	_	_	_	_
1438-3	PKP037	1438	1438	3	(dividiamo	dividiamo	_	_	_	_	_	linguistic	_	none	_	_	_	_	0-9(0)	_
1438-4	PKP037	1438	1438	4	il	il	_	_	_	_	_	linguistic	_	none	_	_	_	_	0-2(0)	_
1438-5	PKP037	1438	1438	5	té)	té	_	_	_	_	_	linguistic	_	none	_	End=2374.54	_	_	0-2(0)	_
1439-0	PKP037	1439	1439	0	in	in	_	_	_	_	_	linguistic	_	none	_	Begin=2374.64	_	_	_	_
1439-1	PKP037	1439	1439	1	a:	a	_	_	_	_	_	linguistic	_	none	_	_	0x1	_	_	_
1439-2	PKP037	1439	1439	2	(la	la	_	_	_	_	_	linguistic	_	none	_	_	_	_	0-2(0)	_
1439-3	PKP037	1439	1439	3	luisiana)	luisiana	_	_	_	_	_	linguistic	_	none	_	End=2376.15	_	_	0-8(0)	_
1440-0	PKP037	1440	1440	0	comunque	comunque	_	_	_	_	_	linguistic	_	none	_	Begin=2377.16	_	_	_	_
1440-1	PKP037	1440	1440	1	son(o)	sono	_	_	_	_	_	linguistic	_	none	_	_	_	_	3-4(0)	_
1440-2	PKP037	1440	1440	2	specializzate:	specializzate	_	_	_	_	_	linguistic	_	none	_	End=2378.7	12x1	_	_	_
1441-0	PKP037	1441	1441	0	c(io)é	cioé	_	_	_	_	_	linguistic	_	none	_	Begin=2379.04	_	_	1-3(0)	_
1441-1	PKP037	1441	1441	1	una	una	_	_	_	_	_	linguistic	_	none	_	_	_	_	_	_
1441-2	PKP037	1441	1441	2	specializzazione:	specializzazione	_	_	_	_	_	linguistic	_	none	_	End=2380.7	15x1	_	_	_
1442-0	PKP037	1442	1442	0	come	come	_	_	_	_	_	linguistic	_	none	_	Begin=2381.29	_	_	_	_
1442-1	PKP037	1442	1442	1	se	se	_	_	_	_	_	linguistic	_	none	_	_	_	_	_	_
1442-2	PKP037	1442	1442	2	poi	poi	_	_	_	_	_	linguistic	_	none	_	_	_	_	_	_
1442-3	PKP037	1442	1442	3	dovessero	dovessero	_	_	_	_	_	linguistic	_	none	_	_	_	_	_	_
1442-4	PKP037	1442	1442	4	fa'	fa'	_	_	_	_	_	linguistic	_	none	Truncated=Yes	_	_	_	_	_
1442-5	PKP037	1442	1442	5	quel	quel	_	_	_	_	_	linguistic	_	none	_	_	_	_	_	_
1442-6	PKP037	1442	1442	6	lavoro	lavoro	_	_	_	_	_	linguistic	_	none	_	End=2382.9	_	_	_	_
1443-0	PKP036	1443	1443	0	eh	eh	_	_	_	_	_	linguistic	_	none	_	Begin=2383.01|End=2383.42	_	_	_	_
1444-0	PKP037	1444	1444	0	e	e	_	_	_	_	_	linguistic	_	none	_	Begin=2384.52	_	_	_	_
1444-1	PKP037	1444	1444	1	poi	poi	_	_	_	_	_	linguistic	_	none	_	_	_	_	_	_
1444-2	PKP037	1444	1444	2	hanno	hanno	_	_	_	_	_	linguistic	_	none	_	_	_	_	_	_
1444-3	PKP037	1444	1444	3	deciso	deciso	_	_	_	_	_	linguistic	_	none	_	_	_	_	_	_
1444-4	PKP037	1444	1444	4	(per	per	_	_	_	_	_	linguistic	_	none	_	_	_	_	0-3(0)	_
1444-5	PKP037	1444	1444	5	lavorare)	lavorare	_	_	_	_	_	linguistic	_	none	_	_	_	_	0-8(0)	_
1444-6	PKP037	1444	1444	6	nella	nella	_	_	_	_	_	linguistic	_	none	_	_	_	_	_	_
1444-7	PKP037	1444	1444	7	ricerca	ricerca	_	_	_	_	_	linguistic	_	none	_	End=2386.61	_	_	_	_
1445-0	PKP036	1445	1445	0	capito	capito	_	_	_	_	_	linguistic	_	none	_	Begin=2387.03|End=2387.65	_	_	_	_
1446-0	PKP037	1446	1446	0	c(io)é	cioé	_	_	_	_	_	linguistic	_	none	_	Begin=2387.7	_	_	1-3(0)	_
1446-1	PKP037	1446	1446	1	(neurologi:)	neurologi	_	_	_	_	_	linguistic	_	none	_	_	8x1	_	0-9(1)	_
1446-2	PKP037	1446	1446	2	e	e	_	_	_	_	_	linguistic	_	none	_	_	_	_	_	_
1446-3	PKP037	1446	1446	3	simili	simili	_	_	_	_	_	linguistic	_	none	_	End=2389.69	_	_	_	_
1447-0	PKP036	1447	1447	0	giusto	giusto	_	_	_	_	_	linguistic	_	none	_	Begin=2391.18|End=2391.579	_	_	_	_
1448-0	PKP036	1448	1448	0	boh	boh	_	_	_	_	_	linguistic	_	none	_	Begin=2391.699	_	_	_	_
1448-1	PKP036	1448	1448	1	non	non	_	_	_	_	_	linguistic	_	none	_	_	_	_	_	_
1448-2	PKP036	1448	1448	2	lo	lo	_	_	_	_	_	linguistic	_	none	_	_	_	_	_	_
1448-3	PKP036	1448	1448	3	so	so	_	_	_	_	_	linguistic	_	none	_	End=2392.509	_	_	_	_
1449-0	PKP036	1449	1449	0	°prendiamo	prendiamo	_	_	_	_	_	linguistic	_	none	Volume=low	Begin=2392.879	_	_	_	_
1449-1	PKP036	1449	1449	1	e	e	_	_	_	_	_	linguistic	_	none	Volume=low	_	_	_	_	_
1449-2	PKP036	1449	1449	2	punto°	punto	_	_	_	_	_	linguistic	_	none	Volume=low	End=2394.329	_	_	_	_
1450-0	PKP037	1450	1450	0	vabbè	vabbè	_	_	_	_	_	linguistic	_	none	_	Begin=2395.09	_	_	_	_
1450-1	PKP037	1450	1450	1	com[unque	comunque	_	_	_	_	_	linguistic	_	none	_	_	_	_	_	3-8(378)
1450-2	PKP037	1450	1450	2	se	se	_	_	_	_	_	linguistic	_	none	_	_	_	_	_	0-2(378)
1450-3	PKP037	1450	1450	3	xxxxe:]	xxxxe	_	_	_	_	_	linguistic	_	none	_	_	4x1	_	_	0-5(378)
1450-4	PKP037	1450	1450	4	eh	eh	_	_	_	_	_	linguistic	_	none	_	_	_	_	_	_
1450-5	PKP037	1450	1450	5	se	se	_	_	_	_	_	linguistic	_	none	_	_	_	_	_	_
1450-6	PKP037	1450	1450	6	le	le	_	_	_	_	_	linguistic	_	none	_	_	_	_	_	_
1450-7	PKP037	1450	1450	7	piace	piace	_	_	_	_	_	linguistic	_	none	_	_	_	_	_	_
1450-8	PKP037	1450	1450	8	tagliare	tagliare	_	_	_	_	_	linguistic	_	none	_	_	_	_	_	_
1450-9	PKP037	1450	1450	9	i	i	_	_	_	_	_	linguistic	_	none	_	_	_	_	_	_
1450-10	PKP037	1450	1450	10	cervelli	cervelli	_	_	_	_	_	linguistic	_	none	_	_	_	_	_	_
1450-11	PKP037	1450	1450	11	dei	dei	_	_	_	_	_	linguistic	_	none	_	_	_	_	_	_
1450-12	PKP037	1450	1450	12	topi	topi	_	_	_	_	_	linguistic	_	none	_	End=2398.95	_	_	_	_
1451-0	PKP036	1451	1451	0	[(cambiate	cambiate	_	_	_	_	_	linguistic	_	none	_	Begin=2395.69	_	_	0-8(0)	0-8(378)
1451-1	PKP036	1451	1451	1	ogni	ogni	_	_	_	_	_	linguistic	_	none	_	_	_	_	0-4(0)	0-4(378)
1451-2	PKP036	1451	1451	2	mese)]	mese	_	_	_	_	_	linguistic	_	none	_	End=2396.83	_	_	0-4(0)	0-4(378)
1452-0	PKP036	1452	1452	0	non	non	_	_	_	_	_	linguistic	_	none	_	Begin=2399.725	_	_	_	_
1452-1	PKP036	1452	1452	1	so	so	_	_	_	_	_	linguistic	_	none	_	_	_	_	_	_
1452-2	PKP036	1452	1452	2	se	se	_	_	_	_	_	linguistic	_	none	_	_	_	_	_	_
1452-3	PKP036	1452	1452	3	è	è	_	_	_	_	_	linguistic	_	none	_	_	_	_	_	_
1452-4	PKP036	1452	1452	4	proprio	proprio	_	_	_	_	_	linguistic	_	none	_	_	_	_	_	_
1452-5	PKP036	1452	1452	5	la	la	_	_	_	_	_	linguistic	_	none	_	_	_	_	_	_
1452-6	PKP036	1452	1452	6	sua	sua	_	_	_	_	_	linguistic	_	none	_	_	_	_	_	_
1452-7	PKP036	1452	1452	7	passione	passione	_	_	_	_	_	linguistic	_	none	_	_	_	_	_	_
1452-8	PKP036	1452	1452	8	nella	nella	_	_	_	_	_	linguistic	_	none	_	_	_	_	_	_
1452-9	PKP036	1452	1452	9	vita	vita	_	_	_	_	_	linguistic	_	none	_	_	_	_	_	_
1452-10	PKP036	1452	1452	10	{ride}	{ride}	_	_	_	_	_	nonverbalbehavior	_	none	_	End=2402.11	_	_	_	_
1453-0	PKP037	1453	1453	0	[xxx	xxx	_	_	_	_	_	unknown	_	none	PauseAfter=Yes|Syllables=3	Begin=2402.459	_	_	_	0-3(379)
1453-1	PKP037	1453	1453	1	{P}	{P}	_	_	_	_	_	shortpause	_	none	_	_	_	_	_	0-3(379)
1453-2	PKP037	1453	1453	2	xxxxxx]	xxxxxx	_	_	_	_	_	unknown	_	none	Syllables=6	End=2404.44	_	_	_	0-6(379)
1454-0	PKP033	1454	1454	0	[ma	ma	_	_	_	_	_	linguistic	_	none	_	Begin=2402.46	_	_	_	0-2(379)
1454-1	PKP033	1454	1454	1	lei	lei	_	_	_	_	_	linguistic	_	none	_	_	_	_	_	0-3(379)
1454-2	PKP033	1454	1454	2	prima	prima	_	_	_	_	_	linguistic	_	none	_	_	_	_	_	0-5(379)
1454-3	PKP033	1454	1454	3	non	non	_	_	_	_	_	linguistic	_	none	_	_	_	_	_	0-3(379)
1454-4	PKP033	1454	1454	4	si	si	_	_	_	_	_	linguistic	_	none	_	_	_	_	_	0-2(379)
1454-5	PKP033	1454	1454	5	era	era	_	_	_	_	_	linguistic	_	none	_	_	_	_	_	0-3(379)
1454-6	PKP033	1454	1454	6	iscritta	iscritta	_	_	_	_	_	linguistic	_	none	_	_	_	_	_	0-8(379)
1454-7	PKP033	1454	1454	7	tipo	tipo	_	_	_	_	_	linguistic	_	none	_	_	_	_	_	0-4(379)
1454-8	PKP033	1454	1454	8	a	a	_	_	_	_	_	linguistic	_	none	_	_	_	_	_	0-1(379)
1454-9	PKP033	1454	1454	9	neu]roscienze?	neuroscienze	_	_	_	_	_	linguistic	_	none	Intonation=Rising	End=2405.42	_	_	_	0-3(379)
1455-0	PKP036	1455	1455	0	sì	sì	_	_	_	_	_	linguistic	_	none	_	Begin=2405.44	_	_	_	_
1455-1	PKP036	1455	1455	1	[ma	ma	_	_	_	_	_	linguistic	_	none	_	_	_	_	_	0-2(380)
1455-2	PKP036	1455	1455	2	quando	quando	_	_	_	_	_	linguistic	_	none	_	_	_	_	_	0-6(380)
1455-3	PKP036	1455	1455	3	era	era	_	_	_	_	_	linguistic	_	none	_	_	_	_	_	0-3(380)
1455-4	PKP036	1455	1455	4	in	in	_	_	_	_	_	linguistic	_	none	_	_	_	_	_	0-2(380)
1455-5	PKP036	1455	1455	5	inghilterra]	inghilterra	_	_	_	_	_	linguistic	_	none	_	End=2407.35	_	_	_	0-11(380)
1456-0	PKP033	1456	1456	0	[eh	eh	_	_	_	_	_	linguistic	_	none	PauseAfter=Yes	Begin=2405.8	_	_	_	0-2(380)
1456-1	PKP033	1456	1456	1	{P}	{P}	_	_	_	_	_	shortpause	_	none	_	_	_	_	_	0-3(380)
1456-2	PKP033	1456	1456	2	ma	ma	_	_	_	_	_	linguistic	_	none	_	_	_	_	_	0-2(380)
1456-3	PKP033	1456	1456	3	allora	allora	_	_	_	_	_	linguistic	_	none	_	_	_	_	_	0-6(380)
1456-4	PKP033	1456	1456	4	magari:	magari	_	_	_	_	_	linguistic	_	none	PauseAfter=Yes	_	5x1	_	_	0-6(380)
1456-5	PKP033	1456	1456	5	{P}	{P}	_	_	_	_	_	shortpause	_	none	_	_	_	_	_	0-3(380)
1456-6	PKP033	1456	1456	6	eh]	eh	_	_	_	_	_	linguistic	_	none	_	_	_	_	_	0-2(380)
1456-7	PKP033	1456	1456	7	magari:	magari	_	_	_	_	_	linguistic	_	none	_	End=2407.829	5x1	_	_	_
1457-0	PKP036	1457	1457	0	infatti	infatti	_	_	_	_	_	linguistic	_	none	_	Begin=2407.83	_	_	_	_
1457-1	PKP036	1457	1457	1	quella	quella	_	_	_	_	_	linguistic	_	none	_	_	_	_	_	_
1457-2	PKP036	1457	1457	2	era	era	_	_	_	_	_	linguistic	_	none	_	_	_	_	_	_
1457-3	PKP036	1457	1457	3	[xxx	xxx	_	_	_	_	_	unknown	_	none	Syllables=3	_	_	_	_	0-3(381)
1457-4	PKP036	1457	1457	4	r]amo	ramo	_	_	_	_	_	linguistic	_	none	_	_	_	_	_	0-1(381)
1457-5	PKP036	1457	1457	5	che	che	_	_	_	_	_	linguistic	_	none	_	_	_	_	_	_
1457-6	PKP036	1457	1457	6	le	le	_	_	_	_	_	linguistic	_	none	_	_	_	_	_	_
1457-7	PKP036	1457	1457	7	piace[va]	piaceva	_	_	_	_	_	linguistic	_	none	_	End=2410.39	_	_	_	5-7(382)
1458-0	PKP033	1458	1458	0	[eh	eh	_	_	_	_	_	linguistic	_	none	_	Begin=2408.429	_	_	_	0-2(381)
1458-1	PKP033	1458	1458	1	sì]	sì	_	_	_	_	_	linguistic	_	none	_	End=2409.039	_	_	_	0-2(381)
1459-0	PKP033	1459	1459	0	[eh	eh	_	_	_	_	_	linguistic	_	none	_	Begin=2409.92	_	_	_	0-2(382)
1459-1	PKP033	1459	1459	1	s]ì	sì	_	_	_	_	_	linguistic	_	none	_	End=2410.66	_	_	_	0-1(382)
1460-0	PKP036	1460	1460	0	e:	e	_	_	_	_	_	linguistic	_	none	_	Begin=2411.31	0x1	_	_	_
1460-1	PKP036	1460	1460	1	però	però	_	_	_	_	_	linguistic	_	none	_	_	_	_	_	_
1460-2	PKP036	1460	1460	2	sì	sì	_	_	_	_	_	linguistic	_	none	_	_	_	_	_	_
1460-3	PKP036	1460	1460	3	appunto	appunto	_	_	_	_	_	linguistic	_	none	_	_	_	_	_	_
1460-4	PKP036	1460	1460	4	(vediamo)	vediamo	_	_	_	_	_	linguistic	_	none	_	End=2413.58	_	_	0-7(0)	_
1461-0	PKP036	1461	1461	0	°un	un	_	_	_	_	_	linguistic	_	none	Volume=low	Begin=2414.769	_	_	_	_
1461-1	PKP036	1461	1461	1	po:'	po'	_	_	_	_	_	linguistic	_	none	Volume=low	_	1x1	_	_	_
1461-2	PKP036	1461	1461	2	variabile°	variabile	_	_	_	_	_	linguistic	_	none	Volume=low	End=2416.094	_	_	_	_
1462-0	PKP033	1462	1462	0	belle	belle	_	_	_	_	_	linguistic	_	none	_	Begin=2416.094	_	_	_	_
1462-1	PKP033	1462	1462	1	neuroscienze	neuroscienze	_	_	_	_	_	linguistic	_	none	_	End=2417.42	_	_	_	_
1463-0	PKP036	1463	1463	0	[xx]	xx	_	_	_	_	_	unknown	_	none	Syllables=2	Begin=2416.539|End=2417.319	_	_	_	0-2(383)
1464-0	PKP036	1464	1464	0	[ma	ma	_	_	_	_	_	linguistic	_	none	_	Begin=2418.04	_	_	_	0-2(384)
1464-1	PKP036	1464	1464	1	infatti	infatti	_	_	_	_	_	linguistic	_	none	_	_	_	_	_	0-7(384)
1464-2	PKP036	1464	1464	2	io	io	_	_	_	_	_	linguistic	_	none	_	_	_	_	_	0-2(384)
1464-3	PKP036	1464	1464	3	ero	ero	_	_	_	_	_	linguistic	_	none	_	_	_	_	_	0-3(384)
1464-4	PKP036	1464	1464	4	contenta]	contenta	_	_	_	_	_	linguistic	_	none	_	_	_	_	_	0-8(384)
1464-5	PKP036	1464	1464	5	che	che	_	_	_	_	_	linguistic	_	none	_	_	_	_	_	_
1464-6	PKP036	1464	1464	6	le	le	_	_	_	_	_	linguistic	_	none	_	_	_	_	_	_
1464-7	PKP036	1464	1464	7	studia	studia	_	_	_	_	_	linguistic	_	none	_	End=2420.13	_	_	_	_
1465-0	PKP033	1465	1465	0	[molto	molto	_	_	_	_	_	linguistic	_	none	_	Begin=2418.04	_	_	_	0-5(384)
1465-1	PKP033	1465	1465	1	interessante]	interessante	_	_	_	_	_	linguistic	_	none	_	End=2419.28	_	_	_	0-12(384)
1466-0	PKP033	1466	1466	0	eh	eh	_	_	_	_	_	linguistic	_	none	_	Begin=2420.52|End=2420.94	_	_	_	_
1467-0	PKP033	1467	1467	0	no	no	_	_	_	_	_	linguistic	_	none	_	Begin=2421.23	_	_	_	_
1467-1	PKP033	1467	1467	1	ma	ma	_	_	_	_	_	linguistic	_	none	_	_	_	_	_	_
1467-2	PKP033	1467	1467	2	p~	p~	_	_	_	_	_	linguistic	_	none	Interrupted=Yes	_	_	_	_	_
1467-3	PKP033	1467	1467	3	c(io)é	cioé	_	_	_	_	_	linguistic	_	none	_	_	_	_	1-3(0)	_
1467-4	PKP033	1467	1467	4	potrà	potrà	_	_	_	_	_	linguistic	_	none	_	_	_	_	_	_
1467-5	PKP033	1467	1467	5	fa:rlo	farlo	_	_	_	_	_	linguistic	_	none	_	End=2423.23	1x1	_	_	_
1468-0	PKP036	1468	1468	0	ah	ah	_	_	_	_	_	linguistic	_	none	_	Begin=2423.25	_	_	_	_
1468-1	PKP036	1468	1468	1	sì	sì	_	_	_	_	_	linguistic	_	none	_	_	_	_	_	_
1468-2	PKP036	1468	1468	2	[penso	penso	_	_	_	_	_	linguistic	_	none	_	_	_	_	_	0-5(385)
1468-3	PKP036	1468	1468	3	di	di	_	_	_	_	_	linguistic	_	none	_	_	_	_	_	0-2(385)
1468-4	PKP036	1468	1468	4	sì]	sì	_	_	_	_	_	linguistic	_	none	_	End=2424.329	_	_	_	0-2(385)
1469-0	PKP033	1469	1469	0	[figurati]	figurati	_	_	_	_	_	linguistic	_	none	_	Begin=2423.53|End=2424.3	_	_	_	0-8(385)
1470-0	PKP033	1470	1470	0	più	più	_	_	_	_	_	linguistic	_	none	_	Begin=2424.33	_	_	_	_
1470-1	PKP033	1470	1470	1	di	di	_	_	_	_	_	linguistic	_	none	_	_	_	_	_	_
1470-2	PKP033	1470	1470	2	m~	m~	_	_	_	_	_	linguistic	_	none	Interrupted=Yes	_	_	_	_	_
1470-3	PKP033	1470	1470	3	più	più	_	_	_	_	_	linguistic	_	none	_	_	_	_	_	_
1470-4	PKP033	1470	1470	4	che	che	_	_	_	_	_	linguistic	_	none	_	_	_	_	_	_
1470-5	PKP033	1470	1470	5	mai	mai	_	_	_	_	_	linguistic	_	none	_	_	_	_	_	_
1470-6	PKP033	1470	1470	6	c(io)é:	cioé	_	_	_	_	_	linguistic	_	none	_	_	3x1	_	1-3(0)	_
1470-7	PKP033	1470	1470	7	{ride}	{ride}	_	_	_	_	_	nonverbalbehavior	_	none	_	End=2426.64	_	_	_	_
1471-0	PKP036	1471	1471	0	più	più	_	_	_	_	_	linguistic	_	none	_	Begin=2426.22	_	_	_	_
1471-1	PKP036	1471	1471	1	che	che	_	_	_	_	_	linguistic	_	none	_	_	_	_	_	_
1471-2	PKP036	1471	1471	2	mai	mai	_	_	_	_	_	linguistic	_	none	_	End=2427.08	_	_	_	_
1472-0	PKP033	1472	1472	0	figuriamoci	figuriamoci	_	_	_	_	_	linguistic	_	none	_	Begin=2427.209|End=2428.039	_	_	_	_
1473-0	PKP036	1473	1473	0	ma	ma	_	_	_	_	_	linguistic	_	none	_	Begin=2428.189	_	_	_	_
1473-1	PKP036	1473	1473	1	sì	sì	_	_	_	_	_	linguistic	_	none	_	End=2428.629	_	_	_	_
1474-0	PKP033	1474	1474	0	ho	ho	_	_	_	_	_	linguistic	_	none	_	Begin=2429.45	_	_	_	_
1474-1	PKP033	1474	1474	1	capito	capito	_	_	_	_	_	linguistic	_	none	_	_	_	_	_	_
1474-2	PKP033	1474	1474	2	okay	okay	_	_	_	_	_	linguistic	_	none	_	End=2430.47	_	_	_	_
1475-0	PKP033	1475	1475	0	quin[di	quindi	_	_	_	_	_	linguistic	_	none	_	Begin=2431.03	_	_	_	4-6(387)
1475-1	PKP033	1475	1475	1	nien]te	niente	_	_	_	_	_	linguistic	_	none	_	_	_	_	_	0-4(387)
1475-2	PKP033	1475	1475	2	le	le	_	_	_	_	_	linguistic	_	none	_	_	_	_	_	_
1475-3	PKP033	1475	1475	3	feste	feste	_	_	_	_	_	linguistic	_	none	_	_	_	_	_	_
1475-4	PKP033	1475	1475	4	non	non	_	_	_	_	_	linguistic	_	none	_	_	_	_	_	_
1475-5	PKP033	1475	1475	5	avete	avete	_	_	_	_	_	linguistic	_	none	_	_	_	_	_	_
1475-6	PKP033	1475	1475	6	fatto	fatto	_	_	_	_	_	linguistic	_	none	_	_	_	_	_	_
1475-7	PKP033	1475	1475	7	niente	niente	_	_	_	_	_	linguistic	_	none	_	_	_	_	_	_
1475-8	PKP033	1475	1475	8	di	di	_	_	_	_	_	linguistic	_	none	_	_	_	_	_	_
1475-9	PKP033	1475	1475	9	spec[iale]	speciale	_	_	_	_	_	linguistic	_	none	_	End=2433.98	_	_	_	4-8(388)
1476-0	PKP036	1476	1476	0	[poi]	poi	_	_	_	_	_	linguistic	_	none	_	Begin=2431.14|End=2431.48	_	_	_	0-3(387)
1477-0	PKP036	1477	1477	0	[nien]te	niente	_	_	_	_	_	linguistic	_	none	_	Begin=2433.65	_	_	_	0-4(388)
1477-1	PKP036	1477	1477	1	assolutamente	assolutamente	_	_	_	_	_	linguistic	_	none	_	End=2435.29	_	_	_	_
1478-0	PKP033	1478	1478	0	no	no	_	_	_	_	_	linguistic	_	none	_	Begin=2436.53	_	_	_	_
1478-1	PKP033	1478	1478	1	noi	noi	_	_	_	_	_	linguistic	_	none	_	_	_	_	_	_
1478-2	PKP033	1478	1478	2	siamo	siamo	_	_	_	_	_	linguistic	_	none	_	_	_	_	_	_
1478-3	PKP033	1478	1478	3	stati	stati	_	_	_	_	_	linguistic	_	none	_	_	_	_	_	_
1478-4	PKP033	1478	1478	4	qua	qua	_	_	_	_	_	linguistic	_	none	_	End=2437.93	_	_	_	_
1479-0	PKP033	1479	1479	0	m:h	mh	_	_	_	_	_	linguistic	_	none	_	Begin=2438.7|End=2439.64	0x1	_	_	_
1480-0	PKP033	1480	1480	0	son	son	_	_	_	_	_	linguistic	_	none	_	Begin=2440.535	_	_	_	_
1480-1	PKP033	1480	1480	1	venuti	venuti	_	_	_	_	_	linguistic	_	none	_	_	_	_	_	_
1480-2	PKP033	1480	1480	2	degli	degli	_	_	_	_	_	linguistic	_	none	_	_	_	_	_	_
1480-3	PKP033	1480	1480	3	amici	amici	_	_	_	_	_	linguistic	_	none	_	_	_	_	_	_
1480-4	PKP033	1480	1480	4	a	a	_	_	_	_	_	linguistic	_	none	_	_	_	_	_	_
1480-5	PKP033	1480	1480	5	trovarci	trovarci	_	_	_	_	_	linguistic	_	none	_	_	_	_	_	_
1480-6	PKP033	1480	1480	6	che:	che	_	_	_	_	_	linguistic	_	none	_	End=2442.75	2x1	_	_	_
1481-0	PKP033	1481	1481	0	i:n:	in	_	_	_	_	_	linguistic	_	none	_	Begin=2444.57|End=2445.7	0x1,1x1	_	_	_
1482-0	PKP033	1482	1482	0	m:h	mh	_	_	_	_	_	linguistic	_	none	_	Begin=2445.89	0x1	_	_	_
1482-1	PKP033	1482	1482	1	più	più	_	_	_	_	_	linguistic	_	none	_	_	_	_	_	_
1482-2	PKP033	1482	1482	2	o	o	_	_	_	_	_	linguistic	_	none	_	_	_	_	_	_
1482-3	PKP033	1482	1482	3	meno	meno	_	_	_	_	_	linguistic	_	none	_	_	_	_	_	_
1482-4	PKP033	1482	1482	4	per	per	_	_	_	_	_	linguistic	_	none	_	_	_	_	_	_
1482-5	PKP033	1482	1482	5	capodanno	capodanno	_	_	_	_	_	linguistic	_	none	_	_	_	_	_	_
1482-6	PKP033	1482	1482	6	dici[amo]	diciamo	_	_	_	_	_	linguistic	_	none	_	End=2447.74	_	_	_	4-7(389)
1483-0	PKP036	1483	1483	0	[mh]	mh	_	_	_	_	_	linguistic	_	none	_	Begin=2447.5|End=2447.739	_	_	_	0-2(389)
1484-0	PKP033	1484	1484	0	però:	però	_	_	_	_	_	linguistic	_	none	_	Begin=2448.55	3x1	_	_	_
1484-1	PKP033	1484	1484	1	in	in	_	_	_	_	_	linguistic	_	none	_	_	_	_	_	_
1484-2	PKP033	1484	1484	2	realtà	realtà	_	_	_	_	_	linguistic	_	none	_	_	_	_	_	_
1484-3	PKP033	1484	1484	3	quelli	quelli	_	_	_	_	_	linguistic	_	none	_	_	_	_	_	_
1484-4	PKP033	1484	1484	4	che	che	_	_	_	_	_	linguistic	_	none	_	_	_	_	_	_
1484-5	PKP033	1484	1484	5	sono	sono	_	_	_	_	_	linguistic	_	none	_	_	_	_	_	_
1484-6	PKP033	1484	1484	6	venuti	venuti	_	_	_	_	_	linguistic	_	none	_	_	_	_	_	_
1484-7	PKP033	1484	1484	7	per	per	_	_	_	_	_	linguistic	_	none	_	_	_	_	_	_
1484-8	PKP033	1484	1484	8	capodanno:	capodanno	_	_	_	_	_	linguistic	_	none	_	End=2451.16	8x1	_	_	_
1485-0	PKP033	1485	1485	0	che	che	_	_	_	_	_	linguistic	_	none	_	Begin=2451.18	_	_	_	_
1485-1	PKP033	1485	1485	1	sono	sono	_	_	_	_	_	linguistic	_	none	_	_	_	_	_	_
1485-2	PKP033	1485	1485	2	una	una	_	_	_	_	_	linguistic	_	none	_	_	_	_	_	_
1485-3	PKP033	1485	1485	3	coppia	coppia	_	_	_	_	_	linguistic	_	none	_	_	_	_	_	_
1485-4	PKP033	1485	1485	4	che	che	_	_	_	_	_	linguistic	_	none	_	_	_	_	_	_
1485-5	PKP033	1485	1485	5	vive	vive	_	_	_	_	_	linguistic	_	none	_	_	_	_	_	_
1485-6	PKP033	1485	1485	6	a	a	_	_	_	_	_	linguistic	_	none	_	_	_	_	_	_
1485-7	PKP033	1485	1485	7	roma	roma	_	_	_	_	_	linguistic	_	none	_	_	_	_	_	_
1485-8	PKP033	1485	1485	8	oltretu[tto]	oltretutto	_	_	_	_	_	linguistic	_	none	_	End=2453.73	_	_	_	7-10(390)
1486-0	PKP036	1486	1486	0	[ah]	ah	_	_	_	_	_	linguistic	_	none	_	Begin=2453.38|End=2453.72	_	_	_	0-2(390)
1487-0	PKP033	1487	1487	0	però	però	_	_	_	_	_	linguistic	_	none	_	Begin=2453.78	_	_	_	_
1487-1	PKP033	1487	1487	1	non	non	_	_	_	_	_	linguistic	_	none	_	_	_	_	_	_
1487-2	PKP033	1487	1487	2	sono	sono	_	_	_	_	_	linguistic	_	none	_	_	_	_	_	_
1487-3	PKP033	1487	1487	3	di	di	_	_	_	_	_	linguistic	_	none	_	_	_	_	_	_
1487-4	PKP033	1487	1487	4	roma	roma	_	_	_	_	_	linguistic	_	none	_	End=2454.84	_	_	_	_
1488-0	PKP033	1488	1488	0	e:hm:	ehm	_	_	_	_	_	linguistic	_	none	_	Begin=2455.37|End=2456.24	0x1,2x1	_	_	_
1489-0	PKP033	1489	1489	0	in	in	_	_	_	_	_	linguistic	_	none	_	Begin=2456.28	_	_	_	_
1489-1	PKP033	1489	1489	1	realtà	realtà	_	_	_	_	_	linguistic	_	none	_	_	_	_	_	_
1489-2	PKP033	1489	1489	2	non	non	_	_	_	_	_	linguistic	_	none	_	_	_	_	_	_
1489-3	PKP033	1489	1489	3	hanno	hanno	_	_	_	_	_	linguistic	_	none	_	_	_	_	_	_
1489-4	PKP033	1489	1489	4	dormito	dormito	_	_	_	_	_	linguistic	_	none	_	_	_	_	_	_
1489-5	PKP033	1489	1489	5	qui	qui	_	_	_	_	_	linguistic	_	none	_	End=2457.9	_	_	_	_
1490-0	PKP033	1490	1490	0	però	però	_	_	_	_	_	linguistic	_	none	_	Begin=2458.14	_	_	_	_
1490-1	PKP033	1490	1490	1	prima:	prima	_	_	_	_	_	linguistic	_	none	_	End=2459.52	4x1	_	_	_
1491-0	PKP033	1491	1491	0	è	è	_	_	_	_	_	linguistic	_	none	_	Begin=2459.88	_	_	_	_
1491-1	PKP033	1491	1491	1	venuta	venuta	_	_	_	_	_	linguistic	_	none	_	_	_	_	_	_
1491-2	PKP033	1491	1491	2	un'	un'	_	_	_	_	_	linguistic	_	none	SpaceAfter=No	_	_	_	_	_
1491-3	PKP033	1491	1491	3	altra	altra	_	_	_	_	_	linguistic	_	none	_	_	_	_	_	_
1491-4	PKP033	1491	1491	4	amica	amica	_	_	_	_	_	linguistic	_	none	_	_	_	_	_	_
1491-5	PKP033	1491	1491	5	sempre	sempre	_	_	_	_	_	linguistic	_	none	_	_	_	_	_	_
1491-6	PKP033	1491	1491	6	dello	dello	_	_	_	_	_	linguistic	_	none	_	_	_	_	_	_
1491-7	PKP033	1491	1491	7	stesso	stesso	_	_	_	_	_	linguistic	_	none	_	_	_	_	_	_
1491-8	PKP033	1491	1491	8	gruppo	gruppo	_	_	_	_	_	linguistic	_	none	_	_	_	_	_	_
1491-9	PKP033	1491	1491	9	che	che	_	_	_	_	_	linguistic	_	none	_	_	_	_	_	_
1491-10	PKP033	1491	1491	10	però:	però	_	_	_	_	_	linguistic	_	none	_	_	3x1	_	_	_
1491-11	PKP033	1491	1491	11	non	non	_	_	_	_	_	linguistic	_	none	_	_	_	_	_	_
1491-12	PKP033	1491	1491	12	poteva	poteva	_	_	_	_	_	linguistic	_	none	_	_	_	_	_	_
1491-13	PKP033	1491	1491	13	per	per	_	_	_	_	_	linguistic	_	none	_	_	_	_	_	_
1491-14	PKP033	1491	1491	14	capodanno	capodanno	_	_	_	_	_	linguistic	_	none	_	_	_	_	_	_
1491-15	PKP033	1491	1491	15	quindi	quindi	_	_	_	_	_	linguistic	_	none	_	_	_	_	_	_
1491-16	PKP033	1491	1491	16	è	è	_	_	_	_	_	linguistic	_	none	_	_	_	_	_	_
1491-17	PKP033	1491	1491	17	venuta	venuta	_	_	_	_	_	linguistic	_	none	_	_	_	_	_	_
1491-18	PKP033	1491	1491	18	prima	prima	_	_	_	_	_	linguistic	_	none	_	_	_	_	_	_
1491-19	PKP033	1491	1491	19	è	è	_	_	_	_	_	linguistic	_	none	_	_	_	_	_	_
1491-20	PKP033	1491	1491	20	stata	stata	_	_	_	_	_	linguistic	_	none	_	_	_	_	_	_
1491-21	PKP033	1491	1491	21	da	da	_	_	_	_	_	linguistic	_	none	_	_	_	_	_	_
1491-22	PKP033	1491	1491	22	noi:	noi	_	_	_	_	_	linguistic	_	none	_	End=2465.71	2x1	_	_	_
1492-0	PKP033	1492	1492	0	e	e	_	_	_	_	_	linguistic	_	none	_	Begin=2465.965	_	_	_	_
1492-1	PKP033	1492	1492	1	poi	poi	_	_	_	_	_	linguistic	_	none	_	_	_	_	_	_
1492-2	PKP033	1492	1492	2	tipo	tipo	_	_	_	_	_	linguistic	_	none	_	_	_	_	_	_
1492-3	PKP033	1492	1492	3	il	il	_	_	_	_	_	linguistic	_	none	_	_	_	_	_	_
1492-4	PKP033	1492	1492	4	trenta	trenta	_	_	_	_	_	linguistic	_	none	_	_	_	_	_	_
1492-5	PKP033	1492	1492	5	è	è	_	_	_	_	_	linguistic	_	none	_	_	_	_	_	_
1492-6	PKP033	1492	1492	6	andata	andata	_	_	_	_	_	linguistic	_	none	_	_	_	_	_	_
1492-7	PKP033	1492	1492	7	via	via	_	_	_	_	_	linguistic	_	none	_	End=2467.58	_	_	_	_
1493-0	PKP036	1493	1493	0	okay	okay	_	_	_	_	_	linguistic	_	none	_	Begin=2467.82|End=2468.319	_	_	_	_
1494-0	PKP033	1494	1494	0	mi	mi	_	_	_	_	_	linguistic	_	none	_	Begin=2468.32	_	_	_	_
1494-1	PKP033	1494	1494	1	sembra	sembra	_	_	_	_	_	linguistic	_	none	PauseAfter=Yes	_	_	_	_	_
1494-2	PKP033	1494	1494	2	{P}	{P}	_	_	_	_	_	shortpause	_	none	_	_	_	_	_	_
1494-3	PKP033	1494	1494	3	o	o	_	_	_	_	_	linguistic	_	none	_	_	_	_	_	_
1494-4	PKP033	1494	1494	4	il	il	_	_	_	_	_	linguistic	_	none	_	_	_	_	_	_
1494-5	PKP033	1494	1494	5	trentuno	trentuno	_	_	_	_	_	linguistic	_	none	_	_	_	_	_	_
1494-6	PKP033	1494	1494	6	(ma)	ma	_	_	_	_	_	linguistic	_	none	_	_	_	_	0-2(0)	_
1494-7	PKP033	1494	1494	7	insomma	insomma	_	_	_	_	_	linguistic	_	none	_	End=2470.1	_	_	_	_
1495-0	PKP036	1495	1495	0	quindi	quindi	_	_	_	_	_	linguistic	_	none	_	Begin=2470.28	_	_	_	_
1495-1	PKP036	1495	1495	1	(a)	a	_	_	_	_	_	linguistic	_	none	_	_	_	_	0-1(0)	_
1495-2	PKP036	1495	1495	2	capodanno	capodanno	_	_	_	_	_	linguistic	_	none	_	_	_	_	_	_
1495-3	PKP036	1495	1495	3	siete	siete	_	_	_	_	_	linguistic	_	none	_	_	_	_	_	_
1495-4	PKP036	1495	1495	4	stati	stati	_	_	_	_	_	linguistic	_	none	_	_	_	_	_	_
1495-5	PKP036	1495	1495	5	qua	qua	_	_	_	_	_	linguistic	_	none	_	End=2471.77	_	_	_	_
1496-0	PKP033	1496	1496	0	e	e	_	_	_	_	_	linguistic	_	none	_	Begin=2471.99	_	_	_	_
1496-1	PKP033	1496	1496	1	a	a	_	_	_	_	_	linguistic	_	none	_	_	_	_	_	_
1496-2	PKP033	1496	1496	2	capodanno	capodanno	_	_	_	_	_	linguistic	_	none	_	_	_	_	_	_
1496-3	PKP033	1496	1496	3	abbiamo	abbiamo	_	_	_	_	_	linguistic	_	none	_	_	_	_	_	_
1496-4	PKP033	1496	1496	4	visto	visto	_	_	_	_	_	linguistic	_	none	_	_	_	_	_	_
1496-5	PKP033	1496	1496	5	questi	questi	_	_	_	_	_	linguistic	_	none	_	_	_	_	_	_
1496-6	PKP033	1496	1496	6	amici	amici	_	_	_	_	_	linguistic	_	none	_	_	_	_	_	_
1496-7	PKP033	1496	1496	7	che	che	_	_	_	_	_	linguistic	_	none	_	_	_	_	_	_
1496-8	PKP033	1496	1496	8	erano	erano	_	_	_	_	_	linguistic	_	none	_	_	_	_	_	_
1496-9	PKP033	1496	1496	9	a	a	_	_	_	_	_	linguistic	_	none	_	_	_	_	_	_
1496-10	PKP033	1496	1496	10	casa	casa	_	_	_	_	_	linguistic	_	none	PauseAfter=Yes	_	_	_	_	_
1496-11	PKP033	1496	1496	11	{P}	{P}	_	_	_	_	_	shortpause	_	none	_	_	_	_	_	_
1496-12	PKP033	1496	1496	12	da	da	_	_	_	_	_	linguistic	_	none	_	_	_	_	_	_
1496-13	PKP033	1496	1496	13	un	un	_	_	_	_	_	linguistic	_	none	_	_	_	_	_	_
1496-14	PKP033	1496	1496	14	altro:	altro	_	_	_	_	_	linguistic	_	none	_	_	4x1	_	_	_
1496-15	PKP033	1496	1496	15	del	del	_	_	_	_	_	linguistic	_	none	_	_	_	_	_	_
1496-16	PKP033	1496	1496	16	gruppo	gruppo	_	_	_	_	_	linguistic	_	none	_	_	_	_	_	_
1496-17	PKP033	1496	1496	17	e:	e	_	_	_	_	_	linguistic	_	none	_	End=2477.26	0x1	_	_	_
1497-0	PKP033	1497	1497	0	abbiamo	abbiamo	_	_	_	_	_	linguistic	_	none	_	Begin=2477.28	_	_	_	_
1497-1	PKP033	1497	1497	1	siamo	siamo	_	_	_	_	_	linguistic	_	none	_	_	_	_	_	_
1497-2	PKP033	1497	1497	2	[c(io)é:	cioé	_	_	_	_	_	linguistic	_	none	_	_	3x1	_	1-3(0)	0-4(391)
1497-3	PKP033	1497	1497	3	siamo	siamo	_	_	_	_	_	linguistic	_	none	_	_	_	_	_	0-5(391)
1497-4	PKP033	1497	1497	4	stati	stati	_	_	_	_	_	linguistic	_	none	_	_	_	_	_	0-5(391)
1497-5	PKP033	1497	1497	5	a	a	_	_	_	_	_	linguistic	_	none	_	_	_	_	_	0-1(391)
1497-6	PKP033	1497	1497	6	casa]	casa	_	_	_	_	_	linguistic	_	none	_	_	_	_	_	0-4(391)
1497-7	PKP033	1497	1497	7	loro	loro	_	_	_	_	_	linguistic	_	none	_	End=2479.44	_	_	_	_
1498-0	PKP036	1498	1498	0	[siete	siete	_	_	_	_	_	linguistic	_	none	_	Begin=2478.07	_	_	_	0-5(391)
1498-1	PKP036	1498	1498	1	andati	andati	_	_	_	_	_	linguistic	_	none	_	_	_	_	_	0-6(391)
1498-2	PKP036	1498	1498	2	là	là	_	_	_	_	_	linguistic	_	none	_	_	_	_	_	0-2(391)
1498-3	PKP036	1498	1498	3	xx]	xx	_	_	_	_	_	unknown	_	none	Syllables=2	End=2479.0	_	_	_	0-2(391)
1499-0	PKP033	1499	1499	0	a	a	_	_	_	_	_	linguistic	_	none	_	Begin=2479.91	_	_	_	_
1499-1	PKP033	1499	1499	1	casa	casa	_	_	_	_	_	linguistic	_	none	_	_	_	_	_	_
1499-2	PKP033	1499	1499	2	sua	sua	_	_	_	_	_	linguistic	_	none	_	End=2480.81	_	_	_	_
1500-0	PKP033	1500	1500	0	peraltro	peraltro	_	_	_	_	_	linguistic	_	none	_	Begin=2481.55	_	_	_	_
1500-1	PKP033	1500	1500	1	gli	gli	_	_	_	_	_	linguistic	_	none	_	_	_	_	_	_
1500-2	PKP033	1500	1500	2	abbiamo	abbiamo	_	_	_	_	_	linguistic	_	none	_	_	_	_	_	_
1500-3	PKP033	1500	1500	3	invaso	invaso	_	_	_	_	_	linguistic	_	none	_	_	_	_	_	_
1500-4	PKP033	1500	1500	4	un	un	_	_	_	_	_	linguistic	_	none	_	_	_	_	_	_
1500-5	PKP033	1500	1500	5	po'	po'	_	_	_	_	_	linguistic	_	none	_	_	_	_	_	_
1500-6	PKP033	1500	1500	6	casa	casa	_	_	_	_	_	linguistic	_	none	_	_	_	_	_	_
1500-7	PKP033	1500	1500	7	perché	perché	_	_	_	_	_	linguistic	_	none	_	End=2483.56	_	_	_	_
1501-0	PKP033	1501	1501	0	col	col	_	_	_	_	_	linguistic	_	none	_	Begin=2484.035	_	_	_	_
1501-1	PKP033	1501	1501	1	fatto	fatto	_	_	_	_	_	linguistic	_	none	_	_	_	_	_	_
1501-2	PKP033	1501	1501	2	che	che	_	_	_	_	_	linguistic	_	none	_	_	_	_	_	_
1501-3	PKP033	1501	1501	3	gli	gli	_	_	_	_	_	linguistic	_	none	_	_	_	_	_	_
1501-4	PKP033	1501	1501	4	altri	altri	_	_	_	_	_	linguistic	_	none	_	_	_	_	_	_
1501-5	PKP033	1501	1501	5	dormivano	dormivano	_	_	_	_	_	linguistic	_	none	_	_	_	_	_	_
1501-6	PKP033	1501	1501	6	là:	là	_	_	_	_	_	linguistic	_	none	_	_	1x1	_	_	_
1501-7	PKP033	1501	1501	7	pratica[mente	praticamente	_	_	_	_	_	linguistic	_	none	_	_	_	_	_	7-12(392)
1501-8	PKP033	1501	1501	8	alla	alla	_	_	_	_	_	linguistic	_	none	_	_	_	_	_	0-4(392)
1501-9	PKP033	1501	1501	9	fine]	fine	_	_	_	_	_	linguistic	_	none	_	_	_	_	_	0-4(392)
1501-10	PKP033	1501	1501	10	tutti	tutti	_	_	_	_	_	linguistic	_	none	_	_	_	_	_	_
1501-11	PKP033	1501	1501	11	i	i	_	_	_	_	_	linguistic	_	none	_	_	_	_	_	_
1501-12	PKP033	1501	1501	12	pasti	pasti	_	_	_	_	_	linguistic	_	none	_	_	_	_	_	_
1501-13	PKP033	1501	1501	13	{ride}	{ride}	_	_	_	_	_	nonverbalbehavior	_	none	_	End=2488.32	_	_	_	_
1502-0	PKP036	1502	1502	0	[mhmh]	mhmh	_	_	_	_	_	linguistic	_	none	_	Begin=2485.94|End=2486.64	_	_	_	0-4(392)
1503-0	PKP036	1503	1503	0	eh	eh	_	_	_	_	_	linguistic	_	none	_	Begin=2488.32|End=2488.699	_	_	_	_
1504-0	PKP033	1504	1504	0	soprattutto	soprattutto	_	_	_	_	_	linguistic	_	none	_	Begin=2488.709	_	_	_	_
1504-1	PKP033	1504	1504	1	giuliano	giuliano	_	_	_	_	_	linguistic	_	none	_	_	_	_	_	_
1504-2	PKP033	1504	1504	2	poi	poi	_	_	_	_	_	linguistic	_	none	_	_	_	_	_	_
1504-3	PKP033	1504	1504	3	io	io	_	_	_	_	_	linguistic	_	none	_	_	_	_	_	_
1504-4	PKP033	1504	1504	4	son	son	_	_	_	_	_	linguistic	_	none	_	_	_	_	_	_
1504-5	PKP033	1504	1504	5	stata:	stata	_	_	_	_	_	linguistic	_	none	_	End=2490.56	4x1	_	_	_
1505-0	PKP033	1505	1505	0	c(io)é	cioé	_	_	_	_	_	linguistic	_	none	_	Begin=2491.08	_	_	1-3(0)	_
1505-1	PKP033	1505	1505	1	a	a	_	_	_	_	_	linguistic	_	none	_	_	_	_	_	_
1505-2	PKP033	1505	1505	2	volte	volte	_	_	_	_	_	linguistic	_	none	_	_	_	_	_	_
1505-3	PKP033	1505	1505	3	ne	ne	_	_	_	_	_	linguistic	_	none	_	_	_	_	_	_
1505-4	PKP033	1505	1505	4	ho	ho	_	_	_	_	_	linguistic	_	none	_	_	_	_	_	_
1505-5	PKP033	1505	1505	5	saltato	saltato	_	_	_	_	_	linguistic	_	none	_	_	_	_	_	_
1505-6	PKP033	1505	1505	6	qualcuno	qualcuno	_	_	_	_	_	linguistic	_	none	_	_	_	_	_	_
1505-7	PKP033	1505	1505	7	son	son	_	_	_	_	_	linguistic	_	none	_	_	_	_	_	_
1505-8	PKP033	1505	1505	8	stata	stata	_	_	_	_	_	linguistic	_	none	_	_	_	_	_	_
1505-9	PKP033	1505	1505	9	[a	a	_	_	_	_	_	linguistic	_	none	_	_	_	_	_	0-1(393)
1505-10	PKP033	1505	1505	10	casa]	casa	_	_	_	_	_	linguistic	_	none	_	End=2493.71	_	_	_	0-4(393)
1506-0	PKP036	1506	1506	0	[mhmh]	mhmh	_	_	_	_	_	linguistic	_	none	_	Begin=2493.24|End=2493.62	_	_	_	0-4(393)
1507-0	PKP033	1507	1507	0	mh	mh	_	_	_	_	_	linguistic	_	none	_	Begin=2494.855	_	_	_	_
1507-1	PKP033	1507	1507	1	poi	poi	_	_	_	_	_	linguistic	_	none	_	_	_	_	_	_
1507-2	PKP033	1507	1507	2	si	si	_	_	_	_	_	linguistic	_	none	_	_	_	_	_	_
1507-3	PKP033	1507	1507	3	vedevano	vedevano	_	_	_	_	_	linguistic	_	none	_	_	_	_	_	_
1507-4	PKP033	1507	1507	4	a	a	_	_	_	_	_	linguistic	_	none	_	_	_	_	_	_
1507-5	PKP033	1507	1507	5	fare	fare	_	_	_	_	_	linguistic	_	none	_	_	_	_	_	_
1507-6	PKP033	1507	1507	6	dei	dei	_	_	_	_	_	linguistic	_	none	_	_	_	_	_	_
1507-7	PKP033	1507	1507	7	giri	giri	_	_	_	_	_	linguistic	_	none	_	_	_	_	_	_
1507-8	PKP033	1507	1507	8	in	in	_	_	_	_	_	linguistic	_	none	_	_	_	_	_	_
1507-9	PKP033	1507	1507	9	centro	centro	_	_	_	_	_	linguistic	_	none	_	_	_	_	_	_
1507-10	PKP033	1507	1507	10	io	io	_	_	_	_	_	linguistic	_	none	_	_	_	_	_	_
1507-11	PKP033	1507	1507	11	son	son	_	_	_	_	_	linguistic	_	none	_	_	_	_	_	_
1507-12	PKP033	1507	1507	12	stata	stata	_	_	_	_	_	linguistic	_	none	_	_	_	_	_	_
1507-13	PKP033	1507	1507	13	sempre	sempre	_	_	_	_	_	linguistic	_	none	_	_	_	_	_	_
1507-14	PKP033	1507	1507	14	a	a	_	_	_	_	_	linguistic	_	none	_	_	_	_	_	_
1507-15	PKP033	1507	1507	15	casa	casa	_	_	_	_	_	linguistic	_	none	_	_	_	_	_	_
1507-16	PKP033	1507	1507	16	a	a	_	_	_	_	_	linguistic	_	none	_	_	_	_	_	_
1507-17	PKP033	1507	1507	17	lavorare	lavorare	_	_	_	_	_	linguistic	_	none	_	_	_	_	_	_
1507-18	PKP033	1507	1507	18	poi	poi	_	_	_	_	_	linguistic	_	none	_	_	_	_	_	_
1507-19	PKP033	1507	1507	19	li	li	_	_	_	_	_	linguistic	_	none	_	_	_	_	_	_
1507-20	PKP033	1507	1507	20	raggiungevo	raggiungevo	_	_	_	_	_	linguistic	_	none	_	End=2499.85	_	_	_	_
1508-0	PKP033	1508	1508	0	in	in	_	_	_	_	_	linguistic	_	none	_	Begin=2500.56	_	_	_	_
1508-1	PKP033	1508	1508	1	realtà	realtà	_	_	_	_	_	linguistic	_	none	_	End=2501.11	_	_	_	_
1509-0	PKP033	1509	1509	0	e:hm	ehm	_	_	_	_	_	linguistic	_	none	_	Begin=2501.61|End=2502.76	0x1	_	_	_
1510-0	PKP033	1510	1510	0	quindi	quindi	_	_	_	_	_	linguistic	_	none	_	Begin=2502.97	_	_	_	_
1510-1	PKP033	1510	1510	1	boh	boh	_	_	_	_	_	linguistic	_	none	_	_	_	_	_	_
1510-2	PKP033	1510	1510	2	vabbè	vabbè	_	_	_	_	_	linguistic	_	none	_	_	_	_	_	_
1510-3	PKP033	1510	1510	3	c(io)é	cioé	_	_	_	_	_	linguistic	_	none	_	_	_	_	1-3(0)	_
1510-4	PKP033	1510	1510	4	tipo	tipo	_	_	_	_	_	linguistic	_	none	_	_	_	_	_	_
1510-5	PKP033	1510	1510	5	il	il	_	_	_	_	_	linguistic	_	none	_	_	_	_	_	_
1510-6	PKP033	1510	1510	6	venticinque	venticinque	_	_	_	_	_	linguistic	_	none	_	_	_	_	_	_
1510-7	PKP033	1510	1510	7	normale:	normale	_	_	_	_	_	linguistic	_	none	_	_	6x1	_	_	_
1510-8	PKP033	1510	1510	8	famiglia	famiglia	_	_	_	_	_	linguistic	_	none	_	_	_	_	_	_
1510-9	PKP033	1510	1510	9	così	così	_	_	_	_	_	linguistic	_	none	_	End=2506.86	_	_	_	_
1511-0	PKP033	1511	1511	0	niente	niente	_	_	_	_	_	linguistic	_	none	_	Begin=2506.97	_	_	_	_
1511-1	PKP033	1511	1511	1	di	di	_	_	_	_	_	linguistic	_	none	_	_	_	_	_	_
1511-2	PKP033	1511	1511	2	che	che	_	_	_	_	_	linguistic	_	none	_	End=2507.82	_	_	_	_
1512-0	PKP033	1512	1512	0	°ehm°	ehm	_	_	_	_	_	linguistic	_	none	Volume=low	Begin=2508.82|End=2509.45	_	_	_	_
1513-0	PKP036	1513	1513	0	tutto	tutto	_	_	_	_	_	linguistic	_	none	_	Begin=2510.06	_	_	_	_
1513-1	PKP036	1513	1513	1	norm[ale]	normale	_	_	_	_	_	linguistic	_	none	_	End=2511.06	_	_	_	4-7(394)
1514-0	PKP033	1514	1514	0	[sì	sì	_	_	_	_	_	linguistic	_	none	_	Begin=2510.82	_	_	_	0-2(394)
1514-1	PKP033	1514	1514	1	s]ì	sì	_	_	_	_	_	linguistic	_	none	_	End=2511.34	_	_	_	0-1(394)
1515-0	PKP033	1515	1515	0	e	e	_	_	_	_	_	linguistic	_	none	_	Begin=2511.64	_	_	_	_
1515-1	PKP033	1515	1515	1	voi	voi	_	_	_	_	_	linguistic	_	none	_	_	_	_	_	_
1515-2	PKP033	1515	1515	2	la	la	_	_	_	_	_	linguistic	_	none	_	_	_	_	_	_
1515-3	PKP033	1515	1515	3	casetta?	casetta	_	_	_	_	_	linguistic	_	none	Intonation=Rising	End=2512.83	_	_	_	_
1516-0	PKP036	1516	1516	0	la	la	_	_	_	_	_	linguistic	_	none	_	Begin=2513.46	_	_	_	_
1516-1	PKP036	1516	1516	1	casetta:	casetta	_	_	_	_	_	linguistic	_	none	_	_	6x1	_	_	_
1516-2	PKP036	1516	1516	2	(la)	la	_	_	_	_	_	linguistic	_	none	_	_	_	_	0-2(0)	_
1516-3	PKP036	1516	1516	3	stiamo	stiamo	_	_	_	_	_	linguistic	_	none	_	_	_	_	_	_
1516-4	PKP036	1516	1516	4	sistemando	sistemando	_	_	_	_	_	linguistic	_	none	_	End=2515.53	_	_	_	_
1517-0	PKP036	1517	1517	0	oggi	oggi	_	_	_	_	_	linguistic	_	none	_	Begin=2515.55	_	_	_	_
1517-1	PKP036	1517	1517	1	abbiamo	abbiamo	_	_	_	_	_	linguistic	_	none	_	_	_	_	_	_
1517-2	PKP036	1517	1517	2	fa[tto]	fatto	_	_	_	_	_	linguistic	_	none	_	End=2516.49	_	_	_	2-5(395)
1518-0	PKP033	1518	1518	0	[eh	eh	_	_	_	_	_	linguistic	_	none	_	Begin=2516.06	_	_	_	0-2(395)
1518-1	PKP033	1518	1518	1	cos]a	cosa	_	_	_	_	_	linguistic	_	none	_	_	_	_	_	0-3(395)
1518-2	PKP033	1518	1518	2	avete	avete	_	_	_	_	_	linguistic	_	none	_	_	_	_	_	_
1518-3	PKP033	1518	1518	3	comprato	comprato	_	_	_	_	_	linguistic	_	none	_	_	_	_	_	_
1518-4	PKP033	1518	1518	4	[oggi]	oggi	_	_	_	_	_	linguistic	_	none	_	End=2517.7	_	_	_	0-4(396)
1519-0	PKP036	1519	1519	0	[pulizie	pulizie	_	_	_	_	_	linguistic	_	none	_	Begin=2517.18	_	_	_	0-7(396)
1519-1	PKP036	1519	1519	1	di]	di	_	_	_	_	_	linguistic	_	none	_	_	_	_	_	0-2(396)
1519-2	PKP036	1519	1519	2	primavera	primavera	_	_	_	_	_	linguistic	_	none	_	_	_	_	_	_
1519-3	PKP036	1519	1519	3	abbiamo	abbiamo	_	_	_	_	_	linguistic	_	none	_	_	_	_	_	_
1519-4	PKP036	1519	1519	4	fatto	fatto	_	_	_	_	_	linguistic	_	none	_	End=2519.15	_	_	_	_
1520-0	PKP037	1520	1520	0	mh	mh	_	_	_	_	_	linguistic	_	none	_	Begin=2519.18	_	_	_	_
1520-1	PKP037	1520	1520	1	pulizie	pulizie	_	_	_	_	_	linguistic	_	none	_	_	_	_	_	_
1520-2	PKP037	1520	1520	2	di	di	_	_	_	_	_	linguistic	_	none	_	_	_	_	_	_
1520-3	PKP037	1520	1520	3	primavera	primavera	_	_	_	_	_	linguistic	_	none	_	End=2520.47	_	_	_	_
1521-0	PKP037	1521	1521	0	dev(e)'	deve'	_	_	_	_	_	linguistic	_	none	SpaceAfter=No	Begin=2520.83	_	_	3-4(0)	_
1521-1	PKP037	1521	1521	1	esse[re	essere	_	_	_	_	_	linguistic	_	none	_	_	_	_	_	3-6(397)
1521-2	PKP037	1521	1521	2	lo	lo	_	_	_	_	_	linguistic	_	none	_	_	_	_	_	0-2(397)
1521-3	PKP037	1521	1521	3	standard	standard	_	_	_	_	_	linguistic	_	none	_	_	_	_	_	0-8(397)
1521-4	PKP037	1521	1521	4	xxxx]	xxxx	_	_	_	_	_	unknown	_	none	Syllables=4	End=2523.09	_	_	_	0-4(397)
1522-0	PKP036	1522	1522	0	[d'	d'	_	_	_	_	_	linguistic	_	none	SpaceAfter=No	Begin=2521.32	_	_	_	0-2(397)
1522-1	PKP036	1522	1522	1	inverno]	inverno	_	_	_	_	_	linguistic	_	none	_	_	_	_	_	0-7(397)
1522-2	PKP036	1522	1522	2	{ride}	{ride}	_	_	_	_	_	nonverbalbehavior	_	none	_	End=2522.97	_	_	_	_
1523-0	PKP033	1523	1523	0	{ride}	{ride}	_	_	_	_	_	nonverbalbehavior	_	none	_	Begin=2522.68|End=2523.72	_	_	_	_
1524-0	PKP037	1524	1524	0	con	con	_	_	_	_	_	linguistic	_	none	_	Begin=2524.199	_	_	_	_
1524-1	PKP037	1524	1524	1	chi	chi	_	_	_	_	_	linguistic	_	none	_	_	_	_	_	_
1524-2	PKP037	1524	1524	2	è	è	_	_	_	_	_	linguistic	_	none	_	_	_	_	_	_
1524-3	PKP037	1524	1524	3	pie]no	pieno	_	_	_	_	_	linguistic	_	none	_	_	_	_	_	_
1524-4	PKP037	1524	1524	4	di	di	_	_	_	_	_	linguistic	_	none	_	_	_	_	_	_
1524-5	PKP037	1524	1524	5	roba	roba	_	_	_	_	_	linguistic	_	none	_	_	_	_	_	_
1524-6	PKP037	1524	1524	6	vecchia	vecchia	_	_	_	_	_	linguistic	_	none	_	End=2525.81	_	_	_	_
1525-0	PKP036	1525	1525	0	[mah]	mah	_	_	_	_	_	linguistic	_	none	_	Begin=2524.2|End=2524.73	_	_	_	0-3(398)
1526-0	PKP033	1526	1526	0	mh	mh	_	_	_	_	_	linguistic	_	none	_	Begin=2526.09|End=2526.57	_	_	_	_
1527-0	PKP037	1527	1527	0	poi	poi	_	_	_	_	_	linguistic	_	none	_	Begin=2527.269	_	_	_	_
1527-1	PKP037	1527	1527	1	dobbiamo	dobbiamo	_	_	_	_	_	linguistic	_	none	_	_	_	_	_	_
1527-2	PKP037	1527	1527	2	[xxxx]	xxxx	_	_	_	_	_	unknown	_	none	Syllables=4	End=2528.48	_	_	_	0-4(399)
1528-0	PKP036	1528	1528	0	[chi	chi	_	_	_	_	_	linguistic	_	none	_	Begin=2527.71	_	_	_	0-3(399)
1528-1	PKP036	1528	1528	1	ci	ci	_	_	_	_	_	linguistic	_	none	_	_	_	_	_	0-2(399)
1528-2	PKP036	1528	1528	2	abita]va	abitava	_	_	_	_	_	linguistic	_	none	_	_	_	_	_	0-5(399)
1528-3	PKP036	1528	1528	3	pri[ma	prima	_	_	_	_	_	linguistic	_	none	_	_	_	_	_	3-5(400)
1528-4	PKP036	1528	1528	4	ha	ha	_	_	_	_	_	linguistic	_	none	_	_	_	_	_	0-2(400)
1528-5	PKP036	1528	1528	5	lascia]to:	lasciato	_	_	_	_	_	linguistic	_	none	_	_	7x1	_	_	0-6(400)
1528-6	PKP036	1528	1528	6	di	di	_	_	_	_	_	linguistic	_	none	_	_	_	_	_	_
1528-7	PKP036	1528	1528	7	tutto	tutto	_	_	_	_	_	linguistic	_	none	_	End=2530.32	_	_	_	_
1529-0	PKP037	1529	1529	0	xxxx	xxxx	_	_	_	_	_	unknown	_	none	Syllables=4	Begin=2528.74|End=2529.46	_	_	_	_
1530-0	PKP036	1530	1530	0	proprio	proprio	_	_	_	_	_	linguistic	_	none	_	Begin=2530.54	_	_	_	_
1530-1	PKP036	1530	1530	1	qualsiasi	qualsiasi	_	_	_	_	_	linguistic	_	none	_	_	_	_	_	_
1530-2	PKP036	1530	1530	2	[cosa]	cosa	_	_	_	_	_	linguistic	_	none	_	End=2531.91	_	_	_	0-4(401)
1531-0	PKP033	1531	1531	0	[mh]	mh	_	_	_	_	_	linguistic	_	none	PauseAfter=Yes	Begin=2531.32	_	_	_	0-2(401)
1531-1	PKP033	1531	1531	1	{P}	{P}	_	_	_	_	_	shortpause	_	none	_	_	_	_	_	_
1531-2	PKP033	1531	1531	2	[c(io)é	cioé	_	_	_	_	_	linguistic	_	none	_	_	_	_	1-3(0)	0-4(402)
1531-3	PKP033	1531	1531	3	avete	avete	_	_	_	_	_	linguistic	_	none	PauseAfter=Yes	_	_	_	_	0-5(402)
1531-4	PKP033	1531	1531	4	{P}	{P}	_	_	_	_	_	shortpause	_	none	_	_	_	_	_	0-3(402)
1531-5	PKP033	1531	1531	5	buttato	buttato	_	_	_	_	_	linguistic	_	none	PauseAfter=Yes	_	_	_	_	0-7(402)
1531-6	PKP033	1531	1531	6	{P}	{P}	_	_	_	_	_	shortpause	_	none	_	_	_	_	_	0-3(402)
1531-7	PKP033	1531	1531	7	delle	delle	_	_	_	_	_	linguistic	_	none	_	_	_	_	_	0-5(402)
1531-8	PKP033	1531	1531	8	cose]	cose	_	_	_	_	_	linguistic	_	none	_	End=2534.63	_	_	_	0-4(402)
1532-0	PKP036	1532	1532	0	[c(io)é	cioé	_	_	_	_	_	linguistic	_	none	_	Begin=2531.98	_	_	1-3(0)	0-4(402)
1532-1	PKP036	1532	1532	1	c'	c'	_	_	_	_	_	linguistic	_	none	SpaceAfter=No	_	_	_	_	0-2(402)
1532-2	PKP036	1532	1532	2	era	era	_	_	_	_	_	linguistic	_	none	_	_	_	_	_	0-3(402)
1532-3	PKP036	1532	1532	3	xxxxxxxxx]	xxxxxxxxx	_	_	_	_	_	unknown	_	none	Syllables=9	End=2534.22	_	_	_	0-9(402)
1533-0	PKP036	1533	1533	0	[sì	sì	_	_	_	_	_	linguistic	_	none	_	Begin=2534.99	_	_	_	0-2(403)
1533-1	PKP036	1533	1533	1	e]	e	_	_	_	_	_	linguistic	_	none	_	_	_	_	_	0-1(403)
1533-2	PKP036	1533	1533	2	ancora	ancora	_	_	_	_	_	linguistic	_	none	_	_	_	_	_	_
1533-3	PKP036	1533	1533	3	c'	c'	_	_	_	_	_	linguistic	_	none	SpaceAfter=No	_	_	_	_	_
1533-4	PKP036	1533	1533	4	è	è	_	_	_	_	_	linguistic	_	none	_	_	_	_	_	_
1533-5	PKP036	1533	1533	5	[xxxx]	xxxx	_	_	_	_	_	unknown	_	none	Syllables=4	End=2536.85	_	_	_	0-4(404)
1534-0	PKP033	1534	1534	0	[mh]	mh	_	_	_	_	_	linguistic	_	none	_	Begin=2534.99|End=2535.37	_	_	_	0-2(403)
1535-0	PKP037	1535	1535	0	[sta	sta	_	_	_	_	_	linguistic	_	none	_	Begin=2535.94	_	_	_	0-3(404)
1535-1	PKP037	1535	1535	1	carta	carta	_	_	_	_	_	linguistic	_	none	_	_	_	_	_	0-5(404)
1535-2	PKP037	1535	1535	2	smeral]do:	smeraldo	_	_	_	_	_	linguistic	_	none	_	_	7x1	_	_	0-6(404)
1535-3	PKP037	1535	1535	3	e:	e	_	_	_	_	_	linguistic	_	none	_	_	0x1	_	_	_
1535-4	PKP037	1535	1535	4	si	si	_	_	_	_	_	linguistic	_	none	_	_	_	_	_	_
1535-5	PKP037	1535	1535	5	è	è	_	_	_	_	_	linguistic	_	none	_	_	_	_	_	_
1535-6	PKP037	1535	1535	6	consumata	consumata	_	_	_	_	_	linguistic	_	none	_	End=2538.3	_	_	_	_
1536-0	PKP036	1536	1536	0	{ride}	{ride}	_	_	_	_	_	nonverbalbehavior	_	none	_	Begin=2538.26|End=2538.84	_	_	_	_
1537-0	PKP033	1537	1537	0	mh	mh	_	_	_	_	_	linguistic	_	none	_	Begin=2539.34	_	_	_	_
1537-1	PKP033	1537	1537	1	io	io	_	_	_	_	_	linguistic	_	none	_	_	_	_	_	_
1537-2	PKP033	1537	1537	2	la	la	_	_	_	_	_	linguistic	_	none	_	_	_	_	_	_
1537-3	PKP033	1537	1537	3	devo	devo	_	_	_	_	_	linguistic	_	none	_	_	_	_	_	_
1537-4	PKP033	1537	1537	4	andare	andare	_	_	_	_	_	linguistic	_	none	_	_	_	_	_	_
1537-5	PKP033	1537	1537	5	a	a	_	_	_	_	_	linguistic	_	none	_	_	_	_	_	_
1537-6	PKP033	1537	1537	6	ritirare	ritirare	_	_	_	_	_	linguistic	_	none	PauseAfter=Yes	_	_	_	_	_
1537-7	PKP033	1537	1537	7	{P}	{P}	_	_	_	_	_	shortpause	_	none	_	_	_	_	_	_
1537-8	PKP033	1537	1537	8	sapete	sapete	_	_	_	_	_	linguistic	_	none	_	_	_	_	_	_
1537-9	PKP033	1537	1537	9	che	che	_	_	_	_	_	linguistic	_	none	_	_	_	_	_	_
1537-10	PKP033	1537	1537	10	non	non	_	_	_	_	_	linguistic	_	none	_	_	_	_	_	_
1537-11	PKP033	1537	1537	11	ce	ce	_	_	_	_	_	linguistic	_	none	_	_	_	_	_	_
1537-12	PKP033	1537	1537	12	l'	l'	_	_	_	_	_	linguistic	_	none	SpaceAfter=No	_	_	_	_	_
1537-13	PKP033	1537	1537	13	ho	ho	_	_	_	_	_	linguistic	_	none	_	End=2541.88	_	_	_	_
1538-0	PKP033	1538	1538	0	[non	non	_	_	_	_	_	linguistic	_	none	_	Begin=2542.149	_	_	_	0-3(405)
1538-1	PKP033	1538	1538	1	ce	ce	_	_	_	_	_	linguistic	_	none	_	_	_	_	_	0-2(405)
1538-2	PKP033	1538	1538	2	l'	l'	_	_	_	_	_	linguistic	_	none	SpaceAfter=No	_	_	_	_	0-2(405)
1538-3	PKP033	1538	1538	3	ho]	ho	_	_	_	_	_	linguistic	_	none	_	End=2542.76	_	_	_	0-2(405)
1539-0	PKP036	1539	1539	0	[ma	ma	_	_	_	_	_	linguistic	_	none	_	Begin=2542.15	_	_	_	0-2(405)
1539-1	PKP036	1539	1539	1	(xx	xx	_	_	_	_	_	unknown	_	none	Syllables=2	_	_	_	0-2(0)	0-2(405)
1539-2	PKP036	1539	1539	2	vive]vano	vivevano	_	_	_	_	_	linguistic	_	none	_	_	_	_	0-8(0)	0-4(405)
1539-3	PKP036	1539	1539	3	senza)	senza	_	_	_	_	_	linguistic	_	none	_	End=2543.58	_	_	0-5(0)	_
1540-0	PKP036	1540	1540	0	c(io)é	cioé	_	_	_	_	_	linguistic	_	none	_	Begin=2543.6	_	_	1-3(0)	_
1540-1	PKP036	1540	1540	1	la	la	_	_	_	_	_	linguistic	_	none	_	_	_	_	_	_
1540-2	PKP036	1540	1540	2	lasciavano	lasciavano	_	_	_	_	_	linguistic	_	none	_	_	_	_	_	_
1540-3	PKP036	1540	1540	3	per	per	_	_	_	_	_	linguistic	_	none	_	_	_	_	_	_
1540-4	PKP036	1540	1540	4	terra	terra	_	_	_	_	_	linguistic	_	none	_	_	_	_	_	_
1540-5	PKP036	1540	1540	5	vicino	vicino	_	_	_	_	_	linguistic	_	none	_	_	_	_	_	_
1540-6	PKP036	1540	1540	6	al	al	_	_	_	_	_	linguistic	_	none	_	_	_	_	_	_
1540-7	PKP036	1540	1540	7	secchione	secchione	_	_	_	_	_	linguistic	_	none	_	End=2545.709	_	_	_	_
1541-0	PKP033	1541	1541	0	[eh]	eh	_	_	_	_	_	linguistic	_	none	_	Begin=2545.84|End=2546.07	_	_	_	0-2(406)
1542-0	PKP036	1542	1542	0	[per	per	_	_	_	_	_	linguistic	_	none	_	Begin=2545.91	_	_	_	0-3(406)
1542-1	PKP036	1542	1542	1	a]nni	anni	_	_	_	_	_	linguistic	_	none	_	End=2546.49	_	_	_	0-1(406)
1543-0	PKP037	1543	1543	0	{ride}	{ride}	_	_	_	_	_	nonverbalbehavior	_	none	_	Begin=2546.63|End=2547.22	_	_	_	_
1544-0	PKP033	1544	1544	0	ma	ma	_	_	_	_	_	linguistic	_	none	_	Begin=2547.18	_	_	_	_
1544-1	PKP033	1544	1544	1	un	un	_	_	_	_	_	linguistic	_	none	_	_	_	_	_	_
1544-2	PKP033	1544	1544	2	sì	sì	_	_	_	_	_	linguistic	_	none	_	_	_	_	_	_
1544-3	PKP033	1544	1544	3	è	è	_	_	_	_	_	linguistic	_	none	_	_	_	_	_	_
1544-4	PKP033	1544	1544	4	così	così	_	_	_	_	_	linguistic	_	none	_	_	_	_	_	_
1544-5	PKP033	1544	1544	5	complicato:	complicato	_	_	_	_	_	linguistic	_	none	_	_	9x1	_	_	_
1544-6	PKP033	1544	1544	6	andare	andare	_	_	_	_	_	linguistic	_	none	_	_	_	_	_	_
1544-7	PKP033	1544	1544	7	a	a	_	_	_	_	_	linguistic	_	none	_	_	_	_	_	_
1544-8	PKP033	1544	1544	8	prenderla	prenderla	_	_	_	_	_	linguistic	_	none	_	_	_	_	_	_
1544-9	PKP033	1544	1544	9	che	che	_	_	_	_	_	linguistic	_	none	_	_	_	_	_	_
1544-10	PKP033	1544	1544	10	devo	devo	_	_	_	_	_	linguistic	_	none	_	_	_	_	_	_
1544-11	PKP033	1544	1544	11	dire	dire	_	_	_	_	_	linguistic	_	none	_	_	_	_	_	_
1544-12	PKP033	1544	1544	12	che:	che	_	_	_	_	_	linguistic	_	none	_	End=2550.98	2x1	_	_	_
1545-0	PKP036	1545	1545	0	{RIDE}	{RIDE}	_	_	_	_	_	nonverbalbehavior	_	none	_	Begin=2550.84|End=2552.31	_	_	_	_
1546-0	PKP033	1546	1546	0	{ride}	{ride}	_	_	_	_	_	nonverbalbehavior	_	none	_	Begin=2550.98|End=2552.7	_	_	_	_
1547-0	PKP037	1547	1547	0	{ride}	{ride}	_	_	_	_	_	nonverbalbehavior	_	none	_	Begin=2551.2|End=2552.12	_	_	_	_
1548-0	PKP037	1548	1548	0	eh	eh	_	_	_	_	_	linguistic	_	none	_	Begin=2552.33	_	_	_	_
1548-1	PKP037	1548	1548	1	raccontagliela	raccontagliela	_	_	_	_	_	linguistic	_	none	_	_	_	_	_	_
1548-2	PKP037	1548	1548	2	(come	come	_	_	_	_	_	linguistic	_	none	_	_	_	_	0-4(0)	_
1548-3	PKP037	1548	1548	3	se	se	_	_	_	_	_	linguistic	_	none	_	_	_	_	0-2(0)	_
1548-4	PKP037	1548	1548	4	l'	l'	_	_	_	_	_	linguistic	_	none	SpaceAfter=No	_	_	_	0-2(0)	_
1548-5	PKP037	1548	1548	5	è	è	_	_	_	_	_	linguistic	_	none	_	_	_	_	0-1(0)	_
1548-6	PKP037	1548	1548	6	presa	presa	_	_	_	_	_	linguistic	_	none	_	_	_	_	0-5(0)	_
1548-7	PKP037	1548	1548	7	a	a	_	_	_	_	_	linguistic	_	none	_	_	_	_	0-1(0)	_
1548-8	PKP037	1548	1548	8	noi)	noi	_	_	_	_	_	linguistic	_	none	_	End=2554.49	_	_	0-3(0)	_
1549-0	PKP036	1549	1549	0	{ride}	{ride}	_	_	_	_	_	nonverbalbehavior	_	none	_	Begin=2553.08|End=2553.88	_	_	_	_
1550-0	PKP037	1550	1550	0	mh?	mh	_	_	_	_	_	linguistic	_	none	Intonation=Rising|PauseAfter=Yes	Begin=2555.17	_	_	_	_
1550-1	PKP037	1550	1550	1	{P}	{P}	_	_	_	_	_	shortpause	_	none	_	_	_	_	_	_
1550-2	PKP037	1550	1550	2	sti	sti	_	_	_	_	_	linguistic	_	none	_	_	_	_	_	_
1550-3	PKP037	1550	1550	3	borghesi	borghesi	_	_	_	_	_	linguistic	_	none	_	_	_	_	_	_
1550-4	PKP037	1550	1550	4	però	però	_	_	_	_	_	linguistic	_	none	_	_	_	_	_	_
1550-5	PKP037	1550	1550	5	eh	eh	_	_	_	_	_	linguistic	_	none	_	End=2556.59	_	_	_	_
1551-0	PKP036	1551	1551	0	{ride}	{ride}	_	_	_	_	_	nonverbalbehavior	_	none	_	Begin=2556.64|End=2557.66	_	_	_	_
1552-0	PKP037	1552	1552	0	{ride}	{ride}	_	_	_	_	_	nonverbalbehavior	_	none	_	Begin=2556.84|End=2557.83	_	_	_	_
1553-0	PKP033	1553	1553	0	cosa	cosa	_	_	_	_	_	linguistic	_	none	_	Begin=2557.12	_	_	_	_
1553-1	PKP033	1553	1553	1	avete	avete	_	_	_	_	_	linguistic	_	none	_	_	_	_	_	_
1553-2	PKP033	1553	1553	2	fatto?	fatto	_	_	_	_	_	linguistic	_	none	Intonation=Rising	End=2558.05	_	_	_	_
1554-0	PKP036	1554	1554	0	è	è	_	_	_	_	_	linguistic	_	none	_	Begin=2559.86	_	_	_	_
1554-1	PKP036	1554	1554	1	che	che	_	_	_	_	_	linguistic	_	none	_	_	_	_	_	_
1554-2	PKP036	1554	1554	2	la	la	_	_	_	_	_	linguistic	_	none	_	_	_	_	_	_
1554-3	PKP036	1554	1554	3	casa	casa	_	_	_	_	_	linguistic	_	none	_	_	_	_	_	_
1554-4	PKP036	1554	1554	4	era	era	_	_	_	_	_	linguistic	_	none	_	_	_	_	_	_
1554-5	PKP036	1554	1554	5	di	di	_	_	_	_	_	linguistic	_	none	_	End=2561.39	_	_	_	_
1555-0	PKP036	1555	1555	0	un	un	_	_	_	_	_	linguistic	_	none	_	Begin=2562.18	_	_	_	_
1555-1	PKP036	1555	1555	1	collega	collega	_	_	_	_	_	linguistic	_	none	_	_	_	_	_	_
1555-2	PKP036	1555	1555	2	di	di	_	_	_	_	_	linguistic	_	none	_	_	_	_	_	_
1555-3	PKP036	1555	1555	3	lavoro	lavoro	_	_	_	_	_	linguistic	_	none	_	End=2563.48	_	_	_	_
1556-0	PKP033	1556	1556	0	mhmh	mhmh	_	_	_	_	_	linguistic	_	none	_	Begin=2563.49|End=2564.06	_	_	_	_
1557-0	PKP036	1557	1557	0	e	e	_	_	_	_	_	linguistic	_	none	_	Begin=2565.01	_	_	_	_
1557-1	PKP036	1557	1557	1	lui	lui	_	_	_	_	_	linguistic	_	none	_	_	_	_	_	_
1557-2	PKP036	1557	1557	2	ci	ci	_	_	_	_	_	linguistic	_	none	_	_	_	_	_	_
1557-3	PKP036	1557	1557	3	ha	ha	_	_	_	_	_	linguistic	_	none	_	_	_	_	_	_
1557-4	PKP036	1557	1557	4	abitato	abitato	_	_	_	_	_	linguistic	_	none	_	_	_	_	_	_
1557-5	PKP036	1557	1557	5	senza	senza	_	_	_	_	_	linguistic	_	none	PauseAfter=Yes	_	_	_	_	_
1557-6	PKP036	1557	1557	6	{P}	{P}	_	_	_	_	_	shortpause	_	none	_	_	_	_	_	_
1557-7	PKP036	1557	1557	7	effettivamente	effettivamente	_	_	_	_	_	linguistic	_	none	_	_	_	_	_	_
1557-8	PKP036	1557	1557	8	usarla	usarla	_	_	_	_	_	linguistic	_	none	_	End=2567.7	_	_	_	_
1558-0	PKP036	1558	1558	0	evidentemente	evidentemente	_	_	_	_	_	linguistic	_	none	_	Begin=2568.1	_	_	_	_
1558-1	PKP036	1558	1558	1	si	si	_	_	_	_	_	linguistic	_	none	_	_	_	_	_	_
1558-2	PKP036	1558	1558	2	è	è	_	_	_	_	_	linguistic	_	none	_	_	_	_	_	_
1558-3	PKP036	1558	1558	3	sentito	sentito	_	_	_	_	_	linguistic	_	none	_	_	_	_	_	_
1558-4	PKP036	1558	1558	4	in	in	_	_	_	_	_	linguistic	_	none	_	_	_	_	_	_
1558-5	PKP036	1558	1558	5	colpa	colpa	_	_	_	_	_	linguistic	_	none	_	_	_	_	_	_
1558-6	PKP036	1558	1558	6	che	che	_	_	_	_	_	linguistic	_	none	_	_	_	_	_	_
1558-7	PKP036	1558	1558	7	poi	poi	_	_	_	_	_	linguistic	_	none	PauseAfter=Yes	_	_	_	_	_
1558-8	PKP036	1558	1558	8	{P}	{P}	_	_	_	_	_	shortpause	_	none	_	_	_	_	_	_
1558-9	PKP036	1558	1558	9	noi	noi	_	_	_	_	_	linguistic	_	none	_	_	_	_	_	_
1558-10	PKP036	1558	1558	10	siamo	siamo	_	_	_	_	_	linguistic	_	none	_	_	_	_	_	_
1558-11	PKP036	1558	1558	11	andati	andati	_	_	_	_	_	linguistic	_	none	_	_	_	_	_	_
1558-12	PKP036	1558	1558	12	a	a	_	_	_	_	_	linguistic	_	none	_	_	_	_	_	_
1558-13	PKP036	1558	1558	13	vivere	vivere	_	_	_	_	_	linguistic	_	none	_	_	_	_	_	_
1558-14	PKP036	1558	1558	14	e	e	_	_	_	_	_	linguistic	_	none	_	_	_	_	_	_
1558-15	PKP036	1558	1558	15	non	non	_	_	_	_	_	linguistic	_	none	_	_	_	_	_	_
1558-16	PKP036	1558	1558	16	aveva	aveva	_	_	_	_	_	linguistic	_	none	_	_	_	_	_	_
1558-17	PKP036	1558	1558	17	mai	mai	_	_	_	_	_	linguistic	_	none	_	_	_	_	_	_
1558-18	PKP036	1558	1558	18	ridato	ridato	_	_	_	_	_	linguistic	_	none	_	_	_	_	_	_
1558-19	PKP036	1558	1558	19	sta	sta	_	_	_	_	_	linguistic	_	none	_	_	_	_	_	_
1558-20	PKP036	1558	1558	20	carta	carta	_	_	_	_	_	linguistic	_	none	_	_	_	_	_	_
1558-21	PKP036	1558	1558	21	smeraldo	smeraldo	_	_	_	_	_	linguistic	_	none	_	End=2572.57	_	_	_	_
1559-0	PKP036	1559	1559	0	e	e	_	_	_	_	_	linguistic	_	none	_	Begin=2573.36	_	_	_	_
1559-1	PKP036	1559	1559	1	quindi	quindi	_	_	_	_	_	linguistic	_	none	PauseAfter=Yes	_	_	_	_	_
1559-2	PKP036	1559	1559	2	{P}	{P}	_	_	_	_	_	shortpause	_	none	_	_	_	_	_	_
1559-3	PKP036	1559	1559	3	l'	l'	_	_	_	_	_	linguistic	_	none	SpaceAfter=No	_	_	_	_	_
1559-4	PKP036	1559	1559	4	ha	ha	_	_	_	_	_	linguistic	_	none	_	_	_	_	_	_
1559-5	PKP036	1559	1559	5	fatta	fatta	_	_	_	_	_	linguistic	_	none	_	_	_	_	_	_
1559-6	PKP036	1559	1559	6	ritirare	ritirare	_	_	_	_	_	linguistic	_	none	_	_	_	_	_	_
1559-7	PKP036	1559	1559	7	da	da	_	_	_	_	_	linguistic	_	none	_	_	_	_	_	_
1559-8	PKP036	1559	1559	8	un	un	_	_	_	_	_	linguistic	_	none	_	_	_	_	_	_
1559-9	PKP036	1559	1559	9	altro	altro	_	_	_	_	_	linguistic	_	none	_	_	_	_	_	_
1559-10	PKP036	1559	1559	10	collega	collega	_	_	_	_	_	linguistic	_	none	_	_	_	_	_	_
1559-11	PKP036	1559	1559	11	di	di	_	_	_	_	_	linguistic	_	none	_	_	_	_	_	_
1559-12	PKP036	1559	1559	12	lavoro	lavoro	_	_	_	_	_	linguistic	_	none	_	_	_	_	_	_
1559-13	PKP036	1559	1559	13	che	che	_	_	_	_	_	linguistic	_	none	_	End=2576.96	_	_	_	_
1560-0	PKP036	1560	1560	0	un	un	_	_	_	_	_	linguistic	_	none	_	Begin=2577.42	_	_	_	_
1560-1	PKP036	1560	1560	1	[po']	po'	_	_	_	_	_	linguistic	_	none	_	_	_	_	_	0-3(407)
1560-2	PKP036	1560	1560	2	il	il	_	_	_	_	_	linguistic	_	none	_	_	_	_	_	_
1560-3	PKP036	1560	1560	3	tuttofare	tuttofare	_	_	_	_	_	linguistic	_	none	_	_	_	_	_	_
1560-4	PKP036	1560	1560	4	dell'	dell'	_	_	_	_	_	linguistic	_	none	SpaceAfter=No	_	_	_	_	_
1560-5	PKP036	1560	1560	5	ufficio	ufficio	_	_	_	_	_	linguistic	_	none	_	_	_	_	_	_
1560-6	PKP036	1560	1560	6	tipo	tipo	_	_	_	_	_	linguistic	_	none	_	End=2579.46	_	_	_	_
1561-0	PKP033	1561	1561	0	[ma]	ma	_	_	_	_	_	linguistic	_	none	_	Begin=2577.57|End=2577.88	_	_	_	0-2(407)
1562-0	PKP036	1562	1562	0	che	che	_	_	_	_	_	linguistic	_	none	_	Begin=2580.21	_	_	_	_
1562-1	PKP036	1562	1562	1	m'	m'	_	_	_	_	_	linguistic	_	none	SpaceAfter=No	_	_	_	_	_
1562-2	PKP036	1562	1562	2	ha	ha	_	_	_	_	_	linguistic	_	none	_	_	_	_	_	_
1562-3	PKP036	1562	1562	3	detto	detto	_	_	_	_	_	linguistic	_	none	_	_	_	_	_	_
1562-4	PKP036	1562	1562	4	ah	ah	_	_	_	_	_	linguistic	_	none	_	_	_	_	_	_
1562-5	PKP036	1562	1562	5	no	no	_	_	_	_	_	linguistic	_	none	_	_	_	_	_	_
1562-6	PKP036	1562	1562	6	le	le	_	_	_	_	_	linguistic	_	none	_	_	_	_	_	_
1562-7	PKP036	1562	1562	7	ho	ho	_	_	_	_	_	linguistic	_	none	_	_	_	_	_	_
1562-8	PKP036	1562	1562	8	chieste	chieste	_	_	_	_	_	linguistic	_	none	_	_	_	_	_	_
1562-9	PKP036	1562	1562	9	a	a	_	_	_	_	_	linguistic	_	none	_	_	_	_	_	_
1562-10	PKP036	1562	1562	10	marco	marco	_	_	_	_	_	linguistic	_	none	_	_	_	_	_	_
1562-11	PKP036	1562	1562	11	e	e	_	_	_	_	_	linguistic	_	none	_	_	_	_	_	_
1562-12	PKP036	1562	1562	12	io	io	_	_	_	_	_	linguistic	_	none	PauseAfter=Yes	_	_	_	_	_
1562-13	PKP036	1562	1562	13	{P}	{P}	_	_	_	_	_	shortpause	_	none	_	_	_	_	_	_
1562-14	PKP036	1562	1562	14	ma	ma	_	_	_	_	_	linguistic	_	none	_	_	_	_	_	_
1562-15	PKP036	1562	1562	15	come	come	_	_	_	_	_	linguistic	_	none	_	_	_	_	_	_
1562-16	PKP036	1562	1562	16	hai	hai	_	_	_	_	_	linguistic	_	none	_	_	_	_	_	_
1562-17	PKP036	1562	1562	17	chiesto	chiesto	_	_	_	_	_	linguistic	_	none	_	_	_	_	_	_
1562-18	PKP036	1562	1562	18	a	a	_	_	_	_	_	linguistic	_	none	_	_	_	_	_	_
1562-19	PKP036	1562	1562	19	marco	marco	_	_	_	_	_	linguistic	_	none	_	_	_	_	_	_
1562-20	PKP036	1562	1562	20	però	però	_	_	_	_	_	linguistic	_	none	_	End=2583.37	_	_	_	_
1563-0	PKP033	1563	1563	0	{ride}	{ride}	_	_	_	_	_	nonverbalbehavior	_	none	_	Begin=2582.57|End=2583.6	_	_	_	_
1564-0	PKP037	1564	1564	0	{ride}	{ride}	_	_	_	_	_	nonverbalbehavior	_	none	_	Begin=2582.65|End=2583.44	_	_	_	_
1565-0	PKP037	1565	1565	0	{ride}	{ride}	_	_	_	_	_	nonverbalbehavior	_	none	_	Begin=2583.58|End=2584.45	_	_	_	_
1566-0	PKP036	1566	1566	0	[xxxxxx]	xxxxxx	_	_	_	_	_	unknown	_	none	Syllables=6	Begin=2583.78|End=2584.67	_	_	_	0-6(408)
1567-0	PKP033	1567	1567	0	[ma	ma	_	_	_	_	_	linguistic	_	none	_	Begin=2583.79	_	_	_	0-2(408)
1567-1	PKP033	1567	1567	1	non	non	_	_	_	_	_	linguistic	_	none	_	_	_	_	_	0-3(408)
1567-2	PKP033	1567	1567	2	dev(e)'	deve'	_	_	_	_	_	linguistic	_	none	SpaceAfter=No	_	_	_	3-4(0)	0-5(408)
1567-3	PKP033	1567	1567	3	esse]re	essere	_	_	_	_	_	linguistic	_	none	_	_	_	_	_	0-4(408)
1567-4	PKP033	1567	1567	4	intestata	intestata	_	_	_	_	_	linguistic	_	none	_	_	_	_	_	_
1567-5	PKP033	1567	1567	5	a	a	_	_	_	_	_	linguistic	_	none	_	_	_	_	_	_
1567-6	PKP033	1567	1567	6	quello	quello	_	_	_	_	_	linguistic	_	none	_	_	_	_	_	_
1567-7	PKP033	1567	1567	7	che:	che	_	_	_	_	_	linguistic	_	none	PauseAfter=Yes	_	2x1	_	_	_
1567-8	PKP033	1567	1567	8	{P}	{P}	_	_	_	_	_	shortpause	_	none	_	_	_	_	_	_
1567-9	PKP033	1567	1567	9	ha	ha	_	_	_	_	_	linguistic	_	none	_	_	_	_	_	_
1567-10	PKP033	1567	1567	10	il:	il	_	_	_	_	_	linguistic	_	none	_	_	1x1	_	_	_
1567-11	PKP033	1567	1567	11	ehm:	ehm	_	_	_	_	_	linguistic	_	none	_	End=2588.639	2x1	_	_	_
1568-0	PKP037	1568	1568	0	era	era	_	_	_	_	_	linguistic	_	none	_	Begin=2588.66	_	_	_	_
1568-1	PKP037	1568	1568	1	(i)l:	il	_	_	_	_	_	linguistic	_	none	_	_	1x1	_	0-1(0)	_
1568-2	PKP037	1568	1568	2	suo	suo	_	_	_	_	_	linguistic	_	none	_	_	_	_	_	_
1568-3	PKP037	1568	1568	3	collega?	collega	_	_	_	_	_	linguistic	_	none	Intonation=Rising	End=2590.23	_	_	_	_
1569-0	PKP036	1569	1569	0	vicino	vicino	_	_	_	_	_	linguistic	_	none	_	Begin=2590.249	_	_	_	_
1569-1	PKP036	1569	1569	1	di	di	_	_	_	_	_	linguistic	_	none	_	End=2590.749	_	_	_	_
1570-0	PKP033	1570	1570	0	eh	eh	_	_	_	_	_	linguistic	_	none	_	Begin=2590.769|End=2591.019	_	_	_	_
1571-0	PKP037	1571	1571	0	che	che	_	_	_	_	_	linguistic	_	none	_	Begin=2591.079	_	_	_	_
1571-1	PKP037	1571	1571	1	era	era	_	_	_	_	_	linguistic	_	none	_	_	_	_	_	_
1571-2	PKP037	1571	1571	2	anc~	anc~	_	_	_	_	_	linguistic	_	none	Interrupted=Yes	_	_	_	_	_
1571-3	PKP037	1571	1571	3	a:	a	_	_	_	_	_	linguistic	_	none	_	_	0x1	_	_	_
1571-4	PKP037	1571	1571	4	n:	n	_	_	_	_	_	linguistic	_	none	_	_	0x1	_	_	_
1571-5	PKP037	1571	1571	5	(in	in	_	_	_	_	_	linguistic	_	none	_	_	_	_	0-2(0)	_
1571-6	PKP037	1571	1571	6	quel)	quel	_	_	_	_	_	linguistic	_	none	_	_	_	_	0-4(0)	_
1571-7	PKP037	1571	1571	7	x	x	_	_	_	_	_	unknown	_	none	Syllables=1	_	_	_	_	_
1571-8	PKP037	1571	1571	8	ancora	ancora	_	_	_	_	_	linguistic	_	none	_	_	_	_	_	_
1571-9	PKP037	1571	1571	9	intestata	intestata	_	_	_	_	_	linguistic	_	none	_	_	_	_	_	_
1571-10	PKP037	1571	1571	10	a	a	_	_	_	_	_	linguistic	_	none	_	_	_	_	_	_
1571-11	PKP037	1571	1571	11	lui	lui	_	_	_	_	_	linguistic	_	none	_	End=2593.989	_	_	_	_
1572-0	PKP036	1572	1572	0	sì	sì	_	_	_	_	_	linguistic	_	none	_	Begin=2594.17	_	_	_	_
1572-1	PKP036	1572	1572	1	pen[so	penso	_	_	_	_	_	linguistic	_	none	_	_	_	_	_	3-5(409)
1572-2	PKP036	1572	1572	2	di	di	_	_	_	_	_	linguistic	_	none	_	_	_	_	_	0-2(409)
1572-3	PKP036	1572	1572	3	sì:]	sì	_	_	_	_	_	linguistic	_	none	_	End=2595.29	1x1	_	_	0-2(409)
1573-0	PKP037	1573	1573	0	[quindi	quindi	_	_	_	_	_	linguistic	_	none	_	Begin=2594.42	_	_	_	0-6(409)
1573-1	PKP037	1573	1573	1	ho	ho	_	_	_	_	_	linguistic	_	none	_	_	_	_	_	0-2(409)
1573-2	PKP037	1573	1573	2	fatto]	fatto	_	_	_	_	_	linguistic	_	none	_	_	_	_	_	0-5(409)
1573-3	PKP037	1573	1573	3	la	la	_	_	_	_	_	linguistic	_	none	_	_	_	_	_	_
1573-4	PKP037	1573	1573	4	delega	delega	_	_	_	_	_	linguistic	_	none	_	_	_	_	_	_
1573-5	PKP037	1573	1573	5	a	a	_	_	_	_	_	linguistic	_	none	_	_	_	_	_	_
1573-6	PKP037	1573	1573	6	questo:	questo	_	_	_	_	_	linguistic	_	none	PauseAfter=Yes	_	5x1	_	_	_
1573-7	PKP037	1573	1573	7	{P}	{P}	_	_	_	_	_	shortpause	_	none	_	_	_	_	_	_
1573-8	PKP037	1573	1573	8	[xxxxxx]	xxxxxx	_	_	_	_	_	unknown	_	none	Syllables=6	End=2597.77	_	_	_	0-6(410)
1574-0	PKP033	1574	1574	0	[però	però	_	_	_	_	_	linguistic	_	none	_	Begin=2596.829	_	_	_	0-4(410)
1574-1	PKP033	1574	1574	1	adesso	adesso	_	_	_	_	_	linguistic	_	none	_	_	_	_	_	0-6(410)
1574-2	PKP033	1574	1574	2	funzio]na?	funziona	_	_	_	_	_	linguistic	_	none	Intonation=Rising	End=2598.14	_	_	_	0-6(410)
1575-0	PKP037	1575	1575	0	funziona?	funziona	_	_	_	_	_	linguistic	_	none	Intonation=Rising	Begin=2598.63|End=2599.209	_	_	_	_
1576-0	PKP036	1576	1576	0	sì:	sì	_	_	_	_	_	linguistic	_	none	_	Begin=2599.239|End=2599.86	1x1	_	_	_
1577-0	PKP033	1577	1577	0	perché	perché	_	_	_	_	_	linguistic	_	none	_	Begin=2600.685	_	_	_	_
1577-1	PKP033	1577	1577	1	la	la	_	_	_	_	_	linguistic	_	none	_	_	_	_	_	_
1577-2	PKP033	1577	1577	2	nostra	nostra	_	_	_	_	_	linguistic	_	none	_	_	_	_	_	_
1577-3	PKP033	1577	1577	3	quando	quando	_	_	_	_	_	linguistic	_	none	_	_	_	_	_	_
1577-4	PKP033	1577	1577	4	abbiamo	abbiamo	_	_	_	_	_	linguistic	_	none	_	_	_	_	_	_
1577-5	PKP033	1577	1577	5	cambiato:	cambiato	_	_	_	_	_	linguistic	_	none	_	End=2602.91	7x1	_	_	_
1578-0	PKP033	1578	1578	0	posto	posto	_	_	_	_	_	linguistic	_	none	_	Begin=2604.17|End=2604.87	_	_	_	_
1579-0	PKP036	1579	1579	0	eh	eh	_	_	_	_	_	linguistic	_	none	_	Begin=2604.87|End=2605.21	_	_	_	_
1580-0	PKP033	1580	1580	0	quando	quando	_	_	_	_	_	linguistic	_	none	_	Begin=2605.45	_	_	_	_
1580-1	PKP033	1580	1580	1	abbiamo	abbiamo	_	_	_	_	_	linguistic	_	none	_	_	_	_	_	_
1580-2	PKP033	1580	1580	2	cambiato	cambiato	_	_	_	_	_	linguistic	_	none	_	_	_	_	_	_
1580-3	PKP033	1580	1580	3	casa	casa	_	_	_	_	_	linguistic	_	none	_	End=2606.77	_	_	_	_
1581-0	PKP033	1581	1581	0	eh	eh	_	_	_	_	_	linguistic	_	none	_	Begin=2606.99	_	_	_	_
1581-1	PKP033	1581	1581	1	si	si	_	_	_	_	_	linguistic	_	none	_	_	_	_	_	_
1581-2	PKP033	1581	1581	2	è	è	_	_	_	_	_	linguistic	_	none	_	_	_	_	_	_
1581-3	PKP033	1581	1581	3	[tipo	tipo	_	_	_	_	_	linguistic	_	none	_	_	_	_	_	0-4(411)
1581-4	PKP033	1581	1581	4	disattivata]	disattivata	_	_	_	_	_	linguistic	_	none	_	End=2608.73	_	_	_	0-11(411)
1582-0	PKP036	1582	1582	0	[ha	ha	_	_	_	_	_	linguistic	_	none	_	Begin=2607.34	_	_	_	0-2(411)
1582-1	PKP036	1582	1582	1	smesso	smesso	_	_	_	_	_	linguistic	_	none	_	_	_	_	_	0-6(411)
1582-2	PKP036	1582	1582	2	di	di	_	_	_	_	_	linguistic	_	none	_	_	_	_	_	0-2(411)
1582-3	PKP036	1582	1582	3	funziona]re?	funzionare	_	_	_	_	_	linguistic	_	none	Intonation=Rising	End=2608.7	_	_	_	0-8(411)
1583-0	PKP037	1583	1583	0	[mh]	mh	_	_	_	_	_	linguistic	_	none	_	Begin=2608.789|End=2609.109	_	_	_	0-2(412)
1584-0	PKP033	1584	1584	0	[sì]	sì	_	_	_	_	_	linguistic	_	none	_	Begin=2608.89|End=2609.2	_	_	_	0-2(412)
1585-0	PKP036	1585	1585	0	mh	mh	_	_	_	_	_	linguistic	_	none	_	Begin=2611.05	_	_	_	_
1585-1	PKP036	1585	1585	1	boh	boh	_	_	_	_	_	linguistic	_	none	_	End=2611.55	_	_	_	_
1586-0	PKP033	1586	1586	0	ah	ah	_	_	_	_	_	linguistic	_	none	_	Begin=2612.93	_	_	_	_
1586-1	PKP033	1586	1586	1	o	o	_	_	_	_	_	linguistic	_	none	_	_	_	_	_	_
1586-2	PKP033	1586	1586	2	non	non	_	_	_	_	_	linguistic	_	none	PauseAfter=Yes	_	_	_	_	_
1586-3	PKP033	1586	1586	3	{P}	{P}	_	_	_	_	_	shortpause	_	none	_	_	_	_	_	_
1586-4	PKP033	1586	1586	4	o:	o	_	_	_	_	_	linguistic	_	none	_	_	0x1	_	_	_
1586-5	PKP033	1586	1586	5	s'	s'	_	_	_	_	_	linguistic	_	none	Truncated=Yes	_	_	_	_	_
1586-6	PKP033	1586	1586	6	è	è	_	_	_	_	_	linguistic	_	none	_	_	_	_	_	_
1586-7	PKP033	1586	1586	7	rotta	rotta	_	_	_	_	_	linguistic	_	none	_	_	_	_	_	_
1586-8	PKP033	1586	1586	8	e	e	_	_	_	_	_	linguistic	_	none	_	_	_	_	_	_
1586-9	PKP033	1586	1586	9	io	io	_	_	_	_	_	linguistic	_	none	_	_	_	_	_	_
1586-10	PKP033	1586	1586	10	penso	penso	_	_	_	_	_	linguistic	_	none	_	_	_	_	_	_
1586-11	PKP033	1586	1586	11	sia	sia	_	_	_	_	_	linguistic	_	none	_	_	_	_	_	_
1586-12	PKP033	1586	1586	12	per	per	_	_	_	_	_	linguistic	_	none	_	_	_	_	_	_
1586-13	PKP033	1586	1586	13	quello	quello	_	_	_	_	_	linguistic	_	none	_	End=2616.0	_	_	_	_
1587-0	PKP037	1587	1587	0	no	no	_	_	_	_	_	linguistic	_	none	_	Begin=2616.39	_	_	_	_
1587-1	PKP037	1587	1587	1	mi	mi	_	_	_	_	_	linguistic	_	none	_	_	_	_	_	_
1587-2	PKP037	1587	1587	2	sa	sa	_	_	_	_	_	linguistic	_	none	_	_	_	_	_	_
1587-3	PKP037	1587	1587	3	che	che	_	_	_	_	_	linguistic	_	none	_	_	_	_	_	_
1587-4	PKP037	1587	1587	4	da	da	_	_	_	_	_	linguistic	_	none	_	_	_	_	_	_
1587-5	PKP037	1587	1587	5	noi	noi	_	_	_	_	_	linguistic	_	none	_	_	_	_	_	_
1587-6	PKP037	1587	1587	6	ancora	ancora	_	_	_	_	_	linguistic	_	none	_	_	_	_	_	_
1587-7	PKP037	1587	1587	7	non	non	_	_	_	_	_	linguistic	_	none	_	_	_	_	_	_
1587-8	PKP037	1587	1587	8	hanno	hanno	_	_	_	_	_	linguistic	_	none	_	_	_	_	_	_
1587-9	PKP037	1587	1587	9	fatto:	fatto	_	_	_	_	_	linguistic	_	none	_	_	4x1	_	_	_
1587-10	PKP037	1587	1587	10	la	la	_	_	_	_	_	linguistic	_	none	_	_	_	_	_	_
1587-11	PKP037	1587	1587	11	voltura	voltura	_	_	_	_	_	linguistic	_	none	_	End=2619.25	_	_	_	_
1588-0	PKP033	1588	1588	0	ah	ah	_	_	_	_	_	linguistic	_	none	_	Begin=2619.76	_	_	_	_
1588-1	PKP033	1588	1588	1	non	non	_	_	_	_	_	linguistic	_	none	_	_	_	_	_	_
1588-2	PKP033	1588	1588	2	l'	l'	_	_	_	_	_	linguistic	_	none	SpaceAfter=No	_	_	_	_	_
1588-3	PKP033	1588	1588	3	han~	han~	_	_	_	_	_	linguistic	_	none	Interrupted=Yes	_	_	_	_	_
1588-4	PKP033	1588	1588	4	non	non	_	_	_	_	_	linguistic	_	none	_	_	_	_	_	_
1588-5	PKP033	1588	1588	5	l'	l'	_	_	_	_	_	linguistic	_	none	SpaceAfter=No	_	_	_	_	_
1588-6	PKP033	1588	1588	6	avete	avete	_	_	_	_	_	linguistic	_	none	_	_	_	_	_	_
1588-7	PKP033	1588	1588	7	fatta?	fatta	_	_	_	_	_	linguistic	_	none	Intonation=Rising	End=2621.49	_	_	_	_
1589-0	PKP036	1589	1589	0	no	no	_	_	_	_	_	linguistic	_	none	_	Begin=2621.92	_	_	_	_
1589-1	PKP036	1589	1589	1	sì	sì	_	_	_	_	_	linguistic	_	none	_	_	_	_	_	_
1589-2	PKP036	1589	1589	2	l'	l'	_	_	_	_	_	linguistic	_	none	SpaceAfter=No	_	_	_	_	_
1589-3	PKP036	1589	1589	3	abbiamo	abbiamo	_	_	_	_	_	linguistic	_	none	_	_	_	_	_	_
1589-4	PKP036	1589	1589	4	fatta	fatta	_	_	_	_	_	linguistic	_	none	_	End=2623.25	_	_	_	_
1590-0	PKP036	1590	1590	0	[no]?	no	_	_	_	_	_	linguistic	_	none	Intonation=Rising	Begin=2623.74|End=2624.14	_	_	_	0-2(413)
1591-0	PKP037	1591	1591	0	[no	no	_	_	_	_	_	linguistic	_	none	_	Begin=2623.74	_	_	_	0-2(413)
1591-1	PKP037	1591	1591	1	eh]m:	ehm	_	_	_	_	_	linguistic	_	none	_	_	2x1	_	_	0-2(413)
1591-2	PKP037	1591	1591	2	mi	mi	_	_	_	_	_	linguistic	_	none	_	_	_	_	_	_
1591-3	PKP037	1591	1591	3	sa	sa	_	_	_	_	_	linguistic	_	none	_	_	_	_	_	_
1591-4	PKP037	1591	1591	4	che	che	_	_	_	_	_	linguistic	_	none	_	_	_	_	_	_
1591-5	PKP037	1591	1591	5	ancora	ancora	_	_	_	_	_	linguistic	_	none	_	_	_	_	_	_
1591-6	PKP037	1591	1591	6	non	non	_	_	_	_	_	linguistic	_	none	_	_	_	_	_	_
1591-7	PKP037	1591	1591	7	l'	l'	_	_	_	_	_	linguistic	_	none	SpaceAfter=No	_	_	_	_	_
1591-8	PKP037	1591	1591	8	abbiamo	abbiamo	_	_	_	_	_	linguistic	_	none	_	_	_	_	_	_
1591-9	PKP037	1591	1591	9	registrata	registrata	_	_	_	_	_	linguistic	_	none	_	End=2625.83	_	_	_	_
1592-0	PKP037	1592	1592	0	non	non	_	_	_	_	_	linguistic	_	none	_	Begin=2625.86	_	_	_	_
1592-1	PKP037	1592	1592	1	lo	lo	_	_	_	_	_	linguistic	_	none	_	_	_	_	_	_
1592-2	PKP037	1592	1592	2	so	so	_	_	_	_	_	linguistic	_	none	_	End=2626.27	_	_	_	_
1593-0	PKP036	1593	1593	0	xxx	xxx	_	_	_	_	_	unknown	_	none	Syllables=3	Begin=2626.34|End=2627.0	_	_	_	_
1594-0	PKP033	1594	1594	0	c(io)è	cioè	_	_	_	_	_	linguistic	_	none	_	Begin=2628.5	_	_	1-3(0)	_
1594-1	PKP033	1594	1594	1	la	la	_	_	_	_	_	linguistic	_	none	_	_	_	_	_	_
1594-2	PKP033	1594	1594	2	deve	deve	_	_	_	_	_	linguistic	_	none	_	_	_	_	_	_
1594-3	PKP033	1594	1594	3	chiudere	chiudere	_	_	_	_	_	linguistic	_	none	_	_	_	_	_	_
1594-4	PKP033	1594	1594	4	lui:	lui	_	_	_	_	_	linguistic	_	none	_	_	2x1	_	_	_
1594-5	PKP033	1594	1594	5	e:	e	_	_	_	_	_	linguistic	_	none	_	_	0x1	_	_	_
1594-6	PKP033	1594	1594	6	dovete	dovete	_	_	_	_	_	linguistic	_	none	_	_	_	_	_	_
1594-7	PKP033	1594	1594	7	aprirla	aprirla	_	_	_	_	_	linguistic	_	none	_	_	_	_	_	_
1594-8	PKP033	1594	1594	8	voi	voi	_	_	_	_	_	linguistic	_	none	_	End=2631.345	_	_	_	_
1595-0	PKP036	1595	1595	0	mh	mh	_	_	_	_	_	linguistic	_	none	_	Begin=2631.345|End=2631.67	_	_	_	_
1596-0	PKP036	1596	1596	0	e	e	_	_	_	_	_	linguistic	_	none	_	Begin=2633.44	_	_	_	_
1596-1	PKP036	1596	1596	1	infatti	infatti	_	_	_	_	_	linguistic	_	none	_	_	_	_	_	_
1596-2	PKP036	1596	1596	2	(ora	ora	_	_	_	_	_	linguistic	_	none	_	_	_	_	0-3(0)	_
1596-3	PKP036	1596	1596	3	saranno	saranno	_	_	_	_	_	linguistic	_	none	_	_	_	_	0-7(0)	_
1596-4	PKP036	1596	1596	4	xxx)	xxx	_	_	_	_	_	unknown	_	none	Syllables=3	End=2635.06	_	_	0-3(0)	_
1597-0	PKP037	1597	1597	0	(e	e	_	_	_	_	_	linguistic	_	none	_	Begin=2635.34	_	_	0-1(0)	_
1597-1	PKP037	1597	1597	1	stiamo	stiamo	_	_	_	_	_	linguistic	_	none	_	_	_	_	0-6(0)	_
1597-2	PKP037	1597	1597	2	vedendo	vedendo	_	_	_	_	_	linguistic	_	none	_	_	_	_	0-7(0)	_
1597-3	PKP037	1597	1597	3	tipo	tipo	_	_	_	_	_	linguistic	_	none	_	_	_	_	0-4(0)	_
1597-4	PKP037	1597	1597	4	cinque	cinque	_	_	_	_	_	linguistic	_	none	_	_	_	_	0-6(0)	_
1597-5	PKP037	1597	1597	5	in	in	_	_	_	_	_	linguistic	_	none	_	_	_	_	0-2(0)	_
1597-6	PKP037	1597	1597	6	parallelo)	parallelo	_	_	_	_	_	linguistic	_	none	_	End=2637.23	_	_	0-9(0)	_
1598-0	PKP037	1598	1598	0	son	son	_	_	_	_	_	linguistic	_	none	_	Begin=2637.65	_	_	_	_
1598-1	PKP037	1598	1598	1	confuso	confuso	_	_	_	_	_	linguistic	_	none	_	_	_	_	_	_
1598-2	PKP037	1598	1598	2	{ride}	{ride}	_	_	_	_	_	nonverbalbehavior	_	none	_	End=2639.86	_	_	_	_
1599-0	PKP033	1599	1599	0	[sì	sì	_	_	_	_	_	linguistic	_	none	_	Begin=2638.56	_	_	_	0-2(522)
1599-1	PKP033	1599	1599	1	ma	ma	_	_	_	_	_	linguistic	_	none	_	_	_	_	_	0-2(522)
1599-2	PKP033	1599	1599	2	xxxxxx]	xxxxxx	_	_	_	_	_	unknown	_	none	Syllables=6	_	_	_	_	0-6(522)
1599-3	PKP033	1599	1599	3	figuratevi	figuratevi	_	_	_	_	_	linguistic	_	none	_	End=2640.97	_	_	_	_
1600-0	PKP036	1600	1600	0	[sì	sì	_	_	_	_	_	linguistic	_	none	_	Begin=2638.57	_	_	_	0-2(522)
1600-1	PKP036	1600	1600	1	xxxxxxxxxxx]	xxxxxxxxxxx	_	_	_	_	_	unknown	_	none	Syllables=11	End=2640.37	_	_	_	0-11(522)
1601-0	PKP033	1601	1601	0	non	non	_	_	_	_	_	linguistic	_	none	PauseAfter=Yes	Begin=2641.19	_	_	_	_
1601-1	PKP033	1601	1601	1	{P}	{P}	_	_	_	_	_	shortpause	_	none	_	_	_	_	_	_
1601-2	PKP033	1601	1601	2	mi	mi	_	_	_	_	_	linguistic	_	none	_	_	_	_	_	_
1601-3	PKP033	1601	1601	3	sembra	sembra	_	_	_	_	_	linguistic	_	none	_	_	_	_	_	_
1601-4	PKP033	1601	1601	4	la	la	_	_	_	_	_	linguistic	_	none	_	_	_	_	_	_
1601-5	PKP033	1601	1601	5	meno	meno	_	_	_	_	_	linguistic	_	none	_	_	_	_	_	_
1601-6	PKP033	1601	1601	6	urgente	urgente	_	_	_	_	_	linguistic	_	none	_	_	_	_	_	_
1601-7	PKP033	1601	1601	7	[xxx]	xxx	_	_	_	_	_	unknown	_	none	Syllables=3	End=2643.73	_	_	_	0-3(414)
1602-0	PKP037	1602	1602	0	[gas	gas	_	_	_	_	_	linguistic	_	none	_	Begin=2642.98	_	_	_	0-3(414)
1602-1	PKP037	1602	1602	1	e	e	_	_	_	_	_	linguistic	_	none	_	_	_	_	_	0-1(414)
1602-2	PKP037	1602	1602	2	luce]	luce	_	_	_	_	_	linguistic	_	none	_	_	_	_	_	0-4(414)
1602-3	PKP037	1602	1602	3	è	è	_	_	_	_	_	linguistic	_	none	_	_	_	_	_	_
1602-4	PKP037	1602	1602	4	fatta	fatta	_	_	_	_	_	linguistic	_	none	_	_	_	_	_	_
1602-5	PKP037	1602	1602	5	l'	l'	_	_	_	_	_	linguistic	_	none	SpaceAfter=No	_	_	_	_	_
1602-6	PKP037	1602	1602	6	acqua	acqua	_	_	_	_	_	linguistic	_	none	_	_	_	_	_	_
1602-7	PKP037	1602	1602	7	è	è	_	_	_	_	_	linguistic	_	none	_	_	_	_	_	_
1602-8	PKP037	1602	1602	8	fatta:,	fatta	_	_	_	_	_	linguistic	_	none	Intonation=WeaklyRising	End=2644.689	4x1	_	_	_
1603-0	PKP036	1603	1603	0	l'	l'	_	_	_	_	_	linguistic	_	none	SpaceAfter=No	Begin=2644.68	_	_	_	_
1603-1	PKP036	1603	1603	1	acqua	acqua	_	_	_	_	_	linguistic	_	none	_	_	_	_	_	_
1603-2	PKP036	1603	1603	2	è	è	_	_	_	_	_	linguistic	_	none	_	_	_	_	_	_
1603-3	PKP036	1603	1603	3	fa[tta:,	fatta	_	_	_	_	_	linguistic	_	none	Intonation=WeaklyRising	_	4x1	_	_	1-5(416)
1603-4	PKP036	1603	1603	4	interne]t	internet	_	_	_	_	_	linguistic	_	none	PauseAfter=Yes	_	_	_	_	0-7(416)
1603-5	PKP036	1603	1603	5	{P}	{P}	_	_	_	_	_	shortpause	_	none	_	_	_	_	_	_
1603-6	PKP036	1603	1603	6	(lo	lo	_	_	_	_	_	linguistic	_	none	_	_	_	_	0-2(0)	_
1603-7	PKP036	1603	1603	7	ha	ha	_	_	_	_	_	linguistic	_	none	_	_	_	_	0-2(0)	_
1603-8	PKP036	1603	1603	8	xx	xx	_	_	_	_	_	unknown	_	none	Syllables=2	_	_	_	0-2(0)	_
1603-9	PKP036	1603	1603	9	la	la	_	_	_	_	_	linguistic	_	none	_	_	_	_	0-2(0)	_
1603-10	PKP036	1603	1603	10	michi)	michi	_	_	_	_	_	linguistic	_	none	_	End=2647.33	_	_	0-5(0)	_
1604-0	PKP037	1604	1604	0	[internet]	internet	_	_	_	_	_	linguistic	_	none	_	Begin=2645.31|End=2645.96	_	_	_	0-8(416)
1605-0	PKP037	1605	1605	0	(vediamo)	vediamo	_	_	_	_	_	linguistic	_	none	_	Begin=2647.68|End=2648.18	_	_	0-7(0)	_
1606-0	PKP037	1606	1606	0	(vabbè)	vabbè	_	_	_	_	_	linguistic	_	none	_	Begin=2648.41|End=2648.8	_	_	0-5(0)	_
1607-0	PKP033	1607	1607	0	eh	eh	_	_	_	_	_	linguistic	_	none	_	Begin=2649.5	_	_	_	_
1607-1	PKP033	1607	1607	1	ma	ma	_	_	_	_	_	linguistic	_	none	_	_	_	_	_	_
1607-2	PKP033	1607	1607	2	in	in	_	_	_	_	_	linguistic	_	none	_	_	_	_	_	_
1607-3	PKP033	1607	1607	3	effetti	effetti	_	_	_	_	_	linguistic	_	none	PauseAfter=Yes	_	_	_	_	_
1607-4	PKP033	1607	1607	4	{P}	{P}	_	_	_	_	_	shortpause	_	none	_	_	_	_	_	_
1607-5	PKP033	1607	1607	5	non	non	_	_	_	_	_	linguistic	_	none	_	_	_	_	_	_
1607-6	PKP033	1607	1607	6	siete	siete	_	_	_	_	_	linguistic	_	none	_	_	_	_	_	_
1607-7	PKP033	1607	1607	7	lì	lì	_	_	_	_	_	linguistic	_	none	_	_	_	_	_	_
1607-8	PKP033	1607	1607	8	da	da	_	_	_	_	_	linguistic	_	none	_	_	_	_	_	_
1607-9	PKP033	1607	1607	9	tanto	tanto	_	_	_	_	_	linguistic	_	none	_	End=2651.93	_	_	_	_
1608-0	PKP036	1608	1608	0	xxx	xxx	_	_	_	_	_	unknown	_	none	Syllables=3	Begin=2651.98|End=2652.369	_	_	_	_
1609-0	PKP033	1609	1609	0	a	a	_	_	_	_	_	linguistic	_	none	_	Begin=2652.4	_	_	_	_
1609-1	PKP033	1609	1609	1	me	me	_	_	_	_	_	linguistic	_	none	_	_	_	_	_	_
1609-2	PKP033	1609	1609	2	mi	mi	_	_	_	_	_	linguistic	_	none	_	_	_	_	_	_
1609-3	PKP033	1609	1609	3	sem~	sem~	_	_	_	_	_	linguistic	_	none	Interrupted=Yes	_	_	_	_	_
1609-4	PKP033	1609	1609	4	sono	sono	_	_	_	_	_	linguistic	_	none	_	_	_	_	_	_
1609-5	PKP033	1609	1609	5	io	io	_	_	_	_	_	linguistic	_	none	_	_	_	_	_	_
1609-6	PKP033	1609	1609	6	che	che	_	_	_	_	_	linguistic	_	none	_	_	_	_	_	_
1609-7	PKP033	1609	1609	7	non	non	_	_	_	_	_	linguistic	_	none	_	_	_	_	_	_
1609-8	PKP033	1609	1609	8	ho:	ho	_	_	_	_	_	linguistic	_	none	_	_	1x1	_	_	_
1609-9	PKP033	1609	1609	9	la	la	_	_	_	_	_	linguistic	_	none	_	_	_	_	_	_
1609-10	PKP033	1609	1609	10	percezione	percezione	_	_	_	_	_	linguistic	_	none	_	_	_	_	_	_
1609-11	PKP033	1609	1609	11	sì	sì	_	_	_	_	_	linguistic	_	none	_	End=2655.05	_	_	_	_
1610-0	PKP036	1610	1610	0	mh	mh	_	_	_	_	_	linguistic	_	none	_	Begin=2655.27|End=2655.61	_	_	_	_
1611-0	PKP033	1611	1611	0	sì	sì	_	_	_	_	_	linguistic	_	none	_	Begin=2655.7	_	_	_	_
1611-1	PKP033	1611	1611	1	sì	sì	_	_	_	_	_	linguistic	_	none	_	_	_	_	_	_
1611-2	PKP033	1611	1611	2	sì	sì	_	_	_	_	_	linguistic	_	none	_	End=2656.32	_	_	_	_
1612-0	PKP036	1612	1612	0	ma	ma	_	_	_	_	_	linguistic	_	none	_	Begin=2656.82	_	_	_	_
1612-1	PKP036	1612	1612	1	è	è	_	_	_	_	_	linguistic	_	none	_	_	_	_	_	_
1612-2	PKP036	1612	1612	2	da	da	_	_	_	_	_	linguistic	_	none	_	_	_	_	_	_
1612-3	PKP036	1612	1612	3	ottobre	ottobre	_	_	_	_	_	linguistic	_	none	_	_	_	_	_	_
1612-4	PKP036	1612	1612	4	xxxxxx	xxxxxx	_	_	_	_	_	unknown	_	none	Syllables=6	End=2659.05	_	_	_	_
1613-0	PKP033	1613	1613	0	mhmh	mhmh	_	_	_	_	_	linguistic	_	none	_	Begin=2659.09|End=2659.55	_	_	_	_
1614-0	PKP036	1614	1614	0	era	era	_	_	_	_	_	linguistic	_	none	_	Begin=2660.08	_	_	_	_
1614-1	PKP036	1614	1614	1	tutto	tutto	_	_	_	_	_	linguistic	_	none	_	_	_	_	_	_
1614-2	PKP036	1614	1614	2	intestato	intestato	_	_	_	_	_	linguistic	_	none	_	_	_	_	_	_
1614-3	PKP036	1614	1614	3	ancora	ancora	_	_	_	_	_	linguistic	_	none	_	_	_	_	_	_
1614-4	PKP036	1614	1614	4	a	a	_	_	_	_	_	linguistic	_	none	_	_	_	_	_	_
1614-5	PKP036	1614	1614	5	loro	loro	_	_	_	_	_	linguistic	_	none	_	End=2661.98	_	_	_	_
1615-0	PKP033	1615	1615	0	e	e	_	_	_	_	_	linguistic	_	none	_	Begin=2662.42	_	_	_	_
1615-1	PKP033	1615	1615	1	quindi	quindi	_	_	_	_	_	linguistic	_	none	_	_	_	_	_	_
1615-2	PKP033	1615	1615	2	state	state	_	_	_	_	_	linguistic	_	none	_	_	_	_	_	_
1615-3	PKP033	1615	1615	3	facendo	facendo	_	_	_	_	_	linguistic	_	none	_	_	_	_	_	_
1615-4	PKP033	1615	1615	4	lavori	lavori	_	_	_	_	_	linguistic	_	none	_	End=2664.02	_	_	_	_
1616-0	PKP036	1616	1616	0	quindi	quindi	_	_	_	_	_	linguistic	_	none	_	Begin=2664.07	_	_	_	_
1616-1	PKP036	1616	1616	1	[sì	sì	_	_	_	_	_	linguistic	_	none	_	_	_	_	_	0-2(417)
1616-2	PKP036	1616	1616	2	oggi	oggi	_	_	_	_	_	linguistic	_	none	_	_	_	_	_	0-4(417)
1616-3	PKP036	1616	1616	3	abbiamo:	abbiamo	_	_	_	_	_	linguistic	_	none	_	_	6x1	_	_	0-7(417)
1616-4	PKP036	1616	1616	4	puli:to]	pulito	_	_	_	_	_	linguistic	_	none	_	End=2666.04	3x1	_	_	0-6(417)
1617-0	PKP033	1617	1617	0	[lavori:	lavori	_	_	_	_	_	linguistic	_	none	_	Begin=2664.51	5x1	_	_	0-6(417)
1617-1	PKP033	1617	1617	1	c(io)è:	cioè	_	_	_	_	_	linguistic	_	none	_	_	3x1	_	1-3(0)	0-4(417)
1617-2	PKP033	1617	1617	2	nel	nel	_	_	_	_	_	linguistic	_	none	_	_	_	_	_	0-3(417)
1617-3	PKP033	1617	1617	3	senso:	senso	_	_	_	_	_	linguistic	_	none	_	_	4x1	_	_	0-5(417)
1617-4	PKP033	1617	1617	4	fa]tiche	fatiche	_	_	_	_	_	linguistic	_	none	_	End=2666.5	_	_	_	0-2(417)
1618-0	PKP037	1618	1618	0	fatiche	fatiche	_	_	_	_	_	linguistic	_	none	_	Begin=2666.84	_	_	_	_
1618-1	PKP037	1618	1618	1	[xxxx]	xxxx	_	_	_	_	_	unknown	_	none	Syllables=4	End=2667.95	_	_	_	0-4(418)
1619-0	PKP036	1619	1619	0	[fatiche]	fatiche	_	_	_	_	_	linguistic	_	none	_	Begin=2667.43	_	_	_	0-7(418)
1619-1	PKP036	1619	1619	1	proprio	proprio	_	_	_	_	_	linguistic	_	none	_	End=2668.46	_	_	_	_
1620-0	PKP036	1620	1620	0	non	non	_	_	_	_	_	linguistic	_	none	_	Begin=2669.92	_	_	_	_
1620-1	PKP036	1620	1620	1	so	so	_	_	_	_	_	linguistic	_	none	_	_	_	_	_	_
1620-2	PKP036	1620	1620	2	(nem)meno	nemmeno	_	_	_	_	_	linguistic	_	none	_	_	_	_	0-3(0)	_
1620-3	PKP036	1620	1620	3	che	che	_	_	_	_	_	linguistic	_	none	_	_	_	_	_	_
1620-4	PKP036	1620	1620	4	hai	hai	_	_	_	_	_	linguistic	_	none	_	_	_	_	_	_
1620-5	PKP036	1620	1620	5	buttato	buttato	_	_	_	_	_	linguistic	_	none	_	_	_	_	_	_
1620-6	PKP036	1620	1620	6	oggi	oggi	_	_	_	_	_	linguistic	_	none	_	_	_	_	_	_
1620-7	PKP036	1620	1620	7	ho	ho	_	_	_	_	_	linguistic	_	none	_	_	_	_	_	_
1620-8	PKP036	1620	1620	8	visto	visto	_	_	_	_	_	linguistic	_	none	_	_	_	_	_	_
1620-9	PKP036	1620	1620	9	che	che	_	_	_	_	_	linguistic	_	none	_	_	_	_	_	_
1620-10	PKP036	1620	1620	10	lanciavi	lanciavi	_	_	_	_	_	linguistic	_	none	_	_	_	_	_	_
1620-11	PKP036	1620	1620	11	cose	cose	_	_	_	_	_	linguistic	_	none	_	End=2672.87	_	_	_	_
1621-0	PKP037	1621	1621	0	massì	massì	_	_	_	_	_	linguistic	_	none	_	Begin=2672.73	_	_	_	_
1621-1	PKP037	1621	1621	1	[praticamente	praticamente	_	_	_	_	_	linguistic	_	none	_	_	_	_	_	0-12(419)
1621-2	PKP037	1621	1621	2	da	da	_	_	_	_	_	linguistic	_	none	_	_	_	_	_	0-2(419)
1621-3	PKP037	1621	1621	3	una	una	_	_	_	_	_	linguistic	_	none	_	_	_	_	_	0-3(419)
1621-4	PKP037	1621	1621	4	mensola:	mensola	_	_	_	_	_	linguistic	_	none	_	_	6x1	_	_	0-7(419)
1621-5	PKP037	1621	1621	5	che	che	_	_	_	_	_	linguistic	_	none	_	_	_	_	_	0-3(419)
1621-6	PKP037	1621	1621	6	si	si	_	_	_	_	_	linguistic	_	none	_	_	_	_	_	0-2(419)
1621-7	PKP037	1621	1621	7	re]gge:	regge	_	_	_	_	_	linguistic	_	none	_	_	4x1	_	_	0-2(419)
1621-8	PKP037	1621	1621	8	su	su	_	_	_	_	_	linguistic	_	none	_	_	_	_	_	_
1621-9	PKP037	1621	1621	9	un'	un'	_	_	_	_	_	linguistic	_	none	SpaceAfter=No	_	_	_	_	_
1621-10	PKP037	1621	1621	10	asse	asse	_	_	_	_	_	linguistic	_	none	_	_	_	_	_	_
1621-11	PKP037	1621	1621	11	di	di	_	_	_	_	_	linguistic	_	none	_	_	_	_	_	_
1621-12	PKP037	1621	1621	12	legno	legno	_	_	_	_	_	linguistic	_	none	_	_	_	_	_	_
1621-13	PKP037	1621	1621	13	che	che	_	_	_	_	_	linguistic	_	none	_	_	_	_	_	_
1621-14	PKP037	1621	1621	14	si	si	_	_	_	_	_	linguistic	_	none	_	_	_	_	_	_
1621-15	PKP037	1621	1621	15	regge	regge	_	_	_	_	_	linguistic	_	none	_	_	_	_	_	_
1621-16	PKP037	1621	1621	16	su	su	_	_	_	_	_	linguistic	_	none	_	_	_	_	_	_
1621-17	PKP037	1621	1621	17	delle	delle	_	_	_	_	_	linguistic	_	none	_	_	_	_	_	_
1621-18	PKP037	1621	1621	18	scatole	scatole	_	_	_	_	_	linguistic	_	none	_	_	_	_	_	_
1621-19	PKP037	1621	1621	19	che	che	_	_	_	_	_	linguistic	_	none	_	_	_	_	_	_
1621-20	PKP037	1621	1621	20	si	si	_	_	_	_	_	linguistic	_	none	_	_	_	_	_	_
1621-21	PKP037	1621	1621	21	regge	regge	_	_	_	_	_	linguistic	_	none	_	_	_	_	_	_
1621-22	PKP037	1621	1621	22	sopra	sopra	_	_	_	_	_	linguistic	_	none	_	_	_	_	_	_
1621-23	PKP037	1621	1621	23	un	un	_	_	_	_	_	linguistic	_	none	_	_	_	_	_	_
1621-24	PKP037	1621	1621	24	mobiletto:	mobiletto	_	_	_	_	_	linguistic	_	none	_	End=2680.66	8x1	_	_	_
1622-0	PKP036	1622	1622	0	[in	in	_	_	_	_	_	linguistic	_	none	_	Begin=2673.22	_	_	_	0-2(420)
1622-1	PKP036	1622	1622	1	un	un	_	_	_	_	_	linguistic	_	none	_	_	_	_	_	0-2(420)
1622-2	PKP036	1622	1622	2	secchio]	secchio	_	_	_	_	_	linguistic	_	none	_	_	_	_	_	0-7(420)
1622-3	PKP036	1622	1622	3	{ride}	{ride}	_	_	_	_	_	nonverbalbehavior	_	none	_	End=2675.51	_	_	_	_
1623-0	PKP036	1623	1623	0	{ride}	{ride}	_	_	_	_	_	nonverbalbehavior	_	none	_	Begin=2679.72|End=2680.12	_	_	_	_
1624-0	PKP037	1624	1624	0	{ride}	{ride}	_	_	_	_	_	nonverbalbehavior	_	none	_	Begin=2680.69|End=2681.28	_	_	_	_
1625-0	PKP037	1625	1625	0	tutto	tutto	_	_	_	_	_	linguistic	_	none	_	Begin=2681.59	_	_	_	_
1625-1	PKP037	1625	1625	1	sospeso	sospeso	_	_	_	_	_	linguistic	_	none	_	_	_	_	_	_
1625-2	PKP037	1625	1625	2	sopra	sopra	_	_	_	_	_	linguistic	_	none	_	_	_	_	_	_
1625-3	PKP037	1625	1625	3	il	il	_	_	_	_	_	linguistic	_	none	_	_	_	_	_	_
1625-4	PKP037	1625	1625	4	water:	water	_	_	_	_	_	linguistic	_	none	_	_	4x1	_	_	_
1625-5	PKP037	1625	1625	5	xxxxxxx	xxxxxxx	_	_	_	_	_	unknown	_	none	Syllables=7	End=2685.32	_	_	_	_
1626-0	PKP036	1626	1626	0	{ride}	{ride}	_	_	_	_	_	nonverbalbehavior	_	none	_	Begin=2683.56|End=2684.2	_	_	_	_
1627-0	PKP033	1627	1627	0	{ride}	{ride}	_	_	_	_	_	nonverbalbehavior	_	none	_	Begin=2684.08|End=2685.84	_	_	_	_
1628-0	PKP037	1628	1628	0	chiaramente	chiaramente	_	_	_	_	_	linguistic	_	none	_	Begin=2686.2	_	_	_	_
1628-1	PKP037	1628	1628	1	non	non	_	_	_	_	_	linguistic	_	none	_	_	_	_	_	_
1628-2	PKP037	1628	1628	2	si	si	_	_	_	_	_	linguistic	_	none	_	_	_	_	_	_
1628-3	PKP037	1628	1628	3	poteva	poteva	_	_	_	_	_	linguistic	_	none	_	_	_	_	_	_
1628-4	PKP037	1628	1628	4	sposta'	sposta'	_	_	_	_	_	linguistic	_	none	Truncated=Yes	_	_	_	_	_
1628-5	PKP037	1628	1628	5	questa	questa	_	_	_	_	_	linguistic	_	none	_	_	_	_	_	_
1628-6	PKP037	1628	1628	6	cosa	cosa	_	_	_	_	_	linguistic	_	none	_	_	_	_	_	_
1628-7	PKP037	1628	1628	7	perché	perché	_	_	_	_	_	linguistic	_	none	_	_	_	_	_	_
1628-8	PKP037	1628	1628	8	era	era	_	_	_	_	_	linguistic	_	none	_	_	_	_	_	_
1628-9	PKP037	1628	1628	9	tutta	tutta	_	_	_	_	_	linguistic	_	none	_	_	_	_	_	_
1628-10	PKP037	1628	1628	10	in	in	_	_	_	_	_	linguistic	_	none	_	_	_	_	_	_
1628-11	PKP037	1628	1628	11	bilico	bilico	_	_	_	_	_	linguistic	_	none	_	End=2689.1	_	_	_	_
1629-0	PKP033	1629	1629	0	{ride}	{ride}	_	_	_	_	_	nonverbalbehavior	_	none	_	Begin=2687.68|End=2688.61	_	_	_	_
1630-0	PKP037	1630	1630	0	{ride}	{ride}	_	_	_	_	_	nonverbalbehavior	_	none	_	Begin=2689.1	_	_	_	_
1630-1	PKP037	1630	1630	1	e	e	_	_	_	_	_	linguistic	_	none	_	_	_	_	_	_
1630-2	PKP037	1630	1630	2	dietro	dietro	_	_	_	_	_	linguistic	_	none	_	_	_	_	_	_
1630-3	PKP037	1630	1630	3	la:	la	_	_	_	_	_	linguistic	_	none	_	End=2690.31	1x1	_	_	_
1631-0	PKP037	1631	1631	0	la	la	_	_	_	_	_	linguistic	_	none	_	Begin=2690.85	_	_	_	_
1631-1	PKP037	1631	1631	1	polvere	polvere	_	_	_	_	_	linguistic	_	none	_	_	_	_	_	_
1631-2	PKP037	1631	1631	2	non	non	_	_	_	_	_	linguistic	_	none	_	_	_	_	_	_
1631-3	PKP037	1631	1631	3	è	è	_	_	_	_	_	linguistic	_	none	_	_	_	_	_	_
1631-4	PKP037	1631	1631	4	che:	che	_	_	_	_	_	linguistic	_	none	_	End=2692.47	2x1	_	_	_
1632-0	PKP037	1632	1632	0	non	non	_	_	_	_	_	linguistic	_	none	_	Begin=2692.47	_	_	_	_
1632-1	PKP037	1632	1632	1	si	si	_	_	_	_	_	linguistic	_	none	_	_	_	_	_	_
1632-2	PKP037	1632	1632	2	accomodava	accomodava	_	_	_	_	_	linguistic	_	none	_	End=2693.53	_	_	_	_
1633-0	PKP037	1633	1633	0	quindi	quindi	_	_	_	_	_	linguistic	_	none	_	Begin=2693.99	_	_	_	_
1633-1	PKP037	1633	1633	1	ho	ho	_	_	_	_	_	linguistic	_	none	_	_	_	_	_	_
1633-2	PKP037	1633	1633	2	tolto	tolto	_	_	_	_	_	linguistic	_	none	_	_	_	_	_	_
1633-3	PKP037	1633	1633	3	tutto	tutto	_	_	_	_	_	linguistic	_	none	_	_	_	_	_	_
1633-4	PKP037	1633	1633	4	{ride}	{ride}	_	_	_	_	_	nonverbalbehavior	_	none	_	End=2695.55	_	_	_	_
1634-0	PKP037	1634	1634	0	e	e	_	_	_	_	_	linguistic	_	none	_	Begin=2697.03	_	_	_	_
1634-1	PKP037	1634	1634	1	poi	poi	_	_	_	_	_	linguistic	_	none	_	_	_	_	_	_
1634-2	PKP037	1634	1634	2	ho	ho	_	_	_	_	_	linguistic	_	none	_	_	_	_	_	_
1634-3	PKP037	1634	1634	3	pulito	pulito	_	_	_	_	_	linguistic	_	none	_	End=2697.9	_	_	_	_
1635-0	PKP033	1635	1635	0	mortale	mortale	_	_	_	_	_	linguistic	_	none	_	Begin=2697.699|End=2698.749	_	_	_	_
1636-0	PKP037	1636	1636	0	[mhmh]	mhmh	_	_	_	_	_	linguistic	_	none	_	Begin=2698.699|End=2699.349	_	_	_	0-4(423)
1637-0	PKP036	1637	1637	0	[mhmh]	mhmh	_	_	_	_	_	linguistic	_	none	_	Begin=2698.83|End=2699.51	_	_	_	0-4(423)
1638-0	PKP037	1638	1638	0	e	e	_	_	_	_	_	linguistic	_	none	_	Begin=2699.63	_	_	_	_
1638-1	PKP037	1638	1638	1	poi	poi	_	_	_	_	_	linguistic	_	none	_	_	_	_	_	_
1638-2	PKP037	1638	1638	2	ci	ci	_	_	_	_	_	linguistic	_	none	_	_	_	_	_	_
1638-3	PKP037	1638	1638	3	stanno:	stanno	_	_	_	_	_	linguistic	_	none	_	_	5x1	_	_	_
1638-4	PKP037	1638	1638	4	i:	i	_	_	_	_	_	linguistic	_	none	_	_	0x1	_	_	_
1638-5	PKP037	1638	1638	5	m:h	mh	_	_	_	_	_	linguistic	_	none	_	End=2701.74	0x1	_	_	_
1639-0	PKP037	1639	1639	0	boh	boh	_	_	_	_	_	linguistic	_	none	_	Begin=2702.74|End=2703.39	_	_	_	_
1640-0	PKP037	1640	1640	0	tubi?	tubi	_	_	_	_	_	linguistic	_	none	Intonation=Rising	Begin=2703.39|End=2704.04	_	_	_	_
1641-0	PKP036	1641	1641	0	mh	mh	_	_	_	_	_	linguistic	_	none	_	Begin=2704.43|End=2705.02	_	_	_	_
1642-0	PKP037	1642	1642	0	della	della	_	_	_	_	_	linguistic	_	none	_	Begin=2705.37	_	_	_	_
1642-1	PKP037	1642	1642	1	caldaia	caldaia	_	_	_	_	_	linguistic	_	none	PauseAfter=Yes	_	_	_	_	_
1642-2	PKP037	1642	1642	2	{P}	{P}	_	_	_	_	_	shortpause	_	none	_	_	_	_	_	_
1642-3	PKP037	1642	1642	3	non	non	_	_	_	_	_	linguistic	_	none	_	_	_	_	_	_
1642-4	PKP037	1642	1642	4	so	so	_	_	_	_	_	linguistic	_	none	_	_	_	_	_	_
1642-5	PKP037	1642	1642	5	che:	che	_	_	_	_	_	linguistic	_	none	_	_	2x1	_	_	_
1642-6	PKP037	1642	1642	6	dell'	dell'	_	_	_	_	_	linguistic	_	none	SpaceAfter=No	_	_	_	_	_
1642-7	PKP037	1642	1642	7	aria	aria	_	_	_	_	_	linguistic	_	none	_	End=2707.67	_	_	_	_
1643-0	PKP037	1643	1643	0	emissione	emissione	_	_	_	_	_	linguistic	_	none	_	Begin=2707.79	_	_	_	_
1643-1	PKP037	1643	1643	1	ed	ed	_	_	_	_	_	linguistic	_	none	_	_	_	_	_	_
1643-2	PKP037	1643	1643	2	emissione	emissione	_	_	_	_	_	linguistic	_	none	_	End=2709.28	_	_	_	_
1644-0	PKP037	1644	1644	0	che	che	_	_	_	_	_	linguistic	_	none	_	Begin=2709.69	_	_	_	_
1644-1	PKP037	1644	1644	1	passano	passano	_	_	_	_	_	linguistic	_	none	_	_	_	_	_	_
1644-2	PKP037	1644	1644	2	in	in	_	_	_	_	_	linguistic	_	none	_	_	_	_	_	_
1644-3	PKP037	1644	1644	3	alto	alto	_	_	_	_	_	linguistic	_	none	_	_	_	_	_	_
1644-4	PKP037	1644	1644	4	sul	sul	_	_	_	_	_	linguistic	_	none	_	_	_	_	_	_
1644-5	PKP037	1644	1644	5	bagno	bagno	_	_	_	_	_	linguistic	_	none	_	_	_	_	_	_
1644-6	PKP037	1644	1644	6	e	e	_	_	_	_	_	linguistic	_	none	_	_	_	_	_	_
1644-7	PKP037	1644	1644	7	quei	quei	_	_	_	_	_	linguistic	_	none	_	_	_	_	_	_
1644-8	PKP037	1644	1644	8	d~	d~	_	_	_	_	_	linguistic	_	none	Interrupted=Yes	_	_	_	_	_
1644-9	PKP037	1644	1644	9	nessuno	nessuno	_	_	_	_	_	linguistic	_	none	_	_	_	_	_	_
1644-10	PKP037	1644	1644	10	li	li	_	_	_	_	_	linguistic	_	none	_	_	_	_	_	_
1644-11	PKP037	1644	1644	11	ha	ha	_	_	_	_	_	linguistic	_	none	_	_	_	_	_	_
1644-12	PKP037	1644	1644	12	mai	mai	_	_	_	_	_	linguistic	_	none	_	_	_	_	_	_
1644-13	PKP037	1644	1644	13	spol[verati]	spolverati	_	_	_	_	_	linguistic	_	none	_	End=2713.12	_	_	_	4-10(424)
1645-0	PKP033	1645	1645	0	[ah	ah	_	_	_	_	_	linguistic	_	none	_	Begin=2712.64	_	_	_	0-2(424)
1645-1	PKP033	1645	1645	1	sì]	sì	_	_	_	_	_	linguistic	_	none	_	_	_	_	_	0-2(424)
1645-2	PKP033	1645	1645	2	tipo:	tipo	_	_	_	_	_	linguistic	_	none	_	_	3x1	_	_	_
1645-3	PKP033	1645	1645	3	tipo	tipo	_	_	_	_	_	linguistic	_	none	_	_	_	_	_	_
1645-4	PKP033	1645	1645	4	quelli	quelli	_	_	_	_	_	linguistic	_	none	_	_	_	_	_	_
1645-5	PKP033	1645	1645	5	lì:	lì	_	_	_	_	_	linguistic	_	none	_	_	1x1	_	_	_
1645-6	PKP033	1645	1645	6	sì	sì	_	_	_	_	_	linguistic	_	none	_	_	_	_	_	_
1645-7	PKP033	1645	1645	7	sì	sì	_	_	_	_	_	linguistic	_	none	_	End=2715.07	_	_	_	_
1646-0	PKP036	1646	1646	0	esa[tto	esatto	_	_	_	_	_	linguistic	_	none	_	Begin=2715.14	_	_	_	3-6(?)
1646-1	PKP036	1646	1646	1	proprio	proprio	_	_	_	_	_	linguistic	_	none	_	_	_	_	_	0-7(?)
1646-2	PKP036	1646	1646	2	quelli]	quelli	_	_	_	_	_	linguistic	_	none	_	End=2716.57	_	_	_	0-6(?)
1647-0	PKP033	1647	1647	0	[sì	sì	_	_	_	_	_	linguistic	_	none	_	Begin=2715.34	_	_	_	0-2(426)
1647-1	PKP033	1647	1647	1	sì]	sì	_	_	_	_	_	linguistic	_	none	_	End=2716.2	_	_	_	0-2(426)
1648-0	PKP033	1648	1648	0	[quelli	quelli	_	_	_	_	_	linguistic	_	none	_	Begin=2716.29	_	_	_	0-6(425)
1648-1	PKP033	1648	1648	1	de]lla	della	_	_	_	_	_	linguistic	_	none	_	_	_	_	_	0-2(425)
1648-2	PKP033	1648	1648	2	caldaia	caldaia	_	_	_	_	_	linguistic	_	none	_	_	_	_	_	_
1648-3	PKP033	1648	1648	3	sì	sì	_	_	_	_	_	linguistic	_	none	_	End=2717.45	_	_	_	_
1649-0	PKP033	1649	1649	0	solo	solo	_	_	_	_	_	linguistic	_	none	_	Begin=2717.855	_	_	_	_
1649-1	PKP033	1649	1649	1	che	che	_	_	_	_	_	linguistic	_	none	_	_	_	_	_	_
1649-2	PKP033	1649	1649	2	qui	qui	_	_	_	_	_	linguistic	_	none	_	_	_	_	_	_
1649-3	PKP033	1649	1649	3	per	per	_	_	_	_	_	linguistic	_	none	_	_	_	_	_	_
1649-4	PKP033	1649	1649	4	fortuna	fortuna	_	_	_	_	_	linguistic	_	none	_	_	_	_	_	_
1649-5	PKP033	1649	1649	5	quella	quella	_	_	_	_	_	linguistic	_	none	_	_	_	_	_	_
1649-6	PKP033	1649	1649	6	era	era	_	_	_	_	_	linguistic	_	none	_	_	_	_	_	_
1649-7	PKP033	1649	1649	7	l'	l'	_	_	_	_	_	linguistic	_	none	SpaceAfter=No	_	_	_	_	_
1649-8	PKP033	1649	1649	8	unica	unica	_	_	_	_	_	linguistic	_	none	_	_	_	_	_	_
1649-9	PKP033	1649	1649	9	cosa	cosa	_	_	_	_	_	linguistic	_	none	_	_	_	_	_	_
1649-10	PKP033	1649	1649	10	buona	buona	_	_	_	_	_	linguistic	_	none	_	_	_	_	_	_
1649-11	PKP033	1649	1649	11	perché	perché	_	_	_	_	_	linguistic	_	none	_	_	_	_	_	_
1649-12	PKP033	1649	1649	12	l'	l'	_	_	_	_	_	linguistic	_	none	SpaceAfter=No	_	_	_	_	_
1649-13	PKP033	1649	1649	13	aveva	aveva	_	_	_	_	_	linguistic	_	none	_	_	_	_	_	_
1649-14	PKP033	1649	1649	14	appena	appena	_	_	_	_	_	linguistic	_	none	_	_	_	_	_	_
1649-15	PKP033	1649	1649	15	messa	messa	_	_	_	_	_	linguistic	_	none	_	End=2721.61	_	_	_	_
1650-0	PKP036	1650	1650	0	[e:]	e	_	_	_	_	_	linguistic	_	none	_	Begin=2721.35|End=2721.759	0x1	_	_	0-1(427)
1651-0	PKP037	1651	1651	0	eh	eh	_	_	_	_	_	linguistic	_	none	_	Begin=2721.78|End=2722.18	_	_	_	_
1652-0	PKP033	1652	1652	0	sì	sì	_	_	_	_	_	linguistic	_	none	_	Begin=2722.5|End=2722.83	_	_	_	_
1653-0	PKP033	1653	1653	0	ma	ma	_	_	_	_	_	linguistic	_	none	_	Begin=2723.03	_	_	_	_
1653-1	PKP033	1653	1653	1	nella	nella	_	_	_	_	_	linguistic	_	none	_	_	_	_	_	_
1653-2	PKP033	1653	1653	2	mia	mia	_	_	_	_	_	linguistic	_	none	_	_	_	_	_	_
1653-3	PKP033	1653	1653	3	[vita	vita	_	_	_	_	_	linguistic	_	none	_	_	_	_	_	0-4(428)
1653-4	PKP033	1653	1653	4	ne	ne	_	_	_	_	_	linguistic	_	none	_	_	_	_	_	0-2(428)
1653-5	PKP033	1653	1653	5	ho	ho	_	_	_	_	_	linguistic	_	none	_	_	_	_	_	0-2(428)
1653-6	PKP033	1653	1653	6	puliti	puliti	_	_	_	_	_	linguistic	_	none	_	_	_	_	_	0-6(428)
1653-7	PKP033	1653	1653	7	degli	degli	_	_	_	_	_	linguistic	_	none	_	_	_	_	_	0-5(428)
1653-8	PKP033	1653	1653	8	altri	altri	_	_	_	_	_	linguistic	_	none	_	_	_	_	_	0-5(428)
1653-9	PKP033	1653	1653	9	quindi]	quindi	_	_	_	_	_	linguistic	_	none	_	End=2725.65	_	_	_	0-6(428)
1654-0	PKP036	1654	1654	0	[c'	c'	_	_	_	_	_	linguistic	_	none	SpaceAfter=No	Begin=2723.79	_	_	_	0-2(428)
1654-1	PKP036	1654	1654	1	era	era	_	_	_	_	_	linguistic	_	none	_	_	_	_	_	0-3(428)
1654-2	PKP036	1654	1654	2	proprio	proprio	_	_	_	_	_	linguistic	_	none	_	_	_	_	_	0-7(428)
1654-3	PKP036	1654	1654	3	uno	uno	_	_	_	_	_	linguistic	_	none	_	_	_	_	_	0-3(428)
1654-4	PKP036	1654	1654	4	strato	strato	_	_	_	_	_	linguistic	_	none	_	_	_	_	_	0-6(428)
1654-5	PKP036	1654	1654	5	{ride}	{ride}	_	_	_	_	_	nonverbalbehavior	_	none	_	_	_	_	_	0-6(428)
1654-6	PKP036	1654	1654	6	sì]	sì	_	_	_	_	_	linguistic	_	none	_	_	_	_	_	0-2(428)
1654-7	PKP036	1654	1654	7	di	di	_	_	_	_	_	linguistic	_	none	_	_	_	_	_	_
1654-8	PKP036	1654	1654	8	polv[ere]	polvere	_	_	_	_	_	linguistic	_	none	_	End=2726.89	_	_	_	3-7(429)
1655-0	PKP033	1655	1655	0	[sì	sì	_	_	_	_	_	linguistic	_	none	_	Begin=2726.37	_	_	_	0-2(429)
1655-1	PKP033	1655	1655	1	sì]	sì	_	_	_	_	_	linguistic	_	none	_	End=2726.7	_	_	_	0-2(429)
1656-0	PKP037	1656	1656	0	bru:tto	brutto	_	_	_	_	_	linguistic	_	none	_	Begin=2726.92	2x1	_	_	_
1656-1	PKP037	1656	1656	1	beh	beh	_	_	_	_	_	linguistic	_	none	_	_	_	_	_	_
1656-2	PKP037	1656	1656	2	se	se	_	_	_	_	_	linguistic	_	none	_	_	_	_	_	_
1656-3	PKP037	1656	1656	3	stai	stai	_	_	_	_	_	linguistic	_	none	_	_	_	_	_	_
1656-4	PKP037	1656	1656	4	sotto	sotto	_	_	_	_	_	linguistic	_	none	_	_	_	_	_	_
1656-5	PKP037	1656	1656	5	xxx	xxx	_	_	_	_	_	unknown	_	none	PauseAfter=Yes|Syllables=3	_	_	_	_	_
1656-6	PKP037	1656	1656	6	{P}	{P}	_	_	_	_	_	shortpause	_	none	_	_	_	_	_	_
1656-7	PKP037	1656	1656	7	aspetti	aspetti	_	_	_	_	_	linguistic	_	none	_	_	_	_	_	_
1656-8	PKP037	1656	1656	8	che	che	_	_	_	_	_	linguistic	_	none	_	_	_	_	_	_
1656-9	PKP037	1656	1656	9	ti	ti	_	_	_	_	_	linguistic	_	none	_	_	_	_	_	_
1656-10	PKP037	1656	1656	10	sca~	sca~	_	_	_	_	_	linguistic	_	none	Interrupted=Yes	_	_	_	_	_
1656-11	PKP037	1656	1656	11	casca:	casca	_	_	_	_	_	linguistic	_	none	_	_	4x1	_	_	_
1656-12	PKP037	1656	1656	12	cada	cada	_	_	_	_	_	linguistic	_	none	_	_	_	_	_	_
1656-13	PKP037	1656	1656	13	un:	un	_	_	_	_	_	linguistic	_	none	_	_	1x1	_	_	_
1656-14	PKP037	1656	1656	14	{ride}	{ride}	_	_	_	_	_	nonverbalbehavior	_	none	_	End=2731.58	_	_	_	_
1657-0	PKP033	1657	1657	0	{ride}	{ride}	_	_	_	_	_	nonverbalbehavior	_	none	_	Begin=2731.81|End=2732.33	_	_	_	_
1658-0	PKP037	1658	1658	0	(u)na	una	_	_	_	_	_	linguistic	_	none	_	Begin=2732.74	_	_	0-1(0)	_
1658-1	PKP037	1658	1658	1	scatola	scatola	_	_	_	_	_	linguistic	_	none	_	_	_	_	_	_
1658-2	PKP037	1658	1658	2	di	di	_	_	_	_	_	linguistic	_	none	_	_	_	_	_	_
1658-3	PKP037	1658	1658	3	polvere	polvere	_	_	_	_	_	linguistic	_	none	_	_	_	_	_	_
1658-4	PKP037	1658	1658	4	{ride}	{ride}	_	_	_	_	_	nonverbalbehavior	_	none	_	End=2735.06	_	_	_	_
1659-0	PKP036	1659	1659	0	{ride}	{ride}	_	_	_	_	_	nonverbalbehavior	_	none	_	Begin=2733.49|End=2734.63	_	_	_	_
1660-0	PKP033	1660	1660	0	{ride}	{ride}	_	_	_	_	_	nonverbalbehavior	_	none	_	Begin=2733.74|End=2734.62	_	_	_	_
1661-0	PKP036	1661	1661	0	terribile	terribile	_	_	_	_	_	linguistic	_	none	_	Begin=2735.2|End=2735.88	_	_	_	_
1662-0	PKP037	1662	1662	0	mh	mh	_	_	_	_	_	linguistic	_	none	_	Begin=2735.96|End=2736.34	_	_	_	_
1663-0	PKP033	1663	1663	0	mi	mi	_	_	_	_	_	linguistic	_	none	_	Begin=2737.44	_	_	_	_
1663-1	PKP033	1663	1663	1	dispiace	dispiace	_	_	_	_	_	linguistic	_	none	_	_	_	_	_	_
1663-2	PKP033	1663	1663	2	perché	perché	_	_	_	_	_	linguistic	_	none	_	_	_	_	_	_
1663-3	PKP033	1663	1663	3	so	so	_	_	_	_	_	linguistic	_	none	_	_	_	_	_	_
1663-4	PKP033	1663	1663	4	bene	bene	_	_	_	_	_	linguistic	_	none	_	_	_	_	_	_
1663-5	PKP033	1663	1663	5	cos~	cos~	_	_	_	_	_	linguistic	_	none	Interrupted=Yes|PauseAfter=Yes	_	_	_	_	_
1663-6	PKP033	1663	1663	6	{P}	{P}	_	_	_	_	_	shortpause	_	none	_	_	_	_	_	_
1663-7	PKP033	1663	1663	7	mh	mh	_	_	_	_	_	linguistic	_	none	_	_	_	_	_	_
1663-8	PKP033	1663	1663	8	cos'	cos'	_	_	_	_	_	linguistic	_	none	SpaceAfter=No	_	_	_	_	_
1663-9	PKP033	1663	1663	9	è	è	_	_	_	_	_	linguistic	_	none	_	End=2740.55	_	_	_	_
1664-0	PKP036	1664	1664	0	però	però	_	_	_	_	_	linguistic	_	none	_	Begin=2740.84	_	_	_	_
1664-1	PKP036	1664	1664	1	mi	mi	_	_	_	_	_	linguistic	_	none	_	_	_	_	_	_
1664-2	PKP036	1664	1664	2	sento	sento	_	_	_	_	_	linguistic	_	none	_	_	_	_	_	_
1664-3	PKP036	1664	1664	3	molto	molto	_	_	_	_	_	linguistic	_	none	_	_	_	_	_	_
1664-4	PKP036	1664	1664	4	meglio	meglio	_	_	_	_	_	linguistic	_	none	_	_	_	_	_	_
1664-5	PKP036	1664	1664	5	ora	ora	_	_	_	_	_	linguistic	_	none	_	End=2742.72	_	_	_	_
1665-0	PKP033	1665	1665	0	e	e	_	_	_	_	_	linguistic	_	none	_	Begin=2743.03	_	_	_	_
1665-1	PKP033	1665	1665	1	cosa	cosa	_	_	_	_	_	linguistic	_	none	_	_	_	_	_	_
1665-2	PKP033	1665	1665	2	avete	avete	_	_	_	_	_	linguistic	_	none	_	_	_	_	_	_
1665-3	PKP033	1665	1665	3	comprato	comprato	_	_	_	_	_	linguistic	_	none	_	_	_	_	_	_
1665-4	PKP033	1665	1665	4	all'	all'	_	_	_	_	_	linguistic	_	none	SpaceAfter=No	_	_	_	_	_
1665-5	PKP033	1665	1665	5	ikea	ikea	_	_	_	_	_	linguistic	_	none	_	End=2744.67	_	_	_	_
1666-0	PKP037	1666	1666	0	abbiamo	abbiamo	_	_	_	_	_	linguistic	_	none	_	Begin=2746.15	_	_	_	_
1666-1	PKP037	1666	1666	1	(fallito)	fallito	_	_	_	_	_	linguistic	_	none	_	_	_	_	0-7(0)	_
1666-2	PKP037	1666	1666	2	abbastanza	abbastanza	_	_	_	_	_	linguistic	_	none	_	End=2747.68	_	_	_	_
1667-0	PKP033	1667	1667	0	ah	ah	_	_	_	_	_	linguistic	_	none	_	Begin=2747.48	_	_	_	_
1667-1	PKP033	1667	1667	1	[perché'	perché'	_	_	_	_	_	linguistic	_	none	Truncated=Yes|PauseAfter=Yes	_	_	_	_	0-7(523)
1667-2	PKP033	1667	1667	2	{P}	{P}	_	_	_	_	_	shortpause	_	none	_	_	_	_	_	0-3(523)
1667-3	PKP033	1667	1667	3	cosa	cosa	_	_	_	_	_	linguistic	_	none	_	_	_	_	_	0-4(523)
1667-4	PKP033	1667	1667	4	cercavate]	cercavate	_	_	_	_	_	linguistic	_	none	_	End=2749.3	_	_	_	0-9(523)
1668-0	PKP036	1668	1668	0	[mah	mah	_	_	_	_	_	linguistic	_	none	_	Begin=2747.67	_	_	_	0-3(523)
1668-1	PKP036	1668	1668	1	e:	e	_	_	_	_	_	linguistic	_	none	PauseAfter=Yes	_	0x1	_	_	0-1(523)
1668-2	PKP036	1668	1668	2	{P}	{P}	_	_	_	_	_	shortpause	_	none	_	_	_	_	_	0-3(523)
1668-3	PKP036	1668	1668	3	perché]	perché	_	_	_	_	_	linguistic	_	none	_	_	_	_	_	0-6(523)
1668-4	PKP036	1668	1668	4	io	io	_	_	_	_	_	linguistic	_	none	_	_	_	_	_	_
1668-5	PKP036	1668	1668	5	volevo	volevo	_	_	_	_	_	linguistic	_	none	_	_	_	_	_	_
1668-6	PKP036	1668	1668	6	le	le	_	_	_	_	_	linguistic	_	none	_	_	_	_	_	_
1668-7	PKP036	1668	1668	7	mensole	mensole	_	_	_	_	_	linguistic	_	none	_	_	_	_	_	_
1668-8	PKP036	1668	1668	8	non	non	_	_	_	_	_	linguistic	_	none	_	_	_	_	_	_
1668-9	PKP036	1668	1668	9	le	le	_	_	_	_	_	linguistic	_	none	_	_	_	_	_	_
1668-10	PKP036	1668	1668	10	abbiamo	abbiamo	_	_	_	_	_	linguistic	_	none	_	_	_	_	_	_
1668-11	PKP036	1668	1668	11	trovate	trovate	_	_	_	_	_	linguistic	_	none	_	_	_	_	_	_
1668-12	PKP036	1668	1668	12	mah	mah	_	_	_	_	_	linguistic	_	none	_	End=2751.56	_	_	_	_
1669-0	PKP036	1669	1669	0	siamo	siamo	_	_	_	_	_	linguistic	_	none	_	Begin=2752.05	_	_	_	_
1669-1	PKP036	1669	1669	1	scemi	scemi	_	_	_	_	_	linguistic	_	none	_	_	_	_	_	_
1669-2	PKP036	1669	1669	2	perché	perché	_	_	_	_	_	linguistic	_	none	_	_	_	_	_	_
1669-3	PKP036	1669	1669	3	dovevamo	dovevamo	_	_	_	_	_	linguistic	_	none	_	_	_	_	_	_
1669-4	PKP036	1669	1669	4	chiedere	chiedere	_	_	_	_	_	linguistic	_	none	_	End=2753.62	_	_	_	_
1670-0	PKP036	1670	1670	0	ma	ma	_	_	_	_	_	linguistic	_	none	_	Begin=2753.85	_	_	_	_
1670-1	PKP036	1670	1670	1	vabbè	vabbè	_	_	_	_	_	linguistic	_	none	_	End=2754.43	_	_	_	_
1671-0	PKP036	1671	1671	0	mh	mh	_	_	_	_	_	linguistic	_	none	_	Begin=2755.2|End=2755.48	_	_	_	_
1672-0	PKP037	1672	1672	0	peggio	peggio	_	_	_	_	_	linguistic	_	none	_	Begin=2755.67	_	_	_	_
1672-1	PKP037	1672	1672	1	del	del	_	_	_	_	_	linguistic	_	none	_	_	_	_	_	_
1672-2	PKP037	1672	1672	2	(balcone)	balcone	_	_	_	_	_	linguistic	_	none	_	End=2756.375	_	_	0-7(0)	_
1673-0	PKP033	1673	1673	0	eh	eh	_	_	_	_	_	linguistic	_	none	_	Begin=2756.375	_	_	_	_
1673-1	PKP033	1673	1673	1	stav~	stav~	_	_	_	_	_	linguistic	_	none	Interrupted=Yes	_	_	_	_	_
1673-2	PKP033	1673	1673	2	stavo	stavo	_	_	_	_	_	linguistic	_	none	_	_	_	_	_	_
1673-3	PKP033	1673	1673	3	per	per	_	_	_	_	_	linguistic	_	none	_	_	_	_	_	_
1673-4	PKP033	1673	1673	4	dirlo	dirlo	_	_	_	_	_	linguistic	_	none	_	_	_	_	_	_
1673-5	PKP033	1673	1673	5	{ride}	{ride}	_	_	_	_	_	nonverbalbehavior	_	none	_	End=2760.39	_	_	_	_
1674-0	PKP036	1674	1674	0	{RIDE}	{RIDE}	_	_	_	_	_	nonverbalbehavior	_	none	_	Begin=2757.12|End=2758.97	_	_	_	_
1675-0	PKP037	1675	1675	0	{ride}	{ride}	_	_	_	_	_	nonverbalbehavior	_	none	_	Begin=2758.43|End=2759.23	_	_	_	_
1676-0	PKP036	1676	1676	0	e:h	eh	_	_	_	_	_	linguistic	_	none	_	Begin=2761.64	0x1	_	_	_
1676-1	PKP036	1676	1676	1	m:h	mh	_	_	_	_	_	linguistic	_	none	_	End=2763.04	0x1	_	_	_
1677-0	PKP036	1677	1677	0	ma	ma	_	_	_	_	_	linguistic	_	none	_	Begin=2763.25	_	_	_	_
1677-1	PKP036	1677	1677	1	vabbé	vabbé	_	_	_	_	_	linguistic	_	none	_	_	_	_	_	_
1677-2	PKP036	1677	1677	2	non:	non	_	_	_	_	_	linguistic	_	none	_	_	2x1	_	_	_
1677-3	PKP036	1677	1677	3	{ride}	{ride}	_	_	_	_	_	nonverbalbehavior	_	none	_	End=2764.71	_	_	_	_
1678-0	PKP037	1678	1678	0	{ride}	{ride}	_	_	_	_	_	nonverbalbehavior	_	none	_	Begin=2764.57	_	_	_	_
1678-1	PKP037	1678	1678	1	abbiamo	abbiamo	_	_	_	_	_	linguistic	_	none	_	_	_	_	_	_
1678-2	PKP037	1678	1678	2	dovuto	dovuto	_	_	_	_	_	linguistic	_	none	_	_	_	_	_	_
1678-3	PKP037	1678	1678	3	comprare:	comprare	_	_	_	_	_	linguistic	_	none	_	_	7x1	_	_	_
1678-4	PKP037	1678	1678	4	il:	il	_	_	_	_	_	linguistic	_	none	_	_	1x1	_	_	_
1678-5	PKP037	1678	1678	5	cesto:	cesto	_	_	_	_	_	linguistic	_	none	_	_	4x1	_	_	_
1678-6	PKP037	1678	1678	6	per	per	_	_	_	_	_	linguistic	_	none	_	_	_	_	_	_
1678-7	PKP037	1678	1678	7	i	i	_	_	_	_	_	linguistic	_	none	_	_	_	_	_	_
1678-8	PKP037	1678	1678	8	[panni	panni	_	_	_	_	_	linguistic	_	none	_	_	_	_	_	0-5(?)
1678-9	PKP037	1678	1678	9	sporchi]	sporchi	_	_	_	_	_	linguistic	_	none	_	End=2768.43	_	_	_	0-7(?)
1679-0	PKP036	1679	1679	0	[ah	ah	_	_	_	_	_	linguistic	_	none	_	Begin=2767.68	_	_	_	0-2(431)
1679-1	PKP036	1679	1679	1	il	il	_	_	_	_	_	linguistic	_	none	_	_	_	_	_	0-2(431)
1679-2	PKP036	1679	1679	2	cesto	cesto	_	_	_	_	_	linguistic	_	none	_	_	_	_	_	0-5(431)
1679-3	PKP036	1679	1679	3	dei	dei	_	_	_	_	_	linguistic	_	none	_	_	_	_	_	0-3(431)
1679-4	PKP036	1679	1679	4	pa]nni	panni	_	_	_	_	_	linguistic	_	none	_	_	_	_	_	0-2(431)
1679-5	PKP036	1679	1679	5	volevo	volevo	_	_	_	_	_	linguistic	_	none	_	_	_	_	_	_
1679-6	PKP036	1679	1679	6	non	non	_	_	_	_	_	linguistic	_	none	_	_	_	_	_	_
1679-7	PKP036	1679	1679	7	l'	l'	_	_	_	_	_	linguistic	_	none	SpaceAfter=No	_	_	_	_	_
1679-8	PKP036	1679	1679	8	abbiamo	abbiamo	_	_	_	_	_	linguistic	_	none	_	_	_	_	_	_
1679-9	PKP036	1679	1679	9	trovato	trovato	_	_	_	_	_	linguistic	_	none	_	_	_	_	_	_
1679-10	PKP036	1679	1679	10	che	che	_	_	_	_	_	linguistic	_	none	_	_	_	_	_	_
1679-11	PKP036	1679	1679	11	ci	ci	_	_	_	_	_	linguistic	_	none	_	_	_	_	_	_
1679-12	PKP036	1679	1679	12	piaceva	piaceva	_	_	_	_	_	linguistic	_	none	_	End=2770.62	_	_	_	_
1680-0	PKP036	1680	1680	0	o	o	_	_	_	_	_	linguistic	_	none	_	Begin=2771.08	_	_	_	_
1680-1	PKP036	1680	1680	1	che	che	_	_	_	_	_	linguistic	_	none	_	_	_	_	_	_
1680-2	PKP036	1680	1680	2	costasse	costasse	_	_	_	_	_	linguistic	_	none	_	_	_	_	_	_
1680-3	PKP036	1680	1680	3	meno	meno	_	_	_	_	_	linguistic	_	none	_	_	_	_	_	_
1680-4	PKP036	1680	1680	4	di	di	_	_	_	_	_	linguistic	_	none	PauseAfter=Yes	_	_	_	_	_
1680-5	PKP036	1680	1680	5	{P}	{P}	_	_	_	_	_	shortpause	_	none	_	_	_	_	_	_
1680-6	PKP036	1680	1680	6	boh	boh	_	_	_	_	_	linguistic	_	none	PauseAfter=Yes	_	_	_	_	_
1680-7	PKP036	1680	1680	7	{P}	{P}	_	_	_	_	_	shortpause	_	none	_	_	_	_	_	_
1680-8	PKP036	1680	1680	8	sessanta	sessanta	_	_	_	_	_	linguistic	_	none	_	_	_	_	_	_
1680-9	PKP036	1680	1680	9	euro	euro	_	_	_	_	_	linguistic	_	none	_	_	_	_	_	_
1680-10	PKP036	1680	1680	10	[c(io)è]	cioè	_	_	_	_	_	linguistic	_	none	_	End=2774.01	_	_	1-3(0)	0-4(432)
1681-0	PKP033	1681	1681	0	[ah]	ah	_	_	_	_	_	linguistic	_	none	_	Begin=2773.79|End=2774.21	_	_	_	0-2(432)
1682-0	PKP036	1682	1682	0	un	un	_	_	_	_	_	linguistic	_	none	_	Begin=2774.67	_	_	_	_
1682-1	PKP036	1682	1682	1	cesto	cesto	_	_	_	_	_	linguistic	_	none	_	_	_	_	_	_
1682-2	PKP036	1682	1682	2	dei	dei	_	_	_	_	_	linguistic	_	none	_	_	_	_	_	_
1682-3	PKP036	1682	1682	3	panni	panni	_	_	_	_	_	linguistic	_	none	_	End=2775.76	_	_	_	_
1683-0	PKP036	1683	1683	0	e:	e	_	_	_	_	_	linguistic	_	none	_	Begin=2776.93	0x1	_	_	_
1683-1	PKP036	1683	1683	1	m:	m	_	_	_	_	_	linguistic	_	none	_	End=2777.83	0x1	_	_	_
1684-0	PKP037	1684	1684	0	e	e	_	_	_	_	_	linguistic	_	none	_	Begin=2778.49	_	_	_	_
1684-1	PKP037	1684	1684	1	quindi	quindi	_	_	_	_	_	linguistic	_	none	_	_	_	_	_	_
1684-2	PKP037	1684	1684	2	abbiamo	abbiamo	_	_	_	_	_	linguistic	_	none	_	_	_	_	_	_
1684-3	PKP037	1684	1684	3	comprato	comprato	_	_	_	_	_	linguistic	_	none	_	End=2780.39	_	_	_	_
1685-0	PKP037	1685	1685	0	{ride}	{ride}	_	_	_	_	_	nonverbalbehavior	_	none	_	Begin=2780.81|End=2781.37	_	_	_	_
1686-0	PKP037	1686	1686	0	[sì	sì	_	_	_	_	_	linguistic	_	none	_	Begin=2782.309	_	_	_	0-2(433)
1686-1	PKP037	1686	1686	1	una	una	_	_	_	_	_	linguistic	_	none	_	_	_	_	_	0-3(433)
1686-2	PKP037	1686	1686	2	specie]	specie	_	_	_	_	_	linguistic	_	none	PauseAfter=Yes	_	_	_	_	0-6(433)
1686-3	PKP037	1686	1686	3	{P}	{P}	_	_	_	_	_	shortpause	_	none	_	_	_	_	_	_
1686-4	PKP037	1686	1686	4	{ride}	{ride}	_	_	_	_	_	nonverbalbehavior	_	none	_	_	_	_	_	_
1686-5	PKP037	1686	1686	5	la	la	_	_	_	_	_	linguistic	_	none	_	_	_	_	_	_
1686-6	PKP037	1686	1686	6	spatola	spatola	_	_	_	_	_	linguistic	_	none	_	End=2784.49	_	_	_	_
1687-0	PKP036	1687	1687	0	{ride}	{ride}	_	_	_	_	_	nonverbalbehavior	_	none	_	Begin=2782.31	_	_	_	_
1687-1	PKP036	1687	1687	1	[una	una	_	_	_	_	_	linguistic	_	none	_	_	_	_	_	0-3(433)
1687-2	PKP036	1687	1687	2	spatola]	spatola	_	_	_	_	_	linguistic	_	none	_	End=2783.5	_	_	_	0-7(433)
1688-0	PKP037	1688	1688	0	quella	quella	_	_	_	_	_	linguistic	_	none	_	Begin=2784.69	_	_	_	_
1688-1	PKP037	1688	1688	1	la	la	_	_	_	_	_	linguistic	_	none	_	_	_	_	_	_
1688-2	PKP037	1688	1688	2	voleva[mo	volevamo	_	_	_	_	_	linguistic	_	none	_	_	_	_	_	6-8(434)
1688-3	PKP037	1688	1688	3	la	la	_	_	_	_	_	linguistic	_	none	_	_	_	_	_	0-2(434)
1688-4	PKP037	1688	1688	4	cercavamo]	cercavamo	_	_	_	_	_	linguistic	_	none	_	End=2786.37	_	_	_	0-9(434)
1689-0	PKP036	1689	1689	0	[comunque	comunque	_	_	_	_	_	linguistic	_	none	_	Begin=2785.39	_	_	_	0-8(434)
1689-1	PKP036	1689	1689	1	è	è	_	_	_	_	_	linguistic	_	none	_	_	_	_	_	0-1(434)
1689-2	PKP036	1689	1689	2	importa]nte	importante	_	_	_	_	_	linguistic	_	none	_	End=2786.84	_	_	_	0-7(434)
1690-0	PKP036	1690	1690	0	[ah	ah	_	_	_	_	_	linguistic	_	none	_	Begin=2788.08	_	_	_	0-2(435)
1690-1	PKP036	1690	1690	1	e	e	_	_	_	_	_	linguistic	_	none	_	_	_	_	_	0-1(435)
1690-2	PKP036	1690	1690	2	quelli	quelli	_	_	_	_	_	linguistic	_	none	_	_	_	_	_	0-6(435)
1690-3	PKP036	1690	1690	3	da	da	_	_	_	_	_	linguistic	_	none	_	_	_	_	_	0-2(435)
1690-4	PKP036	1690	1690	4	mettere	mettere	_	_	_	_	_	linguistic	_	none	_	_	_	_	_	0-7(435)
1690-5	PKP036	1690	1690	5	nei	nei	_	_	_	_	_	linguistic	_	none	_	_	_	_	_	0-3(435)
1690-6	PKP036	1690	1690	6	casse]tti	cassetti	_	_	_	_	_	linguistic	_	none	_	_	_	_	_	0-5(435)
1690-7	PKP036	1690	1690	7	per	per	_	_	_	_	_	linguistic	_	none	_	_	_	_	_	_
1690-8	PKP036	1690	1690	8	organizzare	organizzare	_	_	_	_	_	linguistic	_	none	_	End=2790.8	_	_	_	_
1691-0	PKP037	1691	1691	0	[e:	e	_	_	_	_	_	linguistic	_	none	_	Begin=2788.099	0x1	_	_	0-1(435)
1691-1	PKP037	1691	1691	1	(altra	altra	_	_	_	_	_	linguistic	_	none	_	_	_	_	0-5(0)	0-5(435)
1691-2	PKP037	1691	1691	2	plastica)]	plastica	_	_	_	_	_	linguistic	_	none	_	End=2789.579	_	_	0-8(0)	0-8(435)
1692-0	PKP037	1692	1692	0	una	una	_	_	_	_	_	linguistic	_	none	_	Begin=2791.8	_	_	_	_
1692-1	PKP037	1692	1692	1	mensola	mensola	_	_	_	_	_	linguistic	_	none	_	_	_	_	_	_
1692-2	PKP037	1692	1692	2	che	che	_	_	_	_	_	linguistic	_	none	_	_	_	_	_	_
1692-3	PKP037	1692	1692	3	ho	ho	_	_	_	_	_	linguistic	_	none	_	_	_	_	_	_
1692-4	PKP037	1692	1692	4	messo	messo	_	_	_	_	_	linguistic	_	none	_	_	_	_	_	_
1692-5	PKP037	1692	1692	5	sotto:	sotto	_	_	_	_	_	linguistic	_	none	_	_	4x1	_	_	_
1692-6	PKP037	1692	1692	6	la	la	_	_	_	_	_	linguistic	_	none	_	_	_	_	_	_
1692-7	PKP037	1692	1692	7	tv	tv	_	_	_	_	_	linguistic	_	none	_	End=2794.77	_	_	_	_
1693-0	PKP037	1693	1693	0	[tra:]	tra	_	_	_	_	_	linguistic	_	none	PauseAfter=Yes	Begin=2795.82	2x1	_	_	0-3(436)
1693-1	PKP037	1693	1693	1	{P}	{P}	_	_	_	_	_	shortpause	_	none	_	_	_	_	_	_
1693-2	PKP037	1693	1693	2	sì	sì	_	_	_	_	_	linguistic	_	none	PauseAfter=Yes	_	_	_	_	_
1693-3	PKP037	1693	1693	3	{P}	{P}	_	_	_	_	_	shortpause	_	none	_	_	_	_	_	_
1693-4	PKP037	1693	1693	4	tra	tra	_	_	_	_	_	linguistic	_	none	_	_	_	_	_	_
1693-5	PKP037	1693	1693	5	i	i	_	_	_	_	_	linguistic	_	none	_	_	_	_	_	_
1693-6	PKP037	1693	1693	6	vasi	vasi	_	_	_	_	_	linguistic	_	none	_	_	_	_	_	_
1693-7	PKP037	1693	1693	7	e:	e	_	_	_	_	_	linguistic	_	none	_	End=2798.24	0x1	_	_	_
1694-0	PKP033	1694	1694	0	[okay]	okay	_	_	_	_	_	linguistic	_	none	_	Begin=2795.83|End=2796.46	_	_	_	0-4(436)
1695-0	PKP037	1695	1695	0	e	e	_	_	_	_	_	linguistic	_	none	_	Begin=2798.47	_	_	_	_
1695-1	PKP037	1695	1695	1	il	il	_	_	_	_	_	linguistic	_	none	_	_	_	_	_	_
1695-2	PKP037	1695	1695	2	nintendo	nintendo	_	_	_	_	_	linguistic	_	none	_	_	_	_	_	_
1695-3	PKP037	1695	1695	3	switch	switch	_	_	_	_	_	linguistic	_	none	_	End=2799.25	_	_	_	_
1696-0	PKP036	1696	1696	0	[m:h]	mh	_	_	_	_	_	linguistic	_	none	_	Begin=2802.02|End=2802.92	0x1	_	_	0-2(437)
1697-0	PKP037	1697	1697	0	[ah	ah	_	_	_	_	_	linguistic	_	none	_	Begin=2802.03	_	_	_	0-2(437)
1697-1	PKP037	1697	1697	1	e	e	_	_	_	_	_	linguistic	_	none	_	_	_	_	_	0-1(437)
1697-2	PKP037	1697	1697	2	quel:]	quel	_	_	_	_	_	linguistic	_	none	_	End=2803.31	3x1	_	_	0-4(437)
1698-0	PKP037	1698	1698	0	quello:	quello	_	_	_	_	_	linguistic	_	none	_	Begin=2803.49|End=2804.25	5x1	_	_	_
1699-0	PKP037	1699	1699	0	per	per	_	_	_	_	_	linguistic	_	none	_	Begin=2805.25	_	_	_	_
1699-1	PKP037	1699	1699	1	organizzare	organizzare	_	_	_	_	_	linguistic	_	none	_	_	_	_	_	_
1699-2	PKP037	1699	1699	2	le	le	_	_	_	_	_	linguistic	_	none	_	_	_	_	_	_
1699-3	PKP037	1699	1699	3	varie	varie	_	_	_	_	_	linguistic	_	none	_	_	_	_	_	_
1699-4	PKP037	1699	1699	4	di~	di~	_	_	_	_	_	linguistic	_	none	Interrupted=Yes	_	_	_	_	_
1699-5	PKP037	1699	1699	5	d~	d~	_	_	_	_	_	linguistic	_	none	Interrupted=Yes	_	_	_	_	_
1699-6	PKP037	1699	1699	6	dietro	dietro	_	_	_	_	_	linguistic	_	none	_	_	_	_	_	_
1699-7	PKP037	1699	1699	7	alla	alla	_	_	_	_	_	linguistic	_	none	_	_	_	_	_	_
1699-8	PKP037	1699	1699	8	scrivania	scrivania	_	_	_	_	_	linguistic	_	none	_	End=2807.91	_	_	_	_
1700-0	PKP037	1700	1700	0	hanno	hanno	_	_	_	_	_	linguistic	_	none	_	Begin=2808.37	_	_	_	_
1700-1	PKP037	1700	1700	1	una	una	_	_	_	_	_	linguistic	_	none	_	_	_	_	_	_
1700-2	PKP037	1700	1700	2	specie	specie	_	_	_	_	_	linguistic	_	none	_	_	_	_	_	_
1700-3	PKP037	1700	1700	3	di:	di	_	_	_	_	_	linguistic	_	none	_	End=2809.63	1x1	_	_	_
1701-0	PKP037	1701	1701	0	pannello	pannello	_	_	_	_	_	linguistic	_	none	_	Begin=2810.14|End=2811.14	_	_	_	_
1702-0	PKP037	1702	1702	0	bucherellato	bucherellato	_	_	_	_	_	linguistic	_	none	_	Begin=2811.32|End=2812.2	_	_	_	_
1703-0	PKP033	1703	1703	0	ah	ah	_	_	_	_	_	linguistic	_	none	_	Begin=2812.24|End=2812.88	_	_	_	_
1704-0	PKP037	1704	1704	0	xxxx	xxxx	_	_	_	_	_	unknown	_	none	Syllables=4	Begin=2814.0|End=2814.93	_	_	_	_
1705-0	PKP037	1705	1705	0	xx[xx]	xxxx	_	_	_	_	_	unknown	_	none	Syllables=4	Begin=2815.06|End=2816.01	_	_	_	2-4(438)
1706-0	PKP033	1706	1706	0	[perché	perché	_	_	_	_	_	linguistic	_	none	_	Begin=2815.68	_	_	_	0-6(438)
1706-1	PKP033	1706	1706	1	a]desso	adesso	_	_	_	_	_	linguistic	_	none	_	_	_	_	_	0-1(438)
1706-2	PKP033	1706	1706	2	tu	tu	_	_	_	_	_	linguistic	_	none	_	_	_	_	_	_
1706-3	PKP033	1706	1706	3	lavori	lavori	_	_	_	_	_	linguistic	_	none	_	_	_	_	_	_
1706-4	PKP033	1706	1706	4	da	da	_	_	_	_	_	linguistic	_	none	_	_	_	_	_	_
1706-5	PKP033	1706	1706	5	casa	casa	_	_	_	_	_	linguistic	_	none	_	End=2817.34	_	_	_	_
1707-0	PKP033	1707	1707	0	[n]on	non	_	_	_	_	_	linguistic	_	none	_	Begin=2818.38	_	_	_	0-1(524)
1707-1	PKP033	1707	1707	1	lavo~	lavo~	_	_	_	_	_	linguistic	_	none	Interrupted=Yes	_	_	_	_	_
1707-2	PKP033	1707	1707	2	no	no	_	_	_	_	_	linguistic	_	none	_	_	_	_	_	_
1707-3	PKP033	1707	1707	3	io	io	_	_	_	_	_	linguistic	_	none	_	_	_	_	_	_
1707-4	PKP033	1707	1707	4	non	non	_	_	_	_	_	linguistic	_	none	_	_	_	_	_	_
1707-5	PKP033	1707	1707	5	so	so	_	_	_	_	_	linguistic	_	none	_	_	_	_	_	_
1707-6	PKP033	1707	1707	6	n:on:	non	_	_	_	_	_	linguistic	_	none	_	_	0x1,2x1	_	_	_
1707-7	PKP033	1707	1707	7	so	so	_	_	_	_	_	linguistic	_	none	_	_	_	_	_	_
1707-8	PKP033	1707	1707	8	gli	gli	_	_	_	_	_	linguistic	_	none	_	_	_	_	_	_
1707-9	PKP033	1707	1707	9	aggiornamenti	aggiornamenti	_	_	_	_	_	linguistic	_	none	_	_	_	_	_	_
1707-10	PKP033	1707	1707	10	vera[mente	veramente	_	_	_	_	_	linguistic	_	none	_	_	_	_	_	4-9(439)
1707-11	PKP033	1707	1707	11	sì]	sì	_	_	_	_	_	linguistic	_	none	_	End=2822.23	_	_	_	0-2(439)
1708-0	PKP037	1708	1708	0	[no:	no	_	_	_	_	_	linguistic	_	none	PauseAfter=Yes	Begin=2818.57	1x1	_	_	0-2(524)
1708-1	PKP037	1708	1708	1	{P}	{P}	_	_	_	_	_	shortpause	_	none	_	_	_	_	_	0-3(524)
1708-2	PKP037	1708	1708	2	no:]	no	_	_	_	_	_	linguistic	_	none	_	End=2821.07	1x1	_	_	0-2(524)
1709-0	PKP036	1709	1709	0	[non	non	_	_	_	_	_	linguistic	_	none	_	Begin=2819.83	_	_	_	0-3(524)
1709-1	PKP036	1709	1709	1	lavora	lavora	_	_	_	_	_	linguistic	_	none	_	_	_	_	_	0-6(524)
1709-2	PKP036	1709	1709	2	da]	da	_	_	_	_	_	linguistic	_	none	_	_	_	_	_	0-2(524)
1709-3	PKP036	1709	1709	3	{ride}	{ride}	_	_	_	_	_	nonverbalbehavior	_	none	_	End=2820.97	_	_	_	_
1710-0	PKP037	1710	1710	0	[io	io	_	_	_	_	_	linguistic	_	none	_	Begin=2821.5	_	_	_	0-2(439)
1710-1	PKP037	1710	1710	1	su	su	_	_	_	_	_	linguistic	_	none	_	_	_	_	_	0-2(439)
1710-2	PKP037	1710	1710	2	ques~]	ques~	_	_	_	_	_	linguistic	_	none	Interrupted=Yes	_	_	_	_	0-5(439)
1710-3	PKP037	1710	1710	3	xx	xx	_	_	_	_	_	unknown	_	none	Syllables=2	_	_	_	_	_
1710-4	PKP037	1710	1710	4	questo	questo	_	_	_	_	_	linguistic	_	none	_	_	_	_	_	_
1710-5	PKP037	1710	1710	5	weekend	weekend	_	_	_	_	_	linguistic	_	none	_	_	_	_	_	_
1710-6	PKP037	1710	1710	6	è	è	_	_	_	_	_	linguistic	_	none	_	_	_	_	_	_
1710-7	PKP037	1710	1710	7	l'	l'	_	_	_	_	_	linguistic	_	none	SpaceAfter=No	_	_	_	_	_
1710-8	PKP037	1710	1710	8	ultimo	ultimo	_	_	_	_	_	linguistic	_	none	_	_	_	_	_	_
1710-9	PKP037	1710	1710	9	che	che	_	_	_	_	_	linguistic	_	none	_	_	_	_	_	_
1710-10	PKP037	1710	1710	10	è	è	_	_	_	_	_	linguistic	_	none	_	_	_	_	_	_
1710-11	PKP037	1710	1710	11	da	da	_	_	_	_	_	linguistic	_	none	_	_	_	_	_	_
1710-12	PKP037	1710	1710	12	disoccupato	disoccupato	_	_	_	_	_	linguistic	_	none	_	End=2825.63	_	_	_	_
1711-0	PKP033	1711	1711	0	[e]?	e	_	_	_	_	_	linguistic	_	none	Intonation=Rising	Begin=2826.81|End=2827.2	_	_	_	0-1(440)
1712-0	PKP037	1712	1712	0	[perché]	perché	_	_	_	_	_	linguistic	_	none	_	Begin=2826.819	_	_	_	0-6(440)
1712-1	PKP037	1712	1712	1	il	il	_	_	_	_	_	linguistic	_	none	_	_	_	_	_	_
1712-2	PKP037	1712	1712	2	con~	con~	_	_	_	_	_	linguistic	_	none	Interrupted=Yes	_	_	_	_	_
1712-3	PKP037	1712	1712	3	finirò	finirò	_	_	_	_	_	linguistic	_	none	_	_	_	_	_	_
1712-4	PKP037	1712	1712	4	il	il	_	_	_	_	_	linguistic	_	none	_	_	_	_	_	_
1712-5	PKP037	1712	1712	5	contratto	contratto	_	_	_	_	_	linguistic	_	none	_	_	_	_	_	_
1712-6	PKP037	1712	1712	6	in	in	_	_	_	_	_	linguistic	_	none	_	_	_	_	_	_
1712-7	PKP037	1712	1712	7	germania	germania	_	_	_	_	_	linguistic	_	none	PauseAfter=Yes	_	_	_	_	_
1712-8	PKP037	1712	1712	8	{P}	{P}	_	_	_	_	_	shortpause	_	none	_	_	_	_	_	_
1712-9	PKP037	1712	1712	9	il	il	_	_	_	_	_	linguistic	_	none	_	_	_	_	_	_
1712-10	PKP037	1712	1712	10	trentuno	trentuno	_	_	_	_	_	linguistic	_	none	_	End=2829.93	_	_	_	_
1713-0	PKP033	1713	1713	0	okay	okay	_	_	_	_	_	linguistic	_	none	_	Begin=2829.97|End=2830.48	_	_	_	_
1714-0	PKP037	1714	1714	0	da	da	_	_	_	_	_	linguistic	_	none	_	Begin=2830.88	_	_	_	_
1714-1	PKP037	1714	1714	1	lunedì	lunedì	_	_	_	_	_	linguistic	_	none	_	_	_	_	_	_
1714-2	PKP037	1714	1714	2	inizio	inizio	_	_	_	_	_	linguistic	_	none	_	_	_	_	_	_
1714-3	PKP037	1714	1714	3	a	a	_	_	_	_	_	linguistic	_	none	_	_	_	_	_	_
1714-4	PKP037	1714	1714	4	lavorare	lavorare	_	_	_	_	_	linguistic	_	none	_	_	_	_	_	_
1714-5	PKP037	1714	1714	5	come	come	_	_	_	_	_	linguistic	_	none	_	_	_	_	_	_
1714-6	PKP037	1714	1714	6	ricercatore	ricercatore	_	_	_	_	_	linguistic	_	none	_	_	_	_	_	_
1714-7	PKP037	1714	1714	7	a:	a	_	_	_	_	_	linguistic	_	none	_	_	0x1	_	_	_
1714-8	PKP037	1714	1714	8	l'	l'	_	_	_	_	_	linguistic	_	none	SpaceAfter=No	_	_	_	_	_
1714-9	PKP037	1714	1714	9	unibo	unibo	_	_	_	_	_	linguistic	_	none	_	End=2834.05	_	_	_	_
1715-0	PKP033	1715	1715	0	AH	ah	_	_	_	_	_	linguistic	_	none	Volume=high	Begin=2834.27|End=2834.97	_	_	_	_
1716-0	PKP033	1716	1716	0	no	no	_	_	_	_	_	linguistic	_	none	_	Begin=2835.17	_	_	_	_
1716-1	PKP033	1716	1716	1	vedi	vedi	_	_	_	_	_	linguistic	_	none	_	_	_	_	_	_
1716-2	PKP033	1716	1716	2	che:	che	_	_	_	_	_	linguistic	_	none	PauseAfter=Yes	_	2x1	_	_	_
1716-3	PKP033	1716	1716	3	{P}	{P}	_	_	_	_	_	shortpause	_	none	_	_	_	_	_	_
1716-4	PKP033	1716	1716	4	[questa	questa	_	_	_	_	_	linguistic	_	none	_	_	_	_	_	0-6(525)
1716-5	PKP033	1716	1716	5	non	non	_	_	_	_	_	linguistic	_	none	_	_	_	_	_	0-3(525)
1716-6	PKP033	1716	1716	6	la	la	_	_	_	_	_	linguistic	_	none	_	_	_	_	_	0-2(525)
1716-7	PKP033	1716	1716	7	so]	so	_	_	_	_	_	linguistic	_	none	_	End=2837.58	_	_	_	0-2(525)
1717-0	PKP037	1717	1717	0	[xxxx]x[xx]	xxxxxxx	_	_	_	_	_	unknown	_	none	Syllables=7	Begin=2835.83|End=2838.68	_	_	_	0-4(525),5-7(526)
1718-0	PKP036	1718	1718	0	[xxxxxxx]	xxxxxxx	_	_	_	_	_	unknown	_	none	Syllables=7	Begin=2835.88|End=2837.74	_	_	_	0-7(525)
1719-0	PKP036	1719	1719	0	[xxxxx]	xxxxx	_	_	_	_	_	unknown	_	none	Syllables=5	Begin=2837.87|End=2838.99	_	_	_	0-5(526)
1720-0	PKP033	1720	1720	0	[eh	eh	_	_	_	_	_	linguistic	_	none	_	Begin=2838.08	_	_	_	0-2(526)
1720-1	PKP033	1720	1720	1	no	no	_	_	_	_	_	linguistic	_	none	_	_	_	_	_	0-2(526)
1720-2	PKP033	1720	1720	2	infatti]	infatti	_	_	_	_	_	linguistic	_	none	_	End=2839.31	_	_	_	0-7(526)
1721-0	PKP036	1721	1721	0	è:	è	_	_	_	_	_	linguistic	_	none	_	Begin=2839.29	0x1	_	_	_
1721-1	PKP036	1721	1721	1	troppo	troppo	_	_	_	_	_	linguistic	_	none	_	_	_	_	_	_
1721-2	PKP036	1721	1721	2	tempo	tempo	_	_	_	_	_	linguistic	_	none	_	_	_	_	_	_
1721-3	PKP036	1721	1721	3	fa	fa	_	_	_	_	_	linguistic	_	none	_	End=2840.61	_	_	_	_
1722-0	PKP037	1722	1722	0	sì	sì	_	_	_	_	_	linguistic	_	none	_	Begin=2840.54	_	_	_	_
1722-1	PKP037	1722	1722	1	ho	ho	_	_	_	_	_	linguistic	_	none	_	_	_	_	_	_
1722-2	PKP037	1722	1722	2	trovato:	trovato	_	_	_	_	_	linguistic	_	none	_	_	6x1	_	_	_
1722-3	PKP037	1722	1722	3	un	un	_	_	_	_	_	linguistic	_	none	_	_	_	_	_	_
1722-4	PKP037	1722	1722	4	assegno	assegno	_	_	_	_	_	linguistic	_	none	_	_	_	_	_	_
1722-5	PKP037	1722	1722	5	di	di	_	_	_	_	_	linguistic	_	none	_	_	_	_	_	_
1722-6	PKP037	1722	1722	6	ricerca	ricerca	_	_	_	_	_	linguistic	_	none	_	_	_	_	_	_
1722-7	PKP037	1722	1722	7	per	per	_	_	_	_	_	linguistic	_	none	_	_	_	_	_	_
1722-8	PKP037	1722	1722	8	un	un	_	_	_	_	_	linguistic	_	none	_	_	_	_	_	_
1722-9	PKP037	1722	1722	9	an[no]	anno	_	_	_	_	_	linguistic	_	none	_	End=2842.92	_	_	_	2-4(443)
1723-0	PKP033	1723	1723	0	[ah]	ah	_	_	_	_	_	linguistic	_	none	_	Begin=2842.55	_	_	_	0-2(443)
1723-1	PKP033	1723	1723	1	okay	okay	_	_	_	_	_	linguistic	_	none	_	End=2843.37	_	_	_	_
1724-0	PKP037	1724	1724	0	[al	al	_	_	_	_	_	linguistic	_	none	_	Begin=2843.869	_	_	_	0-2(444)
1724-1	PKP037	1724	1724	1	al	al	_	_	_	_	_	linguistic	_	none	_	_	_	_	_	0-2(444)
1724-2	PKP037	1724	1724	2	fabit]	fabit	_	_	_	_	_	linguistic	_	none	_	_	_	_	_	0-5(444)
1724-3	PKP037	1724	1724	3	quindi:	quindi	_	_	_	_	_	linguistic	_	none	_	End=2845.78	5x1	_	_	_
1725-0	PKP033	1725	1725	0	[dov~	dov~	_	_	_	_	_	linguistic	_	none	Interrupted=Yes	Begin=2843.88	_	_	_	0-4(444)
1725-1	PKP033	1725	1725	1	al]?	al	_	_	_	_	_	linguistic	_	none	Intonation=Rising	End=2844.86	_	_	_	0-2(444)
1726-0	PKP037	1726	1726	0	almeno	almeno	_	_	_	_	_	linguistic	_	none	_	Begin=2846.43	_	_	_	_
1726-1	PKP037	1726	1726	1	fino	fino	_	_	_	_	_	linguistic	_	none	_	_	_	_	_	_
1726-2	PKP037	1726	1726	2	a	a	_	_	_	_	_	linguistic	_	none	_	_	_	_	_	_
1726-3	PKP037	1726	1726	3	settembre	settembre	_	_	_	_	_	linguistic	_	none	_	_	_	_	_	_
1726-4	PKP037	1726	1726	4	vado	vado	_	_	_	_	_	linguistic	_	none	_	End=2848.09	_	_	_	_
1727-0	PKP037	1727	1727	0	ad	ad	_	_	_	_	_	linguistic	_	none	_	Begin=2848.46	_	_	_	_
1727-1	PKP037	1727	1727	1	agraria	agraria	_	_	_	_	_	linguistic	_	none	_	End=2849.29	_	_	_	_
1728-0	PKP037	1728	1728	0	poi	poi	_	_	_	_	_	linguistic	_	none	_	Begin=2850.5	_	_	_	_
1728-1	PKP037	1728	1728	1	mi	mi	_	_	_	_	_	linguistic	_	none	_	_	_	_	_	_
1728-2	PKP037	1728	1728	2	sa	sa	_	_	_	_	_	linguistic	_	none	_	_	_	_	_	_
1728-3	PKP037	1728	1728	3	al	al	_	_	_	_	_	linguistic	_	none	_	_	_	_	_	_
1728-4	PKP037	1728	1728	4	navile	navile	_	_	_	_	_	linguistic	_	none	_	End=2851.4	_	_	_	_
1729-0	PKP033	1729	1729	0	okay	okay	_	_	_	_	_	linguistic	_	none	_	Begin=2852.12|End=2852.79	_	_	_	_
1730-0	PKP037	1730	1730	0	vabbè	vabbè	_	_	_	_	_	linguistic	_	none	_	Begin=2854.81	_	_	_	_
1730-1	PKP037	1730	1730	1	nel	nel	_	_	_	_	_	linguistic	_	none	_	_	_	_	_	_
1730-2	PKP037	1730	1730	2	frattempo	frattempo	_	_	_	_	_	linguistic	_	none	_	_	_	_	_	_
1730-3	PKP037	1730	1730	3	cercherò	cercherò	_	_	_	_	_	linguistic	_	none	PauseAfter=Yes	_	_	_	_	_
1730-4	PKP037	1730	1730	4	{P}	{P}	_	_	_	_	_	shortpause	_	none	_	_	_	_	_	_
1730-5	PKP037	1730	1730	5	lavoro	lavoro	_	_	_	_	_	linguistic	_	none	PauseAfter=Yes	_	_	_	_	_
1730-6	PKP037	1730	1730	6	{P}	{P}	_	_	_	_	_	shortpause	_	none	_	_	_	_	_	_
1730-7	PKP037	1730	1730	7	perché	perché	_	_	_	_	_	linguistic	_	none	_	End=2857.12	_	_	_	_
1731-0	PKP037	1731	1731	0	dodici	dodici	_	_	_	_	_	linguistic	_	none	_	Begin=2857.77	_	_	_	_
1731-1	PKP037	1731	1731	1	mesi	mesi	_	_	_	_	_	linguistic	_	none	PauseAfter=Yes	_	_	_	_	_
1731-2	PKP037	1731	1731	2	{P}	{P}	_	_	_	_	_	shortpause	_	none	_	_	_	_	_	_
1731-3	PKP037	1731	1731	3	e	e	_	_	_	_	_	linguistic	_	none	_	_	_	_	_	_
1731-4	PKP037	1731	1731	4	bas[ta]	basta	_	_	_	_	_	linguistic	_	none	_	End=2858.94	_	_	_	3-5(445)
1732-0	PKP033	1732	1732	0	[no]	no	_	_	_	_	_	linguistic	_	none	_	Begin=2858.72	_	_	_	0-2(445)
1732-1	PKP033	1732	1732	1	certo	certo	_	_	_	_	_	linguistic	_	none	_	_	_	_	_	_
1732-2	PKP033	1732	1732	2	sì	sì	_	_	_	_	_	linguistic	_	none	_	_	_	_	_	_
1732-3	PKP033	1732	1732	3	sì	sì	_	_	_	_	_	linguistic	_	none	_	End=2859.72	_	_	_	_
1733-0	PKP037	1733	1733	0	nel	nel	_	_	_	_	_	linguistic	_	none	_	Begin=2860.0	_	_	_	_
1733-1	PKP037	1733	1733	1	frattempo	frattempo	_	_	_	_	_	linguistic	_	none	_	_	_	_	_	_
1733-2	PKP037	1733	1733	2	ancora	ancora	_	_	_	_	_	linguistic	_	none	_	_	_	_	_	_
1733-3	PKP037	1733	1733	3	non	non	_	_	_	_	_	linguistic	_	none	_	_	_	_	_	_
1733-4	PKP037	1733	1733	4	ho	ho	_	_	_	_	_	linguistic	_	none	_	_	_	_	_	_
1733-5	PKP037	1733	1733	5	scritto	scritto	_	_	_	_	_	linguistic	_	none	_	_	_	_	_	_
1733-6	PKP037	1733	1733	6	la	la	_	_	_	_	_	linguistic	_	none	_	_	_	_	_	_
1733-7	PKP037	1733	1733	7	tesi	tesi	_	_	_	_	_	linguistic	_	none	_	End=2861.78	_	_	_	_
1734-0	PKP033	1734	1734	0	quindi?	quindi	_	_	_	_	_	linguistic	_	none	Intonation=Rising	Begin=2862.02|End=2862.58	_	_	_	_
1735-0	PKP037	1735	1735	0	che:	che	_	_	_	_	_	linguistic	_	none	_	Begin=2863.58	2x1	_	_	_
1735-1	PKP037	1735	1735	1	quindi	quindi	_	_	_	_	_	linguistic	_	none	_	_	_	_	_	_
1735-2	PKP037	1735	1735	2	la	la	_	_	_	_	_	linguistic	_	none	_	_	_	_	_	_
1735-3	PKP037	1735	1735	3	sto	sto	_	_	_	_	_	linguistic	_	none	_	_	_	_	_	_
1735-4	PKP037	1735	1735	4	scrivendo	scrivendo	_	_	_	_	_	linguistic	_	none	_	End=2865.28	_	_	_	_
1736-0	PKP036	1736	1736	0	{ride}	{ride}	_	_	_	_	_	nonverbalbehavior	_	none	_	Begin=2865.17|End=2866.52	_	_	_	_
1737-0	PKP037	1737	1737	0	{ride}	{ride}	_	_	_	_	_	nonverbalbehavior	_	none	_	Begin=2865.38|End=2866.53	_	_	_	_
1738-0	PKP036	1738	1738	0	sì	sì	_	_	_	_	_	linguistic	_	none	_	Begin=2866.56	_	_	_	_
1738-1	PKP036	1738	1738	1	infatti	infatti	_	_	_	_	_	linguistic	_	none	_	_	_	_	_	_
1738-2	PKP036	1738	1738	2	oggi	oggi	_	_	_	_	_	linguistic	_	none	_	_	_	_	_	_
1738-3	PKP036	1738	1738	3	dove[va	doveva	_	_	_	_	_	linguistic	_	none	_	_	_	_	_	4-6(446)
1738-4	PKP036	1738	1738	4	scrivere	scrivere	_	_	_	_	_	linguistic	_	none	_	_	_	_	_	0-8(446)
1738-5	PKP036	1738	1738	5	la	la	_	_	_	_	_	linguistic	_	none	_	_	_	_	_	0-2(446)
1738-6	PKP036	1738	1738	6	tesi	tesi	_	_	_	_	_	linguistic	_	none	_	_	_	_	_	0-4(446)
1738-7	PKP036	1738	1738	7	e	e	_	_	_	_	_	linguistic	_	none	_	_	_	_	_	0-1(446)
1738-8	PKP036	1738	1738	8	ha	ha	_	_	_	_	_	linguistic	_	none	_	_	_	_	_	0-2(446)
1738-9	PKP036	1738	1738	9	pulito	pulito	_	_	_	_	_	linguistic	_	none	_	_	_	_	_	0-6(446)
1738-10	PKP036	1738	1738	10	casa]	casa	_	_	_	_	_	linguistic	_	none	_	End=2869.23	_	_	_	0-4(446)
1739-0	PKP037	1739	1739	0	[c(io)è	cioè	_	_	_	_	_	linguistic	_	none	_	Begin=2867.649	_	_	1-3(0)	0-4(446)
1739-1	PKP037	1739	1739	1	ho	ho	_	_	_	_	_	linguistic	_	none	_	_	_	_	_	0-2(446)
1739-2	PKP037	1739	1739	2	scritto	scritto	_	_	_	_	_	linguistic	_	none	PauseAfter=Yes	_	_	_	_	0-7(446)
1739-3	PKP037	1739	1739	3	{P}	{P}	_	_	_	_	_	shortpause	_	none	_	_	_	_	_	0-3(446)
1739-4	PKP037	1739	1739	4	(no	no	_	_	_	_	_	linguistic	_	none	_	_	_	_	0-2(1)	0-2(446)
1739-5	PKP037	1739	1739	5	l'	l'	_	_	_	_	_	linguistic	_	none	SpaceAfter=No	_	_	_	0-2(1)	0-2(446)
1739-6	PKP037	1739	1739	6	ho	ho	_	_	_	_	_	linguistic	_	none	_	_	_	_	0-2(1)	0-2(446)
1739-7	PKP037	1739	1739	7	scritta)	scritta	_	_	_	_	_	linguistic	_	none	_	_	_	_	0-7(1)	0-7(446)
1739-8	PKP037	1739	1739	8	la]	la	_	_	_	_	_	linguistic	_	none	_	_	_	_	_	0-2(446)
1739-9	PKP037	1739	1739	9	settimana	settimana	_	_	_	_	_	linguistic	_	none	_	_	_	_	_	_
1739-10	PKP037	1739	1739	10	scorsa	scorsa	_	_	_	_	_	linguistic	_	none	_	_	_	_	_	_
1739-11	PKP037	1739	1739	11	l'	l'	_	_	_	_	_	linguistic	_	none	SpaceAfter=No	_	_	_	_	_
1739-12	PKP037	1739	1739	12	ho	ho	_	_	_	_	_	linguistic	_	none	_	_	_	_	_	_
1739-13	PKP037	1739	1739	13	scritta	scritta	_	_	_	_	_	linguistic	_	none	_	_	_	_	_	_
1739-14	PKP037	1739	1739	14	poi	poi	_	_	_	_	_	linguistic	_	none	_	_	_	_	_	_
1739-15	PKP037	1739	1739	15	la	la	_	_	_	_	_	linguistic	_	none	_	_	_	_	_	_
1739-16	PKP037	1739	1739	16	prima	prima	_	_	_	_	_	linguistic	_	none	_	_	_	_	_	_
1739-17	PKP037	1739	1739	17	divisione	divisione	_	_	_	_	_	linguistic	_	none	_	_	_	_	_	_
1739-18	PKP037	1739	1739	18	a	a	_	_	_	_	_	linguistic	_	none	_	_	_	_	_	_
1739-19	PKP037	1739	1739	19	quanto	quanto	_	_	_	_	_	linguistic	_	none	_	_	_	_	_	_
1739-20	PKP037	1739	1739	20	pare	pare	_	_	_	_	_	linguistic	_	none	_	_	_	_	_	_
1739-21	PKP037	1739	1739	21	l'	l'	_	_	_	_	_	linguistic	_	none	SpaceAfter=No	_	_	_	_	_
1739-22	PKP037	1739	1739	22	avevo	avevo	_	_	_	_	_	linguistic	_	none	_	_	_	_	_	_
1739-23	PKP037	1739	1739	23	scritta	scritta	_	_	_	_	_	linguistic	_	none	_	_	_	_	_	_
1739-24	PKP037	1739	1739	24	in	in	_	_	_	_	_	linguistic	_	none	_	_	_	_	_	_
1739-25	PKP037	1739	1739	25	maniera	maniera	_	_	_	_	_	linguistic	_	none	_	_	_	_	_	_
1739-26	PKP037	1739	1739	26	sbagliata	sbagliata	_	_	_	_	_	linguistic	_	none	_	End=2873.65	_	_	_	_
1740-0	PKP036	1740	1740	0	mh	mh	_	_	_	_	_	linguistic	_	none	_	Begin=2873.67|End=2874.12	_	_	_	_
1741-0	PKP037	1741	1741	0	quindi	quindi	_	_	_	_	_	linguistic	_	none	_	Begin=2875.58	_	_	_	_
1741-1	PKP037	1741	1741	1	la	la	_	_	_	_	_	linguistic	_	none	_	_	_	_	_	_
1741-2	PKP037	1741	1741	2	sto	sto	_	_	_	_	_	linguistic	_	none	_	_	_	_	_	_
1741-3	PKP037	1741	1741	3	riscrivendo	riscrivendo	_	_	_	_	_	linguistic	_	none	_	End=2876.74	_	_	_	_
1742-0	PKP037	1742	1742	0	e:	e	_	_	_	_	_	linguistic	_	none	_	Begin=2876.94	0x1	_	_	_
1742-1	PKP037	1742	1742	1	la	la	_	_	_	_	_	linguistic	_	none	_	_	_	_	_	_
1742-2	PKP037	1742	1742	2	discuterò	discuterò	_	_	_	_	_	linguistic	_	none	PauseAfter=Yes	_	_	_	_	_
1742-3	PKP037	1742	1742	3	{P}	{P}	_	_	_	_	_	shortpause	_	none	_	_	_	_	_	_
1742-4	PKP037	1742	1742	4	tra	tra	_	_	_	_	_	linguistic	_	none	_	_	_	_	_	_
1742-5	PKP037	1742	1742	5	un	un	_	_	_	_	_	linguistic	_	none	_	_	_	_	_	_
1742-6	PKP037	1742	1742	6	paio	paio	_	_	_	_	_	linguistic	_	none	_	_	_	_	_	_
1742-7	PKP037	1742	1742	7	di	di	_	_	_	_	_	linguistic	_	none	_	_	_	_	_	_
1742-8	PKP037	1742	1742	8	mesi	mesi	_	_	_	_	_	linguistic	_	none	_	End=2879.98	_	_	_	_
1743-0	PKP033	1743	1743	0	okay	okay	_	_	_	_	_	linguistic	_	none	_	Begin=2880.04|End=2880.7	_	_	_	_
1744-0	PKP036	1744	1744	0	mh	mh	_	_	_	_	_	linguistic	_	none	_	Begin=2880.98|End=2881.55	_	_	_	_
1745-0	PKP036	1745	1745	0	ma	ma	_	_	_	_	_	linguistic	_	none	_	Begin=2881.62	_	_	_	_
1745-1	PKP036	1745	1745	1	c'	c'	_	_	_	_	_	linguistic	_	none	SpaceAfter=No	_	_	_	_	_
1745-2	PKP036	1745	1745	2	è	è	_	_	_	_	_	linguistic	_	none	_	_	_	_	_	_
1745-3	PKP036	1745	1745	3	una:	una	_	_	_	_	_	linguistic	_	none	PauseAfter=Yes	_	2x1	_	_	_
1745-4	PKP036	1745	1745	4	{P}	{P}	_	_	_	_	_	shortpause	_	none	_	_	_	_	_	_
1745-5	PKP036	1745	1745	5	scadenza?	scadenza	_	_	_	_	_	linguistic	_	none	Intonation=Rising	End=2884.03	_	_	_	_
1746-0	PKP036	1746	1746	0	per	per	_	_	_	_	_	linguistic	_	none	_	Begin=2884.54	_	_	_	_
1746-1	PKP036	1746	1746	1	quando	quando	_	_	_	_	_	linguistic	_	none	_	_	_	_	_	_
1746-2	PKP036	1746	1746	2	devi	devi	_	_	_	_	_	linguistic	_	none	_	_	_	_	_	_
1746-3	PKP036	1746	1746	3	discutere?	discutere	_	_	_	_	_	linguistic	_	none	Intonation=Rising|PauseAfter=Yes	_	_	_	_	_
1746-4	PKP036	1746	1746	4	{P}	{P}	_	_	_	_	_	shortpause	_	none	_	_	_	_	_	_
1746-5	PKP036	1746	1746	5	[no]	no	_	_	_	_	_	linguistic	_	none	_	End=2886.11	_	_	_	0-2(447)
1747-0	PKP037	1747	1747	0	[m:]	m	_	_	_	_	_	linguistic	_	none	_	Begin=2885.84	0x1	_	_	0-1(447)
1747-1	PKP037	1747	1747	1	no	no	_	_	_	_	_	linguistic	_	none	_	End=2886.41	_	_	_	_
1748-0	PKP037	1748	1748	0	ma	ma	_	_	_	_	_	linguistic	_	none	_	Begin=2887.29	_	_	_	_
1748-1	PKP037	1748	1748	1	infatti:	infatti	_	_	_	_	_	linguistic	_	none	_	_	6x1	_	_	_
1748-2	PKP037	1748	1748	2	i	i	_	_	_	_	_	linguistic	_	none	_	_	_	_	_	_
1748-3	PKP037	1748	1748	3	tedeschi	tedeschi	_	_	_	_	_	linguistic	_	none	_	_	_	_	_	_
1748-4	PKP037	1748	1748	4	so'	so'	_	_	_	_	_	linguistic	_	none	Truncated=Yes	_	_	_	_	_
1748-5	PKP037	1748	1748	5	strani	strani	_	_	_	_	_	linguistic	_	none	_	End=2888.91	_	_	_	_
1749-0	PKP037	1749	1749	0	però	però	_	_	_	_	_	linguistic	_	none	_	Begin=2889.52	_	_	_	_
1749-1	PKP037	1749	1749	1	penso	penso	_	_	_	_	_	linguistic	_	none	_	_	_	_	_	_
1749-2	PKP037	1749	1749	2	che	che	_	_	_	_	_	linguistic	_	none	_	_	_	_	_	_
1749-3	PKP037	1749	1749	3	finché	finché	_	_	_	_	_	linguistic	_	none	_	_	_	_	_	_
1749-4	PKP037	1749	1749	4	non	non	_	_	_	_	_	linguistic	_	none	_	_	_	_	_	_
1749-5	PKP037	1749	1749	5	la	la	_	_	_	_	_	linguistic	_	none	_	_	_	_	_	_
1749-6	PKP037	1749	1749	6	discuto	discuto	_	_	_	_	_	linguistic	_	none	_	_	_	_	_	_
1749-7	PKP037	1749	1749	7	de~	de~	_	_	_	_	_	linguistic	_	none	Interrupted=Yes	_	_	_	_	_
1749-8	PKP037	1749	1749	8	dovrò	dovrò	_	_	_	_	_	linguistic	_	none	_	_	_	_	_	_
1749-9	PKP037	1749	1749	9	pagare:	pagare	_	_	_	_	_	linguistic	_	none	_	_	5x1	_	_	_
1749-10	PKP037	1749	1749	10	l'	l'	_	_	_	_	_	linguistic	_	none	SpaceAfter=No	_	_	_	_	_
1749-11	PKP037	1749	1749	11	iscrizione	iscrizione	_	_	_	_	_	linguistic	_	none	_	_	_	_	_	_
1749-12	PKP037	1749	1749	12	all'	all'	_	_	_	_	_	linguistic	_	none	SpaceAfter=No	_	_	_	_	_
1749-13	PKP037	1749	1749	13	università	università	_	_	_	_	_	linguistic	_	none	_	End=2893.4	_	_	_	_
1750-0	PKP037	1750	1750	0	quin[di	quindi	_	_	_	_	_	linguistic	_	none	_	Begin=2894.36	_	_	_	4-6(448)
1750-1	PKP037	1750	1750	1	son(o)	sono	_	_	_	_	_	linguistic	_	none	_	_	_	_	3-4(0)	0-4(448)
1750-2	PKP037	1750	1750	2	trece]nto	trecento	_	_	_	_	_	linguistic	_	none	_	_	_	_	_	0-5(448)
1750-3	PKP037	1750	1750	3	euro	euro	_	_	_	_	_	linguistic	_	none	_	_	_	_	_	_
1750-4	PKP037	1750	1750	4	ogni	ogni	_	_	_	_	_	linguistic	_	none	_	_	_	_	_	_
1750-5	PKP037	1750	1750	5	sei	sei	_	_	_	_	_	linguistic	_	none	_	_	_	_	_	_
1750-6	PKP037	1750	1750	6	mesi	mesi	_	_	_	_	_	linguistic	_	none	_	End=2896.07	_	_	_	_
1751-0	PKP036	1751	1751	0	[ah	ah	_	_	_	_	_	linguistic	_	none	_	Begin=2894.47	_	_	_	0-2(448)
1751-1	PKP036	1751	1751	1	vabbè]	vabbè	_	_	_	_	_	linguistic	_	none	_	End=2895.04	_	_	_	0-5(448)
1752-0	PKP037	1752	1752	0	evitiamo	evitiamo	_	_	_	_	_	linguistic	_	none	_	Begin=2896.1|End=2896.69	_	_	_	_
1753-0	PKP033	1753	1753	0	sì	sì	_	_	_	_	_	linguistic	_	none	PauseAfter=Yes	Begin=2897.31	_	_	_	_
1753-1	PKP033	1753	1753	1	{P}	{P}	_	_	_	_	_	shortpause	_	none	_	_	_	_	_	_
1753-2	PKP033	1753	1753	2	non	non	_	_	_	_	_	linguistic	_	none	_	_	_	_	_	_
1753-3	PKP033	1753	1753	3	è	è	_	_	_	_	_	linguistic	_	none	_	_	_	_	_	_
1753-4	PKP033	1753	1753	4	pochissimo	pochissimo	_	_	_	_	_	linguistic	_	none	_	End=2898.47	_	_	_	_
1754-0	PKP036	1754	1754	0	e	e	_	_	_	_	_	linguistic	_	none	_	Begin=2899.02	_	_	_	_
1754-1	PKP036	1754	1754	1	quando	quando	_	_	_	_	_	linguistic	_	none	_	_	_	_	_	_
1754-2	PKP036	1754	1754	2	scadono	scadono	_	_	_	_	_	linguistic	_	none	_	_	_	_	_	_
1754-3	PKP036	1754	1754	3	questi	questi	_	_	_	_	_	linguistic	_	none	_	_	_	_	_	_
1754-4	PKP036	1754	1754	4	sei	sei	_	_	_	_	_	linguistic	_	none	_	_	_	_	_	_
1754-5	PKP036	1754	1754	5	mesi	mesi	_	_	_	_	_	linguistic	_	none	_	End=2900.42	_	_	_	_
1755-0	PKP037	1755	1755	0	eh	eh	_	_	_	_	_	linguistic	_	none	_	Begin=2901.35	_	_	_	_
1755-1	PKP037	1755	1755	1	mo	mo	_	_	_	_	_	linguistic	_	none	_	_	_	_	_	_
1755-2	PKP037	1755	1755	2	le	le	_	_	_	_	_	linguistic	_	none	_	_	_	_	_	_
1755-3	PKP037	1755	1755	3	d~	d~	_	_	_	_	_	linguistic	_	none	Interrupted=Yes	_	_	_	_	_
1755-4	PKP037	1755	1755	4	e:	e	_	_	_	_	_	linguistic	_	none	_	_	0x1	_	_	_
1755-5	PKP037	1755	1755	5	mo	mo	_	_	_	_	_	linguistic	_	none	_	_	_	_	_	_
1755-6	PKP037	1755	1755	6	devo:	devo	_	_	_	_	_	linguistic	_	none	_	_	3x1	_	_	_
1755-7	PKP037	1755	1755	7	pagare:	pagare	_	_	_	_	_	linguistic	_	none	_	_	5x1	_	_	_
1755-8	PKP037	1755	1755	8	tre	tre	_	_	_	_	_	linguistic	_	none	_	_	_	_	_	_
1755-9	PKP037	1755	1755	9	e:	e	_	_	_	_	_	linguistic	_	none	_	_	0x1	_	_	_
1755-10	PKP037	1755	1755	10	il	il	_	_	_	_	_	linguistic	_	none	_	_	_	_	_	_
1755-11	PKP037	1755	1755	11	semestre	semestre	_	_	_	_	_	linguistic	_	none	_	_	_	_	_	_
1755-12	PKP037	1755	1755	12	fino	fino	_	_	_	_	_	linguistic	_	none	_	_	_	_	_	_
1755-13	PKP037	1755	1755	13	a	a	_	_	_	_	_	linguistic	_	none	_	_	_	_	_	_
1755-14	PKP037	1755	1755	14	settembre	settembre	_	_	_	_	_	linguistic	_	none	_	End=2905.63	_	_	_	_
1756-0	PKP037	1756	1756	0	°penso	penso	_	_	_	_	_	linguistic	_	none	Volume=low	Begin=2908.94	_	_	_	_
1756-1	PKP037	1756	1756	1	entro	entro	_	_	_	_	_	linguistic	_	none	Volume=low	_	_	_	_	_
1756-2	PKP037	1756	1756	2	marzo	marzo	_	_	_	_	_	linguistic	_	none	Volume=low	_	_	_	_	_
1756-3	PKP037	1756	1756	3	volevo	volevo	_	_	_	_	_	linguistic	_	none	Volume=low	_	_	_	_	_
1756-4	PKP037	1756	1756	4	pagare°	pagare	_	_	_	_	_	linguistic	_	none	Volume=low	End=2910.37	_	_	_	_
1757-0	PKP036	1757	1757	0	allora	allora	_	_	_	_	_	linguistic	_	none	_	Begin=2911.17	_	_	_	_
1757-1	PKP036	1757	1757	1	potevi	potevi	_	_	_	_	_	linguistic	_	none	_	_	_	_	_	_
1757-2	PKP036	1757	1757	2	fini'	fini'	_	_	_	_	_	linguistic	_	none	Truncated=Yes	_	_	_	_	_
1757-3	PKP036	1757	1757	3	prima	prima	_	_	_	_	_	linguistic	_	none	_	End=2912.13	_	_	_	_
1758-0	PKP036	1758	1758	0	{ride}	{ride}	_	_	_	_	_	nonverbalbehavior	_	none	_	Begin=2913.09|End=2916.08	_	_	_	_
1759-0	PKP037	1759	1759	0	e:	e	_	_	_	_	_	linguistic	_	none	_	Begin=2913.72	0x1	_	_	_
1759-1	PKP037	1759	1759	1	grazie	grazie	_	_	_	_	_	linguistic	_	none	_	_	_	_	_	_
1759-2	PKP037	1759	1759	2	al	al	_	_	_	_	_	linguistic	_	none	_	_	_	_	_	_
1759-3	PKP037	1759	1759	3	cazzo	cazzo	_	_	_	_	_	linguistic	_	none	_	_	_	_	_	_
1759-4	PKP037	1759	1759	4	{ride}	{ride}	_	_	_	_	_	nonverbalbehavior	_	none	_	End=2915.96	_	_	_	_
1760-0	PKP033	1760	1760	0	{ride}	{ride}	_	_	_	_	_	nonverbalbehavior	_	none	_	Begin=2914.85|End=2916.38	_	_	_	_
1761-0	PKP037	1761	1761	0	questa	questa	_	_	_	_	_	linguistic	_	none	_	Begin=2916.0	_	_	_	_
1761-1	PKP037	1761	1761	1	mettila	mettila	_	_	_	_	_	linguistic	_	none	_	_	_	_	_	_
1761-2	PKP037	1761	1761	2	a	a	_	_	_	_	_	linguistic	_	none	_	_	_	_	_	_
1761-3	PKP037	1761	1761	3	verbale	verbale	_	_	_	_	_	linguistic	_	none	_	End=2917.23	_	_	_	_
1762-0	PKP033	1762	1762	0	{ride}	{ride}	_	_	_	_	_	nonverbalbehavior	_	none	_	Begin=2917.26|End=2918.16	_	_	_	_
1763-0	PKP036	1763	1763	0	{ride}	{ride}	_	_	_	_	_	nonverbalbehavior	_	none	_	Begin=2917.29|End=2918.12	_	_	_	_
1764-0	PKP037	1764	1764	0	{ride}	{ride}	_	_	_	_	_	nonverbalbehavior	_	none	_	Begin=2917.91|End=2918.95	_	_	_	_
1765-0	PKP036	1765	1765	0	{ride}	{ride}	_	_	_	_	_	nonverbalbehavior	_	none	_	Begin=2918.27|End=2920.25	_	_	_	_
1766-0	PKP033	1766	1766	0	sì	sì	_	_	_	_	_	linguistic	_	none	_	Begin=2918.3	_	_	_	_
1766-1	PKP033	1766	1766	1	sì	sì	_	_	_	_	_	linguistic	_	none	_	End=2918.95	_	_	_	_
1767-0	PKP037	1767	1767	0	{ride}	{ride}	_	_	_	_	_	nonverbalbehavior	_	none	_	Begin=2919.02|End=2920.21	_	_	_	_
1768-0	PKP036	1768	1768	0	(x[xx)]	xxx	_	_	_	_	_	unknown	_	none	Syllables=3	Begin=2920.36|End=2921.22	_	_	0-3(0)	1-3(449)
1769-0	PKP033	1769	1769	0	[tra	tra	_	_	_	_	_	linguistic	_	none	_	Begin=2920.54	_	_	_	0-3(449)
1769-1	PKP033	1769	1769	1	un	un	_	_	_	_	_	linguistic	_	none	_	_	_	_	_	0-2(449)
1769-2	PKP033	1769	1769	2	po'	po'	_	_	_	_	_	linguistic	_	none	_	_	_	_	_	0-3(449)
1769-3	PKP033	1769	1769	3	spen]go	spengo	_	_	_	_	_	linguistic	_	none	_	_	_	_	_	0-4(449)
1769-4	PKP033	1769	1769	4	perché	perché	_	_	_	_	_	linguistic	_	none	_	_	_	_	_	_
1769-5	PKP033	1769	1769	5	se	se	_	_	_	_	_	linguistic	_	none	_	_	_	_	_	_
1769-6	PKP033	1769	1769	6	no	no	_	_	_	_	_	linguistic	_	none	_	_	_	_	_	_
1769-7	PKP033	1769	1769	7	diventa	diventa	_	_	_	_	_	linguistic	_	none	_	_	_	_	_	_
1769-8	PKP033	1769	1769	8	ingestibile	ingestibile	_	_	_	_	_	linguistic	_	none	_	End=2923.16	_	_	_	_
1770-0	PKP037	1770	1770	0	{ride}	{ride}	_	_	_	_	_	nonverbalbehavior	_	none	_	Begin=2921.31|End=2923.77	_	_	_	_
1771-0	PKP033	1771	1771	0	se	se	_	_	_	_	_	linguistic	_	none	_	Begin=2923.89	_	_	_	_
1771-1	PKP033	1771	1771	1	è	è	_	_	_	_	_	linguistic	_	none	_	_	_	_	_	_
1771-2	PKP033	1771	1771	2	troppo	troppo	_	_	_	_	_	linguistic	_	none	_	_	_	_	_	_
1771-3	PKP033	1771	1771	3	lunga	lunga	_	_	_	_	_	linguistic	_	none	_	End=2924.81	_	_	_	_
1772-0	PKP037	1772	1772	0	e	e	_	_	_	_	_	linguistic	_	none	_	Begin=2924.87	_	_	_	_
1772-1	PKP037	1772	1772	1	vabbè	vabbè	_	_	_	_	_	linguistic	_	none	_	_	_	_	_	_
1772-2	PKP037	1772	1772	2	ma	ma	_	_	_	_	_	linguistic	_	none	_	_	_	_	_	_
1772-3	PKP037	1772	1772	3	ci	ci	_	_	_	_	_	linguistic	_	none	_	_	_	_	_	_
1772-4	PKP037	1772	1772	4	s[pieghi]?	spieghi	_	_	_	_	_	linguistic	_	none	Intonation=Rising	End=2926.08	_	_	_	1-7(450)
1773-0	PKP036	1773	1773	0	[ma	ma	_	_	_	_	_	linguistic	_	none	_	Begin=2925.66	_	_	_	0-2(450)
1773-1	PKP036	1773	1773	1	poi	poi	_	_	_	_	_	linguistic	_	none	_	_	_	_	_	0-3(450)
1773-2	PKP036	1773	1773	2	devi]	devi	_	_	_	_	_	linguistic	_	none	_	_	_	_	_	0-4(450)
1773-3	PKP036	1773	1773	3	risentire?	risentire	_	_	_	_	_	linguistic	_	none	Intonation=Rising	End=2926.74	_	_	_	_
1774-0	PKP033	1774	1774	0	no	no	_	_	_	_	_	linguistic	_	none	_	Begin=2927.17	_	_	_	_
1774-1	PKP033	1774	1774	1	e:	e	_	_	_	_	_	linguistic	_	none	_	_	0x1	_	_	_
1774-2	PKP033	1774	1774	2	adesso	adesso	_	_	_	_	_	linguistic	_	none	_	_	_	_	_	_
1774-3	PKP033	1774	1774	3	d~	d~	_	_	_	_	_	linguistic	_	none	Interrupted=Yes	_	_	_	_	_
1774-4	PKP033	1774	1774	4	anzi	anzi	_	_	_	_	_	linguistic	_	none	_	_	_	_	_	_
1774-5	PKP033	1774	1774	5	facciamo	facciamo	_	_	_	_	_	linguistic	_	none	_	_	_	_	_	_
1774-6	PKP033	1774	1774	6	così	così	_	_	_	_	_	linguistic	_	none	_	_	_	_	_	_
1774-7	PKP033	1774	1774	7	adesso:	adesso	_	_	_	_	_	linguistic	_	none	_	End=2930.55	5x1	_	_	_
1775-0	PKP033	1775	1775	0	datemi	datemi	_	_	_	_	_	linguistic	_	none	_	Begin=2930.77	_	_	_	_
1775-1	PKP033	1775	1775	1	gli	gli	_	_	_	_	_	linguistic	_	none	_	_	_	_	_	_
1775-2	PKP033	1775	1775	2	aggiornamenti	aggiornamenti	_	_	_	_	_	linguistic	_	none	_	_	_	_	_	_
1775-3	PKP033	1775	1775	3	ultimi	ultimi	_	_	_	_	_	linguistic	_	none	_	_	_	_	_	_
1775-4	PKP033	1775	1775	4	[ma	ma	_	_	_	_	_	linguistic	_	none	PauseAfter=Yes	_	_	_	_	0-2(451)
1775-5	PKP033	1775	1775	5	{P}	{P}	_	_	_	_	_	shortpause	_	none	_	_	_	_	_	0-3(451)
1775-6	PKP033	1775	1775	6	cos'	cos'	_	_	_	_	_	linguistic	_	none	SpaceAfter=No	_	_	_	_	0-4(451)
1775-7	PKP033	1775	1775	7	è]	è	_	_	_	_	_	linguistic	_	none	_	_	_	_	_	0-1(451)
1775-8	PKP033	1775	1775	8	il	il	_	_	_	_	_	linguistic	_	none	_	_	_	_	_	_
1775-9	PKP033	1775	1775	9	progetto?	progetto	_	_	_	_	_	linguistic	_	none	Intonation=Rising	End=2933.91	_	_	_	_
1776-0	PKP036	1776	1776	0	[okay]	okay	_	_	_	_	_	linguistic	_	none	_	Begin=2932.46|End=2933.12	_	_	_	0-4(451)
1777-0	PKP033	1777	1777	0	dell'	dell'	_	_	_	_	_	linguistic	_	none	SpaceAfter=No	Begin=2934.01	_	_	_	_
1777-1	PKP033	1777	1777	1	assegno	assegno	_	_	_	_	_	linguistic	_	none	_	_	_	_	_	_
1777-2	PKP033	1777	1777	2	un	un	_	_	_	_	_	linguistic	_	none	_	_	_	_	_	_
1777-3	PKP033	1777	1777	3	prin?	prin	_	_	_	_	_	linguistic	_	none	Intonation=Rising|PauseAfter=Yes	_	_	_	_	_
1777-4	PKP033	1777	1777	4	{P}	{P}	_	_	_	_	_	shortpause	_	none	_	_	_	_	_	_
1777-5	PKP033	1777	1777	5	no	no	_	_	_	_	_	linguistic	_	none	_	End=2935.51	_	_	_	_
1778-0	PKP037	1778	1778	0	[xxx]	xxx	_	_	_	_	_	unknown	_	none	Syllables=3	Begin=2937.019|End=2937.59	_	_	_	0-3(452)
1779-0	PKP033	1779	1779	0	[xx]	xx	_	_	_	_	_	unknown	_	none	Syllables=2	Begin=2937.03|End=2937.55	_	_	_	0-2(452)
1780-0	PKP033	1780	1780	0	non	non	_	_	_	_	_	linguistic	_	none	_	Begin=2938.089	_	_	_	_
1780-1	PKP033	1780	1780	1	lo	lo	_	_	_	_	_	linguistic	_	none	_	_	_	_	_	_
1780-2	PKP033	1780	1780	2	sai	sai	_	_	_	_	_	linguistic	_	none	_	End=2938.499	_	_	_	_
1781-0	PKP037	1781	1781	0	no	no	_	_	_	_	_	linguistic	_	none	_	Begin=2938.52	_	_	_	_
1781-1	PKP037	1781	1781	1	non	non	_	_	_	_	_	linguistic	_	none	_	_	_	_	_	_
1781-2	PKP037	1781	1781	2	xx	xx	_	_	_	_	_	unknown	_	none	Syllables=2	_	_	_	_	_
1781-3	PKP037	1781	1781	3	non:	non	_	_	_	_	_	linguistic	_	none	_	_	2x1	_	_	_
1781-4	PKP037	1781	1781	4	{ride}	{ride}	_	_	_	_	_	nonverbalbehavior	_	none	_	End=2940.01	_	_	_	_
1782-0	PKP033	1782	1782	0	c(io)è	cioè	_	_	_	_	_	linguistic	_	none	_	Begin=2940.48	_	_	1-3(0)	_
1782-1	PKP033	1782	1782	1	da	da	_	_	_	_	_	linguistic	_	none	_	_	_	_	_	_
1782-2	PKP033	1782	1782	2	dove	dove	_	_	_	_	_	linguistic	_	none	_	_	_	_	_	_
1782-3	PKP033	1782	1782	3	arrivano	arrivano	_	_	_	_	_	linguistic	_	none	_	_	_	_	_	_
1782-4	PKP033	1782	1782	4	i	i	_	_	_	_	_	linguistic	_	none	_	_	_	_	_	_
1782-5	PKP033	1782	1782	5	soldi?	soldi	_	_	_	_	_	linguistic	_	none	Intonation=Rising	End=2941.77	_	_	_	_
1783-0	PKP037	1783	1783	0	sì	sì	_	_	_	_	_	linguistic	_	none	_	Begin=2941.81	_	_	_	_
1783-1	PKP037	1783	1783	1	dal	dal	_	_	_	_	_	linguistic	_	none	_	_	_	_	_	_
1783-2	PKP037	1783	1783	2	pnr[r]	pnrr	_	_	_	_	_	linguistic	_	none	_	End=2943.32	_	_	_	3-4(453)
1784-0	PKP033	1784	1784	0	[o]kay	okay	_	_	_	_	_	linguistic	_	none	_	Begin=2942.98	_	_	_	0-1(453)
1784-1	PKP033	1784	1784	1	ok~	ok~	_	_	_	_	_	linguistic	_	none	Interrupted=Yes	_	_	_	_	_
1784-2	PKP033	1784	1784	2	okay	okay	_	_	_	_	_	linguistic	_	none	_	_	_	_	_	_
1784-3	PKP033	1784	1784	3	(o)kay	okay	_	_	_	_	_	linguistic	_	none	_	End=2944.45	_	_	0-1(0)	_
1785-0	PKP033	1785	1785	0	giusto	giusto	_	_	_	_	_	linguistic	_	none	_	Begin=2945.18|End=2945.76	_	_	_	_
1786-0	PKP037	1786	1786	0	e:hm:	ehm	_	_	_	_	_	linguistic	_	none	_	Begin=2945.94|End=2946.87	0x1,2x1	_	_	_
1787-0	PKP037	1787	1787	0	sì	sì	_	_	_	_	_	linguistic	_	none	_	Begin=2947.27|End=2947.72	_	_	_	_
1788-0	PKP037	1788	1788	0	però	però	_	_	_	_	_	linguistic	_	none	_	Begin=2948.17	_	_	_	_
1788-1	PKP037	1788	1788	1	niente	niente	_	_	_	_	_	linguistic	_	none	_	_	_	_	_	_
1788-2	PKP037	1788	1788	2	è	è	_	_	_	_	_	linguistic	_	none	_	_	_	_	_	_
1788-3	PKP037	1788	1788	3	sull'	sull'	_	_	_	_	_	linguistic	_	none	SpaceAfter=No	_	_	_	_	_
1788-4	PKP037	1788	1788	4	autismo	autismo	_	_	_	_	_	linguistic	_	none	_	_	_	_	_	_
1788-5	PKP037	1788	1788	5	però	però	_	_	_	_	_	linguistic	_	none	_	_	_	_	_	_
1788-6	PKP037	1788	1788	6	devo	devo	_	_	_	_	_	linguistic	_	none	_	_	_	_	_	_
1788-7	PKP037	1788	1788	7	fare	fare	_	_	_	_	_	linguistic	_	none	_	_	_	_	_	_
1788-8	PKP037	1788	1788	8	le	le	_	_	_	_	_	linguistic	_	none	_	_	_	_	_	_
1788-9	PKP037	1788	1788	9	so~	so~	_	_	_	_	_	linguistic	_	none	Interrupted=Yes	_	_	_	_	_
1788-10	PKP037	1788	1788	10	solite	solite	_	_	_	_	_	linguistic	_	none	_	_	_	_	_	_
1788-11	PKP037	1788	1788	11	cose	cose	_	_	_	_	_	linguistic	_	none	_	_	_	_	_	_
1788-12	PKP037	1788	1788	12	che	che	_	_	_	_	_	linguistic	_	none	_	_	_	_	_	_
1788-13	PKP037	1788	1788	13	ho	ho	_	_	_	_	_	linguistic	_	none	_	_	_	_	_	_
1788-14	PKP037	1788	1788	14	sempre	sempre	_	_	_	_	_	linguistic	_	none	_	_	_	_	_	_
1788-15	PKP037	1788	1788	15	fatto	fatto	_	_	_	_	_	linguistic	_	none	_	End=2951.84	_	_	_	_
1789-0	PKP037	1789	1789	0	non	non	_	_	_	_	_	linguistic	_	none	_	Begin=2951.89	_	_	_	_
1789-1	PKP037	1789	1789	1	ho	ho	_	_	_	_	_	linguistic	_	none	_	_	_	_	_	_
1789-2	PKP037	1789	1789	2	un	un	_	_	_	_	_	linguistic	_	none	_	_	_	_	_	_
1789-3	PKP037	1789	1789	3	livel[lo:	livello	_	_	_	_	_	linguistic	_	none	_	_	6x1	_	_	5-7(454)
1789-4	PKP037	1789	1789	4	computazionale]	computazionale	_	_	_	_	_	linguistic	_	none	_	End=2953.2	_	_	_	0-14(454)
1790-0	PKP033	1790	1790	0	[eh	eh	_	_	_	_	_	linguistic	_	none	_	Begin=2952.41	_	_	_	0-2(454)
1790-1	PKP033	1790	1790	1	okay]	okay	_	_	_	_	_	linguistic	_	none	_	End=2953.11	_	_	_	0-4(454)
1791-0	PKP033	1791	1791	0	ah	ah	_	_	_	_	_	linguistic	_	none	_	Begin=2953.5	_	_	_	_
1791-1	PKP033	1791	1791	1	okay	okay	_	_	_	_	_	linguistic	_	none	_	End=2954.26	_	_	_	_
1792-0	PKP033	1792	1792	0	bello	bello	_	_	_	_	_	linguistic	_	none	_	Begin=2954.5|End=2954.94	_	_	_	_
1793-0	PKP036	1793	1793	0	mh	mh	_	_	_	_	_	linguistic	_	none	_	Begin=2955.08|End=2955.39	_	_	_	_
1794-0	PKP037	1794	1794	0	mh	mh	_	_	_	_	_	linguistic	_	none	_	Begin=2955.59|End=2955.84	_	_	_	_
1795-0	PKP033	1795	1795	0	e	e	_	_	_	_	_	linguistic	_	none	_	Begin=2955.92	_	_	_	_
1795-1	PKP033	1795	1795	1	invece	invece	_	_	_	_	_	linguistic	_	none	_	_	_	_	_	_
1795-2	PKP033	1795	1795	2	il	il	_	_	_	_	_	linguistic	_	none	_	_	_	_	_	_
1795-3	PKP033	1795	1795	3	tuo	tuo	_	_	_	_	_	linguistic	_	none	_	_	_	_	_	_
1795-4	PKP033	1795	1795	4	lavoro	lavoro	_	_	_	_	_	linguistic	_	none	_	_	_	_	_	_
1795-5	PKP033	1795	1795	5	uguale	uguale	_	_	_	_	_	linguistic	_	none	_	End=2957.5	_	_	_	_
1796-0	PKP033	1796	1796	0	tutto	tutto	_	_	_	_	_	linguistic	_	none	_	Begin=2957.65	_	_	_	_
1796-1	PKP033	1796	1796	1	uguale	uguale	_	_	_	_	_	linguistic	_	none	_	End=2958.26	_	_	_	_
1797-0	PKP036	1797	1797	0	sempre	sempre	_	_	_	_	_	linguistic	_	none	_	Begin=2959.09	_	_	_	_
1797-1	PKP036	1797	1797	1	uguale	uguale	_	_	_	_	_	linguistic	_	none	_	End=2959.86	_	_	_	_
1798-0	PKP036	1798	1798	0	michi	michi	_	_	_	_	_	linguistic	_	none	_	Begin=2961.06	_	_	_	_
1798-1	PKP036	1798	1798	1	se	se	_	_	_	_	_	linguistic	_	none	_	_	_	_	_	_
1798-2	PKP036	1798	1798	2	n'	n'	_	_	_	_	_	linguistic	_	none	SpaceAfter=No	_	_	_	_	_
1798-3	PKP036	1798	1798	3	è	è	_	_	_	_	_	linguistic	_	none	_	_	_	_	_	_
1798-4	PKP036	1798	1798	4	andata	andata	_	_	_	_	_	linguistic	_	none	_	_	_	_	_	_
1798-5	PKP036	1798	1798	5	°la	la	_	_	_	_	_	linguistic	_	none	Volume=low	_	_	_	_	_
1798-6	PKP036	1798	1798	6	mia	mia	_	_	_	_	_	linguistic	_	none	Volume=low	_	_	_	_	_
1798-7	PKP036	1798	1798	7	coinquilina°	coinquilina	_	_	_	_	_	linguistic	_	none	Volume=low	End=2962.87	_	_	_	_
1799-0	PKP037	1799	1799	0	s'	s'	_	_	_	_	_	linguistic	_	none	SpaceAfter=No	Begin=2962.92	_	_	_	_
1799-1	PKP037	1799	1799	1	è	è	_	_	_	_	_	linguistic	_	none	_	_	_	_	_	_
1799-2	PKP037	1799	1799	2	licenziata	licenziata	_	_	_	_	_	linguistic	_	none	_	End=2963.93	_	_	_	_
1800-0	PKP036	1800	1800	0	xx	xx	_	_	_	_	_	unknown	_	none	Syllables=2	Begin=2963.97|End=2964.63	_	_	_	_
1801-0	PKP033	1801	1801	0	ah	ah	_	_	_	_	_	linguistic	_	none	PauseAfter=Yes	Begin=2964.68	_	_	_	_
1801-1	PKP033	1801	1801	1	{P}	{P}	_	_	_	_	_	shortpause	_	none	_	_	_	_	_	_
1801-2	PKP033	1801	1801	2	e	e	_	_	_	_	_	linguistic	_	none	_	_	_	_	_	_
1801-3	PKP033	1801	1801	3	per:	per	_	_	_	_	_	linguistic	_	none	PauseAfter=Yes	_	2x1	_	_	_
1801-4	PKP033	1801	1801	4	{P}	{P}	_	_	_	_	_	shortpause	_	none	_	_	_	_	_	_
1801-5	PKP033	1801	1801	5	perché	perché	_	_	_	_	_	linguistic	_	none	_	_	_	_	_	_
1801-6	PKP033	1801	1801	6	ha	ha	_	_	_	_	_	linguistic	_	none	_	_	_	_	_	_
1801-7	PKP033	1801	1801	7	trovato	trovato	_	_	_	_	_	linguistic	_	none	_	_	_	_	_	_
1801-8	PKP033	1801	1801	8	altro	altro	_	_	_	_	_	linguistic	_	none	_	_	_	_	_	_
1801-9	PKP033	1801	1801	9	o:?	o	_	_	_	_	_	linguistic	_	none	Intonation=Rising	End=2967.17	0x1	_	_	_
1802-0	PKP036	1802	1802	0	sì	sì	_	_	_	_	_	linguistic	_	none	_	Begin=2967.33	_	_	_	_
1802-1	PKP036	1802	1802	1	ha	ha	_	_	_	_	_	linguistic	_	none	_	_	_	_	_	_
1802-2	PKP036	1802	1802	2	trovato	trovato	_	_	_	_	_	linguistic	_	none	_	_	_	_	_	_
1802-3	PKP036	1802	1802	3	un	un	_	_	_	_	_	linguistic	_	none	_	_	_	_	_	_
1802-4	PKP036	1802	1802	4	altro	altro	_	_	_	_	_	linguistic	_	none	_	_	_	_	_	_
1802-5	PKP036	1802	1802	5	lavoro:	lavoro	_	_	_	_	_	linguistic	_	none	_	_	5x1	_	_	_
1802-6	PKP036	1802	1802	6	m	m	_	_	_	_	_	linguistic	_	none	_	End=2970.27	_	_	_	_
1803-0	PKP036	1803	1803	0	ha	ha	_	_	_	_	_	linguistic	_	none	_	Begin=2971.04	_	_	_	_
1803-1	PKP036	1803	1803	1	detto:	detto	_	_	_	_	_	linguistic	_	none	_	_	4x1	_	_	_
1803-2	PKP036	1803	1803	2	vabbè	vabbè	_	_	_	_	_	linguistic	_	none	_	End=2972.1	_	_	_	_
1804-0	PKP036	1804	1804	0	°me	me	_	_	_	_	_	linguistic	_	none	Volume=low	Begin=2972.63	_	_	_	_
1804-1	PKP036	1804	1804	1	ne	ne	_	_	_	_	_	linguistic	_	none	Volume=low	_	_	_	_	_
1804-2	PKP036	1804	1804	2	vado°	vado	_	_	_	_	_	linguistic	_	none	Volume=low	End=2973.25	_	_	_	_
1805-0	PKP033	1805	1805	0	ma	ma	_	_	_	_	_	linguistic	_	none	_	Begin=2973.64	_	_	_	_
1805-1	PKP033	1805	1805	1	m:	m	_	_	_	_	_	linguistic	_	none	_	End=2974.93	0x1	_	_	_
1806-0	PKP037	1806	1806	0	per	per	_	_	_	_	_	linguistic	_	none	_	Begin=2974.41	_	_	_	_
1806-1	PKP037	1806	1806	1	maternità?	maternità	_	_	_	_	_	linguistic	_	none	Intonation=Rising	End=2975.52	_	_	_	_
1807-0	PKP036	1807	1807	0	°xxx°	xxx	_	_	_	_	_	unknown	_	none	Volume=low|Syllables=3	Begin=2975.78|End=2976.75	_	_	_	_
1808-0	PKP037	1808	1808	0	s'	s'	_	_	_	_	_	linguistic	_	none	SpaceAfter=No	Begin=2976.45	_	_	_	_
1808-1	PKP037	1808	1808	1	era	era	_	_	_	_	_	linguistic	_	none	_	_	_	_	_	_
1808-2	PKP037	1808	1808	2	aperta	aperta	_	_	_	_	_	linguistic	_	none	_	_	_	_	_	_
1808-3	PKP037	1808	1808	3	[la]::	la	_	_	_	_	_	linguistic	_	none	_	_	1x2	_	_	0-2(?)
1808-4	PKP037	1808	1808	4	xxxxx	xxxxx	_	_	_	_	_	unknown	_	none	Syllables=5	End=2979.39	_	_	_	_
1809-0	PKP036	1809	1809	0	[ah]	ah	_	_	_	_	_	linguistic	_	none	_	Begin=2977.45|End=2977.82	_	_	_	0-2(457)
1810-0	PKP033	1810	1810	0	[ah	ah	_	_	_	_	_	linguistic	_	none	_	Begin=2977.98	_	_	_	0-2(?)
1810-1	PKP033	1810	1810	1	c(io)è	cioè	_	_	_	_	_	linguistic	_	none	PauseAfter=Yes	_	_	_	1-3(0)	0-4(?)
1810-2	PKP033	1810	1810	2	{P}	{P}	_	_	_	_	_	shortpause	_	none	_	_	_	_	_	0-3(?)
1810-3	PKP033	1810	1810	3	ma	ma	_	_	_	_	_	linguistic	_	none	_	_	_	_	_	0-2(?)
1810-4	PKP033	1810	1810	4	ma	ma	_	_	_	_	_	linguistic	_	none	_	_	_	_	_	0-2(?)
1810-5	PKP033	1810	1810	5	perché	perché	_	_	_	_	_	linguistic	_	none	PauseAfter=Yes	_	_	_	_	0-6(?)
1810-6	PKP033	1810	1810	6	{P}	{P}	_	_	_	_	_	shortpause	_	none	_	_	_	_	_	0-3(?)
1810-7	PKP033	1810	1810	7	ma	ma	_	_	_	_	_	linguistic	_	none	_	_	_	_	_	0-2(?)
1810-8	PKP033	1810	1810	8	perché	perché	_	_	_	_	_	linguistic	_	none	_	_	_	_	_	0-6(?)
1810-9	PKP033	1810	1810	9	ha	ha	_	_	_	_	_	linguistic	_	none	_	_	_	_	_	0-2(?)
1810-10	PKP033	1810	1810	10	trovato	trovato	_	_	_	_	_	linguistic	_	none	_	_	_	_	_	0-7(?)
1810-11	PKP033	1810	1810	11	una	una	_	_	_	_	_	linguistic	_	none	_	_	_	_	_	0-3(?)
1810-12	PKP033	1810	1810	12	cosa	cosa	_	_	_	_	_	linguistic	_	none	_	_	_	_	_	0-4(?)
1810-13	PKP033	1810	1810	13	che	che	_	_	_	_	_	linguistic	_	none	_	_	_	_	_	0-3(?)
1810-14	PKP033	1810	1810	14	le	le	_	_	_	_	_	linguistic	_	none	_	_	_	_	_	0-2(?)
1810-15	PKP033	1810	1810	15	piace	piace	_	_	_	_	_	linguistic	_	none	_	_	_	_	_	0-5(?)
1810-16	PKP033	1810	1810	16	di	di	_	_	_	_	_	linguistic	_	none	_	_	_	_	_	0-2(?)
1810-17	PKP033	1810	1810	17	p]iù	più	_	_	_	_	_	linguistic	_	none	_	_	_	_	_	0-1(?)
1810-18	PKP033	1810	1810	18	o:	o	_	_	_	_	_	linguistic	_	none	_	_	0x1	_	_	_
1810-19	PKP033	1810	1810	19	[non	non	_	_	_	_	_	linguistic	_	none	_	_	_	_	_	0-3(?)
1810-20	PKP033	1810	1810	20	si	si	_	_	_	_	_	linguistic	_	none	_	_	_	_	_	0-2(?)
1810-21	PKP033	1810	1810	21	trova~]	trova~	_	_	_	_	_	linguistic	_	none	Interrupted=Yes	End=2983.43	_	_	_	0-6(?)
1811-0	PKP036	1811	1811	0	[(ma	ma	_	_	_	_	_	linguistic	_	none	_	Begin=2978.7	_	_	0-2(0)	0-2(527)
1811-1	PKP036	1811	1811	1	che	che	_	_	_	_	_	linguistic	_	none	_	_	_	_	0-3(0)	0-3(527)
1811-2	PKP036	1811	1811	2	ne	ne	_	_	_	_	_	linguistic	_	none	_	_	_	_	0-2(0)	0-2(527)
1811-3	PKP036	1811	1811	3	so)	so	_	_	_	_	_	linguistic	_	none	_	_	_	_	0-2(0)	0-2(527)
1811-4	PKP036	1811	1811	4	che	che	_	_	_	_	_	linguistic	_	none	_	_	_	_	_	0-3(527)
1811-5	PKP036	1811	1811	5	è	è	_	_	_	_	_	linguistic	_	none	_	_	_	_	_	0-1(527)
1811-6	PKP036	1811	1811	6	in	in	_	_	_	_	_	linguistic	_	none	_	_	_	_	_	0-2(527)
1811-7	PKP036	1811	1811	7	maternità]	maternità	_	_	_	_	_	linguistic	_	none	_	End=2980.13	_	_	_	0-9(527)
1812-0	PKP036	1812	1812	0	{ride}	{ride}	_	_	_	_	_	nonverbalbehavior	_	none	_	Begin=2980.22|End=2981.9	_	_	_	_
1813-0	PKP037	1813	1813	0	[magari]	magari	_	_	_	_	_	linguistic	_	none	_	Begin=2980.36|End=2981.4	_	_	_	0-6(458)
1814-0	PKP036	1814	1814	0	[sì	sì	_	_	_	_	_	linguistic	_	none	_	Begin=2982.8	_	_	_	0-2(459)
1814-1	PKP036	1814	1814	1	ma]	ma	_	_	_	_	_	linguistic	_	none	_	_	_	_	_	0-2(459)
1814-2	PKP036	1814	1814	2	in	in	_	_	_	_	_	linguistic	_	none	_	_	_	_	_	_
1814-3	PKP036	1814	1814	3	realtà	realtà	_	_	_	_	_	linguistic	_	none	_	_	_	_	_	_
1814-4	PKP036	1814	1814	4	è	è	_	_	_	_	_	linguistic	_	none	_	_	_	_	_	_
1814-5	PKP036	1814	1814	5	stato	stato	_	_	_	_	_	linguistic	_	none	_	_	_	_	_	_
1814-6	PKP036	1814	1814	6	molto	molto	_	_	_	_	_	linguistic	_	none	_	_	_	_	_	_
1814-7	PKP036	1814	1814	7	a	a	_	_	_	_	_	linguistic	_	none	_	_	_	_	_	_
1814-8	PKP036	1814	1814	8	casa	casa	_	_	_	_	_	linguistic	_	none	_	_	_	_	_	_
1814-9	PKP036	1814	1814	9	xxx	xxx	_	_	_	_	_	unknown	_	none	Syllables=3	End=2985.08	_	_	_	_
1815-0	PKP036	1815	1815	0	c(io)è	cioè	_	_	_	_	_	linguistic	_	none	_	Begin=2985.36	_	_	1-3(0)	_
1815-1	PKP036	1815	1815	1	un	un	_	_	_	_	_	linguistic	_	none	_	_	_	_	_	_
1815-2	PKP036	1815	1815	2	suo	suo	_	_	_	_	_	linguistic	_	none	_	_	_	_	_	_
1815-3	PKP036	1815	1815	3	amico	amico	_	_	_	_	_	linguistic	_	none	_	_	_	_	_	_
1815-4	PKP036	1815	1815	4	le	le	_	_	_	_	_	linguistic	_	none	_	_	_	_	_	_
1815-5	PKP036	1815	1815	5	aveva	aveva	_	_	_	_	_	linguistic	_	none	_	_	_	_	_	_
1815-6	PKP036	1815	1815	6	mandato	mandato	_	_	_	_	_	linguistic	_	none	_	_	_	_	_	_
1815-7	PKP036	1815	1815	7	quest'	quest'	_	_	_	_	_	linguistic	_	none	SpaceAfter=No	_	_	_	_	_
1815-8	PKP036	1815	1815	8	offerta	offerta	_	_	_	_	_	linguistic	_	none	_	_	_	_	_	_
1815-9	PKP036	1815	1815	9	di	di	_	_	_	_	_	linguistic	_	none	_	_	_	_	_	_
1815-10	PKP036	1815	1815	10	lavoro:	lavoro	_	_	_	_	_	linguistic	_	none	_	End=2988.16	5x1	_	_	_
1816-0	PKP036	1816	1816	0	e	e	_	_	_	_	_	linguistic	_	none	_	Begin=2989.12	_	_	_	_
1816-1	PKP036	1816	1816	1	lei	lei	_	_	_	_	_	linguistic	_	none	_	_	_	_	_	_
1816-2	PKP036	1816	1816	2	nemmeno	nemmeno	_	_	_	_	_	linguistic	_	none	_	_	_	_	_	_
1816-3	PKP036	1816	1816	3	voleva	voleva	_	_	_	_	_	linguistic	_	none	_	_	_	_	_	_
1816-4	PKP036	1816	1816	4	fare	fare	_	_	_	_	_	linguistic	_	none	_	_	_	_	_	_
1816-5	PKP036	1816	1816	5	domanda	domanda	_	_	_	_	_	linguistic	_	none	_	_	_	_	_	_
1816-6	PKP036	1816	1816	6	diceva	diceva	_	_	_	_	_	linguistic	_	none	_	_	_	_	_	_
1816-7	PKP036	1816	1816	7	no:	no	_	_	_	_	_	linguistic	_	none	_	_	1x1	_	_	_
1816-8	PKP036	1816	1816	8	°ma	ma	_	_	_	_	_	linguistic	_	none	Volume=low	_	_	_	_	_
1816-9	PKP036	1816	1816	9	che	che	_	_	_	_	_	linguistic	_	none	Volume=low	_	_	_	_	_
1816-10	PKP036	1816	1816	10	m(e	me	_	_	_	_	_	linguistic	_	none	Volume=low	_	_	_	1-2(0)	_
1816-11	PKP036	1816	1816	11	ne	ne	_	_	_	_	_	linguistic	_	none	Volume=low	_	_	_	0-2(0)	_
1816-12	PKP036	1816	1816	12	facci[o:)°	faccio	_	_	_	_	_	linguistic	_	none	Volume=low	_	5x1	_	0-6(0)	5-6(460)
1816-13	PKP036	1816	1816	13	così]	così	_	_	_	_	_	linguistic	_	none	_	End=2992.95	_	_	_	0-4(460)
1817-0	PKP033	1817	1817	0	[mhmh]	mhmh	_	_	_	_	_	linguistic	_	none	_	Begin=2992.48|End=2993.05	_	_	_	0-4(460)
1818-0	PKP036	1818	1818	0	e	e	_	_	_	_	_	linguistic	_	none	_	Begin=2993.945	_	_	_	_
1818-1	PKP036	1818	1818	1	invece	invece	_	_	_	_	_	linguistic	_	none	_	_	_	_	_	_
1818-2	PKP036	1818	1818	2	ha	ha	_	_	_	_	_	linguistic	_	none	_	_	_	_	_	_
1818-3	PKP036	1818	1818	3	fatto	fatto	_	_	_	_	_	linguistic	_	none	_	_	_	_	_	_
1818-4	PKP036	1818	1818	4	domanda	domanda	_	_	_	_	_	linguistic	_	none	_	_	_	_	_	_
1818-5	PKP036	1818	1818	5	e	e	_	_	_	_	_	linguistic	_	none	_	_	_	_	_	_
1818-6	PKP036	1818	1818	6	l'	l'	_	_	_	_	_	linguistic	_	none	SpaceAfter=No	_	_	_	_	_
1818-7	PKP036	1818	1818	7	hanno	hanno	_	_	_	_	_	linguistic	_	none	_	_	_	_	_	_
1818-8	PKP036	1818	1818	8	presa	presa	_	_	_	_	_	linguistic	_	none	_	End=2995.43	_	_	_	_
1819-0	PKP036	1819	1819	0	e:	e	_	_	_	_	_	linguistic	_	none	_	Begin=2995.52	0x1	_	_	_
1819-1	PKP036	1819	1819	1	quindi	quindi	_	_	_	_	_	linguistic	_	none	_	_	_	_	_	_
1819-2	PKP036	1819	1819	2	è	è	_	_	_	_	_	linguistic	_	none	_	_	_	_	_	_
1819-3	PKP036	1819	1819	3	stata:	stata	_	_	_	_	_	linguistic	_	none	_	_	4x1	_	_	_
1819-4	PKP036	1819	1819	4	[boh	boh	_	_	_	_	_	linguistic	_	none	_	_	_	_	_	0-3(461)
1819-5	PKP036	1819	1819	5	due	due	_	_	_	_	_	linguistic	_	none	_	_	_	_	_	0-3(461)
1819-6	PKP036	1819	1819	6	settimane]	settimane	_	_	_	_	_	linguistic	_	none	_	_	_	_	_	0-9(461)
1819-7	PKP036	1819	1819	7	mio	mio	_	_	_	_	_	linguistic	_	none	_	_	_	_	_	_
1819-8	PKP036	1819	1819	8	dio:	dio	_	_	_	_	_	linguistic	_	none	_	_	2x1	_	_	_
1819-9	PKP036	1819	1819	9	cosa	cosa	_	_	_	_	_	linguistic	_	none	_	_	_	_	_	_
1819-10	PKP036	1819	1819	10	fa:ccio	faccio	_	_	_	_	_	linguistic	_	none	_	_	1x1	_	_	_
1819-11	PKP036	1819	1819	11	oddio	oddio	_	_	_	_	_	linguistic	_	none	_	_	_	_	_	_
1819-12	PKP036	1819	1819	12	eh	eh	_	_	_	_	_	linguistic	_	none	_	End=3001.25	_	_	_	_
1820-0	PKP037	1820	1820	0	[sì	sì	_	_	_	_	_	linguistic	_	none	_	Begin=2997.8	_	_	_	0-2(461)
1820-1	PKP037	1820	1820	1	sticazzi]	sticazzi	_	_	_	_	_	linguistic	_	none	_	End=2998.66	_	_	_	0-8(461)
1821-0	PKP036	1821	1821	0	e:	e	_	_	_	_	_	linguistic	_	none	_	Begin=3002.6	0x1	_	_	_
1821-1	PKP036	1821	1821	1	però	però	_	_	_	_	_	linguistic	_	none	_	_	_	_	_	_
1821-2	PKP036	1821	1821	2	alla	alla	_	_	_	_	_	linguistic	_	none	_	_	_	_	_	_
1821-3	PKP036	1821	1821	3	fine	fine	_	_	_	_	_	linguistic	_	none	_	_	_	_	_	_
1821-4	PKP036	1821	1821	4	ha	ha	_	_	_	_	_	linguistic	_	none	_	_	_	_	_	_
1821-5	PKP036	1821	1821	5	accettato	accettato	_	_	_	_	_	linguistic	_	none	_	_	_	_	_	_
1821-6	PKP036	1821	1821	6	perché:	perché	_	_	_	_	_	linguistic	_	none	_	_	5x1	_	_	_
1821-7	PKP036	1821	1821	7	oggettivamente:	oggettivamente	_	_	_	_	_	linguistic	_	none	_	_	13x1	_	_	_
1821-8	PKP036	1821	1821	8	è	è	_	_	_	_	_	linguistic	_	none	_	_	_	_	_	_
1821-9	PKP036	1821	1821	9	un	un	_	_	_	_	_	linguistic	_	none	_	_	_	_	_	_
1821-10	PKP036	1821	1821	10	posto	posto	_	_	_	_	_	linguistic	_	none	_	_	_	_	_	_
1821-11	PKP036	1821	1821	11	migliore	migliore	_	_	_	_	_	linguistic	_	none	_	_	_	_	_	_
1821-12	PKP036	1821	1821	12	{ride}	{ride}	_	_	_	_	_	nonverbalbehavior	_	none	_	End=3007.569	_	_	_	_
1822-0	PKP033	1822	1822	0	ah	ah	_	_	_	_	_	linguistic	_	none	_	Begin=3007.57	_	_	_	_
1822-1	PKP033	1822	1822	1	vabbè	vabbè	_	_	_	_	_	linguistic	_	none	_	_	_	_	_	_
1822-2	PKP033	1822	1822	2	okay	okay	_	_	_	_	_	linguistic	_	none	_	_	_	_	_	_
1822-3	PKP033	1822	1822	3	[no	no	_	_	_	_	_	linguistic	_	none	_	_	_	_	_	0-2(462)
1822-4	PKP033	1822	1822	4	allora	allora	_	_	_	_	_	linguistic	_	none	_	_	_	_	_	0-6(462)
1822-5	PKP033	1822	1822	5	è	è	_	_	_	_	_	linguistic	_	none	_	_	_	_	_	0-1(462)
1822-6	PKP033	1822	1822	6	giusto]	giusto	_	_	_	_	_	linguistic	_	none	_	End=3009.63	_	_	_	0-6(462)
1823-0	PKP036	1823	1823	0	[quindi	quindi	_	_	_	_	_	linguistic	_	none	_	Begin=3008.57	_	_	_	0-6(462)
1823-1	PKP036	1823	1823	1	ci	ci	_	_	_	_	_	linguistic	_	none	_	_	_	_	_	0-2(462)
1823-2	PKP036	1823	1823	2	sta]	sta	_	_	_	_	_	linguistic	_	none	_	_	_	_	_	0-3(462)
1823-3	PKP036	1823	1823	3	l'	l'	_	_	_	_	_	linguistic	_	none	SpaceAfter=No	_	_	_	_	_
1823-4	PKP036	1823	1823	4	unica	unica	_	_	_	_	_	linguistic	_	none	_	_	_	_	_	_
1823-5	PKP036	1823	1823	5	cosa	cosa	_	_	_	_	_	linguistic	_	none	_	_	_	_	_	_
1823-6	PKP036	1823	1823	6	è	è	_	_	_	_	_	linguistic	_	none	_	_	_	_	_	_
1823-7	PKP036	1823	1823	7	che	che	_	_	_	_	_	linguistic	_	none	_	_	_	_	_	_
1823-8	PKP036	1823	1823	8	è	è	_	_	_	_	_	linguistic	_	none	_	_	_	_	_	_
1823-9	PKP036	1823	1823	9	un	un	_	_	_	_	_	linguistic	_	none	_	_	_	_	_	_
1823-10	PKP036	1823	1823	10	anno	anno	_	_	_	_	_	linguistic	_	none	_	_	_	_	_	_
1823-11	PKP036	1823	1823	11	perché:	perché	_	_	_	_	_	linguistic	_	none	_	_	5x1	_	_	_
1823-12	PKP036	1823	1823	12	si	si	_	_	_	_	_	linguistic	_	none	_	_	_	_	_	_
1823-13	PKP036	1823	1823	13	sostituzione	sostituzione	_	_	_	_	_	linguistic	_	none	_	_	_	_	_	_
1823-14	PKP036	1823	1823	14	maternità	maternità	_	_	_	_	_	linguistic	_	none	_	_	_	_	_	_
1823-15	PKP036	1823	1823	15	e	e	_	_	_	_	_	linguistic	_	none	_	_	_	_	_	_
1823-16	PKP036	1823	1823	16	poi:	poi	_	_	_	_	_	linguistic	_	none	_	_	2x1	_	_	_
1823-17	PKP036	1823	1823	17	si	si	_	_	_	_	_	linguistic	_	none	_	_	_	_	_	_
1823-18	PKP036	1823	1823	18	vede	vede	_	_	_	_	_	linguistic	_	none	_	_	_	_	_	_
1823-19	PKP036	1823	1823	19	se	se	_	_	_	_	_	linguistic	_	none	_	_	_	_	_	_
1823-20	PKP036	1823	1823	20	la	la	_	_	_	_	_	linguistic	_	none	_	_	_	_	_	_
1823-21	PKP036	1823	1823	21	te[ngono	tengono	_	_	_	_	_	linguistic	_	none	_	_	_	_	_	1-7(463)
1823-22	PKP036	1823	1823	22	o	o	_	_	_	_	_	linguistic	_	none	_	_	_	_	_	0-1(463)
1823-23	PKP036	1823	1823	23	no]	no	_	_	_	_	_	linguistic	_	none	_	End=3014.909	_	_	_	0-2(463)
1824-0	PKP033	1824	1824	0	[mhmh]	mhmh	_	_	_	_	_	linguistic	_	none	_	Begin=3014.36|End=3014.92	_	_	_	0-4(463)
1825-0	PKP036	1825	1825	0	e	e	_	_	_	_	_	linguistic	_	none	_	Begin=3015.17	_	_	_	_
1825-1	PKP036	1825	1825	1	che	che	_	_	_	_	_	linguistic	_	none	_	_	_	_	_	_
1825-2	PKP036	1825	1825	2	cos'	cos'	_	_	_	_	_	linguistic	_	none	SpaceAfter=No	_	_	_	_	_
1825-3	PKP036	1825	1825	3	è	è	_	_	_	_	_	linguistic	_	none	_	End=3015.85	_	_	_	_
1826-0	PKP036	1826	1826	0	è	è	_	_	_	_	_	linguistic	_	none	_	Begin=3016.59	_	_	_	_
1826-1	PKP036	1826	1826	1	sempre	sempre	_	_	_	_	_	linguistic	_	none	_	_	_	_	_	_
1826-2	PKP036	1826	1826	2	una	una	_	_	_	_	_	linguistic	_	none	_	_	_	_	_	_
1826-3	PKP036	1826	1826	3	cooperativa	cooperativa	_	_	_	_	_	linguistic	_	none	_	_	_	_	_	_
1826-4	PKP036	1826	1826	4	sociale	sociale	_	_	_	_	_	linguistic	_	none	_	_	_	_	_	_
1826-5	PKP036	1826	1826	5	perché	perché	_	_	_	_	_	linguistic	_	none	_	_	_	_	_	_
1826-6	PKP036	1826	1826	6	lei	lei	_	_	_	_	_	linguistic	_	none	_	_	_	_	_	_
1826-7	PKP036	1826	1826	7	fa:	fa	_	_	_	_	_	linguistic	_	none	PauseAfter=Yes	_	1x1	_	_	_
1826-8	PKP036	1826	1826	8	{P}	{P}	_	_	_	_	_	shortpause	_	none	_	_	_	_	_	_
1826-9	PKP036	1826	1826	9	faceva	faceva	_	_	_	_	_	linguistic	_	none	_	_	_	_	_	_
1826-10	PKP036	1826	1826	10	insomma:	insomma	_	_	_	_	_	linguistic	_	none	_	End=3020.54	6x1	_	_	_
1827-0	PKP036	1827	1827	0	e:hm:	ehm	_	_	_	_	_	linguistic	_	none	_	Begin=3021.94|End=3022.71	0x1,2x1	_	_	_
1828-0	PKP036	1828	1828	0	c(io)è	cioè	_	_	_	_	_	linguistic	_	none	_	Begin=3022.9	_	_	1-3(0)	_
1828-1	PKP036	1828	1828	1	non	non	_	_	_	_	_	linguistic	_	none	_	_	_	_	_	_
1828-2	PKP036	1828	1828	2	era	era	_	_	_	_	_	linguistic	_	none	_	_	_	_	_	_
1828-3	PKP036	1828	1828	3	esattamente	esattamente	_	_	_	_	_	linguistic	_	none	_	_	_	_	_	_
1828-4	PKP036	1828	1828	4	dove	dove	_	_	_	_	_	linguistic	_	none	_	_	_	_	_	_
1828-5	PKP036	1828	1828	5	lavoravo	lavoravo	_	_	_	_	_	linguistic	_	none	_	_	_	_	_	_
1828-6	PKP036	1828	1828	6	io	io	_	_	_	_	_	linguistic	_	none	_	_	_	_	_	_
1828-7	PKP036	1828	1828	7	ma	ma	_	_	_	_	_	linguistic	_	none	_	_	_	_	_	_
1828-8	PKP036	1828	1828	8	era:	era	_	_	_	_	_	linguistic	_	none	PauseAfter=Yes	_	2x1	_	_	_
1828-9	PKP036	1828	1828	9	{P}	{P}	_	_	_	_	_	shortpause	_	none	_	_	_	_	_	_
1828-10	PKP036	1828	1828	10	un'	un'	_	_	_	_	_	linguistic	_	none	SpaceAfter=No	_	_	_	_	_
1828-11	PKP036	1828	1828	11	altro:	altro	_	_	_	_	_	linguistic	_	none	_	_	4x1	_	_	_
1828-12	PKP036	1828	1828	12	dipartimento	dipartimento	_	_	_	_	_	linguistic	_	none	_	_	_	_	_	_
1828-13	PKP036	1828	1828	13	tipo	tipo	_	_	_	_	_	linguistic	_	none	_	End=3028.03	_	_	_	_
1829-0	PKP036	1829	1829	0	°(la	la	_	_	_	_	_	linguistic	_	none	Volume=low	Begin=3028.2	_	_	0-2(0)	_
1829-1	PKP036	1829	1829	1	mia	mia	_	_	_	_	_	linguistic	_	none	Volume=low	_	_	_	0-3(0)	_
1829-2	PKP036	1829	1829	2	è	è	_	_	_	_	_	linguistic	_	none	Volume=low	_	_	_	0-1(0)	_
1829-3	PKP036	1829	1829	3	una	una	_	_	_	_	_	linguistic	_	none	Volume=low	_	_	_	0-3(0)	_
1829-4	PKP036	1829	1829	4	cooperativa)°	cooperativa	_	_	_	_	_	linguistic	_	none	Volume=low	End=3029.38	_	_	0-11(0)	_
1830-0	PKP036	1830	1830	0	però	però	_	_	_	_	_	linguistic	_	none	_	Begin=3030.09	_	_	_	_
1830-1	PKP036	1830	1830	1	il	il	_	_	_	_	_	linguistic	_	none	PauseAfter=Yes	_	_	_	_	_
1830-2	PKP036	1830	1830	2	{P}	{P}	_	_	_	_	_	shortpause	_	none	_	_	_	_	_	_
1830-3	PKP036	1830	1830	3	dove	dove	_	_	_	_	_	linguistic	_	none	_	_	_	_	_	_
1830-4	PKP036	1830	1830	4	stava	stava	_	_	_	_	_	linguistic	_	none	_	_	_	_	_	_
1830-5	PKP036	1830	1830	5	prima	prima	_	_	_	_	_	linguistic	_	none	_	_	_	_	_	_
1830-6	PKP036	1830	1830	6	lavorava	lavorava	_	_	_	_	_	linguistic	_	none	_	_	_	_	_	_
1830-7	PKP036	1830	1830	7	con	con	_	_	_	_	_	linguistic	_	none	_	_	_	_	_	_
1830-8	PKP036	1830	1830	8	progetti	progetti	_	_	_	_	_	linguistic	_	none	_	_	_	_	_	_
1830-9	PKP036	1830	1830	9	europei	europei	_	_	_	_	_	linguistic	_	none	_	_	_	_	_	_
1830-10	PKP036	1830	1830	10	qui	qui	_	_	_	_	_	linguistic	_	none	_	_	_	_	_	_
1830-11	PKP036	1830	1830	11	lavorava	lavorava	_	_	_	_	_	linguistic	_	none	_	_	_	_	_	_
1830-12	PKP036	1830	1830	12	più	più	_	_	_	_	_	linguistic	_	none	_	_	_	_	_	_
1830-13	PKP036	1830	1830	13	sul	sul	_	_	_	_	_	linguistic	_	none	_	_	_	_	_	_
1830-14	PKP036	1830	1830	14	locale	locale	_	_	_	_	_	linguistic	_	none	_	End=3034.43	_	_	_	_
1831-0	PKP036	1831	1831	0	quindi:	quindi	_	_	_	_	_	linguistic	_	none	_	Begin=3035.0|End=3036.55	5x1	_	_	_
1832-0	PKP036	1832	1832	0	non	non	_	_	_	_	_	linguistic	_	none	_	Begin=3037.97	_	_	_	_
1832-1	PKP036	1832	1832	1	so	so	_	_	_	_	_	linguistic	_	none	_	_	_	_	_	_
1832-2	PKP036	1832	1832	2	che	che	_	_	_	_	_	linguistic	_	none	_	_	_	_	_	_
1832-3	PKP036	1832	1832	3	fa:	fa	_	_	_	_	_	linguistic	_	none	_	_	1x1	_	_	_
1832-4	PKP036	1832	1832	4	progetti	progetti	_	_	_	_	_	linguistic	_	none	_	_	_	_	_	_
1832-5	PKP036	1832	1832	5	con:	con	_	_	_	_	_	linguistic	_	none	_	End=3040.39	2x1	_	_	_
1833-0	PKP036	1833	1833	0	non	non	_	_	_	_	_	linguistic	_	none	_	Begin=3040.4	_	_	_	_
1833-1	PKP036	1833	1833	1	so:	so	_	_	_	_	_	linguistic	_	none	_	_	1x1	_	_	_
1833-2	PKP036	1833	1833	2	disoccupa:ti,	disoccupati	_	_	_	_	_	linguistic	_	none	Intonation=WeaklyRising	_	8x1	_	_	_
1833-3	PKP036	1833	1833	3	o	o	_	_	_	_	_	linguistic	_	none	_	_	_	_	_	_
1833-4	PKP036	1833	1833	4	con	con	_	_	_	_	_	linguistic	_	none	_	_	_	_	_	_
1833-5	PKP036	1833	1833	5	gli	gli	_	_	_	_	_	linguistic	_	none	_	_	_	_	_	_
1833-6	PKP036	1833	1833	6	anzia:ni:,	anziani	_	_	_	_	_	linguistic	_	none	Intonation=WeaklyRising	_	4x1,6x1	_	_	_
1833-7	PKP036	1833	1833	7	co:n	con	_	_	_	_	_	linguistic	_	none	_	End=3044.44	1x1	_	_	_
1834-0	PKP033	1834	1834	0	okay	okay	_	_	_	_	_	linguistic	_	none	_	Begin=3044.51|End=3044.92	_	_	_	_
1835-0	PKP037	1835	1835	0	mhmh	mhmh	_	_	_	_	_	linguistic	_	none	_	Begin=3045.51|End=3046.09	_	_	_	_
1836-0	PKP036	1836	1836	0	°e:	e	_	_	_	_	_	linguistic	_	none	Volume=low	Begin=3046.11	0x1	_	_	_
1836-1	PKP036	1836	1836	1	addicted°	addicted	_	_	_	_	_	linguistic	_	none	Volume=low	End=3047.28	_	_	_	_
1837-0	PKP037	1837	1837	0	°i	i	_	_	_	_	_	linguistic	_	none	Volume=low	Begin=3047.47	_	_	_	_
1837-1	PKP037	1837	1837	1	minorenni°	minorenni	_	_	_	_	_	linguistic	_	none	Volume=low	End=3048.49	_	_	_	_
1838-0	PKP036	1838	1838	0	i	i	_	_	_	_	_	linguistic	_	none	_	Begin=3048.51	_	_	_	_
1838-1	PKP036	1838	1838	1	minorenni	minorenni	_	_	_	_	_	linguistic	_	none	_	End=3049.49	_	_	_	_
1839-0	PKP037	1839	1839	0	che	che	_	_	_	_	_	linguistic	_	none	_	Begin=3049.4	_	_	_	_
1839-1	PKP037	1839	1839	1	[sì	sì	_	_	_	_	_	linguistic	_	none	_	_	_	_	_	0-2(465)
1839-2	PKP037	1839	1839	2	magari:]	magari	_	_	_	_	_	linguistic	_	none	PauseAfter=Yes	_	5x1	_	_	0-6(465)
1839-3	PKP037	1839	1839	3	{P}	{P}	_	_	_	_	_	shortpause	_	none	_	_	_	_	_	_
1839-4	PKP037	1839	1839	4	eh	eh	_	_	_	_	_	linguistic	_	none	_	_	_	_	_	_
1839-5	PKP037	1839	1839	5	[(invece	invece	_	_	_	_	_	linguistic	_	none	_	_	_	_	0-6(0)	0-6(466)
1839-6	PKP037	1839	1839	6	di)	di	_	_	_	_	_	linguistic	_	none	_	_	_	_	0-2(0)	0-2(466)
1839-7	PKP037	1839	1839	7	andare	andare	_	_	_	_	_	linguistic	_	none	_	_	_	_	_	0-6(466)
1839-8	PKP037	1839	1839	8	in]	in	_	_	_	_	_	linguistic	_	none	_	_	_	_	_	0-2(466)
1839-9	PKP037	1839	1839	9	galera	galera	_	_	_	_	_	linguistic	_	none	_	End=3051.85	_	_	_	_
1840-0	PKP033	1840	1840	0	[i	i	_	_	_	_	_	linguistic	_	none	_	Begin=3049.55	_	_	_	0-1(465)
1840-1	PKP033	1840	1840	1	tossici]	tossici	_	_	_	_	_	linguistic	_	none	_	End=3050.27	_	_	_	0-7(465)
1841-0	PKP036	1841	1841	0	[i	i	_	_	_	_	_	linguistic	_	none	_	Begin=3050.41	_	_	_	0-1(466)
1841-1	PKP036	1841	1841	1	tossici	tossici	_	_	_	_	_	linguistic	_	none	_	_	_	_	_	0-7(466)
1841-2	PKP036	1841	1841	2	sì]	sì	_	_	_	_	_	linguistic	_	none	_	End=3051.36	_	_	_	0-2(466)
1842-0	PKP036	1842	1842	0	eh	eh	_	_	_	_	_	linguistic	_	none	_	Begin=3052.9	_	_	_	_
1842-1	PKP036	1842	1842	1	invece	invece	_	_	_	_	_	linguistic	_	none	_	_	_	_	_	_
1842-2	PKP036	1842	1842	2	che	che	_	_	_	_	_	linguistic	_	none	_	_	_	_	_	_
1842-3	PKP036	1842	1842	3	andare	andare	_	_	_	_	_	linguistic	_	none	_	_	_	_	_	_
1842-4	PKP036	1842	1842	4	in	in	_	_	_	_	_	linguistic	_	none	_	_	_	_	_	_
1842-5	PKP036	1842	1842	5	galera	galera	_	_	_	_	_	linguistic	_	none	_	_	_	_	_	_
1842-6	PKP036	1842	1842	6	fanno	fanno	_	_	_	_	_	linguistic	_	none	_	_	_	_	_	_
1842-7	PKP036	1842	1842	7	i	i	_	_	_	_	_	linguistic	_	none	_	_	_	_	_	_
1842-8	PKP036	1842	1842	8	cammini	cammini	_	_	_	_	_	linguistic	_	none	_	End=3055.67	_	_	_	_
1843-0	PKP037	1843	1843	0	fan[no	fanno	_	_	_	_	_	linguistic	_	none	_	Begin=3055.7	_	_	_	3-5(?)
1843-1	PKP037	1843	1843	1	s~]	s~	_	_	_	_	_	linguistic	_	none	Interrupted=Yes	_	_	_	_	0-2(?)
1843-2	PKP037	1843	1843	2	accompagnano:	accompagnano	_	_	_	_	_	linguistic	_	none	_	_	11x1	_	_	_
1843-3	PKP037	1843	1843	3	le	le	_	_	_	_	_	linguistic	_	none	_	_	_	_	_	_
1843-4	PKP037	1843	1843	4	persone	persone	_	_	_	_	_	linguistic	_	none	_	_	_	_	_	_
1843-5	PKP037	1843	1843	5	disabba~	disabba~	_	_	_	_	_	linguistic	_	none	Interrupted=Yes	_	_	_	_	_
1843-6	PKP037	1843	1843	6	disabili	disabili	_	_	_	_	_	linguistic	_	none	_	_	_	_	_	_
1843-7	PKP037	1843	1843	7	su:	su	_	_	_	_	_	linguistic	_	none	PauseAfter=Yes	_	1x1	_	_	_
1843-8	PKP037	1843	1843	8	{P}	{P}	_	_	_	_	_	shortpause	_	none	_	_	_	_	_	_
1843-9	PKP037	1843	1843	9	[la	la	_	_	_	_	_	linguistic	_	none	_	_	_	_	_	0-2(?)
1843-10	PKP037	1843	1843	10	via	via	_	_	_	_	_	linguistic	_	none	_	_	_	_	_	0-3(?)
1843-11	PKP037	1843	1843	11	de]gli	degli	_	_	_	_	_	linguistic	_	none	_	_	_	_	_	0-2(?)
1843-12	PKP037	1843	1843	12	dei	dei	_	_	_	_	_	linguistic	_	none	_	End=3061.3	_	_	_	_
1844-0	PKP033	1844	1844	0	[ah	ah	_	_	_	_	_	linguistic	_	none	_	Begin=3055.97	_	_	_	0-2(528)
1844-1	PKP033	1844	1844	1	okay]	okay	_	_	_	_	_	linguistic	_	none	_	End=3056.67	_	_	_	0-4(528)
1845-0	PKP036	1845	1845	0	[stava	stava	_	_	_	_	_	linguistic	_	none	_	Begin=3056.42	_	_	_	0-5(528)
1845-1	PKP036	1845	1845	1	raccontando]	raccontando	_	_	_	_	_	linguistic	_	none	_	End=3057.68	_	_	_	0-11(528)
1846-0	PKP036	1846	1846	0	[sì]	sì	_	_	_	_	_	linguistic	_	none	_	Begin=3059.61|End=3059.98	_	_	_	0-2(467)
1847-0	PKP033	1847	1847	0	[ah]	ah	_	_	_	_	_	linguistic	_	none	_	Begin=3060.4|End=3060.75	_	_	_	0-2(468)
1848-0	PKP036	1848	1848	0	sì	sì	_	_	_	_	_	linguistic	_	none	_	Begin=3061.68|End=3061.98	_	_	_	_
1849-0	PKP033	1849	1849	0	ah	ah	_	_	_	_	_	linguistic	_	none	_	Begin=3062.11|End=3062.37	_	_	_	_
1850-0	PKP036	1850	1850	0	quindi	quindi	_	_	_	_	_	linguistic	_	none	_	Begin=3063.36	_	_	_	_
1850-1	PKP036	1850	1850	1	sì	sì	_	_	_	_	_	linguistic	_	none	_	_	_	_	_	_
1850-2	PKP036	1850	1850	2	ora	ora	_	_	_	_	_	linguistic	_	none	_	_	_	_	_	_
1850-3	PKP036	1850	1850	3	ha	ha	_	_	_	_	_	linguistic	_	none	_	_	_	_	_	_
1850-4	PKP036	1850	1850	4	iniziato	iniziato	_	_	_	_	_	linguistic	_	none	_	_	_	_	_	_
1850-5	PKP036	1850	1850	5	prima	prima	_	_	_	_	_	linguistic	_	none	_	_	_	_	_	_
1850-6	PKP036	1850	1850	6	di	di	_	_	_	_	_	linguistic	_	none	_	_	_	_	_	_
1850-7	PKP036	1850	1850	7	natale	natale	_	_	_	_	_	linguistic	_	none	_	_	_	_	_	_
1850-8	PKP036	1850	1850	8	quindi	quindi	_	_	_	_	_	linguistic	_	none	_	_	_	_	_	_
1850-9	PKP036	1850	1850	9	non	non	_	_	_	_	_	linguistic	_	none	_	_	_	_	_	_
1850-10	PKP036	1850	1850	10	è	è	_	_	_	_	_	linguistic	_	none	_	_	_	_	_	_
1850-11	PKP036	1850	1850	11	che	che	_	_	_	_	_	linguistic	_	none	_	_	_	_	_	_
1850-12	PKP036	1850	1850	12	è	è	_	_	_	_	_	linguistic	_	none	_	_	_	_	_	_
1850-13	PKP036	1850	1850	13	da	da	_	_	_	_	_	linguistic	_	none	_	_	_	_	_	_
1850-14	PKP036	1850	1850	14	molto	molto	_	_	_	_	_	linguistic	_	none	_	End=3068.303	_	_	_	_
1851-0	PKP033	1851	1851	0	okay	okay	_	_	_	_	_	linguistic	_	none	_	Begin=3068.88|End=3069.456	_	_	_	_
1852-0	PKP036	1852	1852	0	e::h	eh	_	_	_	_	_	linguistic	_	none	_	Begin=3070.27	0x2	_	_	_
1852-1	PKP036	1852	1852	1	e	e	_	_	_	_	_	linguistic	_	none	_	_	_	_	_	_
1852-2	PKP036	1852	1852	2	niente	niente	_	_	_	_	_	linguistic	_	none	_	End=3071.3	_	_	_	_
1853-0	PKP033	1853	1853	0	quindi	quindi	_	_	_	_	_	linguistic	_	none	_	Begin=3071.3	_	_	_	_
1853-1	PKP033	1853	1853	1	in	in	_	_	_	_	_	linguistic	_	none	_	_	_	_	_	_
1853-2	PKP033	1853	1853	2	casa	casa	_	_	_	_	_	linguistic	_	none	_	_	_	_	_	_
1853-3	PKP033	1853	1853	3	ripetimi	ripetimi	_	_	_	_	_	linguistic	_	none	_	_	_	_	_	_
1853-4	PKP033	1853	1853	4	siete	siete	_	_	_	_	_	linguistic	_	none	_	_	_	_	_	_
1853-5	PKP033	1853	1853	5	tu	tu	_	_	_	_	_	linguistic	_	none	_	_	_	_	_	_
1853-6	PKP033	1853	1853	6	questa	questa	_	_	_	_	_	linguistic	_	none	_	_	_	_	_	_
1853-7	PKP033	1853	1853	7	michi	michi	_	_	_	_	_	linguistic	_	none	_	End=3074.02	_	_	_	_
1854-0	PKP036	1854	1854	0	sì	sì	_	_	_	_	_	linguistic	_	none	_	Begin=3074.05	_	_	_	_
1854-1	PKP036	1854	1854	1	[solo	solo	_	_	_	_	_	linguistic	_	none	_	_	_	_	_	0-4(469)
1854-2	PKP036	1854	1854	2	noi]	noi	_	_	_	_	_	linguistic	_	none	_	End=3074.86	_	_	_	0-3(469)
1855-0	PKP033	1855	1855	0	[mi	mi	_	_	_	_	_	linguistic	_	none	_	Begin=3074.28	_	_	_	0-2(469)
1855-1	PKP033	1855	1855	1	d~	d~	_	_	_	_	_	linguistic	_	none	Interrupted=Yes	_	_	_	_	0-2(469)
1855-2	PKP033	1855	1855	2	mi]	mi	_	_	_	_	_	linguistic	_	none	_	_	_	_	_	0-2(469)
1855-3	PKP033	1855	1855	3	dimentico	dimentico	_	_	_	_	_	linguistic	_	none	_	_	_	_	_	_
1855-4	PKP033	1855	1855	4	il	il	_	_	_	_	_	linguistic	_	none	_	_	_	_	_	_
1855-5	PKP033	1855	1855	5	nome	nome	_	_	_	_	_	linguistic	_	none	_	_	_	_	_	_
1855-6	PKP033	1855	1855	6	scusami	scusami	_	_	_	_	_	linguistic	_	none	_	_	_	_	_	_
1855-7	PKP033	1855	1855	7	ma	ma	_	_	_	_	_	linguistic	_	none	_	End=3076.19	_	_	_	_
1856-0	PKP033	1856	1856	0	[ehm	ehm	_	_	_	_	_	linguistic	_	none	_	Begin=3076.44	_	_	_	0-3(470)
1856-1	PKP033	1856	1856	1	voi	voi	_	_	_	_	_	linguistic	_	none	_	_	_	_	_	0-3(470)
1856-2	PKP033	1856	1856	2	due	due	_	_	_	_	_	linguistic	_	none	_	_	_	_	_	0-3(470)
1856-3	PKP033	1856	1856	3	e	e	_	_	_	_	_	linguistic	_	none	_	_	_	_	_	0-1(470)
1856-4	PKP033	1856	1856	4	mi]chi	michi	_	_	_	_	_	linguistic	_	none	PauseAfter=Yes	_	_	_	_	0-2(470)
1856-5	PKP033	1856	1856	5	{P}	{P}	_	_	_	_	_	shortpause	_	none	_	_	_	_	_	_
1856-6	PKP033	1856	1856	6	[okay]	okay	_	_	_	_	_	linguistic	_	none	_	End=3078.28	_	_	_	0-4(471)
1857-0	PKP036	1857	1857	0	[xx	xx	_	_	_	_	_	unknown	_	none	Syllables=2	Begin=3076.46	_	_	_	0-2(470)
1857-1	PKP036	1857	1857	1	xx]	xx	_	_	_	_	_	unknown	_	none	Syllables=2	End=3077.6	_	_	_	0-2(470)
1858-0	PKP036	1858	1858	0	[sì]	sì	_	_	_	_	_	linguistic	_	none	_	Begin=3077.84|End=3078.25	_	_	_	0-2(471)
1859-0	PKP036	1859	1859	0	sì	sì	_	_	_	_	_	linguistic	_	none	_	Begin=3078.59	_	_	_	_
1859-1	PKP036	1859	1859	1	sì	sì	_	_	_	_	_	linguistic	_	none	_	_	_	_	_	_
1859-2	PKP036	1859	1859	2	sì	sì	_	_	_	_	_	linguistic	_	none	_	End=3079.29	_	_	_	_
1860-0	PKP033	1860	1860	0	quello	quello	_	_	_	_	_	linguistic	_	none	_	Begin=3079.32	_	_	_	_
1860-1	PKP033	1860	1860	1	è	è	_	_	_	_	_	linguistic	_	none	_	_	_	_	_	_
1860-2	PKP033	1860	1860	2	rimasto	rimasto	_	_	_	_	_	linguistic	_	none	_	_	_	_	_	_
1860-3	PKP033	1860	1860	3	uguale	uguale	_	_	_	_	_	linguistic	_	none	_	End=3080.33	_	_	_	_
1861-0	PKP036	1861	1861	0	sì	sì	_	_	_	_	_	linguistic	_	none	_	Begin=3080.33	_	_	_	_
1861-1	PKP036	1861	1861	1	quello	quello	_	_	_	_	_	linguistic	_	none	_	_	_	_	_	_
1861-2	PKP036	1861	1861	2	è	è	_	_	_	_	_	linguistic	_	none	_	_	_	_	_	_
1861-3	PKP036	1861	1861	3	rima[sto	rimasto	_	_	_	_	_	linguistic	_	none	_	_	_	_	_	4-7(472)
1861-4	PKP036	1861	1861	4	ugua]le	uguale	_	_	_	_	_	linguistic	_	none	_	End=3081.921	_	_	_	0-4(472)
1862-0	PKP033	1862	1862	0	[okay]	okay	_	_	_	_	_	linguistic	_	none	_	Begin=3080.97|End=3081.34	_	_	_	0-4(472)
1863-0	PKP033	1863	1863	0	°okay	okay	_	_	_	_	_	linguistic	_	none	Volume=low	Begin=3082.79	_	_	_	_
1863-1	PKP033	1863	1863	1	okay°	okay	_	_	_	_	_	linguistic	_	none	Volume=low	End=3083.39	_	_	_	_
1864-0	PKP033	1864	1864	0	ho	ho	_	_	_	_	_	linguistic	_	none	_	Begin=3083.601	_	_	_	_
1864-1	PKP033	1864	1864	1	capit[o]	capito	_	_	_	_	_	linguistic	_	none	_	End=3084.23	_	_	_	5-6(473)
1865-0	PKP036	1865	1865	0	[e]	e	_	_	_	_	_	linguistic	_	none	_	Begin=3084.13	_	_	_	0-1(473)
1865-1	PKP036	1865	1865	1	rimarrà	rimarrà	_	_	_	_	_	linguistic	_	none	_	_	_	_	_	_
1865-2	PKP036	1865	1865	2	uguale	uguale	_	_	_	_	_	linguistic	_	none	_	End=3085.04	_	_	_	_
1866-0	PKP036	1866	1866	0	{ride}	{ride}	_	_	_	_	_	nonverbalbehavior	_	none	_	Begin=3086.26|End=3087.04	_	_	_	_
1867-0	PKP033	1867	1867	0	cioè	cioè	_	_	_	_	_	linguistic	_	none	_	Begin=3087.67	_	_	_	_
1867-1	PKP033	1867	1867	1	p~	p~	_	_	_	_	_	linguistic	_	none	Interrupted=Yes	End=3088.177	_	_	_	_
1868-0	PKP037	1868	1868	0	{ride}	{ride}	_	_	_	_	_	nonverbalbehavior	_	none	_	Begin=3088.159|End=3089.339	_	_	_	_
1869-0	PKP036	1869	1869	0	non	non	_	_	_	_	_	linguistic	_	none	_	Begin=3088.177	_	_	_	_
1869-1	PKP036	1869	1869	1	vogliamo	vogliamo	_	_	_	_	_	linguistic	_	none	_	_	_	_	_	_
1869-2	PKP036	1869	1869	2	nessun	nessun	_	_	_	_	_	linguistic	_	none	_	_	_	_	_	_
1869-3	PKP036	1869	1869	3	altro	altro	_	_	_	_	_	linguistic	_	none	_	_	_	_	_	_
1869-4	PKP036	1869	1869	4	{ride}	{ride}	_	_	_	_	_	nonverbalbehavior	_	none	_	End=3090.69	_	_	_	_
1870-0	PKP033	1870	1870	0	il	il	_	_	_	_	_	linguistic	_	none	_	Begin=3089.61	_	_	_	_
1870-1	PKP033	1870	1870	1	progetto	progetto	_	_	_	_	_	linguistic	_	none	_	_	_	_	_	_
1870-2	PKP033	1870	1870	2	è	è	_	_	_	_	_	linguistic	_	none	_	_	_	_	_	_
1870-3	PKP033	1870	1870	3	questo	questo	_	_	_	_	_	linguistic	_	none	_	End=3090.69	_	_	_	_
1871-0	PKP037	1871	1871	0	{ride}	{ride}	_	_	_	_	_	nonverbalbehavior	_	none	_	Begin=3090.63|End=3091.32	_	_	_	_
1872-0	PKP036	1872	1872	0	sì	sì	_	_	_	_	_	linguistic	_	none	_	Begin=3090.91	_	_	_	_
1872-1	PKP036	1872	1872	1	questo	questo	_	_	_	_	_	linguistic	_	none	_	_	_	_	_	_
1872-2	PKP036	1872	1872	2	è	è	_	_	_	_	_	linguistic	_	none	_	_	_	_	_	_
1872-3	PKP036	1872	1872	3	il	il	_	_	_	_	_	linguistic	_	none	_	_	_	_	_	_
1872-4	PKP036	1872	1872	4	[sen]so	senso	_	_	_	_	_	linguistic	_	none	_	End=3092.76	_	_	_	0-3(475)
1873-0	PKP033	1873	1873	0	[okay]	okay	_	_	_	_	_	linguistic	_	none	_	Begin=3091.68|End=3092.07	_	_	_	0-4(475)
1874-0	PKP036	1874	1874	0	poi	poi	_	_	_	_	_	linguistic	_	none	_	Begin=3092.81	_	_	_	_
1874-1	PKP036	1874	1874	1	poi	poi	_	_	_	_	_	linguistic	_	none	_	_	_	_	_	_
1874-2	PKP036	1874	1874	2	non	non	_	_	_	_	_	linguistic	_	none	_	_	_	_	_	_
1874-3	PKP036	1874	1874	3	lo	lo	_	_	_	_	_	linguistic	_	none	_	_	_	_	_	_
1874-4	PKP036	1874	1874	4	so	so	_	_	_	_	_	linguistic	_	none	_	End=3093.99	_	_	_	_
1875-0	PKP033	1875	1875	0	okay	okay	_	_	_	_	_	linguistic	_	none	_	Begin=3094.73	_	_	_	_
1875-1	PKP033	1875	1875	1	ok[ay	okay	_	_	_	_	_	linguistic	_	none	_	_	_	_	_	2-4(476)
1875-2	PKP033	1875	1875	2	°capito	capito	_	_	_	_	_	linguistic	_	none	Volume=low	_	_	_	_	0-6(476)
1875-3	PKP033	1875	1875	3	capito°]	capito	_	_	_	_	_	linguistic	_	none	Volume=low	End=3096.63	_	_	_	0-6(476)
1876-0	PKP036	1876	1876	0	[se	se	_	_	_	_	_	linguistic	_	none	_	Begin=3095.24	_	_	_	0-2(476)
1876-1	PKP036	1876	1876	1	se	se	_	_	_	_	_	linguistic	_	none	_	_	_	_	_	0-2(476)
1876-2	PKP036	1876	1876	2	ne	ne	_	_	_	_	_	linguistic	_	none	_	_	_	_	_	0-2(476)
1876-3	PKP036	1876	1876	3	vuole	vuole	_	_	_	_	_	linguistic	_	none	_	_	_	_	_	0-5(476)
1876-4	PKP036	1876	1876	4	andare]	andare	_	_	_	_	_	linguistic	_	none	_	End=3096.63	_	_	_	0-6(476)
1877-0	PKP036	1877	1877	0	se	se	_	_	_	_	_	linguistic	_	none	_	Begin=3096.68	_	_	_	_
1877-1	PKP036	1877	1877	1	roberto	roberto	_	_	_	_	_	linguistic	_	none	_	_	_	_	_	_
1877-2	PKP036	1877	1877	2	se	se	_	_	_	_	_	linguistic	_	none	_	_	_	_	_	_
1877-3	PKP036	1877	1877	3	ne	ne	_	_	_	_	_	linguistic	_	none	_	_	_	_	_	_
1877-4	PKP036	1877	1877	4	vuole	vuole	_	_	_	_	_	linguistic	_	none	_	_	_	_	_	_
1877-5	PKP036	1877	1877	5	andare	andare	_	_	_	_	_	linguistic	_	none	_	End=3098.18	_	_	_	_
1878-0	PKP037	1878	1878	0	chi	chi	_	_	_	_	_	linguistic	_	none	_	Begin=3098.18	_	_	_	_
1878-1	PKP037	1878	1878	1	lo	lo	_	_	_	_	_	linguistic	_	none	_	_	_	_	_	_
1878-2	PKP037	1878	1878	2	sa	sa	_	_	_	_	_	linguistic	_	none	_	End=3098.76	_	_	_	_
1879-0	PKP033	1879	1879	0	vabbè	vabbè	_	_	_	_	_	linguistic	_	none	_	Begin=3099.19	_	_	_	_
1879-1	PKP033	1879	1879	1	intanto	intanto	_	_	_	_	_	linguistic	_	none	_	_	_	_	_	_
1879-2	PKP033	1879	1879	2	per	per	_	_	_	_	_	linguistic	_	none	_	_	_	_	_	_
1879-3	PKP033	1879	1879	3	un	un	_	_	_	_	_	linguistic	_	none	_	_	_	_	_	_
1879-4	PKP033	1879	1879	4	anno	anno	_	_	_	_	_	linguistic	_	none	_	_	_	_	_	_
1879-5	PKP033	1879	1879	5	sei	sei	_	_	_	_	_	linguistic	_	none	_	_	_	_	_	_
1879-6	PKP033	1879	1879	6	all'	all'	_	_	_	_	_	linguistic	_	none	SpaceAfter=No	_	_	_	_	_
1879-7	PKP033	1879	1879	7	unibo	unibo	_	_	_	_	_	linguistic	_	none	_	_	_	_	_	_
1879-8	PKP033	1879	1879	8	quindi	quindi	_	_	_	_	_	linguistic	_	none	_	End=3101.46	_	_	_	_
1880-0	PKP037	1880	1880	0	eh	eh	_	_	_	_	_	linguistic	_	none	_	Begin=3101.62	_	_	_	_
1880-1	PKP037	1880	1880	1	in[fatti]	infatti	_	_	_	_	_	linguistic	_	none	_	End=3102.31	_	_	_	2-7(477)
1881-0	PKP036	1881	1881	0	[sì]	sì	_	_	_	_	_	linguistic	_	none	_	Begin=3101.81|End=3102.28	_	_	_	0-2(477)
1882-0	PKP037	1882	1882	0	poi	poi	_	_	_	_	_	linguistic	_	none	_	Begin=3102.49	_	_	_	_
1882-1	PKP037	1882	1882	1	tra	tra	_	_	_	_	_	linguistic	_	none	_	_	_	_	_	_
1882-2	PKP037	1882	1882	2	un	un	_	_	_	_	_	linguistic	_	none	_	_	_	_	_	_
1882-3	PKP037	1882	1882	3	anno	anno	_	_	_	_	_	linguistic	_	none	_	_	_	_	_	_
1882-4	PKP037	1882	1882	4	ci	ci	_	_	_	_	_	linguistic	_	none	_	_	_	_	_	_
1882-5	PKP037	1882	1882	5	scadono	scadono	_	_	_	_	_	linguistic	_	none	_	_	_	_	_	_
1882-6	PKP037	1882	1882	6	tutti	tutti	_	_	_	_	_	linguistic	_	none	_	_	_	_	_	_
1882-7	PKP037	1882	1882	7	i	i	_	_	_	_	_	linguistic	_	none	_	_	_	_	_	_
1882-8	PKP037	1882	1882	8	contratti	contratti	_	_	_	_	_	linguistic	_	none	_	_	_	_	_	_
1882-9	PKP037	1882	1882	9	a	a	_	_	_	_	_	linguistic	_	none	_	_	_	_	_	_
1882-10	PKP037	1882	1882	10	me	me	_	_	_	_	_	linguistic	_	none	_	_	_	_	_	_
1882-11	PKP037	1882	1882	11	a	a	_	_	_	_	_	linguistic	_	none	_	_	_	_	_	_
1882-12	PKP037	1882	1882	12	michela	michela	_	_	_	_	_	linguistic	_	none	_	End=3105.2	_	_	_	_
1883-0	PKP036	1883	1883	0	a	a	_	_	_	_	_	linguistic	_	none	_	Begin=3105.2	_	_	_	_
1883-1	PKP036	1883	1883	1	me	me	_	_	_	_	_	linguistic	_	none	_	_	_	_	_	_
1883-2	PKP036	1883	1883	2	non	non	_	_	_	_	_	linguistic	_	none	_	_	_	_	_	_
1883-3	PKP036	1883	1883	3	me	me	_	_	_	_	_	linguistic	_	none	_	_	_	_	_	_
1883-4	PKP036	1883	1883	4	scad[e]	scade	_	_	_	_	_	linguistic	_	none	_	End=3106.38	_	_	_	4-5(478)
1884-0	PKP037	1884	1884	0	[a]	a	_	_	_	_	_	linguistic	_	none	_	Begin=3106.088	_	_	_	0-1(478)
1884-1	PKP037	1884	1884	1	te	te	_	_	_	_	_	linguistic	_	none	_	_	_	_	_	_
1884-2	PKP037	1884	1884	2	no	no	_	_	_	_	_	linguistic	_	none	_	_	_	_	_	_
1884-3	PKP037	1884	1884	3	però	però	_	_	_	_	_	linguistic	_	none	_	End=3106.804	_	_	_	_
1885-0	PKP033	1885	1885	0	mhmh	mhmh	_	_	_	_	_	linguistic	_	none	_	Begin=3107.1|End=3107.6	_	_	_	_
1886-0	PKP036	1886	1886	0	°non	non	_	_	_	_	_	linguistic	_	none	Volume=low	Begin=3107.63	_	_	_	_
1886-1	PKP036	1886	1886	1	scherziamo°	scherziamo	_	_	_	_	_	linguistic	_	none	Volume=low	End=3108.27	_	_	_	_
1887-0	PKP037	1887	1887	0	te	te	_	_	_	_	_	linguistic	_	none	_	Begin=3108.39	_	_	_	_
1887-1	PKP037	1887	1887	1	fai	fai	_	_	_	_	_	linguistic	_	none	_	_	_	_	_	_
1887-2	PKP037	1887	1887	2	licenziare	licenziare	_	_	_	_	_	linguistic	_	none	_	End=3109.29	_	_	_	_
1888-0	PKP036	1888	1888	0	°eh	eh	_	_	_	_	_	linguistic	_	none	Volume=low	Begin=3109.82	_	_	_	_
1888-1	PKP036	1888	1888	1	sì°	sì	_	_	_	_	_	linguistic	_	none	Volume=low	End=3110.18	_	_	_	_
1889-0	PKP033	1889	1889	0	no	no	_	_	_	_	_	linguistic	_	none	_	Begin=3110.32	_	_	_	_
1889-1	PKP033	1889	1889	1	è	è	_	_	_	_	_	linguistic	_	none	_	_	_	_	_	_
1889-2	PKP033	1889	1889	2	dove	dove	_	_	_	_	_	linguistic	_	none	_	_	_	_	_	_
1889-3	PKP033	1889	1889	3	[an]date	andate	_	_	_	_	_	linguistic	_	none	_	_	_	_	_	0-2(479)
1889-4	PKP033	1889	1889	4	oh	oh	_	_	_	_	_	linguistic	_	none	_	End=3111.48	_	_	_	_
1890-0	PKP037	1890	1890	0	[no]	no	_	_	_	_	_	linguistic	_	none	_	Begin=3110.66|End=3110.86	_	_	_	0-2(479)
1891-0	PKP036	1891	1891	0	[infat~]	infat~	_	_	_	_	_	linguistic	_	none	Interrupted=Yes	Begin=3111.5|End=3111.845	_	_	_	0-6(480)
1892-0	PKP037	1892	1892	0	[no	no	_	_	_	_	_	linguistic	_	none	_	Begin=3111.5	_	_	_	0-2(480)
1892-1	PKP037	1892	1892	1	infa~]	infa~	_	_	_	_	_	linguistic	_	none	Interrupted=Yes	_	_	_	_	0-5(480)
1892-2	PKP037	1892	1892	2	{ride}	{ride}	_	_	_	_	_	nonverbalbehavior	_	none	_	End=3112.447	_	_	_	_
1893-0	PKP033	1893	1893	0	{ride}	{ride}	_	_	_	_	_	nonverbalbehavior	_	none	_	Begin=3111.8|End=3113.21	_	_	_	_
1894-0	PKP036	1894	1894	0	prendo	prendo	_	_	_	_	_	linguistic	_	none	_	Begin=3113.19	_	_	_	_
1894-1	PKP036	1894	1894	1	e	e	_	_	_	_	_	linguistic	_	none	_	_	_	_	_	_
1894-2	PKP036	1894	1894	2	vado	vado	_	_	_	_	_	linguistic	_	none	_	_	_	_	_	_
1894-3	PKP036	1894	1894	3	tanto	tanto	_	_	_	_	_	linguistic	_	none	_	_	_	_	_	_
1894-4	PKP036	1894	1894	4	{ride}	{ride}	_	_	_	_	_	nonverbalbehavior	_	none	_	End=3114.45	_	_	_	_
1895-0	PKP033	1895	1895	0	mhmh	mhmh	_	_	_	_	_	linguistic	_	none	_	Begin=3114.465|End=3115.065	_	_	_	_
1896-0	PKP036	1896	1896	0	no	no	_	_	_	_	_	linguistic	_	none	_	Begin=3115.32	_	_	_	_
1896-1	PKP036	1896	1896	1	però	però	_	_	_	_	_	linguistic	_	none	_	End=3116.08	_	_	_	_
1897-0	PKP037	1897	1897	0	e	e	_	_	_	_	_	linguistic	_	none	_	Begin=3117.09	_	_	_	_
1897-1	PKP037	1897	1897	1	a	a	_	_	_	_	_	linguistic	_	none	_	_	_	_	_	_
1897-2	PKP037	1897	1897	2	te	te	_	_	_	_	_	linguistic	_	none	_	_	_	_	_	_
1897-3	PKP037	1897	1897	3	come	come	_	_	_	_	_	linguistic	_	none	_	_	_	_	_	_
1897-4	PKP037	1897	1897	4	va	va	_	_	_	_	_	linguistic	_	none	_	_	_	_	_	_
1897-5	PKP037	1897	1897	5	il	il	_	_	_	_	_	linguistic	_	none	_	_	_	_	_	_
1897-6	PKP037	1897	1897	6	lavoro?	lavoro	_	_	_	_	_	linguistic	_	none	Intonation=Rising	End=3118.21	_	_	_	_
1898-0	PKP033	1898	1898	0	eh	eh	_	_	_	_	_	linguistic	_	none	_	Begin=3118.835	_	_	_	_
1898-1	PKP033	1898	1898	1	allora	allora	_	_	_	_	_	linguistic	_	none	_	End=3119.83	_	_	_	_
1899-0	PKP033	1899	1899	0	no	no	_	_	_	_	_	linguistic	_	none	_	Begin=3120.21	_	_	_	_
1899-1	PKP033	1899	1899	1	questo	questo	_	_	_	_	_	linguistic	_	none	_	_	_	_	_	_
1899-2	PKP033	1899	1899	2	non	non	_	_	_	_	_	linguistic	_	none	_	_	_	_	_	_
1899-3	PKP033	1899	1899	3	si	si	_	_	_	_	_	linguistic	_	none	_	_	_	_	_	_
1899-4	PKP033	1899	1899	4	può	può	_	_	_	_	_	linguistic	_	none	_	_	_	_	_	_
1899-5	PKP033	1899	1899	5	registrare	registrare	_	_	_	_	_	linguistic	_	none	_	_	_	_	_	_
1899-6	PKP033	1899	1899	6	{ride}	{ride}	_	_	_	_	_	nonverbalbehavior	_	none	_	End=3122.794	_	_	_	_
1900-0	PKP037	1900	1900	0	no:	no	_	_	_	_	_	linguistic	_	none	_	Begin=3121.53	1x1	_	_	_
1900-1	PKP037	1900	1900	1	{ride}	{ride}	_	_	_	_	_	nonverbalbehavior	_	none	_	End=3122.79	_	_	_	_
1901-0	PKP036	1901	1901	0	{ride}	{ride}	_	_	_	_	_	nonverbalbehavior	_	none	_	Begin=3121.56|End=3122.794	_	_	_	_
