token_id	speaker	tu_id	id	span	form	lemma	upos	xpos	feats	deprel	type	meta_label	code-variation	jefferson_feats	align	prolongations	pace	guesses	overlaps
0-0	PKP136	0	0	avviata,	avviata	_	_	_	_	_	linguistic	_	ContainsVariation=No	Intonation=WeaklyRising	Begin=0.49	_	_	_	_
0-1	PKP136	0	1	ok	ok	_	_	_	_	_	linguistic	_	ContainsVariation=No	_	End=2.214	_	_	_	_
1-0	PKP136	1	0	perfetto	perfetto	_	_	_	_	_	linguistic	_	ContainsVariation=No	_	Begin=2.856	_	_	_	_
1-1	PKP136	1	1	[bene	bene	_	_	_	_	_	linguistic	_	ContainsVariation=No	_	_	_	_	_	0-4(0)
1-2	PKP136	1	2	allora	allora	_	_	_	_	_	linguistic	_	ContainsVariation=No	_	_	_	_	_	0-6(0)
1-3	PKP136	1	3	buon]	buon	_	_	_	_	_	linguistic	_	ContainsVariation=No	_	_	_	_	_	0-4(0)
1-4	PKP136	1	4	appeti[to]	appetito	_	_	_	_	_	linguistic	_	ContainsVariation=No	_	End=5.065	_	_	_	6-8(1)
2-0	PKP141	2	0	[bene	bene	_	_	_	_	_	linguistic	_	ContainsVariation=No	_	Begin=3.371	_	_	_	0-4(0)
2-1	PKP141	2	1	buon	buon	_	_	_	_	_	linguistic	_	ContainsVariation=No	_	_	_	_	_	0-4(0)
2-2	PKP141	2	2	appetito]	appetito	_	_	_	_	_	linguistic	_	ContainsVariation=No	_	End=4.5	_	_	_	0-8(0)
3-0	PKP142	3	0	[buon	buon	_	_	_	_	_	linguistic	_	ContainsVariation=No	_	Begin=4.829	_	_	_	0-4(1)
3-1	PKP142	3	1	a]ppe(tito)	appetito	_	_	_	_	_	linguistic	_	ContainsVariation=No	_	End=5.718	_	_	4-8(0)	0-1(1)
4-0	PKP142	4	0	franca,	franca	_	_	_	_	_	linguistic	_	ContainsVariation=No	Intonation=WeaklyRising	Begin=6.732|End=7.417	_	_	_	_
5-0	PKP141	5	0	ah	ah	_	_	_	_	_	linguistic	_	ContainsVariation=No	_	Begin=7.883	_	_	_	_
5-1	PKP141	5	1	sono	sono	_	_	_	_	_	linguistic	_	ContainsVariation=No	_	_	_	_	_	_
5-2	PKP141	5	2	(io)	io	_	_	_	_	_	linguistic	_	ContainsVariation=No	_	End=9.286	_	_	0-2(0)	_
6-0	PKP141	6	0	che	che	_	_	_	_	_	linguistic	_	ContainsVariation=No	_	Begin=10.198	_	_	_	_
6-1	PKP141	6	1	devo	devo	_	_	_	_	_	linguistic	_	ContainsVariation=No	_	_	_	_	_	_
6-2	PKP141	6	2	fare?	fare	_	_	_	_	_	linguistic	_	ContainsVariation=No	Intonation=Rising	End=11.185	_	_	_	_
7-0	PKP136	7	0	no:	no	_	_	_	_	_	linguistic	_	ContainsVariation=No	_	Begin=11.59	1x1	_	_	_
7-1	PKP136	7	1	d'	d'	_	_	_	_	_	linguistic	_	ContainsVariation=No	SpaceAfter=No	_	_	_	_	_
7-2	PKP136	7	2	ì	ì	_	_	_	_	_	linguistic	_	ContainsVariation=No	_	_	_	_	_	_
7-3	PKP136	7	3	ti	ti	_	_	_	_	_	linguistic	_	ContainsVariation=No	_	_	_	_	_	_
7-4	PKP136	7	4	è	è	_	_	_	_	_	linguistic	_	ContainsVariation=No	_	_	_	_	_	_
7-5	PKP136	7	5	scoppiato	scoppiato	_	_	_	_	_	linguistic	_	ContainsVariation=No	_	_	_	_	_	_
7-6	PKP136	7	6	il	il	_	_	_	_	_	linguistic	_	ContainsVariation=No	_	_	_	_	_	_
7-7	PKP136	7	7	motore	motore	_	_	_	_	_	linguistic	_	ContainsVariation=No	_	End=13.54	_	_	_	_
8-0	PKP136	8	0	[io	io	_	_	_	_	_	linguistic	_	ContainsVariation=No	_	Begin=13.54	_	_	_	0-2(2)
8-1	PKP136	8	1	ho	ho	_	_	_	_	_	linguistic	_	ContainsVariation=No	_	_	_	_	_	0-2(2)
8-2	PKP136	8	2	ca]pito	capito	_	_	_	_	_	linguistic	_	ContainsVariation=No	_	_	_	_	_	0-2(2)
8-3	PKP136	8	3	molto	molto	_	_	_	_	_	linguistic	_	ContainsVariation=No	_	_	_	_	_	_
8-4	PKP136	8	4	poco	poco	_	_	_	_	_	linguistic	_	ContainsVariation=No	_	_	_	_	_	_
8-5	PKP136	8	5	in	in	_	_	_	_	_	linguistic	_	ContainsVariation=No	_	_	_	_	_	_
8-6	PKP136	8	6	realtà	realtà	_	_	_	_	_	linguistic	_	ContainsVariation=No	_	_	_	_	_	_
8-7	PKP136	8	7	di	di	_	_	_	_	_	linguistic	_	ContainsVariation=No	_	_	_	_	_	_
8-8	PKP136	8	8	quello	quello	_	_	_	_	_	linguistic	_	ContainsVariation=No	_	_	_	_	_	_
8-9	PKP136	8	9	[che	che	_	_	_	_	_	linguistic	_	ContainsVariation=No	_	_	_	_	_	0-3(3)
8-10	PKP136	8	10	è	è	_	_	_	_	_	linguistic	_	ContainsVariation=No	_	_	_	_	_	0-1(3)
8-11	PKP136	8	11	successo	successo	_	_	_	_	_	linguistic	_	ContainsVariation=No	_	_	_	_	_	0-8(3)
8-12	PKP136	8	12	l'	l'	_	_	_	_	_	linguistic	_	ContainsVariation=No	SpaceAfter=No	_	_	_	_	0-2(3)
8-13	PKP136	8	13	altro	altro	_	_	_	_	_	linguistic	_	ContainsVariation=No	_	_	_	_	_	0-5(3)
8-14	PKP136	8	14	gior~	gior~	_	_	_	_	_	linguistic	_	ContainsVariation=No	Interrupted=Yes	_	_	_	_	0-5(3)
8-15	PKP136	8	15	ieri]	ieri	_	_	_	_	_	linguistic	_	ContainsVariation=No	_	End=16.973	_	_	_	0-4(3)
9-0	PKP141	9	0	[mh]	mh	_	_	_	_	_	linguistic	_	ContainsVariation=No	_	Begin=13.54|End=14.07	_	_	_	0-2(2)
10-0	PKP141	10	0	[okay	okay	_	_	_	_	_	linguistic	_	ContainsVariation=No	_	Begin=15.195	_	_	_	0-4(3)
10-1	PKP141	10	1	allora	allora	_	_	_	_	_	linguistic	_	ContainsVariation=No	_	_	_	_	_	0-6(3)
10-2	PKP141	10	2	ti	ti	_	_	_	_	_	linguistic	_	ContainsVariation=No	_	_	_	_	_	0-2(3)
10-3	PKP141	10	3	parto	parto	_	_	_	_	_	linguistic	_	ContainsVariation=No	_	_	_	_	_	0-5(3)
10-4	PKP141	10	4	pri(ma)	prima	_	_	_	_	_	linguistic	_	ContainsVariation=No	_	_	_	_	3-5(0)	0-5(3)
10-5	PKP141	10	5	da~]	da~	_	_	_	_	_	linguistic	_	ContainsVariation=No	Interrupted=Yes	_	_	_	_	0-3(3)
10-6	PKP141	10	6	dal	dal	_	_	_	_	_	linguistic	_	ContainsVariation=No	_	_	_	_	_	_
10-7	PKP141	10	7	finale	finale	_	_	_	_	_	linguistic	_	ContainsVariation=No	_	End=17.646	_	_	_	_
11-0	PKP136	11	0	((ride))	((ride))	_	_	_	_	_	nonverbalbehavior	_	ContainsVariation=No	_	Begin=17.971	_	_	_	_
11-1	PKP136	11	1	va[i::]	vai	_	_	_	_	_	linguistic	_	ContainsVariation=No	_	End=18.959	2x2	_	_	2-3(4)
12-0	PKP141	12	0	[dal	dal	_	_	_	_	_	linguistic	_	ContainsVariation=No	_	Begin=18.53	_	_	_	0-3(4)
12-1	PKP141	12	1	fina]le	finale	_	_	_	_	_	linguistic	_	ContainsVariation=No	_	_	_	_	_	0-4(4)
12-2	PKP141	12	2	p[artiamo]	partiamo	_	_	_	_	_	linguistic	_	ContainsVariation=No	_	End=19.939	_	_	_	1-8(5)
13-0	PKP136	13	0	[la	la	_	_	_	_	_	linguistic	_	ContainsVariation=No	_	Begin=19.294	_	_	_	0-2(5)
13-1	PKP136	13	1	ricostruzio]ne?	ricostruzione	_	_	_	_	_	linguistic	_	ContainsVariation=No	Intonation=Rising	End=20.388	_	_	_	0-11(5)
14-0	PKP141	14	0	sì	sì	_	_	_	_	_	linguistic	_	ContainsVariation=No	_	Begin=20.81|End=21.38	_	_	_	_
15-0	PKP141	15	0	allora	allora	_	_	_	_	_	linguistic	_	ContainsVariation=No	_	Begin=21.38	_	_	_	_
15-1	PKP141	15	1	raga(zzi)	ragazzi	_	_	_	_	_	linguistic	_	ContainsVariation=No	_	_	_	_	4-7(0)	_
15-2	PKP141	15	2	[è	è	_	_	_	_	_	linguistic	_	ContainsVariation=No	_	_	_	_	_	0-1(6)
15-3	PKP141	15	3	ancora	ancora	_	_	_	_	_	linguistic	_	ContainsVariation=No	_	_	_	_	_	0-6(6)
15-4	PKP141	15	4	un	un	_	_	_	_	_	linguistic	_	ContainsVariation=No	_	_	_	_	_	0-2(6)
15-5	PKP141	15	5	po'	po'	_	_	_	_	_	linguistic	_	ContainsVariation=No	_	_	_	_	_	0-3(6)
15-6	PKP141	15	6	fre]dda	fredda	_	_	_	_	_	linguistic	_	ContainsVariation=No	_	_	_	_	_	0-3(6)
15-7	PKP141	15	7	però	però	_	_	_	_	_	linguistic	_	ContainsVariation=No	_	End=23.762	_	_	_	_
16-0	PKP142	16	0	[è	è	_	_	_	_	_	linguistic	_	ContainsVariation=No	_	Begin=22.274	_	_	_	0-1(6)
16-1	PKP142	16	1	cotta]?	cotta	_	_	_	_	_	linguistic	_	ContainsVariation=No	Intonation=Rising	End=23.158	_	_	_	0-5(6)
17-0	PKP136	17	0	((mangia))	((mangia))	_	_	_	_	_	nonverbalbehavior	_	ContainsVariation=No	_	Begin=23.762	_	_	_	_
17-1	PKP136	17	1	no	no	_	_	_	_	_	linguistic	_	ContainsVariation=No	_	_	_	_	_	_
17-2	PKP136	17	2	a	a	_	_	_	_	_	linguistic	_	ContainsVariation=No	_	_	_	_	_	_
17-3	PKP136	17	3	me	me	_	_	_	_	_	linguistic	_	ContainsVariation=No	_	_	_	_	_	_
17-4	PKP136	17	4	è	è	_	_	_	_	_	linguistic	_	ContainsVariation=No	_	_	_	_	_	_
17-5	PKP136	17	5	calda	calda	_	_	_	_	_	linguistic	_	ContainsVariation=No	_	End=24.943	_	_	_	_
18-0	PKP141	18	0	a	a	_	_	_	_	_	linguistic	_	ContainsVariation=No	_	Begin=24.987	_	_	_	_
18-1	PKP141	18	1	me	me	_	_	_	_	_	linguistic	_	ContainsVariation=No	_	_	_	_	_	_
18-2	PKP141	18	2	è	è	_	_	_	_	_	linguistic	_	ContainsVariation=No	_	_	_	_	_	_
18-3	PKP141	18	3	fredda	fredda	_	_	_	_	_	linguistic	_	ContainsVariation=No	_	End=25.976	_	_	_	_
19-0	PKP142	19	0	m[a	ma	_	_	_	_	_	linguistic	_	ContainsVariation=No	_	Begin=26.376	_	_	_	1-2(7)
19-1	PKP142	19	1	è	è	_	_	_	_	_	linguistic	_	ContainsVariation=No	_	_	_	_	_	0-1(7)
19-2	PKP142	19	2	cotta]?	cotta	_	_	_	_	_	linguistic	_	ContainsVariation=No	Intonation=Rising	End=27.258	_	_	_	0-5(7)
20-0	PKP136	20	0	[cotta	cotta	_	_	_	_	_	linguistic	_	ContainsVariation=No	_	Begin=26.46	_	_	_	0-5(7)
20-1	PKP136	20	1	è	è	_	_	_	_	_	linguistic	_	ContainsVariation=No	_	_	_	_	_	0-1(7)
20-2	PKP136	20	2	cotta]	cotta	_	_	_	_	_	linguistic	_	ContainsVariation=No	PauseAfter=Yes	_	_	_	_	0-5(7)
20-3	PKP136	20	3	(.)	(.)	_	_	_	_	_	shortpause	_	ContainsVariation=No	_	_	_	_	_	_
20-4	PKP136	20	4	[è	è	_	_	_	_	_	linguistic	_	ContainsVariation=No	_	_	_	_	_	0-1(8)
20-5	PKP136	20	5	buonissima]	buonissima	_	_	_	_	_	linguistic	_	ContainsVariation=No	_	End=28.563	_	_	_	0-10(8)
21-0	PKP142	21	0	[okay	okay	_	_	_	_	_	linguistic	_	ContainsVariation=No	_	Begin=27.646	_	_	_	0-4(8)
21-1	PKP142	21	1	xx]	xx	_	_	_	_	_	unknown	_	ContainsVariation=No	Syllables=2	End=28.51	_	_	_	0-2(8)
22-0	PKP141	22	0	[N]O	no	_	_	_	_	_	linguistic	_	ContainsVariation=No	Volume=high	Begin=28.51	_	_	_	0-1(9)
22-1	PKP141	22	1	è	è	_	_	_	_	_	linguistic	_	ContainsVariation=No	_	_	_	_	_	_
22-2	PKP141	22	2	calda	calda	_	_	_	_	_	linguistic	_	ContainsVariation=No	_	_	_	_	_	_
22-3	PKP141	22	3	c'	c'	_	_	_	_	_	linguistic	_	ContainsVariation=No	SpaceAfter=No	_	_	_	_	_
22-4	PKP141	22	4	era	era	_	_	_	_	_	linguistic	_	ContainsVariation=No	_	_	_	_	_	_
22-5	PKP141	22	5	una	una	_	_	_	_	_	linguistic	_	ContainsVariation=No	_	_	_	_	_	_
22-6	PKP141	22	6	parte	parte	_	_	_	_	_	linguistic	_	ContainsVariation=No	_	_	_	_	_	_
22-7	PKP141	22	7	esterna	esterna	_	_	_	_	_	linguistic	_	ContainsVariation=No	_	_	_	_	_	_
22-8	PKP141	22	8	fredda	fredda	_	_	_	_	_	linguistic	_	ContainsVariation=No	_	_	_	_	_	_
22-9	PKP141	22	9	non	non	_	_	_	_	_	linguistic	_	ContainsVariation=No	_	_	_	_	_	_
22-10	PKP141	22	10	so	so	_	_	_	_	_	linguistic	_	ContainsVariation=No	_	_	_	_	_	_
22-11	PKP141	22	11	per	per	_	_	_	_	_	linguistic	_	ContainsVariation=No	_	_	_	_	_	_
22-12	PKP141	22	12	qua[le	quale	_	_	_	_	_	linguistic	_	ContainsVariation=No	_	_	_	_	_	2-5(10)
22-13	PKP141	22	13	motivo]	motivo	_	_	_	_	_	linguistic	_	ContainsVariation=No	_	End=31.944	_	_	_	0-6(10)
23-0	PKP136	23	0	[ma	ma	_	_	_	_	_	linguistic	_	ContainsVariation=No	_	Begin=31.349	_	_	_	0-2(10)
23-1	PKP136	23	1	è	è	_	_	_	_	_	linguistic	_	ContainsVariation=No	_	_	_	_	_	0-1(10)
23-2	PKP136	23	2	vegetar]iana	vegetariana	_	_	_	_	_	linguistic	_	ContainsVariation=No	_	_	_	_	_	0-7(10)
23-3	PKP136	23	3	hai	hai	_	_	_	_	_	linguistic	_	ContainsVariation=No	_	_	_	_	_	_
23-4	PKP136	23	4	detto?	detto	_	_	_	_	_	linguistic	_	ContainsVariation=No	Intonation=Rising	End=32.747	_	_	_	_
24-0	PKP136	24	0	di	di	_	_	_	_	_	linguistic	_	ContainsVariation=No	_	Begin=33.002	_	_	_	_
24-1	PKP136	24	1	lusso:	lusso	_	_	_	_	_	linguistic	_	ContainsVariation=No	_	End=34.093	4x1	_	_	_
25-0	PKP136	25	0	dic[evi	dicevi	_	_	_	_	_	linguistic	_	ContainsVariation=No	_	Begin=35.642	_	_	_	3-6(11)
25-1	PKP136	25	1	partiamo	partiamo	_	_	_	_	_	linguistic	_	ContainsVariation=No	_	_	_	_	_	0-8(11)
25-2	PKP136	25	2	da~	da~	_	_	_	_	_	linguistic	_	ContainsVariation=No	Interrupted=Yes	_	_	_	_	0-3(11)
25-3	PKP136	25	3	dalla	dalla	_	_	_	_	_	linguistic	_	ContainsVariation=No	_	_	_	_	_	0-5(11)
25-4	PKP136	25	4	fine]	fine	_	_	_	_	_	linguistic	_	ContainsVariation=No	_	_	_	_	_	0-4(11)
25-5	PKP136	25	5	((mangiando))	((mangiando))	_	_	_	_	_	nonverbalbehavior	_	ContainsVariation=No	_	End=38.126	_	_	_	_
26-0	PKP141	26	0	[xxx	xxx	_	_	_	_	_	unknown	_	ContainsVariation=No	Syllables=3	Begin=36.047	_	_	_	0-3(11)
26-1	PKP141	26	1	okay]	okay	_	_	_	_	_	linguistic	_	ContainsVariation=No	_	_	_	_	_	0-4(11)
26-2	PKP141	26	2	((mangiando))	((mangiando))	_	_	_	_	_	nonverbalbehavior	_	ContainsVariation=No	_	End=38.12	_	_	_	_
27-0	PKP141	27	0	un	un	_	_	_	_	_	linguistic	_	ContainsVariation=No	_	Begin=40.25	_	_	_	_
27-1	PKP141	27	1	attimo	attimo	_	_	_	_	_	linguistic	_	ContainsVariation=No	_	End=41.19	_	_	_	_
28-0	PKP136	28	0	((ride))	((ride))	_	_	_	_	_	nonverbalbehavior	_	ContainsVariation=No	_	Begin=41.03|End=41.749	_	_	_	_
29-0	PKP141	29	0	allora	allora	_	_	_	_	_	linguistic	_	ContainsVariation=No	_	Begin=43.052	_	_	_	_
29-1	PKP141	29	1	dovevamo	dovevamo	_	_	_	_	_	linguistic	_	ContainsVariation=No	_	_	_	_	_	_
29-2	PKP141	29	2	praticamente	praticamente	_	_	_	_	_	linguistic	_	ContainsVariation=No	_	_	_	_	_	_
29-3	PKP141	29	3	tornare	tornare	_	_	_	_	_	linguistic	_	ContainsVariation=No	_	End=45.16	_	_	_	_
30-0	PKP141	30	0	tipo	tipo	_	_	_	_	_	linguistic	_	ContainsVariation=No	_	Begin=45.85	_	_	_	_
30-1	PKP141	30	1	alle::	alle	_	_	_	_	_	linguistic	_	ContainsVariation=No	_	End=46.91	3x2	_	_	_
31-0	PKP141	31	0	erano	erano	_	_	_	_	_	linguistic	_	ContainsVariation=No	_	Begin=46.91	_	_	_	_
31-1	PKP141	31	1	le	le	_	_	_	_	_	linguistic	_	ContainsVariation=No	_	_	_	_	_	_
31-2	PKP141	31	2	sei	sei	_	_	_	_	_	linguistic	_	ContainsVariation=No	_	_	_	_	_	_
31-3	PKP141	31	3	che	che	_	_	_	_	_	linguistic	_	ContainsVariation=No	_	_	_	_	_	_
31-4	PKP141	31	4	eravamo	eravamo	_	_	_	_	_	linguistic	_	ContainsVariation=No	_	_	_	_	_	_
31-5	PKP141	31	5	già	già	_	_	_	_	_	linguistic	_	ContainsVariation=No	_	_	_	_	_	_
31-6	PKP141	31	6	tutti	tutti	_	_	_	_	_	linguistic	_	ContainsVariation=No	_	_	_	_	_	_
31-7	PKP141	31	7	in	in	_	_	_	_	_	linguistic	_	ContainsVariation=No	_	_	_	_	_	_
31-8	PKP141	31	8	bus	bus	_	_	_	_	_	linguistic	_	ContainsVariation=No	_	_	_	_	_	_
31-9	PKP141	31	9	>perché	perché	_	_	_	_	_	linguistic	_	ContainsVariation=No	_	_	_	Fast=0-6(0)	_	_
31-10	PKP141	31	10	sai	sai	_	_	_	_	_	linguistic	_	ContainsVariation=No	_	_	_	Fast=0-3(0)	_	_
31-11	PKP141	31	11	un	un	_	_	_	_	_	linguistic	_	ContainsVariation=No	_	_	_	Fast=0-2(0)	_	_
31-12	PKP141	31	12	po'	po'	_	_	_	_	_	linguistic	_	ContainsVariation=No	_	_	_	Fast=0-3(0)	_	_
31-13	PKP141	31	13	di	di	_	_	_	_	_	linguistic	_	ContainsVariation=No	_	_	_	Fast=0-2(0)	_	_
31-14	PKP141	31	14	ritardi	ritardi	_	_	_	_	_	linguistic	_	ContainsVariation=No	_	_	_	Fast=0-7(0)	_	_
31-15	PKP141	31	15	generali	generali	_	_	_	_	_	linguistic	_	ContainsVariation=No	_	_	_	Fast=0-8(0)	_	_
31-16	PKP141	31	16	diciamo	diciamo	_	_	_	_	_	linguistic	_	ContainsVariation=No	_	_	_	Fast=0-7(0)	_	_
31-17	PKP141	31	17	erano	erano	_	_	_	_	_	linguistic	_	ContainsVariation=No	_	_	_	Fast=0-5(0)	_	_
31-18	PKP141	31	18	circa	circa	_	_	_	_	_	linguistic	_	ContainsVariation=No	_	_	_	Fast=0-5(0)	_	_
31-19	PKP141	31	19	le	le	_	_	_	_	_	linguistic	_	ContainsVariation=No	_	_	_	Fast=0-2(0)	_	_
31-20	PKP141	31	20	sei<	sei	_	_	_	_	_	linguistic	_	ContainsVariation=No	_	End=50.861	_	Fast=0-3(0)	_	_
32-0	PKP141	32	0	sei	sei	_	_	_	_	_	linguistic	_	ContainsVariation=No	_	Begin=52.369	_	_	_	_
32-1	PKP141	32	1	e	e	_	_	_	_	_	linguistic	_	ContainsVariation=No	_	_	_	_	_	_
32-2	PKP141	32	2	venti	venti	_	_	_	_	_	linguistic	_	ContainsVariation=No	_	_	_	_	_	_
32-3	PKP141	32	3	eravamo	eravamo	_	_	_	_	_	linguistic	_	ContainsVariation=No	_	_	_	_	_	_
32-4	PKP141	32	4	ancora	ancora	_	_	_	_	_	linguistic	_	ContainsVariation=No	_	_	_	_	_	_
32-5	PKP141	32	5	in	in	_	_	_	_	_	linguistic	_	ContainsVariation=No	_	_	_	_	_	_
32-6	PKP141	32	6	alta	alta	_	_	_	_	_	linguistic	_	ContainsVariation=No	_	_	_	_	_	_
32-7	PKP141	32	7	quota	quota	_	_	_	_	_	linguistic	_	ContainsVariation=No	_	End=54.79	_	_	_	_
33-0	PKP141	33	0	c(io)è	cioè	_	_	_	_	_	linguistic	_	ContainsVariation=No	Reduced=Yes	Begin=55.551	_	_	_	_
33-1	PKP141	33	1	perché	perché	_	_	_	_	_	linguistic	_	ContainsVariation=No	_	_	_	_	_	_
33-2	PKP141	33	2	c'	c'	_	_	_	_	_	linguistic	_	ContainsVariation=No	SpaceAfter=No	_	_	_	_	_
33-3	PKP141	33	3	erano	erano	_	_	_	_	_	linguistic	_	ContainsVariation=No	_	_	_	_	_	_
33-4	PKP141	33	4	ancora	ancora	_	_	_	_	_	linguistic	_	ContainsVariation=No	_	_	_	_	_	_
33-5	PKP141	33	5	le	le	_	_	_	_	_	linguistic	_	ContainsVariation=No	_	_	_	_	_	_
33-6	PKP141	33	6	le	le	_	_	_	_	_	linguistic	_	ContainsVariation=No	_	_	_	_	_	_
33-7	PKP141	33	7	curve	curve	_	_	_	_	_	linguistic	_	ContainsVariation=No	_	_	_	_	_	_
33-8	PKP141	33	8	solite	solite	_	_	_	_	_	linguistic	_	ContainsVariation=No	_	_	_	_	_	_
33-9	PKP141	33	9	quelle	quelle	_	_	_	_	_	linguistic	_	ContainsVariation=No	_	_	_	_	_	_
33-10	PKP141	33	10	s~	s~	_	_	_	_	_	linguistic	_	ContainsVariation=No	Interrupted=Yes	_	_	_	_	_
33-11	PKP141	33	11	stra	stra	_	_	_	_	_	linguistic	_	ContainsVariation=No	_	_	_	_	_	_
33-12	PKP141	33	12	strette	strette	_	_	_	_	_	linguistic	_	ContainsVariation=No	_	_	_	_	_	_
33-13	PKP141	33	13	da	da	_	_	_	_	_	linguistic	_	ContainsVariation=No	_	_	_	_	_	_
33-14	PKP141	33	14	[montagna]	montagna	_	_	_	_	_	linguistic	_	ContainsVariation=No	_	End=59.652	_	_	_	0-8(13)
34-0	PKP136	34	0	[i	i	_	_	_	_	_	linguistic	_	ContainsVariation=No	_	Begin=58.984	_	_	_	0-1(13)
34-1	PKP136	34	1	torna]nti	tornanti	_	_	_	_	_	linguistic	_	ContainsVariation=No	_	_	_	_	_	0-5(13)
34-2	PKP136	34	2	sì	sì	_	_	_	_	_	linguistic	_	ContainsVariation=No	_	End=60.24	_	_	_	_
35-0	PKP141	35	0	sì:	sì	_	_	_	_	_	linguistic	_	ContainsVariation=No	_	Begin=60.31|End=60.86	1x1	_	_	_
36-0	PKP141	36	0	e:	e	_	_	_	_	_	linguistic	_	ContainsVariation=No	_	Begin=61.079	0x1	_	_	_
36-1	PKP141	36	1	si	si	_	_	_	_	_	linguistic	_	ContainsVariation=No	_	_	_	_	_	_
36-2	PKP141	36	2	sente	sente	_	_	_	_	_	linguistic	_	ContainsVariation=No	_	_	_	_	_	_
36-3	PKP141	36	3	un	un	_	_	_	_	_	linguistic	_	ContainsVariation=No	_	_	_	_	_	_
36-4	PKP141	36	4	rumore	rumore	_	_	_	_	_	linguistic	_	ContainsVariation=No	_	End=62.485	_	_	_	_
37-0	PKP141	37	0	si	si	_	_	_	_	_	linguistic	_	ContainsVariation=No	_	Begin=62.682	_	_	_	_
37-1	PKP141	37	1	ferma	ferma	_	_	_	_	_	linguistic	_	ContainsVariation=No	_	_	_	_	_	_
37-2	PKP141	37	2	il	il	_	_	_	_	_	linguistic	_	ContainsVariation=No	_	_	_	_	_	_
37-3	PKP141	37	3	bus	bus	_	_	_	_	_	linguistic	_	ContainsVariation=No	_	End=63.67	_	_	_	_
38-0	PKP136	38	0	((ride))	((ride))	_	_	_	_	_	nonverbalbehavior	_	ContainsVariation=No	_	Begin=63.944|End=64.5065	_	_	_	_
39-0	PKP141	39	0	io	io	_	_	_	_	_	linguistic	_	ContainsVariation=No	_	Begin=64.5065	_	_	_	_
39-1	PKP141	39	1	lì	lì	_	_	_	_	_	linguistic	_	ContainsVariation=No	_	_	_	_	_	_
39-2	PKP141	39	2	per	per	_	_	_	_	_	linguistic	_	ContainsVariation=No	_	_	_	_	_	_
39-3	PKP141	39	3	lì	lì	_	_	_	_	_	linguistic	_	ContainsVariation=No	_	_	_	_	_	_
39-4	PKP141	39	4	penso	penso	_	_	_	_	_	linguistic	_	ContainsVariation=No	_	_	_	_	_	_
39-5	PKP141	39	5	oddio	oddio	_	_	_	_	_	linguistic	_	ContainsVariation=No	_	_	_	_	_	_
39-6	PKP141	39	6	abbiamo	abbiamo	_	_	_	_	_	linguistic	_	ContainsVariation=No	_	_	_	_	_	_
39-7	PKP141	39	7	preso	preso	_	_	_	_	_	linguistic	_	ContainsVariation=No	_	_	_	_	_	_
39-8	PKP141	39	8	qualcuno	qualcuno	_	_	_	_	_	linguistic	_	ContainsVariation=No	_	End=67.37	_	_	_	_
40-0	PKP141	40	0	perché	perché	_	_	_	_	_	linguistic	_	ContainsVariation=No	_	Begin=67.37	_	_	_	_
40-1	PKP141	40	1	sai	sai	_	_	_	_	_	linguistic	_	ContainsVariation=No	_	_	_	_	_	_
40-2	PKP141	40	2	che	che	_	_	_	_	_	linguistic	_	ContainsVariation=No	_	_	_	_	_	_
40-3	PKP141	40	3	là	là	_	_	_	_	_	linguistic	_	ContainsVariation=No	_	_	_	_	_	_
40-4	PKP141	40	4	sono	sono	_	_	_	_	_	linguistic	_	ContainsVariation=No	_	_	_	_	_	_
40-5	PKP141	40	5	strette	strette	_	_	_	_	_	linguistic	_	ContainsVariation=No	_	_	_	_	_	_
40-6	PKP141	40	6	le	le	_	_	_	_	_	linguistic	_	ContainsVariation=No	_	_	_	_	_	_
40-7	PKP141	40	7	vie	vie	_	_	_	_	_	linguistic	_	ContainsVariation=No	_	_	_	_	_	_
40-8	PKP141	40	8	con	con	_	_	_	_	_	linguistic	_	ContainsVariation=No	_	_	_	_	_	_
40-9	PKP141	40	9	un	un	_	_	_	_	_	linguistic	_	ContainsVariation=No	_	_	_	_	_	_
40-10	PKP141	40	10	bus	bus	_	_	_	_	_	linguistic	_	ContainsVariation=No	_	_	_	_	_	_
40-11	PKP141	40	11	qual	qual	_	_	_	_	_	linguistic	_	ContainsVariation=No	PauseAfter=Yes	_	_	_	_	_
40-12	PKP141	40	12	(.)	(.)	_	_	_	_	_	shortpause	_	ContainsVariation=No	_	_	_	_	_	_
40-13	PKP141	40	13	cuno	cuno	_	_	_	_	_	linguistic	_	ContainsVariation=No	_	_	_	_	_	_
40-14	PKP141	40	14	magari	magari	_	_	_	_	_	linguistic	_	ContainsVariation=No	_	_	_	_	_	_
40-15	PKP141	40	15	ha	ha	_	_	_	_	_	linguistic	_	ContainsVariation=No	_	_	_	_	_	_
40-16	PKP141	40	16	detto	detto	_	_	_	_	_	linguistic	_	ContainsVariation=No	_	_	_	_	_	_
40-17	PKP141	40	17	vabbè	vabbè	_	_	_	_	_	linguistic	_	ContainsVariation=No	_	End=71.69	_	_	_	_
41-0	PKP141	41	0	avranno	avranno	_	_	_	_	_	linguistic	_	ContainsVariation=No	_	Begin=71.69	_	_	_	_
41-1	PKP141	41	1	fatto	fatto	_	_	_	_	_	linguistic	_	ContainsVariation=No	_	_	_	_	_	_
41-2	PKP141	41	2	un	un	_	_	_	_	_	linguistic	_	ContainsVariation=No	_	_	_	_	_	_
41-3	PKP141	41	3	soprasso	soprasso	_	_	_	_	_	linguistic	_	ContainsVariation=No	_	_	_	_	_	_
41-4	PKP141	41	4	azzardato	azzardato	_	_	_	_	_	linguistic	_	ContainsVariation=No	_	_	_	_	_	_
41-5	PKP141	41	5	in	in	_	_	_	_	_	linguistic	_	ContainsVariation=No	_	_	_	_	_	_
41-6	PKP141	41	6	c[urva]	curva	_	_	_	_	_	linguistic	_	ContainsVariation=No	_	End=74.58	_	_	_	1-5(14)
42-0	PKP136	42	0	[ca~	ca~	_	_	_	_	_	linguistic	_	ContainsVariation=No	Interrupted=Yes	Begin=74.025	_	_	_	0-3(14)
42-1	PKP136	42	1	ma~]	ma~	_	_	_	_	_	linguistic	_	ContainsVariation=No	Interrupted=Yes	_	_	_	_	0-3(14)
42-2	PKP136	42	2	mado(nna)	madonna	_	_	_	_	_	linguistic	_	ContainsVariation=No	_	_	_	_	4-7(0)	_
42-3	PKP136	42	3	ti	ti	_	_	_	_	_	linguistic	_	ContainsVariation=No	_	_	_	_	_	_
42-4	PKP136	42	4	im[ma:gini]	immagini	_	_	_	_	_	linguistic	_	ContainsVariation=No	_	End=76.032	3x1	_	_	2-8(15)
43-0	PKP141	43	0	[abbiamo	abbiamo	_	_	_	_	_	linguistic	_	ContainsVariation=No	_	Begin=75.35	_	_	_	0-7(15)
43-1	PKP141	43	1	ucciso	ucciso	_	_	_	_	_	linguistic	_	ContainsVariation=No	_	_	_	_	_	0-6(15)
43-2	PKP141	43	2	qual]cuno	qualcuno	_	_	_	_	_	linguistic	_	ContainsVariation=No	_	End=76.597	_	_	_	0-4(15)
44-0	PKP141	44	0	ma	ma	_	_	_	_	_	linguistic	_	ContainsVariation=No	_	Begin=77.22	_	_	_	_
44-1	PKP141	44	1	no	no	_	_	_	_	_	linguistic	_	ContainsVariation=No	_	_	_	_	_	_
44-2	PKP141	44	2	n:	n	_	_	_	_	_	linguistic	_	ContainsVariation=No	_	_	0x1	_	_	_
44-3	PKP141	44	3	non	non	_	_	_	_	_	linguistic	_	ContainsVariation=No	_	_	_	_	_	_
44-4	PKP141	44	4	è	è	_	_	_	_	_	linguistic	_	ContainsVariation=No	_	_	_	_	_	_
44-5	PKP141	44	5	niente	niente	_	_	_	_	_	linguistic	_	ContainsVariation=No	_	_	_	_	_	_
44-6	PKP141	44	6	tutti	tutti	_	_	_	_	_	linguistic	_	ContainsVariation=No	_	_	_	_	_	_
44-7	PKP141	44	7	si	si	_	_	_	_	_	linguistic	_	ContainsVariation=No	_	_	_	_	_	_
44-8	PKP141	44	8	girano	girano	_	_	_	_	_	linguistic	_	ContainsVariation=No	_	_	_	_	_	_
44-9	PKP141	44	9	dietro	dietro	_	_	_	_	_	linguistic	_	ContainsVariation=No	_	End=80.464	_	_	_	_
45-0	PKP141	45	0	perché	perché	_	_	_	_	_	linguistic	_	ContainsVariation=No	_	Begin=80.889	_	_	_	_
45-1	PKP141	45	1	cred(a)vamo	credavamo	_	_	_	_	_	linguistic	_	ContainsVariation=No	_	_	_	_	4-5(0)	_
45-2	PKP141	45	2	quindi	quindi	_	_	_	_	_	linguistic	_	ContainsVariation=No	_	_	_	_	_	_
45-3	PKP141	45	3	che	che	_	_	_	_	_	linguistic	_	ContainsVariation=No	_	_	_	_	_	_
45-4	PKP141	45	4	poi	poi	_	_	_	_	_	linguistic	_	ContainsVariation=No	_	_	_	_	_	_
45-5	PKP141	45	5	fosse	fosse	_	_	_	_	_	linguistic	_	ContainsVariation=No	_	_	_	_	_	_
45-6	PKP141	45	6	scoppiata	scoppiata	_	_	_	_	_	linguistic	_	ContainsVariation=No	_	_	_	_	_	_
45-7	PKP141	45	7	una	una	_	_	_	_	_	linguistic	_	ContainsVariation=No	_	_	_	_	_	_
45-8	PKP141	45	8	ruota	ruota	_	_	_	_	_	linguistic	_	ContainsVariation=No	_	End=83.76	_	_	_	_
46-0	PKP136	46	0	eh	eh	_	_	_	_	_	linguistic	_	ContainsVariation=No	_	Begin=83.987|End=84.281	_	_	_	_
47-0	PKP141	47	0	e	e	_	_	_	_	_	linguistic	_	ContainsVariation=No	_	Begin=83.987	_	_	_	_
47-1	PKP141	47	1	quindi	quindi	_	_	_	_	_	linguistic	_	ContainsVariation=No	_	_	_	_	_	_
47-2	PKP141	47	2	diciam(o)	diciamo	_	_	_	_	_	linguistic	_	ContainsVariation=No	_	_	_	_	6-7(0)	_
47-3	PKP141	47	3	vabbè	vabbè	_	_	_	_	_	linguistic	_	ContainsVariation=No	_	_	_	_	_	_
47-4	PKP141	47	4	dai	dai	_	_	_	_	_	linguistic	_	ContainsVariation=No	_	_	_	_	_	_
47-5	PKP141	47	5	la	la	_	_	_	_	_	linguistic	_	ContainsVariation=No	_	_	_	_	_	_
47-6	PKP141	47	6	ruota	ruota	_	_	_	_	_	linguistic	_	ContainsVariation=No	_	_	_	_	_	_
47-7	PKP141	47	7	c(io)è	cioè	_	_	_	_	_	linguistic	_	ContainsVariation=No	Reduced=Yes	_	_	_	_	_
47-8	PKP141	47	8	al	al	_	_	_	_	_	linguistic	_	ContainsVariation=No	_	_	_	_	_	_
47-9	PKP141	47	9	massimo	massimo	_	_	_	_	_	linguistic	_	ContainsVariation=No	_	_	_	_	_	_
47-10	PKP141	47	10	okay	okay	_	_	_	_	_	linguistic	_	ContainsVariation=No	_	_	_	_	_	_
47-11	PKP141	47	11	che	che	_	_	_	_	_	linguistic	_	ContainsVariation=No	_	_	_	_	_	_
47-12	PKP141	47	12	è	è	_	_	_	_	_	linguistic	_	ContainsVariation=No	_	_	_	_	_	_
47-13	PKP141	47	13	un	un	_	_	_	_	_	linguistic	_	ContainsVariation=No	_	_	_	_	_	_
47-14	PKP141	47	14	bus	bus	_	_	_	_	_	linguistic	_	ContainsVariation=No	_	_	_	_	_	_
47-15	PKP141	47	15	però	però	_	_	_	_	_	linguistic	_	ContainsVariation=No	_	End=87.902	_	_	_	_
48-0	PKP136	48	0	[c'	c'	_	_	_	_	_	linguistic	_	ContainsVariation=No	SpaceAfter=No	Begin=88.135	_	_	_	0-2(17)
48-1	PKP136	48	1	avranno]	avranno	_	_	_	_	_	linguistic	_	ContainsVariation=No	_	End=88.91	_	_	_	0-7(17)
49-0	PKP141	49	0	[la	la	_	_	_	_	_	linguistic	_	ContainsVariation=No	_	Begin=88.135	_	_	_	0-2(17)
49-1	PKP141	49	1	camb]iano	cambiano	_	_	_	_	_	linguistic	_	ContainsVariation=No	_	_	_	_	_	0-4(17)
49-2	PKP141	49	2	sicuramente	sicuramente	_	_	_	_	_	linguistic	_	ContainsVariation=No	_	_	_	_	_	_
49-3	PKP141	49	3	perché	perché	_	_	_	_	_	linguistic	_	ContainsVariation=No	_	_	_	_	_	_
49-4	PKP141	49	4	cioè	cioè	_	_	_	_	_	linguistic	_	ContainsVariation=No	_	_	_	_	_	_
49-5	PKP141	49	5	immagino	immagino	_	_	_	_	_	linguistic	_	ContainsVariation=No	_	_	_	_	_	_
49-6	PKP141	49	6	che	che	_	_	_	_	_	linguistic	_	ContainsVariation=No	_	_	_	_	_	_
49-7	PKP141	49	7	succeda	succeda	_	_	_	_	_	linguistic	_	ContainsVariation=No	_	_	_	_	_	_
49-8	PKP141	49	8	spesso	spesso	_	_	_	_	_	linguistic	_	ContainsVariation=No	_	End=91.684	_	_	_	_
50-0	PKP141	50	0	no	no	_	_	_	_	_	linguistic	_	ContainsVariation=No	_	Begin=92.43	_	_	_	_
50-1	PKP141	50	1	raga(zzi)	ragazzi	_	_	_	_	_	linguistic	_	ContainsVariation=No	_	_	_	_	4-7(0)	_
50-2	PKP141	50	2	non	non	_	_	_	_	_	linguistic	_	ContainsVariation=No	_	_	_	_	_	_
50-3	PKP141	50	3	era	era	_	_	_	_	_	linguistic	_	ContainsVariation=No	_	_	_	_	_	_
50-4	PKP141	50	4	la	la	_	_	_	_	_	linguistic	_	ContainsVariation=No	_	_	_	_	_	_
50-5	PKP141	50	5	((ridendo))	((ridendo))	_	_	_	_	_	nonverbalbehavior	_	ContainsVariation=No	_	_	_	_	_	_
50-6	PKP141	50	6	la	la	_	_	_	_	_	linguistic	_	ContainsVariation=No	_	_	_	_	_	_
50-7	PKP141	50	7	ruota	ruota	_	_	_	_	_	linguistic	_	ContainsVariation=No	_	End=94.644	_	_	_	_
51-0	PKP141	51	0	ci	ci	_	_	_	_	_	linguistic	_	ContainsVariation=No	_	Begin=94.644	_	_	_	_
51-1	PKP141	51	1	giriamo	giriamo	_	_	_	_	_	linguistic	_	ContainsVariation=No	_	_	_	_	_	_
51-2	PKP141	51	2	iniziamo	iniziamo	_	_	_	_	_	linguistic	_	ContainsVariation=No	_	_	_	_	_	_
51-3	PKP141	51	3	a	a	_	_	_	_	_	linguistic	_	ContainsVariation=No	_	_	_	_	_	_
51-4	PKP141	51	4	vedere	vedere	_	_	_	_	_	linguistic	_	ContainsVariation=No	_	_	_	_	_	_
51-5	PKP141	51	5	dal	dal	_	_	_	_	_	linguistic	_	ContainsVariation=No	_	_	_	_	_	_
51-6	PKP141	51	6	finistrino	finistrino	_	_	_	_	_	linguistic	_	ContainsVariation=No	_	_	_	_	_	_
51-7	PKP141	51	7	dà	dà	_	_	_	_	_	linguistic	_	ContainsVariation=No	_	_	_	_	_	_
51-8	PKP141	51	8	di	di	_	_	_	_	_	linguistic	_	ContainsVariation=No	_	_	_	_	_	_
51-9	PKP141	51	9	dietro	dietro	_	_	_	_	_	linguistic	_	ContainsVariation=No	_	End=98.09	_	_	_	_
52-0	PKP141	52	0	che	che	_	_	_	_	_	linguistic	_	ContainsVariation=No	_	Begin=98.362	_	_	_	_
52-1	PKP141	52	1	saliva	saliva	_	_	_	_	_	linguistic	_	ContainsVariation=No	_	_	_	_	_	_
52-2	PKP141	52	2	un	un	_	_	_	_	_	linguistic	_	ContainsVariation=No	_	_	_	_	_	_
52-3	PKP141	52	3	botto	botto	_	_	_	_	_	linguistic	_	ContainsVariation=No	_	_	_	_	_	_
52-4	PKP141	52	4	di	di	_	_	_	_	_	linguistic	_	ContainsVariation=No	_	_	_	_	_	_
52-5	PKP141	52	5	fumo	fumo	_	_	_	_	_	linguistic	_	ContainsVariation=No	_	End=99.89	_	_	_	_
53-0	PKP142	53	0	mad[o::(nna)]	madonna	_	_	_	_	_	linguistic	_	ContainsVariation=No	_	Begin=99.89|End=100.46	3x2	_	4-7(0)	3-7(350)
54-0	PKP136	54	0	[oh]ddio	ohddio	_	_	_	_	_	linguistic	_	ContainsVariation=No	_	Begin=100.37|End=101.39	_	_	_	0-2(350)
55-0	PKP141	55	0	da	da	_	_	_	_	_	linguistic	_	ContainsVariation=No	_	Begin=100.37	_	_	_	_
55-1	PKP141	55	1	dietro	dietro	_	_	_	_	_	linguistic	_	ContainsVariation=No	_	_	_	_	_	_
55-2	PKP141	55	2	si	si	_	_	_	_	_	linguistic	_	ContainsVariation=No	_	_	_	_	_	_
55-3	PKP141	55	3	inizia	inizia	_	_	_	_	_	linguistic	_	ContainsVariation=No	_	_	_	_	_	_
55-4	PKP141	55	4	a	a	_	_	_	_	_	linguistic	_	ContainsVariation=No	_	_	_	_	_	_
55-5	PKP141	55	5	sentire	sentire	_	_	_	_	_	linguistic	_	ContainsVariation=No	_	_	_	_	_	_
55-6	PKP141	55	6	una	una	_	_	_	_	_	linguistic	_	ContainsVariation=No	_	_	_	_	_	_
55-7	PKP141	55	7	puzza	puzza	_	_	_	_	_	linguistic	_	ContainsVariation=No	_	_	_	_	_	_
55-8	PKP141	55	8	assurda	assurda	_	_	_	_	_	linguistic	_	ContainsVariation=No	_	_	_	_	_	_
55-9	PKP141	55	9	di	di	_	_	_	_	_	linguistic	_	ContainsVariation=No	_	_	_	_	_	_
55-10	PKP141	55	10	bruciato	bruciato	_	_	_	_	_	linguistic	_	ContainsVariation=No	_	_	_	_	_	_
55-11	PKP141	55	11	c(io)è	cioè	_	_	_	_	_	linguistic	_	ContainsVariation=No	Reduced=Yes	End=103.213	_	_	_	_
56-0	PKP141	56	0	era	era	_	_	_	_	_	linguistic	_	ContainsVariation=No	_	Begin=103.213	_	_	_	_
56-1	PKP141	56	1	esploso	esploso	_	_	_	_	_	linguistic	_	ContainsVariation=No	_	_	_	_	_	_
56-2	PKP141	56	2	il	il	_	_	_	_	_	linguistic	_	ContainsVariation=No	_	_	_	_	_	_
56-3	PKP141	56	3	motore	motore	_	_	_	_	_	linguistic	_	ContainsVariation=No	_	End=104.27	_	_	_	_
57-0	PKP141	57	0	((ridendo))	((ridendo))	_	_	_	_	_	nonverbalbehavior	_	ContainsVariation=No	_	Begin=104.27	_	_	_	_
57-1	PKP141	57	1	e	e	_	_	_	_	_	linguistic	_	ContainsVariation=No	_	_	_	_	_	_
57-2	PKP141	57	2	praticamente	praticamente	_	_	_	_	_	linguistic	_	ContainsVariation=No	_	End=105.32	_	_	_	_
58-0	PKP136	58	0	ma	ma	_	_	_	_	_	linguistic	_	ContainsVariation=No	_	Begin=105.321	_	_	_	_
58-1	PKP136	58	1	come	come	_	_	_	_	_	linguistic	_	ContainsVariation=No	_	_	_	_	_	_
58-2	PKP136	58	2	[cazzo	cazzo	_	_	_	_	_	linguistic	_	ContainsVariation=No	_	_	_	_	_	0-5(18)
58-3	PKP136	58	3	è:]?	è	_	_	_	_	_	linguistic	_	ContainsVariation=No	Intonation=Rising	End=106.931	0x1	_	_	0-1(18)
59-0	PKP142	59	0	[oh	oh	_	_	_	_	_	linguistic	_	ContainsVariation=No	_	Begin=105.79	_	_	_	0-2(18)
59-1	PKP142	59	1	mio	mio	_	_	_	_	_	linguistic	_	ContainsVariation=No	_	_	_	_	_	0-3(18)
59-2	PKP142	59	2	dio]	dio	_	_	_	_	_	linguistic	_	ContainsVariation=No	_	End=106.931	_	_	_	0-3(18)
60-0	PKP142	60	0	[incre]~	incre~	_	_	_	_	_	linguistic	_	ContainsVariation=No	Interrupted=Yes	Begin=108.17	_	_	_	0-5(19)
60-1	PKP142	60	1	io	io	_	_	_	_	_	linguistic	_	ContainsVariation=No	_	_	_	_	_	_
60-2	PKP142	60	2	mi	mi	_	_	_	_	_	linguistic	_	ContainsVariation=No	_	_	_	_	_	_
60-3	PKP142	60	3	sarei	sarei	_	_	_	_	_	linguistic	_	ContainsVariation=No	_	_	_	_	_	_
60-4	PKP142	60	4	c(io)è::	cioè	_	_	_	_	_	linguistic	_	ContainsVariation=No	Reduced=Yes	_	3x2	_	_	_
60-5	PKP142	60	5	sarei	sarei	_	_	_	_	_	linguistic	_	ContainsVariation=No	PauseAfter=Yes	_	_	_	_	_
60-6	PKP142	60	6	(.)	(.)	_	_	_	_	_	shortpause	_	ContainsVariation=No	_	_	_	_	_	_
60-7	PKP142	60	7	avrei	avrei	_	_	_	_	_	linguistic	_	ContainsVariation=No	_	_	_	_	_	_
60-8	PKP142	60	8	tipo	tipo	_	_	_	_	_	linguistic	_	ContainsVariation=No	PauseAfter=Yes	_	_	_	_	_
60-9	PKP142	60	9	(.)	(.)	_	_	_	_	_	shortpause	_	ContainsVariation=No	_	_	_	_	_	_
60-10	PKP142	60	10	adesso	adesso	_	_	_	_	_	linguistic	_	ContainsVariation=No	_	_	_	_	_	_
60-11	PKP142	60	11	stiamo	stiamo	_	_	_	_	_	linguistic	_	ContainsVariation=No	_	_	_	_	_	_
60-12	PKP142	60	12	per	per	_	_	_	_	_	linguistic	_	ContainsVariation=No	_	_	_	_	_	_
60-13	PKP142	60	13	mori:re	morire	_	_	_	_	_	linguistic	_	ContainsVariation=No	_	End=112.47	3x1	_	_	_
61-0	PKP141	61	0	[xx]	xx	_	_	_	_	_	unknown	_	ContainsVariation=No	Syllables=2	Begin=108.17|End=108.67	_	_	_	0-2(19)
62-0	PKP136	62	0	veram[ente	veramente	_	_	_	_	_	linguistic	_	ContainsVariation=No	_	Begin=112.47	_	_	_	5-9(20)
62-1	PKP136	62	1	mi	mi	_	_	_	_	_	linguistic	_	ContainsVariation=No	_	_	_	_	_	0-2(20)
62-2	PKP136	62	2	sarei	sarei	_	_	_	_	_	linguistic	_	ContainsVariation=No	_	_	_	_	_	0-5(20)
62-3	PKP136	62	3	cacato	cacato	_	_	_	_	_	linguistic	_	ContainsVariation=No	_	_	_	_	_	0-6(20)
62-4	PKP136	62	4	sotto]	sotto	_	_	_	_	_	linguistic	_	ContainsVariation=No	_	End=114.083	_	_	_	0-5(20)
63-0	PKP141	63	0	[sì	sì	_	_	_	_	_	linguistic	_	ContainsVariation=No	_	Begin=112.71	_	_	_	0-2(20)
63-1	PKP141	63	1	ma	ma	_	_	_	_	_	linguistic	_	ContainsVariation=No	_	_	_	_	_	0-2(20)
63-2	PKP141	63	2	non	non	_	_	_	_	_	linguistic	_	ContainsVariation=No	_	_	_	_	_	0-3(20)
63-3	PKP141	63	3	si	si	_	_	_	_	_	linguistic	_	ContainsVariation=No	_	_	_	_	_	0-2(20)
63-4	PKP141	63	4	capiva	capiva	_	_	_	_	_	linguistic	_	ContainsVariation=No	_	_	_	_	_	0-6(20)
63-5	PKP141	63	5	un	un	_	_	_	_	_	linguistic	_	ContainsVariation=No	_	_	_	_	_	0-2(20)
63-6	PKP141	63	6	cazzo	cazzo	_	_	_	_	_	linguistic	_	ContainsVariation=No	_	_	_	_	_	0-5(20)
63-7	PKP141	63	7	perché]	perché	_	_	_	_	_	linguistic	_	ContainsVariation=No	_	End=114.083	_	_	_	0-6(20)
64-0	PKP141	64	0	(eravamo)	eravamo	_	_	_	_	_	linguistic	_	ContainsVariation=No	_	Begin=114.083	_	_	0-7(0)	_
64-1	PKP141	64	1	tipo	tipo	_	_	_	_	_	linguistic	_	ContainsVariation=No	_	_	_	_	_	_
64-2	PKP141	64	2	ma	ma	_	_	_	_	_	linguistic	_	ContainsVariation=No	_	_	_	_	_	_
64-3	PKP141	64	3	come	come	_	_	_	_	_	linguistic	_	ContainsVariation=No	_	_	_	_	_	_
64-4	PKP141	64	4	il	il	_	_	_	_	_	linguistic	_	ContainsVariation=No	_	_	_	_	_	_
64-5	PKP141	64	5	motore	motore	_	_	_	_	_	linguistic	_	ContainsVariation=No	_	_	_	_	_	_
64-6	PKP141	64	6	perché	perché	_	_	_	_	_	linguistic	_	ContainsVariation=No	_	_	_	_	_	_
64-7	PKP141	64	7	poi	poi	_	_	_	_	_	linguistic	_	ContainsVariation=No	_	_	_	_	_	_
64-8	PKP141	64	8	iniziammo	iniziammo	_	_	_	_	_	linguistic	_	ContainsVariation=No	_	_	_	_	_	_
64-9	PKP141	64	9	a	a	_	_	_	_	_	linguistic	_	ContainsVariation=No	_	_	_	_	_	_
64-10	PKP141	64	10	dire	dire	_	_	_	_	_	linguistic	_	ContainsVariation=No	_	End=116.815	_	_	_	_
65-0	PKP141	65	0	c(io)è	cioè	_	_	_	_	_	linguistic	_	ContainsVariation=No	Reduced=Yes	Begin=116.994	_	_	_	_
65-1	PKP141	65	1	la	la	_	_	_	_	_	linguistic	_	ContainsVariation=No	_	_	_	_	_	_
65-2	PKP141	65	2	ruota	ruota	_	_	_	_	_	linguistic	_	ContainsVariation=No	_	_	_	_	_	_
65-3	PKP141	65	3	okay,	okay	_	_	_	_	_	linguistic	_	ContainsVariation=No	Intonation=WeaklyRising	_	_	_	_	_
65-4	PKP141	65	4	il	il	_	_	_	_	_	linguistic	_	ContainsVariation=No	_	_	_	_	_	_
65-5	PKP141	65	5	moto:re	motore	_	_	_	_	_	linguistic	_	ContainsVariation=No	_	End=119.352	3x1	_	_	_
66-0	PKP141	66	0	<non	non	_	_	_	_	_	linguistic	_	ContainsVariation=No	_	Begin=120.14	_	Slow=0-3(0)	_	_
66-1	PKP141	66	1	puo:i	puoi	_	_	_	_	_	linguistic	_	ContainsVariation=No	_	_	2x1	Slow=0-4(0)	_	_
66-2	PKP141	66	2	cambiarlo>	cambiarlo	_	_	_	_	_	linguistic	_	ContainsVariation=No	_	End=121.603	_	Slow=0-9(0)	_	_
67-0	PKP136	67	0	((ridendo))	((ridendo))	_	_	_	_	_	nonverbalbehavior	_	ContainsVariation=No	_	Begin=121.603	_	_	_	_
67-1	PKP136	67	1	eh	eh	_	_	_	_	_	linguistic	_	ContainsVariation=No	_	_	_	_	_	_
67-2	PKP136	67	2	[no]	no	_	_	_	_	_	linguistic	_	ContainsVariation=No	_	End=122.902	_	_	_	0-2(21)
68-0	PKP141	68	0	[c(io)è]	cioè	_	_	_	_	_	linguistic	_	ContainsVariation=No	Reduced=Yes	Begin=122.402|End=122.91	_	_	_	0-4(21)
69-0	PKP136	69	0	io	io	_	_	_	_	_	linguistic	_	ContainsVariation=No	_	Begin=123.252	_	_	_	_
69-1	PKP136	69	1	avrei	avrei	_	_	_	_	_	linguistic	_	ContainsVariation=No	_	_	_	_	_	_
69-2	PKP136	69	2	già	già	_	_	_	_	_	linguistic	_	ContainsVariation=No	_	_	_	_	_	_
69-3	PKP136	69	3	iniziato	iniziato	_	_	_	_	_	linguistic	_	ContainsVariation=No	_	_	_	_	_	_
69-4	PKP136	69	4	a	a	_	_	_	_	_	linguistic	_	ContainsVariation=No	_	_	_	_	_	_
69-5	PKP136	69	5	guardare	guardare	_	_	_	_	_	linguistic	_	ContainsVariation=No	_	_	_	_	_	_
69-6	PKP136	69	6	chi	chi	_	_	_	_	_	linguistic	_	ContainsVariation=No	_	_	_	_	_	_
69-7	PKP136	69	7	era	era	_	_	_	_	_	linguistic	_	ContainsVariation=No	_	_	_	_	_	_
69-8	PKP136	69	8	la	la	_	_	_	_	_	linguistic	_	ContainsVariation=No	_	_	_	_	_	_
69-9	PKP136	69	9	persone	persone	_	_	_	_	_	linguistic	_	ContainsVariation=No	_	_	_	_	_	_
69-10	PKP136	69	10	da	da	_	_	_	_	_	linguistic	_	ContainsVariation=No	_	_	_	_	_	_
69-11	PKP136	69	11	uccidere	uccidere	_	_	_	_	_	linguistic	_	ContainsVariation=No	_	_	_	_	_	_
69-12	PKP136	69	12	e	e	_	_	_	_	_	linguistic	_	ContainsVariation=No	_	_	_	_	_	_
69-13	PKP136	69	13	da	da	_	_	_	_	_	linguistic	_	ContainsVariation=No	_	_	_	_	_	_
69-14	PKP136	69	14	mangiare	mangiare	_	_	_	_	_	linguistic	_	ContainsVariation=No	_	End=126.271	_	_	_	_
70-0	PKP136	70	0	[per	per	_	_	_	_	_	linguistic	_	ContainsVariation=No	_	Begin=126.363	_	_	_	0-3(22)
70-1	PKP136	70	1	sopravvivere	sopravvivere	_	_	_	_	_	linguistic	_	ContainsVariation=No	_	_	_	_	_	0-12(22)
70-2	PKP136	70	2	al	al	_	_	_	_	_	linguistic	_	ContainsVariation=No	_	_	_	_	_	0-2(22)
70-3	PKP136	70	3	freddo]	freddo	_	_	_	_	_	linguistic	_	ContainsVariation=No	_	End=127.96	_	_	_	0-6(22)
71-0	PKP141	71	0	[e	e	_	_	_	_	_	linguistic	_	ContainsVariation=No	_	Begin=126.363	_	_	_	0-1(22)
71-1	PKP141	71	1	infa~	infa~	_	_	_	_	_	linguistic	_	ContainsVariation=No	Interrupted=Yes	_	_	_	_	0-5(22)
71-2	PKP141	71	2	e	e	_	_	_	_	_	linguistic	_	ContainsVariation=No	_	_	_	_	_	0-1(22)
71-3	PKP141	71	3	infatti	infatti	_	_	_	_	_	linguistic	_	ContainsVariation=No	_	_	_	_	_	0-7(22)
71-4	PKP141	71	4	l'	l'	_	_	_	_	_	linguistic	_	ContainsVariation=No	SpaceAfter=No	_	_	_	_	0-2(22)
71-5	PKP141	71	5	avevamo]	avevamo	_	_	_	_	_	linguistic	_	ContainsVariation=No	_	_	_	_	_	0-7(22)
71-6	PKP141	71	6	trovato	trovato	_	_	_	_	_	linguistic	_	ContainsVariation=No	_	_	_	_	_	_
71-7	PKP141	71	7	valentina	valentina	_	_	_	_	_	linguistic	_	ContainsVariation=No	_	End=129.0	_	_	_	_
72-0	PKP141	72	0	quella	quella	_	_	_	_	_	linguistic	_	ContainsVariation=No	_	Begin=129.001	_	_	_	_
72-1	PKP141	72	1	picci[na	piccina	_	_	_	_	_	linguistic	_	ContainsVariation=No	_	_	_	_	_	5-7(23)
72-2	PKP141	72	2	là]	là	_	_	_	_	_	linguistic	_	ContainsVariation=No	_	End=130.5	_	_	_	0-2(23)
73-0	PKP136	73	0	((ridendo))	((ridendo))	_	_	_	_	_	nonverbalbehavior	_	ContainsVariation=No	_	Begin=129.726	_	_	_	_
73-1	PKP136	73	1	[[be]ne	bene	_	_	_	_	_	linguistic	_	ContainsVariation=No	_	_	_	_	_	_
73-2	PKP136	73	2	e	e	_	_	_	_	_	linguistic	_	ContainsVariation=No	_	_	_	_	_	_
73-3	PKP136	73	3	che	che	_	_	_	_	_	linguistic	_	ContainsVariation=No	_	_	_	_	_	_
73-4	PKP136	73	4	è?	è	_	_	_	_	_	linguistic	_	ContainsVariation=No	Intonation=Rising	_	_	_	_	_
73-5	PKP136	73	5	quanti	quanti	_	_	_	_	_	linguistic	_	ContainsVariation=No	_	_	_	_	_	_
73-6	PKP136	73	6	ne	ne	_	_	_	_	_	linguistic	_	ContainsVariation=No	_	_	_	_	_	_
73-7	PKP136	73	7	s[fami	sfami	_	_	_	_	_	linguistic	_	ContainsVariation=No	_	_	_	_	_	_
73-8	PKP136	73	8	co(n)	con	_	_	_	_	_	linguistic	_	ContainsVariation=No	_	_	_	_	2-3(0)	_
73-9	PKP136	73	9	valenti']?	valenti'	_	_	_	_	_	linguistic	_	ContainsVariation=No	Intonation=Rising|Truncated=Yes	End=132.866	_	_	_	_
74-0	PKP142	74	0	[no:	no	_	_	_	_	_	linguistic	_	ContainsVariation=No	_	Begin=131.59	1x1	_	_	0-2(24)
74-1	PKP142	74	1	mi	mi	_	_	_	_	_	linguistic	_	ContainsVariation=No	_	_	_	_	_	0-2(24)
74-2	PKP142	74	2	sta	sta	_	_	_	_	_	linguistic	_	ContainsVariation=No	_	_	_	_	_	0-3(24)
74-3	PKP142	74	3	simpatica	simpatica	_	_	_	_	_	linguistic	_	ContainsVariation=No	_	_	_	_	_	0-9(24)
74-4	PKP142	74	4	vale]nti[na]	valentina	_	_	_	_	_	linguistic	_	ContainsVariation=No	_	End=133.65	_	_	_	0-4(24),7-9(25)
75-0	PKP141	75	0	[ehs:ì	ehsì	_	_	_	_	_	linguistic	_	ContainsVariation=No	_	Begin=133.355	2x1	_	_	0-4(25)
75-1	PKP141	75	1	pe]rò	però	_	_	_	_	_	linguistic	_	ContainsVariation=No	_	_	_	_	_	0-2(25)
75-2	PKP141	75	2	capito	capito	_	_	_	_	_	linguistic	_	ContainsVariation=No	_	End=134.52	_	_	_	_
76-0	PKP141	76	0	per	per	_	_	_	_	_	linguistic	_	ContainsVariation=No	_	Begin=135.034	_	_	_	_
76-1	PKP141	76	1	facilità	facilità	_	_	_	_	_	linguistic	_	ContainsVariation=No	_	_	_	_	_	_
76-2	PKP141	76	2	sarebbe	sarebbe	_	_	_	_	_	linguistic	_	ContainsVariation=No	_	_	_	_	_	_
76-3	PKP141	76	3	stato	stato	_	_	_	_	_	linguistic	_	ContainsVariation=No	_	_	_	_	_	_
76-4	PKP141	76	4	più	più	_	_	_	_	_	linguistic	_	ContainsVariation=No	_	_	_	_	_	_
76-5	PKP141	76	5	comodo	comodo	_	_	_	_	_	linguistic	_	ContainsVariation=No	_	_	_	_	_	_
76-6	PKP141	76	6	lei	lei	_	_	_	_	_	linguistic	_	ContainsVariation=No	_	End=137.05	_	_	_	_
77-0	PKP136	77	0	mh	mh	_	_	_	_	_	linguistic	_	ContainsVariation=No	_	Begin=137.07	_	_	_	_
77-1	PKP136	77	1	giusto	giusto	_	_	_	_	_	linguistic	_	ContainsVariation=No	_	End=137.93	_	_	_	_
78-0	PKP141	78	0	c(io)è	cioè	_	_	_	_	_	linguistic	_	ContainsVariation=No	Reduced=Yes	Begin=137.93	_	_	_	_
78-1	PKP141	78	1	lo	lo	_	_	_	_	_	linguistic	_	ContainsVariation=No	_	_	_	_	_	_
78-2	PKP141	78	2	spuntino	spuntino	_	_	_	_	_	linguistic	_	ContainsVariation=No	_	_	_	_	_	_
78-3	PKP141	78	3	poi	poi	_	_	_	_	_	linguistic	_	ContainsVariation=No	_	_	_	_	_	_
78-4	PKP141	78	4	capi'	capi'	_	_	_	_	_	linguistic	_	ContainsVariation=No	Truncated=Yes	_	_	_	_	_
78-5	PKP141	78	5	dopo	dopo	_	_	_	_	_	linguistic	_	ContainsVariation=No	_	End=140.19	_	_	_	_
79-0	PKP141	79	0	vabbè	vabbè	_	_	_	_	_	linguistic	_	ContainsVariation=No	_	Begin=140.845	_	_	_	_
79-1	PKP141	79	1	i:o	io	_	_	_	_	_	linguistic	_	ContainsVariation=No	PauseAfter=Yes	_	0x1	_	_	_
79-2	PKP141	79	2	(.)	(.)	_	_	_	_	_	shortpause	_	ContainsVariation=No	_	_	_	_	_	_
79-3	PKP141	79	3	sono	sono	_	_	_	_	_	linguistic	_	ContainsVariation=No	_	_	_	_	_	_
79-4	PKP141	79	4	una	una	_	_	_	_	_	linguistic	_	ContainsVariation=No	_	_	_	_	_	_
79-5	PKP141	79	5	persona	persona	_	_	_	_	_	linguistic	_	ContainsVariation=No	_	_	_	_	_	_
79-6	PKP141	79	6	intelligente	intelligente	_	_	_	_	_	linguistic	_	ContainsVariation=No	_	_	_	_	_	_
79-7	PKP141	79	7	inizio	inizio	_	_	_	_	_	linguistic	_	ContainsVariation=No	_	_	_	_	_	_
79-8	PKP141	79	8	a	a	_	_	_	_	_	linguistic	_	ContainsVariation=No	_	_	_	_	_	_
79-9	PKP141	79	9	dire	dire	_	_	_	_	_	linguistic	_	ContainsVariation=No	_	End=143.569	_	_	_	_
80-0	PKP141	80	0	ma	ma	_	_	_	_	_	linguistic	_	ContainsVariation=No	_	Begin=144.12	_	_	_	_
80-1	PKP141	80	1	torniamo	torniamo	_	_	_	_	_	linguistic	_	ContainsVariation=No	_	_	_	_	_	_
80-2	PKP141	80	2	al	al	_	_	_	_	_	linguistic	_	ContainsVariation=No	_	_	_	_	_	_
80-3	PKP141	80	3	(pider~)	pider~	_	_	_	_	_	linguistic	_	ContainsVariation=No	Interrupted=Yes	_	_	_	0-6(0)	_
80-4	PKP141	80	4	al	al	_	_	_	_	_	linguistic	_	ContainsVariation=No	_	_	_	_	_	_
80-5	PKP141	80	5	rifugio	rifugio	_	_	_	_	_	linguistic	_	ContainsVariation=No	_	_	_	_	_	_
80-6	PKP141	80	6	tanto	tanto	_	_	_	_	_	linguistic	_	ContainsVariation=No	_	_	_	_	_	_
80-7	PKP141	80	7	quanto	quanto	_	_	_	_	_	linguistic	_	ContainsVariation=No	_	_	_	_	_	_
80-8	PKP141	80	8	staremo?	staremo	_	_	_	_	_	linguistic	_	ContainsVariation=No	Intonation=Rising	_	_	_	_	_
80-9	PKP141	80	9	u[n'	un'	_	_	_	_	_	linguistic	_	ContainsVariation=No	SpaceAfter=No	_	_	_	_	1-3(26)
80-10	PKP141	80	10	ora]?	ora	_	_	_	_	_	linguistic	_	ContainsVariation=No	Intonation=Rising	End=147.226	_	_	_	0-3(26)
81-0	PKP136	81	0	[mh]	mh	_	_	_	_	_	linguistic	_	ContainsVariation=No	_	Begin=146.71|End=147.23	_	_	_	0-2(26)
82-0	PKP141	82	0	avremmo	avremmo	_	_	_	_	_	linguistic	_	ContainsVariation=No	_	Begin=147.47	_	_	_	_
82-1	PKP141	82	1	fatto	fatto	_	_	_	_	_	linguistic	_	ContainsVariation=No	_	_	_	_	_	_
82-2	PKP141	82	2	bene	bene	_	_	_	_	_	linguistic	_	ContainsVariation=No	_	_	_	_	_	_
82-3	PKP141	82	3	perché	perché	_	_	_	_	_	linguistic	_	ContainsVariation=No	_	End=148.82	_	_	_	_
83-0	PKP141	83	0	ci	ci	_	_	_	_	_	linguistic	_	ContainsVariation=No	_	Begin=149.01	_	_	_	_
83-1	PKP141	83	1	(dicono)	dicono	_	_	_	_	_	linguistic	_	ContainsVariation=No	_	_	_	_	0-6(0)	_
83-2	PKP141	83	2	okay	okay	_	_	_	_	_	linguistic	_	ContainsVariation=No	_	_	_	_	_	_
83-3	PKP141	83	3	allora	allora	_	_	_	_	_	linguistic	_	ContainsVariation=No	_	_	_	_	_	_
83-4	PKP141	83	4	arrivano	arrivano	_	_	_	_	_	linguistic	_	ContainsVariation=No	_	_	_	_	_	_
83-5	PKP141	83	5	dei	dei	_	_	_	_	_	linguistic	_	ContainsVariation=No	_	_	_	_	_	_
83-6	PKP141	83	6	bus	bus	_	_	_	_	_	linguistic	_	ContainsVariation=No	_	_	_	_	_	_
83-7	PKP141	83	7	dovevano	dovevano	_	_	_	_	_	linguistic	_	ContainsVariation=No	_	_	_	_	_	_
83-8	PKP141	83	8	arrivare	arrivare	_	_	_	_	_	linguistic	_	ContainsVariation=No	_	_	_	_	_	_
83-9	PKP141	83	9	o	o	_	_	_	_	_	linguistic	_	ContainsVariation=No	_	_	_	_	_	_
83-10	PKP141	83	10	da	da	_	_	_	_	_	linguistic	_	ContainsVariation=No	_	_	_	_	_	_
83-11	PKP141	83	11	modena	modena	_	_	_	_	_	linguistic	_	ContainsVariation=No	_	_	_	_	_	_
83-12	PKP141	83	12	o	o	_	_	_	_	_	linguistic	_	ContainsVariation=No	_	_	_	_	_	_
83-13	PKP141	83	13	da	da	_	_	_	_	_	linguistic	_	ContainsVariation=No	_	End=152.715	_	_	_	_
84-0	PKP141	84	0	o	o	_	_	_	_	_	linguistic	_	ContainsVariation=No	_	Begin=152.715	_	_	_	_
84-1	PKP141	84	1	da	da	_	_	_	_	_	linguistic	_	ContainsVariation=No	_	_	_	_	_	_
84-2	PKP141	84	2	bologna	bologna	_	_	_	_	_	linguistic	_	ContainsVariation=No	_	End=153.65	_	_	_	_
85-0	PKP136	85	0	m:h	mh	_	_	_	_	_	linguistic	_	ContainsVariation=No	_	Begin=153.65|End=154.18	0x1	_	_	_
86-0	PKP141	86	0	però	però	_	_	_	_	_	linguistic	_	ContainsVariation=No	_	Begin=154.463	_	_	_	_
86-1	PKP141	86	1	bisognava	bisognava	_	_	_	_	_	linguistic	_	ContainsVariation=No	_	_	_	_	_	_
86-2	PKP141	86	2	diciamo	diciamo	_	_	_	_	_	linguistic	_	ContainsVariation=No	_	_	_	_	_	_
86-3	PKP141	86	3	un	un	_	_	_	_	_	linguistic	_	ContainsVariation=No	_	_	_	_	_	_
86-4	PKP141	86	4	po'	po'	_	_	_	_	_	linguistic	_	ContainsVariation=No	_	_	_	_	_	_
86-5	PKP141	86	5	più	più	_	_	_	_	_	linguistic	_	ContainsVariation=No	_	_	_	_	_	_
86-6	PKP141	86	6	vicino	vicino	_	_	_	_	_	linguistic	_	ContainsVariation=No	_	End=156.33	_	_	_	_
87-0	PKP141	87	0	e::h	eh	_	_	_	_	_	linguistic	_	ContainsVariation=No	_	Begin=158.34	0x2	_	_	_
87-1	PKP141	87	1	mh	mh	_	_	_	_	_	linguistic	_	ContainsVariation=No	_	_	_	_	_	_
87-2	PKP141	87	2	quindi	quindi	_	_	_	_	_	linguistic	_	ContainsVariation=No	_	_	_	_	_	_
87-3	PKP141	87	3	sarebbero	sarebbero	_	_	_	_	_	linguistic	_	ContainsVariation=No	_	_	_	_	_	_
87-4	PKP141	87	4	stati	stati	_	_	_	_	_	linguistic	_	ContainsVariation=No	_	_	_	_	_	_
87-5	PKP141	87	5	tipo	tipo	_	_	_	_	_	linguistic	_	ContainsVariation=No	_	_	_	_	_	_
87-6	PKP141	87	6	un	un	_	_	_	_	_	linguistic	_	ContainsVariation=No	_	_	_	_	_	_
87-7	PKP141	87	7	paio	paio	_	_	_	_	_	linguistic	_	ContainsVariation=No	_	_	_	_	_	_
87-8	PKP141	87	8	di	di	_	_	_	_	_	linguistic	_	ContainsVariation=No	_	_	_	_	_	_
87-9	PKP141	87	9	ore	ore	_	_	_	_	_	linguistic	_	ContainsVariation=No	_	End=160.93	_	_	_	_
88-0	PKP141	88	0	ad	ad	_	_	_	_	_	linguistic	_	ContainsVariation=No	_	Begin=160.93	_	_	_	_
88-1	PKP141	88	1	arrivare,	arrivare	_	_	_	_	_	linguistic	_	ContainsVariation=No	Intonation=WeaklyRising	_	_	_	_	_
88-2	PKP141	88	2	un'	un'	_	_	_	_	_	linguistic	_	ContainsVariation=No	SpaceAfter=No	_	_	_	_	_
88-3	PKP141	88	3	ora	ora	_	_	_	_	_	linguistic	_	ContainsVariation=No	_	_	_	_	_	_
88-4	PKP141	88	4	e	e	_	_	_	_	_	linguistic	_	ContainsVariation=No	_	_	_	_	_	_
88-5	PKP141	88	5	mezza	mezza	_	_	_	_	_	linguistic	_	ContainsVariation=No	_	_	_	_	_	_
88-6	PKP141	88	6	due	due	_	_	_	_	_	linguistic	_	ContainsVariation=No	_	End=162.64	_	_	_	_
89-0	PKP141	89	0	e	e	_	_	_	_	_	linguistic	_	ContainsVariation=No	_	Begin=163.207	_	_	_	_
89-1	PKP141	89	1	io	io	_	_	_	_	_	linguistic	_	ContainsVariation=No	_	_	_	_	_	_
89-2	PKP141	89	2	già	già	_	_	_	_	_	linguistic	_	ContainsVariation=No	_	_	_	_	_	_
89-3	PKP141	89	3	di	di	_	_	_	_	_	linguistic	_	ContainsVariation=No	_	_	_	_	_	_
89-4	PKP141	89	4	lì	lì	_	_	_	_	_	linguistic	_	ContainsVariation=No	_	_	_	_	_	_
89-5	PKP141	89	5	inizio	inizio	_	_	_	_	_	linguistic	_	ContainsVariation=No	_	_	_	_	_	_
89-6	PKP141	89	6	a	a	_	_	_	_	_	linguistic	_	ContainsVariation=No	_	_	_	_	_	_
89-7	PKP141	89	7	dire	dire	_	_	_	_	_	linguistic	_	ContainsVariation=No	_	_	_	_	_	_
89-8	PKP141	89	8	si	si	_	_	_	_	_	linguistic	_	ContainsVariation=No	_	_	_	_	_	_
89-9	PKP141	89	9	raga'	raga'	_	_	_	_	_	linguistic	_	ContainsVariation=No	Truncated=Yes	_	_	_	_	_
89-10	PKP141	89	10	non	non	_	_	_	_	_	linguistic	_	ContainsVariation=No	_	_	_	_	_	_
89-11	PKP141	89	11	staranno	staranno	_	_	_	_	_	linguistic	_	ContainsVariation=No	_	_	_	_	_	_
89-12	PKP141	89	12	due	due	_	_	_	_	_	linguistic	_	ContainsVariation=No	_	_	_	_	_	_
89-13	PKP141	89	13	ore	ore	_	_	_	_	_	linguistic	_	ContainsVariation=No	_	_	_	_	_	_
89-14	PKP141	89	14	perché	perché	_	_	_	_	_	linguistic	_	ContainsVariation=No	_	_	_	_	_	_
89-15	PKP141	89	15	se	se	_	_	_	_	_	linguistic	_	ContainsVariation=No	_	_	_	_	_	_
89-16	PKP141	89	16	chiamano	chiamano	_	_	_	_	_	linguistic	_	ContainsVariation=No	_	_	_	_	_	_
89-17	PKP141	89	17	la	la	_	_	_	_	_	linguistic	_	ContainsVariation=No	_	_	_	_	_	_
89-18	PKP141	89	18	compagnia	compagnia	_	_	_	_	_	linguistic	_	ContainsVariation=No	_	End=166.76	_	_	_	_
90-0	PKP141	90	0	devi	devi	_	_	_	_	_	linguistic	_	ContainsVariation=No	_	Begin=166.77	_	_	_	_
90-1	PKP141	90	1	vedere	vedere	_	_	_	_	_	linguistic	_	ContainsVariation=No	_	_	_	_	_	_
90-2	PKP141	90	2	se	se	_	_	_	_	_	linguistic	_	ContainsVariation=No	_	_	_	_	_	_
90-3	PKP141	90	3	c'	c'	_	_	_	_	_	linguistic	_	ContainsVariation=No	SpaceAfter=No	_	_	_	_	_
90-4	PKP141	90	4	è	è	_	_	_	_	_	linguistic	_	ContainsVariation=No	_	_	_	_	_	_
90-5	PKP141	90	5	la	la	_	_	_	_	_	linguistic	_	ContainsVariation=No	_	_	_	_	_	_
90-6	PKP141	90	6	persona	persona	_	_	_	_	_	linguistic	_	ContainsVariation=No	_	_	_	_	_	_
90-7	PKP141	90	7	di	di	_	_	_	_	_	linguistic	_	ContainsVariation=No	_	_	_	_	_	_
90-8	PKP141	90	8	turno	turno	_	_	_	_	_	linguistic	_	ContainsVariation=No	_	_	_	_	_	_
90-9	PKP141	90	9	se	se	_	_	_	_	_	linguistic	_	ContainsVariation=No	_	_	_	_	_	_
90-10	PKP141	90	10	ci	ci	_	_	_	_	_	linguistic	_	ContainsVariation=No	_	_	_	_	_	_
90-11	PKP141	90	11	sta	sta	_	_	_	_	_	linguistic	_	ContainsVariation=No	_	_	_	_	_	_
90-12	PKP141	90	12	il	il	_	_	_	_	_	linguistic	_	ContainsVariation=No	_	_	_	_	_	_
90-13	PKP141	90	13	bus	bus	_	_	_	_	_	linguistic	_	ContainsVariation=No	_	_	_	_	_	_
90-14	PKP141	90	14	disponibile	disponibile	_	_	_	_	_	linguistic	_	ContainsVariation=No	_	End=169.53	_	_	_	_
91-0	PKP141	91	0	se	se	_	_	_	_	_	linguistic	_	ContainsVariation=No	_	Begin=169.53	_	_	_	_
91-1	PKP141	91	1	c'	c'	_	_	_	_	_	linguistic	_	ContainsVariation=No	SpaceAfter=No	_	_	_	_	_
91-2	PKP141	91	2	hai	hai	_	_	_	_	_	linguistic	_	ContainsVariation=No	_	_	_	_	_	_
91-3	PKP141	91	3	il	il	_	_	_	_	_	linguistic	_	ContainsVariation=No	_	_	_	_	_	_
91-4	PKP141	91	4	pieno	pieno	_	_	_	_	_	linguistic	_	ContainsVariation=No	_	_	_	_	_	_
91-5	PKP141	91	5	e	e	_	_	_	_	_	linguistic	_	ContainsVariation=No	_	_	_	_	_	_
91-6	PKP141	91	6	tutto	tutto	_	_	_	_	_	linguistic	_	ContainsVariation=No	_	_	_	_	_	_
91-7	PKP141	91	7	quindi	quindi	_	_	_	_	_	linguistic	_	ContainsVariation=No	_	End=171.133	_	_	_	_
92-0	PKP141	92	0	figurati	figurati	_	_	_	_	_	linguistic	_	ContainsVariation=No	_	Begin=171.44	_	_	_	_
92-1	PKP141	92	1	se	se	_	_	_	_	_	linguistic	_	ContainsVariation=No	_	_	_	_	_	_
92-2	PKP141	92	2	se	se	_	_	_	_	_	linguistic	_	ContainsVariation=No	_	_	_	_	_	_
92-3	PKP141	92	3	in	in	_	_	_	_	_	linguistic	_	ContainsVariation=No	_	_	_	_	_	_
92-4	PKP141	92	4	un'	un'	_	_	_	_	_	linguistic	_	ContainsVariation=No	SpaceAfter=No	_	_	_	_	_
92-5	PKP141	92	5	ora	ora	_	_	_	_	_	linguistic	_	ContainsVariation=No	_	_	_	_	_	_
92-6	PKP141	92	6	e	e	_	_	_	_	_	linguistic	_	ContainsVariation=No	_	_	_	_	_	_
92-7	PKP141	92	7	mezza	mezza	_	_	_	_	_	linguistic	_	ContainsVariation=No	_	_	_	_	_	_
92-8	PKP141	92	8	arrivano	arrivano	_	_	_	_	_	linguistic	_	ContainsVariation=No	_	End=173.757	_	_	_	_
93-0	PKP141	93	0	e	e	_	_	_	_	_	linguistic	_	ContainsVariation=No	_	Begin=175.71	_	_	_	_
93-1	PKP141	93	1	infatti	infatti	_	_	_	_	_	linguistic	_	ContainsVariation=No	_	End=176.598	_	_	_	_
94-0	PKP141	94	0	non	non	_	_	_	_	_	linguistic	_	ContainsVariation=No	_	Begin=176.598	_	_	_	_
94-1	PKP141	94	1	arriva	arriva	_	_	_	_	_	linguistic	_	ContainsVariation=No	_	_	_	_	_	_
94-2	PKP141	94	2	il	il	_	_	_	_	_	linguistic	_	ContainsVariation=No	_	_	_	_	_	_
94-3	PKP141	94	3	bus	bus	_	_	_	_	_	linguistic	_	ContainsVariation=No	_	_	_	_	_	_
94-4	PKP141	94	4	quello	quello	_	_	_	_	_	linguistic	_	ContainsVariation=No	_	_	_	_	_	_
94-5	PKP141	94	5	grande	grande	_	_	_	_	_	linguistic	_	ContainsVariation=No	_	End=178.804	_	_	_	_
95-0	PKP141	95	0	ma	ma	_	_	_	_	_	linguistic	_	ContainsVariation=No	_	Begin=179.446	_	_	_	_
95-1	PKP141	95	1	>da	da	_	_	_	_	_	linguistic	_	ContainsVariation=No	_	_	_	Fast=0-2(0)	_	_
95-2	PKP141	95	2	quello	quello	_	_	_	_	_	linguistic	_	ContainsVariation=No	_	_	_	Fast=0-6(0)	_	_
95-3	PKP141	95	3	che	che	_	_	_	_	_	linguistic	_	ContainsVariation=No	_	_	_	Fast=0-3(0)	_	_
95-4	PKP141	95	4	ci	ci	_	_	_	_	_	linguistic	_	ContainsVariation=No	_	_	_	Fast=0-2(0)	_	_
95-5	PKP141	95	5	dicono<	dicono	_	_	_	_	_	linguistic	_	ContainsVariation=No	_	_	_	Fast=0-6(0)	_	_
95-6	PKP141	95	6	dovevano	dovevano	_	_	_	_	_	linguistic	_	ContainsVariation=No	_	_	_	_	_	_
95-7	PKP141	95	7	arrivare	arrivare	_	_	_	_	_	linguistic	_	ContainsVariation=No	_	_	_	_	_	_
95-8	PKP141	95	8	due	due	_	_	_	_	_	linguistic	_	ContainsVariation=No	_	_	_	_	_	_
95-9	PKP141	95	9	bus	bus	_	_	_	_	_	linguistic	_	ContainsVariation=No	_	_	_	_	_	_
95-10	PKP141	95	10	più	più	_	_	_	_	_	linguistic	_	ContainsVariation=No	_	_	_	_	_	_
95-11	PKP141	95	11	piccoli	piccoli	_	_	_	_	_	linguistic	_	ContainsVariation=No	_	End=181.967	_	_	_	_
96-0	PKP136	96	0	m[h]	mh	_	_	_	_	_	linguistic	_	ContainsVariation=No	_	Begin=182.22|End=182.52	_	_	_	1-2(27)
97-0	PKP141	97	0	[e	e	_	_	_	_	_	linguistic	_	ContainsVariation=No	_	Begin=182.43	_	_	_	0-1(27)
97-1	PKP141	97	1	c]i	ci	_	_	_	_	_	linguistic	_	ContainsVariation=No	_	_	_	_	_	0-1(27)
97-2	PKP141	97	2	dovevamo	dovevamo	_	_	_	_	_	linguistic	_	ContainsVariation=No	_	_	_	_	_	_
97-3	PKP141	97	3	dividere	dividere	_	_	_	_	_	linguistic	_	ContainsVariation=No	_	End=183.409	_	_	_	_
98-0	PKP141	98	0	dopo	dopo	_	_	_	_	_	linguistic	_	ContainsVariation=No	_	Begin=183.71	_	_	_	_
98-1	PKP141	98	1	un	un	_	_	_	_	_	linguistic	_	ContainsVariation=No	_	_	_	_	_	_
98-2	PKP141	98	2	botto	botto	_	_	_	_	_	linguistic	_	ContainsVariation=No	_	_	_	_	_	_
98-3	PKP141	98	3	di	di	_	_	_	_	_	linguistic	_	ContainsVariation=No	_	_	_	_	_	_
98-4	PKP141	98	4	tempo	tempo	_	_	_	_	_	linguistic	_	ContainsVariation=No	_	_	_	_	_	_
98-5	PKP141	98	5	arriva	arriva	_	_	_	_	_	linguistic	_	ContainsVariation=No	_	_	_	_	_	_
98-6	PKP141	98	6	il	il	_	_	_	_	_	linguistic	_	ContainsVariation=No	_	_	_	_	_	_
98-7	PKP141	98	7	primo	primo	_	_	_	_	_	linguistic	_	ContainsVariation=No	_	End=185.584	_	_	_	_
99-0	PKP141	99	0	vabbè	vabbè	_	_	_	_	_	linguistic	_	ContainsVariation=No	_	Begin=187.146	_	_	_	_
99-1	PKP141	99	1	con	con	_	_	_	_	_	linguistic	_	ContainsVariation=No	_	_	_	_	_	_
99-2	PKP141	99	2	ca:lma	calma	_	_	_	_	_	linguistic	_	ContainsVariation=No	_	End=188.451	1x1	_	_	_
100-0	PKP141	100	0	iniziamo	iniziamo	_	_	_	_	_	linguistic	_	ContainsVariation=No	_	Begin=188.558	_	_	_	_
100-1	PKP141	100	1	a	a	_	_	_	_	_	linguistic	_	ContainsVariation=No	_	_	_	_	_	_
100-2	PKP141	100	2	sce:ndere	scendere	_	_	_	_	_	linguistic	_	ContainsVariation=No	_	End=190.06	2x1	_	_	_
101-0	PKP141	101	0	era	era	_	_	_	_	_	linguistic	_	ContainsVariation=No	_	Begin=190.7	_	_	_	_
101-1	PKP141	101	1	piccolo	piccolo	_	_	_	_	_	linguistic	_	ContainsVariation=No	_	_	_	_	_	_
101-2	PKP141	101	2	e	e	_	_	_	_	_	linguistic	_	ContainsVariation=No	_	_	_	_	_	_
101-3	PKP141	101	3	non	non	_	_	_	_	_	linguistic	_	ContainsVariation=No	_	_	_	_	_	_
101-4	PKP141	101	4	entravamo	entravamo	_	_	_	_	_	linguistic	_	ContainsVariation=No	_	_	_	_	_	_
101-5	PKP141	101	5	tutti	tutti	_	_	_	_	_	linguistic	_	ContainsVariation=No	_	_	_	_	_	_
101-6	PKP141	101	6	quindi	quindi	_	_	_	_	_	linguistic	_	ContainsVariation=No	_	_	_	_	_	_
101-7	PKP141	101	7	noi	noi	_	_	_	_	_	linguistic	_	ContainsVariation=No	_	_	_	_	_	_
101-8	PKP141	101	8	restiamo	restiamo	_	_	_	_	_	linguistic	_	ContainsVariation=No	_	_	_	_	_	_
101-9	PKP141	101	9	fuori	fuori	_	_	_	_	_	linguistic	_	ContainsVariation=No	_	End=193.45	_	_	_	_
102-0	PKP141	102	0	perché	perché	_	_	_	_	_	linguistic	_	ContainsVariation=No	_	Begin=193.45	_	_	_	_
102-1	PKP141	102	1	tipo	tipo	_	_	_	_	_	linguistic	_	ContainsVariation=No	_	_	_	_	_	_
102-2	PKP141	102	2	a	a	_	_	_	_	_	linguistic	_	ContainsVariation=No	_	_	_	_	_	_
102-3	PKP141	102	3	una	una	_	_	_	_	_	linguistic	_	ContainsVariation=No	_	_	_	_	_	_
102-4	PKP141	102	4	certa	certa	_	_	_	_	_	linguistic	_	ContainsVariation=No	_	_	_	_	_	_
102-5	PKP141	102	5	fanno	fanno	_	_	_	_	_	linguistic	_	ContainsVariation=No	_	_	_	_	_	_
102-6	PKP141	102	6	altre	altre	_	_	_	_	_	linguistic	_	ContainsVariation=No	_	_	_	_	_	_
102-7	PKP141	102	7	cinque	cinque	_	_	_	_	_	linguistic	_	ContainsVariation=No	_	_	_	_	_	_
102-8	PKP141	102	8	persone	persone	_	_	_	_	_	linguistic	_	ContainsVariation=No	_	End=195.6	_	_	_	_
103-0	PKP141	103	0	c'	c'	_	_	_	_	_	linguistic	_	ContainsVariation=No	SpaceAfter=No	Begin=195.6	_	_	_	_
103-1	PKP141	103	1	erano	erano	_	_	_	_	_	linguistic	_	ContainsVariation=No	_	_	_	_	_	_
103-2	PKP141	103	2	dei	dei	_	_	_	_	_	linguistic	_	ContainsVariation=No	_	_	_	_	_	_
103-3	PKP141	103	3	ragazzi	ragazzi	_	_	_	_	_	linguistic	_	ContainsVariation=No	_	_	_	_	_	_
103-4	PKP141	103	4	avanti	avanti	_	_	_	_	_	linguistic	_	ContainsVariation=No	_	End=197.106	_	_	_	_
104-0	PKP141	104	0	mi	mi	_	_	_	_	_	linguistic	_	ContainsVariation=No	_	Begin=197.408	_	_	_	_
104-1	PKP141	104	1	sa	sa	_	_	_	_	_	linguistic	_	ContainsVariation=No	_	_	_	_	_	_
104-2	PKP141	104	2	tipo	tipo	_	_	_	_	_	linguistic	_	ContainsVariation=No	_	_	_	_	_	_
104-3	PKP141	104	3	una	una	_	_	_	_	_	linguistic	_	ContainsVariation=No	_	_	_	_	_	_
104-4	PKP141	104	4	che	che	_	_	_	_	_	linguistic	_	ContainsVariation=No	_	_	_	_	_	_
104-5	PKP141	104	5	inizia	inizia	_	_	_	_	_	linguistic	_	ContainsVariation=No	_	_	_	_	_	_
104-6	PKP141	104	6	a	a	_	_	_	_	_	linguistic	_	ContainsVariation=No	_	_	_	_	_	_
104-7	PKP141	104	7	correre	correre	_	_	_	_	_	linguistic	_	ContainsVariation=No	_	_	_	_	_	_
104-8	PKP141	104	8	nel	nel	_	_	_	_	_	linguistic	_	ContainsVariation=No	_	_	_	_	_	_
104-9	PKP141	104	9	gruppo	gruppo	_	_	_	_	_	linguistic	_	ContainsVariation=No	_	End=199.829	_	_	_	_
105-0	PKP141	105	0	>noi	noi	_	_	_	_	_	linguistic	_	ContainsVariation=No	_	Begin=199.829	_	Fast=0-3(0)	_	_
105-1	PKP141	105	1	dicevamo<	dicevamo	_	_	_	_	_	linguistic	_	ContainsVariation=No	_	_	_	Fast=0-8(0)	_	_
105-2	PKP141	105	2	oh	oh	_	_	_	_	_	linguistic	_	ContainsVariation=No	_	_	_	_	_	_
105-3	PKP141	105	3	ma	ma	_	_	_	_	_	linguistic	_	ContainsVariation=No	_	_	_	_	_	_
105-4	PKP141	105	4	che	che	_	_	_	_	_	linguistic	_	ContainsVariation=No	_	_	_	_	_	_
105-5	PKP141	105	5	ro~	ro~	_	_	_	_	_	linguistic	_	ContainsVariation=No	Interrupted=Yes	_	_	_	_	_
105-6	PKP141	105	6	corri	corri	_	_	_	_	_	linguistic	_	ContainsVariation=No	_	_	_	_	_	_
105-7	PKP141	105	7	stanno	stanno	_	_	_	_	_	linguistic	_	ContainsVariation=No	_	_	_	_	_	_
105-8	PKP141	105	8	gli	gli	_	_	_	_	_	linguistic	_	ContainsVariation=No	_	_	_	_	_	_
105-9	PKP141	105	9	altri	altri	_	_	_	_	_	linguistic	_	ContainsVariation=No	_	End=201.943	_	_	_	_
106-0	PKP141	106	0	tanto	tanto	_	_	_	_	_	linguistic	_	ContainsVariation=No	_	Begin=201.943	_	_	_	_
106-1	PKP141	106	1	sicuo~	sicuo~	_	_	_	_	_	linguistic	_	ContainsVariation=No	Interrupted=Yes	_	_	_	_	_
106-2	PKP141	106	2	sicuro	sicuro	_	_	_	_	_	linguistic	_	ContainsVariation=No	_	_	_	_	_	_
106-3	PKP141	106	3	l'	l'	_	_	_	_	_	linguistic	_	ContainsVariation=No	SpaceAfter=No	_	_	_	_	_
106-4	PKP141	106	4	altro	altro	_	_	_	_	_	linguistic	_	ContainsVariation=No	_	_	_	_	_	_
106-5	PKP141	106	5	sta	sta	_	_	_	_	_	linguistic	_	ContainsVariation=No	_	_	_	_	_	_
106-6	PKP141	106	6	seguendoa	seguendoa	_	_	_	_	_	linguistic	_	ContainsVariation=No	_	_	_	_	_	_
106-7	PKP141	106	7	a	a	_	_	_	_	_	linguistic	_	ContainsVariation=No	_	_	_	_	_	_
106-8	PKP141	106	8	ruota	ruota	_	_	_	_	_	linguistic	_	ContainsVariation=No	_	End=204.98	_	_	_	_
107-0	PKP141	107	0	sarà	sarà	_	_	_	_	_	linguistic	_	ContainsVariation=No	PauseAfter=Yes	Begin=205.486	_	_	_	_
107-1	PKP141	107	1	(.)	(.)	_	_	_	_	_	shortpause	_	ContainsVariation=No	_	_	_	_	_	_
107-2	PKP141	107	2	dietro	dietro	_	_	_	_	_	linguistic	_	ContainsVariation=No	_	_	_	_	_	_
107-3	PKP141	107	3	quindi	quindi	_	_	_	_	_	linguistic	_	ContainsVariation=No	_	End=207.203	_	_	_	_
108-0	PKP141	108	0	cinque	cinque	_	_	_	_	_	linguistic	_	ContainsVariation=No	_	Begin=207.25	_	_	_	_
108-1	PKP141	108	1	minu:ti	minuti	_	_	_	_	_	linguistic	_	ContainsVariation=No	_	End=208.29	3x1	_	_	_
109-0	PKP136	109	0	mh	mh	_	_	_	_	_	linguistic	_	ContainsVariation=No	_	Begin=208.29|End=208.74	_	_	_	_
110-0	PKP141	110	0	arriva	arriva	_	_	_	_	_	linguistic	_	ContainsVariation=No	_	Begin=208.8|End=209.55	_	_	_	_
111-0	PKP136	111	0	certo	certo	_	_	_	_	_	linguistic	_	ContainsVariation=No	_	Begin=210.076|End=210.61	_	_	_	_
112-0	PKP141	112	0	due	due	_	_	_	_	_	linguistic	_	ContainsVariation=No	_	Begin=211.16	_	_	_	_
112-1	PKP141	112	1	[minuti]	minuti	_	_	_	_	_	linguistic	_	ContainsVariation=No	_	End=211.94	_	_	_	0-6(28)
113-0	PKP142	113	0	[le	le	_	_	_	_	_	linguistic	_	ContainsVariation=No	_	Begin=211.362	_	_	_	0-2(28)
113-1	PKP142	113	1	ultime	ultime	_	_	_	_	_	linguistic	_	ContainsVariation=No	_	_	_	_	_	0-6(28)
113-2	PKP142	113	2	paro]le	parole	_	_	_	_	_	linguistic	_	ContainsVariation=No	_	_	_	_	_	0-4(28)
113-3	PKP142	113	3	famose	famose	_	_	_	_	_	linguistic	_	ContainsVariation=No	_	_	_	_	_	_
113-4	PKP142	113	4	((ride))	((ride))	_	_	_	_	_	nonverbalbehavior	_	ContainsVariation=No	_	End=212.91	_	_	_	_
114-0	PKP141	114	0	esattamente	esattamente	_	_	_	_	_	linguistic	_	ContainsVariation=No	_	Begin=212.93|End=214.068	_	_	_	_
115-0	PKP141	115	0	cinque	cinque	_	_	_	_	_	linguistic	_	ContainsVariation=No	_	Begin=214.302	_	_	_	_
115-1	PKP141	115	1	minuti	minuti	_	_	_	_	_	linguistic	_	ContainsVariation=No	_	_	_	_	_	_
115-2	PKP141	115	2	dieci	dieci	_	_	_	_	_	linguistic	_	ContainsVariation=No	_	_	_	_	_	_
115-3	PKP141	115	3	minuti	minuti	_	_	_	_	_	linguistic	_	ContainsVariation=No	_	End=216.532	_	_	_	_
116-0	PKP141	116	0	et~	et~	_	_	_	_	_	linguistic	_	ContainsVariation=No	Interrupted=Yes	Begin=216.811	_	_	_	_
116-1	PKP141	116	1	oh	oh	_	_	_	_	_	linguistic	_	ContainsVariation=No	_	_	_	_	_	_
116-2	PKP141	116	2	raga'	raga'	_	_	_	_	_	linguistic	_	ContainsVariation=No	Truncated=Yes	_	_	_	_	_
116-3	PKP141	116	3	c(io)è	cioè	_	_	_	_	_	linguistic	_	ContainsVariation=No	Reduced=Yes	End=218.305	_	_	_	_
117-0	PKP141	117	0	tecnicamente	tecnicamente	_	_	_	_	_	linguistic	_	ContainsVariation=No	_	Begin=220.347	_	_	_	_
117-1	PKP141	117	1	so'	so'	_	_	_	_	_	linguistic	_	ContainsVariation=No	Truncated=Yes	_	_	_	_	_
117-2	PKP141	117	2	partiti	partiti	_	_	_	_	_	linguistic	_	ContainsVariation=No	_	_	_	_	_	_
117-3	PKP141	117	3	insie:me	insieme	_	_	_	_	_	linguistic	_	ContainsVariation=No	_	End=222.43	4x1	_	_	_
118-0	PKP141	118	0	arrivano	arrivano	_	_	_	_	_	linguistic	_	ContainsVariation=No	_	Begin=222.988	_	_	_	_
118-1	PKP141	118	1	insie:me	insieme	_	_	_	_	_	linguistic	_	ContainsVariation=No	_	End=224.285	4x1	_	_	_
119-0	PKP141	119	0	qualche	qualche	_	_	_	_	_	linguistic	_	ContainsVariation=No	_	Begin=224.753	_	_	_	_
119-1	PKP141	119	1	minuti	minuti	_	_	_	_	_	linguistic	_	ContainsVariation=No	_	_	_	_	_	_
119-2	PKP141	119	2	di	di	_	_	_	_	_	linguistic	_	ContainsVariation=No	_	_	_	_	_	_
119-3	PKP141	119	3	differenza	differenza	_	_	_	_	_	linguistic	_	ContainsVariation=No	_	_	_	_	_	_
119-4	PKP141	119	4	okay	okay	_	_	_	_	_	linguistic	_	ContainsVariation=No	_	_	_	_	_	_
119-5	PKP141	119	5	però	però	_	_	_	_	_	linguistic	_	ContainsVariation=No	_	End=226.876	_	_	_	_
120-0	PKP141	120	0	vabbè	vabbè	_	_	_	_	_	linguistic	_	ContainsVariation=No	_	Begin=228.386	_	_	_	_
120-1	PKP141	120	1	raga'	raga'	_	_	_	_	_	linguistic	_	ContainsVariation=No	Truncated=Yes	_	_	_	_	_
120-2	PKP141	120	2	pa:ssa	passa	_	_	_	_	_	linguistic	_	ContainsVariation=No	_	_	1x1	_	_	_
120-3	PKP141	120	3	il	il	_	_	_	_	_	linguistic	_	ContainsVariation=No	_	_	_	_	_	_
120-4	PKP141	120	4	tempo	tempo	_	_	_	_	_	linguistic	_	ContainsVariation=No	_	_	_	_	_	_
120-5	PKP141	120	5	niente	niente	_	_	_	_	_	linguistic	_	ContainsVariation=No	_	_	_	_	_	_
120-6	PKP141	120	6	non	non	_	_	_	_	_	linguistic	_	ContainsVariation=No	_	_	_	_	_	_
120-7	PKP141	120	7	arriva	arriva	_	_	_	_	_	linguistic	_	ContainsVariation=No	_	End=230.915	_	_	_	_
121-0	PKP141	121	0	ritorniamo	ritorniamo	_	_	_	_	_	linguistic	_	ContainsVariation=No	_	Begin=231.597	_	_	_	_
121-1	PKP141	121	1	su	su	_	_	_	_	_	linguistic	_	ContainsVariation=No	_	_	_	_	_	_
121-2	PKP141	121	2	a	a	_	_	_	_	_	linguistic	_	ContainsVariation=No	_	_	_	_	_	_
121-3	PKP141	121	3	chiedere:	chiedere	_	_	_	_	_	linguistic	_	ContainsVariation=No	_	End=233.3	7x1	_	_	_
122-0	PKP141	122	0	a	a	_	_	_	_	_	linguistic	_	ContainsVariation=No	_	Begin=233.626	_	_	_	_
122-1	PKP141	122	1	qualcu:no	qualcuno	_	_	_	_	_	linguistic	_	ContainsVariation=No	_	End=234.732	5x1	_	_	_
123-0	PKP141	123	0	magari	magari	_	_	_	_	_	linguistic	_	ContainsVariation=No	_	Begin=234.732	_	_	_	_
123-1	PKP141	123	1	boh	boh	_	_	_	_	_	linguistic	_	ContainsVariation=No	_	_	_	_	_	_
123-2	PKP141	123	2	sapessero	sapessero	_	_	_	_	_	linguistic	_	ContainsVariation=No	_	_	_	_	_	_
123-3	PKP141	123	3	qualcosa	qualcosa	_	_	_	_	_	linguistic	_	ContainsVariation=No	_	End=236.962	_	_	_	_
124-0	PKP141	124	0	da	da	_	_	_	_	_	linguistic	_	ContainsVariation=No	_	Begin=237.179	_	_	_	_
124-1	PKP141	124	1	quello	quello	_	_	_	_	_	linguistic	_	ContainsVariation=No	_	_	_	_	_	_
124-2	PKP141	124	2	che	che	_	_	_	_	_	linguistic	_	ContainsVariation=No	_	_	_	_	_	_
124-3	PKP141	124	3	capiamo	capiamo	_	_	_	_	_	linguistic	_	ContainsVariation=No	_	End=238.275	_	_	_	_
125-0	PKP141	125	0	sarebbe	sarebbe	_	_	_	_	_	linguistic	_	ContainsVariation=No	_	Begin=238.541	_	_	_	_
125-1	PKP141	125	1	arrivato	arrivato	_	_	_	_	_	linguistic	_	ContainsVariation=No	_	_	_	_	_	_
125-2	PKP141	125	2	un	un	_	_	_	_	_	linguistic	_	ContainsVariation=No	_	_	_	_	_	_
125-3	PKP141	125	3	altro	altro	_	_	_	_	_	linguistic	_	ContainsVariation=No	_	_	_	_	_	_
125-4	PKP141	125	4	un'	un'	_	_	_	_	_	linguistic	_	ContainsVariation=No	SpaceAfter=No	_	_	_	_	_
125-5	PKP141	125	5	altra	altra	_	_	_	_	_	linguistic	_	ContainsVariation=No	_	_	_	_	_	_
125-6	PKP141	125	6	navetta	navetta	_	_	_	_	_	linguistic	_	ContainsVariation=No	_	_	_	_	_	_
125-7	PKP141	125	7	piccola	piccola	_	_	_	_	_	linguistic	_	ContainsVariation=No	_	End=241.597	_	_	_	_
126-0	PKP141	126	0	e	e	_	_	_	_	_	linguistic	_	ContainsVariation=No	_	Begin=242.295	_	_	_	_
126-1	PKP141	126	1	tipo	tipo	_	_	_	_	_	linguistic	_	ContainsVariation=No	_	_	_	_	_	_
126-2	PKP141	126	2	quattroocinque	quattroocinque	_	_	_	_	_	linguistic	_	ContainsVariation=No	_	_	_	_	_	_
126-3	PKP141	126	3	persone	persone	_	_	_	_	_	linguistic	_	ContainsVariation=No	_	_	_	_	_	_
126-4	PKP141	126	4	non	non	_	_	_	_	_	linguistic	_	ContainsVariation=No	_	_	_	_	_	_
126-5	PKP141	126	5	sarebbero	sarebbero	_	_	_	_	_	linguistic	_	ContainsVariation=No	_	_	_	_	_	_
126-6	PKP141	126	6	entrate	entrate	_	_	_	_	_	linguistic	_	ContainsVariation=No	_	_	_	_	_	_
126-7	PKP141	126	7	neanche	neanche	_	_	_	_	_	linguistic	_	ContainsVariation=No	_	_	_	_	_	_
126-8	PKP141	126	8	in	in	_	_	_	_	_	linguistic	_	ContainsVariation=No	_	_	_	_	_	_
126-9	PKP141	126	9	quella	quella	_	_	_	_	_	linguistic	_	ContainsVariation=No	_	_	_	_	_	_
126-10	PKP141	126	10	e	e	_	_	_	_	_	linguistic	_	ContainsVariation=No	_	_	_	_	_	_
126-11	PKP141	126	11	quindi	quindi	_	_	_	_	_	linguistic	_	ContainsVariation=No	_	_	_	_	_	_
126-12	PKP141	126	12	doveva	doveva	_	_	_	_	_	linguistic	_	ContainsVariation=No	_	_	_	_	_	_
126-13	PKP141	126	13	arrivare	arrivare	_	_	_	_	_	linguistic	_	ContainsVariation=No	_	_	_	_	_	_
126-14	PKP141	126	14	qualcuno	qualcuno	_	_	_	_	_	linguistic	_	ContainsVariation=No	_	_	_	_	_	_
126-15	PKP141	126	15	con	con	_	_	_	_	_	linguistic	_	ContainsVariation=No	_	_	_	_	_	_
126-16	PKP141	126	16	la	la	_	_	_	_	_	linguistic	_	ContainsVariation=No	_	_	_	_	_	_
126-17	PKP141	126	17	mac[china]	macchina	_	_	_	_	_	linguistic	_	ContainsVariation=No	_	End=247.271	_	_	_	3-8(29)
127-0	PKP136	127	0	[o]ddio	oddio	_	_	_	_	_	linguistic	_	ContainsVariation=No	_	Begin=246.97	_	_	_	0-1(29)
127-1	PKP136	127	1	però	però	_	_	_	_	_	linguistic	_	ContainsVariation=No	_	End=248.21	_	_	_	_
128-0	PKP142	128	0	°madonna°	madonna	_	_	_	_	_	linguistic	_	ContainsVariation=No	Volume=low	Begin=248.21|End=249.104	_	_	_	_
129-0	PKP141	129	0	vabbè	vabbè	_	_	_	_	_	linguistic	_	ContainsVariation=No	_	Begin=250.567	_	_	_	_
129-1	PKP141	129	1	m:::h	mh	_	_	_	_	_	linguistic	_	ContainsVariation=No	_	End=252.41	0x3	_	_	_
130-0	PKP141	130	0	quindi	quindi	_	_	_	_	_	linguistic	_	ContainsVariation=No	_	Begin=253.435	_	_	_	_
130-1	PKP141	130	1	noi	noi	_	_	_	_	_	linguistic	_	ContainsVariation=No	_	_	_	_	_	_
130-2	PKP141	130	2	cosa	cosa	_	_	_	_	_	linguistic	_	ContainsVariation=No	_	_	_	_	_	_
130-3	PKP141	130	3	decidiamo	decidiamo	_	_	_	_	_	linguistic	_	ContainsVariation=No	_	_	_	_	_	_
130-4	PKP141	130	4	di	di	_	_	_	_	_	linguistic	_	ContainsVariation=No	_	_	_	_	_	_
130-5	PKP141	130	5	fare?	fare	_	_	_	_	_	linguistic	_	ContainsVariation=No	Intonation=Rising	_	_	_	_	_
130-6	PKP141	130	6	dato	dato	_	_	_	_	_	linguistic	_	ContainsVariation=No	_	_	_	_	_	_
130-7	PKP141	130	7	che	che	_	_	_	_	_	linguistic	_	ContainsVariation=No	_	_	_	_	_	_
130-8	PKP141	130	8	tutti	tutti	_	_	_	_	_	linguistic	_	ContainsVariation=No	_	_	_	_	_	_
130-9	PKP141	130	9	dovevano	dovevano	_	_	_	_	_	linguistic	_	ContainsVariation=No	_	_	_	_	_	_
130-10	PKP141	130	10	andare	andare	_	_	_	_	_	linguistic	_	ContainsVariation=No	_	_	_	_	_	_
130-11	PKP141	130	11	praticamente	praticamente	_	_	_	_	_	linguistic	_	ContainsVariation=No	_	_	_	_	_	_
130-12	PKP141	130	12	in	in	_	_	_	_	_	linguistic	_	ContainsVariation=No	_	_	_	_	_	_
130-13	PKP141	130	13	bagno	bagno	_	_	_	_	_	linguistic	_	ContainsVariation=No	_	End=257.123	_	_	_	_
131-0	PKP141	131	0	dovevamo	dovevamo	_	_	_	_	_	linguistic	_	ContainsVariation=No	PauseAfter=Yes	Begin=257.123	_	_	_	_
131-1	PKP141	131	1	(.)	(.)	_	_	_	_	_	shortpause	_	ContainsVariation=No	_	_	_	_	_	_
131-2	PKP141	131	2	essere	essere	_	_	_	_	_	linguistic	_	ContainsVariation=No	_	_	_	_	_	_
131-3	PKP141	131	3	già	già	_	_	_	_	_	linguistic	_	ContainsVariation=No	_	_	_	_	_	_
131-4	PKP141	131	4	arrivati	arrivati	_	_	_	_	_	linguistic	_	ContainsVariation=No	_	_	_	_	_	_
131-5	PKP141	131	5	a	a	_	_	_	_	_	linguistic	_	ContainsVariation=No	_	_	_	_	_	_
131-6	PKP141	131	6	casa	casa	_	_	_	_	_	linguistic	_	ContainsVariation=No	_	_	_	_	_	_
131-7	PKP141	131	7	perché	perché	_	_	_	_	_	linguistic	_	ContainsVariation=No	_	_	_	_	_	_
131-8	PKP141	131	8	erano	erano	_	_	_	_	_	linguistic	_	ContainsVariation=No	_	_	_	_	_	_
131-9	PKP141	131	9	le	le	_	_	_	_	_	linguistic	_	ContainsVariation=No	_	_	_	_	_	_
131-10	PKP141	131	10	otto~	otto~	_	_	_	_	_	linguistic	_	ContainsVariation=No	Interrupted=Yes	End=259.88	_	_	_	_
132-0	PKP141	132	0	noi	noi	_	_	_	_	_	linguistic	_	ContainsVariation=No	_	Begin=259.88	_	_	_	_
132-1	PKP141	132	1	dovevamo	dovevamo	_	_	_	_	_	linguistic	_	ContainsVariation=No	_	_	_	_	_	_
132-2	PKP141	132	2	arrivare	arrivare	_	_	_	_	_	linguistic	_	ContainsVariation=No	_	_	_	_	_	_
132-3	PKP141	132	3	massimo	massimo	_	_	_	_	_	linguistic	_	ContainsVariation=No	_	_	_	_	_	_
132-4	PKP141	132	4	alle	alle	_	_	_	_	_	linguistic	_	ContainsVariation=No	_	_	_	_	_	_
132-5	PKP141	132	5	otto	otto	_	_	_	_	_	linguistic	_	ContainsVariation=No	_	End=262.021	_	_	_	_
133-0	PKP136	133	0	oh	oh	_	_	_	_	_	linguistic	_	ContainsVariation=No	_	Begin=262.296	_	_	_	_
133-1	PKP136	133	1	ge[sù]	gesù	_	_	_	_	_	linguistic	_	ContainsVariation=No	_	_	_	_	_	2-4(30)
133-2	PKP136	133	2	(oggiusù)	oggiusù	_	_	_	_	_	linguistic	_	ContainsVariation=No	_	End=263.2	_	_	0-7(0)	_
134-0	PKP141	134	0	[era]no	erano	_	_	_	_	_	linguistic	_	ContainsVariation=No	_	Begin=262.711	_	_	_	0-3(30)
134-1	PKP141	134	1	le	le	_	_	_	_	_	linguistic	_	ContainsVariation=No	_	_	_	_	_	_
134-2	PKP141	134	2	otto	otto	_	_	_	_	_	linguistic	_	ContainsVariation=No	_	_	_	_	_	_
134-3	PKP141	134	3	pass~	pass~	_	_	_	_	_	linguistic	_	ContainsVariation=No	Interrupted=Yes	_	_	_	_	_
134-4	PKP141	134	4	le	le	_	_	_	_	_	linguistic	_	ContainsVariation=No	_	_	_	_	_	_
134-5	PKP141	134	5	otto	otto	_	_	_	_	_	linguistic	_	ContainsVariation=No	_	_	_	_	_	_
134-6	PKP141	134	6	sì	sì	_	_	_	_	_	linguistic	_	ContainsVariation=No	_	_	_	_	_	_
134-7	PKP141	134	7	otto:	otto	_	_	_	_	_	linguistic	_	ContainsVariation=No	_	_	3x1	_	_	_
134-8	PKP141	134	8	passate	passate	_	_	_	_	_	linguistic	_	ContainsVariation=No	_	_	_	_	_	_
134-9	PKP141	134	9	più	più	_	_	_	_	_	linguistic	_	ContainsVariation=No	_	_	_	_	_	_
134-10	PKP141	134	10	o	o	_	_	_	_	_	linguistic	_	ContainsVariation=No	_	_	_	_	_	_
134-11	PKP141	134	11	meno	meno	_	_	_	_	_	linguistic	_	ContainsVariation=No	_	End=266.33	_	_	_	_
135-0	PKP136	135	0	e	e	_	_	_	_	_	linguistic	_	ContainsVariation=No	_	Begin=266.33	_	_	_	_
135-1	PKP136	135	1	ancora	ancora	_	_	_	_	_	linguistic	_	ContainsVariation=No	_	_	_	_	_	_
135-2	PKP136	135	2	stavate	stavate	_	_	_	_	_	linguistic	_	ContainsVariation=No	_	_	_	_	_	_
135-3	PKP136	135	3	[là]?	là	_	_	_	_	_	linguistic	_	ContainsVariation=No	Intonation=Rising	End=267.535	_	_	_	0-2(31)
136-0	PKP141	136	0	[mh]mh	mhmh	_	_	_	_	_	linguistic	_	ContainsVariation=No	_	Begin=267.22|End=268.034	_	_	_	0-2(31)
137-0	PKP141	137	0	>diciamo<	diciamo	_	_	_	_	_	linguistic	_	ContainsVariation=No	_	Begin=268.451	_	Fast=0-7(0)	_	_
137-1	PKP141	137	1	vabbè	vabbè	_	_	_	_	_	linguistic	_	ContainsVariation=No	_	_	_	_	_	_
137-2	PKP141	137	2	aspettiamo	aspettiamo	_	_	_	_	_	linguistic	_	ContainsVariation=No	_	_	_	_	_	_
137-3	PKP141	137	3	fuo:ri	fuori	_	_	_	_	_	linguistic	_	ContainsVariation=No	_	_	2x1	_	_	_
137-4	PKP141	137	4	arriverà	arriverà	_	_	_	_	_	linguistic	_	ContainsVariation=No	_	_	_	_	_	_
137-5	PKP141	137	5	ora	ora	_	_	_	_	_	linguistic	_	ContainsVariation=No	_	End=271.29	_	_	_	_
138-0	PKP141	138	0	appena	appena	_	_	_	_	_	linguistic	_	ContainsVariation=No	_	Begin=272.043	_	_	_	_
138-1	PKP141	138	1	arriva	arriva	_	_	_	_	_	linguistic	_	ContainsVariation=No	_	_	_	_	_	_
138-2	PKP141	138	2	ci	ci	_	_	_	_	_	linguistic	_	ContainsVariation=No	_	_	_	_	_	_
138-3	PKP141	138	3	lanciamo	lanciamo	_	_	_	_	_	linguistic	_	ContainsVariation=No	_	_	_	_	_	_
138-4	PKP141	138	4	su	su	_	_	_	_	_	linguistic	_	ContainsVariation=No	_	End=273.753	_	_	_	_
139-0	PKP141	139	0	e	e	_	_	_	_	_	linguistic	_	ContainsVariation=No	_	Begin=274.39	_	_	_	_
139-1	PKP141	139	1	quindi	quindi	_	_	_	_	_	linguistic	_	ContainsVariation=No	_	_	_	_	_	_
139-2	PKP141	139	2	stiamo	stiamo	_	_	_	_	_	linguistic	_	ContainsVariation=No	_	_	_	_	_	_
139-3	PKP141	139	3	in	in	_	_	_	_	_	linguistic	_	ContainsVariation=No	_	_	_	_	_	_
139-4	PKP141	139	4	strada	strada	_	_	_	_	_	linguistic	_	ContainsVariation=No	_	_	_	_	_	_
139-5	PKP141	139	5	così	così	_	_	_	_	_	linguistic	_	ContainsVariation=No	_	End=276.102	_	_	_	_
140-0	PKP141	140	0	per	per	_	_	_	_	_	linguistic	_	ContainsVariation=No	_	Begin=276.842	_	_	_	_
140-1	PKP141	140	1	un'	un'	_	_	_	_	_	linguistic	_	ContainsVariation=No	SpaceAfter=No	_	_	_	_	_
140-2	PKP141	140	2	ora	ora	_	_	_	_	_	linguistic	_	ContainsVariation=No	_	End=277.833	_	_	_	_
141-0	PKP141	141	0	dopo	dopo	_	_	_	_	_	linguistic	_	ContainsVariation=No	_	Begin=278.162	_	_	_	_
141-1	PKP141	141	1	un	un	_	_	_	_	_	linguistic	_	ContainsVariation=No	_	_	_	_	_	_
141-2	PKP141	141	2	po'	po'	_	_	_	_	_	linguistic	_	ContainsVariation=No	_	_	_	_	_	_
141-3	PKP141	141	3	iniziamo	iniziamo	_	_	_	_	_	linguistic	_	ContainsVariation=No	_	_	_	_	_	_
141-4	PKP141	141	4	a	a	_	_	_	_	_	linguistic	_	ContainsVariation=No	_	_	_	_	_	_
141-5	PKP141	141	5	dire	dire	_	_	_	_	_	linguistic	_	ContainsVariation=No	_	_	_	_	_	_
141-6	PKP141	141	6	vabbè	vabbè	_	_	_	_	_	linguistic	_	ContainsVariation=No	_	_	_	_	_	_
141-7	PKP141	141	7	raga'	raga'	_	_	_	_	_	linguistic	_	ContainsVariation=No	Truncated=Yes	_	_	_	_	_
141-8	PKP141	141	8	qua	qua	_	_	_	_	_	linguistic	_	ContainsVariation=No	_	_	_	_	_	_
141-9	PKP141	141	9	non	non	_	_	_	_	_	linguistic	_	ContainsVariation=No	_	_	_	_	_	_
141-10	PKP141	141	10	arriva	arriva	_	_	_	_	_	linguistic	_	ContainsVariation=No	_	_	_	_	_	_
141-11	PKP141	141	11	qua	qua	_	_	_	_	_	linguistic	_	ContainsVariation=No	_	_	_	_	_	_
141-12	PKP141	141	12	non	non	_	_	_	_	_	linguistic	_	ContainsVariation=No	_	_	_	_	_	_
141-13	PKP141	141	13	arriva	arriva	_	_	_	_	_	linguistic	_	ContainsVariation=No	_	_	_	_	_	_
141-14	PKP141	141	14	c(io)è	cioè	_	_	_	_	_	linguistic	_	ContainsVariation=No	Reduced=Yes	End=281.25	_	_	_	_
142-0	PKP141	142	0	ci	ci	_	_	_	_	_	linguistic	_	ContainsVariation=No	_	Begin=281.983	_	_	_	_
142-1	PKP141	142	1	stavamo	stavamo	_	_	_	_	_	linguistic	_	ContainsVariation=No	_	_	_	_	_	_
142-2	PKP141	142	2	iniziando	iniziando	_	_	_	_	_	linguistic	_	ContainsVariation=No	_	_	_	_	_	_
142-3	PKP141	142	3	a	a	_	_	_	_	_	linguistic	_	ContainsVariation=No	_	_	_	_	_	_
142-4	PKP141	142	4	rompere	rompere	_	_	_	_	_	linguistic	_	ContainsVariation=No	_	_	_	_	_	_
142-5	PKP141	142	5	perché	perché	_	_	_	_	_	linguistic	_	ContainsVariation=No	_	_	_	_	_	_
142-6	PKP141	142	6	[faceva	faceva	_	_	_	_	_	linguistic	_	ContainsVariation=No	_	_	_	_	_	0-6(32)
142-7	PKP141	142	7	xxxx]	xxxx	_	_	_	_	_	unknown	_	ContainsVariation=No	Syllables=4	End=284.714	_	_	_	0-4(32)
143-0	PKP136	143	0	[ma	ma	_	_	_	_	_	linguistic	_	ContainsVariation=No	_	Begin=283.44	_	_	_	0-2(32)
143-1	PKP136	143	1	non	non	_	_	_	_	_	linguistic	_	ContainsVariation=No	_	_	_	_	_	0-3(32)
143-2	PKP136	143	2	stavate	stavate	_	_	_	_	_	linguistic	_	ContainsVariation=No	_	_	_	_	_	0-7(32)
143-3	PKP136	143	3	crepando	crepando	_	_	_	_	_	linguistic	_	ContainsVariation=No	_	_	_	_	_	0-8(32)
143-4	PKP136	143	4	di	di	_	_	_	_	_	linguistic	_	ContainsVariation=No	_	_	_	_	_	0-2(32)
143-5	PKP136	143	5	fred]do	freddo	_	_	_	_	_	linguistic	_	ContainsVariation=No	_	_	_	_	_	0-4(32)
143-6	PKP136	143	6	eh?	eh	_	_	_	_	_	linguistic	_	ContainsVariation=No	Intonation=Rising	End=285.315	_	_	_	_
144-0	PKP141	144	0	(per)	per	_	_	_	_	_	linguistic	_	ContainsVariation=No	_	Begin=285.34	_	_	0-3(0)	_
144-1	PKP141	144	1	fortuna	fortuna	_	_	_	_	_	linguistic	_	ContainsVariation=No	_	_	_	_	_	_
144-2	PKP141	144	2	avevo	avevo	_	_	_	_	_	linguistic	_	ContainsVariation=No	_	_	_	_	_	_
144-3	PKP141	144	3	l'	l'	_	_	_	_	_	linguistic	_	ContainsVariation=No	SpaceAfter=No	_	_	_	_	_
144-4	PKP141	144	4	abbigliamento	abbigliamento	_	_	_	_	_	linguistic	_	ContainsVariation=No	_	_	_	_	_	_
144-5	PKP141	144	5	tutto	tutto	_	_	_	_	_	linguistic	_	ContainsVariation=No	_	_	_	_	_	_
144-6	PKP141	144	6	da	da	_	_	_	_	_	linguistic	_	ContainsVariation=No	_	_	_	_	_	_
144-7	PKP141	144	7	sc[i	sci	_	_	_	_	_	linguistic	_	ContainsVariation=No	_	_	_	_	_	1-3(33)
144-8	PKP141	144	8	e	e	_	_	_	_	_	linguistic	_	ContainsVariation=No	_	_	_	_	_	0-1(33)
144-9	PKP141	144	9	tutto	tutto	_	_	_	_	_	linguistic	_	ContainsVariation=No	_	_	_	_	_	0-5(33)
144-10	PKP141	144	10	quindi]	quindi	_	_	_	_	_	linguistic	_	ContainsVariation=No	_	_	_	_	_	0-6(33)
144-11	PKP141	144	11	((ridendo))	((ridendo))	_	_	_	_	_	nonverbalbehavior	_	ContainsVariation=No	_	End=288.148	_	_	_	_
145-0	PKP136	145	0	[ah	ah	_	_	_	_	_	linguistic	_	ContainsVariation=No	_	Begin=287.077	_	_	_	0-2(33)
145-1	PKP136	145	1	okay]	okay	_	_	_	_	_	linguistic	_	ContainsVariation=No	_	End=288.072	_	_	_	0-4(33)
146-0	PKP141	146	0	cioè	cioè	_	_	_	_	_	linguistic	_	ContainsVariation=No	_	Begin=289.28	_	_	_	_
146-1	PKP141	146	1	tipo	tipo	_	_	_	_	_	linguistic	_	ContainsVariation=No	_	End=289.71	_	_	_	_
147-0	PKP141	147	0	a	a	_	_	_	_	_	linguistic	_	ContainsVariation=No	_	Begin=290.46	_	_	_	_
147-1	PKP141	147	1	(u)na	una	_	_	_	_	_	linguistic	_	ContainsVariation=No	_	_	_	_	0-1(0)	_
147-2	PKP141	147	2	certa	certa	_	_	_	_	_	linguistic	_	ContainsVariation=No	_	_	_	_	_	_
147-3	PKP141	147	3	mi	mi	_	_	_	_	_	linguistic	_	ContainsVariation=No	_	_	_	_	_	_
147-4	PKP141	147	4	tolgo	tolgo	_	_	_	_	_	linguistic	_	ContainsVariation=No	_	_	_	_	_	_
147-5	PKP141	147	5	la	la	_	_	_	_	_	linguistic	_	ContainsVariation=No	_	_	_	_	_	_
147-6	PKP141	147	6	giacca	giacca	_	_	_	_	_	linguistic	_	ContainsVariation=No	_	End=292.397	_	_	_	_
148-0	PKP141	148	0	e	e	_	_	_	_	_	linguistic	_	ContainsVariation=No	_	Begin=292.397	_	_	_	_
148-1	PKP141	148	1	m:::h	mh	_	_	_	_	_	linguistic	_	ContainsVariation=No	_	_	0x3	_	_	_
148-2	PKP141	148	2	mi	mi	_	_	_	_	_	linguistic	_	ContainsVariation=No	_	_	_	_	_	_
148-3	PKP141	148	3	metto	metto	_	_	_	_	_	linguistic	_	ContainsVariation=No	_	_	_	_	_	_
148-4	PKP141	148	4	un	un	_	_	_	_	_	linguistic	_	ContainsVariation=No	_	_	_	_	_	_
148-5	PKP141	148	5	altro	altro	_	_	_	_	_	linguistic	_	ContainsVariation=No	_	_	_	_	_	_
148-6	PKP141	148	6	maglione	maglione	_	_	_	_	_	linguistic	_	ContainsVariation=No	_	_	_	_	_	_
148-7	PKP141	148	7	((ride))	((ride))	_	_	_	_	_	nonverbalbehavior	_	ContainsVariation=No	_	End=295.142	_	_	_	_
149-0	PKP142	149	0	beh	beh	_	_	_	_	_	linguistic	_	ContainsVariation=No	_	Begin=295.52	_	_	_	_
149-1	PKP142	149	1	ci	ci	_	_	_	_	_	linguistic	_	ContainsVariation=No	_	_	_	_	_	_
149-2	PKP142	149	2	sta	sta	_	_	_	_	_	linguistic	_	ContainsVariation=No	_	End=296.25	_	_	_	_
150-0	PKP141	150	0	è	è	_	_	_	_	_	linguistic	_	ContainsVariation=No	_	Begin=296.25	_	_	_	_
150-1	PKP141	150	1	che	che	_	_	_	_	_	linguistic	_	ContainsVariation=No	_	_	_	_	_	_
150-2	PKP141	150	2	faceva	faceva	_	_	_	_	_	linguistic	_	ContainsVariation=No	_	_	_	_	_	_
150-3	PKP141	150	3	freddo	freddo	_	_	_	_	_	linguistic	_	ContainsVariation=No	_	_	_	_	_	_
150-4	PKP141	150	4	a	a	_	_	_	_	_	linguistic	_	ContainsVariation=No	_	_	_	_	_	_
150-5	PKP141	150	5	stare	stare	_	_	_	_	_	linguistic	_	ContainsVariation=No	_	_	_	_	_	_
150-6	PKP141	150	6	fre~	fre~	_	_	_	_	_	linguistic	_	ContainsVariation=No	Interrupted=Yes	_	_	_	_	_
150-7	PKP141	150	7	fermi	fermi	_	_	_	_	_	linguistic	_	ContainsVariation=No	_	End=298.465	_	_	_	_
151-0	PKP142	151	0	[eh	eh	_	_	_	_	_	linguistic	_	ContainsVariation=No	_	Begin=297.778	_	_	_	0-2(34)
151-1	PKP142	151	1	infatti]	infatti	_	_	_	_	_	linguistic	_	ContainsVariation=No	_	End=298.468	_	_	_	0-7(34)
152-0	PKP141	152	0	era	era	_	_	_	_	_	linguistic	_	ContainsVariation=No	_	Begin=298.468	_	_	_	_
152-1	PKP141	152	1	sera	sera	_	_	_	_	_	linguistic	_	ContainsVariation=No	_	_	_	_	_	_
152-2	PKP141	152	2	cioè	cioè	_	_	_	_	_	linguistic	_	ContainsVariation=No	_	_	_	_	_	_
152-3	PKP141	152	3	ormai	ormai	_	_	_	_	_	linguistic	_	ContainsVariation=No	_	_	_	_	_	_
152-4	PKP141	152	4	erano	erano	_	_	_	_	_	linguistic	_	ContainsVariation=No	_	End=300.183	_	_	_	_
153-0	PKP141	153	0	le	le	_	_	_	_	_	linguistic	_	ContainsVariation=No	_	Begin=300.183	_	_	_	_
153-1	PKP141	153	1	otto	otto	_	_	_	_	_	linguistic	_	ContainsVariation=No	_	End=301.796	_	_	_	_
154-0	PKP142	154	0	poi	poi	_	_	_	_	_	linguistic	_	ContainsVariation=No	_	Begin=301.9	_	_	_	_
154-1	PKP142	154	1	un	un	_	_	_	_	_	linguistic	_	ContainsVariation=No	_	_	_	_	_	_
154-2	PKP142	154	2	[conto	conto	_	_	_	_	_	linguistic	_	ContainsVariation=No	_	_	_	_	_	0-5(35)
154-3	PKP142	154	3	è	è	_	_	_	_	_	linguistic	_	ContainsVariation=No	_	_	_	_	_	0-1(35)
154-4	PKP142	154	4	col	col	_	_	_	_	_	linguistic	_	ContainsVariation=No	_	_	_	_	_	0-3(35)
154-5	PKP142	154	5	x	x	_	_	_	_	_	unknown	_	ContainsVariation=No	Syllables=1	_	_	_	_	0-1(35)
154-6	PKP142	154	6	un	un	_	_	_	_	_	linguistic	_	ContainsVariation=No	_	_	_	_	_	0-2(35)
154-7	PKP142	154	7	conto	conto	_	_	_	_	_	linguistic	_	ContainsVariation=No	_	_	_	_	_	0-5(35)
154-8	PKP142	154	8	è	è	_	_	_	_	_	linguistic	_	ContainsVariation=No	_	_	_	_	_	0-1(35)
154-9	PKP142	154	9	col	col	_	_	_	_	_	linguistic	_	ContainsVariation=No	_	_	_	_	_	0-3(35)
154-10	PKP142	154	10	s]o:le	sole	_	_	_	_	_	linguistic	_	ContainsVariation=No	_	End=303.909	1x1	_	_	0-1(35)
155-0	PKP141	155	0	[passa:te	passate	_	_	_	_	_	linguistic	_	ContainsVariation=No	_	Begin=302.233	4x1	_	_	0-7(35)
155-1	PKP141	155	1	(intendo)]	intendo	_	_	_	_	_	linguistic	_	ContainsVariation=No	_	End=303.462	_	_	0-7(0)	0-7(35)
156-0	PKP142	156	0	se	se	_	_	_	_	_	linguistic	_	ContainsVariation=No	_	Begin=304.071	_	_	_	_
156-1	PKP142	156	1	non	non	_	_	_	_	_	linguistic	_	ContainsVariation=No	_	_	_	_	_	_
156-2	PKP142	156	2	x	x	_	_	_	_	_	unknown	_	ContainsVariation=No	Syllables=1	_	_	_	_	_
156-3	PKP142	156	3	il	il	_	_	_	_	_	linguistic	_	ContainsVariation=No	_	_	_	_	_	_
156-4	PKP142	156	4	sole	sole	_	_	_	_	_	linguistic	_	ContainsVariation=No	_	_	_	_	_	_
156-5	PKP142	156	5	stavate::	stavate	_	_	_	_	_	linguistic	_	ContainsVariation=No	_	End=306.037	6x2	_	_	_
157-0	PKP142	157	0	boh,	boh	_	_	_	_	_	linguistic	_	ContainsVariation=No	Intonation=WeaklyRising	Begin=306.388	_	_	_	_
157-1	PKP142	157	1	bello	bello	_	_	_	_	_	linguistic	_	ContainsVariation=No	_	_	_	_	_	_
157-2	PKP142	157	2	che	che	_	_	_	_	_	linguistic	_	ContainsVariation=No	_	_	_	_	_	_
157-3	PKP142	157	3	more:ndo	morendo	_	_	_	_	_	linguistic	_	ContainsVariation=No	_	_	3x1	_	_	_
157-4	PKP142	157	4	di	di	_	_	_	_	_	linguistic	_	ContainsVariation=No	_	_	_	_	_	_
157-5	PKP142	157	5	freddo	freddo	_	_	_	_	_	linguistic	_	ContainsVariation=No	_	End=308.235	_	_	_	_
158-0	PKP136	158	0	madonna	madonna	_	_	_	_	_	linguistic	_	ContainsVariation=No	_	Begin=308.47|End=309.246	_	_	_	_
159-0	PKP141	159	0	>mhmh<	mhmh	_	_	_	_	_	linguistic	_	ContainsVariation=No	_	Begin=309.596	_	Fast=0-4(0)	_	_
159-1	PKP141	159	1	(>ve	ve	_	_	_	_	_	linguistic	_	ContainsVariation=No	_	_	_	Fast=0-2(1)	0-2(0)	_
159-2	PKP141	159	2	l'	l'	_	_	_	_	_	linguistic	_	ContainsVariation=No	SpaceAfter=No	_	_	Fast=0-2(1)	0-2(0)	_
159-3	PKP141	159	3	ho	ho	_	_	_	_	_	linguistic	_	ContainsVariation=No	_	_	_	Fast=0-2(1)	0-2(0)	_
159-4	PKP141	159	4	detto<)	detto	_	_	_	_	_	linguistic	_	ContainsVariation=No	_	_	_	Fast=0-5(1)	0-5(0)	_
159-5	PKP141	159	5	veramente	veramente	_	_	_	_	_	linguistic	_	ContainsVariation=No	_	End=310.903	_	_	_	_
160-0	PKP141	160	0	vabbè	vabbè	_	_	_	_	_	linguistic	_	ContainsVariation=No	_	Begin=311.707|End=312.149	_	_	_	_
161-0	PKP141	161	0	quindi	quindi	_	_	_	_	_	linguistic	_	ContainsVariation=No	_	Begin=313.054	_	_	_	_
161-1	PKP141	161	1	aspettiamo	aspettiamo	_	_	_	_	_	linguistic	_	ContainsVariation=No	_	_	_	_	_	_
161-2	PKP141	161	2	un	un	_	_	_	_	_	linguistic	_	ContainsVariation=No	_	_	_	_	_	_
161-3	PKP141	161	3	po'	po'	_	_	_	_	_	linguistic	_	ContainsVariation=No	_	End=314.104	_	_	_	_
162-0	PKP141	162	0	cazzegia:mo	cazzegiamo	_	_	_	_	_	linguistic	_	ContainsVariation=No	_	Begin=314.642	7x1	_	_	_
162-1	PKP141	162	1	un	un	_	_	_	_	_	linguistic	_	ContainsVariation=No	_	_	_	_	_	_
162-2	PKP141	162	2	po'	po'	_	_	_	_	_	linguistic	_	ContainsVariation=No	_	_	_	_	_	_
162-3	PKP141	162	3	così	così	_	_	_	_	_	linguistic	_	ContainsVariation=No	_	End=316.02	_	_	_	_
163-0	PKP141	163	0	finalme:nte	finalmente	_	_	_	_	_	linguistic	_	ContainsVariation=No	_	Begin=316.94	6x1	_	_	_
163-1	PKP141	163	1	arriva,	arriva	_	_	_	_	_	linguistic	_	ContainsVariation=No	Intonation=WeaklyRising	_	_	_	_	_
163-2	PKP141	163	2	il	il	_	_	_	_	_	linguistic	_	ContainsVariation=No	_	_	_	_	_	_
163-3	PKP141	163	3	nostro	nostro	_	_	_	_	_	linguistic	_	ContainsVariation=No	_	_	_	_	_	_
163-4	PKP141	163	4	mezzo,	mezzo	_	_	_	_	_	linguistic	_	ContainsVariation=No	Intonation=WeaklyRising	_	_	_	_	_
163-5	PKP141	163	5	<ma	ma	_	_	_	_	_	linguistic	_	ContainsVariation=No	_	_	_	Slow=0-2(0)	_	_
163-6	PKP141	163	6	non	non	_	_	_	_	_	linguistic	_	ContainsVariation=No	_	_	_	Slow=0-3(0)	_	_
163-7	PKP141	163	7	era	era	_	_	_	_	_	linguistic	_	ContainsVariation=No	_	_	_	Slow=0-3(0)	_	_
163-8	PKP141	163	8	neanche	neanche	_	_	_	_	_	linguistic	_	ContainsVariation=No	_	_	_	Slow=0-7(0)	_	_
163-9	PKP141	163	9	un	un	_	_	_	_	_	linguistic	_	ContainsVariation=No	_	_	_	Slow=0-2(0)	_	_
163-10	PKP141	163	10	bus>	bus	_	_	_	_	_	linguistic	_	ContainsVariation=No	_	End=320.726	_	Slow=0-3(0)	_	_
164-0	PKP141	164	0	era	era	_	_	_	_	_	linguistic	_	ContainsVariation=No	_	Begin=320.908	_	_	_	_
164-1	PKP141	164	1	>praticamente<	praticamente	_	_	_	_	_	linguistic	_	ContainsVariation=No	_	_	_	Fast=0-12(0)	_	_
164-2	PKP141	164	2	un	un	_	_	_	_	_	linguistic	_	ContainsVariation=No	_	_	_	_	_	_
164-3	PKP141	164	3	taxi	taxi	_	_	_	_	_	linguistic	_	ContainsVariation=No	_	End=322.5	_	_	_	_
165-0	PKP142	165	0	((ride))	((ride))	_	_	_	_	_	nonverbalbehavior	_	ContainsVariation=No	_	Begin=322.559|End=323.379	_	_	_	_
166-0	PKP136	166	0	((ride))	((ride))	_	_	_	_	_	nonverbalbehavior	_	ContainsVariation=No	_	Begin=322.559|End=323.379	_	_	_	_
167-0	PKP141	167	0	quello	quello	_	_	_	_	_	linguistic	_	ContainsVariation=No	_	Begin=323.034	_	_	_	_
167-1	PKP141	167	1	però:	però	_	_	_	_	_	linguistic	_	ContainsVariation=No	_	_	3x1	_	_	_
167-2	PKP141	167	2	un	un	_	_	_	_	_	linguistic	_	ContainsVariation=No	_	_	_	_	_	_
167-3	PKP141	167	3	po'	po'	_	_	_	_	_	linguistic	_	ContainsVariation=No	_	_	_	_	_	_
167-4	PKP141	167	4	più	più	_	_	_	_	_	linguistic	_	ContainsVariation=No	_	_	_	_	_	_
167-5	PKP141	167	5	gra:nde	grande	_	_	_	_	_	linguistic	_	ContainsVariation=No	_	_	2x1	_	_	_
167-6	PKP141	167	6	tipo	tipo	_	_	_	_	_	linguistic	_	ContainsVariation=No	_	_	_	_	_	_
167-7	PKP141	167	7	da	da	_	_	_	_	_	linguistic	_	ContainsVariation=No	_	_	_	_	_	_
167-8	PKP141	167	8	sette	sette	_	_	_	_	_	linguistic	_	ContainsVariation=No	_	_	_	_	_	_
167-9	PKP141	167	9	posti	posti	_	_	_	_	_	linguistic	_	ContainsVariation=No	_	End=325.909	_	_	_	_
168-0	PKP141	168	0	tipo	tipo	_	_	_	_	_	linguistic	_	ContainsVariation=No	_	Begin=326.189	_	_	_	_
168-1	PKP141	168	1	quei	quei	_	_	_	_	_	linguistic	_	ContainsVariation=No	_	_	_	_	_	_
168-2	PKP141	168	2	furgonci::ni	furgoncini	_	_	_	_	_	linguistic	_	ContainsVariation=No	_	_	7x2	_	_	_
168-3	PKP141	168	3	[là:::]	là	_	_	_	_	_	linguistic	_	ContainsVariation=No	_	_	1x3	_	_	0-2(352)
168-4	PKP141	168	4	quellim:h	quellimh	_	_	_	_	_	linguistic	_	ContainsVariation=No	_	End=328.891	6x1	_	_	_
169-0	PKP136	169	0	[m::h]	mh	_	_	_	_	_	linguistic	_	ContainsVariation=No	_	Begin=327.308|End=328.054	0x2	_	_	0-2(352)
170-0	PKP142	170	0	[sì]	sì	_	_	_	_	_	linguistic	_	ContainsVariation=No	_	Begin=327.465|End=327.908	_	_	_	0-2(352)
171-0	PKP141	171	0	ci	ci	_	_	_	_	_	linguistic	_	ContainsVariation=No	_	Begin=329.253	_	_	_	_
171-1	PKP141	171	1	lancia:mo	lanciamo	_	_	_	_	_	linguistic	_	ContainsVariation=No	_	_	5x1	_	_	_
171-2	PKP141	171	2	contro	contro	_	_	_	_	_	linguistic	_	ContainsVariation=No	_	_	_	_	_	_
171-3	PKP141	171	3	questo	questo	_	_	_	_	_	linguistic	_	ContainsVariation=No	_	_	_	_	_	_
171-4	PKP141	171	4	taxi	taxi	_	_	_	_	_	linguistic	_	ContainsVariation=No	_	End=331.341	_	_	_	_
172-0	PKP142	172	0	((ride))	((ride))	_	_	_	_	_	nonverbalbehavior	_	ContainsVariation=No	_	Begin=330.861|End=331.957	_	_	_	_
173-0	PKP136	173	0	((ride))	((ride))	_	_	_	_	_	nonverbalbehavior	_	ContainsVariation=No	_	Begin=331.204|End=331.655	_	_	_	_
174-0	PKP141	174	0	praticame:~	praticame~	_	_	_	_	_	linguistic	_	ContainsVariation=No	Interrupted=Yes	Begin=331.952	8x1	_	_	_
174-1	PKP141	174	1	[>cioè<	cioè	_	_	_	_	_	linguistic	_	ContainsVariation=No	_	_	_	Fast=0-4(0)	_	0-4(37)
174-2	PKP141	174	2	in	in	_	_	_	_	_	linguistic	_	ContainsVariation=No	_	_	_	Slow=0-2(0)	_	0-2(37)
174-3	PKP141	174	3	mezzo	mezzo	_	_	_	_	_	linguistic	_	ContainsVariation=No	_	_	_	Slow=0-5(0)	_	0-5(37)
174-4	PKP141	174	4	in	in	_	_	_	_	_	linguistic	_	ContainsVariation=No	_	_	_	Slow=0-2(0)	_	0-2(37)
174-5	PKP141	174	5	mezzo	mezzo	_	_	_	_	_	linguistic	_	ContainsVariation=No	_	_	_	Slow=0-5(0)	_	0-5(37)
174-6	PKP141	174	6	in	in	_	_	_	_	_	linguistic	_	ContainsVariation=No	_	_	_	Slow=0-2(0)	_	0-2(37)
174-7	PKP141	174	7	mezzo	mezzo	_	_	_	_	_	linguistic	_	ContainsVariation=No	_	_	_	Slow=0-5(0)	_	0-5(37)
174-8	PKP141	174	8	alla	alla	_	_	_	_	_	linguistic	_	ContainsVariation=No	_	_	_	Slow=0-4(0)	_	0-4(37)
174-9	PKP141	174	9	s]tra:da	strada	_	_	_	_	_	linguistic	_	ContainsVariation=No	_	_	3x1	Slow=0-6(0)	_	0-1(37)
174-10	PKP141	174	10	così	così	_	_	_	_	_	linguistic	_	ContainsVariation=No	_	_	_	Slow=0-4(0)	_	_
174-11	PKP141	174	11	ci	ci	_	_	_	_	_	linguistic	_	ContainsVariation=No	_	_	_	Slow=0-2(0)	_	_
174-12	PKP141	174	12	siamo	siamo	_	_	_	_	_	linguistic	_	ContainsVariation=No	_	_	_	Slow=0-5(0)	_	_
174-13	PKP141	174	13	butta:ti	buttati	_	_	_	_	_	linguistic	_	ContainsVariation=No	_	_	4x1	Slow=0-7(0)	_	_
174-14	PKP141	174	14	c'	c'	_	_	_	_	_	linguistic	_	ContainsVariation=No	SpaceAfter=No	_	_	Slow=0-2(0)	_	_
174-15	PKP141	174	15	erano	erano	_	_	_	_	_	linguistic	_	ContainsVariation=No	_	_	_	Slow=0-5(0)	_	_
174-16	PKP141	174	16	le	le	_	_	_	_	_	linguistic	_	ContainsVariation=No	_	_	_	Slow=0-2(0)	_	_
174-17	PKP141	174	17	macchine	macchine	_	_	_	_	_	linguistic	_	ContainsVariation=No	_	_	_	Slow=0-8(0)	_	_
174-18	PKP141	174	18	che	che	_	_	_	_	_	linguistic	_	ContainsVariation=No	_	_	_	Slow=0-3(0)	_	_
174-19	PKP141	174	19	>passavano<	passavano	_	_	_	_	_	linguistic	_	ContainsVariation=No	_	_	_	Fast=0-9(1)	_	_
174-20	PKP141	174	20	e	e	_	_	_	_	_	linguistic	_	ContainsVariation=No	_	_	_	_	_	_
174-21	PKP141	174	21	noi	noi	_	_	_	_	_	linguistic	_	ContainsVariation=No	_	_	_	_	_	_
174-22	PKP141	174	22	così	così	_	_	_	_	_	linguistic	_	ContainsVariation=No	_	_	_	_	_	_
174-23	PKP141	174	23	ci	ci	_	_	_	_	_	linguistic	_	ContainsVariation=No	_	_	_	_	_	_
174-24	PKP141	174	24	siamo	siamo	_	_	_	_	_	linguistic	_	ContainsVariation=No	_	_	_	_	_	_
174-25	PKP141	174	25	butta:ti	buttati	_	_	_	_	_	linguistic	_	ContainsVariation=No	_	End=337.318	4x1	_	_	_
175-0	PKP142	175	0	[xxx	xxx	_	_	_	_	_	unknown	_	ContainsVariation=No	Syllables=3	Begin=332.238	_	_	_	0-3(37)
175-1	PKP142	175	1	(quella)]	quella	_	_	_	_	_	linguistic	_	ContainsVariation=No	_	End=333.755	_	_	0-6(0)	0-6(37)
176-0	PKP136	176	0	(pazzi)	pazzi	_	_	_	_	_	linguistic	_	ContainsVariation=No	_	Begin=338.016	_	_	0-5(0)	_
176-1	PKP136	176	1	mado:nna	madonna	_	_	_	_	_	linguistic	_	ContainsVariation=No	_	End=339.403	3x1	_	_	_
177-0	PKP141	177	0	e::	e	_	_	_	_	_	linguistic	_	ContainsVariation=No	_	Begin=339.578	0x2	_	_	_
177-1	PKP141	177	1	abbiamo	abbiamo	_	_	_	_	_	linguistic	_	ContainsVariation=No	_	_	_	_	_	_
177-2	PKP141	177	2	preso	preso	_	_	_	_	_	linguistic	_	ContainsVariation=No	_	_	_	_	_	_
177-3	PKP141	177	3	posto,	posto	_	_	_	_	_	linguistic	_	ContainsVariation=No	Intonation=WeaklyRising	_	_	_	_	_
177-4	PKP141	177	4	fortunatamente	fortunatamente	_	_	_	_	_	linguistic	_	ContainsVariation=No	_	End=342.223	_	_	_	_
178-0	PKP141	178	0	entravamo	entravamo	_	_	_	_	_	linguistic	_	ContainsVariation=No	_	Begin=342.379	_	_	_	_
178-1	PKP141	178	1	tutti::	tutti	_	_	_	_	_	linguistic	_	ContainsVariation=No	_	_	4x2	_	_	_
178-2	PKP141	178	2	noi::	noi	_	_	_	_	_	linguistic	_	ContainsVariation=No	_	_	2x2	_	_	_
178-3	PKP141	178	3	giusti	giusti	_	_	_	_	_	linguistic	_	ContainsVariation=No	_	End=345.018	_	_	_	_
179-0	PKP141	179	0	cioè	cioè	_	_	_	_	_	linguistic	_	ContainsVariation=No	_	Begin=345.371	_	_	_	_
179-1	PKP141	179	1	io	io	_	_	_	_	_	linguistic	_	ContainsVariation=No	_	_	_	_	_	_
179-2	PKP141	179	2	e	e	_	_	_	_	_	linguistic	_	ContainsVariation=No	_	_	_	_	_	_
179-3	PKP141	179	3	i	i	_	_	_	_	_	linguistic	_	ContainsVariation=No	_	_	_	_	_	_
179-4	PKP141	179	4	miei	miei	_	_	_	_	_	linguistic	_	ContainsVariation=No	_	_	_	_	_	_
179-5	PKP141	179	5	amici	amici	_	_	_	_	_	linguistic	_	ContainsVariation=No	_	_	_	_	_	_
179-6	PKP141	179	6	giusti	giusti	_	_	_	_	_	linguistic	_	ContainsVariation=No	_	End=346.425	_	_	_	_
180-0	PKP136	180	0	((ride))	((ride))	_	_	_	_	_	nonverbalbehavior	_	ContainsVariation=No	_	Begin=346.425|End=346.88	_	_	_	_
181-0	PKP141	181	0	più	più	_	_	_	_	_	linguistic	_	ContainsVariation=No	_	Begin=347.152	_	_	_	_
181-1	PKP141	181	1	due	due	_	_	_	_	_	linguistic	_	ContainsVariation=No	_	_	_	_	_	_
181-2	PKP141	181	2	posti	posti	_	_	_	_	_	linguistic	_	ContainsVariation=No	_	_	_	_	_	_
181-3	PKP141	181	3	quelli	quelli	_	_	_	_	_	linguistic	_	ContainsVariation=No	_	_	_	_	_	_
181-4	PKP141	181	4	avanti	avanti	_	_	_	_	_	linguistic	_	ContainsVariation=No	_	_	_	_	_	_
181-5	PKP141	181	5	affianco	affianco	_	_	_	_	_	linguistic	_	ContainsVariation=No	_	_	_	_	_	_
181-6	PKP141	181	6	all'	all'	_	_	_	_	_	linguistic	_	ContainsVariation=No	SpaceAfter=No	_	_	_	_	_
181-7	PKP141	181	7	uti~	uti~	_	_	_	_	_	linguistic	_	ContainsVariation=No	Interrupted=Yes	_	_	_	_	_
181-8	PKP141	181	8	all'	all'	_	_	_	_	_	linguistic	_	ContainsVariation=No	SpaceAfter=No	_	_	_	_	_
181-9	PKP141	181	9	autista	autista	_	_	_	_	_	linguistic	_	ContainsVariation=No	_	End=349.985	_	_	_	_
182-0	PKP141	182	0	e,	e	_	_	_	_	_	linguistic	_	ContainsVariation=No	Intonation=WeaklyRising	Begin=350.896	_	_	_	_
182-1	PKP141	182	1	abbiamo	abbiamo	_	_	_	_	_	linguistic	_	ContainsVariation=No	_	_	_	_	_	_
182-2	PKP141	182	2	preso	preso	_	_	_	_	_	linguistic	_	ContainsVariation=No	_	_	_	_	_	_
182-3	PKP141	182	3	que:llo	quello	_	_	_	_	_	linguistic	_	ContainsVariation=No	_	End=352.153	2x1	_	_	_
183-0	PKP141	183	0	e::	e	_	_	_	_	_	linguistic	_	ContainsVariation=No	_	Begin=353.193	0x2	_	_	_
183-1	PKP141	183	1	vabbè,	vabbè	_	_	_	_	_	linguistic	_	ContainsVariation=No	Intonation=WeaklyRising	_	_	_	_	_
183-2	PKP141	183	2	il	il	_	_	_	_	_	linguistic	_	ContainsVariation=No	_	_	_	_	_	_
183-3	PKP141	183	3	tipo	tipo	_	_	_	_	_	linguistic	_	ContainsVariation=No	_	_	_	_	_	_
183-4	PKP141	183	4	guidava	guidava	_	_	_	_	_	linguistic	_	ContainsVariation=No	_	_	_	_	_	_
183-5	PKP141	183	5	di	di	_	_	_	_	_	linguistic	_	ContainsVariation=No	_	_	_	_	_	_
183-6	PKP141	183	6	me:rda	merda	_	_	_	_	_	linguistic	_	ContainsVariation=No	_	End=356.347	1x1	_	_	_
184-0	PKP142	184	0	((ride))	((ride))	_	_	_	_	_	nonverbalbehavior	_	ContainsVariation=No	_	Begin=357.1|End=358.662	_	_	_	_
185-0	PKP142	185	0	ni:ce	nice	_	_	_	_	_	linguistic	_	ContainsVariation=No	_	Begin=358.911|End=359.567	1x1	_	_	_
186-0	PKP141	186	0	mi	mi	_	_	_	_	_	linguistic	_	ContainsVariation=No	_	Begin=359.702	_	_	_	_
186-1	PKP141	186	1	stava	stava	_	_	_	_	_	linguistic	_	ContainsVariation=No	_	_	_	_	_	_
186-2	PKP141	186	2	venendo	venendo	_	_	_	_	_	linguistic	_	ContainsVariation=No	_	_	_	_	_	_
186-3	PKP141	186	3	la	la	_	_	_	_	_	linguistic	_	ContainsVariation=No	_	_	_	_	_	_
186-4	PKP141	186	4	na:usea,	nausea	_	_	_	_	_	linguistic	_	ContainsVariation=No	Intonation=WeaklyRising	_	1x1	_	_	_
186-5	PKP141	186	5	bellissi[mo]	bellissimo	_	_	_	_	_	linguistic	_	ContainsVariation=No	_	End=361.301	_	_	_	8-10(38)
187-0	PKP136	187	0	[ma	ma	_	_	_	_	_	linguistic	_	ContainsVariation=No	_	Begin=360.981	_	_	_	0-2(38)
187-1	PKP136	187	1	bas]ta	basta	_	_	_	_	_	linguistic	_	ContainsVariation=No	_	_	_	_	_	0-3(38)
187-2	PKP136	187	2	non	non	_	_	_	_	_	linguistic	_	ContainsVariation=No	_	_	_	_	_	_
187-3	PKP136	187	3	gli	gli	_	_	_	_	_	linguistic	_	ContainsVariation=No	_	_	_	_	_	_
187-4	PKP136	187	4	scoppia	scoppia	_	_	_	_	_	linguistic	_	ContainsVariation=No	_	_	_	_	_	_
187-5	PKP136	187	5	il	il	_	_	_	_	_	linguistic	_	ContainsVariation=No	_	_	_	_	_	_
187-6	PKP136	187	6	moto:re	motore	_	_	_	_	_	linguistic	_	ContainsVariation=No	_	_	3x1	_	_	_
187-7	PKP136	187	7	pure	pure	_	_	_	_	_	linguistic	_	ContainsVariation=No	_	_	_	_	_	_
187-8	PKP136	187	8	a	a	_	_	_	_	_	linguistic	_	ContainsVariation=No	_	_	_	_	_	_
187-9	PKP136	187	9	lu:i	lui	_	_	_	_	_	linguistic	_	ContainsVariation=No	_	End=362.74	1x1	_	_	_
188-0	PKP141	188	0	sì	sì	_	_	_	_	_	linguistic	_	ContainsVariation=No	_	Begin=362.74	_	_	_	_
188-1	PKP141	188	1	inf[atti]	infatti	_	_	_	_	_	linguistic	_	ContainsVariation=No	_	End=363.688	_	_	_	3-7(39)
189-0	PKP142	189	0	[infa]:tti	infatti	_	_	_	_	_	linguistic	_	ContainsVariation=No	_	Begin=363.288|End=364.143	3x1	_	_	0-4(39)
190-0	PKP141	190	0	s'	s'	_	_	_	_	_	linguistic	_	ContainsVariation=No	Truncated=Yes	Begin=364.421	_	_	_	_
190-1	PKP141	190	1	infatti	infatti	_	_	_	_	_	linguistic	_	ContainsVariation=No	_	_	_	_	_	_
190-2	PKP141	190	2	però	però	_	_	_	_	_	linguistic	_	ContainsVariation=No	_	End=365.357	_	_	_	_
191-0	PKP141	191	0	>sì	sì	_	_	_	_	_	linguistic	_	ContainsVariation=No	_	Begin=366.048	_	Fast=0-2(0)	_	_
191-1	PKP141	191	1	sì	sì	_	_	_	_	_	linguistic	_	ContainsVariation=No	_	_	_	Fast=0-2(0)	_	_
191-2	PKP141	191	2	eh<	eh	_	_	_	_	_	linguistic	_	ContainsVariation=No	_	_	_	Fast=0-2(0)	_	_
191-3	PKP141	191	3	forse	forse	_	_	_	_	_	linguistic	_	ContainsVariation=No	_	_	_	_	_	_
191-4	PKP141	191	4	dovete	dovete	_	_	_	_	_	linguistic	_	ContainsVariation=No	_	_	_	_	_	_
191-5	PKP141	191	5	fare	fare	_	_	_	_	_	linguistic	_	ContainsVariation=No	_	_	_	_	_	_
191-6	PKP141	191	6	un	un	_	_	_	_	_	linguistic	_	ContainsVariation=No	_	_	_	_	_	_
191-7	PKP141	191	7	ca:mbio	cambio	_	_	_	_	_	linguistic	_	ContainsVariation=No	_	_	1x1	_	_	_
191-8	PKP141	191	8	perché	perché	_	_	_	_	_	linguistic	_	ContainsVariation=No	_	End=368.227	_	_	_	_
192-0	PKP141	192	0	io::	io	_	_	_	_	_	linguistic	_	ContainsVariation=No	_	Begin=369.567	1x2	_	_	_
192-1	PKP141	192	1	devo	devo	_	_	_	_	_	linguistic	_	ContainsVariation=No	_	_	_	_	_	_
192-2	PKP141	192	2	accompagnare	accompagnare	_	_	_	_	_	linguistic	_	ContainsVariation=No	_	_	_	_	_	_
192-3	PKP141	192	3	tra	tra	_	_	_	_	_	linguistic	_	ContainsVariation=No	PauseAfter=Yes	_	_	_	_	_
192-4	PKP141	192	4	(.)	(.)	_	_	_	_	_	shortpause	_	ContainsVariation=No	_	_	_	_	_	_
192-5	PKP141	192	5	un	un	_	_	_	_	_	linguistic	_	ContainsVariation=No	_	_	_	_	_	_
192-6	PKP141	192	6	po'	po'	_	_	_	_	_	linguistic	_	ContainsVariation=No	_	_	_	_	_	_
192-7	PKP141	192	7	dei	dei	_	_	_	_	_	linguistic	_	ContainsVariation=No	_	_	_	_	_	_
192-8	PKP141	192	8	ragazzi	ragazzi	_	_	_	_	_	linguistic	_	ContainsVariation=No	_	_	_	_	_	_
192-9	PKP141	192	9	in	in	_	_	_	_	_	linguistic	_	ContainsVariation=No	_	_	_	_	_	_
192-10	PKP141	192	10	discote:ca	discoteca	_	_	_	_	_	linguistic	_	ContainsVariation=No	_	End=373.201	6x1	_	_	_
193-0	PKP141	193	0	e,	e	_	_	_	_	_	linguistic	_	ContainsVariation=No	Intonation=WeaklyRising	Begin=373.802	_	_	_	_
193-1	PKP141	193	1	quindi	quindi	_	_	_	_	_	linguistic	_	ContainsVariation=No	_	_	_	_	_	_
193-2	PKP141	193	2	mi	mi	_	_	_	_	_	linguistic	_	ContainsVariation=No	_	_	_	_	_	_
193-3	PKP141	193	3	se:rve	serve	_	_	_	_	_	linguistic	_	ContainsVariation=No	_	_	1x1	_	_	_
193-4	PKP141	193	4	qua	qua	_	_	_	_	_	linguistic	_	ContainsVariation=No	_	_	_	_	_	_
193-5	PKP141	193	5	la	la	_	_	_	_	_	linguistic	_	ContainsVariation=No	_	_	_	_	_	_
193-6	PKP141	193	6	nave:tta	navetta	_	_	_	_	_	linguistic	_	ContainsVariation=No	_	End=375.851	3x1	_	_	_
194-0	PKP141	194	0	però	però	_	_	_	_	_	linguistic	_	ContainsVariation=No	_	Begin=376.529	_	_	_	_
194-1	PKP141	194	1	ora	ora	_	_	_	_	_	linguistic	_	ContainsVariation=No	_	_	_	_	_	_
194-2	PKP141	194	2	vedia:mo	vediamo	_	_	_	_	_	linguistic	_	ContainsVariation=No	_	_	4x1	_	_	_
194-3	PKP141	194	3	se::	se	_	_	_	_	_	linguistic	_	ContainsVariation=No	_	End=378.304	1x2	_	_	_
195-0	PKP141	195	0	cambio	cambio	_	_	_	_	_	linguistic	_	ContainsVariation=No	_	Begin=378.56	_	_	_	_
195-1	PKP141	195	1	io::m:h	iomh	_	_	_	_	_	linguistic	_	ContainsVariation=No	_	_	1x2,2x1	_	_	_
195-2	PKP141	195	2	bu:~	bu~	_	_	_	_	_	linguistic	_	ContainsVariation=No	Interrupted=Yes	_	1x1	_	_	_
195-3	PKP141	195	3	taxi	taxi	_	_	_	_	_	linguistic	_	ContainsVariation=No	_	_	_	_	_	_
195-4	PKP141	195	4	oppure:	oppure	_	_	_	_	_	linguistic	_	ContainsVariation=No	_	_	5x1	_	_	_
195-5	PKP141	195	5	cambiate	cambiate	_	_	_	_	_	linguistic	_	ContainsVariation=No	_	_	_	_	_	_
195-6	PKP141	195	6	voi	voi	_	_	_	_	_	linguistic	_	ContainsVariation=No	_	_	_	_	_	_
195-7	PKP141	195	7	ora	ora	_	_	_	_	_	linguistic	_	ContainsVariation=No	_	_	_	_	_	_
195-8	PKP141	195	8	vediamo	vediamo	_	_	_	_	_	linguistic	_	ContainsVariation=No	_	_	_	_	_	_
195-9	PKP141	195	9	arriva	arriva	_	_	_	_	_	linguistic	_	ContainsVariation=No	_	_	_	_	_	_
195-10	PKP141	195	10	chi	chi	_	_	_	_	_	linguistic	_	ContainsVariation=No	_	_	_	_	_	_
195-11	PKP141	195	11	giù	giù	_	_	_	_	_	linguistic	_	ContainsVariation=No	PauseAfter=Yes	_	_	_	_	_
195-12	PKP141	195	12	(.)	(.)	_	_	_	_	_	shortpause	_	ContainsVariation=No	_	_	_	_	_	_
195-13	PKP141	195	13	al	al	_	_	_	_	_	linguistic	_	ContainsVariation=No	_	_	_	_	_	_
195-14	PKP141	195	14	paesino	paesino	_	_	_	_	_	linguistic	_	ContainsVariation=No	_	End=384.7	_	_	_	_
196-0	PKP136	196	0	mhmh	mhmh	_	_	_	_	_	linguistic	_	ContainsVariation=No	_	Begin=384.7|End=385.225	_	_	_	_
197-0	PKP141	197	0	>vabbè<	vabbè	_	_	_	_	_	linguistic	_	ContainsVariation=No	_	Begin=386.034	_	Fast=0-5(0)	_	_
197-1	PKP141	197	1	fortunatamente	fortunatamente	_	_	_	_	_	linguistic	_	ContainsVariation=No	_	_	_	_	_	_
197-2	PKP141	197	2	non	non	_	_	_	_	_	linguistic	_	ContainsVariation=No	_	_	_	_	_	_
197-3	PKP141	197	3	abbiamo	abbiamo	_	_	_	_	_	linguistic	_	ContainsVariation=No	_	_	_	_	_	_
197-4	PKP141	197	4	cambiato	cambiato	_	_	_	_	_	linguistic	_	ContainsVariation=No	_	_	_	_	_	_
197-5	PKP141	197	5	no:i	noi	_	_	_	_	_	linguistic	_	ContainsVariation=No	_	End=388.257	1x1	_	_	_
198-0	PKP141	198	0	x	x	_	_	_	_	_	unknown	_	ContainsVariation=No	Syllables=1	Begin=388.464	_	_	_	_
198-1	PKP141	198	1	il	il	_	_	_	_	_	linguistic	_	ContainsVariation=No	_	_	_	_	_	_
198-2	PKP141	198	2	ti:po	tipo	_	_	_	_	_	linguistic	_	ContainsVariation=No	_	End=389.499	1x1	_	_	_
199-0	PKP141	199	0	l'	l'	_	_	_	_	_	linguistic	_	ContainsVariation=No	SpaceAfter=No	Begin=389.88	_	_	_	_
199-1	PKP141	199	1	al~	al~	_	_	_	_	_	linguistic	_	ContainsVariation=No	Interrupted=Yes	_	_	_	_	_
199-2	PKP141	199	2	l'	l'	_	_	_	_	_	linguistic	_	ContainsVariation=No	SpaceAfter=No	_	_	_	_	_
199-3	PKP141	199	3	altro	altro	_	_	_	_	_	linguistic	_	ContainsVariation=No	_	_	_	_	_	_
199-4	PKP141	199	4	tipo	tipo	_	_	_	_	_	linguistic	_	ContainsVariation=No	_	End=390.913	_	_	_	_
200-0	PKP141	200	0	e::	e	_	_	_	_	_	linguistic	_	ContainsVariation=No	_	Begin=392.18|End=392.862	0x2	_	_	_
201-0	PKP142	201	0	che	che	_	_	_	_	_	linguistic	_	ContainsVariation=No	_	Begin=393.062	_	_	_	_
201-1	PKP142	201	1	sapeva	sapeva	_	_	_	_	_	linguistic	_	ContainsVariation=No	_	_	_	_	_	_
201-2	PKP142	201	2	guidare	guidare	_	_	_	_	_	linguistic	_	ContainsVariation=No	_	_	_	_	_	_
201-3	PKP142	201	3	que:sto?	questo	_	_	_	_	_	linguistic	_	ContainsVariation=No	Intonation=Rising	End=394.194	2x1	_	_	_
202-0	PKP141	202	0	questo	questo	_	_	_	_	_	linguistic	_	ContainsVariation=No	_	Begin=394.32	_	_	_	_
202-1	PKP141	202	1	sì	sì	_	_	_	_	_	linguistic	_	ContainsVariation=No	_	_	_	_	_	_
202-2	PKP141	202	2	era	era	_	_	_	_	_	linguistic	_	ContainsVariation=No	_	_	_	_	_	_
202-3	PKP141	202	3	il	il	_	_	_	_	_	linguistic	_	ContainsVariation=No	_	_	_	_	_	_
202-4	PKP141	202	4	proprietario	proprietario	_	_	_	_	_	linguistic	_	ContainsVariation=No	_	_	_	_	_	_
202-5	PKP141	202	5	dell'	dell'	_	_	_	_	_	linguistic	_	ContainsVariation=No	SpaceAfter=No	_	_	_	_	_
202-6	PKP141	202	6	azie:nda	azienda	_	_	_	_	_	linguistic	_	ContainsVariation=No	_	_	3x1	_	_	_
202-7	PKP141	202	7	tra	tra	_	_	_	_	_	linguistic	_	ContainsVariation=No	_	_	_	_	_	_
202-8	PKP141	202	8	l'	l'	_	_	_	_	_	linguistic	_	ContainsVariation=No	SpaceAfter=No	_	_	_	_	_
202-9	PKP141	202	9	altro	altro	_	_	_	_	_	linguistic	_	ContainsVariation=No	_	End=397.006	_	_	_	_
203-0	PKP142	203	0	((ride))	((ride))	_	_	_	_	_	nonverbalbehavior	_	ContainsVariation=No	_	Begin=394.729|End=395.386	_	_	_	_
204-0	PKP136	204	0	xxx	xxx	_	_	_	_	_	unknown	_	ContainsVariation=No	Syllables=3	Begin=397.454|End=398.56	_	_	_	_
205-0	PKP142	205	0	((ride))	((ride))	_	_	_	_	_	nonverbalbehavior	_	ContainsVariation=No	_	Begin=398.561|End=399.538	_	_	_	_
206-0	PKP141	206	0	sì	sì	_	_	_	_	_	linguistic	_	ContainsVariation=No	_	Begin=398.822	_	_	_	_
206-1	PKP141	206	1	era::	era	_	_	_	_	_	linguistic	_	ContainsVariation=No	_	End=399.533	2x2	_	_	_
207-0	PKP142	207	0	livello	livello	_	_	_	_	_	linguistic	_	ContainsVariation=No	_	Begin=399.682	_	_	_	_
207-1	PKP142	207	1	pro[(prio)]	proprio	_	_	_	_	_	linguistic	_	ContainsVariation=No	_	End=400.594	_	_	3-7(0)	3-7(42)
208-0	PKP136	208	0	[tra]t[tame:nto	trattamento	_	_	_	_	_	linguistic	_	ContainsVariation=No	_	Begin=400.382	7x1	_	_	0-3(42),4-11(43)
208-1	PKP136	208	1	proprio	proprio	_	_	_	_	_	linguistic	_	ContainsVariation=No	_	_	_	_	_	0-7(43)
208-2	PKP136	208	2	di	di	_	_	_	_	_	linguistic	_	ContainsVariation=No	_	_	_	_	_	0-2(43)
208-3	PKP136	208	3	fa]vo:re	favore	_	_	_	_	_	linguistic	_	ContainsVariation=No	_	End=402.136	3x1	_	_	0-2(43)
209-0	PKP141	209	0	[xxx]	xxx	_	_	_	_	_	unknown	_	ContainsVariation=No	Syllables=3	Begin=400.601|End=401.555	_	_	_	0-3(43)
210-0	PKP141	210	0	sì	sì	_	_	_	_	_	linguistic	_	ContainsVariation=No	_	Begin=402.136	_	_	_	_
210-1	PKP141	210	1	sì	sì	_	_	_	_	_	linguistic	_	ContainsVariation=No	_	End=402.688	_	_	_	_
211-0	PKP141	211	0	stra	stra	_	_	_	_	_	linguistic	_	ContainsVariation=No	_	Begin=403.148	_	_	_	_
211-1	PKP141	211	1	genti:li	gentili	_	_	_	_	_	linguistic	_	ContainsVariation=No	_	_	4x1	_	_	_
211-2	PKP141	211	2	tutto:	tutto	_	_	_	_	_	linguistic	_	ContainsVariation=No	_	_	4x1	_	_	_
211-3	PKP141	211	3	tutto	tutto	_	_	_	_	_	linguistic	_	ContainsVariation=No	_	_	_	_	_	_
211-4	PKP141	211	4	(bello)	bello	_	_	_	_	_	linguistic	_	ContainsVariation=No	_	End=405.205	_	_	0-5(0)	_
212-0	PKP141	212	0	tant'	tant'	_	_	_	_	_	linguistic	_	ContainsVariation=No	SpaceAfter=No	Begin=405.872	_	_	_	_
212-1	PKP141	212	1	è	è	_	_	_	_	_	linguistic	_	ContainsVariation=No	_	End=406.408	_	_	_	_
213-0	PKP141	213	0	che	che	_	_	_	_	_	linguistic	_	ContainsVariation=No	_	Begin=407.016	_	_	_	_
213-1	PKP141	213	1	gli	gli	_	_	_	_	_	linguistic	_	ContainsVariation=No	_	_	_	_	_	_
213-2	PKP141	213	2	facciamo	facciamo	_	_	_	_	_	linguistic	_	ContainsVariation=No	_	_	_	_	_	_
213-3	PKP141	213	3	vabbè	vabbè	_	_	_	_	_	linguistic	_	ContainsVariation=No	_	End=408.198	_	_	_	_
214-0	PKP141	214	0	>lui	lui	_	_	_	_	_	linguistic	_	ContainsVariation=No	_	Begin=408.905	_	Fast=0-3(0)	_	_
214-1	PKP141	214	1	ci	ci	_	_	_	_	_	linguistic	_	ContainsVariation=No	_	_	_	Fast=0-2(0)	_	_
214-2	PKP141	214	2	chiede	chiede	_	_	_	_	_	linguistic	_	ContainsVariation=No	_	_	_	Fast=0-6(0)	_	_
214-3	PKP141	214	3	dove	dove	_	_	_	_	_	linguistic	_	ContainsVariation=No	_	_	_	Fast=0-4(0)	_	_
214-4	PKP141	214	4	dovete:<	dovete	_	_	_	_	_	linguistic	_	ContainsVariation=No	_	_	5x1	Fast=0-6(0)	_	_
214-5	PKP141	214	5	arriva:re	arrivare	_	_	_	_	_	linguistic	_	ContainsVariation=No	_	_	5x1	_	_	_
214-6	PKP141	214	6	la	la	_	_	_	_	_	linguistic	_	ContainsVariation=No	_	_	_	_	_	_
214-7	PKP141	214	7	partenza	partenza	_	_	_	_	_	linguistic	_	ContainsVariation=No	_	_	_	_	_	_
214-8	PKP141	214	8	la	la	_	_	_	_	_	linguistic	_	ContainsVariation=No	_	_	_	_	_	_
214-9	PKP141	214	9	matti:na	mattina	_	_	_	_	_	linguistic	_	ContainsVariation=No	PauseAfter=Yes	_	4x1	_	_	_
214-10	PKP141	214	10	(.)	(.)	_	_	_	_	_	shortpause	_	ContainsVariation=No	_	_	_	_	_	_
214-11	PKP141	214	11	vi	vi	_	_	_	_	_	linguistic	_	ContainsVariation=No	_	_	_	_	_	_
214-12	PKP141	214	12	dico,	dico	_	_	_	_	_	linguistic	_	ContainsVariation=No	Intonation=WeaklyRising	_	_	_	_	_
214-13	PKP141	214	13	ci	ci	_	_	_	_	_	linguistic	_	ContainsVariation=No	_	_	_	_	_	_
214-14	PKP141	214	14	eravamo	eravamo	_	_	_	_	_	linguistic	_	ContainsVariation=No	_	_	_	_	_	_
214-15	PKP141	214	15	svegliati	svegliati	_	_	_	_	_	linguistic	_	ContainsVariation=No	_	_	_	_	_	_
214-16	PKP141	214	16	alle	alle	_	_	_	_	_	linguistic	_	ContainsVariation=No	_	_	_	_	_	_
214-17	PKP141	214	17	quattro	quattro	_	_	_	_	_	linguistic	_	ContainsVariation=No	_	_	_	_	_	_
214-18	PKP141	214	18	e	e	_	_	_	_	_	linguistic	_	ContainsVariation=No	_	_	_	_	_	_
214-19	PKP141	214	19	me:zzo	mezzo	_	_	_	_	_	linguistic	_	ContainsVariation=No	_	End=414.62	1x1	_	_	_
215-0	PKP136	215	0	((ride))	((ride))	_	_	_	_	_	nonverbalbehavior	_	ContainsVariation=No	_	Begin=414.928|End=415.792	_	_	_	_
216-0	PKP141	216	0	perché	perché	_	_	_	_	_	linguistic	_	ContainsVariation=No	_	Begin=415.844	_	_	_	_
216-1	PKP141	216	1	dovevamo	dovevamo	_	_	_	_	_	linguistic	_	ContainsVariation=No	_	_	_	_	_	_
216-2	PKP141	216	2	andare	andare	_	_	_	_	_	linguistic	_	ContainsVariation=No	_	_	_	_	_	_
216-3	PKP141	216	3	a	a	_	_	_	_	_	linguistic	_	ContainsVariation=No	_	_	_	_	_	_
216-4	PKP141	216	4	saragozza	saragozza	_	_	_	_	_	linguistic	_	ContainsVariation=No	_	End=417.393	_	_	_	_
217-0	PKP136	217	0	madonna	madonna	_	_	_	_	_	linguistic	_	ContainsVariation=No	_	Begin=417.671|End=418.314	_	_	_	_
218-0	PKP141	218	0	ERA:	era	_	_	_	_	_	linguistic	_	ContainsVariation=No	Volume=high	Begin=419.229|End=419.997	2x1	_	_	_
219-0	PKP141	219	0	e:::	e	_	_	_	_	_	linguistic	_	ContainsVariation=No	_	Begin=420.291	0x3	_	_	_
219-1	PKP141	219	1	>vabbè<	vabbè	_	_	_	_	_	linguistic	_	ContainsVariation=No	_	_	_	Fast=0-5(0)	_	_
219-2	PKP141	219	2	la	la	_	_	_	_	_	linguistic	_	ContainsVariation=No	_	_	_	_	_	_
219-3	PKP141	219	3	porta	porta	_	_	_	_	_	linguistic	_	ContainsVariation=No	_	_	_	_	_	_
219-4	PKP141	219	4	in	in	_	_	_	_	_	linguistic	_	ContainsVariation=No	_	_	_	_	_	_
219-5	PKP141	219	5	sara:~	sara~	_	_	_	_	_	linguistic	_	ContainsVariation=No	Interrupted=Yes	_	3x1	_	_	_
219-6	PKP141	219	6	a	a	_	_	_	_	_	linguistic	_	ContainsVariation=No	_	_	_	_	_	_
219-7	PKP141	219	7	saragozza	saragozza	_	_	_	_	_	linguistic	_	ContainsVariation=No	_	_	_	_	_	_
219-8	PKP141	219	8	quindi	quindi	_	_	_	_	_	linguistic	_	ContainsVariation=No	_	End=423.316	_	_	_	_
220-0	PKP141	220	0	uno	uno	_	_	_	_	_	linguistic	_	ContainsVariation=No	_	Begin=424.202	_	_	_	_
220-1	PKP141	220	1	doveva	doveva	_	_	_	_	_	linguistic	_	ContainsVariation=No	_	_	_	_	_	_
220-2	PKP141	220	2	arrivare	arrivare	_	_	_	_	_	linguistic	_	ContainsVariation=No	_	_	_	_	_	_
220-3	PKP141	220	3	a	a	_	_	_	_	_	linguistic	_	ContainsVariation=No	_	_	_	_	_	_
220-4	PKP141	220	4	sarago:zza	saragozza	_	_	_	_	_	linguistic	_	ContainsVariation=No	_	_	5x1	_	_	_
220-5	PKP141	220	5	però	però	_	_	_	_	_	linguistic	_	ContainsVariation=No	_	_	_	_	_	_
220-6	PKP141	220	6	gli	gli	_	_	_	_	_	linguistic	_	ContainsVariation=No	_	_	_	_	_	_
220-7	PKP141	220	7	altri	altri	_	_	_	_	_	linguistic	_	ContainsVariation=No	_	_	_	_	_	_
220-8	PKP141	220	8	(>chiaramente<)	chiaramente	_	_	_	_	_	linguistic	_	ContainsVariation=No	_	_	_	Fast=0-11(0)	0-11(0)	_
220-9	PKP141	220	9	dovevano	dovevano	_	_	_	_	_	linguistic	_	ContainsVariation=No	_	_	_	_	_	_
220-10	PKP141	220	10	arrivare	arrivare	_	_	_	_	_	linguistic	_	ContainsVariation=No	_	_	_	_	_	_
220-11	PKP141	220	11	in	in	_	_	_	_	_	linguistic	_	ContainsVariation=No	_	_	_	_	_	_
220-12	PKP141	220	12	altre	altre	_	_	_	_	_	linguistic	_	ContainsVariation=No	_	_	_	_	_	_
220-13	PKP141	220	13	zo:ne	zone	_	_	_	_	_	linguistic	_	ContainsVariation=No	_	End=428.764	1x1	_	_	_
221-0	PKP141	221	0	e	e	_	_	_	_	_	linguistic	_	ContainsVariation=No	_	Begin=429.059	_	_	_	_
221-1	PKP141	221	1	quindi::	quindi	_	_	_	_	_	linguistic	_	ContainsVariation=No	_	_	5x2	_	_	_
221-2	PKP141	221	2	vabbè	vabbè	_	_	_	_	_	linguistic	_	ContainsVariation=No	_	_	_	_	_	_
221-3	PKP141	221	3	di	di	_	_	_	_	_	linguistic	_	ContainsVariation=No	_	_	_	_	_	_
221-4	PKP141	221	4	fatto	fatto	_	_	_	_	_	linguistic	_	ContainsVariation=No	_	_	_	_	_	_
221-5	PKP141	221	5	poi	poi	_	_	_	_	_	linguistic	_	ContainsVariation=No	_	_	_	_	_	_
221-6	PKP141	221	6	ci	ci	_	_	_	_	_	linguistic	_	ContainsVariation=No	_	_	_	_	_	_
221-7	PKP141	221	7	>vabbè<	vabbè	_	_	_	_	_	linguistic	_	ContainsVariation=No	_	_	_	Fast=0-5(0)	_	_
221-8	PKP141	221	8	questo	questo	_	_	_	_	_	linguistic	_	ContainsVariation=No	_	_	_	Slow=0-6(0)	_	_
221-9	PKP141	221	9	ci	ci	_	_	_	_	_	linguistic	_	ContainsVariation=No	_	_	_	Slow=0-2(0)	_	_
221-10	PKP141	221	10	accompagna	accompagna	_	_	_	_	_	linguistic	_	ContainsVariation=No	_	_	_	Slow=0-10(0)	_	_
221-11	PKP141	221	11	a	a	_	_	_	_	_	linguistic	_	ContainsVariation=No	_	_	_	Slow=0-1(0)	_	_
221-12	PKP141	221	12	casa	casa	_	_	_	_	_	linguistic	_	ContainsVariation=No	_	_	_	Slow=0-4(0)	_	_
221-13	PKP141	221	13	(giustamente)	giustamente	_	_	_	_	_	linguistic	_	ContainsVariation=No	_	_	_	Slow=0-11(0)	0-11(0)	_
221-14	PKP141	221	14	era	era	_	_	_	_	_	linguistic	_	ContainsVariation=No	_	_	_	Slow=0-3(0)	_	_
221-15	PKP141	221	15	ta:rdi	tardi	_	_	_	_	_	linguistic	_	ContainsVariation=No	_	_	1x1	Slow=0-5(0)	_	_
221-16	PKP141	221	16	era::	era	_	_	_	_	_	linguistic	_	ContainsVariation=No	_	_	2x2	Slow=0-3(0)	_	_
221-17	PKP141	221	17	ormai::	ormai	_	_	_	_	_	linguistic	_	ContainsVariation=No	_	_	4x2	Slow=0-5(0)	_	_
221-18	PKP141	221	18	il	il	_	_	_	_	_	linguistic	_	ContainsVariation=No	_	_	_	Slow=0-2(0)	_	_
221-19	PKP141	221	19	ta:xi	taxi	_	_	_	_	_	linguistic	_	ContainsVariation=No	_	_	1x1	Slow=0-4(0)	_	_
221-20	PKP141	221	20	là::	là	_	_	_	_	_	linguistic	_	ContainsVariation=No	_	_	1x2	Slow=0-2(0)	_	_
221-21	PKP141	221	21	>cioè<	cioè	_	_	_	_	_	linguistic	_	ContainsVariation=No	_	End=435.993	_	Fast=0-4(1)	_	_
222-0	PKP141	222	0	il	il	_	_	_	_	_	linguistic	_	ContainsVariation=No	_	Begin=436.357	_	_	_	_
222-1	PKP141	222	1	t[axi	taxi	_	_	_	_	_	linguistic	_	ContainsVariation=No	_	_	_	_	_	1-4(44)
222-2	PKP141	222	2	xx]	xx	_	_	_	_	_	unknown	_	ContainsVariation=No	Syllables=2	_	_	_	_	0-2(44)
222-3	PKP141	222	3	sì	sì	_	_	_	_	_	linguistic	_	ContainsVariation=No	_	End=438.114	_	_	_	_
223-0	PKP136	223	0	stava	stava	_	_	_	_	_	linguistic	_	ContainsVariation=No	_	Begin=436.625	_	_	_	_
223-1	PKP136	223	1	a	a	_	_	_	_	_	linguistic	_	ContainsVariation=No	_	_	_	_	_	_
223-2	PKP136	223	2	bologna	bologna	_	_	_	_	_	linguistic	_	ContainsVariation=No	_	_	_	_	_	_
223-3	PKP136	223	3	sì	sì	_	_	_	_	_	linguistic	_	ContainsVariation=No	_	End=437.655	_	_	_	_
224-0	PKP141	224	0	xx[x	xxx	_	_	_	_	_	unknown	_	ContainsVariation=No	Syllables=3	Begin=438.881	_	_	_	2-3(45)
224-1	PKP141	224	1	eh	eh	_	_	_	_	_	linguistic	_	ContainsVariation=No	_	_	_	_	_	0-2(45)
224-2	PKP141	224	2	sì	sì	_	_	_	_	_	linguistic	_	ContainsVariation=No	_	_	_	_	_	0-2(45)
224-3	PKP141	224	3	c(io)è]	cioè	_	_	_	_	_	linguistic	_	ContainsVariation=No	Reduced=Yes	End=441.064	_	_	_	0-4(45)
225-0	PKP142	225	0	[a	a	_	_	_	_	_	linguistic	_	ContainsVariation=No	_	Begin=439.321	_	_	_	0-1(45)
225-1	PKP142	225	1	sto	sto	_	_	_	_	_	linguistic	_	ContainsVariation=No	_	_	_	_	_	0-3(45)
225-2	PKP142	225	2	pu:nto	punto	_	_	_	_	_	linguistic	_	ContainsVariation=No	_	_	1x1	_	_	0-5(45)
225-3	PKP142	225	3	a	a	_	_	_	_	_	linguistic	_	ContainsVariation=No	_	_	_	_	_	0-1(45)
225-4	PKP142	225	4	questo	questo	_	_	_	_	_	linguistic	_	ContainsVariation=No	_	_	_	_	_	0-6(45)
225-5	PKP142	225	5	(tizio)]	tizio	_	_	_	_	_	linguistic	_	ContainsVariation=No	_	End=441.0	_	_	0-5(0)	0-5(45)
226-0	PKP141	226	0	erano::	erano	_	_	_	_	_	linguistic	_	ContainsVariation=No	_	Begin=441.494	4x2	_	_	_
226-1	PKP141	226	1	comunque	comunque	_	_	_	_	_	linguistic	_	ContainsVariation=No	_	_	_	_	_	_
226-2	PKP141	226	2	in	in	_	_	_	_	_	linguistic	_	ContainsVariation=No	_	_	_	_	_	_
226-3	PKP141	226	3	ritardo	ritardo	_	_	_	_	_	linguistic	_	ContainsVariation=No	_	_	_	_	_	_
226-4	PKP141	226	4	di	di	_	_	_	_	_	linguistic	_	ContainsVariation=No	_	_	_	_	_	_
226-5	PKP141	226	5	un	un	_	_	_	_	_	linguistic	_	ContainsVariation=No	_	_	_	_	_	_
226-6	PKP141	226	6	botto	botto	_	_	_	_	_	linguistic	_	ContainsVariation=No	_	_	_	_	_	_
226-7	PKP141	226	7	siamo	siamo	_	_	_	_	_	linguistic	_	ContainsVariation=No	_	_	_	_	_	_
226-8	PKP141	226	8	praticamente	praticamente	_	_	_	_	_	linguistic	_	ContainsVariation=No	_	_	_	_	_	_
226-9	PKP141	226	9	attivati	attivati	_	_	_	_	_	linguistic	_	ContainsVariation=No	_	_	_	_	_	_
226-10	PKP141	226	10	che	che	_	_	_	_	_	linguistic	_	ContainsVariation=No	_	_	_	_	_	_
226-11	PKP141	226	11	erano	erano	_	_	_	_	_	linguistic	_	ContainsVariation=No	_	_	_	_	_	_
226-12	PKP141	226	12	le	le	_	_	_	_	_	linguistic	_	ContainsVariation=No	_	_	_	_	_	_
226-13	PKP141	226	13	u:ndici	undici	_	_	_	_	_	linguistic	_	ContainsVariation=No	_	_	0x1	_	_	_
226-14	PKP141	226	14	e	e	_	_	_	_	_	linguistic	_	ContainsVariation=No	_	_	_	_	_	_
226-15	PKP141	226	15	dovevamo	dovevamo	_	_	_	_	_	linguistic	_	ContainsVariation=No	_	_	_	_	_	_
226-16	PKP141	226	16	arrivare	arrivare	_	_	_	_	_	linguistic	_	ContainsVariation=No	_	_	_	_	_	_
226-17	PKP141	226	17	>t'	t'	_	_	_	_	_	linguistic	_	ContainsVariation=No	SpaceAfter=No	_	_	Fast=0-2(0)	_	_
226-18	PKP141	226	18	ho	ho	_	_	_	_	_	linguistic	_	ContainsVariation=No	_	_	_	Fast=0-2(0)	_	_
226-19	PKP141	226	19	detto<	detto	_	_	_	_	_	linguistic	_	ContainsVariation=No	_	_	_	Fast=0-5(0)	_	_
226-20	PKP141	226	20	massimo	massimo	_	_	_	_	_	linguistic	_	ContainsVariation=No	_	_	_	_	_	_
226-21	PKP141	226	21	alle	alle	_	_	_	_	_	linguistic	_	ContainsVariation=No	_	_	_	_	_	_
226-22	PKP141	226	22	o:tto	otto	_	_	_	_	_	linguistic	_	ContainsVariation=No	_	_	0x1	_	_	_
226-23	PKP141	226	23	noi	noi	_	_	_	_	_	linguistic	_	ContainsVariation=No	_	_	_	_	_	_
226-24	PKP141	226	24	alle	alle	_	_	_	_	_	linguistic	_	ContainsVariation=No	_	_	_	_	_	_
226-25	PKP141	226	25	otto	otto	_	_	_	_	_	linguistic	_	ContainsVariation=No	_	_	_	_	_	_
226-26	PKP141	226	26	[eravamo	eravamo	_	_	_	_	_	linguistic	_	ContainsVariation=No	_	_	_	_	_	0-7(46)
226-27	PKP141	226	27	fuo:ri	fuori	_	_	_	_	_	linguistic	_	ContainsVariation=No	_	_	2x1	_	_	0-5(46)
226-28	PKP141	226	28	(ni)	ni	_	_	_	_	_	linguistic	_	ContainsVariation=No	_	_	_	_	0-2(0)	0-2(46)
226-29	PKP141	226	29	mezzo	mezzo	_	_	_	_	_	linguistic	_	ContainsVariation=No	_	_	_	_	_	0-5(46)
226-30	PKP141	226	30	a]lla	alla	_	_	_	_	_	linguistic	_	ContainsVariation=No	_	_	_	_	_	0-1(46)
226-31	PKP141	226	31	ne:ve	neve	_	_	_	_	_	linguistic	_	ContainsVariation=No	_	End=448.386	1x1	_	_	_
227-0	PKP136	227	0	# [mado::]	mado	_	_	_	_	_	linguistic	_	ContainsVariation=Yes|Code=Underspecified	_	Begin=446.883|End=447.824	3x2	_	_	0-4(46)
228-0	PKP142	228	0	c(io)è	cioè	_	_	_	_	_	linguistic	_	ContainsVariation=No	Reduced=Yes	Begin=448.613	_	_	_	_
228-1	PKP142	228	1	ponti:	ponti	_	_	_	_	_	linguistic	_	ContainsVariation=No	_	_	4x1	_	_	_
228-2	PKP142	228	2	ponti	ponti	_	_	_	_	_	linguistic	_	ContainsVariation=No	_	_	_	_	_	_
228-3	PKP142	228	3	voi	voi	_	_	_	_	_	linguistic	_	ContainsVariation=No	_	_	_	_	_	_
228-4	PKP142	228	4	ne	ne	_	_	_	_	_	linguistic	_	ContainsVariation=No	_	_	_	_	_	_
228-5	PKP142	228	5	avete	avete	_	_	_	_	_	linguistic	_	ContainsVariation=No	_	_	_	_	_	_
228-6	PKP142	228	6	fatti	fatti	_	_	_	_	_	linguistic	_	ContainsVariation=No	_	_	_	_	_	_
228-7	PKP142	228	7	tipo	tipo	_	_	_	_	_	linguistic	_	ContainsVariation=No	_	_	_	_	_	_
228-8	PKP142	228	8	qua:ttro,	quattro	_	_	_	_	_	linguistic	_	ContainsVariation=No	Intonation=WeaklyRising	_	2x1	_	_	_
228-9	PKP142	228	9	tre	tre	_	_	_	_	_	linguistic	_	ContainsVariation=No	_	_	_	_	_	_
228-10	PKP142	228	10	qu[attro]	quattro	_	_	_	_	_	linguistic	_	ContainsVariation=No	_	End=451.493	_	_	_	2-7(47)
229-0	PKP141	229	0	[dovevamo	dovevamo	_	_	_	_	_	linguistic	_	ContainsVariation=No	_	Begin=450.918	_	_	_	0-8(47)
229-1	PKP141	229	1	andare]	andare	_	_	_	_	_	linguistic	_	ContainsVariation=No	_	_	_	_	_	0-6(47)
229-2	PKP141	229	2	tre	tre	_	_	_	_	_	linguistic	_	ContainsVariation=No	_	_	_	_	_	_
229-3	PKP141	229	3	ore	ore	_	_	_	_	_	linguistic	_	ContainsVariation=No	_	_	_	_	_	_
229-4	PKP141	229	4	e	e	_	_	_	_	_	linguistic	_	ContainsVariation=No	_	_	_	_	_	_
229-5	PKP141	229	5	die:ci	dieci	_	_	_	_	_	linguistic	_	ContainsVariation=No	_	_	2x1	_	_	_
229-6	PKP141	229	6	tre::	tre	_	_	_	_	_	linguistic	_	ContainsVariation=No	_	_	2x2	_	_	_
229-7	PKP141	229	7	o:re	ore	_	_	_	_	_	linguistic	_	ContainsVariation=No	PauseAfter=Yes	_	0x1	_	_	_
229-8	PKP141	229	8	(.)	(.)	_	_	_	_	_	shortpause	_	ContainsVariation=No	_	_	_	_	_	_
229-9	PKP141	229	9	[considera	considera	_	_	_	_	_	linguistic	_	ContainsVariation=No	_	_	_	_	_	0-9(48)
229-10	PKP141	229	10	il	il	_	_	_	_	_	linguistic	_	ContainsVariation=No	_	_	_	_	_	0-2(48)
229-11	PKP141	229	11	f]atto	fatto	_	_	_	_	_	linguistic	_	ContainsVariation=No	_	_	_	_	_	0-1(48)
229-12	PKP141	229	12	che	che	_	_	_	_	_	linguistic	_	ContainsVariation=No	_	_	_	_	_	_
229-13	PKP141	229	13	(anche)	anche	_	_	_	_	_	linguistic	_	ContainsVariation=No	_	_	_	_	0-5(0)	_
229-14	PKP141	229	14	il	il	_	_	_	_	_	linguistic	_	ContainsVariation=No	_	_	_	_	_	_
229-15	PKP141	229	15	taxi	taxi	_	_	_	_	_	linguistic	_	ContainsVariation=No	_	_	_	_	_	_
229-16	PKP141	229	16	poteva	poteva	_	_	_	_	_	linguistic	_	ContainsVariation=No	_	_	_	_	_	_
229-17	PKP141	229	17	andare	andare	_	_	_	_	_	linguistic	_	ContainsVariation=No	_	_	_	_	_	_
229-18	PKP141	229	18	più	più	_	_	_	_	_	linguistic	_	ContainsVariation=No	_	_	_	_	_	_
229-19	PKP141	229	19	velo:ce	veloce	_	_	_	_	_	linguistic	_	ContainsVariation=No	_	End=456.889	3x1	_	_	_
230-0	PKP142	230	0	# mado:	mado	_	_	_	_	_	linguistic	_	ContainsVariation=Yes|Code=Underspecified	_	Begin=453.681|End=454.555	3x1	_	_	_
231-0	PKP136	231	0	eh	eh	_	_	_	_	_	linguistic	_	ContainsVariation=No	_	Begin=457.146	_	_	_	_
231-1	PKP136	231	1	s[ì	sì	_	_	_	_	_	linguistic	_	ContainsVariation=No	_	_	_	_	_	1-2(49)
231-2	PKP136	231	2	sì]	sì	_	_	_	_	_	linguistic	_	ContainsVariation=No	_	End=457.832	_	_	_	0-2(49)
232-0	PKP141	232	0	[perché	perché	_	_	_	_	_	linguistic	_	ContainsVariation=No	_	Begin=457.376	_	_	_	0-6(49)
232-1	PKP141	232	1	altrime]nti	altrimenti	_	_	_	_	_	linguistic	_	ContainsVariation=No	_	_	_	_	_	0-7(49)
232-2	PKP141	232	2	saremmo	saremmo	_	_	_	_	_	linguistic	_	ContainsVariation=No	_	_	_	_	_	_
232-3	PKP141	232	3	arrivati	arrivati	_	_	_	_	_	linguistic	_	ContainsVariation=No	_	_	_	_	_	_
232-4	PKP141	232	4	molto	molto	_	_	_	_	_	linguistic	_	ContainsVariation=No	_	_	_	_	_	_
232-5	PKP141	232	5	più	più	_	_	_	_	_	linguistic	_	ContainsVariation=No	_	_	_	_	_	_
232-6	PKP141	232	6	ta:rdi	tardi	_	_	_	_	_	linguistic	_	ContainsVariation=No	_	_	1x1	_	_	_
232-7	PKP141	232	7	con:	con	_	_	_	_	_	linguistic	_	ContainsVariation=No	_	End=459.872	2x1	_	_	_
233-0	PKP136	233	0	[con	con	_	_	_	_	_	linguistic	_	ContainsVariation=No	_	Begin=460.482	_	_	_	0-3(50)
233-1	PKP136	233	1	l'	l'	_	_	_	_	_	linguistic	_	ContainsVariation=No	SpaceAfter=No	_	_	_	_	0-2(50)
233-2	PKP136	233	2	autobus]	autobus	_	_	_	_	_	linguistic	_	ContainsVariation=No	_	End=461.311	_	_	_	0-7(50)
234-0	PKP141	234	0	[con	con	_	_	_	_	_	linguistic	_	ContainsVariation=No	_	Begin=460.511	_	_	_	0-3(50)
234-1	PKP141	234	1	l'	l'	_	_	_	_	_	linguistic	_	ContainsVariation=No	SpaceAfter=No	_	_	_	_	0-2(50)
234-2	PKP141	234	2	autobus	autobus	_	_	_	_	_	linguistic	_	ContainsVariation=No	_	_	_	_	_	0-7(50)
234-3	PKP141	234	3	e:]	e	_	_	_	_	_	linguistic	_	ContainsVariation=No	_	_	0x1	_	_	0-1(50)
234-4	PKP141	234	4	immagina	immagina	_	_	_	_	_	linguistic	_	ContainsVariation=No	_	_	_	_	_	_
234-5	PKP141	234	5	che	che	_	_	_	_	_	linguistic	_	ContainsVariation=No	_	_	_	_	_	_
234-6	PKP141	234	6	xx	xx	_	_	_	_	_	unknown	_	ContainsVariation=No	Syllables=2	_	_	_	_	_
234-7	PKP141	234	7	AH	ah	_	_	_	_	_	linguistic	_	ContainsVariation=No	Volume=high	End=462.996	_	_	_	_
235-0	PKP141	235	0	cosa	cosa	_	_	_	_	_	linguistic	_	ContainsVariation=No	_	Begin=463.61	_	_	_	_
235-1	PKP141	235	1	cari:na	carina	_	_	_	_	_	linguistic	_	ContainsVariation=No	_	End=464.504	3x1	_	_	_
236-0	PKP141	236	0	che,	che	_	_	_	_	_	linguistic	_	ContainsVariation=No	Intonation=WeaklyRising	Begin=465.333	_	_	_	_
236-1	PKP141	236	1	noi	noi	_	_	_	_	_	linguistic	_	ContainsVariation=No	_	_	_	_	_	_
236-2	PKP141	236	2	saliamo	saliamo	_	_	_	_	_	linguistic	_	ContainsVariation=No	_	_	_	_	_	_
236-3	PKP141	236	3	sul	sul	_	_	_	_	_	linguistic	_	ContainsVariation=No	_	_	_	_	_	_
236-4	PKP141	236	4	primo:	primo	_	_	_	_	_	linguistic	_	ContainsVariation=No	_	_	4x1	_	_	_
236-5	PKP141	236	5	bus,	bus	_	_	_	_	_	linguistic	_	ContainsVariation=No	Intonation=WeaklyRising	_	_	_	_	_
236-6	PKP141	236	6	perché	perché	_	_	_	_	_	linguistic	_	ContainsVariation=No	_	_	_	_	_	_
236-7	PKP141	236	7	erano:	erano	_	_	_	_	_	linguistic	_	ContainsVariation=No	_	_	4x1	_	_	_
236-8	PKP141	236	8	tre	tre	_	_	_	_	_	linguistic	_	ContainsVariation=No	_	End=468.309	_	_	_	_
237-0	PKP136	237	0	mhmh	mhmh	_	_	_	_	_	linguistic	_	ContainsVariation=No	_	Begin=468.537|End=469.027	_	_	_	_
238-0	PKP141	238	0	e	e	_	_	_	_	_	linguistic	_	ContainsVariation=No	_	Begin=469.708	_	_	_	_
238-1	PKP141	238	1	poi	poi	_	_	_	_	_	linguistic	_	ContainsVariation=No	_	_	_	_	_	_
238-2	PKP141	238	2	qualcuno	qualcuno	_	_	_	_	_	linguistic	_	ContainsVariation=No	_	_	_	_	_	_
238-3	PKP141	238	3	dice	dice	_	_	_	_	_	linguistic	_	ContainsVariation=No	_	_	_	_	_	_
238-4	PKP141	238	4	vabbè	vabbè	_	_	_	_	_	linguistic	_	ContainsVariation=No	_	_	_	_	_	_
238-5	PKP141	238	5	stiamo	stiamo	_	_	_	_	_	linguistic	_	ContainsVariation=No	_	_	_	_	_	_
238-6	PKP141	238	6	riprendendo	riprendendo	_	_	_	_	_	linguistic	_	ContainsVariation=No	_	_	_	_	_	_
238-7	PKP141	238	7	tutti	tutti	_	_	_	_	_	linguistic	_	ContainsVariation=No	_	_	_	_	_	_
238-8	PKP141	238	8	i	i	_	_	_	_	_	linguistic	_	ContainsVariation=No	_	_	_	_	_	_
238-9	PKP141	238	9	bus	bus	_	_	_	_	_	linguistic	_	ContainsVariation=No	_	_	_	_	_	_
238-10	PKP141	238	10	che	che	_	_	_	_	_	linguistic	_	ContainsVariation=No	_	_	_	_	_	_
238-11	PKP141	238	11	abbiamo	abbiamo	_	_	_	_	_	linguistic	_	ContainsVariation=No	_	_	_	_	_	_
238-12	PKP141	238	12	preso	preso	_	_	_	_	_	linguistic	_	ContainsVariation=No	_	_	_	_	_	_
238-13	PKP141	238	13	all'	all'	_	_	_	_	_	linguistic	_	ContainsVariation=No	SpaceAfter=No	_	_	_	_	_
238-14	PKP141	238	14	andata,	andata	_	_	_	_	_	linguistic	_	ContainsVariation=No	Intonation=WeaklyRising	_	_	_	_	_
238-15	PKP141	238	15	quindi	quindi	_	_	_	_	_	linguistic	_	ContainsVariation=No	_	_	_	_	_	_
238-16	PKP141	238	16	siamo	siamo	_	_	_	_	_	linguistic	_	ContainsVariation=No	_	_	_	_	_	_
238-17	PKP141	238	17	riscesi	riscesi	_	_	_	_	_	linguistic	_	ContainsVariation=No	_	_	_	_	_	_
238-18	PKP141	238	18	da	da	_	_	_	_	_	linguistic	_	ContainsVariation=No	_	_	_	_	_	_
238-19	PKP141	238	19	questo	questo	_	_	_	_	_	linguistic	_	ContainsVariation=No	_	_	_	_	_	_
238-20	PKP141	238	20	bus	bus	_	_	_	_	_	linguistic	_	ContainsVariation=No	_	End=475.548	_	_	_	_
239-0	PKP141	239	0	e	e	_	_	_	_	_	linguistic	_	ContainsVariation=No	_	Begin=475.754	_	_	_	_
239-1	PKP141	239	1	siamo	siamo	_	_	_	_	_	linguistic	_	ContainsVariation=No	_	_	_	_	_	_
239-2	PKP141	239	2	tornati	tornati	_	_	_	_	_	linguistic	_	ContainsVariation=No	_	_	_	_	_	_
239-3	PKP141	239	3	sul	sul	_	_	_	_	_	linguistic	_	ContainsVariation=No	_	_	_	_	_	_
239-4	PKP141	239	4	nostro	nostro	_	_	_	_	_	linguistic	_	ContainsVariation=No	_	_	_	_	_	_
239-5	PKP141	239	5	bus	bus	_	_	_	_	_	linguistic	_	ContainsVariation=No	_	_	_	_	_	_
239-6	PKP141	239	6	che	che	_	_	_	_	_	linguistic	_	ContainsVariation=No	_	_	_	_	_	_
239-7	PKP141	239	7	era	era	_	_	_	_	_	linguistic	_	ContainsVariation=No	_	_	_	_	_	_
239-8	PKP141	239	8	il	il	_	_	_	_	_	linguistic	_	ContainsVariation=No	_	_	_	_	_	_
239-9	PKP141	239	9	numero	numero	_	_	_	_	_	linguistic	_	ContainsVariation=No	_	_	_	_	_	_
239-10	PKP141	239	10	du:e	due	_	_	_	_	_	linguistic	_	ContainsVariation=No	_	End=478.378	1x1	_	_	_
240-0	PKP141	240	0	noi	noi	_	_	_	_	_	linguistic	_	ContainsVariation=No	_	Begin=478.624	_	_	_	_
240-1	PKP141	240	1	eravamo	eravamo	_	_	_	_	_	linguistic	_	ContainsVariation=No	_	_	_	_	_	_
240-2	PKP141	240	2	saliti	saliti	_	_	_	_	_	linguistic	_	ContainsVariation=No	_	_	_	_	_	_
240-3	PKP141	240	3	sul	sul	_	_	_	_	_	linguistic	_	ContainsVariation=No	_	_	_	_	_	_
240-4	PKP141	240	4	tre	tre	_	_	_	_	_	linguistic	_	ContainsVariation=No	_	_	_	_	_	_
240-5	PKP141	240	5	pe:r	per	_	_	_	_	_	linguistic	_	ContainsVariation=No	_	_	1x1	_	_	_
240-6	PKP141	240	6	>diciamo<	diciamo	_	_	_	_	_	linguistic	_	ContainsVariation=No	_	_	_	Fast=0-7(0)	_	_
240-7	PKP141	240	7	sba:glio	sbaglio	_	_	_	_	_	linguistic	_	ContainsVariation=No	_	End=480.971	2x1	_	_	_
241-0	PKP141	241	0	raga	raga	_	_	_	_	_	linguistic	_	ContainsVariation=No	_	Begin=481.227	_	_	_	_
241-1	PKP141	241	1	non	non	_	_	_	_	_	linguistic	_	ContainsVariation=No	_	_	_	_	_	_
241-2	PKP141	241	2	l'	l'	_	_	_	_	_	linguistic	_	ContainsVariation=No	SpaceAfter=No	_	_	_	_	_
241-3	PKP141	241	3	avessiamo	avessiamo	_	_	_	_	_	linguistic	_	ContainsVariation=No	_	_	_	_	_	_
241-4	PKP141	241	4	mai	mai	_	_	_	_	_	linguistic	_	ContainsVariation=No	_	_	_	_	_	_
241-5	PKP141	241	5	fa:tto	fatto	_	_	_	_	_	linguistic	_	ContainsVariation=No	_	_	1x1	_	_	_
241-6	PKP141	241	6	è	è	_	_	_	_	_	linguistic	_	ContainsVariation=No	_	_	_	_	_	_
241-7	PKP141	241	7	quello	quello	_	_	_	_	_	linguistic	_	ContainsVariation=No	_	_	_	_	_	_
241-8	PKP141	241	8	che	che	_	_	_	_	_	linguistic	_	ContainsVariation=No	_	_	_	_	_	_
241-9	PKP141	241	9	è	è	_	_	_	_	_	linguistic	_	ContainsVariation=No	_	_	_	_	_	_
241-10	PKP141	241	10	esplo:so	esploso	_	_	_	_	_	linguistic	_	ContainsVariation=No	_	End=483.909	4x1	_	_	_
242-0	PKP142	242	0	((ride))	((ride))	_	_	_	_	_	nonverbalbehavior	_	ContainsVariation=No	_	Begin=481.903|End=483.279	_	_	_	_
243-0	PKP136	243	0	((ride))	((ride))	_	_	_	_	_	nonverbalbehavior	_	ContainsVariation=No	_	Begin=481.903|End=483.279	_	_	_	_
244-0	PKP142	244	0	a:::h	ah	_	_	_	_	_	linguistic	_	ContainsVariation=No	_	Begin=483.989	0x3	_	_	_
244-1	PKP142	244	1	oddio:	oddio	_	_	_	_	_	linguistic	_	ContainsVariation=No	_	_	4x1	_	_	_
244-2	PKP142	244	2	cos'	cos'	_	_	_	_	_	linguistic	_	ContainsVariation=No	SpaceAfter=No	_	_	_	_	_
244-3	PKP142	244	3	è	è	_	_	_	_	_	linguistic	_	ContainsVariation=No	_	_	_	_	_	_
244-4	PKP142	244	4	°che	che	_	_	_	_	_	linguistic	_	ContainsVariation=No	Volume=low	_	_	_	_	_
244-5	PKP142	244	5	(ti	ti	_	_	_	_	_	linguistic	_	ContainsVariation=No	Volume=low	_	_	_	0-2(0)	_
244-6	PKP142	244	6	ho)°	ho	_	_	_	_	_	linguistic	_	ContainsVariation=No	Volume=low	_	_	_	0-2(0)	_
244-7	PKP142	244	7	ricorda:to	ricordato	_	_	_	_	_	linguistic	_	ContainsVariation=No	_	End=486.379	6x1	_	_	_
245-0	PKP141	245	0	io	io	_	_	_	_	_	linguistic	_	ContainsVariation=No	_	Begin=486.764	_	_	_	_
245-1	PKP141	245	1	la	la	_	_	_	_	_	linguistic	_	ContainsVariation=No	_	_	_	_	_	_
245-2	PKP141	245	2	matti:na	mattina	_	_	_	_	_	linguistic	_	ContainsVariation=No	_	_	4x1	_	_	_
245-3	PKP141	245	3	vedo	vedo	_	_	_	_	_	linguistic	_	ContainsVariation=No	_	_	_	_	_	_
245-4	PKP141	245	4	il	il	_	_	_	_	_	linguistic	_	ContainsVariation=No	_	_	_	_	_	_
245-5	PKP141	245	5	numero	numero	_	_	_	_	_	linguistic	_	ContainsVariation=No	_	_	_	_	_	_
245-6	PKP141	245	6	due	due	_	_	_	_	_	linguistic	_	ContainsVariation=No	_	_	_	_	_	_
245-7	PKP141	245	7	>dato	dato	_	_	_	_	_	linguistic	_	ContainsVariation=No	_	_	_	Fast=0-4(0)	_	_
245-8	PKP141	245	8	che	che	_	_	_	_	_	linguistic	_	ContainsVariation=No	_	_	_	Fast=0-3(0)	_	_
245-9	PKP141	245	9	mi	mi	_	_	_	_	_	linguistic	_	ContainsVariation=No	_	_	_	Fast=0-2(0)	_	_
245-10	PKP141	245	10	piace	piace	_	_	_	_	_	linguistic	_	ContainsVariation=No	_	_	_	Fast=0-5(0)	_	_
245-11	PKP141	245	11	il	il	_	_	_	_	_	linguistic	_	ContainsVariation=No	_	_	_	Fast=0-2(0)	_	_
245-12	PKP141	245	12	due<	due	_	_	_	_	_	linguistic	_	ContainsVariation=No	_	_	_	Fast=0-3(0)	_	_
245-13	PKP141	245	13	dico	dico	_	_	_	_	_	linguistic	_	ContainsVariation=No	_	_	_	_	_	_
245-14	PKP141	245	14	no:	no	_	_	_	_	_	linguistic	_	ContainsVariation=No	_	_	1x1	_	_	_
245-15	PKP141	245	15	raga	raga	_	_	_	_	_	linguistic	_	ContainsVariation=No	_	_	_	_	_	_
245-16	PKP141	245	16	il	il	_	_	_	_	_	linguistic	_	ContainsVariation=No	_	_	_	_	_	_
245-17	PKP141	245	17	du:e	due	_	_	_	_	_	linguistic	_	ContainsVariation=No	_	_	1x1	_	_	_
245-18	PKP141	245	18	il	il	_	_	_	_	_	linguistic	_	ContainsVariation=No	_	_	_	_	_	_
245-19	PKP141	245	19	du~	du~	_	_	_	_	_	linguistic	_	ContainsVariation=No	Interrupted=Yes	_	_	_	_	_
245-20	PKP141	245	20	è	è	_	_	_	_	_	linguistic	_	ContainsVariation=No	_	_	_	_	_	_
245-21	PKP141	245	21	il	il	_	_	_	_	_	linguistic	_	ContainsVariation=No	_	_	_	_	_	_
245-22	PKP141	245	22	bus	bus	_	_	_	_	_	linguistic	_	ContainsVariation=No	_	_	_	_	_	_
245-23	PKP141	245	23	fortuna:to	fortunato	_	_	_	_	_	linguistic	_	ContainsVariation=No	_	_	6x1	_	_	_
245-24	PKP141	245	24	quando	quando	_	_	_	_	_	linguistic	_	ContainsVariation=No	_	_	_	_	_	_
245-25	PKP141	245	25	xx	xx	_	_	_	_	_	unknown	_	ContainsVariation=No	Syllables=2	_	_	_	_	_
245-26	PKP141	245	26	[ho	ho	_	_	_	_	_	linguistic	_	ContainsVariation=No	_	_	_	_	_	0-2(51)
245-27	PKP141	245	27	detto	detto	_	_	_	_	_	linguistic	_	ContainsVariation=No	_	_	_	_	_	0-5(51)
245-28	PKP141	245	28	no	no	_	_	_	_	_	linguistic	_	ContainsVariation=No	_	_	_	_	_	0-2(51)
245-29	PKP141	245	29	raga	raga	_	_	_	_	_	linguistic	_	ContainsVariation=No	_	_	_	_	_	0-4(51)
245-30	PKP141	245	30	il	il	_	_	_	_	_	linguistic	_	ContainsVariation=No	_	_	_	_	_	0-2(51)
245-31	PKP141	245	31	du:e	due	_	_	_	_	_	linguistic	_	ContainsVariation=No	_	_	1x1	_	_	0-3(51)
245-32	PKP141	245	32	il	il	_	_	_	_	_	linguistic	_	ContainsVariation=No	_	_	_	_	_	0-2(51)
245-33	PKP141	245	33	du]:e	due	_	_	_	_	_	linguistic	_	ContainsVariation=No	_	_	1x1	_	_	0-2(51)
245-34	PKP141	245	34	è	è	_	_	_	_	_	linguistic	_	ContainsVariation=No	_	_	_	_	_	_
245-35	PKP141	245	35	il	il	_	_	_	_	_	linguistic	_	ContainsVariation=No	_	_	_	_	_	_
245-36	PKP141	245	36	fortun[a:to]	fortunato	_	_	_	_	_	linguistic	_	ContainsVariation=No	_	End=495.471	6x1	_	_	6-9(52)
246-0	PKP142	246	0	[(ti	ti	_	_	_	_	_	linguistic	_	ContainsVariation=No	_	Begin=492.955	_	_	0-2(0)	0-2(51)
246-1	PKP142	246	1	avrei	avrei	_	_	_	_	_	linguistic	_	ContainsVariation=No	_	_	_	_	0-5(0)	0-5(51)
246-2	PKP142	246	2	mena:to)]	menato	_	_	_	_	_	linguistic	_	ContainsVariation=No	_	End=493.897	3x1	_	0-6(0)	0-6(51)
247-0	PKP136	247	0	non	non	_	_	_	_	_	linguistic	_	ContainsVariation=No	_	Begin=495.071	_	_	_	_
247-1	PKP136	247	1	l'	l'	_	_	_	_	_	linguistic	_	ContainsVariation=No	SpaceAfter=No	_	_	_	_	_
247-2	PKP136	247	2	avessi	avessi	_	_	_	_	_	linguistic	_	ContainsVariation=No	_	_	_	_	_	_
247-3	PKP136	247	3	mai	mai	_	_	_	_	_	linguistic	_	ContainsVariation=No	_	_	_	_	_	_
247-4	PKP136	247	4	[fa:tto	fatto	_	_	_	_	_	linguistic	_	ContainsVariation=No	_	_	1x1	_	_	0-5(?)
247-5	PKP136	247	5	veramente]	veramente	_	_	_	_	_	linguistic	_	ContainsVariation=No	_	End=497.378	_	_	_	0-9(?)
248-0	PKP142	248	0	[xx	xx	_	_	_	_	_	unknown	_	ContainsVariation=No	Syllables=2	Begin=495.934	_	_	_	0-2(53)
248-1	PKP142	248	1	(veramente)]	veramente	_	_	_	_	_	linguistic	_	ContainsVariation=No	_	End=497.238	_	_	0-9(0)	0-9(53)
249-0	PKP141	249	0	ne	ne	_	_	_	_	_	linguistic	_	ContainsVariation=No	_	Begin=498.307	_	_	_	_
249-1	PKP141	249	1	ho	ho	_	_	_	_	_	linguistic	_	ContainsVariation=No	_	_	_	_	_	_
249-2	PKP141	249	2	menate	menate	_	_	_	_	_	linguistic	_	ContainsVariation=No	_	_	_	_	_	_
249-3	PKP141	249	3	ta:nte	tante	_	_	_	_	_	linguistic	_	ContainsVariation=No	_	End=499.39	1x1	_	_	_
250-0	PKP141	250	0	no::	no	_	_	_	_	_	linguistic	_	ContainsVariation=No	_	Begin=499.652	1x2	_	_	_
250-1	PKP141	250	1	un	un	_	_	_	_	_	linguistic	_	ContainsVariation=No	_	_	_	_	_	_
250-2	PKP141	250	2	a~	a~	_	_	_	_	_	linguistic	_	ContainsVariation=No	Interrupted=Yes	_	_	_	_	_
250-3	PKP141	250	3	un	un	_	_	_	_	_	linguistic	_	ContainsVariation=No	_	_	_	_	_	_
250-4	PKP141	250	4	altro	altro	_	_	_	_	_	linguistic	_	ContainsVariation=No	_	_	_	_	_	_
250-5	PKP141	250	5	giorno	giorno	_	_	_	_	_	linguistic	_	ContainsVariation=No	_	_	_	_	_	_
250-6	PKP141	250	6	pri:ma	prima	_	_	_	_	_	linguistic	_	ContainsVariation=No	_	End=501.367	2x1	_	_	_
251-0	PKP136	251	0	((ride))	((ride))	_	_	_	_	_	nonverbalbehavior	_	ContainsVariation=No	_	Begin=501.545|End=502.417	_	_	_	_
252-0	PKP141	252	0	che	che	_	_	_	_	_	linguistic	_	ContainsVariation=No	_	Begin=501.821	_	_	_	_
252-1	PKP141	252	1	con	con	_	_	_	_	_	linguistic	_	ContainsVariation=No	_	_	_	_	_	_
252-2	PKP141	252	2	(praticamente)	praticamente	_	_	_	_	_	linguistic	_	ContainsVariation=No	_	_	_	_	0-12(0)	_
252-3	PKP141	252	3	avevamo	avevamo	_	_	_	_	_	linguistic	_	ContainsVariation=No	_	_	_	_	_	_
252-4	PKP141	252	4	detto	detto	_	_	_	_	_	linguistic	_	ContainsVariation=No	_	End=502.933	_	_	_	_
253-0	PKP141	253	0	no	no	_	_	_	_	_	linguistic	_	ContainsVariation=No	_	Begin=503.777	_	_	_	_
253-1	PKP141	253	1	il	il	_	_	_	_	_	linguistic	_	ContainsVariation=No	_	_	_	_	_	_
253-2	PKP141	253	2	be	be	_	_	_	_	_	linguistic	_	ContainsVariation=No	_	_	_	_	_	_
253-3	PKP141	253	3	real	real	_	_	_	_	_	linguistic	_	ContainsVariation=No	PauseAfter=Yes	_	_	_	_	_
253-4	PKP141	253	4	(.)	(.)	_	_	_	_	_	shortpause	_	ContainsVariation=No	_	_	_	_	_	_
253-5	PKP141	253	5	>secondo	secondo	_	_	_	_	_	linguistic	_	ContainsVariation=No	_	_	_	Fast=0-7(0)	_	_
253-6	PKP141	253	6	me	me	_	_	_	_	_	linguistic	_	ContainsVariation=No	_	_	_	Fast=0-2(0)	_	_
253-7	PKP141	253	7	xx<	xx	_	_	_	_	_	unknown	_	ContainsVariation=No	Syllables=2	_	_	Fast=0-2(0)	_	_
253-8	PKP141	253	8	cioè	cioè	_	_	_	_	_	linguistic	_	ContainsVariation=No	_	_	_	_	_	_
253-9	PKP141	253	9	dobbiamo	dobbiamo	_	_	_	_	_	linguistic	_	ContainsVariation=No	_	_	_	_	_	_
253-10	PKP141	253	10	farlo	farlo	_	_	_	_	_	linguistic	_	ContainsVariation=No	_	_	_	_	_	_
253-11	PKP141	253	11	per	per	_	_	_	_	_	linguistic	_	ContainsVariation=No	_	_	_	_	_	_
253-12	PKP141	253	12	forza	forza	_	_	_	_	_	linguistic	_	ContainsVariation=No	_	_	_	_	_	_
253-13	PKP141	253	13	mentre	mentre	_	_	_	_	_	linguistic	_	ContainsVariation=No	_	_	_	_	_	_
253-14	PKP141	253	14	stiamo	stiamo	_	_	_	_	_	linguistic	_	ContainsVariation=No	_	_	_	_	_	_
253-15	PKP141	253	15	scia:ndo	sciando	_	_	_	_	_	linguistic	_	ContainsVariation=No	_	_	3x1	_	_	_
253-16	PKP141	253	16	[perché	perché	_	_	_	_	_	linguistic	_	ContainsVariation=No	_	_	_	_	_	0-6(55)
253-17	PKP141	253	17	c(io)è]	cioè	_	_	_	_	_	linguistic	_	ContainsVariation=No	Reduced=Yes	_	_	_	_	0-4(55)
253-18	PKP141	253	18	il	il	_	_	_	_	_	linguistic	_	ContainsVariation=No	_	_	_	_	_	_
253-19	PKP141	253	19	be	be	_	_	_	_	_	linguistic	_	ContainsVariation=No	_	_	_	_	_	_
253-20	PKP141	253	20	real	real	_	_	_	_	_	linguistic	_	ContainsVariation=No	_	_	_	_	_	_
253-21	PKP141	253	21	si	si	_	_	_	_	_	linguistic	_	ContainsVariation=No	_	_	_	_	_	_
253-22	PKP141	253	22	fa	fa	_	_	_	_	_	linguistic	_	ContainsVariation=No	_	_	_	_	_	_
253-23	PKP141	253	23	là:	là	_	_	_	_	_	linguistic	_	ContainsVariation=No	_	End=510.204	1x1	_	_	_
254-0	PKP136	254	0	[ce:rto]	certo	_	_	_	_	_	linguistic	_	ContainsVariation=No	_	Begin=508.027|End=508.876	1x1	_	_	0-5(55)
255-0	PKP136	255	0	[e	e	_	_	_	_	_	linguistic	_	ContainsVariation=No	_	Begin=510.948	_	_	_	0-1(56)
255-1	PKP136	255	1	l'	l'	_	_	_	_	_	linguistic	_	ContainsVariation=No	SpaceAfter=No	_	_	_	_	0-2(56)
255-2	PKP136	255	2	avete	avete	_	_	_	_	_	linguistic	_	ContainsVariation=No	_	_	_	_	_	0-5(56)
255-3	PKP136	255	3	fatto	fatto	_	_	_	_	_	linguistic	_	ContainsVariation=No	_	_	_	_	_	0-5(56)
255-4	PKP136	255	4	in	in	_	_	_	_	_	linguistic	_	ContainsVariation=No	_	_	_	_	_	0-2(56)
255-5	PKP136	255	5	ri]tardo:	ritardo	_	_	_	_	_	linguistic	_	ContainsVariation=No	_	_	6x1	_	_	0-2(56)
255-6	PKP136	255	6	o	o	_	_	_	_	_	linguistic	_	ContainsVariation=No	_	_	_	_	_	_
255-7	PKP136	255	7	l'	l'	_	_	_	_	_	linguistic	_	ContainsVariation=No	SpaceAfter=No	_	_	_	_	_
255-8	PKP136	255	8	avete	avete	_	_	_	_	_	linguistic	_	ContainsVariation=No	_	_	_	_	_	_
255-9	PKP136	255	9	f[atto	fatto	_	_	_	_	_	linguistic	_	ContainsVariation=No	_	_	_	_	_	0-5(57)
255-10	PKP136	255	10	in	in	_	_	_	_	_	linguistic	_	ContainsVariation=No	_	_	_	_	_	0-2(57)
255-11	PKP136	255	11	o]ra:rio	orario	_	_	_	_	_	linguistic	_	ContainsVariation=No	_	_	2x1	_	_	_
255-12	PKP136	255	12	poi?	poi	_	_	_	_	_	linguistic	_	ContainsVariation=No	Intonation=Rising	End=513.44	_	_	_	_
256-0	PKP141	256	0	[e	e	_	_	_	_	_	linguistic	_	ContainsVariation=No	_	Begin=510.951	_	_	_	0-1(56)
256-1	PKP141	256	1	abbiamo	abbiamo	_	_	_	_	_	linguistic	_	ContainsVariation=No	_	_	_	_	_	0-7(56)
256-2	PKP141	256	2	detto]	detto	_	_	_	_	_	linguistic	_	ContainsVariation=No	_	End=511.8	_	_	_	0-5(56)
257-0	PKP141	257	0	[eh]	eh	_	_	_	_	_	linguistic	_	ContainsVariation=No	_	Begin=512.419|End=512.664	_	_	_	0-2(57)
258-0	PKP141	258	0	l'	l'	_	_	_	_	_	linguistic	_	ContainsVariation=No	SpaceAfter=No	Begin=513.441	_	_	_	_
258-1	PKP141	258	1	abbiamo	abbiamo	_	_	_	_	_	linguistic	_	ContainsVariation=No	_	_	_	_	_	_
258-2	PKP141	258	2	fatto	fatto	_	_	_	_	_	linguistic	_	ContainsVariation=No	_	_	_	_	_	_
258-3	PKP141	258	3	in	in	_	_	_	_	_	linguistic	_	ContainsVariation=No	_	_	_	_	_	_
258-4	PKP141	258	4	ora:rio	orario	_	_	_	_	_	linguistic	_	ContainsVariation=No	_	_	2x1	_	_	_
258-5	PKP141	258	5	>perché<	perché	_	_	_	_	_	linguistic	_	ContainsVariation=No	_	_	_	Slow=5-6(0)|Fast=0-6(0)	_	_
258-6	PKP141	258	6	[>fortunatamente<	fortunatamente	_	_	_	_	_	linguistic	_	ContainsVariation=No	_	_	_	Fast=0-14(1)	_	0-14(58)
258-7	PKP141	258	7	era	era	_	_	_	_	_	linguistic	_	ContainsVariation=No	_	_	_	_	_	0-3(58)
258-8	PKP141	258	8	alle	alle	_	_	_	_	_	linguistic	_	ContainsVariation=No	_	_	_	_	_	0-4(58)
258-9	PKP141	258	9	ci:nque	cinque	_	_	_	_	_	linguistic	_	ContainsVariation=No	_	_	1x1	_	_	0-6(58)
258-10	PKP141	258	10	ti]po	tipo	_	_	_	_	_	linguistic	_	ContainsVariation=No	_	End=516.716	_	_	_	0-2(58)
259-0	PKP136	259	0	[che	che	_	_	_	_	_	linguistic	_	ContainsVariation=No	_	Begin=515.102	_	_	_	0-3(58)
259-1	PKP136	259	1	cu::lo:]	culo	_	_	_	_	_	linguistic	_	ContainsVariation=No	_	End=516.275	1x2,3x1	_	_	0-4(58)
260-0	PKP141	260	0	e	e	_	_	_	_	_	linguistic	_	ContainsVariation=No	_	Begin=516.885	_	_	_	_
260-1	PKP141	260	1	io:	io	_	_	_	_	_	linguistic	_	ContainsVariation=No	_	_	1x1	_	_	_
260-2	PKP141	260	2	inizio	inizio	_	_	_	_	_	linguistic	_	ContainsVariation=No	_	_	_	_	_	_
260-3	PKP141	260	3	a	a	_	_	_	_	_	linguistic	_	ContainsVariation=No	_	_	_	_	_	_
260-4	PKP141	260	4	dire	dire	_	_	_	_	_	linguistic	_	ContainsVariation=No	_	_	_	_	_	_
260-5	PKP141	260	5	alla	alla	_	_	_	_	_	linguistic	_	ContainsVariation=No	_	_	_	_	_	_
260-6	PKP141	260	6	mia	mia	_	_	_	_	_	linguistic	_	ContainsVariation=No	_	_	_	_	_	_
260-7	PKP141	260	7	amica:	amica	_	_	_	_	_	linguistic	_	ContainsVariation=No	_	_	4x1	_	_	_
260-8	PKP141	260	8	ma	ma	_	_	_	_	_	linguistic	_	ContainsVariation=No	_	_	_	_	_	_
260-9	PKP141	260	9	SICU:RO	sicuro	_	_	_	_	_	linguistic	_	ContainsVariation=No	Volume=high	End=519.284	3x1	_	_	_
261-0	PKP141	261	0	il	il	_	_	_	_	_	linguistic	_	ContainsVariation=No	_	Begin=519.722	_	_	_	_
261-1	PKP141	261	1	be	be	_	_	_	_	_	linguistic	_	ContainsVariation=No	_	_	_	_	_	_
261-2	PKP141	261	2	real	real	_	_	_	_	_	linguistic	_	ContainsVariation=No	_	_	_	_	_	_
261-3	PKP141	261	3	arriva	arriva	_	_	_	_	_	linguistic	_	ContainsVariation=No	_	_	_	_	_	_
261-4	PKP141	261	4	alle	alle	_	_	_	_	_	linguistic	_	ContainsVariation=No	_	_	_	_	_	_
261-5	PKP141	261	5	o:tto	otto	_	_	_	_	_	linguistic	_	ContainsVariation=No	_	_	0x1	_	_	_
261-6	PKP141	261	6	che,	che	_	_	_	_	_	linguistic	_	ContainsVariation=No	Intonation=WeaklyRising	_	_	_	_	_
261-7	PKP141	261	7	<saremo	saremo	_	_	_	_	_	linguistic	_	ContainsVariation=No	_	_	_	Slow=0-6(0)	_	_
261-8	PKP141	261	8	già	già	_	_	_	_	_	linguistic	_	ContainsVariation=No	_	_	_	Slow=0-3(0)	_	_
261-9	PKP141	261	9	a	a	_	_	_	_	_	linguistic	_	ContainsVariation=No	_	_	_	Slow=0-1(0)	_	_
261-10	PKP141	261	10	ca:sa>	casa	_	_	_	_	_	linguistic	_	ContainsVariation=No	_	End=522.826	1x1	Slow=0-4(0)	_	_
262-0	PKP142	262	0	((ride))	((ride))	_	_	_	_	_	nonverbalbehavior	_	ContainsVariation=No	_	Begin=522.826|End=524.365	_	_	_	_
263-0	PKP136	263	0	((ride))	((ride))	_	_	_	_	_	nonverbalbehavior	_	ContainsVariation=No	_	Begin=522.826	_	_	_	_
263-1	PKP136	263	1	non	non	_	_	_	_	_	linguistic	_	ContainsVariation=No	_	_	_	_	_	_
263-2	PKP136	263	2	è	è	_	_	_	_	_	linguistic	_	ContainsVariation=No	_	_	_	_	_	_
263-3	PKP136	263	3	ve:ro	vero	_	_	_	_	_	linguistic	_	ContainsVariation=No	_	_	1x1	_	_	_
263-4	PKP136	263	4	((ride))	((ride))	_	_	_	_	_	nonverbalbehavior	_	ContainsVariation=No	_	End=524.725	_	_	_	_
264-0	PKP141	264	0	capito?	capito	_	_	_	_	_	linguistic	_	ContainsVariation=No	Intonation=Rising	Begin=524.106|End=524.757	_	_	_	_
265-0	PKP141	265	0	>perché	perché	_	_	_	_	_	linguistic	_	ContainsVariation=No	_	Begin=524.965	_	Fast=0-6(0)	_	_
265-1	PKP141	265	1	doveva<	doveva	_	_	_	_	_	linguistic	_	ContainsVariation=No	_	_	_	Fast=0-6(0)	_	_
265-2	PKP141	265	2	perché	perché	_	_	_	_	_	linguistic	_	ContainsVariation=No	_	_	_	_	_	_
265-3	PKP141	265	3	già	già	_	_	_	_	_	linguistic	_	ContainsVariation=No	_	_	_	_	_	_
265-4	PKP141	265	4	stamatti:na	stamattina	_	_	_	_	_	linguistic	_	ContainsVariation=No	_	_	7x1	_	_	_
265-5	PKP141	265	5	ieri	ieri	_	_	_	_	_	linguistic	_	ContainsVariation=No	_	_	_	_	_	_
265-6	PKP141	265	6	erano	erano	_	_	_	_	_	linguistic	_	ContainsVariation=No	_	_	_	_	_	_
265-7	PKP141	265	7	fatti	fatti	_	_	_	_	_	linguistic	_	ContainsVariation=No	_	_	_	_	_	_
265-8	PKP141	265	8	in	in	_	_	_	_	_	linguistic	_	ContainsVariation=No	_	_	_	_	_	_
265-9	PKP141	265	9	mattinata	mattinata	_	_	_	_	_	linguistic	_	ContainsVariation=No	_	_	_	_	_	_
265-10	PKP141	265	10	quindi	quindi	_	_	_	_	_	linguistic	_	ContainsVariation=No	_	_	_	_	_	_
265-11	PKP141	265	11	oggi	oggi	_	_	_	_	_	linguistic	_	ContainsVariation=No	_	_	_	_	_	_
265-12	PKP141	265	12	sicu:ro	sicuro	_	_	_	_	_	linguistic	_	ContainsVariation=No	_	_	3x1	_	_	_
265-13	PKP141	265	13	arriva[va	arrivava	_	_	_	_	_	linguistic	_	ContainsVariation=No	_	_	_	_	_	6-8(59)
265-14	PKP141	265	14	xx]	xx	_	_	_	_	_	unknown	_	ContainsVariation=No	Syllables=2	End=529.298	_	_	_	0-2(59)
266-0	PKP136	266	0	[te	te	_	_	_	_	_	linguistic	_	ContainsVariation=No	_	Begin=528.724	_	_	_	0-2(59)
266-1	PKP136	266	1	la	la	_	_	_	_	_	linguistic	_	ContainsVariation=No	_	_	_	_	_	0-2(59)
266-2	PKP136	266	2	sei	sei	_	_	_	_	_	linguistic	_	ContainsVariation=No	_	_	_	_	_	0-3(59)
266-3	PKP136	266	3	proprio]	proprio	_	_	_	_	_	linguistic	_	ContainsVariation=No	_	_	_	_	_	0-7(59)
266-4	PKP136	266	4	tira:ta	tirata	_	_	_	_	_	linguistic	_	ContainsVariation=No	_	_	3x1	_	_	_
266-5	PKP136	266	5	co[munque]	comunque	_	_	_	_	_	linguistic	_	ContainsVariation=No	_	_	_	_	_	2-8(60)
266-6	PKP136	266	6	((ride))	((ride))	_	_	_	_	_	nonverbalbehavior	_	ContainsVariation=No	_	End=531.11	_	_	_	_
267-0	PKP141	267	0	[me	me	_	_	_	_	_	linguistic	_	ContainsVariation=No	_	Begin=530.078	_	_	_	0-2(60)
267-1	PKP141	267	1	la	la	_	_	_	_	_	linguistic	_	ContainsVariation=No	_	_	_	_	_	0-2(60)
267-2	PKP141	267	2	sono	sono	_	_	_	_	_	linguistic	_	ContainsVariation=No	_	_	_	_	_	0-4(60)
267-3	PKP141	267	3	tirata	tirata	_	_	_	_	_	linguistic	_	ContainsVariation=No	_	_	_	_	_	0-6(60)
267-4	PKP141	267	4	un	un	_	_	_	_	_	linguistic	_	ContainsVariation=No	_	_	_	_	_	0-2(60)
267-5	PKP141	267	5	bo:]tto	botto	_	_	_	_	_	linguistic	_	ContainsVariation=No	_	End=531.424	1x1	_	_	0-2(60)
268-0	PKP136	268	0	((ride))	((ride))	_	_	_	_	_	nonverbalbehavior	_	ContainsVariation=No	_	Begin=531.424|End=532.272	_	_	_	_
269-0	PKP141	269	0	>e	e	_	_	_	_	_	linguistic	_	ContainsVariation=No	_	Begin=532.778	_	Fast=0-1(0)	_	_
269-1	PKP141	269	1	infatti<	infatti	_	_	_	_	_	linguistic	_	ContainsVariation=No	_	_	_	Fast=0-7(0)	_	_
269-2	PKP141	269	2	alle	alle	_	_	_	_	_	linguistic	_	ContainsVariation=No	_	_	_	Slow=0-4(0)	_	_
269-3	PKP141	269	3	otto	otto	_	_	_	_	_	linguistic	_	ContainsVariation=No	_	_	_	Slow=0-4(0)	_	_
269-4	PKP141	269	4	eravamo	eravamo	_	_	_	_	_	linguistic	_	ContainsVariation=No	_	_	_	Slow=0-7(0)	_	_
269-5	PKP141	269	5	ancora	ancora	_	_	_	_	_	linguistic	_	ContainsVariation=No	_	_	_	Slow=0-6(0)	_	_
269-6	PKP141	269	6	là	là	_	_	_	_	_	linguistic	_	ContainsVariation=No	_	_	_	Slow=0-2(0)	_	_
269-7	PKP141	269	7	>a	a	_	_	_	_	_	linguistic	_	ContainsVariation=No	_	_	_	Fast=0-1(1)	_	_
269-8	PKP141	269	8	parte<	parte	_	_	_	_	_	linguistic	_	ContainsVariation=No	_	_	_	Fast=0-5(1)	_	_
269-9	PKP141	269	9	sarebbe	sarebbe	_	_	_	_	_	linguistic	_	ContainsVariation=No	_	_	_	_	_	_
269-10	PKP141	269	10	stato	stato	_	_	_	_	_	linguistic	_	ContainsVariation=No	_	_	_	_	_	_
269-11	PKP141	269	11	più	più	_	_	_	_	_	linguistic	_	ContainsVariation=No	_	_	_	_	_	_
269-12	PKP141	269	12	be:llo,	bello	_	_	_	_	_	linguistic	_	ContainsVariation=No	Intonation=WeaklyRising	_	1x1	_	_	_
269-13	PKP141	269	13	perché	perché	_	_	_	_	_	linguistic	_	ContainsVariation=No	_	_	_	_	_	_
269-14	PKP141	269	14	eravamo	eravamo	_	_	_	_	_	linguistic	_	ContainsVariation=No	_	_	_	_	_	_
269-15	PKP141	269	15	in	in	_	_	_	_	_	linguistic	_	ContainsVariation=No	_	_	_	_	_	_
269-16	PKP141	269	16	mezzo	mezzo	_	_	_	_	_	linguistic	_	ContainsVariation=No	_	_	_	_	_	_
269-17	PKP141	269	17	al	al	_	_	_	_	_	linguistic	_	ContainsVariation=No	_	_	_	_	_	_
269-18	PKP141	269	18	nulla	nulla	_	_	_	_	_	linguistic	_	ContainsVariation=No	_	_	_	_	_	_
269-19	PKP141	269	19	c'	c'	_	_	_	_	_	linguistic	_	ContainsVariation=No	SpaceAfter=No	_	_	_	_	_
269-20	PKP141	269	20	è	è	_	_	_	_	_	linguistic	_	ContainsVariation=No	_	_	_	_	_	_
269-21	PKP141	269	21	un	un	_	_	_	_	_	linguistic	_	ContainsVariation=No	_	_	_	_	_	_
269-22	PKP141	269	22	video	video	_	_	_	_	_	linguistic	_	ContainsVariation=No	_	_	_	_	_	_
269-23	PKP141	269	23	bellissimo	bellissimo	_	_	_	_	_	linguistic	_	ContainsVariation=No	_	_	_	_	_	_
269-24	PKP141	269	24	che	che	_	_	_	_	_	linguistic	_	ContainsVariation=No	_	_	_	_	_	_
269-25	PKP141	269	25	rip~	rip~	_	_	_	_	_	linguistic	_	ContainsVariation=No	Interrupted=Yes	_	_	_	_	_
269-26	PKP141	269	26	poi	poi	_	_	_	_	_	linguistic	_	ContainsVariation=No	_	_	_	_	_	_
269-27	PKP141	269	27	ve	ve	_	_	_	_	_	linguistic	_	ContainsVariation=No	_	_	_	_	_	_
269-28	PKP141	269	28	lo	lo	_	_	_	_	_	linguistic	_	ContainsVariation=No	_	_	_	_	_	_
269-29	PKP141	269	29	faccio	faccio	_	_	_	_	_	linguistic	_	ContainsVariation=No	_	_	_	_	_	_
269-30	PKP141	269	30	vede:re	vedere	_	_	_	_	_	linguistic	_	ContainsVariation=No	_	End=539.186	3x1	_	_	_
270-0	PKP136	270	0	((ride))	((ride))	_	_	_	_	_	nonverbalbehavior	_	ContainsVariation=No	_	Begin=534.239|End=535.1	_	_	_	_
271-0	PKP141	271	0	si	si	_	_	_	_	_	linguistic	_	ContainsVariation=No	_	Begin=539.437	_	_	_	_
271-1	PKP141	271	1	vedono	vedono	_	_	_	_	_	linguistic	_	ContainsVariation=No	_	_	_	_	_	_
271-2	PKP141	271	2	le	le	_	_	_	_	_	linguistic	_	ContainsVariation=No	_	_	_	_	_	_
271-3	PKP141	271	3	quattro	quattro	_	_	_	_	_	linguistic	_	ContainsVariation=No	_	_	_	_	_	_
271-4	PKP141	271	4	frecce:	frecce	_	_	_	_	_	linguistic	_	ContainsVariation=No	_	_	5x1	_	_	_
271-5	PKP141	271	5	di	di	_	_	_	_	_	linguistic	_	ContainsVariation=No	_	_	_	_	_	_
271-6	PKP141	271	6	questo:	questo	_	_	_	_	_	linguistic	_	ContainsVariation=No	_	_	5x1	_	_	_
271-7	PKP141	271	7	bus	bus	_	_	_	_	_	linguistic	_	ContainsVariation=No	_	_	_	_	_	_
271-8	PKP141	271	8	fe:rmo	fermo	_	_	_	_	_	linguistic	_	ContainsVariation=No	_	End=542.31	1x1	_	_	_
272-0	PKP141	272	0	tutti	tutti	_	_	_	_	_	linguistic	_	ContainsVariation=No	_	Begin=542.678	_	_	_	_
272-1	PKP141	272	1	i:	i	_	_	_	_	_	linguistic	_	ContainsVariation=No	_	_	0x1	_	_	_
272-2	PKP141	272	2	co:ni	coni	_	_	_	_	_	linguistic	_	ContainsVariation=No	_	End=544.413	1x1	_	_	_
273-0	PKP136	273	0	[mado:nna]	madonna	_	_	_	_	_	linguistic	_	ContainsVariation=No	_	Begin=544.596|End=545.509	3x1	_	_	0-7(62)
274-0	PKP141	274	0	[strada:li]	stradali	_	_	_	_	_	linguistic	_	ContainsVariation=No	_	Begin=544.596|End=545.509	5x1	_	_	0-8(62)
275-0	PKP142	275	0	(n)o::	no	_	_	_	_	_	linguistic	_	ContainsVariation=No	_	Begin=545.509|End=546.137	1x2	_	0-1(0)	_
276-0	PKP136	276	0	ma	ma	_	_	_	_	_	linguistic	_	ContainsVariation=No	_	Begin=546.251	_	_	_	_
276-1	PKP136	276	1	dov'	dov'	_	_	_	_	_	linguistic	_	ContainsVariation=No	SpaceAfter=No	_	_	_	_	_
276-2	PKP136	276	2	è	è	_	_	_	_	_	linguistic	_	ContainsVariation=No	_	_	_	_	_	_
276-3	PKP136	276	3	che	che	_	_	_	_	_	linguistic	_	ContainsVariation=No	_	_	_	_	_	_
276-4	PKP136	276	4	siete	siete	_	_	_	_	_	linguistic	_	ContainsVariation=No	_	_	_	_	_	_
276-5	PKP136	276	5	anda:ti?	andati	_	_	_	_	_	linguistic	_	ContainsVariation=No	Intonation=Rising	End=547.491	3x1	_	_	_
277-0	PKP141	277	0	monte	monte	_	_	_	_	_	linguistic	_	ContainsVariation=No	_	Begin=547.832	_	_	_	_
277-1	PKP141	277	1	cimo:ne	cimone	_	_	_	_	_	linguistic	_	ContainsVariation=No	_	End=548.595	3x1	_	_	_
278-0	PKP136	278	0	mo:nte	monte	_	_	_	_	_	linguistic	_	ContainsVariation=No	_	Begin=548.719	1x1	_	_	_
278-1	PKP136	278	1	cimo~	cimo~	_	_	_	_	_	linguistic	_	ContainsVariation=No	Interrupted=Yes	End=549.352	_	_	_	_
279-0	PKP136	279	0	m:h	mh	_	_	_	_	_	linguistic	_	ContainsVariation=No	_	Begin=549.713|End=550.172	0x1	_	_	_
280-0	PKP141	280	0	dove	dove	_	_	_	_	_	linguistic	_	ContainsVariation=No	_	Begin=551.042	_	_	_	_
280-1	PKP141	280	1	ti	ti	_	_	_	_	_	linguistic	_	ContainsVariation=No	_	_	_	_	_	_
280-2	PKP141	280	2	arriva	arriva	_	_	_	_	_	linguistic	_	ContainsVariation=No	_	_	_	_	_	_
280-3	PKP141	280	3	l'	l'	_	_	_	_	_	linguistic	_	ContainsVariation=No	SpaceAfter=No	_	_	_	_	_
280-4	PKP141	280	4	acqua	acqua	_	_	_	_	_	linguistic	_	ContainsVariation=No	_	_	_	_	_	_
280-5	PKP141	280	5	della	della	_	_	_	_	_	linguistic	_	ContainsVariation=No	_	_	_	_	_	_
280-6	PKP141	280	6	coop	coop	_	_	_	_	_	linguistic	_	ContainsVariation=No	_	End=552.501	_	_	_	_
281-0	PKP136	281	0	((ride))	((ride))	_	_	_	_	_	nonverbalbehavior	_	ContainsVariation=No	_	Begin=552.771|End=553.723	_	_	_	_
282-0	PKP142	282	0	è	è	_	_	_	_	_	linguistic	_	ContainsVariation=No	_	Begin=554.211	_	_	_	_
282-1	PKP142	282	1	ve::ro	vero	_	_	_	_	_	linguistic	_	ContainsVariation=No	_	_	1x2	_	_	_
282-2	PKP142	282	2	l'	l'	_	_	_	_	_	linguistic	_	ContainsVariation=No	SpaceAfter=No	_	_	_	_	_
282-3	PKP142	282	3	acqua	acqua	_	_	_	_	_	linguistic	_	ContainsVariation=No	_	_	_	_	_	_
282-4	PKP142	282	4	della	della	_	_	_	_	_	linguistic	_	ContainsVariation=No	_	_	_	_	_	_
282-5	PKP142	282	5	coop	coop	_	_	_	_	_	linguistic	_	ContainsVariation=No	_	_	_	_	_	_
282-6	PKP142	282	6	di	di	_	_	_	_	_	linguistic	_	ContainsVariation=No	_	_	_	_	_	_
282-7	PKP142	282	7	monte,	monte	_	_	_	_	_	linguistic	_	ContainsVariation=No	Intonation=WeaklyRising	_	_	_	_	_
282-8	PKP142	282	8	è	è	_	_	_	_	_	linguistic	_	ContainsVariation=No	_	_	_	_	_	_
282-9	PKP142	282	9	ve:ro	vero	_	_	_	_	_	linguistic	_	ContainsVariation=No	_	End=557.091	1x1	_	_	_
283-0	PKP141	283	0	bellis[simo	bellissimo	_	_	_	_	_	linguistic	_	ContainsVariation=No	_	Begin=558.41	_	_	_	6-10(63)
283-1	PKP141	283	1	comunque]	comunque	_	_	_	_	_	linguistic	_	ContainsVariation=No	_	End=559.608	_	_	_	0-8(63)
284-0	PKP142	284	0	[noi	noi	_	_	_	_	_	linguistic	_	ContainsVariation=No	_	Begin=558.761	_	_	_	0-3(63)
284-1	PKP142	284	1	ridiamo	ridiamo	_	_	_	_	_	linguistic	_	ContainsVariation=No	_	_	_	_	_	0-7(63)
284-2	PKP142	284	2	e	e	_	_	_	_	_	linguistic	_	ContainsVariation=No	_	_	_	_	_	0-1(63)
284-3	PKP142	284	3	scherzi]amo,	scherziamo	_	_	_	_	_	linguistic	_	ContainsVariation=No	Intonation=WeaklyRising	_	_	_	_	0-7(63)
284-4	PKP142	284	4	però	però	_	_	_	_	_	linguistic	_	ContainsVariation=No	_	End=560.264	_	_	_	_
285-0	PKP136	285	0	da:i	dai	_	_	_	_	_	linguistic	_	ContainsVariation=No	_	Begin=561.138	1x1	_	_	_
285-1	PKP136	285	1	che	che	_	_	_	_	_	linguistic	_	ContainsVariation=No	_	_	_	_	_	_
285-2	PKP136	285	2	figo	figo	_	_	_	_	_	linguistic	_	ContainsVariation=No	_	_	_	_	_	_
285-3	PKP136	285	3	però	però	_	_	_	_	_	linguistic	_	ContainsVariation=No	PauseAfter=Yes	_	_	_	_	_
285-4	PKP136	285	4	(.)	(.)	_	_	_	_	_	shortpause	_	ContainsVariation=No	_	_	_	_	_	_
285-5	PKP136	285	5	io	io	_	_	_	_	_	linguistic	_	ContainsVariation=No	_	_	_	_	_	_
285-6	PKP136	285	6	non	non	_	_	_	_	_	linguistic	_	ContainsVariation=No	_	_	_	_	_	_
285-7	PKP136	285	7	son	son	_	_	_	_	_	linguistic	_	ContainsVariation=No	_	_	_	_	_	_
285-8	PKP136	285	8	mai	mai	_	_	_	_	_	linguistic	_	ContainsVariation=No	_	_	_	_	_	_
285-9	PKP136	285	9	andato	andato	_	_	_	_	_	linguistic	_	ContainsVariation=No	_	_	_	_	_	_
285-10	PKP136	285	10	a	a	_	_	_	_	_	linguistic	_	ContainsVariation=No	_	_	_	_	_	_
285-11	PKP136	285	11	scia:re,	sciare	_	_	_	_	_	linguistic	_	ContainsVariation=No	Intonation=WeaklyRising	_	3x1	_	_	_
285-12	PKP136	285	12	avrei	avrei	_	_	_	_	_	linguistic	_	ContainsVariation=No	_	_	_	_	_	_
285-13	PKP136	285	13	troppa	troppa	_	_	_	_	_	linguistic	_	ContainsVariation=No	_	_	_	_	_	_
285-14	PKP136	285	14	paura	paura	_	_	_	_	_	linguistic	_	ContainsVariation=No	_	_	_	_	_	_
285-15	PKP136	285	15	di:::	di	_	_	_	_	_	linguistic	_	ContainsVariation=No	_	End=565.809	1x3	_	_	_
286-0	PKP142	286	0	i:o	io	_	_	_	_	_	linguistic	_	ContainsVariation=No	_	Begin=565.809	0x1	_	_	_
286-1	PKP142	286	1	ho	ho	_	_	_	_	_	linguistic	_	ContainsVariation=No	_	_	_	_	_	_
286-2	PKP142	286	2	pro[prio	proprio	_	_	_	_	_	linguistic	_	ContainsVariation=No	_	_	_	_	_	3-7(64)
286-3	PKP142	286	3	pau:ra]	paura	_	_	_	_	_	linguistic	_	ContainsVariation=No	_	End=567.179	2x1	_	_	0-5(64)
287-0	PKP136	287	0	[uccidermi]	uccidermi	_	_	_	_	_	linguistic	_	ContainsVariation=No	_	Begin=566.258|End=567.105	_	_	_	0-9(64)
288-0	PKP141	288	0	E:::h	eh	_	_	_	_	_	linguistic	_	ContainsVariation=No	Volume=high	Begin=567.186	0x3	_	_	_
288-1	PKP141	288	1	io	io	_	_	_	_	_	linguistic	_	ContainsVariation=No	_	_	_	_	_	_
288-2	PKP141	288	2	ho	ho	_	_	_	_	_	linguistic	_	ContainsVariation=No	_	_	_	_	_	_
288-3	PKP141	288	3	ucciso	ucciso	_	_	_	_	_	linguistic	_	ContainsVariation=No	_	_	_	_	_	_
288-4	PKP141	288	4	così	così	_	_	_	_	_	linguistic	_	ContainsVariation=No	_	_	_	_	_	_
288-5	PKP141	288	5	uno	uno	_	_	_	_	_	linguistic	_	ContainsVariation=No	_	End=568.673	_	_	_	_
289-0	PKP136	289	0	((ride))	((ride))	_	_	_	_	_	nonverbalbehavior	_	ContainsVariation=No	_	Begin=568.792	_	_	_	_
289-1	PKP136	289	1	brava:	brava	_	_	_	_	_	linguistic	_	ContainsVariation=No	_	_	4x1	_	_	_
289-2	PKP136	289	2	quandi	quandi	_	_	_	_	_	linguistic	_	ContainsVariation=No	_	_	_	_	_	_
289-3	PKP136	289	3	[sei	sei	_	_	_	_	_	linguistic	_	ContainsVariation=No	_	_	_	_	_	0-3(65)
289-4	PKP136	289	4	bellina]	bellina	_	_	_	_	_	linguistic	_	ContainsVariation=No	_	End=571.498	_	_	_	0-7(65)
290-0	PKP142	290	0	((ride))	((ride))	_	_	_	_	_	nonverbalbehavior	_	ContainsVariation=No	_	Begin=568.93|End=569.795	_	_	_	_
291-0	PKP142	291	0	[cla:ssico	classico	_	_	_	_	_	linguistic	_	ContainsVariation=No	_	Begin=570.789	2x1	_	_	0-8(66)
291-1	PKP142	291	1	sa]ra,	sara	_	_	_	_	_	linguistic	_	ContainsVariation=No	Intonation=WeaklyRising	_	_	_	_	0-2(66)
291-2	PKP142	291	2	e	e	_	_	_	_	_	linguistic	_	ContainsVariation=No	_	_	_	_	_	_
291-3	PKP142	291	3	ti	ti	_	_	_	_	_	linguistic	_	ContainsVariation=No	_	_	_	_	_	_
291-4	PKP142	291	4	sei	sei	_	_	_	_	_	linguistic	_	ContainsVariation=No	_	_	_	_	_	_
291-5	PKP142	291	5	limitata?	limitata	_	_	_	_	_	linguistic	_	ContainsVariation=No	Intonation=Rising	_	_	_	_	_
291-6	PKP142	291	6	solo	solo	_	_	_	_	_	linguistic	_	ContainsVariation=No	_	_	_	_	_	_
291-7	PKP142	291	7	[uno]?	uno	_	_	_	_	_	linguistic	_	ContainsVariation=No	Intonation=Rising	End=573.672	_	_	_	0-3(67)
292-0	PKP141	292	0	[e:h]	eh	_	_	_	_	_	linguistic	_	ContainsVariation=No	_	Begin=573.272|End=573.737	0x1	_	_	0-2(67)
293-0	PKP136	293	0	((ride))	((ride))	_	_	_	_	_	nonverbalbehavior	_	ContainsVariation=No	_	Begin=573.977|End=575.737	_	_	_	_
294-0	PKP141	294	0	ma	ma	_	_	_	_	_	linguistic	_	ContainsVariation=No	_	Begin=573.993	_	_	_	_
294-1	PKP141	294	1	in	in	_	_	_	_	_	linguistic	_	ContainsVariation=No	_	_	_	_	_	_
294-2	PKP141	294	2	realtà	realtà	_	_	_	_	_	linguistic	_	ContainsVariation=No	_	_	_	_	_	_
294-3	PKP141	294	3	un	un	_	_	_	_	_	linguistic	_	ContainsVariation=No	_	_	_	_	_	_
294-4	PKP141	294	4	bambi:no	bambino	_	_	_	_	_	linguistic	_	ContainsVariation=No	_	_	4x1	_	_	_
294-5	PKP141	294	5	stavo	stavo	_	_	_	_	_	linguistic	_	ContainsVariation=No	_	_	_	_	_	_
294-6	PKP141	294	6	per	per	_	_	_	_	_	linguistic	_	ContainsVariation=No	_	_	_	_	_	_
294-7	PKP141	294	7	pre:ndere	prendere	_	_	_	_	_	linguistic	_	ContainsVariation=No	_	End=576.554	2x1	_	_	_
295-0	PKP136	295	0	un	un	_	_	_	_	_	linguistic	_	ContainsVariation=No	_	Begin=576.589	_	_	_	_
295-1	PKP136	295	1	bambi:no?	bambino	_	_	_	_	_	linguistic	_	ContainsVariation=No	Intonation=Rising	End=577.523	4x1	_	_	_
296-0	PKP142	296	0	[[a:l~]	al~	_	_	_	_	_	linguistic	_	ContainsVariation=No	Interrupted=Yes	Begin=577.283	0x1	_	_	_
296-1	PKP142	296	1	ok]ay	okay	_	_	_	_	_	linguistic	_	ContainsVariation=No	_	_	_	_	_	_
296-2	PKP142	296	2	allora	allora	_	_	_	_	_	linguistic	_	ContainsVariation=No	_	_	_	_	_	_
296-3	PKP142	296	3	eh	eh	_	_	_	_	_	linguistic	_	ContainsVariation=No	_	_	_	_	_	_
296-4	PKP142	296	4	no	no	_	_	_	_	_	linguistic	_	ContainsVariation=No	_	_	_	_	_	_
296-5	PKP142	296	5	va	va	_	_	_	_	_	linguistic	_	ContainsVariation=No	_	_	_	_	_	_
296-6	PKP142	296	6	be:ne	bene	_	_	_	_	_	linguistic	_	ContainsVariation=No	_	End=578.865	1x1	_	_	_
297-0	PKP141	297	0	[m:h]	mh	_	_	_	_	_	linguistic	_	ContainsVariation=No	_	Begin=577.283|End=577.826	0x1	_	_	0-2(356)
298-0	PKP142	298	0	pareggiamo	pareggiamo	_	_	_	_	_	linguistic	_	ContainsVariation=No	_	Begin=579.02	_	_	_	_
298-1	PKP142	298	1	la:	la	_	_	_	_	_	linguistic	_	ContainsVariation=No	_	_	1x1	_	_	_
298-2	PKP142	298	2	la	la	_	_	_	_	_	linguistic	_	ContainsVariation=No	_	End=580.409	_	_	_	_
299-0	PKP141	299	0	(non	non	_	_	_	_	_	linguistic	_	ContainsVariation=No	_	Begin=581.304	_	_	0-3(0)	_
299-1	PKP141	299	1	me	me	_	_	_	_	_	linguistic	_	ContainsVariation=No	_	_	_	_	0-2(0)	_
299-2	PKP141	299	2	n'	n'	_	_	_	_	_	linguistic	_	ContainsVariation=No	SpaceAfter=No	_	_	_	0-2(0)	_
299-3	PKP141	299	3	ero	ero	_	_	_	_	_	linguistic	_	ContainsVariation=No	_	_	_	_	0-3(0)	_
299-4	PKP141	299	4	accorta)	accorta	_	_	_	_	_	linguistic	_	ContainsVariation=No	_	End=582.002	_	_	0-7(0)	_
300-0	PKP136	300	0	un	un	_	_	_	_	_	linguistic	_	ContainsVariation=No	_	Begin=582.202	_	_	_	_
300-1	PKP136	300	1	bambino	bambino	_	_	_	_	_	linguistic	_	ContainsVariation=No	_	_	_	_	_	_
300-2	PKP136	300	2	(vale)	vale	_	_	_	_	_	linguistic	_	ContainsVariation=No	_	_	_	_	0-4(0)	_
300-3	PKP136	300	3	cinque	cinque	_	_	_	_	_	linguistic	_	ContainsVariation=No	_	_	_	_	_	_
300-4	PKP136	300	4	adu:[lti	adulti	_	_	_	_	_	linguistic	_	ContainsVariation=No	_	_	2x1	_	_	3-6(69)
300-5	PKP136	300	5	ma]gari	magari	_	_	_	_	_	linguistic	_	ContainsVariation=No	_	_	_	_	_	0-2(69)
300-6	PKP136	300	6	xx	xx	_	_	_	_	_	unknown	_	ContainsVariation=No	Syllables=2	End=584.557	_	_	_	_
301-0	PKP142	301	0	mh	mh	_	_	_	_	_	linguistic	_	ContainsVariation=No	_	Begin=583.389|End=583.755	_	_	_	_
302-0	PKP141	302	0	((ride))	((ride))	_	_	_	_	_	nonverbalbehavior	_	ContainsVariation=No	_	Begin=584.5|End=584.875	_	_	_	_
303-0	PKP136	303	0	come	come	_	_	_	_	_	linguistic	_	ContainsVariation=No	_	Begin=584.875	_	_	_	_
303-1	PKP136	303	1	gravità	gravità	_	_	_	_	_	linguistic	_	ContainsVariation=No	_	_	_	_	_	_
303-2	PKP136	303	2	[del	del	_	_	_	_	_	linguistic	_	ContainsVariation=No	_	_	_	_	_	0-3(71)
303-3	PKP136	303	3	fa:tto]	fatto	_	_	_	_	_	linguistic	_	ContainsVariation=No	_	End=586.278	1x1	_	_	0-5(71)
304-0	PKP142	304	0	[(>giustamente<)]	giustamente	_	_	_	_	_	linguistic	_	ContainsVariation=No	_	Begin=585.609	_	Fast=0-11(0)	0-11(0)	0-11(71)
304-1	PKP142	304	1	quanti	quanti	_	_	_	_	_	linguistic	_	ContainsVariation=No	_	_	_	_	_	_
304-2	PKP142	304	2	a:nni	anni	_	_	_	_	_	linguistic	_	ContainsVariation=No	_	_	0x1	_	_	_
304-3	PKP142	304	3	aveva	aveva	_	_	_	_	_	linguistic	_	ContainsVariation=No	_	_	_	_	_	_
304-4	PKP142	304	4	più	più	_	_	_	_	_	linguistic	_	ContainsVariation=No	_	_	_	_	_	_
304-5	PKP142	304	5	o	o	_	_	_	_	_	linguistic	_	ContainsVariation=No	_	_	_	_	_	_
304-6	PKP142	304	6	meno?	meno	_	_	_	_	_	linguistic	_	ContainsVariation=No	Intonation=Rising	End=587.549	_	_	_	_
305-0	PKP141	305	0	boh	boh	_	_	_	_	_	linguistic	_	ContainsVariation=No	_	Begin=588.35	_	_	_	_
305-1	PKP141	305	1	era	era	_	_	_	_	_	linguistic	_	ContainsVariation=No	_	_	_	_	_	_
305-2	PKP141	305	2	tipo	tipo	_	_	_	_	_	linguistic	_	ContainsVariation=No	_	_	_	_	_	_
305-3	PKP141	305	3	u:n	un	_	_	_	_	_	linguistic	_	ContainsVariation=No	_	_	0x1	_	_	_
305-4	PKP141	305	4	nano	nano	_	_	_	_	_	linguistic	_	ContainsVariation=No	_	_	_	_	_	_
305-5	PKP141	305	5	di	di	_	_	_	_	_	linguistic	_	ContainsVariation=No	_	_	_	_	_	_
305-6	PKP141	305	6	me:rda	merda	_	_	_	_	_	linguistic	_	ContainsVariation=No	_	End=590.17	1x1	_	_	_
306-0	PKP142	306	0	((ride))	((ride))	_	_	_	_	_	nonverbalbehavior	_	ContainsVariation=No	_	Begin=589.85|End=590.71	_	_	_	_
307-0	PKP136	307	0	((ride))	((ride))	_	_	_	_	_	nonverbalbehavior	_	ContainsVariation=No	_	Begin=590.17|End=591.217	_	_	_	_
308-0	PKP142	308	0	allora	allora	_	_	_	_	_	linguistic	_	ContainsVariation=No	_	Begin=590.75	_	_	_	_
308-1	PKP142	308	1	poteva	poteva	_	_	_	_	_	linguistic	_	ContainsVariation=No	_	_	_	_	_	_
308-2	PKP142	308	2	essere	essere	_	_	_	_	_	linguistic	_	ContainsVariation=No	_	_	_	_	_	_
308-3	PKP142	308	3	qua~	qua~	_	_	_	_	_	linguistic	_	ContainsVariation=No	Interrupted=Yes	_	_	_	_	_
308-4	PKP142	308	4	grande	grande	_	_	_	_	_	linguistic	_	ContainsVariation=No	_	_	_	_	_	_
308-5	PKP142	308	5	[quanto	quanto	_	_	_	_	_	linguistic	_	ContainsVariation=No	_	_	_	_	_	0-6(75)
308-6	PKP142	308	6	>non	non	_	_	_	_	_	linguistic	_	ContainsVariation=No	_	_	_	Fast=0-3(0)	_	0-3(75)
308-7	PKP142	308	7	lo	lo	_	_	_	_	_	linguistic	_	ContainsVariation=No	_	_	_	Fast=0-2(0)	_	0-2(75)
308-8	PKP142	308	8	so<]	so	_	_	_	_	_	linguistic	_	ContainsVariation=No	_	End=592.636	_	Fast=0-2(0)	_	0-2(75)
309-0	PKP141	309	0	[no:	no	_	_	_	_	_	linguistic	_	ContainsVariation=No	_	Begin=592.106	1x1	_	_	0-2(75)
309-1	PKP141	309	1	ave]va	aveva	_	_	_	_	_	linguistic	_	ContainsVariation=No	_	_	_	_	_	0-3(75)
309-2	PKP141	309	2	quattro	quattro	_	_	_	_	_	linguistic	_	ContainsVariation=No	_	_	_	_	_	_
309-3	PKP141	309	3	a:nni	anni	_	_	_	_	_	linguistic	_	ContainsVariation=No	_	_	0x1	_	_	_
309-4	PKP141	309	4	ma:ssimo	massimo	_	_	_	_	_	linguistic	_	ContainsVariation=No	_	End=593.688	1x1	_	_	_
310-0	PKP142	310	0	a:h	ah	_	_	_	_	_	linguistic	_	ContainsVariation=No	_	Begin=593.688|End=594.1	0x1	_	_	_
311-0	PKP141	311	0	che	che	_	_	_	_	_	linguistic	_	ContainsVariation=No	_	Begin=594.633	_	_	_	_
311-1	PKP141	311	1	poi	poi	_	_	_	_	_	linguistic	_	ContainsVariation=No	_	_	_	_	_	_
311-2	PKP141	311	2	avete	avete	_	_	_	_	_	linguistic	_	ContainsVariation=No	_	_	_	_	_	_
311-3	PKP141	311	3	visto	visto	_	_	_	_	_	linguistic	_	ContainsVariation=No	_	_	_	_	_	_
311-4	PKP141	311	4	i	i	_	_	_	_	_	linguistic	_	ContainsVariation=No	_	_	_	_	_	_
311-5	PKP141	311	5	bambini	bambini	_	_	_	_	_	linguistic	_	ContainsVariation=No	_	End=596.005	_	_	_	_
312-0	PKP141	312	0	>cioè<	cioè	_	_	_	_	_	linguistic	_	ContainsVariation=No	_	Begin=596.998	_	Fast=0-4(0)	_	_
312-1	PKP141	312	1	invi::dia	invidia	_	_	_	_	_	linguistic	_	ContainsVariation=No	_	_	3x2	Slow=0-7(0)	_	_
312-2	PKP141	312	2	loro	loro	_	_	_	_	_	linguistic	_	ContainsVariation=No	_	_	_	Slow=0-4(0)	_	_
312-3	PKP141	312	3	bravi:ssimi	bravissimi	_	_	_	_	_	linguistic	_	ContainsVariation=No	_	_	4x1	Slow=0-10(0)	_	_
312-4	PKP141	312	4	(>che	che	_	_	_	_	_	linguistic	_	ContainsVariation=No	_	_	_	Fast=0-3(1)	0-3(0)	_
312-5	PKP141	312	5	facevano	facevano	_	_	_	_	_	linguistic	_	ContainsVariation=No	_	_	_	Fast=0-8(1)	0-8(0)	_
312-6	PKP141	312	6	su	su	_	_	_	_	_	linguistic	_	ContainsVariation=No	_	_	_	Fast=0-2(1)	0-2(0)	_
312-7	PKP141	312	7	e	e	_	_	_	_	_	linguistic	_	ContainsVariation=No	_	_	_	Fast=0-1(1)	0-1(0)	_
312-8	PKP141	312	8	giù<)	giù	_	_	_	_	_	linguistic	_	ContainsVariation=No	_	End=599.646	_	Fast=0-3(1)	0-3(0)	_
313-0	PKP141	313	0	a	a	_	_	_	_	_	linguistic	_	ContainsVariation=No	_	Begin=600.467	_	_	_	_
313-1	PKP141	313	1	parte	parte	_	_	_	_	_	linguistic	_	ContainsVariation=No	_	_	_	_	_	_
313-2	PKP141	313	2	che	che	_	_	_	_	_	linguistic	_	ContainsVariation=No	_	_	_	_	_	_
313-3	PKP141	313	3	se	se	_	_	_	_	_	linguistic	_	ContainsVariation=No	_	_	_	_	_	_
313-4	PKP141	313	4	avevano	avevano	_	_	_	_	_	linguistic	_	ContainsVariation=No	_	_	_	_	_	_
313-5	PKP141	313	5	un	un	_	_	_	_	_	linguistic	_	ContainsVariation=No	_	_	_	_	_	_
313-6	PKP141	313	6	proble:ma	problema	_	_	_	_	_	linguistic	_	ContainsVariation=No	_	End=602.181	5x1	_	_	_
314-0	PKP141	314	0	tipo	tipo	_	_	_	_	_	linguistic	_	ContainsVariation=No	_	Begin=602.462	_	_	_	_
314-1	PKP141	314	1	il	il	_	_	_	_	_	linguistic	_	ContainsVariation=No	_	_	_	_	_	_
314-2	PKP141	314	2	maesto	maesto	_	_	_	_	_	linguistic	_	ContainsVariation=No	_	_	_	_	_	_
314-3	PKP141	314	3	li	li	_	_	_	_	_	linguistic	_	ContainsVariation=No	_	_	_	_	_	_
314-4	PKP141	314	4	li	li	_	_	_	_	_	linguistic	_	ContainsVariation=No	_	_	_	_	_	_
314-5	PKP141	314	5	prendeva	prendeva	_	_	_	_	_	linguistic	_	ContainsVariation=No	_	_	_	_	_	_
314-6	PKP141	314	6	((ride))	((ride))	_	_	_	_	_	nonverbalbehavior	_	ContainsVariation=No	_	End=604.354	_	_	_	_
315-0	PKP136	315	0	((ride))	((ride))	_	_	_	_	_	nonverbalbehavior	_	ContainsVariation=No	_	Begin=604.354	_	_	_	_
315-1	PKP136	315	1	per	per	_	_	_	_	_	linguistic	_	ContainsVariation=No	_	_	_	_	_	_
315-2	PKP136	315	2	a:ria	aria	_	_	_	_	_	linguistic	_	ContainsVariation=No	_	End=605.488	0x1	_	_	_
316-0	PKP141	316	0	c(io)è	cioè	_	_	_	_	_	linguistic	_	ContainsVariation=No	Reduced=Yes	Begin=605.217	_	_	_	_
316-1	PKP141	316	1	io	io	_	_	_	_	_	linguistic	_	ContainsVariation=No	_	_	_	_	_	_
316-2	PKP141	316	2	così	così	_	_	_	_	_	linguistic	_	ContainsVariation=No	_	End=605.737	_	_	_	_
317-0	PKP142	317	0	sa:cchi	sacchi	_	_	_	_	_	linguistic	_	ContainsVariation=No	_	Begin=605.737	1x1	_	_	_
317-1	PKP142	317	1	di	di	_	_	_	_	_	linguistic	_	ContainsVariation=No	_	_	_	_	_	_
317-2	PKP142	317	2	pata:te	patate	_	_	_	_	_	linguistic	_	ContainsVariation=No	_	End=606.579	3x1	_	_	_
318-0	PKP141	318	0	sì:	sì	_	_	_	_	_	linguistic	_	ContainsVariation=No	_	Begin=607.321	1x1	_	_	_
318-1	PKP141	318	1	>praticamente<	praticamente	_	_	_	_	_	linguistic	_	ContainsVariation=No	_	_	_	Fast=0-12(0)	_	_
318-2	PKP141	318	2	sì	sì	_	_	_	_	_	linguistic	_	ContainsVariation=No	_	End=608.24	_	_	_	_
319-0	PKP136	319	0	ma	ma	_	_	_	_	_	linguistic	_	ContainsVariation=No	_	Begin=608.316	_	_	_	_
319-1	PKP136	319	1	quelli	quelli	_	_	_	_	_	linguistic	_	ContainsVariation=No	_	_	_	_	_	_
319-2	PKP136	319	2	sono	sono	_	_	_	_	_	linguistic	_	ContainsVariation=No	_	_	_	_	_	_
319-3	PKP136	319	3	bravissimi	bravissimi	_	_	_	_	_	linguistic	_	ContainsVariation=No	_	_	_	_	_	_
319-4	PKP136	319	4	perché	perché	_	_	_	_	_	linguistic	_	ContainsVariation=No	_	_	_	_	_	_
319-5	PKP136	319	5	sono	sono	_	_	_	_	_	linguistic	_	ContainsVariation=No	_	_	_	_	_	_
319-6	PKP136	319	6	ricchi:ssimi	ricchissimi	_	_	_	_	_	linguistic	_	ContainsVariation=No	_	_	5x1	_	_	_
319-7	PKP136	319	7	e	e	_	_	_	_	_	linguistic	_	ContainsVariation=No	_	_	_	_	_	_
319-8	PKP136	319	8	quindi	quindi	_	_	_	_	_	linguistic	_	ContainsVariation=No	_	_	_	_	_	_
319-9	PKP136	319	9	ci	ci	_	_	_	_	_	linguistic	_	ContainsVariation=No	_	_	_	_	_	_
319-10	PKP136	319	10	vanno:	vanno	_	_	_	_	_	linguistic	_	ContainsVariation=No	_	End=611.059	4x1	_	_	_
320-0	PKP136	320	0	più	più	_	_	_	_	_	linguistic	_	ContainsVariation=No	_	Begin=611.893	_	_	_	_
320-1	PKP136	320	1	spe:sso	spesso	_	_	_	_	_	linguistic	_	ContainsVariation=No	_	_	2x1	_	_	_
320-2	PKP136	320	2	a	a	_	_	_	_	_	linguistic	_	ContainsVariation=No	_	_	_	_	_	_
320-3	PKP136	320	3	scia:re,	sciare	_	_	_	_	_	linguistic	_	ContainsVariation=No	Intonation=WeaklyRising	_	3x1	_	_	_
320-4	PKP136	320	4	c(io)è:	cioè	_	_	_	_	_	linguistic	_	ContainsVariation=No	Reduced=Yes	End=613.514	3x1	_	_	_
321-0	PKP141	321	0	no	no	_	_	_	_	_	linguistic	_	ContainsVariation=No	_	Begin=613.514	_	_	_	_
321-1	PKP141	321	1	ma	ma	_	_	_	_	_	linguistic	_	ContainsVariation=No	_	_	_	_	_	_
321-2	PKP141	321	2	erano	erano	_	_	_	_	_	linguistic	_	ContainsVariation=No	_	_	_	_	_	_
321-3	PKP141	321	3	tipo	tipo	_	_	_	_	_	linguistic	_	ContainsVariation=No	_	_	_	_	_	_
321-4	PKP141	321	4	le	le	_	_	_	_	_	linguistic	_	ContainsVariation=No	_	_	_	_	_	_
321-5	PKP141	321	5	prime	prime	_	_	_	_	_	linguistic	_	ContainsVariation=No	_	_	_	_	_	_
321-6	PKP141	321	6	lezio:ni	lezioni	_	_	_	_	_	linguistic	_	ContainsVariation=No	_	_	4x1	_	_	_
321-7	PKP141	321	7	però	però	_	_	_	_	_	linguistic	_	ContainsVariation=No	_	End=615.184	_	_	_	_
322-0	PKP141	322	0	c'	c'	_	_	_	_	_	linguistic	_	ContainsVariation=No	SpaceAfter=No	Begin=616.122	_	_	_	_
322-1	PKP141	322	1	è	è	_	_	_	_	_	linguistic	_	ContainsVariation=No	_	_	_	_	_	_
322-2	PKP141	322	2	anche	anche	_	_	_	_	_	linguistic	_	ContainsVariation=No	_	_	_	_	_	_
322-3	PKP141	322	3	il	il	_	_	_	_	_	linguistic	_	ContainsVariation=No	_	_	_	_	_	_
322-4	PKP141	322	4	fatto	fatto	_	_	_	_	_	linguistic	_	ContainsVariation=No	_	_	_	_	_	_
322-5	PKP141	322	5	pesano	pesano	_	_	_	_	_	linguistic	_	ContainsVariation=No	_	_	_	_	_	_
322-6	PKP141	322	6	di	di	_	_	_	_	_	linguistic	_	ContainsVariation=No	_	_	_	_	_	_
322-7	PKP141	322	7	meno	meno	_	_	_	_	_	linguistic	_	ContainsVariation=No	_	_	_	_	_	_
322-8	PKP141	322	8	sono	sono	_	_	_	_	_	linguistic	_	ContainsVariation=No	_	End=618.418	_	_	_	_
323-0	PKP141	323	0	hanno	hanno	_	_	_	_	_	linguistic	_	ContainsVariation=No	_	Begin=618.588	_	_	_	_
323-1	PKP141	323	1	il	il	_	_	_	_	_	linguistic	_	ContainsVariation=No	_	_	_	_	_	_
323-2	PKP141	323	2	baricentro	baricentro	_	_	_	_	_	linguistic	_	ContainsVariation=No	_	_	_	_	_	_
323-3	PKP141	323	3	ba:sso	basso	_	_	_	_	_	linguistic	_	ContainsVariation=No	_	End=619.843	1x1	_	_	_
324-0	PKP141	324	0	rispetto	rispetto	_	_	_	_	_	linguistic	_	ContainsVariation=No	_	Begin=619.919	_	_	_	_
324-1	PKP141	324	1	magari	magari	_	_	_	_	_	linguistic	_	ContainsVariation=No	_	_	_	_	_	_
324-2	PKP141	324	2	a	a	_	_	_	_	_	linguistic	_	ContainsVariation=No	_	_	_	_	_	_
324-3	PKP141	324	3	me	me	_	_	_	_	_	linguistic	_	ContainsVariation=No	_	End=621.091	_	_	_	_
325-0	PKP136	325	0	# vabbè	vabbè	_	_	_	_	_	linguistic	_	ContainsVariation=Yes|Code=Underspecified	_	Begin=621.513	_	_	_	_
325-1	PKP136	325	1	mo	mo	_	_	_	_	_	linguistic	_	ContainsVariation=Yes|Code=Underspecified	_	_	_	_	_	_
325-2	PKP136	325	2	tu	tu	_	_	_	_	_	linguistic	_	ContainsVariation=Yes|Code=Underspecified	_	_	_	_	_	_
325-3	PKP136	325	3	inizi	inizi	_	_	_	_	_	linguistic	_	ContainsVariation=Yes|Code=Underspecified	_	_	_	_	_	_
325-4	PKP136	325	4	a	a	_	_	_	_	_	linguistic	_	ContainsVariation=Yes|Code=Underspecified	_	_	_	_	_	_
325-5	PKP136	325	5	parlare	parlare	_	_	_	_	_	linguistic	_	ContainsVariation=Yes|Code=Underspecified	_	_	_	_	_	_
325-6	PKP136	325	6	di	di	_	_	_	_	_	linguistic	_	ContainsVariation=Yes|Code=Underspecified	_	_	_	_	_	_
325-7	PKP136	325	7	fi:sica	fisica	_	_	_	_	_	linguistic	_	ContainsVariation=Yes|Code=Underspecified	_	_	1x1	_	_	_
325-8	PKP136	325	8	però	però	_	_	_	_	_	linguistic	_	ContainsVariation=Yes|Code=Underspecified	_	_	_	_	_	_
325-9	PKP136	325	9	io	io	_	_	_	_	_	linguistic	_	ContainsVariation=Yes|Code=Underspecified	_	_	_	_	_	_
325-10	PKP136	325	10	qua	qua	_	_	_	_	_	linguistic	_	ContainsVariation=Yes|Code=Underspecified	_	_	_	_	_	_
325-11	PKP136	325	11	non	non	_	_	_	_	_	linguistic	_	ContainsVariation=Yes|Code=Underspecified	_	_	_	_	_	_
325-12	PKP136	325	12	è	è	_	_	_	_	_	linguistic	_	ContainsVariation=Yes|Code=Underspecified	_	_	_	_	_	_
325-13	PKP136	325	13	che:	che	_	_	_	_	_	linguistic	_	ContainsVariation=Yes|Code=Underspecified	_	_	2x1	_	_	_
325-14	PKP136	325	14	>stavo	stavo	_	_	_	_	_	linguistic	_	ContainsVariation=Yes|Code=Underspecified	_	_	_	Fast=0-5(0)	_	_
325-15	PKP136	325	15	dicendo<	dicendo	_	_	_	_	_	linguistic	_	ContainsVariation=Yes|Code=Underspecified	_	_	_	Fast=0-7(0)	_	_
325-16	PKP136	325	16	NO	no	_	_	_	_	_	linguistic	_	ContainsVariation=Yes|Code=Underspecified	Volume=high	_	_	_	_	_
325-17	PKP136	325	17	SONO	sono	_	_	_	_	_	linguistic	_	ContainsVariation=Yes|Code=Underspecified	Volume=high	_	_	_	_	_
325-18	PKP136	325	18	RI:CCHI	ricchi	_	_	_	_	_	linguistic	_	ContainsVariation=Yes|Code=Underspecified	Volume=high	_	1x1	_	_	_
325-19	PKP136	325	19	E	e	_	_	_	_	_	linguistic	_	ContainsVariation=Yes|Code=Underspecified	Volume=high	_	_	_	_	_
325-20	PKP136	325	20	B[ASTA	basta	_	_	_	_	_	linguistic	_	ContainsVariation=Yes|Code=Underspecified	Volume=high	_	_	_	_	1-5(78)
325-21	PKP136	325	21	LA	la	_	_	_	_	_	linguistic	_	ContainsVariation=Yes|Code=Underspecified	Volume=high	_	_	_	_	0-2(78)
325-22	PKP136	325	22	BORGHESI]:A	borghesia	_	_	_	_	_	linguistic	_	ContainsVariation=Yes|Code=Underspecified	Volume=high	End=627.313	7x1	_	_	0-8(78)
326-0	PKP142	326	0	((ride))	((ride))	_	_	_	_	_	nonverbalbehavior	_	ContainsVariation=No	_	Begin=623.543|End=624.423	_	_	_	_
327-0	PKP141	327	0	[(in	in	_	_	_	_	_	linguistic	_	ContainsVariation=No	_	Begin=626.129	_	_	0-2(0)	0-2(78)
327-1	PKP141	327	1	gruppo)]	gruppo	_	_	_	_	_	linguistic	_	ContainsVariation=No	_	End=626.693	_	_	0-6(0)	0-6(78)
328-0	PKP141	328	0	in	in	_	_	_	_	_	linguistic	_	ContainsVariation=No	_	Begin=627.313	_	_	_	_
328-1	PKP141	328	1	gruppo	gruppo	_	_	_	_	_	linguistic	_	ContainsVariation=No	_	_	_	_	_	_
328-2	PKP141	328	2	era[no	erano	_	_	_	_	_	linguistic	_	ContainsVariation=No	_	_	_	_	_	3-5(79)
328-3	PKP141	328	3	tutti	tutti	_	_	_	_	_	linguistic	_	ContainsVariation=No	_	_	_	_	_	0-5(79)
328-4	PKP141	328	4	inge]gne:ri	ingegneri	_	_	_	_	_	linguistic	_	ContainsVariation=No	_	_	6x1	_	_	0-4(79)
328-5	PKP141	328	5	quindi	quindi	_	_	_	_	_	linguistic	_	ContainsVariation=No	_	End=629.414	_	_	_	_
329-0	PKP142	329	0	[>uh	uh	_	_	_	_	_	linguistic	_	ContainsVariation=No	_	Begin=628.046	_	Fast=0-2(0)	_	0-2(79)
329-1	PKP142	329	1	scusami<]	scusami	_	_	_	_	_	linguistic	_	ContainsVariation=No	_	End=628.693	_	Fast=0-7(0)	_	0-7(79)
330-0	PKP136	330	0	a::h	ah	_	_	_	_	_	linguistic	_	ContainsVariation=No	_	Begin=630.145	0x2	_	_	_
330-1	PKP136	330	1	ecco	ecco	_	_	_	_	_	linguistic	_	ContainsVariation=No	_	End=631.008	_	_	_	_
331-0	PKP141	331	0	(odio)	odio	_	_	_	_	_	linguistic	_	ContainsVariation=No	_	Begin=631.399|End=631.908	_	_	0-4(0)	_
332-0	PKP136	332	0	ma	ma	_	_	_	_	_	linguistic	_	ContainsVariation=No	_	Begin=632.009	_	_	_	_
332-1	PKP136	332	1	è:	è	_	_	_	_	_	linguistic	_	ContainsVariation=No	_	_	0x1	_	_	_
332-2	PKP136	332	2	dello	dello	_	_	_	_	_	linguistic	_	ContainsVariation=No	_	_	_	_	_	_
332-3	PKP136	332	3	student	student	_	_	_	_	_	linguistic	_	ContainsVariation=No	_	_	_	_	_	_
332-4	PKP136	332	4	hotel	hotel	_	_	_	_	_	linguistic	_	ContainsVariation=No	_	_	_	_	_	_
332-5	PKP136	332	5	o	o	_	_	_	_	_	linguistic	_	ContainsVariation=No	_	_	_	_	_	_
332-6	PKP136	332	6	dell'	dell'	_	_	_	_	_	linguistic	_	ContainsVariation=No	SpaceAfter=No	_	_	_	_	_
332-7	PKP136	332	7	univer[sità	università	_	_	_	_	_	linguistic	_	ContainsVariation=No	_	_	_	_	_	5-10(80)
332-8	PKP136	332	8	sta	sta	_	_	_	_	_	linguistic	_	ContainsVariation=No	_	_	_	_	_	0-3(80)
332-9	PKP136	332	9	ro:ba]?	roba	_	_	_	_	_	linguistic	_	ContainsVariation=No	Intonation=Rising	End=634.92	1x1	_	_	0-4(80)
333-0	PKP141	333	0	[m:h	mh	_	_	_	_	_	linguistic	_	ContainsVariation=No	_	Begin=633.878	0x1	_	_	_
333-1	PKP141	333	1	univer[sità]]	università	_	_	_	_	_	linguistic	_	ContainsVariation=No	_	End=635.282	_	_	_	_
334-0	PKP142	334	0	[°capi:t]o°	capito	_	_	_	_	_	linguistic	_	ContainsVariation=No	Volume=low	Begin=634.923|End=635.422	3x1	_	_	0-5(81)
335-0	PKP141	335	0	>quello	quello	_	_	_	_	_	linguistic	_	ContainsVariation=No	_	Begin=635.485	_	Fast=0-6(0)	_	_
335-1	PKP141	335	1	di<	di	_	_	_	_	_	linguistic	_	ContainsVariation=No	_	_	_	Fast=0-2(0)	_	_
335-2	PKP141	335	2	hai	hai	_	_	_	_	_	linguistic	_	ContainsVariation=No	_	_	_	_	_	_
335-3	PKP141	335	3	presente?	presente	_	_	_	_	_	linguistic	_	ContainsVariation=No	Intonation=Rising	End=636.584	_	_	_	_
336-0	PKP141	336	0	e::h	eh	_	_	_	_	_	linguistic	_	ContainsVariation=No	_	Begin=637.355	0x2	_	_	_
336-1	PKP141	336	1	student	student	_	_	_	_	_	linguistic	_	ContainsVariation=No	_	_	_	_	_	_
336-2	PKP141	336	2	o:ffice?	office	_	_	_	_	_	linguistic	_	ContainsVariation=No	Intonation=Rising	End=638.732	0x1	_	_	_
337-0	PKP136	337	0	sì:?	sì	_	_	_	_	_	linguistic	_	ContainsVariation=No	Intonation=Rising	Begin=638.993|End=639.346	1x1	_	_	_
338-0	PKP141	338	0	si	si	_	_	_	_	_	linguistic	_	ContainsVariation=No	_	Begin=639.359	_	_	_	_
338-1	PKP141	338	1	che	che	_	_	_	_	_	linguistic	_	ContainsVariation=No	_	_	_	_	_	_
338-2	PKP141	338	2	è	è	_	_	_	_	_	linguistic	_	ContainsVariation=No	_	_	_	_	_	_
338-3	PKP141	338	3	in	in	_	_	_	_	_	linguistic	_	ContainsVariation=No	_	_	_	_	_	_
338-4	PKP141	338	4	mezzo	mezzo	_	_	_	_	_	linguistic	_	ContainsVariation=No	_	_	_	_	_	_
338-5	PKP141	338	5	ai	ai	_	_	_	_	_	linguistic	_	ContainsVariation=No	_	_	_	_	_	_
338-6	PKP141	338	6	>cristiani<	cristiani	_	_	_	_	_	linguistic	_	ContainsVariation=No	_	_	_	Fast=0-9(0)	_	_
338-7	PKP141	338	7	quindi	quindi	_	_	_	_	_	linguistic	_	ContainsVariation=No	_	_	_	_	_	_
338-8	PKP141	338	8	mi	mi	_	_	_	_	_	linguistic	_	ContainsVariation=No	_	_	_	_	_	_
338-9	PKP141	338	9	fa	fa	_	_	_	_	_	linguistic	_	ContainsVariation=No	_	_	_	_	_	_
338-10	PKP141	338	10	schi:fo	schifo	_	_	_	_	_	linguistic	_	ContainsVariation=No	_	_	3x1	_	_	_
338-11	PKP141	338	11	come	come	_	_	_	_	_	linguistic	_	ContainsVariation=No	_	_	_	_	_	_
338-12	PKP141	338	12	co:sa	cosa	_	_	_	_	_	linguistic	_	ContainsVariation=No	_	_	1x1	_	_	_
338-13	PKP141	338	13	però	però	_	_	_	_	_	linguistic	_	ContainsVariation=No	PauseAfter=Yes	_	_	_	_	_
338-14	PKP141	338	14	(.)	(.)	_	_	_	_	_	shortpause	_	ContainsVariation=No	_	_	_	_	_	_
338-15	PKP141	338	15	non	non	_	_	_	_	_	linguistic	_	ContainsVariation=No	_	_	_	_	_	_
338-16	PKP141	338	16	ci	ci	_	_	_	_	_	linguistic	_	ContainsVariation=No	_	_	_	_	_	_
338-17	PKP141	338	17	facevano	facevano	_	_	_	_	_	linguistic	_	ContainsVariation=No	_	_	_	_	_	_
338-18	PKP141	338	18	pagare	pagare	_	_	_	_	_	linguistic	_	ContainsVariation=No	_	_	_	_	_	_
338-19	PKP141	338	19	un	un	_	_	_	_	_	linguistic	_	ContainsVariation=No	_	_	_	_	_	_
338-20	PKP141	338	20	cavolo,	cavolo	_	_	_	_	_	linguistic	_	ContainsVariation=No	Intonation=WeaklyRising	_	_	_	_	_
338-21	PKP141	338	21	lo	lo	_	_	_	_	_	linguistic	_	ContainsVariation=No	_	_	_	_	_	_
338-22	PKP141	338	22	ski	ski	_	_	_	_	_	linguistic	_	ContainsVariation=No	_	_	_	_	_	_
338-23	PKP141	338	23	pass	pass	_	_	_	_	_	linguistic	_	ContainsVariation=No	_	_	_	_	_	_
338-24	PKP141	338	24	e	e	_	_	_	_	_	linguistic	_	ContainsVariation=No	_	_	_	_	_	_
338-25	PKP141	338	25	tu:tto	tutto	_	_	_	_	_	linguistic	_	ContainsVariation=No	_	_	1x1	_	_	_
338-26	PKP141	338	26	quindi	quindi	_	_	_	_	_	linguistic	_	ContainsVariation=No	_	End=644.894	_	_	_	_
339-0	PKP136	339	0	da:[i::]	dai	_	_	_	_	_	linguistic	_	ContainsVariation=No	_	Begin=644.894|End=646.189	1x1,2x2	_	_	2-3(357)
340-0	PKP142	340	0	[la	la	_	_	_	_	_	linguistic	_	ContainsVariation=No	_	Begin=645.406	_	_	_	0-2(357)
340-1	PKP142	340	1	vita]	vita	_	_	_	_	_	linguistic	_	ContainsVariation=No	_	End=646.206	_	_	_	0-4(357)
341-0	PKP141	341	0	[la	la	_	_	_	_	_	linguistic	_	ContainsVariation=No	_	Begin=645.406	_	_	_	0-2(357)
341-1	PKP141	341	1	vita]	vita	_	_	_	_	_	linguistic	_	ContainsVariation=No	_	End=646.206	_	_	_	0-4(357)
342-0	PKP136	342	0	ma	ma	_	_	_	_	_	linguistic	_	ContainsVariation=No	_	Begin=647.401	_	_	_	_
342-1	PKP136	342	1	[è::]	è	_	_	_	_	_	linguistic	_	ContainsVariation=No	_	End=648.399	0x2	_	_	0-1(82)
343-0	PKP142	343	0	[(comunque	comunque	_	_	_	_	_	linguistic	_	ContainsVariation=No	_	Begin=647.633	_	_	0-8(0)	0-8(82)
343-1	PKP142	343	1	è	è	_	_	_	_	_	linguistic	_	ContainsVariation=No	_	_	_	_	0-1(0)	0-1(82)
343-2	PKP142	343	2	strano)]	strano	_	_	_	_	_	linguistic	_	ContainsVariation=No	_	End=648.397	_	_	0-6(0)	0-6(82)
344-0	PKP136	344	0	come	come	_	_	_	_	_	linguistic	_	ContainsVariation=No	_	Begin=648.503	_	_	_	_
344-1	PKP136	344	1	l'	l'	_	_	_	_	_	linguistic	_	ContainsVariation=No	SpaceAfter=No	_	_	_	_	_
344-2	PKP136	344	2	hai	hai	_	_	_	_	_	linguistic	_	ContainsVariation=No	_	_	_	_	_	_
344-3	PKP136	344	3	trovata	trovata	_	_	_	_	_	linguistic	_	ContainsVariation=No	_	_	_	_	_	_
344-4	PKP136	344	4	sta	sta	_	_	_	_	_	linguistic	_	ContainsVariation=No	_	_	_	_	_	_
344-5	PKP136	344	5	roba	roba	_	_	_	_	_	linguistic	_	ContainsVariation=No	_	_	_	_	_	_
344-6	PKP136	344	6	c(io)è	cioè	_	_	_	_	_	linguistic	_	ContainsVariation=No	Reduced=Yes	_	_	_	_	_
344-7	PKP136	344	7	è	è	_	_	_	_	_	linguistic	_	ContainsVariation=No	_	_	_	_	_	_
344-8	PKP136	344	8	arrivata	arrivata	_	_	_	_	_	linguistic	_	ContainsVariation=No	_	_	_	_	_	_
344-9	PKP136	344	9	una	una	_	_	_	_	_	linguistic	_	ContainsVariation=No	_	_	_	_	_	_
344-10	PKP136	344	10	ma:il	mail	_	_	_	_	_	linguistic	_	ContainsVariation=No	_	_	1x1	_	_	_
344-11	PKP136	344	11	una	una	_	_	_	_	_	linguistic	_	ContainsVariation=No	_	_	_	_	_	_
344-12	PKP136	344	12	r[o:b~]	rob~	_	_	_	_	_	linguistic	_	ContainsVariation=No	Interrupted=Yes	End=651.076	1x1	_	_	0-4(83)
345-0	PKP141	345	0	[al]lora	allora	_	_	_	_	_	linguistic	_	ContainsVariation=No	_	Begin=650.836	_	_	_	0-2(83)
345-1	PKP141	345	1	tecnicamente	tecnicamente	_	_	_	_	_	linguistic	_	ContainsVariation=No	_	_	_	_	_	_
345-2	PKP141	345	2	le	le	_	_	_	_	_	linguistic	_	ContainsVariation=No	_	_	_	_	_	_
345-3	PKP141	345	3	i	i	_	_	_	_	_	linguistic	_	ContainsVariation=No	_	_	_	_	_	_
345-4	PKP141	345	4	gruppi	gruppi	_	_	_	_	_	linguistic	_	ContainsVariation=No	_	_	_	_	_	_
345-5	PKP141	345	5	p~	p~	_	_	_	_	_	linguistic	_	ContainsVariation=No	Interrupted=Yes	_	_	_	_	_
345-6	PKP141	345	6	persone	persone	_	_	_	_	_	linguistic	_	ContainsVariation=No	_	_	_	_	_	_
345-7	PKP141	345	7	normali	normali	_	_	_	_	_	linguistic	_	ContainsVariation=No	_	_	_	_	_	_
345-8	PKP141	345	8	dell'	dell'	_	_	_	_	_	linguistic	_	ContainsVariation=No	SpaceAfter=No	_	_	_	_	_
345-9	PKP141	345	9	università	università	_	_	_	_	_	linguistic	_	ContainsVariation=No	_	_	_	_	_	_
345-10	PKP141	345	10	l'	l'	_	_	_	_	_	linguistic	_	ContainsVariation=No	SpaceAfter=No	_	_	_	_	_
345-11	PKP141	345	11	hanno	hanno	_	_	_	_	_	linguistic	_	ContainsVariation=No	_	_	_	_	_	_
345-12	PKP141	345	12	invia:ta	inviata	_	_	_	_	_	linguistic	_	ContainsVariation=No	_	End=654.788	4x1	_	_	_
346-0	PKP136	346	0	m::h	mh	_	_	_	_	_	linguistic	_	ContainsVariation=No	_	Begin=655.109|End=655.469	0x2	_	_	_
347-0	PKP141	347	0	tipo	tipo	_	_	_	_	_	linguistic	_	ContainsVariation=No	_	Begin=655.469	_	_	_	_
347-1	PKP141	347	1	deli	deli	_	_	_	_	_	linguistic	_	ContainsVariation=No	_	_	_	_	_	_
347-2	PKP141	347	2	rappresenta:nti	rappresentanti	_	_	_	_	_	linguistic	_	ContainsVariation=No	_	_	10x1	_	_	_
347-3	PKP141	347	3	eccetera	eccetera	_	_	_	_	_	linguistic	_	ContainsVariation=No	_	End=657.226	_	_	_	_
348-0	PKP141	348	0	però	però	_	_	_	_	_	linguistic	_	ContainsVariation=No	_	Begin=657.674	_	_	_	_
348-1	PKP141	348	1	a	a	_	_	_	_	_	linguistic	_	ContainsVariation=No	_	_	_	_	_	_
348-2	PKP141	348	2	me	me	_	_	_	_	_	linguistic	_	ContainsVariation=No	_	_	_	_	_	_
348-3	PKP141	348	3	l'	l'	_	_	_	_	_	linguistic	_	ContainsVariation=No	SpaceAfter=No	_	_	_	_	_
348-4	PKP141	348	4	hanno	hanno	_	_	_	_	_	linguistic	_	ContainsVariation=No	_	_	_	_	_	_
348-5	PKP141	348	5	detto	detto	_	_	_	_	_	linguistic	_	ContainsVariation=No	_	_	_	_	_	_
348-6	PKP141	348	6	dei	dei	_	_	_	_	_	linguistic	_	ContainsVariation=No	_	_	_	_	_	_
348-7	PKP141	348	7	miei	miei	_	_	_	_	_	linguistic	_	ContainsVariation=No	_	_	_	_	_	_
348-8	PKP141	348	8	ami:ci	amici	_	_	_	_	_	linguistic	_	ContainsVariation=No	_	End=659.197	2x1	_	_	_
349-0	PKP141	349	0	e::	e	_	_	_	_	_	linguistic	_	ContainsVariation=No	_	Begin=660.918	0x2	_	_	_
349-1	PKP141	349	1	io	io	_	_	_	_	_	linguistic	_	ContainsVariation=No	_	_	_	_	_	_
349-2	PKP141	349	2	all'	all'	_	_	_	_	_	linguistic	_	ContainsVariation=No	SpaceAfter=No	_	_	_	_	_
349-3	PKP141	349	3	inizio	inizio	_	_	_	_	_	linguistic	_	ContainsVariation=No	_	_	_	_	_	_
349-4	PKP141	349	4	non	non	_	_	_	_	_	linguistic	_	ContainsVariation=No	_	_	_	_	_	_
349-5	PKP141	349	5	ci	ci	_	_	_	_	_	linguistic	_	ContainsVariation=No	_	_	_	_	_	_
349-6	PKP141	349	6	volevo	volevo	_	_	_	_	_	linguistic	_	ContainsVariation=No	_	_	_	_	_	_
349-7	PKP141	349	7	andare	andare	_	_	_	_	_	linguistic	_	ContainsVariation=No	_	_	_	_	_	_
349-8	PKP141	349	8	ho	ho	_	_	_	_	_	linguistic	_	ContainsVariation=No	_	_	_	_	_	_
349-9	PKP141	349	9	detto	detto	_	_	_	_	_	linguistic	_	ContainsVariation=No	_	_	_	_	_	_
349-10	PKP141	349	10	non	non	_	_	_	_	_	linguistic	_	ContainsVariation=No	_	_	_	_	_	_
349-11	PKP141	349	11	ci	ci	_	_	_	_	_	linguistic	_	ContainsVariation=No	_	_	_	_	_	_
349-12	PKP141	349	12	sono	sono	_	_	_	_	_	linguistic	_	ContainsVariation=No	_	_	_	_	_	_
349-13	PKP141	349	13	mai	mai	_	_	_	_	_	linguistic	_	ContainsVariation=No	_	_	_	_	_	_
349-14	PKP141	349	14	anda:ta,	andata	_	_	_	_	_	linguistic	_	ContainsVariation=No	Intonation=WeaklyRising	_	3x1	_	_	_
349-15	PKP141	349	15	non	non	_	_	_	_	_	linguistic	_	ContainsVariation=No	_	_	_	_	_	_
349-16	PKP141	349	16	mi	mi	_	_	_	_	_	linguistic	_	ContainsVariation=No	_	_	_	_	_	_
349-17	PKP141	349	17	intere:ssa	interessa	_	_	_	_	_	linguistic	_	ContainsVariation=No	_	_	5x1	_	_	_
349-18	PKP141	349	18	[poi]	poi	_	_	_	_	_	linguistic	_	ContainsVariation=No	_	End=664.758	_	_	_	0-3(84)
350-0	PKP136	350	0	[e:h]	eh	_	_	_	_	_	linguistic	_	ContainsVariation=No	_	Begin=664.487	0x1	_	_	0-2(84)
350-1	PKP136	350	1	sì	sì	_	_	_	_	_	linguistic	_	ContainsVariation=No	_	End=665.032	_	_	_	_
351-0	PKP141	351	0	vie:ni	vieni	_	_	_	_	_	linguistic	_	ContainsVariation=No	_	Begin=665.341	2x1	_	_	_
351-1	PKP141	351	1	vie:ni	vieni	_	_	_	_	_	linguistic	_	ContainsVariation=No	_	End=666.2	2x1	_	_	_
352-0	PKP141	352	0	all'	all'	_	_	_	_	_	linguistic	_	ContainsVariation=No	SpaceAfter=No	Begin=666.6	_	_	_	_
352-1	PKP141	352	1	u:ltimo	ultimo	_	_	_	_	_	linguistic	_	ContainsVariation=No	_	_	0x1	_	_	_
352-2	PKP141	352	2	ci	ci	_	_	_	_	_	linguistic	_	ContainsVariation=No	_	_	_	_	_	_
352-3	PKP141	352	3	sono	sono	_	_	_	_	_	linguistic	_	ContainsVariation=No	_	_	_	_	_	_
352-4	PKP141	352	4	andata	andata	_	_	_	_	_	linguistic	_	ContainsVariation=No	_	_	_	_	_	_
352-5	PKP141	352	5	infatti	infatti	_	_	_	_	_	linguistic	_	ContainsVariation=No	_	End=668.312	_	_	_	_
353-0	PKP141	353	0	n::	n	_	_	_	_	_	linguistic	_	ContainsVariation=No	_	Begin=669.658	0x2	_	_	_
353-1	PKP141	353	1	c'	c'	_	_	_	_	_	linguistic	_	ContainsVariation=No	SpaceAfter=No	_	_	_	_	_
353-2	PKP141	353	2	eravamo	eravamo	_	_	_	_	_	linguistic	_	ContainsVariation=No	_	_	_	_	_	_
353-3	PKP141	353	3	iscritti	iscritti	_	_	_	_	_	linguistic	_	ContainsVariation=No	_	_	_	_	_	_
353-4	PKP141	353	4	troppo	troppo	_	_	_	_	_	linguistic	_	ContainsVariation=No	_	_	_	_	_	_
353-5	PKP141	353	5	ta:rdi	tardi	_	_	_	_	_	linguistic	_	ContainsVariation=No	_	_	1x1	_	_	_
353-6	PKP141	353	6	non	non	_	_	_	_	_	linguistic	_	ContainsVariation=No	_	_	_	_	_	_
353-7	PKP141	353	7	saremmo	saremmo	_	_	_	_	_	linguistic	_	ContainsVariation=No	_	_	_	_	_	_
353-8	PKP141	353	8	più	più	_	_	_	_	_	linguistic	_	ContainsVariation=No	_	_	_	_	_	_
353-9	PKP141	353	9	dovuti	dovuti	_	_	_	_	_	linguistic	_	ContainsVariation=No	_	_	_	_	_	_
353-10	PKP141	353	10	andare,	andare	_	_	_	_	_	linguistic	_	ContainsVariation=No	Intonation=WeaklyRising	_	_	_	_	_
353-11	PKP141	353	11	ma::	ma	_	_	_	_	_	linguistic	_	ContainsVariation=No	_	_	1x2	_	_	_
353-12	PKP141	353	12	quattro	quattro	_	_	_	_	_	linguistic	_	ContainsVariation=No	_	_	_	_	_	_
353-13	PKP141	353	13	giorni	giorni	_	_	_	_	_	linguistic	_	ContainsVariation=No	_	End=674.598	_	_	_	_
354-0	PKP136	354	0	((ride))	((ride))	_	_	_	_	_	nonverbalbehavior	_	ContainsVariation=No	_	Begin=672.866|End=673.312	_	_	_	_
355-0	PKP141	355	0	pri:ma	prima	_	_	_	_	_	linguistic	_	ContainsVariation=No	_	Begin=674.862	2x1	_	_	_
355-1	PKP141	355	1	tipo	tipo	_	_	_	_	_	linguistic	_	ContainsVariation=No	PauseAfter=Yes	_	_	_	_	_
355-2	PKP141	355	2	(.)	(.)	_	_	_	_	_	shortpause	_	ContainsVariation=No	_	_	_	_	_	_
355-3	PKP141	355	3	mi	mi	_	_	_	_	_	linguistic	_	ContainsVariation=No	_	_	_	_	_	_
355-4	PKP141	355	4	scrive	scrive	_	_	_	_	_	linguistic	_	ContainsVariation=No	_	_	_	_	_	_
355-5	PKP141	355	5	un	un	_	_	_	_	_	linguistic	_	ContainsVariation=No	_	_	_	_	_	_
355-6	PKP141	355	6	rega:zzo	regazzo	_	_	_	_	_	linguistic	_	ContainsVariation=No	_	_	3x1	_	_	_
355-7	PKP141	355	7	su	su	_	_	_	_	_	linguistic	_	ContainsVariation=No	_	_	_	_	_	_
355-8	PKP141	355	8	whatsapp,	whatsapp	_	_	_	_	_	linguistic	_	ContainsVariation=No	Intonation=WeaklyRising	_	_	_	_	_
355-9	PKP141	355	9	tutte	tutte	_	_	_	_	_	linguistic	_	ContainsVariation=No	_	_	_	_	_	_
355-10	PKP141	355	10	comunicazioni:	comunicazioni	_	_	_	_	_	linguistic	_	ContainsVariation=No	_	End=679.067	12x1	_	_	_
356-0	PKP141	356	0	per	per	_	_	_	_	_	linguistic	_	ContainsVariation=No	_	Begin=679.416	_	_	_	_
356-1	PKP141	356	1	chi	chi	_	_	_	_	_	linguistic	_	ContainsVariation=No	_	End=679.924	_	_	_	_
357-0	PKP141	357	0	era	era	_	_	_	_	_	linguistic	_	ContainsVariation=No	_	Begin=680.275	_	_	_	_
357-1	PKP141	357	1	entrato	entrato	_	_	_	_	_	linguistic	_	ContainsVariation=No	_	_	_	_	_	_
357-2	PKP141	357	2	in	in	_	_	_	_	_	linguistic	_	ContainsVariation=No	_	_	_	_	_	_
357-3	PKP141	357	3	lista	lista	_	_	_	_	_	linguistic	_	ContainsVariation=No	_	_	_	_	_	_
357-4	PKP141	357	4	erano	erano	_	_	_	_	_	linguistic	_	ContainsVariation=No	_	_	_	_	_	_
357-5	PKP141	357	5	tramite	tramite	_	_	_	_	_	linguistic	_	ContainsVariation=No	_	_	_	_	_	_
357-6	PKP141	357	6	mail	mail	_	_	_	_	_	linguistic	_	ContainsVariation=No	_	End=681.776	_	_	_	_
358-0	PKP136	358	0	[>mhmh<]	mhmh	_	_	_	_	_	linguistic	_	ContainsVariation=No	_	Begin=681.875|End=682.238	_	Fast=0-4(0)	_	0-4(86)
359-0	PKP141	359	0	[dice]	dice	_	_	_	_	_	linguistic	_	ContainsVariation=No	_	Begin=681.875|End=682.238	_	_	_	0-4(86)
360-0	PKP141	360	0	cia:o	ciao	_	_	_	_	_	linguistic	_	ContainsVariation=No	_	Begin=682.625	2x1	_	_	_
360-1	PKP141	360	1	guarda	guarda	_	_	_	_	_	linguistic	_	ContainsVariation=No	_	_	_	_	_	_
360-2	PKP141	360	2	si	si	_	_	_	_	_	linguistic	_	ContainsVariation=No	_	_	_	_	_	_
360-3	PKP141	360	3	è	è	_	_	_	_	_	linguistic	_	ContainsVariation=No	_	_	_	_	_	_
360-4	PKP141	360	4	liberato	liberato	_	_	_	_	_	linguistic	_	ContainsVariation=No	_	_	_	_	_	_
360-5	PKP141	360	5	qualche	qualche	_	_	_	_	_	linguistic	_	ContainsVariation=No	_	_	_	_	_	_
360-6	PKP141	360	6	posto	posto	_	_	_	_	_	linguistic	_	ContainsVariation=No	_	_	_	_	_	_
360-7	PKP141	360	7	per	per	_	_	_	_	_	linguistic	_	ContainsVariation=No	_	_	_	_	_	_
360-8	PKP141	360	8	quelli	quelli	_	_	_	_	_	linguistic	_	ContainsVariation=No	_	_	_	_	_	_
360-9	PKP141	360	9	che	che	_	_	_	_	_	linguistic	_	ContainsVariation=No	_	_	_	_	_	_
360-10	PKP141	360	10	non	non	_	_	_	_	_	linguistic	_	ContainsVariation=No	_	_	_	_	_	_
360-11	PKP141	360	11	hanno	hanno	_	_	_	_	_	linguistic	_	ContainsVariation=No	_	_	_	_	_	_
360-12	PKP141	360	12	ancora	ancora	_	_	_	_	_	linguistic	_	ContainsVariation=No	_	_	_	_	_	_
360-13	PKP141	360	13	pagato	pagato	_	_	_	_	_	linguistic	_	ContainsVariation=No	_	_	_	_	_	_
360-14	PKP141	360	14	e	e	_	_	_	_	_	linguistic	_	ContainsVariation=No	_	_	_	_	_	_
360-15	PKP141	360	15	quindi::	quindi	_	_	_	_	_	linguistic	_	ContainsVariation=No	_	End=686.236	5x2	_	_	_
361-0	PKP141	361	0	ed	ed	_	_	_	_	_	linguistic	_	ContainsVariation=No	_	Begin=686.905	_	_	_	_
361-1	PKP141	361	1	era	era	_	_	_	_	_	linguistic	_	ContainsVariation=No	_	_	_	_	_	_
361-2	PKP141	361	2	tipo	tipo	_	_	_	_	_	linguistic	_	ContainsVariation=No	_	_	_	_	_	_
361-3	PKP141	361	3	a	a	_	_	_	_	_	linguistic	_	ContainsVariation=No	_	_	_	_	_	_
361-4	PKP141	361	4	scaglio:ni	scaglioni	_	_	_	_	_	linguistic	_	ContainsVariation=No	_	End=688.232	6x1	_	_	_
362-0	PKP141	362	0	quindi	quindi	_	_	_	_	_	linguistic	_	ContainsVariation=No	_	Begin=689.012	_	_	_	_
362-1	PKP141	362	1	se	se	_	_	_	_	_	linguistic	_	ContainsVariation=No	_	_	_	_	_	_
362-2	PKP141	362	2	vuoi:	vuoi	_	_	_	_	_	linguistic	_	ContainsVariation=No	_	_	3x1	_	_	_
362-3	PKP141	362	3	c'	c'	_	_	_	_	_	linguistic	_	ContainsVariation=No	SpaceAfter=No	_	_	_	_	_
362-4	PKP141	362	4	è	è	_	_	_	_	_	linguistic	_	ContainsVariation=No	_	_	_	_	_	_
362-5	PKP141	362	5	un	un	_	_	_	_	_	linguistic	_	ContainsVariation=No	_	_	_	_	_	_
362-6	PKP141	362	6	posto	posto	_	_	_	_	_	linguistic	_	ContainsVariation=No	_	_	_	_	_	_
362-7	PKP141	362	7	li:bero	libero	_	_	_	_	_	linguistic	_	ContainsVariation=No	_	_	1x1	_	_	_
362-8	PKP141	362	8	>e	e	_	_	_	_	_	linguistic	_	ContainsVariation=No	_	_	_	Fast=0-1(0)	_	_
362-9	PKP141	362	9	io	io	_	_	_	_	_	linguistic	_	ContainsVariation=No	_	_	_	Fast=0-2(0)	_	_
362-10	PKP141	362	10	gli	gli	_	_	_	_	_	linguistic	_	ContainsVariation=No	_	_	_	Fast=0-3(0)	_	_
362-11	PKP141	362	11	faccio<	faccio	_	_	_	_	_	linguistic	_	ContainsVariation=No	_	End=691.047	_	Fast=0-6(0)	_	_
363-0	PKP141	363	0	ciao	ciao	_	_	_	_	_	linguistic	_	ContainsVariation=No	_	Begin=691.285	_	_	_	_
363-1	PKP141	363	1	in	in	_	_	_	_	_	linguistic	_	ContainsVariation=No	_	_	_	_	_	_
363-2	PKP141	363	2	ter~	ter~	_	_	_	_	_	linguistic	_	ContainsVariation=No	Interrupted=Yes	_	_	_	_	_
363-3	PKP141	363	3	cioè	cioè	_	_	_	_	_	linguistic	_	ContainsVariation=No	_	_	_	_	_	_
363-4	PKP141	363	4	gua:rda	guarda	_	_	_	_	_	linguistic	_	ContainsVariation=No	_	_	2x1	_	_	_
363-5	PKP141	363	5	mi:	mi	_	_	_	_	_	linguistic	_	ContainsVariation=No	_	_	1x1	_	_	_
363-6	PKP141	363	6	mi	mi	_	_	_	_	_	linguistic	_	ContainsVariation=No	_	_	_	_	_	_
363-7	PKP141	363	7	farebbe	farebbe	_	_	_	_	_	linguistic	_	ContainsVariation=No	_	_	_	_	_	_
363-8	PKP141	363	8	molto	molto	_	_	_	_	_	linguistic	_	ContainsVariation=No	_	_	_	_	_	_
363-9	PKP141	363	9	piace:re,	piacere	_	_	_	_	_	linguistic	_	ContainsVariation=No	Intonation=WeaklyRising	_	4x1	_	_	_
363-10	PKP141	363	10	però	però	_	_	_	_	_	linguistic	_	ContainsVariation=No	_	_	_	_	_	_
363-11	PKP141	363	11	mi	mi	_	_	_	_	_	linguistic	_	ContainsVariation=No	_	_	_	_	_	_
363-12	PKP141	363	12	ero	ero	_	_	_	_	_	linguistic	_	ContainsVariation=No	_	_	_	_	_	_
363-13	PKP141	363	13	organizzata	organizzata	_	_	_	_	_	linguistic	_	ContainsVariation=No	_	_	_	_	_	_
363-14	PKP141	363	14	già	già	_	_	_	_	_	linguistic	_	ContainsVariation=No	_	_	_	_	_	_
363-15	PKP141	363	15	con	con	_	_	_	_	_	linguistic	_	ContainsVariation=No	_	_	_	_	_	_
363-16	PKP141	363	16	degli	degli	_	_	_	_	_	linguistic	_	ContainsVariation=No	_	_	_	_	_	_
363-17	PKP141	363	17	altri	altri	_	_	_	_	_	linguistic	_	ContainsVariation=No	_	_	_	_	_	_
363-18	PKP141	363	18	miei	miei	_	_	_	_	_	linguistic	_	ContainsVariation=No	_	_	_	_	_	_
363-19	PKP141	363	19	ami:ci	amici	_	_	_	_	_	linguistic	_	ContainsVariation=No	_	End=696.524	2x1	_	_	_
364-0	PKP141	364	0	loro:	loro	_	_	_	_	_	linguistic	_	ContainsVariation=No	_	Begin=696.63	3x1	_	_	_
364-1	PKP141	364	1	nea:nche	neanche	_	_	_	_	_	linguistic	_	ContainsVariation=No	_	_	2x1	_	_	_
364-2	PKP141	364	2	sono	sono	_	_	_	_	_	linguistic	_	ContainsVariation=No	_	_	_	_	_	_
364-3	PKP141	364	3	rientrati:	rientrati	_	_	_	_	_	linguistic	_	ContainsVariation=No	_	End=698.465	8x1	_	_	_
365-0	PKP141	365	0	m::h	mh	_	_	_	_	_	linguistic	_	ContainsVariation=No	_	Begin=698.779	0x2	_	_	_
365-1	PKP141	365	1	diciamo	diciamo	_	_	_	_	_	linguistic	_	ContainsVariation=No	_	_	_	_	_	_
365-2	PKP141	365	2	nel	nel	_	_	_	_	_	linguistic	_	ContainsVariation=No	_	_	_	_	_	_
365-3	PKP141	365	3	mh	mh	_	_	_	_	_	linguistic	_	ContainsVariation=No	_	_	_	_	_	_
365-4	PKP141	365	4	la	la	_	_	_	_	_	linguistic	_	ContainsVariation=No	_	_	_	_	_	_
365-5	PKP141	365	5	graduato:ria	graduatoria	_	_	_	_	_	linguistic	_	ContainsVariation=No	_	_	7x1	_	_	_
365-6	PKP141	365	6	p[er	per	_	_	_	_	_	linguistic	_	ContainsVariation=No	_	_	_	_	_	1-3(87)
365-7	PKP141	365	7	modo	modo	_	_	_	_	_	linguistic	_	ContainsVariation=No	_	_	_	_	_	0-4(87)
365-8	PKP141	365	8	di	di	_	_	_	_	_	linguistic	_	ContainsVariation=No	_	_	_	_	_	0-2(87)
365-9	PKP141	365	9	di]:re	dire	_	_	_	_	_	linguistic	_	ContainsVariation=No	_	End=701.677	1x1	_	_	0-2(87)
366-0	PKP136	366	0	[sì:]	sì	_	_	_	_	_	linguistic	_	ContainsVariation=No	_	Begin=700.706|End=701.258	1x1	_	_	0-2(87)
367-0	PKP141	367	0	quindi:	quindi	_	_	_	_	_	linguistic	_	ContainsVariation=No	_	Begin=701.984|End=702.593	5x1	_	_	_
368-0	PKP141	368	0	se	se	_	_	_	_	_	linguistic	_	ContainsVariation=No	_	Begin=703.355	_	_	_	_
368-1	PKP141	368	1	loro	loro	_	_	_	_	_	linguistic	_	ContainsVariation=No	_	_	_	_	_	_
368-2	PKP141	368	2	non	non	_	_	_	_	_	linguistic	_	ContainsVariation=No	_	_	_	_	_	_
368-3	PKP141	368	3	possono	possono	_	_	_	_	_	linguistic	_	ContainsVariation=No	_	_	_	_	_	_
368-4	PKP141	368	4	veni:re	venire	_	_	_	_	_	linguistic	_	ContainsVariation=No	_	_	3x1	_	_	_
368-5	PKP141	368	5	neanch'	neanch'	_	_	_	_	_	linguistic	_	ContainsVariation=No	SpaceAfter=No	_	_	_	_	_
368-6	PKP141	368	6	io	io	_	_	_	_	_	linguistic	_	ContainsVariation=No	_	_	_	_	_	_
368-7	PKP141	368	7	[ve:ngo]	vengo	_	_	_	_	_	linguistic	_	ContainsVariation=No	_	End=705.835	1x1	_	_	0-5(88)
369-0	PKP136	369	0	[>vabbè<	vabbè	_	_	_	_	_	linguistic	_	ContainsVariation=No	_	Begin=705.116	_	Fast=0-5(0)	_	0-5(88)
369-1	PKP136	369	1	ce:rto]	certo	_	_	_	_	_	linguistic	_	ContainsVariation=No	_	End=705.875	1x1	_	_	0-5(88)
370-0	PKP141	370	0	(di	di	_	_	_	_	_	linguistic	_	ContainsVariation=No	_	Begin=706.012	_	_	0-2(0)	_
370-1	PKP141	370	1	so~)	so~	_	_	_	_	_	linguistic	_	ContainsVariation=No	Interrupted=Yes	_	_	_	0-3(0)	_
370-2	PKP141	370	2	glil'	glil'	_	_	_	_	_	linguistic	_	ContainsVariation=No	SpaceAfter=No	_	_	_	_	_
370-3	PKP141	370	3	ho	ho	_	_	_	_	_	linguistic	_	ContainsVariation=No	_	_	_	_	_	_
370-4	PKP141	370	4	buttata	buttata	_	_	_	_	_	linguistic	_	ContainsVariation=No	_	_	_	_	_	_
370-5	PKP141	370	5	un	un	_	_	_	_	_	linguistic	_	ContainsVariation=No	_	_	_	_	_	_
370-6	PKP141	370	6	po'	po'	_	_	_	_	_	linguistic	_	ContainsVariation=No	_	_	_	_	_	_
370-7	PKP141	370	7	lì:	lì	_	_	_	_	_	linguistic	_	ContainsVariation=No	_	_	1x1	_	_	_
370-8	PKP141	370	8	per	per	_	_	_	_	_	linguistic	_	ContainsVariation=No	_	_	_	_	_	_
370-9	PKP141	370	9	vedere	vedere	_	_	_	_	_	linguistic	_	ContainsVariation=No	_	_	_	_	_	_
370-10	PKP141	370	10	cosa	cosa	_	_	_	_	_	linguistic	_	ContainsVariation=No	_	_	_	_	_	_
370-11	PKP141	370	11	mi	mi	_	_	_	_	_	linguistic	_	ContainsVariation=No	_	_	_	_	_	_
370-12	PKP141	370	12	dice:sse	dicesse	_	_	_	_	_	linguistic	_	ContainsVariation=No	_	End=709.027	3x1	_	_	_
371-0	PKP142	371	0	((ride))	((ride))	_	_	_	_	_	nonverbalbehavior	_	ContainsVariation=No	_	Begin=707.585|End=708.345	_	_	_	_
372-0	PKP136	372	0	((ride))	((ride))	_	_	_	_	_	nonverbalbehavior	_	ContainsVariation=No	_	Begin=707.966|End=708.517	_	_	_	_
373-0	PKP141	373	0	mi	mi	_	_	_	_	_	linguistic	_	ContainsVariation=No	_	Begin=709.346	_	_	_	_
373-1	PKP141	373	1	fa,	fa	_	_	_	_	_	linguistic	_	ContainsVariation=No	Intonation=WeaklyRising	_	_	_	_	_
373-2	PKP141	373	2	quanti	quanti	_	_	_	_	_	linguistic	_	ContainsVariation=No	_	_	_	_	_	_
373-3	PKP141	373	3	siete?	siete	_	_	_	_	_	linguistic	_	ContainsVariation=No	Intonation=Rising	End=710.533	_	_	_	_
374-0	PKP141	374	0	(guarda	guarda	_	_	_	_	_	linguistic	_	ContainsVariation=No	_	Begin=711.364	_	_	0-6(0)	_
374-1	PKP141	374	1	siamo	siamo	_	_	_	_	_	linguistic	_	ContainsVariation=No	_	_	_	_	0-5(0)	_
374-2	PKP141	374	2	questi	questi	_	_	_	_	_	linguistic	_	ContainsVariation=No	_	_	_	_	0-6(0)	_
374-3	PKP141	374	3	questi)	questi	_	_	_	_	_	linguistic	_	ContainsVariation=No	_	End=712.373	_	_	0-6(0)	_
375-0	PKP141	375	0	dai	dai	_	_	_	_	_	linguistic	_	ContainsVariation=No	_	Begin=712.662	_	_	_	_
375-1	PKP141	375	1	okay	okay	_	_	_	_	_	linguistic	_	ContainsVariation=No	_	_	_	_	_	_
375-2	PKP141	375	2	c'	c'	_	_	_	_	_	linguistic	_	ContainsVariation=No	SpaceAfter=No	_	_	_	_	_
375-3	PKP141	375	3	è	è	_	_	_	_	_	linguistic	_	ContainsVariation=No	_	_	_	_	_	_
375-4	PKP141	375	4	po:sto,	posto	_	_	_	_	_	linguistic	_	ContainsVariation=No	Intonation=WeaklyRising	_	1x1	_	_	_
375-5	PKP141	375	5	dammi	dammi	_	_	_	_	_	linguistic	_	ContainsVariation=No	_	_	_	_	_	_
375-6	PKP141	375	6	i	i	_	_	_	_	_	linguistic	_	ContainsVariation=No	_	_	_	_	_	_
375-7	PKP141	375	7	nomi	nomi	_	_	_	_	_	linguistic	_	ContainsVariation=No	_	End=714.665	_	_	_	_
376-0	PKP142	376	0	t[o:[p]]	top	_	_	_	_	_	linguistic	_	ContainsVariation=No	_	Begin=714.776|End=715.327	1x1	_	_	_
377-0	PKP141	377	0	[ve[ni]:te	venite	_	_	_	_	_	linguistic	_	ContainsVariation=No	_	Begin=714.919	3x1	_	_	_
377-1	PKP141	377	1	>c(io)è	cioè	_	_	_	_	_	linguistic	_	ContainsVariation=No	Reduced=Yes	_	_	Fast=0-4(0)	_	_
377-2	PKP141	377	2	quindi<	quindi	_	_	_	_	_	linguistic	_	ContainsVariation=No	_	_	_	Fast=0-6(0)	_	_
377-3	PKP141	377	3	noi]	noi	_	_	_	_	_	linguistic	_	ContainsVariation=No	_	_	_	_	_	_
377-4	PKP141	377	4	tipo	tipo	_	_	_	_	_	linguistic	_	ContainsVariation=No	PauseAfter=Yes	_	_	_	_	_
377-5	PKP141	377	5	(.)	(.)	_	_	_	_	_	shortpause	_	ContainsVariation=No	_	_	_	_	_	_
377-6	PKP141	377	6	belli:ssimo	bellissimo	_	_	_	_	_	linguistic	_	ContainsVariation=No	_	End=717.837	4x1	_	_	_
378-0	PKP136	378	0	[[di]	di	_	_	_	_	_	linguistic	_	ContainsVariation=No	_	Begin=715.067	_	_	_	_
378-1	PKP136	378	1	lu:sso::]	lusso	_	_	_	_	_	linguistic	_	ContainsVariation=No	_	End=716.509	1x1,4x2	_	_	_
379-0	PKP141	379	0	[noi]	noi	_	_	_	_	_	linguistic	_	ContainsVariation=No	_	Begin=717.837	_	_	_	0-3(?)
379-1	PKP141	379	1	tipo	tipo	_	_	_	_	_	linguistic	_	ContainsVariation=No	PauseAfter=Yes	_	_	_	_	_
379-2	PKP141	379	2	(.)	(.)	_	_	_	_	_	shortpause	_	ContainsVariation=No	_	_	_	_	_	_
379-3	PKP141	379	3	belli:ssimo	bellissimo	_	_	_	_	_	linguistic	_	ContainsVariation=No	_	End=717.845	4x1	_	_	_
380-0	PKP136	380	0	>cioè	cioè	_	_	_	_	_	linguistic	_	ContainsVariation=No	_	Begin=718.635	_	Fast=0-4(0)	_	_
380-1	PKP136	380	1	comunque<	comunque	_	_	_	_	_	linguistic	_	ContainsVariation=No	_	_	_	Fast=0-8(0)	_	_
380-2	PKP136	380	2	<tu:tto>	tutto	_	_	_	_	_	linguistic	_	ContainsVariation=No	_	End=719.994	1x1	Slow=0-5(0)	_	_
381-0	PKP136	381	0	fatto	fatto	_	_	_	_	_	linguistic	_	ContainsVariation=No	_	Begin=720.288	_	_	_	_
381-1	PKP136	381	1	per	per	_	_	_	_	_	linguistic	_	ContainsVariation=No	_	_	_	_	_	_
381-2	PKP136	381	2	farti	farti	_	_	_	_	_	linguistic	_	ContainsVariation=No	_	_	_	_	_	_
381-3	PKP136	381	3	rimanere	rimanere	_	_	_	_	_	linguistic	_	ContainsVariation=No	_	_	_	_	_	_
381-4	PKP136	381	4	bloccata	bloccata	_	_	_	_	_	linguistic	_	ContainsVariation=No	_	_	_	_	_	_
381-5	PKP136	381	5	sul	sul	_	_	_	_	_	linguistic	_	ContainsVariation=No	_	_	_	_	_	_
381-6	PKP136	381	6	mo:nte	monte	_	_	_	_	_	linguistic	_	ContainsVariation=No	_	_	1x1	_	_	_
381-7	PKP136	381	7	alle	alle	_	_	_	_	_	linguistic	_	ContainsVariation=No	_	_	_	_	_	_
381-8	PKP136	381	8	ot[to	otto	_	_	_	_	_	linguistic	_	ContainsVariation=No	_	_	_	_	_	2-4(89)
381-9	PKP136	381	9	di	di	_	_	_	_	_	linguistic	_	ContainsVariation=No	_	_	_	_	_	0-2(89)
381-10	PKP136	381	10	se:ra	sera	_	_	_	_	_	linguistic	_	ContainsVariation=No	_	_	1x1	_	_	0-4(89)
381-11	PKP136	381	11	m:h	mh	_	_	_	_	_	linguistic	_	ContainsVariation=No	_	_	0x1	_	_	0-2(89)
381-12	PKP136	381	12	c(io)è:]	cioè	_	_	_	_	_	linguistic	_	ContainsVariation=No	Reduced=Yes	_	3x1	_	_	0-4(89)
381-13	PKP136	381	13	((ride))	((ride))	_	_	_	_	_	nonverbalbehavior	_	ContainsVariation=No	_	End=724.692	_	_	_	_
382-0	PKP142	382	0	[è	è	_	_	_	_	_	linguistic	_	ContainsVariation=No	_	Begin=723.007	_	_	_	0-1(89)
382-1	PKP142	382	1	stato	stato	_	_	_	_	_	linguistic	_	ContainsVariation=No	_	_	_	_	_	0-5(89)
382-2	PKP142	382	2	il	il	_	_	_	_	_	linguistic	_	ContainsVariation=No	_	_	_	_	_	0-2(89)
382-3	PKP142	382	3	desti:no]	destino	_	_	_	_	_	linguistic	_	ContainsVariation=No	_	End=724.452	4x1	_	_	0-7(89)
383-0	PKP136	383	0	c'	c'	_	_	_	_	_	linguistic	_	ContainsVariation=No	SpaceAfter=No	Begin=724.824	_	_	_	_
383-1	PKP136	383	1	avevi	avevi	_	_	_	_	_	linguistic	_	ContainsVariation=No	_	_	_	_	_	_
383-2	PKP136	383	2	avuto	avuto	_	_	_	_	_	linguistic	_	ContainsVariation=No	_	_	_	_	_	_
383-3	PKP136	383	3	tipo	tipo	_	_	_	_	_	linguistic	_	ContainsVariation=No	_	_	_	_	_	_
383-4	PKP136	383	4	ci:nque	cinque	_	_	_	_	_	linguistic	_	ContainsVariation=No	_	_	1x1	_	_	_
383-5	PKP136	383	5	possibilità	possibilità	_	_	_	_	_	linguistic	_	ContainsVariation=No	_	_	_	_	_	_
383-6	PKP136	383	6	di[verse	diverse	_	_	_	_	_	linguistic	_	ContainsVariation=No	_	_	_	_	_	1-7(90)
383-7	PKP136	383	7	di	di	_	_	_	_	_	linguistic	_	ContainsVariation=No	_	_	_	_	_	0-2(90)
383-8	PKP136	383	8	be]ccare:	beccare	_	_	_	_	_	linguistic	_	ContainsVariation=No	_	_	6x1	_	_	0-2(90)
383-9	PKP136	383	9	x	x	_	_	_	_	_	unknown	_	ContainsVariation=No	Syllables=1	_	_	_	_	_
383-10	PKP136	383	10	((ride))	((ride))	_	_	_	_	_	nonverbalbehavior	_	ContainsVariation=No	_	End=727.991	_	_	_	_
384-0	PKP142	384	0	[è	è	_	_	_	_	_	linguistic	_	ContainsVariation=No	_	Begin=726.417	_	_	_	0-1(90)
384-1	PKP142	384	1	vero]	vero	_	_	_	_	_	linguistic	_	ContainsVariation=No	_	End=727.126	_	_	_	0-4(90)
385-0	PKP141	385	0	sì	sì	_	_	_	_	_	linguistic	_	ContainsVariation=No	_	Begin=727.991	_	_	_	_
385-1	PKP141	385	1	infatti	infatti	_	_	_	_	_	linguistic	_	ContainsVariation=No	_	_	_	_	_	_
385-2	PKP141	385	2	c(io)è	cioè	_	_	_	_	_	linguistic	_	ContainsVariation=No	Reduced=Yes	End=728.974	_	_	_	_
386-0	PKP141	386	0	io	io	_	_	_	_	_	linguistic	_	ContainsVariation=No	_	Begin=730.193	_	_	_	_
386-1	PKP141	386	1	ne	ne	_	_	_	_	_	linguistic	_	ContainsVariation=No	_	_	_	_	_	_
386-2	PKP141	386	2	ho	ho	_	_	_	_	_	linguistic	_	ContainsVariation=No	_	_	_	_	_	_
386-3	PKP141	386	3	tirate	tirate	_	_	_	_	_	linguistic	_	ContainsVariation=No	_	_	_	_	_	_
386-4	PKP141	386	4	un	un	_	_	_	_	_	linguistic	_	ContainsVariation=No	_	_	_	_	_	_
386-5	PKP141	386	5	bo:tto	botto	_	_	_	_	_	linguistic	_	ContainsVariation=No	_	End=731.403	1x1	_	_	_
387-0	PKP136	387	0	((ride))	((ride))	_	_	_	_	_	nonverbalbehavior	_	ContainsVariation=No	_	Begin=731.701|End=732.57	_	_	_	_
388-0	PKP141	388	0	(c(io)è	cioè	_	_	_	_	_	linguistic	_	ContainsVariation=No	_	Begin=731.913	_	_	_	_
388-1	PKP141	388	1	il	il	_	_	_	_	_	linguistic	_	ContainsVariation=No	_	_	_	_	_	_
388-2	PKP141	388	2	bus)	bus	_	_	_	_	_	linguistic	_	ContainsVariation=No	_	End=732.539	_	_	_	_
389-0	PKP141	389	0	per	per	_	_	_	_	_	linguistic	_	ContainsVariation=No	_	Begin=732.841	_	_	_	_
389-1	PKP141	389	1	rifare	rifare	_	_	_	_	_	linguistic	_	ContainsVariation=No	_	_	_	_	_	_
389-2	PKP141	389	2	la	la	_	_	_	_	_	linguistic	_	ContainsVariation=No	_	_	_	_	_	_
389-3	PKP141	389	3	assicurazione	assicurazione	_	_	_	_	_	linguistic	_	ContainsVariation=No	_	_	_	_	_	_
389-4	PKP141	389	4	sulla	sulla	_	_	_	_	_	linguistic	_	ContainsVariation=No	_	_	_	_	_	_
389-5	PKP141	389	5	vi:ta	vita	_	_	_	_	_	linguistic	_	ContainsVariation=No	_	_	1x1	_	_	_
389-6	PKP141	389	6	e	e	_	_	_	_	_	linguistic	_	ContainsVariation=No	_	_	_	_	_	_
389-7	PKP141	389	7	tu:tto	tutto	_	_	_	_	_	linguistic	_	ContainsVariation=No	_	End=735.48	1x1	_	_	_
390-0	PKP142	390	0	((ride))	((ride))	_	_	_	_	_	nonverbalbehavior	_	ContainsVariation=No	_	Begin=735.312|End=735.668	_	_	_	_
391-0	PKP142	391	0	((ride))	((ride))	_	_	_	_	_	nonverbalbehavior	_	ContainsVariation=No	_	Begin=736.143|End=736.718	_	_	_	_
392-0	PKP141	392	0	e	e	_	_	_	_	_	linguistic	_	ContainsVariation=No	_	Begin=736.718	_	_	_	_
392-1	PKP141	392	1	io	io	_	_	_	_	_	linguistic	_	ContainsVariation=No	_	End=737.285	_	_	_	_
393-0	PKP141	393	0	xxx	xxx	_	_	_	_	_	unknown	_	ContainsVariation=No	Syllables=3	Begin=737.573|End=739.065	_	_	_	_
394-0	PKP141	394	0	cosa	cosa	_	_	_	_	_	linguistic	_	ContainsVariation=No	_	Begin=739.708	_	_	_	_
394-1	PKP141	394	1	fare	fare	_	_	_	_	_	linguistic	_	ContainsVariation=No	_	_	_	_	_	_
394-2	PKP141	394	2	in	in	_	_	_	_	_	linguistic	_	ContainsVariation=No	_	_	_	_	_	_
394-3	PKP141	394	3	caso	caso	_	_	_	_	_	linguistic	_	ContainsVariation=No	_	_	_	_	_	_
394-4	PKP141	394	4	di	di	_	_	_	_	_	linguistic	_	ContainsVariation=No	_	_	_	_	_	_
394-5	PKP141	394	5	mia	mia	_	_	_	_	_	linguistic	_	ContainsVariation=No	_	_	_	_	_	_
394-6	PKP141	394	6	mo:rte	morte	_	_	_	_	_	linguistic	_	ContainsVariation=No	_	_	1x1	_	_	_
394-7	PKP141	394	7	c(io)è	cioè	_	_	_	_	_	linguistic	_	ContainsVariation=No	Reduced=Yes	_	_	_	_	_
394-8	PKP141	394	8	((ride))	((ride))	_	_	_	_	_	nonverbalbehavior	_	ContainsVariation=No	_	End=741.625	_	_	_	_
395-0	PKP142	395	0	((ride))	((ride))	_	_	_	_	_	nonverbalbehavior	_	ContainsVariation=No	_	Begin=741.425|End=742.462	_	_	_	_
396-0	PKP136	396	0	((ride))	((ride))	_	_	_	_	_	nonverbalbehavior	_	ContainsVariation=No	_	Begin=741.425|End=742.935	_	_	_	_
397-0	PKP141	397	0	step	step	_	_	_	_	_	linguistic	_	ContainsVariation=No	_	Begin=742.297	_	_	_	_
397-1	PKP141	397	1	by	by	_	_	_	_	_	linguistic	_	ContainsVariation=No	_	_	_	_	_	_
397-2	PKP141	397	2	ste:p	step	_	_	_	_	_	linguistic	_	ContainsVariation=No	_	_	2x1	_	_	_
397-3	PKP141	397	3	fai	fai	_	_	_	_	_	linguistic	_	ContainsVariation=No	_	_	_	_	_	_
397-4	PKP141	397	4	ques[to	questo	_	_	_	_	_	linguistic	_	ContainsVariation=No	_	_	_	_	_	4-6(93)
397-5	PKP141	397	5	(fai	fai	_	_	_	_	_	linguistic	_	ContainsVariation=No	_	_	_	_	0-3(0)	0-3(93)
397-6	PKP141	397	6	que~)]	que~	_	_	_	_	_	linguistic	_	ContainsVariation=No	Interrupted=Yes	End=744.872	_	_	0-4(0)	0-4(93)
398-0	PKP136	398	0	[testame:nt]o	testamento	_	_	_	_	_	linguistic	_	ContainsVariation=No	_	Begin=744.104	6x1	_	_	0-9(93)
398-1	PKP136	398	1	[e	e	_	_	_	_	_	linguistic	_	ContainsVariation=No	_	_	_	_	_	0-1(94)
398-2	PKP136	398	2	basta]	basta	_	_	_	_	_	linguistic	_	ContainsVariation=No	_	End=745.631	_	_	_	0-5(94)
399-0	PKP141	399	0	[sì:	sì	_	_	_	_	_	linguistic	_	ContainsVariation=No	_	Begin=744.955	1x1	_	_	0-2(94)
399-1	PKP141	399	1	sì]	sì	_	_	_	_	_	linguistic	_	ContainsVariation=No	_	End=745.511	_	_	_	0-2(94)
400-0	PKP141	400	0	(gli	gli	_	_	_	_	_	linguistic	_	ContainsVariation=No	_	Begin=745.926	_	_	0-3(0)	_
400-1	PKP141	400	1	ho	ho	_	_	_	_	_	linguistic	_	ContainsVariation=No	_	_	_	_	0-2(0)	_
400-2	PKP141	400	2	detto)	detto	_	_	_	_	_	linguistic	_	ContainsVariation=No	_	_	_	_	0-5(0)	_
400-3	PKP141	400	3	come	come	_	_	_	_	_	linguistic	_	ContainsVariation=No	_	_	_	_	_	_
400-4	PKP141	400	4	voglio	voglio	_	_	_	_	_	linguistic	_	ContainsVariation=No	_	_	_	_	_	_
400-5	PKP141	400	5	(inseri')	inseri'	_	_	_	_	_	linguistic	_	ContainsVariation=No	Truncated=Yes	_	_	_	0-7(1)	_
400-6	PKP141	400	6	il	il	_	_	_	_	_	linguistic	_	ContainsVariation=No	_	_	_	_	_	_
400-7	PKP141	400	7	funera::le	funerale	_	_	_	_	_	linguistic	_	ContainsVariation=No	_	_	5x2	_	_	_
400-8	PKP141	400	8	ora	ora	_	_	_	_	_	linguistic	_	ContainsVariation=No	_	_	_	_	_	_
400-9	PKP141	400	9	lo	lo	_	_	_	_	_	linguistic	_	ContainsVariation=No	_	_	_	_	_	_
400-10	PKP141	400	10	dico	dico	_	_	_	_	_	linguistic	_	ContainsVariation=No	_	_	_	_	_	_
400-11	PKP141	400	11	anche	anche	_	_	_	_	_	linguistic	_	ContainsVariation=No	_	_	_	_	_	_
400-12	PKP141	400	12	a	a	_	_	_	_	_	linguistic	_	ContainsVariation=No	_	_	_	_	_	_
400-13	PKP141	400	13	vo:i	voi	_	_	_	_	_	linguistic	_	ContainsVariation=No	_	_	1x1	_	_	_
400-14	PKP141	400	14	allora	allora	_	_	_	_	_	linguistic	_	ContainsVariation=No	_	_	_	_	_	_
400-15	PKP141	400	15	raga	raga	_	_	_	_	_	linguistic	_	ContainsVariation=No	_	End=748.814	_	_	_	_
401-0	PKP141	401	0	fate	fate	_	_	_	_	_	linguistic	_	ContainsVariation=No	_	Begin=749.104	_	_	_	_
401-1	PKP141	401	1	partire	partire	_	_	_	_	_	linguistic	_	ContainsVariation=No	_	_	_	_	_	_
401-2	PKP141	401	2	britney	britney	_	_	_	_	_	linguistic	_	ContainsVariation=No	_	_	_	_	_	_
401-3	PKP141	401	3	spears	spears	_	_	_	_	_	linguistic	_	ContainsVariation=No	_	_	_	_	_	_
401-4	PKP141	401	4	nel	nel	_	_	_	_	_	linguistic	_	ContainsVariation=No	_	_	_	_	_	_
401-5	PKP141	401	5	me::n[tre]	mentre	_	_	_	_	_	linguistic	_	ContainsVariation=No	_	End=751.385	1x2	_	_	3-6(95)
402-0	PKP136	402	0	[ovvia]me::[nte]	ovviamente	_	_	_	_	_	linguistic	_	ContainsVariation=No	_	Begin=751.038|End=752.116	6x2	_	_	0-5(95),7-10(96)
403-0	PKP141	403	0	[ovviamente	ovviamente	_	_	_	_	_	linguistic	_	ContainsVariation=No	_	Begin=751.615	_	_	_	0-10(96)
403-1	PKP141	403	1	no]n	non	_	_	_	_	_	linguistic	_	ContainsVariation=No	_	_	_	_	_	0-2(96)
403-2	PKP141	403	2	devo	devo	_	_	_	_	_	linguistic	_	ContainsVariation=No	_	_	_	_	_	_
403-3	PKP141	403	3	essere	essere	_	_	_	_	_	linguistic	_	ContainsVariation=No	_	End=752.755	_	_	_	_
404-0	PKP141	404	0	in	in	_	_	_	_	_	linguistic	_	ContainsVariation=No	_	Begin=752.876	_	_	_	_
404-1	PKP141	404	1	un	un	_	_	_	_	_	linguistic	_	ContainsVariation=No	_	_	_	_	_	_
404-2	PKP141	404	2	posto	posto	_	_	_	_	_	linguistic	_	ContainsVariation=No	_	_	_	_	_	_
404-3	PKP141	404	3	consacrato	consacrato	_	_	_	_	_	linguistic	_	ContainsVariation=No	_	_	_	_	_	_
404-4	PKP141	404	4	ma	ma	_	_	_	_	_	linguistic	_	ContainsVariation=No	PauseAfter=Yes	_	_	_	_	_
404-5	PKP141	404	5	(.)	(.)	_	_	_	_	_	shortpause	_	ContainsVariation=No	_	_	_	_	_	_
404-6	PKP141	404	6	al	al	_	_	_	_	_	linguistic	_	ContainsVariation=No	_	_	_	_	_	_
404-7	PKP141	404	7	massimo	massimo	_	_	_	_	_	linguistic	_	ContainsVariation=No	_	_	_	_	_	_
404-8	PKP141	404	8	>dev'	dev'	_	_	_	_	_	linguistic	_	ContainsVariation=No	SpaceAfter=No	_	_	Fast=0-4(0)	_	_
404-9	PKP141	404	9	essere<	essere	_	_	_	_	_	linguistic	_	ContainsVariation=No	_	_	_	Fast=0-6(0)	_	_
404-10	PKP141	404	10	be::llo	bello	_	_	_	_	_	linguistic	_	ContainsVariation=No	_	_	1x2	_	_	_
404-11	PKP141	404	11	tipo	tipo	_	_	_	_	_	linguistic	_	ContainsVariation=No	_	_	_	_	_	_
404-12	PKP141	404	12	le	le	_	_	_	_	_	linguistic	_	ContainsVariation=No	_	_	_	_	_	_
404-13	PKP141	404	13	chiese	chiese	_	_	_	_	_	linguistic	_	ContainsVariation=No	_	_	_	_	_	_
404-14	PKP141	404	14	sconsacrate	sconsacrate	_	_	_	_	_	linguistic	_	ContainsVariation=No	_	_	_	_	_	_
404-15	PKP141	404	15	quelle	quelle	_	_	_	_	_	linguistic	_	ContainsVariation=No	_	_	_	_	_	_
404-16	PKP141	404	16	stra:	stra	_	_	_	_	_	linguistic	_	ContainsVariation=No	_	_	3x1	_	_	_
404-17	PKP141	404	17	fighe	fighe	_	_	_	_	_	linguistic	_	ContainsVariation=No	_	End=757.976	_	_	_	_
405-0	PKP136	405	0	a::h	ah	_	_	_	_	_	linguistic	_	ContainsVariation=No	_	Begin=757.976	0x2	_	_	_
405-1	PKP136	405	1	o:kay	okay	_	_	_	_	_	linguistic	_	ContainsVariation=No	_	End=758.827	0x1	_	_	_
406-0	PKP141	406	0	e:::	e	_	_	_	_	_	linguistic	_	ContainsVariation=No	_	Begin=759.675	0x3	_	_	_
406-1	PKP141	406	1	[c(io)è	cioè	_	_	_	_	_	linguistic	_	ContainsVariation=No	Reduced=Yes	_	_	_	_	0-4(97)
406-2	PKP141	406	2	dovete	dovete	_	_	_	_	_	linguistic	_	ContainsVariation=No	_	_	_	_	_	0-6(97)
406-3	PKP141	406	3	balla:re]	ballare	_	_	_	_	_	linguistic	_	ContainsVariation=No	_	End=761.55	4x1	_	_	0-7(97)
407-0	PKP142	407	0	[xxx]	xxx	_	_	_	_	_	unknown	_	ContainsVariation=No	Syllables=3	Begin=760.386|End=761.652	_	_	_	0-3(97)
408-0	PKP136	408	0	a	a	_	_	_	_	_	linguistic	_	ContainsVariation=No	_	Begin=761.67	_	_	_	_
408-1	PKP136	408	1	(cr[a:co)]	craco	_	_	_	_	_	linguistic	_	ContainsVariation=No	_	End=762.707	2x1	_	0-5(0)	2-5(98)
409-0	PKP141	409	0	[e	e	_	_	_	_	_	linguistic	_	ContainsVariation=No	_	Begin=762.027	_	_	_	0-1(98)
409-1	PKP141	409	1	(b~)	b~	_	_	_	_	_	linguistic	_	ContainsVariation=No	Interrupted=Yes	_	_	_	0-2(0)	0-2(98)
409-2	PKP141	409	2	e	e	_	_	_	_	_	linguistic	_	ContainsVariation=No	_	_	_	_	_	0-1(98)
409-3	PKP141	409	3	ci]	ci	_	_	_	_	_	linguistic	_	ContainsVariation=No	_	_	_	_	_	0-2(98)
409-4	PKP141	409	4	deve	deve	_	_	_	_	_	linguistic	_	ContainsVariation=No	_	_	_	_	_	_
409-5	PKP141	409	5	stare	stare	_	_	_	_	_	linguistic	_	ContainsVariation=No	_	_	_	_	_	_
409-6	PKP141	409	6	tipo:	tipo	_	_	_	_	_	linguistic	_	ContainsVariation=No	_	_	3x1	_	_	_
409-7	PKP141	409	7	una	una	_	_	_	_	_	linguistic	_	ContainsVariation=No	_	_	_	_	_	_
409-8	PKP141	409	8	zona	zona	_	_	_	_	_	linguistic	_	ContainsVariation=No	_	_	_	_	_	_
409-9	PKP141	409	9	cocktail	cocktail	_	_	_	_	_	linguistic	_	ContainsVariation=No	_	_	_	_	_	_
409-10	PKP141	409	10	ba:r	bar	_	_	_	_	_	linguistic	_	ContainsVariation=No	_	_	1x1	_	_	_
409-11	PKP141	409	11	offerta	offerta	_	_	_	_	_	linguistic	_	ContainsVariation=No	_	_	_	_	_	_
409-12	PKP141	409	12	da	da	_	_	_	_	_	linguistic	_	ContainsVariation=No	_	_	_	_	_	_
409-13	PKP141	409	13	me	me	_	_	_	_	_	linguistic	_	ContainsVariation=No	_	_	_	_	_	_
409-14	PKP141	409	14	>cioè<	cioè	_	_	_	_	_	linguistic	_	ContainsVariation=No	_	_	_	Fast=0-4(0)	_	_
409-15	PKP141	409	15	tipo::	tipo	_	_	_	_	_	linguistic	_	ContainsVariation=No	_	End=766.926	3x2	_	_	_
410-0	PKP142	410	0	((ride))	((ride))	_	_	_	_	_	nonverbalbehavior	_	ContainsVariation=No	_	Begin=765.226|End=767.312	_	_	_	_
411-0	PKP136	411	0	ma	ma	_	_	_	_	_	linguistic	_	ContainsVariation=No	_	Begin=767.372	_	_	_	_
411-1	PKP136	411	1	il	il	_	_	_	_	_	linguistic	_	ContainsVariation=No	_	_	_	_	_	_
411-2	PKP136	411	2	tuo	tuo	_	_	_	_	_	linguistic	_	ContainsVariation=No	_	_	_	_	_	_
411-3	PKP136	411	3	conto	conto	_	_	_	_	_	linguistic	_	ContainsVariation=No	_	_	_	_	_	_
411-4	PKP136	411	4	in	in	_	_	_	_	_	linguistic	_	ContainsVariation=No	_	_	_	_	_	_
411-5	PKP136	411	5	ba:n[c[a]]?	banca	_	_	_	_	_	linguistic	_	ContainsVariation=No	Intonation=Rising	End=768.917	1x1	_	_	_
412-0	PKP142	412	0	[[e:h	eh	_	_	_	_	_	linguistic	_	ContainsVariation=No	_	Begin=768.458	0x1	_	_	_
412-1	PKP142	412	1	esa]tto]	esatto	_	_	_	_	_	linguistic	_	ContainsVariation=No	_	End=769.234	_	_	_	_
413-0	PKP141	413	0	[[e:h	eh	_	_	_	_	_	linguistic	_	ContainsVariation=No	_	Begin=768.581	0x1	_	_	_
413-1	PKP141	413	1	si]	si	_	_	_	_	_	linguistic	_	ContainsVariation=No	_	_	_	_	_	_
413-2	PKP141	413	2	ce]rto	certo	_	_	_	_	_	linguistic	_	ContainsVariation=No	_	_	_	_	_	_
413-3	PKP141	413	3	[(vabbè)]	vabbè	_	_	_	_	_	linguistic	_	ContainsVariation=No	_	End=769.883	_	_	0-5(0)	_
414-0	PKP136	414	0	[ah	ah	_	_	_	_	_	linguistic	_	ContainsVariation=No	_	Begin=769.507	_	_	_	0-2(?)
414-1	PKP136	414	1	la	la	_	_	_	_	_	linguistic	_	ContainsVariation=No	_	_	_	_	_	0-2(?)
414-2	PKP136	414	2	chie]sa	chiesa	_	_	_	_	_	linguistic	_	ContainsVariation=No	_	_	_	_	_	0-4(?)
414-3	PKP136	414	3	del	del	_	_	_	_	_	linguistic	_	ContainsVariation=No	_	_	_	_	_	_
414-4	PKP136	414	4	(purgatorio)	purgatorio	_	_	_	_	_	linguistic	_	ContainsVariation=No	_	_	_	_	0-10(0)	_
414-5	PKP136	414	5	è	è	_	_	_	_	_	linguistic	_	ContainsVariation=No	_	_	_	_	_	_
414-6	PKP136	414	6	be:lla	bella	_	_	_	_	_	linguistic	_	ContainsVariation=No	_	_	1x1	_	_	_
414-7	PKP136	414	7	pu:re	pure	_	_	_	_	_	linguistic	_	ContainsVariation=No	_	_	1x1	_	_	_
414-8	PKP136	414	8	c(io)è	cioè	_	_	_	_	_	linguistic	_	ContainsVariation=No	Reduced=Yes	End=771.845	_	_	_	_
415-0	PKP141	415	0	è	è	_	_	_	_	_	linguistic	_	ContainsVariation=No	_	Begin=771.485	_	_	_	_
415-1	PKP141	415	1	per	per	_	_	_	_	_	linguistic	_	ContainsVariation=No	_	_	_	_	_	_
415-2	PKP141	415	2	[di:re]	dire	_	_	_	_	_	linguistic	_	ContainsVariation=No	_	End=772.659	1x1	_	_	0-4(?)
416-0	PKP142	416	0	[è	è	_	_	_	_	_	linguistic	_	ContainsVariation=No	_	Begin=772.009	_	_	_	0-1(102)
416-1	PKP142	416	1	fi:ga]	figa	_	_	_	_	_	linguistic	_	ContainsVariation=No	_	End=772.656	1x1	_	_	0-4(102)
417-0	PKP136	417	0	ci	ci	_	_	_	_	_	linguistic	_	ContainsVariation=No	_	Begin=772.762	_	_	_	_
417-1	PKP136	417	1	(ce)	ce	_	_	_	_	_	linguistic	_	ContainsVariation=No	_	_	_	_	0-2(0)	_
417-2	PKP136	417	2	sta,	sta	_	_	_	_	_	linguistic	_	ContainsVariation=No	Intonation=WeaklyRising	_	_	_	_	_
417-3	PKP136	417	3	quella	quella	_	_	_	_	_	linguistic	_	ContainsVariation=No	_	_	_	_	_	_
417-4	PKP136	417	4	è	è	_	_	_	_	_	linguistic	_	ContainsVariation=No	_	_	_	_	_	_
417-5	PKP136	417	5	[sconsacra:ta]	sconsacrata	_	_	_	_	_	linguistic	_	ContainsVariation=No	_	End=774.388	8x1	_	_	0-11(103)
418-0	PKP141	418	0	[(sconsacrata)]	sconsacrata	_	_	_	_	_	linguistic	_	ContainsVariation=No	_	Begin=773.494|End=774.201	_	_	0-11(0)	0-11(103)
419-0	PKP141	419	0	eh	eh	_	_	_	_	_	linguistic	_	ContainsVariation=No	_	Begin=774.751	_	_	_	_
419-1	PKP141	419	1	[sì	sì	_	_	_	_	_	linguistic	_	ContainsVariation=No	_	_	_	_	_	0-2(104)
419-2	PKP141	419	2	(vero)]	vero	_	_	_	_	_	linguistic	_	ContainsVariation=No	_	End=775.632	_	_	0-4(0)	0-4(104)
420-0	PKP142	420	0	[sicura	sicura	_	_	_	_	_	linguistic	_	ContainsVariation=No	_	Begin=774.946	_	_	_	0-6(104)
420-1	PKP142	420	1	è	è	_	_	_	_	_	linguistic	_	ContainsVariation=No	_	_	_	_	_	0-1(104)
420-2	PKP142	420	2	scons~]	scons~	_	_	_	_	_	linguistic	_	ContainsVariation=No	Interrupted=Yes	_	_	_	_	0-6(104)
420-3	PKP142	420	3	è	è	_	_	_	_	_	linguistic	_	ContainsVariation=No	_	_	_	_	_	_
420-4	PKP142	420	4	<sconsacra:ta>?	sconsacrata	_	_	_	_	_	linguistic	_	ContainsVariation=No	Intonation=Rising	End=776.714	8x1	Slow=0-11(0)	_	_
421-0	PKP136	421	0	e	e	_	_	_	_	_	linguistic	_	ContainsVariation=No	_	Begin=776.94	_	_	_	_
421-1	PKP136	421	1	dove	dove	_	_	_	_	_	linguistic	_	ContainsVariation=No	_	_	_	_	_	_
421-2	PKP136	421	2	come	come	_	_	_	_	_	linguistic	_	ContainsVariation=No	_	_	_	_	_	_
421-3	PKP136	421	3	vuoi	vuoi	_	_	_	_	_	linguistic	_	ContainsVariation=No	_	_	_	_	_	_
421-4	PKP136	421	4	essere	essere	_	_	_	_	_	linguistic	_	ContainsVariation=No	_	_	_	_	_	_
421-5	PKP136	421	5	crema::[ta?	cremata	_	_	_	_	_	linguistic	_	ContainsVariation=No	Intonation=Rising	_	4x2	_	_	5-7(105)
421-6	PKP136	421	6	seppel]li::t[a:]?	seppellita	_	_	_	_	_	linguistic	_	ContainsVariation=No	Intonation=Rising	End=779.637	7x2,9x1	_	_	0-6(105),9-10(106)
422-0	PKP141	422	0	[m:h]	mh	_	_	_	_	_	linguistic	_	ContainsVariation=No	_	Begin=778.509|End=779.06	0x1	_	_	0-2(105)
423-0	PKP141	423	0	[eh]	eh	_	_	_	_	_	linguistic	_	ContainsVariation=No	_	Begin=779.437	_	_	_	0-2(106)
423-1	PKP141	423	1	(lo)	lo	_	_	_	_	_	linguistic	_	ContainsVariation=No	_	_	_	_	0-2(0)	_
423-2	PKP141	423	2	>è	è	_	_	_	_	_	linguistic	_	ContainsVariation=No	_	_	_	Fast=0-1(0)	_	_
423-3	PKP141	423	3	un	un	_	_	_	_	_	linguistic	_	ContainsVariation=No	_	_	_	Fast=0-2(0)	_	_
423-4	PKP141	423	4	problema<	problema	_	_	_	_	_	linguistic	_	ContainsVariation=No	_	_	_	Fast=0-8(0)	_	_
423-5	PKP141	423	5	però::	però	_	_	_	_	_	linguistic	_	ContainsVariation=No	_	_	3x2	_	_	_
423-6	PKP141	423	6	seppelli:ta	seppellita	_	_	_	_	_	linguistic	_	ContainsVariation=No	_	_	7x1	_	_	_
423-7	PKP141	423	7	[dai]	dai	_	_	_	_	_	linguistic	_	ContainsVariation=No	_	End=781.771	_	_	_	0-3(107)
424-0	PKP136	424	0	[se]ppelli:[ta]	seppellita	_	_	_	_	_	linguistic	_	ContainsVariation=No	_	Begin=781.491|End=782.465	7x1	_	_	0-2(107),8-10(108)
425-0	PKP141	425	0	[mh]	mh	_	_	_	_	_	linguistic	_	ContainsVariation=No	_	Begin=782.193|End=782.418	_	_	_	0-2(108)
426-0	PKP142	426	0	lo	lo	_	_	_	_	_	linguistic	_	ContainsVariation=No	_	Begin=782.564	_	_	_	_
426-1	PKP142	426	1	sai	sai	_	_	_	_	_	linguistic	_	ContainsVariation=No	_	_	_	_	_	_
426-2	PKP142	426	2	che	che	_	_	_	_	_	linguistic	_	ContainsVariation=No	_	_	_	_	_	_
426-3	PKP142	426	3	anche	anche	_	_	_	_	_	linguistic	_	ContainsVariation=No	_	_	_	_	_	_
426-4	PKP142	426	4	io	io	_	_	_	_	_	linguistic	_	ContainsVariation=No	_	_	_	_	_	_
426-5	PKP142	426	5	sceglierei::m:h	scegliereimh	_	_	_	_	_	linguistic	_	ContainsVariation=No	_	_	9x2,10x1	_	_	_
426-6	PKP142	426	6	di	di	_	_	_	_	_	linguistic	_	ContainsVariation=No	_	_	_	_	_	_
426-7	PKP142	426	7	essere	essere	_	_	_	_	_	linguistic	_	ContainsVariation=No	_	_	_	_	_	_
426-8	PKP142	426	8	tipo	tipo	_	_	_	_	_	linguistic	_	ContainsVariation=No	_	_	_	_	_	_
426-9	PKP142	426	9	seppelli:ta	seppellita	_	_	_	_	_	linguistic	_	ContainsVariation=No	_	End=785.789	7x1	_	_	_
427-0	PKP141	427	0	m:h	mh	_	_	_	_	_	linguistic	_	ContainsVariation=No	_	Begin=786.695|End=787.07	0x1	_	_	_
428-0	PKP141	428	0	ci	ci	_	_	_	_	_	linguistic	_	ContainsVariation=No	_	Begin=787.97	_	_	_	_
428-1	PKP141	428	1	sta:	sta	_	_	_	_	_	linguistic	_	ContainsVariation=No	_	_	2x1	_	_	_
428-2	PKP141	428	2	xx	xx	_	_	_	_	_	unknown	_	ContainsVariation=No	Syllables=2	_	_	_	_	_
428-3	PKP141	428	3	è	è	_	_	_	_	_	linguistic	_	ContainsVariation=No	_	_	_	_	_	_
428-4	PKP141	428	4	pù	pù	_	_	_	_	_	linguistic	_	ContainsVariation=No	_	_	_	_	_	_
428-5	PKP141	428	5	[cla::ssico	classico	_	_	_	_	_	linguistic	_	ContainsVariation=No	_	_	2x2	_	_	0-8(?)
428-6	PKP141	428	6	seco]ndo	secondo	_	_	_	_	_	linguistic	_	ContainsVariation=No	_	_	_	_	_	0-4(?)
428-7	PKP141	428	7	[me:]	me	_	_	_	_	_	linguistic	_	ContainsVariation=No	_	End=790.429	1x1	_	_	0-2(?)
429-0	PKP142	429	0	[cremata	cremata	_	_	_	_	_	linguistic	_	ContainsVariation=No	_	Begin=788.077	_	_	_	0-7(109)
429-1	PKP142	429	1	no]	no	_	_	_	_	_	linguistic	_	ContainsVariation=No	_	End=788.897	_	_	_	0-2(109)
430-0	PKP142	430	0	[xxx]	xxx	_	_	_	_	_	unknown	_	ContainsVariation=No	Syllables=3	Begin=789.188|End=790.009	_	_	_	0-3(110)
431-0	PKP136	431	0	[m:h]	mh	_	_	_	_	_	linguistic	_	ContainsVariation=No	_	Begin=790.229|End=790.586	0x1	_	_	0-2(111)
432-0	PKP136	432	0	eh	eh	_	_	_	_	_	linguistic	_	ContainsVariation=No	_	Begin=790.794	_	_	_	_
432-1	PKP136	432	1	io	io	_	_	_	_	_	linguistic	_	ContainsVariation=No	_	_	_	_	_	_
432-2	PKP136	432	2	però	però	_	_	_	_	_	linguistic	_	ContainsVariation=No	_	_	_	_	_	_
432-3	PKP136	432	3	ho	ho	_	_	_	_	_	linguistic	_	ContainsVariation=No	_	_	_	_	_	_
432-4	PKP136	432	4	trovato	trovato	_	_	_	_	_	linguistic	_	ContainsVariation=No	_	_	_	_	_	_
432-5	PKP136	432	5	tipo:	tipo	_	_	_	_	_	linguistic	_	ContainsVariation=No	_	End=792.43	3x1	_	_	_
433-0	PKP136	433	0	una:	una	_	_	_	_	_	linguistic	_	ContainsVariation=No	_	Begin=792.543	2x1	_	_	_
433-1	PKP136	433	1	ricerca	ricerca	_	_	_	_	_	linguistic	_	ContainsVariation=No	_	_	_	_	_	_
433-2	PKP136	433	2	scientifica	scientifica	_	_	_	_	_	linguistic	_	ContainsVariation=No	_	End=794.312	_	_	_	_
434-0	PKP136	434	0	cioè:	cioè	_	_	_	_	_	linguistic	_	ContainsVariation=No	_	Begin=794.57	3x1	_	_	_
434-1	PKP136	434	1	tipo:	tipo	_	_	_	_	_	linguistic	_	ContainsVariation=No	_	_	3x1	_	_	_
434-2	PKP136	434	2	un	un	_	_	_	_	_	linguistic	_	ContainsVariation=No	_	_	_	_	_	_
434-3	PKP136	434	3	proge~	proge~	_	_	_	_	_	linguistic	_	ContainsVariation=No	Interrupted=Yes	_	_	_	_	_
434-4	PKP136	434	4	un	un	_	_	_	_	_	linguistic	_	ContainsVariation=No	_	_	_	_	_	_
434-5	PKP136	434	5	proge:tto	progetto	_	_	_	_	_	linguistic	_	ContainsVariation=No	_	_	4x1	_	_	_
434-6	PKP136	434	6	sì	sì	_	_	_	_	_	linguistic	_	ContainsVariation=No	_	_	_	_	_	_
434-7	PKP136	434	7	una	una	_	_	_	_	_	linguistic	_	ContainsVariation=No	_	_	_	_	_	_
434-8	PKP136	434	8	roba	roba	_	_	_	_	_	linguistic	_	ContainsVariation=No	_	_	_	_	_	_
434-9	PKP136	434	9	del	del	_	_	_	_	_	linguistic	_	ContainsVariation=No	_	_	_	_	_	_
434-10	PKP136	434	10	genere	genere	_	_	_	_	_	linguistic	_	ContainsVariation=No	_	End=797.601	_	_	_	_
435-0	PKP136	435	0	che	che	_	_	_	_	_	linguistic	_	ContainsVariation=No	_	Begin=797.804	_	_	_	_
435-1	PKP136	435	1	parlava	parlava	_	_	_	_	_	linguistic	_	ContainsVariation=No	_	_	_	_	_	_
435-2	PKP136	435	2	di	di	_	_	_	_	_	linguistic	_	ContainsVariation=No	_	_	_	_	_	_
435-3	PKP136	435	3	queste:m:h	questemh	_	_	_	_	_	linguistic	_	ContainsVariation=No	_	_	5x1,6x1	_	_	_
435-4	PKP136	435	4	sepoltu:re	sepolture	_	_	_	_	_	linguistic	_	ContainsVariation=No	_	End=801.007	6x1	_	_	_
436-0	PKP136	436	0	che	che	_	_	_	_	_	linguistic	_	ContainsVariation=No	_	Begin=801.203	_	_	_	_
436-1	PKP136	436	1	si	si	_	_	_	_	_	linguistic	_	ContainsVariation=No	_	_	_	_	_	_
436-2	PKP136	436	2	possono	possono	_	_	_	_	_	linguistic	_	ContainsVariation=No	_	_	_	_	_	_
436-3	PKP136	436	3	fa:re	fare	_	_	_	_	_	linguistic	_	ContainsVariation=No	PauseAfter=Yes	_	1x1	_	_	_
436-4	PKP136	436	4	(.)	(.)	_	_	_	_	_	shortpause	_	ContainsVariation=No	_	_	_	_	_	_
436-5	PKP136	436	5	in	in	_	_	_	_	_	linguistic	_	ContainsVariation=No	_	_	_	_	_	_
436-6	PKP136	436	6	cui	cui	_	_	_	_	_	linguistic	_	ContainsVariation=No	_	_	_	_	_	_
436-7	PKP136	436	7	vi::	vi	_	_	_	_	_	linguistic	_	ContainsVariation=No	_	End=803.773	1x2	_	_	_
437-0	PKP136	437	0	>praticamente<	praticamente	_	_	_	_	_	linguistic	_	ContainsVariation=No	_	Begin=804.353	_	Fast=0-12(0)	_	_
437-1	PKP136	437	1	dive:nti	diventi	_	_	_	_	_	linguistic	_	ContainsVariation=No	_	_	3x1	_	_	_
437-2	PKP136	437	2	il	il	_	_	_	_	_	linguistic	_	ContainsVariation=No	_	_	_	_	_	_
437-3	PKP136	437	3	concime:	concime	_	_	_	_	_	linguistic	_	ContainsVariation=No	_	_	6x1	_	_	_
437-4	PKP136	437	4	per,	per	_	_	_	_	_	linguistic	_	ContainsVariation=No	Intonation=WeaklyRising	_	_	_	_	_
437-5	PKP136	437	5	un	un	_	_	_	_	_	linguistic	_	ContainsVariation=No	_	_	_	_	_	_
437-6	PKP136	437	6	a:lbero	albero	_	_	_	_	_	linguistic	_	ContainsVariation=No	_	_	0x1	_	_	_
437-7	PKP136	437	7	[o	o	_	_	_	_	_	linguistic	_	ContainsVariation=No	_	_	_	_	_	_
437-8	PKP136	437	8	un	un	_	_	_	_	_	linguistic	_	ContainsVariation=No	_	_	_	_	_	_
437-9	PKP136	437	9	[x]]	x	_	_	_	_	_	unknown	_	ContainsVariation=No	Syllables=1	End=808.819	_	_	_	_
438-0	PKP141	438	0	[a::h	ah	_	_	_	_	_	linguistic	_	ContainsVariation=No	_	Begin=807.54	0x2	_	_	0-2(363)
438-1	PKP141	438	1	sì:	sì	_	_	_	_	_	linguistic	_	ContainsVariation=No	_	_	1x1	_	_	0-2(363)
438-2	PKP141	438	2	l'	l'	_	_	_	_	_	linguistic	_	ContainsVariation=No	SpaceAfter=No	_	_	_	_	0-2(363)
438-3	PKP141	438	3	ho	ho	_	_	_	_	_	linguistic	_	ContainsVariation=No	_	_	_	_	_	0-2(363)
438-4	PKP141	438	4	visto]	visto	_	_	_	_	_	linguistic	_	ContainsVariation=No	_	End=808.811	_	_	_	0-5(363)
439-0	PKP142	439	0	[(a:h	ah	_	_	_	_	_	linguistic	_	ContainsVariation=No	_	Begin=807.811	0x1	_	0-2(0)	0-2(363)
439-1	PKP142	439	1	sì)]	sì	_	_	_	_	_	linguistic	_	ContainsVariation=No	_	End=808.5	_	_	0-2(0)	0-2(363)
440-0	PKP141	440	0	qu[ella	quella	_	_	_	_	_	linguistic	_	ContainsVariation=No	_	Begin=808.878	_	_	_	2-6(112)
440-1	PKP141	440	1	è	è	_	_	_	_	_	linguistic	_	ContainsVariation=No	_	_	_	_	_	0-1(112)
440-2	PKP141	440	2	pure:]	pure	_	_	_	_	_	linguistic	_	ContainsVariation=No	_	_	3x1	_	_	0-4(112)
440-3	PKP141	440	3	(roba)	roba	_	_	_	_	_	linguistic	_	ContainsVariation=No	_	_	_	_	0-4(0)	_
440-4	PKP141	440	4	fi:ga	figa	_	_	_	_	_	linguistic	_	ContainsVariation=No	_	End=810.401	1x1	_	_	_
441-0	PKP142	441	0	[(oppure	oppure	_	_	_	_	_	linguistic	_	ContainsVariation=No	_	Begin=809.0	_	_	0-6(0)	0-6(112)
441-1	PKP142	441	1	fai	fai	_	_	_	_	_	linguistic	_	ContainsVariation=No	_	_	_	_	0-3(0)	0-3(112)
441-2	PKP142	441	2	una	una	_	_	_	_	_	linguistic	_	ContainsVariation=No	_	_	_	_	0-3(0)	0-3(112)
441-3	PKP142	441	3	roba)]	roba	_	_	_	_	_	linguistic	_	ContainsVariation=No	_	End=809.915	_	_	0-4(0)	0-4(112)
442-0	PKP141	442	0	che	che	_	_	_	_	_	linguistic	_	ContainsVariation=No	_	Begin=810.702	_	_	_	_
442-1	PKP141	442	1	quando	quando	_	_	_	_	_	linguistic	_	ContainsVariation=No	_	_	_	_	_	_
442-2	PKP141	442	2	x	x	_	_	_	_	_	unknown	_	ContainsVariation=No	Syllables=1	_	_	_	_	_
442-3	PKP141	442	3	un	un	_	_	_	_	_	linguistic	_	ContainsVariation=No	_	_	_	_	_	_
442-4	PKP141	442	4	diama::nte,	diamante	_	_	_	_	_	linguistic	_	ContainsVariation=No	Intonation=WeaklyRising	_	4x2	_	_	_
442-5	PKP141	442	5	tipo	tipo	_	_	_	_	_	linguistic	_	ContainsVariation=No	_	End=812.542	_	_	_	_
443-0	PKP136	443	0	a::h	ah	_	_	_	_	_	linguistic	_	ContainsVariation=No	_	Begin=812.542	0x2	_	_	_
443-1	PKP136	443	1	quello	quello	_	_	_	_	_	linguistic	_	ContainsVariation=No	_	_	_	_	_	_
443-2	PKP136	443	2	delle	delle	_	_	_	_	_	linguistic	_	ContainsVariation=No	_	_	_	_	_	_
443-3	PKP136	443	3	ce:ner[i:]	ceneri	_	_	_	_	_	linguistic	_	ContainsVariation=No	_	End=813.642	1x1,5x1	_	_	5-6(113)
444-0	PKP141	444	0	[e	e	_	_	_	_	_	linguistic	_	ContainsVariation=No	_	Begin=813.442	_	_	_	0-1(113)
444-1	PKP141	444	1	lo]	lo	_	_	_	_	_	linguistic	_	ContainsVariation=No	_	_	_	_	_	0-2(113)
444-2	PKP141	444	2	donano	donano	_	_	_	_	_	linguistic	_	ContainsVariation=No	_	_	_	_	_	_
444-3	PKP141	444	3	alla	alla	_	_	_	_	_	linguistic	_	ContainsVariation=No	_	_	_	_	_	_
444-4	PKP141	444	4	tua	tua	_	_	_	_	_	linguistic	_	ContainsVariation=No	_	_	_	_	_	_
444-5	PKP141	444	5	fami:[glia]	famiglia	_	_	_	_	_	linguistic	_	ContainsVariation=No	_	End=814.912	3x1	_	_	4-8(364)
445-0	PKP142	445	0	[quelle	quelle	_	_	_	_	_	linguistic	_	ContainsVariation=No	_	Begin=814.526	_	_	_	_
445-1	PKP142	445	1	s]ì:	sì	_	_	_	_	_	linguistic	_	ContainsVariation=No	_	_	1x1	_	_	_
445-2	PKP142	445	2	quell]e	quelle	_	_	_	_	_	linguistic	_	ContainsVariation=No	_	_	_	_	_	_
445-3	PKP142	445	3	sono	sono	_	_	_	_	_	linguistic	_	ContainsVariation=No	_	_	_	_	_	_
445-4	PKP142	445	4	robe	robe	_	_	_	_	_	linguistic	_	ContainsVariation=No	_	_	_	_	_	_
445-5	PKP142	445	5	fi:ghe	fighe	_	_	_	_	_	linguistic	_	ContainsVariation=No	_	_	1x1	_	_	_
445-6	PKP142	445	6	>cioè<	cioè	_	_	_	_	_	linguistic	_	ContainsVariation=No	_	_	_	Fast=0-4(0)	_	_
445-7	PKP142	445	7	più	più	_	_	_	_	_	linguistic	_	ContainsVariation=No	_	_	_	_	_	_
445-8	PKP142	445	8	o	o	_	_	_	_	_	linguistic	_	ContainsVariation=No	_	_	_	_	_	_
445-9	PKP142	445	9	me:no	meno	_	_	_	_	_	linguistic	_	ContainsVariation=No	_	End=817.535	1x1	_	_	_
446-0	PKP136	446	0	[eh	eh	_	_	_	_	_	linguistic	_	ContainsVariation=No	_	Begin=814.618	_	_	_	0-2(364)
446-1	PKP136	446	1	sì]	sì	_	_	_	_	_	linguistic	_	ContainsVariation=No	_	End=815.199	_	_	_	0-2(364)
447-0	PKP136	447	0	eh	eh	_	_	_	_	_	linguistic	_	ContainsVariation=No	_	Begin=816.066	_	_	_	_
447-1	PKP136	447	1	io	io	_	_	_	_	_	linguistic	_	ContainsVariation=No	_	_	_	_	_	_
447-2	PKP136	447	2	tipo	tipo	_	_	_	_	_	linguistic	_	ContainsVariation=No	_	_	_	_	_	_
447-3	PKP136	447	3	vorrei	vorrei	_	_	_	_	_	linguistic	_	ContainsVariation=No	_	_	_	_	_	_
447-4	PKP136	447	4	essere	essere	_	_	_	_	_	linguistic	_	ContainsVariation=No	_	_	_	_	_	_
447-5	PKP136	447	5	sepolt~	sepolt~	_	_	_	_	_	linguistic	_	ContainsVariation=No	Interrupted=Yes	_	_	_	_	_
447-6	PKP136	447	6	s[eppellito?	seppellito	_	_	_	_	_	linguistic	_	ContainsVariation=No	Intonation=Rising	_	_	_	_	1-10(?)
447-7	PKP136	447	7	sepolto]?	sepolto	_	_	_	_	_	linguistic	_	ContainsVariation=No	Intonation=Rising	End=819.059	_	_	_	0-7(?)
448-0	PKP142	448	0	[però	però	_	_	_	_	_	linguistic	_	ContainsVariation=No	_	Begin=817.806	_	_	_	0-4(115)
448-1	PKP142	448	1	è	è	_	_	_	_	_	linguistic	_	ContainsVariation=No	_	_	_	_	_	0-1(115)
448-2	PKP142	448	2	un	un	_	_	_	_	_	linguistic	_	ContainsVariation=No	_	_	_	_	_	0-2(115)
448-3	PKP142	448	3	modo]	modo	_	_	_	_	_	linguistic	_	ContainsVariation=No	_	End=818.855	_	_	_	0-4(115)
449-0	PKP136	449	0	boh	boh	_	_	_	_	_	linguistic	_	ContainsVariation=No	_	Begin=819.454|End=819.819	_	_	_	_
450-0	PKP136	450	0	e::	e	_	_	_	_	_	linguistic	_	ContainsVariation=No	_	Begin=820.036	0x2	_	_	_
450-1	PKP136	450	1	con:[e::::]	cone	_	_	_	_	_	linguistic	_	ContainsVariation=No	PauseAfter=Yes	_	2x1,3x4	_	_	3-4(116)
450-2	PKP136	450	2	(.)	(.)	_	_	_	_	_	shortpause	_	ContainsVariation=No	_	_	_	_	_	_
450-3	PKP136	450	3	conservare	conservare	_	_	_	_	_	linguistic	_	ContainsVariation=No	_	_	_	_	_	_
450-4	PKP136	450	4	((ride))	((ride))	_	_	_	_	_	nonverbalbehavior	_	ContainsVariation=No	_	End=823.594	_	_	_	_
451-0	PKP141	451	0	[conserva:to]	conservato	_	_	_	_	_	linguistic	_	ContainsVariation=No	_	Begin=820.929|End=821.8	7x1	_	_	0-10(116)
452-0	PKP136	452	0	((ride))	((ride))	_	_	_	_	_	nonverbalbehavior	_	ContainsVariation=No	_	Begin=824.433	_	_	_	_
452-1	PKP136	452	1	con:	con	_	_	_	_	_	linguistic	_	ContainsVariation=No	_	_	2x1	_	_	_
452-2	PKP136	452	2	questa	questa	_	_	_	_	_	linguistic	_	ContainsVariation=No	_	_	_	_	_	_
452-3	PKP136	452	3	cosa	cosa	_	_	_	_	_	linguistic	_	ContainsVariation=No	_	_	_	_	_	_
452-4	PKP136	452	4	che	che	_	_	_	_	_	linguistic	_	ContainsVariation=No	_	_	_	_	_	_
452-5	PKP136	452	5	tipo,	tipo	_	_	_	_	_	linguistic	_	ContainsVariation=No	Intonation=WeaklyRising	_	_	_	_	_
452-6	PKP136	452	6	piantano	piantano	_	_	_	_	_	linguistic	_	ContainsVariation=No	_	_	_	_	_	_
452-7	PKP136	452	7	un	un	_	_	_	_	_	linguistic	_	ContainsVariation=No	_	_	_	_	_	_
452-8	PKP136	452	8	a:lbero	albero	_	_	_	_	_	linguistic	_	ContainsVariation=No	_	End=827.62	0x1	_	_	_
453-0	PKP142	453	0	be:llo	bello	_	_	_	_	_	linguistic	_	ContainsVariation=No	_	Begin=827.872|End=828.534	1x1	_	_	_
454-0	PKP136	454	0	io	io	_	_	_	_	_	linguistic	_	ContainsVariation=No	_	Begin=828.197	_	_	_	_
454-1	PKP136	454	1	sono	sono	_	_	_	_	_	linguistic	_	ContainsVariation=No	_	_	_	_	_	_
454-2	PKP136	454	2	là	là	_	_	_	_	_	linguistic	_	ContainsVariation=No	_	_	_	_	_	_
454-3	PKP136	454	3	che	che	_	_	_	_	_	linguistic	_	ContainsVariation=No	_	_	_	_	_	_
454-4	PKP136	454	4	lo	lo	_	_	_	_	_	linguistic	_	ContainsVariation=No	_	_	_	_	_	_
454-5	PKP136	454	5	[consi:glio	consiglio	_	_	_	_	_	linguistic	_	ContainsVariation=No	_	_	4x1	_	_	_
454-6	PKP136	454	6	con:	con	_	_	_	_	_	linguistic	_	ContainsVariation=No	_	_	2x1	_	_	_
454-7	PKP136	454	7	[i	i	_	_	_	_	_	linguistic	_	ContainsVariation=No	_	_	_	_	_	_
454-8	PKP136	454	8	mie]i	miei	_	_	_	_	_	linguistic	_	ContainsVariation=No	_	_	_	_	_	_
454-9	PKP136	454	9	o:rgani]	organi	_	_	_	_	_	linguistic	_	ContainsVariation=No	_	End=831.132	0x1	_	_	_
455-0	PKP141	455	0	[a:::h	ah	_	_	_	_	_	linguistic	_	ContainsVariation=No	_	Begin=829.138	0x3	_	_	0-2(119)
455-1	PKP141	455	1	quello	quello	_	_	_	_	_	linguistic	_	ContainsVariation=No	_	_	_	_	_	0-6(119)
455-2	PKP141	455	2	è	è	_	_	_	_	_	linguistic	_	ContainsVariation=No	_	_	_	_	_	0-1(119)
455-3	PKP141	455	3	be:l:lo]	bello	_	_	_	_	_	linguistic	_	ContainsVariation=No	_	End=830.191	1x1,2x1	_	_	0-5(119)
456-0	PKP142	456	0	[ma	ma	_	_	_	_	_	linguistic	_	ContainsVariation=No	_	Begin=830.193	_	_	_	0-2(?)
456-1	PKP142	456	1	non	non	_	_	_	_	_	linguistic	_	ContainsVariation=No	_	_	_	_	_	0-3(?)
456-2	PKP142	456	2	c'	c'	_	_	_	_	_	linguistic	_	ContainsVariation=No	SpaceAfter=No	_	_	_	_	0-2(?)
456-3	PKP142	456	3	era:	era	_	_	_	_	_	linguistic	_	ContainsVariation=No	_	_	2x1	_	_	0-3(?)
456-4	PKP142	456	4	una	una	_	_	_	_	_	linguistic	_	ContainsVariation=No	_	_	_	_	_	0-3(?)
456-5	PKP142	456	5	qualche]	qualche	_	_	_	_	_	linguistic	_	ContainsVariation=No	_	_	_	_	_	0-7(?)
456-6	PKP142	456	6	città	città	_	_	_	_	_	linguistic	_	ContainsVariation=No	_	_	_	_	_	_
456-7	PKP142	456	7	dove	dove	_	_	_	_	_	linguistic	_	ContainsVariation=No	_	_	_	_	_	_
456-8	PKP142	456	8	avevano:	avevano	_	_	_	_	_	linguistic	_	ContainsVariation=No	_	_	6x1	_	_	_
456-9	PKP142	456	9	da~	da~	_	_	_	_	_	linguistic	_	ContainsVariation=No	Interrupted=Yes	_	_	_	_	_
456-10	PKP142	456	10	a	a	_	_	_	_	_	linguistic	_	ContainsVariation=No	_	_	_	_	_	_
456-11	PKP142	456	11	ogni	ogni	_	_	_	_	_	linguistic	_	ContainsVariation=No	_	_	_	_	_	_
456-12	PKP142	456	12	a:lbero,	albero	_	_	_	_	_	linguistic	_	ContainsVariation=No	Intonation=WeaklyRising	_	0x1	_	_	_
456-13	PKP142	456	13	nella	nella	_	_	_	_	_	linguistic	_	ContainsVariation=No	_	_	_	_	_	_
456-14	PKP142	456	14	città,	città	_	_	_	_	_	linguistic	_	ContainsVariation=No	Intonation=WeaklyRising	_	_	_	_	_
456-15	PKP142	456	15	avevano	avevano	_	_	_	_	_	linguistic	_	ContainsVariation=No	_	_	_	_	_	_
456-16	PKP142	456	16	dato	dato	_	_	_	_	_	linguistic	_	ContainsVariation=No	_	_	_	_	_	_
456-17	PKP142	456	17	il	il	_	_	_	_	_	linguistic	_	ContainsVariation=No	_	_	_	_	_	_
456-18	PKP142	456	18	nome	nome	_	_	_	_	_	linguistic	_	ContainsVariation=No	_	_	_	_	_	_
456-19	PKP142	456	19	della	della	_	_	_	_	_	linguistic	_	ContainsVariation=No	_	_	_	_	_	_
456-20	PKP142	456	20	perso~	perso~	_	_	_	_	_	linguistic	_	ContainsVariation=No	Interrupted=Yes	_	_	_	_	_
456-21	PKP142	456	21	>no	no	_	_	_	_	_	linguistic	_	ContainsVariation=No	_	_	_	Fast=0-2(0)	_	_
456-22	PKP142	456	22	cioè<	cioè	_	_	_	_	_	linguistic	_	ContainsVariation=No	_	End=836.507	_	Fast=0-4(0)	_	_
457-0	PKP136	457	0	a	a	_	_	_	_	_	linguistic	_	ContainsVariation=No	_	Begin=835.9	_	_	_	_
457-1	PKP136	457	1	mate::ra	matera	_	_	_	_	_	linguistic	_	ContainsVariation=No	_	_	3x2	_	_	_
457-2	PKP136	457	2	l'	l'	_	_	_	_	_	linguistic	_	ContainsVariation=No	SpaceAfter=No	_	_	_	_	_
457-3	PKP136	457	3	hanno	hanno	_	_	_	_	_	linguistic	_	ContainsVariation=No	_	_	_	_	_	_
457-4	PKP136	457	4	f[a:tto	fatto	_	_	_	_	_	linguistic	_	ContainsVariation=No	_	_	1x1	_	_	_
457-5	PKP136	457	5	[ma	ma	_	_	_	_	_	linguistic	_	ContainsVariation=No	_	_	_	_	_	_
457-6	PKP136	457	6	l'	l'	_	_	_	_	_	linguistic	_	ContainsVariation=No	SpaceAfter=No	_	_	_	_	_
457-7	PKP136	457	7	hanno	hanno	_	_	_	_	_	linguistic	_	ContainsVariation=No	_	_	_	_	_	_
457-8	PKP136	457	8	fatto]	fatto	_	_	_	_	_	linguistic	_	ContainsVariation=No	_	_	_	_	_	_
457-9	PKP136	457	9	con	con	_	_	_	_	_	linguistic	_	ContainsVariation=No	_	_	_	_	_	_
457-10	PKP136	457	10	quelli]	quelli	_	_	_	_	_	linguistic	_	ContainsVariation=No	_	_	_	_	_	_
457-11	PKP136	457	11	nati	nati	_	_	_	_	_	linguistic	_	ContainsVariation=No	_	_	_	_	_	_
457-12	PKP136	457	12	nel	nel	_	_	_	_	_	linguistic	_	ContainsVariation=No	_	_	_	_	_	_
457-13	PKP136	457	13	duemi:la	duemila	_	_	_	_	_	linguistic	_	ContainsVariation=No	_	End=840.012	4x1	_	_	_
458-0	PKP142	458	0	[a	a	_	_	_	_	_	linguistic	_	ContainsVariation=No	_	Begin=836.931	_	_	_	_
458-1	PKP142	458	1	matera	matera	_	_	_	_	_	linguistic	_	ContainsVariation=No	_	_	_	_	_	_
458-2	PKP142	458	2	l'	l'	_	_	_	_	_	linguistic	_	ContainsVariation=No	SpaceAfter=No	_	_	_	_	_
458-3	PKP142	458	3	han[no	hanno	_	_	_	_	_	linguistic	_	ContainsVariation=No	_	_	_	_	_	_
458-4	PKP142	458	4	fa:tto]]?	fatto	_	_	_	_	_	linguistic	_	ContainsVariation=No	Intonation=Rising	End=838.161	1x1	_	_	_
459-0	PKP141	459	0	[[ma	ma	_	_	_	_	_	linguistic	_	ContainsVariation=No	_	Begin=837.488	_	_	_	_
459-1	PKP141	459	1	se:rio]]?	serio	_	_	_	_	_	linguistic	_	ContainsVariation=No	Intonation=Rising	End=838.2	1x1	_	_	_
460-0	PKP136	460	0	c'	c'	_	_	_	_	_	linguistic	_	ContainsVariation=No	SpaceAfter=No	Begin=840.176	_	_	_	_
460-1	PKP136	460	1	è	è	_	_	_	_	_	linguistic	_	ContainsVariation=No	_	_	_	_	_	_
460-2	PKP136	460	2	stata	stata	_	_	_	_	_	linguistic	_	ContainsVariation=No	_	_	_	_	_	_
460-3	PKP136	460	3	tipo:	tipo	_	_	_	_	_	linguistic	_	ContainsVariation=No	_	_	3x1	_	_	_
460-4	PKP136	460	4	una:	una	_	_	_	_	_	linguistic	_	ContainsVariation=No	_	_	2x1	_	_	_
460-5	PKP136	460	5	specie	specie	_	_	_	_	_	linguistic	_	ContainsVariation=No	_	_	_	_	_	_
460-6	PKP136	460	6	di	di	_	_	_	_	_	linguistic	_	ContainsVariation=No	_	_	_	_	_	_
460-7	PKP136	460	7	lotteri:a	lotteria	_	_	_	_	_	linguistic	_	ContainsVariation=No	_	_	6x1	_	_	_
460-8	PKP136	460	8	tu	tu	_	_	_	_	_	linguistic	_	ContainsVariation=No	_	_	_	_	_	_
460-9	PKP136	460	9	iscrive:vi	iscrivevi	_	_	_	_	_	linguistic	_	ContainsVariation=No	_	_	6x1	_	_	_
460-10	PKP136	460	10	tuo	tuo	_	_	_	_	_	linguistic	_	ContainsVariation=No	_	_	_	_	_	_
460-11	PKP136	460	11	figlio	figlio	_	_	_	_	_	linguistic	_	ContainsVariation=No	_	_	_	_	_	_
460-12	PKP136	460	12	>appena	appena	_	_	_	_	_	linguistic	_	ContainsVariation=No	_	_	_	Fast=0-6(0)	_	_
460-13	PKP136	460	13	nato<	nato	_	_	_	_	_	linguistic	_	ContainsVariation=No	_	_	_	Fast=0-4(0)	_	_
460-14	PKP136	460	14	perché	perché	_	_	_	_	_	linguistic	_	ContainsVariation=No	_	_	_	_	_	_
460-15	PKP136	460	15	è	è	_	_	_	_	_	linguistic	_	ContainsVariation=No	_	_	_	_	_	_
460-16	PKP136	460	16	stato:	stato	_	_	_	_	_	linguistic	_	ContainsVariation=No	_	_	4x1	_	_	_
460-17	PKP136	460	17	tipo	tipo	_	_	_	_	_	linguistic	_	ContainsVariation=No	_	_	_	_	_	_
460-18	PKP136	460	18	nel	nel	_	_	_	_	_	linguistic	_	ContainsVariation=No	_	_	_	_	_	_
460-19	PKP136	460	19	duuemilaqua:ttro	duuemilaquattro	_	_	_	_	_	linguistic	_	ContainsVariation=No	_	_	10x1	_	_	_
460-20	PKP136	460	20	che	che	_	_	_	_	_	linguistic	_	ContainsVariation=No	_	_	_	_	_	_
460-21	PKP136	460	21	l'	l'	_	_	_	_	_	linguistic	_	ContainsVariation=No	SpaceAfter=No	_	_	_	_	_
460-22	PKP136	460	22	hanno	hanno	_	_	_	_	_	linguistic	_	ContainsVariation=No	_	_	_	_	_	_
460-23	PKP136	460	23	fatto	fatto	_	_	_	_	_	linguistic	_	ContainsVariation=No	_	End=846.576	_	_	_	_
461-0	PKP136	461	0	e::hm::h	ehmh	_	_	_	_	_	linguistic	_	ContainsVariation=No	_	Begin=846.854	0x2,2x2	_	_	_
461-1	PKP136	461	1	al	al	_	_	_	_	_	linguistic	_	ContainsVariation=No	_	_	_	_	_	_
461-2	PKP136	461	2	boschetto	boschetto	_	_	_	_	_	linguistic	_	ContainsVariation=No	_	_	_	_	_	_
461-3	PKP136	461	3	hanno	hanno	_	_	_	_	_	linguistic	_	ContainsVariation=No	_	_	_	_	_	_
461-4	PKP136	461	4	piantato	piantato	_	_	_	_	_	linguistic	_	ContainsVariation=No	_	_	_	_	_	_
461-5	PKP136	461	5	tutta	tutta	_	_	_	_	_	linguistic	_	ContainsVariation=No	_	_	_	_	_	_
461-6	PKP136	461	6	[una	una	_	_	_	_	_	linguistic	_	ContainsVariation=No	_	_	_	_	_	0-3(121)
461-7	PKP136	461	7	>serie<	serie	_	_	_	_	_	linguistic	_	ContainsVariation=No	_	_	_	Fast=0-5(0)	_	0-5(121)
461-8	PKP136	461	8	ti]po:	tipo	_	_	_	_	_	linguistic	_	ContainsVariation=No	_	_	3x1	_	_	0-2(121)
461-9	PKP136	461	9	cinquanta	cinquanta	_	_	_	_	_	linguistic	_	ContainsVariation=No	_	_	_	_	_	_
461-10	PKP136	461	10	alberi	alberi	_	_	_	_	_	linguistic	_	ContainsVariation=No	_	_	_	_	_	_
461-11	PKP136	461	11	se	se	_	_	_	_	_	linguistic	_	ContainsVariation=No	_	_	_	_	_	_
461-12	PKP136	461	12	non	non	_	_	_	_	_	linguistic	_	ContainsVariation=No	_	_	_	_	_	_
461-13	PKP136	461	13	sba:glio	sbaglio	_	_	_	_	_	linguistic	_	ContainsVariation=No	_	End=852.23	2x1	_	_	_
462-0	PKP141	462	0	[a::h]	ah	_	_	_	_	_	linguistic	_	ContainsVariation=No	_	Begin=849.782|End=850.321	0x2	_	_	0-2(121)
463-0	PKP141	463	0	xxx	xxx	_	_	_	_	_	unknown	_	ContainsVariation=No	Syllables=3	Begin=852.247|End=854.648	_	_	_	_
464-0	PKP136	464	0	na:ti	nati	_	_	_	_	_	linguistic	_	ContainsVariation=No	_	Begin=852.616	1x1	_	_	_
464-1	PKP136	464	1	nel	nel	_	_	_	_	_	linguistic	_	ContainsVariation=No	_	_	_	_	_	_
464-2	PKP136	464	2	duemi:la,	duemila	_	_	_	_	_	linguistic	_	ContainsVariation=No	Intonation=WeaklyRising	_	4x1	_	_	_
464-3	PKP136	464	3	in	in	_	_	_	_	_	linguistic	_	ContainsVariation=No	_	_	_	_	_	_
464-4	PKP136	464	4	teoria	teoria	_	_	_	_	_	linguistic	_	ContainsVariation=No	_	End=854.635	_	_	_	_
465-0	PKP136	465	0	>cioè	cioè	_	_	_	_	_	linguistic	_	ContainsVariation=No	_	Begin=854.94	_	Fast=0-4(0)	_	_
465-1	PKP136	465	1	che	che	_	_	_	_	_	linguistic	_	ContainsVariation=No	_	_	_	Fast=0-3(0)	_	_
465-2	PKP136	465	2	sono	sono	_	_	_	_	_	linguistic	_	ContainsVariation=No	_	_	_	Fast=0-4(0)	_	_
465-3	PKP136	465	3	iniziati	iniziati	_	_	_	_	_	linguistic	_	ContainsVariation=No	_	_	_	Fast=0-8(0)	_	_
465-4	PKP136	465	4	a:	a	_	_	_	_	_	linguistic	_	ContainsVariation=No	_	_	0x1	Fast=0-1(0)	_	_
465-5	PKP136	465	5	a	a	_	_	_	_	_	linguistic	_	ContainsVariation=No	_	_	_	Fast=0-1(0)	_	_
465-6	PKP136	465	6	fiorire	fiorire	_	_	_	_	_	linguistic	_	ContainsVariation=No	_	_	_	Fast=0-7(0)	_	_
465-7	PKP136	465	7	nel	nel	_	_	_	_	_	linguistic	_	ContainsVariation=No	_	_	_	Fast=0-3(0)	_	_
465-8	PKP136	465	8	duemila<,	duemila	_	_	_	_	_	linguistic	_	ContainsVariation=No	Intonation=WeaklyRising	_	_	Fast=0-7(0)	_	_
465-9	PKP136	465	9	e	e	_	_	_	_	_	linguistic	_	ContainsVariation=No	_	_	_	_	_	_
465-10	PKP136	465	10	qui:ndi	quindi	_	_	_	_	_	linguistic	_	ContainsVariation=No	_	_	2x1	_	_	_
465-11	PKP136	465	11	hanno	hanno	_	_	_	_	_	linguistic	_	ContainsVariation=No	_	_	_	_	_	_
465-12	PKP136	465	12	detto	detto	_	_	_	_	_	linguistic	_	ContainsVariation=No	_	_	_	_	_	_
465-13	PKP136	465	13	noi	noi	_	_	_	_	_	linguistic	_	ContainsVariation=No	_	_	_	_	_	_
465-14	PKP136	465	14	peschiamo:	peschiamo	_	_	_	_	_	linguistic	_	ContainsVariation=No	_	_	8x1	_	_	_
465-15	PKP136	465	15	cinqua:nta	cinquanta	_	_	_	_	_	linguistic	_	ContainsVariation=No	_	_	5x1	_	_	_
465-16	PKP136	465	16	bambini	bambini	_	_	_	_	_	linguistic	_	ContainsVariation=No	_	_	_	_	_	_
465-17	PKP136	465	17	iscritti	iscritti	_	_	_	_	_	linguistic	_	ContainsVariation=No	_	_	_	_	_	_
465-18	PKP136	465	18	che	che	_	_	_	_	_	linguistic	_	ContainsVariation=No	_	_	_	_	_	_
465-19	PKP136	465	19	sono	sono	_	_	_	_	_	linguistic	_	ContainsVariation=No	_	_	_	_	_	_
465-20	PKP136	465	20	nati	nati	_	_	_	_	_	linguistic	_	ContainsVariation=No	_	_	_	_	_	_
465-21	PKP136	465	21	nel	nel	_	_	_	_	_	linguistic	_	ContainsVariation=No	_	_	_	_	_	_
465-22	PKP136	465	22	duemila	duemila	_	_	_	_	_	linguistic	_	ContainsVariation=No	_	_	_	_	_	_
465-23	PKP136	465	23	[così	così	_	_	_	_	_	linguistic	_	ContainsVariation=No	_	_	_	_	_	0-4(123)
465-24	PKP136	465	24	ogni	ogni	_	_	_	_	_	linguistic	_	ContainsVariation=No	_	_	_	_	_	0-4(123)
465-25	PKP136	465	25	ba]mbino	bambino	_	_	_	_	_	linguistic	_	ContainsVariation=No	_	_	_	_	_	0-2(123)
465-26	PKP136	465	26	c'	c'	_	_	_	_	_	linguistic	_	ContainsVariation=No	SpaceAfter=No	_	_	_	_	_
465-27	PKP136	465	27	ha	ha	_	_	_	_	_	linguistic	_	ContainsVariation=No	_	_	_	_	_	_
465-28	PKP136	465	28	il	il	_	_	_	_	_	linguistic	_	ContainsVariation=No	_	_	_	_	_	_
465-29	PKP136	465	29	s~	s~	_	_	_	_	_	linguistic	_	ContainsVariation=No	Interrupted=Yes	_	_	_	_	_
465-30	PKP136	465	30	il	il	_	_	_	_	_	linguistic	_	ContainsVariation=No	_	_	_	_	_	_
465-31	PKP136	465	31	su~	su~	_	_	_	_	_	linguistic	_	ContainsVariation=No	Interrupted=Yes	_	_	_	_	_
465-32	PKP136	465	32	[il	il	_	_	_	_	_	linguistic	_	ContainsVariation=No	_	_	_	_	_	0-2(124)
465-33	PKP136	465	33	suo	suo	_	_	_	_	_	linguistic	_	ContainsVariation=No	_	_	_	_	_	0-3(124)
465-34	PKP136	465	34	albe:ro]	albero	_	_	_	_	_	linguistic	_	ContainsVariation=No	_	End=864.881	3x1	_	_	0-6(124)
466-0	PKP141	466	0	[xxx]	xxx	_	_	_	_	_	unknown	_	ContainsVariation=No	Syllables=3	Begin=862.106|End=862.936	_	_	_	0-3(123)
467-0	PKP142	467	0	[xx]	xx	_	_	_	_	_	unknown	_	ContainsVariation=No	Syllables=2	Begin=864.118|End=864.881	_	_	_	0-2(124)
468-0	PKP142	468	0	fi:[go]	figo	_	_	_	_	_	linguistic	_	ContainsVariation=No	_	Begin=864.881|End=865.363	1x1	_	_	2-4(125)
469-0	PKP136	469	0	[e	e	_	_	_	_	_	linguistic	_	ContainsVariation=No	_	Begin=865.14	_	_	_	0-1(125)
469-1	PKP136	469	1	io]	io	_	_	_	_	_	linguistic	_	ContainsVariation=No	_	_	_	_	_	0-2(125)
469-2	PKP136	469	2	sono	sono	_	_	_	_	_	linguistic	_	ContainsVariation=No	_	_	_	_	_	_
469-3	PKP136	469	3	stato	stato	_	_	_	_	_	linguistic	_	ContainsVariation=No	_	_	_	_	_	_
469-4	PKP136	469	4	iscritto	iscritto	_	_	_	_	_	linguistic	_	ContainsVariation=No	_	_	_	_	_	_
469-5	PKP136	469	5	a	a	_	_	_	_	_	linguistic	_	ContainsVariation=No	_	_	_	_	_	_
469-6	PKP136	469	6	me	me	_	_	_	_	_	linguistic	_	ContainsVariation=No	_	_	_	_	_	_
469-7	PKP136	469	7	c'	c'	_	_	_	_	_	linguistic	_	ContainsVariation=No	SpaceAfter=No	_	_	_	_	_
469-8	PKP136	469	8	è:	è	_	_	_	_	_	linguistic	_	ContainsVariation=No	_	_	0x1	_	_	_
469-9	PKP136	469	9	un	un	_	_	_	_	_	linguistic	_	ContainsVariation=No	_	_	_	_	_	_
469-10	PKP136	469	10	alber[o]	albero	_	_	_	_	_	linguistic	_	ContainsVariation=No	_	End=867.461	_	_	_	4-6(126)
470-0	PKP141	470	0	[ma]	ma	_	_	_	_	_	linguistic	_	ContainsVariation=No	_	Begin=867.372	_	_	_	0-2(126)
470-1	PKP141	470	1	se::rio?	serio	_	_	_	_	_	linguistic	_	ContainsVariation=No	Intonation=Rising	End=868.31	1x2	_	_	_
471-0	PKP142	471	0	stefano	stefano	_	_	_	_	_	linguistic	_	ContainsVariation=No	_	Begin=868.313	_	_	_	_
471-1	PKP142	471	1	lino	lino	_	_	_	_	_	linguistic	_	ContainsVariation=No	_	_	_	_	_	_
471-2	PKP142	471	2	rossi	rossi	_	_	_	_	_	linguistic	_	ContainsVariation=No	_	_	_	_	_	_
471-3	PKP142	471	3	((ride))	((ride))	_	_	_	_	_	nonverbalbehavior	_	ContainsVariation=No	_	End=869.561	_	_	_	_
472-0	PKP136	472	0	non	non	_	_	_	_	_	linguistic	_	ContainsVariation=No	_	Begin=869.685	_	_	_	_
472-1	PKP136	472	1	mi	mi	_	_	_	_	_	linguistic	_	ContainsVariation=No	_	_	_	_	_	_
472-2	PKP136	472	2	ricordo	ricordo	_	_	_	_	_	linguistic	_	ContainsVariation=No	_	_	_	_	_	_
472-3	PKP136	472	3	se	se	_	_	_	_	_	linguistic	_	ContainsVariation=No	_	_	_	_	_	_
472-4	PKP136	472	4	un	un	_	_	_	_	_	linguistic	_	ContainsVariation=No	_	_	_	_	_	_
472-5	PKP136	472	5	cipre:sso	cipresso	_	_	_	_	_	linguistic	_	ContainsVariation=No	_	_	4x1	_	_	_
472-6	PKP136	472	6	o	o	_	_	_	_	_	linguistic	_	ContainsVariation=No	_	_	_	_	_	_
472-7	PKP136	472	7	un	un	_	_	_	_	_	linguistic	_	ContainsVariation=No	_	_	_	_	_	_
472-8	PKP136	472	8	cedro	cedro	_	_	_	_	_	linguistic	_	ContainsVariation=No	_	End=872.041	_	_	_	_
473-0	PKP136	473	0	mi	mi	_	_	_	_	_	linguistic	_	ContainsVariation=No	_	Begin=872.706	_	_	_	_
473-1	PKP136	473	1	sa	sa	_	_	_	_	_	linguistic	_	ContainsVariation=No	_	_	_	_	_	_
473-2	PKP136	473	2	il	il	_	_	_	_	_	linguistic	_	ContainsVariation=No	_	_	_	_	_	_
473-3	PKP136	473	3	cipre:sso	cipresso	_	_	_	_	_	linguistic	_	ContainsVariation=No	_	End=873.66	4x1	_	_	_
474-0	PKP142	474	0	che	che	_	_	_	_	_	linguistic	_	ContainsVariation=No	_	Begin=873.898	_	_	_	_
474-1	PKP142	474	1	[figo]	figo	_	_	_	_	_	linguistic	_	ContainsVariation=No	_	End=874.51	_	_	_	0-4(127)
475-0	PKP141	475	0	[noi	noi	_	_	_	_	_	linguistic	_	ContainsVariation=No	_	Begin=874.156	_	_	_	0-3(127)
475-1	PKP141	475	1	io	io	_	_	_	_	_	linguistic	_	ContainsVariation=No	_	_	_	_	_	0-2(127)
475-2	PKP141	475	2	so]no	sono	_	_	_	_	_	linguistic	_	ContainsVariation=No	_	_	_	_	_	0-2(127)
475-3	PKP141	475	3	alle:rgica	allergica	_	_	_	_	_	linguistic	_	ContainsVariation=No	_	End=875.461	3x1	_	_	_
476-0	PKP142	476	0	((ride))	((ride))	_	_	_	_	_	nonverbalbehavior	_	ContainsVariation=No	_	Begin=875.703|End=876.561	_	_	_	_
477-0	PKP136	477	0	((ride))	((ride))	_	_	_	_	_	nonverbalbehavior	_	ContainsVariation=No	_	Begin=875.703|End=876.561	_	_	_	_
478-0	PKP136	478	0	no	no	_	_	_	_	_	linguistic	_	ContainsVariation=No	_	Begin=876.769	_	_	_	_
478-1	PKP136	478	1	>però<	però	_	_	_	_	_	linguistic	_	ContainsVariation=No	_	_	_	Fast=0-4(0)	_	_
478-2	PKP136	478	2	è	è	_	_	_	_	_	linguistic	_	ContainsVariation=No	_	_	_	_	_	_
478-3	PKP136	478	3	un	un	_	_	_	_	_	linguistic	_	ContainsVariation=No	_	_	_	_	_	_
478-4	PKP136	478	4	albero	albero	_	_	_	_	_	linguistic	_	ContainsVariation=No	_	_	_	_	_	_
478-5	PKP136	478	5	con	con	_	_	_	_	_	linguistic	_	ContainsVariation=No	_	_	_	_	_	_
478-6	PKP136	478	6	cui	cui	_	_	_	_	_	linguistic	_	ContainsVariation=No	_	_	_	_	_	_
478-7	PKP136	478	7	si	si	_	_	_	_	_	linguistic	_	ContainsVariation=No	_	_	_	_	_	_
478-8	PKP136	478	8	fanno:	fanno	_	_	_	_	_	linguistic	_	ContainsVariation=No	_	_	4x1	_	_	_
478-9	PKP136	478	9	anche	anche	_	_	_	_	_	linguistic	_	ContainsVariation=No	_	_	_	_	_	_
478-10	PKP136	478	10	i	i	_	_	_	_	_	linguistic	_	ContainsVariation=No	_	_	_	_	_	_
478-11	PKP136	478	11	mobili	mobili	_	_	_	_	_	linguistic	_	ContainsVariation=No	_	End=879.654	_	_	_	_
479-0	PKP136	479	0	non	non	_	_	_	_	_	linguistic	_	ContainsVariation=No	_	Begin=880.593	_	_	_	_
479-1	PKP136	479	1	lo	lo	_	_	_	_	_	linguistic	_	ContainsVariation=No	_	_	_	_	_	_
479-2	PKP136	479	2	so	so	_	_	_	_	_	linguistic	_	ContainsVariation=No	_	_	_	_	_	_
479-3	PKP136	479	3	[perché	perché	_	_	_	_	_	linguistic	_	ContainsVariation=No	_	_	_	_	_	0-6(129)
479-4	PKP136	479	4	tipo]	tipo	_	_	_	_	_	linguistic	_	ContainsVariation=No	_	End=881.896	_	_	_	0-4(129)
480-0	PKP141	480	0	[a:h	ah	_	_	_	_	_	linguistic	_	ContainsVariation=No	_	Begin=881.188	0x1	_	_	0-2(129)
480-1	PKP141	480	1	x]	x	_	_	_	_	_	unknown	_	ContainsVariation=No	Syllables=1	End=881.846	_	_	_	0-1(129)
481-0	PKP136	481	0	la	la	_	_	_	_	_	linguistic	_	ContainsVariation=No	_	Begin=882.052	_	_	_	_
481-1	PKP136	481	1	[(cameretta)]	cameretta	_	_	_	_	_	linguistic	_	ContainsVariation=No	_	End=883.012	_	_	0-9(0)	0-9(130)
482-0	PKP141	482	0	[il	il	_	_	_	_	_	linguistic	_	ContainsVariation=No	_	Begin=882.246	_	_	_	0-2(130)
482-1	PKP141	482	1	cine:]prio	cineprio	_	_	_	_	_	linguistic	_	ContainsVariation=No	_	_	3x1	_	_	0-4(130)
482-2	PKP141	482	2	che	che	_	_	_	_	_	linguistic	_	ContainsVariation=No	_	_	_	_	_	_
482-3	PKP141	482	3	probabilmente	probabilmente	_	_	_	_	_	linguistic	_	ContainsVariation=No	_	_	_	_	_	_
482-4	PKP141	482	4	non	non	_	_	_	_	_	linguistic	_	ContainsVariation=No	_	_	_	_	_	_
482-5	PKP141	482	5	è	è	_	_	_	_	_	linguistic	_	ContainsVariation=No	_	_	_	_	_	_
482-6	PKP141	482	6	un	un	_	_	_	_	_	linguistic	_	ContainsVariation=No	_	_	_	_	_	_
482-7	PKP141	482	7	a:l[bero]	albero	_	_	_	_	_	linguistic	_	ContainsVariation=No	_	End=884.471	0x1	_	_	2-6(131)
483-0	PKP136	483	0	[n]o	no	_	_	_	_	_	linguistic	_	ContainsVariation=No	_	Begin=884.325|End=884.742	_	_	_	0-1(131)
484-0	PKP136	484	0	°eh	eh	_	_	_	_	_	linguistic	_	ContainsVariation=No	Volume=low	Begin=884.922	_	_	_	_
484-1	PKP136	484	1	infatti	infatti	_	_	_	_	_	linguistic	_	ContainsVariation=No	Volume=low	_	_	_	_	_
484-2	PKP136	484	2	il	il	_	_	_	_	_	linguistic	_	ContainsVariation=No	Volume=low	_	_	_	_	_
484-3	PKP136	484	3	[ginepro	ginepro	_	_	_	_	_	linguistic	_	ContainsVariation=No	Volume=low	_	_	_	_	0-7(132)
484-4	PKP136	484	4	non	non	_	_	_	_	_	linguistic	_	ContainsVariation=No	Volume=low	_	_	_	_	0-3(132)
484-5	PKP136	484	5	lo	lo	_	_	_	_	_	linguistic	_	ContainsVariation=No	Volume=low	_	_	_	_	0-2(132)
484-6	PKP136	484	6	so]	so	_	_	_	_	_	linguistic	_	ContainsVariation=No	Volume=low	_	_	_	_	0-2(132)
484-7	PKP136	484	7	cos'	cos'	_	_	_	_	_	linguistic	_	ContainsVariation=No	SpaceAfter=No|Volume=low	_	_	_	_	_
484-8	PKP136	484	8	[è°]	è	_	_	_	_	_	linguistic	_	ContainsVariation=No	Volume=low	End=886.688	_	_	_	0-1(133)
485-0	PKP142	485	0	[°no	no	_	_	_	_	_	linguistic	_	ContainsVariation=No	Volume=low	Begin=885.556	_	_	_	0-2(132)
485-1	PKP142	485	1	non	non	_	_	_	_	_	linguistic	_	ContainsVariation=No	Volume=low	_	_	_	_	0-3(132)
485-2	PKP142	485	2	lo	lo	_	_	_	_	_	linguistic	_	ContainsVariation=No	Volume=low	_	_	_	_	0-2(132)
485-3	PKP142	485	3	so°]	so	_	_	_	_	_	linguistic	_	ContainsVariation=No	Volume=low	End=886.396	_	_	_	0-2(132)
486-0	PKP141	486	0	[(ci]nepro)	cinepro	_	_	_	_	_	linguistic	_	ContainsVariation=No	_	Begin=886.528|End=887.247	_	_	0-7(0)	0-2(?)
487-0	PKP136	487	0	però	però	_	_	_	_	_	linguistic	_	ContainsVariation=No	_	Begin=887.087	_	_	_	_
487-1	PKP136	487	1	tipo	tipo	_	_	_	_	_	linguistic	_	ContainsVariation=No	_	_	_	_	_	_
487-2	PKP136	487	2	mia	mia	_	_	_	_	_	linguistic	_	ContainsVariation=No	_	_	_	_	_	_
487-3	PKP136	487	3	madre	madre	_	_	_	_	_	linguistic	_	ContainsVariation=No	_	_	_	_	_	_
487-4	PKP136	487	4	c'	c'	_	_	_	_	_	linguistic	_	ContainsVariation=No	SpaceAfter=No	_	_	_	_	_
487-5	PKP136	487	5	aveva	aveva	_	_	_	_	_	linguistic	_	ContainsVariation=No	_	_	_	_	_	_
487-6	PKP136	487	6	la	la	_	_	_	_	_	linguistic	_	ContainsVariation=No	_	_	_	_	_	_
487-7	PKP136	487	7	[cameretta	cameretta	_	_	_	_	_	linguistic	_	ContainsVariation=No	_	_	_	_	_	0-9(?)
487-8	PKP136	487	8	da	da	_	_	_	_	_	linguistic	_	ContainsVariation=No	_	_	_	_	_	0-2(?)
487-9	PKP136	487	9	bambi]:no	bambino	_	_	_	_	_	linguistic	_	ContainsVariation=No	_	End=889.64	4x1	_	_	0-5(?)
488-0	PKP141	488	0	[il	il	_	_	_	_	_	linguistic	_	ContainsVariation=No	_	Begin=888.5	_	_	_	0-2(135)
488-1	PKP141	488	1	cina::r]	cinar	_	_	_	_	_	linguistic	_	ContainsVariation=No	_	End=889.405	3x2	_	_	0-5(135)
489-0	PKP141	489	0	quello	quello	_	_	_	_	_	linguistic	_	ContainsVariation=No	_	Begin=889.655	_	_	_	_
489-1	PKP141	489	1	che	che	_	_	_	_	_	linguistic	_	ContainsVariation=No	_	_	_	_	_	_
489-2	PKP141	489	2	si	si	_	_	_	_	_	linguistic	_	ContainsVariation=No	_	_	_	_	_	_
489-3	PKP141	489	3	be:ve	beve	_	_	_	_	_	linguistic	_	ContainsVariation=No	_	End=890.482	1x1	_	_	_
490-0	PKP142	490	0	((ride))	((ride))	_	_	_	_	_	nonverbalbehavior	_	ContainsVariation=No	_	Begin=889.975|End=890.494	_	_	_	_
491-0	PKP136	491	0	(smetti)	smetti	_	_	_	_	_	linguistic	_	ContainsVariation=No	_	Begin=890.718	_	_	0-6(0)	_
491-1	PKP136	491	1	((ride))	((ride))	_	_	_	_	_	nonverbalbehavior	_	ContainsVariation=No	_	End=891.821	_	_	_	_
492-0	PKP136	492	0	((ride))	((ride))	_	_	_	_	_	nonverbalbehavior	_	ContainsVariation=No	_	Begin=892.182	_	_	_	_
492-1	PKP136	492	1	c'	c'	_	_	_	_	_	linguistic	_	ContainsVariation=No	SpaceAfter=No	_	_	_	_	_
492-2	PKP136	492	2	era	era	_	_	_	_	_	linguistic	_	ContainsVariation=No	_	_	_	_	_	_
492-3	PKP136	492	3	l~	l~	_	_	_	_	_	linguistic	_	ContainsVariation=No	Interrupted=Yes	_	_	_	_	_
492-4	PKP136	492	4	la::m:h	lamh	_	_	_	_	_	linguistic	_	ContainsVariation=No	_	_	1x2,2x1	_	_	_
492-5	PKP136	492	5	cameretta	cameretta	_	_	_	_	_	linguistic	_	ContainsVariation=No	_	_	_	_	_	_
492-6	PKP136	492	6	di	di	_	_	_	_	_	linguistic	_	ContainsVariation=No	_	_	_	_	_	_
492-7	PKP136	492	7	mia	mia	_	_	_	_	_	linguistic	_	ContainsVariation=No	_	_	_	_	_	_
492-8	PKP136	492	8	madre	madre	_	_	_	_	_	linguistic	_	ContainsVariation=No	_	_	_	_	_	_
492-9	PKP136	492	9	>da	da	_	_	_	_	_	linguistic	_	ContainsVariation=No	_	_	_	Fast=0-2(0)	_	_
492-10	PKP136	492	10	bambina<	bambina	_	_	_	_	_	linguistic	_	ContainsVariation=No	_	_	_	Fast=0-7(0)	_	_
492-11	PKP136	492	11	che	che	_	_	_	_	_	linguistic	_	ContainsVariation=No	_	_	_	_	_	_
492-12	PKP136	492	12	era	era	_	_	_	_	_	linguistic	_	ContainsVariation=No	_	_	_	_	_	_
492-13	PKP136	492	13	fatta	fatta	_	_	_	_	_	linguistic	_	ContainsVariation=No	_	_	_	_	_	_
492-14	PKP136	492	14	con	con	_	_	_	_	_	linguistic	_	ContainsVariation=No	_	_	_	_	_	_
492-15	PKP136	492	15	questo	questo	_	_	_	_	_	linguistic	_	ContainsVariation=No	_	_	_	_	_	_
492-16	PKP136	492	16	a:lbero	albero	_	_	_	_	_	linguistic	_	ContainsVariation=No	_	End=896.988	0x1	_	_	_
493-0	PKP136	493	0	[c'	c'	_	_	_	_	_	linguistic	_	ContainsVariation=No	SpaceAfter=No	Begin=897.091	_	_	_	_
493-1	PKP136	493	1	aveva	aveva	_	_	_	_	_	linguistic	_	ContainsVariation=No	_	_	_	_	_	_
493-2	PKP136	493	2	tipo	tipo	_	_	_	_	_	linguistic	_	ContainsVariation=No	_	_	_	_	_	_
493-3	PKP136	493	3	i	i	_	_	_	_	_	linguistic	_	ContainsVariation=No	_	_	_	_	_	_
493-4	PKP136	493	4	mo:bili:	mobili	_	_	_	_	_	linguistic	_	ContainsVariation=No	_	_	1x1,5x1	_	_	_
493-5	PKP136	493	5	il	il	_	_	_	_	_	linguistic	_	ContainsVariation=No	_	_	_	_	_	_
493-6	PKP136	493	6	[(ca~)	ca~	_	_	_	_	_	linguistic	_	ContainsVariation=No	Interrupted=Yes	_	_	_	0-3(0)	_
493-7	PKP136	493	7	il	il	_	_	_	_	_	linguistic	_	ContainsVariation=No	_	_	_	_	_	_
493-8	PKP136	493	8	le:tto],	letto	_	_	_	_	_	linguistic	_	ContainsVariation=No	Intonation=WeaklyRising	_	1x1	_	_	_
493-9	PKP136	493	9	>le	le	_	_	_	_	_	linguistic	_	ContainsVariation=No	_	_	_	Fast=0-2(0)	_	_
493-10	PKP136	493	10	cose<]	cose	_	_	_	_	_	linguistic	_	ContainsVariation=No	_	End=900.276	_	Fast=0-4(0)	_	_
494-0	PKP142	494	0	[u::h	uh	_	_	_	_	_	linguistic	_	ContainsVariation=No	_	Begin=897.21	0x2	_	_	_
494-1	PKP142	494	1	che	che	_	_	_	_	_	linguistic	_	ContainsVariation=No	_	_	_	_	_	_
494-2	PKP142	494	2	[cari:::no:]]	carino	_	_	_	_	_	linguistic	_	ContainsVariation=No	_	End=899.816	3x3,5x1	_	_	_
495-0	PKP141	495	0	[[no:::]	no	_	_	_	_	_	linguistic	_	ContainsVariation=No	_	Begin=898.572	1x3	_	_	_
495-1	PKP141	495	1	non	non	_	_	_	_	_	linguistic	_	ContainsVariation=No	_	_	_	_	_	_
495-2	PKP141	495	2	ci]	ci	_	_	_	_	_	linguistic	_	ContainsVariation=No	_	_	_	_	_	_
495-3	PKP141	495	3	cre:[do]	credo	_	_	_	_	_	linguistic	_	ContainsVariation=No	_	End=901.014	2x1	_	_	_
496-0	PKP136	496	0	[e	e	_	_	_	_	_	linguistic	_	ContainsVariation=No	_	Begin=900.48	_	_	_	0-1(?)
496-1	PKP136	496	1	quando	quando	_	_	_	_	_	linguistic	_	ContainsVariation=No	_	_	_	_	_	0-6(?)
496-2	PKP136	496	2	ero]	ero	_	_	_	_	_	linguistic	_	ContainsVariation=No	_	_	_	_	_	0-3(?)
496-3	PKP136	496	3	pi:ccolo	piccolo	_	_	_	_	_	linguistic	_	ContainsVariation=No	_	_	1x1	_	_	_
496-4	PKP136	496	4	i	i	_	_	_	_	_	linguistic	_	ContainsVariation=No	_	_	_	_	_	_
496-5	PKP136	496	5	m~	m~	_	_	_	_	_	linguistic	_	ContainsVariation=No	Interrupted=Yes	_	_	_	_	_
496-6	PKP136	496	6	i	i	_	_	_	_	_	linguistic	_	ContainsVariation=No	_	_	_	_	_	_
496-7	PKP136	496	7	suoi	suoi	_	_	_	_	_	linguistic	_	ContainsVariation=No	_	_	_	_	_	_
496-8	PKP136	496	8	mobilie:	mobilie	_	_	_	_	_	linguistic	_	ContainsVariation=No	_	_	6x1	_	_	_
496-9	PKP136	496	9	d~	d~	_	_	_	_	_	linguistic	_	ContainsVariation=No	Interrupted=Yes	_	_	_	_	_
496-10	PKP136	496	10	>da	da	_	_	_	_	_	linguistic	_	ContainsVariation=No	_	_	_	Fast=0-2(0)	_	_
496-11	PKP136	496	11	bambina<	bambina	_	_	_	_	_	linguistic	_	ContainsVariation=No	_	_	_	Fast=0-7(0)	_	_
496-12	PKP136	496	12	li	li	_	_	_	_	_	linguistic	_	ContainsVariation=No	_	_	_	_	_	_
496-13	PKP136	496	13	hanno	hanno	_	_	_	_	_	linguistic	_	ContainsVariation=No	_	_	_	_	_	_
496-14	PKP136	496	14	trasportati	trasportati	_	_	_	_	_	linguistic	_	ContainsVariation=No	_	_	_	_	_	_
496-15	PKP136	496	15	un	un	_	_	_	_	_	linguistic	_	ContainsVariation=No	_	_	_	_	_	_
496-16	PKP136	496	16	camera	camera	_	_	_	_	_	linguistic	_	ContainsVariation=No	_	_	_	_	_	_
496-17	PKP136	496	17	mia	mia	_	_	_	_	_	linguistic	_	ContainsVariation=No	_	_	_	_	_	_
496-18	PKP136	496	18	quindi	quindi	_	_	_	_	_	linguistic	_	ContainsVariation=No	_	_	_	_	_	_
496-19	PKP136	496	19	io	io	_	_	_	_	_	linguistic	_	ContainsVariation=No	_	_	_	_	_	_
496-20	PKP136	496	20	dormi::vo	dormivo	_	_	_	_	_	linguistic	_	ContainsVariation=No	_	_	4x2	_	_	_
496-21	PKP136	496	21	su	su	_	_	_	_	_	linguistic	_	ContainsVariation=No	_	_	_	_	_	_
496-22	PKP136	496	22	un	un	_	_	_	_	_	linguistic	_	ContainsVariation=No	_	_	_	_	_	_
496-23	PKP136	496	23	letto	letto	_	_	_	_	_	linguistic	_	ContainsVariation=No	_	_	_	_	_	_
496-24	PKP136	496	24	fatto	fatto	_	_	_	_	_	linguistic	_	ContainsVariation=No	_	_	_	_	_	_
496-25	PKP136	496	25	con	con	_	_	_	_	_	linguistic	_	ContainsVariation=No	_	_	_	_	_	_
496-26	PKP136	496	26	questo	questo	_	_	_	_	_	linguistic	_	ContainsVariation=No	_	_	_	_	_	_
496-27	PKP136	496	27	albero	albero	_	_	_	_	_	linguistic	_	ContainsVariation=No	_	End=907.861	_	_	_	_
497-0	PKP141	497	0	[(fatto	fatto	_	_	_	_	_	linguistic	_	ContainsVariation=No	_	Begin=906.755	_	_	0-5(0)	0-5(138)
497-1	PKP141	497	1	di	di	_	_	_	_	_	linguistic	_	ContainsVariation=No	_	_	_	_	0-2(0)	0-2(138)
497-2	PKP141	497	2	questo)]	questo	_	_	_	_	_	linguistic	_	ContainsVariation=No	_	End=907.829	_	_	0-6(0)	0-6(138)
498-0	PKP136	498	0	di	di	_	_	_	_	_	linguistic	_	ContainsVariation=No	_	Begin=908.135	_	_	_	_
498-1	PKP136	498	1	cu:i,	cui	_	_	_	_	_	linguistic	_	ContainsVariation=No	Intonation=WeaklyRising	_	1x1	_	_	_
498-2	PKP136	498	2	sì	sì	_	_	_	_	_	linguistic	_	ContainsVariation=No	_	_	_	_	_	_
498-3	PKP136	498	3	esatto	esatto	_	_	_	_	_	linguistic	_	ContainsVariation=No	_	End=909.14	_	_	_	_
499-0	PKP136	499	0	>no	no	_	_	_	_	_	linguistic	_	ContainsVariation=No	_	Begin=909.14	_	Fast=0-2(0)	_	_
499-1	PKP136	499	1	ma	ma	_	_	_	_	_	linguistic	_	ContainsVariation=No	_	_	_	Fast=0-2(0)	_	_
499-2	PKP136	499	2	[perché	perché	_	_	_	_	_	linguistic	_	ContainsVariation=No	_	_	_	Fast=0-6(0)	_	0-6(139)
499-3	PKP136	499	3	poi<,	poi	_	_	_	_	_	linguistic	_	ContainsVariation=No	Intonation=WeaklyRising	_	_	Fast=0-3(0)	_	0-3(139)
499-4	PKP136	499	4	è	è	_	_	_	_	_	linguistic	_	ContainsVariation=No	_	_	_	_	_	0-1(139)
499-5	PKP136	499	5	a	a	_	_	_	_	_	linguistic	_	ContainsVariation=No	_	_	_	_	_	0-1(139)
499-6	PKP136	499	6	mio	mio	_	_	_	_	_	linguistic	_	ContainsVariation=No	_	_	_	_	_	0-3(139)
499-7	PKP136	499	7	nome]	nome	_	_	_	_	_	linguistic	_	ContainsVariation=No	_	End=910.615	_	_	_	0-4(139)
500-0	PKP142	500	0	[ma	ma	_	_	_	_	_	linguistic	_	ContainsVariation=No	_	Begin=909.32	_	_	_	0-2(139)
500-1	PKP142	500	1	è	è	_	_	_	_	_	linguistic	_	ContainsVariation=No	_	_	_	_	_	0-1(139)
500-2	PKP142	500	2	stata	stata	_	_	_	_	_	linguistic	_	ContainsVariation=No	_	_	_	_	_	0-5(139)
500-3	PKP142	500	3	una	una	_	_	_	_	_	linguistic	_	ContainsVariation=No	_	_	_	_	_	0-3(139)
500-4	PKP142	500	4	coincidenz]a?	coincidenza	_	_	_	_	_	linguistic	_	ContainsVariation=No	Intonation=Rising	End=910.79	_	_	_	0-10(139)
501-0	PKP136	501	0	xx	xx	_	_	_	_	_	unknown	_	ContainsVariation=No	Syllables=2	Begin=910.74	_	_	_	_
501-1	PKP136	501	1	[x]	x	_	_	_	_	_	unknown	_	ContainsVariation=No	Syllables=1	End=912.066	_	_	_	0-1(141)
502-0	PKP142	502	0	[o::h	oh	_	_	_	_	_	linguistic	_	ContainsVariation=No	_	Begin=911.38	0x2	_	_	0-2(141)
502-1	PKP142	502	1	che]	che	_	_	_	_	_	linguistic	_	ContainsVariation=No	_	_	_	_	_	0-3(141)
502-2	PKP142	502	2	[cari::no::]	carino	_	_	_	_	_	linguistic	_	ContainsVariation=No	_	End=913.372	3x2,5x2	_	_	0-6(142)
503-0	PKP136	503	0	[si	si	_	_	_	_	_	linguistic	_	ContainsVariation=No	_	Begin=912.205	_	_	_	0-2(142)
503-1	PKP136	503	1	(grazie)]	grazie	_	_	_	_	_	linguistic	_	ContainsVariation=No	_	End=912.881	_	_	0-6(0)	0-6(142)
504-0	PKP136	504	0	che	che	_	_	_	_	_	linguistic	_	ContainsVariation=No	_	Begin=913.741	_	_	_	_
504-1	PKP136	504	1	poi	poi	_	_	_	_	_	linguistic	_	ContainsVariation=No	_	_	_	_	_	_
504-2	PKP136	504	2	in	in	_	_	_	_	_	linguistic	_	ContainsVariation=No	_	_	_	_	_	_
504-3	PKP136	504	3	realtà	realtà	_	_	_	_	_	linguistic	_	ContainsVariation=No	_	_	_	_	_	_
504-4	PKP136	504	4	>tipo<	tipo	_	_	_	_	_	linguistic	_	ContainsVariation=No	_	_	_	Fast=0-4(0)	_	_
504-5	PKP136	504	5	stanno	stanno	_	_	_	_	_	linguistic	_	ContainsVariation=No	_	_	_	_	_	_
504-6	PKP136	504	6	ancora	ancora	_	_	_	_	_	linguistic	_	ContainsVariation=No	_	_	_	_	_	_
504-7	PKP136	504	7	e	e	_	_	_	_	_	linguistic	_	ContainsVariation=No	_	_	_	_	_	_
504-8	PKP136	504	8	in	in	_	_	_	_	_	linguistic	_	ContainsVariation=No	_	_	_	_	_	_
504-9	PKP136	504	9	teoria	teoria	_	_	_	_	_	linguistic	_	ContainsVariation=No	_	_	_	_	_	_
504-10	PKP136	504	10	c'	c'	_	_	_	_	_	linguistic	_	ContainsVariation=No	SpaceAfter=No	_	_	_	_	_
504-11	PKP136	504	11	hanno	hanno	_	_	_	_	_	linguistic	_	ContainsVariation=No	_	_	_	_	_	_
504-12	PKP136	504	12	anche	anche	_	_	_	_	_	linguistic	_	ContainsVariation=No	_	_	_	_	_	_
504-13	PKP136	504	13	i	i	_	_	_	_	_	linguistic	_	ContainsVariation=No	_	_	_	_	_	_
504-14	PKP136	504	14	cartellini::	cartellini	_	_	_	_	_	linguistic	_	ContainsVariation=No	_	_	9x2	_	_	_
504-15	PKP136	504	15	attac[cati	attaccati	_	_	_	_	_	linguistic	_	ContainsVariation=No	_	_	_	_	_	4-9(143)
504-16	PKP136	504	16	con	con	_	_	_	_	_	linguistic	_	ContainsVariation=No	_	_	_	_	_	0-3(143)
504-17	PKP136	504	17	i	i	_	_	_	_	_	linguistic	_	ContainsVariation=No	_	_	_	_	_	0-1(143)
504-18	PKP136	504	18	nomi,	nomi	_	_	_	_	_	linguistic	_	ContainsVariation=No	Intonation=WeaklyRising	_	_	_	_	0-4(143)
504-19	PKP136	504	19	s]olo	solo	_	_	_	_	_	linguistic	_	ContainsVariation=No	_	_	_	_	_	0-1(143)
504-20	PKP136	504	20	che	che	_	_	_	_	_	linguistic	_	ContainsVariation=No	_	_	_	_	_	_
504-21	PKP136	504	21	figurati	figurati	_	_	_	_	_	linguistic	_	ContainsVariation=No	_	_	_	_	_	_
504-22	PKP136	504	22	dal	dal	_	_	_	_	_	linguistic	_	ContainsVariation=No	_	_	_	_	_	_
504-23	PKP136	504	23	duemilaqua:ttro	duemilaquattro	_	_	_	_	_	linguistic	_	ContainsVariation=No	_	End=920.756	9x1	_	_	_
505-0	PKP141	505	0	[(veramente?)]	veramente	_	_	_	_	_	linguistic	_	ContainsVariation=No	Intonation=Rising	Begin=918.145|End=919.125	_	_	0-9(0)	0-9(143)
506-0	PKP142	506	0	beh	beh	_	_	_	_	_	linguistic	_	ContainsVariation=No	_	Begin=920.924	_	_	_	_
506-1	PKP142	506	1	sìm:h	sìmh	_	_	_	_	_	linguistic	_	ContainsVariation=No	_	End=921.703	2x1	_	_	_
507-0	PKP136	507	0	non	non	_	_	_	_	_	linguistic	_	ContainsVariation=No	_	Begin=922.059	_	_	_	_
507-1	PKP136	507	1	so	so	_	_	_	_	_	linguistic	_	ContainsVariation=No	_	_	_	_	_	_
507-2	PKP136	507	2	nemmeno	nemmeno	_	_	_	_	_	linguistic	_	ContainsVariation=No	_	_	_	_	_	_
507-3	PKP136	507	3	se	se	_	_	_	_	_	linguistic	_	ContainsVariation=No	_	_	_	_	_	_
507-4	PKP136	507	4	campano	campano	_	_	_	_	_	linguistic	_	ContainsVariation=No	_	_	_	_	_	_
507-5	PKP136	507	5	ancora	ancora	_	_	_	_	_	linguistic	_	ContainsVariation=No	_	_	_	_	_	_
507-6	PKP136	507	6	questi	questi	_	_	_	_	_	linguistic	_	ContainsVariation=No	_	_	_	_	_	_
507-7	PKP136	507	7	alberi	alberi	_	_	_	_	_	linguistic	_	ContainsVariation=No	_	_	_	_	_	_
507-8	PKP136	507	8	onestamente	onestamente	_	_	_	_	_	linguistic	_	ContainsVariation=No	_	End=924.503	_	_	_	_
508-0	PKP142	508	0	e:h	eh	_	_	_	_	_	linguistic	_	ContainsVariation=No	_	Begin=924.503	0x1	_	_	_
508-1	PKP142	508	1	infa~	infa~	_	_	_	_	_	linguistic	_	ContainsVariation=No	Interrupted=Yes	_	_	_	_	_
508-2	PKP142	508	2	mi	mi	_	_	_	_	_	linguistic	_	ContainsVariation=No	_	_	_	_	_	_
508-3	PKP142	508	3	ricordavo	ricordavo	_	_	_	_	_	linguistic	_	ContainsVariation=No	_	_	_	_	_	_
508-4	PKP142	508	4	di	di	_	_	_	_	_	linguistic	_	ContainsVariation=No	_	_	_	_	_	_
508-5	PKP142	508	5	una	una	_	_	_	_	_	linguistic	_	ContainsVariation=No	_	_	_	_	_	_
508-6	PKP142	508	6	cosa	cosa	_	_	_	_	_	linguistic	_	ContainsVariation=No	_	_	_	_	_	_
508-7	PKP142	508	7	del	del	_	_	_	_	_	linguistic	_	ContainsVariation=No	_	_	_	_	_	_
508-8	PKP142	508	8	genere	genere	_	_	_	_	_	linguistic	_	ContainsVariation=No	_	_	_	_	_	_
508-9	PKP142	508	9	non	non	_	_	_	_	_	linguistic	_	ContainsVariation=No	_	_	_	_	_	_
508-10	PKP142	508	10	mi	mi	_	_	_	_	_	linguistic	_	ContainsVariation=No	_	_	_	_	_	_
508-11	PKP142	508	11	ricodavo	ricodavo	_	_	_	_	_	linguistic	_	ContainsVariation=No	_	_	_	_	_	_
508-12	PKP142	508	12	che	che	_	_	_	_	_	linguistic	_	ContainsVariation=No	_	_	_	_	_	_
508-13	PKP142	508	13	fosse	fosse	_	_	_	_	_	linguistic	_	ContainsVariation=No	_	_	_	_	_	_
508-14	PKP142	508	14	proprio	proprio	_	_	_	_	_	linguistic	_	ContainsVariation=No	_	_	_	_	_	_
508-15	PKP142	508	15	a	a	_	_	_	_	_	linguistic	_	ContainsVariation=No	_	_	_	_	_	_
508-16	PKP142	508	16	m:~	m~	_	_	_	_	_	linguistic	_	ContainsVariation=No	Interrupted=Yes	_	0x1	_	_	_
508-17	PKP142	508	17	[a	a	_	_	_	_	_	linguistic	_	ContainsVariation=No	_	_	_	_	_	0-1(144)
508-18	PKP142	508	18	matera	matera	_	_	_	_	_	linguistic	_	ContainsVariation=No	_	_	_	_	_	0-6(144)
508-19	PKP142	508	19	(proprio)]	proprio	_	_	_	_	_	linguistic	_	ContainsVariation=No	_	End=928.269	_	_	0-7(0)	0-7(144)
509-0	PKP136	509	0	[s:ì	sì	_	_	_	_	_	linguistic	_	ContainsVariation=No	_	Begin=927.496	0x1	_	_	0-2(144)
509-1	PKP136	509	1	posso	posso	_	_	_	_	_	linguistic	_	ContainsVariation=No	_	_	_	_	_	0-5(144)
509-2	PKP136	509	2	di]re	dire	_	_	_	_	_	linguistic	_	ContainsVariation=No	_	_	_	_	_	0-2(144)
509-3	PKP136	509	3	che	che	_	_	_	_	_	linguistic	_	ContainsVariation=No	_	_	_	_	_	_
509-4	PKP136	509	4	sia	sia	_	_	_	_	_	linguistic	_	ContainsVariation=No	_	_	_	_	_	_
509-5	PKP136	509	5	una	una	_	_	_	_	_	linguistic	_	ContainsVariation=No	_	_	_	_	_	_
509-6	PKP136	509	6	cosa	cosa	_	_	_	_	_	linguistic	_	ContainsVariation=No	_	_	_	_	_	_
509-7	PKP136	509	7	che	che	_	_	_	_	_	linguistic	_	ContainsVariation=No	_	_	_	_	_	_
509-8	PKP136	509	8	hanno	hanno	_	_	_	_	_	linguistic	_	ContainsVariation=No	_	_	_	_	_	_
509-9	PKP136	509	9	fatto	fatto	_	_	_	_	_	linguistic	_	ContainsVariation=No	_	_	_	_	_	_
509-10	PKP136	509	10	in	in	_	_	_	_	_	linguistic	_	ContainsVariation=No	_	_	_	_	_	_
509-11	PKP136	509	11	giro	giro	_	_	_	_	_	linguistic	_	ContainsVariation=No	_	_	_	_	_	_
509-12	PKP136	509	12	un	un	_	_	_	_	_	linguistic	_	ContainsVariation=No	_	_	_	_	_	_
509-13	PKP136	509	13	po'	po'	_	_	_	_	_	linguistic	_	ContainsVariation=No	_	_	_	_	_	_
509-14	PKP136	509	14	per	per	_	_	_	_	_	linguistic	_	ContainsVariation=No	_	_	_	_	_	_
509-15	PKP136	509	15	e:	e	_	_	_	_	_	linguistic	_	ContainsVariation=No	_	_	0x1	_	_	_
509-16	PKP136	509	16	per	per	_	_	_	_	_	linguistic	_	ContainsVariation=No	_	_	_	_	_	_
509-17	PKP136	509	17	tutta	tutta	_	_	_	_	_	linguistic	_	ContainsVariation=No	_	_	_	_	_	_
509-18	PKP136	509	18	italia	italia	_	_	_	_	_	linguistic	_	ContainsVariation=No	_	_	_	_	_	_
509-19	PKP136	509	19	[nel	nel	_	_	_	_	_	linguistic	_	ContainsVariation=No	_	_	_	_	_	0-3(145)
509-20	PKP136	509	20	duemi:la	duemila	_	_	_	_	_	linguistic	_	ContainsVariation=No	_	_	4x1	_	_	0-7(145)
509-21	PKP136	509	21	che	che	_	_	_	_	_	linguistic	_	ContainsVariation=No	_	_	_	_	_	0-3(145)
509-22	PKP136	509	22	ci	ci	_	_	_	_	_	linguistic	_	ContainsVariation=No	_	_	_	_	_	0-2(145)
509-23	PKP136	509	23	f]u:	fu	_	_	_	_	_	linguistic	_	ContainsVariation=No	_	_	1x1	_	_	0-1(145)
509-24	PKP136	509	24	ci	ci	_	_	_	_	_	linguistic	_	ContainsVariation=No	_	_	_	_	_	_
509-25	PKP136	509	25	erano	erano	_	_	_	_	_	linguistic	_	ContainsVariation=No	_	_	_	_	_	_
509-26	PKP136	509	26	un	un	_	_	_	_	_	linguistic	_	ContainsVariation=No	_	_	_	_	_	_
509-27	PKP136	509	27	sacco	sacco	_	_	_	_	_	linguistic	_	ContainsVariation=No	_	_	_	_	_	_
509-28	PKP136	509	28	di	di	_	_	_	_	_	linguistic	_	ContainsVariation=No	_	_	_	_	_	_
509-29	PKP136	509	29	bambi:ni	bambini	_	_	_	_	_	linguistic	_	ContainsVariation=No	_	_	4x1	_	_	_
509-30	PKP136	509	30	che	che	_	_	_	_	_	linguistic	_	ContainsVariation=No	_	_	_	_	_	_
509-31	PKP136	509	31	sono	sono	_	_	_	_	_	linguistic	_	ContainsVariation=No	_	_	_	_	_	_
509-32	PKP136	509	32	nati	nati	_	_	_	_	_	linguistic	_	ContainsVariation=No	_	_	_	_	_	_
509-33	PKP136	509	33	nel	nel	_	_	_	_	_	linguistic	_	ContainsVariation=No	_	_	_	_	_	_
509-34	PKP136	509	34	duemila	duemila	_	_	_	_	_	linguistic	_	ContainsVariation=No	_	End=934.977	_	_	_	_
510-0	PKP142	510	0	[può	può	_	_	_	_	_	linguistic	_	ContainsVariation=No	_	Begin=931.533	_	_	_	0-3(145)
510-1	PKP142	510	1	e:ssere]	essere	_	_	_	_	_	linguistic	_	ContainsVariation=No	_	End=932.527	0x1	_	_	0-6(145)
511-0	PKP136	511	0	ba~	ba~	_	_	_	_	_	linguistic	_	ContainsVariation=No	Interrupted=Yes	Begin=935.427	_	_	_	_
511-1	PKP136	511	1	bambi:ni	bambini	_	_	_	_	_	linguistic	_	ContainsVariation=No	_	_	4x1	_	_	_
511-2	PKP136	511	2	c'	c'	_	_	_	_	_	linguistic	_	ContainsVariation=No	SpaceAfter=No	_	_	_	_	_
511-3	PKP136	511	3	abbiamo	abbiamo	_	_	_	_	_	linguistic	_	ContainsVariation=No	_	_	_	_	_	_
511-4	PKP136	511	4	ventitre	ventitre	_	_	_	_	_	linguistic	_	ContainsVariation=No	_	_	_	_	_	_
511-5	PKP136	511	5	a:nni	anni	_	_	_	_	_	linguistic	_	ContainsVariation=No	_	_	0x1	_	_	_
511-6	PKP136	511	6	orma:i	ormai	_	_	_	_	_	linguistic	_	ContainsVariation=No	_	_	3x1	_	_	_
511-7	PKP136	511	7	((ride))	((ride))	_	_	_	_	_	nonverbalbehavior	_	ContainsVariation=No	_	End=938.103	_	_	_	_
512-0	PKP141	512	0	oddio	oddio	_	_	_	_	_	linguistic	_	ContainsVariation=No	_	Begin=937.682|End=938.377	_	_	_	_
513-0	PKP142	513	0	<ventitré>	ventitré	_	_	_	_	_	linguistic	_	ContainsVariation=No	_	Begin=939.246	_	Slow=0-8(0)	_	_
513-1	PKP142	513	1	anni	anni	_	_	_	_	_	linguistic	_	ContainsVariation=No	_	_	_	_	_	_
513-2	PKP142	513	2	fa	fa	_	_	_	_	_	linguistic	_	ContainsVariation=No	_	_	_	_	_	_
513-3	PKP142	513	3	TU	tu	_	_	_	_	_	linguistic	_	ContainsVariation=No	Volume=high	_	_	_	_	_
513-4	PKP142	513	4	hai	hai	_	_	_	_	_	linguistic	_	ContainsVariation=No	_	_	_	_	_	_
513-5	PKP142	513	5	ventitré	ventitré	_	_	_	_	_	linguistic	_	ContainsVariation=No	_	_	_	_	_	_
513-6	PKP142	513	6	a:nni	anni	_	_	_	_	_	linguistic	_	ContainsVariation=No	_	End=941.501	0x1	_	_	_
514-0	PKP136	514	0	qua:[si	quasi	_	_	_	_	_	linguistic	_	ContainsVariation=No	_	Begin=941.607	2x1	_	_	3-5(147)
514-1	PKP136	514	1	(si	si	_	_	_	_	_	linguistic	_	ContainsVariation=No	_	_	_	_	0-2(0)	0-2(147)
514-2	PKP136	514	2	perché)]	perché	_	_	_	_	_	linguistic	_	ContainsVariation=No	_	End=943.327	_	_	0-6(0)	0-6(147)
515-0	PKP141	515	0	[però	però	_	_	_	_	_	linguistic	_	ContainsVariation=No	_	Begin=941.899	_	_	_	0-4(147)
515-1	PKP141	515	1	che	che	_	_	_	_	_	linguistic	_	ContainsVariation=No	_	_	_	_	_	0-3(147)
515-2	PKP141	515	2	sta:no	stano	_	_	_	_	_	linguistic	_	ContainsVariation=No	_	_	2x1	_	_	0-5(147)
515-3	PKP141	515	3	ventitré]	ventitré	_	_	_	_	_	linguistic	_	ContainsVariation=No	_	_	_	_	_	0-8(147)
515-4	PKP141	515	4	[cioè]	cioè	_	_	_	_	_	linguistic	_	ContainsVariation=No	_	End=943.712	_	_	_	0-4(148)
516-0	PKP136	516	0	[ne	ne	_	_	_	_	_	linguistic	_	ContainsVariation=No	_	Begin=943.392	_	_	_	0-2(148)
516-1	PKP136	516	1	ho]	ho	_	_	_	_	_	linguistic	_	ContainsVariation=No	_	_	_	_	_	0-2(148)
516-2	PKP136	516	2	ventidue	ventidue	_	_	_	_	_	linguistic	_	ContainsVariation=No	_	_	_	_	_	_
516-3	PKP136	516	3	e	e	_	_	_	_	_	linguistic	_	ContainsVariation=No	_	_	_	_	_	_
516-4	PKP136	516	4	me::zzo	mezzo	_	_	_	_	_	linguistic	_	ContainsVariation=No	_	_	1x2	_	_	_
516-5	PKP136	516	5	più	più	_	_	_	_	_	linguistic	_	ContainsVariation=No	_	_	_	_	_	_
516-6	PKP136	516	6	o	o	_	_	_	_	_	linguistic	_	ContainsVariation=No	_	_	_	_	_	_
516-7	PKP136	516	7	me:no	meno	_	_	_	_	_	linguistic	_	ContainsVariation=No	_	_	1x1	_	_	_
516-8	PKP136	516	8	perché::	perché	_	_	_	_	_	linguistic	_	ContainsVariation=No	_	_	5x2	_	_	_
516-9	PKP136	516	9	sono	sono	_	_	_	_	_	linguistic	_	ContainsVariation=No	_	_	_	_	_	_
516-10	PKP136	516	10	di	di	_	_	_	_	_	linguistic	_	ContainsVariation=No	_	_	_	_	_	_
516-11	PKP136	516	11	ago:sto	agosto	_	_	_	_	_	linguistic	_	ContainsVariation=No	_	End=947.498	2x1	_	_	_
517-0	PKP136	517	0	<ago:sto,	agosto	_	_	_	_	_	linguistic	_	ContainsVariation=No	Intonation=WeaklyRising	Begin=947.886	2x1	Slow=0-6(0)	_	_
517-1	PKP136	517	1	settem[bre,	settembre	_	_	_	_	_	linguistic	_	ContainsVariation=No	Intonation=WeaklyRising	_	_	Slow=0-9(0)	_	6-9(149)
517-2	PKP136	517	2	ottobre,	ottobre	_	_	_	_	_	linguistic	_	ContainsVariation=No	Intonation=WeaklyRising	_	_	Slow=0-7(0)	_	0-7(149)
517-3	PKP136	517	3	nove:mbre>]	novembre	_	_	_	_	_	linguistic	_	ContainsVariation=No	_	_	3x1	Slow=0-8(0)	_	0-8(149)
517-4	PKP136	517	4	>dicembre,	dicembre	_	_	_	_	_	linguistic	_	ContainsVariation=No	Intonation=WeaklyRising	_	_	Fast=0-8(0)	_	_
517-5	PKP136	517	5	gennaio<	gennaio	_	_	_	_	_	linguistic	_	ContainsVariation=No	_	_	_	Fast=0-7(0)	_	_
517-6	PKP136	517	6	sì	sì	_	_	_	_	_	linguistic	_	ContainsVariation=No	_	End=951.202	_	_	_	_
518-0	PKP142	518	0	[sì:	sì	_	_	_	_	_	linguistic	_	ContainsVariation=No	_	Begin=948.776	1x1	_	_	0-2(149)
518-1	PKP142	518	1	ventidue	ventidue	_	_	_	_	_	linguistic	_	ContainsVariation=No	_	_	_	_	_	0-8(149)
518-2	PKP142	518	2	e	e	_	_	_	_	_	linguistic	_	ContainsVariation=No	_	_	_	_	_	0-1(149)
518-3	PKP142	518	3	me:zzo]	mezzo	_	_	_	_	_	linguistic	_	ContainsVariation=No	_	End=950.151	1x1	_	_	0-5(149)
519-0	PKP136	519	0	ventidue	ventidue	_	_	_	_	_	linguistic	_	ContainsVariation=No	_	Begin=951.668	_	_	_	_
519-1	PKP136	519	1	e	e	_	_	_	_	_	linguistic	_	ContainsVariation=No	_	_	_	_	_	_
519-2	PKP136	519	2	me:zzo	mezzo	_	_	_	_	_	linguistic	_	ContainsVariation=No	_	End=952.535	1x1	_	_	_
520-0	PKP142	520	0	io	io	_	_	_	_	_	linguistic	_	ContainsVariation=No	_	Begin=953.081	_	_	_	_
520-1	PKP142	520	1	ne	ne	_	_	_	_	_	linguistic	_	ContainsVariation=No	_	_	_	_	_	_
520-2	PKP142	520	2	ho::	ho	_	_	_	_	_	linguistic	_	ContainsVariation=No	_	End=953.997	1x2	_	_	_
521-0	PKP142	521	0	e::h	eh	_	_	_	_	_	linguistic	_	ContainsVariation=No	_	Begin=954.949	0x2	_	_	_
521-1	PKP142	521	1	((ride))	((ride))	_	_	_	_	_	nonverbalbehavior	_	ContainsVariation=No	_	_	_	_	_	_
521-2	PKP142	521	2	°non	non	_	_	_	_	_	linguistic	_	ContainsVariation=No	Volume=low	_	_	_	_	_
521-3	PKP142	521	3	lo	lo	_	_	_	_	_	linguistic	_	ContainsVariation=No	Volume=low	_	_	_	_	_
521-4	PKP142	521	4	so°	so	_	_	_	_	_	linguistic	_	ContainsVariation=No	Volume=low	_	_	_	_	_
521-5	PKP142	521	5	ventu:no	ventuno	_	_	_	_	_	linguistic	_	ContainsVariation=No	_	_	4x1	_	_	_
521-6	PKP142	521	6	e:	e	_	_	_	_	_	linguistic	_	ContainsVariation=No	_	End=958.303	0x1	_	_	_
522-0	PKP136	522	0	va:[i	vai	_	_	_	_	_	linguistic	_	ContainsVariation=No	_	Begin=959.834	1x1	_	_	2-3(150)
522-1	PKP136	522	1	xx]	xx	_	_	_	_	_	unknown	_	ContainsVariation=No	Syllables=2	End=960.794	_	_	_	0-2(150)
523-0	PKP142	523	0	[m::h]	mh	_	_	_	_	_	linguistic	_	ContainsVariation=No	_	Begin=960.314	0x2	_	_	0-2(150)
523-1	PKP142	523	1	ventu:no	ventuno	_	_	_	_	_	linguistic	_	ContainsVariation=No	_	_	4x1	_	_	_
523-2	PKP142	523	2	[a	a	_	_	_	_	_	linguistic	_	ContainsVariation=No	_	_	_	_	_	0-1(151)
523-3	PKP142	523	3	x	x	_	_	_	_	_	unknown	_	ContainsVariation=No	Syllables=1	_	_	_	_	0-1(151)
523-4	PKP142	523	4	ventidu:e]	ventidue	_	_	_	_	_	linguistic	_	ContainsVariation=No	_	End=963.515	6x1	_	_	0-8(151)
524-0	PKP136	524	0	[ventu:no	ventuno	_	_	_	_	_	linguistic	_	ContainsVariation=No	_	Begin=961.698	4x1	_	_	0-7(?)
524-1	PKP136	524	1	che,	che	_	_	_	_	_	linguistic	_	ContainsVariation=No	Intonation=WeaklyRising	_	_	_	_	0-3(?)
524-2	PKP136	524	2	mo	mo	_	_	_	_	_	linguistic	_	ContainsVariation=No	_	_	_	_	_	0-2(?)
524-3	PKP136	524	3	a	a	_	_	_	_	_	linguistic	_	ContainsVariation=No	_	_	_	_	_	0-1(?)
524-4	PKP136	524	4	ottobre	ottobre	_	_	_	_	_	linguistic	_	ContainsVariation=No	_	_	_	_	_	0-7(?)
524-5	PKP136	524	5	è	è	_	_	_	_	_	linguistic	_	ContainsVariation=No	_	_	_	_	_	0-1(?)
524-6	PKP136	524	6	s]tato	stato	_	_	_	_	_	linguistic	_	ContainsVariation=No	_	_	_	_	_	0-1(?)
524-7	PKP136	524	7	>praticamen~<	praticamen~	_	_	_	_	_	linguistic	_	ContainsVariation=No	Interrupted=Yes	_	_	Fast=0-11(0)	_	_
524-8	PKP136	524	8	no.	no	_	_	_	_	_	linguistic	_	ContainsVariation=No	Intonation=Falling	_	_	_	_	_
524-9	PKP136	524	9	sette:mbre	settembre	_	_	_	_	_	linguistic	_	ContainsVariation=No	_	End=965.546	4x1	_	_	_
525-0	PKP141	525	0	[sì	sì	_	_	_	_	_	linguistic	_	ContainsVariation=No	_	Begin=963.976	_	_	_	0-2(152)
525-1	PKP141	525	1	infatti]	infatti	_	_	_	_	_	linguistic	_	ContainsVariation=No	_	End=964.84	_	_	_	0-7(152)
526-0	PKP142	526	0	ne	ne	_	_	_	_	_	linguistic	_	ContainsVariation=No	_	Begin=964.96	_	_	_	_
526-1	PKP142	526	1	ho	ho	_	_	_	_	_	linguistic	_	ContainsVariation=No	_	_	_	_	_	_
526-2	PKP142	526	2	ventu:~	ventu~	_	_	_	_	_	linguistic	_	ContainsVariation=No	Interrupted=Yes	_	4x1	_	_	_
526-3	PKP142	526	3	a	a	_	_	_	_	_	linguistic	_	ContainsVariation=No	_	_	_	_	_	_
526-4	PKP142	526	4	settembre,	settembre	_	_	_	_	_	linguistic	_	ContainsVariation=No	Intonation=WeaklyRising	_	_	_	_	_
526-5	PKP142	526	5	ne	ne	_	_	_	_	_	linguistic	_	ContainsVariation=No	_	_	_	_	_	_
526-6	PKP142	526	6	ho	ho	_	_	_	_	_	linguistic	_	ContainsVariation=No	_	_	_	_	_	_
526-7	PKP142	526	7	ve[ntuno]	ventuno	_	_	_	_	_	linguistic	_	ContainsVariation=No	_	End=967.137	_	_	_	2-7(?)
527-0	PKP141	527	0	[fine	fine	_	_	_	_	_	linguistic	_	ContainsVariation=No	_	Begin=966.668	_	_	_	0-4(154)
527-1	PKP141	527	1	sette]mbre	settembre	_	_	_	_	_	linguistic	_	ContainsVariation=No	_	End=967.436	_	_	_	0-5(154)
528-0	PKP141	528	0	v[ero]	vero	_	_	_	_	_	linguistic	_	ContainsVariation=No	_	Begin=968.364|End=968.83	_	_	_	1-4(155)
529-0	PKP142	529	0	[sono	sono	_	_	_	_	_	linguistic	_	ContainsVariation=No	_	Begin=968.493	_	_	_	0-4(155)
529-1	PKP142	529	1	una	una	_	_	_	_	_	linguistic	_	ContainsVariation=No	_	_	_	_	_	0-3(155)
529-2	PKP142	529	2	ve]ntune:nne	ventunenne	_	_	_	_	_	linguistic	_	ContainsVariation=No	_	_	6x1	_	_	0-2(155)
529-3	PKP142	529	3	che	che	_	_	_	_	_	linguistic	_	ContainsVariation=No	_	_	_	_	_	_
529-4	PKP142	529	4	sembra	sembra	_	_	_	_	_	linguistic	_	ContainsVariation=No	PauseAfter=Yes	_	_	_	_	_
529-5	PKP142	529	5	(.)	(.)	_	_	_	_	_	shortpause	_	ContainsVariation=No	_	_	_	_	_	_
529-6	PKP142	529	6	una	una	_	_	_	_	_	linguistic	_	ContainsVariation=No	_	_	_	_	_	_
529-7	PKP142	529	7	sedice:nne	sedicenne	_	_	_	_	_	linguistic	_	ContainsVariation=No	_	_	5x1	_	_	_
529-8	PKP142	529	8	però	però	_	_	_	_	_	linguistic	_	ContainsVariation=No	_	_	_	_	_	_
529-9	PKP142	529	9	ho	ho	_	_	_	_	_	linguistic	_	ContainsVariation=No	_	_	_	_	_	_
529-10	PKP142	529	10	ventun'	ventun'	_	_	_	_	_	linguistic	_	ContainsVariation=No	SpaceAfter=No	_	_	_	_	_
529-11	PKP142	529	11	anni	anni	_	_	_	_	_	linguistic	_	ContainsVariation=No	_	End=971.903	_	_	_	_
530-0	PKP136	530	0	>effettivamente<	effettivamente	_	_	_	_	_	linguistic	_	ContainsVariation=No	_	Begin=971.889	_	Fast=0-14(0)	_	_
530-1	PKP136	530	1	io:	io	_	_	_	_	_	linguistic	_	ContainsVariation=No	_	_	1x1	_	_	_
530-2	PKP136	530	2	io	io	_	_	_	_	_	linguistic	_	ContainsVariation=No	_	_	_	_	_	_
530-3	PKP136	530	3	e	e	_	_	_	_	_	linguistic	_	ContainsVariation=No	_	_	_	_	_	_
530-4	PKP136	530	4	sa	sa	_	_	_	_	_	linguistic	_	ContainsVariation=No	_	_	_	_	_	_
530-5	PKP136	530	5	ci	ci	_	_	_	_	_	linguistic	_	ContainsVariation=No	_	_	_	_	_	_
530-6	PKP136	530	6	passiamo	passiamo	_	_	_	_	_	linguistic	_	ContainsVariation=No	_	_	_	_	_	_
530-7	PKP136	530	7	un	un	_	_	_	_	_	linguistic	_	ContainsVariation=No	_	_	_	_	_	_
530-8	PKP136	530	8	anno	anno	_	_	_	_	_	linguistic	_	ContainsVariation=No	_	_	_	_	_	_
530-9	PKP136	530	9	giusto	giusto	_	_	_	_	_	linguistic	_	ContainsVariation=No	_	_	_	_	_	_
530-10	PKP136	530	10	giusto	giusto	_	_	_	_	_	linguistic	_	ContainsVariation=No	_	_	_	_	_	_
530-11	PKP136	530	11	d[i::]	di	_	_	_	_	_	linguistic	_	ContainsVariation=No	_	End=975.425	1x2	_	_	1-2(157)
531-0	PKP141	531	0	[od]dio	oddio	_	_	_	_	_	linguistic	_	ContainsVariation=No	_	Begin=975.145	_	_	_	0-2(157)
531-1	PKP141	531	1	è	è	_	_	_	_	_	linguistic	_	ContainsVariation=No	_	_	_	_	_	_
531-2	PKP141	531	2	v[e:ro]	vero	_	_	_	_	_	linguistic	_	ContainsVariation=No	_	End=976.235	1x1	_	_	1-4(158)
532-0	PKP136	532	0	[di	di	_	_	_	_	_	linguistic	_	ContainsVariation=No	_	Begin=975.803	_	_	_	0-2(158)
532-1	PKP136	532	1	diffe]re~	differe~	_	_	_	_	_	linguistic	_	ContainsVariation=No	Interrupted=Yes	_	_	_	_	0-5(158)
532-2	PKP136	532	2	non	non	_	_	_	_	_	linguistic	_	ContainsVariation=No	_	_	_	_	_	_
532-3	PKP136	532	3	ci	ci	_	_	_	_	_	linguistic	_	ContainsVariation=No	_	_	_	_	_	_
532-4	PKP136	532	4	avevo	avevo	_	_	_	_	_	linguistic	_	ContainsVariation=No	_	_	_	_	_	_
532-5	PKP136	532	5	mai	mai	_	_	_	_	_	linguistic	_	ContainsVariation=No	_	_	_	_	_	_
532-6	PKP136	532	6	pensato,	pensato	_	_	_	_	_	linguistic	_	ContainsVariation=No	Intonation=WeaklyRising	_	_	_	_	_
532-7	PKP136	532	7	xxx	xxx	_	_	_	_	_	unknown	_	ContainsVariation=No	Syllables=3	_	_	_	_	_
532-8	PKP136	532	8	un	un	_	_	_	_	_	linguistic	_	ContainsVariation=No	_	_	_	_	_	_
532-9	PKP136	532	9	giorno	giorno	_	_	_	_	_	linguistic	_	ContainsVariation=No	_	_	_	_	_	_
532-10	PKP136	532	10	insie:me	insieme	_	_	_	_	_	linguistic	_	ContainsVariation=No	_	_	4x1	_	_	_
532-11	PKP136	532	11	quest'	quest'	_	_	_	_	_	linguistic	_	ContainsVariation=No	SpaceAfter=No	_	_	_	_	_
532-12	PKP136	532	12	anno	anno	_	_	_	_	_	linguistic	_	ContainsVariation=No	_	_	_	_	_	_
532-13	PKP136	532	13	però::	però	_	_	_	_	_	linguistic	_	ContainsVariation=No	_	End=980.597	3x2	_	_	_
533-0	PKP142	533	0	è	è	_	_	_	_	_	linguistic	_	ContainsVariation=No	_	Begin=981.079	_	_	_	_
533-1	PKP142	533	1	ve:ro	vero	_	_	_	_	_	linguistic	_	ContainsVariation=No	_	End=981.843	1x1	_	_	_
534-0	PKP136	534	0	ti	ti	_	_	_	_	_	linguistic	_	ContainsVariation=No	_	Begin=982.643	_	_	_	_
534-1	PKP136	534	1	ricordi?	ricordi	_	_	_	_	_	linguistic	_	ContainsVariation=No	Intonation=Rising	End=983.453	_	_	_	_
535-0	PKP141	535	0	ma	ma	_	_	_	_	_	linguistic	_	ContainsVariation=No	_	Begin=983.735	_	_	_	_
535-1	PKP141	535	1	sai	sai	_	_	_	_	_	linguistic	_	ContainsVariation=No	_	_	_	_	_	_
535-2	PKP141	535	2	che	che	_	_	_	_	_	linguistic	_	ContainsVariation=No	_	_	_	_	_	_
535-3	PKP141	535	3	io	io	_	_	_	_	_	linguistic	_	ContainsVariation=No	_	_	_	_	_	_
535-4	PKP141	535	4	tipo	tipo	_	_	_	_	_	linguistic	_	ContainsVariation=No	_	_	_	_	_	_
535-5	PKP141	535	5	poi	poi	_	_	_	_	_	linguistic	_	ContainsVariation=No	_	_	_	_	_	_
535-6	PKP141	535	6	ho:	ho	_	_	_	_	_	linguistic	_	ContainsVariation=No	_	_	1x1	_	_	_
535-7	PKP141	535	7	tra	tra	_	_	_	_	_	linguistic	_	ContainsVariation=No	_	_	_	_	_	_
535-8	PKP141	535	8	l'	l'	_	_	_	_	_	linguistic	_	ContainsVariation=No	SpaceAfter=No	_	_	_	_	_
535-9	PKP141	535	9	altro,	altro	_	_	_	_	_	linguistic	_	ContainsVariation=No	Intonation=WeaklyRising	_	_	_	_	_
535-10	PKP141	535	10	una	una	_	_	_	_	_	linguistic	_	ContainsVariation=No	_	_	_	_	_	_
535-11	PKP141	535	11	mia	mia	_	_	_	_	_	linguistic	_	ContainsVariation=No	_	_	_	_	_	_
535-12	PKP141	535	12	amica	amica	_	_	_	_	_	linguistic	_	ContainsVariation=No	_	_	_	_	_	_
535-13	PKP141	535	13	nata	nata	_	_	_	_	_	linguistic	_	ContainsVariation=No	_	_	_	_	_	_
535-14	PKP141	535	14	nel	nel	_	_	_	_	_	linguistic	_	ContainsVariation=No	_	_	_	_	_	_
535-15	PKP141	535	15	duemi:la	duemila	_	_	_	_	_	linguistic	_	ContainsVariation=No	_	End=987.671	4x1	_	_	_
536-0	PKP141	536	0	>praticamente<	praticamente	_	_	_	_	_	linguistic	_	ContainsVariation=No	_	Begin=988.246	_	Fast=0-12(0)	_	_
536-1	PKP141	536	1	un	un	_	_	_	_	_	linguistic	_	ContainsVariation=No	_	_	_	Slow=0-2(0)	_	_
536-2	PKP141	536	2	mese	mese	_	_	_	_	_	linguistic	_	ContainsVariation=No	_	_	_	Slow=0-4(0)	_	_
536-3	PKP141	536	3	pri:ma	prima	_	_	_	_	_	linguistic	_	ContainsVariation=No	_	_	2x1	Slow=0-5(0)	_	_
536-4	PKP141	536	4	e	e	_	_	_	_	_	linguistic	_	ContainsVariation=No	_	_	_	Slow=0-1(0)	_	_
536-5	PKP141	536	5	>e	e	_	_	_	_	_	linguistic	_	ContainsVariation=No	_	_	_	Fast=0-1(1)	_	_
536-6	PKP141	536	6	un	un	_	_	_	_	_	linguistic	_	ContainsVariation=No	_	_	_	Fast=0-2(1)	_	_
536-7	PKP141	536	7	gio:rno<	giorno	_	_	_	_	_	linguistic	_	ContainsVariation=No	_	_	2x1	Fast=0-6(1)	_	_
536-8	PKP141	536	8	e	e	_	_	_	_	_	linguistic	_	ContainsVariation=No	_	_	_	Slow=0-1(1)	_	_
536-9	PKP141	536	9	un'	un'	_	_	_	_	_	linguistic	_	ContainsVariation=No	SpaceAfter=No	_	_	Slow=0-3(1)	_	_
536-10	PKP141	536	10	altra	altra	_	_	_	_	_	linguistic	_	ContainsVariation=No	_	_	_	Slow=0-5(1)	_	_
536-11	PKP141	536	11	>nata<	nata	_	_	_	_	_	linguistic	_	ContainsVariation=No	_	_	_	Fast=0-4(2)	_	_
536-12	PKP141	536	12	nel	nel	_	_	_	_	_	linguistic	_	ContainsVariation=No	_	_	_	_	_	_
536-13	PKP141	536	13	duemiladu:e	duemiladue	_	_	_	_	_	linguistic	_	ContainsVariation=No	_	_	8x1	_	_	_
536-14	PKP141	536	14	invece	invece	_	_	_	_	_	linguistic	_	ContainsVariation=No	_	End=992.628	_	_	_	_
537-0	PKP141	537	0	un	un	_	_	_	_	_	linguistic	_	ContainsVariation=No	_	Begin=992.825	_	_	_	_
537-1	PKP141	537	1	mese	mese	_	_	_	_	_	linguistic	_	ContainsVariation=No	_	_	_	_	_	_
537-2	PKP141	537	2	do:po	dopo	_	_	_	_	_	linguistic	_	ContainsVariation=No	_	End=993.922	1x1	_	_	_
538-0	PKP136	538	0	davv[e:ro]?	davvero	_	_	_	_	_	linguistic	_	ContainsVariation=No	Intonation=Rising	Begin=994.086|End=995.114	4x1	_	_	4-7(159)
539-0	PKP141	539	0	[sì]	sì	_	_	_	_	_	linguistic	_	ContainsVariation=No	_	Begin=994.46|End=995.01	_	_	_	0-2(159)
540-0	PKP142	540	0	vabbè	vabbè	_	_	_	_	_	linguistic	_	ContainsVariation=No	_	Begin=995.378	_	_	_	_
540-1	PKP142	540	1	pure	pure	_	_	_	_	_	linguistic	_	ContainsVariation=No	_	_	_	_	_	_
540-2	PKP142	540	2	io	io	_	_	_	_	_	linguistic	_	ContainsVariation=No	_	_	_	_	_	_
540-3	PKP142	540	3	s~	s~	_	_	_	_	_	linguistic	_	ContainsVariation=No	Interrupted=Yes	_	_	_	_	_
540-4	PKP142	540	4	cioè	cioè	_	_	_	_	_	linguistic	_	ContainsVariation=No	_	_	_	_	_	_
540-5	PKP142	540	5	io	io	_	_	_	_	_	linguistic	_	ContainsVariation=No	_	_	_	_	_	_
540-6	PKP142	540	6	e	e	_	_	_	_	_	linguistic	_	ContainsVariation=No	_	_	_	_	_	_
540-7	PKP142	540	7	ele	ele	_	_	_	_	_	linguistic	_	ContainsVariation=No	_	_	_	_	_	_
540-8	PKP142	540	8	non	non	_	_	_	_	_	linguistic	_	ContainsVariation=No	_	_	_	_	_	_
540-9	PKP142	540	9	siamo	siamo	_	_	_	_	_	linguistic	_	ContainsVariation=No	_	_	_	_	_	_
540-10	PKP142	540	10	duemiladue	duemiladue	_	_	_	_	_	linguistic	_	ContainsVariation=No	_	_	_	_	_	_
540-11	PKP142	540	11	pe:r	per	_	_	_	_	_	linguistic	_	ContainsVariation=No	_	_	1x1	_	_	_
540-12	PKP142	540	12	due	due	_	_	_	_	_	linguistic	_	ContainsVariation=No	_	_	_	_	_	_
540-13	PKP142	540	13	me:si:	mesi	_	_	_	_	_	linguistic	_	ContainsVariation=No	_	End=999.37	1x1,3x1	_	_	_
541-0	PKP142	541	0	>tre	tre	_	_	_	_	_	linguistic	_	ContainsVariation=No	_	Begin=999.37	_	Fast=0-3(0)	_	_
541-1	PKP142	541	1	me:si	mesi	_	_	_	_	_	linguistic	_	ContainsVariation=No	_	_	1x1	Fast=0-4(0)	_	_
541-2	PKP142	541	2	c(io)è<	cioè	_	_	_	_	_	linguistic	_	ContainsVariation=No	Reduced=Yes	End=1000.201	_	Fast=0-4(0)	_	_
542-0	PKP136	542	0	[e:h	eh	_	_	_	_	_	linguistic	_	ContainsVariation=No	_	Begin=999.37	0x1	_	_	0-2(160)
542-1	PKP136	542	1	sì]	sì	_	_	_	_	_	linguistic	_	ContainsVariation=No	_	End=1000.201	_	_	_	0-2(160)
543-0	PKP142	543	0	non	non	_	_	_	_	_	linguistic	_	ContainsVariation=No	_	Begin=1000.607	_	_	_	_
543-1	PKP142	543	1	siamo	siamo	_	_	_	_	_	linguistic	_	ContainsVariation=No	_	_	_	_	_	_
543-2	PKP142	543	2	duemiladue	duemiladue	_	_	_	_	_	linguistic	_	ContainsVariation=No	_	_	_	_	_	_
543-3	PKP142	543	3	per	per	_	_	_	_	_	linguistic	_	ContainsVariation=No	_	_	_	_	_	_
543-4	PKP142	543	4	due	due	_	_	_	_	_	linguistic	_	ContainsVariation=No	_	_	_	_	_	_
543-5	PKP142	543	5	me:si	mesi	_	_	_	_	_	linguistic	_	ContainsVariation=No	_	_	1x1	_	_	_
543-6	PKP142	543	6	però	però	_	_	_	_	_	linguistic	_	ContainsVariation=No	_	_	_	_	_	_
543-7	PKP142	543	7	siamo	siamo	_	_	_	_	_	linguistic	_	ContainsVariation=No	_	_	_	_	_	_
543-8	PKP142	543	8	duemilauno	duemilauno	_	_	_	_	_	linguistic	_	ContainsVariation=No	_	_	_	_	_	_
543-9	PKP142	543	9	PUNto	punto	_	_	_	_	_	linguistic	_	ContainsVariation=No	Volume=high	End=1003.518	_	_	_	_
544-0	PKP136	544	0	((ride))	((ride))	_	_	_	_	_	nonverbalbehavior	_	ContainsVariation=No	_	Begin=1003.518|End=1004.363	_	_	_	_
545-0	PKP136	545	0	no:	no	_	_	_	_	_	linguistic	_	ContainsVariation=No	_	Begin=1004.897	1x1	_	_	_
545-1	PKP136	545	1	invece	invece	_	_	_	_	_	linguistic	_	ContainsVariation=No	_	_	_	_	_	_
545-2	PKP136	545	2	c'	c'	_	_	_	_	_	linguistic	_	ContainsVariation=No	SpaceAfter=No	_	_	_	_	_
545-3	PKP136	545	3	è:::	è	_	_	_	_	_	linguistic	_	ContainsVariation=No	_	End=1006.522	0x3	_	_	_
546-0	PKP136	546	0	come	come	_	_	_	_	_	linguistic	_	ContainsVariation=No	_	Begin=1006.861	_	_	_	_
546-1	PKP136	546	1	si	si	_	_	_	_	_	linguistic	_	ContainsVariation=No	_	_	_	_	_	_
546-2	PKP136	546	2	chiama?	chiama	_	_	_	_	_	linguistic	_	ContainsVariation=No	Intonation=Rising	End=1007.755	_	_	_	_
547-0	PKP136	547	0	il	il	_	_	_	_	_	linguistic	_	ContainsVariation=No	_	Begin=1008.899	_	_	_	_
547-1	PKP136	547	1	>fratello<	fratello	_	_	_	_	_	linguistic	_	ContainsVariation=No	_	_	_	Fast=0-8(0)	_	_
547-2	PKP136	547	2	il	il	_	_	_	_	_	linguistic	_	ContainsVariation=No	_	_	_	Slow=0-2(0)	_	_
547-3	PKP136	547	3	no:	no	_	_	_	_	_	linguistic	_	ContainsVariation=No	_	_	1x1	Slow=0-2(0)	_	_
547-4	PKP136	547	4	il	il	_	_	_	_	_	linguistic	_	ContainsVariation=No	_	_	_	Slow=0-2(0)	_	_
547-5	PKP136	547	5	cugino	cugino	_	_	_	_	_	linguistic	_	ContainsVariation=No	_	_	_	Slow=0-6(0)	_	_
547-6	PKP136	547	6	di	di	_	_	_	_	_	linguistic	_	ContainsVariation=No	_	_	_	Slow=0-2(0)	_	_
547-7	PKP136	547	7	maddalena,	maddalena	_	_	_	_	_	linguistic	_	ContainsVariation=No	Intonation=WeaklyRising	_	_	Slow=0-9(0)	_	_
547-8	PKP136	547	8	che	che	_	_	_	_	_	linguistic	_	ContainsVariation=No	_	_	_	Slow=0-3(0)	_	_
547-9	PKP136	547	9	si	si	_	_	_	_	_	linguistic	_	ContainsVariation=No	_	_	_	Slow=0-2(0)	_	_
547-10	PKP136	547	10	chiama	chiama	_	_	_	_	_	linguistic	_	ContainsVariation=No	_	_	_	Slow=0-6(0)	_	_
547-11	PKP136	547	11	stefa:no	stefano	_	_	_	_	_	linguistic	_	ContainsVariation=No	_	_	4x1	Slow=0-7(0)	_	_
547-12	PKP136	547	12	>pure	pure	_	_	_	_	_	linguistic	_	ContainsVariation=No	_	_	_	Fast=0-4(1)	_	_
547-13	PKP136	547	13	lui<	lui	_	_	_	_	_	linguistic	_	ContainsVariation=No	_	_	_	Fast=0-3(1)	_	_
547-14	PKP136	547	14	che	che	_	_	_	_	_	linguistic	_	ContainsVariation=No	_	_	_	_	_	_
547-15	PKP136	547	15	è	è	_	_	_	_	_	linguistic	_	ContainsVariation=No	_	_	_	_	_	_
547-16	PKP136	547	16	piccoli:ssimo	piccolissimo	_	_	_	_	_	linguistic	_	ContainsVariation=No	_	_	6x1	_	_	_
547-17	PKP136	547	17	è	è	_	_	_	_	_	linguistic	_	ContainsVariation=No	_	_	_	_	_	_
547-18	PKP136	547	18	nato	nato	_	_	_	_	_	linguistic	_	ContainsVariation=No	_	_	_	_	_	_
547-19	PKP136	547	19	tipo	tipo	_	_	_	_	_	linguistic	_	ContainsVariation=No	_	_	_	_	_	_
547-20	PKP136	547	20	nel	nel	_	_	_	_	_	linguistic	_	ContainsVariation=No	_	_	_	_	_	_
547-21	PKP136	547	21	duemila:::	duemila	_	_	_	_	_	linguistic	_	ContainsVariation=No	_	End=1014.97	6x3	_	_	_
548-0	PKP136	548	0	qui:ndici,	quindici	_	_	_	_	_	linguistic	_	ContainsVariation=No	Intonation=WeaklyRising	Begin=1015.541	2x1	_	_	_
548-1	PKP136	548	1	[duemilase:dici]	duemilasedici	_	_	_	_	_	linguistic	_	ContainsVariation=No	_	End=1017.496	8x1	_	_	0-13(367)
549-0	PKP142	549	0	[oddio	oddio	_	_	_	_	_	linguistic	_	ContainsVariation=No	_	Begin=1016.279	_	_	_	0-5(367)
549-1	PKP142	549	1	che	che	_	_	_	_	_	linguistic	_	ContainsVariation=No	_	_	_	_	_	0-3(367)
549-2	PKP142	549	2	strano	strano	_	_	_	_	_	linguistic	_	ContainsVariation=No	_	_	_	_	_	0-6(367)
549-3	PKP142	549	3	se]ntire	sentire	_	_	_	_	_	linguistic	_	ContainsVariation=No	_	_	_	_	_	0-2(367)
549-4	PKP142	549	4	nato	nato	_	_	_	_	_	linguistic	_	ContainsVariation=No	_	_	_	_	_	_
549-5	PKP142	549	5	nel	nel	_	_	_	_	_	linguistic	_	ContainsVariation=No	_	_	_	_	_	_
549-6	PKP142	549	6	[duemilaqui:ndici]	duemilaquindici	_	_	_	_	_	linguistic	_	ContainsVariation=No	_	End=1019.592	9x1	_	_	0-15(161)
550-0	PKP141	550	0	((ride))	((ride))	_	_	_	_	_	nonverbalbehavior	_	ContainsVariation=No	_	Begin=1016.735|End=1017.671	_	_	_	_
551-0	PKP136	551	0	[MA	ma	_	_	_	_	_	linguistic	_	ContainsVariation=No	Volume=high	Begin=1018.16	_	_	_	_
551-1	PKP136	551	1	è	è	_	_	_	_	_	linguistic	_	ContainsVariation=No	_	_	_	_	_	_
551-2	PKP136	551	2	un	un	_	_	_	_	_	linguistic	_	ContainsVariation=No	_	_	_	_	_	_
551-3	PKP136	551	3	BAMBI:NO	bambino	_	_	_	_	_	linguistic	_	ContainsVariation=No	Volume=high	_	4x1	_	_	_
551-4	PKP136	551	4	>cioè<	cioè	_	_	_	_	_	linguistic	_	ContainsVariation=No	_	_	_	Fast=0-4(0)	_	_
551-5	PKP136	551	5	fa]	fa	_	_	_	_	_	linguistic	_	ContainsVariation=No	_	_	_	_	_	_
551-6	PKP136	551	6	ancora	ancora	_	_	_	_	_	linguistic	_	ContainsVariation=No	_	_	_	_	_	_
551-7	PKP136	551	7	le,	le	_	_	_	_	_	linguistic	_	ContainsVariation=No	Intonation=WeaklyRising	_	_	_	_	_
551-8	PKP136	551	8	fa	fa	_	_	_	_	_	linguistic	_	ContainsVariation=No	_	_	_	_	_	_
551-9	PKP136	551	9	le	le	_	_	_	_	_	linguistic	_	ContainsVariation=No	_	_	_	_	_	_
551-10	PKP136	551	10	me:die?	medie	_	_	_	_	_	linguistic	_	ContainsVariation=No	Intonation=Rising	_	1x1	_	_	_
551-11	PKP136	551	11	no	no	_	_	_	_	_	linguistic	_	ContainsVariation=No	_	_	_	_	_	_
551-12	PKP136	551	12	fa	fa	_	_	_	_	_	linguistic	_	ContainsVariation=No	_	_	_	_	_	_
551-13	PKP136	551	13	le	le	_	_	_	_	_	linguistic	_	ContainsVariation=No	_	_	_	_	_	_
551-14	PKP136	551	14	elem[en[ta:ri]]	elementari	_	_	_	_	_	linguistic	_	ContainsVariation=No	_	End=1021.922	7x1	_	_	_
552-0	PKP141	552	0	[ma	ma	_	_	_	_	_	linguistic	_	ContainsVariation=No	_	Begin=1021.162	_	_	_	_
552-1	PKP141	552	1	è	è	_	_	_	_	_	linguistic	_	ContainsVariation=No	_	_	_	_	_	_
552-2	PKP141	552	2	[okay]	okay	_	_	_	_	_	linguistic	_	ContainsVariation=No	_	_	_	_	_	_
552-3	PKP141	552	3	non	non	_	_	_	_	_	linguistic	_	ContainsVariation=No	_	_	_	_	_	_
552-4	PKP141	552	4	è	è	_	_	_	_	_	linguistic	_	ContainsVariation=No	_	_	_	_	_	_
552-5	PKP141	552	5	duemilaqui:]ndici	duemilaquindici	_	_	_	_	_	linguistic	_	ContainsVariation=No	_	End=1023.061	9x1	_	_	_
553-0	PKP142	553	0	[[xx]	xx	_	_	_	_	_	unknown	_	ContainsVariation=No	Syllables=2	Begin=1021.441	_	_	_	_
553-1	PKP142	553	1	x]	x	_	_	_	_	_	unknown	_	ContainsVariation=No	Syllables=1	End=1022.838	_	_	_	_
554-0	PKP136	554	0	>no	no	_	_	_	_	_	linguistic	_	ContainsVariation=No	_	Begin=1023.021	_	Fast=0-2(0)	_	_
554-1	PKP136	554	1	no	no	_	_	_	_	_	linguistic	_	ContainsVariation=No	_	_	_	Fast=0-2(0)	_	_
554-2	PKP136	554	2	no<	no	_	_	_	_	_	linguistic	_	ContainsVariation=No	_	_	_	Fast=0-2(0)	_	_
554-3	PKP136	554	3	[fa	fa	_	_	_	_	_	linguistic	_	ContainsVariation=No	_	_	_	_	_	0-2(163)
554-4	PKP136	554	4	le	le	_	_	_	_	_	linguistic	_	ContainsVariation=No	_	_	_	_	_	0-2(163)
554-5	PKP136	554	5	elementa]:ri	elementari	_	_	_	_	_	linguistic	_	ContainsVariation=No	_	_	7x1	_	_	0-8(163)
554-6	PKP136	554	6	tipo	tipo	_	_	_	_	_	linguistic	_	ContainsVariation=No	_	End=1024.92	_	_	_	_
555-0	PKP141	555	0	[(eh	eh	_	_	_	_	_	linguistic	_	ContainsVariation=No	_	Begin=1023.487	_	_	0-2(0)	0-2(163)
555-1	PKP141	555	1	vabbè)]	vabbè	_	_	_	_	_	linguistic	_	ContainsVariation=No	_	End=1024.146	_	_	0-5(0)	0-5(163)
556-0	PKP141	556	0	ah	ah	_	_	_	_	_	linguistic	_	ContainsVariation=No	_	Begin=1025.063	_	_	_	_
556-1	PKP141	556	1	e	e	_	_	_	_	_	linguistic	_	ContainsVariation=No	_	_	_	_	_	_
556-2	PKP141	556	2	[allora	allora	_	_	_	_	_	linguistic	_	ContainsVariation=No	_	_	_	_	_	_
556-3	PKP141	556	3	[sarà	sarà	_	_	_	_	_	linguistic	_	ContainsVariation=No	_	_	_	_	_	_
556-4	PKP141	556	4	del]e:]	dele	_	_	_	_	_	linguistic	_	ContainsVariation=No	_	End=1026.303	3x1	_	_	_
557-0	PKP136	557	0	[e:h]	eh	_	_	_	_	_	linguistic	_	ContainsVariation=No	_	Begin=1025.435|End=1026.034	0x1	_	_	0-2(369)
558-0	PKP142	558	0	[[allora]	allora	_	_	_	_	_	linguistic	_	ContainsVariation=No	_	Begin=1025.645	_	_	_	_
558-1	PKP142	558	1	è]	è	_	_	_	_	_	linguistic	_	ContainsVariation=No	_	_	_	_	_	_
558-2	PKP142	558	2	un	un	_	_	_	_	_	linguistic	_	ContainsVariation=No	_	_	_	_	_	_
558-3	PKP142	558	3	x	x	_	_	_	_	_	unknown	_	ContainsVariation=No	Syllables=1	_	_	_	_	_
558-4	PKP142	558	4	cioè	cioè	_	_	_	_	_	linguistic	_	ContainsVariation=No	_	_	_	_	_	_
558-5	PKP142	558	5	tipo	tipo	_	_	_	_	_	linguistic	_	ContainsVariation=No	_	_	_	_	_	_
558-6	PKP142	558	6	duemiladiciasse:tte	duemiladiciassette	_	_	_	_	_	linguistic	_	ContainsVariation=No	_	End=1028.5	14x1	_	_	_
559-0	PKP141	559	0	no	no	_	_	_	_	_	linguistic	_	ContainsVariation=No	_	Begin=1028.51	_	_	_	_
559-1	PKP141	559	1	no	no	_	_	_	_	_	linguistic	_	ContainsVariation=No	_	_	_	_	_	_
559-2	PKP141	559	2	raga	raga	_	_	_	_	_	linguistic	_	ContainsVariation=No	_	_	_	_	_	_
559-3	PKP141	559	3	raga	raga	_	_	_	_	_	linguistic	_	ContainsVariation=No	_	_	_	_	_	_
559-4	PKP141	559	4	non	non	_	_	_	_	_	linguistic	_	ContainsVariation=No	_	_	_	_	_	_
559-5	PKP141	559	5	scherzate	scherzate	_	_	_	_	_	linguistic	_	ContainsVariation=No	_	_	_	_	_	_
559-6	PKP141	559	6	tipo	tipo	_	_	_	_	_	linguistic	_	ContainsVariation=No	_	_	_	_	_	_
559-7	PKP141	559	7	mia	mia	_	_	_	_	_	linguistic	_	ContainsVariation=No	_	_	_	_	_	_
559-8	PKP141	559	8	cugina	cugina	_	_	_	_	_	linguistic	_	ContainsVariation=No	_	_	_	_	_	_
559-9	PKP141	559	9	è	è	_	_	_	_	_	linguistic	_	ContainsVariation=No	_	_	_	_	_	_
559-10	PKP141	559	10	dopo	dopo	_	_	_	_	_	linguistic	_	ContainsVariation=No	_	_	_	_	_	_
559-11	PKP141	559	11	forse	forse	_	_	_	_	_	linguistic	_	ContainsVariation=No	_	_	_	_	_	_
559-12	PKP141	559	12	duemiladieci,	duemiladieci	_	_	_	_	_	linguistic	_	ContainsVariation=No	Intonation=WeaklyRising	_	_	_	_	_
559-13	PKP141	559	13	(sta	sta	_	_	_	_	_	linguistic	_	ContainsVariation=No	_	_	_	_	0-3(0)	_
559-14	PKP141	559	14	per)	per	_	_	_	_	_	linguistic	_	ContainsVariation=No	_	_	_	_	0-3(0)	_
559-15	PKP141	559	15	finire	finire	_	_	_	_	_	linguistic	_	ContainsVariation=No	_	_	_	_	_	_
559-16	PKP141	559	16	le	le	_	_	_	_	_	linguistic	_	ContainsVariation=No	_	_	_	_	_	_
559-17	PKP141	559	17	elementa:ri	elementari	_	_	_	_	_	linguistic	_	ContainsVariation=No	_	End=1034.134	7x1	_	_	_
560-0	PKP136	560	0	((ride))	((ride))	_	_	_	_	_	nonverbalbehavior	_	ContainsVariation=No	_	Begin=1032.654|End=1033.412	_	_	_	_
561-0	PKP136	561	0	mad[o::nna]	madonna	_	_	_	_	_	linguistic	_	ContainsVariation=No	_	Begin=1034.335|End=1035.511	3x2	_	_	3-7(165)
562-0	PKP141	562	0	[se	se	_	_	_	_	_	linguistic	_	ContainsVariation=No	_	Begin=1034.79	_	_	_	0-2(165)
562-1	PKP141	562	1	non	non	_	_	_	_	_	linguistic	_	ContainsVariation=No	_	_	_	_	_	0-3(165)
562-2	PKP141	562	2	sba:glio]	sbaglio	_	_	_	_	_	linguistic	_	ContainsVariation=No	_	End=1035.589	2x1	_	_	0-7(165)
563-0	PKP136	563	0	ma	ma	_	_	_	_	_	linguistic	_	ContainsVariation=No	_	Begin=1035.88	_	_	_	_
563-1	PKP136	563	1	che	che	_	_	_	_	_	linguistic	_	ContainsVariation=No	_	_	_	_	_	_
563-2	PKP136	563	2	è	è	_	_	_	_	_	linguistic	_	ContainsVariation=No	_	_	_	_	_	_
563-3	PKP136	563	3	[sta	sta	_	_	_	_	_	linguistic	_	ContainsVariation=No	_	_	_	_	_	0-3(166)
563-4	PKP136	563	4	sto:ria]?	storia	_	_	_	_	_	linguistic	_	ContainsVariation=No	Intonation=Rising	End=1037.127	2x1	_	_	0-6(166)
564-0	PKP141	564	0	[è	è	_	_	_	_	_	linguistic	_	ContainsVariation=No	_	Begin=1036.401	_	_	_	0-1(166)
564-1	PKP141	564	1	scioccan]te	scioccante	_	_	_	_	_	linguistic	_	ContainsVariation=No	_	End=1037.396	_	_	_	0-8(166)
565-0	PKP141	565	0	dai	dai	_	_	_	_	_	linguistic	_	ContainsVariation=No	_	Begin=1037.55	_	_	_	_
565-1	PKP141	565	1	[mi	mi	_	_	_	_	_	linguistic	_	ContainsVariation=No	_	_	_	_	_	0-2(167)
565-2	PKP141	565	2	sento:	sento	_	_	_	_	_	linguistic	_	ContainsVariation=No	_	_	4x1	_	_	0-5(167)
565-3	PKP141	565	3	tipo	tipo	_	_	_	_	_	linguistic	_	ContainsVariation=No	_	_	_	_	_	0-4(167)
565-4	PKP141	565	4	gli	gli	_	_	_	_	_	linguistic	_	ContainsVariation=No	_	_	_	_	_	0-3(167)
565-5	PKP141	565	5	zii	zii	_	_	_	_	_	linguistic	_	ContainsVariation=No	_	_	_	_	_	0-3(167)
565-6	PKP141	565	6	ve]:cchi	vecchi	_	_	_	_	_	linguistic	_	ContainsVariation=No	_	_	1x1	_	_	0-2(167)
565-7	PKP141	565	7	quanti	quanti	_	_	_	_	_	linguistic	_	ContainsVariation=No	_	_	_	_	_	_
565-8	PKP141	565	8	anni	anni	_	_	_	_	_	linguistic	_	ContainsVariation=No	_	_	_	_	_	_
565-9	PKP141	565	9	ha	ha	_	_	_	_	_	linguistic	_	ContainsVariation=No	_	_	_	_	_	_
565-10	PKP141	565	10	questa	questa	_	_	_	_	_	linguistic	_	ContainsVariation=No	_	_	_	_	_	_
565-11	PKP141	565	11	ade:sso	adesso	_	_	_	_	_	linguistic	_	ContainsVariation=No	_	End=1040.98	2x1	_	_	_
566-0	PKP142	566	0	[stra:::no]	strano	_	_	_	_	_	linguistic	_	ContainsVariation=No	_	Begin=1037.837|End=1038.963	3x3	_	_	0-6(167)
567-0	PKP142	567	0	((ride))	((ride))	_	_	_	_	_	nonverbalbehavior	_	ContainsVariation=No	_	Begin=1039.492|End=1040.46	_	_	_	_
568-0	PKP136	568	0	((ride))	((ride))	_	_	_	_	_	nonverbalbehavior	_	ContainsVariation=No	_	Begin=1039.719|End=1040.536	_	_	_	_
569-0	PKP142	569	0	[che	che	_	_	_	_	_	linguistic	_	ContainsVariation=No	_	Begin=1040.575	_	_	_	_
569-1	PKP142	569	1	[s]tra:no]	strano	_	_	_	_	_	linguistic	_	ContainsVariation=No	_	End=1041.798	3x1	_	_	_
570-0	PKP136	570	0	[no	no	_	_	_	_	_	linguistic	_	ContainsVariation=No	_	Begin=1040.95	_	_	_	0-2(370)
570-1	PKP136	570	1	però	però	_	_	_	_	_	linguistic	_	ContainsVariation=No	_	_	_	_	_	0-4(370)
570-2	PKP136	570	2	questo]	questo	_	_	_	_	_	linguistic	_	ContainsVariation=No	_	_	_	_	_	0-6(370)
570-3	PKP136	570	3	qua	qua	_	_	_	_	_	linguistic	_	ContainsVariation=No	_	_	_	_	_	_
570-4	PKP136	570	4	questo	questo	_	_	_	_	_	linguistic	_	ContainsVariation=No	_	_	_	_	_	_
570-5	PKP136	570	5	bambino	bambino	_	_	_	_	_	linguistic	_	ContainsVariation=No	_	_	_	_	_	_
570-6	PKP136	570	6	si	si	_	_	_	_	_	linguistic	_	ContainsVariation=No	_	_	_	_	_	_
570-7	PKP136	570	7	chiama	chiama	_	_	_	_	_	linguistic	_	ContainsVariation=No	_	_	_	_	_	_
570-8	PKP136	570	8	stefano	stefano	_	_	_	_	_	linguistic	_	ContainsVariation=No	_	_	_	_	_	_
570-9	PKP136	570	9	COME	come	_	_	_	_	_	linguistic	_	ContainsVariation=No	Volume=high	_	_	_	_	_
570-10	PKP136	570	10	ME:	me	_	_	_	_	_	linguistic	_	ContainsVariation=No	Volume=high	_	1x1	_	_	_
570-11	PKP136	570	11	ed	ed	_	_	_	_	_	linguistic	_	ContainsVariation=No	_	_	_	_	_	_
570-12	PKP136	570	12	è	è	_	_	_	_	_	linguistic	_	ContainsVariation=No	_	_	_	_	_	_
570-13	PKP136	570	13	nato	nato	_	_	_	_	_	linguistic	_	ContainsVariation=No	_	_	_	_	_	_
570-14	PKP136	570	14	>tipo<	tipo	_	_	_	_	_	linguistic	_	ContainsVariation=No	_	_	_	Fast=0-4(0)	_	_
570-15	PKP136	570	15	il	il	_	_	_	_	_	linguistic	_	ContainsVariation=No	_	_	_	_	_	_
570-16	PKP136	570	16	qua:ttro	quattro	_	_	_	_	_	linguistic	_	ContainsVariation=No	_	_	2x1	_	_	_
570-17	PKP136	570	17	ago:sto	agosto	_	_	_	_	_	linguistic	_	ContainsVariation=No	_	End=1046.3	2x1	_	_	_
571-0	PKP136	571	0	e	e	_	_	_	_	_	linguistic	_	ContainsVariation=No	_	Begin=1046.712	_	_	_	_
571-1	PKP136	571	1	si	si	_	_	_	_	_	linguistic	_	ContainsVariation=No	_	_	_	_	_	_
571-2	PKP136	571	2	chiama	chiama	_	_	_	_	_	linguistic	_	ContainsVariation=No	_	_	_	_	_	_
571-3	PKP136	571	3	stefa:no	stefano	_	_	_	_	_	linguistic	_	ContainsVariation=No	_	_	4x1	_	_	_
571-4	PKP136	571	4	(e	e	_	_	_	_	_	linguistic	_	ContainsVariation=No	_	_	_	_	0-1(0)	_
571-5	PKP136	571	5	tipo	tipo	_	_	_	_	_	linguistic	_	ContainsVariation=No	_	_	_	_	0-4(0)	_
571-6	PKP136	571	6	mi	mi	_	_	_	_	_	linguistic	_	ContainsVariation=No	_	_	_	_	0-2(0)	_
571-7	PKP136	571	7	chiamano)	chiamano	_	_	_	_	_	linguistic	_	ContainsVariation=No	_	_	_	_	0-8(0)	_
571-8	PKP136	571	8	ah	ah	_	_	_	_	_	linguistic	_	ContainsVariation=No	_	_	_	_	_	_
571-9	PKP136	571	9	(sai)	sai	_	_	_	_	_	linguistic	_	ContainsVariation=No	_	_	_	_	0-3(1)	_
571-10	PKP136	571	10	quan[ti	quanti	_	_	_	_	_	linguistic	_	ContainsVariation=No	_	_	_	_	_	4-6(168)
571-11	PKP136	571	11	nico:la]	nicola	_	_	_	_	_	linguistic	_	ContainsVariation=No	_	_	3x1	_	_	0-6(168)
571-12	PKP136	571	12	nella	nella	_	_	_	_	_	linguistic	_	ContainsVariation=No	_	_	_	_	_	_
571-13	PKP136	571	13	mia	mia	_	_	_	_	_	linguistic	_	ContainsVariation=No	_	_	_	_	_	_
571-14	PKP136	571	14	[vi:ta	vita	_	_	_	_	_	linguistic	_	ContainsVariation=No	_	_	1x1	_	_	0-4(169)
571-15	PKP136	571	15	c'	c'	_	_	_	_	_	linguistic	_	ContainsVariation=No	SpaceAfter=No	_	_	_	_	0-2(169)
571-16	PKP136	571	16	è	è	_	_	_	_	_	linguistic	_	ContainsVariation=No	_	_	_	_	_	0-1(169)
571-17	PKP136	571	17	mia	mia	_	_	_	_	_	linguistic	_	ContainsVariation=No	_	_	_	_	_	0-3(169)
571-18	PKP136	571	18	z]i:o	zio	_	_	_	_	_	linguistic	_	ContainsVariation=No	_	_	1x1	_	_	0-1(169)
571-19	PKP136	571	19	mia	mia	_	_	_	_	_	linguistic	_	ContainsVariation=No	_	_	_	_	_	_
571-20	PKP136	571	20	cugi:no	cugino	_	_	_	_	_	linguistic	_	ContainsVariation=No	_	End=1051.474	3x1	_	_	_
572-0	PKP142	572	0	[x]	x	_	_	_	_	_	unknown	_	ContainsVariation=No	Syllables=1	Begin=1048.776|End=1049.332	_	_	_	0-1(168)
573-0	PKP141	573	0	[x]	x	_	_	_	_	_	unknown	_	ContainsVariation=No	Syllables=1	Begin=1049.679|End=1050.462	_	_	_	0-1(169)
574-0	PKP136	574	0	l'	l'	_	_	_	_	_	linguistic	_	ContainsVariation=No	SpaceAfter=No	Begin=1051.735	_	_	_	_
574-1	PKP136	574	1	altro	altro	_	_	_	_	_	linguistic	_	ContainsVariation=No	_	_	_	_	_	_
574-2	PKP136	574	2	gio:rno	giorno	_	_	_	_	_	linguistic	_	ContainsVariation=No	_	_	2x1	_	_	_
574-3	PKP136	574	3	che	che	_	_	_	_	_	linguistic	_	ContainsVariation=No	_	_	_	_	_	_
574-4	PKP136	574	4	si	si	_	_	_	_	_	linguistic	_	ContainsVariation=No	_	_	_	_	_	_
574-5	PKP136	574	5	è	è	_	_	_	_	_	linguistic	_	ContainsVariation=No	_	_	_	_	_	_
574-6	PKP136	574	6	ubriaca:ta	ubriacata	_	_	_	_	_	linguistic	_	ContainsVariation=No	_	_	6x1	_	_	_
574-7	PKP136	574	7	(voleva)	voleva	_	_	_	_	_	linguistic	_	ContainsVariation=No	_	_	_	_	0-6(0)	_
574-8	PKP136	574	8	mandarmi	mandarmi	_	_	_	_	_	linguistic	_	ContainsVariation=No	_	_	_	_	_	_
574-9	PKP136	574	9	un	un	_	_	_	_	_	linguistic	_	ContainsVariation=No	_	_	_	_	_	_
574-10	PKP136	574	10	video,	video	_	_	_	_	_	linguistic	_	ContainsVariation=No	Intonation=WeaklyRising	_	_	_	_	_
574-11	PKP136	574	11	in	in	_	_	_	_	_	linguistic	_	ContainsVariation=No	_	_	_	_	_	_
574-12	PKP136	574	12	cui:	cui	_	_	_	_	_	linguistic	_	ContainsVariation=No	_	_	2x1	_	_	_
574-13	PKP136	574	13	>tipo<	tipo	_	_	_	_	_	linguistic	_	ContainsVariation=No	_	_	_	Slow=3-4(0)|Fast=0-4(0)	_	_
574-14	PKP136	574	14	era	era	_	_	_	_	_	linguistic	_	ContainsVariation=No	_	_	_	Slow=0-3(0)	_	_
574-15	PKP136	574	15	allo	allo	_	_	_	_	_	linguistic	_	ContainsVariation=No	_	_	_	Slow=0-4(0)	_	_
574-16	PKP136	574	16	specchio	specchio	_	_	_	_	_	linguistic	_	ContainsVariation=No	_	_	_	Slow=0-8(0)	_	_
574-17	PKP136	574	17	>in	in	_	_	_	_	_	linguistic	_	ContainsVariation=No	_	_	_	Fast=0-2(1)	_	_
574-18	PKP136	574	18	bagno<	bagno	_	_	_	_	_	linguistic	_	ContainsVariation=No	_	_	_	Fast=0-5(1)	_	_
574-19	PKP136	574	19	diceva	diceva	_	_	_	_	_	linguistic	_	ContainsVariation=No	_	_	_	_	_	_
574-20	PKP136	574	20	nico::	nico	_	_	_	_	_	linguistic	_	ContainsVariation=No	_	_	3x2	_	_	_
574-21	PKP136	574	21	te	te	_	_	_	_	_	linguistic	_	ContainsVariation=No	_	_	_	_	_	_
574-22	PKP136	574	22	quiero	quiero	_	_	_	_	_	linguistic	_	ContainsVariation=No	_	_	_	_	_	_
574-23	PKP136	574	23	mucho	mucho	_	_	_	_	_	linguistic	_	ContainsVariation=No	_	_	_	_	_	_
574-24	PKP136	574	24	[e::	e	_	_	_	_	_	linguistic	_	ContainsVariation=No	_	_	0x2	_	_	0-1(170)
574-25	PKP136	574	25	mi	mi	_	_	_	_	_	linguistic	_	ContainsVariation=No	_	_	_	_	_	0-2(170)
574-26	PKP136	574	26	parlava	parlava	_	_	_	_	_	linguistic	_	ContainsVariation=No	_	_	_	_	_	0-7(170)
574-27	PKP136	574	27	in	in	_	_	_	_	_	linguistic	_	ContainsVariation=No	_	_	_	_	_	0-2(170)
574-28	PKP136	574	28	s]pagno:lo	spagnolo	_	_	_	_	_	linguistic	_	ContainsVariation=No	_	_	5x1	_	_	0-1(170)
574-29	PKP136	574	29	perché	perché	_	_	_	_	_	linguistic	_	ContainsVariation=No	_	_	_	_	_	_
574-30	PKP136	574	30	era	era	_	_	_	_	_	linguistic	_	ContainsVariation=No	_	_	_	_	_	_
574-31	PKP136	574	31	ubria:ca	ubriaca	_	_	_	_	_	linguistic	_	ContainsVariation=No	_	End=1061.518	4x1	_	_	_
575-0	PKP142	575	0	o::h	oh	_	_	_	_	_	linguistic	_	ContainsVariation=No	_	Begin=1058.322	0x2	_	_	_
575-1	PKP142	575	1	(eh)che	ehche	_	_	_	_	_	linguistic	_	ContainsVariation=No	_	_	_	_	0-2(0)	_
575-2	PKP142	575	2	cu:cciola	cucciola	_	_	_	_	_	linguistic	_	ContainsVariation=No	_	End=1060.17	1x1	_	_	_
576-0	PKP136	576	0	e	e	_	_	_	_	_	linguistic	_	ContainsVariation=No	_	Begin=1061.819	_	_	_	_
576-1	PKP136	576	1	invece	invece	_	_	_	_	_	linguistic	_	ContainsVariation=No	_	_	_	_	_	_
576-2	PKP136	576	2	di	di	_	_	_	_	_	linguistic	_	ContainsVariation=No	_	_	_	_	_	_
576-3	PKP136	576	3	inviarlo	inviarlo	_	_	_	_	_	linguistic	_	ContainsVariation=No	_	_	_	_	_	_
576-4	PKP136	576	4	a	a	_	_	_	_	_	linguistic	_	ContainsVariation=No	_	_	_	_	_	_
576-5	PKP136	576	5	me	me	_	_	_	_	_	linguistic	_	ContainsVariation=No	_	_	_	_	_	_
576-6	PKP136	576	6	l'	l'	_	_	_	_	_	linguistic	_	ContainsVariation=No	SpaceAfter=No	_	_	_	_	_
576-7	PKP136	576	7	ha	ha	_	_	_	_	_	linguistic	_	ContainsVariation=No	_	_	_	_	_	_
576-8	PKP136	576	8	inviato	inviato	_	_	_	_	_	linguistic	_	ContainsVariation=No	_	_	_	_	_	_
576-9	PKP136	576	9	a	a	_	_	_	_	_	linguistic	_	ContainsVariation=No	_	_	_	_	_	_
576-10	PKP136	576	10	suo	suo	_	_	_	_	_	linguistic	_	ContainsVariation=No	_	_	_	_	_	_
576-11	PKP136	576	11	zio	zio	_	_	_	_	_	linguistic	_	ContainsVariation=No	_	_	_	_	_	_
576-12	PKP136	576	12	stefa:no	stefano	_	_	_	_	_	linguistic	_	ContainsVariation=No	_	_	4x1	_	_	_
576-13	PKP136	576	13	((ride))	((ride))	_	_	_	_	_	nonverbalbehavior	_	ContainsVariation=No	_	End=1064.927	_	_	_	_
577-0	PKP142	577	0	((ride))	((ride))	_	_	_	_	_	nonverbalbehavior	_	ContainsVariation=No	_	Begin=1064.017|End=1064.807	_	_	_	_
578-0	PKP141	578	0	((ride))	((ride))	_	_	_	_	_	nonverbalbehavior	_	ContainsVariation=No	_	Begin=1064.017|End=1064.807	_	_	_	_
579-0	PKP141	579	0	tipo	tipo	_	_	_	_	_	linguistic	_	ContainsVariation=No	_	Begin=1065.98	_	_	_	_
579-1	PKP141	579	1	io	io	_	_	_	_	_	linguistic	_	ContainsVariation=No	_	_	_	_	_	_
579-2	PKP141	579	2	quando	quando	_	_	_	_	_	linguistic	_	ContainsVariation=No	_	_	_	_	_	_
579-3	PKP141	579	3	ogni	ogni	_	_	_	_	_	linguistic	_	ContainsVariation=No	_	_	_	_	_	_
579-4	PKP141	579	4	s[e:ra	sera	_	_	_	_	_	linguistic	_	ContainsVariation=No	_	_	1x1	_	_	1-4(171)
579-5	PKP141	579	5	>all]e	alle	_	_	_	_	_	linguistic	_	ContainsVariation=No	_	_	_	Fast=0-4(0)	_	0-3(171)
579-6	PKP141	579	6	due	due	_	_	_	_	_	linguistic	_	ContainsVariation=No	_	_	_	Fast=0-3(0)	_	_
579-7	PKP141	579	7	di	di	_	_	_	_	_	linguistic	_	ContainsVariation=No	_	_	_	Fast=0-2(0)	_	_
579-8	PKP141	579	8	notte<	notte	_	_	_	_	_	linguistic	_	ContainsVariation=No	_	_	_	Fast=0-5(0)	_	_
579-9	PKP141	579	9	chiamo	chiamo	_	_	_	_	_	linguistic	_	ContainsVariation=No	_	_	_	_	_	_
579-10	PKP141	579	10	ste::	ste	_	_	_	_	_	linguistic	_	ContainsVariation=No	_	_	2x2	_	_	_
579-11	PKP141	579	11	dove	dove	_	_	_	_	_	linguistic	_	ContainsVariation=No	_	_	_	_	_	_
579-12	PKP141	579	12	se:i	sei	_	_	_	_	_	linguistic	_	ContainsVariation=No	_	End=1070.574	1x1	_	_	_
580-0	PKP142	580	0	[oddio	oddio	_	_	_	_	_	linguistic	_	ContainsVariation=No	_	Begin=1067.419	_	_	_	0-5(171)
580-1	PKP142	580	1	scusami]	scusami	_	_	_	_	_	linguistic	_	ContainsVariation=No	_	End=1068.211	_	_	_	0-7(171)
581-0	PKP141	581	0	e	e	_	_	_	_	_	linguistic	_	ContainsVariation=No	_	Begin=1070.693	_	_	_	_
581-1	PKP141	581	1	chiamo	chiamo	_	_	_	_	_	linguistic	_	ContainsVariation=No	_	_	_	_	_	_
581-2	PKP141	581	2	mio	mio	_	_	_	_	_	linguistic	_	ContainsVariation=No	_	_	_	_	_	_
581-3	PKP141	581	3	cugi:no	cugino	_	_	_	_	_	linguistic	_	ContainsVariation=No	_	End=1071.872	3x1	_	_	_
582-0	PKP136	582	0	((ride))	((ride))	_	_	_	_	_	nonverbalbehavior	_	ContainsVariation=No	_	Begin=1071.712|End=1073.14	_	_	_	_
583-0	PKP142	583	0	non	non	_	_	_	_	_	linguistic	_	ContainsVariation=No	_	Begin=1072.452	_	_	_	_
583-1	PKP142	583	1	ho	ho	_	_	_	_	_	linguistic	_	ContainsVariation=No	_	_	_	_	_	_
583-2	PKP142	583	2	paro:le	parole	_	_	_	_	_	linguistic	_	ContainsVariation=No	_	End=1073.17	3x1	_	_	_
584-0	PKP141	584	0	con	con	_	_	_	_	_	linguistic	_	ContainsVariation=No	_	Begin=1073.17	_	_	_	_
584-1	PKP141	584	1	fami:glia	famiglia	_	_	_	_	_	linguistic	_	ContainsVariation=No	_	_	3x1	_	_	_
584-2	PKP141	584	2	ha	ha	_	_	_	_	_	linguistic	_	ContainsVariation=No	_	_	_	_	_	_
584-3	PKP141	584	3	più	più	_	_	_	_	_	linguistic	_	ContainsVariation=No	_	_	_	_	_	_
584-4	PKP141	584	4	di	di	_	_	_	_	_	linguistic	_	ContainsVariation=No	_	_	_	_	_	_
584-5	PKP141	584	5	trent'	trent'	_	_	_	_	_	linguistic	_	ContainsVariation=No	SpaceAfter=No	_	_	_	_	_
584-6	PKP141	584	6	a:nni	anni	_	_	_	_	_	linguistic	_	ContainsVariation=No	_	_	0x1	_	_	_
584-7	PKP141	584	7	che	che	_	_	_	_	_	linguistic	_	ContainsVariation=No	_	_	_	_	_	_
584-8	PKP141	584	8	xx	xx	_	_	_	_	_	unknown	_	ContainsVariation=No	Syllables=2	_	_	_	_	_
584-9	PKP141	584	9	perché	perché	_	_	_	_	_	linguistic	_	ContainsVariation=No	_	_	_	_	_	_
584-10	PKP141	584	10	è	è	_	_	_	_	_	linguistic	_	ContainsVariation=No	_	_	_	_	_	_
584-11	PKP141	584	11	fo:rte,	forte	_	_	_	_	_	linguistic	_	ContainsVariation=No	Intonation=WeaklyRising	_	1x1	_	_	_
584-12	PKP141	584	12	e	e	_	_	_	_	_	linguistic	_	ContainsVariation=No	_	_	_	_	_	_
584-13	PKP141	584	13	ogni	ogni	_	_	_	_	_	linguistic	_	ContainsVariation=No	_	_	_	_	_	_
584-14	PKP141	584	14	volta	volta	_	_	_	_	_	linguistic	_	ContainsVariation=No	_	End=1077.203	_	_	_	_
585-0	PKP141	585	0	eh	eh	_	_	_	_	_	linguistic	_	ContainsVariation=No	_	Begin=1078.019	_	_	_	_
585-1	PKP141	585	1	cosa?	cosa	_	_	_	_	_	linguistic	_	ContainsVariation=No	Intonation=Rising	End=1078.637	_	_	_	_
586-0	PKP136	586	0	((ride))	((ride))	_	_	_	_	_	nonverbalbehavior	_	ContainsVariation=No	_	Begin=1078.517|End=1079.623	_	_	_	_
587-0	PKP141	587	0	no:	no	_	_	_	_	_	linguistic	_	ContainsVariation=No	_	Begin=1079.423	1x1	_	_	_
587-1	PKP141	587	1	ho	ho	_	_	_	_	_	linguistic	_	ContainsVariation=No	_	_	_	_	_	_
587-2	PKP141	587	2	sbaglia:to	sbagliato	_	_	_	_	_	linguistic	_	ContainsVariation=No	_	_	6x1	_	_	_
587-3	PKP141	587	3	[scusami	scusami	_	_	_	_	_	linguistic	_	ContainsVariation=No	_	_	_	_	_	0-7(176)
587-4	PKP141	587	4	ste]	ste	_	_	_	_	_	linguistic	_	ContainsVariation=No	_	End=1081.561	_	_	_	0-3(176)
588-0	PKP142	588	0	[vabbè:]	vabbè	_	_	_	_	_	linguistic	_	ContainsVariation=No	_	Begin=1080.459|End=1081.281	4x1	_	_	0-5(176)
589-0	PKP141	589	0	ba:sta	basta	_	_	_	_	_	linguistic	_	ContainsVariation=No	_	Begin=1082.051	1x1	_	_	_
589-1	PKP141	589	1	hai	hai	_	_	_	_	_	linguistic	_	ContainsVariation=No	_	_	_	_	_	_
589-2	PKP141	589	2	un	un	_	_	_	_	_	linguistic	_	ContainsVariation=No	_	_	_	_	_	_
589-3	PKP141	589	3	nome	nome	_	_	_	_	_	linguistic	_	ContainsVariation=No	_	_	_	_	_	_
589-4	PKP141	589	4	troppo::	troppo	_	_	_	_	_	linguistic	_	ContainsVariation=No	_	End=1083.731	5x2	_	_	_
590-0	PKP136	590	0	ma,	ma	_	_	_	_	_	linguistic	_	ContainsVariation=No	Intonation=WeaklyRising	Begin=1083.941	_	_	_	_
590-1	PKP136	590	1	è	è	_	_	_	_	_	linguistic	_	ContainsVariation=No	_	_	_	_	_	_
590-2	PKP136	590	2	comune	comune	_	_	_	_	_	linguistic	_	ContainsVariation=No	_	_	_	_	_	_
590-3	PKP136	590	3	[giù,	giù	_	_	_	_	_	linguistic	_	ContainsVariation=No	Intonation=WeaklyRising	_	_	_	_	0-3(177)
590-4	PKP136	590	4	va]	va	_	_	_	_	_	linguistic	_	ContainsVariation=No	_	_	_	_	_	0-2(177)
590-5	PKP136	590	5	un	un	_	_	_	_	_	linguistic	_	ContainsVariation=No	_	_	_	_	_	_
590-6	PKP136	590	6	sacco	sacco	_	_	_	_	_	linguistic	_	ContainsVariation=No	_	_	_	_	_	_
590-7	PKP136	590	7	ma	ma	_	_	_	_	_	linguistic	_	ContainsVariation=No	_	_	_	_	_	_
590-8	PKP136	590	8	hai	hai	_	_	_	_	_	linguistic	_	ContainsVariation=No	_	_	_	_	_	_
590-9	PKP136	590	9	presen~	presen~	_	_	_	_	_	linguistic	_	ContainsVariation=No	Interrupted=Yes	_	_	_	_	_
590-10	PKP136	590	10	ti	ti	_	_	_	_	_	linguistic	_	ContainsVariation=No	_	_	_	_	_	_
590-11	PKP136	590	11	ricordi	ricordi	_	_	_	_	_	linguistic	_	ContainsVariation=No	_	_	_	_	_	_
590-12	PKP136	590	12	quella	quella	_	_	_	_	_	linguistic	_	ContainsVariation=No	_	_	_	_	_	_
590-13	PKP136	590	13	volta	volta	_	_	_	_	_	linguistic	_	ContainsVariation=No	_	_	_	_	_	_
590-14	PKP136	590	14	che	che	_	_	_	_	_	linguistic	_	ContainsVariation=No	_	_	_	_	_	_
590-15	PKP136	590	15	mi	mi	_	_	_	_	_	linguistic	_	ContainsVariation=No	_	_	_	_	_	_
590-16	PKP136	590	16	facesti	facesti	_	_	_	_	_	linguistic	_	ContainsVariation=No	_	_	_	_	_	_
590-17	PKP136	590	17	lo	lo	_	_	_	_	_	linguistic	_	ContainsVariation=No	_	_	_	_	_	_
590-18	PKP136	590	18	sche:rzo:	scherzo	_	_	_	_	_	linguistic	_	ContainsVariation=No	_	_	3x1,6x1	_	_	_
590-19	PKP136	590	19	telefo:nico	telefonico	_	_	_	_	_	linguistic	_	ContainsVariation=No	_	End=1089.456	5x1	_	_	_
591-0	PKP141	591	0	[sì]	sì	_	_	_	_	_	linguistic	_	ContainsVariation=No	_	Begin=1084.798|End=1085.154	_	_	_	0-2(177)
592-0	PKP136	592	0	che	che	_	_	_	_	_	linguistic	_	ContainsVariation=No	_	Begin=1089.776	_	_	_	_
592-1	PKP136	592	1	mi	mi	_	_	_	_	_	linguistic	_	ContainsVariation=No	_	_	_	_	_	_
592-2	PKP136	592	2	[chiamò]::	chiamò	_	_	_	_	_	linguistic	_	ContainsVariation=No	_	End=1091.319	5x2	_	_	0-6(178)
593-0	PKP141	593	0	[oddio]	oddio	_	_	_	_	_	linguistic	_	ContainsVariation=No	_	Begin=1090.05|End=1090.591	_	_	_	0-5(178)
594-0	PKP136	594	0	<chi	chi	_	_	_	_	_	linguistic	_	ContainsVariation=No	_	Begin=1091.855	_	Slow=0-3(0)	_	_
594-1	PKP136	594	1	e:ra>	era	_	_	_	_	_	linguistic	_	ContainsVariation=No	_	_	0x1	Slow=0-3(0)	_	_
594-2	PKP136	594	2	[uno	uno	_	_	_	_	_	linguistic	_	ContainsVariation=No	_	_	_	_	_	0-3(179)
594-3	PKP136	594	3	che	che	_	_	_	_	_	linguistic	_	ContainsVariation=No	_	_	_	_	_	0-3(179)
594-4	PKP136	594	4	si	si	_	_	_	_	_	linguistic	_	ContainsVariation=No	_	_	_	_	_	0-2(179)
594-5	PKP136	594	5	>chiamava<]	chiamava	_	_	_	_	_	linguistic	_	ContainsVariation=No	_	End=1093.515	_	Fast=0-8(0)	_	0-8(179)
595-0	PKP142	595	0	[sara	sara	_	_	_	_	_	linguistic	_	ContainsVariation=No	_	Begin=1092.813	_	_	_	0-4(179)
595-1	PKP142	595	1	sa]ra	sara	_	_	_	_	_	linguistic	_	ContainsVariation=No	_	_	_	_	_	0-2(179)
595-2	PKP142	595	2	che	che	_	_	_	_	_	linguistic	_	ContainsVariation=No	_	_	_	_	_	_
595-3	PKP142	595	3	fa	fa	_	_	_	_	_	linguistic	_	ContainsVariation=No	_	_	_	_	_	_
595-4	PKP142	595	4	gli	gli	_	_	_	_	_	linguistic	_	ContainsVariation=No	_	_	_	_	_	_
595-5	PKP142	595	5	scherze:tti	scherzetti	_	_	_	_	_	linguistic	_	ContainsVariation=No	_	_	6x1	_	_	_
595-6	PKP142	595	6	telefo:nici	telefonici	_	_	_	_	_	linguistic	_	ContainsVariation=No	_	End=1095.313	5x1	_	_	_
596-0	PKP141	596	0	non	non	_	_	_	_	_	linguistic	_	ContainsVariation=No	_	Begin=1095.313	_	_	_	_
596-1	PKP141	596	1	li	li	_	_	_	_	_	linguistic	_	ContainsVariation=No	_	_	_	_	_	_
596-2	PKP141	596	2	faccio	faccio	_	_	_	_	_	linguistic	_	ContainsVariation=No	_	_	_	_	_	_
596-3	PKP141	596	3	da	da	_	_	_	_	_	linguistic	_	ContainsVariation=No	_	_	_	_	_	_
596-4	PKP141	596	4	a:nni	anni	_	_	_	_	_	linguistic	_	ContainsVariation=No	_	End=1096.698	0x1	_	_	_
597-0	PKP142	597	0	((ride))	((ride))	_	_	_	_	_	nonverbalbehavior	_	ContainsVariation=No	_	Begin=1096.26|End=1096.749	_	_	_	_
598-0	PKP136	598	0	ma	ma	_	_	_	_	_	linguistic	_	ContainsVariation=No	_	Begin=1096.749	_	_	_	_
598-1	PKP136	598	1	che	che	_	_	_	_	_	linguistic	_	ContainsVariation=No	_	_	_	_	_	_
598-2	PKP136	598	2	che	che	_	_	_	_	_	linguistic	_	ContainsVariation=No	_	_	_	_	_	_
598-3	PKP136	598	3	che	che	_	_	_	_	_	linguistic	_	ContainsVariation=No	_	_	_	_	_	_
598-4	PKP136	598	4	dici	dici	_	_	_	_	_	linguistic	_	ContainsVariation=No	_	_	_	_	_	_
598-5	PKP136	598	5	l'	l'	_	_	_	_	_	linguistic	_	ContainsVariation=No	SpaceAfter=No	_	_	_	_	_
598-6	PKP136	598	6	hai	hai	_	_	_	_	_	linguistic	_	ContainsVariation=No	_	_	_	_	_	_
598-7	PKP136	598	7	fatto	fatto	_	_	_	_	_	linguistic	_	ContainsVariation=No	_	_	_	_	_	_
598-8	PKP136	598	8	tipo	tipo	_	_	_	_	_	linguistic	_	ContainsVariation=No	_	_	_	_	_	_
598-9	PKP136	598	9	l'	l'	_	_	_	_	_	linguistic	_	ContainsVariation=No	SpaceAfter=No	_	_	_	_	_
598-10	PKP136	598	10	anno	anno	_	_	_	_	_	linguistic	_	ContainsVariation=No	_	_	_	_	_	_
598-11	PKP136	598	11	sco:rso	scorso	_	_	_	_	_	linguistic	_	ContainsVariation=No	_	_	2x1	_	_	_
598-12	PKP136	598	12	che	che	_	_	_	_	_	linguistic	_	ContainsVariation=No	_	_	_	_	_	_
598-13	PKP136	598	13	io	io	_	_	_	_	_	linguistic	_	ContainsVariation=No	_	_	_	_	_	_
598-14	PKP136	598	14	dovevo	dovevo	_	_	_	_	_	linguistic	_	ContainsVariation=No	_	_	_	_	_	_
598-15	PKP136	598	15	vedermi	vedermi	_	_	_	_	_	linguistic	_	ContainsVariation=No	_	_	_	_	_	_
598-16	PKP136	598	16	con	con	_	_	_	_	_	linguistic	_	ContainsVariation=No	_	_	_	_	_	_
598-17	PKP136	598	17	un	un	_	_	_	_	_	linguistic	_	ContainsVariation=No	_	_	_	_	_	_
598-18	PKP136	598	18	mio	mio	_	_	_	_	_	linguistic	_	ContainsVariation=No	_	_	_	_	_	_
598-19	PKP136	598	19	amico	amico	_	_	_	_	_	linguistic	_	ContainsVariation=No	_	_	_	_	_	_
598-20	PKP136	598	20	che	che	_	_	_	_	_	linguistic	_	ContainsVariation=No	_	_	_	_	_	_
598-21	PKP136	598	21	si	si	_	_	_	_	_	linguistic	_	ContainsVariation=No	_	_	_	_	_	_
598-22	PKP136	598	22	chiama	chiama	_	_	_	_	_	linguistic	_	ContainsVariation=No	_	_	_	_	_	_
598-23	PKP136	598	23	tipo	tipo	_	_	_	_	_	linguistic	_	ContainsVariation=No	_	_	_	_	_	_
598-24	PKP136	598	24	marco:	marco	_	_	_	_	_	linguistic	_	ContainsVariation=No	_	_	4x1	_	_	_
598-25	PKP136	598	25	fo:rs[e::]	forse	_	_	_	_	_	linguistic	_	ContainsVariation=No	_	End=1102.6	1x1,4x2	_	_	2-5(182)
599-0	PKP142	599	0	((ride))	((ride))	_	_	_	_	_	nonverbalbehavior	_	ContainsVariation=No	_	Begin=1098.479|End=1099.395	_	_	_	_
600-0	PKP141	600	0	[a]:h	ah	_	_	_	_	_	linguistic	_	ContainsVariation=No	_	Begin=1102.53	0x1	_	_	0-1(181)
600-1	PKP141	600	1	ma	ma	_	_	_	_	_	linguistic	_	ContainsVariation=No	_	_	_	_	_	_
600-2	PKP141	600	2	non	non	_	_	_	_	_	linguistic	_	ContainsVariation=No	_	_	_	_	_	_
600-3	PKP141	600	3	era	era	_	_	_	_	_	linguistic	_	ContainsVariation=No	_	_	_	_	_	_
600-4	PKP141	600	4	uno	uno	_	_	_	_	_	linguistic	_	ContainsVariation=No	_	_	_	_	_	_
600-5	PKP141	600	5	sche:rzo	scherzo	_	_	_	_	_	linguistic	_	ContainsVariation=No	_	_	3x1	_	_	_
600-6	PKP141	600	6	mi	mi	_	_	_	_	_	linguistic	_	ContainsVariation=No	_	_	_	_	_	_
600-7	PKP141	600	7	sa	sa	_	_	_	_	_	linguistic	_	ContainsVariation=No	_	_	_	_	_	_
600-8	PKP141	600	8	che	che	_	_	_	_	_	linguistic	_	ContainsVariation=No	_	_	_	_	_	_
600-9	PKP141	600	9	sbagliai	sbagliai	_	_	_	_	_	linguistic	_	ContainsVariation=No	_	_	_	_	_	_
600-10	PKP141	600	10	di	di	_	_	_	_	_	linguistic	_	ContainsVariation=No	_	_	_	_	_	_
600-11	PKP141	600	11	nuovo	nuovo	_	_	_	_	_	linguistic	_	ContainsVariation=No	_	_	_	_	_	_
600-12	PKP141	600	12	[a	a	_	_	_	_	_	linguistic	_	ContainsVariation=No	_	_	_	_	_	0-1(183)
600-13	PKP141	600	13	chiama:re	chiamare	_	_	_	_	_	linguistic	_	ContainsVariation=No	_	_	5x1	_	_	0-8(183)
600-14	PKP141	600	14	(°uno	uno	_	_	_	_	_	linguistic	_	ContainsVariation=No	Volume=low	_	_	_	0-3(0)	0-3(183)
600-15	PKP141	600	15	sche:~°)]	sche~	_	_	_	_	_	linguistic	_	ContainsVariation=No	Interrupted=Yes|Volume=low	End=1107.134	3x1	_	0-5(0)	0-5(183)
601-0	PKP136	601	0	[no:	no	_	_	_	_	_	linguistic	_	ContainsVariation=No	_	Begin=1105.7	1x1	_	_	0-2(183)
601-1	PKP136	601	1	no:	no	_	_	_	_	_	linguistic	_	ContainsVariation=No	_	_	1x1	_	_	0-2(183)
601-2	PKP136	601	2	hai	hai	_	_	_	_	_	linguistic	_	ContainsVariation=No	_	_	_	_	_	0-3(183)
601-3	PKP136	601	3	de]tto	detto	_	_	_	_	_	linguistic	_	ContainsVariation=No	_	_	_	_	_	0-2(183)
601-4	PKP136	601	4	a	a	_	_	_	_	_	linguistic	_	ContainsVariation=No	_	_	_	_	_	_
601-5	PKP136	601	5	questo	questo	_	_	_	_	_	linguistic	_	ContainsVariation=No	_	_	_	_	_	_
601-6	PKP136	601	6	tuo	tuo	_	_	_	_	_	linguistic	_	ContainsVariation=No	_	_	_	_	_	_
601-7	PKP136	601	7	amico	amico	_	_	_	_	_	linguistic	_	ContainsVariation=No	_	_	_	_	_	_
601-8	PKP136	601	8	<chia:malo>	chiamalo	_	_	_	_	_	linguistic	_	ContainsVariation=No	_	End=1108.949	3x1	Slow=0-8(0)	_	_
602-0	PKP136	602	0	e	e	_	_	_	_	_	linguistic	_	ContainsVariation=No	_	Begin=1109.291	_	_	_	_
602-1	PKP136	602	1	di'	di'	_	_	_	_	_	linguistic	_	ContainsVariation=No	Truncated=Yes	_	_	_	_	_
602-2	PKP136	602	2	che	che	_	_	_	_	_	linguistic	_	ContainsVariation=No	_	_	_	_	_	_
602-3	PKP136	602	3	vi	vi	_	_	_	_	_	linguistic	_	ContainsVariation=No	_	_	_	_	_	_
602-4	PKP136	602	4	dovete	dovete	_	_	_	_	_	linguistic	_	ContainsVariation=No	_	_	_	_	_	_
602-5	PKP136	602	5	vede:re	vedere	_	_	_	_	_	linguistic	_	ContainsVariation=No	_	End=1111.247	3x1	_	_	_
603-0	PKP136	603	0	e	e	_	_	_	_	_	linguistic	_	ContainsVariation=No	_	Begin=1111.422	_	_	_	_
603-1	PKP136	603	1	che	che	_	_	_	_	_	linguistic	_	ContainsVariation=No	_	_	_	_	_	_
603-2	PKP136	603	2	ti	ti	_	_	_	_	_	linguistic	_	ContainsVariation=No	_	_	_	_	_	_
603-3	PKP136	603	3	sto	sto	_	_	_	_	_	linguistic	_	ContainsVariation=No	_	_	_	_	_	_
603-4	PKP136	603	4	ti	ti	_	_	_	_	_	linguistic	_	ContainsVariation=No	_	_	_	_	_	_
603-5	PKP136	603	5	sta	sta	_	_	_	_	_	linguistic	_	ContainsVariation=No	_	_	_	_	_	_
603-6	PKP136	603	6	aspettando	aspettando	_	_	_	_	_	linguistic	_	ContainsVariation=No	_	_	_	_	_	_
603-7	PKP136	603	7	questo	questo	_	_	_	_	_	linguistic	_	ContainsVariation=No	_	_	_	_	_	_
603-8	PKP136	603	8	qua	qua	_	_	_	_	_	linguistic	_	ContainsVariation=No	_	_	_	_	_	_
603-9	PKP136	603	9	si	si	_	_	_	_	_	linguistic	_	ContainsVariation=No	_	_	_	_	_	_
603-10	PKP136	603	10	chiamava	chiamava	_	_	_	_	_	linguistic	_	ContainsVariation=No	_	_	_	_	_	_
603-11	PKP136	603	11	tipo	tipo	_	_	_	_	_	linguistic	_	ContainsVariation=No	_	_	_	_	_	_
603-12	PKP136	603	12	marco	marco	_	_	_	_	_	linguistic	_	ContainsVariation=No	_	_	_	_	_	_
603-13	PKP136	603	13	perché	perché	_	_	_	_	_	linguistic	_	ContainsVariation=No	PauseAfter=Yes	_	_	_	_	_
603-14	PKP136	603	14	(.)	(.)	_	_	_	_	_	shortpause	_	ContainsVariation=No	_	_	_	_	_	_
603-15	PKP136	603	15	quando	quando	_	_	_	_	_	linguistic	_	ContainsVariation=No	_	_	_	_	_	_
603-16	PKP136	603	16	mi	mi	_	_	_	_	_	linguistic	_	ContainsVariation=No	_	_	_	_	_	_
603-17	PKP136	603	17	ha	ha	_	_	_	_	_	linguistic	_	ContainsVariation=No	_	_	_	_	_	_
603-18	PKP136	603	18	chiama:to	chiamato	_	_	_	_	_	linguistic	_	ContainsVariation=No	_	_	5x1	_	_	_
603-19	PKP136	603	19	io	io	_	_	_	_	_	linguistic	_	ContainsVariation=No	_	_	_	_	_	_
603-20	PKP136	603	20	stavo	stavo	_	_	_	_	_	linguistic	_	ContainsVariation=No	_	_	_	_	_	_
603-21	PKP136	603	21	andando	andando	_	_	_	_	_	linguistic	_	ContainsVariation=No	_	_	_	_	_	_
603-22	PKP136	603	22	tipo	tipo	_	_	_	_	_	linguistic	_	ContainsVariation=No	_	_	_	_	_	_
603-23	PKP136	603	23	a	a	_	_	_	_	_	linguistic	_	ContainsVariation=No	_	_	_	_	_	_
603-24	PKP136	603	24	un	un	_	_	_	_	_	linguistic	_	ContainsVariation=No	_	_	_	_	_	_
603-25	PKP136	603	25	inco:nto	inconto	_	_	_	_	_	linguistic	_	ContainsVariation=No	_	End=1118.286	3x1	_	_	_
604-0	PKP136	604	0	co:n	con	_	_	_	_	_	linguistic	_	ContainsVariation=No	_	Begin=1118.391	1x1	_	_	_
604-1	PKP136	604	1	un	un	_	_	_	_	_	linguistic	_	ContainsVariation=No	_	_	_	_	_	_
604-2	PKP136	604	2	mio	mio	_	_	_	_	_	linguistic	_	ContainsVariation=No	_	_	_	_	_	_
604-3	PKP136	604	3	amico	amico	_	_	_	_	_	linguistic	_	ContainsVariation=No	_	_	_	_	_	_
604-4	PKP136	604	4	di	di	_	_	_	_	_	linguistic	_	ContainsVariation=No	_	_	_	_	_	_
604-5	PKP136	604	5	nome	nome	_	_	_	_	_	linguistic	_	ContainsVariation=No	_	_	_	_	_	_
604-6	PKP136	604	6	marco	marco	_	_	_	_	_	linguistic	_	ContainsVariation=No	_	_	_	_	_	_
604-7	PKP136	604	7	e	e	_	_	_	_	_	linguistic	_	ContainsVariation=No	_	_	_	_	_	_
604-8	PKP136	604	8	io	io	_	_	_	_	_	linguistic	_	ContainsVariation=No	_	_	_	_	_	_
604-9	PKP136	604	9	dicevo	dicevo	_	_	_	_	_	linguistic	_	ContainsVariation=No	PauseAfter=Yes	_	_	_	_	_
604-10	PKP136	604	10	(.)	(.)	_	_	_	_	_	shortpause	_	ContainsVariation=No	_	_	_	_	_	_
604-11	PKP136	604	11	marco	marco	_	_	_	_	_	linguistic	_	ContainsVariation=No	_	_	_	_	_	_
604-12	PKP136	604	12	ma	ma	_	_	_	_	_	linguistic	_	ContainsVariation=No	_	_	_	_	_	_
604-13	PKP136	604	13	sei	sei	_	_	_	_	_	linguistic	_	ContainsVariation=No	_	_	_	_	_	_
604-14	PKP136	604	14	tu?	tu	_	_	_	_	_	linguistic	_	ContainsVariation=No	Intonation=Rising	_	_	_	_	_
604-15	PKP136	604	15	ma	ma	_	_	_	_	_	linguistic	_	ContainsVariation=No	_	_	_	_	_	_
604-16	PKP136	604	16	perché::?	perché	_	_	_	_	_	linguistic	_	ContainsVariation=No	Intonation=Rising	_	5x2	_	_	_
604-17	PKP136	604	17	aveva	aveva	_	_	_	_	_	linguistic	_	ContainsVariation=No	_	_	_	_	_	_
604-18	PKP136	604	18	una	una	_	_	_	_	_	linguistic	_	ContainsVariation=No	_	_	_	_	_	_
604-19	PKP136	604	19	voce	voce	_	_	_	_	_	linguistic	_	ContainsVariation=No	_	_	_	_	_	_
604-20	PKP136	604	20	diver[sissima	diversissima	_	_	_	_	_	linguistic	_	ContainsVariation=No	_	_	_	_	_	5-12(184)
604-21	PKP136	604	21	ovviamente	ovviamente	_	_	_	_	_	linguistic	_	ContainsVariation=No	_	_	_	_	_	0-10(184)
604-22	PKP136	604	22	è	è	_	_	_	_	_	linguistic	_	ContainsVariation=No	_	_	_	_	_	0-1(184)
604-23	PKP136	604	23	un'	un'	_	_	_	_	_	linguistic	_	ContainsVariation=No	SpaceAfter=No	_	_	_	_	0-3(184)
604-24	PKP136	604	24	altra	altra	_	_	_	_	_	linguistic	_	ContainsVariation=No	_	_	_	_	_	0-5(184)
604-25	PKP136	604	25	pers]o:na	persona	_	_	_	_	_	linguistic	_	ContainsVariation=No	_	End=1125.323	4x1	_	_	0-4(184)
605-0	PKP142	605	0	((ride))	((ride))	_	_	_	_	_	nonverbalbehavior	_	ContainsVariation=No	_	Begin=1121.974|End=1123.249	_	_	_	_
606-0	PKP141	606	0	[oddi:o	oddio	_	_	_	_	_	linguistic	_	ContainsVariation=No	_	Begin=1123.464	3x1	_	_	0-5(185)
606-1	PKP141	606	1	che	che	_	_	_	_	_	linguistic	_	ContainsVariation=No	_	_	_	_	_	0-3(185)
606-2	PKP141	606	2	x]	x	_	_	_	_	_	unknown	_	ContainsVariation=No	Syllables=1	End=1124.725	_	_	_	0-1(185)
607-0	PKP142	607	0	odd[i:o]	oddio	_	_	_	_	_	linguistic	_	ContainsVariation=No	_	Begin=1125.323|End=1125.826	3x1	_	_	3-5(186)
608-0	PKP141	608	0	[ho	ho	_	_	_	_	_	linguistic	_	ContainsVariation=No	_	Begin=1125.517	_	_	_	0-2(186)
608-1	PKP141	608	1	cap]i:t~	capit~	_	_	_	_	_	linguistic	_	ContainsVariation=No	Interrupted=Yes	_	3x1	_	_	0-3(186)
608-2	PKP141	608	2	è	è	_	_	_	_	_	linguistic	_	ContainsVariation=No	_	_	_	_	_	_
608-3	PKP141	608	3	mia	mia	_	_	_	_	_	linguistic	_	ContainsVariation=No	_	_	_	_	_	_
608-4	PKP141	608	4	cugi:na	cugina	_	_	_	_	_	linguistic	_	ContainsVariation=No	_	_	3x1	_	_	_
608-5	PKP141	608	5	che	che	_	_	_	_	_	linguistic	_	ContainsVariation=No	_	_	_	_	_	_
608-6	PKP141	608	6	si	si	_	_	_	_	_	linguistic	_	ContainsVariation=No	_	_	_	_	_	_
608-7	PKP141	608	7	diverte	diverte	_	_	_	_	_	linguistic	_	ContainsVariation=No	_	_	_	_	_	_
608-8	PKP141	608	8	un	un	_	_	_	_	_	linguistic	_	ContainsVariation=No	_	_	_	_	_	_
608-9	PKP141	608	9	botto	botto	_	_	_	_	_	linguistic	_	ContainsVariation=No	_	_	_	_	_	_
608-10	PKP141	608	10	a	a	_	_	_	_	_	linguistic	_	ContainsVariation=No	_	_	_	_	_	_
608-11	PKP141	608	11	fare	fare	_	_	_	_	_	linguistic	_	ContainsVariation=No	_	_	_	_	_	_
608-12	PKP141	608	12	gli	gli	_	_	_	_	_	linguistic	_	ContainsVariation=No	_	_	_	_	_	_
608-13	PKP141	608	13	sche:rzi	scherzi	_	_	_	_	_	linguistic	_	ContainsVariation=No	_	End=1129.102	3x1	_	_	_
609-0	PKP141	609	0	e::	e	_	_	_	_	_	linguistic	_	ContainsVariation=No	_	Begin=1129.689	0x2	_	_	_
609-1	PKP141	609	1	tipo	tipo	_	_	_	_	_	linguistic	_	ContainsVariation=No	_	_	_	_	_	_
609-2	PKP141	609	2	io	io	_	_	_	_	_	linguistic	_	ContainsVariation=No	_	_	_	_	_	_
609-3	PKP141	609	3	so~	so~	_	_	_	_	_	linguistic	_	ContainsVariation=No	Interrupted=Yes	_	_	_	_	_
609-4	PKP141	609	4	ovviamente	ovviamente	_	_	_	_	_	linguistic	_	ContainsVariation=No	_	_	_	_	_	_
609-5	PKP141	609	5	faccio	faccio	_	_	_	_	_	linguistic	_	ContainsVariation=No	_	_	_	_	_	_
609-6	PKP141	609	6	da	da	_	_	_	_	_	linguistic	_	ContainsVariation=No	_	_	_	_	_	_
609-7	PKP141	609	7	mae::stra	maestra	_	_	_	_	_	linguistic	_	ContainsVariation=No	_	End=1132.071	2x2	_	_	_
610-0	PKP142	610	0	((ride))	((ride))	_	_	_	_	_	nonverbalbehavior	_	ContainsVariation=No	_	Begin=1132.071|End=1133.028	_	_	_	_
611-0	PKP136	611	0	((ride))	((ride))	_	_	_	_	_	nonverbalbehavior	_	ContainsVariation=No	_	Begin=1132.071|End=1133.028	_	_	_	_
612-0	PKP141	612	0	e	e	_	_	_	_	_	linguistic	_	ContainsVariation=No	_	Begin=1132.266	_	_	_	_
612-1	PKP141	612	1	tipo	tipo	_	_	_	_	_	linguistic	_	ContainsVariation=No	_	_	_	_	_	_
612-2	PKP141	612	2	mi	mi	_	_	_	_	_	linguistic	_	ContainsVariation=No	_	_	_	_	_	_
612-3	PKP141	612	3	chiede	chiede	_	_	_	_	_	linguistic	_	ContainsVariation=No	_	End=1133.006	_	_	_	_
613-0	PKP141	613	0	mi	mi	_	_	_	_	_	linguistic	_	ContainsVariation=No	_	Begin=1133.139	_	_	_	_
613-1	PKP141	613	1	aiu:ti	aiuti	_	_	_	_	_	linguistic	_	ContainsVariation=No	_	_	2x1	_	_	_
613-2	PKP141	613	2	a	a	_	_	_	_	_	linguistic	_	ContainsVariation=No	_	_	_	_	_	_
613-3	PKP141	613	3	fare	fare	_	_	_	_	_	linguistic	_	ContainsVariation=No	_	_	_	_	_	_
613-4	PKP141	613	4	gli	gli	_	_	_	_	_	linguistic	_	ContainsVariation=No	_	_	_	_	_	_
613-5	PKP141	613	5	scherzi	scherzi	_	_	_	_	_	linguistic	_	ContainsVariation=No	_	_	_	_	_	_
613-6	PKP141	613	6	a	a	_	_	_	_	_	linguistic	_	ContainsVariation=No	_	_	_	_	_	_
613-7	PKP141	613	7	chi	chi	_	_	_	_	_	linguistic	_	ContainsVariation=No	_	_	_	_	_	_
613-8	PKP141	613	8	li	li	_	_	_	_	_	linguistic	_	ContainsVariation=No	_	_	_	_	_	_
613-9	PKP141	613	9	faccia:mo	facciamo	_	_	_	_	_	linguistic	_	ContainsVariation=No	_	_	5x1	_	_	_
613-10	PKP141	613	10	per[ché	perché	_	_	_	_	_	linguistic	_	ContainsVariation=No	_	_	_	_	_	3-6(187)
613-11	PKP141	613	11	non	non	_	_	_	_	_	linguistic	_	ContainsVariation=No	_	_	_	_	_	0-3(187)
613-12	PKP141	613	12	gli	gli	_	_	_	_	_	linguistic	_	ContainsVariation=No	_	_	_	_	_	0-3(187)
613-13	PKP141	613	13	vengono]	vengono	_	_	_	_	_	linguistic	_	ContainsVariation=No	_	_	_	_	_	0-7(187)
613-14	PKP141	613	14	b[e:ne]	bene	_	_	_	_	_	linguistic	_	ContainsVariation=No	_	End=1136.402	1x1	_	_	1-4(188)
614-0	PKP136	614	0	[a:h]	ah	_	_	_	_	_	linguistic	_	ContainsVariation=No	_	Begin=1135.215|End=1135.773	0x1	_	_	0-2(187)
615-0	PKP136	615	0	[capi]:to	capito	_	_	_	_	_	linguistic	_	ContainsVariation=No	_	Begin=1136.002	3x1	_	_	0-4(188)
615-1	PKP136	615	1	t[u::]	tu	_	_	_	_	_	linguistic	_	ContainsVariation=No	_	End=1137.356	1x2	_	_	1-2(189)
616-0	PKP141	616	0	[eh	eh	_	_	_	_	_	linguistic	_	ContainsVariation=No	_	Begin=1137.089	_	_	_	0-2(189)
616-1	PKP141	616	1	s]ì	sì	_	_	_	_	_	linguistic	_	ContainsVariation=No	_	_	_	_	_	0-1(189)
616-2	PKP141	616	2	e	e	_	_	_	_	_	linguistic	_	ContainsVariation=No	_	_	_	_	_	_
616-3	PKP141	616	3	x	x	_	_	_	_	_	unknown	_	ContainsVariation=No	Syllables=1	_	_	_	_	_
616-4	PKP141	616	4	>peròtipo<	peròtipo	_	_	_	_	_	linguistic	_	ContainsVariation=No	_	End=1139.004	_	Fast=0-8(0)	_	_
617-0	PKP141	617	0	ero	ero	_	_	_	_	_	linguistic	_	ContainsVariation=No	_	Begin=1139.281	_	_	_	_
617-1	PKP141	617	1	con	con	_	_	_	_	_	linguistic	_	ContainsVariation=No	_	_	_	_	_	_
617-2	PKP141	617	2	le:i	lei	_	_	_	_	_	linguistic	_	ContainsVariation=No	_	_	1x1	_	_	_
617-3	PKP141	617	3	e	e	_	_	_	_	_	linguistic	_	ContainsVariation=No	_	_	_	_	_	_
617-4	PKP141	617	4	dei	dei	_	_	_	_	_	linguistic	_	ContainsVariation=No	_	_	_	_	_	_
617-5	PKP141	617	5	suoi	suoi	_	_	_	_	_	linguistic	_	ContainsVariation=No	_	_	_	_	_	_
617-6	PKP141	617	6	ami:[ci	amici	_	_	_	_	_	linguistic	_	ContainsVariation=No	_	_	2x1	_	_	3-5(190)
617-7	PKP141	617	7	(può	può	_	_	_	_	_	linguistic	_	ContainsVariation=No	_	_	_	_	0-3(0)	0-3(190)
617-8	PKP141	617	8	darsi)	darsi	_	_	_	_	_	linguistic	_	ContainsVariation=No	_	_	_	_	0-5(0)	0-5(190)
617-9	PKP141	617	9	era	era	_	_	_	_	_	linguistic	_	ContainsVariation=No	_	_	_	_	_	0-3(190)
617-10	PKP141	617	10	un	un	_	_	_	_	_	linguistic	_	ContainsVariation=No	_	_	_	_	_	0-2(190)
617-11	PKP141	617	11	su]o	suo	_	_	_	_	_	linguistic	_	ContainsVariation=No	_	_	_	_	_	0-2(190)
617-12	PKP141	617	12	ami:co	amico	_	_	_	_	_	linguistic	_	ContainsVariation=No	_	End=1142.213	2x1	_	_	_
618-0	PKP136	618	0	[a:h	ah	_	_	_	_	_	linguistic	_	ContainsVariation=No	_	Begin=1140.743	0x1	_	_	0-2(190)
618-1	PKP136	618	1	>sì<]	sì	_	_	_	_	_	linguistic	_	ContainsVariation=No	_	End=1141.502	_	Fast=0-2(0)	_	0-2(190)
619-0	PKP141	619	0	sicu:ro	sicuro	_	_	_	_	_	linguistic	_	ContainsVariation=No	_	Begin=1142.462	3x1	_	_	_
619-1	PKP141	619	1	[perché	perché	_	_	_	_	_	linguistic	_	ContainsVariation=No	_	_	_	_	_	0-6(191)
619-2	PKP141	619	2	x	x	_	_	_	_	_	unknown	_	ContainsVariation=No	Syllables=1	_	_	_	_	0-1(191)
619-3	PKP141	619	3	prima	prima	_	_	_	_	_	linguistic	_	ContainsVariation=No	_	_	_	_	_	0-5(191)
619-4	PKP141	619	4	li	li	_	_	_	_	_	linguistic	_	ContainsVariation=No	_	_	_	_	_	0-2(191)
619-5	PKP141	619	5	face:]vo	facevo	_	_	_	_	_	linguistic	_	ContainsVariation=No	_	_	3x1	_	_	0-4(191)
619-6	PKP141	619	6	cioè	cioè	_	_	_	_	_	linguistic	_	ContainsVariation=No	_	_	_	_	_	_
619-7	PKP141	619	7	però	però	_	_	_	_	_	linguistic	_	ContainsVariation=No	_	_	_	_	_	_
619-8	PKP141	619	8	se	se	_	_	_	_	_	linguistic	_	ContainsVariation=No	_	_	_	_	_	_
619-9	PKP141	619	9	non	non	_	_	_	_	_	linguistic	_	ContainsVariation=No	_	_	_	_	_	_
619-10	PKP141	619	10	li	li	_	_	_	_	_	linguistic	_	ContainsVariation=No	_	_	_	_	_	_
619-11	PKP141	619	11	faccio	faccio	_	_	_	_	_	linguistic	_	ContainsVariation=No	_	_	_	_	_	_
619-12	PKP141	619	12	di	di	_	_	_	_	_	linguistic	_	ContainsVariation=No	_	_	_	_	_	_
619-13	PKP141	619	13	mia	mia	_	_	_	_	_	linguistic	_	ContainsVariation=No	_	_	_	_	_	_
619-14	PKP141	619	14	spontanea	spontanea	_	_	_	_	_	linguistic	_	ContainsVariation=No	_	_	_	_	_	_
619-15	PKP141	619	15	volontà	volontà	_	_	_	_	_	linguistic	_	ContainsVariation=No	_	_	_	_	_	_
619-16	PKP141	619	16	da:	da	_	_	_	_	_	linguistic	_	ContainsVariation=No	_	_	1x1	_	_	_
619-17	PKP141	619	17	da	da	_	_	_	_	_	linguistic	_	ContainsVariation=No	_	_	_	_	_	_
619-18	PKP141	619	18	a:nni	anni	_	_	_	_	_	linguistic	_	ContainsVariation=No	_	End=1147.297	0x1	_	_	_
620-0	PKP136	620	0	[sì	sì	_	_	_	_	_	linguistic	_	ContainsVariation=No	_	Begin=1142.919	_	_	_	0-2(191)
620-1	PKP136	620	1	sì	sì	_	_	_	_	_	linguistic	_	ContainsVariation=No	_	_	_	_	_	0-2(191)
620-2	PKP136	620	2	possi:bile]	possibile	_	_	_	_	_	linguistic	_	ContainsVariation=No	_	End=1144.044	4x1	_	_	0-9(191)
621-0	PKP141	621	0	[poi	poi	_	_	_	_	_	linguistic	_	ContainsVariation=No	_	Begin=1147.539	_	_	_	0-3(192)
621-1	PKP141	621	1	erano	erano	_	_	_	_	_	linguistic	_	ContainsVariation=No	_	_	_	_	_	0-5(192)
621-2	PKP141	621	2	be:]lli	belli	_	_	_	_	_	linguistic	_	ContainsVariation=No	_	_	1x1	_	_	0-2(192)
621-3	PKP141	621	3	quelli	quelli	_	_	_	_	_	linguistic	_	ContainsVariation=No	_	_	_	_	_	_
621-4	PKP141	621	4	che	che	_	_	_	_	_	linguistic	_	ContainsVariation=No	_	_	_	_	_	_
621-5	PKP141	621	5	fac[e:vo]	facevo	_	_	_	_	_	linguistic	_	ContainsVariation=No	_	End=1149.017	3x1	_	_	3-6(193)
622-0	PKP136	622	0	[xx]	xx	_	_	_	_	_	unknown	_	ContainsVariation=No	Syllables=2	Begin=1147.545|End=1148.213	_	_	_	0-2(192)
623-0	PKP142	623	0	[an]ch'	anch'	_	_	_	_	_	linguistic	_	ContainsVariation=No	SpaceAfter=No	Begin=1148.857	_	_	_	0-2(193)
623-1	PKP142	623	1	[io	io	_	_	_	_	_	linguistic	_	ContainsVariation=No	_	_	_	_	_	0-2(194)
623-2	PKP142	623	2	ho	ho	_	_	_	_	_	linguistic	_	ContainsVariation=No	_	_	_	_	_	0-2(194)
623-3	PKP142	623	3	fatto	fatto	_	_	_	_	_	linguistic	_	ContainsVariation=No	_	_	_	_	_	0-5(194)
623-4	PKP142	623	4	qualche	qualche	_	_	_	_	_	linguistic	_	ContainsVariation=No	_	_	_	_	_	0-7(194)
623-5	PKP142	623	5	s]che:rzo	scherzo	_	_	_	_	_	linguistic	_	ContainsVariation=No	_	_	3x1	_	_	0-1(194)
623-6	PKP142	623	6	in	in	_	_	_	_	_	linguistic	_	ContainsVariation=No	_	_	_	_	_	_
623-7	PKP142	623	7	giovin	giovin	_	_	_	_	_	linguistic	_	ContainsVariation=No	PauseAfter=Yes	_	_	_	_	_
623-8	PKP142	623	8	(.)	(.)	_	_	_	_	_	shortpause	_	ContainsVariation=No	_	_	_	_	_	_
623-9	PKP142	623	9	tù	tù	_	_	_	_	_	linguistic	_	ContainsVariation=No	_	_	_	_	_	_
623-10	PKP142	623	10	dai	dai	_	_	_	_	_	linguistic	_	ContainsVariation=No	_	_	_	_	_	_
623-11	PKP142	623	11	che	che	_	_	_	_	_	linguistic	_	ContainsVariation=No	_	_	_	_	_	_
623-12	PKP142	623	12	[xx]	xx	_	_	_	_	_	unknown	_	ContainsVariation=No	PauseAfter=Yes|Syllables=2	_	_	_	_	0-2(195)
623-13	PKP142	623	13	(.)	(.)	_	_	_	_	_	shortpause	_	ContainsVariation=No	_	_	_	_	_	_
623-14	PKP142	623	14	in	in	_	_	_	_	_	linguistic	_	ContainsVariation=No	_	_	_	_	_	_
623-15	PKP142	623	15	gioventù	gioventù	_	_	_	_	_	linguistic	_	ContainsVariation=No	_	_	_	_	_	_
623-16	PKP142	623	16	raga	raga	_	_	_	_	_	linguistic	_	ContainsVariation=No	_	_	_	_	_	_
623-17	PKP142	623	17	che	che	_	_	_	_	_	linguistic	_	ContainsVariation=No	_	_	_	_	_	_
623-18	PKP142	623	18	prima	prima	_	_	_	_	_	linguistic	_	ContainsVariation=No	_	_	_	_	_	_
623-19	PKP142	623	19	stavo	stavo	_	_	_	_	_	linguistic	_	ContainsVariation=No	_	_	_	_	_	_
623-20	PKP142	623	20	dicendo	dicendo	_	_	_	_	_	linguistic	_	ContainsVariation=No	_	_	_	_	_	_
623-21	PKP142	623	21	a	a	_	_	_	_	_	linguistic	_	ContainsVariation=No	_	_	_	_	_	_
623-22	PKP142	623	22	ste	ste	_	_	_	_	_	linguistic	_	ContainsVariation=No	_	_	_	_	_	_
623-23	PKP142	623	23	ma,	ma	_	_	_	_	_	linguistic	_	ContainsVariation=No	Intonation=WeaklyRising	_	_	_	_	_
623-24	PKP142	623	24	ste	ste	_	_	_	_	_	linguistic	_	ContainsVariation=No	_	_	_	_	_	_
623-25	PKP142	623	25	ho	ho	_	_	_	_	_	linguistic	_	ContainsVariation=No	_	_	_	_	_	_
623-26	PKP142	623	26	fatto	fatto	_	_	_	_	_	linguistic	_	ContainsVariation=No	_	End=1155.85	_	_	_	_
624-0	PKP136	624	0	[(fa:rli)]	farli	_	_	_	_	_	linguistic	_	ContainsVariation=No	_	Begin=1149.175|End=1149.849	1x1	_	0-5(0)	0-5(194)
625-0	PKP141	625	0	in	in	_	_	_	_	_	linguistic	_	ContainsVariation=No	_	Begin=1151.611	_	_	_	_
625-1	PKP141	625	1	gioventù]	gioventù	_	_	_	_	_	linguistic	_	ContainsVariation=No	_	End=1152.415	_	_	_	_
626-0	PKP142	626	0	le:	le	_	_	_	_	_	linguistic	_	ContainsVariation=No	_	Begin=1156.104	1x1	_	_	_
626-1	PKP142	626	1	le	le	_	_	_	_	_	linguistic	_	ContainsVariation=No	_	_	_	_	_	_
626-2	PKP142	626	2	le	le	_	_	_	_	_	linguistic	_	ContainsVariation=No	_	_	_	_	_	_
626-3	PKP142	626	3	le	le	_	_	_	_	_	linguistic	_	ContainsVariation=No	_	_	_	_	_	_
626-4	PKP142	626	4	l[e::]	le	_	_	_	_	_	linguistic	_	ContainsVariation=No	_	_	1x2	_	_	1-2(196)
626-5	PKP142	626	5	e::	e	_	_	_	_	_	linguistic	_	ContainsVariation=No	_	_	0x2	_	_	_
626-6	PKP142	626	6	le	le	_	_	_	_	_	linguistic	_	ContainsVariation=No	_	_	_	_	_	_
626-7	PKP142	626	7	superio:ri	superiori	_	_	_	_	_	linguistic	_	ContainsVariation=No	_	End=1158.79	6x1	_	_	_
627-0	PKP136	627	0	[le	le	_	_	_	_	_	linguistic	_	ContainsVariation=No	_	Begin=1157.031	_	_	_	0-2(196)
627-1	PKP136	627	1	co:sa]?	cosa	_	_	_	_	_	linguistic	_	ContainsVariation=No	Intonation=Rising	End=1157.673	1x1	_	_	0-4(196)
628-0	PKP136	628	0	e:h?	eh	_	_	_	_	_	linguistic	_	ContainsVariation=No	Intonation=Rising	Begin=1158.861|End=1159.368	0x1	_	_	_
629-0	PKP142	629	0	quattro	quattro	_	_	_	_	_	linguistic	_	ContainsVariation=No	_	Begin=1159.368	_	_	_	_
629-1	PKP142	629	1	anni	anni	_	_	_	_	_	linguistic	_	ContainsVariation=No	_	_	_	_	_	_
629-2	PKP142	629	2	fa	fa	_	_	_	_	_	linguistic	_	ContainsVariation=No	_	End=1160.248	_	_	_	_
630-0	PKP136	630	0	e:h	eh	_	_	_	_	_	linguistic	_	ContainsVariation=No	_	Begin=1160.248	0x1	_	_	_
630-1	PKP136	630	1	sì	sì	_	_	_	_	_	linguistic	_	ContainsVariation=No	_	End=1160.766	_	_	_	_
631-0	PKP141	631	0	oddio	oddio	_	_	_	_	_	linguistic	_	ContainsVariation=No	_	Begin=1160.766|End=1161.219	_	_	_	_
632-0	PKP136	632	0	((ride))	((ride))	_	_	_	_	_	nonverbalbehavior	_	ContainsVariation=No	_	Begin=1161.284	_	_	_	_
632-1	PKP136	632	1	[se:mbra	sembra	_	_	_	_	_	linguistic	_	ContainsVariation=No	_	_	1x1	_	_	_
632-2	PKP136	632	2	ta:nto	tanto	_	_	_	_	_	linguistic	_	ContainsVariation=No	_	_	1x1	_	_	_
632-3	PKP136	632	3	a	a	_	_	_	_	_	linguistic	_	ContainsVariation=No	_	_	_	_	_	_
632-4	PKP136	632	4	me	me	_	_	_	_	_	linguistic	_	ContainsVariation=No	_	_	_	_	_	_
632-5	PKP136	632	5	sembra	sembra	_	_	_	_	_	linguistic	_	ContainsVariation=No	_	_	_	_	_	_
632-6	PKP136	632	6	po]chi:ssimo	pochissimo	_	_	_	_	_	linguistic	_	ContainsVariation=No	PauseAfter=Yes	_	4x1	_	_	_
632-7	PKP136	632	7	(.)	(.)	_	_	_	_	_	shortpause	_	ContainsVariation=No	_	_	_	_	_	_
632-8	PKP136	632	8	quat[tro	quattro	_	_	_	_	_	linguistic	_	ContainsVariation=No	_	_	_	_	_	_
632-9	PKP136	632	9	an[ni	anni	_	_	_	_	_	linguistic	_	ContainsVariation=No	_	_	_	_	_	_
632-10	PKP136	632	10	(°e	e	_	_	_	_	_	linguistic	_	ContainsVariation=No	Volume=low	_	_	_	0-1(0)	_
632-11	PKP136	632	11	mezzo°)]]	mezzo	_	_	_	_	_	linguistic	_	ContainsVariation=No	Volume=low	End=1164.935	_	_	0-5(0)	_
633-0	PKP141	633	0	[ma	ma	_	_	_	_	_	linguistic	_	ContainsVariation=No	_	Begin=1161.515	_	_	_	0-2(197)
633-1	PKP141	633	1	poi	poi	_	_	_	_	_	linguistic	_	ContainsVariation=No	_	_	_	_	_	0-3(197)
633-2	PKP141	633	2	trea:nni,	treanni	_	_	_	_	_	linguistic	_	ContainsVariation=No	Intonation=WeaklyRising	_	3x1	_	_	0-7(197)
633-3	PKP141	633	3	tre]	tre	_	_	_	_	_	linguistic	_	ContainsVariation=No	_	End=1163.253	_	_	_	0-3(197)
634-0	PKP142	634	0	[[>pos]so	posso	_	_	_	_	_	linguistic	_	ContainsVariation=No	_	Begin=1164.175	_	Fast=0-5(0)	_	_
634-1	PKP142	634	1	dire	dire	_	_	_	_	_	linguistic	_	ContainsVariation=No	_	_	_	Fast=0-4(0)	_	_
634-2	PKP142	634	2	una	una	_	_	_	_	_	linguistic	_	ContainsVariation=No	_	_	_	Fast=0-3(0)	_	_
634-3	PKP142	634	3	cosa<]	cosa	_	_	_	_	_	linguistic	_	ContainsVariation=No	_	_	_	Fast=0-4(0)	_	_
634-4	PKP142	634	4	xx	xx	_	_	_	_	_	unknown	_	ContainsVariation=No	Syllables=2	_	_	_	_	_
634-5	PKP142	634	5	è	è	_	_	_	_	_	linguistic	_	ContainsVariation=No	_	_	_	_	_	_
634-6	PKP142	634	6	stato	stato	_	_	_	_	_	linguistic	_	ContainsVariation=No	_	End=1166.156	_	_	_	_
635-0	PKP141	635	0	[[(sono)	sono	_	_	_	_	_	linguistic	_	ContainsVariation=No	_	Begin=1164.295	_	_	0-4(0)	_
635-1	PKP141	635	1	tre:	tre	_	_	_	_	_	linguistic	_	ContainsVariation=No	_	_	2x1	_	_	_
635-2	PKP141	635	2	i]o	io	_	_	_	_	_	linguistic	_	ContainsVariation=No	_	_	_	_	_	_
635-3	PKP141	635	3	le	le	_	_	_	_	_	linguistic	_	ContainsVariation=No	_	_	_	_	_	_
635-4	PKP141	635	4	ho	ho	_	_	_	_	_	linguistic	_	ContainsVariation=No	_	_	_	_	_	_
635-5	PKP141	635	5	fatte]	fatte	_	_	_	_	_	linguistic	_	ContainsVariation=No	_	End=1165.617	_	_	_	_
636-0	PKP142	636	0	cio[è::]	cioè	_	_	_	_	_	linguistic	_	ContainsVariation=No	_	Begin=1166.458|End=1167.228	3x2	_	_	3-4(198)
637-0	PKP136	637	0	[ie:]ri	ieri	_	_	_	_	_	linguistic	_	ContainsVariation=No	_	Begin=1166.778	1x1	_	_	0-2(198)
637-1	PKP136	637	1	è	è	_	_	_	_	_	linguistic	_	ContainsVariation=No	_	_	_	_	_	_
637-2	PKP136	637	2	[ve:ro]	vero	_	_	_	_	_	linguistic	_	ContainsVariation=No	_	End=1168.309	1x1	_	_	0-4(199)
638-0	PKP141	638	0	[esa:tto	esatto	_	_	_	_	_	linguistic	_	ContainsVariation=No	_	Begin=1167.576	2x1	_	_	0-6(199)
638-1	PKP141	638	1	è	è	_	_	_	_	_	linguistic	_	ContainsVariation=No	_	_	_	_	_	0-1(199)
638-2	PKP141	638	2	s]tato	stato	_	_	_	_	_	linguistic	_	ContainsVariation=No	_	_	_	_	_	0-1(199)
638-3	PKP141	638	3	[proprio	proprio	_	_	_	_	_	linguistic	_	ContainsVariation=No	_	_	_	_	_	0-7(200)
638-4	PKP141	638	4	x	x	_	_	_	_	_	unknown	_	ContainsVariation=No	Syllables=1	_	_	_	_	0-1(200)
638-5	PKP141	638	5	ie:ri]	ieri	_	_	_	_	_	linguistic	_	ContainsVariation=No	_	End=1169.606	1x1	_	_	0-4(200)
639-0	PKP142	639	0	[questo	questo	_	_	_	_	_	linguistic	_	ContainsVariation=No	_	Begin=1168.387	_	_	_	0-6(200)
639-1	PKP142	639	1	è	è	_	_	_	_	_	linguistic	_	ContainsVariation=No	_	_	_	_	_	0-1(200)
639-2	PKP142	639	2	il	il	_	_	_	_	_	linguistic	_	ContainsVariation=No	_	_	_	_	_	0-2(200)
639-3	PKP142	639	3	primo	primo	_	_	_	_	_	linguistic	_	ContainsVariation=No	_	_	_	_	_	0-5(200)
639-4	PKP142	639	4	a:nno]	anno	_	_	_	_	_	linguistic	_	ContainsVariation=No	_	End=1169.617	0x1	_	_	0-4(200)
640-0	PKP141	640	0	mado:nna	madonna	_	_	_	_	_	linguistic	_	ContainsVariation=No	_	Begin=1170.068	3x1	_	_	_
640-1	PKP141	640	1	°c[erto°]	certo	_	_	_	_	_	linguistic	_	ContainsVariation=No	Volume=low	End=1171.209	_	_	_	1-5(201)
641-0	PKP136	641	0	[no:]	no	_	_	_	_	_	linguistic	_	ContainsVariation=No	_	Begin=1170.895	1x1	_	_	0-2(201)
641-1	PKP136	641	1	e	e	_	_	_	_	_	linguistic	_	ContainsVariation=No	_	_	_	_	_	_
641-2	PKP136	641	2	e	e	_	_	_	_	_	linguistic	_	ContainsVariation=No	_	_	_	_	_	_
641-3	PKP136	641	3	mar~	mar~	_	_	_	_	_	linguistic	_	ContainsVariation=No	Interrupted=Yes	_	_	_	_	_
641-4	PKP136	641	4	marcello	marcello	_	_	_	_	_	linguistic	_	ContainsVariation=No	_	_	_	_	_	_
641-5	PKP136	641	5	l'	l'	_	_	_	_	_	linguistic	_	ContainsVariation=No	SpaceAfter=No	_	_	_	_	_
641-6	PKP136	641	6	ha	ha	_	_	_	_	_	linguistic	_	ContainsVariation=No	_	_	_	_	_	_
641-7	PKP136	641	7	fatto	fatto	_	_	_	_	_	linguistic	_	ContainsVariation=No	_	_	_	_	_	_
641-8	PKP136	641	8	°sette°	sette	_	_	_	_	_	linguistic	_	ContainsVariation=No	Volume=low	_	_	_	_	_
641-9	PKP136	641	9	a:nni	anni	_	_	_	_	_	linguistic	_	ContainsVariation=No	_	_	0x1	_	_	_
641-10	PKP136	641	10	fa::	fa	_	_	_	_	_	linguistic	_	ContainsVariation=No	_	End=1174.219	1x2	_	_	_
642-0	PKP142	642	0	co:sa?	cosa	_	_	_	_	_	linguistic	_	ContainsVariation=No	Intonation=Rising	Begin=1174.73|End=1175.383	1x1	_	_	_
643-0	PKP141	643	0	eh?	eh	_	_	_	_	_	linguistic	_	ContainsVariation=No	Intonation=Rising	Begin=1175.49|End=1175.812	_	_	_	_
644-0	PKP142	644	0	marcello	marcello	_	_	_	_	_	linguistic	_	ContainsVariation=No	_	Begin=1175.72	_	_	_	_
644-1	PKP142	644	1	deve	deve	_	_	_	_	_	linguistic	_	ContainsVariation=No	_	_	_	_	_	_
644-2	PKP142	644	2	fare	fare	_	_	_	_	_	linguistic	_	ContainsVariation=No	_	_	_	_	_	_
644-3	PKP142	644	3	[venticinque	venticinque	_	_	_	_	_	linguistic	_	ContainsVariation=No	_	_	_	_	_	0-11(203)
644-4	PKP142	644	4	a:nni	anni	_	_	_	_	_	linguistic	_	ContainsVariation=No	_	_	0x1	_	_	0-4(203)
644-5	PKP142	644	5	x]	x	_	_	_	_	_	unknown	_	ContainsVariation=No	Syllables=1	End=1177.64	_	_	_	0-1(203)
645-0	PKP136	645	0	[finisci	finisci	_	_	_	_	_	linguistic	_	ContainsVariation=No	_	Begin=1176.41	_	_	_	0-7(203)
645-1	PKP136	645	1	dicio:tto,	diciotto	_	_	_	_	_	linguistic	_	ContainsVariation=No	Intonation=WeaklyRising	_	4x1	_	_	0-8(203)
645-2	PKP136	645	2	di]ciannove	diciannove	_	_	_	_	_	linguistic	_	ContainsVariation=No	_	_	_	_	_	0-2(203)
645-3	PKP136	645	3	[a:nni	anni	_	_	_	_	_	linguistic	_	ContainsVariation=No	_	_	0x1	_	_	0-4(204)
645-4	PKP136	645	4	più	più	_	_	_	_	_	linguistic	_	ContainsVariation=No	_	_	_	_	_	0-3(204)
645-5	PKP136	645	5	o	o	_	_	_	_	_	linguistic	_	ContainsVariation=No	_	_	_	_	_	0-1(204)
645-6	PKP136	645	6	me:no]	meno	_	_	_	_	_	linguistic	_	ContainsVariation=No	_	End=1179.232	1x1	_	_	0-4(204)
646-0	PKP142	646	0	[marcello	marcello	_	_	_	_	_	linguistic	_	ContainsVariation=No	_	Begin=1178.255	_	_	_	0-8(?)
646-1	PKP142	646	1	è	è	_	_	_	_	_	linguistic	_	ContainsVariation=No	_	_	_	_	_	0-1(?)
646-2	PKP142	646	2	novanto:]tto	novantotto	_	_	_	_	_	linguistic	_	ContainsVariation=No	_	_	6x1	_	_	0-7(?)
646-3	PKP142	646	3	o,	o	_	_	_	_	_	linguistic	_	ContainsVariation=No	Intonation=WeaklyRising	_	_	_	_	_
646-4	PKP142	646	4	novantotto	novantotto	_	_	_	_	_	linguistic	_	ContainsVariation=No	_	_	_	_	_	_
646-5	PKP142	646	5	o	o	_	_	_	_	_	linguistic	_	ContainsVariation=No	_	_	_	_	_	_
646-6	PKP142	646	6	novantase:tte	novantasette	_	_	_	_	_	linguistic	_	ContainsVariation=No	_	_	8x1	_	_	_
646-7	PKP142	646	7	non	non	_	_	_	_	_	linguistic	_	ContainsVariation=No	_	_	_	_	_	_
646-8	PKP142	646	8	mi	mi	_	_	_	_	_	linguistic	_	ContainsVariation=No	_	_	_	_	_	_
646-9	PKP142	646	9	rico:(rdo)	ricordo	_	_	_	_	_	linguistic	_	ContainsVariation=No	_	End=1181.589	3x1	_	4-7(0)	_
647-0	PKP136	647	0	[vovant]ott[o	vovantotto	_	_	_	_	_	linguistic	_	ContainsVariation=No	_	Begin=1181.229	_	_	_	0-6(205),9-10(206)
647-1	PKP136	647	1	duemilaven]tici:n~	duemilaventicin~	_	_	_	_	_	linguistic	_	ContainsVariation=No	Interrupted=Yes	_	13x1	_	_	0-10(206)
647-2	PKP136	647	2	no	no	_	_	_	_	_	linguistic	_	ContainsVariation=No	_	_	_	_	_	_
647-3	PKP136	647	3	>duemilaventicinque<	duemilaventicinque	_	_	_	_	_	linguistic	_	ContainsVariation=No	_	End=1183.82	_	Fast=0-18(0)	_	_
648-0	PKP142	648	0	[novantotto]	novantotto	_	_	_	_	_	linguistic	_	ContainsVariation=No	_	Begin=1181.825|End=1182.603	_	_	_	0-10(206)
649-0	PKP136	649	0	venticinque	venticinque	_	_	_	_	_	linguistic	_	ContainsVariation=No	_	Begin=1184.032	_	_	_	_
649-1	PKP136	649	1	[a:nni	anni	_	_	_	_	_	linguistic	_	ContainsVariation=No	_	_	0x1	_	_	0-4(207)
649-2	PKP136	649	2	duemilaventitré	duemilaventitré	_	_	_	_	_	linguistic	_	ContainsVariation=No	_	_	_	_	_	0-15(207)
649-3	PKP136	649	3	novan]to:tto	novantotto	_	_	_	_	_	linguistic	_	ContainsVariation=No	_	End=1186.517	6x1	_	_	0-5(207)
650-0	PKP142	650	0	[allora	allora	_	_	_	_	_	linguistic	_	ContainsVariation=No	_	Begin=1184.644	_	_	_	0-6(207)
650-1	PKP142	650	1	ne	ne	_	_	_	_	_	linguistic	_	ContainsVariation=No	_	_	_	_	_	0-2(207)
650-2	PKP142	650	2	deve	deve	_	_	_	_	_	linguistic	_	ContainsVariation=No	_	_	_	_	_	0-4(207)
650-3	PKP142	650	3	fare	fare	_	_	_	_	_	linguistic	_	ContainsVariation=No	_	_	_	_	_	0-4(207)
650-4	PKP142	650	4	ventiqua~]	ventiqua~	_	_	_	_	_	linguistic	_	ContainsVariation=No	Interrupted=Yes	End=1186.015	_	_	_	0-9(207)
651-0	PKP142	651	0	no:	no	_	_	_	_	_	linguistic	_	ContainsVariation=No	_	Begin=1186.517	1x1	_	_	_
651-1	PKP142	651	1	>ne	ne	_	_	_	_	_	linguistic	_	ContainsVariation=No	_	_	_	Fast=0-2(0)	_	_
651-2	PKP142	651	2	deve	deve	_	_	_	_	_	linguistic	_	ContainsVariation=No	_	_	_	Fast=0-4(0)	_	_
651-3	PKP142	651	3	fare<	fare	_	_	_	_	_	linguistic	_	ContainsVariation=No	_	End=1187.257	_	Fast=0-4(0)	_	_
652-0	PKP142	652	0	ne	ne	_	_	_	_	_	linguistic	_	ContainsVariation=No	_	Begin=1187.856	_	_	_	_
652-1	PKP142	652	1	deve	deve	_	_	_	_	_	linguistic	_	ContainsVariation=No	_	_	_	_	_	_
652-2	PKP142	652	2	fare	fare	_	_	_	_	_	linguistic	_	ContainsVariation=No	_	_	_	_	_	_
652-3	PKP142	652	3	ventici::[nque]	venticinque	_	_	_	_	_	linguistic	_	ContainsVariation=No	_	End=1189.45	6x2	_	_	7-11(208)
653-0	PKP136	653	0	[quan~	quan~	_	_	_	_	_	linguistic	_	ContainsVariation=No	Interrupted=Yes	Begin=1189.009	_	_	_	0-5(208)
653-1	PKP136	653	1	quan]do	quando	_	_	_	_	_	linguistic	_	ContainsVariation=No	_	_	_	_	_	0-4(208)
653-2	PKP136	653	2	è	è	_	_	_	_	_	linguistic	_	ContainsVariation=No	_	_	_	_	_	_
653-3	PKP136	653	3	marce:llo?	marcello	_	_	_	_	_	linguistic	_	ContainsVariation=No	Intonation=Rising	End=1190.208	4x1	_	_	_
654-0	PKP142	654	0	di	di	_	_	_	_	_	linguistic	_	ContainsVariation=No	_	Begin=1190.644	_	_	_	_
654-1	PKP142	654	1	lu:glio	luglio	_	_	_	_	_	linguistic	_	ContainsVariation=No	_	End=1191.388	1x1	_	_	_
655-0	PKP142	655	0	non	non	_	_	_	_	_	linguistic	_	ContainsVariation=No	_	Begin=1192.052	_	_	_	_
655-1	PKP142	655	1	non	non	_	_	_	_	_	linguistic	_	ContainsVariation=No	_	_	_	_	_	_
655-2	PKP142	655	2	mi	mi	_	_	_	_	_	linguistic	_	ContainsVariation=No	_	_	_	_	_	_
655-3	PKP142	655	3	ri~	ri~	_	_	_	_	_	linguistic	_	ContainsVariation=No	Interrupted=Yes	_	_	_	_	_
655-4	PKP142	655	4	non	non	_	_	_	_	_	linguistic	_	ContainsVariation=No	_	_	_	_	_	_
655-5	PKP142	655	5	mi	mi	_	_	_	_	_	linguistic	_	ContainsVariation=No	_	_	_	_	_	_
655-6	PKP142	655	6	[chiedere	chiedere	_	_	_	_	_	linguistic	_	ContainsVariation=No	_	_	_	_	_	0-8(209)
655-7	PKP142	655	7	il	il	_	_	_	_	_	linguistic	_	ContainsVariation=No	_	_	_	_	_	0-2(209)
655-8	PKP142	655	8	((ride))	((ride))	_	_	_	_	_	nonverbalbehavior	_	ContainsVariation=No	_	_	_	_	_	X(209)
655-9	PKP142	655	9	giorno	giorno	_	_	_	_	_	linguistic	_	ContainsVariation=No	_	_	_	_	_	0-6(209)
655-10	PKP142	655	10	precis]o	preciso	_	_	_	_	_	linguistic	_	ContainsVariation=No	_	_	_	_	_	0-6(209)
655-11	PKP142	655	11	perché	perché	_	_	_	_	_	linguistic	_	ContainsVariation=No	_	_	_	_	_	_
655-12	PKP142	655	12	non	non	_	_	_	_	_	linguistic	_	ContainsVariation=No	_	_	_	_	_	_
655-13	PKP142	655	13	me	me	_	_	_	_	_	linguistic	_	ContainsVariation=No	_	_	_	_	_	_
655-14	PKP142	655	14	lo	lo	_	_	_	_	_	linguistic	_	ContainsVariation=No	_	_	_	_	_	_
655-15	PKP142	655	15	ri[cordo	ricordo	_	_	_	_	_	linguistic	_	ContainsVariation=No	_	_	_	_	_	2-7(210)
655-16	PKP142	655	16	però]	però	_	_	_	_	_	linguistic	_	ContainsVariation=No	_	End=1195.39	_	_	_	0-4(210)
656-0	PKP136	656	0	[ah	ah	_	_	_	_	_	linguistic	_	ContainsVariation=No	_	Begin=1192.856	_	_	_	0-2(209)
656-1	PKP136	656	1	no	no	_	_	_	_	_	linguistic	_	ContainsVariation=No	_	_	_	_	_	0-2(209)
656-2	PKP136	656	2	no	no	_	_	_	_	_	linguistic	_	ContainsVariation=No	_	_	_	_	_	0-2(209)
656-3	PKP136	656	3	sì]	sì	_	_	_	_	_	linguistic	_	ContainsVariation=No	_	End=1193.81	_	_	_	0-2(209)
657-0	PKP136	657	0	[ah	ah	_	_	_	_	_	linguistic	_	ContainsVariation=No	_	Begin=1194.646	_	_	_	0-2(210)
657-1	PKP136	657	1	(non	non	_	_	_	_	_	linguistic	_	ContainsVariation=No	_	_	_	_	0-3(0)	0-3(210)
657-2	PKP136	657	2	è	è	_	_	_	_	_	linguistic	_	ContainsVariation=No	_	_	_	_	0-1(0)	0-1(210)
657-3	PKP136	657	3	che	che	_	_	_	_	_	linguistic	_	ContainsVariation=No	_	_	_	_	0-3(0)	0-3(210)
657-4	PKP136	657	4	tipo)	tipo	_	_	_	_	_	linguistic	_	ContainsVariation=No	_	_	_	_	0-4(0)	0-4(210)
657-5	PKP136	657	5	ha]	ha	_	_	_	_	_	linguistic	_	ContainsVariation=No	_	_	_	_	_	0-2(210)
657-6	PKP136	657	6	a	a	_	_	_	_	_	linguistic	_	ContainsVariation=No	_	_	_	_	_	_
657-7	PKP136	657	7	x	x	_	_	_	_	_	unknown	_	ContainsVariation=No	Syllables=1	_	_	_	_	_
657-8	PKP136	657	8	ha	ha	_	_	_	_	_	linguistic	_	ContainsVariation=No	_	_	_	_	_	_
657-9	PKP136	657	9	fatto	fatto	_	_	_	_	_	linguistic	_	ContainsVariation=No	_	_	_	_	_	_
657-10	PKP136	657	10	venticinque	venticinque	_	_	_	_	_	linguistic	_	ContainsVariation=No	_	_	_	_	_	_
657-11	PKP136	657	11	anni::	anni	_	_	_	_	_	linguistic	_	ContainsVariation=No	_	_	3x2	_	_	_
657-12	PKP136	657	12	quando	quando	_	_	_	_	_	linguistic	_	ContainsVariation=No	_	_	_	_	_	_
657-13	PKP136	657	13	è	è	_	_	_	_	_	linguistic	_	ContainsVariation=No	_	_	_	_	_	_
657-14	PKP136	657	14	stato?	stato	_	_	_	_	_	linguistic	_	ContainsVariation=No	Intonation=Rising	End=1198.01	_	_	_	_
658-0	PKP136	658	0	[avati]e:r[i]	avatieri	_	_	_	_	_	linguistic	_	ContainsVariation=No	_	Begin=1198.267|End=1199.01	5x1	_	_	0-5(211),7-8(212)
659-0	PKP141	659	0	[ie:ri]	ieri	_	_	_	_	_	linguistic	_	ContainsVariation=No	_	Begin=1198.267|End=1198.738	1x1	_	_	0-4(211)
660-0	PKP142	660	0	[(ma]	ma	_	_	_	_	_	linguistic	_	ContainsVariation=No	_	Begin=1198.876	_	_	0-2(0)	0-2(?)
660-1	PKP142	660	1	xx)	xx	_	_	_	_	_	unknown	_	ContainsVariation=No	Syllables=2	_	_	_	0-2(0)	_
660-2	PKP142	660	2	è	è	_	_	_	_	_	linguistic	_	ContainsVariation=No	_	_	_	_	_	_
660-3	PKP142	660	3	ven~	ven~	_	_	_	_	_	linguistic	_	ContainsVariation=No	Interrupted=Yes	_	_	_	_	_
660-4	PKP142	660	4	cioè	cioè	_	_	_	_	_	linguistic	_	ContainsVariation=No	_	_	_	_	_	_
660-5	PKP142	660	5	ha	ha	_	_	_	_	_	linguistic	_	ContainsVariation=No	_	_	_	_	_	_
660-6	PKP142	660	6	fatto	fatto	_	_	_	_	_	linguistic	_	ContainsVariation=No	_	_	_	_	_	_
660-7	PKP142	660	7	ventici:nque:	venticinque	_	_	_	_	_	linguistic	_	ContainsVariation=No	_	End=1201.386	6x1,10x1	_	_	_
661-0	PKP141	661	0	[x]	x	_	_	_	_	_	unknown	_	ContainsVariation=No	Syllables=1	Begin=1200.996	_	_	_	0-1(213)
661-1	PKP141	661	1	x	x	_	_	_	_	_	unknown	_	ContainsVariation=No	Syllables=1	_	_	_	_	_
661-2	PKP141	661	2	tuo	tuo	_	_	_	_	_	linguistic	_	ContainsVariation=No	_	_	_	_	_	_
661-3	PKP141	661	3	cugi:no	cugino	_	_	_	_	_	linguistic	_	ContainsVariation=No	_	End=1202.644	3x1	_	_	_
662-0	PKP141	662	0	(pi[ù	più	_	_	_	_	_	linguistic	_	ContainsVariation=No	_	Begin=1202.691	_	_	0-3(0)	2-3(214)
662-1	PKP141	662	1	o	o	_	_	_	_	_	linguistic	_	ContainsVariation=No	_	_	_	_	0-1(0)	0-1(214)
662-2	PKP141	662	2	me]:no)	meno	_	_	_	_	_	linguistic	_	ContainsVariation=No	_	End=1203.226	1x1	_	0-4(0)	0-2(214)
663-0	PKP142	663	0	[eh]?	eh	_	_	_	_	_	linguistic	_	ContainsVariation=No	Intonation=Rising	Begin=1202.835|End=1203.154	_	_	_	0-2(214)
664-0	PKP142	664	0	no	no	_	_	_	_	_	linguistic	_	ContainsVariation=No	_	Begin=1203.226	_	_	_	_
664-1	PKP142	664	1	mio	mio	_	_	_	_	_	linguistic	_	ContainsVariation=No	_	_	_	_	_	_
664-2	PKP142	664	2	cugino	cugino	_	_	_	_	_	linguistic	_	ContainsVariation=No	_	_	_	_	_	_
664-3	PKP142	664	3	ne	ne	_	_	_	_	_	linguistic	_	ContainsVariation=No	_	_	_	_	_	_
664-4	PKP142	664	4	ha	ha	_	_	_	_	_	linguistic	_	ContainsVariation=No	_	_	_	_	_	_
664-5	PKP142	664	5	fanti:?	fanti	_	_	_	_	_	linguistic	_	ContainsVariation=No	Intonation=Rising	_	4x1	_	_	_
664-6	PKP142	664	6	quattro	quattro	_	_	_	_	_	linguistic	_	ContainsVariation=No	_	End=1205.443	_	_	_	_
665-0	PKP141	665	0	ah	ah	_	_	_	_	_	linguistic	_	ContainsVariation=No	_	Begin=1205.443|End=1205.647	_	_	_	_
666-0	PKP141	666	0	eh	eh	_	_	_	_	_	linguistic	_	ContainsVariation=No	_	Begin=1205.736	_	_	_	_
666-1	PKP141	666	1	vabbè	vabbè	_	_	_	_	_	linguistic	_	ContainsVariation=No	_	_	_	_	_	_
666-2	PKP141	666	2	[sì:]	sì	_	_	_	_	_	linguistic	_	ContainsVariation=No	_	End=1206.712	1x1	_	_	0-2(215)
667-0	PKP142	667	0	[no	no	_	_	_	_	_	linguistic	_	ContainsVariation=No	_	Begin=1206.271	_	_	_	0-2(215)
667-1	PKP142	667	1	no	no	_	_	_	_	_	linguistic	_	ContainsVariation=No	_	_	_	_	_	0-2(215)
667-2	PKP142	667	2	n]o:	no	_	_	_	_	_	linguistic	_	ContainsVariation=No	_	End=1206.982	1x1	_	_	0-1(215)
668-0	PKP142	668	0	mo	mo	_	_	_	_	_	linguistic	_	ContainsVariation=No	_	Begin=1207.168	_	_	_	_
668-1	PKP142	668	1	cugino	cugino	_	_	_	_	_	linguistic	_	ContainsVariation=No	_	_	_	_	_	_
668-2	PKP142	668	2	(è)	è	_	_	_	_	_	linguistic	_	ContainsVariation=No	_	End=1207.659	_	_	0-1(0)	_
669-0	PKP136	669	0	ne	ne	_	_	_	_	_	linguistic	_	ContainsVariation=No	_	Begin=1207.51	_	_	_	_
669-1	PKP136	669	1	ha	ha	_	_	_	_	_	linguistic	_	ContainsVariation=No	_	_	_	_	_	_
669-2	PKP136	669	2	fa~	fa~	_	_	_	_	_	linguistic	_	ContainsVariation=No	Interrupted=Yes	_	_	_	_	_
669-3	PKP136	669	3	ha	ha	_	_	_	_	_	linguistic	_	ContainsVariation=No	_	_	_	_	_	_
669-4	PKP136	669	4	detto	detto	_	_	_	_	_	linguistic	_	ContainsVariation=No	_	_	_	_	_	_
669-5	PKP136	669	5	[che	che	_	_	_	_	_	linguistic	_	ContainsVariation=No	_	_	_	_	_	0-3(?)
669-6	PKP136	669	6	ha	ha	_	_	_	_	_	linguistic	_	ContainsVariation=No	_	_	_	_	_	0-2(?)
669-7	PKP136	669	7	fatto	fatto	_	_	_	_	_	linguistic	_	ContainsVariation=No	_	_	_	_	_	0-5(?)
669-8	PKP136	669	8	un	un	_	_	_	_	_	linguistic	_	ContainsVariation=No	_	_	_	_	_	0-2(?)
669-9	PKP136	669	9	anno	anno	_	_	_	_	_	linguistic	_	ContainsVariation=No	_	_	_	_	_	0-4(?)
669-10	PKP136	669	10	di:]	di	_	_	_	_	_	linguistic	_	ContainsVariation=No	_	End=1209.512	1x1	_	_	0-2(?)
670-0	PKP142	670	0	[vent~	vent~	_	_	_	_	_	linguistic	_	ContainsVariation=No	Interrupted=Yes	Begin=1208.283	_	_	_	0-5(217)
670-1	PKP142	670	1	boh	boh	_	_	_	_	_	linguistic	_	ContainsVariation=No	_	_	_	_	_	0-3(217)
670-2	PKP142	670	2	ventitré:	ventitré	_	_	_	_	_	linguistic	_	ContainsVariation=No	_	_	7x1	_	_	0-8(217)
670-3	PKP142	670	3	ven~]	ven~	_	_	_	_	_	linguistic	_	ContainsVariation=No	Interrupted=Yes	_	_	_	_	0-4(217)
670-4	PKP142	670	4	mi	mi	_	_	_	_	_	linguistic	_	ContainsVariation=No	_	_	_	_	_	_
670-5	PKP142	670	5	sa	sa	_	_	_	_	_	linguistic	_	ContainsVariation=No	_	_	_	_	_	_
670-6	PKP142	670	6	ne	ne	_	_	_	_	_	linguistic	_	ContainsVariation=No	_	_	_	_	_	_
670-7	PKP142	670	7	deve	deve	_	_	_	_	_	linguistic	_	ContainsVariation=No	_	_	_	_	_	_
670-8	PKP142	670	8	fare	fare	_	_	_	_	_	linguistic	_	ContainsVariation=No	_	_	_	_	_	_
670-9	PKP142	670	9	ventiqua:ttro	ventiquattro	_	_	_	_	_	linguistic	_	ContainsVariation=No	_	_	7x1	_	_	_
670-10	PKP142	670	10	a	a	_	_	_	_	_	linguistic	_	ContainsVariation=No	_	_	_	_	_	_
670-11	PKP142	670	11	giu:gno	giugno	_	_	_	_	_	linguistic	_	ContainsVariation=No	_	End=1211.522	2x1	_	_	_
671-0	PKP141	671	0	vabbè	vabbè	_	_	_	_	_	linguistic	_	ContainsVariation=No	_	Begin=1211.53	_	_	_	_
671-1	PKP141	671	1	s[e	se	_	_	_	_	_	linguistic	_	ContainsVariation=No	_	_	_	_	_	1-2(218)
671-2	PKP141	671	2	(fanno	fanno	_	_	_	_	_	linguistic	_	ContainsVariation=No	_	_	_	_	0-5(0)	0-5(218)
671-3	PKP141	671	3	gli	gli	_	_	_	_	_	linguistic	_	ContainsVariation=No	_	_	_	_	0-3(0)	0-3(218)
671-4	PKP141	671	4	anni)	anni	_	_	_	_	_	linguistic	_	ContainsVariation=No	_	_	_	_	0-4(0)	0-4(218)
671-5	PKP141	671	5	insie:me	insieme	_	_	_	_	_	linguistic	_	ContainsVariation=No	_	_	4x1	_	_	0-7(218)
671-6	PKP141	671	6	più	più	_	_	_	_	_	linguistic	_	ContainsVariation=No	_	_	_	_	_	0-3(218)
671-7	PKP141	671	7	o	o	_	_	_	_	_	linguistic	_	ContainsVariation=No	_	_	_	_	_	0-1(218)
671-8	PKP141	671	8	meno]	meno	_	_	_	_	_	linguistic	_	ContainsVariation=No	_	_	_	_	_	0-4(218)
671-9	PKP141	671	9	que:llo	quello	_	_	_	_	_	linguistic	_	ContainsVariation=No	_	_	2x1	_	_	_
671-10	PKP141	671	10	sarà	sarà	_	_	_	_	_	linguistic	_	ContainsVariation=No	_	End=1213.927	_	_	_	_
672-0	PKP142	672	0	[ne	ne	_	_	_	_	_	linguistic	_	ContainsVariation=No	_	Begin=1211.769	_	_	_	0-2(218)
672-1	PKP142	672	1	deve	deve	_	_	_	_	_	linguistic	_	ContainsVariation=No	_	_	_	_	_	0-4(218)
672-2	PKP142	672	2	fare	fare	_	_	_	_	_	linguistic	_	ContainsVariation=No	_	_	_	_	_	0-4(218)
672-3	PKP142	672	3	ventiquattro	ventiquattro	_	_	_	_	_	linguistic	_	ContainsVariation=No	_	_	_	_	_	0-12(218)
672-4	PKP142	672	4	a	a	_	_	_	_	_	linguistic	_	ContainsVariation=No	_	_	_	_	_	0-1(218)
672-5	PKP142	672	5	giugno]	giugno	_	_	_	_	_	linguistic	_	ContainsVariation=No	_	End=1213.061	_	_	_	0-6(218)
673-0	PKP141	673	0	e:::h	eh	_	_	_	_	_	linguistic	_	ContainsVariation=No	_	Begin=1219.066|End=1219.91	0x3	_	_	_
674-0	PKP142	674	0	((ride))	((ride))	_	_	_	_	_	nonverbalbehavior	_	ContainsVariation=No	_	Begin=1219.941|End=1220.582	_	_	_	_
675-0	PKP136	675	0	e	e	_	_	_	_	_	linguistic	_	ContainsVariation=No	_	Begin=1220.31	_	_	_	_
675-1	PKP136	675	1	niente	niente	_	_	_	_	_	linguistic	_	ContainsVariation=No	_	End=1221.383	_	_	_	_
676-0	PKP142	676	0	e	e	_	_	_	_	_	linguistic	_	ContainsVariation=No	_	Begin=1221.684	_	_	_	_
676-1	PKP142	676	1	niente	niente	_	_	_	_	_	linguistic	_	ContainsVariation=No	_	End=1222.337	_	_	_	_
677-0	PKP136	677	0	no	no	_	_	_	_	_	linguistic	_	ContainsVariation=No	_	Begin=1223.553	_	_	_	_
677-1	PKP136	677	1	invece::	invece	_	_	_	_	_	linguistic	_	ContainsVariation=No	_	_	5x2	_	_	_
677-2	PKP136	677	2	>dicevo<	dicevo	_	_	_	_	_	linguistic	_	ContainsVariation=No	_	_	_	Fast=0-6(0)	_	_
677-3	PKP136	677	3	a	a	_	_	_	_	_	linguistic	_	ContainsVariation=No	_	_	_	_	_	_
677-4	PKP136	677	4	proposito	proposito	_	_	_	_	_	linguistic	_	ContainsVariation=No	_	_	_	_	_	_
677-5	PKP136	677	5	di	di	_	_	_	_	_	linguistic	_	ContainsVariation=No	_	_	_	_	_	_
677-6	PKP136	677	6	andrea	andrea	_	_	_	_	_	linguistic	_	ContainsVariation=No	_	End=1226.622	_	_	_	_
678-0	PKP141	678	0	e:h	eh	_	_	_	_	_	linguistic	_	ContainsVariation=No	_	Begin=1226.788|End=1227.132	0x1	_	_	_
679-0	PKP136	679	0	gli	gli	_	_	_	_	_	linguistic	_	ContainsVariation=No	_	Begin=1227.361	_	_	_	_
679-1	PKP136	679	1	ho	ho	_	_	_	_	_	linguistic	_	ContainsVariation=No	_	_	_	_	_	_
679-2	PKP136	679	2	scri:tto	scritto	_	_	_	_	_	linguistic	_	ContainsVariation=No	_	End=1228.643	3x1	_	_	_
680-0	PKP136	680	0	il	il	_	_	_	_	_	linguistic	_	ContainsVariation=No	_	Begin=1228.884	_	_	_	_
680-1	PKP136	680	1	messaggio	messaggio	_	_	_	_	_	linguistic	_	ContainsVariation=No	_	_	_	_	_	_
680-2	PKP136	680	2	quello	quello	_	_	_	_	_	linguistic	_	ContainsVariation=No	_	_	_	_	_	_
680-3	PKP136	680	3	lì	lì	_	_	_	_	_	linguistic	_	ContainsVariation=No	_	_	_	_	_	_
680-4	PKP136	680	4	di:::	di	_	_	_	_	_	linguistic	_	ContainsVariation=No	_	End=1231.132	1x3	_	_	_
681-0	PKP142	681	0	[[quello	quello	_	_	_	_	_	linguistic	_	ContainsVariation=No	_	Begin=1230.454	_	_	_	_
681-1	PKP142	681	1	che	che	_	_	_	_	_	linguistic	_	ContainsVariation=No	_	_	_	_	_	_
681-2	PKP142	681	2	ci	ci	_	_	_	_	_	linguistic	_	ContainsVariation=No	_	_	_	_	_	_
681-3	PKP142	681	3	ha	ha	_	_	_	_	_	linguistic	_	ContainsVariation=No	_	_	_	_	_	_
681-4	PKP142	681	4	fatto	fatto	_	_	_	_	_	linguistic	_	ContainsVariation=No	_	_	_	_	_	_
681-5	PKP142	681	5	ve]de:re	vedere	_	_	_	_	_	linguistic	_	ContainsVariation=No	_	End=1231.5	3x1	_	_	_
682-0	PKP141	682	0	[eh	eh	_	_	_	_	_	linguistic	_	ContainsVariation=No	_	Begin=1231.212	_	_	_	_
682-1	PKP141	682	1	[s]ì]	sì	_	_	_	_	_	linguistic	_	ContainsVariation=No	_	End=1231.777	_	_	_	_
683-0	PKP136	683	0	[che	che	_	_	_	_	_	linguistic	_	ContainsVariation=No	_	Begin=1231.496	_	_	_	0-3(375)
683-1	PKP136	683	1	ho	ho	_	_	_	_	_	linguistic	_	ContainsVariation=No	_	_	_	_	_	0-2(375)
683-2	PKP136	683	2	manda]to	mandato	_	_	_	_	_	linguistic	_	ContainsVariation=No	_	_	_	_	_	0-5(375)
683-3	PKP136	683	3	anche	anche	_	_	_	_	_	linguistic	_	ContainsVariation=No	_	_	_	_	_	_
683-4	PKP136	683	4	sul	sul	_	_	_	_	_	linguistic	_	ContainsVariation=No	_	_	_	_	_	_
683-5	PKP136	683	5	[gruppo	gruppo	_	_	_	_	_	linguistic	_	ContainsVariation=No	_	_	_	_	_	0-6(221)
683-6	PKP136	683	6	sì]	sì	_	_	_	_	_	linguistic	_	ContainsVariation=No	_	_	_	_	_	0-2(221)
683-7	PKP136	683	7	tipo:	tipo	_	_	_	_	_	linguistic	_	ContainsVariation=No	_	_	3x1	_	_	_
683-8	PKP136	683	8	>ti	ti	_	_	_	_	_	linguistic	_	ContainsVariation=No	_	_	_	Fast=0-2(0)	_	_
683-9	PKP136	683	9	va	va	_	_	_	_	_	linguistic	_	ContainsVariation=No	_	_	_	Fast=0-2(0)	_	_
683-10	PKP136	683	10	se	se	_	_	_	_	_	linguistic	_	ContainsVariation=No	_	_	_	Fast=0-2(0)	_	_
683-11	PKP136	683	11	ci	ci	_	_	_	_	_	linguistic	_	ContainsVariation=No	_	_	_	Fast=0-2(0)	_	_
683-12	PKP136	683	12	facciamo	facciamo	_	_	_	_	_	linguistic	_	ContainsVariation=No	_	_	_	Fast=0-8(0)	_	_
683-13	PKP136	683	13	due	due	_	_	_	_	_	linguistic	_	ContainsVariation=No	_	_	_	Fast=0-3(0)	_	_
683-14	PKP136	683	14	chiacchiere<	chiacchiere	_	_	_	_	_	linguistic	_	ContainsVariation=No	_	_	_	Fast=0-11(0)	_	_
683-15	PKP136	683	15	<visualizza:to>	visualizzato	_	_	_	_	_	linguistic	_	ContainsVariation=No	_	End=1235.338	9x1	Slow=0-12(0)	_	_
684-0	PKP142	684	0	[sì	sì	_	_	_	_	_	linguistic	_	ContainsVariation=No	_	Begin=1232.183	_	_	_	0-2(221)
684-1	PKP142	684	1	sì]	sì	_	_	_	_	_	linguistic	_	ContainsVariation=No	_	End=1232.678	_	_	_	0-2(221)
685-0	PKP136	685	0	mi	mi	_	_	_	_	_	linguistic	_	ContainsVariation=No	_	Begin=1236.758	_	_	_	_
685-1	PKP136	685	1	[ha	ha	_	_	_	_	_	linguistic	_	ContainsVariation=No	_	_	_	_	_	0-2(222)
685-2	PKP136	685	2	visuali]zz[a:to]	visualizzato	_	_	_	_	_	linguistic	_	ContainsVariation=No	_	End=1238.319	9x1	_	_	0-7(222),9-12(223)
686-0	PKP142	686	0	[e	e	_	_	_	_	_	linguistic	_	ContainsVariation=No	_	Begin=1237.052	_	_	_	0-1(222)
686-1	PKP142	686	1	poi	poi	_	_	_	_	_	linguistic	_	ContainsVariation=No	_	_	_	_	_	0-3(222)
686-2	PKP142	686	2	ha	ha	_	_	_	_	_	linguistic	_	ContainsVariation=No	_	_	_	_	_	0-2(222)
686-3	PKP142	686	3	m~]	m~	_	_	_	_	_	linguistic	_	ContainsVariation=No	Interrupted=Yes	End=1237.648	_	_	_	0-2(222)
687-0	PKP142	687	0	[ha	ha	_	_	_	_	_	linguistic	_	ContainsVariation=No	_	Begin=1237.796	_	_	_	0-2(223)
687-1	PKP142	687	1	messo	messo	_	_	_	_	_	linguistic	_	ContainsVariation=No	_	_	_	_	_	0-5(223)
687-2	PKP142	687	2	la]	la	_	_	_	_	_	linguistic	_	ContainsVariation=No	_	_	_	_	_	0-2(223)
687-3	PKP142	687	3	sto:ria	storia	_	_	_	_	_	linguistic	_	ContainsVariation=No	_	End=1238.941	2x1	_	_	_
688-0	PKP136	688	0	e	e	_	_	_	_	_	linguistic	_	ContainsVariation=No	_	Begin=1239.051	_	_	_	_
688-1	PKP136	688	1	ha	ha	_	_	_	_	_	linguistic	_	ContainsVariation=No	_	_	_	_	_	_
688-2	PKP136	688	2	messo	messo	_	_	_	_	_	linguistic	_	ContainsVariation=No	_	_	_	_	_	_
688-3	PKP136	688	3	anche	anche	_	_	_	_	_	linguistic	_	ContainsVariation=No	_	_	_	_	_	_
688-4	PKP136	688	4	delle	delle	_	_	_	_	_	linguistic	_	ContainsVariation=No	_	_	_	_	_	_
688-5	PKP136	688	5	>storie<	storie	_	_	_	_	_	linguistic	_	ContainsVariation=No	_	_	_	Fast=0-6(0)	_	_
688-6	PKP136	688	6	in	in	_	_	_	_	_	linguistic	_	ContainsVariation=No	_	_	_	_	_	_
688-7	PKP136	688	7	pratica:	pratica	_	_	_	_	_	linguistic	_	ContainsVariation=No	_	_	6x1	_	_	_
688-8	PKP136	688	8	io	io	_	_	_	_	_	linguistic	_	ContainsVariation=No	_	_	_	_	_	_
688-9	PKP136	688	9	ho	ho	_	_	_	_	_	linguistic	_	ContainsVariation=No	_	_	_	_	_	_
688-10	PKP136	688	10	capito	capito	_	_	_	_	_	linguistic	_	ContainsVariation=No	_	_	_	_	_	_
688-11	PKP136	688	11	che	che	_	_	_	_	_	linguistic	_	ContainsVariation=No	_	_	_	_	_	_
688-12	PKP136	688	12	ha	ha	_	_	_	_	_	linguistic	_	ContainsVariation=No	_	_	_	_	_	_
688-13	PKP136	688	13	fa:tto	fatto	_	_	_	_	_	linguistic	_	ContainsVariation=No	_	_	1x1	_	_	_
688-14	PKP136	688	14	lui	lui	_	_	_	_	_	linguistic	_	ContainsVariation=No	_	_	_	_	_	_
688-15	PKP136	688	15	mi	mi	_	_	_	_	_	linguistic	_	ContainsVariation=No	_	_	_	_	_	_
688-16	PKP136	688	16	ha,	ha	_	_	_	_	_	linguistic	_	ContainsVariation=No	Intonation=WeaklyRising	_	_	_	_	_
688-17	PKP136	688	17	ha	ha	_	_	_	_	_	linguistic	_	ContainsVariation=No	_	_	_	_	_	_
688-18	PKP136	688	18	ignorato	ignorato	_	_	_	_	_	linguistic	_	ContainsVariation=No	_	_	_	_	_	_
688-19	PKP136	688	19	il	il	_	_	_	_	_	linguistic	_	ContainsVariation=No	_	_	_	_	_	_
688-20	PKP136	688	20	mio	mio	_	_	_	_	_	linguistic	_	ContainsVariation=No	_	_	_	_	_	_
688-21	PKP136	688	21	messaggio	messaggio	_	_	_	_	_	linguistic	_	ContainsVariation=No	_	_	_	_	_	_
688-22	PKP136	688	22	tutta	tutta	_	_	_	_	_	linguistic	_	ContainsVariation=No	_	_	_	_	_	_
688-23	PKP136	688	23	la	la	_	_	_	_	_	linguistic	_	ContainsVariation=No	_	_	_	_	_	_
688-24	PKP136	688	24	sera	sera	_	_	_	_	_	linguistic	_	ContainsVariation=No	_	_	_	_	_	_
688-25	PKP136	688	25	di	di	_	_	_	_	_	linguistic	_	ContainsVariation=No	_	_	_	_	_	_
688-26	PKP136	688	26	ieri,	ieri	_	_	_	_	_	linguistic	_	ContainsVariation=No	Intonation=WeaklyRising	_	_	_	_	_
688-27	PKP136	688	27	oka:y	okay	_	_	_	_	_	linguistic	_	ContainsVariation=No	_	_	2x1	_	_	_
688-28	PKP136	688	28	stava	stava	_	_	_	_	_	linguistic	_	ContainsVariation=No	_	_	_	_	_	_
688-29	PKP136	688	29	festeggiando	festeggiando	_	_	_	_	_	linguistic	_	ContainsVariation=No	_	_	_	_	_	_
688-30	PKP136	688	30	il	il	_	_	_	_	_	linguistic	_	ContainsVariation=No	_	_	_	_	_	_
688-31	PKP136	688	31	suo	suo	_	_	_	_	_	linguistic	_	ContainsVariation=No	_	_	_	_	_	_
688-32	PKP136	688	32	complea:nno	compleanno	_	_	_	_	_	linguistic	_	ContainsVariation=No	_	End=1246.491	6x1	_	_	_
689-0	PKP136	689	0	ci	ci	_	_	_	_	_	linguistic	_	ContainsVariation=No	_	Begin=1246.779	_	_	_	_
689-1	PKP136	689	1	[sta]	sta	_	_	_	_	_	linguistic	_	ContainsVariation=No	_	End=1247.536	_	_	_	0-3(224)
690-0	PKP142	690	0	[ci	ci	_	_	_	_	_	linguistic	_	ContainsVariation=No	_	Begin=1246.963	_	_	_	0-2(224)
690-1	PKP142	690	1	sta]	sta	_	_	_	_	_	linguistic	_	ContainsVariation=No	_	End=1247.464	_	_	_	0-3(224)
691-0	PKP136	691	0	okay	okay	_	_	_	_	_	linguistic	_	ContainsVariation=No	_	Begin=1247.649	_	_	_	_
691-1	PKP136	691	1	anche	anche	_	_	_	_	_	linguistic	_	ContainsVariation=No	_	_	_	_	_	_
691-2	PKP136	691	2	che	che	_	_	_	_	_	linguistic	_	ContainsVariation=No	_	_	_	_	_	_
691-3	PKP136	691	3	non	non	_	_	_	_	_	linguistic	_	ContainsVariation=No	_	_	_	_	_	_
691-4	PKP136	691	4	[volesse	volesse	_	_	_	_	_	linguistic	_	ContainsVariation=No	_	_	_	_	_	0-7(225)
691-5	PKP136	691	5	proprio	proprio	_	_	_	_	_	linguistic	_	ContainsVariation=No	_	_	_	_	_	0-7(225)
691-6	PKP136	691	6	rispondermi	rispondermi	_	_	_	_	_	linguistic	_	ContainsVariation=No	_	_	_	_	_	0-11(225)
691-7	PKP136	691	7	voleva	voleva	_	_	_	_	_	linguistic	_	ContainsVariation=No	_	_	_	_	_	0-6(225)
691-8	PKP136	691	8	godersi	godersi	_	_	_	_	_	linguistic	_	ContainsVariation=No	_	_	_	_	_	0-7(225)
691-9	PKP136	691	9	la	la	_	_	_	_	_	linguistic	_	ContainsVariation=No	_	_	_	_	_	0-2(225)
691-10	PKP136	691	10	fe:s]ta,	festa	_	_	_	_	_	linguistic	_	ContainsVariation=No	Intonation=WeaklyRising	_	1x1	_	_	0-3(225)
691-11	PKP136	691	11	ci	ci	_	_	_	_	_	linguistic	_	ContainsVariation=No	_	_	_	_	_	_
691-12	PKP136	691	12	sta	sta	_	_	_	_	_	linguistic	_	ContainsVariation=No	_	_	_	_	_	_
691-13	PKP136	691	13	l~	l~	_	_	_	_	_	linguistic	_	ContainsVariation=No	Interrupted=Yes	_	_	_	_	_
691-14	PKP136	691	14	lo	lo	_	_	_	_	_	linguistic	_	ContainsVariation=No	_	_	_	_	_	_
691-15	PKP136	691	15	capi:sco,	capisco	_	_	_	_	_	linguistic	_	ContainsVariation=No	Intonation=WeaklyRising	End=1252.453	3x1	_	_	_
692-0	PKP141	692	0	[oka:y	okay	_	_	_	_	_	linguistic	_	ContainsVariation=No	_	Begin=1248.799	2x1	_	_	0-4(225)
692-1	PKP141	692	1	vabbè	vabbè	_	_	_	_	_	linguistic	_	ContainsVariation=No	_	_	_	_	_	0-5(225)
692-2	PKP141	692	2	sì:	sì	_	_	_	_	_	linguistic	_	ContainsVariation=No	_	_	1x1	_	_	0-2(225)
692-3	PKP141	692	3	sì:]	sì	_	_	_	_	_	linguistic	_	ContainsVariation=No	_	End=1250.768	1x1	_	_	0-2(225)
693-0	PKP136	693	0	e::h	eh	_	_	_	_	_	linguistic	_	ContainsVariation=No	_	Begin=1252.779	0x2	_	_	_
693-1	PKP136	693	1	oggi	oggi	_	_	_	_	_	linguistic	_	ContainsVariation=No	_	_	_	_	_	_
693-2	PKP136	693	2	mi	mi	_	_	_	_	_	linguistic	_	ContainsVariation=No	_	_	_	_	_	_
693-3	PKP136	693	3	scri:ve	scrive	_	_	_	_	_	linguistic	_	ContainsVariation=No	_	_	3x1	_	_	_
693-4	PKP136	693	4	con	con	_	_	_	_	_	linguistic	_	ContainsVariation=No	_	_	_	_	_	_
693-5	PKP136	693	5	le	le	_	_	_	_	_	linguistic	_	ContainsVariation=No	_	_	_	_	_	_
693-6	PKP136	693	6	co:se	cose	_	_	_	_	_	linguistic	_	ContainsVariation=No	_	_	1x1	_	_	_
693-7	PKP136	693	7	tipo	tipo	_	_	_	_	_	linguistic	_	ContainsVariation=No	_	_	_	_	_	_
693-8	PKP136	693	8	scusa	scusa	_	_	_	_	_	linguistic	_	ContainsVariation=No	_	_	_	_	_	_
693-9	PKP136	693	9	non	non	_	_	_	_	_	linguistic	_	ContainsVariation=No	_	_	_	_	_	_
693-10	PKP136	693	10	ti	ti	_	_	_	_	_	linguistic	_	ContainsVariation=No	_	_	_	_	_	_
693-11	PKP136	693	11	ho	ho	_	_	_	_	_	linguistic	_	ContainsVariation=No	_	_	_	_	_	_
693-12	PKP136	693	12	risposto	risposto	_	_	_	_	_	linguistic	_	ContainsVariation=No	_	_	_	_	_	_
693-13	PKP136	693	13	stavo	stavo	_	_	_	_	_	linguistic	_	ContainsVariation=No	_	_	_	_	_	_
693-14	PKP136	693	14	festeggiando	festeggiando	_	_	_	_	_	linguistic	_	ContainsVariation=No	_	_	_	_	_	_
693-15	PKP136	693	15	e	e	_	_	_	_	_	linguistic	_	ContainsVariation=No	_	_	_	_	_	_
693-16	PKP136	693	16	i[o	io	_	_	_	_	_	linguistic	_	ContainsVariation=No	_	_	_	_	_	1-2(226)
693-17	PKP136	693	17	>sì	sì	_	_	_	_	_	linguistic	_	ContainsVariation=No	_	_	_	Fast=0-2(0)	_	0-2(226)
693-18	PKP136	693	18	sì]	sì	_	_	_	_	_	linguistic	_	ContainsVariation=No	_	_	_	Fast=0-2(0)	_	0-2(226)
693-19	PKP136	693	19	non	non	_	_	_	_	_	linguistic	_	ContainsVariation=No	_	_	_	Fast=0-3(0)	_	_
693-20	PKP136	693	20	ti	ti	_	_	_	_	_	linguistic	_	ContainsVariation=No	_	_	_	Fast=0-2(0)	_	_
693-21	PKP136	693	21	preoccupare<	preoccupare	_	_	_	_	_	linguistic	_	ContainsVariation=No	_	_	_	Fast=0-11(0)	_	_
693-22	PKP136	693	22	immagina:vo	immaginavo	_	_	_	_	_	linguistic	_	ContainsVariation=No	_	End=1258.35	7x1	_	_	_
694-0	PKP141	694	0	[(sì	sì	_	_	_	_	_	linguistic	_	ContainsVariation=No	_	Begin=1256.548	_	_	0-2(0)	0-2(226)
694-1	PKP141	694	1	sì)]	sì	_	_	_	_	_	linguistic	_	ContainsVariation=No	_	End=1257.345	_	_	0-2(0)	0-2(226)
695-0	PKP136	695	0	ma	ma	_	_	_	_	_	linguistic	_	ContainsVariation=No	_	Begin=1258.477	_	_	_	_
695-1	PKP136	695	1	mi	mi	_	_	_	_	_	linguistic	_	ContainsVariation=No	_	_	_	_	_	_
695-2	PKP136	695	2	ha	ha	_	_	_	_	_	linguistic	_	ContainsVariation=No	_	_	_	_	_	_
695-3	PKP136	695	3	scri:tto	scritto	_	_	_	_	_	linguistic	_	ContainsVariation=No	_	End=1259.732	3x1	_	_	_
696-0	PKP136	696	0	<dopo	dopo	_	_	_	_	_	linguistic	_	ContainsVariation=No	_	Begin=1260.071	_	Slow=0-4(0)	_	_
696-1	PKP136	696	1	che	che	_	_	_	_	_	linguistic	_	ContainsVariation=No	_	_	_	Slow=0-3(0)	_	_
696-2	PKP136	696	2	i:o>	io	_	_	_	_	_	linguistic	_	ContainsVariation=No	_	_	0x1	Slow=0-2(0)	_	_
696-3	PKP136	696	3	ho	ho	_	_	_	_	_	linguistic	_	ContainsVariation=No	_	_	_	_	_	_
696-4	PKP136	696	4	visto	visto	_	_	_	_	_	linguistic	_	ContainsVariation=No	_	_	_	_	_	_
696-5	PKP136	696	5	delle	delle	_	_	_	_	_	linguistic	_	ContainsVariation=No	_	_	_	_	_	_
696-6	PKP136	696	6	sue	sue	_	_	_	_	_	linguistic	_	ContainsVariation=No	_	_	_	_	_	_
696-7	PKP136	696	7	storie	storie	_	_	_	_	_	linguistic	_	ContainsVariation=No	_	_	_	_	_	_
696-8	PKP136	696	8	lui	lui	_	_	_	_	_	linguistic	_	ContainsVariation=No	_	_	_	_	_	_
696-9	PKP136	696	9	aveva	aveva	_	_	_	_	_	linguistic	_	ContainsVariation=No	_	_	_	_	_	_
696-10	PKP136	696	10	messo	messo	_	_	_	_	_	linguistic	_	ContainsVariation=No	_	_	_	_	_	_
696-11	PKP136	696	11	le	le	_	_	_	_	_	linguistic	_	ContainsVariation=No	_	_	_	_	_	_
696-12	PKP136	696	12	storie	storie	_	_	_	_	_	linguistic	_	ContainsVariation=No	_	_	_	_	_	_
696-13	PKP136	696	13	la	la	_	_	_	_	_	linguistic	_	ContainsVariation=No	_	_	_	_	_	_
696-14	PKP136	696	14	matti:na,	mattina	_	_	_	_	_	linguistic	_	ContainsVariation=No	Intonation=WeaklyRising	_	4x1	_	_	_
696-15	PKP136	696	15	poi	poi	_	_	_	_	_	linguistic	_	ContainsVariation=No	_	_	_	_	_	_
696-16	PKP136	696	16	per	per	_	_	_	_	_	linguistic	_	ContainsVariation=No	_	_	_	_	_	_
696-17	PKP136	696	17	tutto	tutto	_	_	_	_	_	linguistic	_	ContainsVariation=No	_	_	_	_	_	_
696-18	PKP136	696	18	il	il	_	_	_	_	_	linguistic	_	ContainsVariation=No	_	_	_	_	_	_
696-19	PKP136	696	19	pomeriggio	pomeriggio	_	_	_	_	_	linguistic	_	ContainsVariation=No	_	_	_	_	_	_
696-20	PKP136	696	20	non	non	_	_	_	_	_	linguistic	_	ContainsVariation=No	_	_	_	_	_	_
696-21	PKP136	696	21	le	le	_	_	_	_	_	linguistic	_	ContainsVariation=No	_	_	_	_	_	_
696-22	PKP136	696	22	ha	ha	_	_	_	_	_	linguistic	_	ContainsVariation=No	_	_	_	_	_	_
696-23	PKP136	696	23	me:sse	messe	_	_	_	_	_	linguistic	_	ContainsVariation=No	_	End=1266.019	1x1	_	_	_
697-0	PKP136	697	0	e	e	_	_	_	_	_	linguistic	_	ContainsVariation=No	_	Begin=1266.294	_	_	_	_
697-1	PKP136	697	1	poi	poi	_	_	_	_	_	linguistic	_	ContainsVariation=No	_	_	_	_	_	_
697-2	PKP136	697	2	vedo	vedo	_	_	_	_	_	linguistic	_	ContainsVariation=No	_	_	_	_	_	_
697-3	PKP136	697	3	delle	delle	_	_	_	_	_	linguistic	_	ContainsVariation=No	_	_	_	_	_	_
697-4	PKP136	697	4	storie	storie	_	_	_	_	_	linguistic	_	ContainsVariation=No	_	_	_	_	_	_
697-5	PKP136	697	5	che	che	_	_	_	_	_	linguistic	_	ContainsVariation=No	_	_	_	_	_	_
697-6	PKP136	697	6	aveva	aveva	_	_	_	_	_	linguistic	_	ContainsVariation=No	_	_	_	_	_	_
697-7	PKP136	697	7	messo	messo	_	_	_	_	_	linguistic	_	ContainsVariation=No	_	_	_	_	_	_
697-8	PKP136	697	8	tipo	tipo	_	_	_	_	_	linguistic	_	ContainsVariation=No	_	_	_	_	_	_
697-9	PKP136	697	9	verso	verso	_	_	_	_	_	linguistic	_	ContainsVariation=No	_	_	_	_	_	_
697-10	PKP136	697	10	le	le	_	_	_	_	_	linguistic	_	ContainsVariation=No	_	_	_	_	_	_
697-11	PKP136	697	11	qua:ttro	quattro	_	_	_	_	_	linguistic	_	ContainsVariation=No	_	_	2x1	_	_	_
697-12	PKP136	697	12	boh	boh	_	_	_	_	_	linguistic	_	ContainsVariation=No	_	_	_	_	_	_
697-13	PKP136	697	13	le	le	_	_	_	_	_	linguistic	_	ContainsVariation=No	_	_	_	_	_	_
697-14	PKP136	697	14	le	le	_	_	_	_	_	linguistic	_	ContainsVariation=No	_	_	_	_	_	_
697-15	PKP136	697	15	ci:nque	cinque	_	_	_	_	_	linguistic	_	ContainsVariation=No	_	_	1x1	_	_	_
697-16	PKP136	697	16	comunque	comunque	_	_	_	_	_	linguistic	_	ContainsVariation=No	_	End=1271.051	_	_	_	_
698-0	PKP136	698	0	e:m:h	emh	_	_	_	_	_	linguistic	_	ContainsVariation=No	_	Begin=1271.317	0x1,1x1	_	_	_
698-1	PKP136	698	1	le	le	_	_	_	_	_	linguistic	_	ContainsVariation=No	_	_	_	_	_	_
698-2	PKP136	698	2	aveva	aveva	_	_	_	_	_	linguistic	_	ContainsVariation=No	_	_	_	_	_	_
698-3	PKP136	698	3	messe	messe	_	_	_	_	_	linguistic	_	ContainsVariation=No	_	_	_	_	_	_
698-4	PKP136	698	4	da	da	_	_	_	_	_	linguistic	_	ContainsVariation=No	_	_	_	_	_	_
698-5	PKP136	698	5	due	due	_	_	_	_	_	linguistic	_	ContainsVariation=No	_	_	_	_	_	_
698-6	PKP136	698	6	minu:ti	minuti	_	_	_	_	_	linguistic	_	ContainsVariation=No	_	End=1273.628	3x1	_	_	_
699-0	PKP136	699	0	quindi	quindi	_	_	_	_	_	linguistic	_	ContainsVariation=No	_	Begin=1273.773	_	_	_	_
699-1	PKP136	699	1	io	io	_	_	_	_	_	linguistic	_	ContainsVariation=No	_	_	_	_	_	_
699-2	PKP136	699	2	sono	sono	_	_	_	_	_	linguistic	_	ContainsVariation=No	_	_	_	_	_	_
699-3	PKP136	699	3	stato	stato	_	_	_	_	_	linguistic	_	ContainsVariation=No	_	_	_	_	_	_
699-4	PKP136	699	4	tra	tra	_	_	_	_	_	linguistic	_	ContainsVariation=No	_	_	_	_	_	_
699-5	PKP136	699	5	i	i	_	_	_	_	_	linguistic	_	ContainsVariation=No	_	_	_	_	_	_
699-6	PKP136	699	6	primi	primi	_	_	_	_	_	linguistic	_	ContainsVariation=No	_	_	_	_	_	_
699-7	PKP136	699	7	a	a	_	_	_	_	_	linguistic	_	ContainsVariation=No	_	_	_	_	_	_
699-8	PKP136	699	8	visualizzargliele	visualizzargliele	_	_	_	_	_	linguistic	_	ContainsVariation=No	_	End=1275.637	_	_	_	_
700-0	PKP136	700	0	evidentemente	evidentemente	_	_	_	_	_	linguistic	_	ContainsVariation=No	_	Begin=1276.083	_	_	_	_
700-1	PKP136	700	1	lui	lui	_	_	_	_	_	linguistic	_	ContainsVariation=No	_	_	_	_	_	_
700-2	PKP136	700	2	si	si	_	_	_	_	_	linguistic	_	ContainsVariation=No	_	_	_	_	_	_
700-3	PKP136	700	3	è	è	_	_	_	_	_	linguistic	_	ContainsVariation=No	_	_	_	_	_	_
700-4	PKP136	700	4	reso	reso	_	_	_	_	_	linguistic	_	ContainsVariation=No	_	_	_	_	_	_
700-5	PKP136	700	5	conto	conto	_	_	_	_	_	linguistic	_	ContainsVariation=No	_	_	_	_	_	_
700-6	PKP136	700	6	che	che	_	_	_	_	_	linguistic	_	ContainsVariation=No	_	_	_	_	_	_
700-7	PKP136	700	7	ah	ah	_	_	_	_	_	linguistic	_	ContainsVariation=No	_	_	_	_	_	_
700-8	PKP136	700	8	cazzo	cazzo	_	_	_	_	_	linguistic	_	ContainsVariation=No	_	_	_	_	_	_
700-9	PKP136	700	9	ho	ho	_	_	_	_	_	linguistic	_	ContainsVariation=No	_	_	_	_	_	_
700-10	PKP136	700	10	messo	messo	_	_	_	_	_	linguistic	_	ContainsVariation=No	_	_	_	_	_	_
700-11	PKP136	700	11	le	le	_	_	_	_	_	linguistic	_	ContainsVariation=No	_	_	_	_	_	_
700-12	PKP136	700	12	sto:rie	storie	_	_	_	_	_	linguistic	_	ContainsVariation=No	_	End=1279.622	2x1	_	_	_
701-0	PKP136	701	0	e::	e	_	_	_	_	_	linguistic	_	ContainsVariation=No	_	Begin=1279.811	0x2	_	_	_
701-1	PKP136	701	1	non	non	_	_	_	_	_	linguistic	_	ContainsVariation=No	_	_	_	_	_	_
701-2	PKP136	701	2	ho	ho	_	_	_	_	_	linguistic	_	ContainsVariation=No	_	_	_	_	_	_
701-3	PKP136	701	3	a[ncora	ancora	_	_	_	_	_	linguistic	_	ContainsVariation=No	_	_	_	_	_	1-6(228)
701-4	PKP136	701	4	risposto	risposto	_	_	_	_	_	linguistic	_	ContainsVariation=No	_	_	_	_	_	0-8(228)
701-5	PKP136	701	5	>al	al	_	_	_	_	_	linguistic	_	ContainsVariation=No	_	_	_	Fast=0-2(0)	_	0-2(228)
701-6	PKP136	701	6	messaggio<	messaggio	_	_	_	_	_	linguistic	_	ContainsVariation=No	_	_	_	Fast=0-9(0)	_	0-9(228)
701-7	PKP136	701	7	devo]	devo	_	_	_	_	_	linguistic	_	ContainsVariation=No	_	_	_	Slow=0-4(0)	_	0-4(228)
701-8	PKP136	701	8	rispo:ndere	rispondere	_	_	_	_	_	linguistic	_	ContainsVariation=No	_	_	4x1	Slow=0-10(0)	_	_
701-9	PKP136	701	9	[>perché<	perché	_	_	_	_	_	linguistic	_	ContainsVariation=No	_	_	_	Fast=0-6(1)	_	0-6(229)
701-10	PKP136	701	10	capi]:sce	capisce	_	_	_	_	_	linguistic	_	ContainsVariation=No	_	_	3x1	_	_	0-4(229)
701-11	PKP136	701	11	[che	che	_	_	_	_	_	linguistic	_	ContainsVariation=No	_	_	_	_	_	0-3(227)
701-12	PKP136	701	12	sto]	sto	_	_	_	_	_	linguistic	_	ContainsVariation=No	_	_	_	_	_	0-3(227)
701-13	PKP136	701	13	onli:ne	online	_	_	_	_	_	linguistic	_	ContainsVariation=No	_	_	3x1	_	_	_
701-14	PKP136	701	14	e::	e	_	_	_	_	_	linguistic	_	ContainsVariation=No	_	_	0x2	_	_	_
701-15	PKP136	701	15	che	che	_	_	_	_	_	linguistic	_	ContainsVariation=No	_	_	_	_	_	_
701-16	PKP136	701	16	ho	ho	_	_	_	_	_	linguistic	_	ContainsVariation=No	_	_	_	_	_	_
701-17	PKP136	701	17	usato	usato	_	_	_	_	_	linguistic	_	ContainsVariation=No	_	_	_	_	_	_
701-18	PKP136	701	18	insta:gram	instagram	_	_	_	_	_	linguistic	_	ContainsVariation=No	_	_	4x1	_	_	_
701-19	PKP136	701	19	e	e	_	_	_	_	_	linguistic	_	ContainsVariation=No	_	_	_	_	_	_
701-20	PKP136	701	20	quindi	quindi	_	_	_	_	_	linguistic	_	ContainsVariation=No	_	_	_	_	_	_
701-21	PKP136	701	21	mi	mi	_	_	_	_	_	linguistic	_	ContainsVariation=No	_	_	_	_	_	_
701-22	PKP136	701	22	ha	ha	_	_	_	_	_	linguistic	_	ContainsVariation=No	_	_	_	_	_	_
701-23	PKP136	701	23	risposto,	risposto	_	_	_	_	_	linguistic	_	ContainsVariation=No	Intonation=WeaklyRising	_	_	_	_	_
701-24	PKP136	701	24	ma	ma	_	_	_	_	_	linguistic	_	ContainsVariation=No	_	_	_	_	_	_
701-25	PKP136	701	25	proprio	proprio	_	_	_	_	_	linguistic	_	ContainsVariation=No	_	_	_	_	_	_
701-26	PKP136	701	26	per	per	_	_	_	_	_	linguistic	_	ContainsVariation=No	_	_	_	_	_	_
701-27	PKP136	701	27	educazione	educazione	_	_	_	_	_	linguistic	_	ContainsVariation=No	_	_	_	_	_	_
701-28	PKP136	701	28	l'	l'	_	_	_	_	_	linguistic	_	ContainsVariation=No	SpaceAfter=No	_	_	_	_	_
701-29	PKP136	701	29	avrà	avrà	_	_	_	_	_	linguistic	_	ContainsVariation=No	_	_	_	_	_	_
701-30	PKP136	701	30	fa:tto	fatto	_	_	_	_	_	linguistic	_	ContainsVariation=No	_	End=1288.801	1x1	_	_	_
702-0	PKP142	702	0	[ancora	ancora	_	_	_	_	_	linguistic	_	ContainsVariation=No	_	Begin=1280.514	_	_	_	0-6(228)
702-1	PKP142	702	1	rispo:sto	risposto	_	_	_	_	_	linguistic	_	ContainsVariation=No	_	_	4x1	_	_	0-8(228)
702-2	PKP142	702	2	eh]	eh	_	_	_	_	_	linguistic	_	ContainsVariation=No	_	End=1281.79	_	_	_	0-2(228)
703-0	PKP141	703	0	[mhmh]	mhmh	_	_	_	_	_	linguistic	_	ContainsVariation=No	_	Begin=1282.54|End=1283.096	_	_	_	0-4(229)
704-0	PKP141	704	0	[sì:]	sì	_	_	_	_	_	linguistic	_	ContainsVariation=No	_	Begin=1283.212|End=1283.593	1x1	_	_	0-2(227)
705-0	PKP136	705	0	e:::m:::h	emh	_	_	_	_	_	linguistic	_	ContainsVariation=No	_	Begin=1289.348|End=1291.071	0x3,1x3	_	_	_
706-0	PKP136	706	0	e	e	_	_	_	_	_	linguistic	_	ContainsVariation=No	_	Begin=1291.522	_	_	_	_
706-1	PKP136	706	1	niente	niente	_	_	_	_	_	linguistic	_	ContainsVariation=No	_	_	_	_	_	_
706-2	PKP136	706	2	poi	poi	_	_	_	_	_	linguistic	_	ContainsVariation=No	_	_	_	_	_	_
706-3	PKP136	706	3	io	io	_	_	_	_	_	linguistic	_	ContainsVariation=No	_	_	_	_	_	_
706-4	PKP136	706	4	gli	gli	_	_	_	_	_	linguistic	_	ContainsVariation=No	_	_	_	_	_	_
706-5	PKP136	706	5	ho	ho	_	_	_	_	_	linguistic	_	ContainsVariation=No	_	_	_	_	_	_
706-6	PKP136	706	6	chiesto:	chiesto	_	_	_	_	_	linguistic	_	ContainsVariation=No	_	_	6x1	_	_	_
706-7	PKP136	706	7	>cioè<	cioè	_	_	_	_	_	linguistic	_	ContainsVariation=No	_	_	_	Fast=0-4(0)	_	_
706-8	PKP136	706	8	gli	gli	_	_	_	_	_	linguistic	_	ContainsVariation=No	_	_	_	_	_	_
706-9	PKP136	706	9	ho	ho	_	_	_	_	_	linguistic	_	ContainsVariation=No	_	_	_	_	_	_
706-10	PKP136	706	10	subito	subito	_	_	_	_	_	linguistic	_	ContainsVariation=No	_	_	_	_	_	_
706-11	PKP136	706	11	dopo	dopo	_	_	_	_	_	linguistic	_	ContainsVariation=No	_	_	_	_	_	_
706-12	PKP136	706	12	gli	gli	_	_	_	_	_	linguistic	_	ContainsVariation=No	_	_	_	_	_	_
706-13	PKP136	706	13	ho	ho	_	_	_	_	_	linguistic	_	ContainsVariation=No	_	_	_	_	_	_
706-14	PKP136	706	14	mandato	mandato	_	_	_	_	_	linguistic	_	ContainsVariation=No	_	_	_	_	_	_
706-15	PKP136	706	15	il	il	_	_	_	_	_	linguistic	_	ContainsVariation=No	_	_	_	_	_	_
706-16	PKP136	706	16	messaggio	messaggio	_	_	_	_	_	linguistic	_	ContainsVariation=No	_	_	_	_	_	_
706-17	PKP136	706	17	quell[o	quello	_	_	_	_	_	linguistic	_	ContainsVariation=No	_	_	_	_	_	5-6(230)
706-18	PKP136	706	18	lì:	lì	_	_	_	_	_	linguistic	_	ContainsVariation=No	_	_	1x1	_	_	0-2(230)
706-19	PKP136	706	19	dell'	dell'	_	_	_	_	_	linguistic	_	ContainsVariation=No	SpaceAfter=No	_	_	_	_	0-5(230)
706-20	PKP136	706	20	invi:]to	invito	_	_	_	_	_	linguistic	_	ContainsVariation=No	_	End=1296.258	3x1	_	_	0-4(230)
707-0	PKP141	707	0	[e:h	eh	_	_	_	_	_	linguistic	_	ContainsVariation=No	_	Begin=1295.143	0x1	_	_	0-2(230)
707-1	PKP141	707	1	>sì	sì	_	_	_	_	_	linguistic	_	ContainsVariation=No	_	_	_	Fast=0-2(0)	_	0-2(230)
707-2	PKP141	707	2	sì	sì	_	_	_	_	_	linguistic	_	ContainsVariation=No	_	_	_	Fast=0-2(0)	_	0-2(230)
707-3	PKP141	707	3	sì<]	sì	_	_	_	_	_	linguistic	_	ContainsVariation=No	_	End=1295.935	_	Fast=0-2(0)	_	0-2(230)
708-0	PKP136	708	0	e:	e	_	_	_	_	_	linguistic	_	ContainsVariation=No	_	Begin=1296.451	0x1	_	_	_
708-1	PKP136	708	1	lui:	lui	_	_	_	_	_	linguistic	_	ContainsVariation=No	_	_	2x1	_	_	_
708-2	PKP136	708	2	non	non	_	_	_	_	_	linguistic	_	ContainsVariation=No	_	_	_	_	_	_
708-3	PKP136	708	3	ha	ha	_	_	_	_	_	linguistic	_	ContainsVariation=No	_	_	_	_	_	_
708-4	PKP136	708	4	x	x	_	_	_	_	_	unknown	_	ContainsVariation=No	Syllables=1	_	_	_	_	_
708-5	PKP136	708	5	ha	ha	_	_	_	_	_	linguistic	_	ContainsVariation=No	_	_	_	_	_	_
708-6	PKP136	708	6	proprio	proprio	_	_	_	_	_	linguistic	_	ContainsVariation=No	_	_	_	_	_	_
708-7	PKP136	708	7	visualizza:to	visualizzato	_	_	_	_	_	linguistic	_	ContainsVariation=No	_	_	9x1	_	_	_
708-8	PKP136	708	8	e	e	_	_	_	_	_	linguistic	_	ContainsVariation=No	_	_	_	_	_	_
708-9	PKP136	708	9	non	non	_	_	_	_	_	linguistic	_	ContainsVariation=No	_	_	_	_	_	_
708-10	PKP136	708	10	ha	ha	_	_	_	_	_	linguistic	_	ContainsVariation=No	_	_	_	_	_	_
708-11	PKP136	708	11	ris[po:sto]	risposto	_	_	_	_	_	linguistic	_	ContainsVariation=No	_	End=1299.537	4x1	_	_	3-8(231)
709-0	PKP141	709	0	[ma	ma	_	_	_	_	_	linguistic	_	ContainsVariation=No	_	Begin=1298.948	_	_	_	0-2(231)
709-1	PKP141	709	1	che	che	_	_	_	_	_	linguistic	_	ContainsVariation=No	_	_	_	_	_	0-3(231)
709-2	PKP141	709	2	stro]nzo	stronzo	_	_	_	_	_	linguistic	_	ContainsVariation=No	_	End=1299.824	_	_	_	0-4(231)
710-0	PKP136	710	0	e	e	_	_	_	_	_	linguistic	_	ContainsVariation=No	_	Begin=1299.824	_	_	_	_
710-1	PKP136	710	1	poi	poi	_	_	_	_	_	linguistic	_	ContainsVariation=No	_	_	_	_	_	_
710-2	PKP136	710	2	dopo	dopo	_	_	_	_	_	linguistic	_	ContainsVariation=No	_	_	_	_	_	_
710-3	PKP136	710	3	mi	mi	_	_	_	_	_	linguistic	_	ContainsVariation=No	_	_	_	_	_	_
710-4	PKP136	710	4	sa	sa	_	_	_	_	_	linguistic	_	ContainsVariation=No	_	_	_	_	_	_
710-5	PKP136	710	5	che	che	_	_	_	_	_	linguistic	_	ContainsVariation=No	_	_	_	_	_	_
710-6	PKP136	710	6	ha	ha	_	_	_	_	_	linguistic	_	ContainsVariation=No	_	_	_	_	_	_
710-7	PKP136	710	7	messo	messo	_	_	_	_	_	linguistic	_	ContainsVariation=No	_	_	_	_	_	_
710-8	PKP136	710	8	un'	un'	_	_	_	_	_	linguistic	_	ContainsVariation=No	SpaceAfter=No	_	_	_	_	_
710-9	PKP136	710	9	altra	altra	_	_	_	_	_	linguistic	_	ContainsVariation=No	_	_	_	_	_	_
710-10	PKP136	710	10	sto:ria	storia	_	_	_	_	_	linguistic	_	ContainsVariation=No	_	End=1301.587	2x1	_	_	_
711-0	PKP142	711	0	>io	io	_	_	_	_	_	linguistic	_	ContainsVariation=No	_	Begin=1303.114	_	Fast=0-2(0)	_	_
711-1	PKP142	711	1	gliel'	gliel'	_	_	_	_	_	linguistic	_	ContainsVariation=No	SpaceAfter=No	_	_	Fast=0-6(0)	_	_
711-2	PKP142	711	2	[ho	ho	_	_	_	_	_	linguistic	_	ContainsVariation=No	_	_	_	Fast=0-2(0)	_	0-2(232)
711-3	PKP142	711	3	detto<	detto	_	_	_	_	_	linguistic	_	ContainsVariation=No	_	_	_	Slow=4-5(0)|Fast=0-5(0)	_	0-5(232)
711-4	PKP142	711	4	non	non	_	_	_	_	_	linguistic	_	ContainsVariation=No	_	_	_	Slow=0-3(0)	_	0-3(232)
711-5	PKP142	711	5	m]e	me	_	_	_	_	_	linguistic	_	ContainsVariation=No	_	_	_	Slow=0-2(0)	_	0-1(232)
711-6	PKP142	711	6	l'	l'	_	_	_	_	_	linguistic	_	ContainsVariation=No	SpaceAfter=No	_	_	Slow=0-2(0)	_	_
711-7	PKP142	711	7	aspet~	aspet~	_	_	_	_	_	linguistic	_	ContainsVariation=No	Interrupted=Yes	_	_	Slow=0-6(0)	_	5-6(233)
711-8	PKP142	711	8	[>cioè<	cioè	_	_	_	_	_	linguistic	_	ContainsVariation=No	_	_	_	Fast=0-3(1)	_	0-4(233)
711-9	PKP142	711	9	non:]	non	_	_	_	_	_	linguistic	_	ContainsVariation=No	_	_	2x1	_	_	0-3(233)
711-10	PKP142	711	10	non	non	_	_	_	_	_	linguistic	_	ContainsVariation=No	_	_	_	_	_	_
711-11	PKP142	711	11	me	me	_	_	_	_	_	linguistic	_	ContainsVariation=No	_	_	_	_	_	_
711-12	PKP142	711	12	l'	l'	_	_	_	_	_	linguistic	_	ContainsVariation=No	SpaceAfter=No	_	_	_	_	_
711-13	PKP142	711	13	aspettavo	aspettavo	_	_	_	_	_	linguistic	_	ContainsVariation=No	_	_	_	_	_	_
711-14	PKP142	711	14	però::	però	_	_	_	_	_	linguistic	_	ContainsVariation=No	_	_	3x2	_	_	_
711-15	PKP142	711	15	boh	boh	_	_	_	_	_	linguistic	_	ContainsVariation=No	_	End=1306.967	_	_	_	_
712-0	PKP136	712	0	[boh]	boh	_	_	_	_	_	linguistic	_	ContainsVariation=No	_	Begin=1303.316|End=1303.766	_	_	_	0-3(232)
713-0	PKP141	713	0	[no	no	_	_	_	_	_	linguistic	_	ContainsVariation=No	_	Begin=1304.367	_	_	_	0-2(233)
713-1	PKP141	713	1	ma	ma	_	_	_	_	_	linguistic	_	ContainsVariation=No	_	_	_	_	_	0-2(233)
713-2	PKP141	713	2	neanch'	neanch'	_	_	_	_	_	linguistic	_	ContainsVariation=No	SpaceAfter=No	_	_	_	_	0-7(233)
713-3	PKP141	713	3	i:o]	io	_	_	_	_	_	linguistic	_	ContainsVariation=No	_	End=1305.556	0x1	_	_	0-2(233)
714-0	PKP136	714	0	stra:no	strano	_	_	_	_	_	linguistic	_	ContainsVariation=No	_	Begin=1308.794|End=1309.587	3x1	_	_	_
715-0	PKP142	715	0	stra:no	strano	_	_	_	_	_	linguistic	_	ContainsVariation=No	_	Begin=1309.876|End=1310.652	3x1	_	_	_
716-0	PKP136	716	0	però:	però	_	_	_	_	_	linguistic	_	ContainsVariation=No	_	Begin=1310.652	3x1	_	_	_
716-1	PKP136	716	1	alla	alla	_	_	_	_	_	linguistic	_	ContainsVariation=No	_	_	_	_	_	_
716-2	PKP136	716	2	fine	fine	_	_	_	_	_	linguistic	_	ContainsVariation=No	_	_	_	_	_	_
716-3	PKP136	716	3	(l'	l'	_	_	_	_	_	linguistic	_	ContainsVariation=No	SpaceAfter=No	_	_	_	0-2(0)	_
716-4	PKP136	716	4	ho)	ho	_	_	_	_	_	linguistic	_	ContainsVariation=No	_	_	_	_	0-2(0)	_
716-5	PKP136	716	5	detto	detto	_	_	_	_	_	linguistic	_	ContainsVariation=No	_	_	_	_	_	_
716-6	PKP136	716	6	lo	lo	_	_	_	_	_	linguistic	_	ContainsVariation=No	_	_	_	_	_	_
716-7	PKP136	716	7	capisco	capisco	_	_	_	_	_	linguistic	_	ContainsVariation=No	_	_	_	_	_	_
716-8	PKP136	716	8	perché	perché	_	_	_	_	_	linguistic	_	ContainsVariation=No	_	_	_	_	_	_
716-9	PKP136	716	9	>evidentemente<	evidentemente	_	_	_	_	_	linguistic	_	ContainsVariation=No	_	End=1312.856	_	Fast=0-13(0)	_	_
717-0	PKP136	717	0	sicuramente	sicuramente	_	_	_	_	_	linguistic	_	ContainsVariation=No	_	Begin=1313.027	_	_	_	_
717-1	PKP136	717	1	è	è	_	_	_	_	_	linguistic	_	ContainsVariation=No	_	_	_	_	_	_
717-2	PKP136	717	2	un	un	_	_	_	_	_	linguistic	_	ContainsVariation=No	_	_	_	_	_	_
717-3	PKP136	717	3	no:	no	_	_	_	_	_	linguistic	_	ContainsVariation=No	_	_	1x1	_	_	_
717-4	PKP136	717	4	questo	questo	_	_	_	_	_	linguistic	_	ContainsVariation=No	_	_	_	_	_	_
717-5	PKP136	717	5	>cioè<	cioè	_	_	_	_	_	linguistic	_	ContainsVariation=No	_	_	_	Fast=0-4(0)	_	_
717-6	PKP136	717	6	[non	non	_	_	_	_	_	linguistic	_	ContainsVariation=No	_	_	_	_	_	0-3(234)
717-7	PKP136	717	7	vuole	vuole	_	_	_	_	_	linguistic	_	ContainsVariation=No	_	_	_	_	_	0-5(234)
717-8	PKP136	717	8	avere:]	avere	_	_	_	_	_	linguistic	_	ContainsVariation=No	_	_	4x1	_	_	0-5(234)
717-9	PKP136	717	9	mi	mi	_	_	_	_	_	linguistic	_	ContainsVariation=No	_	_	_	_	_	_
717-10	PKP136	717	10	pare:	pare	_	_	_	_	_	linguistic	_	ContainsVariation=No	_	_	3x1	_	_	_
717-11	PKP136	717	11	abbastanza	abbastanza	_	_	_	_	_	linguistic	_	ContainsVariation=No	_	_	_	_	_	_
717-12	PKP136	717	12	o:vvio	ovvio	_	_	_	_	_	linguistic	_	ContainsVariation=No	_	End=1316.785	0x1	_	_	_
718-0	PKP141	718	0	[e:h	eh	_	_	_	_	_	linguistic	_	ContainsVariation=No	_	Begin=1314.779	0x1	_	_	0-2(234)
718-1	PKP141	718	1	beh]	beh	_	_	_	_	_	linguistic	_	ContainsVariation=No	_	End=1315.561	_	_	_	0-3(234)
719-0	PKP136	719	0	ci	ci	_	_	_	_	_	linguistic	_	ContainsVariation=No	_	Begin=1317.042	_	_	_	_
719-1	PKP136	719	1	sta	sta	_	_	_	_	_	linguistic	_	ContainsVariation=No	_	End=1317.663	_	_	_	_
720-0	PKP136	720	0	ed	ed	_	_	_	_	_	linguistic	_	ContainsVariation=No	_	Begin=1318.621	_	_	_	_
720-1	PKP136	720	1	effettivamente	effettivamente	_	_	_	_	_	linguistic	_	ContainsVariation=No	_	_	_	_	_	_
720-2	PKP136	720	2	>cioè<	cioè	_	_	_	_	_	linguistic	_	ContainsVariation=No	_	_	_	Fast=0-4(0)	_	_
720-3	PKP136	720	3	come	come	_	_	_	_	_	linguistic	_	ContainsVariation=No	_	_	_	_	_	_
720-4	PKP136	720	4	lo	lo	_	_	_	_	_	linguistic	_	ContainsVariation=No	_	_	_	_	_	_
720-5	PKP136	720	5	dici	dici	_	_	_	_	_	linguistic	_	ContainsVariation=No	_	_	_	_	_	_
720-6	PKP136	720	6	per	per	_	_	_	_	_	linguistic	_	ContainsVariation=No	_	_	_	_	_	_
720-7	PKP136	720	7	messaggio	messaggio	_	_	_	_	_	linguistic	_	ContainsVariation=No	_	_	_	_	_	_
720-8	PKP136	720	8	a	a	_	_	_	_	_	linguistic	_	ContainsVariation=No	_	_	_	_	_	_
720-9	PKP136	720	9	una	una	_	_	_	_	_	linguistic	_	ContainsVariation=No	_	_	_	_	_	_
720-10	PKP136	720	10	persona	persona	_	_	_	_	_	linguistic	_	ContainsVariation=No	_	_	_	_	_	_
720-11	PKP136	720	11	no	no	_	_	_	_	_	linguistic	_	ContainsVariation=No	_	_	_	_	_	_
720-12	PKP136	720	12	gua:rda	guarda	_	_	_	_	_	linguistic	_	ContainsVariation=No	_	_	2x1	_	_	_
720-13	PKP136	720	13	[non	non	_	_	_	_	_	linguistic	_	ContainsVariation=No	_	_	_	_	_	0-3(235)
720-14	PKP136	720	14	voglio	voglio	_	_	_	_	_	linguistic	_	ContainsVariation=No	_	_	_	_	_	0-6(235)
720-15	PKP136	720	15	incontra:]rti?	incontrarti	_	_	_	_	_	linguistic	_	ContainsVariation=No	Intonation=Rising	End=1324.09	7x1	_	_	0-8(235)
721-0	PKP142	721	0	[no,	no	_	_	_	_	_	linguistic	_	ContainsVariation=No	Intonation=WeaklyRising	Begin=1322.937	_	_	_	0-2(235)
721-1	PKP142	721	1	>però<]	però	_	_	_	_	_	linguistic	_	ContainsVariation=No	_	End=1323.589	_	Fast=0-4(0)	_	0-4(235)
722-0	PKP142	722	0	xxx	xxx	_	_	_	_	_	unknown	_	ContainsVariation=No	Syllables=3	Begin=1324.37	_	_	_	_
722-1	PKP142	722	1	>cioè<	cioè	_	_	_	_	_	linguistic	_	ContainsVariation=No	_	_	_	Fast=0-4(0)	_	_
722-2	PKP142	722	2	o:	o	_	_	_	_	_	linguistic	_	ContainsVariation=No	_	_	0x1	_	_	_
722-3	PKP142	722	3	trovi	trovi	_	_	_	_	_	linguistic	_	ContainsVariation=No	_	_	_	_	_	_
722-4	PKP142	722	4	una	una	_	_	_	_	_	linguistic	_	ContainsVariation=No	_	_	_	_	_	_
722-5	PKP142	722	5	scusa	scusa	_	_	_	_	_	linguistic	_	ContainsVariation=No	_	_	_	_	_	_
722-6	PKP142	722	6	oppure	oppure	_	_	_	_	_	linguistic	_	ContainsVariation=No	_	_	_	_	_	_
722-7	PKP142	722	7	dici	dici	_	_	_	_	_	linguistic	_	ContainsVariation=No	_	_	_	_	_	_
722-8	PKP142	722	8	[no	no	_	_	_	_	_	linguistic	_	ContainsVariation=No	_	_	_	_	_	0-2(?)
722-9	PKP142	722	9	senti	senti	_	_	_	_	_	linguistic	_	ContainsVariation=No	_	_	_	_	_	0-5(?)
722-10	PKP142	722	10	non	non	_	_	_	_	_	linguistic	_	ContainsVariation=No	_	_	_	_	_	0-3(?)
722-11	PKP142	722	11	me	me	_	_	_	_	_	linguistic	_	ContainsVariation=No	_	_	_	_	_	0-2(?)
722-12	PKP142	722	12	la]	la	_	_	_	_	_	linguistic	_	ContainsVariation=No	_	_	_	_	_	0-2(?)
722-13	PKP142	722	13	se:nto	sento	_	_	_	_	_	linguistic	_	ContainsVariation=No	_	_	1x1	_	_	_
722-14	PKP142	722	14	di	di	_	_	_	_	_	linguistic	_	ContainsVariation=No	_	_	_	_	_	_
722-15	PKP142	722	15	vede:rci	vederci	_	_	_	_	_	linguistic	_	ContainsVariation=No	_	_	3x1	_	_	_
722-16	PKP142	722	16	e	e	_	_	_	_	_	linguistic	_	ContainsVariation=No	_	_	_	_	_	_
722-17	PKP142	722	17	[basta	basta	_	_	_	_	_	linguistic	_	ContainsVariation=No	_	_	_	_	_	0-5(?)
722-18	PKP142	722	18	c(io)è]	cioè	_	_	_	_	_	linguistic	_	ContainsVariation=No	Reduced=Yes	End=1330.605	_	_	_	0-4(?)
723-0	PKP141	723	0	[xxx]	xxx	_	_	_	_	_	unknown	_	ContainsVariation=No	Syllables=3	Begin=1324.405|End=1325.202	_	_	_	0-3(236)
724-0	PKP136	724	0	[e:h]	eh	_	_	_	_	_	linguistic	_	ContainsVariation=No	_	Begin=1327.83|End=1328.464	0x1	_	_	0-2(237)
725-0	PKP136	725	0	[ma	ma	_	_	_	_	_	linguistic	_	ContainsVariation=No	_	Begin=1329.883	_	_	_	0-2(238)
725-1	PKP136	725	1	chi	chi	_	_	_	_	_	linguistic	_	ContainsVariation=No	_	_	_	_	_	0-3(238)
725-2	PKP136	725	2	dire:]bbe	direbbe	_	_	_	_	_	linguistic	_	ContainsVariation=No	_	_	3x1	_	_	0-4(238)
725-3	PKP136	725	3	non	non	_	_	_	_	_	linguistic	_	ContainsVariation=No	_	_	_	_	_	_
725-4	PKP136	725	4	me	me	_	_	_	_	_	linguistic	_	ContainsVariation=No	_	_	_	_	_	_
725-5	PKP136	725	5	la	la	_	_	_	_	_	linguistic	_	ContainsVariation=No	_	_	_	_	_	_
725-6	PKP136	725	6	se:nto	sento	_	_	_	_	_	linguistic	_	ContainsVariation=No	_	End=1331.869	1x1	_	_	_
726-0	PKP142	726	0	>però<	però	_	_	_	_	_	linguistic	_	ContainsVariation=No	_	Begin=1331.86|End=1332.288	_	Fast=0-4(0)	_	_
727-0	PKP142	727	0	no,	no	_	_	_	_	_	linguistic	_	ContainsVariation=No	Intonation=WeaklyRising	Begin=1332.883	_	_	_	_
727-1	PKP142	727	1	[lo	lo	_	_	_	_	_	linguistic	_	ContainsVariation=No	_	_	_	_	_	0-2(240)
727-2	PKP142	727	2	di:ci]	dici	_	_	_	_	_	linguistic	_	ContainsVariation=No	_	End=1334.039	1x1	_	_	0-4(240)
728-0	PKP141	728	0	[una	una	_	_	_	_	_	linguistic	_	ContainsVariation=No	_	Begin=1333.22	_	_	_	0-3(240)
728-1	PKP141	728	1	persona	persona	_	_	_	_	_	linguistic	_	ContainsVariation=No	_	_	_	_	_	0-7(240)
728-2	PKP141	728	2	se:ria]	seria	_	_	_	_	_	linguistic	_	ContainsVariation=No	_	End=1334.031	1x1	_	_	0-5(240)
729-0	PKP141	729	0	c(io)[è	cioè	_	_	_	_	_	linguistic	_	ContainsVariation=No	_	Begin=1334.393	_	_	1-3(0)	3-4(241)
729-1	PKP141	729	1	di]ci	dici	_	_	_	_	_	linguistic	_	ContainsVariation=No	_	_	_	_	_	0-2(241)
729-2	PKP141	729	2	[no	no	_	_	_	_	_	linguistic	_	ContainsVariation=No	_	_	_	_	_	0-2(242)
729-3	PKP141	729	3	guarda	guarda	_	_	_	_	_	linguistic	_	ContainsVariation=No	_	_	_	_	_	0-6(242)
729-4	PKP141	729	4	no	no	_	_	_	_	_	linguistic	_	ContainsVariation=No	_	_	_	_	_	0-2(242)
729-5	PKP141	729	5	no	no	_	_	_	_	_	linguistic	_	ContainsVariation=No	_	_	_	_	_	0-2(242)
729-6	PKP141	729	6	io	io	_	_	_	_	_	linguistic	_	ContainsVariation=No	_	_	_	_	_	0-2(242)
729-7	PKP141	729	7	di	di	_	_	_	_	_	linguistic	_	ContainsVariation=No	_	_	_	_	_	0-2(242)
729-8	PKP141	729	8	solito	solito	_	_	_	_	_	linguistic	_	ContainsVariation=No	_	_	_	_	_	0-6(242)
729-9	PKP141	729	9	dico	dico	_	_	_	_	_	linguistic	_	ContainsVariation=No	_	_	_	_	_	0-4(242)
729-10	PKP141	729	10	magari]	magari	_	_	_	_	_	linguistic	_	ContainsVariation=No	_	End=1337.725	_	_	_	0-6(242)
730-0	PKP136	730	0	[eh]	eh	_	_	_	_	_	linguistic	_	ContainsVariation=No	_	Begin=1334.618|End=1334.819	_	_	_	0-2(241)
731-0	PKP142	731	0	(c(io)è)	cioè	_	_	_	_	_	linguistic	_	ContainsVariation=No	_	Begin=1334.881	_	_	_	_
731-1	PKP142	731	1	faccio	faccio	_	_	_	_	_	linguistic	_	ContainsVariation=No	_	_	_	_	_	_
731-2	PKP142	731	2	fatica	fatica	_	_	_	_	_	linguistic	_	ContainsVariation=No	_	_	_	_	_	_
731-3	PKP142	731	3	proprio	proprio	_	_	_	_	_	linguistic	_	ContainsVariation=No	_	_	_	_	_	_
731-4	PKP142	731	4	a	a	_	_	_	_	_	linguistic	_	ContainsVariation=No	_	_	_	_	_	_
731-5	PKP142	731	5	visualizza:::re::	visualizzare	_	_	_	_	_	linguistic	_	ContainsVariation=No	_	End=1337.708	9x3,11x2	_	_	_
732-0	PKP142	732	0	[cioè	cioè	_	_	_	_	_	linguistic	_	ContainsVariation=No	_	Begin=1338.009	_	_	_	0-4(243)
732-1	PKP142	732	1	non	non	_	_	_	_	_	linguistic	_	ContainsVariation=No	_	_	_	_	_	0-3(243)
732-2	PKP142	732	2	lo	lo	_	_	_	_	_	linguistic	_	ContainsVariation=No	_	_	_	_	_	0-2(243)
732-3	PKP142	732	3	so]	so	_	_	_	_	_	linguistic	_	ContainsVariation=No	_	End=1339.008	_	_	_	0-2(243)
733-0	PKP141	733	0	[gua:rda	guarda	_	_	_	_	_	linguistic	_	ContainsVariation=No	_	Begin=1338.009	2x1	_	_	0-6(243)
733-1	PKP141	733	1	sono	sono	_	_	_	_	_	linguistic	_	ContainsVariation=No	_	_	_	_	_	0-4(243)
733-2	PKP141	733	2	impe]gna:to	impegnato	_	_	_	_	_	linguistic	_	ContainsVariation=No	_	_	6x1	_	_	0-4(243)
733-3	PKP141	733	3	in	in	_	_	_	_	_	linguistic	_	ContainsVariation=No	_	_	_	_	_	_
733-4	PKP141	733	4	questo	questo	_	_	_	_	_	linguistic	_	ContainsVariation=No	_	_	_	_	_	_
733-5	PKP141	733	5	peri:odo	periodo	_	_	_	_	_	linguistic	_	ContainsVariation=No	_	End=1340.785	3x1	_	_	_
734-0	PKP141	734	0	vuol	vuol	_	_	_	_	_	linguistic	_	ContainsVariation=No	_	Begin=1341.619	_	_	_	_
734-1	PKP141	734	1	dire	dire	_	_	_	_	_	linguistic	_	ContainsVariation=No	_	_	_	_	_	_
734-2	PKP141	734	2	no:	no	_	_	_	_	_	linguistic	_	ContainsVariation=No	_	_	1x1	_	_	_
734-3	PKP141	734	3	ma	ma	_	_	_	_	_	linguistic	_	ContainsVariation=No	_	_	_	_	_	_
734-4	PKP141	734	4	non	non	_	_	_	_	_	linguistic	_	ContainsVariation=No	_	_	_	_	_	_
734-5	PKP141	734	5	vogli[o	voglio	_	_	_	_	_	linguistic	_	ContainsVariation=No	_	_	_	_	_	5-6(244)
734-6	PKP141	734	6	dirti	dirti	_	_	_	_	_	linguistic	_	ContainsVariation=No	_	_	_	_	_	0-5(244)
734-7	PKP141	734	7	no]	no	_	_	_	_	_	linguistic	_	ContainsVariation=No	_	End=1344.091	_	_	_	0-2(244)
735-0	PKP142	735	0	[eh,	eh	_	_	_	_	_	linguistic	_	ContainsVariation=No	Intonation=WeaklyRising	Begin=1343.282	_	_	_	0-2(244)
735-1	PKP142	735	1	una	una	_	_	_	_	_	linguistic	_	ContainsVariation=No	_	_	_	_	_	0-3(244)
735-2	PKP142	735	2	qualsi]asi	qualsiasi	_	_	_	_	_	linguistic	_	ContainsVariation=No	_	_	_	_	_	0-6(244)
735-3	PKP142	735	3	[scu::sa	scusa	_	_	_	_	_	linguistic	_	ContainsVariation=No	_	_	2x2	_	_	0-5(245)
735-4	PKP142	735	4	xx]	xx	_	_	_	_	_	unknown	_	ContainsVariation=No	Syllables=2	End=1345.991	_	_	_	0-2(245)
736-0	PKP141	736	0	[cioè	cioè	_	_	_	_	_	linguistic	_	ContainsVariation=No	_	Begin=1344.398	_	_	_	0-4(245)
736-1	PKP141	736	1	si	si	_	_	_	_	_	linguistic	_	ContainsVariation=No	_	_	_	_	_	0-2(245)
736-2	PKP141	736	2	sa	sa	_	_	_	_	_	linguistic	_	ContainsVariation=No	_	_	_	_	_	0-2(245)
736-3	PKP141	736	3	che	che	_	_	_	_	_	linguistic	_	ContainsVariation=No	_	_	_	_	_	0-3(245)
736-4	PKP141	736	4	se	se	_	_	_	_	_	linguistic	_	ContainsVariation=No	_	_	_	_	_	0-2(245)
736-5	PKP141	736	5	dice	dice	_	_	_	_	_	linguistic	_	ContainsVariation=No	_	_	_	_	_	0-4(245)
736-6	PKP141	736	6	sono	sono	_	_	_	_	_	linguistic	_	ContainsVariation=No	_	_	_	_	_	0-4(245)
736-7	PKP141	736	7	impe]gna[to::	impegnato	_	_	_	_	_	linguistic	_	ContainsVariation=No	_	_	8x2	_	_	0-4(245),7-9(246)
736-8	PKP141	736	8	(in	in	_	_	_	_	_	linguistic	_	ContainsVariation=No	_	_	_	_	0-2(0)	0-2(246)
736-9	PKP141	736	9	realtà)]	realtà	_	_	_	_	_	linguistic	_	ContainsVariation=No	_	End=1347.286	_	_	0-6(0)	0-6(246)
737-0	PKP136	737	0	[a:h	ah	_	_	_	_	_	linguistic	_	ContainsVariation=No	_	Begin=1346.295	0x1	_	_	_
737-1	PKP136	737	1	okay	okay	_	_	_	_	_	linguistic	_	ContainsVariation=No	_	_	_	_	_	_
737-2	PKP136	737	2	questo	questo	_	_	_	_	_	linguistic	_	ContainsVariation=No	_	_	_	_	_	_
737-3	PKP136	737	3	s[ì]	sì	_	_	_	_	_	linguistic	_	ContainsVariation=No	_	_	_	_	_	_
737-4	PKP136	737	4	>però	però	_	_	_	_	_	linguistic	_	ContainsVariation=No	_	_	_	Fast=0-4(0)	_	_
737-5	PKP136	737	5	ti]po<	tipo	_	_	_	_	_	linguistic	_	ContainsVariation=No	_	_	_	Fast=0-4(0)	_	_
737-6	PKP136	737	6	io	io	_	_	_	_	_	linguistic	_	ContainsVariation=No	_	_	_	_	_	_
737-7	PKP136	737	7	avrei	avrei	_	_	_	_	_	linguistic	_	ContainsVariation=No	_	_	_	_	_	_
737-8	PKP136	737	8	detto:::	detto	_	_	_	_	_	linguistic	_	ContainsVariation=No	_	End=1349.351	4x3	_	_	_
738-0	PKP142	738	0	[(eh)]	eh	_	_	_	_	_	linguistic	_	ContainsVariation=No	_	Begin=1347.292|End=1347.622	_	_	0-2(0)	0-2(247)
739-0	PKP136	739	0	(u)na	una	_	_	_	_	_	linguistic	_	ContainsVariation=No	_	Begin=1349.565	_	_	0-1(0)	_
739-1	PKP136	739	1	roba:	roba	_	_	_	_	_	linguistic	_	ContainsVariation=No	_	_	3x1	_	_	_
739-2	PKP136	739	2	eh	eh	_	_	_	_	_	linguistic	_	ContainsVariation=No	_	_	_	_	_	_
739-3	PKP136	739	3	sì	sì	_	_	_	_	_	linguistic	_	ContainsVariation=No	_	_	_	_	_	_
739-4	PKP136	739	4	anche	anche	_	_	_	_	_	linguistic	_	ContainsVariation=No	_	_	_	_	_	_
739-5	PKP136	739	5	io	io	_	_	_	_	_	linguistic	_	ContainsVariation=No	_	_	_	_	_	_
739-6	PKP136	739	6	avrei	avrei	_	_	_	_	_	linguistic	_	ContainsVariation=No	_	_	_	_	_	_
739-7	PKP136	739	7	detto	detto	_	_	_	_	_	linguistic	_	ContainsVariation=No	_	_	_	_	_	_
739-8	PKP136	739	8	o	o	_	_	_	_	_	linguistic	_	ContainsVariation=No	_	_	_	_	_	_
739-9	PKP136	739	9	[quello	quello	_	_	_	_	_	linguistic	_	ContainsVariation=No	_	_	_	_	_	0-6(248)
739-10	PKP136	739	10	oppure	oppure	_	_	_	_	_	linguistic	_	ContainsVariation=No	_	_	_	_	_	0-6(248)
739-11	PKP136	739	11	avre]i	avrei	_	_	_	_	_	linguistic	_	ContainsVariation=No	_	_	_	_	_	0-4(248)
739-12	PKP136	739	12	detto::	detto	_	_	_	_	_	linguistic	_	ContainsVariation=No	_	_	4x2	_	_	_
739-13	PKP136	739	13	sì	sì	_	_	_	_	_	linguistic	_	ContainsVariation=No	_	_	_	_	_	_
739-14	PKP136	739	14	per	per	_	_	_	_	_	linguistic	_	ContainsVariation=No	_	_	_	_	_	_
739-15	PKP136	739	15	educa~	educa~	_	_	_	_	_	linguistic	_	ContainsVariation=No	Interrupted=Yes	_	_	_	_	_
739-16	PKP136	739	16	perché	perché	_	_	_	_	_	linguistic	_	ContainsVariation=No	_	_	_	_	_	_
739-17	PKP136	739	17	non	non	_	_	_	_	_	linguistic	_	ContainsVariation=No	_	_	_	_	_	_
739-18	PKP136	739	18	avrei	avrei	_	_	_	_	_	linguistic	_	ContainsVariation=No	_	_	_	_	_	_
739-19	PKP136	739	19	saputo	saputo	_	_	_	_	_	linguistic	_	ContainsVariation=No	_	_	_	_	_	_
739-20	PKP136	739	20	[dire	dire	_	_	_	_	_	linguistic	_	ContainsVariation=No	_	_	_	_	_	0-4(249)
739-21	PKP136	739	21	di	di	_	_	_	_	_	linguistic	_	ContainsVariation=No	_	_	_	_	_	0-2(249)
739-22	PKP136	739	22	no]	no	_	_	_	_	_	linguistic	_	ContainsVariation=No	_	_	_	_	_	0-2(249)
739-23	PKP136	739	23	((ride))	((ride))	_	_	_	_	_	nonverbalbehavior	_	ContainsVariation=No	_	End=1355.917	_	_	_	_
740-0	PKP141	740	0	[xxx]	xxx	_	_	_	_	_	unknown	_	ContainsVariation=No	Syllables=3	Begin=1351.268|End=1352.121	_	_	_	0-3(248)
741-0	PKP141	741	0	[sì:	sì	_	_	_	_	_	linguistic	_	ContainsVariation=No	_	Begin=1354.963	1x1	_	_	0-2(249)
741-1	PKP141	741	1	al	al	_	_	_	_	_	linguistic	_	ContainsVariation=No	_	_	_	_	_	0-2(249)
741-2	PKP141	741	2	massimo	massimo	_	_	_	_	_	linguistic	_	ContainsVariation=No	_	_	_	_	_	0-7(249)
741-3	PKP141	741	3	s]ì	sì	_	_	_	_	_	linguistic	_	ContainsVariation=No	_	_	_	_	_	0-1(249)
741-4	PKP141	741	4	e	e	_	_	_	_	_	linguistic	_	ContainsVariation=No	_	_	_	_	_	_
741-5	PKP141	741	5	poi	poi	_	_	_	_	_	linguistic	_	ContainsVariation=No	_	_	_	_	_	_
741-6	PKP141	741	6	si	si	_	_	_	_	_	linguistic	_	ContainsVariation=No	_	_	_	_	_	_
741-7	PKP141	741	7	ve:de	vede	_	_	_	_	_	linguistic	_	ContainsVariation=No	_	End=1356.974	1x1	_	_	_
742-0	PKP136	742	0	eh,	eh	_	_	_	_	_	linguistic	_	ContainsVariation=No	Intonation=WeaklyRising	Begin=1357.113	_	_	_	_
742-1	PKP136	742	1	[anche	anche	_	_	_	_	_	linguistic	_	ContainsVariation=No	_	_	_	_	_	0-5(250)
742-2	PKP136	742	2	così]	così	_	_	_	_	_	linguistic	_	ContainsVariation=No	_	End=1358.484	_	_	_	0-4(250)
743-0	PKP141	743	0	[e	e	_	_	_	_	_	linguistic	_	ContainsVariation=No	_	Begin=1357.549	_	_	_	0-1(250)
743-1	PKP141	743	1	in	in	_	_	_	_	_	linguistic	_	ContainsVariation=No	_	_	_	_	_	0-2(250)
743-2	PKP141	743	2	quel	quel	_	_	_	_	_	linguistic	_	ContainsVariation=No	_	_	_	_	_	0-4(250)
743-3	PKP141	743	3	caso	caso	_	_	_	_	_	linguistic	_	ContainsVariation=No	_	_	_	_	_	0-4(250)
743-4	PKP141	743	4	s(e)]	se	_	_	_	_	_	linguistic	_	ContainsVariation=No	_	End=1358.495	_	_	1-2(0)	0-2(250)
744-0	PKP141	744	0	c(io)è	cioè	_	_	_	_	_	linguistic	_	ContainsVariation=No	Reduced=Yes	Begin=1358.839	_	_	_	_
744-1	PKP141	744	1	ti	ti	_	_	_	_	_	linguistic	_	ContainsVariation=No	_	_	_	_	_	_
744-2	PKP141	744	2	aspetti	aspetti	_	_	_	_	_	linguistic	_	ContainsVariation=No	_	_	_	_	_	_
744-3	PKP141	744	3	che	che	_	_	_	_	_	linguistic	_	ContainsVariation=No	_	_	_	_	_	_
744-4	PKP141	744	4	sia:	sia	_	_	_	_	_	linguistic	_	ContainsVariation=No	_	End=1360.129	2x1	_	_	_
745-0	PKP141	745	0	la	la	_	_	_	_	_	linguistic	_	ContainsVariation=No	_	Begin=1360.344	_	_	_	_
745-1	PKP141	745	1	persona	persona	_	_	_	_	_	linguistic	_	ContainsVariation=No	_	_	_	_	_	_
745-2	PKP141	745	2	che	che	_	_	_	_	_	linguistic	_	ContainsVariation=No	_	_	_	_	_	_
745-3	PKP141	745	3	ti	ti	_	_	_	_	_	linguistic	_	ContainsVariation=No	_	_	_	_	_	_
745-4	PKP141	745	4	ha	ha	_	_	_	_	_	linguistic	_	ContainsVariation=No	_	_	_	_	_	_
745-5	PKP141	745	5	detto	detto	_	_	_	_	_	linguistic	_	ContainsVariation=No	_	_	_	_	_	_
745-6	PKP141	745	6	sì	sì	_	_	_	_	_	linguistic	_	ContainsVariation=No	_	_	_	_	_	_
745-7	PKP141	745	7	poi	poi	_	_	_	_	_	linguistic	_	ContainsVariation=No	_	_	_	_	_	_
745-8	PKP141	745	8	si	si	_	_	_	_	_	linguistic	_	ContainsVariation=No	_	_	_	_	_	_
745-9	PKP141	745	9	vede	vede	_	_	_	_	_	linguistic	_	ContainsVariation=No	_	_	_	_	_	_
745-10	PKP141	745	10	a	a	_	_	_	_	_	linguistic	_	ContainsVariation=No	_	_	_	_	_	_
745-11	PKP141	745	11	riscri:verti	riscriverti	_	_	_	_	_	linguistic	_	ContainsVariation=No	_	_	5x1	_	_	_
745-12	PKP141	745	12	ovviamente	ovviamente	_	_	_	_	_	linguistic	_	ContainsVariation=No	_	_	_	_	_	_
745-13	PKP141	745	13	tu	tu	_	_	_	_	_	linguistic	_	ContainsVariation=No	_	_	_	_	_	_
745-14	PKP141	745	14	[non	non	_	_	_	_	_	linguistic	_	ContainsVariation=No	_	_	_	_	_	0-3(251)
745-15	PKP141	745	15	riscri:]vi	riscrivi	_	_	_	_	_	linguistic	_	ContainsVariation=No	_	End=1364.126	5x1	_	_	0-6(251)
746-0	PKP136	746	0	[no::]	no	_	_	_	_	_	linguistic	_	ContainsVariation=No	_	Begin=1363.258|End=1364.061	1x2	_	_	0-2(251)
747-0	PKP136	747	0	io	io	_	_	_	_	_	linguistic	_	ContainsVariation=No	_	Begin=1364.319	_	_	_	_
747-1	PKP136	747	1	avrei	avrei	_	_	_	_	_	linguistic	_	ContainsVariation=No	_	_	_	_	_	_
747-2	PKP136	747	2	riscritto	riscritto	_	_	_	_	_	linguistic	_	ContainsVariation=No	_	_	_	_	_	_
747-3	PKP136	747	3	se	se	_	_	_	_	_	linguistic	_	ContainsVariation=No	_	_	_	_	_	_
747-4	PKP136	747	4	uno	uno	_	_	_	_	_	linguistic	_	ContainsVariation=No	_	_	_	_	_	_
747-5	PKP136	747	5	mi	mi	_	_	_	_	_	linguistic	_	ContainsVariation=No	_	_	_	_	_	_
747-6	PKP136	747	6	avesse	avesse	_	_	_	_	_	linguistic	_	ContainsVariation=No	_	_	_	_	_	_
747-7	PKP136	747	7	risposto	risposto	_	_	_	_	_	linguistic	_	ContainsVariation=No	_	_	_	_	_	_
747-8	PKP136	747	8	così	così	_	_	_	_	_	linguistic	_	ContainsVariation=No	_	_	_	_	_	_
747-9	PKP136	747	9	((ride))	((ride))	_	_	_	_	_	nonverbalbehavior	_	ContainsVariation=No	_	End=1367.055	_	_	_	_
748-0	PKP136	748	0	sarei	sarei	_	_	_	_	_	linguistic	_	ContainsVariation=No	_	Begin=1367.278	_	_	_	_
748-1	PKP136	748	1	stato	stato	_	_	_	_	_	linguistic	_	ContainsVariation=No	_	_	_	_	_	_
748-2	PKP136	748	2	mo:lto	molto	_	_	_	_	_	linguistic	_	ContainsVariation=No	_	_	1x1	_	_	_
748-3	PKP136	748	3	inge:nu[o]	ingenuo	_	_	_	_	_	linguistic	_	ContainsVariation=No	_	End=1368.692	3x1	_	_	6-7(252)
749-0	PKP142	749	0	[no]	no	_	_	_	_	_	linguistic	_	ContainsVariation=No	_	Begin=1368.532	_	_	_	0-2(252)
749-1	PKP142	749	1	sai	sai	_	_	_	_	_	linguistic	_	ContainsVariation=No	_	_	_	_	_	_
749-2	PKP142	749	2	cos'	cos'	_	_	_	_	_	linguistic	_	ContainsVariation=No	SpaceAfter=No	_	_	_	_	_
749-3	PKP142	749	3	è?	è	_	_	_	_	_	linguistic	_	ContainsVariation=No	Intonation=Rising	_	_	_	_	_
749-4	PKP142	749	4	>c(io)è<	cioè	_	_	_	_	_	linguistic	_	ContainsVariation=No	Reduced=Yes	_	_	Fast=0-4(0)	_	_
749-5	PKP142	749	5	magari::	magari	_	_	_	_	_	linguistic	_	ContainsVariation=No	_	_	5x2	_	_	_
749-6	PKP142	749	6	un	un	_	_	_	_	_	linguistic	_	ContainsVariation=No	_	_	_	_	_	_
749-7	PKP142	749	7	conto	conto	_	_	_	_	_	linguistic	_	ContainsVariation=No	_	_	_	_	_	_
749-8	PKP142	749	8	è	è	_	_	_	_	_	linguistic	_	ContainsVariation=No	_	_	_	_	_	_
749-9	PKP142	749	9	se	se	_	_	_	_	_	linguistic	_	ContainsVariation=No	_	End=1370.799	_	_	_	_
750-0	PKP142	750	0	te	te	_	_	_	_	_	linguistic	_	ContainsVariation=No	_	Begin=1371.545	_	_	_	_
750-1	PKP142	750	1	ne	ne	_	_	_	_	_	linguistic	_	ContainsVariation=No	_	_	_	_	_	_
750-2	PKP142	750	2	fossi	fossi	_	_	_	_	_	linguistic	_	ContainsVariation=No	_	_	_	_	_	_
750-3	PKP142	750	3	uscito	uscito	_	_	_	_	_	linguistic	_	ContainsVariation=No	_	_	_	_	_	_
750-4	PKP142	750	4	oggi	oggi	_	_	_	_	_	linguistic	_	ContainsVariation=No	_	_	_	_	_	_
750-5	PKP142	750	5	così	così	_	_	_	_	_	linguistic	_	ContainsVariation=No	_	_	_	_	_	_
750-6	PKP142	750	6	a	a	_	_	_	_	_	linguistic	_	ContainsVariation=No	_	_	_	_	_	_
750-7	PKP142	750	7	ca:so	caso	_	_	_	_	_	linguistic	_	ContainsVariation=No	_	_	1x1	_	_	_
750-8	PKP142	750	8	e	e	_	_	_	_	_	linguistic	_	ContainsVariation=No	_	_	_	_	_	_
750-9	PKP142	750	9	e	e	_	_	_	_	_	linguistic	_	ContainsVariation=No	_	_	_	_	_	_
750-10	PKP142	750	10	avessi	avessi	_	_	_	_	_	linguistic	_	ContainsVariation=No	_	_	_	_	_	_
750-11	PKP142	750	11	chie:sto	chiesto	_	_	_	_	_	linguistic	_	ContainsVariation=No	_	_	3x1	_	_	_
750-12	PKP142	750	12	però	però	_	_	_	_	_	linguistic	_	ContainsVariation=No	_	_	_	_	_	_
750-13	PKP142	750	13	dato	dato	_	_	_	_	_	linguistic	_	ContainsVariation=No	_	_	_	_	_	_
750-14	PKP142	750	14	che	che	_	_	_	_	_	linguistic	_	ContainsVariation=No	_	_	_	_	_	_
750-15	PKP142	750	15	ieri	ieri	_	_	_	_	_	linguistic	_	ContainsVariation=No	_	_	_	_	_	_
750-16	PKP142	750	16	gli	gli	_	_	_	_	_	linguistic	_	ContainsVariation=No	_	_	_	_	_	_
750-17	PKP142	750	17	hai	hai	_	_	_	_	_	linguistic	_	ContainsVariation=No	_	_	_	_	_	_
750-18	PKP142	750	18	fatto	fatto	_	_	_	_	_	linguistic	_	ContainsVariation=No	_	_	_	_	_	_
750-19	PKP142	750	19	gli	gli	_	_	_	_	_	linguistic	_	ContainsVariation=No	_	_	_	_	_	_
750-20	PKP142	750	20	augu::ri	auguri	_	_	_	_	_	linguistic	_	ContainsVariation=No	_	_	3x2	_	_	_
750-21	PKP142	750	21	detto	detto	_	_	_	_	_	linguistic	_	ContainsVariation=No	_	_	_	_	_	_
750-22	PKP142	750	22	cos[ì:]	così	_	_	_	_	_	linguistic	_	ContainsVariation=No	_	End=1377.939	3x1	_	_	3-4(376)
751-0	PKP136	751	0	[e:::h]	eh	_	_	_	_	_	linguistic	_	ContainsVariation=No	_	Begin=1377.075|End=1377.896	0x3	_	_	0-2(376)
752-0	PKP141	752	0	[ma	ma	_	_	_	_	_	linguistic	_	ContainsVariation=No	_	Begin=1377.467	_	_	_	0-2(376)
752-1	PKP141	752	1	poi]	poi	_	_	_	_	_	linguistic	_	ContainsVariation=No	_	End=1377.881	_	_	_	0-3(376)
753-0	PKP142	753	0	>c(io)è<	cioè	_	_	_	_	_	linguistic	_	ContainsVariation=No	Reduced=Yes	Begin=1378.496	_	Fast=0-4(0)	_	_
753-1	PKP142	753	1	già	già	_	_	_	_	_	linguistic	_	ContainsVariation=No	_	_	_	_	_	_
753-2	PKP142	753	2	e	e	_	_	_	_	_	linguistic	_	ContainsVariation=No	_	_	_	_	_	_
753-3	PKP142	753	3	diverso	diverso	_	_	_	_	_	linguistic	_	ContainsVariation=No	_	_	_	_	_	_
753-4	PKP142	753	4	ma[gari	magari	_	_	_	_	_	linguistic	_	ContainsVariation=No	_	_	_	_	_	_
753-5	PKP142	753	5	uno	uno	_	_	_	_	_	linguistic	_	ContainsVariation=No	_	_	_	_	_	_
753-6	PKP142	753	6	poi	poi	_	_	_	_	_	linguistic	_	ContainsVariation=No	_	_	_	_	_	_
753-7	PKP142	753	7	pe:r	per	_	_	_	_	_	linguistic	_	ContainsVariation=No	_	_	1x1	_	_	_
753-8	PKP142	753	8	almeno	almeno	_	_	_	_	_	linguistic	_	ContainsVariation=No	_	_	_	_	_	_
753-9	PKP142	753	9	ti	ti	_	_	_	_	_	linguistic	_	ContainsVariation=No	_	_	_	_	_	_
753-10	PKP142	753	10	rispo:nde	risponde	_	_	_	_	_	linguistic	_	ContainsVariation=No	_	_	4x1	_	_	_
753-11	PKP142	753	11	capi:to	capito	_	_	_	_	_	linguistic	_	ContainsVariation=No	_	End=1382.146	3x1	_	_	_
754-0	PKP136	754	0	[>però<]	però	_	_	_	_	_	linguistic	_	ContainsVariation=No	_	Begin=1379.458|End=1379.82	_	Fast=0-4(0)	_	0-4(253)
755-0	PKP136	755	0	però	però	_	_	_	_	_	linguistic	_	ContainsVariation=No	_	Begin=1382.146	_	_	_	_
755-1	PKP136	755	1	è	è	_	_	_	_	_	linguistic	_	ContainsVariation=No	_	_	_	_	_	_
755-2	PKP136	755	2	passato	passato	_	_	_	_	_	linguistic	_	ContainsVariation=No	_	_	_	_	_	_
755-3	PKP136	755	3	parecchio	parecchio	_	_	_	_	_	linguistic	_	ContainsVariation=No	_	_	_	_	_	_
755-4	PKP136	755	4	te:mpo	tempo	_	_	_	_	_	linguistic	_	ContainsVariation=No	_	_	1x1	_	_	_
755-5	PKP136	755	5	l'	l'	_	_	_	_	_	linguistic	_	ContainsVariation=No	SpaceAfter=No	_	_	_	_	_
755-6	PKP136	755	6	ultima	ultima	_	_	_	_	_	linguistic	_	ContainsVariation=No	_	_	_	_	_	_
755-7	PKP136	755	7	volta	volta	_	_	_	_	_	linguistic	_	ContainsVariation=No	_	_	_	_	_	_
755-8	PKP136	755	8	che	che	_	_	_	_	_	linguistic	_	ContainsVariation=No	_	_	_	_	_	_
755-9	PKP136	755	9	ci	ci	_	_	_	_	_	linguistic	_	ContainsVariation=No	_	_	_	_	_	_
755-10	PKP136	755	10	siamo	siamo	_	_	_	_	_	linguistic	_	ContainsVariation=No	_	_	_	_	_	_
755-11	PKP136	755	11	scritti,	scritti	_	_	_	_	_	linguistic	_	ContainsVariation=No	Intonation=WeaklyRising	_	_	_	_	_
755-12	PKP136	755	12	ci	ci	_	_	_	_	_	linguistic	_	ContainsVariation=No	_	_	_	_	_	_
755-13	PKP136	755	13	siamo	siamo	_	_	_	_	_	linguistic	_	ContainsVariation=No	_	_	_	_	_	_
755-14	PKP136	755	14	visti	visti	_	_	_	_	_	linguistic	_	ContainsVariation=No	_	_	_	_	_	_
755-15	PKP136	755	15	è	è	_	_	_	_	_	linguistic	_	ContainsVariation=No	_	_	_	_	_	_
755-16	PKP136	755	16	stato	stato	_	_	_	_	_	linguistic	_	ContainsVariation=No	_	_	_	_	_	_
755-17	PKP136	755	17	il	il	_	_	_	_	_	linguistic	_	ContainsVariation=No	_	_	_	_	_	_
755-18	PKP136	755	18	<diciasse:tte	diciassette	_	_	_	_	_	linguistic	_	ContainsVariation=No	_	_	7x1	Slow=0-11(0)	_	_
755-19	PKP136	755	19	febbra:io>	febbraio	_	_	_	_	_	linguistic	_	ContainsVariation=No	_	End=1386.914	5x1	Slow=0-8(0)	_	_
756-0	PKP136	756	0	[e	e	_	_	_	_	_	linguistic	_	ContainsVariation=No	_	Begin=1387.321	_	_	_	0-1(254)
756-1	PKP136	756	1	siamo]	siamo	_	_	_	_	_	linguistic	_	ContainsVariation=No	PauseAfter=Yes	_	_	_	_	0-5(254)
756-2	PKP136	756	2	(.)	(.)	_	_	_	_	_	shortpause	_	ContainsVariation=No	_	_	_	_	_	_
756-3	PKP136	756	3	a	a	_	_	_	_	_	linguistic	_	ContainsVariation=No	_	_	_	_	_	_
756-4	PKP136	756	4	ma:rzo	marzo	_	_	_	_	_	linguistic	_	ContainsVariation=No	_	End=1389.276	1x1	_	_	_
757-0	PKP141	757	0	[xx]	xx	_	_	_	_	_	unknown	_	ContainsVariation=No	Syllables=2	Begin=1387.321|End=1388.05	_	_	_	0-2(254)
758-0	PKP136	758	0	x	x	_	_	_	_	_	unknown	_	ContainsVariation=No	Syllables=1	Begin=1389.522	_	_	_	_
758-1	PKP136	758	1	[xx	xx	_	_	_	_	_	unknown	_	ContainsVariation=No	Syllables=2	_	_	_	_	0-2(255)
758-2	PKP136	758	2	ma:rzo]	marzo	_	_	_	_	_	linguistic	_	ContainsVariation=No	_	End=1390.94	1x1	_	_	0-5(255)
759-0	PKP142	759	0	[vabbè,	vabbè	_	_	_	_	_	linguistic	_	ContainsVariation=No	Intonation=WeaklyRising	Begin=1389.789	_	_	_	0-5(255)
759-1	PKP142	759	1	però,	però	_	_	_	_	_	linguistic	_	ContainsVariation=No	Intonation=WeaklyRising	_	_	_	_	0-4(255)
759-2	PKP142	759	2	consi]dera	considera	_	_	_	_	_	linguistic	_	ContainsVariation=No	_	_	_	_	_	0-5(255)
759-3	PKP142	759	3	il	il	_	_	_	_	_	linguistic	_	ContainsVariation=No	_	_	_	_	_	_
759-4	PKP142	759	4	fatto	fatto	_	_	_	_	_	linguistic	_	ContainsVariation=No	_	_	_	_	_	_
759-5	PKP142	759	5	che	che	_	_	_	_	_	linguistic	_	ContainsVariation=No	_	_	_	_	_	_
759-6	PKP142	759	6	[lui	lui	_	_	_	_	_	linguistic	_	ContainsVariation=No	_	_	_	_	_	0-3(256)
759-7	PKP142	759	7	era	era	_	_	_	_	_	linguistic	_	ContainsVariation=No	_	_	_	_	_	0-3(256)
759-8	PKP142	759	8	par~	par~	_	_	_	_	_	linguistic	_	ContainsVariation=No	Interrupted=Yes	_	_	_	_	0-4(256)
759-9	PKP142	759	9	lui	lui	_	_	_	_	_	linguistic	_	ContainsVariation=No	_	_	_	_	_	0-3(256)
759-10	PKP142	759	10	era	era	_	_	_	_	_	linguistic	_	ContainsVariation=No	_	_	_	_	_	0-3(256)
759-11	PKP142	759	11	parti:to]	partito	_	_	_	_	_	linguistic	_	ContainsVariation=No	_	End=1393.082	4x1	_	_	0-7(256)
760-0	PKP141	760	0	[il	il	_	_	_	_	_	linguistic	_	ContainsVariation=No	_	Begin=1391.224	_	_	_	0-2(256)
760-1	PKP141	760	1	fatto	fatto	_	_	_	_	_	linguistic	_	ContainsVariation=No	_	_	_	_	_	0-5(256)
760-2	PKP141	760	2	xx	xx	_	_	_	_	_	unknown	_	ContainsVariation=No	Syllables=2	_	_	_	_	0-2(256)
760-3	PKP141	760	3	esa:tto]	esatto	_	_	_	_	_	linguistic	_	ContainsVariation=No	_	End=1393.06	2x1	_	_	0-6(256)
761-0	PKP141	761	0	lui	lui	_	_	_	_	_	linguistic	_	ContainsVariation=No	_	Begin=1393.257	_	_	_	_
761-1	PKP141	761	1	era	era	_	_	_	_	_	linguistic	_	ContainsVariation=No	_	_	_	_	_	_
761-2	PKP141	761	2	[andato	andato	_	_	_	_	_	linguistic	_	ContainsVariation=No	_	_	_	_	_	0-6(257)
761-3	PKP141	761	3	vi:a]	via	_	_	_	_	_	linguistic	_	ContainsVariation=No	_	End=1394.426	1x1	_	_	0-3(257)
762-0	PKP142	762	0	[giu:sto]	giusto	_	_	_	_	_	linguistic	_	ContainsVariation=No	_	Begin=1393.789|End=1394.357	2x1	_	_	0-6(257)
763-0	PKP136	763	0	ma	ma	_	_	_	_	_	linguistic	_	ContainsVariation=No	_	Begin=1394.902	_	_	_	_
763-1	PKP136	763	1	è	è	_	_	_	_	_	linguistic	_	ContainsVariation=No	_	_	_	_	_	_
763-2	PKP136	763	2	andato	andato	_	_	_	_	_	linguistic	_	ContainsVariation=No	_	_	_	_	_	_
763-3	PKP136	763	3	via	via	_	_	_	_	_	linguistic	_	ContainsVariation=No	_	_	_	_	_	_
763-4	PKP136	763	4	<prima>	prima	_	_	_	_	_	linguistic	_	ContainsVariation=No	_	_	_	Slow=0-5(0)	_	_
763-5	PKP136	763	5	della	della	_	_	_	_	_	linguistic	_	ContainsVariation=No	_	_	_	_	_	_
763-6	PKP136	763	6	fes[ta]	festa	_	_	_	_	_	linguistic	_	ContainsVariation=No	_	End=1396.636	_	_	_	3-5(258)
764-0	PKP141	764	0	[s]ì	sì	_	_	_	_	_	linguistic	_	ContainsVariation=No	_	Begin=1396.423	_	_	_	0-1(258)
764-1	PKP141	764	1	vabbè	vabbè	_	_	_	_	_	linguistic	_	ContainsVariation=No	_	_	_	_	_	_
764-2	PKP141	764	2	>ma	ma	_	_	_	_	_	linguistic	_	ContainsVariation=No	_	_	_	Fast=0-2(0)	_	_
764-3	PKP141	764	3	però<	però	_	_	_	_	_	linguistic	_	ContainsVariation=No	_	_	_	Fast=0-4(0)	_	_
764-4	PKP141	764	4	(ci	ci	_	_	_	_	_	linguistic	_	ContainsVariation=No	_	_	_	_	_	_
764-5	PKP141	764	5	sono:)	sono	_	_	_	_	_	linguistic	_	ContainsVariation=No	_	_	3x1	_	_	_
764-6	PKP141	764	6	le	le	_	_	_	_	_	linguistic	_	ContainsVariation=No	_	_	_	_	_	_
764-7	PKP141	764	7	persone	persone	_	_	_	_	_	linguistic	_	ContainsVariation=No	_	_	_	_	_	_
764-8	PKP141	764	8	so'	so'	_	_	_	_	_	linguistic	_	ContainsVariation=No	Truncated=Yes	_	_	_	_	_
764-9	PKP141	764	9	impegna:te)c(io)é)	impegnatecioé	_	_	_	_	_	linguistic	_	ContainsVariation=No	_	End=1399.154	6x1	_	_	_
765-0	PKP136	765	0	((ride))	((ride))	_	_	_	_	_	nonverbalbehavior	_	ContainsVariation=No	_	Begin=1399.154	_	_	_	_
765-1	PKP136	765	1	in	in	_	_	_	_	_	linguistic	_	ContainsVariation=No	_	_	_	_	_	_
765-2	PKP136	765	2	genera:le	generale	_	_	_	_	_	linguistic	_	ContainsVariation=No	_	End=1400.321	5x1	_	_	_
766-0	PKP141	766	0	scu:sami	scusami	_	_	_	_	_	linguistic	_	ContainsVariation=No	_	Begin=1400.321	2x1	_	_	_
766-1	PKP141	766	1	((ride))	((ride))	_	_	_	_	_	nonverbalbehavior	_	ContainsVariation=No	_	End=1401.272	_	_	_	_
767-0	PKP136	767	0	vabbè	vabbè	_	_	_	_	_	linguistic	_	ContainsVariation=No	_	Begin=1401.272	_	_	_	_
767-1	PKP136	767	1	n[o:]	no	_	_	_	_	_	linguistic	_	ContainsVariation=No	_	End=1402.035	1x1	_	_	1-2(259)
768-0	PKP141	768	0	[alla	alla	_	_	_	_	_	linguistic	_	ContainsVariation=No	_	Begin=1401.853	_	_	_	0-4(259)
768-1	PKP141	768	1	fi]ne	fine	_	_	_	_	_	linguistic	_	ContainsVariation=No	_	_	_	_	_	0-2(259)
768-2	PKP141	768	2	non	non	_	_	_	_	_	linguistic	_	ContainsVariation=No	_	_	_	_	_	_
768-3	PKP141	768	3	è	è	_	_	_	_	_	linguistic	_	ContainsVariation=No	_	_	_	_	_	_
768-4	PKP141	768	4	che	che	_	_	_	_	_	linguistic	_	ContainsVariation=No	_	_	_	_	_	_
768-5	PKP141	768	5	è	è	_	_	_	_	_	linguistic	_	ContainsVariation=No	_	_	_	_	_	_
768-6	PKP141	768	6	passato:	passato	_	_	_	_	_	linguistic	_	ContainsVariation=No	_	End=1402.936	6x1	_	_	_
769-0	PKP141	769	0	così	così	_	_	_	_	_	linguistic	_	ContainsVariation=No	_	Begin=1403.393	_	_	_	_
769-1	PKP141	769	1	ta:nto	tanto	_	_	_	_	_	linguistic	_	ContainsVariation=No	_	_	1x1	_	_	_
769-2	PKP141	769	2	diciasset[te	diciassette	_	_	_	_	_	linguistic	_	ContainsVariation=No	_	_	_	_	_	9-11(260)
769-3	PKP141	769	3	ma:rzo]	marzo	_	_	_	_	_	linguistic	_	ContainsVariation=No	_	End=1405.37	1x1	_	_	0-5(260)
770-0	PKP142	770	0	[due	due	_	_	_	_	_	linguistic	_	ContainsVariation=No	_	Begin=1404.503	_	_	_	0-3(260)
770-1	PKP142	770	1	settima:ne]	settimane	_	_	_	_	_	linguistic	_	ContainsVariation=No	_	End=1405.267	6x1	_	_	0-9(260)
771-0	PKP136	771	0	[eh]	eh	_	_	_	_	_	linguistic	_	ContainsVariation=No	_	Begin=1405.554|End=1405.861	_	_	_	0-2(261)
772-0	PKP141	772	0	[gua:]rda	guarda	_	_	_	_	_	linguistic	_	ContainsVariation=No	_	Begin=1405.554	2x1	_	_	0-3(261)
772-1	PKP141	772	1	febbraio	febbraio	_	_	_	_	_	linguistic	_	ContainsVariation=No	_	_	_	_	_	_
772-2	PKP141	772	2	è	è	_	_	_	_	_	linguistic	_	ContainsVariation=No	_	_	_	_	_	_
772-3	PKP141	772	3	di	di	_	_	_	_	_	linguistic	_	ContainsVariation=No	_	_	_	_	_	_
772-4	PKP141	772	4	[vento:tto	ventotto	_	_	_	_	_	linguistic	_	ContainsVariation=No	_	_	4x1	_	_	0-8(262)
772-5	PKP141	772	5	quindi	quindi	_	_	_	_	_	linguistic	_	ContainsVariation=No	_	_	_	_	_	0-6(262)
772-6	PKP141	772	6	so'	so'	_	_	_	_	_	linguistic	_	ContainsVariation=No	Truncated=Yes	_	_	_	_	0-3(262)
772-7	PKP141	772	7	°dieci	dieci	_	_	_	_	_	linguistic	_	ContainsVariation=No	Volume=low	_	_	_	_	0-5(262)
772-8	PKP141	772	8	gio~°]	gio~	_	_	_	_	_	linguistic	_	ContainsVariation=No	Interrupted=Yes|Volume=low	_	_	_	_	0-4(262)
772-9	PKP141	772	9	due	due	_	_	_	_	_	linguistic	_	ContainsVariation=No	_	_	_	_	_	_
772-10	PKP141	772	10	settima:ne	settimane	_	_	_	_	_	linguistic	_	ContainsVariation=No	_	_	6x1	_	_	_
772-11	PKP141	772	11	da:[i]	dai	_	_	_	_	_	linguistic	_	ContainsVariation=No	_	End=1410.029	1x1	_	_	2-3(377)
773-0	PKP142	773	0	[eh	eh	_	_	_	_	_	linguistic	_	ContainsVariation=No	_	Begin=1406.895	_	_	_	0-2(262)
773-1	PKP142	773	1	due	due	_	_	_	_	_	linguistic	_	ContainsVariation=No	_	_	_	_	_	0-3(262)
773-2	PKP142	773	2	settimane	settimane	_	_	_	_	_	linguistic	_	ContainsVariation=No	_	_	_	_	_	0-9(262)
773-3	PKP142	773	3	non	non	_	_	_	_	_	linguistic	_	ContainsVariation=No	_	_	_	_	_	0-3(262)
773-4	PKP142	773	4	è	è	_	_	_	_	_	linguistic	_	ContainsVariation=No	_	_	_	_	_	0-1(262)
773-5	PKP142	773	5	proprio:]	proprio	_	_	_	_	_	linguistic	_	ContainsVariation=No	_	End=1408.595	6x1	_	_	0-7(262)
774-0	PKP136	774	0	[diciasset°te°	diciassette	_	_	_	_	_	linguistic	_	ContainsVariation=No	Volume=low	Begin=1409.353	_	_	_	0-11(377)
774-1	PKP136	774	1	dicio]:tto,	diciotto	_	_	_	_	_	linguistic	_	ContainsVariation=No	Intonation=WeaklyRising	_	4x1	_	_	0-5(377)
774-2	PKP136	774	2	diciannove,	diciannove	_	_	_	_	_	linguistic	_	ContainsVariation=No	Intonation=WeaklyRising	_	_	_	_	_
774-3	PKP136	774	3	>venti,	venti	_	_	_	_	_	linguistic	_	ContainsVariation=No	Intonation=WeaklyRising	_	_	Fast=0-5(0)	_	_
774-4	PKP136	774	4	ventuno,	ventuno	_	_	_	_	_	linguistic	_	ContainsVariation=No	Intonation=WeaklyRising	_	_	Fast=0-7(0)	_	_
774-5	PKP136	774	5	ventudue,	ventudue	_	_	_	_	_	linguistic	_	ContainsVariation=No	Intonation=WeaklyRising	_	_	Fast=0-8(0)	_	_
774-6	PKP136	774	6	ventitre,	ventitre	_	_	_	_	_	linguistic	_	ContainsVariation=No	Intonation=WeaklyRising	_	_	Fast=0-8(0)	_	_
774-7	PKP136	774	7	ventiquattro,	ventiquattro	_	_	_	_	_	linguistic	_	ContainsVariation=No	Intonation=WeaklyRising	_	_	Fast=0-12(0)	_	_
774-8	PKP136	774	8	venticinque,	venticinque	_	_	_	_	_	linguistic	_	ContainsVariation=No	Intonation=WeaklyRising	_	_	Fast=0-11(0)	_	_
774-9	PKP136	774	9	ventisei<,	ventisei	_	_	_	_	_	linguistic	_	ContainsVariation=No	Intonation=WeaklyRising	_	_	Fast=0-8(0)	_	_
774-10	PKP136	774	10	ventise:tte	ventisette	_	_	_	_	_	linguistic	_	ContainsVariation=No	_	End=1414.183	6x1	_	_	_
775-0	PKP142	775	0	[(due	due	_	_	_	_	_	linguistic	_	ContainsVariation=No	_	Begin=1409.512	_	_	_	0-3(377)
775-1	PKP142	775	1	settima:ne]	settimane	_	_	_	_	_	linguistic	_	ContainsVariation=No	_	End=1410.419	6x1	_	_	0-9(377)
776-0	PKP136	776	0	vento:tto	ventotto	_	_	_	_	_	linguistic	_	ContainsVariation=No	_	Begin=1414.809	4x1	_	_	_
776-1	PKP136	776	1	e	e	_	_	_	_	_	linguistic	_	ContainsVariation=No	_	_	_	_	_	_
776-2	PKP136	776	2	siamo	siamo	_	_	_	_	_	linguistic	_	ContainsVariation=No	_	_	_	_	_	_
776-3	PKP136	776	3	a	a	_	_	_	_	_	linguistic	_	ContainsVariation=No	_	_	_	_	_	_
776-4	PKP136	776	4	u:ndici	undici	_	_	_	_	_	linguistic	_	ContainsVariation=No	_	End=1416.708	0x1	_	_	_
777-0	PKP136	777	0	u:no,	uno	_	_	_	_	_	linguistic	_	ContainsVariation=No	Intonation=WeaklyRising	Begin=1417.227	0x1	_	_	_
777-1	PKP136	777	1	du:e,	due	_	_	_	_	_	linguistic	_	ContainsVariation=No	Intonation=WeaklyRising	_	1x1	_	_	_
777-2	PKP136	777	2	tre:	tre	_	_	_	_	_	linguistic	_	ContainsVariation=No	_	End=1418.62	2x1	_	_	_
778-0	PKP136	778	0	qua[ttor~	quattor~	_	_	_	_	_	linguistic	_	ContainsVariation=No	Interrupted=Yes	Begin=1419.207	_	_	_	3-8(378)
778-1	PKP136	778	1	sì	sì	_	_	_	_	_	linguistic	_	ContainsVariation=No	_	_	_	_	_	0-2(378)
778-2	PKP136	778	2	due	due	_	_	_	_	_	linguistic	_	ContainsVariation=No	_	_	_	_	_	0-3(378)
778-3	PKP136	778	3	settima:ne]	settimane	_	_	_	_	_	linguistic	_	ContainsVariation=No	_	End=1421.01	6x1	_	_	0-9(378)
779-0	PKP142	779	0	[io	io	_	_	_	_	_	linguistic	_	ContainsVariation=No	_	Begin=1419.438	_	_	_	0-2(378)
779-1	PKP142	779	1	e	e	_	_	_	_	_	linguistic	_	ContainsVariation=No	_	_	_	_	_	0-1(378)
779-2	PKP142	779	2	te(o)	teo	_	_	_	_	_	linguistic	_	ContainsVariation=No	_	_	_	_	2-3(0)	0-3(378)
779-3	PKP142	779	3	non	non	_	_	_	_	_	linguistic	_	ContainsVariation=No	_	_	_	_	_	0-3(378)
779-4	PKP142	779	4	ci	ci	_	_	_	_	_	linguistic	_	ContainsVariation=No	_	_	_	_	_	0-2(378)
779-5	PKP142	779	5	siamo:	siamo	_	_	_	_	_	linguistic	_	ContainsVariation=No	PauseAfter=Yes	_	4x1	_	_	0-5(378)
779-6	PKP142	779	6	(.)	(.)	_	_	_	_	_	shortpause	_	ContainsVariation=No	_	_	_	_	_	X(378)
779-7	PKP142	779	7	io	io	_	_	_	_	_	linguistic	_	ContainsVariation=No	_	_	_	_	_	0-2(378)
779-8	PKP142	779	8	e	e	_	_	_	_	_	linguistic	_	ContainsVariation=No	_	_	_	_	_	0-1(378)
779-9	PKP142	779	9	te(o)	teo	_	_	_	_	_	linguistic	_	ContainsVariation=No	_	_	_	_	2-3(1)	0-3(378)
779-10	PKP142	779	10	n]on	non	_	_	_	_	_	linguistic	_	ContainsVariation=No	_	_	_	_	_	0-1(378)
779-11	PKP142	779	11	ci	ci	_	_	_	_	_	linguistic	_	ContainsVariation=No	_	_	_	_	_	_
779-12	PKP142	779	12	siamo	siamo	_	_	_	_	_	linguistic	_	ContainsVariation=No	_	_	_	_	_	_
779-13	PKP142	779	13	sentiti	sentiti	_	_	_	_	_	linguistic	_	ContainsVariation=No	_	_	_	_	_	_
779-14	PKP142	779	14	tipo	tipo	_	_	_	_	_	linguistic	_	ContainsVariation=No	_	_	_	_	_	_
779-15	PKP142	779	15	per	per	_	_	_	_	_	linguistic	_	ContainsVariation=No	PauseAfter=Yes	_	_	_	_	_
779-16	PKP142	779	16	(.)	(.)	_	_	_	_	_	shortpause	_	ContainsVariation=No	_	_	_	_	_	_
779-17	PKP142	779	17	tre	tre	_	_	_	_	_	linguistic	_	ContainsVariation=No	_	_	_	_	_	_
779-18	PKP142	779	18	me:si,	mesi	_	_	_	_	_	linguistic	_	ContainsVariation=No	Intonation=WeaklyRising	_	1x1	_	_	_
779-19	PKP142	779	19	no	no	_	_	_	_	_	linguistic	_	ContainsVariation=No	_	_	_	_	_	_
779-20	PKP142	779	20	tre	tre	_	_	_	_	_	linguistic	_	ContainsVariation=No	_	_	_	_	_	_
779-21	PKP142	779	21	mesi,	mesi	_	_	_	_	_	linguistic	_	ContainsVariation=No	Intonation=WeaklyRising	_	_	_	_	_
779-22	PKP142	779	22	tre	tre	_	_	_	_	_	linguistic	_	ContainsVariation=No	_	_	_	_	_	_
779-23	PKP142	779	23	settima:[ne]	settimane	_	_	_	_	_	linguistic	_	ContainsVariation=No	_	End=1424.56	6x1	_	_	7-9(263)
780-0	PKP141	780	0	[due	due	_	_	_	_	_	linguistic	_	ContainsVariation=No	_	Begin=1420.346	_	_	_	0-3(378)
780-1	PKP141	780	1	settima:ne]	settimane	_	_	_	_	_	linguistic	_	ContainsVariation=No	_	End=1421.315	6x1	_	_	0-9(378)
781-0	PKP136	781	0	[quando]	quando	_	_	_	_	_	linguistic	_	ContainsVariation=No	_	Begin=1424.321	_	_	_	0-6(263)
781-1	PKP136	781	1	vi	vi	_	_	_	_	_	linguistic	_	ContainsVariation=No	_	_	_	_	_	_
781-2	PKP136	781	2	frequentava:[te]?	frequentavate	_	_	_	_	_	linguistic	_	ContainsVariation=No	Intonation=Rising	End=1425.66	10x1	_	_	11-13(264)
782-0	PKP142	782	0	[eh]	eh	_	_	_	_	_	linguistic	_	ContainsVariation=No	_	Begin=1425.384	_	_	_	0-2(264)
782-1	PKP142	782	1	e	e	_	_	_	_	_	linguistic	_	ContainsVariation=No	_	_	_	_	_	_
782-2	PKP142	782	2	poi	poi	_	_	_	_	_	linguistic	_	ContainsVariation=No	_	End=1426.28	_	_	_	_
783-0	PKP136	783	0	e	e	_	_	_	_	_	linguistic	_	ContainsVariation=No	_	Begin=1426.842	_	_	_	_
783-1	PKP136	783	1	po::i	poi	_	_	_	_	_	linguistic	_	ContainsVariation=No	_	_	1x2	_	_	_
783-2	PKP136	783	2	hai	hai	_	_	_	_	_	linguistic	_	ContainsVariation=No	_	_	_	_	_	_
783-3	PKP136	783	3	visto	visto	_	_	_	_	_	linguistic	_	ContainsVariation=No	_	_	_	_	_	_
783-4	PKP136	783	4	come	come	_	_	_	_	_	linguistic	_	ContainsVariation=No	_	_	_	_	_	_
783-5	PKP136	783	5	è	è	_	_	_	_	_	linguistic	_	ContainsVariation=No	_	_	_	_	_	_
783-6	PKP136	783	6	andata	andata	_	_	_	_	_	linguistic	_	ContainsVariation=No	_	_	_	_	_	_
783-7	PKP136	783	7	a	a	_	_	_	_	_	linguistic	_	ContainsVariation=No	_	_	_	_	_	_
783-8	PKP136	783	8	fini:re?	finire	_	_	_	_	_	linguistic	_	ContainsVariation=No	Intonation=Rising	End=1428.917	3x1	_	_	_
784-0	PKP141	784	0	wo:w	wow	_	_	_	_	_	linguistic	_	ContainsVariation=No	_	Begin=1428.917|End=1429.489	1x1	_	_	_
785-0	PKP142	785	0	[però	però	_	_	_	_	_	linguistic	_	ContainsVariation=No	_	Begin=1429.866	_	_	_	0-4(265)
785-1	PKP142	785	1	è	è	_	_	_	_	_	linguistic	_	ContainsVariation=No	_	_	_	_	_	0-1(265)
785-2	PKP142	785	2	pe]r	per	_	_	_	_	_	linguistic	_	ContainsVariation=No	_	_	_	_	_	0-2(265)
785-3	PKP142	785	3	di:re	dire	_	_	_	_	_	linguistic	_	ContainsVariation=No	_	End=1431.04	1x1	_	_	_
786-0	PKP136	786	0	[m::a]	ma	_	_	_	_	_	linguistic	_	ContainsVariation=No	_	Begin=1429.866|End=1430.409	0x2	_	_	0-2(265)
787-0	PKP142	787	0	c(io)è	cioè	_	_	_	_	_	linguistic	_	ContainsVariation=No	Reduced=Yes	Begin=1431.445	_	_	_	_
787-1	PKP142	787	1	due	due	_	_	_	_	_	linguistic	_	ContainsVariation=No	_	_	_	_	_	_
787-2	PKP142	787	2	settimane	settimane	_	_	_	_	_	linguistic	_	ContainsVariation=No	_	_	_	_	_	_
787-3	PKP142	787	3	non	non	_	_	_	_	_	linguistic	_	ContainsVariation=No	_	_	_	_	_	_
787-4	PKP142	787	4	sono	sono	_	_	_	_	_	linguistic	_	ContainsVariation=No	_	_	_	_	_	_
787-5	PKP142	787	5	nemmeno	nemmeno	_	_	_	_	_	linguistic	_	ContainsVariation=No	_	_	_	_	_	_
787-6	PKP142	787	6	così	così	_	_	_	_	_	linguistic	_	ContainsVariation=No	_	_	_	_	_	_
787-7	PKP142	787	7	[ta:nte]	tante	_	_	_	_	_	linguistic	_	ContainsVariation=No	_	End=1433.642	1x1	_	_	0-5(266)
788-0	PKP141	788	0	[no:	no	_	_	_	_	_	linguistic	_	ContainsVariation=No	_	Begin=1432.976	1x1	_	_	0-2(266)
788-1	PKP141	788	1	infa:]tti	infatti	_	_	_	_	_	linguistic	_	ContainsVariation=No	_	End=1434.215	3x1	_	_	0-4(266)
789-0	PKP142	789	0	poi	poi	_	_	_	_	_	linguistic	_	ContainsVariation=No	_	Begin=1434.472	_	_	_	_
789-1	PKP142	789	1	considerato	considerato	_	_	_	_	_	linguistic	_	ContainsVariation=No	_	_	_	_	_	_
789-2	PKP142	789	2	che	che	_	_	_	_	_	linguistic	_	ContainsVariation=No	_	_	_	_	_	_
789-3	PKP142	789	3	non	non	_	_	_	_	_	linguistic	_	ContainsVariation=No	_	_	_	_	_	_
789-4	PKP142	789	4	vi	vi	_	_	_	_	_	linguistic	_	ContainsVariation=No	_	_	_	_	_	_
789-5	PKP142	789	5	eravat.	eravat	_	_	_	_	_	linguistic	_	ContainsVariation=No	Intonation=Falling	_	_	_	_	_
789-6	PKP142	789	6	cioè:	cioè	_	_	_	_	_	linguistic	_	ContainsVariation=No	_	_	3x1	_	_	_
789-7	PKP142	789	7	non	non	_	_	_	_	_	linguistic	_	ContainsVariation=No	_	_	_	_	_	_
789-8	PKP142	789	8	siete	siete	_	_	_	_	_	linguistic	_	ContainsVariation=No	_	_	_	_	_	_
789-9	PKP142	789	9	mai	mai	_	_	_	_	_	linguistic	_	ContainsVariation=No	_	_	_	_	_	_
789-10	PKP142	789	10	usciti	usciti	_	_	_	_	_	linguistic	_	ContainsVariation=No	_	_	_	_	_	_
789-11	PKP142	789	11	verame:nte	veramente	_	_	_	_	_	linguistic	_	ContainsVariation=No	_	_	5x1	_	_	_
789-12	PKP142	789	12	[quindi	quindi	_	_	_	_	_	linguistic	_	ContainsVariation=No	_	_	_	_	_	0-6(267)
789-13	PKP142	789	13	ci	ci	_	_	_	_	_	linguistic	_	ContainsVariation=No	_	_	_	_	_	0-2(267)
789-14	PKP142	789	14	sta:]	sta	_	_	_	_	_	linguistic	_	ContainsVariation=No	_	_	2x1	_	_	0-3(267)
789-15	PKP142	789	15	p[u:re]	pure	_	_	_	_	_	linguistic	_	ContainsVariation=No	_	End=1439.153	1x1	_	_	1-4(268)
790-0	PKP136	790	0	[e::h]	eh	_	_	_	_	_	linguistic	_	ContainsVariation=No	_	Begin=1437.863|End=1438.417	0x2	_	_	0-2(267)
791-0	PKP136	791	0	[pure	pure	_	_	_	_	_	linguistic	_	ContainsVariation=No	_	Begin=1438.826	_	_	_	0-4(268)
791-1	PKP136	791	1	s]ta	sta	_	_	_	_	_	linguistic	_	ContainsVariation=No	_	_	_	_	_	0-1(268)
791-2	PKP136	791	2	cosa	cosa	_	_	_	_	_	linguistic	_	ContainsVariation=No	_	_	_	_	_	_
791-3	PKP136	791	3	[perché]	perché	_	_	_	_	_	linguistic	_	ContainsVariation=No	_	End=1440.066	_	_	_	0-6(269)
792-0	PKP142	792	0	[cioè	cioè	_	_	_	_	_	linguistic	_	ContainsVariation=No	_	Begin=1439.59	_	_	_	0-4(269)
792-1	PKP142	792	1	non	non	_	_	_	_	_	linguistic	_	ContainsVariation=No	_	_	_	_	_	0-3(269)
792-2	PKP142	792	2	è	è	_	_	_	_	_	linguistic	_	ContainsVariation=No	_	_	_	_	_	0-1(269)
792-3	PKP142	792	3	c]he::	che	_	_	_	_	_	linguistic	_	ContainsVariation=No	_	End=1440.58	2x2	_	_	0-1(269)
793-0	PKP136	793	0	quella	quella	_	_	_	_	_	linguistic	_	ContainsVariation=No	_	Begin=1440.592	_	_	_	_
793-1	PKP136	793	1	sera	sera	_	_	_	_	_	linguistic	_	ContainsVariation=No	_	_	_	_	_	_
793-2	PKP136	793	2	che	che	_	_	_	_	_	linguistic	_	ContainsVariation=No	_	_	_	_	_	_
793-3	PKP136	793	3	siamo	siamo	_	_	_	_	_	linguistic	_	ContainsVariation=No	_	_	_	_	_	_
793-4	PKP136	793	4	usciti	usciti	_	_	_	_	_	linguistic	_	ContainsVariation=No	_	_	_	_	_	_
793-5	PKP136	793	5	ti	ti	_	_	_	_	_	linguistic	_	ContainsVariation=No	_	_	_	_	_	_
793-6	PKP136	793	6	ricordi	ricordi	_	_	_	_	_	linguistic	_	ContainsVariation=No	_	_	_	_	_	_
793-7	PKP136	793	7	che	che	_	_	_	_	_	linguistic	_	ContainsVariation=No	_	_	_	_	_	_
793-8	PKP136	793	8	c'	c'	_	_	_	_	_	linguistic	_	ContainsVariation=No	SpaceAfter=No	_	_	_	_	_
793-9	PKP136	793	9	erano	erano	_	_	_	_	_	linguistic	_	ContainsVariation=No	_	_	_	_	_	_
793-10	PKP136	793	10	gli	gli	_	_	_	_	_	linguistic	_	ContainsVariation=No	_	_	_	_	_	_
793-11	PKP136	793	11	amici:::	amici	_	_	_	_	_	linguistic	_	ContainsVariation=No	_	_	4x3	_	_	_
793-12	PKP136	793	12	di:	di	_	_	_	_	_	linguistic	_	ContainsVariation=No	_	_	1x1	_	_	_
793-13	PKP136	793	13	anto:nio:?	antonio	_	_	_	_	_	linguistic	_	ContainsVariation=No	Intonation=Rising	End=1444.578	3x1,6x1	_	_	_
794-0	PKP142	794	0	mhmh	mhmh	_	_	_	_	_	linguistic	_	ContainsVariation=No	_	Begin=1444.861|End=1445.429	_	_	_	_
795-0	PKP136	795	0	che	che	_	_	_	_	_	linguistic	_	ContainsVariation=No	_	Begin=1445.629	_	_	_	_
795-1	PKP136	795	1	dovev~	dovev~	_	_	_	_	_	linguistic	_	ContainsVariation=No	Interrupted=Yes	_	_	_	_	_
795-2	PKP136	795	2	volevo	volevo	_	_	_	_	_	linguistic	_	ContainsVariation=No	_	_	_	_	_	_
795-3	PKP136	795	3	andare	andare	_	_	_	_	_	linguistic	_	ContainsVariation=No	_	_	_	_	_	_
795-4	PKP136	795	4	in	in	_	_	_	_	_	linguistic	_	ContainsVariation=No	_	_	_	_	_	_
795-5	PKP136	795	5	aldrova:ndi	aldrovandi	_	_	_	_	_	linguistic	_	ContainsVariation=No	_	_	6x1	_	_	_
795-6	PKP136	795	6	ma	ma	_	_	_	_	_	linguistic	_	ContainsVariation=No	_	_	_	_	_	_
795-7	PKP136	795	7	>loro	loro	_	_	_	_	_	linguistic	_	ContainsVariation=No	_	_	_	Fast=0-4(0)	_	_
795-8	PKP136	795	8	hanno	hanno	_	_	_	_	_	linguistic	_	ContainsVariation=No	_	_	_	Fast=0-5(0)	_	_
795-9	PKP136	795	9	detto	detto	_	_	_	_	_	linguistic	_	ContainsVariation=No	_	_	_	Fast=0-5(0)	_	_
795-10	PKP136	795	10	[no<	no	_	_	_	_	_	linguistic	_	ContainsVariation=No	_	_	_	Fast=0-2(0)	_	0-2(270)
795-11	PKP136	795	11	andiamo	andiamo	_	_	_	_	_	linguistic	_	ContainsVariation=No	_	_	_	_	_	0-7(270)
795-12	PKP136	795	12	in	in	_	_	_	_	_	linguistic	_	ContainsVariation=No	_	_	_	_	_	0-2(270)
795-13	PKP136	795	13	piazza	piazza	_	_	_	_	_	linguistic	_	ContainsVariation=No	_	_	_	_	_	0-6(270)
795-14	PKP136	795	14	ma]ggio:re	maggiore	_	_	_	_	_	linguistic	_	ContainsVariation=No	_	End=1449.313	5x1	_	_	0-2(270)
796-0	PKP141	796	0	[che	che	_	_	_	_	_	linguistic	_	ContainsVariation=No	_	Begin=1447.717	_	_	_	0-3(270)
796-1	PKP141	796	1	non	non	_	_	_	_	_	linguistic	_	ContainsVariation=No	_	_	_	_	_	0-3(270)
796-2	PKP141	796	2	c'	c'	_	_	_	_	_	linguistic	_	ContainsVariation=No	SpaceAfter=No	_	_	_	_	0-2(270)
796-3	PKP141	796	3	e:ra]	era	_	_	_	_	_	linguistic	_	ContainsVariation=No	_	End=1448.862	0x1	_	_	0-3(270)
797-0	PKP136	797	0	io	io	_	_	_	_	_	linguistic	_	ContainsVariation=No	_	Begin=1449.962	_	_	_	_
797-1	PKP136	797	1	mi	mi	_	_	_	_	_	linguistic	_	ContainsVariation=No	_	_	_	_	_	_
797-2	PKP136	797	2	a[spettavo	aspettavo	_	_	_	_	_	linguistic	_	ContainsVariation=No	_	_	_	_	_	1-9(271)
797-3	PKP136	797	3	che]	che	_	_	_	_	_	linguistic	_	ContainsVariation=No	_	End=1451.013	_	_	_	0-3(271)
798-0	PKP142	798	0	[a:h	ah	_	_	_	_	_	linguistic	_	ContainsVariation=No	_	Begin=1450.363	0x1	_	_	0-2(271)
798-1	PKP142	798	1	quella	quella	_	_	_	_	_	linguistic	_	ContainsVariation=No	_	_	_	_	_	0-6(271)
798-2	PKP142	798	2	se]ra	sera	_	_	_	_	_	linguistic	_	ContainsVariation=No	_	_	_	_	_	0-2(271)
798-3	PKP142	798	3	che	che	_	_	_	_	_	linguistic	_	ContainsVariation=No	_	_	_	_	_	_
798-4	PKP142	798	4	io	io	_	_	_	_	_	linguistic	_	ContainsVariation=No	_	_	_	_	_	_
798-5	PKP142	798	5	non	non	_	_	_	_	_	linguistic	_	ContainsVariation=No	_	_	_	_	_	_
798-6	PKP142	798	6	[c'	c'	_	_	_	_	_	linguistic	_	ContainsVariation=No	SpaceAfter=No	_	_	_	_	0-2(379)
798-7	PKP142	798	7	e:ro]	ero	_	_	_	_	_	linguistic	_	ContainsVariation=No	_	End=1451.94	0x1	_	_	0-3(379)
799-0	PKP141	799	0	[xx]	xx	_	_	_	_	_	unknown	_	ContainsVariation=No	Syllables=2	Begin=1451.508|End=1452.037	_	_	_	0-2(379)
800-0	PKP136	800	0	[che]	che	_	_	_	_	_	linguistic	_	ContainsVariation=No	_	Begin=1451.916	_	_	_	0-3(379)
800-1	PKP136	800	1	tu	tu	_	_	_	_	_	linguistic	_	ContainsVariation=No	_	_	_	_	_	_
800-2	PKP136	800	2	non	non	_	_	_	_	_	linguistic	_	ContainsVariation=No	_	_	_	_	_	_
800-3	PKP136	800	3	[c'	c'	_	_	_	_	_	linguistic	_	ContainsVariation=No	SpaceAfter=No	_	_	_	_	0-2(272)
800-4	PKP136	800	4	e:ri]	eri	_	_	_	_	_	linguistic	_	ContainsVariation=No	_	End=1452.789	0x1	_	_	0-3(272)
801-0	PKP141	801	0	[fortu:]na	fortuna	_	_	_	_	_	linguistic	_	ContainsVariation=No	_	Begin=1452.421	4x1	_	_	0-5(272)
801-1	PKP141	801	1	che	che	_	_	_	_	_	linguistic	_	ContainsVariation=No	_	_	_	_	_	_
801-2	PKP141	801	2	non	non	_	_	_	_	_	linguistic	_	ContainsVariation=No	_	_	_	_	_	_
801-3	PKP141	801	3	c'	c'	_	_	_	_	_	linguistic	_	ContainsVariation=No	SpaceAfter=No	_	_	_	_	_
801-4	PKP141	801	4	e:ri	eri	_	_	_	_	_	linguistic	_	ContainsVariation=No	_	End=1453.692	0x1	_	_	_
802-0	PKP142	802	0	((ride))	((ride))	_	_	_	_	_	nonverbalbehavior	_	ContainsVariation=No	_	Begin=1453.392|End=1454.256	_	_	_	_
803-0	PKP136	803	0	però:	però	_	_	_	_	_	linguistic	_	ContainsVariation=No	_	Begin=1454.858	3x1	_	_	_
803-1	PKP136	803	1	tipo	tipo	_	_	_	_	_	linguistic	_	ContainsVariation=No	_	_	_	_	_	_
803-2	PKP136	803	2	quella	quella	_	_	_	_	_	linguistic	_	ContainsVariation=No	_	_	_	_	_	_
803-3	PKP136	803	3	se:ra	sera	_	_	_	_	_	linguistic	_	ContainsVariation=No	_	_	1x1	_	_	_
803-4	PKP136	803	4	io	io	_	_	_	_	_	linguistic	_	ContainsVariation=No	_	_	_	_	_	_
803-5	PKP136	803	5	mi	mi	_	_	_	_	_	linguistic	_	ContainsVariation=No	_	_	_	_	_	_
803-6	PKP136	803	6	aspettavo	aspettavo	_	_	_	_	_	linguistic	_	ContainsVariation=No	_	_	_	_	_	_
803-7	PKP136	803	7	che	che	_	_	_	_	_	linguistic	_	ContainsVariation=No	_	_	_	_	_	_
803-8	PKP136	803	8	lui	lui	_	_	_	_	_	linguistic	_	ContainsVariation=No	_	_	_	_	_	_
803-9	PKP136	803	9	usci:sse	uscisse	_	_	_	_	_	linguistic	_	ContainsVariation=No	_	_	3x1	_	_	_
803-10	PKP136	803	10	e	e	_	_	_	_	_	linguistic	_	ContainsVariation=No	_	_	_	_	_	_
803-11	PKP136	803	11	quindi	quindi	_	_	_	_	_	linguistic	_	ContainsVariation=No	_	_	_	_	_	_
803-12	PKP136	803	12	ho	ho	_	_	_	_	_	linguistic	_	ContainsVariation=No	_	_	_	_	_	_
803-13	PKP136	803	13	detto	detto	_	_	_	_	_	linguistic	_	ContainsVariation=No	_	_	_	_	_	_
803-14	PKP136	803	14	>vabbè<	vabbè	_	_	_	_	_	linguistic	_	ContainsVariation=No	_	_	_	Fast=0-5(0)	_	_
803-15	PKP136	803	15	se	se	_	_	_	_	_	linguistic	_	ContainsVariation=No	_	_	_	Slow=0-2(0)	_	_
803-16	PKP136	803	16	n~	n~	_	_	_	_	_	linguistic	_	ContainsVariation=No	Interrupted=Yes	_	_	Slow=0-2(0)	_	_
803-17	PKP136	803	17	non	non	_	_	_	_	_	linguistic	_	ContainsVariation=No	_	_	_	Slow=0-3(0)	_	_
803-18	PKP136	803	18	ci	ci	_	_	_	_	_	linguistic	_	ContainsVariation=No	_	_	_	Slow=0-2(0)	_	_
803-19	PKP136	803	19	siamo	siamo	_	_	_	_	_	linguistic	_	ContainsVariation=No	_	_	_	Slow=0-5(0)	_	_
803-20	PKP136	803	20	sentiti	sentiti	_	_	_	_	_	linguistic	_	ContainsVariation=No	_	_	_	Slow=0-7(0)	_	_
803-21	PKP136	803	21	tutto	tutto	_	_	_	_	_	linguistic	_	ContainsVariation=No	_	_	_	Slow=0-5(0)	_	_
803-22	PKP136	803	22	il	il	_	_	_	_	_	linguistic	_	ContainsVariation=No	_	_	_	Slow=0-2(0)	_	_
803-23	PKP136	803	23	gio:rno	giorno	_	_	_	_	_	linguistic	_	ContainsVariation=No	_	_	2x1	Slow=0-6(0)	_	_
803-24	PKP136	803	24	>il	il	_	_	_	_	_	linguistic	_	ContainsVariation=No	_	_	_	Fast=0-2(1)	_	_
803-25	PKP136	803	25	giorno	giorno	_	_	_	_	_	linguistic	_	ContainsVariation=No	_	_	_	Fast=0-6(1)	_	_
803-26	PKP136	803	26	dopo	dopo	_	_	_	_	_	linguistic	_	ContainsVariation=No	_	_	_	Fast=0-4(1)	_	_
803-27	PKP136	803	27	la	la	_	_	_	_	_	linguistic	_	ContainsVariation=No	_	_	_	Fast=0-2(1)	_	_
803-28	PKP136	803	28	fe:sta<	festa	_	_	_	_	_	linguistic	_	ContainsVariation=No	_	_	1x1	Fast=0-5(1)	_	_
803-29	PKP136	803	29	quindi:	quindi	_	_	_	_	_	linguistic	_	ContainsVariation=No	_	End=1461.596	5x1	_	_	_
804-0	PKP136	804	0	magari::	magari	_	_	_	_	_	linguistic	_	ContainsVariation=No	_	Begin=1461.865	5x2	_	_	_
804-1	PKP136	804	1	l[o	lo	_	_	_	_	_	linguistic	_	ContainsVariation=No	_	_	_	_	_	1-2(274)
804-2	PKP136	804	2	becco	becco	_	_	_	_	_	linguistic	_	ContainsVariation=No	_	_	_	_	_	0-5(274)
804-3	PKP136	804	3	po~	po~	_	_	_	_	_	linguistic	_	ContainsVariation=No	Interrupted=Yes	_	_	_	_	0-3(274)
804-4	PKP136	804	4	lo	lo	_	_	_	_	_	linguistic	_	ContainsVariation=No	_	_	_	_	_	0-2(274)
804-5	PKP136	804	5	becco	becco	_	_	_	_	_	linguistic	_	ContainsVariation=No	_	_	_	_	_	0-5(274)
804-6	PKP136	804	6	(giù)	giù	_	_	_	_	_	linguistic	_	ContainsVariation=No	_	_	_	_	0-3(0)	0-3(274)
804-7	PKP136	804	7	e	e	_	_	_	_	_	linguistic	_	ContainsVariation=No	_	_	_	_	_	0-1(274)
804-8	PKP136	804	8	poi	poi	_	_	_	_	_	linguistic	_	ContainsVariation=No	_	_	_	_	_	0-3(274)
804-9	PKP136	804	9	chiacchi]eri:mo	chiacchierimo	_	_	_	_	_	linguistic	_	ContainsVariation=No	_	_	10x1	_	_	0-8(274)
804-10	PKP136	804	10	si	si	_	_	_	_	_	linguistic	_	ContainsVariation=No	_	_	_	_	_	_
804-11	PKP136	804	11	pa:rla	parla	_	_	_	_	_	linguistic	_	ContainsVariation=No	_	_	1x1	_	_	_
804-12	PKP136	804	12	appunto	appunto	_	_	_	_	_	linguistic	_	ContainsVariation=No	_	_	_	_	_	_
804-13	PKP136	804	13	capi:sco	capisco	_	_	_	_	_	linguistic	_	ContainsVariation=No	_	_	3x1	_	_	_
804-14	PKP136	804	14	cosa	cosa	_	_	_	_	_	linguistic	_	ContainsVariation=No	_	_	_	_	_	_
804-15	PKP136	804	15	com'	com'	_	_	_	_	_	linguistic	_	ContainsVariation=No	SpaceAfter=No	_	_	_	_	_
804-16	PKP136	804	16	è	è	_	_	_	_	_	linguistic	_	ContainsVariation=No	_	_	_	_	_	_
804-17	PKP136	804	17	andata	andata	_	_	_	_	_	linguistic	_	ContainsVariation=No	_	_	_	_	_	_
804-18	PKP136	804	18	anch[e	anche	_	_	_	_	_	linguistic	_	ContainsVariation=No	_	_	_	_	_	3-5(275)
804-19	PKP136	804	19	ie:]ri	ieri	_	_	_	_	_	linguistic	_	ContainsVariation=No	_	_	1x1	_	_	0-2(275)
804-20	PKP136	804	20	[da	da	_	_	_	_	_	linguistic	_	ContainsVariation=No	_	_	_	_	_	0-2(276)
804-21	PKP136	804	21	parte	parte	_	_	_	_	_	linguistic	_	ContainsVariation=No	_	_	_	_	_	0-5(276)
804-22	PKP136	804	22	su]a,	sua	_	_	_	_	_	linguistic	_	ContainsVariation=No	Intonation=WeaklyRising	_	_	_	_	0-2(276)
804-23	PKP136	804	23	per	per	_	_	_	_	_	linguistic	_	ContainsVariation=No	_	_	_	_	_	_
804-24	PKP136	804	24	lui	lui	_	_	_	_	_	linguistic	_	ContainsVariation=No	_	End=1469.662	_	_	_	_
805-0	PKP142	805	0	[xxx]	xxx	_	_	_	_	_	unknown	_	ContainsVariation=No	Syllables=3	Begin=1463.786|End=1464.924	_	_	_	0-3(274)
806-0	PKP141	806	0	[sì]	sì	_	_	_	_	_	linguistic	_	ContainsVariation=No	_	Begin=1468.001|End=1468.367	_	_	_	0-2(275)
807-0	PKP141	807	0	[sì]	sì	_	_	_	_	_	linguistic	_	ContainsVariation=No	_	Begin=1468.531|End=1468.913	_	_	_	0-2(276)
808-0	PKP136	808	0	invece	invece	_	_	_	_	_	linguistic	_	ContainsVariation=No	_	Begin=1470.282	_	_	_	_
808-1	PKP136	808	1	non	non	_	_	_	_	_	linguistic	_	ContainsVariation=No	_	_	_	_	_	_
808-2	PKP136	808	2	è	è	_	_	_	_	_	linguistic	_	ContainsVariation=No	_	_	_	_	_	_
808-3	PKP136	808	3	usci:to	uscito	_	_	_	_	_	linguistic	_	ContainsVariation=No	_	_	3x1	_	_	_
808-4	PKP136	808	4	po:i::	poi	_	_	_	_	_	linguistic	_	ContainsVariation=No	_	_	1x1,2x2	_	_	_
808-5	PKP136	808	5	>non	non	_	_	_	_	_	linguistic	_	ContainsVariation=No	_	_	_	Fast=0-3(0)	_	_
808-6	PKP136	808	6	si	si	_	_	_	_	_	linguistic	_	ContainsVariation=No	_	_	_	Fast=0-2(0)	_	_
808-7	PKP136	808	7	è	è	_	_	_	_	_	linguistic	_	ContainsVariation=No	_	_	_	Fast=0-1(0)	_	_
808-8	PKP136	808	8	più	più	_	_	_	_	_	linguistic	_	ContainsVariation=No	_	_	_	Fast=0-3(0)	_	_
808-9	PKP136	808	9	organizzato<	organizzato	_	_	_	_	_	linguistic	_	ContainsVariation=No	_	_	_	Fast=0-11(0)	_	_
808-10	PKP136	808	10	nu:lla	nulla	_	_	_	_	_	linguistic	_	ContainsVariation=No	_	_	1x1	_	_	_
808-11	PKP136	808	11	tutti	tutti	_	_	_	_	_	linguistic	_	ContainsVariation=No	_	_	_	_	_	_
808-12	PKP136	808	12	insie:me	insieme	_	_	_	_	_	linguistic	_	ContainsVariation=No	_	_	4x1	_	_	_
808-13	PKP136	808	13	per	per	_	_	_	_	_	linguistic	_	ContainsVariation=No	_	_	_	_	_	_
808-14	PKP136	808	14	usci:re	uscire	_	_	_	_	_	linguistic	_	ContainsVariation=No	_	End=1474.707	3x1	_	_	_
809-0	PKP141	809	0	(ma:)	ma	_	_	_	_	_	linguistic	_	ContainsVariation=No	_	Begin=1474.707	1x1	_	0-2(0)	_
809-1	PKP141	809	1	e	e	_	_	_	_	_	linguistic	_	ContainsVariation=No	_	_	_	_	_	_
809-2	PKP141	809	2	okay	okay	_	_	_	_	_	linguistic	_	ContainsVariation=No	_	_	_	_	_	_
809-3	PKP141	809	3	ma	ma	_	_	_	_	_	linguistic	_	ContainsVariation=No	PauseAfter=Yes	_	_	_	_	_
809-4	PKP141	809	4	(.)	(.)	_	_	_	_	_	shortpause	_	ContainsVariation=No	_	_	_	_	_	_
809-5	PKP141	809	5	chi	chi	_	_	_	_	_	linguistic	_	ContainsVariation=No	_	_	_	_	_	_
809-6	PKP141	809	6	è	è	_	_	_	_	_	linguistic	_	ContainsVariation=No	_	_	_	_	_	_
809-7	PKP141	809	7	che	che	_	_	_	_	_	linguistic	_	ContainsVariation=No	_	_	_	_	_	_
809-8	PKP141	809	8	disse	disse	_	_	_	_	_	linguistic	_	ContainsVariation=No	_	_	_	_	_	_
809-9	PKP141	809	9	che	che	_	_	_	_	_	linguistic	_	ContainsVariation=No	_	_	_	_	_	_
809-10	PKP141	809	10	tipo:	tipo	_	_	_	_	_	linguistic	_	ContainsVariation=No	_	End=1477.427	3x1	_	_	_
810-0	PKP141	810	0	tu	tu	_	_	_	_	_	linguistic	_	ContainsVariation=No	_	Begin=1477.801	_	_	_	_
810-1	PKP141	810	1	l'	l'	_	_	_	_	_	linguistic	_	ContainsVariation=No	SpaceAfter=No	_	_	_	_	_
810-2	PKP141	810	2	avevi	avevi	_	_	_	_	_	linguistic	_	ContainsVariation=No	_	_	_	_	_	_
810-3	PKP141	810	3	ghosta:to	ghostato	_	_	_	_	_	linguistic	_	ContainsVariation=No	_	_	5x1	_	_	_
810-4	PKP141	810	4	<tra	tra	_	_	_	_	_	linguistic	_	ContainsVariation=No	_	_	_	Slow=0-3(0)	_	_
810-5	PKP141	810	5	l'	l'	_	_	_	_	_	linguistic	_	ContainsVariation=No	SpaceAfter=No	_	_	Slow=0-2(0)	_	_
810-6	PKP141	810	6	a:lto:>	alto	_	_	_	_	_	linguistic	_	ContainsVariation=No	_	End=1480.235	0x1,3x1	Slow=0-4(0)	_	_
811-0	PKP136	811	0	x	x	_	_	_	_	_	unknown	_	ContainsVariation=No	Syllables=1	Begin=1480.481	_	_	_	_
811-1	PKP136	811	1	[beh]	beh	_	_	_	_	_	linguistic	_	ContainsVariation=No	_	End=1481.298	_	_	_	0-3(277)
812-0	PKP142	812	0	no,	no	_	_	_	_	_	linguistic	_	ContainsVariation=No	Intonation=WeaklyRising	Begin=1480.872	_	_	_	_
812-1	PKP142	812	1	perché	perché	_	_	_	_	_	linguistic	_	ContainsVariation=No	_	_	_	_	_	_
812-2	PKP142	812	2	[venne	venne	_	_	_	_	_	linguistic	_	ContainsVariation=No	_	_	_	_	_	0-5(?)
812-3	PKP142	812	3	marco:	marco	_	_	_	_	_	linguistic	_	ContainsVariation=No	_	_	4x1	_	_	0-5(?)
812-4	PKP142	812	4	e	e	_	_	_	_	_	linguistic	_	ContainsVariation=No	_	_	_	_	_	0-1(?)
812-5	PKP142	812	5	mi	mi	_	_	_	_	_	linguistic	_	ContainsVariation=No	_	_	_	_	_	0-2(?)
812-6	PKP142	812	6	di:sse]	disse	_	_	_	_	_	linguistic	_	ContainsVariation=No	_	End=1483.41	1x1	_	_	0-5(?)
813-0	PKP141	813	0	[n~	n~	_	_	_	_	_	linguistic	_	ContainsVariation=No	Interrupted=Yes	Begin=1481.538	_	_	_	0-2(278)
813-1	PKP141	813	1	non	non	_	_	_	_	_	linguistic	_	ContainsVariation=No	_	_	_	_	_	0-3(278)
813-2	PKP141	813	2	l'	l'	_	_	_	_	_	linguistic	_	ContainsVariation=No	SpaceAfter=No	_	_	_	_	0-2(278)
813-3	PKP141	813	3	aveva	aveva	_	_	_	_	_	linguistic	_	ContainsVariation=No	_	_	_	_	_	0-5(278)
813-4	PKP141	813	4	detto	detto	_	_	_	_	_	linguistic	_	ContainsVariation=No	_	_	_	_	_	0-5(278)
813-5	PKP141	813	5	qualcu:no	qualcuno	_	_	_	_	_	linguistic	_	ContainsVariation=No	_	_	5x1	_	_	0-8(278)
813-6	PKP141	813	6	eh]	eh	_	_	_	_	_	linguistic	_	ContainsVariation=No	_	End=1483.446	_	_	_	0-2(278)
814-0	PKP136	814	0	[e::h]	eh	_	_	_	_	_	linguistic	_	ContainsVariation=No	_	Begin=1483.74|End=1484.597	0x2	_	_	0-2(279)
815-0	PKP142	815	0	[guarda	guarda	_	_	_	_	_	linguistic	_	ContainsVariation=No	_	Begin=1483.808	_	_	_	0-6(279)
815-1	PKP142	815	1	che	che	_	_	_	_	_	linguistic	_	ContainsVariation=No	_	_	_	_	_	0-3(279)
815-2	PKP142	815	2	andrea]	andrea	_	_	_	_	_	linguistic	_	ContainsVariation=No	_	_	_	_	_	0-6(279)
815-3	PKP142	815	3	pensa	pensa	_	_	_	_	_	linguistic	_	ContainsVariation=No	_	_	_	_	_	_
815-4	PKP142	815	4	che	che	_	_	_	_	_	linguistic	_	ContainsVariation=No	_	_	_	_	_	_
815-5	PKP142	815	5	nicola	nicola	_	_	_	_	_	linguistic	_	ContainsVariation=No	_	_	_	_	_	_
815-6	PKP142	815	6	l'	l'	_	_	_	_	_	linguistic	_	ContainsVariation=No	SpaceAfter=No	_	_	_	_	_
815-7	PKP142	815	7	ha	ha	_	_	_	_	_	linguistic	_	ContainsVariation=No	_	_	_	_	_	_
815-8	PKP142	815	8	ghostato	ghostato	_	_	_	_	_	linguistic	_	ContainsVariation=No	_	_	_	_	_	_
815-9	PKP142	815	9	io	io	_	_	_	_	_	linguistic	_	ContainsVariation=No	_	_	_	_	_	_
815-10	PKP142	815	10	sono	sono	_	_	_	_	_	linguistic	_	ContainsVariation=No	_	_	_	_	_	_
815-11	PKP142	815	11	rismasta	rismasta	_	_	_	_	_	linguistic	_	ContainsVariation=No	_	_	_	_	_	_
815-12	PKP142	815	12	tipo	tipo	_	_	_	_	_	linguistic	_	ContainsVariation=No	_	_	_	_	_	_
815-13	PKP142	815	13	co~	co~	_	_	_	_	_	linguistic	_	ContainsVariation=No	Interrupted=Yes	_	_	_	_	_
815-14	PKP142	815	14	anche	anche	_	_	_	_	_	linguistic	_	ContainsVariation=No	_	_	_	_	_	_
815-15	PKP142	815	15	perché	perché	_	_	_	_	_	linguistic	_	ContainsVariation=No	_	_	_	_	_	_
815-16	PKP142	815	16	è	è	_	_	_	_	_	linguistic	_	ContainsVariation=No	_	_	_	_	_	_
815-17	PKP142	815	17	tato	tato	_	_	_	_	_	linguistic	_	ContainsVariation=No	_	_	_	_	_	_
815-18	PKP142	815	18	tipo	tipo	_	_	_	_	_	linguistic	_	ContainsVariation=No	_	_	_	_	_	_
815-19	PKP142	815	19	qua~	qua~	_	_	_	_	_	linguistic	_	ContainsVariation=No	Interrupted=Yes	_	_	_	_	_
815-20	PKP142	815	20	due	due	_	_	_	_	_	linguistic	_	ContainsVariation=No	_	_	_	_	_	_
815-21	PKP142	815	21	gio:rni	giorni	_	_	_	_	_	linguistic	_	ContainsVariation=No	_	End=1489.022	2x1	_	_	_
816-0	PKP142	816	0	du:e	due	_	_	_	_	_	linguistic	_	ContainsVariation=No	_	Begin=1489.672	1x1	_	_	_
816-1	PKP142	816	1	o	o	_	_	_	_	_	linguistic	_	ContainsVariation=No	_	_	_	_	_	_
816-2	PKP142	816	2	tre	tre	_	_	_	_	_	linguistic	_	ContainsVariation=No	_	_	_	_	_	_
816-3	PKP142	816	3	giorni	giorni	_	_	_	_	_	linguistic	_	ContainsVariation=No	_	_	_	_	_	_
816-4	PKP142	816	4	prima	prima	_	_	_	_	_	linguistic	_	ContainsVariation=No	_	_	_	_	_	_
816-5	PKP142	816	5	che	che	_	_	_	_	_	linguistic	_	ContainsVariation=No	_	_	_	_	_	_
816-6	PKP142	816	6	tu	tu	_	_	_	_	_	linguistic	_	ContainsVariation=No	_	_	_	_	_	_
816-7	PKP142	816	7	ci	ci	_	_	_	_	_	linguistic	_	ContainsVariation=No	_	_	_	_	_	_
816-8	PKP142	816	8	avevi	avevi	_	_	_	_	_	linguistic	_	ContainsVariation=No	_	_	_	_	_	_
816-9	PKP142	816	9	detto	detto	_	_	_	_	_	linguistic	_	ContainsVariation=No	_	_	_	_	_	_
816-10	PKP142	816	10	no:	no	_	_	_	_	_	linguistic	_	ContainsVariation=No	_	_	1x1	_	_	_
816-11	PKP142	816	11	andrea:	andrea	_	_	_	_	_	linguistic	_	ContainsVariation=No	_	End=1492.371	5x1	_	_	_
817-0	PKP136	817	0	<sco[mpa:rso>]	scomparso	_	_	_	_	_	linguistic	_	ContainsVariation=No	_	Begin=1492.69|End=1494.11	5x1	Slow=0-9(0)	_	3-9(280)
818-0	PKP142	818	0	[x	x	_	_	_	_	_	unknown	_	ContainsVariation=No	Syllables=1	Begin=1492.953	_	_	_	0-1(280)
818-1	PKP142	818	1	scompa:rso]	scomparso	_	_	_	_	_	linguistic	_	ContainsVariation=No	_	End=1494.099	5x1	_	_	0-9(280)
819-0	PKP142	819	0	poi	poi	_	_	_	_	_	linguistic	_	ContainsVariation=No	_	Begin=1494.254	_	_	_	_
819-1	PKP142	819	1	gli	gli	_	_	_	_	_	linguistic	_	ContainsVariation=No	_	_	_	_	_	_
819-2	PKP142	819	2	ho	ho	_	_	_	_	_	linguistic	_	ContainsVariation=No	_	_	_	_	_	_
819-3	PKP142	819	3	detto	detto	_	_	_	_	_	linguistic	_	ContainsVariation=No	_	_	_	_	_	_
819-4	PKP142	819	4	scusa	scusa	_	_	_	_	_	linguistic	_	ContainsVariation=No	_	_	_	_	_	_
819-5	PKP142	819	5	c(io)è	cioè	_	_	_	_	_	linguistic	_	ContainsVariation=No	Reduced=Yes	_	_	_	_	_
819-6	PKP142	819	6	prima	prima	_	_	_	_	_	linguistic	_	ContainsVariation=No	_	_	_	_	_	_
819-7	PKP142	819	7	me	me	_	_	_	_	_	linguistic	_	ContainsVariation=No	_	_	_	_	_	_
819-8	PKP142	819	8	lo	lo	_	_	_	_	_	linguistic	_	ContainsVariation=No	_	_	_	_	_	_
819-9	PKP142	819	9	dice	dice	_	_	_	_	_	linguistic	_	ContainsVariation=No	_	_	_	_	_	_
819-10	PKP142	819	10	stefano	stefano	_	_	_	_	_	linguistic	_	ContainsVariation=No	_	_	_	_	_	_
819-11	PKP142	819	11	e	e	_	_	_	_	_	linguistic	_	ContainsVariation=No	_	_	_	_	_	_
819-12	PKP142	819	12	poi	poi	_	_	_	_	_	linguistic	_	ContainsVariation=No	_	_	_	_	_	_
819-13	PKP142	819	13	(lo	lo	_	_	_	_	_	linguistic	_	ContainsVariation=No	_	_	_	_	0-2(0)	_
819-14	PKP142	819	14	dice)	dice	_	_	_	_	_	linguistic	_	ContainsVariation=No	_	_	_	_	0-4(0)	_
819-15	PKP142	819	15	andrea	andrea	_	_	_	_	_	linguistic	_	ContainsVariation=No	_	_	_	_	_	_
819-16	PKP142	819	16	e	e	_	_	_	_	_	linguistic	_	ContainsVariation=No	_	_	_	_	_	_
819-17	PKP142	819	17	a	a	_	_	_	_	_	linguistic	_	ContainsVariation=No	_	_	_	_	_	_
819-18	PKP142	819	18	marco	marco	_	_	_	_	_	linguistic	_	ContainsVariation=No	_	_	_	_	_	_
819-19	PKP142	819	19	cioè:	cioè	_	_	_	_	_	linguistic	_	ContainsVariation=No	_	End=1498.071	3x1	_	_	_
820-0	PKP142	820	0	c'	c'	_	_	_	_	_	linguistic	_	ContainsVariation=No	SpaceAfter=No	Begin=1498.341	_	_	_	_
820-1	PKP142	820	1	è	è	_	_	_	_	_	linguistic	_	ContainsVariation=No	_	_	_	_	_	_
820-2	PKP142	820	2	qualcosa	qualcosa	_	_	_	_	_	linguistic	_	ContainsVariation=No	_	_	_	_	_	_
820-3	PKP142	820	3	che	che	_	_	_	_	_	linguistic	_	ContainsVariation=No	_	_	_	_	_	_
820-4	PKP142	820	4	non	non	_	_	_	_	_	linguistic	_	ContainsVariation=No	_	_	_	_	_	_
820-5	PKP142	820	5	[qua:dra]	quadra	_	_	_	_	_	linguistic	_	ContainsVariation=No	_	End=1499.973	2x1	_	_	0-6(281)
821-0	PKP136	821	0	[esa:~	esa~	_	_	_	_	_	linguistic	_	ContainsVariation=No	Interrupted=Yes	Begin=1499.467	2x1	_	_	0-4(?)
821-1	PKP136	821	1	c](io)è	cioè	_	_	_	_	_	linguistic	_	ContainsVariation=No	_	_	_	_	1-3(0)	0-1(?)
821-2	PKP136	821	2	tutt'	tutt'	_	_	_	_	_	linguistic	_	ContainsVariation=No	SpaceAfter=No	_	_	_	_	_
821-3	PKP136	821	3	e	e	_	_	_	_	_	linguistic	_	ContainsVariation=No	_	_	_	_	_	_
821-4	PKP136	821	4	[due]	due	_	_	_	_	_	linguistic	_	ContainsVariation=No	_	_	_	_	_	0-3(?)
821-5	PKP136	821	5	abbiamo	abbiamo	_	_	_	_	_	linguistic	_	ContainsVariation=No	_	_	_	_	_	_
821-6	PKP136	821	6	avuto:	avuto	_	_	_	_	_	linguistic	_	ContainsVariation=No	_	End=1501.354	4x1	_	_	_
822-0	PKP142	822	0	[c(io)è]	cioè	_	_	_	_	_	linguistic	_	ContainsVariation=No	Reduced=Yes	Begin=1500.432|End=1500.756	_	_	_	0-4(282)
823-0	PKP142	823	0	[dicono	dicono	_	_	_	_	_	linguistic	_	ContainsVariation=No	_	Begin=1500.994	_	_	_	0-6(283)
823-1	PKP142	823	1	la	la	_	_	_	_	_	linguistic	_	ContainsVariation=No	_	_	_	_	_	0-2(283)
823-2	PKP142	823	2	s]tessa	stessa	_	_	_	_	_	linguistic	_	ContainsVariation=No	_	_	_	_	_	0-1(283)
823-3	PKP142	823	3	c[o:sa]	cosa	_	_	_	_	_	linguistic	_	ContainsVariation=No	_	End=1502.366	1x1	_	_	1-4(284)
824-0	PKP136	824	0	[lo	lo	_	_	_	_	_	linguistic	_	ContainsVariation=No	_	Begin=1501.746	_	_	_	0-2(284)
824-1	PKP136	824	1	stesso	stesso	_	_	_	_	_	linguistic	_	ContainsVariation=No	_	_	_	_	_	0-6(284)
824-2	PKP136	824	2	pe]nsie:ro	pensiero	_	_	_	_	_	linguistic	_	ContainsVariation=No	_	_	5x1	_	_	0-2(284)
824-3	PKP136	824	3	sull'	sull'	_	_	_	_	_	linguistic	_	ContainsVariation=No	SpaceAfter=No	_	_	_	_	_
824-4	PKP136	824	4	altro	altro	_	_	_	_	_	linguistic	_	ContainsVariation=No	_	_	_	_	_	_
824-5	PKP136	824	5	>però<	però	_	_	_	_	_	linguistic	_	ContainsVariation=No	_	_	_	Fast=0-4(0)	_	_
824-6	PKP136	824	6	c(io)è	cioè	_	_	_	_	_	linguistic	_	ContainsVariation=No	Reduced=Yes	_	_	_	_	_
824-7	PKP136	824	7	io	io	_	_	_	_	_	linguistic	_	ContainsVariation=No	_	_	_	_	_	_
824-8	PKP136	824	8	mi	mi	_	_	_	_	_	linguistic	_	ContainsVariation=No	_	_	_	_	_	_
824-9	PKP136	824	9	dico	dico	_	_	_	_	_	linguistic	_	ContainsVariation=No	_	_	_	_	_	_
824-10	PKP136	824	10	ma	ma	_	_	_	_	_	linguistic	_	ContainsVariation=No	_	_	_	_	_	_
824-11	PKP136	824	11	se	se	_	_	_	_	_	linguistic	_	ContainsVariation=No	_	_	_	_	_	_
824-12	PKP136	824	12	tu:	tu	_	_	_	_	_	linguistic	_	ContainsVariation=No	_	_	1x1	_	_	_
824-13	PKP136	824	13	ved~	ved~	_	_	_	_	_	linguistic	_	ContainsVariation=No	Interrupted=Yes	_	_	_	_	_
824-14	PKP136	824	14	allora	allora	_	_	_	_	_	linguistic	_	ContainsVariation=No	_	_	_	_	_	_
824-15	PKP136	824	15	io	io	_	_	_	_	_	linguistic	_	ContainsVariation=No	_	_	_	_	_	_
824-16	PKP136	824	16	gli	gli	_	_	_	_	_	linguistic	_	ContainsVariation=No	_	_	_	_	_	_
824-17	PKP136	824	17	ho	ho	_	_	_	_	_	linguistic	_	ContainsVariation=No	_	_	_	_	_	_
824-18	PKP136	824	18	sempre	sempre	_	_	_	_	_	linguistic	_	ContainsVariation=No	_	_	_	_	_	_
824-19	PKP136	824	19	scri:tto,	scritto	_	_	_	_	_	linguistic	_	ContainsVariation=No	Intonation=WeaklyRising	_	3x1	_	_	_
824-20	PKP136	824	20	gli	gli	_	_	_	_	_	linguistic	_	ContainsVariation=No	_	_	_	_	_	_
824-21	PKP136	824	21	ho	ho	_	_	_	_	_	linguistic	_	ContainsVariation=No	_	_	_	_	_	_
824-22	PKP136	824	22	sempre	sempre	_	_	_	_	_	linguistic	_	ContainsVariation=No	_	_	_	_	_	_
824-23	PKP136	824	23	rispo:sto	risposto	_	_	_	_	_	linguistic	_	ContainsVariation=No	_	_	4x1	_	_	_
824-24	PKP136	824	24	se	se	_	_	_	_	_	linguistic	_	ContainsVariation=No	_	_	_	_	_	_
824-25	PKP136	824	25	tu	tu	_	_	_	_	_	linguistic	_	ContainsVariation=No	_	_	_	_	_	_
824-26	PKP136	824	26	vedi	vedi	_	_	_	_	_	linguistic	_	ContainsVariation=No	_	_	_	_	_	_
824-27	PKP136	824	27	che	che	_	_	_	_	_	linguistic	_	ContainsVariation=No	_	_	_	_	_	_
824-28	PKP136	824	28	non	non	_	_	_	_	_	linguistic	_	ContainsVariation=No	_	_	_	_	_	_
824-29	PKP136	824	29	mi	mi	_	_	_	_	_	linguistic	_	ContainsVariation=No	_	_	_	_	_	_
824-30	PKP136	824	30	che	che	_	_	_	_	_	linguistic	_	ContainsVariation=No	_	_	_	_	_	_
824-31	PKP136	824	31	non	non	_	_	_	_	_	linguistic	_	ContainsVariation=No	_	_	_	_	_	_
824-32	PKP136	824	32	ti	ti	_	_	_	_	_	linguistic	_	ContainsVariation=No	_	_	_	_	_	_
824-33	PKP136	824	33	scrivo	scrivo	_	_	_	_	_	linguistic	_	ContainsVariation=No	_	_	_	_	_	_
824-34	PKP136	824	34	per	per	_	_	_	_	_	linguistic	_	ContainsVariation=No	_	_	_	_	_	_
824-35	PKP136	824	35	un	un	_	_	_	_	_	linguistic	_	ContainsVariation=No	_	_	_	_	_	_
824-36	PKP136	824	36	giorno	giorno	_	_	_	_	_	linguistic	_	ContainsVariation=No	_	_	_	_	_	_
824-37	PKP136	824	37	inte:ro	intero	_	_	_	_	_	linguistic	_	ContainsVariation=No	_	End=1510.666	3x1	_	_	_
825-0	PKP136	825	0	e	e	_	_	_	_	_	linguistic	_	ContainsVariation=No	_	Begin=1510.761	_	_	_	_
825-1	PKP136	825	1	VUO:I	vuoi	_	_	_	_	_	linguistic	_	ContainsVariation=No	Volume=high	_	2x1	_	_	_
825-2	PKP136	825	2	che	che	_	_	_	_	_	linguistic	_	ContainsVariation=No	_	_	_	_	_	_
825-3	PKP136	825	3	io	io	_	_	_	_	_	linguistic	_	ContainsVariation=No	_	_	_	_	_	_
825-4	PKP136	825	4	ti	ti	_	_	_	_	_	linguistic	_	ContainsVariation=No	_	_	_	_	_	_
825-5	PKP136	825	5	scri:va	scriva	_	_	_	_	_	linguistic	_	ContainsVariation=No	_	End=1512.75	3x1	_	_	_
826-0	PKP136	826	0	scrivimi	scrivimi	_	_	_	_	_	linguistic	_	ContainsVariation=No	_	Begin=1514.006	_	_	_	_
826-1	PKP136	826	1	[tu	tu	_	_	_	_	_	linguistic	_	ContainsVariation=No	_	_	_	_	_	0-2(285)
826-2	PKP136	826	2	c(io)è]	cioè	_	_	_	_	_	linguistic	_	ContainsVariation=No	Reduced=Yes	_	_	_	_	0-4(285)
826-3	PKP136	826	3	((ride))	((ride))	_	_	_	_	_	nonverbalbehavior	_	ContainsVariation=No	_	_	_	_	_	_
826-4	PKP136	826	4	il	il	_	_	_	_	_	linguistic	_	ContainsVariation=No	_	_	_	_	_	_
826-5	PKP136	826	5	giorno	giorno	_	_	_	_	_	linguistic	_	ContainsVariation=No	_	_	_	_	_	_
826-6	PKP136	826	6	dopo	dopo	_	_	_	_	_	linguistic	_	ContainsVariation=No	_	_	_	_	_	_
826-7	PKP136	826	7	scriv~	scriv~	_	_	_	_	_	linguistic	_	ContainsVariation=No	Interrupted=Yes	_	_	_	_	_
826-8	PKP136	826	8	scrivi	scrivi	_	_	_	_	_	linguistic	_	ContainsVariation=No	_	_	_	_	_	_
826-9	PKP136	826	9	tu	tu	_	_	_	_	_	linguistic	_	ContainsVariation=No	_	End=1516.907	_	_	_	_
827-0	PKP141	827	0	[xx]	xx	_	_	_	_	_	unknown	_	ContainsVariation=No	Syllables=2	Begin=1514.531|End=1515.309	_	_	_	0-2(285)
828-0	PKP141	828	0	ma	ma	_	_	_	_	_	linguistic	_	ContainsVariation=No	_	Begin=1516.227	_	_	_	_
828-1	PKP141	828	1	io:	io	_	_	_	_	_	linguistic	_	ContainsVariation=No	_	_	1x1	_	_	_
828-2	PKP141	828	2	io	io	_	_	_	_	_	linguistic	_	ContainsVariation=No	_	_	_	_	_	_
828-3	PKP141	828	3	non	non	_	_	_	_	_	linguistic	_	ContainsVariation=No	_	_	_	_	_	_
828-4	PKP141	828	4	riesco	riesco	_	_	_	_	_	linguistic	_	ContainsVariation=No	_	_	_	_	_	_
828-5	PKP141	828	5	a	a	_	_	_	_	_	linguistic	_	ContainsVariation=No	_	_	_	_	_	_
828-6	PKP141	828	6	capire	capire	_	_	_	_	_	linguistic	_	ContainsVariation=No	_	_	_	_	_	_
828-7	PKP141	828	7	se	se	_	_	_	_	_	linguistic	_	ContainsVariation=No	_	_	_	_	_	_
828-8	PKP141	828	8	c(io)è	cioè	_	_	_	_	_	linguistic	_	ContainsVariation=No	Reduced=Yes|PauseAfter=Yes	_	_	_	_	_
828-9	PKP141	828	9	(.)	(.)	_	_	_	_	_	shortpause	_	ContainsVariation=No	_	_	_	_	_	_
828-10	PKP141	828	10	perché	perché	_	_	_	_	_	linguistic	_	ContainsVariation=No	_	_	_	_	_	_
828-11	PKP141	828	11	ci	ci	_	_	_	_	_	linguistic	_	ContainsVariation=No	_	_	_	_	_	_
828-12	PKP141	828	12	sono	sono	_	_	_	_	_	linguistic	_	ContainsVariation=No	_	_	_	_	_	_
828-13	PKP141	828	13	delle	delle	_	_	_	_	_	linguistic	_	ContainsVariation=No	_	_	_	_	_	_
828-14	PKP141	828	14	persone	persone	_	_	_	_	_	linguistic	_	ContainsVariation=No	_	_	_	_	_	_
828-15	PKP141	828	15	che	che	_	_	_	_	_	linguistic	_	ContainsVariation=No	_	_	_	_	_	_
828-16	PKP141	828	16	tu	tu	_	_	_	_	_	linguistic	_	ContainsVariation=No	_	End=1520.201	_	_	_	_
829-0	PKP141	829	0	ci	ci	_	_	_	_	_	linguistic	_	ContainsVariation=No	_	Begin=1520.621	_	_	_	_
829-1	PKP141	829	1	parli	parli	_	_	_	_	_	linguistic	_	ContainsVariation=No	_	_	_	_	_	_
829-2	PKP141	829	2	>magari<	magari	_	_	_	_	_	linguistic	_	ContainsVariation=No	_	_	_	Fast=0-6(0)	_	_
829-3	PKP141	829	3	ti	ti	_	_	_	_	_	linguistic	_	ContainsVariation=No	_	_	_	_	_	_
829-4	PKP141	829	4	sembrano	sembrano	_	_	_	_	_	linguistic	_	ContainsVariation=No	_	_	_	_	_	_
829-5	PKP141	829	5	interessa:te	interessate	_	_	_	_	_	linguistic	_	ContainsVariation=No	_	_	8x1	_	_	_
829-6	PKP141	829	6	[e	e	_	_	_	_	_	linguistic	_	ContainsVariation=No	_	_	_	_	_	0-1(287)
829-7	PKP141	829	7	tu:tto]	tutto	_	_	_	_	_	linguistic	_	ContainsVariation=No	PauseAfter=Yes	_	1x1	_	_	0-5(287)
829-8	PKP141	829	8	(.)	(.)	_	_	_	_	_	shortpause	_	ContainsVariation=No	_	_	_	_	_	_
829-9	PKP141	829	9	parli,	parli	_	_	_	_	_	linguistic	_	ContainsVariation=No	Intonation=WeaklyRising	_	_	_	_	_
829-10	PKP141	829	10	per	per	_	_	_	_	_	linguistic	_	ContainsVariation=No	_	_	_	_	_	_
829-11	PKP141	829	11	o:re	ore	_	_	_	_	_	linguistic	_	ContainsVariation=No	_	End=1525.225	0x1	_	_	_
830-0	PKP136	830	0	[e::h]	eh	_	_	_	_	_	linguistic	_	ContainsVariation=No	_	Begin=1522.947|End=1523.85	0x2	_	_	0-2(287)
831-0	PKP141	831	0	però	però	_	_	_	_	_	linguistic	_	ContainsVariation=No	_	Begin=1525.875	_	_	_	_
831-1	PKP141	831	1	poi	poi	_	_	_	_	_	linguistic	_	ContainsVariation=No	_	_	_	_	_	_
831-2	PKP141	831	2	effettivamente	effettivamente	_	_	_	_	_	linguistic	_	ContainsVariation=No	_	_	_	_	_	_
831-3	PKP141	831	3	non:	non	_	_	_	_	_	linguistic	_	ContainsVariation=No	_	_	2x1	_	_	_
831-4	PKP141	831	4	no:n:	non	_	_	_	_	_	linguistic	_	ContainsVariation=No	_	End=1528.348	1x1,2x1	_	_	_
832-0	PKP136	832	0	[bo:h]	boh	_	_	_	_	_	linguistic	_	ContainsVariation=No	_	Begin=1528.686|End=1529.206	1x1	_	_	0-3(288)
833-0	PKP141	833	0	[non	non	_	_	_	_	_	linguistic	_	ContainsVariation=No	_	Begin=1528.686	_	_	_	0-3(288)
833-1	PKP141	833	1	fan]no	fanno	_	_	_	_	_	linguistic	_	ContainsVariation=No	_	_	_	_	_	0-3(288)
833-2	PKP141	833	2	quel	quel	_	_	_	_	_	linguistic	_	ContainsVariation=No	_	_	_	_	_	_
833-3	PKP141	833	3	primo	primo	_	_	_	_	_	linguistic	_	ContainsVariation=No	_	_	_	_	_	_
833-4	PKP141	833	4	passo	passo	_	_	_	_	_	linguistic	_	ContainsVariation=No	_	_	_	_	_	_
833-5	PKP141	833	5	lo	lo	_	_	_	_	_	linguistic	_	ContainsVariation=No	_	_	_	_	_	_
833-6	PKP141	833	6	devi	devi	_	_	_	_	_	linguistic	_	ContainsVariation=No	_	_	_	_	_	_
833-7	PKP141	833	7	sempre	sempre	_	_	_	_	_	linguistic	_	ContainsVariation=No	_	_	_	_	_	_
833-8	PKP141	833	8	fare	fare	_	_	_	_	_	linguistic	_	ContainsVariation=No	_	_	_	_	_	_
833-9	PKP141	833	9	tu	tu	_	_	_	_	_	linguistic	_	ContainsVariation=No	_	End=1531.086	_	_	_	_
834-0	PKP141	834	0	cioè	cioè	_	_	_	_	_	linguistic	_	ContainsVariation=No	_	Begin=1531.389	_	_	_	_
834-1	PKP141	834	1	non	non	_	_	_	_	_	linguistic	_	ContainsVariation=No	_	_	_	_	_	_
834-2	PKP141	834	2	xx	xx	_	_	_	_	_	unknown	_	ContainsVariation=No	Syllables=2	_	_	_	_	_
834-3	PKP141	834	3	non	non	_	_	_	_	_	linguistic	_	ContainsVariation=No	_	_	_	_	_	_
834-4	PKP141	834	4	ti	ti	_	_	_	_	_	linguistic	_	ContainsVariation=No	_	_	_	_	_	_
834-5	PKP141	834	5	[uccide	uccide	_	_	_	_	_	linguistic	_	ContainsVariation=No	_	_	_	_	_	_
834-6	PKP141	834	6	nes[su:n]o]	nessuno	_	_	_	_	_	linguistic	_	ContainsVariation=No	_	End=1533.852	4x1	_	_	_
835-0	PKP136	835	0	[[esa:]tto]	esatto	_	_	_	_	_	linguistic	_	ContainsVariation=No	_	Begin=1532.524|End=1533.602	2x1	_	_	_
836-0	PKP142	836	0	[[ci	ci	_	_	_	_	_	linguistic	_	ContainsVariation=No	_	Begin=1533.181	_	_	_	_
836-1	PKP142	836	1	dev'	dev'	_	_	_	_	_	linguistic	_	ContainsVariation=No	SpaceAfter=No	_	_	_	_	_
836-2	PKP142	836	2	es]sere]	essere	_	_	_	_	_	linguistic	_	ContainsVariation=No	_	_	_	_	_	_
836-3	PKP142	836	3	un	un	_	_	_	_	_	linguistic	_	ContainsVariation=No	_	_	_	_	_	_
836-4	PKP142	836	4	po'	po'	_	_	_	_	_	linguistic	_	ContainsVariation=No	_	_	_	_	_	_
836-5	PKP142	836	5	di	di	_	_	_	_	_	linguistic	_	ContainsVariation=No	_	_	_	_	_	_
836-6	PKP142	836	6	quell[a:]	quella	_	_	_	_	_	linguistic	_	ContainsVariation=No	_	End=1535.272	5x1	_	_	_
837-0	PKP136	837	0	[che	che	_	_	_	_	_	linguistic	_	ContainsVariation=No	_	Begin=1534.863	_	_	_	0-3(289)
837-1	PKP136	837	1	>c]ioè<	cioè	_	_	_	_	_	linguistic	_	ContainsVariation=No	_	_	_	Fast=0-4(0)	_	0-1(289)
837-2	PKP136	837	2	se	se	_	_	_	_	_	linguistic	_	ContainsVariation=No	_	_	_	_	_	_
837-3	PKP136	837	3	io	io	_	_	_	_	_	linguistic	_	ContainsVariation=No	_	_	_	_	_	_
837-4	PKP136	837	4	aves[si	avessi	_	_	_	_	_	linguistic	_	ContainsVariation=No	_	_	_	_	_	4-6(290)
837-5	PKP136	837	5	la	la	_	_	_	_	_	linguistic	_	ContainsVariation=No	_	_	_	_	_	0-2(290)
837-6	PKP136	837	6	certe~]	certe~	_	_	_	_	_	linguistic	_	ContainsVariation=No	Interrupted=Yes	End=1536.476	_	_	_	0-6(290)
838-0	PKP142	838	0	[xx]	xx	_	_	_	_	_	unknown	_	ContainsVariation=No	Syllables=2	Begin=1535.808	_	_	_	0-2(290)
838-1	PKP142	838	1	tutte	tutte	_	_	_	_	_	linguistic	_	ContainsVariation=No	_	_	_	_	_	_
838-2	PKP142	838	2	e	e	_	_	_	_	_	linguistic	_	ContainsVariation=No	_	_	_	_	_	_
838-3	PKP142	838	3	due	due	_	_	_	_	_	linguistic	_	ContainsVariation=No	_	_	_	_	_	_
838-4	PKP142	838	4	le	le	_	_	_	_	_	linguistic	_	ContainsVariation=No	_	_	_	_	_	_
838-5	PKP142	838	5	pa:rti	parti	_	_	_	_	_	linguistic	_	ContainsVariation=No	_	_	1x1	_	_	_
838-6	PKP142	838	6	[però]	però	_	_	_	_	_	linguistic	_	ContainsVariation=No	_	_	_	_	_	0-4(291)
838-7	PKP142	838	7	non:	non	_	_	_	_	_	linguistic	_	ContainsVariation=No	_	End=1538.145	2x1	_	_	_
839-0	PKP136	839	0	[eh]	eh	_	_	_	_	_	linguistic	_	ContainsVariation=No	_	Begin=1537.45|End=1537.876	_	_	_	0-2(291)
840-0	PKP136	840	0	se	se	_	_	_	_	_	linguistic	_	ContainsVariation=No	_	Begin=1538.145	_	_	_	_
840-1	PKP136	840	1	avessi	avessi	_	_	_	_	_	linguistic	_	ContainsVariation=No	_	_	_	_	_	_
840-2	PKP136	840	2	avuto	avuto	_	_	_	_	_	linguistic	_	ContainsVariation=No	_	_	_	_	_	_
840-3	PKP136	840	3	la	la	_	_	_	_	_	linguistic	_	ContainsVariation=No	_	_	_	_	_	_
840-4	PKP136	840	4	certe:zza	certezza	_	_	_	_	_	linguistic	_	ContainsVariation=No	_	_	4x1	_	_	_
840-5	PKP136	840	5	che	che	_	_	_	_	_	linguistic	_	ContainsVariation=No	_	_	_	_	_	_
840-6	PKP136	840	6	lui	lui	_	_	_	_	_	linguistic	_	ContainsVariation=No	_	_	_	_	_	_
840-7	PKP136	840	7	ci	ci	_	_	_	_	_	linguistic	_	ContainsVariation=No	_	_	_	_	_	_
840-8	PKP136	840	8	stava	stava	_	_	_	_	_	linguistic	_	ContainsVariation=No	_	_	_	_	_	_
840-9	PKP136	840	9	provando	provando	_	_	_	_	_	linguistic	_	ContainsVariation=No	_	_	_	_	_	_
840-10	PKP136	840	10	con	con	_	_	_	_	_	linguistic	_	ContainsVariation=No	_	_	_	_	_	_
840-11	PKP136	840	11	me	me	_	_	_	_	_	linguistic	_	ContainsVariation=No	_	_	_	_	_	_
840-12	PKP136	840	12	o	o	_	_	_	_	_	linguistic	_	ContainsVariation=No	_	_	_	_	_	_
840-13	PKP136	840	13	>comunque<	comunque	_	_	_	_	_	linguistic	_	ContainsVariation=No	_	_	_	Fast=0-8(0)	_	_
840-14	PKP136	840	14	voleva	voleva	_	_	_	_	_	linguistic	_	ContainsVariation=No	_	_	_	_	_	_
840-15	PKP136	840	15	provarci	provarci	_	_	_	_	_	linguistic	_	ContainsVariation=No	_	_	_	_	_	_
840-16	PKP136	840	16	con	con	_	_	_	_	_	linguistic	_	ContainsVariation=No	_	_	_	_	_	_
840-17	PKP136	840	17	me	me	_	_	_	_	_	linguistic	_	ContainsVariation=No	_	End=1542.097	_	_	_	_
841-0	PKP136	841	0	l'	l'	_	_	_	_	_	linguistic	_	ContainsVariation=No	SpaceAfter=No	Begin=1542.742	_	_	_	_
841-1	PKP136	841	1	avrei	avrei	_	_	_	_	_	linguistic	_	ContainsVariation=No	_	_	_	_	_	_
841-2	PKP136	841	2	[fatto	fatto	_	_	_	_	_	linguistic	_	ContainsVariation=No	_	_	_	_	_	0-5(292)
841-3	PKP136	841	3	pure	pure	_	_	_	_	_	linguistic	_	ContainsVariation=No	_	_	_	_	_	0-4(292)
841-4	PKP136	841	4	io	io	_	_	_	_	_	linguistic	_	ContainsVariation=No	_	_	_	_	_	0-2(292)
841-5	PKP136	841	5	sempre	sempre	_	_	_	_	_	linguistic	_	ContainsVariation=No	_	_	_	_	_	0-6(292)
841-6	PKP136	841	6	il	il	_	_	_	_	_	linguistic	_	ContainsVariation=No	_	_	_	_	_	0-2(292)
841-7	PKP136	841	7	pri]mo	primo	_	_	_	_	_	linguistic	_	ContainsVariation=No	_	_	_	_	_	0-3(292)
841-8	PKP136	841	8	pa:sso	passo	_	_	_	_	_	linguistic	_	ContainsVariation=No	_	_	1x1	_	_	_
841-9	PKP136	841	9	perché	perché	_	_	_	_	_	linguistic	_	ContainsVariation=No	_	End=1545.041	_	_	_	_
842-0	PKP141	842	0	[xxx]	xxx	_	_	_	_	_	unknown	_	ContainsVariation=No	Syllables=3	Begin=1542.998|End=1544.132	_	_	_	0-3(292)
843-0	PKP136	843	0	avendo	avendo	_	_	_	_	_	linguistic	_	ContainsVariation=No	_	Begin=1545.367	_	_	_	_
843-1	PKP136	843	1	sta	sta	_	_	_	_	_	linguistic	_	ContainsVariation=No	_	_	_	_	_	_
843-2	PKP136	843	2	certezza	certezza	_	_	_	_	_	linguistic	_	ContainsVariation=No	_	_	_	_	_	_
843-3	PKP136	843	3	(ho)	ho	_	_	_	_	_	linguistic	_	ContainsVariation=No	_	_	_	_	0-2(0)	_
843-4	PKP136	843	4	detto	detto	_	_	_	_	_	linguistic	_	ContainsVariation=No	_	_	_	_	_	_
843-5	PKP136	843	5	oka:y	okay	_	_	_	_	_	linguistic	_	ContainsVariation=No	_	_	2x1	_	_	_
843-6	PKP136	843	6	non	non	_	_	_	_	_	linguistic	_	ContainsVariation=No	_	_	_	_	_	_
843-7	PKP136	843	7	è	è	_	_	_	_	_	linguistic	_	ContainsVariation=No	_	_	_	_	_	_
843-8	PKP136	843	8	che	che	_	_	_	_	_	linguistic	_	ContainsVariation=No	_	_	_	_	_	_
843-9	PKP136	843	9	sto:m:h	stomh	_	_	_	_	_	linguistic	_	ContainsVariation=No	_	_	2x1,3x1	_	_	_
843-10	PKP136	843	10	dando	dando	_	_	_	_	_	linguistic	_	ContainsVariation=No	_	_	_	_	_	_
843-11	PKP136	843	11	fasti:dio	fastidio	_	_	_	_	_	linguistic	_	ContainsVariation=No	_	End=1549.002	4x1	_	_	_
844-0	PKP136	844	0	[mentre,	mentre	_	_	_	_	_	linguistic	_	ContainsVariation=No	Intonation=WeaklyRising	Begin=1549.002	_	_	_	0-6(293)
844-1	PKP136	844	1	se]	se	_	_	_	_	_	linguistic	_	ContainsVariation=No	_	_	_	_	_	0-2(293)
844-2	PKP136	844	2	ho	ho	_	_	_	_	_	linguistic	_	ContainsVariation=No	_	_	_	_	_	_
844-3	PKP136	844	3	il	il	_	_	_	_	_	linguistic	_	ContainsVariation=No	_	_	_	_	_	_
844-4	PKP136	844	4	dubbio:	dubbio	_	_	_	_	_	linguistic	_	ContainsVariation=No	_	_	5x1	_	_	_
844-5	PKP136	844	5	mi	mi	_	_	_	_	_	linguistic	_	ContainsVariation=No	_	_	_	_	_	_
844-6	PKP136	844	6	[dico]	dico	_	_	_	_	_	linguistic	_	ContainsVariation=No	_	End=1550.974	_	_	_	0-4(294)
845-0	PKP141	845	0	[vabbè	vabbè	_	_	_	_	_	linguistic	_	ContainsVariation=No	_	Begin=1549.002	_	_	_	0-5(293)
845-1	PKP141	845	1	sì:]	sì	_	_	_	_	_	linguistic	_	ContainsVariation=No	_	End=1549.719	1x1	_	_	0-2(293)
846-0	PKP141	846	0	[ti	ti	_	_	_	_	_	linguistic	_	ContainsVariation=No	_	Begin=1550.635	_	_	_	0-2(294)
846-1	PKP141	846	1	pe:]sa	pesa	_	_	_	_	_	linguistic	_	ContainsVariation=No	_	End=1551.37	1x1	_	_	0-2(294)
847-0	PKP136	847	0	dico	dico	_	_	_	_	_	linguistic	_	ContainsVariation=No	_	Begin=1551.557	_	_	_	_
847-1	PKP136	847	1	magari	magari	_	_	_	_	_	linguistic	_	ContainsVariation=No	_	_	_	_	_	_
847-2	PKP136	847	2	poi	poi	_	_	_	_	_	linguistic	_	ContainsVariation=No	_	_	_	_	_	_
847-3	PKP136	847	3	questo	questo	_	_	_	_	_	linguistic	_	ContainsVariation=No	_	_	_	_	_	_
847-4	PKP136	847	4	qua	qua	_	_	_	_	_	linguistic	_	ContainsVariation=No	_	_	_	_	_	_
847-5	PKP136	847	5	pensa	pensa	_	_	_	_	_	linguistic	_	ContainsVariation=No	_	_	_	_	_	_
847-6	PKP136	847	6	che::	che	_	_	_	_	_	linguistic	_	ContainsVariation=No	_	_	2x2	_	_	_
847-7	PKP136	847	7	cioè	cioè	_	_	_	_	_	linguistic	_	ContainsVariation=No	_	_	_	_	_	_
847-8	PKP136	847	8	so~	so~	_	_	_	_	_	linguistic	_	ContainsVariation=No	Interrupted=Yes	_	_	_	_	_
847-9	PKP136	847	9	un	un	_	_	_	_	_	linguistic	_	ContainsVariation=No	_	_	_	_	_	_
847-10	PKP136	847	10	rompicoglio:ni,	rompicoglioni	_	_	_	_	_	linguistic	_	ContainsVariation=No	Intonation=WeaklyRising	_	10x1	_	_	_
847-11	PKP136	847	11	[semplicemente],	semplicemente	_	_	_	_	_	linguistic	_	ContainsVariation=No	Intonation=WeaklyRising	_	_	_	_	0-13(295)
847-12	PKP136	847	12	e	e	_	_	_	_	_	linguistic	_	ContainsVariation=No	_	_	_	_	_	_
847-13	PKP136	847	13	quindi	quindi	_	_	_	_	_	linguistic	_	ContainsVariation=No	_	_	_	_	_	_
847-14	PKP136	847	14	ho	ho	_	_	_	_	_	linguistic	_	ContainsVariation=No	_	_	_	_	_	_
847-15	PKP136	847	15	detto	detto	_	_	_	_	_	linguistic	_	ContainsVariation=No	_	_	_	_	_	_
847-16	PKP136	847	16	vabbè	vabbè	_	_	_	_	_	linguistic	_	ContainsVariation=No	_	_	_	_	_	_
847-17	PKP136	847	17	senti	senti	_	_	_	_	_	linguistic	_	ContainsVariation=No	_	End=1557.33	_	_	_	_
848-0	PKP141	848	0	[esa:tto]	esatto	_	_	_	_	_	linguistic	_	ContainsVariation=No	_	Begin=1555.112|End=1555.876	2x1	_	_	0-6(295)
849-0	PKP142	849	0	[ma	ma	_	_	_	_	_	linguistic	_	ContainsVariation=No	_	Begin=1557.721	_	_	_	0-2(296)
849-1	PKP142	849	1	è	è	_	_	_	_	_	linguistic	_	ContainsVariation=No	_	_	_	_	_	0-1(296)
849-2	PKP142	849	2	norma:~	norma~	_	_	_	_	_	linguistic	_	ContainsVariation=No	Interrupted=Yes	_	4x1	_	_	0-6(296)
849-3	PKP142	849	3	perché	perché	_	_	_	_	_	linguistic	_	ContainsVariation=No	_	_	_	_	_	0-6(296)
849-4	PKP142	849	4	se	se	_	_	_	_	_	linguistic	_	ContainsVariation=No	_	_	_	_	_	0-2(296)
849-5	PKP142	849	5	u~]	u~	_	_	_	_	_	linguistic	_	ContainsVariation=No	Interrupted=Yes	_	_	_	_	0-2(296)
849-6	PKP142	849	6	>perché<	perché	_	_	_	_	_	linguistic	_	ContainsVariation=No	_	_	_	Fast=0-6(0)	_	_
849-7	PKP142	849	7	cioè	cioè	_	_	_	_	_	linguistic	_	ContainsVariation=No	_	_	_	_	_	_
849-8	PKP142	849	8	se	se	_	_	_	_	_	linguistic	_	ContainsVariation=No	_	_	_	_	_	_
849-9	PKP142	849	9	uno	uno	_	_	_	_	_	linguistic	_	ContainsVariation=No	_	_	_	_	_	_
849-10	PKP142	849	10	non	non	_	_	_	_	_	linguistic	_	ContainsVariation=No	_	_	_	_	_	_
849-11	PKP142	849	11	ti	ti	_	_	_	_	_	linguistic	_	ContainsVariation=No	_	_	_	_	_	_
849-12	PKP142	849	12	scrive	scrive	_	_	_	_	_	linguistic	_	ContainsVariation=No	_	_	_	_	_	_
849-13	PKP142	849	13	tu	tu	_	_	_	_	_	linguistic	_	ContainsVariation=No	_	_	_	_	_	_
849-14	PKP142	849	14	dici	dici	_	_	_	_	_	linguistic	_	ContainsVariation=No	_	_	_	_	_	_
849-15	PKP142	849	15	pure	pure	_	_	_	_	_	linguistic	_	ContainsVariation=No	_	_	_	_	_	_
849-16	PKP142	849	16	magari	magari	_	_	_	_	_	linguistic	_	ContainsVariation=No	_	_	_	_	_	_
849-17	PKP142	849	17	gli	gli	_	_	_	_	_	linguistic	_	ContainsVariation=No	_	_	_	_	_	_
849-18	PKP142	849	18	scrivo	scrivo	_	_	_	_	_	linguistic	_	ContainsVariation=No	_	_	_	_	_	_
849-19	PKP142	849	19	sempre	sempre	_	_	_	_	_	linguistic	_	ContainsVariation=No	_	_	_	_	_	_
849-20	PKP142	849	20	io	io	_	_	_	_	_	linguistic	_	ContainsVariation=No	_	_	_	_	_	_
849-21	PKP142	849	21	lui	lui	_	_	_	_	_	linguistic	_	ContainsVariation=No	_	_	_	_	_	_
849-22	PKP142	849	22	mi	mi	_	_	_	_	_	linguistic	_	ContainsVariation=No	_	_	_	_	_	_
849-23	PKP142	849	23	risponde	risponde	_	_	_	_	_	linguistic	_	ContainsVariation=No	_	_	_	_	_	_
849-24	PKP142	849	24	per	per	_	_	_	_	_	linguistic	_	ContainsVariation=No	_	_	_	_	_	_
849-25	PKP142	849	25	educazione	educazione	_	_	_	_	_	linguistic	_	ContainsVariation=No	_	_	_	_	_	_
849-26	PKP142	849	26	per	per	_	_	_	_	_	linguistic	_	ContainsVariation=No	_	_	_	_	_	_
849-27	PKP142	849	27	[non	non	_	_	_	_	_	linguistic	_	ContainsVariation=No	_	_	_	_	_	0-3(297)
849-28	PKP142	849	28	xxx]	xxx	_	_	_	_	_	unknown	_	ContainsVariation=No	Syllables=3	End=1565.458	_	_	_	0-3(297)
850-0	PKP136	850	0	[mi	mi	_	_	_	_	_	linguistic	_	ContainsVariation=No	_	Begin=1557.721	_	_	_	0-2(296)
850-1	PKP136	850	1	prendo	prendo	_	_	_	_	_	linguistic	_	ContainsVariation=No	_	_	_	_	_	0-6(296)
850-2	PKP136	850	2	un	un	_	_	_	_	_	linguistic	_	ContainsVariation=No	_	_	_	_	_	0-2(296)
850-3	PKP136	850	3	attimo	attimo	_	_	_	_	_	linguistic	_	ContainsVariation=No	_	_	_	_	_	0-6(296)
850-4	PKP136	850	4	una	una	_	_	_	_	_	linguistic	_	ContainsVariation=No	_	_	_	_	_	0-3(296)
850-5	PKP136	850	5	pa:usa]	pausa	_	_	_	_	_	linguistic	_	ContainsVariation=No	_	End=1559.111	1x1	_	_	0-5(296)
851-0	PKP136	851	0	[e::h	eh	_	_	_	_	_	linguistic	_	ContainsVariation=No	_	Begin=1564.183	0x2	_	_	0-2(297)
851-1	PKP136	851	1	esa:tto]	esatto	_	_	_	_	_	linguistic	_	ContainsVariation=No	_	End=1565.479	2x1	_	_	0-6(297)
852-0	PKP142	852	0	giusta[me:(nte)]	giustamente	_	_	_	_	_	linguistic	_	ContainsVariation=No	_	Begin=1565.673|End=1566.898	7x1	_	8-11(0)	6-11(298)
853-0	PKP141	853	0	[no	no	_	_	_	_	_	linguistic	_	ContainsVariation=No	_	Begin=1566.061	_	_	_	_
853-1	PKP141	853	1	è	è	_	_	_	_	_	linguistic	_	ContainsVariation=No	_	_	_	_	_	_
853-2	PKP141	853	2	ve:ro]	vero	_	_	_	_	_	linguistic	_	ContainsVariation=No	_	_	1x1	_	_	_
853-3	PKP141	853	3	(eh]	eh	_	_	_	_	_	linguistic	_	ContainsVariation=No	_	End=1567.176	_	_	_	_
854-0	PKP141	854	0	boh	boh	_	_	_	_	_	linguistic	_	ContainsVariation=No	_	Begin=1567.788|End=1568.06	_	_	_	_
855-0	PKP142	855	0	però	però	_	_	_	_	_	linguistic	_	ContainsVariation=No	_	Begin=1568.184	_	_	_	_
855-1	PKP142	855	1	[boh]	boh	_	_	_	_	_	linguistic	_	ContainsVariation=No	_	End=1568.855	_	_	_	0-3(299)
856-0	PKP141	856	0	[ma	ma	_	_	_	_	_	linguistic	_	ContainsVariation=No	_	Begin=1568.561	_	_	_	0-2(299)
856-1	PKP141	856	1	io	io	_	_	_	_	_	linguistic	_	ContainsVariation=No	_	_	_	_	_	0-2(299)
856-2	PKP141	856	2	di]co	dico	_	_	_	_	_	linguistic	_	ContainsVariation=No	_	_	_	_	_	0-2(299)
856-3	PKP141	856	3	c(io)è	cioè	_	_	_	_	_	linguistic	_	ContainsVariation=No	Reduced=Yes	_	_	_	_	_
856-4	PKP141	856	4	in	in	_	_	_	_	_	linguistic	_	ContainsVariation=No	_	_	_	_	_	_
856-5	PKP141	856	5	quel	quel	_	_	_	_	_	linguistic	_	ContainsVariation=No	_	_	_	_	_	_
856-6	PKP141	856	6	caso:	caso	_	_	_	_	_	linguistic	_	ContainsVariation=No	_	End=1569.8	3x1	_	_	_
857-0	PKP141	857	0	se	se	_	_	_	_	_	linguistic	_	ContainsVariation=No	_	Begin=1570.075	_	_	_	_
857-1	PKP141	857	1	non	non	_	_	_	_	_	linguistic	_	ContainsVariation=No	_	_	_	_	_	_
857-2	PKP141	857	2	sei	sei	_	_	_	_	_	linguistic	_	ContainsVariation=No	_	_	_	_	_	_
857-3	PKP141	857	3	interessato	interessato	_	_	_	_	_	linguistic	_	ContainsVariation=No	_	_	_	_	_	_
857-4	PKP141	857	4	lo	lo	_	_	_	_	_	linguistic	_	ContainsVariation=No	_	_	_	_	_	_
857-5	PKP141	857	5	fai	fai	_	_	_	_	_	linguistic	_	ContainsVariation=No	_	_	_	_	_	_
857-6	PKP141	857	6	capire	capire	_	_	_	_	_	linguistic	_	ContainsVariation=No	_	_	_	_	_	_
857-7	PKP141	857	7	molto	molto	_	_	_	_	_	linguistic	_	ContainsVariation=No	_	_	_	_	_	_
857-8	PKP141	857	8	esplicitame:nte	esplicitamente	_	_	_	_	_	linguistic	_	ContainsVariation=No	_	_	10x1	_	_	_
857-9	PKP141	857	9	>perché<	perché	_	_	_	_	_	linguistic	_	ContainsVariation=No	_	End=1573.385	_	Fast=0-6(0)	_	_
858-0	PKP141	858	0	si	si	_	_	_	_	_	linguistic	_	ContainsVariation=No	_	Begin=1573.603	_	_	_	_
858-1	PKP141	858	1	capisce	capisce	_	_	_	_	_	linguistic	_	ContainsVariation=No	_	_	_	_	_	_
858-2	PKP141	858	2	quando	quando	_	_	_	_	_	linguistic	_	ContainsVariation=No	_	_	_	_	_	_
858-3	PKP141	858	3	uno	uno	_	_	_	_	_	linguistic	_	ContainsVariation=No	_	_	_	_	_	_
858-4	PKP141	858	4	vuole	vuole	_	_	_	_	_	linguistic	_	ContainsVariation=No	_	_	_	_	_	_
858-5	PKP141	858	5	[solo	solo	_	_	_	_	_	linguistic	_	ContainsVariation=No	_	_	_	_	_	_
858-6	PKP141	858	6	amicizi[a	amicizia	_	_	_	_	_	linguistic	_	ContainsVariation=No	PauseAfter=Yes	_	_	_	_	_
858-7	PKP141	858	7	(.)	(.)	_	_	_	_	_	shortpause	_	ContainsVariation=No	_	_	_	_	_	_
858-8	PKP141	858	8	o	o	_	_	_	_	_	linguistic	_	ContainsVariation=No	PauseAfter=Yes	_	_	_	_	_
858-9	PKP141	858	9	(.)	(.)	_	_	_	_	_	shortpause	_	ContainsVariation=No	_	_	_	_	_	_
858-10	PKP141	858	10	o]	o	_	_	_	_	_	linguistic	_	ContainsVariation=No	_	_	_	_	_	_
858-11	PKP141	858	11	vuole	vuole	_	_	_	_	_	linguistic	_	ContainsVariation=No	_	_	_	_	_	_
858-12	PKP141	858	12	conosce]rti	conoscerti	_	_	_	_	_	linguistic	_	ContainsVariation=No	_	End=1577.59	_	_	_	_
859-0	PKP142	859	0	sì:::	sì	_	_	_	_	_	linguistic	_	ContainsVariation=No	_	Begin=1574.98	1x3	_	_	_
859-1	PKP142	859	1	sì	sì	_	_	_	_	_	linguistic	_	ContainsVariation=No	_	_	_	_	_	_
859-2	PKP142	859	2	sì]	sì	_	_	_	_	_	linguistic	_	ContainsVariation=No	_	End=1576.675	_	_	_	_
860-0	PKP136	860	0	[[eh,	eh	_	_	_	_	_	linguistic	_	ContainsVariation=No	Intonation=WeaklyRising	Begin=1575.758	_	_	_	_
860-1	PKP136	860	1	però],	però	_	_	_	_	_	linguistic	_	ContainsVariation=No	Intonation=WeaklyRising	_	_	_	_	_
860-2	PKP136	860	2	uno:]	uno	_	_	_	_	_	linguistic	_	ContainsVariation=No	_	End=1577.285	2x1	_	_	_
861-0	PKP136	861	0	[s::ì::]	sì	_	_	_	_	_	linguistic	_	ContainsVariation=No	_	Begin=1577.946	0x2,1x2	_	_	0-2(300)
861-1	PKP136	861	1	però	però	_	_	_	_	_	linguistic	_	ContainsVariation=No	_	_	_	_	_	_
861-2	PKP136	861	2	uno	uno	_	_	_	_	_	linguistic	_	ContainsVariation=No	_	_	_	_	_	_
861-3	PKP136	861	3	come:	come	_	_	_	_	_	linguistic	_	ContainsVariation=No	_	_	3x1	_	_	_
861-4	PKP136	861	4	uno	uno	_	_	_	_	_	linguistic	_	ContainsVariation=No	_	_	_	_	_	_
861-5	PKP136	861	5	così	così	_	_	_	_	_	linguistic	_	ContainsVariation=No	_	_	_	_	_	_
861-6	PKP136	861	6	per	per	_	_	_	_	_	linguistic	_	ContainsVariation=No	_	_	_	_	_	_
861-7	PKP136	861	7	ese:mpio,	esempio	_	_	_	_	_	linguistic	_	ContainsVariation=No	Intonation=WeaklyRising	_	2x1	_	_	_
861-8	PKP136	861	8	non	non	_	_	_	_	_	linguistic	_	ContainsVariation=No	_	_	_	_	_	_
861-9	PKP136	861	9	mi	mi	_	_	_	_	_	linguistic	_	ContainsVariation=No	_	_	_	_	_	_
861-10	PKP136	861	10	scri:ve	scrive	_	_	_	_	_	linguistic	_	ContainsVariation=No	_	End=1582.179	3x1	_	_	_
862-0	PKP141	862	0	[me:glio::e:]	meglioe	_	_	_	_	_	linguistic	_	ContainsVariation=No	_	Begin=1577.946|End=1579.13	1x1,5x2,6x1	_	_	0-7(300)
863-0	PKP136	863	0	an[che	anche	_	_	_	_	_	linguistic	_	ContainsVariation=No	_	Begin=1582.688	_	_	_	2-5(301)
863-1	PKP136	863	1	se	se	_	_	_	_	_	linguistic	_	ContainsVariation=No	_	_	_	_	_	0-2(301)
863-2	PKP136	863	2	è	è	_	_	_	_	_	linguistic	_	ContainsVariation=No	_	_	_	_	_	0-1(301)
863-3	PKP136	863	3	interessa:]to,	interessato	_	_	_	_	_	linguistic	_	ContainsVariation=No	Intonation=WeaklyRising	_	8x1	_	_	0-9(301)
863-4	PKP136	863	4	capisci	capisci	_	_	_	_	_	linguistic	_	ContainsVariation=No	_	_	_	_	_	_
863-5	PKP136	863	5	[che	che	_	_	_	_	_	linguistic	_	ContainsVariation=No	_	_	_	_	_	0-3(302)
863-6	PKP136	863	6	là]	là	_	_	_	_	_	linguistic	_	ContainsVariation=No	_	End=1585.117	_	_	_	0-2(302)
864-0	PKP142	864	0	[(vabbè	vabbè	_	_	_	_	_	linguistic	_	ContainsVariation=No	_	Begin=1582.87	_	_	0-5(0)	0-5(301)
864-1	PKP142	864	1	lui	lui	_	_	_	_	_	linguistic	_	ContainsVariation=No	_	_	_	_	0-3(0)	0-3(301)
864-2	PKP142	864	2	vuol~	vuol~	_	_	_	_	_	linguistic	_	ContainsVariation=No	Interrupted=Yes	_	_	_	0-5(0)	0-5(301)
864-3	PKP142	864	3	vuo~)]	vuo~	_	_	_	_	_	linguistic	_	ContainsVariation=No	Interrupted=Yes	End=1583.939	_	_	0-4(0)	0-4(301)
865-0	PKP142	865	0	(ti	ti	_	_	_	_	_	linguistic	_	ContainsVariation=No	_	Begin=1584.609	_	_	_	_
865-1	PKP142	865	1	levi:il	leviil	_	_	_	_	_	linguistic	_	ContainsVariation=No	_	_	3x1	_	_	_
865-2	PKP142	865	2	pe[nsie:ro	pensiero	_	_	_	_	_	linguistic	_	ContainsVariation=No	_	_	5x1	_	_	_
865-3	PKP142	865	3	cioè	cioè	_	_	_	_	_	linguistic	_	ContainsVariation=No	_	_	_	_	_	_
865-4	PKP142	865	4	x]	x	_	_	_	_	_	unknown	_	ContainsVariation=No	Syllables=1	_	_	_	_	_
865-5	PKP142	865	5	x]	x	_	_	_	_	_	unknown	_	ContainsVariation=No	Syllables=1	_	_	_	_	_
865-6	PKP142	865	6	è	è	_	_	_	_	_	linguistic	_	ContainsVariation=No	_	_	_	_	_	_
865-7	PKP142	865	7	giu:sto	giusto	_	_	_	_	_	linguistic	_	ContainsVariation=No	_	End=1587.47	2x1	_	_	_
866-0	PKP141	866	0	[però	però	_	_	_	_	_	linguistic	_	ContainsVariation=No	_	Begin=1585.271	_	_	_	0-4(303)
866-1	PKP141	866	1	no	no	_	_	_	_	_	linguistic	_	ContainsVariation=No	_	_	_	_	_	0-2(303)
866-2	PKP141	866	2	c(io)è	cioè	_	_	_	_	_	linguistic	_	ContainsVariation=No	Reduced=Yes	_	_	_	_	0-4(303)
866-3	PKP141	866	3	che	che	_	_	_	_	_	linguistic	_	ContainsVariation=No	_	_	_	_	_	0-3(303)
866-4	PKP141	866	4	(ci	ci	_	_	_	_	_	linguistic	_	ContainsVariation=No	_	_	_	_	0-2(0)	0-2(303)
866-5	PKP141	866	5	s~)]	s~	_	_	_	_	_	linguistic	_	ContainsVariation=No	Interrupted=Yes	End=1586.375	_	_	0-2(0)	0-2(303)
867-0	PKP136	867	0	[magari	magari	_	_	_	_	_	linguistic	_	ContainsVariation=No	_	Begin=1587.46	_	_	_	0-6(382)
867-1	PKP136	867	1	è	è	_	_	_	_	_	linguistic	_	ContainsVariation=No	_	_	_	_	_	0-1(382)
867-2	PKP136	867	2	è	è	_	_	_	_	_	linguistic	_	ContainsVariation=No	_	_	_	_	_	0-1(382)
867-3	PKP136	867	3	semplicemente	semplicemente	_	_	_	_	_	linguistic	_	ContainsVariation=No	_	_	_	_	_	0-13(382)
867-4	PKP136	867	4	ti:]mido	timido	_	_	_	_	_	linguistic	_	ContainsVariation=No	_	_	1x1	_	_	0-2(382)
867-5	PKP136	867	5	e	e	_	_	_	_	_	linguistic	_	ContainsVariation=No	_	_	_	_	_	_
867-6	PKP136	867	6	quindi	quindi	_	_	_	_	_	linguistic	_	ContainsVariation=No	_	_	_	_	_	_
867-7	PKP136	867	7	né	né	_	_	_	_	_	linguistic	_	ContainsVariation=No	_	_	_	_	_	_
867-8	PKP136	867	8	né	né	_	_	_	_	_	linguistic	_	ContainsVariation=No	_	_	_	_	_	_
867-9	PKP136	867	9	nell'	nell'	_	_	_	_	_	linguistic	_	ContainsVariation=No	SpaceAfter=No	_	_	_	_	_
867-10	PKP136	867	10	[intere:sse	interesse	_	_	_	_	_	linguistic	_	ContainsVariation=No	_	_	5x1	_	_	0-9(304)
867-11	PKP136	867	11	né	né	_	_	_	_	_	linguistic	_	ContainsVariation=No	_	_	_	_	_	0-2(304)
867-12	PKP136	867	12	nel	nel	_	_	_	_	_	linguistic	_	ContainsVariation=No	_	_	_	_	_	0-3(304)
867-13	PKP136	867	13	disin]tere:sse	disinteresse	_	_	_	_	_	linguistic	_	ContainsVariation=No	_	_	8x1	_	_	0-5(304)
867-14	PKP136	867	14	riesce	riesce	_	_	_	_	_	linguistic	_	ContainsVariation=No	_	_	_	_	_	_
867-15	PKP136	867	15	a	a	_	_	_	_	_	linguistic	_	ContainsVariation=No	_	End=1592.66	_	_	_	_
868-0	PKP141	868	0	[okka:y	okkay	_	_	_	_	_	linguistic	_	ContainsVariation=No	_	Begin=1587.46	3x1	_	_	0-5(382)
868-1	PKP141	868	1	s:ì::]	sì	_	_	_	_	_	linguistic	_	ContainsVariation=No	_	End=1588.893	0x1,1x2	_	_	0-2(382)
869-0	PKP141	869	0	[po:i	poi	_	_	_	_	_	linguistic	_	ContainsVariation=No	_	Begin=1590.269	1x1	_	_	0-3(304)
869-1	PKP141	869	1	appu:nto]	appunto	_	_	_	_	_	linguistic	_	ContainsVariation=No	_	End=1591.553	3x1	_	_	0-7(304)
870-0	PKP136	870	0	a	a	_	_	_	_	_	linguistic	_	ContainsVariation=No	_	Begin=1592.755	_	_	_	_
870-1	PKP136	870	1	essere	essere	_	_	_	_	_	linguistic	_	ContainsVariation=No	_	_	_	_	_	_
870-2	PKP136	870	2	chia:ro	chiaro	_	_	_	_	_	linguistic	_	ContainsVariation=No	_	End=1593.758	3x1	_	_	_
871-0	PKP141	871	0	però	però	_	_	_	_	_	linguistic	_	ContainsVariation=No	_	Begin=1593.758	_	_	_	_
871-1	PKP141	871	1	se	se	_	_	_	_	_	linguistic	_	ContainsVariation=No	_	_	_	_	_	_
871-2	PKP141	871	2	poi	poi	_	_	_	_	_	linguistic	_	ContainsVariation=No	_	_	_	_	_	_
871-3	PKP141	871	3	quan[do	quando	_	_	_	_	_	linguistic	_	ContainsVariation=No	_	_	_	_	_	4-6(305)
871-4	PKP141	871	4	pa:rli]	parli	_	_	_	_	_	linguistic	_	ContainsVariation=No	_	End=1595.279	1x1	_	_	0-5(305)
872-0	PKP142	872	0	[sì	sì	_	_	_	_	_	linguistic	_	ContainsVariation=No	_	Begin=1594.52	_	_	_	0-2(305)
872-1	PKP142	872	1	però::]	però	_	_	_	_	_	linguistic	_	ContainsVariation=No	_	_	3x2	_	_	0-4(305)
872-2	PKP142	872	2	n:on	non	_	_	_	_	_	linguistic	_	ContainsVariation=No	_	_	0x1	_	_	_
872-3	PKP142	872	3	puoi	puoi	_	_	_	_	_	linguistic	_	ContainsVariation=No	_	_	_	_	_	_
872-4	PKP142	872	4	stare	stare	_	_	_	_	_	linguistic	_	ContainsVariation=No	_	_	_	_	_	_
872-5	PKP142	872	5	là	là	_	_	_	_	_	linguistic	_	ContainsVariation=No	_	_	_	_	_	_
872-6	PKP142	872	6	a	a	_	_	_	_	_	linguistic	_	ContainsVariation=No	_	_	_	_	_	_
872-7	PKP142	872	7	<decript[a:re>]	decriptare	_	_	_	_	_	linguistic	_	ContainsVariation=No	_	_	7x1	Slow=0-10(0)	_	7-10(306)
872-8	PKP142	872	8	c(io)è	cioè	_	_	_	_	_	linguistic	_	ContainsVariation=No	Reduced=Yes	_	_	_	_	_
872-9	PKP142	872	9	[posso	posso	_	_	_	_	_	linguistic	_	ContainsVariation=No	_	_	_	_	_	0-5(307)
872-10	PKP142	872	10	di:re]?	dire	_	_	_	_	_	linguistic	_	ContainsVariation=No	Intonation=Rising	End=1598.171	1x1	_	_	0-4(307)
873-0	PKP141	873	0	[non	non	_	_	_	_	_	linguistic	_	ContainsVariation=No	_	Begin=1596.495	_	_	_	0-3(306)
873-1	PKP141	873	1	fi~]	fi~	_	_	_	_	_	linguistic	_	ContainsVariation=No	Interrupted=Yes	End=1596.973	_	_	_	0-3(306)
874-0	PKP141	874	0	[esa:tto]	esatto	_	_	_	_	_	linguistic	_	ContainsVariation=No	_	Begin=1597.154|End=1598.057	2x1	_	_	0-6(307)
875-0	PKP141	875	0	cioè	cioè	_	_	_	_	_	linguistic	_	ContainsVariation=No	_	Begin=1598.281	_	_	_	_
875-1	PKP141	875	1	io	io	_	_	_	_	_	linguistic	_	ContainsVariation=No	_	_	_	_	_	_
875-2	PKP141	875	2	sono	sono	_	_	_	_	_	linguistic	_	ContainsVariation=No	_	_	_	_	_	_
875-3	PKP141	875	3	del	del	_	_	_	_	_	linguistic	_	ContainsVariation=No	_	_	_	_	_	_
875-4	PKP141	875	4	tipo	tipo	_	_	_	_	_	linguistic	_	ContainsVariation=No	_	_	_	_	_	_
875-5	PKP141	875	5	che	che	_	_	_	_	_	linguistic	_	ContainsVariation=No	_	_	_	_	_	_
875-6	PKP141	875	6	se	se	_	_	_	_	_	linguistic	_	ContainsVariation=No	_	_	_	_	_	_
875-7	PKP141	875	7	io	io	_	_	_	_	_	linguistic	_	ContainsVariation=No	_	_	_	_	_	_
875-8	PKP141	875	8	parlo	parlo	_	_	_	_	_	linguistic	_	ContainsVariation=No	_	_	_	_	_	_
875-9	PKP141	875	9	con	con	_	_	_	_	_	linguistic	_	ContainsVariation=No	_	_	_	_	_	_
875-10	PKP141	875	10	una	una	_	_	_	_	_	linguistic	_	ContainsVariation=No	_	_	_	_	_	_
875-11	PKP141	875	11	persona	persona	_	_	_	_	_	linguistic	_	ContainsVariation=No	_	_	_	_	_	_
875-12	PKP141	875	12	e	e	_	_	_	_	_	linguistic	_	ContainsVariation=No	_	_	_	_	_	_
875-13	PKP141	875	13	vedo	vedo	_	_	_	_	_	linguistic	_	ContainsVariation=No	_	_	_	_	_	_
875-14	PKP141	875	14	che	che	_	_	_	_	_	linguistic	_	ContainsVariation=No	_	_	_	_	_	_
875-15	PKP141	875	15	cerca	cerca	_	_	_	_	_	linguistic	_	ContainsVariation=No	_	_	_	_	_	_
875-16	PKP141	875	16	di	di	_	_	_	_	_	linguistic	_	ContainsVariation=No	_	_	_	_	_	_
875-17	PKP141	875	17	m::h	mh	_	_	_	_	_	linguistic	_	ContainsVariation=No	_	End=1601.475	0x2	_	_	_
876-0	PKP141	876	0	continuare	continuare	_	_	_	_	_	linguistic	_	ContainsVariation=No	_	Begin=1601.74	_	_	_	_
876-1	PKP141	876	1	la	la	_	_	_	_	_	linguistic	_	ContainsVariation=No	_	_	_	_	_	_
876-2	PKP141	876	2	conver[sazio:ne	conversazione	_	_	_	_	_	linguistic	_	ContainsVariation=No	_	_	10x1	_	_	6-13(308)
876-3	PKP141	876	3	an]che	anche	_	_	_	_	_	linguistic	_	ContainsVariation=No	_	_	_	_	_	0-2(308)
876-4	PKP141	876	4	se	se	_	_	_	_	_	linguistic	_	ContainsVariation=No	_	_	_	_	_	_
876-5	PKP141	876	5	forse	forse	_	_	_	_	_	linguistic	_	ContainsVariation=No	_	_	_	_	_	_
876-6	PKP141	876	6	l'	l'	_	_	_	_	_	linguistic	_	ContainsVariation=No	SpaceAfter=No	_	_	_	_	_
876-7	PKP141	876	7	ho	ho	_	_	_	_	_	linguistic	_	ContainsVariation=No	_	_	_	_	_	_
876-8	PKP141	876	8	inizia:ta	iniziata	_	_	_	_	_	linguistic	_	ContainsVariation=No	_	_	5x1	_	_	_
876-9	PKP141	876	9	i:o	io	_	_	_	_	_	linguistic	_	ContainsVariation=No	_	End=1604.885	0x1	_	_	_
877-0	PKP142	877	0	[no	no	_	_	_	_	_	linguistic	_	ContainsVariation=No	_	Begin=1602.839	_	_	_	0-2(308)
877-1	PKP142	877	1	(eh)]	eh	_	_	_	_	_	linguistic	_	ContainsVariation=No	_	End=1603.321	_	_	0-2(0)	0-2(308)
878-0	PKP141	878	0	dico	dico	_	_	_	_	_	linguistic	_	ContainsVariation=No	_	Begin=1605.67	_	_	_	_
878-1	PKP141	878	1	okay	okay	_	_	_	_	_	linguistic	_	ContainsVariation=No	_	_	_	_	_	_
878-2	PKP141	878	2	forse	forse	_	_	_	_	_	linguistic	_	ContainsVariation=No	_	End=1606.81	_	_	_	_
879-0	PKP136	879	0	eh	eh	_	_	_	_	_	linguistic	_	ContainsVariation=No	PauseAfter=Yes	Begin=1606.81	_	_	_	_
879-1	PKP136	879	1	(.)	(.)	_	_	_	_	_	shortpause	_	ContainsVariation=No	_	_	_	_	_	_
879-2	PKP136	879	2	[c'	c'	_	_	_	_	_	linguistic	_	ContainsVariation=No	SpaceAfter=No	_	_	_	_	0-2(309)
879-3	PKP136	879	3	è	è	_	_	_	_	_	linguistic	_	ContainsVariation=No	_	_	_	_	_	0-1(309)
879-4	PKP136	879	4	un	un	_	_	_	_	_	linguistic	_	ContainsVariation=No	_	_	_	_	_	0-2(309)
879-5	PKP136	879	5	interesse]	interesse	_	_	_	_	_	linguistic	_	ContainsVariation=No	_	End=1608.121	_	_	_	0-9(309)
880-0	PKP141	880	0	[gli	gli	_	_	_	_	_	linguistic	_	ContainsVariation=No	_	Begin=1607.134	_	_	_	0-3(309)
880-1	PKP141	880	1	fa	fa	_	_	_	_	_	linguistic	_	ContainsVariation=No	_	_	_	_	_	0-2(309)
880-2	PKP141	880	2	piace:re	piacere	_	_	_	_	_	linguistic	_	ContainsVariation=No	_	_	4x1	_	_	0-7(309)
880-3	PKP141	880	3	almeno]	almeno	_	_	_	_	_	linguistic	_	ContainsVariation=No	_	_	_	_	_	0-6(309)
880-4	PKP141	880	4	parla:re	parlare	_	_	_	_	_	linguistic	_	ContainsVariation=No	_	End=1608.887	4x1	_	_	_
881-0	PKP136	881	0	esatta[me:n]te	esattamente	_	_	_	_	_	linguistic	_	ContainsVariation=No	_	Begin=1609.094|End=1610.26	7x1	_	_	6-9(310)
882-0	PKP141	882	0	[>però<]	però	_	_	_	_	_	linguistic	_	ContainsVariation=No	_	Begin=1609.532|End=1609.943	_	Fast=0-4(0)	_	0-4(310)
883-0	PKP141	883	0	(quella)	quella	_	_	_	_	_	linguistic	_	ContainsVariation=No	_	Begin=1610.378	_	_	0-6(0)	_
883-1	PKP141	883	1	ti	ti	_	_	_	_	_	linguistic	_	ContainsVariation=No	_	_	_	_	_	_
883-2	PKP141	883	2	manda	manda	_	_	_	_	_	linguistic	_	ContainsVariation=No	_	_	_	_	_	_
883-3	PKP141	883	3	in	in	_	_	_	_	_	linguistic	_	ContainsVariation=No	_	_	_	_	_	_
883-4	PKP141	883	4	co[nfusio:ne]	confusione	_	_	_	_	_	linguistic	_	ContainsVariation=No	_	End=1611.939	7x1	_	_	2-10(311)
884-0	PKP136	884	0	[che	che	_	_	_	_	_	linguistic	_	ContainsVariation=No	_	Begin=1611.092	_	_	_	0-3(311)
884-1	PKP136	884	1	poi	poi	_	_	_	_	_	linguistic	_	ContainsVariation=No	_	_	_	_	_	0-3(311)
884-2	PKP136	884	2	>voglio	voglio	_	_	_	_	_	linguistic	_	ContainsVariation=No	_	_	_	Fast=0-6(0)	_	0-6(311)
884-3	PKP136	884	3	dire<	dire	_	_	_	_	_	linguistic	_	ContainsVariation=No	_	_	_	Fast=0-4(0)	_	0-4(311)
884-4	PKP136	884	4	che	che	_	_	_	_	_	linguistic	_	ContainsVariation=No	_	_	_	Slow=0-3(0)	_	0-3(311)
884-5	PKP136	884	5	fa]	fa	_	_	_	_	_	linguistic	_	ContainsVariation=No	_	_	_	Slow=0-2(0)	_	0-2(311)
884-6	PKP136	884	6	piacere	piacere	_	_	_	_	_	linguistic	_	ContainsVariation=No	_	_	_	Slow=0-7(0)	_	_
884-7	PKP136	884	7	parla:re	parlare	_	_	_	_	_	linguistic	_	ContainsVariation=No	_	_	4x1	Slow=0-7(0)	_	_
884-8	PKP136	884	8	[e	e	_	_	_	_	_	linguistic	_	ContainsVariation=No	_	_	_	Slow=0-1(0)	_	0-1(312)
884-9	PKP136	884	9	è	è	_	_	_	_	_	linguistic	_	ContainsVariation=No	_	_	_	Slow=0-1(0)	_	0-1(312)
884-10	PKP136	884	10	interessa:to	interessato	_	_	_	_	_	linguistic	_	ContainsVariation=No	_	_	8x1	Slow=0-11(0)	_	0-11(312)
884-11	PKP136	884	11	so~	so~	_	_	_	_	_	linguistic	_	ContainsVariation=No	Interrupted=Yes	_	_	Slow=0-3(0)	_	0-3(312)
884-12	PKP136	884	12	due	due	_	_	_	_	_	linguistic	_	ContainsVariation=No	_	_	_	Slow=0-3(0)	_	0-3(312)
884-13	PKP136	884	13	cose	cose	_	_	_	_	_	linguistic	_	ContainsVariation=No	_	_	_	Slow=0-4(0)	_	0-4(312)
884-14	PKP136	884	14	di]ve:rse	diverse	_	_	_	_	_	linguistic	_	ContainsVariation=No	_	_	3x1	Slow=0-7(0)	_	0-2(312)
884-15	PKP136	884	15	(>quindi<)	quindi	_	_	_	_	_	linguistic	_	ContainsVariation=No	_	End=1616.058	_	Fast=0-6(1)	0-6(0)	_
885-0	PKP141	885	0	[e:h	eh	_	_	_	_	_	linguistic	_	ContainsVariation=No	_	Begin=1613.395	0x1	_	_	0-2(312)
885-1	PKP141	885	1	s~	s~	_	_	_	_	_	linguistic	_	ContainsVariation=No	Interrupted=Yes	_	_	_	_	0-2(312)
885-2	PKP141	885	2	sì::]	sì	_	_	_	_	_	linguistic	_	ContainsVariation=No	_	End=1614.961	1x2	_	_	0-2(312)
886-0	PKP136	886	0	però,	però	_	_	_	_	_	linguistic	_	ContainsVariation=No	Intonation=WeaklyRising	Begin=1616.501	_	_	_	_
886-1	PKP136	886	1	alme:no	almeno	_	_	_	_	_	linguistic	_	ContainsVariation=No	_	_	3x1	_	_	_
886-2	PKP136	886	2	sai	sai	_	_	_	_	_	linguistic	_	ContainsVariation=No	_	_	_	_	_	_
886-3	PKP136	886	3	di	di	_	_	_	_	_	linguistic	_	ContainsVariation=No	_	_	_	_	_	_
886-4	PKP136	886	4	non	non	_	_	_	_	_	linguistic	_	ContainsVariation=No	_	_	_	_	_	_
886-5	PKP136	886	5	star	star	_	_	_	_	_	linguistic	_	ContainsVariation=No	_	_	_	_	_	_
886-6	PKP136	886	6	rompendo:	rompendo	_	_	_	_	_	linguistic	_	ContainsVariation=No	_	_	7x1	_	_	_
886-7	PKP136	886	7	i	i	_	_	_	_	_	linguistic	_	ContainsVariation=No	_	_	_	_	_	_
886-8	PKP136	886	8	co[glioni	coglioni	_	_	_	_	_	linguistic	_	ContainsVariation=No	_	_	_	_	_	2-8(313)
886-9	PKP136	886	9	a	a	_	_	_	_	_	linguistic	_	ContainsVariation=No	_	_	_	_	_	0-1(313)
886-10	PKP136	886	10	nessu]:no,	nessuno	_	_	_	_	_	linguistic	_	ContainsVariation=No	Intonation=WeaklyRising	_	4x1	_	_	0-5(313)
886-11	PKP136	886	11	cioè	cioè	_	_	_	_	_	linguistic	_	ContainsVariation=No	_	End=1620.792	_	_	_	_
887-0	PKP142	887	0	[eh	eh	_	_	_	_	_	linguistic	_	ContainsVariation=No	_	Begin=1619.487	_	_	_	0-2(313)
887-1	PKP142	887	1	sì]	sì	_	_	_	_	_	linguistic	_	ContainsVariation=No	_	End=1620.243	_	_	_	0-2(313)
888-0	PKP136	888	0	boh	boh	_	_	_	_	_	linguistic	_	ContainsVariation=No	_	Begin=1621.261	_	_	_	_
888-1	PKP136	888	1	non	non	_	_	_	_	_	linguistic	_	ContainsVariation=No	_	_	_	_	_	_
888-2	PKP136	888	2	ne	ne	_	_	_	_	_	linguistic	_	ContainsVariation=No	_	_	_	_	_	_
888-3	PKP136	888	3	ho	ho	_	_	_	_	_	linguistic	_	ContainsVariation=No	_	_	_	_	_	_
888-4	PKP136	888	4	ide:a	idea	_	_	_	_	_	linguistic	_	ContainsVariation=No	_	_	2x1	_	_	_
888-5	PKP136	888	5	io:::	io	_	_	_	_	_	linguistic	_	ContainsVariation=No	_	_	1x3	_	_	_
888-6	PKP136	888	6	>boh	boh	_	_	_	_	_	linguistic	_	ContainsVariation=No	_	_	_	Fast=0-3(0)	_	_
888-7	PKP136	888	7	infatti<	infatti	_	_	_	_	_	linguistic	_	ContainsVariation=No	_	_	_	Fast=0-7(0)	_	_
888-8	PKP136	888	8	io	io	_	_	_	_	_	linguistic	_	ContainsVariation=No	_	_	_	_	_	_
888-9	PKP136	888	9	ho	ho	_	_	_	_	_	linguistic	_	ContainsVariation=No	_	_	_	_	_	_
888-10	PKP136	888	10	detto	detto	_	_	_	_	_	linguistic	_	ContainsVariation=No	_	_	_	_	_	_
888-11	PKP136	888	11	se	se	_	_	_	_	_	linguistic	_	ContainsVariation=No	_	_	_	_	_	_
888-12	PKP136	888	12	se	se	_	_	_	_	_	linguistic	_	ContainsVariation=No	_	_	_	_	_	_
888-13	PKP136	888	13	vuole	vuole	_	_	_	_	_	linguistic	_	ContainsVariation=No	_	_	_	_	_	_
888-14	PKP136	888	14	se	se	_	_	_	_	_	linguistic	_	ContainsVariation=No	_	_	_	_	_	_
888-15	PKP136	888	15	ci	ci	_	_	_	_	_	linguistic	_	ContainsVariation=No	_	_	_	_	_	_
888-16	PKP136	888	16	vogliamo	vogliamo	_	_	_	_	_	linguistic	_	ContainsVariation=No	_	_	_	_	_	_
888-17	PKP136	888	17	vede:re	vedere	_	_	_	_	_	linguistic	_	ContainsVariation=No	_	_	3x1	_	_	_
888-18	PKP136	888	18	io	io	_	_	_	_	_	linguistic	_	ContainsVariation=No	_	_	_	_	_	_
888-19	PKP136	888	19	sarò	sarò	_	_	_	_	_	linguistic	_	ContainsVariation=No	_	_	_	_	_	_
888-20	PKP136	888	20	molto	molto	_	_	_	_	_	linguistic	_	ContainsVariation=No	_	_	_	_	_	_
888-21	PKP136	888	21	chia:ro	chiaro	_	_	_	_	_	linguistic	_	ContainsVariation=No	_	_	3x1	_	_	_
888-22	PKP136	888	22	dirò	dirò	_	_	_	_	_	linguistic	_	ContainsVariation=No	_	_	_	_	_	_
888-23	PKP136	888	23	gua:rda	guarda	_	_	_	_	_	linguistic	_	ContainsVariation=No	_	End=1627.681	2x1	_	_	_
889-0	PKP136	889	0	ho	ho	_	_	_	_	_	linguistic	_	ContainsVariation=No	_	Begin=1627.822	_	_	_	_
889-1	PKP136	889	1	saputo	saputo	_	_	_	_	_	linguistic	_	ContainsVariation=No	_	_	_	_	_	_
889-2	PKP136	889	2	questa	questa	_	_	_	_	_	linguistic	_	ContainsVariation=No	_	_	_	_	_	_
889-3	PKP136	889	3	co:sa,	cosa	_	_	_	_	_	linguistic	_	ContainsVariation=No	Intonation=WeaklyRising	_	1x1	_	_	_
889-4	PKP136	889	4	in	in	_	_	_	_	_	linguistic	_	ContainsVariation=No	_	_	_	_	_	_
889-5	PKP136	889	5	real[tà	realtà	_	_	_	_	_	linguistic	_	ContainsVariation=No	_	_	_	_	_	4-6(314)
889-6	PKP136	889	6	io	io	_	_	_	_	_	linguistic	_	ContainsVariation=No	_	_	_	_	_	0-2(314)
889-7	PKP136	889	7	non	non	_	_	_	_	_	linguistic	_	ContainsVariation=No	_	_	_	_	_	0-3(314)
889-8	PKP136	889	8	ti	ti	_	_	_	_	_	linguistic	_	ContainsVariation=No	_	_	_	_	_	0-2(314)
889-9	PKP136	889	9	ho	ho	_	_	_	_	_	linguistic	_	ContainsVariation=No	_	_	_	_	_	0-2(314)
889-10	PKP136	889	10	più	più	_	_	_	_	_	linguistic	_	ContainsVariation=No	_	_	_	_	_	0-3(314)
889-11	PKP136	889	11	scritto]	scritto	_	_	_	_	_	linguistic	_	ContainsVariation=No	_	_	_	_	_	0-7(314)
889-12	PKP136	889	12	perché	perché	_	_	_	_	_	linguistic	_	ContainsVariation=No	_	_	_	_	_	_
889-13	PKP136	889	13	pensavo	pensavo	_	_	_	_	_	linguistic	_	ContainsVariation=No	_	_	_	_	_	_
889-14	PKP136	889	14	che	che	_	_	_	_	_	linguistic	_	ContainsVariation=No	_	_	_	_	_	_
889-15	PKP136	889	15	non	non	_	_	_	_	_	linguistic	_	ContainsVariation=No	_	_	_	_	_	_
889-16	PKP136	889	16	[fossi	fossi	_	_	_	_	_	linguistic	_	ContainsVariation=No	_	_	_	_	_	0-5(315)
889-17	PKP136	889	17	più	più	_	_	_	_	_	linguistic	_	ContainsVariation=No	_	_	_	_	_	0-3(315)
889-18	PKP136	889	18	interessa:to]	interessato	_	_	_	_	_	linguistic	_	ContainsVariation=No	_	End=1632.641	8x1	_	_	0-11(315)
890-0	PKP142	890	0	[esa:tto]	esatto	_	_	_	_	_	linguistic	_	ContainsVariation=No	_	Begin=1629.583|End=1630.491	2x1	_	_	0-6(314)
891-0	PKP142	891	0	[cioè	cioè	_	_	_	_	_	linguistic	_	ContainsVariation=No	_	Begin=1631.437	_	_	_	0-4(315)
891-1	PKP142	891	1	dovete	dovete	_	_	_	_	_	linguistic	_	ContainsVariation=No	_	_	_	_	_	0-6(315)
891-2	PKP142	891	2	chiarire	chiarire	_	_	_	_	_	linguistic	_	ContainsVariation=No	_	_	_	_	_	0-8(315)
891-3	PKP142	891	3	la	la	_	_	_	_	_	linguistic	_	ContainsVariation=No	_	_	_	_	_	0-2(315)
891-4	PKP142	891	4	s]olo	solo	_	_	_	_	_	linguistic	_	ContainsVariation=No	_	_	_	_	_	0-1(315)
891-5	PKP142	891	5	la	la	_	_	_	_	_	linguistic	_	ContainsVariation=No	_	_	_	_	_	_
891-6	PKP142	891	6	situazio:ne	situazione	_	_	_	_	_	linguistic	_	ContainsVariation=No	_	_	7x1	_	_	_
891-7	PKP142	891	7	>perché<	perché	_	_	_	_	_	linguistic	_	ContainsVariation=No	_	End=1633.817	_	Fast=0-6(0)	_	_
892-0	PKP136	892	0	se	se	_	_	_	_	_	linguistic	_	ContainsVariation=No	_	Begin=1633.981	_	_	_	_
892-1	PKP136	892	1	mi	mi	_	_	_	_	_	linguistic	_	ContainsVariation=No	_	_	_	_	_	_
892-2	PKP136	892	2	rispo:nde	risponde	_	_	_	_	_	linguistic	_	ContainsVariation=No	_	_	4x1	_	_	_
892-3	PKP136	892	3	[xx]	xx	_	_	_	_	_	unknown	_	ContainsVariation=No	Syllables=2	End=1636.19	_	_	_	0-2(316)
893-0	PKP142	893	0	[vi	vi	_	_	_	_	_	linguistic	_	ContainsVariation=No	_	Begin=1635.135	_	_	_	0-2(316)
893-1	PKP142	893	1	siete	siete	_	_	_	_	_	linguistic	_	ContainsVariation=No	_	_	_	_	_	0-5(316)
893-2	PKP142	893	2	trova:ti	trovati	_	_	_	_	_	linguistic	_	ContainsVariation=No	_	_	4x1	_	_	0-7(316)
893-3	PKP142	893	3	in]	in	_	_	_	_	_	linguistic	_	ContainsVariation=No	_	_	_	_	_	0-2(316)
893-4	PKP142	893	4	quei	quei	_	_	_	_	_	linguistic	_	ContainsVariation=No	_	_	_	_	_	_
893-5	PKP142	893	5	tipo	tipo	_	_	_	_	_	linguistic	_	ContainsVariation=No	_	_	_	_	_	_
893-6	PKP142	893	6	tre	tre	_	_	_	_	_	linguistic	_	ContainsVariation=No	_	_	_	_	_	_
893-7	PKP142	893	7	gio:rni	giorni	_	_	_	_	_	linguistic	_	ContainsVariation=No	_	End=1637.505	2x1	_	_	_
894-0	PKP142	894	0	cioè	cioè	_	_	_	_	_	linguistic	_	ContainsVariation=No	_	Begin=1637.75	_	_	_	_
894-1	PKP142	894	1	io	io	_	_	_	_	_	linguistic	_	ContainsVariation=No	_	_	_	_	_	_
894-2	PKP142	894	2	e	e	_	_	_	_	_	linguistic	_	ContainsVariation=No	_	_	_	_	_	_
894-3	PKP142	894	3	ele	ele	_	_	_	_	_	linguistic	_	ContainsVariation=No	_	_	_	_	_	_
894-4	PKP142	894	4	>tipo<	tipo	_	_	_	_	_	linguistic	_	ContainsVariation=No	_	_	_	Fast=0-4(0)	_	_
894-5	PKP142	894	5	ci	ci	_	_	_	_	_	linguistic	_	ContainsVariation=No	_	_	_	_	_	_
894-6	PKP142	894	6	siamo	siamo	_	_	_	_	_	linguistic	_	ContainsVariation=No	_	_	_	_	_	_
894-7	PKP142	894	7	trova:te	trovate	_	_	_	_	_	linguistic	_	ContainsVariation=No	_	_	4x1	_	_	_
894-8	PKP142	894	8	tre	tre	_	_	_	_	_	linguistic	_	ContainsVariation=No	_	_	_	_	_	_
894-9	PKP142	894	9	gio:rni	giorni	_	_	_	_	_	linguistic	_	ContainsVariation=No	_	_	2x1	_	_	_
894-10	PKP142	894	10	che	che	_	_	_	_	_	linguistic	_	ContainsVariation=No	_	_	_	_	_	_
894-11	PKP142	894	11	prima	prima	_	_	_	_	_	linguistic	_	ContainsVariation=No	_	_	_	_	_	_
894-12	PKP142	894	12	ce	ce	_	_	_	_	_	linguistic	_	ContainsVariation=No	_	_	_	_	_	_
894-13	PKP142	894	13	l'	l'	_	_	_	_	_	linguistic	_	ContainsVariation=No	SpaceAfter=No	_	_	_	_	_
894-14	PKP142	894	14	hai	hai	_	_	_	_	_	linguistic	_	ContainsVariation=No	_	_	_	_	_	_
894-15	PKP142	894	15	scritto	scritto	_	_	_	_	_	linguistic	_	ContainsVariation=No	_	_	_	_	_	_
894-16	PKP142	894	16	tu::	tu	_	_	_	_	_	linguistic	_	ContainsVariation=No	_	_	1x2	_	_	_
894-17	PKP142	894	17	°e	e	_	_	_	_	_	linguistic	_	ContainsVariation=No	Volume=low	_	_	_	_	_
894-18	PKP142	894	18	poi	poi	_	_	_	_	_	linguistic	_	ContainsVariation=No	Volume=low	_	_	_	_	_
894-19	PKP142	894	19	ce	ce	_	_	_	_	_	linguistic	_	ContainsVariation=No	Volume=low	_	_	_	_	_
894-20	PKP142	894	20	l'	l'	_	_	_	_	_	linguistic	_	ContainsVariation=No	SpaceAfter=No|Volume=low	_	_	_	_	_
894-21	PKP142	894	21	ha	ha	_	_	_	_	_	linguistic	_	ContainsVariation=No	Volume=low	_	_	_	_	_
894-22	PKP142	894	22	detto	detto	_	_	_	_	_	linguistic	_	ContainsVariation=No	Volume=low	_	_	_	_	_
894-23	PKP142	894	23	marco:°	marco	_	_	_	_	_	linguistic	_	ContainsVariation=No	Volume=low	_	4x1	_	_	_
894-24	PKP142	894	24	e	e	_	_	_	_	_	linguistic	_	ContainsVariation=No	_	_	_	_	_	_
894-25	PKP142	894	25	infatti	infatti	_	_	_	_	_	linguistic	_	ContainsVariation=No	_	_	_	_	_	_
894-26	PKP142	894	26	tipo	tipo	_	_	_	_	_	linguistic	_	ContainsVariation=No	_	_	_	_	_	_
894-27	PKP142	894	27	quando	quando	_	_	_	_	_	linguistic	_	ContainsVariation=No	_	_	_	_	_	_
894-28	PKP142	894	28	me	me	_	_	_	_	_	linguistic	_	ContainsVariation=No	_	_	_	_	_	_
894-29	PKP142	894	29	l'	l'	_	_	_	_	_	linguistic	_	ContainsVariation=No	SpaceAfter=No	_	_	_	_	_
894-30	PKP142	894	30	ha	ha	_	_	_	_	_	linguistic	_	ContainsVariation=No	_	_	_	_	_	_
894-31	PKP142	894	31	de:tto	detto	_	_	_	_	_	linguistic	_	ContainsVariation=No	_	_	1x1	_	_	_
894-32	PKP142	894	32	marco	marco	_	_	_	_	_	linguistic	_	ContainsVariation=No	_	_	_	_	_	_
894-33	PKP142	894	33	io	io	_	_	_	_	_	linguistic	_	ContainsVariation=No	_	_	_	_	_	_
894-34	PKP142	894	34	ho	ho	_	_	_	_	_	linguistic	_	ContainsVariation=No	_	_	_	_	_	_
894-35	PKP142	894	35	fatto	fatto	_	_	_	_	_	linguistic	_	ContainsVariation=No	_	_	_	_	_	_
894-36	PKP142	894	36	tipo	tipo	_	_	_	_	_	linguistic	_	ContainsVariation=No	_	_	_	_	_	_
894-37	PKP142	894	37	ma	ma	_	_	_	_	_	linguistic	_	ContainsVariation=No	_	_	_	_	_	_
894-38	PKP142	894	38	co:~	co~	_	_	_	_	_	linguistic	_	ContainsVariation=No	Interrupted=Yes	_	1x1	_	_	_
894-39	PKP142	894	39	cioè	cioè	_	_	_	_	_	linguistic	_	ContainsVariation=No	_	_	_	_	_	_
894-40	PKP142	894	40	COME:?	come	_	_	_	_	_	linguistic	_	ContainsVariation=No	Intonation=Rising|Volume=high	End=1644.957	3x1	_	_	_
895-0	PKP136	895	0	((ride))	((ride))	_	_	_	_	_	nonverbalbehavior	_	ContainsVariation=No	_	Begin=1644.525	_	_	_	_
895-1	PKP136	895	1	[xxx]	xxx	_	_	_	_	_	unknown	_	ContainsVariation=No	Syllables=3	End=1646.314	_	_	_	0-3(318)
896-0	PKP142	896	0	[che	che	_	_	_	_	_	linguistic	_	ContainsVariation=No	_	Begin=1645.211	_	_	_	0-3(318)
896-1	PKP142	896	1	mi	mi	_	_	_	_	_	linguistic	_	ContainsVariation=No	_	_	_	_	_	0-2(318)
896-2	PKP142	896	2	ha	ha	_	_	_	_	_	linguistic	_	ContainsVariation=No	_	_	_	_	_	0-2(318)
896-3	PKP142	896	3	detto	detto	_	_	_	_	_	linguistic	_	ContainsVariation=No	_	_	_	_	_	0-5(318)
896-4	PKP142	896	4	ma~	ma~	_	_	_	_	_	linguistic	_	ContainsVariation=No	Interrupted=Yes	_	_	_	_	0-3(318)
896-5	PKP142	896	5	ste	ste	_	_	_	_	_	linguistic	_	ContainsVariation=No	_	_	_	_	_	0-3(318)
896-6	PKP142	896	6	la	la	_	_	_	_	_	linguistic	_	ContainsVariation=No	_	_	_	_	_	0-2(318)
896-7	PKP142	896	7	s]tessa	stessa	_	_	_	_	_	linguistic	_	ContainsVariation=No	_	_	_	_	_	0-1(318)
896-8	PKP142	896	8	cosa	cosa	_	_	_	_	_	linguistic	_	ContainsVariation=No	_	_	_	_	_	_
896-9	PKP142	896	9	qualche	qualche	_	_	_	_	_	linguistic	_	ContainsVariation=No	_	_	_	_	_	_
896-10	PKP142	896	10	giorno	giorno	_	_	_	_	_	linguistic	_	ContainsVariation=No	_	_	_	_	_	_
896-11	PKP142	896	11	fa:	fa	_	_	_	_	_	linguistic	_	ContainsVariation=No	_	End=1647.797	1x1	_	_	_
897-0	PKP136	897	0	((ispira_romorosamente))	((ispira_romorosamente))	_	_	_	_	_	nonverbalbehavior	_	ContainsVariation=No	_	Begin=1648.402|End=1648.988	_	_	_	_
898-0	PKP142	898	0	[e:::h	eh	_	_	_	_	_	linguistic	_	ContainsVariation=No	_	Begin=1649.09	0x3	_	_	0-2(319)
898-1	PKP142	898	1	cio]è	cioè	_	_	_	_	_	linguistic	_	ContainsVariation=No	_	_	_	_	_	0-3(319)
898-2	PKP142	898	2	dovete	dovete	_	_	_	_	_	linguistic	_	ContainsVariation=No	_	_	_	_	_	_
898-3	PKP142	898	3	solo	solo	_	_	_	_	_	linguistic	_	ContainsVariation=No	_	_	_	_	_	_
898-4	PKP142	898	4	chiari:re	chiarire	_	_	_	_	_	linguistic	_	ContainsVariation=No	_	_	5x1	_	_	_
898-5	PKP142	898	5	perché	perché	_	_	_	_	_	linguistic	_	ContainsVariation=No	_	_	_	_	_	_
898-6	PKP142	898	6	secondo	secondo	_	_	_	_	_	linguistic	_	ContainsVariation=No	_	_	_	_	_	_
898-7	PKP142	898	7	m~	m~	_	_	_	_	_	linguistic	_	ContainsVariation=No	Interrupted=Yes	_	_	_	_	_
898-8	PKP142	898	8	>cioè<	cioè	_	_	_	_	_	linguistic	_	ContainsVariation=No	_	_	_	Fast=0-4(0)	_	_
898-9	PKP142	898	9	tu	tu	_	_	_	_	_	linguistic	_	ContainsVariation=No	_	_	_	_	_	_
898-10	PKP142	898	10	pens~	pens~	_	_	_	_	_	linguistic	_	ContainsVariation=No	Interrupted=Yes	_	_	_	_	_
898-11	PKP142	898	11	hai	hai	_	_	_	_	_	linguistic	_	ContainsVariation=No	_	_	_	_	_	_
898-12	PKP142	898	12	pensato	pensato	_	_	_	_	_	linguistic	_	ContainsVariation=No	_	_	_	_	_	_
898-13	PKP142	898	13	la	la	_	_	_	_	_	linguistic	_	ContainsVariation=No	_	_	_	_	_	_
898-14	PKP142	898	14	stess~	stess~	_	_	_	_	_	linguistic	_	ContainsVariation=No	Interrupted=Yes	_	_	_	_	_
898-15	PKP142	898	15	questa	questa	_	_	_	_	_	linguistic	_	ContainsVariation=No	_	_	_	_	_	_
898-16	PKP142	898	16	co:sa	cosa	_	_	_	_	_	linguistic	_	ContainsVariation=No	_	End=1653.356	1x1	_	_	_
899-0	PKP136	899	0	[no:]	no	_	_	_	_	_	linguistic	_	ContainsVariation=No	_	Begin=1649.14|End=1649.728	1x1	_	_	0-2(319)
900-0	PKP142	900	0	andrea	andrea	_	_	_	_	_	linguistic	_	ContainsVariation=No	_	Begin=1653.909	_	_	_	_
900-1	PKP142	900	1	ha	ha	_	_	_	_	_	linguistic	_	ContainsVariation=No	_	_	_	_	_	_
900-2	PKP142	900	2	pensato	pensato	_	_	_	_	_	linguistic	_	ContainsVariation=No	_	_	_	_	_	_
900-3	PKP142	900	3	così:	così	_	_	_	_	_	linguistic	_	ContainsVariation=No	_	End=1655.234	3x1	_	_	_
901-0	PKP142	901	0	eh	eh	_	_	_	_	_	linguistic	_	ContainsVariation=No	_	Begin=1656.288	_	_	_	_
901-1	PKP142	901	1	e:hm:h	ehmh	_	_	_	_	_	linguistic	_	ContainsVariation=No	_	_	0x1,2x1	_	_	_
901-2	PKP142	901	2	>però<	però	_	_	_	_	_	linguistic	_	ContainsVariation=No	_	End=1657.629	_	Fast=0-4(0)	_	_
902-0	PKP142	902	0	c(io)è	cioè	_	_	_	_	_	linguistic	_	ContainsVariation=No	Reduced=Yes	Begin=1658.37	_	_	_	_
902-1	PKP142	902	1	è	è	_	_	_	_	_	linguistic	_	ContainsVariation=No	_	_	_	_	_	_
902-2	PKP142	902	2	d~	d~	_	_	_	_	_	linguistic	_	ContainsVariation=No	Interrupted=Yes	_	_	_	_	_
902-3	PKP142	902	3	è	è	_	_	_	_	_	linguistic	_	ContainsVariation=No	_	_	_	_	_	_
902-4	PKP142	902	4	solo	solo	_	_	_	_	_	linguistic	_	ContainsVariation=No	_	_	_	_	_	_
902-5	PKP142	902	5	da	da	_	_	_	_	_	linguistic	_	ContainsVariation=No	_	_	_	_	_	_
902-6	PKP142	902	6	chiarire	chiarire	_	_	_	_	_	linguistic	_	ContainsVariation=No	_	_	_	_	_	_
902-7	PKP142	902	7	>semplicemente<	semplicemente	_	_	_	_	_	linguistic	_	ContainsVariation=No	_	_	_	Fast=0-13(0)	_	_
902-8	PKP142	902	8	da	da	_	_	_	_	_	linguistic	_	ContainsVariation=No	_	_	_	_	_	_
902-9	PKP142	902	9	dire	dire	_	_	_	_	_	linguistic	_	ContainsVariation=No	_	_	_	_	_	_
902-10	PKP142	902	10	non	non	_	_	_	_	_	linguistic	_	ContainsVariation=No	_	_	_	_	_	_
902-11	PKP142	902	11	era	era	_	_	_	_	_	linguistic	_	ContainsVariation=No	_	_	_	_	_	_
902-12	PKP142	902	12	una	una	_	_	_	_	_	linguistic	_	ContainsVariation=No	_	_	_	_	_	_
902-13	PKP142	902	13	cosa	cosa	_	_	_	_	_	linguistic	_	ContainsVariation=No	_	_	_	_	_	_
902-14	PKP142	902	14	volu:ta,	voluta	_	_	_	_	_	linguistic	_	ContainsVariation=No	Intonation=WeaklyRising	_	3x1	_	_	_
902-15	PKP142	902	15	ci	ci	_	_	_	_	_	linguistic	_	ContainsVariation=No	_	_	_	_	_	_
902-16	PKP142	902	16	siamo	siamo	_	_	_	_	_	linguistic	_	ContainsVariation=No	_	_	_	_	_	_
902-17	PKP142	902	17	trovati	trovati	_	_	_	_	_	linguistic	_	ContainsVariation=No	_	_	_	_	_	_
902-18	PKP142	902	18	che	che	_	_	_	_	_	linguistic	_	ContainsVariation=No	_	_	_	_	_	_
902-19	PKP142	902	19	né	né	_	_	_	_	_	linguistic	_	ContainsVariation=No	_	_	_	_	_	_
902-20	PKP142	902	20	io	io	_	_	_	_	_	linguistic	_	ContainsVariation=No	_	_	_	_	_	_
902-21	PKP142	902	21	volevo	volevo	_	_	_	_	_	linguistic	_	ContainsVariation=No	_	_	_	_	_	_
902-22	PKP142	902	22	scrivere	scrivere	_	_	_	_	_	linguistic	_	ContainsVariation=No	_	_	_	_	_	_
902-23	PKP142	902	23	a	a	_	_	_	_	_	linguistic	_	ContainsVariation=No	_	_	_	_	_	_
902-24	PKP142	902	24	te,	te	_	_	_	_	_	linguistic	_	ContainsVariation=No	Intonation=WeaklyRising	_	_	_	_	_
902-25	PKP142	902	25	magari	magari	_	_	_	_	_	linguistic	_	ContainsVariation=No	_	_	_	_	_	_
902-26	PKP142	902	26	tu:	tu	_	_	_	_	_	linguistic	_	ContainsVariation=No	_	End=1664.11	1x1	_	_	_
903-0	PKP142	903	0	m:::hno:n	mhnon	_	_	_	_	_	linguistic	_	ContainsVariation=No	_	Begin=1664.72	0x3,3x1	_	_	_
903-1	PKP142	903	1	te	te	_	_	_	_	_	linguistic	_	ContainsVariation=No	_	_	_	_	_	_
903-2	PKP142	903	2	la	la	_	_	_	_	_	linguistic	_	ContainsVariation=No	_	_	_	_	_	_
903-3	PKP142	903	3	senti	senti	_	_	_	_	_	linguistic	_	ContainsVariation=No	_	_	_	_	_	_
903-4	PKP142	903	4	non	non	_	_	_	_	_	linguistic	_	ContainsVariation=No	_	_	_	_	_	_
903-5	PKP142	903	5	lo	lo	_	_	_	_	_	linguistic	_	ContainsVariation=No	_	_	_	_	_	_
903-6	PKP142	903	6	so:	so	_	_	_	_	_	linguistic	_	ContainsVariation=No	_	_	1x1	_	_	_
903-7	PKP142	903	7	[qual	qual	_	_	_	_	_	linguistic	_	ContainsVariation=No	_	_	_	_	_	0-4(320)
903-8	PKP142	903	8	è	è	_	_	_	_	_	linguistic	_	ContainsVariation=No	_	_	_	_	_	0-1(320)
903-9	PKP142	903	9	il	il	_	_	_	_	_	linguistic	_	ContainsVariation=No	_	_	_	_	_	0-2(320)
903-10	PKP142	903	10	moti:vo,	motivo	_	_	_	_	_	linguistic	_	ContainsVariation=No	Intonation=WeaklyRising	_	3x1	_	_	0-6(320)
903-11	PKP142	903	11	non	non	_	_	_	_	_	linguistic	_	ContainsVariation=No	_	_	_	_	_	0-3(320)
903-12	PKP142	903	12	so	so	_	_	_	_	_	linguistic	_	ContainsVariation=No	_	_	_	_	_	0-2(320)
903-13	PKP142	903	13	quale	quale	_	_	_	_	_	linguistic	_	ContainsVariation=No	_	_	_	_	_	0-5(320)
903-14	PKP142	903	14	s]ia	sia	_	_	_	_	_	linguistic	_	ContainsVariation=No	_	_	_	_	_	0-1(320)
903-15	PKP142	903	15	il	il	_	_	_	_	_	linguistic	_	ContainsVariation=No	_	_	_	_	_	_
903-16	PKP142	903	16	moti:vo	motivo	_	_	_	_	_	linguistic	_	ContainsVariation=No	_	_	3x1	_	_	_
903-17	PKP142	903	17	>per[ò<]	però	_	_	_	_	_	linguistic	_	ContainsVariation=No	_	End=1668.9	_	Fast=0-4(0)	_	3-4(321)
904-0	PKP136	904	0	[e:h	eh	_	_	_	_	_	linguistic	_	ContainsVariation=No	_	Begin=1666.743	0x1	_	_	0-2(320)
904-1	PKP136	904	1	capi':	capi':	_	_	_	_	_	error	_	ContainsVariation=No	PauseAfter=Yes	_	_	_	_	0-5(320)
904-2	PKP136	904	2	(.)	(.)	_	_	_	_	_	shortpause	_	ContainsVariation=No	_	_	_	_	_	X(320)
904-3	PKP136	904	3	che]	che	_	_	_	_	_	linguistic	_	ContainsVariation=No	_	End=1668.099	_	_	_	0-3(320)
905-0	PKP136	905	0	[ch]e	che	_	_	_	_	_	linguistic	_	ContainsVariation=No	_	Begin=1668.827	_	_	_	0-2(322)
905-1	PKP136	905	1	tu:rbe	turbe	_	_	_	_	_	linguistic	_	ContainsVariation=No	_	_	1x1	_	_	_
905-2	PKP136	905	2	mentali	mentali	_	_	_	_	_	linguistic	_	ContainsVariation=No	_	_	_	_	_	_
905-3	PKP136	905	3	ha::i	hai	_	_	_	_	_	linguistic	_	ContainsVariation=No	_	_	1x2	_	_	_
905-4	PKP136	905	4	>però<	però	_	_	_	_	_	linguistic	_	ContainsVariation=No	_	End=1670.761	_	Fast=0-4(0)	_	_
906-0	PKP142	906	0	[>qualsiasi	qualsiasi	_	_	_	_	_	linguistic	_	ContainsVariation=No	_	Begin=1669.092	_	Fast=0-9(0)	_	0-9(322)
906-1	PKP142	906	1	è	è	_	_	_	_	_	linguistic	_	ContainsVariation=No	_	_	_	Fast=0-1(0)	_	0-1(322)
906-2	PKP142	906	2	il	il	_	_	_	_	_	linguistic	_	ContainsVariation=No	_	_	_	Fast=0-2(0)	_	0-2(322)
906-3	PKP142	906	3	motivo<]	motivo	_	_	_	_	_	linguistic	_	ContainsVariation=No	_	End=1670.285	_	Fast=0-6(0)	_	0-6(322)
907-0	PKP142	907	0	eh	eh	_	_	_	_	_	linguistic	_	ContainsVariation=No	_	Begin=1670.763|End=1671.083	_	_	_	_
908-0	PKP142	908	0	per	per	_	_	_	_	_	linguistic	_	ContainsVariation=No	_	Begin=1671.339	_	_	_	_
908-1	PKP142	908	1	qualsiasi	qualsiasi	_	_	_	_	_	linguistic	_	ContainsVariation=No	_	_	_	_	_	_
908-2	PKP142	908	2	moti:vo	motivo	_	_	_	_	_	linguistic	_	ContainsVariation=No	_	_	3x1	_	_	_
908-3	PKP142	908	3	è	è	_	_	_	_	_	linguistic	_	ContainsVariation=No	_	_	_	_	_	_
908-4	PKP142	908	4	e	e	_	_	_	_	_	linguistic	_	ContainsVariation=No	_	_	_	_	_	_
908-5	PKP142	908	5	>comunque<	comunque	_	_	_	_	_	linguistic	_	ContainsVariation=No	_	_	_	Fast=0-8(0)	_	_
908-6	PKP142	908	6	ci	ci	_	_	_	_	_	linguistic	_	ContainsVariation=No	_	_	_	_	_	_
908-7	PKP142	908	7	siamo	siamo	_	_	_	_	_	linguistic	_	ContainsVariation=No	_	_	_	_	_	_
908-8	PKP142	908	8	trovati	trovati	_	_	_	_	_	linguistic	_	ContainsVariation=No	_	_	_	_	_	_
908-9	PKP142	908	9	così	così	_	_	_	_	_	linguistic	_	ContainsVariation=No	_	End=1674.24	_	_	_	_
909-0	PKP136	909	0	boh	boh	_	_	_	_	_	linguistic	_	ContainsVariation=No	_	Begin=1674.484|End=1675.031	_	_	_	_
910-0	PKP141	910	0	[per	per	_	_	_	_	_	linguistic	_	ContainsVariation=No	_	Begin=1674.484	_	_	_	0-3(323)
910-1	PKP141	910	1	me	me	_	_	_	_	_	linguistic	_	ContainsVariation=No	_	_	_	_	_	0-2(323)
910-2	PKP141	910	2	lasc]ia	lascia	_	_	_	_	_	linguistic	_	ContainsVariation=No	_	_	_	_	_	0-4(323)
910-3	PKP141	910	3	correre	correre	_	_	_	_	_	linguistic	_	ContainsVariation=No	_	End=1675.761	_	_	_	_
911-0	PKP142	911	0	((ride))	((ride))	_	_	_	_	_	nonverbalbehavior	_	ContainsVariation=No	_	Begin=1675.723|End=1677.038	_	_	_	_
912-0	PKP136	912	0	((ride))	((ride))	_	_	_	_	_	nonverbalbehavior	_	ContainsVariation=No	_	Begin=1675.723|End=1677.078	_	_	_	_
913-0	PKP141	913	0	nel	nel	_	_	_	_	_	linguistic	_	ContainsVariation=No	_	Begin=1676.629	_	_	_	_
913-1	PKP141	913	1	du:bbio	dubbio	_	_	_	_	_	linguistic	_	ContainsVariation=No	_	End=1677.285	1x1	_	_	_
914-0	PKP136	914	0	((ride))	((ride))	_	_	_	_	_	nonverbalbehavior	_	ContainsVariation=No	_	Begin=1677.562|End=1678.316	_	_	_	_
915-0	PKP141	915	0	s[ì:]	sì	_	_	_	_	_	linguistic	_	ContainsVariation=No	_	Begin=1678.506|End=1678.963	1x1	_	_	1-2(324)
916-0	PKP136	916	0	[mado:]nna	madonna	_	_	_	_	_	linguistic	_	ContainsVariation=No	_	Begin=1678.643	3x1	_	_	0-4(324)
916-1	PKP136	916	1	vabbè	vabbè	_	_	_	_	_	linguistic	_	ContainsVariation=No	_	_	_	_	_	_
916-2	PKP136	916	2	vedre:mo	vedremo	_	_	_	_	_	linguistic	_	ContainsVariation=No	_	_	4x1	_	_	_
916-3	PKP136	916	3	>più	più	_	_	_	_	_	linguistic	_	ContainsVariation=No	_	_	_	Fast=0-3(0)	_	_
916-4	PKP136	916	4	che	che	_	_	_	_	_	linguistic	_	ContainsVariation=No	_	_	_	Fast=0-3(0)	_	_
916-5	PKP136	916	5	altro<	altro	_	_	_	_	_	linguistic	_	ContainsVariation=No	_	_	_	Fast=0-5(0)	_	_
916-6	PKP136	916	6	se:	se	_	_	_	_	_	linguistic	_	ContainsVariation=No	_	_	1x1	Slow=0-2(0)	_	_
916-7	PKP136	916	7	>cioè<	cioè	_	_	_	_	_	linguistic	_	ContainsVariation=No	_	_	_	Fast=0-4(1)	_	_
916-8	PKP136	916	8	secondo	secondo	_	_	_	_	_	linguistic	_	ContainsVariation=No	_	_	_	_	_	_
916-9	PKP136	916	9	me,	me	_	_	_	_	_	linguistic	_	ContainsVariation=No	Intonation=WeaklyRising	_	_	_	_	_
916-10	PKP136	916	10	ci	ci	_	_	_	_	_	linguistic	_	ContainsVariation=No	_	_	_	_	_	_
916-11	PKP136	916	11	è	è	_	_	_	_	_	linguistic	_	ContainsVariation=No	_	_	_	_	_	_
916-12	PKP136	916	12	rimasto	rimasto	_	_	_	_	_	linguistic	_	ContainsVariation=No	_	_	_	_	_	_
916-13	PKP136	916	13	male	male	_	_	_	_	_	linguistic	_	ContainsVariation=No	_	_	_	_	_	_
916-14	PKP136	916	14	e	e	_	_	_	_	_	linguistic	_	ContainsVariation=No	_	_	_	_	_	_
916-15	PKP136	916	15	quindi	quindi	_	_	_	_	_	linguistic	_	ContainsVariation=No	_	_	_	_	_	_
916-16	PKP136	916	16	è	è	_	_	_	_	_	linguistic	_	ContainsVariation=No	_	_	_	_	_	_
916-17	PKP136	916	17	per	per	_	_	_	_	_	linguistic	_	ContainsVariation=No	_	_	_	_	_	_
916-18	PKP136	916	18	questo	questo	_	_	_	_	_	linguistic	_	ContainsVariation=No	_	_	_	_	_	_
916-19	PKP136	916	19	che	che	_	_	_	_	_	linguistic	_	ContainsVariation=No	_	_	_	_	_	_
916-20	PKP136	916	20	non	non	_	_	_	_	_	linguistic	_	ContainsVariation=No	_	_	_	_	_	_
916-21	PKP136	916	21	mi	mi	_	_	_	_	_	linguistic	_	ContainsVariation=No	_	_	_	_	_	_
916-22	PKP136	916	22	vuole	vuole	_	_	_	_	_	linguistic	_	ContainsVariation=No	_	_	_	_	_	_
916-23	PKP136	916	23	vede:re	vedere	_	_	_	_	_	linguistic	_	ContainsVariation=No	_	End=1683.897	3x1	_	_	_
917-0	PKP141	917	0	ma	ma	_	_	_	_	_	linguistic	_	ContainsVariation=No	_	Begin=1684.315	_	_	_	_
917-1	PKP141	917	1	e	e	_	_	_	_	_	linguistic	_	ContainsVariation=No	_	_	_	_	_	_
917-2	PKP141	917	2	c(io)è	cioè	_	_	_	_	_	linguistic	_	ContainsVariation=No	Reduced=Yes	_	_	_	_	_
917-3	PKP141	917	3	n[on	non	_	_	_	_	_	linguistic	_	ContainsVariation=No	_	_	_	_	_	1-3(325)
917-4	PKP141	917	4	hai	hai	_	_	_	_	_	linguistic	_	ContainsVariation=No	_	_	_	_	_	0-3(325)
917-5	PKP141	917	5	tre]	tre	_	_	_	_	_	linguistic	_	ContainsVariation=No	_	_	_	_	_	0-3(325)
917-6	PKP141	917	6	a:nni	anni	_	_	_	_	_	linguistic	_	ContainsVariation=No	_	_	0x1	_	_	_
917-7	PKP141	917	7	((ride))	((ride))	_	_	_	_	_	nonverbalbehavior	_	ContainsVariation=No	_	End=1686.321	_	_	_	_
918-0	PKP142	918	0	[no	no	_	_	_	_	_	linguistic	_	ContainsVariation=No	_	Begin=1685.05	_	_	_	0-2(325)
918-1	PKP142	918	1	è]	è	_	_	_	_	_	linguistic	_	ContainsVariation=No	_	End=1685.503	_	_	_	0-1(325)
919-0	PKP136	919	0	((ride))	((ride))	_	_	_	_	_	nonverbalbehavior	_	ContainsVariation=No	_	Begin=1686.62	_	_	_	_
919-1	PKP136	919	1	anche	anche	_	_	_	_	_	linguistic	_	ContainsVariation=No	_	_	_	_	_	_
919-2	PKP136	919	2	questo	questo	_	_	_	_	_	linguistic	_	ContainsVariation=No	_	_	_	_	_	_
919-3	PKP136	919	3	è	è	_	_	_	_	_	linguistic	_	ContainsVariation=No	_	_	_	_	_	_
919-4	PKP136	919	4	[ve:ro]	vero	_	_	_	_	_	linguistic	_	ContainsVariation=No	_	End=1688.517	1x1	_	_	0-4(326)
920-0	PKP141	920	0	[lo	lo	_	_	_	_	_	linguistic	_	ContainsVariation=No	_	Begin=1687.65	_	_	_	0-2(326)
920-1	PKP141	920	1	stavo	stavo	_	_	_	_	_	linguistic	_	ContainsVariation=No	_	_	_	_	_	0-5(326)
920-2	PKP141	920	2	dicendo	dicendo	_	_	_	_	_	linguistic	_	ContainsVariation=No	_	_	_	_	_	0-7(326)
920-3	PKP141	920	3	pri:]ma	prima	_	_	_	_	_	linguistic	_	ContainsVariation=No	_	_	2x1	_	_	0-3(326)
920-4	PKP141	920	4	c(io)è	cioè	_	_	_	_	_	linguistic	_	ContainsVariation=No	Reduced=Yes	_	_	_	_	_
920-5	PKP141	920	5	arrivata	arrivata	_	_	_	_	_	linguistic	_	ContainsVariation=No	_	_	_	_	_	_
920-6	PKP141	920	6	una	una	_	_	_	_	_	linguistic	_	ContainsVariation=No	_	_	_	_	_	_
920-7	PKP141	920	7	ce:r[ta:]	certa	_	_	_	_	_	linguistic	_	ContainsVariation=No	_	End=1690.425	1x1,4x1	_	_	3-5(327)
921-0	PKP142	921	0	[sì:]	sì	_	_	_	_	_	linguistic	_	ContainsVariation=No	_	Begin=1690.119	1x1	_	_	0-2(327)
921-1	PKP142	921	1	infa:tti	infatti	_	_	_	_	_	linguistic	_	ContainsVariation=No	_	_	3x1	_	_	_
921-2	PKP142	921	2	o	o	_	_	_	_	_	linguistic	_	ContainsVariation=No	_	_	_	_	_	_
921-3	PKP142	921	3	comunque	comunque	_	_	_	_	_	linguistic	_	ContainsVariation=No	_	_	_	_	_	_
921-4	PKP142	921	4	se	se	_	_	_	_	_	linguistic	_	ContainsVariation=No	_	_	_	_	_	_
921-5	PKP142	921	5	c'	c'	_	_	_	_	_	linguistic	_	ContainsVariation=No	SpaceAfter=No	_	_	_	_	_
921-6	PKP142	921	6	è	è	_	_	_	_	_	linguistic	_	ContainsVariation=No	_	_	_	_	_	_
921-7	PKP142	921	7	qualcosa	qualcosa	_	_	_	_	_	linguistic	_	ContainsVariation=No	_	_	_	_	_	_
921-8	PKP142	921	8	che	che	_	_	_	_	_	linguistic	_	ContainsVariation=No	_	_	_	_	_	_
921-9	PKP142	921	9	(non)	non	_	_	_	_	_	linguistic	_	ContainsVariation=No	_	_	_	_	0-3(0)	_
921-10	PKP142	921	10	ti	ti	_	_	_	_	_	linguistic	_	ContainsVariation=No	_	_	_	_	_	_
921-11	PKP142	921	11	ha	ha	_	_	_	_	_	linguistic	_	ContainsVariation=No	_	_	_	_	_	_
921-12	PKP142	921	12	dato	dato	_	_	_	_	_	linguistic	_	ContainsVariation=No	_	_	_	_	_	_
921-13	PKP142	921	13	fastidio	fastidio	_	_	_	_	_	linguistic	_	ContainsVariation=No	PauseAfter=Yes	_	_	_	_	_
921-14	PKP142	921	14	(.)	(.)	_	_	_	_	_	shortpause	_	ContainsVariation=No	_	_	_	_	_	_
921-15	PKP142	921	15	dici	dici	_	_	_	_	_	linguistic	_	ContainsVariation=No	_	End=1693.48	_	_	_	_
922-0	PKP142	922	0	senti	senti	_	_	_	_	_	linguistic	_	ContainsVariation=No	_	Begin=1693.793|End=1694.438	_	_	_	_
923-0	PKP142	923	0	questa	questa	_	_	_	_	_	linguistic	_	ContainsVariation=No	_	Begin=1694.692	_	_	_	_
923-1	PKP142	923	1	cosa	cosa	_	_	_	_	_	linguistic	_	ContainsVariation=No	_	_	_	_	_	_
923-2	PKP142	923	2	mi	mi	_	_	_	_	_	linguistic	_	ContainsVariation=No	_	_	_	_	_	_
923-3	PKP142	923	3	ha	ha	_	_	_	_	_	linguistic	_	ContainsVariation=No	_	_	_	_	_	_
923-4	PKP142	923	4	dato	dato	_	_	_	_	_	linguistic	_	ContainsVariation=No	_	_	_	_	_	_
923-5	PKP142	923	5	fasti:dio,	fastidio	_	_	_	_	_	linguistic	_	ContainsVariation=No	Intonation=WeaklyRising	_	4x1	_	_	_
923-6	PKP142	923	6	perché	perché	_	_	_	_	_	linguistic	_	ContainsVariation=No	_	_	_	_	_	_
923-7	PKP142	923	7	l'	l'	_	_	_	_	_	linguistic	_	ContainsVariation=No	SpaceAfter=No	_	_	_	_	_
923-8	PKP142	923	8	hai	hai	_	_	_	_	_	linguistic	_	ContainsVariation=No	_	_	_	_	_	_
923-9	PKP142	923	9	fa:tta?	fatta	_	_	_	_	_	linguistic	_	ContainsVariation=No	Intonation=Rising	End=1697.043	1x1	_	_	_
924-0	PKP142	924	0	pure	pure	_	_	_	_	_	linguistic	_	ContainsVariation=No	_	Begin=1697.365	_	_	_	_
924-1	PKP142	924	1	che	che	_	_	_	_	_	linguistic	_	ContainsVariation=No	_	_	_	_	_	_
924-2	PKP142	924	2	magari	magari	_	_	_	_	_	linguistic	_	ContainsVariation=No	_	_	_	_	_	_
924-3	PKP142	924	3	non:	non	_	_	_	_	_	linguistic	_	ContainsVariation=No	_	_	2x1	_	_	_
924-4	PKP142	924	4	m:h	mh	_	_	_	_	_	linguistic	_	ContainsVariation=No	_	_	0x1	_	_	_
924-5	PKP142	924	5	c(io)è	cioè	_	_	_	_	_	linguistic	_	ContainsVariation=No	Reduced=Yes	_	_	_	_	_
924-6	PKP142	924	6	non	non	_	_	_	_	_	linguistic	_	ContainsVariation=No	_	_	_	_	_	_
924-7	PKP142	924	7	che:	che	_	_	_	_	_	linguistic	_	ContainsVariation=No	_	_	2x1	_	_	_
924-8	PKP142	924	8	vi	vi	_	_	_	_	_	linguistic	_	ContainsVariation=No	_	_	_	_	_	_
924-9	PKP142	924	9	conoscete	conoscete	_	_	_	_	_	linguistic	_	ContainsVariation=No	_	_	_	_	_	_
924-10	PKP142	924	10	tantissimo	tantissimo	_	_	_	_	_	linguistic	_	ContainsVariation=No	_	_	_	_	_	_
924-11	PKP142	924	11	[però:	però	_	_	_	_	_	linguistic	_	ContainsVariation=No	_	_	3x1	_	_	0-4(328)
924-12	PKP142	924	12	almeno]	almeno	_	_	_	_	_	linguistic	_	ContainsVariation=No	_	End=1701.61	_	_	_	0-6(328)
925-0	PKP136	925	0	[sì	sì	_	_	_	_	_	linguistic	_	ContainsVariation=No	_	Begin=1700.769	_	_	_	0-2(328)
925-1	PKP136	925	1	sì:]	sì	_	_	_	_	_	linguistic	_	ContainsVariation=No	_	End=1701.569	1x1	_	_	0-2(328)
926-0	PKP142	926	0	lo	lo	_	_	_	_	_	linguistic	_	ContainsVariation=No	_	Begin=1701.819	_	_	_	_
926-1	PKP142	926	1	chie:di	chiedi	_	_	_	_	_	linguistic	_	ContainsVariation=No	_	_	3x1	_	_	_
926-2	PKP142	926	2	e	e	_	_	_	_	_	linguistic	_	ContainsVariation=No	_	_	_	_	_	_
926-3	PKP142	926	3	basta	basta	_	_	_	_	_	linguistic	_	ContainsVariation=No	_	_	_	_	_	_
926-4	PKP142	926	4	[così]	così	_	_	_	_	_	linguistic	_	ContainsVariation=No	_	End=1703.205	_	_	_	0-4(329)
927-0	PKP136	927	0	[c(io)è]	cioè	_	_	_	_	_	linguistic	_	ContainsVariation=No	Reduced=Yes	Begin=1702.837|End=1703.197	_	_	_	0-4(329)
928-0	PKP142	928	0	[hai	hai	_	_	_	_	_	linguistic	_	ContainsVariation=No	_	Begin=1703.395	_	_	_	0-3(330)
928-1	PKP142	928	1	la	la	_	_	_	_	_	linguistic	_	ContainsVariation=No	_	_	_	_	_	0-2(330)
928-2	PKP142	928	2	sicure:zza]	sicurezza	_	_	_	_	_	linguistic	_	ContainsVariation=No	_	End=1704.692	5x1	_	_	0-9(330)
929-0	PKP136	929	0	[la	la	_	_	_	_	_	linguistic	_	ContainsVariation=No	_	Begin=1703.395	_	_	_	0-2(330)
929-1	PKP136	929	1	mia	mia	_	_	_	_	_	linguistic	_	ContainsVariation=No	_	_	_	_	_	0-3(330)
929-2	PKP136	929	2	intenzio:ne]	intenzione	_	_	_	_	_	linguistic	_	ContainsVariation=No	_	End=1704.692	7x1	_	_	0-10(330)
930-0	PKP142	930	0	lo	lo	_	_	_	_	_	linguistic	_	ContainsVariation=No	_	Begin=1705.027	_	_	_	_
930-1	PKP142	930	1	sa:i	sai	_	_	_	_	_	linguistic	_	ContainsVariation=No	_	_	1x1	_	_	_
930-2	PKP142	930	2	e	e	_	_	_	_	_	linguistic	_	ContainsVariation=No	_	_	_	_	_	_
930-3	PKP142	930	3	basta	basta	_	_	_	_	_	linguistic	_	ContainsVariation=No	_	End=1706.083	_	_	_	_
931-0	PKP136	931	0	la	la	_	_	_	_	_	linguistic	_	ContainsVariation=No	_	Begin=1706.197	_	_	_	_
931-1	PKP136	931	1	mia	mia	_	_	_	_	_	linguistic	_	ContainsVariation=No	_	_	_	_	_	_
931-2	PKP136	931	2	intenzione	intenzione	_	_	_	_	_	linguistic	_	ContainsVariation=No	_	_	_	_	_	_
931-3	PKP136	931	3	è	è	_	_	_	_	_	linguistic	_	ContainsVariation=No	_	_	_	_	_	_
931-4	PKP136	931	4	proprio	proprio	_	_	_	_	_	linguistic	_	ContainsVariation=No	_	_	_	_	_	_
931-5	PKP136	931	5	quella	quella	_	_	_	_	_	linguistic	_	ContainsVariation=No	_	_	_	_	_	_
931-6	PKP136	931	6	di	di	_	_	_	_	_	linguistic	_	ContainsVariation=No	_	_	_	_	_	_
931-7	PKP136	931	7	parlare	parlare	_	_	_	_	_	linguistic	_	ContainsVariation=No	_	_	_	_	_	_
931-8	PKP136	931	8	a	a	_	_	_	_	_	linguistic	_	ContainsVariation=No	_	_	_	_	_	_
931-9	PKP136	931	9	cuore	cuore	_	_	_	_	_	linguistic	_	ContainsVariation=No	_	_	_	_	_	_
931-10	PKP136	931	10	ape:rto	aperto	_	_	_	_	_	linguistic	_	ContainsVariation=No	_	_	2x1	_	_	_
931-11	PKP136	931	11	c(io)é	cioé	_	_	_	_	_	linguistic	_	ContainsVariation=No	Reduced=Yes	End=1708.77	_	_	_	_
932-0	PKP136	932	0	senza::	senza	_	_	_	_	_	linguistic	_	ContainsVariation=No	_	Begin=1708.875	4x2	_	_	_
932-1	PKP136	932	1	sotterfu:gi,	sotterfugi	_	_	_	_	_	linguistic	_	ContainsVariation=No	Intonation=WeaklyRising	_	7x1	_	_	_
932-2	PKP136	932	2	gioche:tti::,	giochetti	_	_	_	_	_	linguistic	_	ContainsVariation=No	Intonation=WeaklyRising	_	5x1,8x2	_	_	_
932-3	PKP136	932	3	bugi:e	bugie	_	_	_	_	_	linguistic	_	ContainsVariation=No	_	_	3x1	_	_	_
932-4	PKP136	932	4	di	di	_	_	_	_	_	linguistic	_	ContainsVariation=No	_	_	_	_	_	_
932-5	PKP136	932	5	convenie:nza	convenienza	_	_	_	_	_	linguistic	_	ContainsVariation=No	PauseAfter=Yes	_	7x1	_	_	_
932-6	PKP136	932	6	(.)	(.)	_	_	_	_	_	shortpause	_	ContainsVariation=No	_	_	_	_	_	_
932-7	PKP136	932	7	(digli)	digli	_	_	_	_	_	linguistic	_	ContainsVariation=No	_	_	_	_	0-5(0)	_
932-8	PKP136	932	8	gua:rda,	guarda	_	_	_	_	_	linguistic	_	ContainsVariation=No	Intonation=WeaklyRising	_	2x1	_	_	_
932-9	PKP136	932	9	le	le	_	_	_	_	_	linguistic	_	ContainsVariation=No	_	_	_	_	_	_
932-10	PKP136	932	10	cose	cose	_	_	_	_	_	linguistic	_	ContainsVariation=No	_	_	_	_	_	_
932-11	PKP136	932	11	stanno	stanno	_	_	_	_	_	linguistic	_	ContainsVariation=No	_	_	_	_	_	_
932-12	PKP136	932	12	così,	così	_	_	_	_	_	linguistic	_	ContainsVariation=No	Intonation=WeaklyRising	_	_	_	_	_
932-13	PKP136	932	13	tu:	tu	_	_	_	_	_	linguistic	_	ContainsVariation=No	_	_	1x1	_	_	_
932-14	PKP136	932	14	se	se	_	_	_	_	_	linguistic	_	ContainsVariation=No	_	_	_	_	_	_
932-15	PKP136	932	15	c'	c'	_	_	_	_	_	linguistic	_	ContainsVariation=No	SpaceAfter=No	_	_	_	_	_
932-16	PKP136	932	16	hai	hai	_	_	_	_	_	linguistic	_	ContainsVariation=No	_	_	_	_	_	_
932-17	PKP136	932	17	qualcosa	qualcosa	_	_	_	_	_	linguistic	_	ContainsVariation=No	_	_	_	_	_	_
932-18	PKP136	932	18	da	da	_	_	_	_	_	linguistic	_	ContainsVariation=No	_	_	_	_	_	_
932-19	PKP136	932	19	dirmi	dirmi	_	_	_	_	_	linguistic	_	ContainsVariation=No	_	_	_	_	_	_
932-20	PKP136	932	20	dimmela	dimmela	_	_	_	_	_	linguistic	_	ContainsVariation=No	_	End=1716.5	_	_	_	_
933-0	PKP136	933	0	non	non	_	_	_	_	_	linguistic	_	ContainsVariation=No	_	Begin=1717.002	_	_	_	_
933-1	PKP136	933	1	perché	perché	_	_	_	_	_	linguistic	_	ContainsVariation=No	_	_	_	_	_	_
933-2	PKP136	933	2	io	io	_	_	_	_	_	linguistic	_	ContainsVariation=No	_	_	_	_	_	_
933-3	PKP136	933	3	voglio	voglio	_	_	_	_	_	linguistic	_	ContainsVariation=No	_	_	_	_	_	_
933-4	PKP136	933	4	riprovarci	riprovarci	_	_	_	_	_	linguistic	_	ContainsVariation=No	_	_	_	_	_	_
933-5	PKP136	933	5	con	con	_	_	_	_	_	linguistic	_	ContainsVariation=No	_	_	_	_	_	_
933-6	PKP136	933	6	te	te	_	_	_	_	_	linguistic	_	ContainsVariation=No	_	_	_	_	_	_
933-7	PKP136	933	7	ma	ma	_	_	_	_	_	linguistic	_	ContainsVariation=No	_	_	_	_	_	_
933-8	PKP136	933	8	almeno	almeno	_	_	_	_	_	linguistic	_	ContainsVariation=No	_	_	_	_	_	_
933-9	PKP136	933	9	perché	perché	_	_	_	_	_	linguistic	_	ContainsVariation=No	_	_	_	_	_	_
933-10	PKP136	933	10	così:::	così	_	_	_	_	_	linguistic	_	ContainsVariation=No	_	_	3x3	_	_	_
933-11	PKP136	933	11	[parlia:mo]	parliamo	_	_	_	_	_	linguistic	_	ContainsVariation=No	_	_	5x1	_	_	0-8(331)
933-12	PKP136	933	12	e:h	eh	_	_	_	_	_	linguistic	_	ContainsVariation=No	_	End=1721.65	0x1	_	_	_
934-0	PKP142	934	0	[ci	ci	_	_	_	_	_	linguistic	_	ContainsVariation=No	_	Begin=1720.461	_	_	_	0-2(331)
934-1	PKP142	934	1	(chiaria:mo)	chiariamo	_	_	_	_	_	linguistic	_	ContainsVariation=No	_	_	6x1	_	0-9(0)	0-9(331)
934-2	PKP142	934	2	e]	e	_	_	_	_	_	linguistic	_	ContainsVariation=No	_	End=1721.562	_	_	_	0-1(331)
935-0	PKP142	935	0	c(io)è:	cioè	_	_	_	_	_	linguistic	_	ContainsVariation=No	Reduced=Yes	Begin=1721.65|End=1722.104	3x1	_	_	_
936-0	PKP142	936	0	una	una	_	_	_	_	_	linguistic	_	ContainsVariation=No	_	Begin=1722.377	_	_	_	_
936-1	PKP142	936	1	cosa:	cosa	_	_	_	_	_	linguistic	_	ContainsVariation=No	_	End=1723.027	3x1	_	_	_
937-0	PKP142	937	0	civi:le	civile	_	_	_	_	_	linguistic	_	ContainsVariation=No	_	Begin=1723.403|End=1723.948	3x1	_	_	_
938-0	PKP136	938	0	esa:tto	esatto	_	_	_	_	_	linguistic	_	ContainsVariation=No	_	Begin=1723.948	2x1	_	_	_
938-1	PKP136	938	1	((sospira))	((sospira))	_	_	_	_	_	nonverbalbehavior	_	ContainsVariation=No	_	End=1724.497	_	_	_	_
939-0	PKP136	939	0	che	che	_	_	_	_	_	linguistic	_	ContainsVariation=No	_	Begin=1724.819	_	_	_	_
939-1	PKP136	939	1	poi	poi	_	_	_	_	_	linguistic	_	ContainsVariation=No	_	_	_	_	_	_
939-2	PKP136	939	2	a	a	_	_	_	_	_	linguistic	_	ContainsVariation=No	_	_	_	_	_	_
939-3	PKP136	939	3	quanto	quanto	_	_	_	_	_	linguistic	_	ContainsVariation=No	_	_	_	_	_	_
939-4	PKP136	939	4	pare	pare	_	_	_	_	_	linguistic	_	ContainsVariation=No	_	_	_	_	_	_
939-5	PKP136	939	5	è	è	_	_	_	_	_	linguistic	_	ContainsVariation=No	_	_	_	_	_	_
939-6	PKP136	939	6	difficili:ssima	difficilissima	_	_	_	_	_	linguistic	_	ContainsVariation=No	_	_	8x1	_	_	_
939-7	PKP136	939	7	una	una	_	_	_	_	_	linguistic	_	ContainsVariation=No	_	_	_	_	_	_
939-8	PKP136	939	8	cosa	cosa	_	_	_	_	_	linguistic	_	ContainsVariation=No	_	_	_	_	_	_
939-9	PKP136	939	9	del	del	_	_	_	_	_	linguistic	_	ContainsVariation=No	_	_	_	_	_	_
939-10	PKP136	939	10	g[e:nere]	genere	_	_	_	_	_	linguistic	_	ContainsVariation=No	_	End=1727.549	1x1	_	_	1-6(333)
940-0	PKP142	940	0	((ride))	((ride))	_	_	_	_	_	nonverbalbehavior	_	ContainsVariation=No	_	Begin=1725.855|End=1726.71	_	_	_	_
941-0	PKP142	941	0	[senza	senza	_	_	_	_	_	linguistic	_	ContainsVariation=No	_	Begin=1727.064	_	_	_	0-5(333)
941-1	PKP142	941	1	che	che	_	_	_	_	_	linguistic	_	ContainsVariation=No	_	_	_	_	_	0-3(333)
941-2	PKP142	941	2	u]no	uno	_	_	_	_	_	linguistic	_	ContainsVariation=No	_	_	_	_	_	0-1(333)
941-3	PKP142	941	3	s'	s'	_	_	_	_	_	linguistic	_	ContainsVariation=No	SpaceAfter=No	_	_	_	_	_
941-4	PKP142	941	4	offe:nde,	offende	_	_	_	_	_	linguistic	_	ContainsVariation=No	Intonation=WeaklyRising	_	3x1	_	_	_
941-5	PKP142	941	5	o:	o	_	_	_	_	_	linguistic	_	ContainsVariation=No	_	_	0x1	_	_	_
941-6	PKP142	941	6	non	non	_	_	_	_	_	linguistic	_	ContainsVariation=No	_	_	_	_	_	_
941-7	PKP142	941	7	ti	ti	_	_	_	_	_	linguistic	_	ContainsVariation=No	_	_	_	_	_	_
941-8	PKP142	941	8	parla	parla	_	_	_	_	_	linguistic	_	ContainsVariation=No	_	_	_	_	_	_
941-9	PKP142	941	9	più	più	_	_	_	_	_	linguistic	_	ContainsVariation=No	_	_	_	_	_	_
941-10	PKP142	941	10	°no:n	non	_	_	_	_	_	linguistic	_	ContainsVariation=No	Volume=low	_	1x1	_	_	_
941-11	PKP142	941	11	lo	lo	_	_	_	_	_	linguistic	_	ContainsVariation=No	Volume=low	_	_	_	_	_
941-12	PKP142	941	12	so°	so	_	_	_	_	_	linguistic	_	ContainsVariation=No	Volume=low	End=1729.719	_	_	_	_
942-0	PKP136	942	0	bo:h	boh	_	_	_	_	_	linguistic	_	ContainsVariation=No	_	Begin=1729.719|End=1730.229	1x1	_	_	_
943-0	PKP136	943	0	vabbé,	vabbé	_	_	_	_	_	linguistic	_	ContainsVariation=No	Intonation=WeaklyRising	Begin=1731.535	_	_	_	_
943-1	PKP136	943	1	vedremo	vedremo	_	_	_	_	_	linguistic	_	ContainsVariation=No	_	End=1733.064	_	_	_	_
944-0	PKP136	944	0	e	e	_	_	_	_	_	linguistic	_	ContainsVariation=No	_	Begin=1734.437	_	_	_	_
944-1	PKP136	944	1	niente	niente	_	_	_	_	_	linguistic	_	ContainsVariation=No	_	End=1735.26	_	_	_	_
945-0	PKP142	945	0	((schiocca_la_lingua))	((schiocca_la_lingua))	_	_	_	_	_	nonverbalbehavior	_	ContainsVariation=No	_	Begin=1735.37	_	_	_	_
945-1	PKP142	945	1	e	e	_	_	_	_	_	linguistic	_	ContainsVariation=No	_	_	_	_	_	_
945-2	PKP142	945	2	niente	niente	_	_	_	_	_	linguistic	_	ContainsVariation=No	_	End=1736.326	_	_	_	_
946-0	PKP142	946	0	b[eh	beh	_	_	_	_	_	linguistic	_	ContainsVariation=No	_	Begin=1738.194	_	_	_	1-3(334)
946-1	PKP142	946	1	sa]ra	sara	_	_	_	_	_	linguistic	_	ContainsVariation=No	_	_	_	_	_	0-2(334)
946-2	PKP142	946	2	sei	sei	_	_	_	_	_	linguistic	_	ContainsVariation=No	_	_	_	_	_	_
946-3	PKP142	946	3	pronta	pronta	_	_	_	_	_	linguistic	_	ContainsVariation=No	_	_	_	_	_	_
946-4	PKP142	946	4	a	a	_	_	_	_	_	linguistic	_	ContainsVariation=No	_	_	_	_	_	_
946-5	PKP142	946	5	vedermi	vedermi	_	_	_	_	_	linguistic	_	ContainsVariation=No	_	_	_	_	_	_
946-6	PKP142	946	6	domani	domani	_	_	_	_	_	linguistic	_	ContainsVariation=No	_	_	_	_	_	_
946-7	PKP142	946	7	con	con	_	_	_	_	_	linguistic	_	ContainsVariation=No	_	_	_	_	_	_
946-8	PKP142	946	8	i	i	_	_	_	_	_	linguistic	_	ContainsVariation=No	_	_	_	_	_	_
946-9	PKP142	946	9	capelli	capelli	_	_	_	_	_	linguistic	_	ContainsVariation=No	_	_	_	_	_	_
946-10	PKP142	946	10	piastra:ti	piastrati	_	_	_	_	_	linguistic	_	ContainsVariation=No	_	_	6x1	_	_	_
946-11	PKP142	946	11	tutta	tutta	_	_	_	_	_	linguistic	_	ContainsVariation=No	_	_	_	_	_	_
946-12	PKP142	946	12	trucca:ta	truccata	_	_	_	_	_	linguistic	_	ContainsVariation=No	_	_	5x1	_	_	_
946-13	PKP142	946	13	e:	e	_	_	_	_	_	linguistic	_	ContainsVariation=No	_	_	0x1	_	_	_
946-14	PKP142	946	14	vestita	vestita	_	_	_	_	_	linguistic	_	ContainsVariation=No	_	_	_	_	_	_
946-15	PKP142	946	15	decentemente?	decentemente	_	_	_	_	_	linguistic	_	ContainsVariation=No	Intonation=Rising	End=1742.513	_	_	_	_
947-0	PKP136	947	0	[mh]	mh	_	_	_	_	_	linguistic	_	ContainsVariation=No	_	Begin=1738.27|End=1738.59	_	_	_	0-2(334)
948-0	PKP141	948	0	perché?	perché	_	_	_	_	_	linguistic	_	ContainsVariation=No	Intonation=Rising	Begin=1742.893|End=1743.394	_	_	_	_
949-0	PKP136	949	0	che	che	_	_	_	_	_	linguistic	_	ContainsVariation=No	_	Begin=1743.394	_	_	_	_
949-1	PKP136	949	1	dev[i	devi	_	_	_	_	_	linguistic	_	ContainsVariation=No	_	_	_	_	_	3-4(335)
949-2	PKP136	949	2	fa:re]?	fare	_	_	_	_	_	linguistic	_	ContainsVariation=No	Intonation=Rising	End=1744.434	1x1	_	_	0-4(335)
950-0	PKP142	950	0	[perché	perché	_	_	_	_	_	linguistic	_	ContainsVariation=No	_	Begin=1743.717	_	_	_	0-6(335)
950-1	PKP142	950	1	adesso	adesso	_	_	_	_	_	linguistic	_	ContainsVariation=No	_	_	_	_	_	0-6(335)
950-2	PKP142	950	2	sto]	sto	_	_	_	_	_	linguistic	_	ContainsVariation=No	_	End=1744.42	_	_	_	0-3(335)
951-0	PKP142	951	0	(i)	i	_	_	_	_	_	linguistic	_	ContainsVariation=No	_	Begin=1744.529	_	_	0-1(0)	_
951-1	PKP142	951	1	a	a	_	_	_	_	_	linguistic	_	ContainsVariation=No	_	_	_	_	_	_
951-2	PKP142	951	2	lezio:ne	lezione	_	_	_	_	_	linguistic	_	ContainsVariation=No	_	_	4x1	_	_	_
951-3	PKP142	951	3	((ride))	((ride))	_	_	_	_	_	nonverbalbehavior	_	ContainsVariation=No	_	End=1746.899	_	_	_	_
952-0	PKP136	952	0	((ride))	((ride))	_	_	_	_	_	nonverbalbehavior	_	ContainsVariation=No	_	Begin=1745.199|End=1746.854	_	_	_	_
953-0	PKP141	953	0	ma	ma	_	_	_	_	_	linguistic	_	ContainsVariation=No	_	Begin=1746.042	_	_	_	_
953-1	PKP141	953	1	infatti	infatti	_	_	_	_	_	linguistic	_	ContainsVariation=No	_	_	_	_	_	_
953-2	PKP141	953	2	all'	all'	_	_	_	_	_	linguistic	_	ContainsVariation=No	SpaceAfter=No	_	_	_	_	_
953-3	PKP141	953	3	inizio,	inizio	_	_	_	_	_	linguistic	_	ContainsVariation=No	Intonation=WeaklyRising	_	_	_	_	_
953-4	PKP141	953	4	[(sapevo)	sapevo	_	_	_	_	_	linguistic	_	ContainsVariation=No	_	_	_	_	0-6(0)	0-6(336)
953-5	PKP141	953	5	qual]c[o:sa]?	qualcosa	_	_	_	_	_	linguistic	_	ContainsVariation=No	Intonation=Rising	End=1748.308	5x1	_	_	0-4(336),4-8(337)
954-0	PKP136	954	0	[dicevo]	dicevo	_	_	_	_	_	linguistic	_	ContainsVariation=No	_	Begin=1746.913|End=1747.498	_	_	_	0-6(336)
955-0	PKP136	955	0	[c'	c'	_	_	_	_	_	linguistic	_	ContainsVariation=No	SpaceAfter=No	Begin=1747.695	_	_	_	0-2(337)
955-1	PKP136	955	1	hai	hai	_	_	_	_	_	linguistic	_	ContainsVariation=No	_	_	_	_	_	0-3(337)
955-2	PKP136	955	2	un	un	_	_	_	_	_	linguistic	_	ContainsVariation=No	_	_	_	_	_	0-2(337)
955-3	PKP136	955	3	matrimo]:nio?	matrimonio	_	_	_	_	_	linguistic	_	ContainsVariation=No	Intonation=Rising	_	6x1	_	_	0-7(337)
955-4	PKP136	955	4	boh?	boh	_	_	_	_	_	linguistic	_	ContainsVariation=No	Intonation=Rising	End=1749.385	_	_	_	_
956-0	PKP142	956	0	no	no	_	_	_	_	_	linguistic	_	ContainsVariation=No	_	Begin=1749.787	_	_	_	_
956-1	PKP142	956	1	io	io	_	_	_	_	_	linguistic	_	ContainsVariation=No	_	_	_	_	_	_
956-2	PKP142	956	2	per	per	_	_	_	_	_	linguistic	_	ContainsVariation=No	_	_	_	_	_	_
956-3	PKP142	956	3	andare	andare	_	_	_	_	_	linguistic	_	ContainsVariation=No	_	_	_	_	_	_
956-4	PKP142	956	4	a	a	_	_	_	_	_	linguistic	_	ContainsVariation=No	_	_	_	_	_	_
956-5	PKP142	956	5	lezio:ne	lezione	_	_	_	_	_	linguistic	_	ContainsVariation=No	_	_	4x1	_	_	_
956-6	PKP142	956	6	mi	mi	_	_	_	_	_	linguistic	_	ContainsVariation=No	_	_	_	_	_	_
956-7	PKP142	956	7	metto	metto	_	_	_	_	_	linguistic	_	ContainsVariation=No	_	_	_	_	_	_
956-8	PKP142	956	8	sempre	sempre	_	_	_	_	_	linguistic	_	ContainsVariation=No	_	_	_	_	_	_
956-9	PKP142	956	9	il	il	_	_	_	_	_	linguistic	_	ContainsVariation=No	_	_	_	_	_	_
956-10	PKP142	956	10	corretto:re,	correttore	_	_	_	_	_	linguistic	_	ContainsVariation=No	Intonation=WeaklyRising	_	7x1	_	_	_
956-11	PKP142	956	11	il	il	_	_	_	_	_	linguistic	_	ContainsVariation=No	_	_	_	_	_	_
956-12	PKP142	956	12	masca:ra,	mascara	_	_	_	_	_	linguistic	_	ContainsVariation=No	Intonation=WeaklyRising	End=1753.332	4x1	_	_	_
957-0	PKP136	957	0	ah	ah	_	_	_	_	_	linguistic	_	ContainsVariation=No	_	Begin=1753.332	_	_	_	_
957-1	PKP136	957	1	beh	beh	_	_	_	_	_	linguistic	_	ContainsVariation=No	_	_	_	_	_	_
957-2	PKP136	957	2	ma	ma	_	_	_	_	_	linguistic	_	ContainsVariation=No	_	_	_	_	_	_
957-3	PKP136	957	3	guarda:	guarda	_	_	_	_	_	linguistic	_	ContainsVariation=No	_	_	5x1	_	_	_
957-4	PKP136	957	4	[i~	i~	_	_	_	_	_	linguistic	_	ContainsVariation=No	Interrupted=Yes|PauseAfter=Yes	_	_	_	_	0-2(338)
957-5	PKP136	957	5	(.)	(.)	_	_	_	_	_	shortpause	_	ContainsVariation=No	_	_	_	_	_	X(338)
957-6	PKP136	957	6	pure	pure	_	_	_	_	_	linguistic	_	ContainsVariation=No	_	_	_	_	_	0-4(338)
957-7	PKP136	957	7	io	io	_	_	_	_	_	linguistic	_	ContainsVariation=No	_	_	_	_	_	0-2(338)
957-8	PKP136	957	8	dovre:i]	dovrei	_	_	_	_	_	linguistic	_	ContainsVariation=No	_	End=1755.603	4x1	_	_	0-6(338)
958-0	PKP142	958	0	[poi,	poi	_	_	_	_	_	linguistic	_	ContainsVariation=No	Intonation=WeaklyRising	Begin=1754.376	_	_	_	0-3(338)
958-1	PKP142	958	1	i	i	_	_	_	_	_	linguistic	_	ContainsVariation=No	_	_	_	_	_	0-1(338)
958-2	PKP142	958	2	capelli:]	capelli	_	_	_	_	_	linguistic	_	ContainsVariation=No	_	End=1755.586	6x1	_	_	0-7(338)
959-0	PKP142	959	0	no	no	_	_	_	_	_	linguistic	_	ContainsVariation=No	_	Begin=1755.89	_	_	_	_
959-1	PKP142	959	1	c(io)è,	cioè	_	_	_	_	_	linguistic	_	ContainsVariation=No	Intonation=WeaklyRising|Reduced=Yes	_	_	_	_	_
959-2	PKP142	959	2	dopo	dopo	_	_	_	_	_	linguistic	_	ContainsVariation=No	_	_	_	_	_	_
959-3	PKP142	959	3	lavati	lavati	_	_	_	_	_	linguistic	_	ContainsVariation=No	_	_	_	_	_	_
959-4	PKP142	959	4	me	me	_	_	_	_	_	linguistic	_	ContainsVariation=No	_	_	_	_	_	_
959-5	PKP142	959	5	li	li	_	_	_	_	_	linguistic	_	ContainsVariation=No	_	_	_	_	_	_
959-6	PKP142	959	6	piastro:m:h	piastromh	_	_	_	_	_	linguistic	_	ContainsVariation=No	_	_	6x1,7x1	_	_	_
959-7	PKP142	959	7	u~	u~	_	_	_	_	_	linguistic	_	ContainsVariation=No	Interrupted=Yes	_	_	_	_	_
959-8	PKP142	959	8	una	una	_	_	_	_	_	linguistic	_	ContainsVariation=No	_	_	_	_	_	_
959-9	PKP142	959	9	volta	volta	_	_	_	_	_	linguistic	_	ContainsVariation=No	_	_	_	_	_	_
959-10	PKP142	959	10	(e	e	_	_	_	_	_	linguistic	_	ContainsVariation=No	_	_	_	_	0-1(0)	_
959-11	PKP142	959	11	l'	l'	_	_	_	_	_	linguistic	_	ContainsVariation=No	SpaceAfter=No	_	_	_	0-2(0)	_
959-12	PKP142	959	12	eff[etto	effetto	_	_	_	_	_	linguistic	_	ContainsVariation=No	_	_	_	_	0-7(0)	2-7(339)
959-13	PKP142	959	13	se	se	_	_	_	_	_	linguistic	_	ContainsVariation=No	_	_	_	_	0-2(0)	0-2(339)
959-14	PKP142	959	14	ne	ne	_	_	_	_	_	linguistic	_	ContainsVariation=No	_	_	_	_	0-2(0)	0-2(339)
959-15	PKP142	959	15	va)]	va	_	_	_	_	_	linguistic	_	ContainsVariation=No	_	End=1759.705	_	_	0-2(0)	0-2(339)
960-0	PKP136	960	0	[ma	ma	_	_	_	_	_	linguistic	_	ContainsVariation=No	_	Begin=1759.291	_	_	_	0-2(339)
960-1	PKP136	960	1	perché	perché	_	_	_	_	_	linguistic	_	ContainsVariation=No	_	_	_	_	_	0-6(339)
960-2	PKP136	960	2	c]e	ce	_	_	_	_	_	linguistic	_	ContainsVariation=No	_	_	_	_	_	0-1(339)
960-3	PKP136	960	3	li	li	_	_	_	_	_	linguistic	_	ContainsVariation=No	_	_	_	_	_	_
960-4	PKP136	960	4	hai	hai	_	_	_	_	_	linguistic	_	ContainsVariation=No	_	_	_	_	_	_
960-5	PKP136	960	5	mo:ssi?	mossi	_	_	_	_	_	linguistic	_	ContainsVariation=No	Intonation=Rising	End=1760.565	1x1	_	_	_
961-0	PKP142	961	0	no:	no	_	_	_	_	_	linguistic	_	ContainsVariation=No	_	Begin=1760.609	1x1	_	_	_
961-1	PKP142	961	1	ce	ce	_	_	_	_	_	linguistic	_	ContainsVariation=No	_	_	_	_	_	_
961-2	PKP142	961	2	lo	lo	_	_	_	_	_	linguistic	_	ContainsVariation=No	_	_	_	_	_	_
961-3	PKP142	961	3	ho:	ho	_	_	_	_	_	linguistic	_	ContainsVariation=No	_	_	1x1	_	_	_
961-4	PKP142	961	4	lisci	lisci	_	_	_	_	_	linguistic	_	ContainsVariation=No	_	_	_	_	_	_
961-5	PKP142	961	5	però	però	_	_	_	_	_	linguistic	_	ContainsVariation=No	_	_	_	_	_	_
961-6	PKP142	961	6	vedi	vedi	_	_	_	_	_	linguistic	_	ContainsVariation=No	_	_	_	_	_	_
961-7	PKP142	961	7	sono	sono	_	_	_	_	_	linguistic	_	ContainsVariation=No	_	_	_	_	_	_
961-8	PKP142	961	8	tutti	tutti	_	_	_	_	_	linguistic	_	ContainsVariation=No	_	_	_	_	_	_
961-9	PKP142	961	9	spa[ra:ti]	sparati	_	_	_	_	_	linguistic	_	ContainsVariation=No	_	End=1763.12	4x1	_	_	3-7(340)
962-0	PKP141	962	0	[ma	ma	_	_	_	_	_	linguistic	_	ContainsVariation=No	_	Begin=1762.821	_	_	_	0-2(340)
962-1	PKP141	962	1	ch][e	che	_	_	_	_	_	linguistic	_	ContainsVariation=No	_	_	_	_	_	0-2(340),2-3(341)
962-2	PKP141	962	2	(dici	dici	_	_	_	_	_	linguistic	_	ContainsVariation=No	_	_	_	_	0-4(0)	0-4(341)
962-3	PKP141	962	3	pi]:a)	pia	_	_	_	_	_	linguistic	_	ContainsVariation=No	_	_	1x1	_	0-3(0)	0-2(341)
962-4	PKP141	962	4	so~	so~	_	_	_	_	_	linguistic	_	ContainsVariation=No	Interrupted=Yes	_	_	_	_	_
962-5	PKP141	962	5	perfe:tti	perfetti	_	_	_	_	_	linguistic	_	ContainsVariation=No	_	End=1765.411	4x1	_	_	_
963-0	PKP136	963	0	[m::h]	mh	_	_	_	_	_	linguistic	_	ContainsVariation=No	_	Begin=1763.122|End=1763.678	0x2	_	_	0-2(341)
964-0	PKP142	964	0	((si_lamenta))	((si_lamenta))	_	_	_	_	_	nonverbalbehavior	_	ContainsVariation=No	_	Begin=1764.691|End=1765.677	_	_	_	_
965-0	PKP136	965	0	((ride))	((ride))	_	_	_	_	_	nonverbalbehavior	_	ContainsVariation=No	_	Begin=1765.677|End=1766.434	_	_	_	_
966-0	PKP142	966	0	[sono	sono	_	_	_	_	_	linguistic	_	ContainsVariation=No	_	Begin=1766.48	_	_	_	0-4(343)
966-1	PKP142	966	1	perfe:tti	perfetti	_	_	_	_	_	linguistic	_	ContainsVariation=No	_	_	4x1	_	_	0-8(343)
966-2	PKP142	966	2	ma]	ma	_	_	_	_	_	linguistic	_	ContainsVariation=No	_	_	_	_	_	0-2(343)
966-3	PKP142	966	3	me	me	_	_	_	_	_	linguistic	_	ContainsVariation=No	_	_	_	_	_	_
966-4	PKP142	966	4	li	li	_	_	_	_	_	linguistic	_	ContainsVariation=No	_	_	_	_	_	_
966-5	PKP142	966	5	pia:stro	piastro	_	_	_	_	_	linguistic	_	ContainsVariation=No	_	End=1768.071	2x1	_	_	_
967-0	PKP141	967	0	[(sono	sono	_	_	_	_	_	linguistic	_	ContainsVariation=No	_	Begin=1766.495	_	_	0-4(0)	0-4(343)
967-1	PKP141	967	1	perfe:tti)]	perfetti	_	_	_	_	_	linguistic	_	ContainsVariation=No	_	End=1767.471	4x1	_	0-8(0)	0-8(343)
968-0	PKP142	968	0	ma	ma	_	_	_	_	_	linguistic	_	ContainsVariation=No	_	Begin=1768.277	_	_	_	_
968-1	PKP142	968	1	ci	ci	_	_	_	_	_	linguistic	_	ContainsVariation=No	_	_	_	_	_	_
968-2	PKP142	968	2	metto	metto	_	_	_	_	_	linguistic	_	ContainsVariation=No	_	_	_	_	_	_
968-3	PKP142	968	3	due	due	_	_	_	_	_	linguistic	_	ContainsVariation=No	_	_	_	_	_	_
968-4	PKP142	968	4	min[u:ti	minuti	_	_	_	_	_	linguistic	_	ContainsVariation=No	_	_	3x1	_	_	3-6(344)
968-5	PKP142	968	5	a	a	_	_	_	_	_	linguistic	_	ContainsVariation=No	_	_	_	_	_	0-1(344)
968-6	PKP142	968	6	piastra~]	piastra~	_	_	_	_	_	linguistic	_	ContainsVariation=No	Interrupted=Yes	End=1769.672	_	_	_	0-8(344)
969-0	PKP136	969	0	[ma	ma	_	_	_	_	_	linguistic	_	ContainsVariation=No	_	Begin=1768.977	_	_	_	0-2(344)
969-1	PKP136	969	1	ma	ma	_	_	_	_	_	linguistic	_	ContainsVariation=No	_	_	_	_	_	0-2(344)
969-2	PKP136	969	2	x	x	_	_	_	_	_	unknown	_	ContainsVariation=No	Syllables=1	_	_	_	_	0-1(344)
969-3	PKP136	969	3	petti]na:ti	pettinati	_	_	_	_	_	linguistic	_	ContainsVariation=No	_	_	6x1	_	_	0-5(344)
969-4	PKP136	969	4	al	al	_	_	_	_	_	linguistic	_	ContainsVariation=No	_	_	_	_	_	_
969-5	PKP136	969	5	massimo	massimo	_	_	_	_	_	linguistic	_	ContainsVariation=No	_	_	_	_	_	_
969-6	PKP136	969	6	°che	che	_	_	_	_	_	linguistic	_	ContainsVariation=No	Volume=low	_	_	_	_	_
969-7	PKP136	969	7	ti	ti	_	_	_	_	_	linguistic	_	ContainsVariation=No	Volume=low	_	_	_	_	_
969-8	PKP136	969	8	[devo	devo	_	_	_	_	_	linguistic	_	ContainsVariation=No	Volume=low	_	_	_	_	0-4(345)
969-9	PKP136	969	9	dire°]	dire	_	_	_	_	_	linguistic	_	ContainsVariation=No	Volume=low	End=1771.468	_	_	_	0-4(345)
970-0	PKP142	970	0	[no	no	_	_	_	_	_	linguistic	_	ContainsVariation=No	_	Begin=1770.803	_	_	_	0-2(345)
970-1	PKP142	970	1	no	no	_	_	_	_	_	linguistic	_	ContainsVariation=No	_	_	_	_	_	0-2(345)
970-2	PKP142	970	2	perché	perché	_	_	_	_	_	linguistic	_	ContainsVariation=No	_	_	_	_	_	0-6(345)
970-3	PKP142	970	3	c'	c'	_	_	_	_	_	linguistic	_	ContainsVariation=No	SpaceAfter=No	_	_	_	_	0-2(345)
970-4	PKP142	970	4	ho]	ho	_	_	_	_	_	linguistic	_	ContainsVariation=No	_	_	_	_	_	0-2(345)
970-5	PKP142	970	5	questi	questi	_	_	_	_	_	linguistic	_	ContainsVariation=No	_	_	_	_	_	_
970-6	PKP142	970	6	capellini	capellini	_	_	_	_	_	linguistic	_	ContainsVariation=No	_	_	_	_	_	_
970-7	PKP142	970	7	sparati	sparati	_	_	_	_	_	linguistic	_	ContainsVariation=No	_	_	_	_	_	_
970-8	PKP142	970	8	che	che	_	_	_	_	_	linguistic	_	ContainsVariation=No	_	_	_	_	_	_
970-9	PKP142	970	9	mi	mi	_	_	_	_	_	linguistic	_	ContainsVariation=No	_	_	_	_	_	_
970-10	PKP142	970	10	dan(no)	danno	_	_	_	_	_	linguistic	_	ContainsVariation=No	_	End=1772.89	_	_	2-5(0)	_
971-0	PKP141	971	0	vabbè	vabbè	_	_	_	_	_	linguistic	_	ContainsVariation=No	_	Begin=1772.877	_	_	_	_
971-1	PKP141	971	1	m:h	mh	_	_	_	_	_	linguistic	_	ContainsVariation=No	_	_	0x1	_	_	_
971-2	PKP141	971	2	n[on	non	_	_	_	_	_	linguistic	_	ContainsVariation=No	_	_	_	_	_	1-3(347)
971-3	PKP141	971	3	xx]	xx	_	_	_	_	_	unknown	_	ContainsVariation=No	Syllables=2	End=1774.738	_	_	_	0-2(347)
972-0	PKP142	972	0	[estremamente	estremamente	_	_	_	_	_	linguistic	_	ContainsVariation=No	_	Begin=1773.726	_	_	_	0-12(347)
972-1	PKP142	972	1	fasti:]dio	fastidio	_	_	_	_	_	linguistic	_	ContainsVariation=No	_	_	4x1	_	_	0-5(347)
972-2	PKP142	972	2	poi	poi	_	_	_	_	_	linguistic	_	ContainsVariation=No	_	_	_	_	_	_
972-3	PKP142	972	3	se	se	_	_	_	_	_	linguistic	_	ContainsVariation=No	_	_	_	_	_	_
972-4	PKP142	972	4	non	non	_	_	_	_	_	linguistic	_	ContainsVariation=No	_	_	_	_	_	_
972-5	PKP142	972	5	li	li	_	_	_	_	_	linguistic	_	ContainsVariation=No	_	_	_	_	_	_
972-6	PKP142	972	6	pia:stro,	piastro	_	_	_	_	_	linguistic	_	ContainsVariation=No	Intonation=WeaklyRising	_	2x1	_	_	_
972-7	PKP142	972	7	con	con	_	_	_	_	_	linguistic	_	ContainsVariation=No	_	_	_	_	_	_
972-8	PKP142	972	8	l'	l'	_	_	_	_	_	linguistic	_	ContainsVariation=No	SpaceAfter=No	_	_	_	_	_
972-9	PKP142	972	9	umidità:	umidità	_	_	_	_	_	linguistic	_	ContainsVariation=No	_	End=1776.848	6x1	_	_	_
973-0	PKP142	973	0	diventano,	diventano	_	_	_	_	_	linguistic	_	ContainsVariation=No	Intonation=WeaklyRising	Begin=1777.075	_	_	_	_
973-1	PKP142	973	1	divento	divento	_	_	_	_	_	linguistic	_	ContainsVariation=No	_	_	_	_	_	_
973-2	PKP142	973	2	un	un	_	_	_	_	_	linguistic	_	ContainsVariation=No	_	_	_	_	_	_
973-3	PKP142	973	3	<cespu:glio>	cespuglio	_	_	_	_	_	linguistic	_	ContainsVariation=No	_	_	4x1	Slow=0-9(0)	_	_
973-4	PKP142	973	4	divento	divento	_	_	_	_	_	linguistic	_	ContainsVariation=No	_	_	_	_	_	_
973-5	PKP142	973	5	x	x	_	_	_	_	_	unknown	_	ContainsVariation=No	Syllables=1	_	_	_	_	_
973-6	PKP142	973	6	inguarda:bile	inguardabile	_	_	_	_	_	linguistic	_	ContainsVariation=No	_	End=1780.284	7x1	_	_	_
974-0	PKP136	974	0	((ride))	((ride))	_	_	_	_	_	nonverbalbehavior	_	ContainsVariation=No	_	Begin=1778.757|End=1779.122	_	_	_	_
975-0	PKP142	975	0	quindi::	quindi	_	_	_	_	_	linguistic	_	ContainsVariation=No	_	Begin=1780.721	5x2	_	_	_
975-1	PKP142	975	1	no	no	_	_	_	_	_	linguistic	_	ContainsVariation=No	_	End=1781.788	_	_	_	_
976-0	PKP142	976	0	e:he:h	eheh	_	_	_	_	_	linguistic	_	ContainsVariation=No	_	Begin=1782.723|End=1783.485	0x1,2x1	_	_	_
977-0	PKP136	977	0	capi:[to]	capito	_	_	_	_	_	linguistic	_	ContainsVariation=No	_	Begin=1783.544|End=1784.207	3x1	_	_	4-6(349)
978-0	PKP142	978	0	[ni]ente	niente	_	_	_	_	_	linguistic	_	ContainsVariation=No	_	Begin=1783.967|End=1784.52	_	_	_	0-2(349)
979-0	PKP136	979	0	vabbè	vabbè	_	_	_	_	_	linguistic	_	ContainsVariation=No	_	Begin=1784.7	_	_	_	_
979-1	PKP136	979	1	dai,	dai	_	_	_	_	_	linguistic	_	ContainsVariation=No	Intonation=WeaklyRising	_	_	_	_	_
979-2	PKP136	979	2	e	e	_	_	_	_	_	linguistic	_	ContainsVariation=No	_	_	_	_	_	_
979-3	PKP136	979	3	allora?	allora	_	_	_	_	_	linguistic	_	ContainsVariation=No	Intonation=Rising	_	_	_	_	_
979-4	PKP136	979	4	andiamo	andiamo	_	_	_	_	_	linguistic	_	ContainsVariation=No	_	_	_	_	_	_
979-5	PKP136	979	5	a	a	_	_	_	_	_	linguistic	_	ContainsVariation=No	_	_	_	_	_	_
979-6	PKP136	979	6	lavare	lavare	_	_	_	_	_	linguistic	_	ContainsVariation=No	_	_	_	_	_	_
979-7	PKP136	979	7	i	i	_	_	_	_	_	linguistic	_	ContainsVariation=No	_	_	_	_	_	_
979-8	PKP136	979	8	pia:tti	piatti	_	_	_	_	_	linguistic	_	ContainsVariation=No	_	End=1786.766	2x1	_	_	_
980-0	PKP141	980	0	vai	vai	_	_	_	_	_	linguistic	_	ContainsVariation=No	_	Begin=1786.766|End=1787.139	_	_	_	_
981-0	PKP142	981	0	c'	c'	_	_	_	_	_	linguistic	_	ContainsVariation=No	SpaceAfter=No	Begin=1787.391	_	_	_	_
981-1	PKP142	981	1	è	è	_	_	_	_	_	linguistic	_	ContainsVariation=No	_	_	_	_	_	_
981-2	PKP142	981	2	un'	un'	_	_	_	_	_	linguistic	_	ContainsVariation=No	SpaceAfter=No	_	_	_	_	_
981-3	PKP142	981	3	altra	altra	_	_	_	_	_	linguistic	_	ContainsVariation=No	_	_	_	_	_	_
981-4	PKP142	981	4	pa:sta	pasta	_	_	_	_	_	linguistic	_	ContainsVariation=No	_	_	1x1	_	_	_
981-5	PKP142	981	5	o:uh	ouh	_	_	_	_	_	linguistic	_	ContainsVariation=No	_	End=1788.8	0x1	_	_	_
