token_id	speaker	tu_id	id	span	form	lemma	upos	xpos	feats	deprel	type	meta_label	code-variation	jefferson_feats	align	prolongations	pace	guesses	overlaps
0-0	PKP029	0	0	ta:c	tac	_	_	_	_	_	linguistic	_	ContainsVariation=No	_	Begin=2.5|End=3.079	1x1	_	_	_
1-0	PKP029	1	0	madonna	madonna	_	_	_	_	_	linguistic	_	ContainsVariation=No	_	Begin=3.238	_	_	_	_
1-1	PKP029	1	1	che	che	_	_	_	_	_	linguistic	_	ContainsVariation=No	_	_	_	_	_	_
1-2	PKP029	1	2	la:go	lago	_	_	_	_	_	linguistic	_	ContainsVariation=No	_	_	1x1	_	_	_
1-3	PKP029	1	3	che	che	_	_	_	_	_	linguistic	_	ContainsVariation=No	_	_	_	_	_	_
1-4	PKP029	1	4	ho	ho	_	_	_	_	_	linguistic	_	ContainsVariation=No	_	_	_	_	_	_
1-5	PKP029	1	5	fatto	fatto	_	_	_	_	_	linguistic	_	ContainsVariation=No	_	End=4.567	_	_	_	_
2-0	PKP029	2	0	guarda	guarda	_	_	_	_	_	linguistic	_	ContainsVariation=No	_	Begin=7.102	_	_	_	_
2-1	PKP029	2	1	che	che	_	_	_	_	_	linguistic	_	ContainsVariation=No	_	_	_	_	_	_
2-2	PKP029	2	2	colore	colore	_	_	_	_	_	linguistic	_	ContainsVariation=No	_	_	_	_	_	_
2-3	PKP029	2	3	diverso	diverso	_	_	_	_	_	linguistic	_	ContainsVariation=No	_	_	_	_	_	_
2-4	PKP029	2	4	quelli	quelli	_	_	_	_	_	linguistic	_	ContainsVariation=No	_	_	_	_	_	_
2-5	PKP029	2	5	della	della	_	_	_	_	_	linguistic	_	ContainsVariation=No	_	_	_	_	_	_
2-6	PKP029	2	6	sara	sara	_	_	_	_	_	linguistic	_	ContainsVariation=No	_	_	_	_	_	_
2-7	PKP029	2	7	dai	dai	_	_	_	_	_	linguistic	_	ContainsVariation=No	_	_	_	_	_	_
2-8	PKP029	2	8	miei,	miei	_	_	_	_	_	linguistic	_	ContainsVariation=No	Intonation=WeaklyRising	End=9.268	_	_	_	_
3-0	PKP024	3	0	((ride))	((ride))	_	_	_	_	_	nonverbalbehavior	_	ContainsVariation=No	_	Begin=9.268	_	_	_	_
3-1	PKP024	3	1	ma	ma	_	_	_	_	_	linguistic	_	ContainsVariation=No	_	_	_	_	_	_
3-2	PKP024	3	2	infatti	infatti	_	_	_	_	_	linguistic	_	ContainsVariation=No	_	_	_	_	_	_
3-3	PKP024	3	3	co~	co~	_	_	_	_	_	linguistic	_	ContainsVariation=No	Interrupted=Yes	_	_	_	_	_
3-4	PKP024	3	4	i	i	_	_	_	_	_	linguistic	_	ContainsVariation=No	_	_	_	_	_	_
3-5	PKP024	3	5	tuoi	tuoi	_	_	_	_	_	linguistic	_	ContainsVariation=No	_	_	_	_	_	_
3-6	PKP024	3	6	son	son	_	_	_	_	_	linguistic	_	ContainsVariation=No	_	_	_	_	_	_
3-7	PKP024	3	7	da	da	_	_	_	_	_	linguistic	_	ContainsVariation=No	_	_	_	_	_	_
3-8	PKP024	3	8	ricchi	ricchi	_	_	_	_	_	linguistic	_	ContainsVariation=No	_	End=12.221	_	_	_	_
4-0	PKP092	4	0	((ride))	((ride))	_	_	_	_	_	nonverbalbehavior	_	ContainsVariation=No	_	Begin=9.618|End=10.272	_	_	_	_
5-0	PKP029	5	0	e:h	eh	_	_	_	_	_	linguistic	_	ContainsVariation=No	_	Begin=12.772	0x1	_	_	_
5-1	PKP029	5	1	i	i	_	_	_	_	_	linguistic	_	ContainsVariation=No	_	_	_	_	_	_
5-2	PKP029	5	2	s[uoi:]	suoi	_	_	_	_	_	linguistic	_	ContainsVariation=No	_	End=13.522	3x1	_	_	1-4(1)
6-0	PKP092	6	0	no	no	_	_	_	_	_	linguistic	_	ContainsVariation=No	_	Begin=13.096	_	_	_	_
6-1	PKP092	6	1	so[no::]	sono	_	_	_	_	_	linguistic	_	ContainsVariation=No	_	End=14.346	3x2	_	_	2-4(1)
7-0	PKP029	7	0	è	è	_	_	_	_	_	linguistic	_	ContainsVariation=No	_	Begin=14.829	_	_	_	_
7-1	PKP029	7	1	ch[e	che	_	_	_	_	_	linguistic	_	ContainsVariation=No	_	_	_	_	_	2-3(2)
7-2	PKP029	7	2	i	i	_	_	_	_	_	linguistic	_	ContainsVariation=No	_	_	_	_	_	0-1(2)
7-3	PKP029	7	3	miei	miei	_	_	_	_	_	linguistic	_	ContainsVariation=No	_	_	_	_	_	0-4(2)
7-4	PKP029	7	4	sono	sono	_	_	_	_	_	linguistic	_	ContainsVariation=No	_	_	_	_	_	0-4(2)
7-5	PKP029	7	5	già	già	_	_	_	_	_	linguistic	_	ContainsVariation=No	_	_	_	_	_	0-3(2)
7-6	PKP029	7	6	co:]tti	cotti	_	_	_	_	_	linguistic	_	ContainsVariation=No	_	_	1x1	_	_	0-2(2)
7-7	PKP029	7	7	capito?	capito	_	_	_	_	_	linguistic	_	ContainsVariation=No	Intonation=Rising	End=16.579	_	_	_	_
8-0	PKP092	8	0	[(no	no	_	_	_	_	_	linguistic	_	ContainsVariation=No	_	Begin=14.971	_	_	0-2(0)	0-2(2)
8-1	PKP092	8	1	sono	sono	_	_	_	_	_	linguistic	_	ContainsVariation=No	_	_	_	_	0-4(0)	0-4(2)
8-2	PKP092	8	2	gia	gia	_	_	_	_	_	linguistic	_	ContainsVariation=No	_	_	_	_	0-3(0)	0-3(2)
8-3	PKP092	8	3	co~)]	co~	_	_	_	_	_	linguistic	_	ContainsVariation=No	Interrupted=Yes	End=15.903	_	_	0-3(0)	0-3(2)
9-0	PKP024	9	0	a::h	ah	_	_	_	_	_	linguistic	_	ContainsVariation=No	_	Begin=16.596	0x2	_	_	_
9-1	PKP024	9	1	[okay]	okay	_	_	_	_	_	linguistic	_	ContainsVariation=No	_	End=17.528	_	_	_	0-4(3)
10-0	PKP092	10	0	[(to:p)]	top	_	_	_	_	_	linguistic	_	ContainsVariation=No	_	Begin=17.05|End=17.58	1x1	_	0-3(0)	0-3(3)
11-0	PKP092	11	0	dove	dove	_	_	_	_	_	linguistic	_	ContainsVariation=No	_	Begin=27.101	_	_	_	_
11-1	PKP092	11	1	pensavate	pensavate	_	_	_	_	_	linguistic	_	ContainsVariation=No	_	_	_	_	_	_
11-2	PKP092	11	2	di	di	_	_	_	_	_	linguistic	_	ContainsVariation=No	_	_	_	_	_	_
11-3	PKP092	11	3	andare	andare	_	_	_	_	_	linguistic	_	ContainsVariation=No	_	_	_	_	_	_
11-4	PKP092	11	4	a	a	_	_	_	_	_	linguistic	_	ContainsVariation=No	_	_	_	_	_	_
11-5	PKP092	11	5	fare	fare	_	_	_	_	_	linguistic	_	ContainsVariation=No	_	_	_	_	_	_
11-6	PKP092	11	6	aperitivo?	aperitivo	_	_	_	_	_	linguistic	_	ContainsVariation=No	Intonation=Rising	End=28.942	_	_	_	_
12-0	PKP029	12	0	boh	boh	_	_	_	_	_	linguistic	_	ContainsVariation=No	_	Begin=29.51|End=29.982	_	_	_	_
13-0	PKP024	13	0	via	via	_	_	_	_	_	linguistic	_	ContainsVariation=No	_	Begin=30.501	_	_	_	_
13-1	PKP024	13	1	zamboni?	zamboni	_	_	_	_	_	linguistic	_	ContainsVariation=No	Intonation=Rising	End=31.275	_	_	_	_
14-0	PKP029	14	0	(eh)	eh	_	_	_	_	_	linguistic	_	ContainsVariation=No	_	Begin=31.58|End=31.849	_	_	0-2(0)	_
15-0	PKP029	15	0	(non	non	_	_	_	_	_	linguistic	_	ContainsVariation=No	_	Begin=33.209	_	_	0-3(0)	_
15-1	PKP029	15	1	so)	so	_	_	_	_	_	linguistic	_	ContainsVariation=No	_	End=33.674	_	_	0-2(0)	_
16-0	PKP029	16	0	eh	eh	_	_	_	_	_	linguistic	_	ContainsVariation=No	_	Begin=34.106	_	_	_	_
16-1	PKP029	16	1	lei	lei	_	_	_	_	_	linguistic	_	ContainsVariation=No	_	_	_	_	_	_
16-2	PKP029	16	2	conosce	conosce	_	_	_	_	_	linguistic	_	ContainsVariation=No	_	_	_	_	_	_
16-3	PKP029	16	3	tanti	tanti	_	_	_	_	_	linguistic	_	ContainsVariation=No	_	_	_	_	_	_
16-4	PKP029	16	4	postici:ni	posticini	_	_	_	_	_	linguistic	_	ContainsVariation=No	_	_	6x1	_	_	_
16-5	PKP029	16	5	belli:ni	bellini	_	_	_	_	_	linguistic	_	ContainsVariation=No	_	End=36.219	4x1	_	_	_
17-0	PKP024	17	0	(ma)	ma	_	_	_	_	_	linguistic	_	ContainsVariation=No	_	Begin=36.219	_	_	0-2(0)	_
17-1	PKP024	17	1	c'	c'	_	_	_	_	_	linguistic	_	ContainsVariation=No	SpaceAfter=No	_	_	_	_	_
17-2	PKP024	17	2	è	è	_	_	_	_	_	linguistic	_	ContainsVariation=No	_	_	_	_	_	_
17-3	PKP024	17	3	ken	ken	_	_	_	_	_	linguistic	_	ContainsVariation=No	_	_	_	_	_	_
17-4	PKP024	17	4	se	se	_	_	_	_	_	linguistic	_	ContainsVariation=No	_	_	_	_	_	_
17-5	PKP024	17	5	no	no	_	_	_	_	_	linguistic	_	ContainsVariation=No	_	End=37.48	_	_	_	_
18-0	PKP024	18	0	((ride))	((ride))	_	_	_	_	_	nonverbalbehavior	_	ContainsVariation=No	_	Begin=37.65	_	_	_	_
18-1	PKP024	18	1	a	a	_	_	_	_	_	linguistic	_	ContainsVariation=No	_	_	_	_	_	_
18-2	PKP024	18	2	due	due	_	_	_	_	_	linguistic	_	ContainsVariation=No	_	_	_	_	_	_
18-3	PKP024	18	3	euro	euro	_	_	_	_	_	linguistic	_	ContainsVariation=No	_	_	_	_	_	_
18-4	PKP024	18	4	e	e	_	_	_	_	_	linguistic	_	ContainsVariation=No	_	_	_	_	_	_
18-5	PKP024	18	5	cinquanta	cinquanta	_	_	_	_	_	linguistic	_	ContainsVariation=No	_	_	_	_	_	_
18-6	PKP024	18	6	ti	ti	_	_	_	_	_	linguistic	_	ContainsVariation=No	_	_	_	_	_	_
18-7	PKP024	18	7	passa	passa	_	_	_	_	_	linguistic	_	ContainsVariation=No	_	_	_	_	_	_
18-8	PKP024	18	8	la	la	_	_	_	_	_	linguistic	_	ContainsVariation=No	_	_	_	_	_	_
18-9	PKP024	18	9	paura	paura	_	_	_	_	_	linguistic	_	ContainsVariation=No	_	End=39.88	_	_	_	_
19-0	PKP092	19	0	>io	io	_	_	_	_	_	linguistic	_	ContainsVariation=No	_	Begin=40.228	_	Fast=0-2(0)	_	_
19-1	PKP092	19	1	non	non	_	_	_	_	_	linguistic	_	ContainsVariation=No	_	_	_	Fast=0-3(0)	_	_
19-2	PKP092	19	2	ci	ci	_	_	_	_	_	linguistic	_	ContainsVariation=No	_	_	_	Fast=0-2(0)	_	_
19-3	PKP092	19	3	sono<	sono	_	_	_	_	_	linguistic	_	ContainsVariation=No	_	_	_	Fast=0-4(0)	_	_
19-4	PKP092	19	4	mai	mai	_	_	_	_	_	linguistic	_	ContainsVariation=No	_	_	_	_	_	_
19-5	PKP092	19	5	stata	stata	_	_	_	_	_	linguistic	_	ContainsVariation=No	_	End=41.21	_	_	_	_
20-0	PKP024	20	0	no:?	no	_	_	_	_	_	linguistic	_	ContainsVariation=No	Intonation=Rising	Begin=41.444|End=41.918	1x1	_	_	_
21-0	PKP024	21	0	ma	ma	_	_	_	_	_	linguistic	_	ContainsVariation=No	PauseAfter=Yes	Begin=43.674	_	_	_	_
21-1	PKP024	21	1	(.)	(.)	_	_	_	_	_	shortpause	_	ContainsVariation=No	_	_	_	_	_	_
21-2	PKP024	21	2	lui	lui	_	_	_	_	_	linguistic	_	ContainsVariation=No	_	_	_	_	_	_
21-3	PKP024	21	3	ne	ne	_	_	_	_	_	linguistic	_	ContainsVariation=No	_	_	_	_	_	_
21-4	PKP024	21	4	ha	ha	_	_	_	_	_	linguistic	_	ContainsVariation=No	_	_	_	_	_	_
21-5	PKP024	21	5	due	due	_	_	_	_	_	linguistic	_	ContainsVariation=No	_	_	_	_	_	_
21-6	PKP024	21	6	tipo	tipo	_	_	_	_	_	linguistic	_	ContainsVariation=No	_	_	_	_	_	_
21-7	PKP024	21	7	di	di	_	_	_	_	_	linguistic	_	ContainsVariation=No	_	_	_	_	_	_
21-8	PKP024	21	8	negozi	negozi	_	_	_	_	_	linguistic	_	ContainsVariation=No	_	End=45.777	_	_	_	_
22-0	PKP029	22	0	fa	fa	_	_	_	_	_	linguistic	_	ContainsVariation=No	_	Begin=45.78	_	_	_	_
22-1	PKP029	22	1	discretamente	discretamente	_	_	_	_	_	linguistic	_	ContainsVariation=No	_	_	_	_	_	_
22-2	PKP029	22	2	schifo	schifo	_	_	_	_	_	linguistic	_	ContainsVariation=No	_	End=47.173	_	_	_	_
23-0	PKP092	23	0	mh[mh]?	mhmh	_	_	_	_	_	linguistic	_	ContainsVariation=No	Intonation=Rising	Begin=47.731|End=48.202	_	_	_	2-4(4)
24-0	PKP024	24	0	[sì]	sì	_	_	_	_	_	linguistic	_	ContainsVariation=No	_	Begin=48.001	_	_	_	0-2(4)
24-1	PKP024	24	1	fa	fa	_	_	_	_	_	linguistic	_	ContainsVariation=No	_	_	_	_	_	_
24-2	PKP024	24	2	schifo	schifo	_	_	_	_	_	linguistic	_	ContainsVariation=No	_	_	_	_	_	_
24-3	PKP024	24	3	>però	però	_	_	_	_	_	linguistic	_	ContainsVariation=No	_	_	_	Fast=0-4(0)	_	_
24-4	PKP024	24	4	costa	costa	_	_	_	_	_	linguistic	_	ContainsVariation=No	_	_	_	Fast=0-5(0)	_	_
24-5	PKP024	24	5	(un)	un	_	_	_	_	_	linguistic	_	ContainsVariation=No	_	_	_	Fast=0-2(0)	0-2(0)	_
24-6	PKP024	24	6	euro	euro	_	_	_	_	_	linguistic	_	ContainsVariation=No	_	_	_	Fast=0-4(0)	_	_
24-7	PKP024	24	7	e	e	_	_	_	_	_	linguistic	_	ContainsVariation=No	_	_	_	Fast=0-1(0)	_	_
24-8	PKP024	24	8	cinquanta	cinquanta	_	_	_	_	_	linguistic	_	ContainsVariation=No	_	_	_	Fast=0-9(0)	_	_
24-9	PKP024	24	9	xx<	xx	_	_	_	_	_	unknown	_	ContainsVariation=No	Syllables=2	_	_	Fast=0-2(0)	_	_
24-10	PKP024	24	10	cioè:	cioè	_	_	_	_	_	linguistic	_	ContainsVariation=No	_	_	3x1	_	_	_
24-11	PKP024	24	11	nel	nel	_	_	_	_	_	linguistic	_	ContainsVariation=No	_	_	_	_	_	_
24-12	PKP024	24	12	senso	senso	_	_	_	_	_	linguistic	_	ContainsVariation=No	_	End=50.933	_	_	_	_
25-0	PKP024	25	0	quindi,	quindi	_	_	_	_	_	linguistic	_	ContainsVariation=No	Intonation=WeaklyRising	Begin=52.801|End=53.375	_	_	_	_
26-0	PKP024	26	0	ti	ti	_	_	_	_	_	linguistic	_	ContainsVariation=No	_	Begin=54.683	_	_	_	_
26-1	PKP024	26	1	tappi	tappi	_	_	_	_	_	linguistic	_	ContainsVariation=No	_	_	_	_	_	_
26-2	PKP024	26	2	il	il	_	_	_	_	_	linguistic	_	ContainsVariation=No	_	_	_	_	_	_
26-3	PKP024	26	3	na:so,	naso	_	_	_	_	_	linguistic	_	ContainsVariation=No	Intonation=WeaklyRising	End=55.769	1x1	_	_	_
27-0	PKP024	27	0	noi	noi	_	_	_	_	_	linguistic	_	ContainsVariation=No	_	Begin=59.004	_	_	_	_
27-1	PKP024	27	1	ieri	ieri	_	_	_	_	_	linguistic	_	ContainsVariation=No	_	_	_	_	_	_
27-2	PKP024	27	2	siamo	siamo	_	_	_	_	_	linguistic	_	ContainsVariation=No	_	_	_	_	_	_
27-3	PKP024	27	3	andati,	andati	_	_	_	_	_	linguistic	_	ContainsVariation=No	Intonation=WeaklyRising	End=60.085	_	_	_	_
28-0	PKP092	28	0	>dov'	dov'	_	_	_	_	_	linguistic	_	ContainsVariation=No	SpaceAfter=No	Begin=63.759	_	Fast=0-4(0)	_	_
28-1	PKP092	28	1	è<,	è	_	_	_	_	_	linguistic	_	ContainsVariation=No	Intonation=WeaklyRising	_	_	Fast=0-1(0)	_	_
28-2	PKP092	28	2	in	in	_	_	_	_	_	linguistic	_	ContainsVariation=No	_	_	_	_	_	_
28-3	PKP092	28	3	via	via	_	_	_	_	_	linguistic	_	ContainsVariation=No	_	_	_	_	_	_
28-4	PKP092	28	4	irne:rio?	irnerio	_	_	_	_	_	linguistic	_	ContainsVariation=No	Intonation=Rising	End=64.739	3x1	_	_	_
29-0	PKP024	29	0	mh	mh	_	_	_	_	_	linguistic	_	ContainsVariation=No	PauseAfter=Yes	Begin=65.313	_	_	_	_
29-1	PKP024	29	1	(.)	(.)	_	_	_	_	_	shortpause	_	ContainsVariation=No	_	_	_	_	_	_
29-2	PKP024	29	2	ce	ce	_	_	_	_	_	linguistic	_	ContainsVariation=No	_	_	_	_	_	_
29-3	PKP024	29	3	n'	n'	_	_	_	_	_	linguistic	_	ContainsVariation=No	SpaceAfter=No	_	_	_	_	_
29-4	PKP024	29	4	è	è	_	_	_	_	_	linguistic	_	ContainsVariation=No	_	_	_	_	_	_
29-5	PKP024	29	5	uno	uno	_	_	_	_	_	linguistic	_	ContainsVariation=No	_	_	_	_	_	_
29-6	PKP024	29	6	lì	lì	_	_	_	_	_	linguistic	_	ContainsVariation=No	_	_	_	_	_	_
29-7	PKP024	29	7	in	in	_	_	_	_	_	linguistic	_	ContainsVariation=No	_	_	_	_	_	_
29-8	PKP024	29	8	via	via	_	_	_	_	_	linguistic	_	ContainsVariation=No	_	_	_	_	_	_
29-9	PKP024	29	9	irnerio,	irnerio	_	_	_	_	_	linguistic	_	ContainsVariation=No	Intonation=WeaklyRising	End=67.22	_	_	_	_
30-0	PKP024	30	0	e	e	_	_	_	_	_	linguistic	_	ContainsVariation=No	_	Begin=68.164	_	_	_	_
30-1	PKP024	30	1	ce	ce	_	_	_	_	_	linguistic	_	ContainsVariation=No	_	_	_	_	_	_
30-2	PKP024	30	2	n'	n'	_	_	_	_	_	linguistic	_	ContainsVariation=No	SpaceAfter=No	_	_	_	_	_
30-3	PKP024	30	3	è	è	_	_	_	_	_	linguistic	_	ContainsVariation=No	_	_	_	_	_	_
30-4	PKP024	30	4	uno	uno	_	_	_	_	_	linguistic	_	ContainsVariation=No	_	_	_	_	_	_
30-5	PKP024	30	5	vicino	vicino	_	_	_	_	_	linguistic	_	ContainsVariation=No	_	_	_	_	_	_
30-6	PKP024	30	6	a:	a	_	_	_	_	_	linguistic	_	ContainsVariation=No	_	_	0x1	_	_	_
30-7	PKP024	30	7	scout	scout	_	_	_	_	_	linguistic	_	ContainsVariation=No	_	End=69.8	_	_	_	_
31-0	PKP092	31	0	mh	mh	_	_	_	_	_	linguistic	_	ContainsVariation=No	_	Begin=70.16|End=70.425	_	_	_	_
32-0	PKP029	32	0	mh	mh	_	_	_	_	_	linguistic	_	ContainsVariation=No	_	Begin=70.437|End=70.807	_	_	_	_
33-0	PKP024	33	0	che	che	_	_	_	_	_	linguistic	_	ContainsVariation=No	_	Begin=75.067	_	_	_	_
33-1	PKP024	33	1	penso	penso	_	_	_	_	_	linguistic	_	ContainsVariation=No	_	_	_	_	_	_
33-2	PKP024	33	2	fosse	fosse	_	_	_	_	_	linguistic	_	ContainsVariation=No	_	_	_	_	_	_
33-3	PKP024	33	3	il	il	_	_	_	_	_	linguistic	_	ContainsVariation=No	_	_	_	_	_	_
33-4	PKP024	33	4	pri:mo	primo	_	_	_	_	_	linguistic	_	ContainsVariation=No	_	_	2x1	_	_	_
33-5	PKP024	33	5	e	e	_	_	_	_	_	linguistic	_	ContainsVariation=No	_	_	_	_	_	_
33-6	PKP024	33	6	poi	poi	_	_	_	_	_	linguistic	_	ContainsVariation=No	_	_	_	_	_	_
33-7	PKP024	33	7	s'	s'	_	_	_	_	_	linguistic	_	ContainsVariation=No	SpaceAfter=No	_	_	_	_	_
33-8	PKP024	33	8	è	è	_	_	_	_	_	linguistic	_	ContainsVariation=No	_	_	_	_	_	_
33-9	PKP024	33	9	allargato	allargato	_	_	_	_	_	linguistic	_	ContainsVariation=No	_	_	_	_	_	_
33-10	PKP024	33	10	(ancora)	ancora	_	_	_	_	_	linguistic	_	ContainsVariation=No	_	_	_	_	0-6(0)	_
33-11	PKP024	33	11	ma	ma	_	_	_	_	_	linguistic	_	ContainsVariation=No	_	_	_	_	_	_
33-12	PKP024	33	12	>io	io	_	_	_	_	_	linguistic	_	ContainsVariation=No	_	_	_	Fast=0-2(0)	_	_
33-13	PKP024	33	13	sono	sono	_	_	_	_	_	linguistic	_	ContainsVariation=No	_	_	_	Fast=0-4(0)	_	_
33-14	PKP024	33	14	stata<	stata	_	_	_	_	_	linguistic	_	ContainsVariation=No	_	_	_	Fast=0-5(0)	_	_
33-15	PKP024	33	15	a	a	_	_	_	_	_	linguistic	_	ContainsVariation=No	_	_	_	_	_	_
33-16	PKP024	33	16	tutt'	tutt'	_	_	_	_	_	linguistic	_	ContainsVariation=No	SpaceAfter=No	_	_	_	_	_
33-17	PKP024	33	17	e	e	_	_	_	_	_	linguistic	_	ContainsVariation=No	_	_	_	_	_	_
33-18	PKP024	33	18	due	due	_	_	_	_	_	linguistic	_	ContainsVariation=No	_	End=78.61	_	_	_	_
34-0	PKP092	34	0	mh	mh	_	_	_	_	_	linguistic	_	ContainsVariation=No	_	Begin=78.839|End=79.106	_	_	_	_
35-0	PKP024	35	0	quello	quello	_	_	_	_	_	linguistic	_	ContainsVariation=No	_	Begin=80.237	_	_	_	_
35-1	PKP024	35	1	in	in	_	_	_	_	_	linguistic	_	ContainsVariation=No	_	_	_	_	_	_
35-2	PKP024	35	2	via	via	_	_	_	_	_	linguistic	_	ContainsVariation=No	_	_	_	_	_	_
35-3	PKP024	35	3	irnerio	irnerio	_	_	_	_	_	linguistic	_	ContainsVariation=No	_	_	_	_	_	_
35-4	PKP024	35	4	è	è	_	_	_	_	_	linguistic	_	ContainsVariation=No	_	_	_	_	_	_
35-5	PKP024	35	5	più	più	_	_	_	_	_	linguistic	_	ContainsVariation=No	_	_	_	_	_	_
35-6	PKP024	35	6	gra:nde,	grande	_	_	_	_	_	linguistic	_	ContainsVariation=No	Intonation=WeaklyRising	End=81.75	2x1	_	_	_
36-0	PKP024	36	0	ma	ma	_	_	_	_	_	linguistic	_	ContainsVariation=No	_	Begin=89.858	_	_	_	_
36-1	PKP024	36	1	la	la	_	_	_	_	_	linguistic	_	ContainsVariation=No	_	_	_	_	_	_
36-2	PKP024	36	2	milanese::	milanese	_	_	_	_	_	linguistic	_	ContainsVariation=No	_	_	7x2	_	_	_
36-3	PKP024	36	3	è	è	_	_	_	_	_	linguistic	_	ContainsVariation=No	_	_	_	_	_	_
36-4	PKP024	36	4	al	al	_	_	_	_	_	linguistic	_	ContainsVariation=No	_	_	_	_	_	_
36-5	PKP024	36	5	terzo	terzo	_	_	_	_	_	linguistic	_	ContainsVariation=No	_	_	_	_	_	_
36-6	PKP024	36	6	anno	anno	_	_	_	_	_	linguistic	_	ContainsVariation=No	_	_	_	_	_	_
36-7	PKP024	36	7	anche	anche	_	_	_	_	_	linguistic	_	ContainsVariation=No	_	_	_	_	_	_
36-8	PKP024	36	8	lei	lei	_	_	_	_	_	linguistic	_	ContainsVariation=No	_	_	_	_	_	_
36-9	PKP024	36	9	no?	no	_	_	_	_	_	linguistic	_	ContainsVariation=No	Intonation=Rising	End=92.175	_	_	_	_
37-0	PKP029	37	0	mh	mh	_	_	_	_	_	linguistic	_	ContainsVariation=No	_	Begin=92.191|End=92.455	_	_	_	_
38-0	PKP029	38	0	sì	sì	_	_	_	_	_	linguistic	_	ContainsVariation=No	_	Begin=93.618	_	_	_	_
38-1	PKP029	38	1	sì	sì	_	_	_	_	_	linguistic	_	ContainsVariation=No	_	End=94.093	_	_	_	_
39-0	PKP024	39	0	lei	lei	_	_	_	_	_	linguistic	_	ContainsVariation=No	_	Begin=96.32	_	_	_	_
39-1	PKP024	39	1	è	è	_	_	_	_	_	linguistic	_	ContainsVariation=No	_	_	_	_	_	_
39-2	PKP024	39	2	novantotto?	novantotto	_	_	_	_	_	linguistic	_	ContainsVariation=No	Intonation=Rising	End=97.298	_	_	_	_
40-0	PKP029	40	0	sì	sì	_	_	_	_	_	linguistic	_	ContainsVariation=No	_	Begin=98.874	_	_	_	_
40-1	PKP029	40	1	aveva	aveva	_	_	_	_	_	linguistic	_	ContainsVariation=No	_	_	_	_	_	_
40-2	PKP029	40	2	cambia:to	cambiato	_	_	_	_	_	linguistic	_	ContainsVariation=No	_	End=100.37	5x1	_	_	_
41-0	PKP092	41	0	che	che	_	_	_	_	_	linguistic	_	ContainsVariation=No	_	Begin=101.242	_	_	_	_
41-1	PKP092	41	1	faceva	faceva	_	_	_	_	_	linguistic	_	ContainsVariation=No	_	_	_	_	_	_
41-2	PKP092	41	2	prima?	prima	_	_	_	_	_	linguistic	_	ContainsVariation=No	Intonation=Rising	End=102.121	_	_	_	_
42-0	PKP029	42	0	biotecnologie	biotecnologie	_	_	_	_	_	linguistic	_	ContainsVariation=No	_	Begin=103.282|End=104.161	_	_	_	_
43-0	PKP092	43	0	mh	mh	_	_	_	_	_	linguistic	_	ContainsVariation=No	_	Begin=104.386|End=104.759	_	_	_	_
44-0	PKP029	44	0	a	a	_	_	_	_	_	linguistic	_	ContainsVariation=No	_	Begin=105.997	_	_	_	_
44-1	PKP029	44	1	ferrara	ferrara	_	_	_	_	_	linguistic	_	ContainsVariation=No	_	End=106.675	_	_	_	_
45-0	PKP092	45	0	mh	mh	_	_	_	_	_	linguistic	_	ContainsVariation=No	_	Begin=107.01|End=107.19	_	_	_	_
46-0	PKP024	46	0	mh	mh	_	_	_	_	_	linguistic	_	ContainsVariation=No	_	Begin=107.19|End=107.565	_	_	_	_
47-0	PKP024	47	0	(poi	poi	_	_	_	_	_	linguistic	_	ContainsVariation=No	_	Begin=108.65	_	_	0-3(0)	_
47-1	PKP024	47	1	qui)	qui	_	_	_	_	_	linguistic	_	ContainsVariation=No	_	_	_	_	0-3(0)	_
47-2	PKP024	47	2	voleva	voleva	_	_	_	_	_	linguistic	_	ContainsVariation=No	_	_	_	_	_	_
47-3	PKP024	47	3	fa'	fa'	_	_	_	_	_	linguistic	_	ContainsVariation=No	Truncated=Yes	_	_	_	_	_
47-4	PKP024	47	4	medicina?	medicina	_	_	_	_	_	linguistic	_	ContainsVariation=No	Intonation=Rising	End=109.744	_	_	_	_
48-0	PKP029	48	0	mhmh	mhmh	_	_	_	_	_	linguistic	_	ContainsVariation=No	_	Begin=110.218|End=110.589	_	_	_	_
49-0	PKP092	49	0	avrà	avrà	_	_	_	_	_	linguistic	_	ContainsVariation=No	_	Begin=111.668	_	_	_	_
49-1	PKP092	49	1	cambiato	cambiato	_	_	_	_	_	linguistic	_	ContainsVariation=No	_	_	_	_	_	_
49-2	PKP092	49	2	proprio	proprio	_	_	_	_	_	linguistic	_	ContainsVariation=No	_	_	_	_	_	_
49-3	PKP092	49	3	del	del	_	_	_	_	_	linguistic	_	ContainsVariation=No	_	_	_	_	_	_
49-4	PKP092	49	4	tu[tto]	tutto	_	_	_	_	_	linguistic	_	ContainsVariation=No	_	End=113.29	_	_	_	2-5(5)
50-0	PKP029	50	0	[mh]	mh	_	_	_	_	_	linguistic	_	ContainsVariation=No	_	Begin=113.145	_	_	_	0-2(5)
50-1	PKP029	50	1	°mhmh°	mhmh	_	_	_	_	_	linguistic	_	ContainsVariation=No	PauseAfter=Yes|Volume=low	_	_	_	_	_
50-2	PKP029	50	2	(.)	(.)	_	_	_	_	_	shortpause	_	ContainsVariation=No	_	_	_	_	_	_
50-3	PKP029	50	3	sì	sì	_	_	_	_	_	linguistic	_	ContainsVariation=No	_	End=114.09	_	_	_	_
51-0	PKP024	51	0	((ride))	((ride))	_	_	_	_	_	nonverbalbehavior	_	ContainsVariation=No	_	Begin=115.174	_	_	_	_
51-1	PKP024	51	1	ha	ha	_	_	_	_	_	linguistic	_	ContainsVariation=No	_	_	_	_	_	_
51-2	PKP024	51	2	detto:	detto	_	_	_	_	_	linguistic	_	ContainsVariation=No	_	End=116.67	4x1	_	_	_
52-0	PKP029	52	0	n[o	no	_	_	_	_	_	linguistic	_	ContainsVariation=No	PauseAfter=Yes	Begin=117.237	_	_	_	1-2(6)
52-1	PKP029	52	1	(.)	(.)	_	_	_	_	_	shortpause	_	ContainsVariation=No	_	_	_	_	_	X(6)
52-2	PKP029	52	2	meglio	meglio	_	_	_	_	_	linguistic	_	ContainsVariation=No	_	_	_	_	_	0-6(6)
52-3	PKP029	52	3	de	de	_	_	_	_	_	linguistic	_	ContainsVariation=No	_	_	_	_	_	0-2(6)
52-4	PKP029	52	4	no]	no	_	_	_	_	_	linguistic	_	ContainsVariation=No	_	End=118.34	_	_	_	0-2(6)
53-0	PKP024	53	0	[(si	si	_	_	_	_	_	linguistic	_	ContainsVariation=No	_	Begin=117.377	_	_	0-2(0)	0-2(6)
53-1	PKP024	53	1	fa	fa	_	_	_	_	_	linguistic	_	ContainsVariation=No	_	_	_	_	0-2(0)	0-2(6)
53-2	PKP024	53	2	per	per	_	_	_	_	_	linguistic	_	ContainsVariation=No	_	_	_	_	0-3(0)	0-3(6)
53-3	PKP024	53	3	dire)]	dire	_	_	_	_	_	linguistic	_	ContainsVariation=No	_	_	_	_	0-4(0)	0-4(6)
53-4	PKP024	53	4	((ride))	((ride))	_	_	_	_	_	nonverbalbehavior	_	ContainsVariation=No	_	End=118.92	_	_	_	_
54-0	PKP029	54	0	sì	sì	_	_	_	_	_	linguistic	_	ContainsVariation=No	_	Begin=118.714	_	_	_	_
54-1	PKP029	54	1	infatti	infatti	_	_	_	_	_	linguistic	_	ContainsVariation=No	_	_	_	_	_	_
54-2	PKP029	54	2	proprio:	proprio	_	_	_	_	_	linguistic	_	ContainsVariation=No	_	End=119.706	6x1	_	_	_
55-0	PKP024	55	0	(dai)	dai	_	_	_	_	_	linguistic	_	ContainsVariation=No	_	Begin=128.699	_	_	0-3(0)	_
55-1	PKP024	55	1	lei	lei	_	_	_	_	_	linguistic	_	ContainsVariation=No	_	_	_	_	_	_
55-2	PKP024	55	2	è	è	_	_	_	_	_	linguistic	_	ContainsVariation=No	_	_	_	_	_	_
55-3	PKP024	55	3	simpa:tica	simpatica	_	_	_	_	_	linguistic	_	ContainsVariation=No	_	End=129.888	4x1	_	_	_
56-0	PKP029	56	0	sì:	sì	_	_	_	_	_	linguistic	_	ContainsVariation=No	_	Begin=129.895|End=130.35	1x1	_	_	_
57-0	PKP029	57	0	sì	sì	_	_	_	_	_	linguistic	_	ContainsVariation=No	_	Begin=130.929	_	_	_	_
57-1	PKP029	57	1	sì	sì	_	_	_	_	_	linguistic	_	ContainsVariation=No	_	_	_	_	_	_
57-2	PKP029	57	2	è	è	_	_	_	_	_	linguistic	_	ContainsVariation=No	_	_	_	_	_	_
57-3	PKP029	57	3	brava	brava	_	_	_	_	_	linguistic	_	ContainsVariation=No	_	End=131.6905	_	_	_	_
58-0	PKP024	58	0	((ride))	((ride))	_	_	_	_	_	nonverbalbehavior	_	ContainsVariation=No	_	Begin=131.6905|End=133.92	_	_	_	_
59-0	PKP029	59	0	((ride))	((ride))	_	_	_	_	_	nonverbalbehavior	_	ContainsVariation=No	_	Begin=133.387|End=134.15	_	_	_	_
60-0	PKP024	60	0	ti	ti	_	_	_	_	_	linguistic	_	ContainsVariation=No	_	Begin=133.94	_	_	_	_
60-1	PKP024	60	1	ricordi	ricordi	_	_	_	_	_	linguistic	_	ContainsVariation=No	_	_	_	_	_	_
60-2	PKP024	60	2	quando	quando	_	_	_	_	_	linguistic	_	ContainsVariation=No	_	_	_	_	_	_
60-3	PKP024	60	3	si	si	_	_	_	_	_	linguistic	_	ContainsVariation=No	_	_	_	_	_	_
60-4	PKP024	60	4	stette	stette	_	_	_	_	_	linguistic	_	ContainsVariation=No	_	_	_	_	_	_
60-5	PKP024	60	5	insieme	insieme	_	_	_	_	_	linguistic	_	ContainsVariation=No	_	_	_	_	_	_
60-6	PKP024	60	6	a	a	_	_	_	_	_	linguistic	_	ContainsVariation=No	_	_	_	_	_	_
60-7	PKP024	60	7	tomma:s[o::]?	tommaso	_	_	_	_	_	linguistic	_	ContainsVariation=No	Intonation=Rising	End=136.71	4x1,6x2	_	_	6-7(10)
61-0	PKP029	61	0	[mh],	mh	_	_	_	_	_	linguistic	_	ContainsVariation=No	Intonation=WeaklyRising	Begin=136.463|End=136.728	_	_	_	0-2(10)
62-0	PKP024	62	0	s(i)	si	_	_	_	_	_	linguistic	_	ContainsVariation=No	_	Begin=136.73	_	_	1-2(0)	_
62-1	PKP024	62	1	era	era	_	_	_	_	_	linguistic	_	ContainsVariation=No	_	_	_	_	_	_
62-2	PKP024	62	2	io,	io	_	_	_	_	_	linguistic	_	ContainsVariation=No	Intonation=WeaklyRising	_	_	_	_	_
62-3	PKP024	62	3	te,	te	_	_	_	_	_	linguistic	_	ContainsVariation=No	Intonation=WeaklyRising	_	_	_	_	_
62-4	PKP024	62	4	lei	lei	_	_	_	_	_	linguistic	_	ContainsVariation=No	PauseAfter=Yes	_	_	_	_	_
62-5	PKP024	62	5	(.)	(.)	_	_	_	_	_	shortpause	_	ContainsVariation=No	_	_	_	_	_	_
62-6	PKP024	62	6	e	e	_	_	_	_	_	linguistic	_	ContainsVariation=No	_	_	_	_	_	_
62-7	PKP024	62	7	tommaso	tommaso	_	_	_	_	_	linguistic	_	ContainsVariation=No	_	End=138.906	_	_	_	_
63-0	PKP029	63	0	sì	sì	_	_	_	_	_	linguistic	_	ContainsVariation=No	_	Begin=138.93|End=139.305	_	_	_	_
64-0	PKP024	64	0	((ride))	((ride))	_	_	_	_	_	nonverbalbehavior	_	ContainsVariation=No	_	Begin=139.33	_	_	_	_
64-1	PKP024	64	1	no	no	_	_	_	_	_	linguistic	_	ContainsVariation=No	_	_	_	_	_	_
64-2	PKP024	64	2	ancora	ancora	_	_	_	_	_	linguistic	_	ContainsVariation=No	_	_	_	_	_	_
64-3	PKP024	64	3	ti	ti	_	_	_	_	_	linguistic	_	ContainsVariation=No	_	_	_	_	_	_
64-4	PKP024	64	4	giuro	giuro	_	_	_	_	_	linguistic	_	ContainsVariation=No	_	_	_	_	_	_
64-5	PKP024	64	5	si	si	_	_	_	_	_	linguistic	_	ContainsVariation=No	_	_	_	_	_	_
64-6	PKP024	64	6	schianta,	schianta	_	_	_	_	_	linguistic	_	ContainsVariation=No	Intonation=WeaklyRising	End=141.737	_	_	_	_
65-0	PKP024	65	0	quando	quando	_	_	_	_	_	linguistic	_	ContainsVariation=No	_	Begin=141.778	_	_	_	_
65-1	PKP024	65	1	disse	disse	_	_	_	_	_	linguistic	_	ContainsVariation=No	_	_	_	_	_	_
65-2	PKP024	65	2	fa	fa	_	_	_	_	_	linguistic	_	ContainsVariation=No	_	_	_	_	_	_
65-3	PKP024	65	3	e:h	eh	_	_	_	_	_	linguistic	_	ContainsVariation=No	_	_	0x1	_	_	_
65-4	PKP024	65	4	la	la	_	_	_	_	_	linguistic	_	ContainsVariation=No	_	_	_	_	_	_
65-5	PKP024	65	5	ferra:gni	ferragni	_	_	_	_	_	linguistic	_	ContainsVariation=No	_	_	4x1	_	_	_
65-6	PKP024	65	6	è	è	_	_	_	_	_	linguistic	_	ContainsVariation=No	_	_	_	_	_	_
65-7	PKP024	65	7	una	una	_	_	_	_	_	linguistic	_	ContainsVariation=No	_	_	_	_	_	_
65-8	PKP024	65	8	pastore::lla	pastorella	_	_	_	_	_	linguistic	_	ContainsVariation=No	_	End=144.506	6x2	_	_	_
66-0	PKP029	66	0	((ride))	((ride))	_	_	_	_	_	nonverbalbehavior	_	ContainsVariation=No	_	Begin=144.817|End=145.792	_	_	_	_
67-0	PKP024	67	0	(che	che	_	_	_	_	_	linguistic	_	ContainsVariation=No	_	Begin=145.259	_	_	0-3(0)	_
67-1	PKP024	67	1	dico)	dico	_	_	_	_	_	linguistic	_	ContainsVariation=No	PauseAfter=Yes	_	_	_	0-4(0)	_
67-2	PKP024	67	2	(.)	(.)	_	_	_	_	_	shortpause	_	ContainsVariation=No	_	_	_	_	_	_
67-3	PKP024	67	3	xx	xx	_	_	_	_	_	unknown	_	ContainsVariation=No	Syllables=2	_	_	_	_	_
67-4	PKP024	67	4	la	la	_	_	_	_	_	linguistic	_	ContainsVariation=No	_	_	_	_	_	_
67-5	PKP024	67	5	ferragni	ferragni	_	_	_	_	_	linguistic	_	ContainsVariation=No	_	_	_	_	_	_
67-6	PKP024	67	6	è	è	_	_	_	_	_	linguistic	_	ContainsVariation=No	_	_	_	_	_	_
67-7	PKP024	67	7	di	di	_	_	_	_	_	linguistic	_	ContainsVariation=No	_	_	_	_	_	_
67-8	PKP024	67	8	mo:nza	monza	_	_	_	_	_	linguistic	_	ContainsVariation=No	_	_	1x1	_	_	_
67-9	PKP024	67	9	no,	no	_	_	_	_	_	linguistic	_	ContainsVariation=No	Intonation=WeaklyRising	End=147.68	_	_	_	_
68-0	PKP024	68	0	lei	lei	_	_	_	_	_	linguistic	_	ContainsVariation=No	_	Begin=148.454	_	_	_	_
68-1	PKP024	68	1	fa	fa	_	_	_	_	_	linguistic	_	ContainsVariation=No	_	_	_	_	_	_
68-2	PKP024	68	2	no	no	_	_	_	_	_	linguistic	_	ContainsVariation=No	_	_	_	_	_	_
68-3	PKP024	68	3	ma	ma	_	_	_	_	_	linguistic	_	ContainsVariation=No	_	End=149.336	_	_	_	_
69-0	PKP024	69	0	figa:	figa	_	_	_	_	_	linguistic	_	ContainsVariation=No	_	Begin=150.214	3x1	_	_	_
69-1	PKP024	69	1	la	la	_	_	_	_	_	linguistic	_	ContainsVariation=No	_	_	_	_	_	_
69-2	PKP024	69	2	ferragni	ferragni	_	_	_	_	_	linguistic	_	ContainsVariation=No	_	_	_	_	_	_
69-3	PKP024	69	3	è	è	_	_	_	_	_	linguistic	_	ContainsVariation=No	_	_	_	_	_	_
69-4	PKP024	69	4	una	una	_	_	_	_	_	linguistic	_	ContainsVariation=No	_	_	_	_	_	_
69-5	PKP024	69	5	pastor[e::lla]	pastorella	_	_	_	_	_	linguistic	_	ContainsVariation=No	_	End=152.29	6x2	_	_	6-10(12)
70-0	PKP029	70	0	[ma	ma	_	_	_	_	_	linguistic	_	ContainsVariation=No	_	Begin=151.827	_	_	_	0-2(12)
70-1	PKP029	70	1	fa	fa	_	_	_	_	_	linguistic	_	ContainsVariation=No	_	_	_	_	_	0-2(12)
70-2	PKP029	70	2	sì]	sì	_	_	_	_	_	linguistic	_	ContainsVariation=No	_	_	_	_	_	0-2(12)
70-3	PKP029	70	3	perché	perché	_	_	_	_	_	linguistic	_	ContainsVariation=No	_	_	_	_	_	_
70-4	PKP029	70	4	ha	ha	_	_	_	_	_	linguistic	_	ContainsVariation=No	_	_	_	_	_	_
70-5	PKP029	70	5	questi	questi	_	_	_	_	_	linguistic	_	ContainsVariation=No	_	_	_	_	_	_
70-6	PKP029	70	6	modi	modi	_	_	_	_	_	linguistic	_	ContainsVariation=No	_	_	_	_	_	_
70-7	PKP029	70	7	di	di	_	_	_	_	_	linguistic	_	ContainsVariation=No	_	_	_	_	_	_
70-8	PKP029	70	8	dire	dire	_	_	_	_	_	linguistic	_	ContainsVariation=No	_	_	_	_	_	_
70-9	PKP029	70	9	le	le	_	_	_	_	_	linguistic	_	ContainsVariation=No	_	_	_	_	_	_
70-10	PKP029	70	10	cose::	cose	_	_	_	_	_	linguistic	_	ContainsVariation=No	_	_	3x2	_	_	_
70-11	PKP029	70	11	tipo::	tipo	_	_	_	_	_	linguistic	_	ContainsVariation=No	_	_	3x2	_	_	_
70-12	PKP029	70	12	[m:h	mh	_	_	_	_	_	linguistic	_	ContainsVariation=No	_	_	0x1	_	_	0-2(13)
70-13	PKP029	70	13	di	di	_	_	_	_	_	linguistic	_	ContainsVariation=No	_	_	_	_	_	0-2(13)
70-14	PKP029	70	14	bo::tto]	botto	_	_	_	_	_	linguistic	_	ContainsVariation=No	_	End=155.593	1x2	_	_	0-5(13)
71-0	PKP024	71	0	[no	no	_	_	_	_	_	linguistic	_	ContainsVariation=No	_	Begin=154.659	_	_	_	0-2(13)
71-1	PKP024	71	1	io	io	_	_	_	_	_	linguistic	_	ContainsVariation=No	_	_	_	_	_	0-2(13)
71-2	PKP024	71	2	(rido)]	rido	_	_	_	_	_	linguistic	_	ContainsVariation=No	_	_	_	_	0-4(0)	0-4(13)
71-3	PKP024	71	3	senza	senza	_	_	_	_	_	linguistic	_	ContainsVariation=No	_	_	_	_	_	_
71-4	PKP024	71	4	la	la	_	_	_	_	_	linguistic	_	ContainsVariation=No	_	_	_	_	_	_
71-5	PKP024	71	5	pastor[e:lla]	pastorella	_	_	_	_	_	linguistic	_	ContainsVariation=No	_	End=156.4	6x1	_	_	6-10(14)
72-0	PKP029	72	0	[sì	sì	_	_	_	_	_	linguistic	_	ContainsVariation=No	_	Begin=156.045	_	_	_	0-2(14)
72-1	PKP029	72	1	sì]	sì	_	_	_	_	_	linguistic	_	ContainsVariation=No	_	_	_	_	_	0-2(14)
72-2	PKP029	72	2	sì	sì	_	_	_	_	_	linguistic	_	ContainsVariation=No	PauseAfter=Yes	_	_	_	_	_
72-3	PKP029	72	3	(.)	(.)	_	_	_	_	_	shortpause	_	ContainsVariation=No	_	_	_	_	_	_
72-4	PKP029	72	4	non	non	_	_	_	_	_	linguistic	_	ContainsVariation=No	_	_	_	_	_	_
72-5	PKP029	72	5	[te	te	_	_	_	_	_	linguistic	_	ContainsVariation=No	_	_	_	_	_	0-2(15)
72-6	PKP029	72	6	l'	l'	_	_	_	_	_	linguistic	_	ContainsVariation=No	SpaceAfter=No	_	_	_	_	0-2(15)
72-7	PKP029	72	7	aspe::tti]	aspetti	_	_	_	_	_	linguistic	_	ContainsVariation=No	_	End=157.95	3x2	_	_	0-7(15)
73-0	PKP024	73	0	[(tipo	tipo	_	_	_	_	_	linguistic	_	ContainsVariation=No	_	Begin=156.942	_	_	0-4(0)	0-4(15)
73-1	PKP024	73	1	o:h	oh	_	_	_	_	_	linguistic	_	ContainsVariation=No	_	_	0x1	_	0-2(0)	0-2(15)
73-2	PKP024	73	2	sai	sai	_	_	_	_	_	linguistic	_	ContainsVariation=No	_	_	_	_	0-3(0)	0-3(15)
73-3	PKP024	73	3	io	io	_	_	_	_	_	linguistic	_	ContainsVariation=No	_	_	_	_	0-2(0)	0-2(15)
73-4	PKP024	73	4	so]no)	sono	_	_	_	_	_	linguistic	_	ContainsVariation=No	_	_	_	_	0-4(0)	0-2(15)
73-5	PKP024	73	5	di	di	_	_	_	_	_	linguistic	_	ContainsVariation=No	_	_	_	_	_	_
73-6	PKP024	73	6	mila:no	milano	_	_	_	_	_	linguistic	_	ContainsVariation=No	_	_	3x1	_	_	_
73-7	PKP024	73	7	invece	invece	_	_	_	_	_	linguistic	_	ContainsVariation=No	PauseAfter=Yes	_	_	_	_	_
73-8	PKP024	73	8	(.)	(.)	_	_	_	_	_	shortpause	_	ContainsVariation=No	_	_	_	_	_	_
73-9	PKP024	73	9	[a::h]	ah	_	_	_	_	_	linguistic	_	ContainsVariation=No	_	End=159.5	0x2	_	_	0-2(16)
74-0	PKP029	74	0	[dice	dice	_	_	_	_	_	linguistic	_	ContainsVariation=No	_	Begin=159.163	_	_	_	0-4(16)
74-1	PKP029	74	1	d]elle	delle	_	_	_	_	_	linguistic	_	ContainsVariation=No	_	_	_	_	_	0-1(16)
74-2	PKP029	74	2	cose	cose	_	_	_	_	_	linguistic	_	ContainsVariation=No	_	_	_	_	_	_
74-3	PKP029	74	3	che	che	_	_	_	_	_	linguistic	_	ContainsVariation=No	_	_	_	_	_	_
74-4	PKP029	74	4	non	non	_	_	_	_	_	linguistic	_	ContainsVariation=No	_	_	_	_	_	_
74-5	PKP029	74	5	te	te	_	_	_	_	_	linguistic	_	ContainsVariation=No	_	_	_	_	_	_
74-6	PKP029	74	6	l'	l'	_	_	_	_	_	linguistic	_	ContainsVariation=No	SpaceAfter=No	_	_	_	_	_
74-7	PKP029	74	7	aspetti	aspetti	_	_	_	_	_	linguistic	_	ContainsVariation=No	_	_	_	_	_	_
74-8	PKP029	74	8	pro:prio,	proprio	_	_	_	_	_	linguistic	_	ContainsVariation=No	Intonation=WeaklyRising|PauseAfter=Yes	_	2x1	_	_	_
74-9	PKP029	74	9	(.)	(.)	_	_	_	_	_	shortpause	_	ContainsVariation=No	_	_	_	_	_	_
74-10	PKP029	74	10	ti	ti	_	_	_	_	_	linguistic	_	ContainsVariation=No	_	_	_	_	_	_
74-11	PKP029	74	11	fa	fa	_	_	_	_	_	linguistic	_	ContainsVariation=No	_	_	_	_	_	_
74-12	PKP029	74	12	schiantare	schiantare	_	_	_	_	_	linguistic	_	ContainsVariation=No	_	End=162.391	_	_	_	_
75-0	PKP024	75	0	sì:	sì	_	_	_	_	_	linguistic	_	ContainsVariation=No	_	Begin=162.412	1x1	_	_	_
75-1	PKP024	75	1	ti	ti	_	_	_	_	_	linguistic	_	ContainsVariation=No	_	_	_	_	_	_
75-2	PKP024	75	2	giuro	giuro	_	_	_	_	_	linguistic	_	ContainsVariation=No	_	_	_	_	_	_
75-3	PKP024	75	3	ma	ma	_	_	_	_	_	linguistic	_	ContainsVariation=No	_	_	_	_	_	_
75-4	PKP024	75	4	poi	poi	_	_	_	_	_	linguistic	_	ContainsVariation=No	_	_	_	_	_	_
75-5	PKP024	75	5	simpatica	simpatica	_	_	_	_	_	linguistic	_	ContainsVariation=No	_	End=164.09	_	_	_	_
76-0	PKP024	76	0	a	a	_	_	_	_	_	linguistic	_	ContainsVariation=No	_	Begin=164.116	_	_	_	_
76-1	PKP024	76	1	parte	parte	_	_	_	_	_	linguistic	_	ContainsVariation=No	_	_	_	_	_	_
76-2	PKP024	76	2	che	che	_	_	_	_	_	linguistic	_	ContainsVariation=No	_	_	_	_	_	_
76-3	PKP024	76	3	ha	ha	_	_	_	_	_	linguistic	_	ContainsVariation=No	_	_	_	_	_	_
76-4	PKP024	76	4	detto	detto	_	_	_	_	_	linguistic	_	ContainsVariation=No	_	_	_	_	_	_
76-5	PKP024	76	5	fi:ga	figa	_	_	_	_	_	linguistic	_	ContainsVariation=No	_	_	1x1	_	_	_
76-6	PKP024	76	6	penso	penso	_	_	_	_	_	linguistic	_	ContainsVariation=No	_	_	_	_	_	_
76-7	PKP024	76	7	quaranta	quaranta	_	_	_	_	_	linguistic	_	ContainsVariation=No	_	_	_	_	_	_
76-8	PKP024	76	8	volte:	volte	_	_	_	_	_	linguistic	_	ContainsVariation=No	_	_	4x1	_	_	_
76-9	PKP024	76	9	[in	in	_	_	_	_	_	linguistic	_	ContainsVariation=No	_	_	_	_	_	0-2(17)
76-10	PKP024	76	10	una	una	_	_	_	_	_	linguistic	_	ContainsVariation=No	_	_	_	_	_	0-3(17)
76-11	PKP024	76	11	frase]	frase	_	_	_	_	_	linguistic	_	ContainsVariation=No	_	End=167.3	_	_	_	0-5(17)
77-0	PKP029	77	0	[figa	figa	_	_	_	_	_	linguistic	_	ContainsVariation=No	_	Begin=166.467	_	_	_	0-4(17)
77-1	PKP029	77	1	ma	ma	_	_	_	_	_	linguistic	_	ContainsVariation=No	_	_	_	_	_	0-2(17)
77-2	PKP029	77	2	lei	lei	_	_	_	_	_	linguistic	_	ContainsVariation=No	_	_	_	_	_	0-3(17)
77-3	PKP029	77	3	parla	parla	_	_	_	_	_	linguistic	_	ContainsVariation=No	_	_	_	_	_	0-5(17)
77-4	PKP029	77	4	co]sì	così	_	_	_	_	_	linguistic	_	ContainsVariation=No	_	_	_	_	_	0-2(17)
77-5	PKP029	77	5	zia,	zia	_	_	_	_	_	linguistic	_	ContainsVariation=No	Intonation=WeaklyRising	End=167.93	_	_	_	_
78-0	PKP024	78	0	no	no	_	_	_	_	_	linguistic	_	ContainsVariation=No	_	Begin=168.253	_	_	_	_
78-1	PKP024	78	1	((ride))	((ride))	_	_	_	_	_	nonverbalbehavior	_	ContainsVariation=No	_	End=169.782	_	_	_	_
79-0	PKP029	79	0	zia	zia	_	_	_	_	_	linguistic	_	ContainsVariation=No	_	Begin=170.402	_	_	_	_
79-1	PKP029	79	1	tra	tra	_	_	_	_	_	linguistic	_	ContainsVariation=No	PauseAfter=Yes	_	_	_	_	_
79-2	PKP029	79	2	(.)	(.)	_	_	_	_	_	shortpause	_	ContainsVariation=No	_	_	_	_	_	_
79-3	PKP029	79	3	tra	tra	_	_	_	_	_	linguistic	_	ContainsVariation=No	_	_	_	_	_	_
79-4	PKP029	79	4	zia	zia	_	_	_	_	_	linguistic	_	ContainsVariation=No	_	End=171.96	_	_	_	_
80-0	PKP029	80	0	butta	butta	_	_	_	_	_	linguistic	_	ContainsVariation=No	_	Begin=173.513	_	_	_	_
80-1	PKP029	80	1	be:ne	bene	_	_	_	_	_	linguistic	_	ContainsVariation=No	_	End=174.187	1x1	_	_	_
81-0	PKP029	81	0	no:	no	_	_	_	_	_	linguistic	_	ContainsVariation=No	_	Begin=175.325	1x1	_	_	_
81-1	PKP029	81	1	però	però	_	_	_	_	_	linguistic	_	ContainsVariation=No	_	_	_	_	_	_
81-2	PKP029	81	2	mi	mi	_	_	_	_	_	linguistic	_	ContainsVariation=No	_	_	_	_	_	_
81-3	PKP029	81	3	fa	fa	_	_	_	_	_	linguistic	_	ContainsVariation=No	_	_	_	_	_	_
81-4	PKP029	81	4	morire	morire	_	_	_	_	_	linguistic	_	ContainsVariation=No	_	End=176.402	_	_	_	_
82-0	PKP024	82	0	xxx[x]	xxxx	_	_	_	_	_	unknown	_	ContainsVariation=No	Syllables=4	Begin=176.878|End=177.84	_	_	_	3-4(18)
83-0	PKP029	83	0	[m]i	mi	_	_	_	_	_	linguistic	_	ContainsVariation=No	_	Begin=177.714	_	_	_	0-1(18)
83-1	PKP029	83	1	hai	hai	_	_	_	_	_	linguistic	_	ContainsVariation=No	_	_	_	_	_	_
83-2	PKP029	83	2	spezza::to	spezzato	_	_	_	_	_	linguistic	_	ContainsVariation=No	_	_	5x2	_	_	_
83-3	PKP029	83	3	dice	dice	_	_	_	_	_	linguistic	_	ContainsVariation=No	_	End=179.109	_	_	_	_
84-0	PKP029	84	0	per	per	_	_	_	_	_	linguistic	_	ContainsVariation=No	_	Begin=179.136	_	_	_	_
84-1	PKP029	84	1	dire::	dire	_	_	_	_	_	linguistic	_	ContainsVariation=No	_	_	3x2	_	_	_
84-2	PKP029	84	2	mi	mi	_	_	_	_	_	linguistic	_	ContainsVariation=No	_	_	_	_	_	_
84-3	PKP029	84	3	hai	hai	_	_	_	_	_	linguistic	_	ContainsVariation=No	_	_	_	_	_	_
84-4	PKP029	84	4	fatto	fatto	_	_	_	_	_	linguistic	_	ContainsVariation=No	_	_	_	_	_	_
84-5	PKP029	84	5	schiantar	schiantar	_	_	_	_	_	linguistic	_	ContainsVariation=No	_	_	_	_	_	_
84-6	PKP029	84	6	dal	dal	_	_	_	_	_	linguistic	_	ContainsVariation=No	_	_	_	_	_	_
84-7	PKP029	84	7	ridere	ridere	_	_	_	_	_	linguistic	_	ContainsVariation=No	_	End=181.445	_	_	_	_
85-0	PKP024	85	0	((ride))	((ride))	_	_	_	_	_	nonverbalbehavior	_	ContainsVariation=No	_	Begin=180.916|End=182.286	_	_	_	_
86-0	PKP024	86	0	°(mi	mi	_	_	_	_	_	linguistic	_	ContainsVariation=No	Volume=low	Begin=182.326	_	_	0-2(0)	_
86-1	PKP024	86	1	hai	hai	_	_	_	_	_	linguistic	_	ContainsVariation=No	Volume=low	_	_	_	0-3(0)	_
86-2	PKP024	86	2	[spezzato)°]	spezzato	_	_	_	_	_	linguistic	_	ContainsVariation=No	Volume=low	End=183.205	_	_	0-8(0)	0-8(20)
87-0	PKP029	87	0	[m(i)	mi	_	_	_	_	_	linguistic	_	ContainsVariation=No	_	Begin=182.595	_	_	1-2(0)	0-2(20)
87-1	PKP029	87	1	hai	hai	_	_	_	_	_	linguistic	_	ContainsVariation=No	_	_	_	_	_	0-3(20)
87-2	PKP029	87	2	spezza]:to	spezzato	_	_	_	_	_	linguistic	_	ContainsVariation=No	_	End=183.66	5x1	_	_	0-6(20)
88-0	PKP024	88	0	belli:na	bellina	_	_	_	_	_	linguistic	_	ContainsVariation=No	_	Begin=191.19|End=191.966	4x1	_	_	_
89-0	PKP024	89	0	che	che	_	_	_	_	_	linguistic	_	ContainsVariation=No	_	Begin=195.803	_	_	_	_
89-1	PKP024	89	1	la	la	_	_	_	_	_	linguistic	_	ContainsVariation=No	_	_	_	_	_	_
89-2	PKP024	89	2	cugi~	cugi~	_	_	_	_	_	linguistic	_	ContainsVariation=No	Interrupted=Yes|PauseAfter=Yes	_	_	_	_	_
89-3	PKP024	89	3	(.)	(.)	_	_	_	_	_	shortpause	_	ContainsVariation=No	_	_	_	_	_	_
89-4	PKP024	89	4	>la	la	_	_	_	_	_	linguistic	_	ContainsVariation=No	_	_	_	Fast=0-2(0)	_	_
89-5	PKP024	89	5	sua	sua	_	_	_	_	_	linguistic	_	ContainsVariation=No	_	_	_	Fast=0-3(0)	_	_
89-6	PKP024	89	6	cugina<	cugina	_	_	_	_	_	linguistic	_	ContainsVariation=No	_	_	_	Fast=0-6(0)	_	_
89-7	PKP024	89	7	era	era	_	_	_	_	_	linguistic	_	ContainsVariation=No	_	_	_	_	_	_
89-8	PKP024	89	8	stata	stata	_	_	_	_	_	linguistic	_	ContainsVariation=No	_	_	_	_	_	_
89-9	PKP024	89	9	con	con	_	_	_	_	_	linguistic	_	ContainsVariation=No	_	_	_	_	_	_
89-10	PKP024	89	10	rovazzi	rovazzi	_	_	_	_	_	linguistic	_	ContainsVariation=No	_	End=197.903	_	_	_	_
90-0	PKP029	90	0	mh	mh	_	_	_	_	_	linguistic	_	ContainsVariation=No	_	Begin=197.918|End=198.29	_	_	_	_
91-0	PKP092	91	0	a:h	ah	_	_	_	_	_	linguistic	_	ContainsVariation=No	_	Begin=199.408	0x1	_	_	_
91-1	PKP092	91	1	è	è	_	_	_	_	_	linguistic	_	ContainsVariation=No	_	_	_	_	_	_
91-2	PKP092	91	2	le:i,	lei	_	_	_	_	_	linguistic	_	ContainsVariation=No	Intonation=WeaklyRising	End=200.077	1x1	_	_	_
92-0	PKP024	92	0	l'	l'	_	_	_	_	_	linguistic	_	ContainsVariation=No	SpaceAfter=No	Begin=212.427	_	_	_	_
92-1	PKP024	92	1	altra	altra	_	_	_	_	_	linguistic	_	ContainsVariation=No	_	_	_	_	_	_
92-2	PKP024	92	2	sera	sera	_	_	_	_	_	linguistic	_	ContainsVariation=No	_	_	_	_	_	_
92-3	PKP024	92	3	c'	c'	_	_	_	_	_	linguistic	_	ContainsVariation=No	SpaceAfter=No	_	_	_	_	_
92-4	PKP024	92	4	era	era	_	_	_	_	_	linguistic	_	ContainsVariation=No	_	_	_	_	_	_
92-5	PKP024	92	5	luca	luca	_	_	_	_	_	linguistic	_	ContainsVariation=No	_	_	_	_	_	_
92-6	PKP024	92	6	e::hm	ehm	_	_	_	_	_	linguistic	_	ContainsVariation=No	PauseAfter=Yes	_	0x2	_	_	_
92-7	PKP024	92	7	(.)	(.)	_	_	_	_	_	shortpause	_	ContainsVariation=No	_	_	_	_	_	_
92-8	PKP024	92	8	[in	in	_	_	_	_	_	linguistic	_	ContainsVariation=No	_	_	_	_	_	0-2(21)
92-9	PKP024	92	9	gi]ro	giro	_	_	_	_	_	linguistic	_	ContainsVariation=No	_	End=215.352	_	_	_	0-1(21)
93-0	PKP029	93	0	[x]	x	_	_	_	_	_	unknown	_	ContainsVariation=No	Syllables=1	Begin=214.608|End=214.97	_	_	_	0-1(21)
94-0	PKP029	94	0	ve:ro,	vero	_	_	_	_	_	linguistic	_	ContainsVariation=No	Intonation=WeaklyRising	Begin=215.544	1x1	_	_	_
94-1	PKP029	94	1	l'	l'	_	_	_	_	_	linguistic	_	ContainsVariation=No	SpaceAfter=No	_	_	_	_	_
94-2	PKP029	94	2	hai	hai	_	_	_	_	_	linguistic	_	ContainsVariation=No	_	_	_	_	_	_
94-3	PKP029	94	3	vi:sto?	visto	_	_	_	_	_	linguistic	_	ContainsVariation=No	Intonation=Rising	End=216.631	1x1	_	_	_
95-0	PKP024	95	0	no	no	_	_	_	_	_	linguistic	_	ContainsVariation=No	_	Begin=216.652|End=217.016	_	_	_	_
96-0	PKP024	96	0	(l'	l'	_	_	_	_	_	linguistic	_	ContainsVariation=No	SpaceAfter=No	Begin=217.049	_	_	0-2(0)	_
96-1	PKP024	96	1	ho	ho	_	_	_	_	_	linguistic	_	ContainsVariation=No	_	_	_	_	0-2(0)	_
96-2	PKP024	96	2	visto)	visto	_	_	_	_	_	linguistic	_	ContainsVariation=No	_	_	_	_	0-5(0)	_
96-3	PKP024	96	3	[sulle	sulle	_	_	_	_	_	linguistic	_	ContainsVariation=No	_	_	_	_	_	0-5(22)
96-4	PKP024	96	4	sto]rie	storie	_	_	_	_	_	linguistic	_	ContainsVariation=No	PauseAfter=Yes	_	_	_	_	0-3(22)
96-5	PKP024	96	5	(.)	(.)	_	_	_	_	_	shortpause	_	ContainsVariation=No	_	_	_	_	_	_
96-6	PKP024	96	6	<ovviamente>	ovviamente	_	_	_	_	_	linguistic	_	ContainsVariation=No	_	End=219.158	_	Slow=0-10(0)	_	_
97-0	PKP029	97	0	[n~	n~	_	_	_	_	_	linguistic	_	ContainsVariation=No	Interrupted=Yes	Begin=217.335	_	_	_	0-2(22)
97-1	PKP029	97	1	eh]	eh	_	_	_	_	_	linguistic	_	ContainsVariation=No	_	End=217.805	_	_	_	0-2(22)
98-0	PKP024	98	0	do:po	dopo	_	_	_	_	_	linguistic	_	ContainsVariation=No	_	Begin=219.728|End=220.36	1x1	_	_	_
99-0	PKP024	99	0	sto	sto	_	_	_	_	_	linguistic	_	ContainsVariation=No	_	Begin=224.14	_	_	_	_
99-1	PKP024	99	1	stronzo	stronzo	_	_	_	_	_	linguistic	_	ContainsVariation=No	_	End=225.1	_	_	_	_
100-0	PKP024	100	0	cioè	cioè	_	_	_	_	_	linguistic	_	ContainsVariation=No	_	Begin=232.885	_	_	_	_
100-1	PKP024	100	1	io	io	_	_	_	_	_	linguistic	_	ContainsVariation=No	_	_	_	_	_	_
100-2	PKP024	100	2	non	non	_	_	_	_	_	linguistic	_	ContainsVariation=No	_	_	_	_	_	_
100-3	PKP024	100	3	ho	ho	_	_	_	_	_	linguistic	_	ContainsVariation=No	_	_	_	_	_	_
100-4	PKP024	100	4	mai	mai	_	_	_	_	_	linguistic	_	ContainsVariation=No	_	_	_	_	_	_
100-5	PKP024	100	5	visto	visto	_	_	_	_	_	linguistic	_	ContainsVariation=No	_	_	_	_	_	_
100-6	PKP024	100	6	luca	luca	_	_	_	_	_	linguistic	_	ContainsVariation=No	_	End=234.38	_	_	_	_
101-0	PKP029	101	0	manco	manco	_	_	_	_	_	linguistic	_	ContainsVariation=No	_	Begin=234.537	_	_	_	_
101-1	PKP029	101	1	io	io	_	_	_	_	_	linguistic	_	ContainsVariation=No	_	End=235.21	_	_	_	_
102-0	PKP092	102	0	xxx	xxx	_	_	_	_	_	unknown	_	ContainsVariation=No	Syllables=3	Begin=235.95|End=236.505	_	_	_	_
103-0	PKP092	103	0	io	io	_	_	_	_	_	linguistic	_	ContainsVariation=No	_	Begin=237.851	_	_	_	_
103-1	PKP092	103	1	ho	ho	_	_	_	_	_	linguistic	_	ContainsVariation=No	_	_	_	_	_	_
103-2	PKP092	103	2	visto	visto	_	_	_	_	_	linguistic	_	ContainsVariation=No	_	_	_	_	_	_
103-3	PKP092	103	3	il	il	_	_	_	_	_	linguistic	_	ContainsVariation=No	_	_	_	_	_	_
103-4	PKP092	103	4	suo	suo	_	_	_	_	_	linguistic	_	ContainsVariation=No	_	_	_	_	_	_
103-5	PKP092	103	5	ex	ex	_	_	_	_	_	linguistic	_	ContainsVariation=No	_	_	_	_	_	_
103-6	PKP092	103	6	coinquilino	coinquilino	_	_	_	_	_	linguistic	_	ContainsVariation=No	_	End=239.46	_	_	_	_
104-0	PKP092	104	0	quello::	quello	_	_	_	_	_	linguistic	_	ContainsVariation=No	_	Begin=239.822|End=240.597	5x2	_	_	_
105-0	PKP092	105	0	che	che	_	_	_	_	_	linguistic	_	ContainsVariation=No	_	Begin=241.514	_	_	_	_
105-1	PKP092	105	1	è	è	_	_	_	_	_	linguistic	_	ContainsVariation=No	_	_	_	_	_	_
105-2	PKP092	105	2	(fascist~)	fascist~	_	_	_	_	_	linguistic	_	ContainsVariation=No	Interrupted=Yes	_	_	_	0-8(0)	_
105-3	PKP092	105	3	°non	non	_	_	_	_	_	linguistic	_	ContainsVariation=No	Volume=low	_	_	_	_	_
105-4	PKP092	105	4	lo	lo	_	_	_	_	_	linguistic	_	ContainsVariation=No	Volume=low	_	_	_	_	_
105-5	PKP092	105	5	so	so	_	_	_	_	_	linguistic	_	ContainsVariation=No	Volume=low	_	_	_	_	_
105-6	PKP092	105	6	[(di	di	_	_	_	_	_	linguistic	_	ContainsVariation=No	Volume=low	_	_	_	0-2(1)	0-2(23)
105-7	PKP092	105	7	dov'	dov'	_	_	_	_	_	linguistic	_	ContainsVariation=No	SpaceAfter=No|Volume=low	_	_	_	0-4(1)	0-4(23)
105-8	PKP092	105	8	è)]°	è	_	_	_	_	_	linguistic	_	ContainsVariation=No	Volume=low	End=242.904	_	_	0-1(1)	0-1(23)
106-0	PKP024	106	0	[sì]	sì	_	_	_	_	_	linguistic	_	ContainsVariation=No	PauseAfter=Yes	Begin=242.434	_	_	_	0-2(23)
106-1	PKP024	106	1	(.)	(.)	_	_	_	_	_	shortpause	_	ContainsVariation=No	_	_	_	_	_	_
106-2	PKP024	106	2	sì	sì	_	_	_	_	_	linguistic	_	ContainsVariation=No	_	_	_	_	_	_
106-3	PKP024	106	3	sì	sì	_	_	_	_	_	linguistic	_	ContainsVariation=No	_	_	_	_	_	_
106-4	PKP024	106	4	ho	ho	_	_	_	_	_	linguistic	_	ContainsVariation=No	_	_	_	_	_	_
106-5	PKP024	106	5	capito	capito	_	_	_	_	_	linguistic	_	ContainsVariation=No	_	_	_	_	_	_
106-6	PKP024	106	6	qual	qual	_	_	_	_	_	linguistic	_	ContainsVariation=No	_	_	_	_	_	_
106-7	PKP024	106	7	è	è	_	_	_	_	_	linguistic	_	ContainsVariation=No	_	End=243.828	_	_	_	_
107-0	PKP024	107	0	ma	ma	_	_	_	_	_	linguistic	_	ContainsVariation=No	PauseAfter=Yes	Begin=247.524	_	_	_	_
107-1	PKP024	107	1	(.)	(.)	_	_	_	_	_	shortpause	_	ContainsVariation=No	_	_	_	_	_	_
107-2	PKP024	107	2	lui	lui	_	_	_	_	_	linguistic	_	ContainsVariation=No	_	_	_	_	_	_
107-3	PKP024	107	3	deve	deve	_	_	_	_	_	linguistic	_	ContainsVariation=No	_	_	_	_	_	_
107-4	PKP024	107	4	stare	stare	_	_	_	_	_	linguistic	_	ContainsVariation=No	_	End=248.8	_	_	_	_
108-0	PKP024	108	0	dietro	dietro	_	_	_	_	_	linguistic	_	ContainsVariation=No	_	Begin=249.807	_	_	_	_
108-1	PKP024	108	1	santo	santo	_	_	_	_	_	linguistic	_	ContainsVariation=No	_	_	_	_	_	_
108-2	PKP024	108	2	stefano	stefano	_	_	_	_	_	linguistic	_	ContainsVariation=No	_	End=250.98	_	_	_	_
109-0	PKP029	109	0	mh	mh	_	_	_	_	_	linguistic	_	ContainsVariation=No	_	Begin=250.98|End=251.241	_	_	_	_
110-0	PKP092	110	0	m:h	mh	_	_	_	_	_	linguistic	_	ContainsVariation=No	_	Begin=252.135|End=252.78	0x1	_	_	_
111-0	PKP029	111	0	dove	dove	_	_	_	_	_	linguistic	_	ContainsVariation=No	_	Begin=252.952	_	_	_	_
111-1	PKP029	111	1	sta	sta	_	_	_	_	_	linguistic	_	ContainsVariation=No	_	_	_	_	_	_
111-2	PKP029	111	2	il	il	_	_	_	_	_	linguistic	_	ContainsVariation=No	_	_	_	_	_	_
111-3	PKP029	111	3	rossi	rossi	_	_	_	_	_	linguistic	_	ContainsVariation=No	_	_	_	_	_	_
111-4	PKP029	111	4	((ride))	((ride))	_	_	_	_	_	nonverbalbehavior	_	ContainsVariation=No	_	End=254.24	_	_	_	_
112-0	PKP024	112	0	no	no	_	_	_	_	_	linguistic	_	ContainsVariation=No	_	Begin=255.799	_	_	_	_
112-1	PKP024	112	1	ma	ma	_	_	_	_	_	linguistic	_	ContainsVariation=No	_	_	_	_	_	_
112-2	PKP024	112	2	dalla	dalla	_	_	_	_	_	linguistic	_	ContainsVariation=No	_	_	_	_	_	_
112-3	PKP024	112	3	parte	parte	_	_	_	_	_	linguistic	_	ContainsVariation=No	_	_	_	_	_	_
112-4	PKP024	112	4	di	di	_	_	_	_	_	linguistic	_	ContainsVariation=No	_	_	_	_	_	_
112-5	PKP024	112	5	lä,	lä	_	_	_	_	_	linguistic	_	ContainsVariation=No	Intonation=WeaklyRising	End=256.93	_	_	_	_
113-0	PKP029	113	0	mh	mh	_	_	_	_	_	linguistic	_	ContainsVariation=No	_	Begin=256.959|End=257.329	_	_	_	_
114-0	PKP024	114	0	non	non	_	_	_	_	_	linguistic	_	ContainsVariation=No	_	Begin=257.339	_	_	_	_
114-1	PKP024	114	1	verso	verso	_	_	_	_	_	linguistic	_	ContainsVariation=No	_	_	_	_	_	_
114-2	PKP024	114	2	la	la	_	_	_	_	_	linguistic	_	ContainsVariation=No	_	_	_	_	_	_
114-3	PKP024	114	3	po:rta	porta	_	_	_	_	_	linguistic	_	ContainsVariation=No	_	_	1x1	_	_	_
114-4	PKP024	114	4	verso::	verso	_	_	_	_	_	linguistic	_	ContainsVariation=No	PauseAfter=Yes	_	4x2	_	_	_
114-5	PKP024	114	5	(.)	(.)	_	_	_	_	_	shortpause	_	ContainsVariation=No	_	_	_	_	_	_
114-6	PKP024	114	6	non	non	_	_	_	_	_	linguistic	_	ContainsVariation=No	_	_	_	_	_	_
114-7	PKP024	114	7	so	so	_	_	_	_	_	linguistic	_	ContainsVariation=No	_	_	_	_	_	_
114-8	PKP024	114	8	cosa	cosa	_	_	_	_	_	linguistic	_	ContainsVariation=No	_	_	_	_	_	_
114-9	PKP024	114	9	c'	c'	_	_	_	_	_	linguistic	_	ContainsVariation=No	SpaceAfter=No	_	_	_	_	_
114-10	PKP024	114	10	è	è	_	_	_	_	_	linguistic	_	ContainsVariation=No	_	_	_	_	_	_
114-11	PKP024	114	11	di	di	_	_	_	_	_	linguistic	_	ContainsVariation=No	_	_	_	_	_	_
114-12	PKP024	114	12	là	là	_	_	_	_	_	linguistic	_	ContainsVariation=No	_	End=260.36	_	_	_	_
115-0	PKP024	115	0	c'	c'	_	_	_	_	_	linguistic	_	ContainsVariation=No	SpaceAfter=No	Begin=260.61	_	_	_	_
115-1	PKP024	115	1	è	è	_	_	_	_	_	linguistic	_	ContainsVariation=No	_	_	_	_	_	_
115-2	PKP024	115	2	porta	porta	_	_	_	_	_	linguistic	_	ContainsVariation=No	_	_	_	_	_	_
115-3	PKP024	115	3	la:me?	lame	_	_	_	_	_	linguistic	_	ContainsVariation=No	Intonation=Rising	End=261.591	1x1	_	_	_
116-0	PKP024	116	0	no	no	_	_	_	_	_	linguistic	_	ContainsVariation=No	_	Begin=261.925	_	_	_	_
116-1	PKP024	116	1	porta	porta	_	_	_	_	_	linguistic	_	ContainsVariation=No	_	_	_	_	_	_
116-2	PKP024	116	2	sarago:zza	saragozza	_	_	_	_	_	linguistic	_	ContainsVariation=No	_	_	5x1	_	_	_
116-3	PKP024	116	3	c'	c'	_	_	_	_	_	linguistic	_	ContainsVariation=No	SpaceAfter=No	_	_	_	_	_
116-4	PKP024	116	4	è	è	_	_	_	_	_	linguistic	_	ContainsVariation=No	_	End=263.25	_	_	_	_
117-0	PKP092	117	0	che	che	_	_	_	_	_	linguistic	_	ContainsVariation=No	_	Begin=264.432	_	_	_	_
117-1	PKP092	117	1	ricchi	ricchi	_	_	_	_	_	linguistic	_	ContainsVariation=No	_	End=265.102	_	_	_	_
118-0	PKP024	118	0	sì:	sì	_	_	_	_	_	linguistic	_	ContainsVariation=No	_	Begin=265.662|End=266.023	1x1	_	_	_
119-0	PKP024	119	0	no	no	_	_	_	_	_	linguistic	_	ContainsVariation=No	_	Begin=267.147	_	_	_	_
119-1	PKP024	119	1	c'	c'	_	_	_	_	_	linguistic	_	ContainsVariation=No	SpaceAfter=No	_	_	_	_	_
119-2	PKP024	119	2	hanno	hanno	_	_	_	_	_	linguistic	_	ContainsVariation=No	_	_	_	_	_	_
119-3	PKP024	119	3	un	un	_	_	_	_	_	linguistic	_	ContainsVariation=No	_	_	_	_	_	_
119-4	PKP024	119	4	appartame:nto	appartamento	_	_	_	_	_	linguistic	_	ContainsVariation=No	_	_	8x1	_	_	_
119-5	PKP024	119	5	raga:zze	ragazze	_	_	_	_	_	linguistic	_	ContainsVariation=No	PauseAfter=Yes	_	3x1	_	_	_
119-6	PKP024	119	6	(.)	(.)	_	_	_	_	_	shortpause	_	ContainsVariation=No	_	_	_	_	_	_
119-7	PKP024	119	7	cioè	cioè	_	_	_	_	_	linguistic	_	ContainsVariation=No	_	End=269.465	_	_	_	_
120-0	PKP029	120	0	vabbè	vabbè	_	_	_	_	_	linguistic	_	ContainsVariation=No	_	Begin=270.341	_	_	_	_
120-1	PKP029	120	1	è	è	_	_	_	_	_	linguistic	_	ContainsVariation=No	_	_	_	_	_	_
120-2	PKP029	120	2	minuscolo	minuscolo	_	_	_	_	_	linguistic	_	ContainsVariation=No	_	_	_	_	_	_
120-3	PKP029	120	3	eh	eh	_	_	_	_	_	linguistic	_	ContainsVariation=No	_	End=271.428	_	_	_	_
121-0	PKP024	121	0	però	però	_	_	_	_	_	linguistic	_	ContainsVariation=No	_	Begin=271.909	_	_	_	_
121-1	PKP024	121	1	è	è	_	_	_	_	_	linguistic	_	ContainsVariation=No	_	_	_	_	_	_
121-2	PKP024	121	2	be:llo,	bello	_	_	_	_	_	linguistic	_	ContainsVariation=No	Intonation=WeaklyRising	End=272.692	1x1	_	_	_
122-0	PKP092	122	0	mh	mh	_	_	_	_	_	linguistic	_	ContainsVariation=No	PauseAfter=Yes	Begin=272.975	_	_	_	_
122-1	PKP092	122	1	(.)	(.)	_	_	_	_	_	shortpause	_	ContainsVariation=No	_	_	_	_	_	_
122-2	PKP092	122	2	ma	ma	_	_	_	_	_	linguistic	_	ContainsVariation=No	_	_	_	_	_	_
122-3	PKP092	122	3	c'	c'	_	_	_	_	_	linguistic	_	ContainsVariation=No	SpaceAfter=No	_	_	_	_	_
122-4	PKP092	122	4	è	è	_	_	_	_	_	linguistic	_	ContainsVariation=No	_	_	_	_	_	_
122-5	PKP092	122	5	un'	un'	_	_	_	_	_	linguistic	_	ContainsVariation=No	SpaceAfter=No	_	_	_	_	_
122-6	PKP092	122	6	altra	altra	_	_	_	_	_	linguistic	_	ContainsVariation=No	_	_	_	_	_	_
122-7	PKP092	122	7	ca:mera	camera	_	_	_	_	_	linguistic	_	ContainsVariation=No	_	_	1x1	_	_	_
122-8	PKP092	122	8	dietro	dietro	_	_	_	_	_	linguistic	_	ContainsVariation=No	_	_	_	_	_	_
122-9	PKP092	122	9	eh	eh	_	_	_	_	_	linguistic	_	ContainsVariation=No	_	End=274.977	_	_	_	_
123-0	PKP029	123	0	m:h	mh	_	_	_	_	_	linguistic	_	ContainsVariation=No	_	Begin=275.241|End=275.5	0x1	_	_	_
124-0	PKP092	124	0	cioè	cioè	_	_	_	_	_	linguistic	_	ContainsVariation=No	_	Begin=275.51	_	_	_	_
124-1	PKP092	124	1	c'	c'	_	_	_	_	_	linguistic	_	ContainsVariation=No	SpaceAfter=No	_	_	_	_	_
124-2	PKP092	124	2	era	era	_	_	_	_	_	linguistic	_	ContainsVariation=No	PauseAfter=Yes	_	_	_	_	_
124-3	PKP092	124	3	(.)	(.)	_	_	_	_	_	shortpause	_	ContainsVariation=No	_	_	_	_	_	_
124-4	PKP092	124	4	quel[lo	quello	_	_	_	_	_	linguistic	_	ContainsVariation=No	_	_	_	_	_	3-6(24)
124-5	PKP092	124	5	lì:],	lì	_	_	_	_	_	linguistic	_	ContainsVariation=No	Intonation=WeaklyRising	End=276.83	1x1	_	_	0-2(24)
125-0	PKP024	125	0	[che	che	_	_	_	_	_	linguistic	_	ContainsVariation=No	_	Begin=276.347	_	_	_	0-3(24)
125-1	PKP024	125	1	ne	ne	_	_	_	_	_	linguistic	_	ContainsVariation=No	_	_	_	_	_	0-2(24)
125-2	PKP024	125	2	sai]	sai	_	_	_	_	_	linguistic	_	ContainsVariation=No	_	_	_	_	_	0-3(24)
125-3	PKP024	125	3	te?	te	_	_	_	_	_	linguistic	_	ContainsVariation=No	Intonation=Rising	End=277.03	_	_	_	_
126-0	PKP029	126	0	(cosa	cosa	_	_	_	_	_	linguistic	_	ContainsVariation=No	_	Begin=278.95	_	_	0-4(0)	_
126-1	PKP029	126	1	ci	ci	_	_	_	_	_	linguistic	_	ContainsVariation=No	_	_	_	_	0-2(0)	_
126-2	PKP029	126	2	[nascondi?)]	nascondi	_	_	_	_	_	linguistic	_	ContainsVariation=No	Intonation=Rising	End=280.079	_	_	0-8(0)	0-8(25)
127-0	PKP024	127	0	[quando	quando	_	_	_	_	_	linguistic	_	ContainsVariation=No	_	Begin=279.38	_	_	_	0-6(25)
127-1	PKP024	127	1	ci	ci	_	_	_	_	_	linguistic	_	ContainsVariation=No	_	_	_	_	_	0-2(25)
127-2	PKP024	127	2	sei]	sei	_	_	_	_	_	linguistic	_	ContainsVariation=No	_	_	_	_	_	0-3(25)
127-3	PKP024	127	3	anda:ta?	andata	_	_	_	_	_	linguistic	_	ContainsVariation=No	Intonation=Rising	End=280.833	3x1	_	_	_
128-0	PKP092	128	0	perché	perché	_	_	_	_	_	linguistic	_	ContainsVariation=No	_	Begin=282.36	_	_	_	_
128-1	PKP092	128	1	c'	c'	_	_	_	_	_	linguistic	_	ContainsVariation=No	SpaceAfter=No	_	_	_	_	_
128-2	PKP092	128	2	ha	ha	_	_	_	_	_	linguistic	_	ContainsVariation=No	_	End=283.028	_	_	_	_
129-0	PKP092	129	0	la	la	_	_	_	_	_	linguistic	_	ContainsVariation=No	_	Begin=283.665	_	_	_	_
129-1	PKP092	129	1	cuci:na,	cucina	_	_	_	_	_	linguistic	_	ContainsVariation=No	Intonation=WeaklyRising	End=284.442	3x1	_	_	_
130-0	PKP024	130	0	mh	mh	_	_	_	_	_	linguistic	_	ContainsVariation=No	_	Begin=284.67|End=284.956	_	_	_	_
131-0	PKP092	131	0	il	il	_	_	_	_	_	linguistic	_	ContainsVariation=No	_	Begin=285.547	_	_	_	_
131-1	PKP092	131	1	salottino,	salottino	_	_	_	_	_	linguistic	_	ContainsVariation=No	Intonation=WeaklyRising	End=286.428	_	_	_	_
132-0	PKP092	132	0	la	la	_	_	_	_	_	linguistic	_	ContainsVariation=No	_	Begin=287.432	_	_	_	_
132-1	PKP092	132	1	parte	parte	_	_	_	_	_	linguistic	_	ContainsVariation=No	_	_	_	_	_	_
132-2	PKP092	132	2	di	di	_	_	_	_	_	linguistic	_	ContainsVariation=No	_	_	_	_	_	_
132-3	PKP092	132	3	sopra,	sopra	_	_	_	_	_	linguistic	_	ContainsVariation=No	Intonation=WeaklyRising	End=288.523	_	_	_	_
133-0	PKP092	133	0	e	e	_	_	_	_	_	linguistic	_	ContainsVariation=No	_	Begin=289.002	_	_	_	_
133-1	PKP092	133	1	poi	poi	_	_	_	_	_	linguistic	_	ContainsVariation=No	_	_	_	_	_	_
133-2	PKP092	133	2	dietro	dietro	_	_	_	_	_	linguistic	_	ContainsVariation=No	_	_	_	_	_	_
133-3	PKP092	133	3	c'	c'	_	_	_	_	_	linguistic	_	ContainsVariation=No	SpaceAfter=No	_	_	_	_	_
133-4	PKP092	133	4	ha	ha	_	_	_	_	_	linguistic	_	ContainsVariation=No	_	_	_	_	_	_
133-5	PKP092	133	5	la	la	_	_	_	_	_	linguistic	_	ContainsVariation=No	_	_	_	_	_	_
133-6	PKP092	133	6	ca:mera	camera	_	_	_	_	_	linguistic	_	ContainsVariation=No	_	_	1x1	_	_	_
133-7	PKP092	133	7	e	e	_	_	_	_	_	linguistic	_	ContainsVariation=No	_	_	_	_	_	_
133-8	PKP092	133	8	il	il	_	_	_	_	_	linguistic	_	ContainsVariation=No	_	_	_	_	_	_
133-9	PKP092	133	9	b[agno]	bagno	_	_	_	_	_	linguistic	_	ContainsVariation=No	_	End=290.83	_	_	_	0-5(26)
134-0	PKP029	134	0	[a:h]	ah	_	_	_	_	_	linguistic	_	ContainsVariation=No	_	Begin=290.451|End=290.819	0x1	_	_	0-2(26)
135-0	PKP029	135	0	(vabbè)	vabbè	_	_	_	_	_	linguistic	_	ContainsVariation=No	_	Begin=291.62|End=292.197	_	_	0-5(0)	_
136-0	PKP024	136	0	dai	dai	_	_	_	_	_	linguistic	_	ContainsVariation=No	_	Begin=292.893	_	_	_	_
136-1	PKP024	136	1	non	non	_	_	_	_	_	linguistic	_	ContainsVariation=No	_	_	_	_	_	_
136-2	PKP024	136	2	è	è	_	_	_	_	_	linguistic	_	ContainsVariation=No	_	_	_	_	_	_
136-3	PKP024	136	3	ma:le	male	_	_	_	_	_	linguistic	_	ContainsVariation=No	_	_	1x1	_	_	_
136-4	PKP024	136	4	infatti	infatti	_	_	_	_	_	linguistic	_	ContainsVariation=No	_	End=294.21	_	_	_	_
137-0	PKP092	137	0	cioè	cioè	_	_	_	_	_	linguistic	_	ContainsVariation=No	_	Begin=296.79	_	_	_	_
137-1	PKP092	137	1	per	per	_	_	_	_	_	linguistic	_	ContainsVariation=No	_	_	_	_	_	_
137-2	PKP092	137	2	una	una	_	_	_	_	_	linguistic	_	ContainsVariation=No	_	_	_	_	_	_
137-3	PKP092	137	3	persona	persona	_	_	_	_	_	linguistic	_	ContainsVariation=No	_	_	_	_	_	_
137-4	PKP092	137	4	perché	perché	_	_	_	_	_	linguistic	_	ContainsVariation=No	_	End=298.31	_	_	_	_
138-0	PKP024	138	0	sì	sì	_	_	_	_	_	linguistic	_	ContainsVariation=No	_	Begin=299.272	_	_	_	_
138-1	PKP024	138	1	per	per	_	_	_	_	_	linguistic	_	ContainsVariation=No	_	_	_	_	_	_
138-2	PKP024	138	2	u:no	uno	_	_	_	_	_	linguistic	_	ContainsVariation=No	_	_	0x1	_	_	_
138-3	PKP024	138	3	(ovviam~),	ovviam~	_	_	_	_	_	linguistic	_	ContainsVariation=No	Intonation=WeaklyRising|Interrupted=Yes	_	_	_	0-7(0)	_
138-4	PKP024	138	4	[mas]simo	massimo	_	_	_	_	_	linguistic	_	ContainsVariation=No	_	_	_	_	_	0-3(27)
138-5	PKP024	138	5	massimo	massimo	_	_	_	_	_	linguistic	_	ContainsVariation=No	_	_	_	_	_	_
138-6	PKP024	138	6	per	per	_	_	_	_	_	linguistic	_	ContainsVariation=No	_	_	_	_	_	_
138-7	PKP024	138	7	du:e	due	_	_	_	_	_	linguistic	_	ContainsVariation=No	_	_	1x1	_	_	_
138-8	PKP024	138	8	ci	ci	_	_	_	_	_	linguistic	_	ContainsVariation=No	_	_	_	_	_	_
138-9	PKP024	138	9	puoi	puoi	_	_	_	_	_	linguistic	_	ContainsVariation=No	_	_	_	_	_	_
138-10	PKP024	138	10	v[i:vere]	vivere	_	_	_	_	_	linguistic	_	ContainsVariation=No	_	End=302.36	1x1	_	_	1-6(28)
139-0	PKP092	139	0	[eh]	eh	_	_	_	_	_	linguistic	_	ContainsVariation=No	_	Begin=300.401|End=300.669	_	_	_	0-2(27)
140-0	PKP092	140	0	[una]	una	_	_	_	_	_	linguistic	_	ContainsVariation=No	_	Begin=302.08	_	_	_	0-3(28)
140-1	PKP092	140	1	co~	co~	_	_	_	_	_	linguistic	_	ContainsVariation=No	Interrupted=Yes	_	_	_	_	_
140-2	PKP092	140	2	cioè	cioè	_	_	_	_	_	linguistic	_	ContainsVariation=No	_	_	_	_	_	_
140-3	PKP092	140	3	una	una	_	_	_	_	_	linguistic	_	ContainsVariation=No	_	_	_	_	_	_
140-4	PKP092	140	4	co:ppia	coppia	_	_	_	_	_	linguistic	_	ContainsVariation=No	_	_	1x1	_	_	_
140-5	PKP092	140	5	semmai	semmai	_	_	_	_	_	linguistic	_	ContainsVariation=No	_	End=304.088	_	_	_	_
141-0	PKP024	141	0	sì	sì	_	_	_	_	_	linguistic	_	ContainsVariation=No	_	Begin=304.12	_	_	_	_
141-1	PKP024	141	1	sì	sì	_	_	_	_	_	linguistic	_	ContainsVariation=No	_	_	_	_	_	_
141-2	PKP024	141	2	sì	sì	_	_	_	_	_	linguistic	_	ContainsVariation=No	_	_	_	_	_	_
141-3	PKP024	141	3	esatto	esatto	_	_	_	_	_	linguistic	_	ContainsVariation=No	_	End=305.145	_	_	_	_
142-0	PKP092	142	0	°però	però	_	_	_	_	_	linguistic	_	ContainsVariation=No	Volume=low	Begin=308.478	_	_	_	_
142-1	PKP092	142	1	è	è	_	_	_	_	_	linguistic	_	ContainsVariation=No	Volume=low	_	_	_	_	_
142-2	PKP092	142	2	belli:no°	bellino	_	_	_	_	_	linguistic	_	ContainsVariation=No	Volume=low	End=309.256	4x1	_	_	_
143-0	PKP024	143	0	mh	mh	_	_	_	_	_	linguistic	_	ContainsVariation=No	_	Begin=309.522|End=309.888	_	_	_	_
144-0	PKP024	144	0	ma	ma	_	_	_	_	_	linguistic	_	ContainsVariation=No	_	Begin=323.23	_	_	_	_
144-1	PKP024	144	1	poi	poi	_	_	_	_	_	linguistic	_	ContainsVariation=No	_	_	_	_	_	_
144-2	PKP024	144	2	era	era	_	_	_	_	_	linguistic	_	ContainsVariation=No	_	_	_	_	_	_
144-3	PKP024	144	3	tipo:	tipo	_	_	_	_	_	linguistic	_	ContainsVariation=No	_	End=324.211	3x1	_	_	_
145-0	PKP024	145	0	ho	ho	_	_	_	_	_	linguistic	_	ContainsVariation=No	_	Begin=324.495	_	_	_	_
145-1	PKP024	145	1	visto	visto	_	_	_	_	_	linguistic	_	ContainsVariation=No	_	_	_	_	_	_
145-2	PKP024	145	2	la	la	_	_	_	_	_	linguistic	_	ContainsVariation=No	_	_	_	_	_	_
145-3	PKP024	145	3	storia:	storia	_	_	_	_	_	linguistic	_	ContainsVariation=No	_	_	5x1	_	_	_
145-4	PKP024	145	4	era:	era	_	_	_	_	_	linguistic	_	ContainsVariation=No	_	_	2x1	_	_	_
145-5	PKP024	145	5	davanti	davanti	_	_	_	_	_	linguistic	_	ContainsVariation=No	_	_	_	_	_	_
145-6	PKP024	145	6	alle	alle	_	_	_	_	_	linguistic	_	ContainsVariation=No	_	_	_	_	_	_
145-7	PKP024	145	7	sette	sette	_	_	_	_	_	linguistic	_	ContainsVariation=No	_	_	_	_	_	_
145-8	PKP024	145	8	chie:se	chiese	_	_	_	_	_	linguistic	_	ContainsVariation=No	_	End=327.118	3x1	_	_	_
146-0	PKP029	146	0	mh	mh	_	_	_	_	_	linguistic	_	ContainsVariation=No	_	Begin=328.161|End=328.532	_	_	_	_
147-0	PKP024	147	0	ci	ci	_	_	_	_	_	linguistic	_	ContainsVariation=No	_	Begin=329.261	_	_	_	_
147-1	PKP024	147	1	ho	ho	_	_	_	_	_	linguistic	_	ContainsVariation=No	_	_	_	_	_	_
147-2	PKP024	147	2	passa[to	passato	_	_	_	_	_	linguistic	_	ContainsVariation=No	_	_	_	_	_	5-7(29)
147-3	PKP024	147	3	mezza	mezza	_	_	_	_	_	linguistic	_	ContainsVariation=No	_	_	_	_	_	0-5(29)
147-4	PKP024	147	4	serata]	serata	_	_	_	_	_	linguistic	_	ContainsVariation=No	_	End=330.859	_	_	_	0-6(29)
148-0	PKP092	148	0	[eh	eh	_	_	_	_	_	linguistic	_	ContainsVariation=No	_	Begin=329.835	_	_	_	0-2(29)
148-1	PKP092	148	1	io	io	_	_	_	_	_	linguistic	_	ContainsVariation=No	_	_	_	_	_	0-2(29)
148-2	PKP092	148	2	quando	quando	_	_	_	_	_	linguistic	_	ContainsVariation=No	_	_	_	_	_	0-6(29)
148-3	PKP092	148	3	in	in	_	_	_	_	_	linguistic	_	ContainsVariation=No	_	_	_	_	_	0-2(29)
148-4	PKP092	148	4	qua]rante:na	quarantena	_	_	_	_	_	linguistic	_	ContainsVariation=No	PauseAfter=Yes	_	7x1	_	_	0-3(29)
148-5	PKP092	148	5	(.)	(.)	_	_	_	_	_	shortpause	_	ContainsVariation=No	_	_	_	_	_	_
148-6	PKP092	148	6	che	che	_	_	_	_	_	linguistic	_	ContainsVariation=No	_	_	_	_	_	_
148-7	PKP092	148	7	mise	mise	_	_	_	_	_	linguistic	_	ContainsVariation=No	_	_	_	_	_	_
148-8	PKP092	148	8	le	le	_	_	_	_	_	linguistic	_	ContainsVariation=No	_	_	_	_	_	_
148-9	PKP092	148	9	foto	foto	_	_	_	_	_	linguistic	_	ContainsVariation=No	_	_	_	_	_	_
148-10	PKP092	148	10	di	di	_	_	_	_	_	linguistic	_	ContainsVariation=No	_	_	_	_	_	_
148-11	PKP092	148	11	quando	quando	_	_	_	_	_	linguistic	_	ContainsVariation=No	_	_	_	_	_	_
148-12	PKP092	148	12	andava	andava	_	_	_	_	_	linguistic	_	ContainsVariation=No	_	_	_	_	_	_
148-13	PKP092	148	13	a	a	_	_	_	_	_	linguistic	_	ContainsVariation=No	_	_	_	_	_	_
148-14	PKP092	148	14	fare	fare	_	_	_	_	_	linguistic	_	ContainsVariation=No	_	_	_	_	_	_
148-15	PKP092	148	15	la:	la	_	_	_	_	_	linguistic	_	ContainsVariation=No	_	_	1x1	_	_	_
148-16	PKP092	148	16	spesa	spesa	_	_	_	_	_	linguistic	_	ContainsVariation=No	_	End=334.72	_	_	_	_
149-0	PKP024	149	0	mh	mh	_	_	_	_	_	linguistic	_	ContainsVariation=No	PauseAfter=Yes	Begin=334.762	_	_	_	_
149-1	PKP024	149	1	(.)	(.)	_	_	_	_	_	shortpause	_	ContainsVariation=No	_	_	_	_	_	_
149-2	PKP024	149	2	mh	mh	_	_	_	_	_	linguistic	_	ContainsVariation=No	_	_	_	_	_	_
149-3	PKP024	149	3	sì	sì	_	_	_	_	_	linguistic	_	ContainsVariation=No	_	End=335.91	_	_	_	_
150-0	PKP092	150	0	<che	che	_	_	_	_	_	linguistic	_	ContainsVariation=No	_	Begin=336.044	_	Slow=0-3(0)	_	_
150-1	PKP092	150	1	calcolai	calcolai	_	_	_	_	_	linguistic	_	ContainsVariation=No	_	_	_	Slow=0-8(0)	_	_
150-2	PKP092	150	2	più	più	_	_	_	_	_	linguistic	_	ContainsVariation=No	_	_	_	Slow=0-3(0)	_	_
150-3	PKP092	150	3	o	o	_	_	_	_	_	linguistic	_	ContainsVariation=No	_	_	_	Slow=0-1(0)	_	_
150-4	PKP092	150	4	meno	meno	_	_	_	_	_	linguistic	_	ContainsVariation=No	_	_	_	Slow=0-4(0)	_	_
150-5	PKP092	150	5	il	il	_	_	_	_	_	linguistic	_	ContainsVariation=No	_	_	_	Slow=0-2(0)	_	_
150-6	PKP092	150	6	te:mpo,	tempo	_	_	_	_	_	linguistic	_	ContainsVariation=No	Intonation=WeaklyRising	_	1x1	Slow=0-5(0)	_	_
150-7	PKP092	150	7	c'	c'	_	_	_	_	_	linguistic	_	ContainsVariation=No	SpaceAfter=No	_	_	Slow=0-2(0)	_	_
150-8	PKP092	150	8	era	era	_	_	_	_	_	linguistic	_	ContainsVariation=No	_	_	_	Slow=0-3(0)	_	_
150-9	PKP092	150	9	la	la	_	_	_	_	_	linguistic	_	ContainsVariation=No	_	_	_	Slow=0-2(0)	_	_
150-10	PKP092	150	10	coo:p	coop	_	_	_	_	_	linguistic	_	ContainsVariation=No	_	_	2x1	Slow=0-4(0)	_	_
150-11	PKP092	150	11	vicina>	vicina	_	_	_	_	_	linguistic	_	ContainsVariation=No	_	End=339.7	_	Slow=0-6(0)	_	_
151-0	PKP029	151	0	(vai	vai	_	_	_	_	_	linguistic	_	ContainsVariation=No	_	Begin=339.801	_	_	0-3(0)	_
151-1	PKP029	151	1	oh)	oh	_	_	_	_	_	linguistic	_	ContainsVariation=No	_	End=340.475	_	_	0-2(0)	_
152-0	PKP092	152	0	<e	e	_	_	_	_	_	linguistic	_	ContainsVariation=No	_	Begin=340.475	_	Slow=0-1(0)	_	_
152-1	PKP092	152	1	la	la	_	_	_	_	_	linguistic	_	ContainsVariation=No	_	_	_	Slow=0-2(0)	_	_
152-2	PKP092	152	2	pam>	pam	_	_	_	_	_	linguistic	_	ContainsVariation=No	_	End=341.25	_	Slow=0-3(0)	_	_
153-0	PKP024	153	0	ma	ma	_	_	_	_	_	linguistic	_	ContainsVariation=No	_	Begin=343.871	_	_	_	_
153-1	PKP024	153	1	lui	lui	_	_	_	_	_	linguistic	_	ContainsVariation=No	_	_	_	_	_	_
153-2	PKP024	153	2	è	è	_	_	_	_	_	linguistic	_	ContainsVariation=No	_	_	_	_	_	_
153-3	PKP024	153	3	andato	andato	_	_	_	_	_	linguistic	_	ContainsVariation=No	_	_	_	_	_	_
153-4	PKP024	153	4	hai	hai	_	_	_	_	_	linguistic	_	ContainsVariation=No	_	_	_	_	_	_
153-5	PKP024	153	5	visto	visto	_	_	_	_	_	linguistic	_	ContainsVariation=No	PauseAfter=Yes	_	_	_	_	_
153-6	PKP024	153	6	(.)	(.)	_	_	_	_	_	shortpause	_	ContainsVariation=No	_	_	_	_	_	_
153-7	PKP024	153	7	il	il	_	_	_	_	_	linguistic	_	ContainsVariation=No	_	_	_	_	_	_
153-8	PKP024	153	8	coinquilino	coinquilino	_	_	_	_	_	linguistic	_	ContainsVariation=No	_	_	_	_	_	_
153-9	PKP024	153	9	di:	di	_	_	_	_	_	linguistic	_	ContainsVariation=No	_	_	1x1	_	_	_
153-10	PKP024	153	10	tommaso	tommaso	_	_	_	_	_	linguistic	_	ContainsVariation=No	_	_	_	_	_	_
153-11	PKP024	153	11	lavora	lavora	_	_	_	_	_	linguistic	_	ContainsVariation=No	_	_	_	_	_	_
153-12	PKP024	153	12	alla	alla	_	_	_	_	_	linguistic	_	ContainsVariation=No	_	_	_	_	_	_
153-13	PKP024	153	13	pam	pam	_	_	_	_	_	linguistic	_	ContainsVariation=No	_	_	_	_	_	_
153-14	PKP024	153	14	eh	eh	_	_	_	_	_	linguistic	_	ContainsVariation=No	_	End=347.27	_	_	_	_
154-0	PKP092	154	0	mh	mh	_	_	_	_	_	linguistic	_	ContainsVariation=No	_	Begin=347.535|End=347.793	_	_	_	_
155-0	PKP024	155	0	a	a	_	_	_	_	_	linguistic	_	ContainsVariation=No	_	Begin=348.449	_	_	_	_
155-1	PKP024	155	1	santo	santo	_	_	_	_	_	linguistic	_	ContainsVariation=No	_	_	_	_	_	_
155-2	PKP024	155	2	stefano	stefano	_	_	_	_	_	linguistic	_	ContainsVariation=No	_	End=349.535	_	_	_	_
156-0	PKP024	156	0	e	e	_	_	_	_	_	linguistic	_	ContainsVariation=No	_	Begin=349.607	_	_	_	_
156-1	PKP024	156	1	lui	lui	_	_	_	_	_	linguistic	_	ContainsVariation=No	_	_	_	_	_	_
156-2	PKP024	156	2	ce	ce	_	_	_	_	_	linguistic	_	ContainsVariation=No	_	_	_	_	_	_
156-3	PKP024	156	3	l'	l'	_	_	_	_	_	linguistic	_	ContainsVariation=No	SpaceAfter=No	_	_	_	_	_
156-4	PKP024	156	4	ha	ha	_	_	_	_	_	linguistic	_	ContainsVariation=No	_	_	_	_	_	_
156-5	PKP024	156	5	visto	visto	_	_	_	_	_	linguistic	_	ContainsVariation=No	_	_	_	_	_	_
156-6	PKP024	156	6	diverse	diverse	_	_	_	_	_	linguistic	_	ContainsVariation=No	_	_	_	_	_	_
156-7	PKP024	156	7	volte,	volte	_	_	_	_	_	linguistic	_	ContainsVariation=No	Intonation=WeaklyRising	End=351.096	_	_	_	_
157-0	PKP092	157	0	ha	ha	_	_	_	_	_	linguistic	_	ContainsVariation=No	_	Begin=351.096|End=351.27	_	_	_	_
158-0	PKP024	158	0	veniva	veniva	_	_	_	_	_	linguistic	_	ContainsVariation=No	_	Begin=351.27	_	_	_	_
158-1	PKP024	158	1	a	a	_	_	_	_	_	linguistic	_	ContainsVariation=No	_	_	_	_	_	_
158-2	PKP024	158	2	fare	fare	_	_	_	_	_	linguistic	_	ContainsVariation=No	_	_	_	_	_	_
158-3	PKP024	158	3	la	la	_	_	_	_	_	linguistic	_	ContainsVariation=No	_	_	_	_	_	_
158-4	PKP024	158	4	spesa	spesa	_	_	_	_	_	linguistic	_	ContainsVariation=No	_	_	_	_	_	_
158-5	PKP024	158	5	lì,	lì	_	_	_	_	_	linguistic	_	ContainsVariation=No	Intonation=WeaklyRising	End=352.51	_	_	_	_
159-0	PKP024	159	0	il	il	_	_	_	_	_	linguistic	_	ContainsVariation=No	_	Begin=358.97	_	_	_	_
159-1	PKP024	159	1	problema	problema	_	_	_	_	_	linguistic	_	ContainsVariation=No	_	_	_	_	_	_
159-2	PKP024	159	2	è	è	_	_	_	_	_	linguistic	_	ContainsVariation=No	_	_	_	_	_	_
159-3	PKP024	159	3	che	che	_	_	_	_	_	linguistic	_	ContainsVariation=No	_	_	_	_	_	_
159-4	PKP024	159	4	daniele	daniele	_	_	_	_	_	linguistic	_	ContainsVariation=No	_	_	_	_	_	_
159-5	PKP024	159	5	è	è	_	_	_	_	_	linguistic	_	ContainsVariation=No	_	_	_	_	_	_
159-6	PKP024	159	6	(u)n'	un'	_	_	_	_	_	linguistic	_	ContainsVariation=No	SpaceAfter=No	_	_	_	0-1(0)	_
159-7	PKP024	159	7	ame:ba,	ameba	_	_	_	_	_	linguistic	_	ContainsVariation=No	Intonation=WeaklyRising|PauseAfter=Yes	_	2x1	_	_	_
159-8	PKP024	159	8	(.)	(.)	_	_	_	_	_	shortpause	_	ContainsVariation=No	_	_	_	_	_	_
159-9	PKP024	159	9	non	non	_	_	_	_	_	linguistic	_	ContainsVariation=No	_	_	_	_	_	_
159-10	PKP024	159	10	gli	gli	_	_	_	_	_	linguistic	_	ContainsVariation=No	_	_	_	_	_	_
159-11	PKP024	159	11	fa	fa	_	_	_	_	_	linguistic	_	ContainsVariation=No	_	_	_	_	_	_
159-12	PKP024	159	12	nie:nte,	niente	_	_	_	_	_	linguistic	_	ContainsVariation=No	Intonation=WeaklyRising	_	2x1	_	_	_
159-13	PKP024	159	13	non	non	_	_	_	_	_	linguistic	_	ContainsVariation=No	_	_	_	_	_	_
159-14	PKP024	159	14	lo	lo	_	_	_	_	_	linguistic	_	ContainsVariation=No	_	_	_	_	_	_
159-15	PKP024	159	15	salu:ta	saluta	_	_	_	_	_	linguistic	_	ContainsVariation=No	_	End=361.79	3x1	_	_	_
160-0	PKP024	160	0	x	x	_	_	_	_	_	unknown	_	ContainsVariation=No	Syllables=1	Begin=362.23	_	_	_	_
160-1	PKP024	160	1	eh	eh	_	_	_	_	_	linguistic	_	ContainsVariation=No	_	_	_	_	_	_
160-2	PKP024	160	2	ma	ma	_	_	_	_	_	linguistic	_	ContainsVariation=No	_	_	_	_	_	_
160-3	PKP024	160	3	mica	mica	_	_	_	_	_	linguistic	_	ContainsVariation=No	_	_	_	_	_	_
160-4	PKP024	160	4	lo	lo	_	_	_	_	_	linguistic	_	ContainsVariation=No	_	_	_	_	_	_
160-5	PKP024	160	5	posso	posso	_	_	_	_	_	linguistic	_	ContainsVariation=No	_	_	_	_	_	_
160-6	PKP024	160	6	disturbare	disturbare	_	_	_	_	_	linguistic	_	ContainsVariation=No	_	_	_	_	_	_
160-7	PKP024	160	7	mentre	mentre	_	_	_	_	_	linguistic	_	ContainsVariation=No	_	_	_	_	_	_
160-8	PKP024	160	8	fa	fa	_	_	_	_	_	linguistic	_	ContainsVariation=No	_	_	_	_	_	_
160-9	PKP024	160	9	la	la	_	_	_	_	_	linguistic	_	ContainsVariation=No	_	_	_	_	_	_
160-10	PKP024	160	10	spe:sa,	spesa	_	_	_	_	_	linguistic	_	ContainsVariation=No	Intonation=WeaklyRising	_	2x1	_	_	_
160-11	PKP024	160	11	e	e	_	_	_	_	_	linguistic	_	ContainsVariation=No	_	_	_	_	_	_
160-12	PKP024	160	12	invece	invece	_	_	_	_	_	linguistic	_	ContainsVariation=No	_	_	_	_	_	_
160-13	PKP024	160	13	sì	sì	_	_	_	_	_	linguistic	_	ContainsVariation=No	_	End=365.344	_	_	_	_
161-0	PKP029	161	0	((ride))	((ride))	_	_	_	_	_	nonverbalbehavior	_	ContainsVariation=No	_	Begin=365.518|End=366.05	_	_	_	_
162-0	PKP024	162	0	tanto	tanto	_	_	_	_	_	linguistic	_	ContainsVariation=No	_	Begin=366.072	_	_	_	_
162-1	PKP024	162	1	sei	sei	_	_	_	_	_	linguistic	_	ContainsVariation=No	_	_	_	_	_	_
162-2	PKP024	162	2	alla	alla	_	_	_	_	_	linguistic	_	ContainsVariation=No	_	_	_	_	_	_
162-3	PKP024	162	3	ca:ssa	cassa	_	_	_	_	_	linguistic	_	ContainsVariation=No	PauseAfter=Yes	_	1x1	_	_	_
162-4	PKP024	162	4	(.)	(.)	_	_	_	_	_	shortpause	_	ContainsVariation=No	_	_	_	_	_	_
162-5	PKP024	162	5	gli	gli	_	_	_	_	_	linguistic	_	ContainsVariation=No	_	_	_	_	_	_
162-6	PKP024	162	6	fai	fai	_	_	_	_	_	linguistic	_	ContainsVariation=No	_	_	_	_	_	_
162-7	PKP024	162	7	cia:o:,	ciao	_	_	_	_	_	linguistic	_	ContainsVariation=No	Intonation=WeaklyRising	End=367.975	2x1,3x1	_	_	_
163-0	PKP024	163	0	ciao	ciao	_	_	_	_	_	linguistic	_	ContainsVariation=No	_	Begin=369.1	_	_	_	_
163-1	PKP024	163	1	lu:ca,	luca	_	_	_	_	_	linguistic	_	ContainsVariation=No	Intonation=WeaklyRising	End=369.984	1x1	_	_	_
164-0	PKP024	164	0	(se	se	_	_	_	_	_	linguistic	_	ContainsVariation=No	_	Begin=377.677	_	_	0-2(0)	_
164-1	PKP024	164	1	ci	ci	_	_	_	_	_	linguistic	_	ContainsVariation=No	_	_	_	_	0-2(0)	_
164-2	PKP024	164	2	va)	va	_	_	_	_	_	linguistic	_	ContainsVariation=No	_	_	_	_	0-2(0)	_
164-3	PKP024	164	3	alla	alla	_	_	_	_	_	linguistic	_	ContainsVariation=No	_	_	_	_	_	_
164-4	PKP024	164	4	peggio	peggio	_	_	_	_	_	linguistic	_	ContainsVariation=No	_	_	_	_	_	_
164-5	PKP024	164	5	(ci	ci	_	_	_	_	_	linguistic	_	ContainsVariation=No	_	_	_	_	0-2(1)	_
164-6	PKP024	164	6	si	si	_	_	_	_	_	linguistic	_	ContainsVariation=No	_	_	_	_	0-2(1)	_
164-7	PKP024	164	7	mette)	mette	_	_	_	_	_	linguistic	_	ContainsVariation=No	_	_	_	_	0-5(1)	_
164-8	PKP024	164	8	a	a	_	_	_	_	_	linguistic	_	ContainsVariation=No	_	_	_	_	_	_
164-9	PKP024	164	9	fare	fare	_	_	_	_	_	linguistic	_	ContainsVariation=No	_	_	_	_	_	_
164-10	PKP024	164	10	la	la	_	_	_	_	_	linguistic	_	ContainsVariation=No	_	_	_	_	_	_
164-11	PKP024	164	11	spesa	spesa	_	_	_	_	_	linguistic	_	ContainsVariation=No	_	_	_	_	_	_
164-12	PKP024	164	12	lì	lì	_	_	_	_	_	linguistic	_	ContainsVariation=No	_	_	_	_	_	_
164-13	PKP024	164	13	a	a	_	_	_	_	_	linguistic	_	ContainsVariation=No	_	_	_	_	_	_
164-14	PKP024	164	14	santo	santo	_	_	_	_	_	linguistic	_	ContainsVariation=No	_	_	_	_	_	_
164-15	PKP024	164	15	stefano	stefano	_	_	_	_	_	linguistic	_	ContainsVariation=No	_	_	_	_	_	_
164-16	PKP024	164	16	(vabbè)	vabbè	_	_	_	_	_	linguistic	_	ContainsVariation=No	_	End=381.23	_	_	0-5(2)	_
165-0	PKP092	165	0	m:h	mh	_	_	_	_	_	linguistic	_	ContainsVariation=No	_	Begin=381.715	0x1	_	_	_
165-1	PKP092	165	1	perché?	perché	_	_	_	_	_	linguistic	_	ContainsVariation=No	Intonation=Rising	End=382.486	_	_	_	_
166-0	PKP024	166	0	tutti	tutti	_	_	_	_	_	linguistic	_	ContainsVariation=No	_	Begin=383.095	_	_	_	_
166-1	PKP024	166	1	i	i	_	_	_	_	_	linguistic	_	ContainsVariation=No	_	_	_	_	_	_
166-2	PKP024	166	2	ricconi	ricconi	_	_	_	_	_	linguistic	_	ContainsVariation=No	_	_	_	_	_	_
166-3	PKP024	166	3	di	di	_	_	_	_	_	linguistic	_	ContainsVariation=No	_	_	_	_	_	_
166-4	PKP024	166	4	bolo[gna]	bologna	_	_	_	_	_	linguistic	_	ContainsVariation=No	_	_	_	_	_	4-7(31)
166-5	PKP024	166	5	((ride))	((ride))	_	_	_	_	_	nonverbalbehavior	_	ContainsVariation=No	_	End=384.81	_	_	_	_
167-0	PKP092	167	0	[a:h]	ah	_	_	_	_	_	linguistic	_	ContainsVariation=No	_	Begin=384.106|End=384.474	0x1	_	_	0-2(31)
168-0	PKP029	168	0	sì::?	sì	_	_	_	_	_	linguistic	_	ContainsVariation=No	Intonation=Rising	Begin=384.535|End=385.009	1x2	_	_	_
169-0	PKP024	169	0	[(sì)]	sì	_	_	_	_	_	linguistic	_	ContainsVariation=No	_	Begin=385.277|End=385.64	_	_	0-2(0)	0-2(32)
170-0	PKP092	170	0	[lui	lui	_	_	_	_	_	linguistic	_	ContainsVariation=No	_	Begin=385.295	_	_	_	0-3(32)
170-1	PKP092	170	1	è]	è	_	_	_	_	_	linguistic	_	ContainsVariation=No	_	_	_	_	_	0-1(32)
170-2	PKP092	170	2	un	un	_	_	_	_	_	linguistic	_	ContainsVariation=No	_	_	_	_	_	_
170-3	PKP092	170	3	pezzente?	pezzente	_	_	_	_	_	linguistic	_	ContainsVariation=No	Intonation=Rising	End=386.28	_	_	_	_
171-0	PKP024	171	0	x:	x	_	_	_	_	_	linguistic	_	ContainsVariation=No	_	Begin=386.412	0x1	_	_	_
171-1	PKP024	171	1	xx	xx	_	_	_	_	_	unknown	_	ContainsVariation=No	Syllables=2	End=387.09	_	_	_	_
172-0	PKP024	172	0	tutta	tutta	_	_	_	_	_	linguistic	_	ContainsVariation=No	_	Begin=388.052	_	_	_	_
172-1	PKP024	172	1	la	la	_	_	_	_	_	linguistic	_	ContainsVariation=No	_	_	_	_	_	_
172-2	PKP024	172	2	gente	gente	_	_	_	_	_	linguistic	_	ContainsVariation=No	_	_	_	_	_	_
172-3	PKP024	172	3	più	più	_	_	_	_	_	linguistic	_	ContainsVariation=No	_	_	_	_	_	_
172-4	PKP024	172	4	benesta:nte	benestante	_	_	_	_	_	linguistic	_	ContainsVariation=No	_	End=389.743	6x1	_	_	_
173-0	PKP092	173	0	no	no	_	_	_	_	_	linguistic	_	ContainsVariation=No	_	Begin=392.55	_	_	_	_
173-1	PKP092	173	1	anche	anche	_	_	_	_	_	linguistic	_	ContainsVariation=No	_	_	_	_	_	_
173-2	PKP092	173	2	perché	perché	_	_	_	_	_	linguistic	_	ContainsVariation=No	_	_	_	_	_	_
173-3	PKP092	173	3	lì	lì	_	_	_	_	_	linguistic	_	ContainsVariation=No	_	_	_	_	_	_
173-4	PKP092	173	4	è	è	_	_	_	_	_	linguistic	_	ContainsVariation=No	_	_	_	_	_	_
173-5	PKP092	173	5	un	un	_	_	_	_	_	linguistic	_	ContainsVariation=No	_	_	_	_	_	_
173-6	PKP092	173	6	bel	bel	_	_	_	_	_	linguistic	_	ContainsVariation=No	_	_	_	_	_	_
173-7	PKP092	173	7	quartiere	quartiere	_	_	_	_	_	linguistic	_	ContainsVariation=No	_	End=394.079	_	_	_	_
174-0	PKP024	174	0	mh	mh	_	_	_	_	_	linguistic	_	ContainsVariation=No	_	Begin=394.079|End=394.46	_	_	_	_
175-0	PKP024	175	0	ca:volo	cavolo	_	_	_	_	_	linguistic	_	ContainsVariation=No	_	Begin=395.902	1x1	_	_	_
175-1	PKP024	175	1	ma	ma	_	_	_	_	_	linguistic	_	ContainsVariation=No	_	_	_	_	_	_
175-2	PKP024	175	2	poi	poi	_	_	_	_	_	linguistic	_	ContainsVariation=No	_	_	_	_	_	_
175-3	PKP024	175	3	sei	sei	_	_	_	_	_	linguistic	_	ContainsVariation=No	_	_	_	_	_	_
175-4	PKP024	175	4	zona	zona	_	_	_	_	_	linguistic	_	ContainsVariation=No	_	_	_	_	_	_
175-5	PKP024	175	5	ce:ntro	centro	_	_	_	_	_	linguistic	_	ContainsVariation=No	_	End=397.58	1x1	_	_	_
176-0	PKP092	176	0	mh	mh	_	_	_	_	_	linguistic	_	ContainsVariation=No	_	Begin=397.748|End=398.215	_	_	_	_
177-0	PKP092	177	0	°poi	poi	_	_	_	_	_	linguistic	_	ContainsVariation=No	Volume=low	Begin=398.356	_	_	_	_
177-1	PKP092	177	1	sono	sono	_	_	_	_	_	linguistic	_	ContainsVariation=No	Volume=low	_	_	_	_	_
177-2	PKP092	177	2	palazzoni	palazzoni	_	_	_	_	_	linguistic	_	ContainsVariation=No	Volume=low	_	_	_	_	_
177-3	PKP092	177	3	be:lli°	belli	_	_	_	_	_	linguistic	_	ContainsVariation=No	Volume=low	End=399.943	1x1	_	_	_
178-0	PKP024	178	0	sì	sì	_	_	_	_	_	linguistic	_	ContainsVariation=No	_	Begin=400.034|End=400.394	_	_	_	_
179-0	PKP024	179	0	dai	dai	_	_	_	_	_	linguistic	_	ContainsVariation=No	_	Begin=401.629	_	_	_	_
179-1	PKP024	179	1	più	più	_	_	_	_	_	linguistic	_	ContainsVariation=No	_	_	_	_	_	_
179-2	PKP024	179	2	o	o	_	_	_	_	_	linguistic	_	ContainsVariation=No	_	_	_	_	_	_
179-3	PKP024	179	3	meno	meno	_	_	_	_	_	linguistic	_	ContainsVariation=No	_	_	_	_	_	_
179-4	PKP024	179	4	il	il	_	_	_	_	_	linguistic	_	ContainsVariation=No	_	_	_	_	_	_
179-5	PKP024	179	5	centro	centro	_	_	_	_	_	linguistic	_	ContainsVariation=No	_	_	_	_	_	_
179-6	PKP024	179	6	è	è	_	_	_	_	_	linguistic	_	ContainsVariation=No	_	_	_	_	_	_
179-7	PKP024	179	7	tutto	tutto	_	_	_	_	_	linguistic	_	ContainsVariation=No	_	_	_	_	_	_
179-8	PKP024	179	8	bello	bello	_	_	_	_	_	linguistic	_	ContainsVariation=No	_	_	_	_	_	_
179-9	PKP024	179	9	però,	però	_	_	_	_	_	linguistic	_	ContainsVariation=No	Intonation=WeaklyRising	End=403.313	_	_	_	_
180-0	PKP092	180	0	sì	sì	_	_	_	_	_	linguistic	_	ContainsVariation=No	_	Begin=403.316|End=403.51	_	_	_	_
181-0	PKP024	181	0	sai	sai	_	_	_	_	_	linguistic	_	ContainsVariation=No	_	Begin=403.516	_	_	_	_
181-1	PKP024	181	1	se	se	_	_	_	_	_	linguistic	_	ContainsVariation=No	_	_	_	_	_	_
181-2	PKP024	181	2	vai	vai	_	_	_	_	_	linguistic	_	ContainsVariation=No	PauseAfter=Yes	_	_	_	_	_
181-3	PKP024	181	3	(.)	(.)	_	_	_	_	_	shortpause	_	ContainsVariation=No	_	_	_	_	_	_
181-4	PKP024	181	4	già	già	_	_	_	_	_	linguistic	_	ContainsVariation=No	_	_	_	_	_	_
181-5	PKP024	181	5	in	in	_	_	_	_	_	linguistic	_	ContainsVariation=No	_	_	_	_	_	_
181-6	PKP024	181	6	via	via	_	_	_	_	_	linguistic	_	ContainsVariation=No	_	_	_	_	_	_
181-7	PKP024	181	7	zambo:ni,	zamboni	_	_	_	_	_	linguistic	_	ContainsVariation=No	Intonation=WeaklyRising	_	4x1	_	_	_
181-8	PKP024	181	8	se	se	_	_	_	_	_	linguistic	_	ContainsVariation=No	_	_	_	_	_	_
181-9	PKP024	181	9	[stai]	stai	_	_	_	_	_	linguistic	_	ContainsVariation=No	_	_	_	_	_	0-4(34)
181-10	PKP024	181	10	lì	lì	_	_	_	_	_	linguistic	_	ContainsVariation=No	_	_	_	_	_	_
181-11	PKP024	181	11	è	è	_	_	_	_	_	linguistic	_	ContainsVariation=No	_	_	_	_	_	_
181-12	PKP024	181	12	quello	quello	_	_	_	_	_	linguistic	_	ContainsVariation=No	_	_	_	_	_	_
181-13	PKP024	181	13	x	x	_	_	_	_	_	unknown	_	ContainsVariation=No	Syllables=1	_	_	_	_	_
181-14	PKP024	181	14	mi	mi	_	_	_	_	_	linguistic	_	ContainsVariation=No	_	_	_	_	_	_
181-15	PKP024	181	15	preoccuperei	preoccuperei	_	_	_	_	_	linguistic	_	ContainsVariation=No	_	_	_	_	_	_
181-16	PKP024	181	16	un	un	_	_	_	_	_	linguistic	_	ContainsVariation=No	_	_	_	_	_	_
181-17	PKP024	181	17	attimino,	attimino	_	_	_	_	_	linguistic	_	ContainsVariation=No	Intonation=WeaklyRising	End=407.641	_	_	_	_
182-0	PKP092	182	0	[eh]	eh	_	_	_	_	_	linguistic	_	ContainsVariation=No	_	Begin=405.358|End=405.623	_	_	_	0-2(33)
183-0	PKP092	183	0	((ride))	((ride))	_	_	_	_	_	nonverbalbehavior	_	ContainsVariation=No	_	Begin=405.915|End=406.683	_	_	_	_
184-0	PKP024	184	0	santo	santo	_	_	_	_	_	linguistic	_	ContainsVariation=No	_	Begin=407.903	_	_	_	_
184-1	PKP024	184	1	ste:fano	stefano	_	_	_	_	_	linguistic	_	ContainsVariation=No	_	_	2x1	_	_	_
184-2	PKP024	184	2	è	è	_	_	_	_	_	linguistic	_	ContainsVariation=No	_	_	_	_	_	_
184-3	PKP024	184	3	bella	bella	_	_	_	_	_	linguistic	_	ContainsVariation=No	_	_	_	_	_	_
184-4	PKP024	184	4	come	come	_	_	_	_	_	linguistic	_	ContainsVariation=No	_	_	_	_	_	_
184-5	PKP024	184	5	(terra	terra	_	_	_	_	_	linguistic	_	ContainsVariation=No	_	_	_	_	0-5(0)	_
184-6	PKP024	184	6	già)	già	_	_	_	_	_	linguistic	_	ContainsVariation=No	_	End=409.69	_	_	0-3(0)	_
185-0	PKP024	185	0	anche	anche	_	_	_	_	_	linguistic	_	ContainsVariation=No	_	Begin=415.021	_	_	_	_
185-1	PKP024	185	1	via	via	_	_	_	_	_	linguistic	_	ContainsVariation=No	_	_	_	_	_	_
185-2	PKP024	185	2	irne:rio	irnerio	_	_	_	_	_	linguistic	_	ContainsVariation=No	_	End=416.097	3x1	_	_	_
186-0	PKP024	186	0	non	non	_	_	_	_	_	linguistic	_	ContainsVariation=No	_	Begin=430.294	_	_	_	_
186-1	PKP024	186	1	ti	ti	_	_	_	_	_	linguistic	_	ContainsVariation=No	_	_	_	_	_	_
186-2	PKP024	186	2	piace	piace	_	_	_	_	_	linguistic	_	ContainsVariation=No	_	_	_	_	_	_
186-3	PKP024	186	3	vale?	vale	_	_	_	_	_	linguistic	_	ContainsVariation=No	Intonation=Rising	End=431.487	_	_	_	_
187-0	PKP029	187	0	eh	eh	_	_	_	_	_	linguistic	_	ContainsVariation=No	_	Begin=432.475	_	_	_	_
187-1	PKP029	187	1	mi	mi	_	_	_	_	_	linguistic	_	ContainsVariation=No	_	_	_	_	_	_
187-2	PKP029	187	2	si	si	_	_	_	_	_	linguistic	_	ContainsVariation=No	_	_	_	_	_	_
187-3	PKP029	187	3	era:	era	_	_	_	_	_	linguistic	_	ContainsVariation=No	_	_	2x1	_	_	_
187-4	PKP029	187	4	<spaccato>	spaccato	_	_	_	_	_	linguistic	_	ContainsVariation=No	_	End=433.81	_	Slow=0-8(0)	_	_
188-0	PKP024	188	0	ma	ma	_	_	_	_	_	linguistic	_	ContainsVariation=No	_	Begin=437.424|End=437.85	_	_	_	_
189-0	PKP024	189	0	il	il	_	_	_	_	_	linguistic	_	ContainsVariation=No	_	Begin=439.352	_	_	_	_
189-1	PKP024	189	1	dario	dario	_	_	_	_	_	linguistic	_	ContainsVariation=No	_	_	_	_	_	_
189-2	PKP024	189	2	con	con	_	_	_	_	_	linguistic	_	ContainsVariation=No	_	_	_	_	_	_
189-3	PKP024	189	3	chi	chi	_	_	_	_	_	linguistic	_	ContainsVariation=No	_	_	_	_	_	_
189-4	PKP024	189	4	ha	ha	_	_	_	_	_	linguistic	_	ContainsVariation=No	_	_	_	_	_	_
189-5	PKP024	189	5	in	in	_	_	_	_	_	linguistic	_	ContainsVariation=No	_	_	_	_	_	_
189-6	PKP024	189	6	casa	casa	_	_	_	_	_	linguistic	_	ContainsVariation=No	_	_	_	_	_	_
189-7	PKP024	189	7	ora?	ora	_	_	_	_	_	linguistic	_	ContainsVariation=No	Intonation=Rising	End=440.637	_	_	_	_
190-0	PKP029	190	0	mh	mh	_	_	_	_	_	linguistic	_	ContainsVariation=No	_	Begin=441.169|End=441.534	_	_	_	_
191-0	PKP029	191	0	ma:tteo	matteo	_	_	_	_	_	linguistic	_	ContainsVariation=No	_	Begin=442.026	1x1	_	_	_
191-1	PKP029	191	1	e	e	_	_	_	_	_	linguistic	_	ContainsVariation=No	_	_	_	_	_	_
191-2	PKP029	191	2	rossi	rossi	_	_	_	_	_	linguistic	_	ContainsVariation=No	_	End=443.204	_	_	_	_
192-0	PKP024	192	0	mh	mh	_	_	_	_	_	linguistic	_	ContainsVariation=No	_	Begin=443.337|End=443.694	_	_	_	_
193-0	PKP024	193	0	con	con	_	_	_	_	_	linguistic	_	ContainsVariation=No	_	Begin=444.79	_	_	_	_
193-1	PKP024	193	1	solo	solo	_	_	_	_	_	linguistic	_	ContainsVariation=No	_	_	_	_	_	_
193-2	PKP024	193	2	loro	loro	_	_	_	_	_	linguistic	_	ContainsVariation=No	_	_	_	_	_	_
193-3	PKP024	193	3	due?	due	_	_	_	_	_	linguistic	_	ContainsVariation=No	Intonation=Rising	End=445.764	_	_	_	_
194-0	PKP029	194	0	mh,	mh	_	_	_	_	_	linguistic	_	ContainsVariation=No	Intonation=WeaklyRising	Begin=446.092|End=446.37	_	_	_	_
195-0	PKP024	195	0	non	non	_	_	_	_	_	linguistic	_	ContainsVariation=No	_	Begin=447.907	_	_	_	_
195-1	PKP024	195	1	c'	c'	_	_	_	_	_	linguistic	_	ContainsVariation=No	SpaceAfter=No	_	_	_	_	_
195-2	PKP024	195	2	era	era	_	_	_	_	_	linguistic	_	ContainsVariation=No	_	_	_	_	_	_
195-3	PKP024	195	3	il	il	_	_	_	_	_	linguistic	_	ContainsVariation=No	_	_	_	_	_	_
195-4	PKP024	195	4	bianchini	bianchini	_	_	_	_	_	linguistic	_	ContainsVariation=No	_	_	_	_	_	_
195-5	PKP024	195	5	prima?	prima	_	_	_	_	_	linguistic	_	ContainsVariation=No	Intonation=Rising	End=449.11	_	_	_	_
196-0	PKP029	196	0	[mh]	mh	_	_	_	_	_	linguistic	_	ContainsVariation=No	_	Begin=449.797|End=450.16	_	_	_	0-2(35)
197-0	PKP024	197	0	[che	che	_	_	_	_	_	linguistic	_	ContainsVariation=No	_	Begin=449.8	_	_	_	0-3(35)
197-1	PKP024	197	1	ha	ha	_	_	_	_	_	linguistic	_	ContainsVariation=No	_	_	_	_	_	0-2(35)
197-2	PKP024	197	2	preso]	preso	_	_	_	_	_	linguistic	_	ContainsVariation=No	_	_	_	_	_	0-5(35)
197-3	PKP024	197	3	il	il	_	_	_	_	_	linguistic	_	ContainsVariation=No	_	_	_	_	_	_
197-4	PKP024	197	4	posto	posto	_	_	_	_	_	linguistic	_	ContainsVariation=No	_	_	_	_	_	_
197-5	PKP024	197	5	di	di	_	_	_	_	_	linguistic	_	ContainsVariation=No	_	_	_	_	_	_
197-6	PKP024	197	6	marco	marco	_	_	_	_	_	linguistic	_	ContainsVariation=No	_	End=450.643	_	_	_	_
198-0	PKP029	198	0	esatto	esatto	_	_	_	_	_	linguistic	_	ContainsVariation=No	_	Begin=450.671	_	_	_	_
198-1	PKP029	198	1	((ride))	((ride))	_	_	_	_	_	nonverbalbehavior	_	ContainsVariation=No	_	End=451.454	_	_	_	_
199-0	PKP024	199	0	che	che	_	_	_	_	_	linguistic	_	ContainsVariation=No	_	Begin=451.454	_	_	_	_
199-1	PKP024	199	1	scema	scema	_	_	_	_	_	linguistic	_	ContainsVariation=No	_	End=451.87	_	_	_	_
200-0	PKP029	200	0	sì	sì	_	_	_	_	_	linguistic	_	ContainsVariation=No	_	Begin=455.54	_	_	_	_
200-1	PKP029	200	1	sì	sì	_	_	_	_	_	linguistic	_	ContainsVariation=No	_	End=455.94	_	_	_	_
201-0	PKP024	201	0	e	e	_	_	_	_	_	linguistic	_	ContainsVariation=No	_	Begin=457.8	_	_	_	_
201-1	PKP024	201	1	voi	voi	_	_	_	_	_	linguistic	_	ContainsVariation=No	_	_	_	_	_	_
201-2	PKP024	201	2	sta~	sta~	_	_	_	_	_	linguistic	_	ContainsVariation=No	Interrupted=Yes	_	_	_	_	_
201-3	PKP024	201	3	stasera	stasera	_	_	_	_	_	linguistic	_	ContainsVariation=No	_	_	_	_	_	_
201-4	PKP024	201	4	dormite	dormite	_	_	_	_	_	linguistic	_	ContainsVariation=No	_	_	_	_	_	_
201-5	PKP024	201	5	in	in	_	_	_	_	_	linguistic	_	ContainsVariation=No	_	_	_	_	_	_
201-6	PKP024	201	6	camera	camera	_	_	_	_	_	linguistic	_	ContainsVariation=No	_	_	_	_	_	_
201-7	PKP024	201	7	di	di	_	_	_	_	_	linguistic	_	ContainsVariation=No	_	End=459.697	_	_	_	_
202-0	PKP024	202	0	di	di	_	_	_	_	_	linguistic	_	ContainsVariation=No	_	Begin=459.953	_	_	_	_
202-1	PKP024	202	1	rossi(ni)	rossini	_	_	_	_	_	linguistic	_	ContainsVariation=No	_	End=460.625	_	_	5-7(0)	_
203-0	PKP029	203	0	sì	sì	_	_	_	_	_	linguistic	_	ContainsVariation=No	_	Begin=461.514	_	_	_	_
203-1	PKP029	203	1	perché	perché	_	_	_	_	_	linguistic	_	ContainsVariation=No	_	_	_	_	_	_
203-2	PKP029	203	2	il	il	_	_	_	_	_	linguistic	_	ContainsVariation=No	_	_	_	_	_	_
203-3	PKP029	203	3	suo	suo	_	_	_	_	_	linguistic	_	ContainsVariation=No	_	_	_	_	_	_
203-4	PKP029	203	4	le:tto::	letto	_	_	_	_	_	linguistic	_	ContainsVariation=No	_	_	1x1,4x2	_	_	_
203-5	PKP029	203	5	ha	ha	_	_	_	_	_	linguistic	_	ContainsVariation=No	_	_	_	_	_	_
203-6	PKP029	203	6	detto	detto	_	_	_	_	_	linguistic	_	ContainsVariation=No	_	_	_	_	_	_
203-7	PKP029	203	7	marco::	marco	_	_	_	_	_	linguistic	_	ContainsVariation=No	_	_	4x2	_	_	_
203-8	PKP029	203	8	non	non	_	_	_	_	_	linguistic	_	ContainsVariation=No	_	_	_	_	_	_
203-9	PKP029	203	9	n~	n~	_	_	_	_	_	linguistic	_	ContainsVariation=No	Interrupted=Yes	_	_	_	_	_
203-10	PKP029	203	10	n~	n~	_	_	_	_	_	linguistic	_	ContainsVariation=No	Interrupted=Yes	_	_	_	_	_
203-11	PKP029	203	11	n~	n~	_	_	_	_	_	linguistic	_	ContainsVariation=No	Interrupted=Yes	_	_	_	_	_
203-12	PKP029	203	12	n~	n~	_	_	_	_	_	linguistic	_	ContainsVariation=No	Interrupted=Yes	_	_	_	_	_
203-13	PKP029	203	13	non	non	_	_	_	_	_	linguistic	_	ContainsVariation=No	_	_	_	_	_	_
203-14	PKP029	203	14	ha	ha	_	_	_	_	_	linguistic	_	ContainsVariation=No	_	_	_	_	_	_
203-15	PKP029	203	15	dormito	dormito	_	_	_	_	_	linguistic	_	ContainsVariation=No	_	_	_	_	_	_
203-16	PKP029	203	16	nie:nte	niente	_	_	_	_	_	linguistic	_	ContainsVariation=No	_	_	2x1	_	_	_
203-17	PKP029	203	17	stanotte	stanotte	_	_	_	_	_	linguistic	_	ContainsVariation=No	_	End=466.572	_	_	_	_
204-0	PKP092	204	0	°è	è	_	_	_	_	_	linguistic	_	ContainsVariation=No	Volume=low	Begin=467.788	_	_	_	_
204-1	PKP092	204	1	scomodo?°	scomodo	_	_	_	_	_	linguistic	_	ContainsVariation=No	Intonation=Rising|Volume=low	End=468.561	_	_	_	_
205-0	PKP029	205	0	ha	ha	_	_	_	_	_	linguistic	_	ContainsVariation=No	_	Begin=468.749	_	_	_	_
205-1	PKP029	205	1	detto	detto	_	_	_	_	_	linguistic	_	ContainsVariation=No	_	_	_	_	_	_
205-2	PKP029	205	2	è	è	_	_	_	_	_	linguistic	_	ContainsVariation=No	_	_	_	_	_	_
205-3	PKP029	205	3	scomodissimo	scomodissimo	_	_	_	_	_	linguistic	_	ContainsVariation=No	_	_	_	_	_	_
205-4	PKP029	205	4	è::	è	_	_	_	_	_	linguistic	_	ContainsVariation=No	_	_	0x2	_	_	_
205-5	PKP029	205	5	m::h	mh	_	_	_	_	_	linguistic	_	ContainsVariation=No	_	_	0x2	_	_	_
205-6	PKP029	205	6	il	il	_	_	_	_	_	linguistic	_	ContainsVariation=No	_	_	_	_	_	_
205-7	PKP029	205	7	matera:sso	materasso	_	_	_	_	_	linguistic	_	ContainsVariation=No	_	_	5x1	_	_	_
205-8	PKP029	205	8	è	è	_	_	_	_	_	linguistic	_	ContainsVariation=No	_	_	_	_	_	_
205-9	PKP029	205	9	treme:ndo,	tremendo	_	_	_	_	_	linguistic	_	ContainsVariation=No	Intonation=WeaklyRising	End=472.181	4x1	_	_	_
206-0	PKP029	206	0	boh	boh	_	_	_	_	_	linguistic	_	ContainsVariation=No	_	Begin=474.94|End=475.306	_	_	_	_
207-0	PKP024	207	0	(o::r[mai)]	ormai	_	_	_	_	_	linguistic	_	ContainsVariation=No	_	Begin=476.588|End=477.464	0x2	_	0-5(0)	2-5(36)
208-0	PKP029	208	0	[xxx]	xxx	_	_	_	_	_	unknown	_	ContainsVariation=No	Syllables=3	Begin=477.001	_	_	_	0-3(36)
208-1	PKP029	208	1	vuo:ta	vuota	_	_	_	_	_	linguistic	_	ContainsVariation=No	_	_	2x1	_	_	_
208-2	PKP029	208	2	(perché	perché	_	_	_	_	_	linguistic	_	ContainsVariation=No	_	_	_	_	0-6(0)	_
208-3	PKP029	208	3	dopo	dopo	_	_	_	_	_	linguistic	_	ContainsVariation=No	_	_	_	_	0-4(0)	_
208-4	PKP029	208	4	se	se	_	_	_	_	_	linguistic	_	ContainsVariation=No	_	_	_	_	0-2(0)	_
208-5	PKP029	208	5	no)	no	_	_	_	_	_	linguistic	_	ContainsVariation=No	_	End=479.08	_	_	0-2(0)	_
209-0	PKP024	209	0	a	a	_	_	_	_	_	linguistic	_	ContainsVariation=No	_	Begin=484.522	_	_	_	_
209-1	PKP024	209	1	parte	parte	_	_	_	_	_	linguistic	_	ContainsVariation=No	_	_	_	_	_	_
209-2	PKP024	209	2	che	che	_	_	_	_	_	linguistic	_	ContainsVariation=No	_	_	_	_	_	_
209-3	PKP024	209	3	il	il	_	_	_	_	_	linguistic	_	ContainsVariation=No	_	_	_	_	_	_
209-4	PKP024	209	4	dario	dario	_	_	_	_	_	linguistic	_	ContainsVariation=No	_	_	_	_	_	_
209-5	PKP024	209	5	dorme	dorme	_	_	_	_	_	linguistic	_	ContainsVariation=No	_	_	_	_	_	_
209-6	PKP024	209	6	poco:	poco	_	_	_	_	_	linguistic	_	ContainsVariation=No	_	_	3x1	_	_	_
209-7	PKP024	209	7	di	di	_	_	_	_	_	linguistic	_	ContainsVariation=No	_	_	_	_	_	_
209-8	PKP024	209	8	suo	suo	_	_	_	_	_	linguistic	_	ContainsVariation=No	_	_	_	_	_	_
209-9	PKP024	209	9	no,	no	_	_	_	_	_	linguistic	_	ContainsVariation=No	Intonation=WeaklyRising	End=486.632	_	_	_	_
210-0	PKP029	210	0	xx?	xx	_	_	_	_	_	linguistic	_	ContainsVariation=No	Intonation=Rising	Begin=487.302|End=487.89	_	_	_	_
211-0	PKP024	211	0	no?	no	_	_	_	_	_	linguistic	_	ContainsVariation=No	Intonation=Rising	Begin=488.11|End=488.5	_	_	_	_
212-0	PKP029	212	0	ma	ma	_	_	_	_	_	linguistic	_	ContainsVariation=No	_	Begin=488.501	_	_	_	_
212-1	PKP029	212	1	sei	sei	_	_	_	_	_	linguistic	_	ContainsVariation=No	_	_	_	_	_	_
212-2	PKP029	212	2	ma:tta?	matta	_	_	_	_	_	linguistic	_	ContainsVariation=No	Intonation=Rising	_	1x1	_	_	_
212-3	PKP029	212	3	dorme,	dorme	_	_	_	_	_	linguistic	_	ContainsVariation=No	Intonation=WeaklyRising	_	_	_	_	_
212-4	PKP029	212	4	come	come	_	_	_	_	_	linguistic	_	ContainsVariation=No	_	_	_	_	_	_
212-5	PKP029	212	5	u:::	u	_	_	_	_	_	linguistic	_	ContainsVariation=No	_	End=490.717	0x3	_	_	_
213-0	PKP029	213	0	ah	ah	_	_	_	_	_	linguistic	_	ContainsVariation=No	_	Begin=490.994	_	_	_	_
213-1	PKP029	213	1	cioè	cioè	_	_	_	_	_	linguistic	_	ContainsVariation=No	_	_	_	_	_	_
213-2	PKP029	213	2	sì	sì	_	_	_	_	_	linguistic	_	ContainsVariation=No	_	_	_	_	_	_
213-3	PKP029	213	3	magari:::	magari	_	_	_	_	_	linguistic	_	ContainsVariation=No	_	_	5x3	_	_	_
213-4	PKP029	213	4	m:h	mh	_	_	_	_	_	linguistic	_	ContainsVariation=No	_	End=493.21	0x1	_	_	_
214-0	PKP029	214	0	non	non	_	_	_	_	_	linguistic	_	ContainsVariation=No	_	Begin=494.847	_	_	_	_
214-1	PKP029	214	1	è	è	_	_	_	_	_	linguistic	_	ContainsVariation=No	_	_	_	_	_	_
214-2	PKP029	214	2	che	che	_	_	_	_	_	linguistic	_	ContainsVariation=No	_	_	_	_	_	_
214-3	PKP029	214	3	c'	c'	_	_	_	_	_	linguistic	_	ContainsVariation=No	SpaceAfter=No	_	_	_	_	_
214-4	PKP029	214	4	ha	ha	_	_	_	_	_	linguistic	_	ContainsVariation=No	_	_	_	_	_	_
214-5	PKP029	214	5	bisogno	bisogno	_	_	_	_	_	linguistic	_	ContainsVariation=No	_	_	_	_	_	_
214-6	PKP029	214	6	di	di	_	_	_	_	_	linguistic	_	ContainsVariation=No	_	_	_	_	_	_
214-7	PKP029	214	7	dormire	dormire	_	_	_	_	_	linguistic	_	ContainsVariation=No	_	_	_	_	_	_
214-8	PKP029	214	8	tanto	tanto	_	_	_	_	_	linguistic	_	ContainsVariation=No	_	_	_	_	_	_
214-9	PKP029	214	9	[tempo	tempo	_	_	_	_	_	linguistic	_	ContainsVariation=No	_	_	_	_	_	0-5(37)
214-10	PKP029	214	10	(quanto)]	quanto	_	_	_	_	_	linguistic	_	ContainsVariation=No	_	_	_	_	0-6(0)	0-6(37)
214-11	PKP029	214	11	quanto	quanto	_	_	_	_	_	linguistic	_	ContainsVariation=No	_	_	_	_	_	_
214-12	PKP029	214	12	noi	noi	_	_	_	_	_	linguistic	_	ContainsVariation=No	_	End=498.024	_	_	_	_
215-0	PKP024	215	0	[e:h	eh	_	_	_	_	_	linguistic	_	ContainsVariation=No	_	Begin=496.46	0x1	_	_	0-2(37)
215-1	PKP024	215	1	esa:tto]	esatto	_	_	_	_	_	linguistic	_	ContainsVariation=No	_	End=497.435	2x1	_	_	0-6(37)
216-0	PKP029	216	0	però::	però	_	_	_	_	_	linguistic	_	ContainsVariation=No	_	Begin=498.16	3x2	_	_	_
216-1	PKP029	216	1	(i)nsomma	insomma	_	_	_	_	_	linguistic	_	ContainsVariation=No	_	_	_	_	0-1(0)	_
216-2	PKP029	216	2	cioè	cioè	_	_	_	_	_	linguistic	_	ContainsVariation=No	_	_	_	_	_	_
216-3	PKP029	216	3	lui	lui	_	_	_	_	_	linguistic	_	ContainsVariation=No	_	_	_	_	_	_
216-4	PKP029	216	4	s~	s~	_	_	_	_	_	linguistic	_	ContainsVariation=No	Interrupted=Yes	_	_	_	_	_
216-5	PKP029	216	5	di	di	_	_	_	_	_	linguistic	_	ContainsVariation=No	_	_	_	_	_	_
216-6	PKP029	216	6	solito:	solito	_	_	_	_	_	linguistic	_	ContainsVariation=No	PauseAfter=Yes	_	5x1	_	_	_
216-7	PKP029	216	7	(.)	(.)	_	_	_	_	_	shortpause	_	ContainsVariation=No	_	_	_	_	_	_
216-8	PKP029	216	8	non	non	_	_	_	_	_	linguistic	_	ContainsVariation=No	_	_	_	_	_	_
216-9	PKP029	216	9	è	è	_	_	_	_	_	linguistic	_	ContainsVariation=No	_	_	_	_	_	_
216-10	PKP029	216	10	che	che	_	_	_	_	_	linguistic	_	ContainsVariation=No	_	_	_	_	_	_
216-11	PKP029	216	11	soffre	soffre	_	_	_	_	_	linguistic	_	ContainsVariation=No	_	_	_	_	_	_
216-12	PKP029	216	12	la	la	_	_	_	_	_	linguistic	_	ContainsVariation=No	_	_	_	_	_	_
216-13	PKP029	216	13	scomodità:	scomodità	_	_	_	_	_	linguistic	_	ContainsVariation=No	_	_	8x1	_	_	_
216-14	PKP029	216	14	o::	o	_	_	_	_	_	linguistic	_	ContainsVariation=No	_	_	0x2	_	_	_
216-15	PKP029	216	15	che	che	_	_	_	_	_	linguistic	_	ContainsVariation=No	_	End=503.91	_	_	_	_
217-0	PKP024	217	0	chi	chi	_	_	_	_	_	linguistic	_	ContainsVariation=No	_	Begin=514.023	_	_	_	_
217-1	PKP024	217	1	è	è	_	_	_	_	_	linguistic	_	ContainsVariation=No	_	_	_	_	_	_
217-2	PKP024	217	2	eri	eri	_	_	_	_	_	linguistic	_	ContainsVariation=No	_	_	_	_	_	_
217-3	PKP024	217	3	te	te	_	_	_	_	_	linguistic	_	ContainsVariation=No	_	_	_	_	_	_
217-4	PKP024	217	4	che	che	_	_	_	_	_	linguistic	_	ContainsVariation=No	_	_	_	_	_	_
217-5	PKP024	217	5	non	non	_	_	_	_	_	linguistic	_	ContainsVariation=No	_	_	_	_	_	_
217-6	PKP024	217	6	riusciva	riusciva	_	_	_	_	_	linguistic	_	ContainsVariation=No	_	_	_	_	_	_
217-7	PKP024	217	7	a	a	_	_	_	_	_	linguistic	_	ContainsVariation=No	_	_	_	_	_	_
217-8	PKP024	217	8	dormire	dormire	_	_	_	_	_	linguistic	_	ContainsVariation=No	_	_	_	_	_	_
217-9	PKP024	217	9	quando	quando	_	_	_	_	_	linguistic	_	ContainsVariation=No	_	_	_	_	_	_
217-10	PKP024	217	10	erano	erano	_	_	_	_	_	linguistic	_	ContainsVariation=No	_	_	_	_	_	_
217-11	PKP024	217	11	nella	nella	_	_	_	_	_	linguistic	_	ContainsVariation=No	_	_	_	_	_	_
217-12	PKP024	217	12	vecchia	vecchia	_	_	_	_	_	linguistic	_	ContainsVariation=No	_	_	_	_	_	_
217-13	PKP024	217	13	casa?	casa	_	_	_	_	_	linguistic	_	ContainsVariation=No	Intonation=Rising	End=516.87	_	_	_	_
218-0	PKP029	218	0	oh	oh	_	_	_	_	_	linguistic	_	ContainsVariation=No	_	Begin=517.589|End=517.955	_	_	_	_
219-0	PKP024	219	0	in	in	_	_	_	_	_	linguistic	_	ContainsVariation=No	_	Begin=518.077	_	_	_	_
219-1	PKP024	219	1	quel	quel	_	_	_	_	_	linguistic	_	ContainsVariation=No	_	_	_	_	_	_
219-2	PKP024	219	2	le:tto?	letto	_	_	_	_	_	linguistic	_	ContainsVariation=No	Intonation=Rising	End=518.9	1x1	_	_	_
220-0	PKP029	220	0	ma	ma	_	_	_	_	_	linguistic	_	ContainsVariation=No	_	Begin=519.557	_	_	_	_
220-1	PKP029	220	1	in	in	_	_	_	_	_	linguistic	_	ContainsVariation=No	_	_	_	_	_	_
220-2	PKP029	220	2	quello::	quello	_	_	_	_	_	linguistic	_	ContainsVariation=No	_	_	5x2	_	_	_
220-3	PKP029	220	3	lì:	lì	_	_	_	_	_	linguistic	_	ContainsVariation=No	_	_	1x1	_	_	_
220-4	PKP029	220	4	della	della	_	_	_	_	_	linguistic	_	ContainsVariation=No	_	_	_	_	_	_
220-5	PKP029	220	5	prima	prima	_	_	_	_	_	linguistic	_	ContainsVariation=No	_	_	_	_	_	_
220-6	PKP029	220	6	[casa]	casa	_	_	_	_	_	linguistic	_	ContainsVariation=No	_	End=521.871	_	_	_	0-4(38)
221-0	PKP024	221	0	[sì]	sì	_	_	_	_	_	linguistic	_	ContainsVariation=No	PauseAfter=Yes	Begin=521.429	_	_	_	0-2(38)
221-1	PKP024	221	1	(.)	(.)	_	_	_	_	_	shortpause	_	ContainsVariation=No	_	_	_	_	_	_
221-2	PKP024	221	2	sì	sì	_	_	_	_	_	linguistic	_	ContainsVariation=No	_	End=522.359	_	_	_	_
222-0	PKP029	222	0	no	no	_	_	_	_	_	linguistic	_	ContainsVariation=No	_	Begin=523.279	_	_	_	_
222-1	PKP029	222	1	ma	ma	_	_	_	_	_	linguistic	_	ContainsVariation=No	_	_	_	_	_	_
222-2	PKP029	222	2	più	più	_	_	_	_	_	linguistic	_	ContainsVariation=No	_	_	_	_	_	_
222-3	PKP029	222	3	che	che	_	_	_	_	_	linguistic	_	ContainsVariation=No	_	_	_	_	_	_
222-4	PKP029	222	4	altro	altro	_	_	_	_	_	linguistic	_	ContainsVariation=No	_	_	_	_	_	_
222-5	PKP029	222	5	lì	lì	_	_	_	_	_	linguistic	_	ContainsVariation=No	_	_	_	_	_	_
222-6	PKP029	222	6	alle	alle	_	_	_	_	_	linguistic	_	ContainsVariation=No	_	_	_	_	_	_
222-7	PKP029	222	7	qua:ttro	quattro	_	_	_	_	_	linguistic	_	ContainsVariation=No	_	_	2x1	_	_	_
222-8	PKP029	222	8	di	di	_	_	_	_	_	linguistic	_	ContainsVariation=No	_	_	_	_	_	_
222-9	PKP029	222	9	no:tte	notte	_	_	_	_	_	linguistic	_	ContainsVariation=No	_	_	1x1	_	_	_
222-10	PKP029	222	10	sentivo	sentivo	_	_	_	_	_	linguistic	_	ContainsVariation=No	_	_	_	_	_	_
222-11	PKP029	222	11	il	il	_	_	_	_	_	linguistic	_	ContainsVariation=No	_	_	_	_	_	_
222-12	PKP029	222	12	bianchi	bianchi	_	_	_	_	_	linguistic	_	ContainsVariation=No	PauseAfter=Yes	_	_	_	_	_
222-13	PKP029	222	13	(.)	(.)	_	_	_	_	_	shortpause	_	ContainsVariation=No	_	_	_	_	_	_
222-14	PKP029	222	14	e	e	_	_	_	_	_	linguistic	_	ContainsVariation=No	_	_	_	_	_	_
222-15	PKP029	222	15	daniele	daniele	_	_	_	_	_	linguistic	_	ContainsVariation=No	_	_	_	_	_	_
222-16	PKP029	222	16	che:	che	_	_	_	_	_	linguistic	_	ContainsVariation=No	_	_	2x1	_	_	_
222-17	PKP029	222	17	che	che	_	_	_	_	_	linguistic	_	ContainsVariation=No	_	_	_	_	_	_
222-18	PKP029	222	18	bercia:vano,	berciavano	_	_	_	_	_	linguistic	_	ContainsVariation=No	Intonation=WeaklyRising	End=529.095	5x1	_	_	_
223-0	PKP029	223	0	giocavano	giocavano	_	_	_	_	_	linguistic	_	ContainsVariation=No	_	Begin=529.692	_	_	_	_
223-1	PKP029	223	1	alla	alla	_	_	_	_	_	linguistic	_	ContainsVariation=No	_	_	_	_	_	_
223-2	PKP029	223	2	play,	play	_	_	_	_	_	linguistic	_	ContainsVariation=No	Intonation=WeaklyRising	_	_	_	_	_
223-3	PKP029	223	3	[cioè	cioè	_	_	_	_	_	linguistic	_	ContainsVariation=No	_	_	_	_	_	0-4(39)
223-4	PKP029	223	4	non	non	_	_	_	_	_	linguistic	_	ContainsVariation=No	_	_	_	_	_	0-3(39)
223-5	PKP029	223	5	lo	lo	_	_	_	_	_	linguistic	_	ContainsVariation=No	_	_	_	_	_	0-2(39)
223-6	PKP029	223	6	so:	so	_	_	_	_	_	linguistic	_	ContainsVariation=No	_	_	1x1	_	_	0-2(39)
223-7	PKP029	223	7	io,	io	_	_	_	_	_	linguistic	_	ContainsVariation=No	Intonation=WeaklyRising	_	_	_	_	0-2(39)
223-8	PKP029	223	8	alle	alle	_	_	_	_	_	linguistic	_	ContainsVariation=No	_	_	_	_	_	0-4(39)
223-9	PKP029	223	9	qua]ttro	quattro	_	_	_	_	_	linguistic	_	ContainsVariation=No	_	_	_	_	_	0-3(39)
223-10	PKP029	223	10	di	di	_	_	_	_	_	linguistic	_	ContainsVariation=No	_	_	_	_	_	_
223-11	PKP029	223	11	no:tte	notte	_	_	_	_	_	linguistic	_	ContainsVariation=No	_	End=532.424	1x1	_	_	_
224-0	PKP024	224	0	[deficienti]	deficienti	_	_	_	_	_	linguistic	_	ContainsVariation=No	_	Begin=530.74|End=531.66	_	_	_	0-10(39)
225-0	PKP024	225	0	((ride))	((ride))	_	_	_	_	_	nonverbalbehavior	_	ContainsVariation=No	_	Begin=532.903	_	_	_	_
225-1	PKP024	225	1	[x]	x	_	_	_	_	_	unknown	_	ContainsVariation=No	Syllables=1	End=534.086	_	_	_	0-1(40)
226-0	PKP092	226	0	[loro	loro	_	_	_	_	_	linguistic	_	ContainsVariation=No	_	Begin=533.7	_	_	_	0-4(40)
226-1	PKP092	226	1	poi]	poi	_	_	_	_	_	linguistic	_	ContainsVariation=No	_	_	_	_	_	0-3(40)
226-2	PKP092	226	2	hanno	hanno	_	_	_	_	_	linguistic	_	ContainsVariation=No	_	_	_	_	_	_
226-3	PKP092	226	3	risolto	risolto	_	_	_	_	_	linguistic	_	ContainsVariation=No	_	_	_	_	_	_
226-4	PKP092	226	4	o	o	_	_	_	_	_	linguistic	_	ContainsVariation=No	_	_	_	_	_	_
226-5	PKP092	226	5	sono	sono	_	_	_	_	_	linguistic	_	ContainsVariation=No	_	_	_	_	_	_
226-6	PKP092	226	6	ancora::?	ancora	_	_	_	_	_	linguistic	_	ContainsVariation=No	Intonation=Rising	End=535.763	5x2	_	_	_
227-0	PKP024	227	0	b[oh]	boh	_	_	_	_	_	linguistic	_	ContainsVariation=No	_	Begin=537.279|End=537.742	_	_	_	1-3(41)
228-0	PKP029	228	0	[sì]:	sì	_	_	_	_	_	linguistic	_	ContainsVariation=No	_	Begin=537.505	1x1	_	_	0-2(41)
228-1	PKP029	228	1	sì:	sì	_	_	_	_	_	linguistic	_	ContainsVariation=No	_	_	1x1	_	_	_
228-2	PKP029	228	2	hanno	hanno	_	_	_	_	_	linguistic	_	ContainsVariation=No	_	_	_	_	_	_
228-3	PKP029	228	3	semi	semi	_	_	_	_	_	linguistic	_	ContainsVariation=No	_	_	_	_	_	_
228-4	PKP029	228	4	riso:lto	risolto	_	_	_	_	_	linguistic	_	ContainsVariation=No	_	_	3x1	_	_	_
228-5	PKP029	228	5	sembra::	sembra	_	_	_	_	_	linguistic	_	ContainsVariation=No	_	_	5x2	_	_	_
228-6	PKP029	228	6	di	di	_	_	_	_	_	linguistic	_	ContainsVariation=No	_	_	_	_	_	_
228-7	PKP029	228	7	sì	sì	_	_	_	_	_	linguistic	_	ContainsVariation=No	_	End=540.322	_	_	_	_
229-0	PKP024	229	0	daniele	daniele	_	_	_	_	_	linguistic	_	ContainsVariation=No	_	Begin=540.338	_	_	_	_
229-1	PKP024	229	1	sicuramente	sicuramente	_	_	_	_	_	linguistic	_	ContainsVariation=No	_	_	_	_	_	_
229-2	PKP024	229	2	no	no	_	_	_	_	_	linguistic	_	ContainsVariation=No	_	End=541.58	_	_	_	_
230-0	PKP024	230	0	[secondo	secondo	_	_	_	_	_	linguistic	_	ContainsVariation=No	_	Begin=542.3	_	_	_	0-7(42)
230-1	PKP024	230	1	me]	me	_	_	_	_	_	linguistic	_	ContainsVariation=No	_	End=542.813	_	_	_	0-2(42)
231-0	PKP029	231	0	[no:	no	_	_	_	_	_	linguistic	_	ContainsVariation=No	_	Begin=542.3	1x1	_	_	0-2(42)
231-1	PKP029	231	1	in	in	_	_	_	_	_	linguistic	_	ContainsVariation=No	_	_	_	_	_	0-2(42)
231-2	PKP029	231	2	rea]ltà::	realtà	_	_	_	_	_	linguistic	_	ContainsVariation=No	_	_	5x2	_	_	0-3(42)
231-3	PKP029	231	3	sembra	sembra	_	_	_	_	_	linguistic	_	ContainsVariation=No	_	_	_	_	_	_
231-4	PKP029	231	4	che::	che	_	_	_	_	_	linguistic	_	ContainsVariation=No	_	_	2x2	_	_	_
231-5	PKP029	231	5	si	si	_	_	_	_	_	linguistic	_	ContainsVariation=No	_	_	_	_	_	_
231-6	PKP029	231	6	siano::	siano	_	_	_	_	_	linguistic	_	ContainsVariation=No	_	_	4x2	_	_	_
231-7	PKP029	231	7	spianate	spianate	_	_	_	_	_	linguistic	_	ContainsVariation=No	_	_	_	_	_	_
231-8	PKP029	231	8	le	le	_	_	_	_	_	linguistic	_	ContainsVariation=No	_	_	_	_	_	_
231-9	PKP029	231	9	co:se	cose	_	_	_	_	_	linguistic	_	ContainsVariation=No	_	End=545.942	1x1	_	_	_
232-0	PKP024	232	0	meno	meno	_	_	_	_	_	linguistic	_	ContainsVariation=No	_	Begin=545.956	_	_	_	_
232-1	PKP024	232	1	male	male	_	_	_	_	_	linguistic	_	ContainsVariation=No	_	End=546.531	_	_	_	_
233-0	PKP029	233	0	[x]	x	_	_	_	_	_	unknown	_	ContainsVariation=No	Syllables=1	Begin=547.38|End=547.711	_	_	_	0-1(43)
234-0	PKP024	234	0	[comun]que	comunque	_	_	_	_	_	linguistic	_	ContainsVariation=No	_	Begin=547.438	_	_	_	0-5(43)
234-1	PKP024	234	1	con	con	_	_	_	_	_	linguistic	_	ContainsVariation=No	_	_	_	_	_	_
234-2	PKP024	234	2	la	la	_	_	_	_	_	linguistic	_	ContainsVariation=No	_	_	_	_	_	_
234-3	PKP024	234	3	caterina	caterina	_	_	_	_	_	linguistic	_	ContainsVariation=No	_	End=548.59	_	_	_	_
235-0	PKP029	235	0	no	no	_	_	_	_	_	linguistic	_	ContainsVariation=No	_	Begin=548.894	_	_	_	_
235-1	PKP029	235	1	con	con	_	_	_	_	_	linguistic	_	ContainsVariation=No	_	_	_	_	_	_
235-2	PKP029	235	2	la	la	_	_	_	_	_	linguistic	_	ContainsVariation=No	_	_	_	_	_	_
235-3	PKP029	235	3	cate	cate	_	_	_	_	_	linguistic	_	ContainsVariation=No	_	_	_	_	_	_
235-4	PKP029	235	4	no	no	_	_	_	_	_	linguistic	_	ContainsVariation=No	_	End=549.984	_	_	_	_
236-0	PKP029	236	0	però:	però	_	_	_	_	_	linguistic	_	ContainsVariation=No	_	Begin=553.384	3x1	_	_	_
236-1	PKP029	236	1	cioè	cioè	_	_	_	_	_	linguistic	_	ContainsVariation=No	_	_	_	_	_	_
236-2	PKP029	236	2	non	non	_	_	_	_	_	linguistic	_	ContainsVariation=No	_	_	_	_	_	_
236-3	PKP029	236	3	penso	penso	_	_	_	_	_	linguistic	_	ContainsVariation=No	_	_	_	_	_	_
236-4	PKP029	236	4	che	che	_	_	_	_	_	linguistic	_	ContainsVariation=No	_	_	_	_	_	_
236-5	PKP029	236	5	la	la	_	_	_	_	_	linguistic	_	ContainsVariation=No	_	_	_	_	_	_
236-6	PKP029	236	6	odino	odino	_	_	_	_	_	linguistic	_	ContainsVariation=No	_	_	_	_	_	_
236-7	PKP029	236	7	come	come	_	_	_	_	_	linguistic	_	ContainsVariation=No	_	_	_	_	_	_
236-8	PKP029	236	8	prima	prima	_	_	_	_	_	linguistic	_	ContainsVariation=No	_	End=555.597	_	_	_	_
237-0	PKP029	237	0	perlomeno	perlomeno	_	_	_	_	_	linguistic	_	ContainsVariation=No	_	Begin=557.515	_	_	_	_
237-1	PKP029	237	1	ma:rco	marco	_	_	_	_	_	linguistic	_	ContainsVariation=No	_	_	1x1	_	_	_
237-2	PKP029	237	2	no	no	_	_	_	_	_	linguistic	_	ContainsVariation=No	_	End=558.701	_	_	_	_
238-0	PKP092	238	0	meno	meno	_	_	_	_	_	linguistic	_	ContainsVariation=No	_	Begin=560.873	_	_	_	_
238-1	PKP092	238	1	male	male	_	_	_	_	_	linguistic	_	ContainsVariation=No	_	_	_	_	_	_
238-2	PKP092	238	2	((ride))	((ride))	_	_	_	_	_	nonverbalbehavior	_	ContainsVariation=No	_	End=562.055	_	_	_	_
239-0	PKP029	239	0	eh	eh	_	_	_	_	_	linguistic	_	ContainsVariation=No	PauseAfter=Yes	Begin=562.239	_	_	_	_
239-1	PKP029	239	1	(.)	(.)	_	_	_	_	_	shortpause	_	ContainsVariation=No	_	_	_	_	_	_
239-2	PKP029	239	2	cazz~	cazz~	_	_	_	_	_	linguistic	_	ContainsVariation=No	Interrupted=Yes	End=563.331	_	_	_	_
240-0	PKP024	240	0	# pora	pora	_	_	_	_	_	linguistic	_	ContainsVariation=Yes|Code=Underspecified	_	Begin=568.47	_	_	_	_
240-1	PKP024	240	1	citta	citta	_	_	_	_	_	linguistic	_	ContainsVariation=Yes|Code=Underspecified	_	End=569.205	_	_	_	_
241-0	PKP092	241	0	[mh]	mh	_	_	_	_	_	linguistic	_	ContainsVariation=No	_	Begin=569.61|End=569.925	_	_	_	0-2(44)
242-0	PKP029	242	0	[eh]	eh	_	_	_	_	_	linguistic	_	ContainsVariation=No	_	Begin=569.664|End=569.925	_	_	_	0-2(44)
243-0	PKP024	243	0	madonna	madonna	_	_	_	_	_	linguistic	_	ContainsVariation=No	_	Begin=572.659	_	_	_	_
243-1	PKP024	243	1	io	io	_	_	_	_	_	linguistic	_	ContainsVariation=No	_	_	_	_	_	_
243-2	PKP024	243	2	c'	c'	_	_	_	_	_	linguistic	_	ContainsVariation=No	SpaceAfter=No	_	_	_	_	_
243-3	PKP024	243	3	ho	ho	_	_	_	_	_	linguistic	_	ContainsVariation=No	_	_	_	_	_	_
243-4	PKP024	243	4	una	una	_	_	_	_	_	linguistic	_	ContainsVariation=No	_	_	_	_	_	_
243-5	PKP024	243	5	fame	fame	_	_	_	_	_	linguistic	_	ContainsVariation=No	_	_	_	_	_	_
243-6	PKP024	243	6	stasera	stasera	_	_	_	_	_	linguistic	_	ContainsVariation=No	_	End=574.263	_	_	_	_
244-0	PKP092	244	0	ma	ma	_	_	_	_	_	linguistic	_	ContainsVariation=No	_	Begin=574.956	_	_	_	_
244-1	PKP092	244	1	perché?	perché	_	_	_	_	_	linguistic	_	ContainsVariation=No	Intonation=Rising	End=575.628	_	_	_	_
245-0	PKP024	245	0	b[oh]	boh	_	_	_	_	_	linguistic	_	ContainsVariation=No	_	Begin=575.637|End=576.006	_	_	_	1-3(45)
246-0	PKP029	246	0	[ma]	ma	_	_	_	_	_	linguistic	_	ContainsVariation=No	_	Begin=575.826	_	_	_	0-2(45)
246-1	PKP029	246	1	infatti	infatti	_	_	_	_	_	linguistic	_	ContainsVariation=No	_	_	_	_	_	_
246-2	PKP029	246	2	io	io	_	_	_	_	_	linguistic	_	ContainsVariation=No	_	_	_	_	_	_
246-3	PKP029	246	3	m'	m'	_	_	_	_	_	linguistic	_	ContainsVariation=No	SpaceAfter=No	_	_	_	_	_
246-4	PKP029	246	4	ero	ero	_	_	_	_	_	linguistic	_	ContainsVariation=No	_	_	_	_	_	_
246-5	PKP029	246	5	fatta	fatta	_	_	_	_	_	linguistic	_	ContainsVariation=No	_	_	_	_	_	_
246-6	PKP029	246	6	due	due	_	_	_	_	_	linguistic	_	ContainsVariation=No	_	_	_	_	_	_
246-7	PKP029	246	7	brusche:tte	bruschette	_	_	_	_	_	linguistic	_	ContainsVariation=No	_	_	6x1	_	_	_
246-8	PKP029	246	8	(che	che	_	_	_	_	_	linguistic	_	ContainsVariation=No	_	_	_	_	0-3(0)	_
246-9	PKP029	246	9	devo	devo	_	_	_	_	_	linguistic	_	ContainsVariation=No	_	_	_	_	0-4(0)	_
246-10	PKP029	246	10	fa')	fa'	_	_	_	_	_	linguistic	_	ContainsVariation=No	Truncated=Yes	End=578.343	_	_	0-3(0)	_
247-0	PKP029	247	0	io	io	_	_	_	_	_	linguistic	_	ContainsVariation=No	_	Begin=578.579	_	_	_	_
247-1	PKP029	247	1	ho	ho	_	_	_	_	_	linguistic	_	ContainsVariation=No	_	_	_	_	_	_
247-2	PKP029	247	2	fa::me	fame	_	_	_	_	_	linguistic	_	ContainsVariation=No	_	End=579.355	1x2	_	_	_
248-0	PKP029	248	0	cioè	cioè	_	_	_	_	_	linguistic	_	ContainsVariation=No	_	Begin=579.642|End=580.111	_	_	_	_
249-0	PKP024	249	0	sarò	sarò	_	_	_	_	_	linguistic	_	ContainsVariation=No	_	Begin=583.291	_	_	_	_
249-1	PKP024	249	1	incinta	incinta	_	_	_	_	_	linguistic	_	ContainsVariation=No	_	End=584.28	_	_	_	_
250-0	PKP029	250	0	((ride))	((ride))	_	_	_	_	_	nonverbalbehavior	_	ContainsVariation=No	_	Begin=584.983|End=585.342	_	_	_	_
251-0	PKP092	251	0	((ride))	((ride))	_	_	_	_	_	nonverbalbehavior	_	ContainsVariation=No	_	Begin=584.983|End=585.342	_	_	_	_
252-0	PKP024	252	0	no	no	_	_	_	_	_	linguistic	_	ContainsVariation=No	_	Begin=585.677	_	_	_	_
252-1	PKP024	252	1	scherzo	scherzo	_	_	_	_	_	linguistic	_	ContainsVariation=No	_	End=586.35	_	_	_	_
253-0	PKP024	253	0	che	che	_	_	_	_	_	linguistic	_	ContainsVariation=No	_	Begin=597.92	_	_	_	_
253-1	PKP024	253	1	schifo	schifo	_	_	_	_	_	linguistic	_	ContainsVariation=No	_	_	_	_	_	_
253-2	PKP024	253	2	l'	l'	_	_	_	_	_	linguistic	_	ContainsVariation=No	SpaceAfter=No	_	_	_	_	_
253-3	PKP024	253	3	insalata,	insalata	_	_	_	_	_	linguistic	_	ContainsVariation=No	Intonation=WeaklyRising	End=599.204	_	_	_	_
254-0	PKP024	254	0	sempre	sempre	_	_	_	_	_	linguistic	_	ContainsVariation=No	_	Begin=599.817	_	_	_	_
254-1	PKP024	254	1	e	e	_	_	_	_	_	linguistic	_	ContainsVariation=No	_	_	_	_	_	_
254-2	PKP024	254	2	comunque	comunque	_	_	_	_	_	linguistic	_	ContainsVariation=No	_	End=600.91	_	_	_	_
255-0	PKP029	255	0	te	te	_	_	_	_	_	linguistic	_	ContainsVariation=No	_	Begin=602.081	_	_	_	_
255-1	PKP029	255	1	prendi	prendi	_	_	_	_	_	linguistic	_	ContainsVariation=No	_	_	_	_	_	_
255-2	PKP029	255	2	anche	anche	_	_	_	_	_	linguistic	_	ContainsVariation=No	_	_	_	_	_	_
255-3	PKP029	255	3	quella	quella	_	_	_	_	_	linguistic	_	ContainsVariation=No	_	_	_	_	_	_
255-4	PKP029	255	4	che	che	_	_	_	_	_	linguistic	_	ContainsVariation=No	_	_	_	_	_	_
255-5	PKP029	255	5	fa	fa	_	_	_	_	_	linguistic	_	ContainsVariation=No	_	_	_	_	_	_
255-6	PKP029	255	6	ancora	ancora	_	_	_	_	_	linguistic	_	ContainsVariation=No	_	_	_	_	_	_
255-7	PKP029	255	7	più	più	_	_	_	_	_	linguistic	_	ContainsVariation=No	_	_	_	_	_	_
255-8	PKP029	255	8	schifo	schifo	_	_	_	_	_	linguistic	_	ContainsVariation=No	_	End=604.46	_	_	_	_
256-0	PKP024	256	0	era	era	_	_	_	_	_	linguistic	_	ContainsVariation=No	_	Begin=604.461	_	_	_	_
256-1	PKP024	256	1	in	in	_	_	_	_	_	linguistic	_	ContainsVariation=No	_	_	_	_	_	_
256-2	PKP024	256	2	offe:rta	offerta	_	_	_	_	_	linguistic	_	ContainsVariation=No	_	End=605.536	3x1	_	_	_
257-0	PKP029	257	0	e::h	eh	_	_	_	_	_	linguistic	_	ContainsVariation=No	_	Begin=605.536	0x2	_	_	_
257-1	PKP029	257	1	((ride))	((ride))	_	_	_	_	_	nonverbalbehavior	_	ContainsVariation=No	_	End=606.399	_	_	_	_
258-0	PKP024	258	0	((ride))	((ride))	_	_	_	_	_	nonverbalbehavior	_	ContainsVariation=No	_	Begin=605.978	_	_	_	_
258-1	PKP024	258	1	costava	costava	_	_	_	_	_	linguistic	_	ContainsVariation=No	_	_	_	_	_	_
258-2	PKP024	258	2	zero	zero	_	_	_	_	_	linguistic	_	ContainsVariation=No	_	_	_	_	_	_
258-3	PKP024	258	3	e	e	_	_	_	_	_	linguistic	_	ContainsVariation=No	_	_	_	_	_	_
258-4	PKP024	258	4	otta:nta	ottanta	_	_	_	_	_	linguistic	_	ContainsVariation=No	_	_	3x1	_	_	_
258-5	PKP024	258	5	scusami	scusami	_	_	_	_	_	linguistic	_	ContainsVariation=No	_	_	_	_	_	_
258-6	PKP024	258	6	eh	eh	_	_	_	_	_	linguistic	_	ContainsVariation=No	_	End=609.47	_	_	_	_
259-0	PKP024	259	0	poi	poi	_	_	_	_	_	linguistic	_	ContainsVariation=No	_	Begin=609.788	_	_	_	_
259-1	PKP024	259	1	questa	questa	_	_	_	_	_	linguistic	_	ContainsVariation=No	_	_	_	_	_	_
259-2	PKP024	259	2	è	è	_	_	_	_	_	linguistic	_	ContainsVariation=No	PauseAfter=Yes	_	_	_	_	_
259-3	PKP024	259	3	(.)	(.)	_	_	_	_	_	shortpause	_	ContainsVariation=No	_	_	_	_	_	_
259-4	PKP024	259	4	carrefour	carrefour	_	_	_	_	_	linguistic	_	ContainsVariation=No	_	End=611.384	_	_	_	_
260-0	PKP024	260	0	è	è	_	_	_	_	_	linguistic	_	ContainsVariation=No	_	Begin=611.771	_	_	_	_
260-1	PKP024	260	1	il	il	_	_	_	_	_	linguistic	_	ContainsVariation=No	_	_	_	_	_	_
260-2	PKP024	260	2	mercato	mercato	_	_	_	_	_	linguistic	_	ContainsVariation=No	_	_	_	_	_	_
260-3	PKP024	260	3	del	del	_	_	_	_	_	linguistic	_	ContainsVariation=No	_	_	_	_	_	_
260-4	PKP024	260	4	carrefour	carrefour	_	_	_	_	_	linguistic	_	ContainsVariation=No	_	End=613.364	_	_	_	_
261-0	PKP024	261	0	però	però	_	_	_	_	_	linguistic	_	ContainsVariation=No	_	Begin=618.661	_	_	_	_
261-1	PKP024	261	1	a	a	_	_	_	_	_	linguistic	_	ContainsVariation=No	_	_	_	_	_	_
261-2	PKP024	261	2	me	me	_	_	_	_	_	linguistic	_	ContainsVariation=No	_	_	_	_	_	_
261-3	PKP024	261	3	un'	un'	_	_	_	_	_	linguistic	_	ContainsVariation=No	SpaceAfter=No	_	_	_	_	_
261-4	PKP024	261	4	altra	altra	_	_	_	_	_	linguistic	_	ContainsVariation=No	_	_	_	_	_	_
261-5	PKP024	261	5	xx	xx	_	_	_	_	_	unknown	_	ContainsVariation=No	Syllables=2	_	_	_	_	_
261-6	PKP024	261	6	intera	intera	_	_	_	_	_	linguistic	_	ContainsVariation=No	_	_	_	_	_	_
261-7	PKP024	261	7	non	non	_	_	_	_	_	linguistic	_	ContainsVariation=No	_	_	_	_	_	_
261-8	PKP024	261	8	me	me	_	_	_	_	_	linguistic	_	ContainsVariation=No	_	_	_	_	_	_
261-9	PKP024	261	9	va:	va	_	_	_	_	_	linguistic	_	ContainsVariation=No	_	_	1x1	_	_	_
261-10	PKP024	261	10	però:	però	_	_	_	_	_	linguistic	_	ContainsVariation=No	_	End=620.876	3x1	_	_	_
262-0	PKP024	262	0	xxx	xxx	_	_	_	_	_	unknown	_	ContainsVariation=No	Syllables=3	Begin=623.21|End=624.201	_	_	_	_
263-0	PKP024	263	0	anche	anche	_	_	_	_	_	linguistic	_	ContainsVariation=No	_	Begin=627.563	_	_	_	_
263-1	PKP024	263	1	oggi	oggi	_	_	_	_	_	linguistic	_	ContainsVariation=No	_	_	_	_	_	_
263-2	PKP024	263	2	sono	sono	_	_	_	_	_	linguistic	_	ContainsVariation=No	_	_	_	_	_	_
263-3	PKP024	263	3	passata	passata	_	_	_	_	_	linguistic	_	ContainsVariation=No	_	_	_	_	_	_
263-4	PKP024	263	4	dal	dal	_	_	_	_	_	linguistic	_	ContainsVariation=No	_	_	_	_	_	_
263-5	PKP024	263	5	carrefour	carrefour	_	_	_	_	_	linguistic	_	ContainsVariation=No	_	_	_	_	_	_
263-6	PKP024	263	6	e	e	_	_	_	_	_	linguistic	_	ContainsVariation=No	_	_	_	_	_	_
263-7	PKP024	263	7	ho	ho	_	_	_	_	_	linguistic	_	ContainsVariation=No	_	_	_	_	_	_
263-8	PKP024	263	8	fatto	fatto	_	_	_	_	_	linguistic	_	ContainsVariation=No	_	_	_	_	_	_
263-9	PKP024	263	9	la	la	_	_	_	_	_	linguistic	_	ContainsVariation=No	_	_	_	_	_	_
263-10	PKP024	263	10	spesa	spesa	_	_	_	_	_	linguistic	_	ContainsVariation=No	_	_	_	_	_	_
263-11	PKP024	263	11	lì:	lì	_	_	_	_	_	linguistic	_	ContainsVariation=No	_	_	1x1	_	_	_
263-12	PKP024	263	12	perché	perché	_	_	_	_	_	linguistic	_	ContainsVariation=No	_	End=630.64	_	_	_	_
264-0	PKP024	264	0	non	non	_	_	_	_	_	linguistic	_	ContainsVariation=No	_	Begin=630.98	_	_	_	_
264-1	PKP024	264	1	ho	ho	_	_	_	_	_	linguistic	_	ContainsVariation=No	_	_	_	_	_	_
264-2	PKP024	264	2	voglia	voglia	_	_	_	_	_	linguistic	_	ContainsVariation=No	_	_	_	_	_	_
264-3	PKP024	264	3	d'	d'	_	_	_	_	_	linguistic	_	ContainsVariation=No	SpaceAfter=No	_	_	_	_	_
264-4	PKP024	264	4	arrivare	arrivare	_	_	_	_	_	linguistic	_	ContainsVariation=No	_	_	_	_	_	_
264-5	PKP024	264	5	alla	alla	_	_	_	_	_	linguistic	_	ContainsVariation=No	_	_	_	_	_	_
264-6	PKP024	264	6	coop	coop	_	_	_	_	_	linguistic	_	ContainsVariation=No	_	End=632.55	_	_	_	_
265-0	PKP024	265	0	e::h	eh	_	_	_	_	_	linguistic	_	ContainsVariation=No	_	Begin=635.12	0x2	_	_	_
265-1	PKP024	265	1	allora	allora	_	_	_	_	_	linguistic	_	ContainsVariation=No	_	End=636.153	_	_	_	_
266-0	PKP024	266	0	x	x	_	_	_	_	_	unknown	_	ContainsVariation=No	Syllables=1	Begin=636.7|End=637.11	_	_	_	_
267-0	PKP024	267	0	comunque	comunque	_	_	_	_	_	linguistic	_	ContainsVariation=No	_	Begin=639.0	_	_	_	_
267-1	PKP024	267	1	la	la	_	_	_	_	_	linguistic	_	ContainsVariation=No	_	_	_	_	_	_
267-2	PKP024	267	2	coop	coop	_	_	_	_	_	linguistic	_	ContainsVariation=No	_	End=640.2	_	_	_	_
268-0	PKP024	268	0	costa	costa	_	_	_	_	_	linguistic	_	ContainsVariation=No	_	Begin=641.974	_	_	_	_
268-1	PKP024	268	1	un	un	_	_	_	_	_	linguistic	_	ContainsVariation=No	_	_	_	_	_	_
268-2	PKP024	268	2	po'	po'	_	_	_	_	_	linguistic	_	ContainsVariation=No	_	_	_	_	_	_
268-3	PKP024	268	3	di	di	_	_	_	_	_	linguistic	_	ContainsVariation=No	_	_	_	_	_	_
268-4	PKP024	268	4	più	più	_	_	_	_	_	linguistic	_	ContainsVariation=No	_	_	_	_	_	_
268-5	PKP024	268	5	del	del	_	_	_	_	_	linguistic	_	ContainsVariation=No	_	_	_	_	_	_
268-6	PKP024	268	6	carrefour	carrefour	_	_	_	_	_	linguistic	_	ContainsVariation=No	_	_	_	_	_	_
268-7	PKP024	268	7	cioè	cioè	_	_	_	_	_	linguistic	_	ContainsVariation=No	_	_	_	_	_	_
268-8	PKP024	268	8	[io	io	_	_	_	_	_	linguistic	_	ContainsVariation=No	_	_	_	_	_	0-2(48)
268-9	PKP024	268	9	ho	ho	_	_	_	_	_	linguistic	_	ContainsVariation=No	_	_	_	_	_	0-2(48)
268-10	PKP024	268	10	speso]	speso	_	_	_	_	_	linguistic	_	ContainsVariation=No	_	_	_	_	_	0-5(48)
268-11	PKP024	268	11	diciott(o)	diciotto	_	_	_	_	_	linguistic	_	ContainsVariation=No	_	_	_	_	7-8(0)	_
268-12	PKP024	268	12	euro	euro	_	_	_	_	_	linguistic	_	ContainsVariation=No	_	End=644.877	_	_	_	_
269-0	PKP092	269	0	[°sì°]	sì	_	_	_	_	_	linguistic	_	ContainsVariation=No	Volume=low	Begin=643.72|End=644.092	_	_	_	0-2(48)
270-0	PKP024	270	0	ma	ma	_	_	_	_	_	linguistic	_	ContainsVariation=No	_	Begin=645.15	_	_	_	_
270-1	PKP024	270	1	ho	ho	_	_	_	_	_	linguistic	_	ContainsVariation=No	_	_	_	_	_	_
270-2	PKP024	270	2	preso	preso	_	_	_	_	_	linguistic	_	ContainsVariation=No	_	_	_	_	_	_
270-3	PKP024	270	3	un	un	_	_	_	_	_	linguistic	_	ContainsVariation=No	_	_	_	_	_	_
270-4	PKP024	270	4	sacco	sacco	_	_	_	_	_	linguistic	_	ContainsVariation=No	_	_	_	_	_	_
270-5	PKP024	270	5	di	di	_	_	_	_	_	linguistic	_	ContainsVariation=No	_	_	_	_	_	_
270-6	PKP024	270	6	roba	roba	_	_	_	_	_	linguistic	_	ContainsVariation=No	_	End=646.336	_	_	_	_
271-0	PKP029	271	0	anch'	anch'	_	_	_	_	_	linguistic	_	ContainsVariation=No	SpaceAfter=No	Begin=647.328	_	_	_	_
271-1	PKP029	271	1	io	io	_	_	_	_	_	linguistic	_	ContainsVariation=No	_	_	_	_	_	_
271-2	PKP029	271	2	alla	alla	_	_	_	_	_	linguistic	_	ContainsVariation=No	_	_	_	_	_	_
271-3	PKP029	271	3	co:nad	conad	_	_	_	_	_	linguistic	_	ContainsVariation=No	_	_	1x1	_	_	_
271-4	PKP029	271	4	ho	ho	_	_	_	_	_	linguistic	_	ContainsVariation=No	_	_	_	_	_	_
271-5	PKP029	271	5	preso	preso	_	_	_	_	_	linguistic	_	ContainsVariation=No	_	_	_	_	_	_
271-6	PKP029	271	6	un	un	_	_	_	_	_	linguistic	_	ContainsVariation=No	_	_	_	_	_	_
271-7	PKP029	271	7	botto	botto	_	_	_	_	_	linguistic	_	ContainsVariation=No	_	_	_	_	_	_
271-8	PKP029	271	8	di	di	_	_	_	_	_	linguistic	_	ContainsVariation=No	_	_	_	_	_	_
271-9	PKP029	271	9	roba	roba	_	_	_	_	_	linguistic	_	ContainsVariation=No	_	End=649.641	_	_	_	_
272-0	PKP024	272	0	quale	quale	_	_	_	_	_	linguistic	_	ContainsVariation=No	_	Begin=649.839	_	_	_	_
272-1	PKP024	272	1	sei	sei	_	_	_	_	_	linguistic	_	ContainsVariation=No	_	_	_	_	_	_
272-2	PKP024	272	2	andata?	andata	_	_	_	_	_	linguistic	_	ContainsVariation=No	Intonation=Rising	_	_	_	_	_
272-3	PKP024	272	3	quella	quella	_	_	_	_	_	linguistic	_	ContainsVariation=No	_	_	_	_	_	_
272-4	PKP024	272	4	quaggiù::	quaggiù	_	_	_	_	_	linguistic	_	ContainsVariation=No	_	_	6x2	_	_	_
272-5	PKP024	272	5	vicino	vicino	_	_	_	_	_	linguistic	_	ContainsVariation=No	_	_	_	_	_	_
272-6	PKP024	272	6	alla	alla	_	_	_	_	_	linguistic	_	ContainsVariation=No	_	_	_	_	_	_
272-7	PKP024	272	7	stazione?	stazione	_	_	_	_	_	linguistic	_	ContainsVariation=No	Intonation=Rising	End=652.359	_	_	_	_
273-0	PKP029	273	0	alla	alla	_	_	_	_	_	linguistic	_	ContainsVariation=No	_	Begin=652.359	_	_	_	_
273-1	PKP029	273	1	mazzi:ni	mazzini	_	_	_	_	_	linguistic	_	ContainsVariation=No	_	_	4x1	_	_	_
273-2	PKP029	273	2	sì	sì	_	_	_	_	_	linguistic	_	ContainsVariation=No	_	End=653.454	_	_	_	_
274-0	PKP029	274	0	aveva	aveva	_	_	_	_	_	linguistic	_	ContainsVariation=No	_	Begin=656.73	_	_	_	_
274-1	PKP029	274	1	le	le	_	_	_	_	_	linguistic	_	ContainsVariation=No	_	_	_	_	_	_
274-2	PKP029	274	2	porte	porte	_	_	_	_	_	linguistic	_	ContainsVariation=No	_	_	_	_	_	_
274-3	PKP029	274	3	lì	lì	_	_	_	_	_	linguistic	_	ContainsVariation=No	_	_	_	_	_	_
274-4	PKP029	274	4	dova~	dova~	_	_	_	_	_	linguistic	_	ContainsVariation=No	Interrupted=Yes	_	_	_	_	_
274-5	PKP029	274	5	lì	lì	_	_	_	_	_	linguistic	_	ContainsVariation=No	_	_	_	_	_	_
274-6	PKP029	274	6	dava:nti	davanti	_	_	_	_	_	linguistic	_	ContainsVariation=No	_	_	3x1	_	_	_
274-7	PKP029	274	7	e	e	_	_	_	_	_	linguistic	_	ContainsVariation=No	_	_	_	_	_	_
274-8	PKP029	274	8	ho	ho	_	_	_	_	_	linguistic	_	ContainsVariation=No	_	_	_	_	_	_
274-9	PKP029	274	9	detto	detto	_	_	_	_	_	linguistic	_	ContainsVariation=No	_	_	_	_	_	_
274-10	PKP029	274	10	vabbè	vabbè	_	_	_	_	_	linguistic	_	ContainsVariation=No	_	End=659.14	_	_	_	_
275-0	PKP024	275	0	a::h	ah	_	_	_	_	_	linguistic	_	ContainsVariation=No	PauseAfter=Yes	Begin=663.26	0x2	_	_	_
275-1	PKP024	275	1	(.)	(.)	_	_	_	_	_	shortpause	_	ContainsVariation=No	_	_	_	_	_	_
275-2	PKP024	275	2	che	che	_	_	_	_	_	linguistic	_	ContainsVariation=No	_	_	_	_	_	_
275-3	PKP024	275	3	gioia	gioia	_	_	_	_	_	linguistic	_	ContainsVariation=No	_	End=664.856	_	_	_	_
276-0	PKP024	276	0	sta	sta	_	_	_	_	_	linguistic	_	ContainsVariation=No	_	Begin=665.503	_	_	_	_
276-1	PKP024	276	1	insalati:na	insalatina	_	_	_	_	_	linguistic	_	ContainsVariation=No	_	End=666.49	7x1	_	_	_
277-0	PKP024	277	0	che	che	_	_	_	_	_	linguistic	_	ContainsVariation=No	_	Begin=667.291	_	_	_	_
277-1	PKP024	277	1	mi	mi	_	_	_	_	_	linguistic	_	ContainsVariation=No	_	_	_	_	_	_
277-2	PKP024	277	2	aspetta	aspetta	_	_	_	_	_	linguistic	_	ContainsVariation=No	_	_	_	_	_	_
277-3	PKP024	277	3	((ride))	((ride))	_	_	_	_	_	nonverbalbehavior	_	ContainsVariation=No	_	End=668.83	_	_	_	_
278-0	PKP024	278	0	comunque	comunque	_	_	_	_	_	linguistic	_	ContainsVariation=No	_	Begin=677.68	_	_	_	_
278-1	PKP024	278	1	u:tile	utile	_	_	_	_	_	linguistic	_	ContainsVariation=No	_	_	0x1	_	_	_
278-2	PKP024	278	2	l'	l'	_	_	_	_	_	linguistic	_	ContainsVariation=No	SpaceAfter=No	_	_	_	_	_
278-3	PKP024	278	3	evolu:tion	evolution	_	_	_	_	_	linguistic	_	ContainsVariation=No	_	_	4x1	_	_	_
278-4	PKP024	278	4	eh	eh	_	_	_	_	_	linguistic	_	ContainsVariation=No	_	End=679.58	_	_	_	_
279-0	PKP024	279	0	(fare	fare	_	_	_	_	_	linguistic	_	ContainsVariation=No	_	Begin=679.86	_	_	0-4(0)	_
279-1	PKP024	279	1	la)	la	_	_	_	_	_	linguistic	_	ContainsVariation=No	_	_	_	_	0-2(0)	_
279-2	PKP024	279	2	carta	carta	_	_	_	_	_	linguistic	_	ContainsVariation=No	_	_	_	_	_	_
279-3	PKP024	279	3	in	in	_	_	_	_	_	linguistic	_	ContainsVariation=No	_	_	_	_	_	_
279-4	PKP024	279	4	realtà:	realtà	_	_	_	_	_	linguistic	_	ContainsVariation=No	_	End=681.245	5x1	_	_	_
280-0	PKP029	280	0	sì:?	sì	_	_	_	_	_	linguistic	_	ContainsVariation=No	Intonation=Rising	Begin=681.257|End=681.618	1x1	_	_	_
281-0	PKP092	281	0	mh	mh	_	_	_	_	_	linguistic	_	ContainsVariation=No	_	Begin=681.725|End=682.082	_	_	_	_
282-0	PKP024	282	0	io	io	_	_	_	_	_	linguistic	_	ContainsVariation=No	_	Begin=682.082	_	_	_	_
282-1	PKP024	282	1	ho	ho	_	_	_	_	_	linguistic	_	ContainsVariation=No	_	_	_	_	_	_
282-2	PKP024	282	2	smesso	smesso	_	_	_	_	_	linguistic	_	ContainsVariation=No	_	_	_	_	_	_
282-3	PKP024	282	3	di	di	_	_	_	_	_	linguistic	_	ContainsVariation=No	_	_	_	_	_	_
282-4	PKP024	282	4	us~	us~	_	_	_	_	_	linguistic	_	ContainsVariation=No	Interrupted=Yes	_	_	_	_	_
282-5	PKP024	282	5	cioè	cioè	_	_	_	_	_	linguistic	_	ContainsVariation=No	_	_	_	_	_	_
282-6	PKP024	282	6	anche	anche	_	_	_	_	_	linguistic	_	ContainsVariation=No	_	_	_	_	_	_
282-7	PKP024	282	7	io	io	_	_	_	_	_	linguistic	_	ContainsVariation=No	_	_	_	_	_	_
282-8	PKP024	282	8	avevo	avevo	_	_	_	_	_	linguistic	_	ContainsVariation=No	_	_	_	_	_	_
282-9	PKP024	282	9	fatto	fatto	_	_	_	_	_	linguistic	_	ContainsVariation=No	_	_	_	_	_	_
282-10	PKP024	282	10	quella	quella	_	_	_	_	_	linguistic	_	ContainsVariation=No	_	_	_	_	_	_
282-11	PKP024	282	11	gialla	gialla	_	_	_	_	_	linguistic	_	ContainsVariation=No	_	_	_	_	_	_
282-12	PKP024	282	12	all'	all'	_	_	_	_	_	linguistic	_	ContainsVariation=No	SpaceAfter=No	_	_	_	_	_
282-13	PKP024	282	13	inizio	inizio	_	_	_	_	_	linguistic	_	ContainsVariation=No	_	End=685.038	_	_	_	_
283-0	PKP092	283	0	eh	eh	_	_	_	_	_	linguistic	_	ContainsVariation=No	_	Begin=685.487	_	_	_	_
283-1	PKP092	283	1	anch'	anch'	_	_	_	_	_	linguistic	_	ContainsVariation=No	SpaceAfter=No	_	_	_	_	_
283-2	PKP092	283	2	io	io	_	_	_	_	_	linguistic	_	ContainsVariation=No	_	_	_	_	_	_
283-3	PKP092	283	3	voglio	voglio	_	_	_	_	_	linguistic	_	ContainsVariation=No	_	_	_	_	_	_
283-4	PKP092	283	4	fare	fare	_	_	_	_	_	linguistic	_	ContainsVariation=No	_	_	_	_	_	_
283-5	PKP092	283	5	la	la	_	_	_	_	_	linguistic	_	ContainsVariation=No	_	_	_	_	_	_
283-6	PKP092	283	6	revolu:tion	revolution	_	_	_	_	_	linguistic	_	ContainsVariation=No	_	End=687.38	5x1	_	_	_
284-0	PKP024	284	0	evoluti~	evoluti~	_	_	_	_	_	linguistic	_	ContainsVariation=No	Interrupted=Yes	Begin=687.628|End=688.405	_	_	_	_
285-0	PKP092	285	0	e~	e~	_	_	_	_	_	linguistic	_	ContainsVariation=No	Interrupted=Yes	Begin=688.681	_	_	_	_
285-1	PKP092	285	1	[evolution]?	evolution	_	_	_	_	_	linguistic	_	ContainsVariation=No	Intonation=Rising	End=689.98	_	_	_	0-9(49)
286-0	PKP024	286	0	[evolution]	evolution	_	_	_	_	_	linguistic	_	ContainsVariation=No	_	Begin=688.965|End=689.98	_	_	_	0-9(49)
287-0	PKP024	287	0	((ride))	((ride))	_	_	_	_	_	nonverbalbehavior	_	ContainsVariation=No	_	Begin=690.255	_	_	_	_
287-1	PKP024	287	1	[la	la	_	_	_	_	_	linguistic	_	ContainsVariation=No	_	_	_	_	_	0-2(50)
287-2	PKP024	287	2	carta	carta	_	_	_	_	_	linguistic	_	ContainsVariation=No	_	_	_	_	_	0-5(50)
287-3	PKP024	287	3	rivolu]zione	rivoluzione	_	_	_	_	_	linguistic	_	ContainsVariation=No	_	End=692.976	_	_	_	0-6(50)
288-0	PKP092	288	0	[ah	ah	_	_	_	_	_	linguistic	_	ContainsVariation=No	_	Begin=690.88	_	_	_	0-2(50)
288-1	PKP092	288	1	io	io	_	_	_	_	_	linguistic	_	ContainsVariation=No	_	_	_	_	_	0-2(50)
288-2	PKP092	288	2	ero	ero	_	_	_	_	_	linguistic	_	ContainsVariation=No	_	_	_	_	_	0-3(50)
288-3	PKP092	288	3	(partita	partita	_	_	_	_	_	linguistic	_	ContainsVariation=No	_	_	_	_	0-7(0)	0-7(50)
288-4	PKP092	288	4	convin~)]	convin~	_	_	_	_	_	linguistic	_	ContainsVariation=No	Interrupted=Yes	End=692.275	_	_	0-7(0)	0-7(50)
289-0	PKP024	289	0	((ride))	((ride))	_	_	_	_	_	nonverbalbehavior	_	ContainsVariation=No	_	Begin=692.992|End=694.897	_	_	_	_
290-0	PKP092	290	0	sì	sì	_	_	_	_	_	linguistic	_	ContainsVariation=No	_	Begin=693.17	_	_	_	_
290-1	PKP092	290	1	pensavo	pensavo	_	_	_	_	_	linguistic	_	ContainsVariation=No	_	_	_	_	_	_
290-2	PKP092	290	2	>si	si	_	_	_	_	_	linguistic	_	ContainsVariation=No	_	_	_	Fast=0-2(0)	_	_
290-3	PKP092	290	3	chiamasse<	chiamasse	_	_	_	_	_	linguistic	_	ContainsVariation=No	_	_	_	Fast=0-9(0)	_	_
290-4	PKP092	290	4	in	in	_	_	_	_	_	linguistic	_	ContainsVariation=No	_	_	_	_	_	_
290-5	PKP092	290	5	quel	quel	_	_	_	_	_	linguistic	_	ContainsVariation=No	_	_	_	_	_	_
290-6	PKP092	290	6	modo	modo	_	_	_	_	_	linguistic	_	ContainsVariation=No	_	End=694.564	_	_	_	_
291-0	PKP024	291	0	maga:ri	magari	_	_	_	_	_	linguistic	_	ContainsVariation=No	_	Begin=694.929	3x1	_	_	_
291-1	PKP024	291	1	che	che	_	_	_	_	_	linguistic	_	ContainsVariation=No	_	_	_	_	_	_
291-2	PKP024	291	2	ti	ti	_	_	_	_	_	linguistic	_	ContainsVariation=No	_	_	_	_	_	_
291-3	PKP024	291	3	immagini	immagini	_	_	_	_	_	linguistic	_	ContainsVariation=No	_	_	_	_	_	_
291-4	PKP024	291	4	ti	ti	_	_	_	_	_	linguistic	_	ContainsVariation=No	_	_	_	_	_	_
291-5	PKP024	291	5	mettono	mettono	_	_	_	_	_	linguistic	_	ContainsVariation=No	_	_	_	_	_	_
291-6	PKP024	291	6	i	i	_	_	_	_	_	linguistic	_	ContainsVariation=No	_	_	_	_	_	_
291-7	PKP024	291	7	soldi	soldi	_	_	_	_	_	linguistic	_	ContainsVariation=No	_	_	_	_	_	_
291-8	PKP024	291	8	de:ntro	dentro	_	_	_	_	_	linguistic	_	ContainsVariation=No	PauseAfter=Yes	_	1x1	_	_	_
291-9	PKP024	291	9	(.)	(.)	_	_	_	_	_	shortpause	_	ContainsVariation=No	_	_	_	_	_	_
291-10	PKP024	291	10	invece	invece	_	_	_	_	_	linguistic	_	ContainsVariation=No	_	_	_	_	_	_
291-11	PKP024	291	11	che	che	_	_	_	_	_	linguistic	_	ContainsVariation=No	_	_	_	_	_	_
291-12	PKP024	291	12	pre:nderli	prenderli	_	_	_	_	_	linguistic	_	ContainsVariation=No	_	End=698.819	2x1	_	_	_
292-0	PKP024	292	0	(l'	l'	_	_	_	_	_	linguistic	_	ContainsVariation=No	SpaceAfter=No	Begin=700.35	_	_	0-2(0)	_
292-1	PKP024	292	1	evolution)	evolution	_	_	_	_	_	linguistic	_	ContainsVariation=No	PauseAfter=Yes	_	_	_	0-9(0)	_
292-2	PKP024	292	2	(.)	(.)	_	_	_	_	_	shortpause	_	ContainsVariation=No	_	_	_	_	_	_
292-3	PKP024	292	3	vabbè	vabbè	_	_	_	_	_	linguistic	_	ContainsVariation=No	_	_	_	_	_	_
292-4	PKP024	292	4	è	è	_	_	_	_	_	linguistic	_	ContainsVariation=No	_	_	_	_	_	_
292-5	PKP024	292	5	uguale	uguale	_	_	_	_	_	linguistic	_	ContainsVariation=No	_	End=701.785	_	_	_	_
293-0	PKP024	293	0	è	è	_	_	_	_	_	linguistic	_	ContainsVariation=No	_	Begin=701.882	_	_	_	_
293-1	PKP024	293	1	più	più	_	_	_	_	_	linguistic	_	ContainsVariation=No	_	_	_	_	_	_
293-2	PKP024	293	2	bellina	bellina	_	_	_	_	_	linguistic	_	ContainsVariation=No	_	_	_	_	_	_
293-3	PKP024	293	3	revolution	revolution	_	_	_	_	_	linguistic	_	ContainsVariation=No	_	_	_	_	_	_
293-4	PKP024	293	4	però	però	_	_	_	_	_	linguistic	_	ContainsVariation=No	PauseAfter=Yes	_	_	_	_	_
293-5	PKP024	293	5	(.)	(.)	_	_	_	_	_	shortpause	_	ContainsVariation=No	_	_	_	_	_	_
293-6	PKP024	293	6	xxxxx:	xxxxx	_	_	_	_	_	linguistic	_	ContainsVariation=No	_	_	4x1	_	_	_
293-7	PKP024	293	7	x	x	_	_	_	_	_	unknown	_	ContainsVariation=No	Syllables=1	End=704.88	_	_	_	_
294-0	PKP024	294	0	è	è	_	_	_	_	_	linguistic	_	ContainsVariation=No	_	Begin=707.11	_	_	_	_
294-1	PKP024	294	1	co:moda	comoda	_	_	_	_	_	linguistic	_	ContainsVariation=No	PauseAfter=Yes	_	1x1	_	_	_
294-2	PKP024	294	2	(.)	(.)	_	_	_	_	_	shortpause	_	ContainsVariation=No	_	_	_	_	_	_
294-3	PKP024	294	3	perché	perché	_	_	_	_	_	linguistic	_	ContainsVariation=No	_	_	_	_	_	_
294-4	PKP024	294	4	(se)	se	_	_	_	_	_	linguistic	_	ContainsVariation=No	PauseAfter=Yes	_	_	_	0-2(0)	_
294-5	PKP024	294	5	(.)	(.)	_	_	_	_	_	shortpause	_	ContainsVariation=No	_	_	_	_	_	_
294-6	PKP024	294	6	c'	c'	_	_	_	_	_	linguistic	_	ContainsVariation=No	SpaceAfter=No	_	_	_	_	_
294-7	PKP024	294	7	è	è	_	_	_	_	_	linguistic	_	ContainsVariation=No	_	_	_	_	_	_
294-8	PKP024	294	8	l'	l'	_	_	_	_	_	linguistic	_	ContainsVariation=No	SpaceAfter=No	_	_	_	_	_
294-9	PKP024	294	9	iban	iban	_	_	_	_	_	linguistic	_	ContainsVariation=No	_	End=709.528	_	_	_	_
295-0	PKP092	295	0	(eh	eh	_	_	_	_	_	linguistic	_	ContainsVariation=No	_	Begin=709.89	_	_	0-2(0)	_
295-1	PKP092	295	1	ha	ha	_	_	_	_	_	linguistic	_	ContainsVariation=No	_	_	_	_	0-2(0)	_
295-2	PKP092	295	2	senso)	senso	_	_	_	_	_	linguistic	_	ContainsVariation=No	_	End=710.753	_	_	0-5(0)	_
296-0	PKP024	296	0	quindi	quindi	_	_	_	_	_	linguistic	_	ContainsVariation=No	_	Begin=713.71	_	_	_	_
296-1	PKP024	296	1	in	in	_	_	_	_	_	linguistic	_	ContainsVariation=No	_	_	_	_	_	_
296-2	PKP024	296	2	realtà,	realtà	_	_	_	_	_	linguistic	_	ContainsVariation=No	Intonation=WeaklyRising	End=714.56	_	_	_	_
297-0	PKP024	297	0	per	per	_	_	_	_	_	linguistic	_	ContainsVariation=No	_	Begin=718.07	_	_	_	_
297-1	PKP024	297	1	esempio,	esempio	_	_	_	_	_	linguistic	_	ContainsVariation=No	Intonation=WeaklyRising	_	_	_	_	_
297-2	PKP024	297	2	se	se	_	_	_	_	_	linguistic	_	ContainsVariation=No	_	_	_	_	_	_
297-3	PKP024	297	3	te	te	_	_	_	_	_	linguistic	_	ContainsVariation=No	_	_	_	_	_	_
297-4	PKP024	297	4	lavora:ssi,	lavorassi	_	_	_	_	_	linguistic	_	ContainsVariation=No	Intonation=WeaklyRising	End=719.664	5x1	_	_	_
298-0	PKP024	298	0	hai	hai	_	_	_	_	_	linguistic	_	ContainsVariation=No	_	Begin=720.052	_	_	_	_
298-1	PKP024	298	1	già	già	_	_	_	_	_	linguistic	_	ContainsVariation=No	_	_	_	_	_	_
298-2	PKP024	298	2	la	la	_	_	_	_	_	linguistic	_	ContainsVariation=No	_	_	_	_	_	_
298-3	PKP024	298	3	carta	carta	_	_	_	_	_	linguistic	_	ContainsVariation=No	_	_	_	_	_	_
298-4	PKP024	298	4	con	con	_	_	_	_	_	linguistic	_	ContainsVariation=No	_	_	_	_	_	_
298-5	PKP024	298	5	l'	l'	_	_	_	_	_	linguistic	_	ContainsVariation=No	SpaceAfter=No	_	_	_	_	_
298-6	PKP024	298	6	iban,	iban	_	_	_	_	_	linguistic	_	ContainsVariation=No	Intonation=WeaklyRising	_	_	_	_	_
298-7	PKP024	298	7	non	non	_	_	_	_	_	linguistic	_	ContainsVariation=No	_	_	_	_	_	_
298-8	PKP024	298	8	c'	c'	_	_	_	_	_	linguistic	_	ContainsVariation=No	SpaceAfter=No	_	_	_	_	_
298-9	PKP024	298	9	è	è	_	_	_	_	_	linguistic	_	ContainsVariation=No	_	_	_	_	_	_
298-10	PKP024	298	10	bisogno	bisogno	_	_	_	_	_	linguistic	_	ContainsVariation=No	_	_	_	_	_	_
298-11	PKP024	298	11	di	di	_	_	_	_	_	linguistic	_	ContainsVariation=No	_	_	_	_	_	_
298-12	PKP024	298	12	aprire:	aprire	_	_	_	_	_	linguistic	_	ContainsVariation=No	_	_	5x1	_	_	_
298-13	PKP024	298	13	un	un	_	_	_	_	_	linguistic	_	ContainsVariation=No	_	_	_	_	_	_
298-14	PKP024	298	14	conto:	conto	_	_	_	_	_	linguistic	_	ContainsVariation=No	_	_	4x1	_	_	_
298-15	PKP024	298	15	bancario	bancario	_	_	_	_	_	linguistic	_	ContainsVariation=No	_	End=724.02	_	_	_	_
299-0	PKP092	299	0	ah	ah	_	_	_	_	_	linguistic	_	ContainsVariation=No	_	Begin=724.021	_	_	_	_
299-1	PKP092	299	1	ma	ma	_	_	_	_	_	linguistic	_	ContainsVariation=No	_	_	_	_	_	_
299-2	PKP092	299	2	io	io	_	_	_	_	_	linguistic	_	ContainsVariation=No	_	_	_	_	_	_
299-3	PKP092	299	3	quello	quello	_	_	_	_	_	linguistic	_	ContainsVariation=No	_	_	_	_	_	_
299-4	PKP092	299	4	ce	ce	_	_	_	_	_	linguistic	_	ContainsVariation=No	_	_	_	_	_	_
299-5	PKP092	299	5	l'	l'	_	_	_	_	_	linguistic	_	ContainsVariation=No	SpaceAfter=No	_	_	_	_	_
299-6	PKP092	299	6	ho	ho	_	_	_	_	_	linguistic	_	ContainsVariation=No	_	_	_	_	_	_
299-7	PKP092	299	7	secondo	secondo	_	_	_	_	_	linguistic	_	ContainsVariation=No	_	_	_	_	_	_
299-8	PKP092	299	8	me	me	_	_	_	_	_	linguistic	_	ContainsVariation=No	_	End=725.517	_	_	_	_
300-0	PKP024	300	0	ah	ah	_	_	_	_	_	linguistic	_	ContainsVariation=No	_	Begin=725.614	_	_	_	_
300-1	PKP024	300	1	ce	ce	_	_	_	_	_	linguistic	_	ContainsVariation=No	_	_	_	_	_	_
300-2	PKP024	300	2	l'	l'	_	_	_	_	_	linguistic	_	ContainsVariation=No	SpaceAfter=No	_	_	_	_	_
300-3	PKP024	300	3	hai	hai	_	_	_	_	_	linguistic	_	ContainsVariation=No	_	_	_	_	_	_
300-4	PKP024	300	4	già?	già	_	_	_	_	_	linguistic	_	ContainsVariation=No	Intonation=Rising	End=726.286	_	_	_	_
301-0	PKP092	301	0	mh	mh	_	_	_	_	_	linguistic	_	ContainsVariation=No	_	Begin=726.4|End=726.771	_	_	_	_
302-0	PKP024	302	0	xxx	xxx	_	_	_	_	_	unknown	_	ContainsVariation=No	Syllables=3	Begin=726.87|End=727.543	_	_	_	_
303-0	PKP024	303	0	perché	perché	_	_	_	_	_	linguistic	_	ContainsVariation=No	_	Begin=731.48	_	_	_	_
303-1	PKP024	303	1	te	te	_	_	_	_	_	linguistic	_	ContainsVariation=No	_	_	_	_	_	_
303-2	PKP024	303	2	ora	ora	_	_	_	_	_	linguistic	_	ContainsVariation=No	_	_	_	_	_	_
303-3	PKP024	303	3	c'	c'	_	_	_	_	_	linguistic	_	ContainsVariation=No	SpaceAfter=No	_	_	_	_	_
303-4	PKP024	303	4	hai	hai	_	_	_	_	_	linguistic	_	ContainsVariation=No	_	_	_	_	_	_
303-5	PKP024	303	5	la	la	_	_	_	_	_	linguistic	_	ContainsVariation=No	_	_	_	_	_	_
303-6	PKP024	303	6	carta	carta	_	_	_	_	_	linguistic	_	ContainsVariation=No	_	_	_	_	_	_
303-7	PKP024	303	7	della	della	_	_	_	_	_	linguistic	_	ContainsVariation=No	_	_	_	_	_	_
303-8	PKP024	303	8	banca,	banca	_	_	_	_	_	linguistic	_	ContainsVariation=No	Intonation=WeaklyRising	End=732.967	_	_	_	_
304-0	PKP092	304	0	io:::	io	_	_	_	_	_	linguistic	_	ContainsVariation=No	_	Begin=733.818	1x3	_	_	_
304-1	PKP092	304	1	no	no	_	_	_	_	_	linguistic	_	ContainsVariation=No	_	_	_	_	_	_
304-2	PKP092	304	2	ho	ho	_	_	_	_	_	linguistic	_	ContainsVariation=No	_	_	_	_	_	_
304-3	PKP092	304	3	la	la	_	_	_	_	_	linguistic	_	ContainsVariation=No	_	_	_	_	_	_
304-4	PKP092	304	4	pos~	pos~	_	_	_	_	_	linguistic	_	ContainsVariation=No	Interrupted=Yes	_	_	_	_	_
304-5	PKP092	304	5	postepay	postepay	_	_	_	_	_	linguistic	_	ContainsVariation=No	_	_	_	_	_	_
304-6	PKP092	304	6	e:	e	_	_	_	_	_	linguistic	_	ContainsVariation=No	_	_	0x1	_	_	_
304-7	PKP092	304	7	la	la	_	_	_	_	_	linguistic	_	ContainsVariation=No	_	_	_	_	_	_
304-8	PKP092	304	8	carta::	carta	_	_	_	_	_	linguistic	_	ContainsVariation=No	PauseAfter=Yes	_	4x2	_	_	_
304-9	PKP092	304	9	(.)	(.)	_	_	_	_	_	shortpause	_	ContainsVariation=No	_	_	_	_	_	_
304-10	PKP092	304	10	della	della	_	_	_	_	_	linguistic	_	ContainsVariation=No	_	_	_	_	_	_
304-11	PKP092	304	11	banca	banca	_	_	_	_	_	linguistic	_	ContainsVariation=No	_	End=737.88	_	_	_	_
305-0	PKP024	305	0	mh	mh	_	_	_	_	_	linguistic	_	ContainsVariation=No	_	Begin=738.06|End=738.334	_	_	_	_
306-0	PKP024	306	0	hai	hai	_	_	_	_	_	linguistic	_	ContainsVariation=No	_	Begin=739.532	_	_	_	_
306-1	PKP024	306	1	quella	quella	_	_	_	_	_	linguistic	_	ContainsVariation=No	_	_	_	_	_	_
306-2	PKP024	306	2	gia:lla	gialla	_	_	_	_	_	linguistic	_	ContainsVariation=No	_	End=740.35	2x1	_	_	_
307-0	PKP092	307	0	sì	sì	_	_	_	_	_	linguistic	_	ContainsVariation=No	_	Begin=740.675|End=741.043	_	_	_	_
308-0	PKP092	308	0	<nella	nella	_	_	_	_	_	linguistic	_	ContainsVariation=No	_	Begin=759.25	_	Slow=0-5(0)	_	_
308-1	PKP092	308	1	coop	coop	_	_	_	_	_	linguistic	_	ContainsVariation=No	_	_	_	Slow=0-4(0)	_	_
308-2	PKP092	308	2	ce	ce	_	_	_	_	_	linguistic	_	ContainsVariation=No	_	_	_	Slow=0-2(0)	_	_
308-3	PKP092	308	3	l(i)	li	_	_	_	_	_	linguistic	_	ContainsVariation=No	_	_	_	Slow=0-2(0)	1-2(0)	_
308-4	PKP092	308	4	avranno	avranno	_	_	_	_	_	linguistic	_	ContainsVariation=No	_	_	_	Slow=0-7(0)	_	_
308-5	PKP092	308	5	i	i	_	_	_	_	_	linguistic	_	ContainsVariation=No	_	_	_	Slow=0-1(0)	_	_
308-6	PKP092	308	6	filtri>?	filtri	_	_	_	_	_	linguistic	_	ContainsVariation=No	Intonation=Rising	End=761.155	_	Slow=0-6(0)	_	_
309-0	PKP024	309	0	sì:	sì	_	_	_	_	_	linguistic	_	ContainsVariation=No	_	Begin=761.357	1x1	_	_	_
309-1	PKP024	309	1	ma	ma	_	_	_	_	_	linguistic	_	ContainsVariation=No	_	_	_	_	_	_
309-2	PKP024	309	2	ce	ce	_	_	_	_	_	linguistic	_	ContainsVariation=No	_	_	_	_	_	_
309-3	PKP024	309	3	l'	l'	_	_	_	_	_	linguistic	_	ContainsVariation=No	SpaceAfter=No	_	_	_	_	_
309-4	PKP024	309	4	hanno	hanno	_	_	_	_	_	linguistic	_	ContainsVariation=No	_	_	_	_	_	_
309-5	PKP024	309	5	quelli	quelli	_	_	_	_	_	linguistic	_	ContainsVariation=No	_	_	_	_	_	_
309-6	PKP024	309	6	di	di	_	_	_	_	_	linguistic	_	ContainsVariation=No	_	_	_	_	_	_
309-7	PKP024	309	7	vivi	vivi	_	_	_	_	_	linguistic	_	ContainsVariation=No	_	_	_	_	_	_
309-8	PKP024	309	8	verde	verde	_	_	_	_	_	linguistic	_	ContainsVariation=No	_	End=763.263	_	_	_	_
310-0	PKP092	310	0	mh	mh	_	_	_	_	_	linguistic	_	ContainsVariation=No	PauseAfter=Yes	Begin=763.415	_	_	_	_
310-1	PKP092	310	1	(.)	(.)	_	_	_	_	_	shortpause	_	ContainsVariation=No	_	_	_	_	_	_
310-2	PKP092	310	2	[e	e	_	_	_	_	_	linguistic	_	ContainsVariation=No	_	_	_	_	_	0-1(52)
310-3	PKP092	310	3	non]	non	_	_	_	_	_	linguistic	_	ContainsVariation=No	_	_	_	_	_	0-3(52)
310-4	PKP092	310	4	sono::	sono	_	_	_	_	_	linguistic	_	ContainsVariation=No	_	End=765.219	3x2	_	_	_
311-0	PKP024	311	0	[e	e	_	_	_	_	_	linguistic	_	ContainsVariation=No	_	Begin=764.022	_	_	_	0-1(52)
311-1	PKP024	311	1	non]	non	_	_	_	_	_	linguistic	_	ContainsVariation=No	_	End=764.386	_	_	_	0-3(52)
312-0	PKP024	312	0	non	non	_	_	_	_	_	linguistic	_	ContainsVariation=No	_	Begin=765.702	_	_	_	_
312-1	PKP024	312	1	lo	lo	_	_	_	_	_	linguistic	_	ContainsVariation=No	_	_	_	_	_	_
312-2	PKP024	312	2	so:	so	_	_	_	_	_	linguistic	_	ContainsVariation=No	_	End=766.37	1x1	_	_	_
313-0	PKP024	313	0	è	è	_	_	_	_	_	linguistic	_	ContainsVariation=No	_	Begin=767.39	_	_	_	_
313-1	PKP024	313	1	un	un	_	_	_	_	_	linguistic	_	ContainsVariation=No	_	_	_	_	_	_
313-2	PKP024	313	2	po'	po'	_	_	_	_	_	linguistic	_	ContainsVariation=No	_	_	_	_	_	_
313-3	PKP024	313	3	a	a	_	_	_	_	_	linguistic	_	ContainsVariation=No	_	_	_	_	_	_
313-4	PKP024	313	4	ri:schio	rischio	_	_	_	_	_	linguistic	_	ContainsVariation=No	_	_	1x1	_	_	_
313-5	PKP024	313	5	pre:nderli	prenderli	_	_	_	_	_	linguistic	_	ContainsVariation=No	_	_	2x1	_	_	_
313-6	PKP024	313	6	perché	perché	_	_	_	_	_	linguistic	_	ContainsVariation=No	_	_	_	_	_	_
313-7	PKP024	313	7	io	io	_	_	_	_	_	linguistic	_	ContainsVariation=No	_	End=769.68	_	_	_	_
314-0	PKP092	314	0	là	là	_	_	_	_	_	linguistic	_	ContainsVariation=No	_	Begin=770.695	_	_	_	_
314-1	PKP092	314	1	ce	ce	_	_	_	_	_	linguistic	_	ContainsVariation=No	_	_	_	_	_	_
314-2	PKP092	314	2	li	li	_	_	_	_	_	linguistic	_	ContainsVariation=No	_	_	_	_	_	_
314-3	PKP092	314	3	hanno	hanno	_	_	_	_	_	linguistic	_	ContainsVariation=No	_	_	_	_	_	_
314-4	PKP092	314	4	ma	ma	_	_	_	_	_	linguistic	_	ContainsVariation=No	_	_	_	_	_	_
314-5	PKP092	314	5	sono	sono	_	_	_	_	_	linguistic	_	ContainsVariation=No	_	_	_	_	_	_
314-6	PKP092	314	6	quelli::	quelli	_	_	_	_	_	linguistic	_	ContainsVariation=No	_	End=772.47	5x2	_	_	_
315-0	PKP092	315	0	con	con	_	_	_	_	_	linguistic	_	ContainsVariation=No	_	Begin=773.517	_	_	_	_
315-1	PKP092	315	1	la	la	_	_	_	_	_	linguistic	_	ContainsVariation=No	_	_	_	_	_	_
315-2	PKP092	315	2	brocca	brocca	_	_	_	_	_	linguistic	_	ContainsVariation=No	_	_	_	_	_	_
315-3	PKP092	315	3	che	che	_	_	_	_	_	linguistic	_	ContainsVariation=No	PauseAfter=Yes	_	_	_	_	_
315-4	PKP092	315	4	(.)	(.)	_	_	_	_	_	shortpause	_	ContainsVariation=No	_	_	_	_	_	_
315-5	PKP092	315	5	ha	ha	_	_	_	_	_	linguistic	_	ContainsVariation=No	_	_	_	_	_	_
315-6	PKP092	315	6	solamente	solamente	_	_	_	_	_	linguistic	_	ContainsVariation=No	_	_	_	_	_	_
315-7	PKP092	315	7	un'	un'	_	_	_	_	_	linguistic	_	ContainsVariation=No	SpaceAfter=No	_	_	_	_	_
315-8	PKP092	315	8	usci:ta	uscita	_	_	_	_	_	linguistic	_	ContainsVariation=No	_	_	3x1	_	_	_
315-9	PKP092	315	9	[in	in	_	_	_	_	_	linguistic	_	ContainsVariation=No	_	_	_	_	_	0-2(53)
315-10	PKP092	315	10	me:zzo]	mezzo	_	_	_	_	_	linguistic	_	ContainsVariation=No	_	End=776.39	1x1	_	_	0-5(53)
316-0	PKP024	316	0	[mh	mh	_	_	_	_	_	linguistic	_	ContainsVariation=No	PauseAfter=Yes	Begin=775.807	_	_	_	0-2(53)
316-1	PKP024	316	1	(.)	(.)	_	_	_	_	_	shortpause	_	ContainsVariation=No	_	_	_	_	_	X(53)
316-2	PKP024	316	2	e]sa:tto	esatto	_	_	_	_	_	linguistic	_	ContainsVariation=No	_	_	2x1	_	_	0-1(53)
316-3	PKP024	316	3	sì	sì	_	_	_	_	_	linguistic	_	ContainsVariation=No	_	End=777.103	_	_	_	_
317-0	PKP092	317	0	mh	mh	_	_	_	_	_	linguistic	_	ContainsVariation=No	_	Begin=777.67	_	_	_	_
317-1	PKP092	317	1	io	io	_	_	_	_	_	linguistic	_	ContainsVariation=No	_	_	_	_	_	_
317-2	PKP092	317	2	ce	ce	_	_	_	_	_	linguistic	_	ContainsVariation=No	_	_	_	_	_	_
317-3	PKP092	317	3	l'	l'	_	_	_	_	_	linguistic	_	ContainsVariation=No	SpaceAfter=No	_	_	_	_	_
317-4	PKP092	317	4	ho	ho	_	_	_	_	_	linguistic	_	ContainsVariation=No	_	_	_	_	_	_
317-5	PKP092	317	5	xx	xx	_	_	_	_	_	unknown	_	ContainsVariation=No	Syllables=2	_	_	_	_	_
317-6	PKP092	317	6	a	a	_	_	_	_	_	linguistic	_	ContainsVariation=No	_	_	_	_	_	_
317-7	PKP092	317	7	casa,	casa	_	_	_	_	_	linguistic	_	ContainsVariation=No	Intonation=WeaklyRising	_	_	_	_	_
317-8	PKP092	317	8	(però)	però	_	_	_	_	_	linguistic	_	ContainsVariation=No	_	End=779.58	_	_	0-4(0)	_
318-0	PKP024	318	0	ma	ma	_	_	_	_	_	linguistic	_	ContainsVariation=No	_	Begin=779.659|End=780.127	_	_	_	_
319-0	PKP024	319	0	in	in	_	_	_	_	_	linguistic	_	ContainsVariation=No	_	Begin=780.675	_	_	_	_
319-1	PKP024	319	1	realtà	realtà	_	_	_	_	_	linguistic	_	ContainsVariation=No	_	_	_	_	_	_
319-2	PKP024	319	2	non	non	_	_	_	_	_	linguistic	_	ContainsVariation=No	_	_	_	_	_	_
319-3	PKP024	319	3	so	so	_	_	_	_	_	linguistic	_	ContainsVariation=No	_	_	_	_	_	_
319-4	PKP024	319	4	se	se	_	_	_	_	_	linguistic	_	ContainsVariation=No	_	_	_	_	_	_
319-5	PKP024	319	5	esistono	esistono	_	_	_	_	_	linguistic	_	ContainsVariation=No	_	_	_	_	_	_
319-6	PKP024	319	6	dei	dei	_	_	_	_	_	linguistic	_	ContainsVariation=No	_	_	_	_	_	_
319-7	PKP024	319	7	filtri	filtri	_	_	_	_	_	linguistic	_	ContainsVariation=No	_	_	_	_	_	_
319-8	PKP024	319	8	universa:li	universali	_	_	_	_	_	linguistic	_	ContainsVariation=No	_	End=783.54	7x1	_	_	_
320-0	PKP024	320	0	però:	però	_	_	_	_	_	linguistic	_	ContainsVariation=No	_	Begin=784.338|End=784.62	3x1	_	_	_
321-0	PKP092	321	0	il	il	_	_	_	_	_	linguistic	_	ContainsVariation=No	_	Begin=787.332	_	_	_	_
321-1	PKP092	321	1	problema	problema	_	_	_	_	_	linguistic	_	ContainsVariation=No	_	_	_	_	_	_
321-2	PKP092	321	2	è	è	_	_	_	_	_	linguistic	_	ContainsVariation=No	_	_	_	_	_	_
321-3	PKP092	321	3	che:	che	_	_	_	_	_	linguistic	_	ContainsVariation=No	_	End=788.36	2x1	_	_	_
322-0	PKP092	322	0	que:sta	questa	_	_	_	_	_	linguistic	_	ContainsVariation=No	_	Begin=788.97	2x1	_	_	_
322-1	PKP092	322	1	c'	c'	_	_	_	_	_	linguistic	_	ContainsVariation=No	SpaceAfter=No	_	_	_	_	_
322-2	PKP092	322	2	ha	ha	_	_	_	_	_	linguistic	_	ContainsVariation=No	_	_	_	_	_	_
322-3	PKP092	322	3	due	due	_	_	_	_	_	linguistic	_	ContainsVariation=No	_	_	_	_	_	_
322-4	PKP092	322	4	cosi:ni	cosini	_	_	_	_	_	linguistic	_	ContainsVariation=No	_	_	3x1	_	_	_
322-5	PKP092	322	5	in	in	_	_	_	_	_	linguistic	_	ContainsVariation=No	_	_	_	_	_	_
322-6	PKP092	322	6	con	con	_	_	_	_	_	linguistic	_	ContainsVariation=No	_	_	_	_	_	_
322-7	PKP092	322	7	con	con	_	_	_	_	_	linguistic	_	ContainsVariation=No	_	_	_	_	_	_
322-8	PKP092	322	8	due::	due	_	_	_	_	_	linguistic	_	ContainsVariation=No	_	_	2x2	_	_	_
322-9	PKP092	322	9	m::h	mh	_	_	_	_	_	linguistic	_	ContainsVariation=No	PauseAfter=Yes	_	0x2	_	_	_
322-10	PKP092	322	10	(.)	(.)	_	_	_	_	_	shortpause	_	ContainsVariation=No	_	_	_	_	_	_
322-11	PKP092	322	11	boh	boh	_	_	_	_	_	linguistic	_	ContainsVariation=No	_	End=793.4	_	_	_	_
323-0	PKP092	323	0	perché	perché	_	_	_	_	_	linguistic	_	ContainsVariation=No	_	Begin=793.42	_	_	_	_
323-1	PKP092	323	1	i:o	io	_	_	_	_	_	linguistic	_	ContainsVariation=No	_	_	0x1	_	_	_
323-2	PKP092	323	2	a	a	_	_	_	_	_	linguistic	_	ContainsVariation=No	_	_	_	_	_	_
323-3	PKP092	323	3	casa	casa	_	_	_	_	_	linguistic	_	ContainsVariation=No	_	_	_	_	_	_
323-4	PKP092	323	4	ce	ce	_	_	_	_	_	linguistic	_	ContainsVariation=No	_	_	_	_	_	_
323-5	PKP092	323	5	l'	l'	_	_	_	_	_	linguistic	_	ContainsVariation=No	SpaceAfter=No	_	_	_	_	_
323-6	PKP092	323	6	ho	ho	_	_	_	_	_	linguistic	_	ContainsVariation=No	_	_	_	_	_	_
323-7	PKP092	323	7	con	con	_	_	_	_	_	linguistic	_	ContainsVariation=No	_	_	_	_	_	_
323-8	PKP092	323	8	un:	un	_	_	_	_	_	linguistic	_	ContainsVariation=No	_	_	1x1	_	_	_
323-9	PKP092	323	9	filtro	filtro	_	_	_	_	_	linguistic	_	ContainsVariation=No	_	_	_	_	_	_
323-10	PKP092	323	10	s~	s~	_	_	_	_	_	linguistic	_	ContainsVariation=No	Interrupted=Yes	_	_	_	_	_
323-11	PKP092	323	11	cioè	cioè	_	_	_	_	_	linguistic	_	ContainsVariation=No	_	_	_	_	_	_
323-12	PKP092	323	12	con	con	_	_	_	_	_	linguistic	_	ContainsVariation=No	_	_	_	_	_	_
323-13	PKP092	323	13	un	un	_	_	_	_	_	linguistic	_	ContainsVariation=No	_	_	_	_	_	_
323-14	PKP092	323	14	cosino	cosino	_	_	_	_	_	linguistic	_	ContainsVariation=No	_	_	_	_	_	_
323-15	PKP092	323	15	e	e	_	_	_	_	_	linguistic	_	ContainsVariation=No	_	_	_	_	_	_
323-16	PKP092	323	16	basta,	basta	_	_	_	_	_	linguistic	_	ContainsVariation=No	Intonation=WeaklyRising	End=797.372	_	_	_	_
324-0	PKP092	324	0	e:	e	_	_	_	_	_	linguistic	_	ContainsVariation=No	_	Begin=797.981	0x1	_	_	_
324-1	PKP092	324	1	quei	quei	_	_	_	_	_	linguistic	_	ContainsVariation=No	_	_	_	_	_	_
324-2	PKP092	324	2	due	due	_	_	_	_	_	linguistic	_	ContainsVariation=No	_	_	_	_	_	_
324-3	PKP092	324	3	lì,	lì	_	_	_	_	_	linguistic	_	ContainsVariation=No	Intonation=WeaklyRising	End=798.863	_	_	_	_
325-0	PKP092	325	0	si	si	_	_	_	_	_	linguistic	_	ContainsVariation=No	_	Begin=799.767	_	_	_	_
325-1	PKP092	325	1	trova	trova	_	_	_	_	_	linguistic	_	ContainsVariation=No	_	_	_	_	_	_
325-2	PKP092	325	2	ovunque	ovunque	_	_	_	_	_	linguistic	_	ContainsVariation=No	_	End=800.758	_	_	_	_
326-0	PKP024	326	0	m:h	mh	_	_	_	_	_	linguistic	_	ContainsVariation=No	_	Begin=800.967|End=801.31	0x1	_	_	_
327-0	PKP092	327	0	perché	perché	_	_	_	_	_	linguistic	_	ContainsVariation=No	_	Begin=801.31	_	_	_	_
327-1	PKP092	327	1	c'	c'	_	_	_	_	_	linguistic	_	ContainsVariation=No	SpaceAfter=No	_	_	_	_	_
327-2	PKP092	327	2	è	è	_	_	_	_	_	linguistic	_	ContainsVariation=No	_	_	_	_	_	_
327-3	PKP092	327	3	la	la	_	_	_	_	_	linguistic	_	ContainsVariation=No	_	_	_	_	_	_
327-4	PKP092	327	4	maggior	maggior	_	_	_	_	_	linguistic	_	ContainsVariation=No	_	_	_	_	_	_
327-5	PKP092	327	5	parte	parte	_	_	_	_	_	linguistic	_	ContainsVariation=No	_	_	_	_	_	_
327-6	PKP092	327	6	delle	delle	_	_	_	_	_	linguistic	_	ContainsVariation=No	_	_	_	_	_	_
327-7	PKP092	327	7	brocche	brocche	_	_	_	_	_	linguistic	_	ContainsVariation=No	_	_	_	_	_	_
327-8	PKP092	327	8	che	che	_	_	_	_	_	linguistic	_	ContainsVariation=No	_	_	_	_	_	_
327-9	PKP092	327	9	ce	ce	_	_	_	_	_	linguistic	_	ContainsVariation=No	_	_	_	_	_	_
327-10	PKP092	327	10	l(e)	le	_	_	_	_	_	linguistic	_	ContainsVariation=No	_	_	_	_	0-2(0)	_
327-11	PKP092	327	11	ha	ha	_	_	_	_	_	linguistic	_	ContainsVariation=No	_	_	_	_	_	_
327-12	PKP092	327	12	in	in	_	_	_	_	_	linguistic	_	ContainsVariation=No	_	_	_	_	_	_
327-13	PKP092	327	13	quel	quel	_	_	_	_	_	linguistic	_	ContainsVariation=No	_	_	_	_	_	_
327-14	PKP092	327	14	mo:do,	modo	_	_	_	_	_	linguistic	_	ContainsVariation=No	Intonation=WeaklyRising	End=803.831	1x1	_	_	_
328-0	PKP024	328	0	eh	eh	_	_	_	_	_	linguistic	_	ContainsVariation=No	_	Begin=806.475	_	_	_	_
328-1	PKP024	328	1	ma	ma	_	_	_	_	_	linguistic	_	ContainsVariation=No	_	_	_	_	_	_
328-2	PKP024	328	2	noi	noi	_	_	_	_	_	linguistic	_	ContainsVariation=No	_	_	_	_	_	_
328-3	PKP024	328	3	abbiam	abbiam	_	_	_	_	_	linguistic	_	ContainsVariation=No	_	_	_	_	_	_
328-4	PKP024	328	4	voluto	voluto	_	_	_	_	_	linguistic	_	ContainsVariation=No	_	_	_	_	_	_
328-5	PKP024	328	5	far	far	_	_	_	_	_	linguistic	_	ContainsVariation=No	_	_	_	_	_	_
328-6	PKP024	328	6	le	le	_	_	_	_	_	linguistic	_	ContainsVariation=No	_	_	_	_	_	_
328-7	PKP024	328	7	ri:cche,	ricche	_	_	_	_	_	linguistic	_	ContainsVariation=No	Intonation=WeaklyRising	End=808.1	1x1	_	_	_
329-0	PKP029	329	0	[eh]	eh	_	_	_	_	_	linguistic	_	ContainsVariation=No	_	Begin=808.195|End=808.568	_	_	_	0-2(54)
330-0	PKP092	330	0	[eh]	eh	_	_	_	_	_	linguistic	_	ContainsVariation=No	_	Begin=808.195|End=808.568	_	_	_	0-2(54)
331-0	PKP024	331	0	eh	eh	_	_	_	_	_	linguistic	_	ContainsVariation=No	_	Begin=810.076	_	_	_	_
331-1	PKP024	331	1	sì	sì	_	_	_	_	_	linguistic	_	ContainsVariation=No	_	_	_	_	_	_
331-2	PKP024	331	2	c'	c'	_	_	_	_	_	linguistic	_	ContainsVariation=No	SpaceAfter=No	_	_	_	_	_
331-3	PKP024	331	3	ha	ha	_	_	_	_	_	linguistic	_	ContainsVariation=No	_	_	_	_	_	_
331-4	PKP024	331	4	due	due	_	_	_	_	_	linguistic	_	ContainsVariation=No	_	_	_	_	_	_
331-5	PKP024	331	5	cosi	cosi	_	_	_	_	_	linguistic	_	ContainsVariation=No	_	End=811.053	_	_	_	_
332-0	PKP024	332	0	non	non	_	_	_	_	_	linguistic	_	ContainsVariation=No	_	Begin=814.64	_	_	_	_
332-1	PKP024	332	1	lo	lo	_	_	_	_	_	linguistic	_	ContainsVariation=No	_	_	_	_	_	_
332-2	PKP024	332	2	so	so	_	_	_	_	_	linguistic	_	ContainsVariation=No	_	End=815.204	_	_	_	_
333-0	PKP024	333	0	m:h,	mh	_	_	_	_	_	linguistic	_	ContainsVariation=No	Intonation=WeaklyRising	Begin=817.84	0x1	_	_	_
333-1	PKP024	333	1	che	che	_	_	_	_	_	linguistic	_	ContainsVariation=No	_	_	_	_	_	_
333-2	PKP024	333	2	odore	odore	_	_	_	_	_	linguistic	_	ContainsVariation=No	_	_	_	_	_	_
333-3	PKP024	333	3	d'	d'	_	_	_	_	_	linguistic	_	ContainsVariation=No	SpaceAfter=No	_	_	_	_	_
333-4	PKP024	333	4	hamburger	hamburger	_	_	_	_	_	linguistic	_	ContainsVariation=No	_	End=819.184	_	_	_	_
334-0	PKP029	334	0	mh?	mh	_	_	_	_	_	linguistic	_	ContainsVariation=No	Intonation=Rising	Begin=819.665|End=819.937	_	_	_	_
335-0	PKP024	335	0	mh	mh	_	_	_	_	_	linguistic	_	ContainsVariation=No	_	Begin=820.256	_	_	_	_
335-1	PKP024	335	1	che	che	_	_	_	_	_	linguistic	_	ContainsVariation=No	_	_	_	_	_	_
335-2	PKP024	335	2	odorino	odorino	_	_	_	_	_	linguistic	_	ContainsVariation=No	_	End=821.025	_	_	_	_
336-0	PKP029	336	0	mh	mh	_	_	_	_	_	linguistic	_	ContainsVariation=No	_	Begin=821.285|End=821.54	_	_	_	_
337-0	PKP092	337	0	°buono°	buono	_	_	_	_	_	linguistic	_	ContainsVariation=No	Volume=low	Begin=827.52|End=827.993	_	_	_	_
338-0	PKP024	338	0	mi	mi	_	_	_	_	_	linguistic	_	ContainsVariation=No	_	Begin=830.821	_	_	_	_
338-1	PKP024	338	1	è	è	_	_	_	_	_	linguistic	_	ContainsVariation=No	_	_	_	_	_	_
338-2	PKP024	338	2	arrivata	arrivata	_	_	_	_	_	linguistic	_	ContainsVariation=No	_	_	_	_	_	_
338-3	PKP024	338	3	una	una	_	_	_	_	_	linguistic	_	ContainsVariation=No	_	_	_	_	_	_
338-4	PKP024	338	4	fola:ta,	folata	_	_	_	_	_	linguistic	_	ContainsVariation=No	Intonation=WeaklyRising	End=832.2	3x1	_	_	_
339-0	PKP024	339	0	come	come	_	_	_	_	_	linguistic	_	ContainsVariation=No	_	Begin=836.285	_	_	_	_
339-1	PKP024	339	1	sta	sta	_	_	_	_	_	linguistic	_	ContainsVariation=No	_	_	_	_	_	_
339-2	PKP024	339	2	la	la	_	_	_	_	_	linguistic	_	ContainsVariation=No	_	_	_	_	_	_
339-3	PKP024	339	3	molly?	molly	_	_	_	_	_	linguistic	_	ContainsVariation=No	Intonation=Rising	End=837.364	_	_	_	_
340-0	PKP024	340	0	s'	s'	_	_	_	_	_	linguistic	_	ContainsVariation=No	SpaceAfter=No	Begin=839.599	_	_	_	_
340-1	PKP024	340	1	è	è	_	_	_	_	_	linguistic	_	ContainsVariation=No	_	_	_	_	_	_
340-2	PKP024	340	2	rimessa	rimessa	_	_	_	_	_	linguistic	_	ContainsVariation=No	_	_	_	_	_	_
340-3	PKP024	340	3	da::	da	_	_	_	_	_	linguistic	_	ContainsVariation=No	_	_	1x2	_	_	_
340-4	PKP024	340	4	i	i	_	_	_	_	_	linguistic	_	ContainsVariation=No	_	_	_	_	_	_
340-5	PKP024	340	5	problemi	problemi	_	_	_	_	_	linguistic	_	ContainsVariation=No	_	_	_	_	_	_
340-6	PKP024	340	6	di	di	_	_	_	_	_	linguistic	_	ContainsVariation=No	_	_	_	_	_	_
340-7	PKP024	340	7	schiena:?	schiena	_	_	_	_	_	linguistic	_	ContainsVariation=No	Intonation=Rising	_	6x1	_	_	_
340-8	PKP024	340	8	[(sta	sta	_	_	_	_	_	linguistic	_	ContainsVariation=No	_	_	_	_	0-3(0)	0-3(55)
340-9	PKP024	340	9	bene?)]	bene	_	_	_	_	_	linguistic	_	ContainsVariation=No	Intonation=Rising	End=842.3	_	_	0-4(0)	0-4(55)
341-0	PKP092	341	0	[sì	sì	_	_	_	_	_	linguistic	_	ContainsVariation=No	_	Begin=841.694	_	_	_	0-2(55)
341-1	PKP092	341	1	sì]	sì	_	_	_	_	_	linguistic	_	ContainsVariation=No	_	_	_	_	_	0-2(55)
341-2	PKP092	341	2	ora	ora	_	_	_	_	_	linguistic	_	ContainsVariation=No	_	_	_	_	_	_
341-3	PKP092	341	3	sta	sta	_	_	_	_	_	linguistic	_	ContainsVariation=No	_	_	_	_	_	_
341-4	PKP092	341	4	beni:ssimo	benissimo	_	_	_	_	_	linguistic	_	ContainsVariation=No	_	End=843.499	3x1	_	_	_
342-0	PKP092	342	0	(alla	alla	_	_	_	_	_	linguistic	_	ContainsVariation=No	_	Begin=844.45	_	_	0-4(0)	_
342-1	PKP092	342	1	fine)	fine	_	_	_	_	_	linguistic	_	ContainsVariation=No	_	End=845.112	_	_	0-4(0)	_
343-0	PKP024	343	0	meno	meno	_	_	_	_	_	linguistic	_	ContainsVariation=No	_	Begin=845.301	_	_	_	_
343-1	PKP024	343	1	ma:le	male	_	_	_	_	_	linguistic	_	ContainsVariation=No	_	End=846.02	1x1	_	_	_
344-0	PKP024	344	0	quanto	quanto	_	_	_	_	_	linguistic	_	ContainsVariation=No	_	Begin=847.744	_	_	_	_
344-1	PKP024	344	1	è	è	_	_	_	_	_	linguistic	_	ContainsVariation=No	_	_	_	_	_	_
344-2	PKP024	344	2	stata	stata	_	_	_	_	_	linguistic	_	ContainsVariation=No	_	_	_	_	_	_
344-3	PKP024	344	3	male?	male	_	_	_	_	_	linguistic	_	ContainsVariation=No	Intonation=Rising	End=848.733	_	_	_	_
345-0	PKP092	345	0	e::h	eh	_	_	_	_	_	linguistic	_	ContainsVariation=No	_	Begin=849.713	0x2	_	_	_
345-1	PKP092	345	1	no	no	_	_	_	_	_	linguistic	_	ContainsVariation=No	_	_	_	_	_	_
345-2	PKP092	345	2	m:::h	mh	_	_	_	_	_	linguistic	_	ContainsVariation=No	_	_	0x3	_	_	_
345-3	PKP092	345	3	dieci	dieci	_	_	_	_	_	linguistic	_	ContainsVariation=No	_	_	_	_	_	_
345-4	PKP092	345	4	gio:rni,	giorni	_	_	_	_	_	linguistic	_	ContainsVariation=No	Intonation=WeaklyRising	_	2x1	_	_	_
345-5	PKP092	345	5	due	due	_	_	_	_	_	linguistic	_	ContainsVariation=No	_	_	_	_	_	_
345-6	PKP092	345	6	s[ettima:ne]	settimane	_	_	_	_	_	linguistic	_	ContainsVariation=No	_	End=853.17	6x1	_	_	1-9(56)
346-0	PKP024	346	0	[amo::re	amore	_	_	_	_	_	linguistic	_	ContainsVariation=No	_	Begin=852.257	2x2	_	_	0-5(56)
346-1	PKP024	346	1	po][verina]	poverina	_	_	_	_	_	linguistic	_	ContainsVariation=No	_	End=853.753	_	_	_	0-2(56),2-8(57)
347-0	PKP092	347	0	[mhmh]	mhmh	_	_	_	_	_	linguistic	_	ContainsVariation=No	_	Begin=853.263|End=853.742	_	_	_	0-4(57)
348-0	PKP092	348	0	°bisognava	bisognava	_	_	_	_	_	linguistic	_	ContainsVariation=No	Volume=low	Begin=856.62	_	_	_	_
348-1	PKP092	348	1	prenderla	prenderla	_	_	_	_	_	linguistic	_	ContainsVariation=No	Volume=low	_	_	_	_	_
348-2	PKP092	348	2	in	in	_	_	_	_	_	linguistic	_	ContainsVariation=No	Volume=low	_	_	_	_	_
348-3	PKP092	348	3	co:llo	collo	_	_	_	_	_	linguistic	_	ContainsVariation=No	Volume=low	_	1x1	_	_	_
348-4	PKP092	348	4	per	per	_	_	_	_	_	linguistic	_	ContainsVariation=No	Volume=low	_	_	_	_	_
348-5	PKP092	348	5	fare	fare	_	_	_	_	_	linguistic	_	ContainsVariation=No	Volume=low	_	_	_	_	_
348-6	PKP092	348	6	le	le	_	_	_	_	_	linguistic	_	ContainsVariation=No	Volume=low	_	_	_	_	_
348-7	PKP092	348	7	sca:le,°	scale	_	_	_	_	_	linguistic	_	ContainsVariation=No	Intonation=WeaklyRising|Volume=low	End=859.441	2x1	_	_	_
349-0	PKP024	349	0	m:h	mh	_	_	_	_	_	linguistic	_	ContainsVariation=No	_	Begin=860.065	0x1	_	_	_
349-1	PKP024	349	1	(a)mo:re	amore	_	_	_	_	_	linguistic	_	ContainsVariation=No	_	End=861.046	2x1	_	0-1(0)	_
350-0	PKP024	350	0	i	i	_	_	_	_	_	linguistic	_	ContainsVariation=No	_	Begin=862.855	_	_	_	_
350-1	PKP024	350	1	gattini	gattini	_	_	_	_	_	linguistic	_	ContainsVariation=No	_	_	_	_	_	_
350-2	PKP024	350	2	invece?	invece	_	_	_	_	_	linguistic	_	ContainsVariation=No	Intonation=Rising	End=863.939	_	_	_	_
351-0	PKP092	351	0	°tutto	tutto	_	_	_	_	_	linguistic	_	ContainsVariation=No	Volume=low	Begin=864.147	_	_	_	_
351-1	PKP092	351	1	ok°	ok	_	_	_	_	_	linguistic	_	ContainsVariation=No	Volume=low	End=864.42	_	_	_	_
352-0	PKP024	352	0	qua	qua	_	_	_	_	_	linguistic	_	ContainsVariation=No	_	Begin=866.242	_	_	_	_
352-1	PKP024	352	1	mi	mi	_	_	_	_	_	linguistic	_	ContainsVariation=No	_	_	_	_	_	_
352-2	PKP024	352	2	sale	sale	_	_	_	_	_	linguistic	_	ContainsVariation=No	_	_	_	_	_	_
352-3	PKP024	352	3	la	la	_	_	_	_	_	linguistic	_	ContainsVariation=No	_	_	_	_	_	_
352-4	PKP024	352	4	colonia	colonia	_	_	_	_	_	linguistic	_	ContainsVariation=No	_	_	_	_	_	_
352-5	PKP024	352	5	eh	eh	_	_	_	_	_	linguistic	_	ContainsVariation=No	PauseAfter=Yes	_	_	_	_	_
352-6	PKP024	352	6	(.)	(.)	_	_	_	_	_	shortpause	_	ContainsVariation=No	_	_	_	_	_	_
352-7	PKP024	352	7	(ormai)	ormai	_	_	_	_	_	linguistic	_	ContainsVariation=No	_	_	_	_	0-5(0)	_
352-8	PKP024	352	8	[xx	xx	_	_	_	_	_	unknown	_	ContainsVariation=No	Syllables=2	_	_	_	_	0-2(159)
352-9	PKP024	352	9	praticamente]	praticamente	_	_	_	_	_	linguistic	_	ContainsVariation=No	_	End=868.65	_	_	_	0-12(159)
353-0	PKP092	353	0	((ride))	((ride))	_	_	_	_	_	nonverbalbehavior	_	ContainsVariation=No	_	Begin=867.366|End=868.168	_	_	_	_
354-0	PKP029	354	0	[xx]	xx	_	_	_	_	_	unknown	_	ContainsVariation=No	Syllables=2	Begin=867.657|End=868.643	_	_	_	0-2(159)
355-0	PKP092	355	0	x	x	_	_	_	_	_	unknown	_	ContainsVariation=No	Syllables=1	Begin=873.83	_	_	_	_
355-1	PKP092	355	1	il	il	_	_	_	_	_	linguistic	_	ContainsVariation=No	_	_	_	_	_	_
355-2	PKP092	355	2	gattino	gattino	_	_	_	_	_	linguistic	_	ContainsVariation=No	_	_	_	_	_	_
355-3	PKP092	355	3	ha	ha	_	_	_	_	_	linguistic	_	ContainsVariation=No	_	_	_	_	_	_
355-4	PKP092	355	4	smesso	smesso	_	_	_	_	_	linguistic	_	ContainsVariation=No	_	_	_	_	_	_
355-5	PKP092	355	5	di	di	_	_	_	_	_	linguistic	_	ContainsVariation=No	_	_	_	_	_	_
355-6	PKP092	355	6	portarmi	portarmi	_	_	_	_	_	linguistic	_	ContainsVariation=No	_	_	_	_	_	_
355-7	PKP092	355	7	animali	animali	_	_	_	_	_	linguistic	_	ContainsVariation=No	_	_	_	_	_	_
355-8	PKP092	355	8	morti	morti	_	_	_	_	_	linguistic	_	ContainsVariation=No	_	_	_	_	_	_
355-9	PKP092	355	9	in	in	_	_	_	_	_	linguistic	_	ContainsVariation=No	_	_	_	_	_	_
355-10	PKP092	355	10	c[a:sa]	casa	_	_	_	_	_	linguistic	_	ContainsVariation=No	_	End=877.175	1x1	_	_	1-4(58)
356-0	PKP024	356	0	[meno	meno	_	_	_	_	_	linguistic	_	ContainsVariation=No	_	Begin=876.567	_	_	_	0-4(58)
356-1	PKP024	356	1	male]	male	_	_	_	_	_	linguistic	_	ContainsVariation=No	_	_	_	_	_	0-4(58)
356-2	PKP024	356	2	((ride))	((ride))	_	_	_	_	_	nonverbalbehavior	_	ContainsVariation=No	_	End=878.9	_	_	_	_
357-0	PKP092	357	0	(beh)	beh	_	_	_	_	_	linguistic	_	ContainsVariation=No	_	Begin=878.967	_	_	0-3(0)	_
357-1	PKP092	357	1	una	una	_	_	_	_	_	linguistic	_	ContainsVariation=No	_	_	_	_	_	_
357-2	PKP092	357	2	mattina	mattina	_	_	_	_	_	linguistic	_	ContainsVariation=No	_	_	_	_	_	_
357-3	PKP092	357	3	io	io	_	_	_	_	_	linguistic	_	ContainsVariation=No	_	_	_	_	_	_
357-4	PKP092	357	4	mi	mi	_	_	_	_	_	linguistic	_	ContainsVariation=No	_	_	_	_	_	_
357-5	PKP092	357	5	sono	sono	_	_	_	_	_	linguistic	_	ContainsVariation=No	_	_	_	_	_	_
357-6	PKP092	357	6	svegliata	svegliata	_	_	_	_	_	linguistic	_	ContainsVariation=No	_	End=880.965	_	_	_	_
358-0	PKP092	358	0	e::h	eh	_	_	_	_	_	linguistic	_	ContainsVariation=No	_	Begin=881.561	0x2	_	_	_
358-1	PKP092	358	1	che	che	_	_	_	_	_	linguistic	_	ContainsVariation=No	_	_	_	_	_	_
358-2	PKP092	358	2	dal	dal	_	_	_	_	_	linguistic	_	ContainsVariation=No	_	_	_	_	_	_
358-3	PKP092	358	3	mio	mio	_	_	_	_	_	linguistic	_	ContainsVariation=No	_	_	_	_	_	_
358-4	PKP092	358	4	babbo	babbo	_	_	_	_	_	linguistic	_	ContainsVariation=No	_	_	_	_	_	_
358-5	PKP092	358	5	abbiamo	abbiamo	_	_	_	_	_	linguistic	_	ContainsVariation=No	_	_	_	_	_	_
358-6	PKP092	358	6	due	due	_	_	_	_	_	linguistic	_	ContainsVariation=No	_	_	_	_	_	_
358-7	PKP092	358	7	gatti	gatti	_	_	_	_	_	linguistic	_	ContainsVariation=No	_	End=884.16	_	_	_	_
359-0	PKP092	359	0	di	di	_	_	_	_	_	linguistic	_	ContainsVariation=No	_	Begin=884.288	_	_	_	_
359-1	PKP092	359	1	cui	cui	_	_	_	_	_	linguistic	_	ContainsVariation=No	_	_	_	_	_	_
359-2	PKP092	359	2	quello	quello	_	_	_	_	_	linguistic	_	ContainsVariation=No	_	_	_	_	_	_
359-3	PKP092	359	3	più	più	_	_	_	_	_	linguistic	_	ContainsVariation=No	_	_	_	_	_	_
359-4	PKP092	359	4	piccolo	piccolo	_	_	_	_	_	linguistic	_	ContainsVariation=No	_	_	_	_	_	_
359-5	PKP092	359	5	porta	porta	_	_	_	_	_	linguistic	_	ContainsVariation=No	_	_	_	_	_	_
359-6	PKP092	359	6	animali	animali	_	_	_	_	_	linguistic	_	ContainsVariation=No	PauseAfter=Yes	_	_	_	_	_
359-7	PKP092	359	7	(.)	(.)	_	_	_	_	_	shortpause	_	ContainsVariation=No	_	_	_	_	_	_
359-8	PKP092	359	8	morti	morti	_	_	_	_	_	linguistic	_	ContainsVariation=No	_	_	_	_	_	_
359-9	PKP092	359	9	in	in	_	_	_	_	_	linguistic	_	ContainsVariation=No	_	_	_	_	_	_
359-10	PKP092	359	10	casa	casa	_	_	_	_	_	linguistic	_	ContainsVariation=No	_	End=887.016	_	_	_	_
360-0	PKP092	360	0	io	io	_	_	_	_	_	linguistic	_	ContainsVariation=No	_	Begin=887.337	_	_	_	_
360-1	PKP092	360	1	alla	alla	_	_	_	_	_	linguistic	_	ContainsVariation=No	_	_	_	_	_	_
360-2	PKP092	360	2	mattina	mattina	_	_	_	_	_	linguistic	_	ContainsVariation=No	_	_	_	_	_	_
360-3	PKP092	360	3	mi	mi	_	_	_	_	_	linguistic	_	ContainsVariation=No	_	_	_	_	_	_
360-4	PKP092	360	4	sono	sono	_	_	_	_	_	linguistic	_	ContainsVariation=No	_	_	_	_	_	_
360-5	PKP092	360	5	svegliata	svegliata	_	_	_	_	_	linguistic	_	ContainsVariation=No	_	_	_	_	_	_
360-6	PKP092	360	6	con,	con	_	_	_	_	_	linguistic	_	ContainsVariation=No	Intonation=WeaklyRising	_	_	_	_	_
360-7	PKP092	360	7	un	un	_	_	_	_	_	linguistic	_	ContainsVariation=No	_	_	_	_	_	_
360-8	PKP092	360	8	topo,	topo	_	_	_	_	_	linguistic	_	ContainsVariation=No	Intonation=WeaklyRising	_	_	_	_	_
360-9	PKP092	360	9	smembrato,	smembrato	_	_	_	_	_	linguistic	_	ContainsVariation=No	Intonation=WeaklyRising	_	_	_	_	_
360-10	PKP092	360	10	in	in	_	_	_	_	_	linguistic	_	ContainsVariation=No	_	_	_	_	_	_
360-11	PKP092	360	11	camera	camera	_	_	_	_	_	linguistic	_	ContainsVariation=No	_	_	_	_	_	_
360-12	PKP092	360	12	mia	mia	_	_	_	_	_	linguistic	_	ContainsVariation=No	_	End=891.74	_	_	_	_
361-0	PKP024	361	0	((ride))	((ride))	_	_	_	_	_	nonverbalbehavior	_	ContainsVariation=No	_	Begin=891.408|End=893.36	_	_	_	_
362-0	PKP029	362	0	<oddio	oddio	_	_	_	_	_	linguistic	_	ContainsVariation=No	_	Begin=891.885	_	Slow=0-5(0)	_	_
362-1	PKP029	362	1	mio>	mio	_	_	_	_	_	linguistic	_	ContainsVariation=No	_	End=892.662	_	Slow=0-3(0)	_	_
363-0	PKP092	363	0	e	e	_	_	_	_	_	linguistic	_	ContainsVariation=No	_	Begin=893.428	_	_	_	_
363-1	PKP092	363	1	tipo	tipo	_	_	_	_	_	linguistic	_	ContainsVariation=No	_	_	_	_	_	_
363-2	PKP092	363	2	e	e	_	_	_	_	_	linguistic	_	ContainsVariation=No	_	_	_	_	_	_
363-3	PKP092	363	3	ci	ci	_	_	_	_	_	linguistic	_	ContainsVariation=No	_	_	_	_	_	_
363-4	PKP092	363	4	sono	sono	_	_	_	_	_	linguistic	_	ContainsVariation=No	_	_	_	_	_	_
363-5	PKP092	363	5	c'	c'	_	_	_	_	_	linguistic	_	ContainsVariation=No	SpaceAfter=No	_	_	_	_	_
363-6	PKP092	363	6	ho	ho	_	_	_	_	_	linguistic	_	ContainsVariation=No	_	_	_	_	_	_
363-7	PKP092	363	7	messo	messo	_	_	_	_	_	linguistic	_	ContainsVariation=No	_	_	_	_	_	_
363-8	PKP092	363	8	un	un	_	_	_	_	_	linguistic	_	ContainsVariation=No	_	_	_	_	_	_
363-9	PKP092	363	9	po':	po'	_	_	_	_	_	linguistic	_	ContainsVariation=No	_	_	1x1	_	_	_
363-10	PKP092	363	10	a	a	_	_	_	_	_	linguistic	_	ContainsVariation=No	_	_	_	_	_	_
363-11	PKP092	363	11	riconoscerlo	riconoscerlo	_	_	_	_	_	linguistic	_	ContainsVariation=No	_	_	_	_	_	_
363-12	PKP092	363	12	perché	perché	_	_	_	_	_	linguistic	_	ContainsVariation=No	_	_	_	_	_	_
363-13	PKP092	363	13	io	io	_	_	_	_	_	linguistic	_	ContainsVariation=No	_	_	_	_	_	_
363-14	PKP092	363	14	>sono	sono	_	_	_	_	_	linguistic	_	ContainsVariation=No	_	_	_	Fast=0-4(0)	_	_
363-15	PKP092	363	15	stata	stata	_	_	_	_	_	linguistic	_	ContainsVariation=No	_	_	_	Fast=0-5(0)	_	_
363-16	PKP092	363	16	tipo	tipo	_	_	_	_	_	linguistic	_	ContainsVariation=No	_	_	_	Fast=0-4(0)	_	_
363-17	PKP092	363	17	dieci	dieci	_	_	_	_	_	linguistic	_	ContainsVariation=No	_	_	_	Fast=0-5(0)	_	_
363-18	PKP092	363	18	minuti<	minuti	_	_	_	_	_	linguistic	_	ContainsVariation=No	_	_	_	Fast=0-6(0)	_	_
363-19	PKP092	363	19	lì	lì	_	_	_	_	_	linguistic	_	ContainsVariation=No	_	_	_	_	_	_
363-20	PKP092	363	20	a	a	_	_	_	_	_	linguistic	_	ContainsVariation=No	_	_	_	_	_	_
363-21	PKP092	363	21	guardarlo	guardarlo	_	_	_	_	_	linguistic	_	ContainsVariation=No	_	_	_	_	_	_
363-22	PKP092	363	22	così:	così	_	_	_	_	_	linguistic	_	ContainsVariation=No	_	End=897.73	3x1	_	_	_
364-0	PKP029	364	0	((ride))	((ride))	_	_	_	_	_	nonverbalbehavior	_	ContainsVariation=No	_	Begin=897.571|End=898.0205000000001	_	_	_	_
365-0	PKP024	365	0	((ride))	((ride))	_	_	_	_	_	nonverbalbehavior	_	ContainsVariation=No	_	Begin=897.909|End=898.686	_	_	_	_
366-0	PKP092	366	0	che	che	_	_	_	_	_	linguistic	_	ContainsVariation=No	_	Begin=898.0205000000001	_	_	_	_
366-1	PKP092	366	1	poi	poi	_	_	_	_	_	linguistic	_	ContainsVariation=No	_	_	_	_	_	_
366-2	PKP092	366	2	era	era	_	_	_	_	_	linguistic	_	ContainsVariation=No	_	_	_	_	_	_
366-3	PKP092	366	3	il	il	_	_	_	_	_	linguistic	_	ContainsVariation=No	_	_	_	_	_	_
366-4	PKP092	366	4	periodo	periodo	_	_	_	_	_	linguistic	_	ContainsVariation=No	_	_	_	_	_	_
366-5	PKP092	366	5	in	in	_	_	_	_	_	linguistic	_	ContainsVariation=No	_	_	_	_	_	_
366-6	PKP092	366	6	cui	cui	_	_	_	_	_	linguistic	_	ContainsVariation=No	PauseAfter=Yes	_	_	_	_	_
366-7	PKP092	366	7	(.)	(.)	_	_	_	_	_	shortpause	_	ContainsVariation=No	_	_	_	_	_	_
366-8	PKP092	366	8	il	il	_	_	_	_	_	linguistic	_	ContainsVariation=No	_	_	_	_	_	_
366-9	PKP092	366	9	mio	mio	_	_	_	_	_	linguistic	_	ContainsVariation=No	_	_	_	_	_	_
366-10	PKP092	366	10	cane:	cane	_	_	_	_	_	linguistic	_	ContainsVariation=No	_	End=899.83	3x1	_	_	_
367-0	PKP092	367	0	stava	stava	_	_	_	_	_	linguistic	_	ContainsVariation=No	_	Begin=900.22	_	_	_	_
367-1	PKP092	367	1	ma:le	male	_	_	_	_	_	linguistic	_	ContainsVariation=No	_	_	1x1	_	_	_
367-2	PKP092	367	2	quindi	quindi	_	_	_	_	_	linguistic	_	ContainsVariation=No	_	_	_	_	_	_
367-3	PKP092	367	3	ho	ho	_	_	_	_	_	linguistic	_	ContainsVariation=No	_	_	_	_	_	_
367-4	PKP092	367	4	detto	detto	_	_	_	_	_	linguistic	_	ContainsVariation=No	_	_	_	_	_	_
367-5	PKP092	367	5	madonna	madonna	_	_	_	_	_	linguistic	_	ContainsVariation=No	_	_	_	_	_	_
367-6	PKP092	367	6	o	o	_	_	_	_	_	linguistic	_	ContainsVariation=No	_	_	_	_	_	_
367-7	PKP092	367	7	che	che	_	_	_	_	_	linguistic	_	ContainsVariation=No	_	_	_	_	_	_
367-8	PKP092	367	8	ha	ha	_	_	_	_	_	linguistic	_	ContainsVariation=No	_	_	_	_	_	_
367-9	PKP092	367	9	<ha	ha	_	_	_	_	_	linguistic	_	ContainsVariation=No	_	_	_	Slow=0-2(0)	_	_
367-10	PKP092	367	10	vomita:to,	vomitato	_	_	_	_	_	linguistic	_	ContainsVariation=No	Intonation=WeaklyRising	_	5x1	Slow=0-8(0)	_	_
367-11	PKP092	367	11	qualcosa	qualcosa	_	_	_	_	_	linguistic	_	ContainsVariation=No	_	_	_	Slow=0-8(0)	_	_
367-12	PKP092	367	12	di	di	_	_	_	_	_	linguistic	_	ContainsVariation=No	_	_	_	Slow=0-2(0)	_	_
367-13	PKP092	367	13	stra:no>	strano	_	_	_	_	_	linguistic	_	ContainsVariation=No	_	End=904.797	3x1	Slow=0-6(0)	_	_
368-0	PKP024	368	0	((ride))	((ride))	_	_	_	_	_	nonverbalbehavior	_	ContainsVariation=No	_	Begin=903.862|End=905.89	_	_	_	_
369-0	PKP029	369	0	((ride))	((ride))	_	_	_	_	_	nonverbalbehavior	_	ContainsVariation=No	_	Begin=904.168|End=904.942	_	_	_	_
370-0	PKP092	370	0	non	non	_	_	_	_	_	linguistic	_	ContainsVariation=No	_	Begin=905.003	_	_	_	_
370-1	PKP092	370	1	lo	lo	_	_	_	_	_	linguistic	_	ContainsVariation=No	_	_	_	_	_	_
370-2	PKP092	370	2	so,	so	_	_	_	_	_	linguistic	_	ContainsVariation=No	Intonation=WeaklyRising	_	_	_	_	_
370-3	PKP092	370	3	sono	sono	_	_	_	_	_	linguistic	_	ContainsVariation=No	_	_	_	_	_	_
370-4	PKP092	370	4	stata	stata	_	_	_	_	_	linguistic	_	ContainsVariation=No	_	_	_	_	_	_
370-5	PKP092	370	5	lì	lì	_	_	_	_	_	linguistic	_	ContainsVariation=No	_	_	_	_	_	_
370-6	PKP092	370	6	<a	a	_	_	_	_	_	linguistic	_	ContainsVariation=No	_	_	_	Slow=0-1(0)	_	_
370-7	PKP092	370	7	guarda:rlo	guardarlo	_	_	_	_	_	linguistic	_	ContainsVariation=No	_	_	5x1	Slow=0-9(0)	_	_
370-8	PKP092	370	8	col	col	_	_	_	_	_	linguistic	_	ContainsVariation=No	_	_	_	Slow=0-3(0)	_	_
370-9	PKP092	370	9	fla:sh>	flash	_	_	_	_	_	linguistic	_	ContainsVariation=No	_	End=907.932	2x1	Slow=0-5(0)	_	_
371-0	PKP029	371	0	((ride))	((ride))	_	_	_	_	_	nonverbalbehavior	_	ContainsVariation=No	_	Begin=907.932|End=910.17	_	_	_	_
372-0	PKP024	372	0	((ride))	((ride))	_	_	_	_	_	nonverbalbehavior	_	ContainsVariation=No	_	Begin=907.935|End=910.175	_	_	_	_
373-0	PKP092	373	0	°(ma	ma	_	_	_	_	_	linguistic	_	ContainsVariation=No	Volume=low	Begin=908.253	_	_	0-2(0)	_
373-1	PKP092	373	1	non	non	_	_	_	_	_	linguistic	_	ContainsVariation=No	Volume=low	_	_	_	0-3(0)	_
373-2	PKP092	373	2	lo	lo	_	_	_	_	_	linguistic	_	ContainsVariation=No	Volume=low	_	_	_	0-2(0)	_
373-3	PKP092	373	3	sembrava	sembrava	_	_	_	_	_	linguistic	_	ContainsVariation=No	Volume=low	_	_	_	0-8(0)	_
373-4	PKP092	373	4	proprio)°	proprio	_	_	_	_	_	linguistic	_	ContainsVariation=No	Volume=low	End=909.54	_	_	0-7(0)	_
374-0	PKP092	374	0	poi	poi	_	_	_	_	_	linguistic	_	ContainsVariation=No	_	Begin=909.581	_	_	_	_
374-1	PKP092	374	1	dopo:	dopo	_	_	_	_	_	linguistic	_	ContainsVariation=No	PauseAfter=Yes	_	3x1	_	_	_
374-2	PKP092	374	2	(.)	(.)	_	_	_	_	_	shortpause	_	ContainsVariation=No	_	_	_	_	_	_
374-3	PKP092	374	3	ho	ho	_	_	_	_	_	linguistic	_	ContainsVariation=No	_	_	_	_	_	_
374-4	PKP092	374	4	vis:to	visto	_	_	_	_	_	linguistic	_	ContainsVariation=No	_	_	2x1	_	_	_
374-5	PKP092	374	5	che	che	_	_	_	_	_	linguistic	_	ContainsVariation=No	_	_	_	_	_	_
374-6	PKP092	374	6	tipo	tipo	_	_	_	_	_	linguistic	_	ContainsVariation=No	_	End=911.14	_	_	_	_
375-0	PKP092	375	0	c'	c'	_	_	_	_	_	linguistic	_	ContainsVariation=No	SpaceAfter=No	Begin=911.595	_	_	_	_
375-1	PKP092	375	1	era	era	_	_	_	_	_	linguistic	_	ContainsVariation=No	_	_	_	_	_	_
375-2	PKP092	375	2	parte	parte	_	_	_	_	_	linguistic	_	ContainsVariation=No	_	_	_	_	_	_
375-3	PKP092	375	3	sa:ngue	sangue	_	_	_	_	_	linguistic	_	ContainsVariation=No	_	_	1x1	_	_	_
375-4	PKP092	375	4	e	e	_	_	_	_	_	linguistic	_	ContainsVariation=No	_	_	_	_	_	_
375-5	PKP092	375	5	da	da	_	_	_	_	_	linguistic	_	ContainsVariation=No	_	_	_	_	_	_
375-6	PKP092	375	6	lì	lì	_	_	_	_	_	linguistic	_	ContainsVariation=No	PauseAfter=Yes	_	_	_	_	_
375-7	PKP092	375	7	(.)	(.)	_	_	_	_	_	shortpause	_	ContainsVariation=No	_	_	_	_	_	_
375-8	PKP092	375	8	pensando	pensando	_	_	_	_	_	linguistic	_	ContainsVariation=No	_	_	_	_	_	_
375-9	PKP092	375	9	alla	alla	_	_	_	_	_	linguistic	_	ContainsVariation=No	_	_	_	_	_	_
375-10	PKP092	375	10	mo:lly	molly	_	_	_	_	_	linguistic	_	ContainsVariation=No	_	_	1x1	_	_	_
375-11	PKP092	375	11	m'	m'	_	_	_	_	_	linguistic	_	ContainsVariation=No	SpaceAfter=No	_	_	_	_	_
375-12	PKP092	375	12	ero	ero	_	_	_	_	_	linguistic	_	ContainsVariation=No	_	_	_	_	_	_
375-13	PKP092	375	13	mh	mh	_	_	_	_	_	linguistic	_	ContainsVariation=No	_	_	_	_	_	_
375-14	PKP092	375	14	okay	okay	_	_	_	_	_	linguistic	_	ContainsVariation=No	_	_	_	_	_	_
375-15	PKP092	375	15	x	x	_	_	_	_	_	unknown	_	ContainsVariation=No	Syllables=1	_	_	_	_	_
375-16	PKP092	375	16	impanicata	impanicata	_	_	_	_	_	linguistic	_	ContainsVariation=No	_	End=916.414	_	_	_	_
376-0	PKP092	376	0	poi	poi	_	_	_	_	_	linguistic	_	ContainsVariation=No	_	Begin=916.629	_	_	_	_
376-1	PKP092	376	1	io	io	_	_	_	_	_	linguistic	_	ContainsVariation=No	_	_	_	_	_	_
376-2	PKP092	376	2	però	però	_	_	_	_	_	linguistic	_	ContainsVariation=No	_	_	_	_	_	_
376-3	PKP092	376	3	ho	ho	_	_	_	_	_	linguistic	_	ContainsVariation=No	_	_	_	_	_	_
376-4	PKP092	376	4	visto	visto	_	_	_	_	_	linguistic	_	ContainsVariation=No	_	_	_	_	_	_
376-5	PKP092	376	5	questa	questa	_	_	_	_	_	linguistic	_	ContainsVariation=No	_	_	_	_	_	_
376-6	PKP092	376	6	testoli:na,	testolina	_	_	_	_	_	linguistic	_	ContainsVariation=No	Intonation=WeaklyRising	_	6x1	_	_	_
376-7	PKP092	376	7	con	con	_	_	_	_	_	linguistic	_	ContainsVariation=No	_	_	_	_	_	_
376-8	PKP092	376	8	un	un	_	_	_	_	_	linguistic	_	ContainsVariation=No	_	_	_	_	_	_
376-9	PKP092	376	9	nasi:no,	nasino	_	_	_	_	_	linguistic	_	ContainsVariation=No	Intonation=WeaklyRising	_	3x1	_	_	_
376-10	PKP092	376	10	ho	ho	_	_	_	_	_	linguistic	_	ContainsVariation=No	_	_	_	_	_	_
376-11	PKP092	376	11	detto	detto	_	_	_	_	_	linguistic	_	ContainsVariation=No	_	End=919.89	_	_	_	_
377-0	PKP024	377	0	n[o:::	no	_	_	_	_	_	linguistic	_	ContainsVariation=No	_	Begin=919.974	1x3	_	_	1-2(65)
377-1	PKP024	377	1	pove]ri::no	poverino	_	_	_	_	_	linguistic	_	ContainsVariation=No	_	End=922.15	5x2	_	_	0-4(65)
378-0	PKP029	378	0	[che	che	_	_	_	_	_	linguistic	_	ContainsVariation=No	_	Begin=920.237	_	_	_	0-3(65)
378-1	PKP029	378	1	schi::fo]	schifo	_	_	_	_	_	linguistic	_	ContainsVariation=No	_	End=921.13	3x2	_	_	0-6(65)
379-0	PKP092	379	0	l'	l'	_	_	_	_	_	linguistic	_	ContainsVariation=No	SpaceAfter=No	Begin=922.88	_	_	_	_
379-1	PKP092	379	1	altra	altra	_	_	_	_	_	linguistic	_	ContainsVariation=No	_	_	_	_	_	_
379-2	PKP092	379	2	mattina	mattina	_	_	_	_	_	linguistic	_	ContainsVariation=No	_	_	_	_	_	_
379-3	PKP092	379	3	invece	invece	_	_	_	_	_	linguistic	_	ContainsVariation=No	_	_	_	_	_	_
379-4	PKP092	379	4	m(i)	mi	_	_	_	_	_	linguistic	_	ContainsVariation=No	_	_	_	_	0-2(0)	_
379-5	PKP092	379	5	ha	ha	_	_	_	_	_	linguistic	_	ContainsVariation=No	_	_	_	_	_	_
379-6	PKP092	379	6	portato	portato	_	_	_	_	_	linguistic	_	ContainsVariation=No	_	_	_	_	_	_
379-7	PKP092	379	7	un	un	_	_	_	_	_	linguistic	_	ContainsVariation=No	_	_	_	_	_	_
379-8	PKP092	379	8	serpe:nte	serpente	_	_	_	_	_	linguistic	_	ContainsVariation=No	_	End=925.6	4x1	_	_	_
380-0	PKP024	380	0	((ride))	((ride))	_	_	_	_	_	nonverbalbehavior	_	ContainsVariation=No	_	Begin=925.42|End=926.186	_	_	_	_
381-0	PKP029	381	0	a::h	ah	_	_	_	_	_	linguistic	_	ContainsVariation=No	_	Begin=925.6|End=926.067	0x2	_	_	_
382-0	PKP092	382	0	che	che	_	_	_	_	_	linguistic	_	ContainsVariation=No	_	Begin=926.081	_	_	_	_
382-1	PKP092	382	1	io	io	_	_	_	_	_	linguistic	_	ContainsVariation=No	_	_	_	_	_	_
382-2	PKP092	382	2	meno	meno	_	_	_	_	_	linguistic	_	ContainsVariation=No	_	_	_	_	_	_
382-3	PKP092	382	3	male	male	_	_	_	_	_	linguistic	_	ContainsVariation=No	_	_	_	_	_	_
382-4	PKP092	382	4	ancora	ancora	_	_	_	_	_	linguistic	_	ContainsVariation=No	_	_	_	_	_	_
382-5	PKP092	382	5	dormivo	dormivo	_	_	_	_	_	linguistic	_	ContainsVariation=No	_	_	_	_	_	_
382-6	PKP092	382	6	me	me	_	_	_	_	_	linguistic	_	ContainsVariation=No	_	_	_	_	_	_
382-7	PKP092	382	7	l'	l'	_	_	_	_	_	linguistic	_	ContainsVariation=No	SpaceAfter=No	_	_	_	_	_
382-8	PKP092	382	8	ha	ha	_	_	_	_	_	linguistic	_	ContainsVariation=No	_	_	_	_	_	_
382-9	PKP092	382	9	cavato	cavato	_	_	_	_	_	linguistic	_	ContainsVariation=No	_	_	_	_	_	_
382-10	PKP092	382	10	il	il	_	_	_	_	_	linguistic	_	ContainsVariation=No	_	_	_	_	_	_
382-11	PKP092	382	11	m~	m~	_	_	_	_	_	linguistic	_	ContainsVariation=No	Interrupted=Yes	_	_	_	_	_
382-12	PKP092	382	12	mio	mio	_	_	_	_	_	linguistic	_	ContainsVariation=No	_	_	_	_	_	_
382-13	PKP092	382	13	babbo	babbo	_	_	_	_	_	linguistic	_	ContainsVariation=No	_	_	_	_	_	_
382-14	PKP092	382	14	perché	perché	_	_	_	_	_	linguistic	_	ContainsVariation=No	_	_	_	_	_	_
382-15	PKP092	382	15	se	se	_	_	_	_	_	linguistic	_	ContainsVariation=No	_	_	_	_	_	_
382-16	PKP092	382	16	no	no	_	_	_	_	_	linguistic	_	ContainsVariation=No	_	_	_	_	_	_
382-17	PKP092	382	17	mh	mh	_	_	_	_	_	linguistic	_	ContainsVariation=No	_	_	_	_	_	_
382-18	PKP092	382	18	io	io	_	_	_	_	_	linguistic	_	ContainsVariation=No	_	_	_	_	_	_
382-19	PKP092	382	19	m:orivo	morivo	_	_	_	_	_	linguistic	_	ContainsVariation=No	_	_	0x1	_	_	_
382-20	PKP092	382	20	lì	lì	_	_	_	_	_	linguistic	_	ContainsVariation=No	_	_	_	_	_	_
382-21	PKP092	382	21	sul	sul	_	_	_	_	_	linguistic	_	ContainsVariation=No	_	_	_	_	_	_
382-22	PKP092	382	22	po:sto	posto	_	_	_	_	_	linguistic	_	ContainsVariation=No	_	End=931.476	1x1	_	_	_
383-0	PKP024	383	0	((ride))	((ride))	_	_	_	_	_	nonverbalbehavior	_	ContainsVariation=No	_	Begin=930.033|End=932.139	_	_	_	_
384-0	PKP092	384	0	poi	poi	_	_	_	_	_	linguistic	_	ContainsVariation=No	_	Begin=932.181	_	_	_	_
384-1	PKP092	384	1	perché	perché	_	_	_	_	_	linguistic	_	ContainsVariation=No	_	_	_	_	_	_
384-2	PKP092	384	2	in	in	_	_	_	_	_	linguistic	_	ContainsVariation=No	_	_	_	_	_	_
384-3	PKP092	384	3	camera	camera	_	_	_	_	_	linguistic	_	ContainsVariation=No	_	_	_	_	_	_
384-4	PKP092	384	4	mia	mia	_	_	_	_	_	linguistic	_	ContainsVariation=No	_	_	_	_	_	_
384-5	PKP092	384	5	li	li	_	_	_	_	_	linguistic	_	ContainsVariation=No	_	_	_	_	_	_
384-6	PKP092	384	6	deve	deve	_	_	_	_	_	linguistic	_	ContainsVariation=No	_	_	_	_	_	_
384-7	PKP092	384	7	portare?	portare	_	_	_	_	_	linguistic	_	ContainsVariation=No	Intonation=Rising	_	_	_	_	_
384-8	PKP092	384	8	cosa	cosa	_	_	_	_	_	linguistic	_	ContainsVariation=No	_	_	_	_	_	_
384-9	PKP092	384	9	t(i)	ti	_	_	_	_	_	linguistic	_	ContainsVariation=No	_	_	_	_	1-2(0)	_
384-10	PKP092	384	10	ho	ho	_	_	_	_	_	linguistic	_	ContainsVariation=No	_	_	_	_	_	_
384-11	PKP092	384	11	fa:tto?	fatto	_	_	_	_	_	linguistic	_	ContainsVariation=No	Intonation=Rising	End=935.205	1x1	_	_	_
385-0	PKP029	385	0	((ride))	((ride))	_	_	_	_	_	nonverbalbehavior	_	ContainsVariation=No	_	Begin=933.668|End=934.856	_	_	_	_
386-0	PKP024	386	0	ma	ma	_	_	_	_	_	linguistic	_	ContainsVariation=No	_	Begin=935.287	_	_	_	_
386-1	PKP024	386	1	perché	perché	_	_	_	_	_	linguistic	_	ContainsVariation=No	_	_	_	_	_	_
386-2	PKP024	386	2	te	te	_	_	_	_	_	linguistic	_	ContainsVariation=No	_	_	_	_	_	_
386-3	PKP024	386	3	lasci	lasci	_	_	_	_	_	linguistic	_	ContainsVariation=No	_	_	_	_	_	_
386-4	PKP024	386	4	la	la	_	_	_	_	_	linguistic	_	ContainsVariation=No	_	_	_	_	_	_
386-5	PKP024	386	5	porta	porta	_	_	_	_	_	linguistic	_	ContainsVariation=No	_	_	_	_	_	_
386-6	PKP024	386	6	aperta?	aperta	_	_	_	_	_	linguistic	_	ContainsVariation=No	Intonation=Rising	End=936.92	_	_	_	_
387-0	PKP092	387	0	sì:	sì	_	_	_	_	_	linguistic	_	ContainsVariation=No	_	Begin=937.05|End=937.415	1x1	_	_	_
388-0	PKP092	388	0	cioè	cioè	_	_	_	_	_	linguistic	_	ContainsVariation=No	_	Begin=937.787	_	_	_	_
388-1	PKP092	388	1	perché	perché	_	_	_	_	_	linguistic	_	ContainsVariation=No	_	_	_	_	_	_
388-2	PKP092	388	2	quando	quando	_	_	_	_	_	linguistic	_	ContainsVariation=No	_	_	_	_	_	_
388-3	PKP092	388	3	vado	vado	_	_	_	_	_	linguistic	_	ContainsVariation=No	_	_	_	_	_	_
388-4	PKP092	388	4	dal	dal	_	_	_	_	_	linguistic	_	ContainsVariation=No	_	_	_	_	_	_
388-5	PKP092	388	5	mi	mi	_	_	_	_	_	linguistic	_	ContainsVariation=No	_	_	_	_	_	_
388-6	PKP092	388	6	babbo	babbo	_	_	_	_	_	linguistic	_	ContainsVariation=No	_	_	_	_	_	_
388-7	PKP092	388	7	porto	porto	_	_	_	_	_	linguistic	_	ContainsVariation=No	_	_	_	_	_	_
388-8	PKP092	388	8	anche	anche	_	_	_	_	_	linguistic	_	ContainsVariation=No	_	_	_	_	_	_
388-9	PKP092	388	9	la	la	_	_	_	_	_	linguistic	_	ContainsVariation=No	_	_	_	_	_	_
388-10	PKP092	388	10	mo:lly	molly	_	_	_	_	_	linguistic	_	ContainsVariation=No	_	End=940.44	1x1	_	_	_
389-0	PKP092	389	0	e	e	_	_	_	_	_	linguistic	_	ContainsVariation=No	_	Begin=941.087	_	_	_	_
389-1	PKP092	389	1	vien~	vien~	_	_	_	_	_	linguistic	_	ContainsVariation=No	Interrupted=Yes	_	_	_	_	_
389-2	PKP092	389	2	lei	lei	_	_	_	_	_	linguistic	_	ContainsVariation=No	_	_	_	_	_	_
389-3	PKP092	389	3	viene	viene	_	_	_	_	_	linguistic	_	ContainsVariation=No	_	_	_	_	_	_
389-4	PKP092	389	4	a	a	_	_	_	_	_	linguistic	_	ContainsVariation=No	_	_	_	_	_	_
389-5	PKP092	389	5	dormire	dormire	_	_	_	_	_	linguistic	_	ContainsVariation=No	_	_	_	_	_	_
389-6	PKP092	389	6	con	con	_	_	_	_	_	linguistic	_	ContainsVariation=No	_	_	_	_	_	_
389-7	PKP092	389	7	me	me	_	_	_	_	_	linguistic	_	ContainsVariation=No	_	End=942.899	_	_	_	_
390-0	PKP092	390	0	e	e	_	_	_	_	_	linguistic	_	ContainsVariation=No	_	Begin=944.11	_	_	_	_
390-1	PKP092	390	1	[così	così	_	_	_	_	_	linguistic	_	ContainsVariation=No	_	_	_	_	_	0-4(71)
390-2	PKP092	390	2	gli	gli	_	_	_	_	_	linguistic	_	ContainsVariation=No	_	_	_	_	_	0-3(71)
390-3	PKP092	390	3	le	le	_	_	_	_	_	linguistic	_	ContainsVariation=No	_	_	_	_	_	0-2(71)
390-4	PKP092	390	4	lascio	lascio	_	_	_	_	_	linguistic	_	ContainsVariation=No	_	_	_	_	_	0-6(71)
390-5	PKP092	390	5	(la	la	_	_	_	_	_	linguistic	_	ContainsVariation=No	_	_	_	_	0-2(0)	0-2(71)
390-6	PKP092	390	6	p~)]	p~	_	_	_	_	_	linguistic	_	ContainsVariation=No	Interrupted=Yes	End=945.32	_	_	0-2(0)	0-2(71)
391-0	PKP024	391	0	[ma	ma	_	_	_	_	_	linguistic	_	ContainsVariation=No	_	Begin=944.233	_	_	_	0-2(71)
391-1	PKP024	391	1	la	la	_	_	_	_	_	linguistic	_	ContainsVariation=No	_	_	_	_	_	0-2(71)
391-2	PKP024	391	2	molly	molly	_	_	_	_	_	linguistic	_	ContainsVariation=No	_	_	_	_	_	0-5(71)
391-3	PKP024	391	3	ci	ci	_	_	_	_	_	linguistic	_	ContainsVariation=No	_	_	_	_	_	0-2(71)
391-4	PKP024	391	4	va	va	_	_	_	_	_	linguistic	_	ContainsVariation=No	_	_	_	_	_	0-2(71)
391-5	PKP024	391	5	d'	d'	_	_	_	_	_	linguistic	_	ContainsVariation=No	SpaceAfter=No	_	_	_	_	0-2(71)
391-6	PKP024	391	6	acco]:rdo	accordo	_	_	_	_	_	linguistic	_	ContainsVariation=No	PauseAfter=Yes	_	3x1	_	_	0-4(71)
391-7	PKP024	391	7	(.)	(.)	_	_	_	_	_	shortpause	_	ContainsVariation=No	_	_	_	_	_	_
391-8	PKP024	391	8	co(i)	coi	_	_	_	_	_	linguistic	_	ContainsVariation=No	_	_	_	_	1-3(0)	_
391-9	PKP024	391	9	gatti?	gatti	_	_	_	_	_	linguistic	_	ContainsVariation=No	Intonation=Rising	End=946.1	_	_	_	_
392-0	PKP092	392	0	sì	sì	_	_	_	_	_	linguistic	_	ContainsVariation=No	_	Begin=946.127	_	_	_	_
392-1	PKP092	392	1	sì	sì	_	_	_	_	_	linguistic	_	ContainsVariation=No	_	End=946.7	_	_	_	_
393-0	PKP029	393	0	[(quando	quando	_	_	_	_	_	linguistic	_	ContainsVariation=No	_	Begin=947.07	_	_	0-6(0)	0-6(72)
393-1	PKP029	393	1	arriva:)]	arriva	_	_	_	_	_	linguistic	_	ContainsVariation=No	_	End=947.943	5x1	_	0-6(0)	0-6(72)
394-0	PKP092	394	0	[quando	quando	_	_	_	_	_	linguistic	_	ContainsVariation=No	_	Begin=947.07	_	_	_	0-6(72)
394-1	PKP092	394	1	arriva]	arriva	_	_	_	_	_	linguistic	_	ContainsVariation=No	_	_	_	_	_	0-6(72)
394-2	PKP092	394	2	gli	gli	_	_	_	_	_	linguistic	_	ContainsVariation=No	_	_	_	_	_	_
394-3	PKP092	394	3	annusa	annusa	_	_	_	_	_	linguistic	_	ContainsVariation=No	_	_	_	_	_	_
394-4	PKP092	394	4	il	il	_	_	_	_	_	linguistic	_	ContainsVariation=No	_	_	_	_	_	_
394-5	PKP092	394	5	cu:lo	culo	_	_	_	_	_	linguistic	_	ContainsVariation=No	_	_	1x1	_	_	_
394-6	PKP092	394	6	e	e	_	_	_	_	_	linguistic	_	ContainsVariation=No	_	_	_	_	_	_
394-7	PKP092	394	7	poi	poi	_	_	_	_	_	linguistic	_	ContainsVariation=No	_	_	_	_	_	_
394-8	PKP092	394	8	dopo	dopo	_	_	_	_	_	linguistic	_	ContainsVariation=No	_	End=949.288	_	_	_	_
395-0	PKP024	395	0	((ride))	((ride))	_	_	_	_	_	nonverbalbehavior	_	ContainsVariation=No	_	Begin=948.954|End=951.62	_	_	_	_
396-0	PKP029	396	0	((ride))	((ride))	_	_	_	_	_	nonverbalbehavior	_	ContainsVariation=No	_	Begin=949.001|End=949.879	_	_	_	_
397-0	PKP092	397	0	(ann'	ann'	_	_	_	_	_	linguistic	_	ContainsVariation=No	Truncated=Yes	Begin=950.115	_	_	0-4(0)	_
397-1	PKP092	397	1	via)	via	_	_	_	_	_	linguistic	_	ContainsVariation=No	_	End=950.997	_	_	0-3(0)	_
398-0	PKP024	398	0	deve	deve	_	_	_	_	_	linguistic	_	ContainsVariation=No	_	Begin=951.67	_	_	_	_
398-1	PKP024	398	1	marcare	marcare	_	_	_	_	_	linguistic	_	ContainsVariation=No	_	_	_	_	_	_
398-2	PKP024	398	2	(un	un	_	_	_	_	_	linguistic	_	ContainsVariation=No	_	_	_	_	0-2(0)	_
398-3	PKP024	398	3	attimo)	attimo	_	_	_	_	_	linguistic	_	ContainsVariation=No	_	_	_	_	0-6(0)	_
398-4	PKP024	398	4	il	il	_	_	_	_	_	linguistic	_	ContainsVariation=No	_	_	_	_	_	_
398-5	PKP024	398	5	territorio	territorio	_	_	_	_	_	linguistic	_	ContainsVariation=No	_	_	_	_	_	_
398-6	PKP024	398	6	(se	se	_	_	_	_	_	linguistic	_	ContainsVariation=No	_	_	_	_	0-2(1)	_
398-7	PKP024	398	7	[no)]	no	_	_	_	_	_	linguistic	_	ContainsVariation=No	_	End=954.487	_	_	0-2(1)	0-2(74)
399-0	PKP092	399	0	[è	è	_	_	_	_	_	linguistic	_	ContainsVariation=No	_	Begin=954.003	_	_	_	0-1(74)
399-1	PKP092	399	1	il	il	_	_	_	_	_	linguistic	_	ContainsVariation=No	_	_	_	_	_	0-2(74)
399-2	PKP092	399	2	salu]:to,	saluto	_	_	_	_	_	linguistic	_	ContainsVariation=No	Intonation=WeaklyRising	_	3x1	_	_	0-4(74)
399-3	PKP092	399	3	s'	s'	_	_	_	_	_	linguistic	_	ContainsVariation=No	SpaceAfter=No	_	_	_	_	_
399-4	PKP092	399	4	annu:sano	annusano	_	_	_	_	_	linguistic	_	ContainsVariation=No	_	End=955.5	3x1	_	_	_
400-0	PKP092	400	0	a	a	_	_	_	_	_	linguistic	_	ContainsVariation=No	_	Begin=956.223	_	_	_	_
400-1	PKP092	400	1	vice:nda	vicenda	_	_	_	_	_	linguistic	_	ContainsVariation=No	_	_	3x1	_	_	_
400-2	PKP092	400	2	anche	anche	_	_	_	_	_	linguistic	_	ContainsVariation=No	_	_	_	_	_	_
400-3	PKP092	400	3	i	i	_	_	_	_	_	linguistic	_	ContainsVariation=No	_	_	_	_	_	_
400-4	PKP092	400	4	gatti	gatti	_	_	_	_	_	linguistic	_	ContainsVariation=No	_	_	_	_	_	_
400-5	PKP092	400	5	eh	eh	_	_	_	_	_	linguistic	_	ContainsVariation=No	_	_	_	_	_	_
400-6	PKP092	400	6	annusano	annusano	_	_	_	_	_	linguistic	_	ContainsVariation=No	_	End=958.14	_	_	_	_
401-0	PKP024	401	0	sì:?	sì	_	_	_	_	_	linguistic	_	ContainsVariation=No	Intonation=Rising	Begin=958.153|End=958.622	1x1	_	_	_
402-0	PKP092	402	0	mh	mh	_	_	_	_	_	linguistic	_	ContainsVariation=No	_	Begin=958.642|End=958.904	_	_	_	_
403-0	PKP092	403	0	ma	ma	_	_	_	_	_	linguistic	_	ContainsVariation=No	_	Begin=959.957	_	_	_	_
403-1	PKP092	403	1	è	è	_	_	_	_	_	linguistic	_	ContainsVariation=No	_	_	_	_	_	_
403-2	PKP092	403	2	la	la	_	_	_	_	_	linguistic	_	ContainsVariation=No	_	_	_	_	_	_
403-3	PKP092	403	3	più	più	_	_	_	_	_	linguistic	_	ContainsVariation=No	_	_	_	_	_	_
403-4	PKP092	403	4	piccola	piccola	_	_	_	_	_	linguistic	_	ContainsVariation=No	_	_	_	_	_	_
403-5	PKP092	403	5	che	che	_	_	_	_	_	linguistic	_	ContainsVariation=No	_	_	_	_	_	_
403-6	PKP092	403	6	è	è	_	_	_	_	_	linguistic	_	ContainsVariation=No	_	_	_	_	_	_
403-7	PKP092	403	7	un	un	_	_	_	_	_	linguistic	_	ContainsVariation=No	_	_	_	_	_	_
403-8	PKP092	403	8	po'	po'	_	_	_	_	_	linguistic	_	ContainsVariation=No	_	_	_	_	_	_
403-9	PKP092	403	9	stronza	stronza	_	_	_	_	_	linguistic	_	ContainsVariation=No	_	End=961.77	_	_	_	_
404-0	PKP092	404	0	perché	perché	_	_	_	_	_	linguistic	_	ContainsVariation=No	_	Begin=962.085	_	_	_	_
404-1	PKP092	404	1	tipo	tipo	_	_	_	_	_	linguistic	_	ContainsVariation=No	_	_	_	_	_	_
404-2	PKP092	404	2	le	le	_	_	_	_	_	linguistic	_	ContainsVariation=No	_	_	_	_	_	_
404-3	PKP092	404	3	va	va	_	_	_	_	_	linguistic	_	ContainsVariation=No	_	_	_	_	_	_
404-4	PKP092	404	4	vici:no	vicino	_	_	_	_	_	linguistic	_	ContainsVariation=No	_	End=963.655	3x1	_	_	_
405-0	PKP092	405	0	quasi	quasi	_	_	_	_	_	linguistic	_	ContainsVariation=No	_	Begin=963.865	_	_	_	_
405-1	PKP092	405	1	cioè	cioè	_	_	_	_	_	linguistic	_	ContainsVariation=No	PauseAfter=Yes	_	_	_	_	_
405-2	PKP092	405	2	(.)	(.)	_	_	_	_	_	shortpause	_	ContainsVariation=No	_	_	_	_	_	_
405-3	PKP092	405	3	va	va	_	_	_	_	_	linguistic	_	ContainsVariation=No	_	_	_	_	_	_
405-4	PKP092	405	4	vicino	vicino	_	_	_	_	_	linguistic	_	ContainsVariation=No	_	_	_	_	_	_
405-5	PKP092	405	5	e	e	_	_	_	_	_	linguistic	_	ContainsVariation=No	_	_	_	_	_	_
405-6	PKP092	405	6	fa	fa	_	_	_	_	_	linguistic	_	ContainsVariation=No	_	_	_	_	_	_
405-7	PKP092	405	7	le	le	_	_	_	_	_	linguistic	_	ContainsVariation=No	_	_	_	_	_	_
405-8	PKP092	405	8	fu:sa,	fusa	_	_	_	_	_	linguistic	_	ContainsVariation=No	Intonation=WeaklyRising	_	1x1	_	_	_
405-9	PKP092	405	9	gli	gli	_	_	_	_	_	linguistic	_	ContainsVariation=No	_	_	_	_	_	_
405-10	PKP092	405	10	inizia	inizia	_	_	_	_	_	linguistic	_	ContainsVariation=No	_	_	_	_	_	_
405-11	PKP092	405	11	a	a	_	_	_	_	_	linguistic	_	ContainsVariation=No	_	_	_	_	_	_
405-12	PKP092	405	12	fare	fare	_	_	_	_	_	linguistic	_	ContainsVariation=No	_	_	_	_	_	_
405-13	PKP092	405	13	come	come	_	_	_	_	_	linguistic	_	ContainsVariation=No	_	_	_	_	_	_
405-14	PKP092	405	14	quando	quando	_	_	_	_	_	linguistic	_	ContainsVariation=No	_	_	_	_	_	_
405-15	PKP092	405	15	visto	visto	_	_	_	_	_	linguistic	_	ContainsVariation=No	_	_	_	_	_	_
405-16	PKP092	405	16	come	come	_	_	_	_	_	linguistic	_	ContainsVariation=No	_	_	_	_	_	_
405-17	PKP092	405	17	i	i	_	_	_	_	_	linguistic	_	ContainsVariation=No	_	_	_	_	_	_
405-18	PKP092	405	18	gatti:	gatti	_	_	_	_	_	linguistic	_	ContainsVariation=No	_	_	4x1	_	_	_
405-19	PKP092	405	19	quando	quando	_	_	_	_	_	linguistic	_	ContainsVariation=No	_	_	_	_	_	_
405-20	PKP092	405	20	ti	ti	_	_	_	_	_	linguistic	_	ContainsVariation=No	_	_	_	_	_	_
405-21	PKP092	405	21	strusciano	strusciano	_	_	_	_	_	linguistic	_	ContainsVariation=No	_	_	_	_	_	_
405-22	PKP092	405	22	nelle	nelle	_	_	_	_	_	linguistic	_	ContainsVariation=No	_	_	_	_	_	_
405-23	PKP092	405	23	gambe?	gambe	_	_	_	_	_	linguistic	_	ContainsVariation=No	Intonation=Rising	End=969.35	_	_	_	_
406-0	PKP092	406	0	eh	eh	_	_	_	_	_	linguistic	_	ContainsVariation=No	_	Begin=969.35	_	_	_	_
406-1	PKP092	406	1	lo	lo	_	_	_	_	_	linguistic	_	ContainsVariation=No	_	_	_	_	_	_
406-2	PKP092	406	2	fa	fa	_	_	_	_	_	linguistic	_	ContainsVariation=No	_	_	_	_	_	_
406-3	PKP092	406	3	alla	alla	_	_	_	_	_	linguistic	_	ContainsVariation=No	_	_	_	_	_	_
406-4	PKP092	406	4	molly,	molly	_	_	_	_	_	linguistic	_	ContainsVariation=No	Intonation=WeaklyRising	_	_	_	_	_
406-5	PKP092	406	5	poi	poi	_	_	_	_	_	linguistic	_	ContainsVariation=No	_	_	_	_	_	_
406-6	PKP092	406	6	però	però	_	_	_	_	_	linguistic	_	ContainsVariation=No	_	_	_	_	_	_
406-7	PKP092	406	7	gli	gli	_	_	_	_	_	linguistic	_	ContainsVariation=No	_	_	_	_	_	_
406-8	PKP092	406	8	(priglia)	priglia	_	_	_	_	_	linguistic	_	ContainsVariation=No	_	_	_	_	0-7(0)	_
406-9	PKP092	406	9	lo	lo	_	_	_	_	_	linguistic	_	ContainsVariation=No	_	_	_	_	_	_
406-10	PKP092	406	10	schizzo	schizzo	_	_	_	_	_	linguistic	_	ContainsVariation=No	_	_	_	_	_	_
406-11	PKP092	406	11	e	e	_	_	_	_	_	linguistic	_	ContainsVariation=No	_	_	_	_	_	_
406-12	PKP092	406	12	gli	gli	_	_	_	_	_	linguistic	_	ContainsVariation=No	_	_	_	_	_	_
406-13	PKP092	406	13	(di	di	_	_	_	_	_	linguistic	_	ContainsVariation=No	_	_	_	_	0-2(1)	_
406-14	PKP092	406	14	di	di	_	_	_	_	_	linguistic	_	ContainsVariation=No	_	_	_	_	0-2(1)	_
406-15	PKP092	406	15	di)	di	_	_	_	_	_	linguistic	_	ContainsVariation=No	_	_	_	_	0-2(1)	_
406-16	PKP092	406	16	zam[pe	zampe	_	_	_	_	_	linguistic	_	ContainsVariation=No	_	_	_	_	_	3-5(75)
406-17	PKP092	406	17	sì]	sì	_	_	_	_	_	linguistic	_	ContainsVariation=No	_	End=973.27	_	_	_	0-2(75)
407-0	PKP024	407	0	[no:]::	no	_	_	_	_	_	linguistic	_	ContainsVariation=No	_	Begin=972.99|End=973.865	1x3	_	_	0-2(75)
408-0	PKP024	408	0	ma	ma	_	_	_	_	_	linguistic	_	ContainsVariation=No	_	Begin=976.242	_	_	_	_
408-1	PKP024	408	1	la	la	_	_	_	_	_	linguistic	_	ContainsVariation=No	_	_	_	_	_	_
408-2	PKP024	408	2	molly	molly	_	_	_	_	_	linguistic	_	ContainsVariation=No	_	_	_	_	_	_
408-3	PKP024	408	3	è	è	_	_	_	_	_	linguistic	_	ContainsVariation=No	_	_	_	_	_	_
408-4	PKP024	408	4	tanto	tanto	_	_	_	_	_	linguistic	_	ContainsVariation=No	_	_	_	_	_	_
408-5	PKP024	408	5	bra:va	brava	_	_	_	_	_	linguistic	_	ContainsVariation=No	_	_	2x1	_	_	_
408-6	PKP024	408	6	non	non	_	_	_	_	_	linguistic	_	ContainsVariation=No	_	_	_	_	_	_
408-7	PKP024	408	7	se	se	_	_	_	_	_	linguistic	_	ContainsVariation=No	_	_	_	_	_	_
408-8	PKP024	408	8	lo	lo	_	_	_	_	_	linguistic	_	ContainsVariation=No	_	_	_	_	_	_
408-9	PKP024	408	9	me:rita	merita	_	_	_	_	_	linguistic	_	ContainsVariation=No	_	End=978.53	1x1	_	_	_
409-0	PKP029	409	0	mh	mh	_	_	_	_	_	linguistic	_	ContainsVariation=No	_	Begin=978.551|End=978.87	_	_	_	_
410-0	PKP092	410	0	ma	ma	_	_	_	_	_	linguistic	_	ContainsVariation=No	_	Begin=979.809	_	_	_	_
410-1	PKP092	410	1	infatti	infatti	_	_	_	_	_	linguistic	_	ContainsVariation=No	_	_	_	_	_	_
410-2	PKP092	410	2	la	la	_	_	_	_	_	linguistic	_	ContainsVariation=No	_	_	_	_	_	_
410-3	PKP092	410	3	molly	molly	_	_	_	_	_	linguistic	_	ContainsVariation=No	_	_	_	_	_	_
410-4	PKP092	410	4	è	è	_	_	_	_	_	linguistic	_	ContainsVariation=No	_	_	_	_	_	_
410-5	PKP092	410	5	terrorizzata	terrorizzata	_	_	_	_	_	linguistic	_	ContainsVariation=No	_	_	_	_	_	_
410-6	PKP092	410	6	da	da	_	_	_	_	_	linguistic	_	ContainsVariation=No	_	_	_	_	_	_
410-7	PKP092	410	7	quello	quello	_	_	_	_	_	linguistic	_	ContainsVariation=No	_	_	_	_	_	_
410-8	PKP092	410	8	piccolo	piccolo	_	_	_	_	_	linguistic	_	ContainsVariation=No	_	_	_	_	_	_
410-9	PKP092	410	9	ogni	ogni	_	_	_	_	_	linguistic	_	ContainsVariation=No	_	_	_	_	_	_
410-10	PKP092	410	10	volta	volta	_	_	_	_	_	linguistic	_	ContainsVariation=No	_	_	_	_	_	_
410-11	PKP092	410	11	che::	che	_	_	_	_	_	linguistic	_	ContainsVariation=No	_	_	2x2	_	_	_
410-12	PKP092	410	12	inizia	inizia	_	_	_	_	_	linguistic	_	ContainsVariation=No	_	_	_	_	_	_
410-13	PKP092	410	13	a	a	_	_	_	_	_	linguistic	_	ContainsVariation=No	_	_	_	_	_	_
410-14	PKP092	410	14	fare	fare	_	_	_	_	_	linguistic	_	ContainsVariation=No	_	_	_	_	_	_
410-15	PKP092	410	15	in	in	_	_	_	_	_	linguistic	_	ContainsVariation=No	_	_	_	_	_	_
410-16	PKP092	410	16	quel	quel	_	_	_	_	_	linguistic	_	ContainsVariation=No	_	_	_	_	_	_
410-17	PKP092	410	17	modo	modo	_	_	_	_	_	linguistic	_	ContainsVariation=No	_	_	_	_	_	_
410-18	PKP092	410	18	vedo	vedo	_	_	_	_	_	linguistic	_	ContainsVariation=No	_	_	_	_	_	_
410-19	PKP092	410	19	la	la	_	_	_	_	_	linguistic	_	ContainsVariation=No	_	_	_	_	_	_
410-20	PKP092	410	20	molly	molly	_	_	_	_	_	linguistic	_	ContainsVariation=No	_	_	_	_	_	_
410-21	PKP092	410	21	che	che	_	_	_	_	_	linguistic	_	ContainsVariation=No	_	_	_	_	_	_
410-22	PKP092	410	22	insomma	insomma	_	_	_	_	_	linguistic	_	ContainsVariation=No	_	_	_	_	_	_
410-23	PKP092	410	23	xx	xx	_	_	_	_	_	unknown	_	ContainsVariation=No	Syllables=2	_	_	_	_	_
410-24	PKP092	410	24	si	si	_	_	_	_	_	linguistic	_	ContainsVariation=No	_	_	_	_	_	_
410-25	PKP092	410	25	guarda	guarda	_	_	_	_	_	linguistic	_	ContainsVariation=No	_	_	_	_	_	_
410-26	PKP092	410	26	into:rno,	intorno	_	_	_	_	_	linguistic	_	ContainsVariation=No	Intonation=WeaklyRising	_	3x1	_	_	_
410-27	PKP092	410	27	cerca	cerca	_	_	_	_	_	linguistic	_	ContainsVariation=No	_	_	_	_	_	_
410-28	PKP092	410	28	di	di	_	_	_	_	_	linguistic	_	ContainsVariation=No	_	_	_	_	_	_
410-29	PKP092	410	29	scappa:re	scappare	_	_	_	_	_	linguistic	_	ContainsVariation=No	_	End=987.359	5x1	_	_	_
411-0	PKP024	411	0	((ride))	((ride))	_	_	_	_	_	nonverbalbehavior	_	ContainsVariation=No	_	Begin=981.639|End=982.611	_	_	_	_
412-0	PKP029	412	0	((ride))	((ride))	_	_	_	_	_	nonverbalbehavior	_	ContainsVariation=No	_	Begin=982.03|End=982.914	_	_	_	_
413-0	PKP024	413	0	((ride))	((ride))	_	_	_	_	_	nonverbalbehavior	_	ContainsVariation=No	_	Begin=985.687|End=988.363	_	_	_	_
414-0	PKP024	414	0	un	un	_	_	_	_	_	linguistic	_	ContainsVariation=No	_	Begin=988.77	_	_	_	_
414-1	PKP024	414	1	cane	cane	_	_	_	_	_	linguistic	_	ContainsVariation=No	_	_	_	_	_	_
414-2	PKP024	414	2	terrorizzato	terrorizzato	_	_	_	_	_	linguistic	_	ContainsVariation=No	_	_	_	_	_	_
414-3	PKP024	414	3	dal	dal	_	_	_	_	_	linguistic	_	ContainsVariation=No	_	_	_	_	_	_
414-4	PKP024	414	4	ga:tto	gatto	_	_	_	_	_	linguistic	_	ContainsVariation=No	_	_	1x1	_	_	_
414-5	PKP024	414	5	però	però	_	_	_	_	_	linguistic	_	ContainsVariation=No	_	_	_	_	_	_
414-6	PKP024	414	6	(è	è	_	_	_	_	_	linguistic	_	ContainsVariation=No	_	_	_	_	0-1(0)	_
414-7	PKP024	414	7	una	una	_	_	_	_	_	linguistic	_	ContainsVariation=No	_	_	_	_	0-3(0)	_
414-8	PKP024	414	8	cosa	cosa	_	_	_	_	_	linguistic	_	ContainsVariation=No	_	_	_	_	0-4(0)	_
414-9	PKP024	414	9	veramente::)	veramente	_	_	_	_	_	linguistic	_	ContainsVariation=No	_	End=992.17	8x2	_	0-9(0)	_
415-0	PKP092	415	0	((ride))	((ride))	_	_	_	_	_	nonverbalbehavior	_	ContainsVariation=No	_	Begin=990.705|End=991.879	_	_	_	_
416-0	PKP024	416	0	strana	strana	_	_	_	_	_	linguistic	_	ContainsVariation=No	_	Begin=992.787|End=993.255	_	_	_	_
417-0	PKP024	417	0	no	no	_	_	_	_	_	linguistic	_	ContainsVariation=No	_	Begin=997.326	_	_	_	_
417-1	PKP024	417	1	io	io	_	_	_	_	_	linguistic	_	ContainsVariation=No	_	_	_	_	_	_
417-2	PKP024	417	2	invece	invece	_	_	_	_	_	linguistic	_	ContainsVariation=No	_	_	_	_	_	_
417-3	PKP024	417	3	c'	c'	_	_	_	_	_	linguistic	_	ContainsVariation=No	SpaceAfter=No	_	_	_	_	_
417-4	PKP024	417	4	ho:	ho	_	_	_	_	_	linguistic	_	ContainsVariation=No	_	_	1x1	_	_	_
417-5	PKP024	417	5	nel	nel	_	_	_	_	_	linguistic	_	ContainsVariation=No	_	_	_	_	_	_
417-6	PKP024	417	6	mio	mio	_	_	_	_	_	linguistic	_	ContainsVariation=No	_	_	_	_	_	_
417-7	PKP024	417	7	giardino,	giardino	_	_	_	_	_	linguistic	_	ContainsVariation=No	Intonation=WeaklyRising	End=998.98	_	_	_	_
418-0	PKP024	418	0	un	un	_	_	_	_	_	linguistic	_	ContainsVariation=No	_	Begin=999.788	_	_	_	_
418-1	PKP024	418	1	ga:tto,	gatto	_	_	_	_	_	linguistic	_	ContainsVariation=No	Intonation=WeaklyRising	End=1000.43	1x1	_	_	_
419-0	PKP024	419	0	che	che	_	_	_	_	_	linguistic	_	ContainsVariation=No	_	Begin=1000.674	_	_	_	_
419-1	PKP024	419	1	non	non	_	_	_	_	_	linguistic	_	ContainsVariation=No	_	_	_	_	_	_
419-2	PKP024	419	2	è	è	_	_	_	_	_	linguistic	_	ContainsVariation=No	_	_	_	_	_	_
419-3	PKP024	419	3	mio,	mio	_	_	_	_	_	linguistic	_	ContainsVariation=No	Intonation=WeaklyRising	End=1001.55	_	_	_	_
420-0	PKP024	420	0	che	che	_	_	_	_	_	linguistic	_	ContainsVariation=No	_	Begin=1001.981	_	_	_	_
420-1	PKP024	420	1	per[ò	però	_	_	_	_	_	linguistic	_	ContainsVariation=No	_	_	_	_	_	3-4(78)
420-2	PKP024	420	2	va	va	_	_	_	_	_	linguistic	_	ContainsVariation=No	_	_	_	_	_	0-2(78)
420-3	PKP024	420	3	e	e	_	_	_	_	_	linguistic	_	ContainsVariation=No	_	_	_	_	_	0-1(78)
420-4	PKP024	420	4	vie]:ne:	viene	_	_	_	_	_	linguistic	_	ContainsVariation=No	_	_	2x1,4x1	_	_	0-3(78)
420-5	PKP024	420	5	fa	fa	_	_	_	_	_	linguistic	_	ContainsVariation=No	_	_	_	_	_	_
420-6	PKP024	420	6	avanti	avanti	_	_	_	_	_	linguistic	_	ContainsVariation=No	_	_	_	_	_	_
420-7	PKP024	420	7	e	e	_	_	_	_	_	linguistic	_	ContainsVariation=No	_	_	_	_	_	_
420-8	PKP024	420	8	indietro	indietro	_	_	_	_	_	linguistic	_	ContainsVariation=No	_	_	_	_	_	_
420-9	PKP024	420	9	nel	nel	_	_	_	_	_	linguistic	_	ContainsVariation=No	_	_	_	_	_	_
420-10	PKP024	420	10	nostro	nostro	_	_	_	_	_	linguistic	_	ContainsVariation=No	_	_	_	_	_	_
420-11	PKP024	420	11	giardino	giardino	_	_	_	_	_	linguistic	_	ContainsVariation=No	_	End=1005.2	_	_	_	_
421-0	PKP029	421	0	[e	e	_	_	_	_	_	linguistic	_	ContainsVariation=No	_	Begin=1002.21	_	_	_	0-1(78)
421-1	PKP029	421	1	di	di	_	_	_	_	_	linguistic	_	ContainsVariation=No	_	_	_	_	_	0-2(78)
421-2	PKP029	421	2	chi	chi	_	_	_	_	_	linguistic	_	ContainsVariation=No	_	_	_	_	_	0-3(78)
421-3	PKP029	421	3	è]?	è	_	_	_	_	_	linguistic	_	ContainsVariation=No	Intonation=Rising	End=1002.732	_	_	_	0-1(78)
422-0	PKP024	422	0	'na	'na	_	_	_	_	_	linguistic	_	ContainsVariation=No	Truncated=Yes	Begin=1005.725	_	_	_	_
422-1	PKP024	422	1	volta	volta	_	_	_	_	_	linguistic	_	ContainsVariation=No	_	_	_	_	_	_
422-2	PKP024	422	2	l'	l'	_	_	_	_	_	linguistic	_	ContainsVariation=No	SpaceAfter=No	_	_	_	_	_
422-3	PKP024	422	3	ha	ha	_	_	_	_	_	linguistic	_	ContainsVariation=No	_	_	_	_	_	_
422-4	PKP024	422	4	visto	visto	_	_	_	_	_	linguistic	_	ContainsVariation=No	_	_	_	_	_	_
422-5	PKP024	422	5	oscar	oscar	_	_	_	_	_	linguistic	_	ContainsVariation=No	_	End=1007.08	_	_	_	_
423-0	PKP092	423	0	[ah]	ah	_	_	_	_	_	linguistic	_	ContainsVariation=No	_	Begin=1007.111|End=1007.371	_	_	_	0-2(79)
424-0	PKP029	424	0	[ah]i	ahi	_	_	_	_	_	linguistic	_	ContainsVariation=No	_	Begin=1007.22	_	_	_	0-2(79)
424-1	PKP029	424	1	ahi	ahi	_	_	_	_	_	linguistic	_	ContainsVariation=No	_	_	_	_	_	_
424-2	PKP029	424	2	ahi	ahi	_	_	_	_	_	linguistic	_	ContainsVariation=No	_	End=1008.01	_	_	_	_
425-0	PKP024	425	0	no	no	_	_	_	_	_	linguistic	_	ContainsVariation=No	_	Begin=1008.734	_	_	_	_
425-1	PKP024	425	1	per	per	_	_	_	_	_	linguistic	_	ContainsVariation=No	_	_	_	_	_	_
425-2	PKP024	425	2	fortuna	fortuna	_	_	_	_	_	linguistic	_	ContainsVariation=No	_	_	_	_	_	_
425-3	PKP024	425	3	l'	l'	_	_	_	_	_	linguistic	_	ContainsVariation=No	SpaceAfter=No	_	_	_	_	_
425-4	PKP024	425	4	ho	ho	_	_	_	_	_	linguistic	_	ContainsVariation=No	_	_	_	_	_	_
425-5	PKP024	425	5	ripreso	ripreso	_	_	_	_	_	linguistic	_	ContainsVariation=No	_	_	_	_	_	_
425-6	PKP024	425	6	in	in	_	_	_	_	_	linguistic	_	ContainsVariation=No	_	_	_	_	_	_
425-7	PKP024	425	7	tempo	tempo	_	_	_	_	_	linguistic	_	ContainsVariation=No	_	_	_	_	_	_
425-8	PKP024	425	8	ma	ma	_	_	_	_	_	linguistic	_	ContainsVariation=No	_	_	_	_	_	_
425-9	PKP024	425	9	vi	vi	_	_	_	_	_	linguistic	_	ContainsVariation=No	_	_	_	_	_	_
425-10	PKP024	425	10	giuro	giuro	_	_	_	_	_	linguistic	_	ContainsVariation=No	_	_	_	_	_	_
425-11	PKP024	425	11	aveva	aveva	_	_	_	_	_	linguistic	_	ContainsVariation=No	_	_	_	_	_	_
425-12	PKP024	425	12	preso	preso	_	_	_	_	_	linguistic	_	ContainsVariation=No	_	_	_	_	_	_
425-13	PKP024	425	13	il	il	_	_	_	_	_	linguistic	_	ContainsVariation=No	_	_	_	_	_	_
425-14	PKP024	425	14	via::	via	_	_	_	_	_	linguistic	_	ContainsVariation=No	_	_	2x2	_	_	_
425-15	PKP024	425	15	aveva	aveva	_	_	_	_	_	linguistic	_	ContainsVariation=No	_	_	_	_	_	_
425-16	PKP024	425	16	iniziato	iniziato	_	_	_	_	_	linguistic	_	ContainsVariation=No	_	_	_	_	_	_
425-17	PKP024	425	17	a	a	_	_	_	_	_	linguistic	_	ContainsVariation=No	_	_	_	_	_	_
425-18	PKP024	425	18	co:rrere	correre	_	_	_	_	_	linguistic	_	ContainsVariation=No	_	End=1013.64	1x1	_	_	_
426-0	PKP024	426	0	io	io	_	_	_	_	_	linguistic	_	ContainsVariation=No	_	Begin=1013.64	_	_	_	_
426-1	PKP024	426	1	che	che	_	_	_	_	_	linguistic	_	ContainsVariation=No	_	_	_	_	_	_
426-2	PKP024	426	2	[mi	mi	_	_	_	_	_	linguistic	_	ContainsVariation=No	_	_	_	_	_	0-2(80)
426-3	PKP024	426	3	sono	sono	_	_	_	_	_	linguistic	_	ContainsVariation=No	_	_	_	_	_	0-4(80)
426-4	PKP024	426	4	pra]ticamente	praticamente	_	_	_	_	_	linguistic	_	ContainsVariation=No	_	_	_	_	_	0-3(80)
426-5	PKP024	426	5	buttata	buttata	_	_	_	_	_	linguistic	_	ContainsVariation=No	_	_	_	_	_	_
426-6	PKP024	426	6	addosso	addosso	_	_	_	_	_	linguistic	_	ContainsVariation=No	_	_	_	_	_	_
426-7	PKP024	426	7	a	a	_	_	_	_	_	linguistic	_	ContainsVariation=No	_	_	_	_	_	_
426-8	PKP024	426	8	oscar	oscar	_	_	_	_	_	linguistic	_	ContainsVariation=No	_	_	_	_	_	_
426-9	PKP024	426	9	per	per	_	_	_	_	_	linguistic	_	ContainsVariation=No	_	_	_	_	_	_
426-10	PKP024	426	10	ferma:rlo	fermarlo	_	_	_	_	_	linguistic	_	ContainsVariation=No	_	_	4x1	_	_	_
426-11	PKP024	426	11	almeno	almeno	_	_	_	_	_	linguistic	_	ContainsVariation=No	_	_	_	_	_	_
426-12	PKP024	426	12	il	il	_	_	_	_	_	linguistic	_	ContainsVariation=No	_	_	_	_	_	_
426-13	PKP024	426	13	gatto	gatto	_	_	_	_	_	linguistic	_	ContainsVariation=No	_	_	_	_	_	_
426-14	PKP024	426	14	poteva	poteva	_	_	_	_	_	linguistic	_	ContainsVariation=No	_	_	_	_	_	_
426-15	PKP024	426	15	an[da'	anda'	_	_	_	_	_	linguistic	_	ContainsVariation=No	Truncated=Yes	_	_	_	_	2-5(81)
426-16	PKP024	426	16	via],	via	_	_	_	_	_	linguistic	_	ContainsVariation=No	Intonation=WeaklyRising	End=1018.5	_	_	_	0-3(81)
427-0	PKP092	427	0	[(cioè	cioè	_	_	_	_	_	linguistic	_	ContainsVariation=No	_	Begin=1013.825	_	_	0-4(0)	0-4(80)
427-1	PKP092	427	1	i:o)]	io	_	_	_	_	_	linguistic	_	ContainsVariation=No	_	End=1014.288	0x1	_	0-2(0)	0-2(80)
428-0	PKP092	428	0	[ma	ma	_	_	_	_	_	linguistic	_	ContainsVariation=No	_	Begin=1018.091	_	_	_	0-2(81)
428-1	PKP092	428	1	(io)]	io	_	_	_	_	_	linguistic	_	ContainsVariation=No	_	_	_	_	0-2(0)	0-2(81)
428-2	PKP092	428	2	cos'	cos'	_	_	_	_	_	linguistic	_	ContainsVariation=No	SpaceAfter=No	_	_	_	_	_
428-3	PKP092	428	3	è	è	_	_	_	_	_	linguistic	_	ContainsVariation=No	_	_	_	_	_	_
428-4	PKP092	428	4	successo?	successo	_	_	_	_	_	linguistic	_	ContainsVariation=No	Intonation=Rising	_	_	_	_	_
428-5	PKP092	428	5	tipo	tipo	_	_	_	_	_	linguistic	_	ContainsVariation=No	PauseAfter=Yes	_	_	_	_	_
428-6	PKP092	428	6	(.)	(.)	_	_	_	_	_	shortpause	_	ContainsVariation=No	_	_	_	_	_	_
428-7	PKP092	428	7	gio~	gio~	_	_	_	_	_	linguistic	_	ContainsVariation=No	Interrupted=Yes	_	_	_	_	_
428-8	PKP092	428	8	la	la	_	_	_	_	_	linguistic	_	ContainsVariation=No	_	_	_	_	_	_
428-9	PKP092	428	9	scorsa	scorsa	_	_	_	_	_	linguistic	_	ContainsVariation=No	_	_	_	_	_	_
428-10	PKP092	428	10	settima:na,	settimana	_	_	_	_	_	linguistic	_	ContainsVariation=No	Intonation=WeaklyRising	End=1021.285	6x1	_	_	_
429-0	PKP092	429	0	che	che	_	_	_	_	_	linguistic	_	ContainsVariation=No	_	Begin=1021.423	_	_	_	_
429-1	PKP092	429	1	sono	sono	_	_	_	_	_	linguistic	_	ContainsVariation=No	_	_	_	_	_	_
429-2	PKP092	429	2	arrivata:	arrivata	_	_	_	_	_	linguistic	_	ContainsVariation=No	_	_	7x1	_	_	_
429-3	PKP092	429	3	e	e	_	_	_	_	_	linguistic	_	ContainsVariation=No	_	_	_	_	_	_
429-4	PKP092	429	4	il	il	_	_	_	_	_	linguistic	_	ContainsVariation=No	_	_	_	_	_	_
429-5	PKP092	429	5	mio	mio	_	_	_	_	_	linguistic	_	ContainsVariation=No	_	_	_	_	_	_
429-6	PKP092	429	6	babbo	babbo	_	_	_	_	_	linguistic	_	ContainsVariation=No	_	_	_	_	_	_
429-7	PKP092	429	7	m'	m'	_	_	_	_	_	linguistic	_	ContainsVariation=No	SpaceAfter=No	_	_	_	_	_
429-8	PKP092	429	8	ha	ha	_	_	_	_	_	linguistic	_	ContainsVariation=No	_	_	_	_	_	_
429-9	PKP092	429	9	portato:	portato	_	_	_	_	_	linguistic	_	ContainsVariation=No	PauseAfter=Yes	_	6x1	_	_	_
429-10	PKP092	429	10	(.)	(.)	_	_	_	_	_	shortpause	_	ContainsVariation=No	_	_	_	_	_	_
429-11	PKP092	429	11	lì:	lì	_	_	_	_	_	linguistic	_	ContainsVariation=No	_	_	1x1	_	_	_
429-12	PKP092	429	12	a	a	_	_	_	_	_	linguistic	_	ContainsVariation=No	_	_	_	_	_	_
429-13	PKP092	429	13	saione,	saione	_	_	_	_	_	linguistic	_	ContainsVariation=No	Intonation=WeaklyRising	End=1025.348	_	_	_	_
430-0	PKP092	430	0	e,	e	_	_	_	_	_	linguistic	_	ContainsVariation=No	Intonation=WeaklyRising	Begin=1025.864	_	_	_	_
430-1	PKP092	430	1	la	la	_	_	_	_	_	linguistic	_	ContainsVariation=No	_	_	_	_	_	_
430-2	PKP092	430	2	molly,	molly	_	_	_	_	_	linguistic	_	ContainsVariation=No	Intonation=WeaklyRising	_	_	_	_	_
430-3	PKP092	430	3	quando	quando	_	_	_	_	_	linguistic	_	ContainsVariation=No	_	_	_	_	_	_
430-4	PKP092	430	4	vede	vede	_	_	_	_	_	linguistic	_	ContainsVariation=No	_	_	_	_	_	_
430-5	PKP092	430	5	i	i	_	_	_	_	_	linguistic	_	ContainsVariation=No	_	_	_	_	_	_
430-6	PKP092	430	6	gatti	gatti	_	_	_	_	_	linguistic	_	ContainsVariation=No	_	_	_	_	_	_
430-7	PKP092	430	7	nuo:vi,	nuovi	_	_	_	_	_	linguistic	_	ContainsVariation=No	Intonation=WeaklyRising	End=1028.073	2x1	_	_	_
431-0	PKP092	431	0	vuole:	vuole	_	_	_	_	_	linguistic	_	ContainsVariation=No	PauseAfter=Yes	Begin=1028.193	4x1	_	_	_
431-1	PKP092	431	1	(.)	(.)	_	_	_	_	_	shortpause	_	ContainsVariation=No	_	_	_	_	_	_
431-2	PKP092	431	2	andarli	andarli	_	_	_	_	_	linguistic	_	ContainsVariation=No	_	_	_	_	_	_
431-3	PKP092	431	3	a	a	_	_	_	_	_	linguistic	_	ContainsVariation=No	_	_	_	_	_	_
431-4	PKP092	431	4	annusare	annusare	_	_	_	_	_	linguistic	_	ContainsVariation=No	_	End=1030.02	_	_	_	_
432-0	PKP092	432	0	ha	ha	_	_	_	_	_	linguistic	_	ContainsVariation=No	_	Begin=1030.194	_	_	_	_
432-1	PKP092	432	1	visto	visto	_	_	_	_	_	linguistic	_	ContainsVariation=No	_	_	_	_	_	_
432-2	PKP092	432	2	un	un	_	_	_	_	_	linguistic	_	ContainsVariation=No	_	_	_	_	_	_
432-3	PKP092	432	3	ga:tto,	gatto	_	_	_	_	_	linguistic	_	ContainsVariation=No	Intonation=WeaklyRising	_	1x1	_	_	_
432-4	PKP092	432	4	e	e	_	_	_	_	_	linguistic	_	ContainsVariation=No	_	_	_	_	_	_
432-5	PKP092	432	5	il	il	_	_	_	_	_	linguistic	_	ContainsVariation=No	_	_	_	_	_	_
432-6	PKP092	432	6	gatto	gatto	_	_	_	_	_	linguistic	_	ContainsVariation=No	_	_	_	_	_	_
432-7	PKP092	432	7	ovviamente	ovviamente	_	_	_	_	_	linguistic	_	ContainsVariation=No	_	_	_	_	_	_
432-8	PKP092	432	8	ha	ha	_	_	_	_	_	linguistic	_	ContainsVariation=No	_	_	_	_	_	_
432-9	PKP092	432	9	pau:ra,	paura	_	_	_	_	_	linguistic	_	ContainsVariation=No	Intonation=WeaklyRising	_	2x1	_	_	_
432-10	PKP092	432	10	s'	s'	_	_	_	_	_	linguistic	_	ContainsVariation=No	SpaceAfter=No	_	_	_	_	_
432-11	PKP092	432	11	è	è	_	_	_	_	_	linguistic	_	ContainsVariation=No	_	_	_	_	_	_
432-12	PKP092	432	12	messo	messo	_	_	_	_	_	linguistic	_	ContainsVariation=No	_	_	_	_	_	_
432-13	PKP092	432	13	a	a	_	_	_	_	_	linguistic	_	ContainsVariation=No	_	_	_	_	_	_
432-14	PKP092	432	14	scappare,	scappare	_	_	_	_	_	linguistic	_	ContainsVariation=No	Intonation=WeaklyRising	_	_	_	_	_
432-15	PKP092	432	15	e	e	_	_	_	_	_	linguistic	_	ContainsVariation=No	_	_	_	_	_	_
432-16	PKP092	432	16	la	la	_	_	_	_	_	linguistic	_	ContainsVariation=No	_	_	_	_	_	_
432-17	PKP092	432	17	molly	molly	_	_	_	_	_	linguistic	_	ContainsVariation=No	_	_	_	_	_	_
432-18	PKP092	432	18	gli	gli	_	_	_	_	_	linguistic	_	ContainsVariation=No	_	_	_	_	_	_
432-19	PKP092	432	19	ha	ha	_	_	_	_	_	linguistic	_	ContainsVariation=No	_	_	_	_	_	_
432-20	PKP092	432	20	iniziato	iniziato	_	_	_	_	_	linguistic	_	ContainsVariation=No	_	_	_	_	_	_
432-21	PKP092	432	21	a	a	_	_	_	_	_	linguistic	_	ContainsVariation=No	_	_	_	_	_	_
432-22	PKP092	432	22	correre	correre	_	_	_	_	_	linguistic	_	ContainsVariation=No	_	_	_	_	_	_
432-23	PKP092	432	23	die:tro	dietro	_	_	_	_	_	linguistic	_	ContainsVariation=No	_	End=1035.662	2x1	_	_	_
433-0	PKP092	433	0	e	e	_	_	_	_	_	linguistic	_	ContainsVariation=No	PauseAfter=Yes	Begin=1036.204	_	_	_	_
433-1	PKP092	433	1	(.)	(.)	_	_	_	_	_	shortpause	_	ContainsVariation=No	_	_	_	_	_	_
433-2	PKP092	433	2	tutto	tutto	_	_	_	_	_	linguistic	_	ContainsVariation=No	_	_	_	_	_	_
433-3	PKP092	433	3	che	che	_	_	_	_	_	linguistic	_	ContainsVariation=No	_	_	_	_	_	_
433-4	PKP092	433	4	io	io	_	_	_	_	_	linguistic	_	ContainsVariation=No	_	_	_	_	_	_
433-5	PKP092	433	5	non	non	_	_	_	_	_	linguistic	_	ContainsVariation=No	_	_	_	_	_	_
433-6	PKP092	433	6	sapevo	sapevo	_	_	_	_	_	linguistic	_	ContainsVariation=No	_	_	_	_	_	_
433-7	PKP092	433	7	dove	dove	_	_	_	_	_	linguistic	_	ContainsVariation=No	_	_	_	_	_	_
433-8	PKP092	433	8	fosse	fosse	_	_	_	_	_	linguistic	_	ContainsVariation=No	_	_	_	_	_	_
433-9	PKP092	433	9	finita,	finita	_	_	_	_	_	linguistic	_	ContainsVariation=No	Intonation=WeaklyRising	_	_	_	_	_
433-10	PKP092	433	10	(c'	c'	_	_	_	_	_	linguistic	_	ContainsVariation=No	SpaceAfter=No	_	_	_	0-2(0)	_
433-11	PKP092	433	11	era	era	_	_	_	_	_	linguistic	_	ContainsVariation=No	_	_	_	_	0-3(0)	_
433-12	PKP092	433	12	stava)	stava	_	_	_	_	_	linguistic	_	ContainsVariation=No	_	_	_	_	0-5(0)	_
433-13	PKP092	433	13	la	la	_	_	_	_	_	linguistic	_	ContainsVariation=No	_	_	_	_	_	_
433-14	PKP092	433	14	stra:da	strada	_	_	_	_	_	linguistic	_	ContainsVariation=No	_	_	3x1	_	_	_
433-15	PKP092	433	15	lì	lì	_	_	_	_	_	linguistic	_	ContainsVariation=No	_	_	_	_	_	_
433-16	PKP092	433	16	poteva	poteva	_	_	_	_	_	linguistic	_	ContainsVariation=No	_	_	_	_	_	_
433-17	PKP092	433	17	essere	essere	_	_	_	_	_	linguistic	_	ContainsVariation=No	_	_	_	_	_	_
433-18	PKP092	433	18	anche	anche	_	_	_	_	_	linguistic	_	ContainsVariation=No	_	_	_	_	_	_
433-19	PKP092	433	19	mo:rta,	morta	_	_	_	_	_	linguistic	_	ContainsVariation=No	Intonation=WeaklyRising	_	1x1	_	_	_
433-20	PKP092	433	20	poi	poi	_	_	_	_	_	linguistic	_	ContainsVariation=No	_	_	_	_	_	_
433-21	PKP092	433	21	dopo	dopo	_	_	_	_	_	linguistic	_	ContainsVariation=No	_	_	_	_	_	_
433-22	PKP092	433	22	sono	sono	_	_	_	_	_	linguistic	_	ContainsVariation=No	_	_	_	_	_	_
433-23	PKP092	433	23	andata	andata	_	_	_	_	_	linguistic	_	ContainsVariation=No	_	_	_	_	_	_
433-24	PKP092	433	24	die:tro,	dietro	_	_	_	_	_	linguistic	_	ContainsVariation=No	Intonation=WeaklyRising	_	2x1	_	_	_
433-25	PKP092	433	25	nel	nel	_	_	_	_	_	linguistic	_	ContainsVariation=No	_	_	_	_	_	_
433-26	PKP092	433	26	giardine:tto	giardinetto	_	_	_	_	_	linguistic	_	ContainsVariation=No	PauseAfter=Yes	_	7x1	_	_	_
433-27	PKP092	433	27	(.)	(.)	_	_	_	_	_	shortpause	_	ContainsVariation=No	_	_	_	_	_	_
433-28	PKP092	433	28	era	era	_	_	_	_	_	linguistic	_	ContainsVariation=No	_	_	_	_	_	_
433-29	PKP092	433	29	lì	lì	_	_	_	_	_	linguistic	_	ContainsVariation=No	_	End=1043.92	_	_	_	_
434-0	PKP024	434	0	((ride))	((ride))	_	_	_	_	_	nonverbalbehavior	_	ContainsVariation=No	_	Begin=1045.467	_	_	_	_
434-1	PKP024	434	1	(povere	povere	_	_	_	_	_	linguistic	_	ContainsVariation=No	_	End=1046.134	_	_	_	_
435-0	PKP092	435	0	poi	poi	_	_	_	_	_	linguistic	_	ContainsVariation=No	_	Begin=1046.545	_	_	_	_
435-1	PKP092	435	1	la	la	_	_	_	_	_	linguistic	_	ContainsVariation=No	_	_	_	_	_	_
435-2	PKP092	435	2	chiama:vo	chiamavo	_	_	_	_	_	linguistic	_	ContainsVariation=No	PauseAfter=Yes	_	5x1	_	_	_
435-3	PKP092	435	3	(.)	(.)	_	_	_	_	_	shortpause	_	ContainsVariation=No	_	_	_	_	_	_
435-4	PKP092	435	4	cia::o	ciao	_	_	_	_	_	linguistic	_	ContainsVariation=No	_	End=1048.069	2x2	_	_	_
436-0	PKP024	436	0	io	io	_	_	_	_	_	linguistic	_	ContainsVariation=No	_	Begin=1048.156	_	_	_	_
436-1	PKP024	436	1	invece	invece	_	_	_	_	_	linguistic	_	ContainsVariation=No	_	_	_	_	_	_
436-2	PKP024	436	2	ora	ora	_	_	_	_	_	linguistic	_	ContainsVariation=No	_	_	_	_	_	_
436-3	PKP024	436	3	c'	c'	_	_	_	_	_	linguistic	_	ContainsVariation=No	SpaceAfter=No	_	_	_	_	_
436-4	PKP024	436	4	ho	ho	_	_	_	_	_	linguistic	_	ContainsVariation=No	_	_	_	_	_	_
436-5	PKP024	436	5	un	un	_	_	_	_	_	linguistic	_	ContainsVariation=No	_	_	_	_	_	_
436-6	PKP024	436	6	ro:spo	rospo	_	_	_	_	_	linguistic	_	ContainsVariation=No	_	_	1x1	_	_	_
436-7	PKP024	436	7	in	in	_	_	_	_	_	linguistic	_	ContainsVariation=No	_	_	_	_	_	_
436-8	PKP024	436	8	giardino	giardino	_	_	_	_	_	linguistic	_	ContainsVariation=No	_	End=1050.065	_	_	_	_
437-0	PKP092	437	0	oddio	oddio	_	_	_	_	_	linguistic	_	ContainsVariation=No	_	Begin=1050.296|End=1050.761	_	_	_	_
438-0	PKP024	438	0	°sì	sì	_	_	_	_	_	linguistic	_	ContainsVariation=No	Volume=low	Begin=1050.793	_	_	_	_
438-1	PKP024	438	1	sì	sì	_	_	_	_	_	linguistic	_	ContainsVariation=No	Volume=low	_	_	_	_	_
438-2	PKP024	438	2	(io)	io	_	_	_	_	_	linguistic	_	ContainsVariation=No	Volume=low	_	_	_	0-2(0)	_
438-3	PKP024	438	3	c'	c'	_	_	_	_	_	linguistic	_	ContainsVariation=No	SpaceAfter=No|Volume=low	_	_	_	_	_
438-4	PKP024	438	4	ho	ho	_	_	_	_	_	linguistic	_	ContainsVariation=No	Volume=low	_	_	_	_	_
438-5	PKP024	438	5	un	un	_	_	_	_	_	linguistic	_	ContainsVariation=No	Volume=low	_	_	_	_	_
438-6	PKP024	438	6	rospo°	rospo	_	_	_	_	_	linguistic	_	ContainsVariation=No	Volume=low	End=1051.978	_	_	_	_
439-0	PKP024	439	0	l'	l'	_	_	_	_	_	linguistic	_	ContainsVariation=No	SpaceAfter=No	Begin=1052.34	_	_	_	_
439-1	PKP024	439	1	ho	ho	_	_	_	_	_	linguistic	_	ContainsVariation=No	_	_	_	_	_	_
439-2	PKP024	439	2	trova:[to	trovato	_	_	_	_	_	linguistic	_	ContainsVariation=No	_	_	4x1	_	_	5-7(82)
439-3	PKP024	439	3	una	una	_	_	_	_	_	linguistic	_	ContainsVariation=No	_	_	_	_	_	0-3(82)
439-4	PKP024	439	4	sera],	sera	_	_	_	_	_	linguistic	_	ContainsVariation=No	Intonation=WeaklyRising	End=1053.533	_	_	_	0-4(82)
440-0	PKP092	440	0	[e	e	_	_	_	_	_	linguistic	_	ContainsVariation=No	_	Begin=1052.811	_	_	_	0-1(82)
440-1	PKP092	440	1	dove	dove	_	_	_	_	_	linguistic	_	ContainsVariation=No	_	_	_	_	_	0-4(82)
440-2	PKP092	440	2	vi]:ve	vive	_	_	_	_	_	linguistic	_	ContainsVariation=No	_	_	1x1	_	_	0-2(82)
440-3	PKP092	440	3	scusa	scusa	_	_	_	_	_	linguistic	_	ContainsVariation=No	_	_	_	_	_	_
440-4	PKP092	440	4	eh?	eh	_	_	_	_	_	linguistic	_	ContainsVariation=No	Intonation=Rising	End=1054.42	_	_	_	_
441-0	PKP024	441	0	((ride))	((ride))	_	_	_	_	_	nonverbalbehavior	_	ContainsVariation=No	_	Begin=1054.3	_	_	_	_
441-1	PKP024	441	1	non	non	_	_	_	_	_	linguistic	_	ContainsVariation=No	_	_	_	_	_	_
441-2	PKP024	441	2	so	so	_	_	_	_	_	linguistic	_	ContainsVariation=No	_	_	_	_	_	_
441-3	PKP024	441	3	dove	dove	_	_	_	_	_	linguistic	_	ContainsVariation=No	_	_	_	_	_	_
441-4	PKP024	441	4	viva	viva	_	_	_	_	_	linguistic	_	ContainsVariation=No	_	_	_	_	_	_
441-5	PKP024	441	5	io	io	_	_	_	_	_	linguistic	_	ContainsVariation=No	_	_	_	_	_	_
441-6	PKP024	441	6	l'	l'	_	_	_	_	_	linguistic	_	ContainsVariation=No	SpaceAfter=No	_	_	_	_	_
441-7	PKP024	441	7	ho	ho	_	_	_	_	_	linguistic	_	ContainsVariation=No	_	_	_	_	_	_
441-8	PKP024	441	8	trovato	trovato	_	_	_	_	_	linguistic	_	ContainsVariation=No	_	_	_	_	_	_
441-9	PKP024	441	9	una	una	_	_	_	_	_	linguistic	_	ContainsVariation=No	_	_	_	_	_	_
441-10	PKP024	441	10	sera	sera	_	_	_	_	_	linguistic	_	ContainsVariation=No	_	_	_	_	_	_
441-11	PKP024	441	11	che:	che	_	_	_	_	_	linguistic	_	ContainsVariation=No	_	_	2x1	_	_	_
441-12	PKP024	441	12	si	si	_	_	_	_	_	linguistic	_	ContainsVariation=No	_	_	_	_	_	_
441-13	PKP024	441	13	faceva	faceva	_	_	_	_	_	linguistic	_	ContainsVariation=No	_	_	_	_	_	_
441-14	PKP024	441	14	il	il	_	_	_	_	_	linguistic	_	ContainsVariation=No	_	_	_	_	_	_
441-15	PKP024	441	15	bagno	bagno	_	_	_	_	_	linguistic	_	ContainsVariation=No	_	End=1058.959	_	_	_	_
442-0	PKP024	442	0	allegramente	allegramente	_	_	_	_	_	linguistic	_	ContainsVariation=No	PauseAfter=Yes	Begin=1059.33	_	_	_	_
442-1	PKP024	442	1	(.)	(.)	_	_	_	_	_	shortpause	_	ContainsVariation=No	_	_	_	_	_	_
442-2	PKP024	442	2	nella	nella	_	_	_	_	_	linguistic	_	ContainsVariation=No	_	_	_	_	_	_
442-3	PKP024	442	3	ciotola	ciotola	_	_	_	_	_	linguistic	_	ContainsVariation=No	_	_	_	_	_	_
442-4	PKP024	442	4	di	di	_	_	_	_	_	linguistic	_	ContainsVariation=No	_	_	_	_	_	_
442-5	PKP024	442	5	oscar	oscar	_	_	_	_	_	linguistic	_	ContainsVariation=No	_	_	_	_	_	_
442-6	PKP024	442	6	[(capito)]	capito	_	_	_	_	_	linguistic	_	ContainsVariation=No	PauseAfter=Yes	_	_	_	0-6(0)	0-6(165)
442-7	PKP024	442	7	(.)	(.)	_	_	_	_	_	shortpause	_	ContainsVariation=No	_	_	_	_	_	_
442-8	PKP024	442	8	cioè	cioè	_	_	_	_	_	linguistic	_	ContainsVariation=No	_	_	_	_	_	_
442-9	PKP024	442	9	praticamente	praticamente	_	_	_	_	_	linguistic	_	ContainsVariation=No	_	_	_	_	_	_
442-10	PKP024	442	10	faceva	faceva	_	_	_	_	_	linguistic	_	ContainsVariation=No	_	_	_	_	_	_
442-11	PKP024	442	11	la	la	_	_	_	_	_	linguistic	_	ContainsVariation=No	_	_	_	_	_	_
442-12	PKP024	442	12	[sua	sua	_	_	_	_	_	linguistic	_	ContainsVariation=No	_	_	_	_	_	0-3(166)
442-13	PKP024	442	13	piscinetta	piscinetta	_	_	_	_	_	linguistic	_	ContainsVariation=No	_	_	_	_	_	0-10(166)
442-14	PKP024	442	14	perso]na:le	personale	_	_	_	_	_	linguistic	_	ContainsVariation=No	_	End=1064.95	6x1	_	_	0-5(166)
443-0	PKP092	443	0	((ride))	((ride))	_	_	_	_	_	nonverbalbehavior	_	ContainsVariation=No	_	Begin=1060.75|End=1061.529	_	_	_	_
444-0	PKP029	444	0	[muo:io]	muoio	_	_	_	_	_	linguistic	_	ContainsVariation=No	_	Begin=1061.157|End=1061.99	2x1	_	_	0-5(165)
445-0	PKP029	445	0	[non	non	_	_	_	_	_	linguistic	_	ContainsVariation=No	_	Begin=1063.435	_	_	_	0-3(166)
445-1	PKP029	445	1	ci	ci	_	_	_	_	_	linguistic	_	ContainsVariation=No	_	_	_	_	_	0-2(166)
445-2	PKP029	445	2	cre:do]	credo	_	_	_	_	_	linguistic	_	ContainsVariation=No	_	End=1064.522	2x1	_	_	0-5(166)
446-0	PKP092	446	0	((ride))	((ride))	_	_	_	_	_	nonverbalbehavior	_	ContainsVariation=No	_	Begin=1064.422|End=1064.994	_	_	_	_
447-0	PKP024	447	0	era	era	_	_	_	_	_	linguistic	_	ContainsVariation=No	_	Begin=1065.175	_	_	_	_
447-1	PKP024	447	1	stupe:ndo	stupendo	_	_	_	_	_	linguistic	_	ContainsVariation=No	_	End=1066.31	4x1	_	_	_
448-0	PKP024	448	0	>(una	una	_	_	_	_	_	linguistic	_	ContainsVariation=No	_	Begin=1066.794	_	Fast=0-3(0)	0-3(0)	_
448-1	PKP024	448	1	cosa	cosa	_	_	_	_	_	linguistic	_	ContainsVariation=No	_	_	_	Fast=0-4(0)	0-4(0)	_
448-2	PKP024	448	2	così)<	così	_	_	_	_	_	linguistic	_	ContainsVariation=No	_	_	_	Fast=0-4(0)	0-4(0)	_
448-3	PKP024	448	3	anche	anche	_	_	_	_	_	linguistic	_	ContainsVariation=No	_	_	_	_	_	_
448-4	PKP024	448	4	lì:	lì	_	_	_	_	_	linguistic	_	ContainsVariation=No	_	_	1x1	_	_	_
448-5	PKP024	448	5	io	io	_	_	_	_	_	linguistic	_	ContainsVariation=No	_	_	_	_	_	_
448-6	PKP024	448	6	per	per	_	_	_	_	_	linguistic	_	ContainsVariation=No	_	_	_	_	_	_
448-7	PKP024	448	7	fortu:na	fortuna	_	_	_	_	_	linguistic	_	ContainsVariation=No	_	_	4x1	_	_	_
448-8	PKP024	448	8	l'	l'	_	_	_	_	_	linguistic	_	ContainsVariation=No	SpaceAfter=No	_	_	_	_	_
448-9	PKP024	448	9	ho	ho	_	_	_	_	_	linguistic	_	ContainsVariation=No	_	_	_	_	_	_
448-10	PKP024	448	10	temuto	temuto	_	_	_	_	_	linguistic	_	ContainsVariation=No	_	_	_	_	_	_
448-11	PKP024	448	11	oscar	oscar	_	_	_	_	_	linguistic	_	ContainsVariation=No	_	_	_	_	_	_
448-12	PKP024	448	12	perché	perché	_	_	_	_	_	linguistic	_	ContainsVariation=No	_	_	_	_	_	_
448-13	PKP024	448	13	se	se	_	_	_	_	_	linguistic	_	ContainsVariation=No	_	_	_	_	_	_
448-14	PKP024	448	14	lo	lo	_	_	_	_	_	linguistic	_	ContainsVariation=No	_	_	_	_	_	_
448-15	PKP024	448	15	vedeva	vedeva	_	_	_	_	_	linguistic	_	ContainsVariation=No	_	_	_	_	_	_
448-16	PKP024	448	16	era	era	_	_	_	_	_	linguistic	_	ContainsVariation=No	_	_	_	_	_	_
448-17	PKP024	448	17	la	la	_	_	_	_	_	linguistic	_	ContainsVariation=No	_	_	_	_	_	_
448-18	PKP024	448	18	fine	fine	_	_	_	_	_	linguistic	_	ContainsVariation=No	_	End=1071.262	_	_	_	_
449-0	PKP024	449	0	lo	lo	_	_	_	_	_	linguistic	_	ContainsVariation=No	_	Begin=1071.793	_	_	_	_
449-1	PKP024	449	1	mangia:va	mangiava	_	_	_	_	_	linguistic	_	ContainsVariation=No	_	_	5x1	_	_	_
449-2	PKP024	449	2	a	a	_	_	_	_	_	linguistic	_	ContainsVariation=No	_	_	_	_	_	_
449-3	PKP024	449	3	quest'	quest'	_	_	_	_	_	linguistic	_	ContainsVariation=No	SpaceAfter=No	_	_	_	_	_
449-4	PKP024	449	4	ora	ora	_	_	_	_	_	linguistic	_	ContainsVariation=No	_	_	_	_	_	_
449-5	PKP024	449	5	xxx	xxx	_	_	_	_	_	unknown	_	ContainsVariation=No	Syllables=3	_	_	_	_	_
449-6	PKP024	449	6	non	non	_	_	_	_	_	linguistic	_	ContainsVariation=No	_	_	_	_	_	_
449-7	PKP024	449	7	c'	c'	_	_	_	_	_	linguistic	_	ContainsVariation=No	SpaceAfter=No	_	_	_	_	_
449-8	PKP024	449	8	era	era	_	_	_	_	_	linguistic	_	ContainsVariation=No	_	_	_	_	_	_
449-9	PKP024	449	9	più	più	_	_	_	_	_	linguistic	_	ContainsVariation=No	_	_	_	_	_	_
449-10	PKP024	449	10	quel	quel	_	_	_	_	_	linguistic	_	ContainsVariation=No	_	_	_	_	_	_
449-11	PKP024	449	11	povero	povero	_	_	_	_	_	linguistic	_	ContainsVariation=No	_	_	_	_	_	_
449-12	PKP024	449	12	rospo	rospo	_	_	_	_	_	linguistic	_	ContainsVariation=No	_	End=1075.06	_	_	_	_
450-0	PKP092	450	0	una	una	_	_	_	_	_	linguistic	_	ContainsVariation=No	_	Begin=1076.68	_	_	_	_
450-1	PKP092	450	1	scena	scena	_	_	_	_	_	linguistic	_	ContainsVariation=No	_	_	_	_	_	_
450-2	PKP092	450	2	simile,	simile	_	_	_	_	_	linguistic	_	ContainsVariation=No	Intonation=WeaklyRising	_	_	_	_	_
450-3	PKP092	450	3	quand'	quand'	_	_	_	_	_	linguistic	_	ContainsVariation=No	SpaceAfter=No	_	_	_	_	_
450-4	PKP092	450	4	ero	ero	_	_	_	_	_	linguistic	_	ContainsVariation=No	_	_	_	_	_	_
450-5	PKP092	450	5	piccola,	piccola	_	_	_	_	_	linguistic	_	ContainsVariation=No	Intonation=WeaklyRising	End=1078.689	_	_	_	_
451-0	PKP092	451	0	con:	con	_	_	_	_	_	linguistic	_	ContainsVariation=No	PauseAfter=Yes	Begin=1078.869	2x1	_	_	_
451-1	PKP092	451	1	(.)	(.)	_	_	_	_	_	shortpause	_	ContainsVariation=No	_	_	_	_	_	_
451-2	PKP092	451	2	il:	il	_	_	_	_	_	linguistic	_	ContainsVariation=No	PauseAfter=Yes	_	1x1	_	_	_
451-3	PKP092	451	3	(.)	(.)	_	_	_	_	_	shortpause	_	ContainsVariation=No	_	_	_	_	_	_
451-4	PKP092	451	4	mio	mio	_	_	_	_	_	linguistic	_	ContainsVariation=No	_	_	_	_	_	_
451-5	PKP092	451	5	cugino	cugino	_	_	_	_	_	linguistic	_	ContainsVariation=No	_	End=1081.175	_	_	_	_
452-0	PKP092	452	0	era	era	_	_	_	_	_	linguistic	_	ContainsVariation=No	_	Begin=1081.327	_	_	_	_
452-1	PKP092	452	1	caduto	caduto	_	_	_	_	_	linguistic	_	ContainsVariation=No	_	_	_	_	_	_
452-2	PKP092	452	2	un	un	_	_	_	_	_	linguistic	_	ContainsVariation=No	_	_	_	_	_	_
452-3	PKP092	452	3	uccelli:no	uccellino	_	_	_	_	_	linguistic	_	ContainsVariation=No	_	_	6x1	_	_	_
452-4	PKP092	452	4	da:	da	_	_	_	_	_	linguistic	_	ContainsVariation=No	_	_	1x1	_	_	_
452-5	PKP092	452	5	il	il	_	_	_	_	_	linguistic	_	ContainsVariation=No	_	_	_	_	_	_
452-6	PKP092	452	6	nido	nido	_	_	_	_	_	linguistic	_	ContainsVariation=No	_	_	_	_	_	_
452-7	PKP092	452	7	me	me	_	_	_	_	_	linguistic	_	ContainsVariation=No	_	_	_	_	_	_
452-8	PKP092	452	8	sa:	sa	_	_	_	_	_	linguistic	_	ContainsVariation=No	_	End=1084.24	1x1	_	_	_
453-0	PKP092	453	0	il	il	_	_	_	_	_	linguistic	_	ContainsVariation=No	_	Begin=1084.758	_	_	_	_
453-1	PKP092	453	1	tempo	tempo	_	_	_	_	_	linguistic	_	ContainsVariation=No	_	_	_	_	_	_
453-2	PKP092	453	2	di	di	_	_	_	_	_	linguistic	_	ContainsVariation=No	_	_	_	_	_	_
453-3	PKP092	453	3	decidere	decidere	_	_	_	_	_	linguistic	_	ContainsVariation=No	_	_	_	_	_	_
453-4	PKP092	453	4	cosa	cosa	_	_	_	_	_	linguistic	_	ContainsVariation=No	_	_	_	_	_	_
453-5	PKP092	453	5	farne,	farne	_	_	_	_	_	linguistic	_	ContainsVariation=No	Intonation=WeaklyRising	End=1086.8	_	_	_	_
454-0	PKP092	454	0	tempo	tempo	_	_	_	_	_	linguistic	_	ContainsVariation=No	PauseAfter=Yes	Begin=1087.242	_	_	_	_
454-1	PKP092	454	1	(.)	(.)	_	_	_	_	_	shortpause	_	ContainsVariation=No	_	_	_	_	_	_
454-2	PKP092	454	2	due	due	_	_	_	_	_	linguistic	_	ContainsVariation=No	_	_	_	_	_	_
454-3	PKP092	454	3	secondi	secondi	_	_	_	_	_	linguistic	_	ContainsVariation=No	_	_	_	_	_	_
454-4	PKP092	454	4	passa	passa	_	_	_	_	_	linguistic	_	ContainsVariation=No	_	_	_	_	_	_
454-5	PKP092	454	5	il	il	_	_	_	_	_	linguistic	_	ContainsVariation=No	_	_	_	_	_	_
454-6	PKP092	454	6	suo	suo	_	_	_	_	_	linguistic	_	ContainsVariation=No	_	_	_	_	_	_
454-7	PKP092	454	7	gatto	gatto	_	_	_	_	_	linguistic	_	ContainsVariation=No	_	_	_	_	_	_
454-8	PKP092	454	8	lo	lo	_	_	_	_	_	linguistic	_	ContainsVariation=No	_	_	_	_	_	_
454-9	PKP092	454	9	prende	prende	_	_	_	_	_	linguistic	_	ContainsVariation=No	_	_	_	_	_	_
454-10	PKP092	454	10	e	e	_	_	_	_	_	linguistic	_	ContainsVariation=No	_	_	_	_	_	_
454-11	PKP092	454	11	se	se	_	_	_	_	_	linguistic	_	ContainsVariation=No	_	_	_	_	_	_
454-12	PKP092	454	12	lo	lo	_	_	_	_	_	linguistic	_	ContainsVariation=No	_	_	_	_	_	_
454-13	PKP092	454	13	mangia	mangia	_	_	_	_	_	linguistic	_	ContainsVariation=No	_	End=1090.41	_	_	_	_
455-0	PKP024	455	0	((ride))	((ride))	_	_	_	_	_	nonverbalbehavior	_	ContainsVariation=No	_	Begin=1090.413|End=1091.91	_	_	_	_
456-0	PKP029	456	0	bru::tto	brutto	_	_	_	_	_	linguistic	_	ContainsVariation=No	_	Begin=1090.976	2x2	_	_	_
456-1	PKP029	456	1	poveri::no	poverino	_	_	_	_	_	linguistic	_	ContainsVariation=No	_	End=1092.57	5x2	_	_	_
457-0	PKP024	457	0	e:h	eh	_	_	_	_	_	linguistic	_	ContainsVariation=No	_	Begin=1092.58	0x1	_	_	_
457-1	PKP024	457	1	[oscar	oscar	_	_	_	_	_	linguistic	_	ContainsVariation=No	_	_	_	_	_	0-5(85)
457-2	PKP024	457	2	se	se	_	_	_	_	_	linguistic	_	ContainsVariation=No	_	_	_	_	_	0-2(85)
457-3	PKP024	457	3	n'	n'	_	_	_	_	_	linguistic	_	ContainsVariation=No	SpaceAfter=No	_	_	_	_	0-2(85)
457-4	PKP024	457	4	è	è	_	_	_	_	_	linguistic	_	ContainsVariation=No	_	_	_	_	_	0-1(85)
457-5	PKP024	457	5	mangiato	mangiato	_	_	_	_	_	linguistic	_	ContainsVariation=No	_	_	_	_	_	0-8(85)
457-6	PKP024	457	6	tre:	tre	_	_	_	_	_	linguistic	_	ContainsVariation=No	_	_	2x1	_	_	0-3(85)
457-7	PKP024	457	7	quest'	quest'	_	_	_	_	_	linguistic	_	ContainsVariation=No	SpaceAfter=No	_	_	_	_	0-6(85)
457-8	PKP024	457	8	a:nno]	anno	_	_	_	_	_	linguistic	_	ContainsVariation=No	_	End=1094.75	0x1	_	_	0-3(85)
458-0	PKP092	458	0	[che	che	_	_	_	_	_	linguistic	_	ContainsVariation=No	_	Begin=1092.799	_	_	_	0-3(85)
458-1	PKP092	458	1	poi	poi	_	_	_	_	_	linguistic	_	ContainsVariation=No	_	_	_	_	_	0-3(85)
458-2	PKP092	458	2	era	era	_	_	_	_	_	linguistic	_	ContainsVariation=No	_	_	_	_	_	0-3(85)
458-3	PKP092	458	3	ancora	ancora	_	_	_	_	_	linguistic	_	ContainsVariation=No	_	_	_	_	_	0-6(85)
458-4	PKP092	458	4	nu:do,	nudo	_	_	_	_	_	linguistic	_	ContainsVariation=No	Intonation=WeaklyRising	_	1x1	_	_	0-4(85)
458-5	PKP092	458	5	senz]a	senza	_	_	_	_	_	linguistic	_	ContainsVariation=No	_	_	_	_	_	0-4(85)
458-6	PKP092	458	6	piu:me	piume	_	_	_	_	_	linguistic	_	ContainsVariation=No	_	_	2x1	_	_	_
458-7	PKP092	458	7	né	né	_	_	_	_	_	linguistic	_	ContainsVariation=No	_	_	_	_	_	_
458-8	PKP092	458	8	ni[e:nte]	niente	_	_	_	_	_	linguistic	_	ContainsVariation=No	_	End=1096.14	2x1	_	_	2-6(86)
459-0	PKP024	459	0	[amo:]:re	amore	_	_	_	_	_	linguistic	_	ContainsVariation=No	_	Begin=1095.554	2x2	_	_	0-3(86)
459-1	PKP024	459	1	ma	ma	_	_	_	_	_	linguistic	_	ContainsVariation=No	_	_	_	_	_	_
459-2	PKP024	459	2	era	era	_	_	_	_	_	linguistic	_	ContainsVariation=No	_	_	_	_	_	_
459-3	PKP024	459	3	piccoli::[ssimo]	piccolissimo	_	_	_	_	_	linguistic	_	ContainsVariation=No	_	End=1098.05	6x2	_	_	7-12(87)
460-0	PKP092	460	0	[sì:	sì	_	_	_	_	_	linguistic	_	ContainsVariation=No	_	Begin=1097.35	1x1	_	_	0-2(87)
460-1	PKP092	460	1	era	era	_	_	_	_	_	linguistic	_	ContainsVariation=No	_	_	_	_	_	0-3(87)
460-2	PKP092	460	2	min]u:[scolo,	minuscolo	_	_	_	_	_	linguistic	_	ContainsVariation=No	Intonation=WeaklyRising	_	3x1	_	_	0-3(87),4-9(88)
460-3	PKP092	460	3	era	era	_	_	_	_	_	linguistic	_	ContainsVariation=No	_	_	_	_	_	0-3(88)
460-4	PKP092	460	4	proprio	proprio	_	_	_	_	_	linguistic	_	ContainsVariation=No	_	_	_	_	_	0-7(88)
460-5	PKP092	460	5	ca]duto	caduto	_	_	_	_	_	linguistic	_	ContainsVariation=No	_	_	_	_	_	0-2(88)
460-6	PKP092	460	6	dal	dal	_	_	_	_	_	linguistic	_	ContainsVariation=No	_	_	_	_	_	_
460-7	PKP092	460	7	ni:do	nido	_	_	_	_	_	linguistic	_	ContainsVariation=No	_	End=1099.62	1x1	_	_	_
461-0	PKP024	461	0	[xx]	xx	_	_	_	_	_	unknown	_	ContainsVariation=No	Syllables=2	Begin=1098.187|End=1098.827	_	_	_	0-2(88)
462-0	PKP024	462	0	poveri::no	poverino	_	_	_	_	_	linguistic	_	ContainsVariation=No	_	Begin=1099.717|End=1100.594	5x2	_	_	_
463-0	PKP024	463	0	eh	eh	_	_	_	_	_	linguistic	_	ContainsVariation=No	_	Begin=1100.63	_	_	_	_
463-1	PKP024	463	1	anche	anche	_	_	_	_	_	linguistic	_	ContainsVariation=No	_	_	_	_	_	_
463-2	PKP024	463	2	o:scar	oscar	_	_	_	_	_	linguistic	_	ContainsVariation=No	_	_	0x1	_	_	_
463-3	PKP024	463	3	a	a	_	_	_	_	_	linguistic	_	ContainsVariation=No	_	_	_	_	_	_
463-4	PKP024	463	4	quest'	quest'	_	_	_	_	_	linguistic	_	ContainsVariation=No	SpaceAfter=No	_	_	_	_	_
463-5	PKP024	463	5	anno	anno	_	_	_	_	_	linguistic	_	ContainsVariation=No	_	_	_	_	_	_
463-6	PKP024	463	6	ne	ne	_	_	_	_	_	linguistic	_	ContainsVariation=No	_	_	_	_	_	_
463-7	PKP024	463	7	ha	ha	_	_	_	_	_	linguistic	_	ContainsVariation=No	_	_	_	_	_	_
463-8	PKP024	463	8	fatti	fatti	_	_	_	_	_	linguistic	_	ContainsVariation=No	_	_	_	_	_	_
463-9	PKP024	463	9	fuori	fuori	_	_	_	_	_	linguistic	_	ContainsVariation=No	_	_	_	_	_	_
463-10	PKP024	463	10	tre	tre	_	_	_	_	_	linguistic	_	ContainsVariation=No	_	End=1102.8	_	_	_	_
464-0	PKP024	464	0	di	di	_	_	_	_	_	linguistic	_	ContainsVariation=No	_	Begin=1103.482	_	_	_	_
464-1	PKP024	464	1	caduti	caduti	_	_	_	_	_	linguistic	_	ContainsVariation=No	_	_	_	_	_	_
464-2	PKP024	464	2	dal	dal	_	_	_	_	_	linguistic	_	ContainsVariation=No	_	_	_	_	_	_
464-3	PKP024	464	3	ni~	ni~	_	_	_	_	_	linguistic	_	ContainsVariation=No	Interrupted=Yes	_	_	_	_	_
464-4	PKP024	464	4	perché	perché	_	_	_	_	_	linguistic	_	ContainsVariation=No	_	_	_	_	_	_
464-5	PKP024	464	5	secondo	secondo	_	_	_	_	_	linguistic	_	ContainsVariation=No	_	_	_	_	_	_
464-6	PKP024	464	6	me	me	_	_	_	_	_	linguistic	_	ContainsVariation=No	_	_	_	_	_	_
464-7	PKP024	464	7	lui	lui	_	_	_	_	_	linguistic	_	ContainsVariation=No	_	_	_	_	_	_
464-8	PKP024	464	8	era	era	_	_	_	_	_	linguistic	_	ContainsVariation=No	_	_	_	_	_	_
464-9	PKP024	464	9	un	un	_	_	_	_	_	linguistic	_	ContainsVariation=No	_	_	_	_	_	_
464-10	PKP024	464	10	gatto	gatto	_	_	_	_	_	linguistic	_	ContainsVariation=No	_	End=1106.42	_	_	_	_
465-0	PKP024	465	0	cioè:	cioè	_	_	_	_	_	linguistic	_	ContainsVariation=No	_	Begin=1106.836	3x1	_	_	_
465-1	PKP024	465	1	reincarnato	reincarnato	_	_	_	_	_	linguistic	_	ContainsVariation=No	_	_	_	_	_	_
465-2	PKP024	465	2	era	era	_	_	_	_	_	linguistic	_	ContainsVariation=No	_	_	_	_	_	_
465-3	PKP024	465	3	un	un	_	_	_	_	_	linguistic	_	ContainsVariation=No	_	_	_	_	_	_
465-4	PKP024	465	4	gatto	gatto	_	_	_	_	_	linguistic	_	ContainsVariation=No	_	_	_	_	_	_
465-5	PKP024	465	5	perché	perché	_	_	_	_	_	linguistic	_	ContainsVariation=No	_	_	_	_	_	_
465-6	PKP024	465	6	non	non	_	_	_	_	_	linguistic	_	ContainsVariation=No	_	_	_	_	_	_
465-7	PKP024	465	7	è	è	_	_	_	_	_	linguistic	_	ContainsVariation=No	_	_	_	_	_	_
465-8	PKP024	465	8	non	non	_	_	_	_	_	linguistic	_	ContainsVariation=No	_	_	_	_	_	_
465-9	PKP024	465	9	n~	n~	_	_	_	_	_	linguistic	_	ContainsVariation=No	Interrupted=Yes	_	_	_	_	_
465-10	PKP024	465	10	i	i	_	_	_	_	_	linguistic	_	ContainsVariation=No	_	_	_	_	_	_
465-11	PKP024	465	11	cani	cani	_	_	_	_	_	linguistic	_	ContainsVariation=No	_	_	_	_	_	_
465-12	PKP024	465	12	non	non	_	_	_	_	_	linguistic	_	ContainsVariation=No	_	_	_	_	_	_
465-13	PKP024	465	13	danno	danno	_	_	_	_	_	linguistic	_	ContainsVariation=No	_	_	_	_	_	_
465-14	PKP024	465	14	la	la	_	_	_	_	_	linguistic	_	ContainsVariation=No	_	_	_	_	_	_
465-15	PKP024	465	15	caccia	caccia	_	_	_	_	_	linguistic	_	ContainsVariation=No	_	_	_	_	_	_
465-16	PKP024	465	16	agli	agli	_	_	_	_	_	linguistic	_	ContainsVariation=No	_	_	_	_	_	_
465-17	PKP024	465	17	anima:li	animali	_	_	_	_	_	linguistic	_	ContainsVariation=No	_	End=1111.384	4x1	_	_	_
466-0	PKP092	466	0	no:	no	_	_	_	_	_	linguistic	_	ContainsVariation=No	_	Begin=1111.505	1x1	_	_	_
466-1	PKP092	466	1	(certo)	certo	_	_	_	_	_	linguistic	_	ContainsVariation=No	_	End=1111.96	_	_	0-5(0)	_
467-0	PKP024	467	0	cioè	cioè	_	_	_	_	_	linguistic	_	ContainsVariation=No	_	Begin=1111.979	_	_	_	_
467-1	PKP024	467	1	cioè	cioè	_	_	_	_	_	linguistic	_	ContainsVariation=No	_	_	_	_	_	_
467-2	PKP024	467	2	la	la	_	_	_	_	_	linguistic	_	ContainsVariation=No	_	_	_	_	_	_
467-3	PKP024	467	3	la	la	_	_	_	_	_	linguistic	_	ContainsVariation=No	_	_	_	_	_	_
467-4	PKP024	467	4	mo:lly	molly	_	_	_	_	_	linguistic	_	ContainsVariation=No	_	_	1x1	_	_	_
467-5	PKP024	467	5	no,	no	_	_	_	_	_	linguistic	_	ContainsVariation=No	Intonation=WeaklyRising	_	_	_	_	_
467-6	PKP024	467	6	non	non	_	_	_	_	_	linguistic	_	ContainsVariation=No	_	_	_	_	_	_
467-7	PKP024	467	7	le	le	_	_	_	_	_	linguistic	_	ContainsVariation=No	_	_	_	_	_	_
467-8	PKP024	467	8	fa	fa	_	_	_	_	_	linguistic	_	ContainsVariation=No	_	_	_	_	_	_
467-9	PKP024	467	9	ste	ste	_	_	_	_	_	linguistic	_	ContainsVariation=No	_	_	_	_	_	_
467-10	PKP024	467	10	co:se,	cose	_	_	_	_	_	linguistic	_	ContainsVariation=No	Intonation=WeaklyRising	_	1x1	_	_	_
467-11	PKP024	467	11	le	le	_	_	_	_	_	linguistic	_	ContainsVariation=No	_	_	_	_	_	_
467-12	PKP024	467	12	fanno	fanno	_	_	_	_	_	linguistic	_	ContainsVariation=No	_	_	_	_	_	_
467-13	PKP024	467	13	i	i	_	_	_	_	_	linguistic	_	ContainsVariation=No	_	_	_	_	_	_
467-14	PKP024	467	14	gatti	gatti	_	_	_	_	_	linguistic	_	ContainsVariation=No	PauseAfter=Yes	_	_	_	_	_
467-15	PKP024	467	15	(.)	(.)	_	_	_	_	_	shortpause	_	ContainsVariation=No	_	_	_	_	_	_
467-16	PKP024	467	16	lui	lui	_	_	_	_	_	linguistic	_	ContainsVariation=No	_	_	_	_	_	_
467-17	PKP024	467	17	perché	perché	_	_	_	_	_	linguistic	_	ContainsVariation=No	_	_	_	_	_	_
467-18	PKP024	467	18	dai	dai	_	_	_	_	_	linguistic	_	ContainsVariation=No	_	_	_	_	_	_
467-19	PKP024	467	19	la	la	_	_	_	_	_	linguistic	_	ContainsVariation=No	_	_	_	_	_	_
467-20	PKP024	467	20	caccia	caccia	_	_	_	_	_	linguistic	_	ContainsVariation=No	_	_	_	_	_	_
467-21	PKP024	467	21	agli	agli	_	_	_	_	_	linguistic	_	ContainsVariation=No	_	_	_	_	_	_
467-22	PKP024	467	22	anima:li?	animali	_	_	_	_	_	linguistic	_	ContainsVariation=No	Intonation=Rising	End=1116.853	4x1	_	_	_
468-0	PKP091	468	0	ma	ma	_	_	_	_	_	linguistic	_	ContainsVariation=No	_	Begin=1117.397	_	_	_	_
468-1	PKP091	468	1	anche	anche	_	_	_	_	_	linguistic	_	ContainsVariation=No	_	_	_	_	_	_
468-2	PKP091	468	2	il	il	_	_	_	_	_	linguistic	_	ContainsVariation=No	_	_	_	_	_	_
468-3	PKP091	468	3	mio	mio	_	_	_	_	_	linguistic	_	ContainsVariation=No	_	_	_	_	_	_
468-4	PKP091	468	4	li	li	_	_	_	_	_	linguistic	_	ContainsVariation=No	_	_	_	_	_	_
468-5	PKP091	468	5	prende	prende	_	_	_	_	_	linguistic	_	ContainsVariation=No	_	_	_	_	_	_
468-6	PKP091	468	6	in	in	_	_	_	_	_	linguistic	_	ContainsVariation=No	_	_	_	_	_	_
468-7	PKP091	468	7	volo	volo	_	_	_	_	_	linguistic	_	ContainsVariation=No	_	_	_	_	_	_
468-8	PKP091	468	8	eh	eh	_	_	_	_	_	linguistic	_	ContainsVariation=No	_	_	_	_	_	_
468-9	PKP091	468	9	(di	di	_	_	_	_	_	linguistic	_	ContainsVariation=No	_	_	_	_	0-2(0)	_
468-10	PKP091	468	10	so[lito	solito	_	_	_	_	_	linguistic	_	ContainsVariation=No	_	_	_	_	0-6(0)	2-6(89)
468-11	PKP091	468	11	è	è	_	_	_	_	_	linguistic	_	ContainsVariation=No	_	_	_	_	0-1(0)	0-1(89)
468-12	PKP091	468	12	sorpren]dente)	sorprendente	_	_	_	_	_	linguistic	_	ContainsVariation=No	_	_	_	_	0-12(0)	0-7(89)
468-13	PKP091	468	13	cio[è:	cioè	_	_	_	_	_	linguistic	_	ContainsVariation=No	_	_	3x1	_	_	3-4(90)
468-14	PKP091	468	14	x]	x	_	_	_	_	_	unknown	_	ContainsVariation=No	Syllables=1	End=1120.987	_	_	_	0-1(90)
469-0	PKP024	469	0	[sì	sì	_	_	_	_	_	linguistic	_	ContainsVariation=No	_	Begin=1119.397	_	_	_	0-2(89)
469-1	PKP024	469	1	sì]	sì	_	_	_	_	_	linguistic	_	ContainsVariation=No	_	End=1120.078	_	_	_	0-2(89)
470-0	PKP024	470	0	[anche]	anche	_	_	_	_	_	linguistic	_	ContainsVariation=No	_	Begin=1120.566	_	_	_	0-5(90)
470-1	PKP024	470	1	il	il	_	_	_	_	_	linguistic	_	ContainsVariation=No	_	_	_	_	_	_
470-2	PKP024	470	2	mio:	mio	_	_	_	_	_	linguistic	_	ContainsVariation=No	_	End=1121.543	2x1	_	_	_
471-0	PKP024	471	0	poi	poi	_	_	_	_	_	linguistic	_	ContainsVariation=No	_	Begin=1121.569	_	_	_	_
471-1	PKP024	471	1	lui	lui	_	_	_	_	_	linguistic	_	ContainsVariation=No	_	_	_	_	_	_
471-2	PKP024	471	2	se	se	_	_	_	_	_	linguistic	_	ContainsVariation=No	_	_	_	_	_	_
471-3	PKP024	471	3	c'	c'	_	_	_	_	_	linguistic	_	ContainsVariation=No	SpaceAfter=No	_	_	_	_	_
471-4	PKP024	471	4	è	è	_	_	_	_	_	linguistic	_	ContainsVariation=No	_	_	_	_	_	_
471-5	PKP024	471	5	qualcosa	qualcosa	_	_	_	_	_	linguistic	_	ContainsVariation=No	_	_	_	_	_	_
471-6	PKP024	471	6	che	che	_	_	_	_	_	linguistic	_	ContainsVariation=No	_	_	_	_	_	_
471-7	PKP024	471	7	si	si	_	_	_	_	_	linguistic	_	ContainsVariation=No	_	_	_	_	_	_
471-8	PKP024	471	8	muove	muove	_	_	_	_	_	linguistic	_	ContainsVariation=No	_	End=1123.579	_	_	_	_
472-0	PKP092	472	0	[la	la	_	_	_	_	_	linguistic	_	ContainsVariation=No	_	Begin=1123.839	_	_	_	0-2(91)
472-1	PKP092	472	1	mo]lly	molly	_	_	_	_	_	linguistic	_	ContainsVariation=No	_	_	_	_	_	0-2(91)
472-2	PKP092	472	2	con	con	_	_	_	_	_	linguistic	_	ContainsVariation=No	_	_	_	_	_	_
472-3	PKP092	472	3	le	le	_	_	_	_	_	linguistic	_	ContainsVariation=No	_	_	_	_	_	_
472-4	PKP092	472	4	mosche	mosche	_	_	_	_	_	linguistic	_	ContainsVariation=No	_	End=1125.01	_	_	_	_
473-0	PKP091	473	0	[sì:]	sì	_	_	_	_	_	linguistic	_	ContainsVariation=No	_	Begin=1123.84|End=1124.12	1x1	_	_	0-2(91)
474-0	PKP092	474	0	(tipo	tipo	_	_	_	_	_	linguistic	_	ContainsVariation=No	_	Begin=1125.059	_	_	0-4(0)	_
474-1	PKP092	474	1	se	se	_	_	_	_	_	linguistic	_	ContainsVariation=No	_	_	_	_	0-2(0)	_
474-2	PKP092	474	2	ne	ne	_	_	_	_	_	linguistic	_	ContainsVariation=No	_	_	_	_	0-2(0)	_
474-3	PKP092	474	3	sente)	sente	_	_	_	_	_	linguistic	_	ContainsVariation=No	_	_	_	_	0-5(0)	_
474-4	PKP092	474	4	una	una	_	_	_	_	_	linguistic	_	ContainsVariation=No	_	_	_	_	_	_
474-5	PKP092	474	5	deve	deve	_	_	_	_	_	linguistic	_	ContainsVariation=No	_	_	_	_	_	_
474-6	PKP092	474	6	prenderla	prenderla	_	_	_	_	_	linguistic	_	ContainsVariation=No	_	_	_	_	_	_
474-7	PKP092	474	7	e	e	_	_	_	_	_	linguistic	_	ContainsVariation=No	_	_	_	_	_	_
474-8	PKP092	474	8	[ucci:derla]	ucciderla	_	_	_	_	_	linguistic	_	ContainsVariation=No	_	End=1127.8	3x1	_	_	0-9(92)
475-0	PKP091	475	0	[beh	beh	_	_	_	_	_	linguistic	_	ContainsVariation=No	_	Begin=1126.994	_	_	_	0-3(92)
475-1	PKP091	475	1	il	il	_	_	_	_	_	linguistic	_	ContainsVariation=No	_	_	_	_	_	0-2(92)
475-2	PKP091	475	2	mio	mio	_	_	_	_	_	linguistic	_	ContainsVariation=No	_	_	_	_	_	0-3(92)
475-3	PKP091	475	3	mangia	mangia	_	_	_	_	_	linguistic	_	ContainsVariation=No	_	_	_	_	_	0-6(92)
475-4	PKP091	475	4	i]	i	_	_	_	_	_	linguistic	_	ContainsVariation=No	_	_	_	_	_	0-1(92)
475-5	PKP091	475	5	cimici,	cimici	_	_	_	_	_	linguistic	_	ContainsVariation=No	Intonation=WeaklyRising	End=1128.376	_	_	_	_
476-0	PKP091	476	0	cioè	cioè	_	_	_	_	_	linguistic	_	ContainsVariation=No	_	Begin=1128.63	_	_	_	_
476-1	PKP091	476	1	[xx]	xx	_	_	_	_	_	unknown	_	ContainsVariation=No	Syllables=2	End=1129.198	_	_	_	0-2(93)
477-0	PKP024	477	0	[oddio]::	oddio	_	_	_	_	_	linguistic	_	ContainsVariation=No	_	Begin=1128.739|End=1129.408	4x2	_	_	0-5(93)
478-0	PKP091	478	0	cioè	cioè	_	_	_	_	_	linguistic	_	ContainsVariation=No	_	Begin=1130.179	_	_	_	_
478-1	PKP091	478	1	e	e	_	_	_	_	_	linguistic	_	ContainsVariation=No	_	_	_	_	_	_
478-2	PKP091	478	2	poi	poi	_	_	_	_	_	linguistic	_	ContainsVariation=No	_	_	_	_	_	_
478-3	PKP091	478	3	glieli	glieli	_	_	_	_	_	linguistic	_	ContainsVariation=No	_	_	_	_	_	_
478-4	PKP091	478	4	vedi:	vedi	_	_	_	_	_	linguistic	_	ContainsVariation=No	_	_	3x1	_	_	_
478-5	PKP091	478	5	i:~	i~	_	_	_	_	_	linguistic	_	ContainsVariation=No	Interrupted=Yes	_	0x1	_	_	_
478-6	PKP091	478	6	in	in	_	_	_	_	_	linguistic	_	ContainsVariation=No	_	_	_	_	_	_
478-7	PKP091	478	7	quello	quello	_	_	_	_	_	linguistic	_	ContainsVariation=No	_	_	_	_	_	_
478-8	PKP091	478	8	che	che	_	_	_	_	_	linguistic	_	ContainsVariation=No	_	_	_	_	_	_
478-9	PKP091	478	9	poi	poi	_	_	_	_	_	linguistic	_	ContainsVariation=No	_	_	_	_	_	_
478-10	PKP091	478	10	butta	butta	_	_	_	_	_	linguistic	_	ContainsVariation=No	_	_	_	_	_	_
478-11	PKP091	478	11	fuori	fuori	_	_	_	_	_	linguistic	_	ContainsVariation=No	_	_	_	_	_	_
478-12	PKP091	478	12	cioè:	cioè	_	_	_	_	_	linguistic	_	ContainsVariation=No	PauseAfter=Yes	_	3x1	_	_	_
478-13	PKP091	478	13	(.)	(.)	_	_	_	_	_	shortpause	_	ContainsVariation=No	_	_	_	_	_	_
478-14	PKP091	478	14	non	non	_	_	_	_	_	linguistic	_	ContainsVariation=No	_	_	_	_	_	_
478-15	PKP091	478	15	uno,	uno	_	_	_	_	_	linguistic	_	ContainsVariation=No	Intonation=WeaklyRising	_	_	_	_	_
478-16	PKP091	478	16	due	due	_	_	_	_	_	linguistic	_	ContainsVariation=No	PauseAfter=Yes	_	_	_	_	_
478-17	PKP091	478	17	(.)	(.)	_	_	_	_	_	shortpause	_	ContainsVariation=No	_	_	_	_	_	_
478-18	PKP091	478	18	vuol	vuol	_	_	_	_	_	linguistic	_	ContainsVariation=No	_	_	_	_	_	_
478-19	PKP091	478	19	dire	dire	_	_	_	_	_	linguistic	_	ContainsVariation=No	_	_	_	_	_	_
478-20	PKP091	478	20	che	che	_	_	_	_	_	linguistic	_	ContainsVariation=No	_	_	_	_	_	_
478-21	PKP091	478	21	ti	ti	_	_	_	_	_	linguistic	_	ContainsVariation=No	_	_	_	_	_	_
478-22	PKP091	478	22	era	era	_	_	_	_	_	linguistic	_	ContainsVariation=No	_	_	_	_	_	_
478-23	PKP091	478	23	piaciuto	piaciuto	_	_	_	_	_	linguistic	_	ContainsVariation=No	_	_	_	_	_	_
478-24	PKP091	478	24	allora,	allora	_	_	_	_	_	linguistic	_	ContainsVariation=No	Intonation=WeaklyRising	_	_	_	_	_
478-25	PKP091	478	25	ne	ne	_	_	_	_	_	linguistic	_	ContainsVariation=No	_	_	_	_	_	_
478-26	PKP091	478	26	hai	hai	_	_	_	_	_	linguistic	_	ContainsVariation=No	_	_	_	_	_	_
478-27	PKP091	478	27	preso	preso	_	_	_	_	_	linguistic	_	ContainsVariation=No	_	_	_	_	_	_
478-28	PKP091	478	28	un	un	_	_	_	_	_	linguistic	_	ContainsVariation=No	_	_	_	_	_	_
478-29	PKP091	478	29	altro,	altro	_	_	_	_	_	linguistic	_	ContainsVariation=No	Intonation=WeaklyRising	_	_	_	_	_
478-30	PKP091	478	30	io	io	_	_	_	_	_	linguistic	_	ContainsVariation=No	_	_	_	_	_	_
478-31	PKP091	478	31	non	non	_	_	_	_	_	linguistic	_	ContainsVariation=No	_	_	_	_	_	_
478-32	PKP091	478	32	lo	lo	_	_	_	_	_	linguistic	_	ContainsVariation=No	_	_	_	_	_	_
478-33	PKP091	478	33	so	so	_	_	_	_	_	linguistic	_	ContainsVariation=No	_	End=1137.82	_	_	_	_
479-0	PKP092	479	0	((ride))	((ride))	_	_	_	_	_	nonverbalbehavior	_	ContainsVariation=No	_	Begin=1133.214|End=1133.987	_	_	_	_
480-0	PKP092	480	0	((ride))	((ride))	_	_	_	_	_	nonverbalbehavior	_	ContainsVariation=No	_	Begin=1136.26|End=1138.132	_	_	_	_
481-0	PKP024	481	0	((ride))	((ride))	_	_	_	_	_	nonverbalbehavior	_	ContainsVariation=No	_	Begin=1136.265|End=1138.21	_	_	_	_
482-0	PKP024	482	0	e:h	eh	_	_	_	_	_	linguistic	_	ContainsVariation=No	_	Begin=1138.293	0x1	_	_	_
482-1	PKP024	482	1	[uno	uno	_	_	_	_	_	linguistic	_	ContainsVariation=No	_	_	_	_	_	0-3(95)
482-2	PKP024	482	2	era	era	_	_	_	_	_	linguistic	_	ContainsVariation=No	_	_	_	_	_	0-3(95)
482-3	PKP024	482	3	l'	l'	_	_	_	_	_	linguistic	_	ContainsVariation=No	SpaceAfter=No	_	_	_	_	0-2(95)
482-4	PKP024	482	4	an]tipa:sto,	antipasto	_	_	_	_	_	linguistic	_	ContainsVariation=No	Intonation=WeaklyRising	_	5x1	_	_	0-2(95)
482-5	PKP024	482	5	[due::	due	_	_	_	_	_	linguistic	_	ContainsVariation=No	_	_	2x2	_	_	0-3(96)
482-6	PKP024	482	6	((ride))	((ride))	_	_	_	_	_	nonverbalbehavior	_	ContainsVariation=No	_	_	_	_	_	X(96)
482-7	PKP024	482	7	(ha	ha	_	_	_	_	_	linguistic	_	ContainsVariation=No	_	_	_	_	0-2(0)	0-2(96)
482-8	PKP024	482	8	iniziato)]	iniziato	_	_	_	_	_	linguistic	_	ContainsVariation=No	_	End=1141.0	_	_	0-8(0)	0-8(96)
483-0	PKP091	483	0	[quindi]	quindi	_	_	_	_	_	linguistic	_	ContainsVariation=No	_	Begin=1138.397|End=1139.069	_	_	_	0-6(95)
484-0	PKP091	484	0	[sì	sì	_	_	_	_	_	linguistic	_	ContainsVariation=No	_	Begin=1139.792	_	_	_	0-2(96)
484-1	PKP091	484	1	sì	sì	_	_	_	_	_	linguistic	_	ContainsVariation=No	_	_	_	_	_	0-2(96)
484-2	PKP091	484	2	ma	ma	_	_	_	_	_	linguistic	_	ContainsVariation=No	_	_	_	_	_	0-2(96)
484-3	PKP091	484	3	mangia	mangia	_	_	_	_	_	linguistic	_	ContainsVariation=No	_	_	_	_	_	0-6(96)
484-4	PKP091	484	4	anche	anche	_	_	_	_	_	linguistic	_	ContainsVariation=No	_	_	_	_	_	0-5(96)
484-5	PKP091	484	5	i]	i	_	_	_	_	_	linguistic	_	ContainsVariation=No	_	_	_	_	_	0-1(96)
484-6	PKP091	484	6	ricci	ricci	_	_	_	_	_	linguistic	_	ContainsVariation=No	PauseAfter=Yes	_	_	_	_	_
484-7	PKP091	484	7	(.)	(.)	_	_	_	_	_	shortpause	_	ContainsVariation=No	_	_	_	_	_	_
484-8	PKP091	484	8	ma	ma	_	_	_	_	_	linguistic	_	ContainsVariation=No	_	_	_	_	_	_
484-9	PKP091	484	9	gli	gli	_	_	_	_	_	linguistic	_	ContainsVariation=No	_	_	_	_	_	_
484-10	PKP091	484	10	fanno	fanno	_	_	_	_	_	linguistic	_	ContainsVariation=No	_	_	_	_	_	_
484-11	PKP091	484	11	m[a:le	male	_	_	_	_	_	linguistic	_	ContainsVariation=No	_	_	1x1	_	_	1-4(168)
484-12	PKP091	484	12	loro]	loro	_	_	_	_	_	linguistic	_	ContainsVariation=No	_	End=1142.849	_	_	_	0-4(168)
485-0	PKP092	485	0	[°(mangia	mangia	_	_	_	_	_	linguistic	_	ContainsVariation=No	Volume=low	Begin=1142.02	_	_	0-6(0)	0-6(168)
485-1	PKP092	485	1	xxx)°]	xxx	_	_	_	_	_	unknown	_	ContainsVariation=No	Volume=low|Syllables=3	End=1142.857	_	_	0-3(0)	0-3(168)
486-0	PKP024	486	0	[no:::]	no	_	_	_	_	_	linguistic	_	ContainsVariation=No	_	Begin=1142.021	1x3	_	_	0-2(168)
486-1	PKP024	486	1	anche	anche	_	_	_	_	_	linguistic	_	ContainsVariation=No	_	_	_	_	_	_
486-2	PKP024	486	2	i	i	_	_	_	_	_	linguistic	_	ContainsVariation=No	_	_	_	_	_	_
486-3	PKP024	486	3	ri:cci?	ricci	_	_	_	_	_	linguistic	_	ContainsVariation=No	Intonation=Rising	_	1x1	_	_	_
486-4	PKP024	486	4	ma	ma	_	_	_	_	_	linguistic	_	ContainsVariation=No	_	_	_	_	_	_
486-5	PKP024	486	5	non	non	_	_	_	_	_	linguistic	_	ContainsVariation=No	_	_	_	_	_	_
486-6	PKP024	486	6	se	se	_	_	_	_	_	linguistic	_	ContainsVariation=No	_	_	_	_	_	_
486-7	PKP024	486	7	fa:	fa	_	_	_	_	_	linguistic	_	ContainsVariation=No	_	End=1144.45	1x1	_	_	_
487-0	PKP029	487	0	°(va	va	_	_	_	_	_	linguistic	_	ContainsVariation=No	Volume=low	Begin=1144.553	_	_	0-2(0)	_
487-1	PKP029	487	1	be:ne)°	bene	_	_	_	_	_	linguistic	_	ContainsVariation=No	Volume=low	End=1145.128	1x1	_	0-4(0)	_
488-0	PKP024	488	0	e	e	_	_	_	_	_	linguistic	_	ContainsVariation=No	_	Begin=1145.353	_	_	_	_
488-1	PKP024	488	1	si	si	_	_	_	_	_	linguistic	_	ContainsVariation=No	_	_	_	_	_	_
488-2	PKP024	488	2	trova	trova	_	_	_	_	_	linguistic	_	ContainsVariation=No	_	_	_	_	_	_
488-3	PKP024	488	3	tutti	tutti	_	_	_	_	_	linguistic	_	ContainsVariation=No	_	_	_	_	_	_
488-4	PKP024	488	4	però	però	_	_	_	_	_	linguistic	_	ContainsVariation=No	_	_	_	_	_	_
488-5	PKP024	488	5	gli	gli	_	_	_	_	_	linguistic	_	ContainsVariation=No	_	_	_	_	_	_
488-6	PKP024	488	6	spin[i::	spini	_	_	_	_	_	linguistic	_	ContainsVariation=No	_	_	4x2	_	_	4-5(97)
488-7	PKP024	488	7	in	in	_	_	_	_	_	linguistic	_	ContainsVariation=No	_	_	_	_	_	0-2(97)
488-8	PKP024	488	8	bocca]?	bocca	_	_	_	_	_	linguistic	_	ContainsVariation=No	Intonation=Rising	End=1147.771	_	_	_	0-5(97)
489-0	PKP091	489	0	[sì	sì	_	_	_	_	_	linguistic	_	ContainsVariation=No	_	Begin=1146.987	_	_	_	0-2(97)
489-1	PKP091	489	1	ma	ma	_	_	_	_	_	linguistic	_	ContainsVariation=No	_	_	_	_	_	0-2(97)
489-2	PKP091	489	2	lui	lui	_	_	_	_	_	linguistic	_	ContainsVariation=No	_	_	_	_	_	0-3(97)
489-3	PKP091	489	3	contin]ua	continua	_	_	_	_	_	linguistic	_	ContainsVariation=No	_	_	_	_	_	0-6(97)
489-4	PKP091	489	4	eh	eh	_	_	_	_	_	linguistic	_	ContainsVariation=No	_	_	_	_	_	_
489-5	PKP091	489	5	n~	n~	_	_	_	_	_	linguistic	_	ContainsVariation=No	Interrupted=Yes	_	_	_	_	_
489-6	PKP091	489	6	cioè	cioè	_	_	_	_	_	linguistic	_	ContainsVariation=No	_	_	_	_	_	_
489-7	PKP091	489	7	[x]	x	_	_	_	_	_	unknown	_	ContainsVariation=No	Syllables=1	End=1148.795	_	_	_	0-1(98)
490-0	PKP024	490	0	[>non	non	_	_	_	_	_	linguistic	_	ContainsVariation=No	_	Begin=1148.216	_	Fast=0-3(0)	_	0-3(98)
490-1	PKP024	490	1	gliene<	gliene	_	_	_	_	_	linguistic	_	ContainsVariation=No	_	_	_	Fast=0-6(0)	_	0-6(98)
490-2	PKP024	490	2	frega]	frega	_	_	_	_	_	linguistic	_	ContainsVariation=No	_	_	_	_	_	0-5(98)
490-3	PKP024	490	3	nie:[nte	niente	_	_	_	_	_	linguistic	_	ContainsVariation=No	PauseAfter=Yes	_	2x1	_	_	3-6(99)
490-4	PKP024	490	4	(.)	(.)	_	_	_	_	_	shortpause	_	ContainsVariation=No	_	_	_	_	_	X(99)
490-5	PKP024	490	5	vabbè]	vabbè	_	_	_	_	_	linguistic	_	ContainsVariation=No	_	End=1150.09	_	_	_	0-5(99)
491-0	PKP091	491	0	[mh	mh	_	_	_	_	_	linguistic	_	ContainsVariation=No	_	Begin=1149.043	_	_	_	0-2(99)
491-1	PKP091	491	1	no:	no	_	_	_	_	_	linguistic	_	ContainsVariation=No	PauseAfter=Yes	_	1x1	_	_	0-2(99)
491-2	PKP091	491	2	(.)	(.)	_	_	_	_	_	shortpause	_	ContainsVariation=No	_	_	_	_	_	X(99)
491-3	PKP091	491	3	lui	lui	_	_	_	_	_	linguistic	_	ContainsVariation=No	_	_	_	_	_	0-3(99)
491-4	PKP091	491	4	ma]ngia	mangia	_	_	_	_	_	linguistic	_	ContainsVariation=No	_	_	_	_	_	0-2(99)
491-5	PKP091	491	5	qualsiasi	qualsiasi	_	_	_	_	_	linguistic	_	ContainsVariation=No	_	_	_	_	_	_
491-6	PKP091	491	6	cosa:	cosa	_	_	_	_	_	linguistic	_	ContainsVariation=No	PauseAfter=Yes	_	3x1	_	_	_
491-7	PKP091	491	7	(.)	(.)	_	_	_	_	_	shortpause	_	ContainsVariation=No	_	_	_	_	_	_
491-8	PKP091	491	8	basta	basta	_	_	_	_	_	linguistic	_	ContainsVariation=No	_	_	_	_	_	_
491-9	PKP091	491	9	ch[e:]	che	_	_	_	_	_	linguistic	_	ContainsVariation=No	_	End=1151.74	2x1	_	_	2-3(100)
492-0	PKP024	492	0	((ride))	((ride))	_	_	_	_	_	nonverbalbehavior	_	ContainsVariation=No	_	Begin=1150.09|End=1151.51	_	_	_	_
493-0	PKP092	493	0	[e]	e	_	_	_	_	_	linguistic	_	ContainsVariation=No	_	Begin=1151.63	_	_	_	0-1(101)
493-1	PKP092	493	1	di'	di'	_	_	_	_	_	linguistic	_	ContainsVariation=No	Truncated=Yes	_	_	_	_	_
493-2	PKP092	493	2	che	che	_	_	_	_	_	linguistic	_	ContainsVariation=No	_	_	_	_	_	_
493-3	PKP092	493	3	son	son	_	_	_	_	_	linguistic	_	ContainsVariation=No	_	_	_	_	_	_
493-4	PKP092	493	4	boni	boni	_	_	_	_	_	linguistic	_	ContainsVariation=No	_	End=1152.689	_	_	_	_
494-0	PKP024	494	0	eh	eh	_	_	_	_	_	linguistic	_	ContainsVariation=No	_	Begin=1152.954	_	_	_	_
494-1	PKP024	494	1	infatti	infatti	_	_	_	_	_	linguistic	_	ContainsVariation=No	_	End=1153.633	_	_	_	_
495-0	PKP092	495	0	((ride))	((ride))	_	_	_	_	_	nonverbalbehavior	_	ContainsVariation=No	_	Begin=1153.217|End=1154.101	_	_	_	_
496-0	PKP024	496	0	infatti	infatti	_	_	_	_	_	linguistic	_	ContainsVariation=No	_	Begin=1154.12|End=1154.69	_	_	_	_
497-0	PKP024	497	0	anche	anche	_	_	_	_	_	linguistic	_	ContainsVariation=No	_	Begin=1154.954	_	_	_	_
497-1	PKP024	497	1	oscar	oscar	_	_	_	_	_	linguistic	_	ContainsVariation=No	_	_	_	_	_	_
497-2	PKP024	497	2	una	una	_	_	_	_	_	linguistic	_	ContainsVariation=No	_	_	_	_	_	_
497-3	PKP024	497	3	volta	volta	_	_	_	_	_	linguistic	_	ContainsVariation=No	_	_	_	_	_	_
497-4	PKP024	497	4	trovò	trovò	_	_	_	_	_	linguistic	_	ContainsVariation=No	_	_	_	_	_	_
497-5	PKP024	497	5	un	un	_	_	_	_	_	linguistic	_	ContainsVariation=No	_	_	_	_	_	_
497-6	PKP024	497	6	altro	altro	_	_	_	_	_	linguistic	_	ContainsVariation=No	_	_	_	_	_	_
497-7	PKP024	497	7	riccio	riccio	_	_	_	_	_	linguistic	_	ContainsVariation=No	_	_	_	_	_	_
497-8	PKP024	497	8	in	in	_	_	_	_	_	linguistic	_	ContainsVariation=No	_	_	_	_	_	_
497-9	PKP024	497	9	giardi:no	giardino	_	_	_	_	_	linguistic	_	ContainsVariation=No	_	End=1157.673	5x1	_	_	_
498-0	PKP024	498	0	però	però	_	_	_	_	_	linguistic	_	ContainsVariation=No	_	Begin=1158.188	_	_	_	_
498-1	PKP024	498	1	c'	c'	_	_	_	_	_	linguistic	_	ContainsVariation=No	SpaceAfter=No	_	_	_	_	_
498-2	PKP024	498	2	aveva	aveva	_	_	_	_	_	linguistic	_	ContainsVariation=No	_	_	_	_	_	_
498-3	PKP024	498	3	tutti	tutti	_	_	_	_	_	linguistic	_	ContainsVariation=No	_	_	_	_	_	_
498-4	PKP024	498	4	gli	gli	_	_	_	_	_	linguistic	_	ContainsVariation=No	_	_	_	_	_	_
498-5	PKP024	498	5	acu:lei	aculei	_	_	_	_	_	linguistic	_	ContainsVariation=No	_	_	2x1	_	_	_
498-6	PKP024	498	6	conficca[ti	conficcati	_	_	_	_	_	linguistic	_	ContainsVariation=No	_	_	_	_	_	7-10(103)
498-7	PKP024	498	7	qua	qua	_	_	_	_	_	linguistic	_	ContainsVariation=No	_	_	_	_	_	0-3(103)
498-8	PKP024	498	8	co~	co~	_	_	_	_	_	linguistic	_	ContainsVariation=No	Interrupted=Yes	_	_	_	_	0-3(103)
498-9	PKP024	498	9	cav~]	cav~	_	_	_	_	_	linguistic	_	ContainsVariation=No	Interrupted=Yes	_	_	_	_	0-4(103)
498-10	PKP024	498	10	cavarglieli	cavarglieli	_	_	_	_	_	linguistic	_	ContainsVariation=No	_	_	_	_	_	_
498-11	PKP024	498	11	così	così	_	_	_	_	_	linguistic	_	ContainsVariation=No	_	_	_	_	_	_
498-12	PKP024	498	12	uno	uno	_	_	_	_	_	linguistic	_	ContainsVariation=No	_	_	_	_	_	_
498-13	PKP024	498	13	[a	a	_	_	_	_	_	linguistic	_	ContainsVariation=No	_	_	_	_	_	0-1(104)
498-14	PKP024	498	14	u:no]	uno	_	_	_	_	_	linguistic	_	ContainsVariation=No	_	End=1162.38	0x1	_	_	0-3(104)
499-0	PKP029	499	0	[oddi:o]	oddio	_	_	_	_	_	linguistic	_	ContainsVariation=No	_	Begin=1159.764|End=1160.542	3x1	_	_	0-5(103)
500-0	PKP029	500	0	[chissà	chissà	_	_	_	_	_	linguistic	_	ContainsVariation=No	_	Begin=1161.68	_	_	_	0-6(104)
500-1	PKP029	500	1	che	che	_	_	_	_	_	linguistic	_	ContainsVariation=No	_	_	_	_	_	0-3(104)
500-2	PKP029	500	2	dolo]:re	dolore	_	_	_	_	_	linguistic	_	ContainsVariation=No	_	End=1162.66	3x1	_	_	0-4(104)
501-0	PKP024	501	0	ma	ma	_	_	_	_	_	linguistic	_	ContainsVariation=No	_	Begin=1163.151	_	_	_	_
501-1	PKP024	501	1	anche	anche	_	_	_	_	_	linguistic	_	ContainsVariation=No	_	_	_	_	_	_
501-2	PKP024	501	2	a	a	_	_	_	_	_	linguistic	_	ContainsVariation=No	_	_	_	_	_	_
501-3	PKP024	501	3	lui	lui	_	_	_	_	_	linguistic	_	ContainsVariation=No	_	_	_	_	_	_
501-4	PKP024	501	4	gliene	gliene	_	_	_	_	_	linguistic	_	ContainsVariation=No	_	_	_	_	_	_
501-5	PKP024	501	5	fregava	fregava	_	_	_	_	_	linguistic	_	ContainsVariation=No	_	_	_	_	_	_
501-6	PKP024	501	6	ni[e:nte]	niente	_	_	_	_	_	linguistic	_	ContainsVariation=No	_	End=1164.59	2x1	_	_	2-6(169)
502-0	PKP029	502	0	[e:h]	eh	_	_	_	_	_	linguistic	_	ContainsVariation=No	_	Begin=1164.245|End=1164.65	0x1	_	_	0-2(169)
503-0	PKP092	503	0	((ride))	((ride))	_	_	_	_	_	nonverbalbehavior	_	ContainsVariation=No	_	Begin=1164.43|End=1165.206	_	_	_	_
504-0	PKP024	504	0	non	non	_	_	_	_	_	linguistic	_	ContainsVariation=No	_	Begin=1165.505	_	_	_	_
504-1	PKP024	504	1	gliene	gliene	_	_	_	_	_	linguistic	_	ContainsVariation=No	_	_	_	_	_	_
504-2	PKP024	504	2	fregava	fregava	_	_	_	_	_	linguistic	_	ContainsVariation=No	_	_	_	_	_	_
504-3	PKP024	504	3	mica	mica	_	_	_	_	_	linguistic	_	ContainsVariation=No	_	_	_	_	_	_
504-4	PKP024	504	4	nie:nte	niente	_	_	_	_	_	linguistic	_	ContainsVariation=No	_	_	2x1	_	_	_
504-5	PKP024	504	5	loro	loro	_	_	_	_	_	linguistic	_	ContainsVariation=No	_	End=1167.112	_	_	_	_
505-0	PKP024	505	0	cioè	cioè	_	_	_	_	_	linguistic	_	ContainsVariation=No	_	Begin=1171.36	_	_	_	_
505-1	PKP024	505	1	il	il	_	_	_	_	_	linguistic	_	ContainsVariation=No	_	_	_	_	_	_
505-2	PKP024	505	2	problema:	problema	_	_	_	_	_	linguistic	_	ContainsVariation=No	PauseAfter=Yes	_	7x1	_	_	_
505-3	PKP024	505	3	(.)	(.)	_	_	_	_	_	shortpause	_	ContainsVariation=No	_	_	_	_	_	_
505-4	PKP024	505	4	per	per	_	_	_	_	_	linguistic	_	ContainsVariation=No	_	_	_	_	_	_
505-5	PKP024	505	5	il	il	_	_	_	_	_	linguistic	_	ContainsVariation=No	_	_	_	_	_	_
505-6	PKP024	505	6	mio	mio	_	_	_	_	_	linguistic	_	ContainsVariation=No	_	_	_	_	_	_
505-7	PKP024	505	7	perlomeno	perlomeno	_	_	_	_	_	linguistic	_	ContainsVariation=No	_	_	_	_	_	_
505-8	PKP024	505	8	è	è	_	_	_	_	_	linguistic	_	ContainsVariation=No	_	_	_	_	_	_
505-9	PKP024	505	9	quando	quando	_	_	_	_	_	linguistic	_	ContainsVariation=No	_	_	_	_	_	_
505-10	PKP024	505	10	le	le	_	_	_	_	_	linguistic	_	ContainsVariation=No	_	_	_	_	_	_
505-11	PKP024	505	11	cose	cose	_	_	_	_	_	linguistic	_	ContainsVariation=No	_	_	_	_	_	_
505-12	PKP024	505	12	si	si	_	_	_	_	_	linguistic	_	ContainsVariation=No	_	_	_	_	_	_
505-13	PKP024	505	13	muovono	muovono	_	_	_	_	_	linguistic	_	ContainsVariation=No	_	End=1174.9	_	_	_	_
506-0	PKP029	506	0	[mh]	mh	_	_	_	_	_	linguistic	_	ContainsVariation=No	_	Begin=1174.921|End=1175.2	_	_	_	0-2(105)
507-0	PKP024	507	0	[>quando	quando	_	_	_	_	_	linguistic	_	ContainsVariation=No	_	Begin=1174.922	_	_	_	0-6(106)
507-1	PKP024	507	1	le]	le	_	_	_	_	_	linguistic	_	ContainsVariation=No	_	_	_	_	_	0-2(106)
507-2	PKP024	507	2	cose	cose	_	_	_	_	_	linguistic	_	ContainsVariation=No	_	_	_	_	_	_
507-3	PKP024	507	3	si	si	_	_	_	_	_	linguistic	_	ContainsVariation=No	_	_	_	_	_	_
507-4	PKP024	507	4	muovono:<non,	muovononon	_	_	_	_	_	linguistic	_	ContainsVariation=No	Intonation=WeaklyRising	_	6x1	_	_	_
507-5	PKP024	507	5	va	va	_	_	_	_	_	linguistic	_	ContainsVariation=No	_	_	_	_	_	_
507-6	PKP024	507	6	be:ne	bene	_	_	_	_	_	linguistic	_	ContainsVariation=No	_	_	1x1	_	_	_
507-7	PKP024	507	7	le	le	_	_	_	_	_	linguistic	_	ContainsVariation=No	_	_	_	_	_	_
507-8	PKP024	507	8	deve	deve	_	_	_	_	_	linguistic	_	ContainsVariation=No	_	_	_	_	_	_
507-9	PKP024	507	9	ammazza:re>,	ammazzare	_	_	_	_	_	linguistic	_	ContainsVariation=No	Intonation=WeaklyRising	_	6x1	_	_	_
507-10	PKP024	507	10	se	se	_	_	_	_	_	linguistic	_	ContainsVariation=No	PauseAfter=Yes	_	_	_	_	_
507-11	PKP024	507	11	(.)	(.)	_	_	_	_	_	shortpause	_	ContainsVariation=No	_	_	_	_	_	_
507-12	PKP024	507	12	tipo	tipo	_	_	_	_	_	linguistic	_	ContainsVariation=No	_	_	_	_	_	_
507-13	PKP024	507	13	il	il	_	_	_	_	_	linguistic	_	ContainsVariation=No	_	_	_	_	_	_
507-14	PKP024	507	14	rospo,	rospo	_	_	_	_	_	linguistic	_	ContainsVariation=No	Intonation=WeaklyRising	_	_	_	_	_
507-15	PKP024	507	15	sta	sta	_	_	_	_	_	linguistic	_	ContainsVariation=No	_	_	_	_	_	_
507-16	PKP024	507	16	fermo,	fermo	_	_	_	_	_	linguistic	_	ContainsVariation=No	Intonation=WeaklyRising	End=1179.68	_	_	_	_
508-0	PKP092	508	0	((ride))	((ride))	_	_	_	_	_	nonverbalbehavior	_	ContainsVariation=No	_	Begin=1175.231|End=1176.21	_	_	_	_
509-0	PKP092	509	0	n(on)	non	_	_	_	_	_	linguistic	_	ContainsVariation=No	_	Begin=1180.385	_	_	1-3(0)	_
509-1	PKP092	509	1	gliene	gliene	_	_	_	_	_	linguistic	_	ContainsVariation=No	_	_	_	_	_	_
509-2	PKP092	509	2	frega	frega	_	_	_	_	_	linguistic	_	ContainsVariation=No	_	_	_	_	_	_
509-3	PKP092	509	3	nie:nte	niente	_	_	_	_	_	linguistic	_	ContainsVariation=No	_	End=1181.27	2x1	_	_	_
510-0	PKP024	510	0	lo	lo	_	_	_	_	_	linguistic	_	ContainsVariation=No	_	Begin=1181.276	_	_	_	_
510-1	PKP024	510	1	annusa	annusa	_	_	_	_	_	linguistic	_	ContainsVariation=No	_	_	_	_	_	_
510-2	PKP024	510	2	va	va	_	_	_	_	_	linguistic	_	ContainsVariation=No	_	_	_	_	_	_
510-3	PKP024	510	3	lì	lì	_	_	_	_	_	linguistic	_	ContainsVariation=No	_	_	_	_	_	_
510-4	PKP024	510	4	((annusa))	((annusa))	_	_	_	_	_	nonverbalbehavior	_	ContainsVariation=No	_	_	_	_	_	_
510-5	PKP024	510	5	se:nte	sente	_	_	_	_	_	linguistic	_	ContainsVariation=No	_	_	1x1	_	_	_
510-6	PKP024	510	6	e	e	_	_	_	_	_	linguistic	_	ContainsVariation=No	_	_	_	_	_	_
510-7	PKP024	510	7	poi	poi	_	_	_	_	_	linguistic	_	ContainsVariation=No	_	_	_	_	_	_
510-8	PKP024	510	8	se	se	_	_	_	_	_	linguistic	_	ContainsVariation=No	_	_	_	_	_	_
510-9	PKP024	510	9	ne	ne	_	_	_	_	_	linguistic	_	ContainsVariation=No	_	_	_	_	_	_
510-10	PKP024	510	10	va	va	_	_	_	_	_	linguistic	_	ContainsVariation=No	_	End=1184.5	_	_	_	_
511-0	PKP024	511	0	boh	boh	_	_	_	_	_	linguistic	_	ContainsVariation=No	PauseAfter=Yes	Begin=1186.911	_	_	_	_
511-1	PKP024	511	1	(.)	(.)	_	_	_	_	_	shortpause	_	ContainsVariation=No	_	_	_	_	_	_
511-2	PKP024	511	2	chissà	chissà	_	_	_	_	_	linguistic	_	ContainsVariation=No	_	End=1188.207	_	_	_	_
512-0	PKP024	512	0	quali	quali	_	_	_	_	_	linguistic	_	ContainsVariation=No	_	Begin=1189.49	_	_	_	_
512-1	PKP024	512	1	problemi	problemi	_	_	_	_	_	linguistic	_	ContainsVariation=No	_	_	_	_	_	_
512-2	PKP024	512	2	affliggono	affliggono	_	_	_	_	_	linguistic	_	ContainsVariation=No	_	_	_	_	_	_
512-3	PKP024	512	3	il	il	_	_	_	_	_	linguistic	_	ContainsVariation=No	_	_	_	_	_	_
512-4	PKP024	512	4	mio	mio	_	_	_	_	_	linguistic	_	ContainsVariation=No	_	_	_	_	_	_
512-5	PKP024	512	5	cane	cane	_	_	_	_	_	linguistic	_	ContainsVariation=No	_	End=1191.389	_	_	_	_
513-0	PKP024	513	0	invece	invece	_	_	_	_	_	linguistic	_	ContainsVariation=No	_	Begin=1201.016	_	_	_	_
513-1	PKP024	513	1	c'	c'	_	_	_	_	_	linguistic	_	ContainsVariation=No	SpaceAfter=No	_	_	_	_	_
513-2	PKP024	513	2	è	è	_	_	_	_	_	linguistic	_	ContainsVariation=No	_	_	_	_	_	_
513-3	PKP024	513	3	sto	sto	_	_	_	_	_	linguistic	_	ContainsVariation=No	_	_	_	_	_	_
513-4	PKP024	513	4	stro:nzo	stronzo	_	_	_	_	_	linguistic	_	ContainsVariation=No	_	_	3x1	_	_	_
513-5	PKP024	513	5	di	di	_	_	_	_	_	linguistic	_	ContainsVariation=No	_	_	_	_	_	_
513-6	PKP024	513	6	ga:tto	gatto	_	_	_	_	_	linguistic	_	ContainsVariation=No	_	_	1x1	_	_	_
513-7	PKP024	513	7	che	che	_	_	_	_	_	linguistic	_	ContainsVariation=No	_	_	_	_	_	_
513-8	PKP024	513	8	non	non	_	_	_	_	_	linguistic	_	ContainsVariation=No	_	_	_	_	_	_
513-9	PKP024	513	9	fa	fa	_	_	_	_	_	linguistic	_	ContainsVariation=No	_	_	_	_	_	_
513-10	PKP024	513	10	altro	altro	_	_	_	_	_	linguistic	_	ContainsVariation=No	_	_	_	_	_	_
513-11	PKP024	513	11	che	che	_	_	_	_	_	linguistic	_	ContainsVariation=No	_	_	_	_	_	_
513-12	PKP024	513	12	graffia:rmi	graffiarmi	_	_	_	_	_	linguistic	_	ContainsVariation=No	_	End=1204.39	6x1	_	_	_
514-0	PKP024	514	0	lo	lo	_	_	_	_	_	linguistic	_	ContainsVariation=No	_	Begin=1205.249	_	_	_	_
514-1	PKP024	514	1	dete:sto	detesto	_	_	_	_	_	linguistic	_	ContainsVariation=No	_	End=1206.11	3x1	_	_	_
515-0	PKP024	515	0	è	è	_	_	_	_	_	linguistic	_	ContainsVariation=No	_	Begin=1207.43	_	_	_	_
515-1	PKP024	515	1	cari:no	carino	_	_	_	_	_	linguistic	_	ContainsVariation=No	PauseAfter=Yes	_	3x1	_	_	_
515-2	PKP024	515	2	(.)	(.)	_	_	_	_	_	shortpause	_	ContainsVariation=No	_	_	_	_	_	_
515-3	PKP024	515	3	però	però	_	_	_	_	_	linguistic	_	ContainsVariation=No	_	_	_	_	_	_
515-4	PKP024	515	4	lo	lo	_	_	_	_	_	linguistic	_	ContainsVariation=No	_	_	_	_	_	_
515-5	PKP024	515	5	detesto	detesto	_	_	_	_	_	linguistic	_	ContainsVariation=No	_	End=1209.591	_	_	_	_
516-0	PKP092	516	0	((ride))	((ride))	_	_	_	_	_	nonverbalbehavior	_	ContainsVariation=No	_	Begin=1210.047|End=1211.127	_	_	_	_
517-0	PKP024	517	0	((ride))	((ride))	_	_	_	_	_	nonverbalbehavior	_	ContainsVariation=No	_	Begin=1210.292|End=1212.251	_	_	_	_
518-0	PKP024	518	0	dai	dai	_	_	_	_	_	linguistic	_	ContainsVariation=No	_	Begin=1212.496	_	_	_	_
518-1	PKP024	518	1	ma	ma	_	_	_	_	_	linguistic	_	ContainsVariation=No	_	_	_	_	_	_
518-2	PKP024	518	2	si	si	_	_	_	_	_	linguistic	_	ContainsVariation=No	_	_	_	_	_	_
518-3	PKP024	518	3	potrà:	potrà	_	_	_	_	_	linguistic	_	ContainsVariation=No	_	_	4x1	_	_	_
518-4	PKP024	518	4	ma	ma	_	_	_	_	_	linguistic	_	ContainsVariation=No	_	_	_	_	_	_
518-5	PKP024	518	5	un	un	_	_	_	_	_	linguistic	_	ContainsVariation=No	_	_	_	_	_	_
518-6	PKP024	518	6	cane	cane	_	_	_	_	_	linguistic	_	ContainsVariation=No	_	_	_	_	_	_
518-7	PKP024	518	7	non	non	_	_	_	_	_	linguistic	_	ContainsVariation=No	_	_	_	_	_	_
518-8	PKP024	518	8	la	la	_	_	_	_	_	linguistic	_	ContainsVariation=No	_	_	_	_	_	_
518-9	PKP024	518	9	farebbe	farebbe	_	_	_	_	_	linguistic	_	ContainsVariation=No	_	_	_	_	_	_
518-10	PKP024	518	10	mai	mai	_	_	_	_	_	linguistic	_	ContainsVariation=No	_	_	_	_	_	_
518-11	PKP024	518	11	una	una	_	_	_	_	_	linguistic	_	ContainsVariation=No	_	_	_	_	_	_
518-12	PKP024	518	12	cosa	cosa	_	_	_	_	_	linguistic	_	ContainsVariation=No	_	_	_	_	_	_
518-13	PKP024	518	13	del	del	_	_	_	_	_	linguistic	_	ContainsVariation=No	_	_	_	_	_	_
518-14	PKP024	518	14	ge:nere	genere	_	_	_	_	_	linguistic	_	ContainsVariation=No	PauseAfter=Yes	_	1x1	_	_	_
518-15	PKP024	518	15	(.)	(.)	_	_	_	_	_	shortpause	_	ContainsVariation=No	_	_	_	_	_	_
518-16	PKP024	518	16	c'	c'	_	_	_	_	_	linguistic	_	ContainsVariation=No	SpaceAfter=No	_	_	_	_	_
518-17	PKP024	518	17	ho	ho	_	_	_	_	_	linguistic	_	ContainsVariation=No	_	_	_	_	_	_
518-18	PKP024	518	18	la	la	_	_	_	_	_	linguistic	_	ContainsVariation=No	_	_	_	_	_	_
518-19	PKP024	518	19	mano	mano	_	_	_	_	_	linguistic	_	ContainsVariation=No	_	_	_	_	_	_
518-20	PKP024	518	20	martoriata	martoriata	_	_	_	_	_	linguistic	_	ContainsVariation=No	_	End=1216.97	_	_	_	_
519-0	PKP024	519	0	appena	appena	_	_	_	_	_	linguistic	_	ContainsVariation=No	_	Begin=1227.913	_	_	_	_
519-1	PKP024	519	1	torna	torna	_	_	_	_	_	linguistic	_	ContainsVariation=No	_	_	_	_	_	_
519-2	PKP024	519	2	tommaso	tommaso	_	_	_	_	_	linguistic	_	ContainsVariation=No	_	_	_	_	_	_
519-3	PKP024	519	3	ci	ci	_	_	_	_	_	linguistic	_	ContainsVariation=No	_	_	_	_	_	_
519-4	PKP024	519	4	si	si	_	_	_	_	_	linguistic	_	ContainsVariation=No	_	_	_	_	_	_
519-5	PKP024	519	5	va	va	_	_	_	_	_	linguistic	_	ContainsVariation=No	_	_	_	_	_	_
519-6	PKP024	519	6	in	in	_	_	_	_	_	linguistic	_	ContainsVariation=No	_	_	_	_	_	_
519-7	PKP024	519	7	(città)	città	_	_	_	_	_	linguistic	_	ContainsVariation=No	_	End=1229.53	_	_	0-5(0)	_
520-0	PKP092	520	0	sì:	sì	_	_	_	_	_	linguistic	_	ContainsVariation=No	_	Begin=1229.72|End=1229.98	1x1	_	_	_
521-0	PKP092	521	0	xxx?	xxx	_	_	_	_	_	linguistic	_	ContainsVariation=No	Intonation=Rising	Begin=1231.948|End=1233.341	_	_	_	_
522-0	PKP029	522	0	pi[ripippi]	piripippi	_	_	_	_	_	linguistic	_	ContainsVariation=No	_	Begin=1234.25|End=1234.864	_	_	_	2-9(108)
523-0	PKP024	523	0	[piripipp]i	piripippi	_	_	_	_	_	linguistic	_	ContainsVariation=No	_	Begin=1234.39|End=1234.95	_	_	_	0-8(108)
524-0	PKP024	524	0	(minchia)	minchia	_	_	_	_	_	linguistic	_	ContainsVariation=No	_	Begin=1237.89	_	_	0-7(0)	_
524-1	PKP024	524	1	come	come	_	_	_	_	_	linguistic	_	ContainsVariation=No	_	_	_	_	_	_
524-2	PKP024	524	2	hanno	hanno	_	_	_	_	_	linguistic	_	ContainsVariation=No	_	_	_	_	_	_
524-3	PKP024	524	3	fatto	fatto	_	_	_	_	_	linguistic	_	ContainsVariation=No	_	_	_	_	_	_
524-4	PKP024	524	4	a	a	_	_	_	_	_	linguistic	_	ContainsVariation=No	_	_	_	_	_	_
524-5	PKP024	524	5	(trova')	trova'	_	_	_	_	_	linguistic	_	ContainsVariation=No	Truncated=Yes	_	_	_	0-6(1)	_
524-6	PKP024	524	6	quel	quel	_	_	_	_	_	linguistic	_	ContainsVariation=No	_	_	_	_	_	_
524-7	PKP024	524	7	nome	nome	_	_	_	_	_	linguistic	_	ContainsVariation=No	_	_	_	_	_	_
524-8	PKP024	524	8	è	è	_	_	_	_	_	linguistic	_	ContainsVariation=No	_	_	_	_	_	_
524-9	PKP024	524	9	o~	o~	_	_	_	_	_	linguistic	_	ContainsVariation=No	Interrupted=Yes	End=1239.94	_	_	_	_
525-0	PKP029	525	0	però	però	_	_	_	_	_	linguistic	_	ContainsVariation=No	_	Begin=1240.138	_	_	_	_
525-1	PKP029	525	1	è	è	_	_	_	_	_	linguistic	_	ContainsVariation=No	_	_	_	_	_	_
525-2	PKP029	525	2	bu:ffo,	buffo	_	_	_	_	_	linguistic	_	ContainsVariation=No	Intonation=WeaklyRising	_	1x1	_	_	_
525-3	PKP029	525	3	fa	fa	_	_	_	_	_	linguistic	_	ContainsVariation=No	_	_	_	_	_	_
525-4	PKP029	525	4	ri:dere	ridere	_	_	_	_	_	linguistic	_	ContainsVariation=No	_	End=1241.26	1x1	_	_	_
526-0	PKP024	526	0	è	è	_	_	_	_	_	linguistic	_	ContainsVariation=No	_	Begin=1241.267	_	_	_	_
526-1	PKP024	526	1	bu:ffo	buffo	_	_	_	_	_	linguistic	_	ContainsVariation=No	_	_	1x1	_	_	_
526-2	PKP024	526	2	sì:	sì	_	_	_	_	_	linguistic	_	ContainsVariation=No	_	_	1x1	_	_	_
526-3	PKP024	526	3	(ma	ma	_	_	_	_	_	linguistic	_	ContainsVariation=No	_	_	_	_	0-2(0)	_
526-4	PKP024	526	4	per	per	_	_	_	_	_	linguistic	_	ContainsVariation=No	_	_	_	_	0-3(0)	_
526-5	PKP024	526	5	dire)	dire	_	_	_	_	_	linguistic	_	ContainsVariation=No	_	End=1242.51	_	_	0-4(0)	_
527-0	PKP024	527	0	ma	ma	_	_	_	_	_	linguistic	_	ContainsVariation=No	_	Begin=1243.927	_	_	_	_
527-1	PKP024	527	1	per	per	_	_	_	_	_	linguistic	_	ContainsVariation=No	_	_	_	_	_	_
527-2	PKP024	527	2	comodità	comodità	_	_	_	_	_	linguistic	_	ContainsVariation=No	_	_	_	_	_	_
527-3	PKP024	527	3	io	io	_	_	_	_	_	linguistic	_	ContainsVariation=No	_	_	_	_	_	_
527-4	PKP024	527	4	la	la	_	_	_	_	_	linguistic	_	ContainsVariation=No	_	_	_	_	_	_
527-5	PKP024	527	5	chiamo	chiamo	_	_	_	_	_	linguistic	_	ContainsVariation=No	_	_	_	_	_	_
527-6	PKP024	527	6	pippi	pippi	_	_	_	_	_	linguistic	_	ContainsVariation=No	_	End=1245.517	_	_	_	_
528-0	PKP024	528	0	anche	anche	_	_	_	_	_	linguistic	_	ContainsVariation=No	_	Begin=1248.567	_	_	_	_
528-1	PKP024	528	1	perché	perché	_	_	_	_	_	linguistic	_	ContainsVariation=No	_	_	_	_	_	_
528-2	PKP024	528	2	il	il	_	_	_	_	_	linguistic	_	ContainsVariation=No	_	_	_	_	_	_
528-3	PKP024	528	3	tempo	tempo	_	_	_	_	_	linguistic	_	ContainsVariation=No	_	_	_	_	_	_
528-4	PKP024	528	4	che	che	_	_	_	_	_	linguistic	_	ContainsVariation=No	_	_	_	_	_	_
528-5	PKP024	528	5	hai	hai	_	_	_	_	_	linguistic	_	ContainsVariation=No	_	_	_	_	_	_
528-6	PKP024	528	6	detto	detto	_	_	_	_	_	linguistic	_	ContainsVariation=No	_	_	_	_	_	_
528-7	PKP024	528	7	peripippi	peripippi	_	_	_	_	_	linguistic	_	ContainsVariation=No	_	End=1250.21	_	_	_	_
529-0	PKP092	529	0	è	è	_	_	_	_	_	linguistic	_	ContainsVariation=No	_	Begin=1251.22	_	_	_	_
529-1	PKP092	529	1	andato	andato	_	_	_	_	_	linguistic	_	ContainsVariation=No	_	_	_	_	_	_
529-2	PKP092	529	2	via	via	_	_	_	_	_	linguistic	_	ContainsVariation=No	_	End=1251.739	_	_	_	_
530-0	PKP024	530	0	è	è	_	_	_	_	_	linguistic	_	ContainsVariation=No	_	Begin=1251.74	_	_	_	_
530-1	PKP024	530	1	andato	andato	_	_	_	_	_	linguistic	_	ContainsVariation=No	_	_	_	_	_	_
530-2	PKP024	530	2	via	via	_	_	_	_	_	linguistic	_	ContainsVariation=No	PauseAfter=Yes	_	_	_	_	_
530-3	PKP024	530	3	(.)	(.)	_	_	_	_	_	shortpause	_	ContainsVariation=No	_	_	_	_	_	_
530-4	PKP024	530	4	cia:o:	ciao	_	_	_	_	_	linguistic	_	ContainsVariation=No	_	End=1253.07	2x1,3x1	_	_	_
531-0	PKP092	531	0	((ride))	((ride))	_	_	_	_	_	nonverbalbehavior	_	ContainsVariation=No	_	Begin=1251.8|End=1252.576	_	_	_	_
532-0	PKP029	532	0	ma	ma	_	_	_	_	_	linguistic	_	ContainsVariation=No	_	Begin=1264.42	_	_	_	_
532-1	PKP029	532	1	perché	perché	_	_	_	_	_	linguistic	_	ContainsVariation=No	_	_	_	_	_	_
532-2	PKP029	532	2	deve	deve	_	_	_	_	_	linguistic	_	ContainsVariation=No	PauseAfter=Yes	_	_	_	_	_
532-3	PKP029	532	3	(.)	(.)	_	_	_	_	_	shortpause	_	ContainsVariation=No	_	_	_	_	_	_
532-4	PKP029	532	4	prova:re	provare	_	_	_	_	_	linguistic	_	ContainsVariation=No	_	_	4x1	_	_	_
532-5	PKP029	532	5	i	i	_	_	_	_	_	linguistic	_	ContainsVariation=No	_	_	_	_	_	_
532-6	PKP029	532	6	suoi	suoi	_	_	_	_	_	linguistic	_	ContainsVariation=No	_	_	_	_	_	_
532-7	PKP029	532	7	denti:ni	dentini	_	_	_	_	_	linguistic	_	ContainsVariation=No	_	End=1267.08	4x1	_	_	_
533-0	PKP092	533	0	[xx]x[x]	xxxx	_	_	_	_	_	unknown	_	ContainsVariation=No	Syllables=4	Begin=1267.985|End=1269.266	_	_	_	0-2(110),3-4(111)
534-0	PKP024	534	0	[ah	ah	_	_	_	_	_	linguistic	_	ContainsVariation=No	_	Begin=1267.99	_	_	_	0-2(110)
534-1	PKP024	534	1	usi	usi	_	_	_	_	_	linguistic	_	ContainsVariation=No	_	_	_	_	_	0-3(110)
534-2	PKP024	534	2	me]?	me	_	_	_	_	_	linguistic	_	ContainsVariation=No	Intonation=Rising	End=1268.63	_	_	_	0-2(110)
535-0	PKP029	535	0	[eh]	eh	_	_	_	_	_	linguistic	_	ContainsVariation=No	PauseAfter=Yes	Begin=1268.932	_	_	_	0-2(111)
535-1	PKP029	535	1	(.)	(.)	_	_	_	_	_	shortpause	_	ContainsVariation=No	_	_	_	_	_	_
535-2	PKP029	535	2	tutti	tutti	_	_	_	_	_	linguistic	_	ContainsVariation=No	_	End=1269.93	_	_	_	_
536-0	PKP092	536	0	am:[o::re]	amore	_	_	_	_	_	linguistic	_	ContainsVariation=No	_	Begin=1270.764|End=1271.746	1x1,2x2	_	_	2-5(112)
537-0	PKP029	537	0	[povere:]tto	poveretto	_	_	_	_	_	linguistic	_	ContainsVariation=No	_	Begin=1271.258	5x1	_	_	0-6(112)
537-1	PKP029	537	1	ri~	ri~	_	_	_	_	_	linguistic	_	ContainsVariation=No	Interrupted=Yes	_	_	_	_	_
537-2	PKP029	537	2	ti	ti	_	_	_	_	_	linguistic	_	ContainsVariation=No	_	_	_	_	_	_
537-3	PKP029	537	3	ricordi	ricordi	_	_	_	_	_	linguistic	_	ContainsVariation=No	_	_	_	_	_	_
537-4	PKP029	537	4	x	x	_	_	_	_	_	unknown	_	ContainsVariation=No	Syllables=1	_	_	_	_	_
537-5	PKP029	537	5	il	il	_	_	_	_	_	linguistic	_	ContainsVariation=No	_	_	_	_	_	_
537-6	PKP029	537	6	mio	mio	_	_	_	_	_	linguistic	_	ContainsVariation=No	_	_	_	_	_	_
537-7	PKP029	537	7	ga:tto	gatto	_	_	_	_	_	linguistic	_	ContainsVariation=No	_	_	1x1	_	_	_
537-8	PKP029	537	8	com'	com'	_	_	_	_	_	linguistic	_	ContainsVariation=No	SpaceAfter=No	_	_	_	_	_
537-9	PKP029	537	9	era	era	_	_	_	_	_	linguistic	_	ContainsVariation=No	_	_	_	_	_	_
537-10	PKP029	537	10	pa:zzo?	pazzo	_	_	_	_	_	linguistic	_	ContainsVariation=No	Intonation=Rising	End=1274.076	1x1	_	_	_
538-0	PKP024	538	0	sì	sì	_	_	_	_	_	linguistic	_	ContainsVariation=No	_	Begin=1274.125|End=1274.405	_	_	_	_
539-0	PKP029	539	0	eh	eh	_	_	_	_	_	linguistic	_	ContainsVariation=No	_	Begin=1274.54|End=1274.76	_	_	_	_
540-0	PKP024	540	0	ma	ma	_	_	_	_	_	linguistic	_	ContainsVariation=No	_	Begin=1276.208	_	_	_	_
540-1	PKP024	540	1	anche	anche	_	_	_	_	_	linguistic	_	ContainsVariation=No	_	_	_	_	_	_
540-2	PKP024	540	2	lei	lei	_	_	_	_	_	linguistic	_	ContainsVariation=No	_	_	_	_	_	_
540-3	PKP024	540	3	eh	eh	_	_	_	_	_	linguistic	_	ContainsVariation=No	_	End=1277.091	_	_	_	_
541-0	PKP024	541	0	cioè	cioè	_	_	_	_	_	linguistic	_	ContainsVariation=No	_	Begin=1277.574	_	_	_	_
541-1	PKP024	541	1	lei:	lei	_	_	_	_	_	linguistic	_	ContainsVariation=No	PauseAfter=Yes	_	2x1	_	_	_
541-2	PKP024	541	2	(.)	(.)	_	_	_	_	_	shortpause	_	ContainsVariation=No	_	_	_	_	_	_
541-3	PKP024	541	3	mi	mi	_	_	_	_	_	linguistic	_	ContainsVariation=No	_	_	_	_	_	_
541-4	PKP024	541	4	sale:	sale	_	_	_	_	_	linguistic	_	ContainsVariation=No	PauseAfter=Yes	_	3x1	_	_	_
541-5	PKP024	541	5	(.)	(.)	_	_	_	_	_	shortpause	_	ContainsVariation=No	_	_	_	_	_	_
541-6	PKP024	541	6	sale	sale	_	_	_	_	_	linguistic	_	ContainsVariation=No	_	_	_	_	_	_
541-7	PKP024	541	7	nelle	nelle	_	_	_	_	_	linguistic	_	ContainsVariation=No	_	_	_	_	_	_
541-8	PKP024	541	8	spalle	spalle	_	_	_	_	_	linguistic	_	ContainsVariation=No	_	_	_	_	_	_
541-9	PKP024	541	9	delle	delle	_	_	_	_	_	linguistic	_	ContainsVariation=No	_	_	_	_	_	_
541-10	PKP024	541	10	persone	persone	_	_	_	_	_	linguistic	_	ContainsVariation=No	_	_	_	_	_	_
541-11	PKP024	541	11	e	e	_	_	_	_	_	linguistic	_	ContainsVariation=No	_	_	_	_	_	_
541-12	PKP024	541	12	poi	poi	_	_	_	_	_	linguistic	_	ContainsVariation=No	_	_	_	_	_	_
541-13	PKP024	541	13	si	si	_	_	_	_	_	linguistic	_	ContainsVariation=No	_	_	_	_	_	_
541-14	PKP024	541	14	vuole	vuole	_	_	_	_	_	linguistic	_	ContainsVariation=No	_	_	_	_	_	_
541-15	PKP024	541	15	suicidare	suicidare	_	_	_	_	_	linguistic	_	ContainsVariation=No	_	End=1281.531	_	_	_	_
542-0	PKP092	542	0	((ride))	((ride))	_	_	_	_	_	nonverbalbehavior	_	ContainsVariation=No	_	Begin=1281.42|End=1282.09	_	_	_	_
543-0	PKP024	543	0	((ride))	((ride))	_	_	_	_	_	nonverbalbehavior	_	ContainsVariation=No	_	Begin=1281.914	_	_	_	_
543-1	PKP024	543	1	si	si	_	_	_	_	_	linguistic	_	ContainsVariation=No	_	_	_	_	_	_
543-2	PKP024	543	2	vuole	vuole	_	_	_	_	_	linguistic	_	ContainsVariation=No	_	_	_	_	_	_
543-3	PKP024	543	3	buttare	buttare	_	_	_	_	_	linguistic	_	ContainsVariation=No	_	_	_	_	_	_
543-4	PKP024	543	4	di	di	_	_	_	_	_	linguistic	_	ContainsVariation=No	_	_	_	_	_	_
543-5	PKP024	543	5	so:tto	sotto	_	_	_	_	_	linguistic	_	ContainsVariation=No	_	End=1283.917	1x1	_	_	_
544-0	PKP029	544	0	((ride))	((ride))	_	_	_	_	_	nonverbalbehavior	_	ContainsVariation=No	_	Begin=1282.181|End=1283.981	_	_	_	_
545-0	PKP024	545	0	ma	ma	_	_	_	_	_	linguistic	_	ContainsVariation=No	_	Begin=1284.926	_	_	_	_
545-1	PKP024	545	1	ca:di:	cadi	_	_	_	_	_	linguistic	_	ContainsVariation=No	_	End=1285.77	1x1,3x1	_	_	_
546-0	PKP024	546	0	ma	ma	_	_	_	_	_	linguistic	_	ContainsVariation=No	_	Begin=1286.413	_	_	_	_
546-1	PKP024	546	1	poi	poi	_	_	_	_	_	linguistic	_	ContainsVariation=No	_	_	_	_	_	_
546-2	PKP024	546	2	tira	tira	_	_	_	_	_	linguistic	_	ContainsVariation=No	_	_	_	_	_	_
546-3	PKP024	546	3	certe	certe	_	_	_	_	_	linguistic	_	ContainsVariation=No	_	_	_	_	_	_
546-4	PKP024	546	4	testa:te	testate	_	_	_	_	_	linguistic	_	ContainsVariation=No	_	_	4x1	_	_	_
546-5	PKP024	546	5	cioè	cioè	_	_	_	_	_	linguistic	_	ContainsVariation=No	_	_	_	_	_	_
546-6	PKP024	546	6	si	si	_	_	_	_	_	linguistic	_	ContainsVariation=No	_	_	_	_	_	_
546-7	PKP024	546	7	ruo:ta,	ruota	_	_	_	_	_	linguistic	_	ContainsVariation=No	Intonation=WeaklyRising	_	2x1	_	_	_
546-8	PKP024	546	8	tira	tira	_	_	_	_	_	linguistic	_	ContainsVariation=No	_	_	_	_	_	_
546-9	PKP024	546	9	testate	testate	_	_	_	_	_	linguistic	_	ContainsVariation=No	_	_	_	_	_	_
546-10	PKP024	546	10	in	in	_	_	_	_	_	linguistic	_	ContainsVariation=No	_	_	_	_	_	_
546-11	PKP024	546	11	t~	t~	_	_	_	_	_	linguistic	_	ContainsVariation=No	Interrupted=Yes	_	_	_	_	_
546-12	PKP024	546	12	cioè	cioè	_	_	_	_	_	linguistic	_	ContainsVariation=No	_	_	_	_	_	_
546-13	PKP024	546	13	io	io	_	_	_	_	_	linguistic	_	ContainsVariation=No	_	_	_	_	_	_
546-14	PKP024	546	14	come	come	_	_	_	_	_	linguistic	_	ContainsVariation=No	_	_	_	_	_	_
546-15	PKP024	546	15	fanno	fanno	_	_	_	_	_	linguistic	_	ContainsVariation=No	_	_	_	_	_	_
546-16	PKP024	546	16	a	a	_	_	_	_	_	linguistic	_	ContainsVariation=No	_	_	_	_	_	_
546-17	PKP024	546	17	non	non	_	_	_	_	_	linguistic	_	ContainsVariation=No	_	_	_	_	_	_
546-18	PKP024	546	18	morire	morire	_	_	_	_	_	linguistic	_	ContainsVariation=No	_	_	_	_	_	_
546-19	PKP024	546	19	i	i	_	_	_	_	_	linguistic	_	ContainsVariation=No	_	_	_	_	_	_
546-20	PKP024	546	20	gatti	gatti	_	_	_	_	_	linguistic	_	ContainsVariation=No	_	_	_	_	_	_
546-21	PKP024	546	21	ti	ti	_	_	_	_	_	linguistic	_	ContainsVariation=No	_	_	_	_	_	_
546-22	PKP024	546	22	giuro	giuro	_	_	_	_	_	linguistic	_	ContainsVariation=No	_	_	_	_	_	_
546-23	PKP024	546	23	non	non	_	_	_	_	_	linguistic	_	ContainsVariation=No	_	End=1292.37	_	_	_	_
547-0	PKP024	547	0	me	me	_	_	_	_	_	linguistic	_	ContainsVariation=No	_	Begin=1293.196	_	_	_	_
547-1	PKP024	547	1	lo	lo	_	_	_	_	_	linguistic	_	ContainsVariation=No	_	_	_	_	_	_
547-2	PKP024	547	2	chiederò	chiederò	_	_	_	_	_	linguistic	_	ContainsVariation=No	_	_	_	_	_	_
547-3	PKP024	547	3	per	per	_	_	_	_	_	linguistic	_	ContainsVariation=No	_	_	_	_	_	_
547-4	PKP024	547	4	sempre	sempre	_	_	_	_	_	linguistic	_	ContainsVariation=No	_	End=1294.379	_	_	_	_
548-0	PKP024	548	0	però	però	_	_	_	_	_	linguistic	_	ContainsVariation=No	_	Begin=1294.717	_	_	_	_
548-1	PKP024	548	1	è	è	_	_	_	_	_	linguistic	_	ContainsVariation=No	_	_	_	_	_	_
548-2	PKP024	548	2	carina	carina	_	_	_	_	_	linguistic	_	ContainsVariation=No	_	_	_	_	_	_
548-3	PKP024	548	3	perché	perché	_	_	_	_	_	linguistic	_	ContainsVariation=No	_	_	_	_	_	_
548-4	PKP024	548	4	lei	lei	_	_	_	_	_	linguistic	_	ContainsVariation=No	PauseAfter=Yes	_	_	_	_	_
548-5	PKP024	548	5	(.)	(.)	_	_	_	_	_	shortpause	_	ContainsVariation=No	_	_	_	_	_	_
548-6	PKP024	548	6	non	non	_	_	_	_	_	linguistic	_	ContainsVariation=No	_	_	_	_	_	_
548-7	PKP024	548	7	ha	ha	_	_	_	_	_	linguistic	_	ContainsVariation=No	_	_	_	_	_	_
548-8	PKP024	548	8	avuto	avuto	_	_	_	_	_	linguistic	_	ContainsVariation=No	_	_	_	_	_	_
548-9	PKP024	548	9	il	il	_	_	_	_	_	linguistic	_	ContainsVariation=No	_	_	_	_	_	_
548-10	PKP024	548	10	latte	latte	_	_	_	_	_	linguistic	_	ContainsVariation=No	_	_	_	_	_	_
548-11	PKP024	548	11	dalla	dalla	_	_	_	_	_	linguistic	_	ContainsVariation=No	_	_	_	_	_	_
548-12	PKP024	548	12	mamma	mamma	_	_	_	_	_	linguistic	_	ContainsVariation=No	_	_	_	_	_	_
548-13	PKP024	548	13	no,	no	_	_	_	_	_	linguistic	_	ContainsVariation=No	Intonation=WeaklyRising	End=1298.361	_	_	_	_
549-0	PKP024	549	0	e	e	_	_	_	_	_	linguistic	_	ContainsVariation=No	_	Begin=1298.92	_	_	_	_
549-1	PKP024	549	1	quindi	quindi	_	_	_	_	_	linguistic	_	ContainsVariation=No	_	_	_	_	_	_
549-2	PKP024	549	2	ti	ti	_	_	_	_	_	linguistic	_	ContainsVariation=No	_	_	_	_	_	_
549-3	PKP024	549	3	prende	prende	_	_	_	_	_	linguistic	_	ContainsVariation=No	_	_	_	_	_	_
549-4	PKP024	549	4	il	il	_	_	_	_	_	linguistic	_	ContainsVariation=No	_	_	_	_	_	_
549-5	PKP024	549	5	ditin[o]	ditino	_	_	_	_	_	linguistic	_	ContainsVariation=No	_	End=1300.15	_	_	_	5-6(116)
550-0	PKP029	550	0	[e]:h	eh	_	_	_	_	_	linguistic	_	ContainsVariation=No	_	Begin=1300.022	0x1	_	_	0-1(?)
550-1	PKP029	550	1	anch[e]	anche	_	_	_	_	_	linguistic	_	ContainsVariation=No	_	_	_	_	_	4-5(?)
550-2	PKP029	550	2	[il	il	_	_	_	_	_	linguistic	_	ContainsVariation=No	_	_	_	_	_	0-2(?)
550-3	PKP029	550	3	mio	mio	_	_	_	_	_	linguistic	_	ContainsVariation=No	_	_	_	_	_	0-3(?)
550-4	PKP029	550	4	lo	lo	_	_	_	_	_	linguistic	_	ContainsVariation=No	_	_	_	_	_	0-2(?)
550-5	PKP029	550	5	face:va]	faceva	_	_	_	_	_	linguistic	_	ContainsVariation=No	_	End=1301.815	3x1	_	_	0-6(?)
551-0	PKP024	551	0	[e]	e	_	_	_	_	_	linguistic	_	ContainsVariation=No	_	Begin=1300.417	_	_	_	0-1(?)
551-1	PKP024	551	1	[te	te	_	_	_	_	_	linguistic	_	ContainsVariation=No	_	_	_	_	_	0-2(?)
551-2	PKP024	551	2	lo	lo	_	_	_	_	_	linguistic	_	ContainsVariation=No	_	_	_	_	_	0-2(?)
551-3	PKP024	551	3	ciu:::ccia]::	ciuccia	_	_	_	_	_	linguistic	_	ContainsVariation=No	_	End=1302.13	2x3,6x2	_	_	0-7(?)
552-0	PKP092	552	0	[x::][:]	x	_	_	_	_	_	linguistic	_	ContainsVariation=No	_	Begin=1300.51|End=1302.786	0x3	_	_	0-1(170)
553-0	PKP024	553	0	[come	come	_	_	_	_	_	linguistic	_	ContainsVariation=No	_	Begin=1302.179	_	_	_	0-4(117)
553-1	PKP024	553	1	se	se	_	_	_	_	_	linguistic	_	ContainsVariation=No	_	_	_	_	_	0-2(117)
553-2	PKP024	553	2	fo]ss[e::	fosse	_	_	_	_	_	linguistic	_	ContainsVariation=No	_	_	4x2	_	_	0-2(117),4-5(118)
553-3	PKP024	553	3	la	la	_	_	_	_	_	linguistic	_	ContainsVariation=No	_	_	_	_	_	0-2(118)
553-4	PKP024	553	4	mamme]:lla	mammella	_	_	_	_	_	linguistic	_	ContainsVariation=No	_	_	4x1	_	_	0-5(118)
553-5	PKP024	553	5	della	della	_	_	_	_	_	linguistic	_	ContainsVariation=No	_	_	_	_	_	_
553-6	PKP024	553	6	ma:mma	mamma	_	_	_	_	_	linguistic	_	ContainsVariation=No	_	End=1304.895	1x1	_	_	_
554-0	PKP029	554	0	[(la	la	_	_	_	_	_	linguistic	_	ContainsVariation=No	_	Begin=1303.092	_	_	0-2(0)	0-2(118)
554-1	PKP029	554	1	mamme:lla)]	mammella	_	_	_	_	_	linguistic	_	ContainsVariation=No	_	End=1303.805	4x1	_	0-8(0)	0-8(118)
555-0	PKP092	555	0	(amo:::re)	amore	_	_	_	_	_	linguistic	_	ContainsVariation=No	_	Begin=1304.89|End=1306.31	2x3	_	0-5(0)	_
556-0	PKP092	556	0	come	come	_	_	_	_	_	linguistic	_	ContainsVariation=No	_	Begin=1306.39	_	_	_	_
556-1	PKP092	556	1	il	il	_	_	_	_	_	linguistic	_	ContainsVariation=No	_	_	_	_	_	_
556-2	PKP092	556	2	mio	mio	_	_	_	_	_	linguistic	_	ContainsVariation=No	_	_	_	_	_	_
556-3	PKP092	556	3	che	che	_	_	_	_	_	linguistic	_	ContainsVariation=No	_	_	_	_	_	_
556-4	PKP092	556	4	xx	xx	_	_	_	_	_	unknown	_	ContainsVariation=No	Syllables=2	_	_	_	_	_
556-5	PKP092	556	5	gli	gli	_	_	_	_	_	linguistic	_	ContainsVariation=No	_	_	_	_	_	_
556-6	PKP092	556	6	s'	s'	_	_	_	_	_	linguistic	_	ContainsVariation=No	SpaceAfter=No	_	_	_	_	_
556-7	PKP092	556	7	era	era	_	_	_	_	_	linguistic	_	ContainsVariation=No	_	_	_	_	_	_
556-8	PKP092	556	8	dato:	dato	_	_	_	_	_	linguistic	_	ContainsVariation=No	PauseAfter=Yes	_	3x1	_	_	_
556-9	PKP092	556	9	(.)	(.)	_	_	_	_	_	shortpause	_	ContainsVariation=No	_	_	_	_	_	_
556-10	PKP092	556	10	lei	lei	_	_	_	_	_	linguistic	_	ContainsVariation=No	_	_	_	_	_	_
556-11	PKP092	556	11	aveva	aveva	_	_	_	_	_	linguistic	_	ContainsVariation=No	_	_	_	_	_	_
556-12	PKP092	556	12	due	due	_	_	_	_	_	linguistic	_	ContainsVariation=No	_	_	_	_	_	_
556-13	PKP092	556	13	settimane	settimane	_	_	_	_	_	linguistic	_	ContainsVariation=No	_	_	_	_	_	_
556-14	PKP092	556	14	quando	quando	_	_	_	_	_	linguistic	_	ContainsVariation=No	_	_	_	_	_	_
556-15	PKP092	556	15	è	è	_	_	_	_	_	linguistic	_	ContainsVariation=No	_	_	_	_	_	_
556-16	PKP092	556	16	spe~	spe~	_	_	_	_	_	linguistic	_	ContainsVariation=No	Interrupted=Yes	_	_	_	_	_
556-17	PKP092	556	17	le	le	_	_	_	_	_	linguistic	_	ContainsVariation=No	_	_	_	_	_	_
556-18	PKP092	556	18	si	si	_	_	_	_	_	linguistic	_	ContainsVariation=No	_	_	_	_	_	_
556-19	PKP092	556	19	dava:	dava	_	_	_	_	_	linguistic	_	ContainsVariation=No	_	End=1310.91	3x1	_	_	_
557-0	PKP092	557	0	i:::	i	_	_	_	_	_	linguistic	_	ContainsVariation=No	_	Begin=1311.526	0x3	_	_	_
557-1	PKP092	557	1	[mh]	mh	_	_	_	_	_	linguistic	_	ContainsVariation=No	_	End=1312.42	_	_	_	0-2(120)
558-0	PKP024	558	0	[co]l	col	_	_	_	_	_	linguistic	_	ContainsVariation=No	_	Begin=1312.231	_	_	_	0-2(120)
558-1	PKP024	558	1	biberon?	biberon	_	_	_	_	_	linguistic	_	ContainsVariation=No	Intonation=Rising	End=1312.96	_	_	_	_
559-0	PKP092	559	0	sì	sì	_	_	_	_	_	linguistic	_	ContainsVariation=No	_	Begin=1313.11|End=1313.34	_	_	_	_
560-0	PKP024	560	0	amo::re	amore	_	_	_	_	_	linguistic	_	ContainsVariation=No	_	Begin=1313.71|End=1314.485	2x2	_	_	_
561-0	PKP092	561	0	((ride))	((ride))	_	_	_	_	_	nonverbalbehavior	_	ContainsVariation=No	_	Begin=1313.862|End=1314.48	_	_	_	_
562-0	PKP092	562	0	te	te	_	_	_	_	_	linguistic	_	ContainsVariation=No	_	Begin=1314.874	_	_	_	_
562-1	PKP092	562	1	poi	poi	_	_	_	_	_	linguistic	_	ContainsVariation=No	_	_	_	_	_	_
562-2	PKP092	562	2	mettevi	mettevi	_	_	_	_	_	linguistic	_	ContainsVariation=No	_	_	_	_	_	_
562-3	PKP092	562	3	il	il	_	_	_	_	_	linguistic	_	ContainsVariation=No	_	_	_	_	_	_
562-4	PKP092	562	4	ditino	ditino	_	_	_	_	_	linguistic	_	ContainsVariation=No	_	_	_	_	_	_
562-5	PKP092	562	5	e	e	_	_	_	_	_	linguistic	_	ContainsVariation=No	_	_	_	_	_	_
562-6	PKP092	562	6	lei	lei	_	_	_	_	_	linguistic	_	ContainsVariation=No	_	_	_	_	_	_
562-7	PKP092	562	7	lo	lo	_	_	_	_	_	linguistic	_	ContainsVariation=No	_	_	_	_	_	_
562-8	PKP092	562	8	ciucciava	ciucciava	_	_	_	_	_	linguistic	_	ContainsVariation=No	_	End=1316.674	_	_	_	_
563-0	PKP092	563	0	ma	ma	_	_	_	_	_	linguistic	_	ContainsVariation=No	_	Begin=1319.379	_	_	_	_
563-1	PKP092	563	1	era:	era	_	_	_	_	_	linguistic	_	ContainsVariation=No	_	_	2x1	_	_	_
563-2	PKP092	563	2	un	un	_	_	_	_	_	linguistic	_	ContainsVariation=No	PauseAfter=Yes	_	_	_	_	_
563-3	PKP092	563	3	(.)	(.)	_	_	_	_	_	shortpause	_	ContainsVariation=No	_	_	_	_	_	_
563-4	PKP092	563	4	cosi:no	cosino	_	_	_	_	_	linguistic	_	ContainsVariation=No	_	End=1320.89	3x1	_	_	_
564-0	PKP092	564	0	non	non	_	_	_	_	_	linguistic	_	ContainsVariation=No	_	Begin=1321.617	_	_	_	_
564-1	PKP092	564	1	camminava	camminava	_	_	_	_	_	linguistic	_	ContainsVariation=No	_	_	_	_	_	_
564-2	PKP092	564	2	nemmeno	nemmeno	_	_	_	_	_	linguistic	_	ContainsVariation=No	_	_	_	_	_	_
564-3	PKP092	564	3	fra	fra	_	_	_	_	_	linguistic	_	ContainsVariation=No	_	_	_	_	_	_
564-4	PKP092	564	4	un	un	_	_	_	_	_	linguistic	_	ContainsVariation=No	_	_	_	_	_	_
564-5	PKP092	564	5	po'	po'	_	_	_	_	_	linguistic	_	ContainsVariation=No	_	End=1323.22	_	_	_	_
565-0	PKP024	565	0	no	no	_	_	_	_	_	linguistic	_	ContainsVariation=No	_	Begin=1324.233	_	_	_	_
565-1	PKP024	565	1	lei	lei	_	_	_	_	_	linguistic	_	ContainsVariation=No	_	_	_	_	_	_
565-2	PKP024	565	2	penso	penso	_	_	_	_	_	linguistic	_	ContainsVariation=No	_	_	_	_	_	_
565-3	PKP024	565	3	fosse	fosse	_	_	_	_	_	linguistic	_	ContainsVariation=No	_	_	_	_	_	_
565-4	PKP024	565	4	più	più	_	_	_	_	_	linguistic	_	ContainsVariation=No	_	_	_	_	_	_
565-5	PKP024	565	5	grande	grande	_	_	_	_	_	linguistic	_	ContainsVariation=No	_	_	_	_	_	_
565-6	PKP024	565	6	quando	quando	_	_	_	_	_	linguistic	_	ContainsVariation=No	_	_	_	_	_	_
565-7	PKP024	565	7	l'	l'	_	_	_	_	_	linguistic	_	ContainsVariation=No	SpaceAfter=No	_	_	_	_	_
565-8	PKP024	565	8	hanno	hanno	_	_	_	_	_	linguistic	_	ContainsVariation=No	_	_	_	_	_	_
565-9	PKP024	565	9	preso	preso	_	_	_	_	_	linguistic	_	ContainsVariation=No	_	End=1326.42	_	_	_	_
566-0	PKP024	566	0	perché	perché	_	_	_	_	_	linguistic	_	ContainsVariation=No	_	Begin=1329.168	_	_	_	_
566-1	PKP024	566	1	ora	ora	_	_	_	_	_	linguistic	_	ContainsVariation=No	_	_	_	_	_	_
566-2	PKP024	566	2	c'	c'	_	_	_	_	_	linguistic	_	ContainsVariation=No	SpaceAfter=No	_	_	_	_	_
566-3	PKP024	566	3	ha	ha	_	_	_	_	_	linguistic	_	ContainsVariation=No	_	_	_	_	_	_
566-4	PKP024	566	4	un	un	_	_	_	_	_	linguistic	_	ContainsVariation=No	_	_	_	_	_	_
566-5	PKP024	566	5	mese:tto:	mesetto	_	_	_	_	_	linguistic	_	ContainsVariation=No	PauseAfter=Yes	_	3x1,6x1	_	_	_
566-6	PKP024	566	6	(.)	(.)	_	_	_	_	_	shortpause	_	ContainsVariation=No	_	_	_	_	_	_
566-7	PKP024	566	7	[un	un	_	_	_	_	_	linguistic	_	ContainsVariation=No	_	_	_	_	_	0-2(122)
566-8	PKP024	566	8	po'	po'	_	_	_	_	_	linguistic	_	ContainsVariation=No	_	_	_	_	_	0-3(122)
566-9	PKP024	566	9	più]	più	_	_	_	_	_	linguistic	_	ContainsVariation=No	_	_	_	_	_	0-3(122)
566-10	PKP024	566	10	di	di	_	_	_	_	_	linguistic	_	ContainsVariation=No	_	_	_	_	_	_
566-11	PKP024	566	11	un	un	_	_	_	_	_	linguistic	_	ContainsVariation=No	_	_	_	_	_	_
566-12	PKP024	566	12	mese:tto	mesetto	_	_	_	_	_	linguistic	_	ContainsVariation=No	_	End=1331.86	3x1	_	_	_
567-0	PKP092	567	0	[x]	x	_	_	_	_	_	unknown	_	ContainsVariation=No	Syllables=1	Begin=1330.874|End=1331.244	_	_	_	0-1(122)
568-0	PKP092	568	0	no:	no	_	_	_	_	_	linguistic	_	ContainsVariation=No	_	Begin=1331.864	1x1	_	_	_
568-1	PKP092	568	1	la	la	_	_	_	_	_	linguistic	_	ContainsVariation=No	_	_	_	_	_	_
568-2	PKP092	568	2	mia	mia	_	_	_	_	_	linguistic	_	ContainsVariation=No	_	_	_	_	_	_
568-3	PKP092	568	3	era	era	_	_	_	_	_	linguistic	_	ContainsVariation=No	_	_	_	_	_	_
568-4	PKP092	568	4	proprio::	proprio	_	_	_	_	_	linguistic	_	ContainsVariation=No	_	_	6x2	_	_	_
568-5	PKP092	568	5	due	due	_	_	_	_	_	linguistic	_	ContainsVariation=No	_	_	_	_	_	_
568-6	PKP092	568	6	settima:ne	settimane	_	_	_	_	_	linguistic	_	ContainsVariation=No	_	_	6x1	_	_	_
568-7	PKP092	568	7	avrà	avrà	_	_	_	_	_	linguistic	_	ContainsVariation=No	_	_	_	_	_	_
568-8	PKP092	568	8	avuto	avuto	_	_	_	_	_	linguistic	_	ContainsVariation=No	_	End=1335.16	_	_	_	_
569-0	PKP024	569	0	ma	ma	_	_	_	_	_	linguistic	_	ContainsVariation=No	_	Begin=1335.523	_	_	_	_
569-1	PKP024	569	1	perché	perché	_	_	_	_	_	linguistic	_	ContainsVariation=No	_	_	_	_	_	_
569-2	PKP024	569	2	voi	voi	_	_	_	_	_	linguistic	_	ContainsVariation=No	_	_	_	_	_	_
569-3	PKP024	569	3	l'	l'	_	_	_	_	_	linguistic	_	ContainsVariation=No	SpaceAfter=No	_	_	_	_	_
569-4	PKP024	569	4	avete	avete	_	_	_	_	_	linguistic	_	ContainsVariation=No	_	_	_	_	_	_
569-5	PKP024	569	5	trova:ta?	trovata	_	_	_	_	_	linguistic	_	ContainsVariation=No	Intonation=Rising	End=1336.77	4x1	_	_	_
570-0	PKP092	570	0	mh	mh	_	_	_	_	_	linguistic	_	ContainsVariation=No	_	Begin=1336.904|End=1337.165	_	_	_	_
571-0	PKP092	571	0	sì	sì	_	_	_	_	_	linguistic	_	ContainsVariation=No	_	Begin=1337.819|End=1338.087	_	_	_	_
572-0	PKP024	572	0	anche	anche	_	_	_	_	_	linguistic	_	ContainsVariation=No	_	Begin=1339.188	_	_	_	_
572-1	PKP024	572	1	lei	lei	_	_	_	_	_	linguistic	_	ContainsVariation=No	_	_	_	_	_	_
572-2	PKP024	572	2	lei	lei	_	_	_	_	_	linguistic	_	ContainsVariation=No	_	_	_	_	_	_
572-3	PKP024	572	3	l'	l'	_	_	_	_	_	linguistic	_	ContainsVariation=No	SpaceAfter=No	_	_	_	_	_
572-4	PKP024	572	4	ha	ha	_	_	_	_	_	linguistic	_	ContainsVariation=No	_	_	_	_	_	_
572-5	PKP024	572	5	trovata	trovata	_	_	_	_	_	linguistic	_	ContainsVariation=No	_	_	_	_	_	_
572-6	PKP024	572	6	l'	l'	_	_	_	_	_	linguistic	_	ContainsVariation=No	SpaceAfter=No	_	_	_	_	_
572-7	PKP024	572	7	e:lena	elena	_	_	_	_	_	linguistic	_	ContainsVariation=No	_	_	0x1	_	_	_
572-8	PKP024	572	8	in	in	_	_	_	_	_	linguistic	_	ContainsVariation=No	_	_	_	_	_	_
572-9	PKP024	572	9	una	una	_	_	_	_	_	linguistic	_	ContainsVariation=No	_	_	_	_	_	_
572-10	PKP024	572	10	stalla	stalla	_	_	_	_	_	linguistic	_	ContainsVariation=No	_	End=1341.502	_	_	_	_
573-0	PKP092	573	0	x	x	_	_	_	_	_	unknown	_	ContainsVariation=No	Syllables=1	Begin=1342.17|End=1342.431	_	_	_	_
574-0	PKP024	574	0	una	una	_	_	_	_	_	linguistic	_	ContainsVariation=No	_	Begin=1343.485	_	_	_	_
574-1	PKP024	574	1	gatta	gatta	_	_	_	_	_	linguistic	_	ContainsVariation=No	_	_	_	_	_	_
574-2	PKP024	574	2	fluviana	fluviana	_	_	_	_	_	linguistic	_	ContainsVariation=No	_	End=1344.466	_	_	_	_
575-0	PKP024	575	0	friula~	friula~	_	_	_	_	_	linguistic	_	ContainsVariation=No	Interrupted=Yes	Begin=1344.92	_	_	_	_
575-1	PKP024	575	1	friulana	friulana	_	_	_	_	_	linguistic	_	ContainsVariation=No	_	_	_	_	_	_
575-2	PKP024	575	2	fluvia~	fluvia~	_	_	_	_	_	linguistic	_	ContainsVariation=No	Interrupted=Yes	End=1346.25	_	_	_	_
576-0	PKP092	576	0	ma	ma	_	_	_	_	_	linguistic	_	ContainsVariation=No	_	Begin=1346.264	_	_	_	_
576-1	PKP092	576	1	è	è	_	_	_	_	_	linguistic	_	ContainsVariation=No	_	_	_	_	_	_
576-2	PKP092	576	2	nuo:va	nuova	_	_	_	_	_	linguistic	_	ContainsVariation=No	_	_	2x1	_	_	_
576-3	PKP092	576	3	[quest'	quest'	_	_	_	_	_	linguistic	_	ContainsVariation=No	SpaceAfter=No	_	_	_	_	0-6(123)
576-4	PKP092	576	4	e:]lena	elena	_	_	_	_	_	linguistic	_	ContainsVariation=No	_	End=1347.553	0x1	_	_	0-1(123)
577-0	PKP024	577	0	[lapsus]	lapsus	_	_	_	_	_	linguistic	_	ContainsVariation=No	_	Begin=1346.893|End=1347.41	_	_	_	0-6(123)
578-0	PKP024	578	0	°sì°	sì	_	_	_	_	_	linguistic	_	ContainsVariation=No	Volume=low	Begin=1347.71|End=1348.01	_	_	_	_
579-0	PKP092	579	0	ma	ma	_	_	_	_	_	linguistic	_	ContainsVariation=No	_	Begin=1348.713	_	_	_	_
579-1	PKP092	579	1	[quest'	quest'	_	_	_	_	_	linguistic	_	ContainsVariation=No	SpaceAfter=No	_	_	_	_	0-6(124)
579-2	PKP092	579	2	a:nno]	anno	_	_	_	_	_	linguistic	_	ContainsVariation=No	_	End=1349.35	0x1	_	_	0-4(124)
580-0	PKP024	580	0	[è	è	_	_	_	_	_	linguistic	_	ContainsVariation=No	_	Begin=1348.884	_	_	_	0-1(124)
580-1	PKP024	580	1	arrivata:]	arrivata	_	_	_	_	_	linguistic	_	ContainsVariation=No	_	End=1349.35	7x1	_	_	0-8(124)
581-0	PKP024	581	0	mhmh	mhmh	_	_	_	_	_	linguistic	_	ContainsVariation=No	_	Begin=1349.502|End=1349.763	_	_	_	_
582-0	PKP024	582	0	>se	se	_	_	_	_	_	linguistic	_	ContainsVariation=No	_	Begin=1350.616	_	Fast=0-2(0)	_	_
582-1	PKP024	582	1	n'	n'	_	_	_	_	_	linguistic	_	ContainsVariation=No	SpaceAfter=No	_	_	Fast=0-2(0)	_	_
582-2	PKP024	582	2	è<	è	_	_	_	_	_	linguistic	_	ContainsVariation=No	_	_	_	Fast=0-1(0)	_	_
582-3	PKP024	582	3	andato	andato	_	_	_	_	_	linguistic	_	ContainsVariation=No	_	_	_	_	_	_
582-4	PKP024	582	4	via	via	_	_	_	_	_	linguistic	_	ContainsVariation=No	_	_	_	_	_	_
582-5	PKP024	582	5	paolo	paolo	_	_	_	_	_	linguistic	_	ContainsVariation=No	_	End=1351.499	_	_	_	_
583-0	PKP092	583	0	quello	quello	_	_	_	_	_	linguistic	_	ContainsVariation=No	_	Begin=1353.122	_	_	_	_
583-1	PKP092	583	1	secco	secco	_	_	_	_	_	linguistic	_	ContainsVariation=No	_	_	_	_	_	_
583-2	PKP092	583	2	secco?	secco	_	_	_	_	_	linguistic	_	ContainsVariation=No	Intonation=Rising	End=1353.891	_	_	_	_
584-0	PKP029	584	0	((ride))	((ride))	_	_	_	_	_	nonverbalbehavior	_	ContainsVariation=No	_	Begin=1354.581|End=1355.25	_	_	_	_
585-0	PKP029	585	0	a:h	ah	_	_	_	_	_	linguistic	_	ContainsVariation=No	_	Begin=1355.754	0x1	_	_	_
585-1	PKP029	585	1	ho	ho	_	_	_	_	_	linguistic	_	ContainsVariation=No	_	_	_	_	_	_
585-2	PKP029	585	2	capito	capito	_	_	_	_	_	linguistic	_	ContainsVariation=No	_	_	_	_	_	_
585-3	PKP029	585	3	chi	chi	_	_	_	_	_	linguistic	_	ContainsVariation=No	_	_	_	_	_	_
585-4	PKP029	585	4	è	è	_	_	_	_	_	linguistic	_	ContainsVariation=No	_	End=1356.67	_	_	_	_
586-0	PKP029	586	0	n'	n'	_	_	_	_	_	linguistic	_	ContainsVariation=No	SpaceAfter=No	Begin=1358.433	_	_	_	_
586-1	PKP029	586	1	do'	do'	_	_	_	_	_	linguistic	_	ContainsVariation=No	Truncated=Yes	_	_	_	_	_
586-2	PKP029	586	2	è	è	_	_	_	_	_	linguistic	_	ContainsVariation=No	_	_	_	_	_	_
586-3	PKP029	586	3	andato?	andato	_	_	_	_	_	linguistic	_	ContainsVariation=No	Intonation=Rising	End=1359.007	_	_	_	_
587-0	PKP024	587	0	mh?	mh	_	_	_	_	_	linguistic	_	ContainsVariation=No	Intonation=Rising	Begin=1359.565|End=1359.89	_	_	_	_
588-0	PKP029	588	0	n'	n'	_	_	_	_	_	linguistic	_	ContainsVariation=No	SpaceAfter=No	Begin=1359.96	_	_	_	_
588-1	PKP029	588	1	do'	do'	_	_	_	_	_	linguistic	_	ContainsVariation=No	Truncated=Yes	_	_	_	_	_
588-2	PKP029	588	2	è	è	_	_	_	_	_	linguistic	_	ContainsVariation=No	_	_	_	_	_	_
588-3	PKP029	588	3	andato?	andato	_	_	_	_	_	linguistic	_	ContainsVariation=No	Intonation=Rising	End=1360.733	_	_	_	_
589-0	PKP024	589	0	ha	ha	_	_	_	_	_	linguistic	_	ContainsVariation=No	_	Begin=1361.181	_	_	_	_
589-1	PKP024	589	1	cambiato	cambiato	_	_	_	_	_	linguistic	_	ContainsVariation=No	_	_	_	_	_	_
589-2	PKP024	589	2	casa	casa	_	_	_	_	_	linguistic	_	ContainsVariation=No	_	End=1362.21	_	_	_	_
590-0	PKP092	590	0	ah	ah	_	_	_	_	_	linguistic	_	ContainsVariation=No	_	Begin=1362.458|End=1362.718	_	_	_	_
591-0	PKP029	591	0	ah	ah	_	_	_	_	_	linguistic	_	ContainsVariation=No	PauseAfter=Yes	Begin=1362.72	_	_	_	_
591-1	PKP029	591	1	(.)	(.)	_	_	_	_	_	shortpause	_	ContainsVariation=No	_	_	_	_	_	_
591-2	PKP029	591	2	perché?	perché	_	_	_	_	_	linguistic	_	ContainsVariation=No	Intonation=Rising	End=1363.57	_	_	_	_
592-0	PKP092	592	0	così	così	_	_	_	_	_	linguistic	_	ContainsVariation=No	_	Begin=1364.305|End=1364.773	_	_	_	_
593-0	PKP024	593	0	non	non	_	_	_	_	_	linguistic	_	ContainsVariation=No	_	Begin=1366.674	_	_	_	_
593-1	PKP024	593	1	penso	penso	_	_	_	_	_	linguistic	_	ContainsVariation=No	_	_	_	_	_	_
593-2	PKP024	593	2	ci	ci	_	_	_	_	_	linguistic	_	ContainsVariation=No	_	_	_	_	_	_
593-3	PKP024	593	3	fosse	fosse	_	_	_	_	_	linguistic	_	ContainsVariation=No	_	_	_	_	_	_
593-4	PKP024	593	4	un	un	_	_	_	_	_	linguistic	_	ContainsVariation=No	_	_	_	_	_	_
593-5	PKP024	593	5	motivo	motivo	_	_	_	_	_	linguistic	_	ContainsVariation=No	_	End=1367.961	_	_	_	_
594-0	PKP092	594	0	gli	gli	_	_	_	_	_	linguistic	_	ContainsVariation=No	_	Begin=1368.102	_	_	_	_
594-1	PKP092	594	1	andava	andava	_	_	_	_	_	linguistic	_	ContainsVariation=No	_	End=1368.768	_	_	_	_
595-0	PKP024	595	0	aveva	aveva	_	_	_	_	_	linguistic	_	ContainsVariation=No	_	Begin=1369.29	_	_	_	_
595-1	PKP024	595	1	detto:	detto	_	_	_	_	_	linguistic	_	ContainsVariation=No	_	_	4x1	_	_	_
595-2	PKP024	595	2	vabbè	vabbè	_	_	_	_	_	linguistic	_	ContainsVariation=No	_	_	_	_	_	_
595-3	PKP024	595	3	lui	lui	_	_	_	_	_	linguistic	_	ContainsVariation=No	_	_	_	_	_	_
595-4	PKP024	595	4	c'	c'	_	_	_	_	_	linguistic	_	ContainsVariation=No	SpaceAfter=No	_	_	_	_	_
595-5	PKP024	595	5	era	era	_	_	_	_	_	linguistic	_	ContainsVariation=No	_	_	_	_	_	_
595-6	PKP024	595	6	da:	da	_	_	_	_	_	linguistic	_	ContainsVariation=No	_	_	1x1	_	_	_
595-7	PKP024	595	7	quattro	quattro	_	_	_	_	_	linguistic	_	ContainsVariation=No	_	_	_	_	_	_
595-8	PKP024	595	8	anni	anni	_	_	_	_	_	linguistic	_	ContainsVariation=No	_	_	_	_	_	_
595-9	PKP024	595	9	eh	eh	_	_	_	_	_	linguistic	_	ContainsVariation=No	_	_	_	_	_	_
595-10	PKP024	595	10	lì	lì	_	_	_	_	_	linguistic	_	ContainsVariation=No	_	End=1371.73	_	_	_	_
596-0	PKP092	596	0	a:h	ah	_	_	_	_	_	linguistic	_	ContainsVariation=No	_	Begin=1372.332	0x1	_	_	_
596-1	PKP092	596	1	vabbè	vabbè	_	_	_	_	_	linguistic	_	ContainsVariation=No	_	_	_	_	_	_
596-2	PKP092	596	2	[ci	ci	_	_	_	_	_	linguistic	_	ContainsVariation=No	_	_	_	_	_	0-2(125)
596-3	PKP092	596	3	sta]	sta	_	_	_	_	_	linguistic	_	ContainsVariation=No	_	End=1373.22	_	_	_	0-3(125)
597-0	PKP024	597	0	[quindi	quindi	_	_	_	_	_	linguistic	_	ContainsVariation=No	_	Begin=1372.833	_	_	_	0-6(125)
597-1	PKP024	597	1	ha	ha	_	_	_	_	_	linguistic	_	ContainsVariation=No	_	_	_	_	_	0-2(125)
597-2	PKP024	597	2	de]tto	detto	_	_	_	_	_	linguistic	_	ContainsVariation=No	_	_	_	_	_	0-2(125)
597-3	PKP024	597	3	ba:sta	basta	_	_	_	_	_	linguistic	_	ContainsVariation=No	_	_	1x1	_	_	_
597-4	PKP024	597	4	volevo	volevo	_	_	_	_	_	linguistic	_	ContainsVariation=No	_	_	_	_	_	_
597-5	PKP024	597	5	cambiare	cambiare	_	_	_	_	_	linguistic	_	ContainsVariation=No	_	End=1374.5	_	_	_	_
598-0	PKP092	598	0	mh	mh	_	_	_	_	_	linguistic	_	ContainsVariation=No	_	Begin=1374.491|End=1374.748	_	_	_	_
599-0	PKP024	599	0	e	e	_	_	_	_	_	linguistic	_	ContainsVariation=No	_	Begin=1375.734	_	_	_	_
599-1	PKP024	599	1	allora	allora	_	_	_	_	_	linguistic	_	ContainsVariation=No	_	_	_	_	_	_
599-2	PKP024	599	2	è	è	_	_	_	_	_	linguistic	_	ContainsVariation=No	_	_	_	_	_	_
599-3	PKP024	599	3	(venuto)	venuto	_	_	_	_	_	linguistic	_	ContainsVariation=No	_	_	_	_	0-6(0)	_
599-4	PKP024	599	4	a	a	_	_	_	_	_	linguistic	_	ContainsVariation=No	_	_	_	_	_	_
599-5	PKP024	599	5	sta	sta	_	_	_	_	_	linguistic	_	ContainsVariation=No	_	_	_	_	_	_
599-6	PKP024	599	6	citta	citta	_	_	_	_	_	linguistic	_	ContainsVariation=No	_	End=1376.905	_	_	_	_
600-0	PKP092	600	0	di	di	_	_	_	_	_	linguistic	_	ContainsVariation=No	_	Begin=1377.834	_	_	_	_
600-1	PKP092	600	1	che	che	_	_	_	_	_	linguistic	_	ContainsVariation=No	_	_	_	_	_	_
600-2	PKP092	600	2	anno	anno	_	_	_	_	_	linguistic	_	ContainsVariation=No	_	_	_	_	_	_
600-3	PKP092	600	3	è?	è	_	_	_	_	_	linguistic	_	ContainsVariation=No	Intonation=Rising	End=1378.509	_	_	_	_
601-0	PKP024	601	0	penso	penso	_	_	_	_	_	linguistic	_	ContainsVariation=No	_	Begin=1380.836	_	_	_	_
601-1	PKP024	601	1	sia	sia	_	_	_	_	_	linguistic	_	ContainsVariation=No	_	_	_	_	_	_
601-2	PKP024	601	2	novantotto	novantotto	_	_	_	_	_	linguistic	_	ContainsVariation=No	_	_	_	_	_	_
601-3	PKP024	601	3	lei	lei	_	_	_	_	_	linguistic	_	ContainsVariation=No	_	End=1382.237	_	_	_	_
602-0	PKP092	602	0	°e	e	_	_	_	_	_	linguistic	_	ContainsVariation=No	Volume=low	Begin=1383.221	_	_	_	_
602-1	PKP092	602	1	che	che	_	_	_	_	_	linguistic	_	ContainsVariation=No	Volume=low	_	_	_	_	_
602-2	PKP092	602	2	fa?°	fa	_	_	_	_	_	linguistic	_	ContainsVariation=No	Intonation=Rising|Volume=low	End=1383.79	_	_	_	_
603-0	PKP024	603	0	le	le	_	_	_	_	_	linguistic	_	ContainsVariation=No	_	Begin=1384.77	_	_	_	_
603-1	PKP024	603	1	belle	belle	_	_	_	_	_	linguistic	_	ContainsVariation=No	_	_	_	_	_	_
603-2	PKP024	603	2	arti	arti	_	_	_	_	_	linguistic	_	ContainsVariation=No	_	End=1385.446	_	_	_	_
604-0	PKP092	604	0	mh	mh	_	_	_	_	_	linguistic	_	ContainsVariation=No	_	Begin=1385.723|End=1385.98	_	_	_	_
605-0	PKP024	605	0	penso	penso	_	_	_	_	_	linguistic	_	ContainsVariation=No	PauseAfter=Yes	Begin=1387.32	_	_	_	_
605-1	PKP024	605	1	(.)	(.)	_	_	_	_	_	shortpause	_	ContainsVariation=No	_	_	_	_	_	_
605-2	PKP024	605	2	sì	sì	_	_	_	_	_	linguistic	_	ContainsVariation=No	_	End=1388.212	_	_	_	_
606-0	PKP024	606	0	ma	ma	_	_	_	_	_	linguistic	_	ContainsVariation=No	_	Begin=1391.035	_	_	_	_
606-1	PKP024	606	1	è	è	_	_	_	_	_	linguistic	_	ContainsVariation=No	_	_	_	_	_	_
606-2	PKP024	606	2	sempre	sempre	_	_	_	_	_	linguistic	_	ContainsVariation=No	_	_	_	_	_	_
606-3	PKP024	606	3	fuori	fuori	_	_	_	_	_	linguistic	_	ContainsVariation=No	_	_	_	_	_	_
606-4	PKP024	606	4	io	io	_	_	_	_	_	linguistic	_	ContainsVariation=No	_	_	_	_	_	_
606-5	PKP024	606	5	l'	l'	_	_	_	_	_	linguistic	_	ContainsVariation=No	SpaceAfter=No	_	_	_	_	_
606-6	PKP024	606	6	ho	ho	_	_	_	_	_	linguistic	_	ContainsVariation=No	_	_	_	_	_	_
606-7	PKP024	606	7	vista:	vista	_	_	_	_	_	linguistic	_	ContainsVariation=No	PauseAfter=Yes	_	4x1	_	_	_
606-8	PKP024	606	8	(.)	(.)	_	_	_	_	_	shortpause	_	ContainsVariation=No	_	_	_	_	_	_
606-9	PKP024	606	9	due	due	_	_	_	_	_	linguistic	_	ContainsVariation=No	_	_	_	_	_	_
606-10	PKP024	606	10	vo:lte	volte	_	_	_	_	_	linguistic	_	ContainsVariation=No	_	_	1x1	_	_	_
606-11	PKP024	606	11	tipo	tipo	_	_	_	_	_	linguistic	_	ContainsVariation=No	_	End=1393.557	_	_	_	_
607-0	PKP024	607	0	e	e	_	_	_	_	_	linguistic	_	ContainsVariation=No	_	Begin=1395.59	_	_	_	_
607-1	PKP024	607	1	quando	quando	_	_	_	_	_	linguistic	_	ContainsVariation=No	_	_	_	_	_	_
607-2	PKP024	607	2	c'	c'	_	_	_	_	_	linguistic	_	ContainsVariation=No	SpaceAfter=No	_	_	_	_	_
607-3	PKP024	607	3	è,	è	_	_	_	_	_	linguistic	_	ContainsVariation=No	Intonation=WeaklyRising	End=1396.178	_	_	_	_
608-0	PKP024	608	0	è	è	_	_	_	_	_	linguistic	_	ContainsVariation=No	_	Begin=1397.349	_	_	_	_
608-1	PKP024	608	1	col	col	_	_	_	_	_	linguistic	_	ContainsVariation=No	_	_	_	_	_	_
608-2	PKP024	608	2	suo	suo	_	_	_	_	_	linguistic	_	ContainsVariation=No	_	_	_	_	_	_
608-3	PKP024	608	3	fidanzato	fidanzato	_	_	_	_	_	linguistic	_	ContainsVariation=No	_	End=1398.42	_	_	_	_
609-0	PKP024	609	0	che	che	_	_	_	_	_	linguistic	_	ContainsVariation=No	_	Begin=1399.064	_	_	_	_
609-1	PKP024	609	1	mi	mi	_	_	_	_	_	linguistic	_	ContainsVariation=No	_	_	_	_	_	_
609-2	PKP024	609	2	fa	fa	_	_	_	_	_	linguistic	_	ContainsVariation=No	_	_	_	_	_	_
609-3	PKP024	609	3	schiantar	schiantar	_	_	_	_	_	linguistic	_	ContainsVariation=No	_	_	_	_	_	_
609-4	PKP024	609	4	dal	dal	_	_	_	_	_	linguistic	_	ContainsVariation=No	_	_	_	_	_	_
609-5	PKP024	609	5	ridere	ridere	_	_	_	_	_	linguistic	_	ContainsVariation=No	_	_	_	_	_	_
609-6	PKP024	609	6	((ride))	((ride))	_	_	_	_	_	nonverbalbehavior	_	ContainsVariation=No	_	End=1401.16	_	_	_	_
610-0	PKP024	610	0	anche	anche	_	_	_	_	_	linguistic	_	ContainsVariation=No	_	Begin=1401.537	_	_	_	_
610-1	PKP024	610	1	se	se	_	_	_	_	_	linguistic	_	ContainsVariation=No	_	_	_	_	_	_
610-2	PKP024	610	2	è	è	_	_	_	_	_	linguistic	_	ContainsVariation=No	_	_	_	_	_	_
610-3	PKP024	610	3	bassi:ssimo	bassissimo	_	_	_	_	_	linguistic	_	ContainsVariation=No	_	End=1402.82	4x1	_	_	_
611-0	PKP024	611	0	che	che	_	_	_	_	_	linguistic	_	ContainsVariation=No	_	Begin=1403.76	_	_	_	_
611-1	PKP024	611	1	poi	poi	_	_	_	_	_	linguistic	_	ContainsVariation=No	_	_	_	_	_	_
611-2	PKP024	611	2	lui	lui	_	_	_	_	_	linguistic	_	ContainsVariation=No	_	_	_	_	_	_
611-3	PKP024	611	3	è	è	_	_	_	_	_	linguistic	_	ContainsVariation=No	_	_	_	_	_	_
611-4	PKP024	611	4	(di	di	_	_	_	_	_	linguistic	_	ContainsVariation=No	_	_	_	_	0-2(0)	_
611-5	PKP024	611	5	riano)	riano	_	_	_	_	_	linguistic	_	ContainsVariation=No	_	End=1404.88	_	_	0-5(0)	_
612-0	PKP024	612	0	e	e	_	_	_	_	_	linguistic	_	ContainsVariation=No	_	Begin=1407.454	_	_	_	_
612-1	PKP024	612	1	lui	lui	_	_	_	_	_	linguistic	_	ContainsVariation=No	_	_	_	_	_	_
612-2	PKP024	612	2	(saluta	saluta	_	_	_	_	_	linguistic	_	ContainsVariation=No	_	_	_	_	0-6(0)	_
612-3	PKP024	612	3	tutti)	tutti	_	_	_	_	_	linguistic	_	ContainsVariation=No	_	_	_	_	0-5(0)	_
612-4	PKP024	612	4	così	così	_	_	_	_	_	linguistic	_	ContainsVariation=No	_	End=1408.833	_	_	_	_
613-0	PKP092	613	0	mh	mh	_	_	_	_	_	linguistic	_	ContainsVariation=No	_	Begin=1409.344|End=1409.604	_	_	_	_
614-0	PKP091	614	0	((ride))	((ride))	_	_	_	_	_	nonverbalbehavior	_	ContainsVariation=No	_	Begin=1409.688|End=1411.54	_	_	_	_
615-0	PKP029	615	0	((ride))	((ride))	_	_	_	_	_	nonverbalbehavior	_	ContainsVariation=No	_	Begin=1409.688|End=1411.492	_	_	_	_
616-0	PKP024	616	0	((ride))	((ride))	_	_	_	_	_	nonverbalbehavior	_	ContainsVariation=No	_	Begin=1410.25|End=1411.8	_	_	_	_
617-0	PKP024	617	0	ti	ti	_	_	_	_	_	linguistic	_	ContainsVariation=No	_	Begin=1411.8	_	_	_	_
617-1	PKP024	617	1	giu:ro	giuro	_	_	_	_	_	linguistic	_	ContainsVariation=No	_	End=1412.369	2x1	_	_	_
618-0	PKP024	618	0	((ride))	((ride))	_	_	_	_	_	nonverbalbehavior	_	ContainsVariation=No	_	Begin=1412.389|End=1413.049	_	_	_	_
619-0	PKP024	619	0	(solo	solo	_	_	_	_	_	linguistic	_	ContainsVariation=No	_	Begin=1413.068	_	_	0-4(0)	_
619-1	PKP024	619	1	che	che	_	_	_	_	_	linguistic	_	ContainsVariation=No	_	_	_	_	0-3(0)	_
619-2	PKP024	619	2	sai)	sai	_	_	_	_	_	linguistic	_	ContainsVariation=No	_	End=1413.943	_	_	0-3(0)	_
620-0	PKP024	620	0	((ride))	((ride))	_	_	_	_	_	nonverbalbehavior	_	ContainsVariation=No	_	Begin=1413.97|End=1414.744	_	_	_	_
621-0	PKP024	621	0	mi	mi	_	_	_	_	_	linguistic	_	ContainsVariation=No	_	Begin=1414.76	_	_	_	_
621-1	PKP024	621	1	fa	fa	_	_	_	_	_	linguistic	_	ContainsVariation=No	_	_	_	_	_	_
621-2	PKP024	621	2	morir	morir	_	_	_	_	_	linguistic	_	ContainsVariation=No	_	_	_	_	_	_
621-3	PKP024	621	3	dal	dal	_	_	_	_	_	linguistic	_	ContainsVariation=No	_	_	_	_	_	_
621-4	PKP024	621	4	ri:dere	ridere	_	_	_	_	_	linguistic	_	ContainsVariation=No	_	_	1x1	_	_	_
621-5	PKP024	621	5	quel	quel	_	_	_	_	_	linguistic	_	ContainsVariation=No	_	_	_	_	_	_
621-6	PKP024	621	6	raga:zzo	ragazzo	_	_	_	_	_	linguistic	_	ContainsVariation=No	_	_	3x1	_	_	_
621-7	PKP024	621	7	è	è	_	_	_	_	_	linguistic	_	ContainsVariation=No	_	_	_	_	_	_
621-8	PKP024	621	8	simpatici:ssimo	simpaticissimo	_	_	_	_	_	linguistic	_	ContainsVariation=No	_	End=1417.481	8x1	_	_	_
622-0	PKP024	622	0	ma	ma	_	_	_	_	_	linguistic	_	ContainsVariation=No	_	Begin=1430.636	_	_	_	_
622-1	PKP024	622	1	maria	maria	_	_	_	_	_	linguistic	_	ContainsVariation=No	_	_	_	_	_	_
622-2	PKP024	622	2	è	è	_	_	_	_	_	linguistic	_	ContainsVariation=No	_	_	_	_	_	_
622-3	PKP024	622	3	tornata	tornata	_	_	_	_	_	linguistic	_	ContainsVariation=No	_	_	_	_	_	_
622-4	PKP024	622	4	a	a	_	_	_	_	_	linguistic	_	ContainsVariation=No	_	_	_	_	_	_
622-5	PKP024	622	5	bologna?	bologna	_	_	_	_	_	linguistic	_	ContainsVariation=No	Intonation=Rising	End=1431.908	_	_	_	_
623-0	PKP092	623	0	e:::h	eh	_	_	_	_	_	linguistic	_	ContainsVariation=No	_	Begin=1433.25	0x3	_	_	_
623-1	PKP092	623	1	sì	sì	_	_	_	_	_	linguistic	_	ContainsVariation=No	_	_	_	_	_	_
623-2	PKP092	623	2	ma	ma	_	_	_	_	_	linguistic	_	ContainsVariation=No	_	_	_	_	_	_
623-3	PKP092	623	3	ora	ora	_	_	_	_	_	linguistic	_	ContainsVariation=No	_	_	_	_	_	_
623-4	PKP092	623	4	è	è	_	_	_	_	_	linguistic	_	ContainsVariation=No	_	_	_	_	_	_
623-5	PKP092	623	5	tornata	tornata	_	_	_	_	_	linguistic	_	ContainsVariation=No	_	_	_	_	_	_
623-6	PKP092	623	6	ad	ad	_	_	_	_	_	linguistic	_	ContainsVariation=No	_	_	_	_	_	_
623-7	PKP092	623	7	arezzo	arezzo	_	_	_	_	_	linguistic	_	ContainsVariation=No	_	_	_	_	_	_
623-8	PKP092	623	8	perché	perché	_	_	_	_	_	linguistic	_	ContainsVariation=No	_	_	_	_	_	_
623-9	PKP092	623	9	ora	ora	_	_	_	_	_	linguistic	_	ContainsVariation=No	_	_	_	_	_	_
623-10	PKP092	623	10	non	non	_	_	_	_	_	linguistic	_	ContainsVariation=No	_	_	_	_	_	_
623-11	PKP092	623	11	hanno	hanno	_	_	_	_	_	linguistic	_	ContainsVariation=No	_	_	_	_	_	_
623-12	PKP092	623	12	ca:sa	casa	_	_	_	_	_	linguistic	_	ContainsVariation=No	_	End=1436.549	1x1	_	_	_
624-0	PKP029	624	0	ah	ah	_	_	_	_	_	linguistic	_	ContainsVariation=No	_	Begin=1437.09|End=1437.361	_	_	_	_
625-0	PKP024	625	0	(e)	e	_	_	_	_	_	linguistic	_	ContainsVariation=No	_	Begin=1437.66	_	_	0-1(0)	_
625-1	PKP024	625	1	come	come	_	_	_	_	_	linguistic	_	ContainsVariation=No	_	_	_	_	_	_
625-2	PKP024	625	2	[no:]?	no	_	_	_	_	_	linguistic	_	ContainsVariation=No	Intonation=Rising	End=1438.17	1x1	_	_	0-2(127)
626-0	PKP029	626	0	[per]ché?	perché	_	_	_	_	_	linguistic	_	ContainsVariation=No	Intonation=Rising	Begin=1437.94|End=1438.46	_	_	_	0-3(127)
627-0	PKP092	627	0	[(l'	l'	_	_	_	_	_	linguistic	_	ContainsVariation=No	SpaceAfter=No	Begin=1438.459	_	_	0-2(0)	0-2(129)
627-1	PKP092	627	1	han	han	_	_	_	_	_	linguistic	_	ContainsVariation=No	_	_	_	_	0-3(0)	0-3(129)
627-2	PKP092	627	2	la~)]	la~	_	_	_	_	_	linguistic	_	ContainsVariation=No	Interrupted=Yes	End=1438.828	_	_	0-3(0)	0-3(129)
628-0	PKP024	628	0	[l'	l'	_	_	_	_	_	linguistic	_	ContainsVariation=No	SpaceAfter=No	Begin=1438.46	_	_	_	0-2(129)
628-1	PKP024	628	1	han	han	_	_	_	_	_	linguistic	_	ContainsVariation=No	_	_	_	_	_	0-3(129)
628-2	PKP024	628	2	las]ciata?	lasciata	_	_	_	_	_	linguistic	_	ContainsVariation=No	Intonation=Rising	End=1439.246	_	_	_	0-3(129)
629-0	PKP092	629	0	sì	sì	_	_	_	_	_	linguistic	_	ContainsVariation=No	_	Begin=1439.278|End=1439.641	_	_	_	_
630-0	PKP029	630	0	ah	ah	_	_	_	_	_	linguistic	_	ContainsVariation=No	_	Begin=1439.904|End=1440.171	_	_	_	_
631-0	PKP092	631	0	che	che	_	_	_	_	_	linguistic	_	ContainsVariation=No	_	Begin=1440.242	_	_	_	_
631-1	PKP092	631	1	roba	roba	_	_	_	_	_	linguistic	_	ContainsVariation=No	_	_	_	_	_	_
631-2	PKP092	631	2	(da)	da	_	_	_	_	_	linguistic	_	ContainsVariation=No	_	_	_	_	0-2(0)	_
631-3	PKP092	631	3	che	che	_	_	_	_	_	linguistic	_	ContainsVariation=No	_	_	_	_	_	_
631-4	PKP092	631	4	ho	ho	_	_	_	_	_	linguistic	_	ContainsVariation=No	_	_	_	_	_	_
631-5	PKP092	631	5	(in)	in	_	_	_	_	_	linguistic	_	ContainsVariation=No	_	_	_	_	0-2(1)	_
631-6	PKP092	631	6	cu:lo	culo	_	_	_	_	_	linguistic	_	ContainsVariation=No	_	End=1441.43	1x1	_	_	_
632-0	PKP092	632	0	e:::h	eh	_	_	_	_	_	linguistic	_	ContainsVariation=No	_	Begin=1442.229	0x3	_	_	_
632-1	PKP092	632	1	ovviamente	ovviamente	_	_	_	_	_	linguistic	_	ContainsVariation=No	_	_	_	_	_	_
632-2	PKP092	632	2	si	si	_	_	_	_	_	linguistic	_	ContainsVariation=No	_	_	_	_	_	_
632-3	PKP092	632	3	sono:	sono	_	_	_	_	_	linguistic	_	ContainsVariation=No	_	_	3x1	_	_	_
632-4	PKP092	632	4	organizzati	organizzati	_	_	_	_	_	linguistic	_	ContainsVariation=No	_	_	_	_	_	_
632-5	PKP092	632	5	tipo:	tipo	_	_	_	_	_	linguistic	_	ContainsVariation=No	PauseAfter=Yes	_	3x1	_	_	_
632-6	PKP092	632	6	(.)	(.)	_	_	_	_	_	shortpause	_	ContainsVariation=No	_	_	_	_	_	_
632-7	PKP092	632	7	[ieri	ieri	_	_	_	_	_	linguistic	_	ContainsVariation=No	_	_	_	_	_	0-4(130)
632-8	PKP092	632	8	l'	l'	_	_	_	_	_	linguistic	_	ContainsVariation=No	SpaceAfter=No	_	_	_	_	0-2(130)
632-9	PKP092	632	9	a:ltro],	altro	_	_	_	_	_	linguistic	_	ContainsVariation=No	Intonation=WeaklyRising	End=1445.96	0x1	_	_	0-5(130)
633-0	PKP024	633	0	[come	come	_	_	_	_	_	linguistic	_	ContainsVariation=No	_	Begin=1445.048	_	_	_	0-4(130)
633-1	PKP024	633	1	l'	l'	_	_	_	_	_	linguistic	_	ContainsVariation=No	SpaceAfter=No	_	_	_	_	0-2(130)
633-2	PKP024	633	2	anno	anno	_	_	_	_	_	linguistic	_	ContainsVariation=No	_	_	_	_	_	0-4(130)
633-3	PKP024	633	3	sco:]rso	scorso	_	_	_	_	_	linguistic	_	ContainsVariation=No	_	_	2x1	_	_	0-3(130)
633-4	PKP024	633	4	[no	no	_	_	_	_	_	linguistic	_	ContainsVariation=No	_	_	_	_	_	0-2(131)
633-5	PKP024	633	5	e:h]	eh	_	_	_	_	_	linguistic	_	ContainsVariation=No	_	_	0x1	_	_	0-2(131)
633-6	PKP024	633	6	eh	eh	_	_	_	_	_	linguistic	_	ContainsVariation=No	_	_	_	_	_	_
633-7	PKP024	633	7	(stessa	stessa	_	_	_	_	_	linguistic	_	ContainsVariation=No	_	_	_	_	0-6(0)	_
633-8	PKP024	633	8	[cosa)]	cosa	_	_	_	_	_	linguistic	_	ContainsVariation=No	_	End=1447.85	_	_	0-4(0)	0-4(132)
634-0	PKP092	634	0	[esatto]	esatto	_	_	_	_	_	linguistic	_	ContainsVariation=No	_	Begin=1446.259|End=1446.9	_	_	_	0-6(131)
635-0	PKP092	635	0	[sono	sono	_	_	_	_	_	linguistic	_	ContainsVariation=No	_	Begin=1447.314	_	_	_	0-4(132)
635-1	PKP092	635	1	si	si	_	_	_	_	_	linguistic	_	ContainsVariation=No	_	_	_	_	_	0-2(132)
635-2	PKP092	635	2	con~]	con~	_	_	_	_	_	linguistic	_	ContainsVariation=No	Interrupted=Yes	_	_	_	_	0-4(132)
635-3	PKP092	635	3	sono	sono	_	_	_	_	_	linguistic	_	ContainsVariation=No	_	_	_	_	_	_
635-4	PKP092	635	4	anche	anche	_	_	_	_	_	linguistic	_	ContainsVariation=No	_	_	_	_	_	_
635-5	PKP092	635	5	convinti	convinti	_	_	_	_	_	linguistic	_	ContainsVariation=No	_	_	_	_	_	_
635-6	PKP092	635	6	di	di	_	_	_	_	_	linguistic	_	ContainsVariation=No	_	_	_	_	_	_
635-7	PKP092	635	7	trovare:	trovare	_	_	_	_	_	linguistic	_	ContainsVariation=No	_	_	6x1	_	_	_
635-8	PKP092	635	8	una	una	_	_	_	_	_	linguistic	_	ContainsVariation=No	_	_	_	_	_	_
635-9	PKP092	635	9	casa:	casa	_	_	_	_	_	linguistic	_	ContainsVariation=No	PauseAfter=Yes	_	3x1	_	_	_
635-10	PKP092	635	10	(.)	(.)	_	_	_	_	_	shortpause	_	ContainsVariation=No	_	_	_	_	_	_
635-11	PKP092	635	11	che:	che	_	_	_	_	_	linguistic	_	ContainsVariation=No	_	_	2x1	_	_	_
635-12	PKP092	635	12	soddisfi	soddisfi	_	_	_	_	_	linguistic	_	ContainsVariation=No	_	_	_	_	_	_
635-13	PKP092	635	13	le	le	_	_	_	_	_	linguistic	_	ContainsVariation=No	_	_	_	_	_	_
635-14	PKP092	635	14	loro:	loro	_	_	_	_	_	linguistic	_	ContainsVariation=No	_	End=1452.24	3x1	_	_	_
636-0	PKP024	636	0	esigen[ze]?	esigenze	_	_	_	_	_	linguistic	_	ContainsVariation=No	Intonation=Rising	Begin=1453.25|End=1454.002	_	_	_	6-8(133)
637-0	PKP092	637	0	[s]ì:,	sì	_	_	_	_	_	linguistic	_	ContainsVariation=No	Intonation=WeaklyRising	Begin=1453.79|End=1454.35	1x1	_	_	0-1(133)
638-0	PKP092	638	0	e::h	eh	_	_	_	_	_	linguistic	_	ContainsVariation=No	_	Begin=1455.1	0x2	_	_	_
638-1	PKP092	638	1	eh	eh	_	_	_	_	_	linguistic	_	ContainsVariation=No	_	_	_	_	_	_
638-2	PKP092	638	2	eh	eh	_	_	_	_	_	linguistic	_	ContainsVariation=No	_	_	_	_	_	_
638-3	PKP092	638	3	bo:h	boh	_	_	_	_	_	linguistic	_	ContainsVariation=No	_	_	1x1	_	_	_
638-4	PKP092	638	4	ora	ora	_	_	_	_	_	linguistic	_	ContainsVariation=No	_	_	_	_	_	_
638-5	PKP092	638	5	sono	sono	_	_	_	_	_	linguistic	_	ContainsVariation=No	_	_	_	_	_	_
638-6	PKP092	638	6	alla	alla	_	_	_	_	_	linguistic	_	ContainsVariation=No	_	_	_	_	_	_
638-7	PKP092	638	7	ricerca	ricerca	_	_	_	_	_	linguistic	_	ContainsVariation=No	_	_	_	_	_	_
638-8	PKP092	638	8	non	non	_	_	_	_	_	linguistic	_	ContainsVariation=No	_	_	_	_	_	_
638-9	PKP092	638	9	so	so	_	_	_	_	_	linguistic	_	ContainsVariation=No	_	_	_	_	_	_
638-10	PKP092	638	10	quando	quando	_	_	_	_	_	linguistic	_	ContainsVariation=No	_	_	_	_	_	_
638-11	PKP092	638	11	la	la	_	_	_	_	_	linguistic	_	ContainsVariation=No	_	_	_	_	_	_
638-12	PKP092	638	12	trovera:nno,	troveranno	_	_	_	_	_	linguistic	_	ContainsVariation=No	Intonation=WeaklyRising	_	6x1	_	_	_
638-13	PKP092	638	13	se	se	_	_	_	_	_	linguistic	_	ContainsVariation=No	_	_	_	_	_	_
638-14	PKP092	638	14	la	la	_	_	_	_	_	linguistic	_	ContainsVariation=No	_	_	_	_	_	_
638-15	PKP092	638	15	trovera:nno	troveranno	_	_	_	_	_	linguistic	_	ContainsVariation=No	_	End=1459.452	6x1	_	_	_
639-0	PKP029	639	0	[e:h	eh	_	_	_	_	_	linguistic	_	ContainsVariation=No	_	Begin=1459.63	0x1	_	_	0-2(134)
639-1	PKP029	639	1	(vero)]	vero	_	_	_	_	_	linguistic	_	ContainsVariation=No	_	End=1460.126	_	_	0-4(0)	0-4(134)
640-0	PKP024	640	0	[ah]	ah	_	_	_	_	_	linguistic	_	ContainsVariation=No	PauseAfter=Yes	Begin=1459.753	_	_	_	0-2(134)
640-1	PKP024	640	1	(.)	(.)	_	_	_	_	_	shortpause	_	ContainsVariation=No	_	_	_	_	_	_
640-2	PKP024	640	2	se	se	_	_	_	_	_	linguistic	_	ContainsVariation=No	_	_	_	_	_	_
640-3	PKP024	640	3	vuoi	vuoi	_	_	_	_	_	linguistic	_	ContainsVariation=No	PauseAfter=Yes	_	_	_	_	_
640-4	PKP024	640	4	(.)	(.)	_	_	_	_	_	shortpause	_	ContainsVariation=No	_	_	_	_	_	_
640-5	PKP024	640	5	te	te	_	_	_	_	_	linguistic	_	ContainsVariation=No	_	_	_	_	_	_
640-6	PKP024	640	6	ne	ne	_	_	_	_	_	linguistic	_	ContainsVariation=No	_	_	_	_	_	_
640-7	PKP024	640	7	invio	invio	_	_	_	_	_	linguistic	_	ContainsVariation=No	_	_	_	_	_	_
640-8	PKP024	640	8	una	una	_	_	_	_	_	linguistic	_	ContainsVariation=No	_	_	_	_	_	_
640-9	PKP024	640	9	sul	sul	_	_	_	_	_	linguistic	_	ContainsVariation=No	_	_	_	_	_	_
640-10	PKP024	640	10	gruppo	gruppo	_	_	_	_	_	linguistic	_	ContainsVariation=No	_	_	_	_	_	_
640-11	PKP024	640	11	ma	ma	_	_	_	_	_	linguistic	_	ContainsVariation=No	_	_	_	_	_	_
640-12	PKP024	640	12	x	x	_	_	_	_	_	unknown	_	ContainsVariation=No	Syllables=1	_	_	_	_	_
640-13	PKP024	640	13	ha	ha	_	_	_	_	_	linguistic	_	ContainsVariation=No	_	_	_	_	_	_
640-14	PKP024	640	14	scritto	scritto	_	_	_	_	_	linguistic	_	ContainsVariation=No	_	_	_	_	_	_
640-15	PKP024	640	15	che:	che	_	_	_	_	_	linguistic	_	ContainsVariation=No	_	End=1463.5	2x1	_	_	_
641-0	PKP024	641	0	ha	ha	_	_	_	_	_	linguistic	_	ContainsVariation=No	_	Begin=1464.333	_	_	_	_
641-1	PKP024	641	1	una	una	_	_	_	_	_	linguistic	_	ContainsVariation=No	_	_	_	_	_	_
641-2	PKP024	641	2	singola	singola	_	_	_	_	_	linguistic	_	ContainsVariation=No	_	_	_	_	_	_
641-3	PKP024	641	3	e	e	_	_	_	_	_	linguistic	_	ContainsVariation=No	_	_	_	_	_	_
641-4	PKP024	641	4	una	una	_	_	_	_	_	linguistic	_	ContainsVariation=No	_	_	_	_	_	_
641-5	PKP024	641	5	doppia	doppia	_	_	_	_	_	linguistic	_	ContainsVariation=No	_	_	_	_	_	_
641-6	PKP024	641	6	che	che	_	_	_	_	_	linguistic	_	ContainsVariation=No	_	_	_	_	_	_
641-7	PKP024	641	7	si	si	_	_	_	_	_	linguistic	_	ContainsVariation=No	_	_	_	_	_	_
641-8	PKP024	641	8	liberano	liberano	_	_	_	_	_	linguistic	_	ContainsVariation=No	_	_	_	_	_	_
641-9	PKP024	641	9	in	in	_	_	_	_	_	linguistic	_	ContainsVariation=No	_	_	_	_	_	_
641-10	PKP024	641	10	casa	casa	_	_	_	_	_	linguistic	_	ContainsVariation=No	_	End=1466.351	_	_	_	_
642-0	PKP092	642	0	x	x	_	_	_	_	_	unknown	_	ContainsVariation=No	Syllables=1	Begin=1466.817|End=1467.13	_	_	_	_
643-0	PKP092	643	0	[x	x	_	_	_	_	_	unknown	_	ContainsVariation=No	Syllables=1	Begin=1467.49	_	_	_	0-1(135)
643-1	PKP092	643	1	xxx]	xxx	_	_	_	_	_	unknown	_	ContainsVariation=No	Syllables=3	End=1468.24	_	_	_	0-3(135)
644-0	PKP024	644	0	[dopo	dopo	_	_	_	_	_	linguistic	_	ContainsVariation=No	_	Begin=1467.494	_	_	_	0-4(135)
644-1	PKP024	644	1	ti	ti	_	_	_	_	_	linguistic	_	ContainsVariation=No	_	_	_	_	_	0-2(135)
644-2	PKP024	644	2	mando]:::	mando	_	_	_	_	_	linguistic	_	ContainsVariation=No	PauseAfter=Yes	_	4x3	_	_	0-5(135)
644-3	PKP024	644	3	(.)	(.)	_	_	_	_	_	shortpause	_	ContainsVariation=No	_	_	_	_	_	_
644-4	PKP024	644	4	il	il	_	_	_	_	_	linguistic	_	ContainsVariation=No	_	_	_	_	_	_
644-5	PKP024	644	5	contatto	contatto	_	_	_	_	_	linguistic	_	ContainsVariation=No	_	End=1469.58	_	_	_	_
645-0	PKP092	645	0	mhmh	mhmh	_	_	_	_	_	linguistic	_	ContainsVariation=No	_	Begin=1469.639|End=1470.05	_	_	_	_
646-0	PKP024	646	0	ha	ha	_	_	_	_	_	linguistic	_	ContainsVariation=No	_	Begin=1472.58	_	_	_	_
646-1	PKP024	646	1	scritto	scritto	_	_	_	_	_	linguistic	_	ContainsVariation=No	_	_	_	_	_	_
646-2	PKP024	646	2	oggi	oggi	_	_	_	_	_	linguistic	_	ContainsVariation=No	_	_	_	_	_	_
646-3	PKP024	646	3	pomeriggio	pomeriggio	_	_	_	_	_	linguistic	_	ContainsVariation=No	_	_	_	_	_	_
646-4	PKP024	646	4	quindi	quindi	_	_	_	_	_	linguistic	_	ContainsVariation=No	_	_	_	_	_	_
646-5	PKP024	646	5	sicuramente	sicuramente	_	_	_	_	_	linguistic	_	ContainsVariation=No	_	_	_	_	_	_
646-6	PKP024	646	6	ha	ha	_	_	_	_	_	linguistic	_	ContainsVariation=No	_	_	_	_	_	_
646-7	PKP024	646	7	già	già	_	_	_	_	_	linguistic	_	ContainsVariation=No	_	_	_	_	_	_
646-8	PKP024	646	8	trovato	trovato	_	_	_	_	_	linguistic	_	ContainsVariation=No	_	_	_	_	_	_
646-9	PKP024	646	9	eh,	eh	_	_	_	_	_	linguistic	_	ContainsVariation=No	Intonation=WeaklyRising	_	_	_	_	_
646-10	PKP024	646	10	però	però	_	_	_	_	_	linguistic	_	ContainsVariation=No	_	End=1475.14	_	_	_	_
647-0	PKP024	647	0	conosce:ndo	conoscendo	_	_	_	_	_	linguistic	_	ContainsVariation=No	_	Begin=1475.631	6x1	_	_	_
647-1	PKP024	647	1	come	come	_	_	_	_	_	linguistic	_	ContainsVariation=No	_	_	_	_	_	_
647-2	PKP024	647	2	sono	sono	_	_	_	_	_	linguistic	_	ContainsVariation=No	_	_	_	_	_	_
647-3	PKP024	647	3	le	le	_	_	_	_	_	linguistic	_	ContainsVariation=No	_	_	_	_	_	_
647-4	PKP024	647	4	case	case	_	_	_	_	_	linguistic	_	ContainsVariation=No	_	_	_	_	_	_
647-5	PKP024	647	5	a	a	_	_	_	_	_	linguistic	_	ContainsVariation=No	_	_	_	_	_	_
647-6	PKP024	647	6	bolo:gna,	bologna	_	_	_	_	_	linguistic	_	ContainsVariation=No	Intonation=WeaklyRising	End=1477.433	3x1	_	_	_
648-0	PKP024	648	0	però	però	_	_	_	_	_	linguistic	_	ContainsVariation=No	_	Begin=1479.217	_	_	_	_
648-1	PKP024	648	1	magari	magari	_	_	_	_	_	linguistic	_	ContainsVariation=No	_	_	_	_	_	_
648-2	PKP024	648	2	puoi	puoi	_	_	_	_	_	linguistic	_	ContainsVariation=No	_	_	_	_	_	_
648-3	PKP024	648	3	prova:re	provare	_	_	_	_	_	linguistic	_	ContainsVariation=No	_	_	4x1	_	_	_
648-4	PKP024	648	4	dai	dai	_	_	_	_	_	linguistic	_	ContainsVariation=No	_	End=1480.6	_	_	_	_
649-0	PKP092	649	0	°(beh)	beh	_	_	_	_	_	linguistic	_	ContainsVariation=No	Volume=low	Begin=1480.703	_	_	0-3(0)	_
649-1	PKP092	649	1	sì°	sì	_	_	_	_	_	linguistic	_	ContainsVariation=No	Volume=low	End=1481.25	_	_	_	_
650-0	PKP024	650	0	b[eh	beh	_	_	_	_	_	linguistic	_	ContainsVariation=No	_	Begin=1487.21	_	_	_	1-3(136)
650-1	PKP024	650	1	in	in	_	_	_	_	_	linguistic	_	ContainsVariation=No	_	_	_	_	_	0-2(136)
650-2	PKP024	650	2	centro]	centro	_	_	_	_	_	linguistic	_	ContainsVariation=No	_	End=1487.991	_	_	_	0-6(136)
651-0	PKP092	651	0	[che	che	_	_	_	_	_	linguistic	_	ContainsVariation=No	_	Begin=1487.415	_	_	_	0-3(136)
651-1	PKP092	651	1	poi	poi	_	_	_	_	_	linguistic	_	ContainsVariation=No	_	_	_	_	_	0-3(136)
651-2	PKP092	651	2	fa	fa	_	_	_	_	_	linguistic	_	ContainsVariation=No	_	_	_	_	_	0-2(136)
651-3	PKP092	651	3	mori']	mori'	_	_	_	_	_	linguistic	_	ContainsVariation=No	Truncated=Yes	_	_	_	_	0-5(136)
651-4	PKP092	651	4	perché	perché	_	_	_	_	_	linguistic	_	ContainsVariation=No	_	_	_	_	_	_
651-5	PKP092	651	5	tipo	tipo	_	_	_	_	_	linguistic	_	ContainsVariation=No	_	End=1488.87	_	_	_	_
652-0	PKP092	652	0	un	un	_	_	_	_	_	linguistic	_	ContainsVariation=No	_	Begin=1489.007	_	_	_	_
652-1	PKP092	652	1	mese	mese	_	_	_	_	_	linguistic	_	ContainsVariation=No	_	_	_	_	_	_
652-2	PKP092	652	2	fa:	fa	_	_	_	_	_	linguistic	_	ContainsVariation=No	_	End=1489.84	1x1	_	_	_
653-0	PKP092	653	0	le	le	_	_	_	_	_	linguistic	_	ContainsVariation=No	_	Begin=1490.18	_	_	_	_
653-1	PKP092	653	1	faccio	faccio	_	_	_	_	_	linguistic	_	ContainsVariation=No	_	_	_	_	_	_
653-2	PKP092	653	2	a:h	ah	_	_	_	_	_	linguistic	_	ContainsVariation=No	_	_	0x1	_	_	_
653-3	PKP092	653	3	come	come	_	_	_	_	_	linguistic	_	ContainsVariation=No	_	_	_	_	_	_
653-4	PKP092	653	4	va:?	va	_	_	_	_	_	linguistic	_	ContainsVariation=No	Intonation=Rising	_	1x1	_	_	_
653-5	PKP092	653	5	avete	avete	_	_	_	_	_	linguistic	_	ContainsVariation=No	_	_	_	_	_	_
653-6	PKP092	653	6	trovato	trovato	_	_	_	_	_	linguistic	_	ContainsVariation=No	_	_	_	_	_	_
653-7	PKP092	653	7	casa?	casa	_	_	_	_	_	linguistic	_	ContainsVariation=No	Intonation=Rising	_	_	_	_	_
653-8	PKP092	653	8	sì	sì	_	_	_	_	_	linguistic	_	ContainsVariation=No	_	_	_	_	_	_
653-9	PKP092	653	9	sì	sì	_	_	_	_	_	linguistic	_	ContainsVariation=No	_	_	_	_	_	_
653-10	PKP092	653	10	abbiamo	abbiamo	_	_	_	_	_	linguistic	_	ContainsVariation=No	_	_	_	_	_	_
653-11	PKP092	653	11	trova:to	trovato	_	_	_	_	_	linguistic	_	ContainsVariation=No	_	_	4x1	_	_	_
653-12	PKP092	653	12	è	è	_	_	_	_	_	linguistic	_	ContainsVariation=No	_	_	_	_	_	_
653-13	PKP092	653	13	belli:ssima	bellissima	_	_	_	_	_	linguistic	_	ContainsVariation=No	_	_	4x1	_	_	_
653-14	PKP092	653	14	e:h	eh	_	_	_	_	_	linguistic	_	ContainsVariation=No	_	_	0x1	_	_	_
653-15	PKP092	653	15	eh	eh	_	_	_	_	_	linguistic	_	ContainsVariation=No	_	End=1494.16	_	_	_	_
654-0	PKP092	654	0	e	e	_	_	_	_	_	linguistic	_	ContainsVariation=No	_	Begin=1494.855	_	_	_	_
654-1	PKP092	654	1	xxx	xxx	_	_	_	_	_	unknown	_	ContainsVariation=No	Syllables=3	_	_	_	_	_
654-2	PKP092	654	2	due	due	_	_	_	_	_	linguistic	_	ContainsVariation=No	_	_	_	_	_	_
654-3	PKP092	654	3	settimane	settimane	_	_	_	_	_	linguistic	_	ContainsVariation=No	_	_	_	_	_	_
654-4	PKP092	654	4	fa	fa	_	_	_	_	_	linguistic	_	ContainsVariation=No	_	_	_	_	_	_
654-5	PKP092	654	5	le	le	_	_	_	_	_	linguistic	_	ContainsVariation=No	_	_	_	_	_	_
654-6	PKP092	654	6	faccio	faccio	_	_	_	_	_	linguistic	_	ContainsVariation=No	_	_	_	_	_	_
654-7	PKP092	654	7	allora	allora	_	_	_	_	_	linguistic	_	ContainsVariation=No	_	_	_	_	_	_
654-8	PKP092	654	8	siete::	siete	_	_	_	_	_	linguistic	_	ContainsVariation=No	_	_	4x2	_	_	_
654-9	PKP092	654	9	andati	andati	_	_	_	_	_	linguistic	_	ContainsVariation=No	_	_	_	_	_	_
654-10	PKP092	654	10	nella	nella	_	_	_	_	_	linguistic	_	ContainsVariation=No	_	_	_	_	_	_
654-11	PKP092	654	11	casa	casa	_	_	_	_	_	linguistic	_	ContainsVariation=No	_	_	_	_	_	_
654-12	PKP092	654	12	nuova?	nuova	_	_	_	_	_	linguistic	_	ContainsVariation=No	Intonation=Rising	_	_	_	_	_
654-13	PKP092	654	13	no	no	_	_	_	_	_	linguistic	_	ContainsVariation=No	_	_	_	_	_	_
654-14	PKP092	654	14	no:	no	_	_	_	_	_	linguistic	_	ContainsVariation=No	_	_	1x1	_	_	_
654-15	PKP092	654	15	x	x	_	_	_	_	_	unknown	_	ContainsVariation=No	Syllables=1	_	_	_	_	_
654-16	PKP092	654	16	poi	poi	_	_	_	_	_	linguistic	_	ContainsVariation=No	_	_	_	_	_	_
654-17	PKP092	654	17	dopo::	dopo	_	_	_	_	_	linguistic	_	ContainsVariation=No	_	_	3x2	_	_	_
654-18	PKP092	654	18	ce	ce	_	_	_	_	_	linguistic	_	ContainsVariation=No	_	_	_	_	_	_
654-19	PKP092	654	19	l'	l'	_	_	_	_	_	linguistic	_	ContainsVariation=No	SpaceAfter=No	_	_	_	_	_
654-20	PKP092	654	20	hanno::	hanno	_	_	_	_	_	linguistic	_	ContainsVariation=No	_	_	4x2	_	_	_
654-21	PKP092	654	21	l'	l'	_	_	_	_	_	linguistic	_	ContainsVariation=No	SpaceAfter=No	_	_	_	_	_
654-22	PKP092	654	22	hanno	hanno	_	_	_	_	_	linguistic	_	ContainsVariation=No	_	_	_	_	_	_
654-23	PKP092	654	23	presa	presa	_	_	_	_	_	linguistic	_	ContainsVariation=No	_	_	_	_	_	_
654-24	PKP092	654	24	a:ltri	altri	_	_	_	_	_	linguistic	_	ContainsVariation=No	_	End=1501.84	0x1	_	_	_
655-0	PKP092	655	0	ho	ho	_	_	_	_	_	linguistic	_	ContainsVariation=No	_	Begin=1502.052	_	_	_	_
655-1	PKP092	655	1	capito	capito	_	_	_	_	_	linguistic	_	ContainsVariation=No	_	_	_	_	_	_
655-2	PKP092	655	2	ma	ma	_	_	_	_	_	linguistic	_	ContainsVariation=No	_	_	_	_	_	_
655-3	PKP092	655	3	se	se	_	_	_	_	_	linguistic	_	ContainsVariation=No	_	_	_	_	_	_
655-4	PKP092	655	4	te	te	_	_	_	_	_	linguistic	_	ContainsVariation=No	PauseAfter=Yes	_	_	_	_	_
655-5	PKP092	655	5	(.)	(.)	_	_	_	_	_	shortpause	_	ContainsVariation=No	_	_	_	_	_	_
655-6	PKP092	655	6	[de][cidi	decidi	_	_	_	_	_	linguistic	_	ContainsVariation=No	_	_	_	_	_	0-2(137),2-6(138)
655-7	PKP092	655	7	una	una	_	_	_	_	_	linguistic	_	ContainsVariation=No	_	_	_	_	_	0-3(138)
655-8	PKP092	655	8	casa]	casa	_	_	_	_	_	linguistic	_	ContainsVariation=No	_	_	_	_	_	0-4(138)
655-9	PKP092	655	9	non	non	_	_	_	_	_	linguistic	_	ContainsVariation=No	_	_	_	_	_	_
655-10	PKP092	655	10	è	è	_	_	_	_	_	linguistic	_	ContainsVariation=No	_	_	_	_	_	_
655-11	PKP092	655	11	che	che	_	_	_	_	_	linguistic	_	ContainsVariation=No	_	_	_	_	_	_
655-12	PKP092	655	12	se	se	_	_	_	_	_	linguistic	_	ContainsVariation=No	_	_	_	_	_	_
655-13	PKP092	655	13	dici	dici	_	_	_	_	_	linguistic	_	ContainsVariation=No	_	End=1504.54	_	_	_	_
656-0	PKP024	656	0	[e:h]	eh	_	_	_	_	_	linguistic	_	ContainsVariation=No	_	Begin=1503.05|End=1503.38	0x1	_	_	0-2(137)
657-0	PKP029	657	0	[e::h]	eh	_	_	_	_	_	linguistic	_	ContainsVariation=No	_	Begin=1503.39|End=1503.961	0x2	_	_	0-2(138)
658-0	PKP024	658	0	[eh	eh	_	_	_	_	_	linguistic	_	ContainsVariation=No	_	Begin=1504.81	_	_	_	0-2(139)
658-1	PKP024	658	1	f~	f~	_	_	_	_	_	linguistic	_	ContainsVariation=No	Interrupted=Yes	_	_	_	_	0-2(139)
658-2	PKP024	658	2	e:h	eh	_	_	_	_	_	linguistic	_	ContainsVariation=No	_	_	0x1	_	_	0-2(139)
658-3	PKP024	658	3	infa:tti]	infatti	_	_	_	_	_	linguistic	_	ContainsVariation=No	_	End=1505.954	3x1	_	_	0-7(139)
659-0	PKP092	659	0	[sì	sì	_	_	_	_	_	linguistic	_	ContainsVariation=No	_	Begin=1504.819	_	_	_	_
659-1	PKP092	659	1	vengo]]	vengo	_	_	_	_	_	linguistic	_	ContainsVariation=No	PauseAfter=Yes	_	_	_	_	_
659-2	PKP092	659	2	(.)	(.)	_	_	_	_	_	shortpause	_	ContainsVariation=No	_	_	_	_	_	_
659-3	PKP092	659	3	e	e	_	_	_	_	_	linguistic	_	ContainsVariation=No	_	_	_	_	_	_
659-4	PKP092	659	4	allo:ra	allora	_	_	_	_	_	linguistic	_	ContainsVariation=No	_	_	3x1	_	_	_
659-5	PKP092	659	5	te	te	_	_	_	_	_	linguistic	_	ContainsVariation=No	_	_	_	_	_	_
659-6	PKP092	659	6	la	la	_	_	_	_	_	linguistic	_	ContainsVariation=No	_	_	_	_	_	_
659-7	PKP092	659	7	tengono	tengono	_	_	_	_	_	linguistic	_	ContainsVariation=No	_	_	_	_	_	_
659-8	PKP092	659	8	per	per	_	_	_	_	_	linguistic	_	ContainsVariation=No	_	_	_	_	_	_
659-9	PKP092	659	9	te	te	_	_	_	_	_	linguistic	_	ContainsVariation=No	_	End=1507.059	_	_	_	_
660-0	PKP024	660	0	((ride))	((ride))	_	_	_	_	_	nonverbalbehavior	_	ContainsVariation=No	_	Begin=1505.996|End=1508.456	_	_	_	_
661-0	PKP092	661	0	quelli	quelli	_	_	_	_	_	linguistic	_	ContainsVariation=No	_	Begin=1507.153	_	_	_	_
661-1	PKP092	661	1	vogl[iono	vogliono	_	_	_	_	_	linguistic	_	ContainsVariation=No	_	_	_	_	_	_
661-2	PKP092	661	2	i	i	_	_	_	_	_	linguistic	_	ContainsVariation=No	_	_	_	_	_	_
661-3	PKP092	661	3	so:ldi	soldi	_	_	_	_	_	linguistic	_	ContainsVariation=No	_	End=1509.193	1x1	_	_	_
662-0	PKP029	662	0	[devi	devi	_	_	_	_	_	linguistic	_	ContainsVariation=No	_	Begin=1508.24	_	_	_	0-4(172)
662-1	PKP029	662	1	caccia'	caccia'	_	_	_	_	_	linguistic	_	ContainsVariation=No	Truncated=Yes	_	_	_	_	0-7(172)
662-2	PKP029	662	2	i	i	_	_	_	_	_	linguistic	_	ContainsVariation=No	_	_	_	_	_	0-1(172)
662-3	PKP029	662	3	so:l]di:	soldi	_	_	_	_	_	linguistic	_	ContainsVariation=No	_	_	1x1,4x1	_	_	0-3(172)
662-4	PKP029	662	4	[x:]	x	_	_	_	_	_	linguistic	_	ContainsVariation=No	_	End=1509.62	0x1	_	_	0-1(141)
663-0	PKP024	663	0	[e:]h	eh	_	_	_	_	_	linguistic	_	ContainsVariation=No	_	Begin=1509.51|End=1509.7	0x1	_	_	0-1(141)
664-0	PKP092	664	0	eh	eh	_	_	_	_	_	linguistic	_	ContainsVariation=No	_	Begin=1509.701|End=1509.996	_	_	_	_
665-0	PKP024	665	0	ma	ma	_	_	_	_	_	linguistic	_	ContainsVariation=No	_	Begin=1512.03	_	_	_	_
665-1	PKP024	665	1	ancora	ancora	_	_	_	_	_	linguistic	_	ContainsVariation=No	_	_	_	_	_	_
665-2	PKP024	665	2	non	non	_	_	_	_	_	linguistic	_	ContainsVariation=No	_	_	_	_	_	_
665-3	PKP024	665	3	l'	l'	_	_	_	_	_	linguistic	_	ContainsVariation=No	SpaceAfter=No	_	_	_	_	_
665-4	PKP024	665	4	hanno	hanno	_	_	_	_	_	linguistic	_	ContainsVariation=No	_	_	_	_	_	_
665-5	PKP024	665	5	capito	capito	_	_	_	_	_	linguistic	_	ContainsVariation=No	_	_	_	_	_	_
665-6	PKP024	665	6	scusa?	scusa	_	_	_	_	_	linguistic	_	ContainsVariation=No	Intonation=Rising	End=1513.626	_	_	_	_
666-0	PKP024	666	0	è	è	_	_	_	_	_	linguistic	_	ContainsVariation=No	_	Begin=1514.18	_	_	_	_
666-1	PKP024	666	1	da	da	_	_	_	_	_	linguistic	_	ContainsVariation=No	_	_	_	_	_	_
666-2	PKP024	666	2	[tre	tre	_	_	_	_	_	linguistic	_	ContainsVariation=No	_	_	_	_	_	0-3(142)
666-3	PKP024	666	3	anni	anni	_	_	_	_	_	linguistic	_	ContainsVariation=No	_	_	_	_	_	0-4(142)
666-4	PKP024	666	4	che]	che	_	_	_	_	_	linguistic	_	ContainsVariation=No	_	_	_	_	_	0-3(142)
666-5	PKP024	666	5	((ride))	((ride))	_	_	_	_	_	nonverbalbehavior	_	ContainsVariation=No	_	End=1515.64	_	_	_	_
667-0	PKP092	667	0	[evidenteme]nte	evidentemente	_	_	_	_	_	linguistic	_	ContainsVariation=No	_	Begin=1514.45	_	_	_	0-10(142)
667-1	PKP092	667	1	no	no	_	_	_	_	_	linguistic	_	ContainsVariation=No	_	End=1515.65	_	_	_	_
668-0	PKP092	668	0	((ride))	((ride))	_	_	_	_	_	nonverbalbehavior	_	ContainsVariation=No	_	Begin=1516.435|End=1517.107	_	_	_	_
669-0	PKP024	669	0	ma	ma	_	_	_	_	_	linguistic	_	ContainsVariation=No	_	Begin=1516.91	_	_	_	_
669-1	PKP024	669	1	giovanni	giovanni	_	_	_	_	_	linguistic	_	ContainsVariation=No	_	_	_	_	_	_
669-2	PKP024	669	2	al	al	_	_	_	_	_	linguistic	_	ContainsVariation=No	_	_	_	_	_	_
669-3	PKP024	669	3	primo	primo	_	_	_	_	_	linguistic	_	ContainsVariation=No	_	_	_	_	_	_
669-4	PKP024	669	4	anno	anno	_	_	_	_	_	linguistic	_	ContainsVariation=No	_	_	_	_	_	_
669-5	PKP024	669	5	>era	era	_	_	_	_	_	linguistic	_	ContainsVariation=No	_	_	_	Fast=0-3(0)	_	_
669-6	PKP024	669	6	(sempre	sempre	_	_	_	_	_	linguistic	_	ContainsVariation=No	_	_	_	Fast=0-6(0)	0-6(0)	_
669-7	PKP024	669	7	qui)<	qui	_	_	_	_	_	linguistic	_	ContainsVariation=No	_	_	_	Fast=0-3(0)	0-3(0)	_
669-8	PKP024	669	8	a	a	_	_	_	_	_	linguistic	_	ContainsVariation=No	_	_	_	_	_	_
669-9	PKP024	669	9	bologna?	bologna	_	_	_	_	_	linguistic	_	ContainsVariation=No	Intonation=Rising	End=1519.003	_	_	_	_
670-0	PKP092	670	0	eh?	eh	_	_	_	_	_	linguistic	_	ContainsVariation=No	Intonation=Rising	Begin=1519.501|End=1519.79	_	_	_	_
671-0	PKP024	671	0	giova:nni	giovanni	_	_	_	_	_	linguistic	_	ContainsVariation=No	_	Begin=1520.531	4x1	_	_	_
671-1	PKP024	671	1	al	al	_	_	_	_	_	linguistic	_	ContainsVariation=No	_	_	_	_	_	_
671-2	PKP024	671	2	primo	primo	_	_	_	_	_	linguistic	_	ContainsVariation=No	_	_	_	_	_	_
671-3	PKP024	671	3	anno	anno	_	_	_	_	_	linguistic	_	ContainsVariation=No	_	_	_	_	_	_
671-4	PKP024	671	4	era	era	_	_	_	_	_	linguistic	_	ContainsVariation=No	_	_	_	_	_	_
671-5	PKP024	671	5	sempre	sempre	_	_	_	_	_	linguistic	_	ContainsVariation=No	_	_	_	_	_	_
671-6	PKP024	671	6	qui	qui	_	_	_	_	_	linguistic	_	ContainsVariation=No	_	_	_	_	_	_
671-7	PKP024	671	7	a	a	_	_	_	_	_	linguistic	_	ContainsVariation=No	_	_	_	_	_	_
671-8	PKP024	671	8	bologna?	bologna	_	_	_	_	_	linguistic	_	ContainsVariation=No	Intonation=Rising	End=1522.323	_	_	_	_
672-0	PKP092	672	0	no	no	_	_	_	_	_	linguistic	_	ContainsVariation=No	_	Begin=1522.33	_	_	_	_
672-1	PKP092	672	1	eh	eh	_	_	_	_	_	linguistic	_	ContainsVariation=No	_	_	_	_	_	_
672-2	PKP092	672	2	lui	lui	_	_	_	_	_	linguistic	_	ContainsVariation=No	_	_	_	_	_	_
672-3	PKP092	672	3	è	è	_	_	_	_	_	linguistic	_	ContainsVariation=No	_	_	_	_	_	_
672-4	PKP092	672	4	bocciato	bocciato	_	_	_	_	_	linguistic	_	ContainsVariation=No	_	_	_	_	_	_
672-5	PKP092	672	5	alle	alle	_	_	_	_	_	linguistic	_	ContainsVariation=No	_	_	_	_	_	_
672-6	PKP092	672	6	superiori	superiori	_	_	_	_	_	linguistic	_	ContainsVariation=No	_	_	_	_	_	_
672-7	PKP092	672	7	di	di	_	_	_	_	_	linguistic	_	ContainsVariation=No	_	_	_	_	_	_
672-8	PKP092	672	8	un	un	_	_	_	_	_	linguistic	_	ContainsVariation=No	_	_	_	_	_	_
672-9	PKP092	672	9	anno	anno	_	_	_	_	_	linguistic	_	ContainsVariation=No	_	End=1523.87	_	_	_	_
673-0	PKP024	673	0	a::h	ah	_	_	_	_	_	linguistic	_	ContainsVariation=No	_	Begin=1524.1	0x2	_	_	_
673-1	PKP024	673	1	okay	okay	_	_	_	_	_	linguistic	_	ContainsVariation=No	_	_	_	_	_	_
673-2	PKP024	673	2	quindi	quindi	_	_	_	_	_	linguistic	_	ContainsVariation=No	_	_	_	_	_	_
673-3	PKP024	673	3	è	è	_	_	_	_	_	linguistic	_	ContainsVariation=No	_	_	_	_	_	_
673-4	PKP024	673	4	arrivato	arrivato	_	_	_	_	_	linguistic	_	ContainsVariation=No	_	_	_	_	_	_
673-5	PKP024	673	5	l'	l'	_	_	_	_	_	linguistic	_	ContainsVariation=No	SpaceAfter=No	_	_	_	_	_
673-6	PKP024	673	6	anno	anno	_	_	_	_	_	linguistic	_	ContainsVariation=No	_	_	_	_	_	_
673-7	PKP024	673	7	scorso	scorso	_	_	_	_	_	linguistic	_	ContainsVariation=No	_	End=1525.93	_	_	_	_
674-0	PKP092	674	0	sì	sì	_	_	_	_	_	linguistic	_	ContainsVariation=No	_	Begin=1525.95|End=1526.207	_	_	_	_
675-0	PKP024	675	0	mentre	mentre	_	_	_	_	_	linguistic	_	ContainsVariation=No	_	Begin=1526.46	_	_	_	_
675-1	PKP024	675	1	maria	maria	_	_	_	_	_	linguistic	_	ContainsVariation=No	_	_	_	_	_	_
675-2	PKP024	675	2	era	era	_	_	_	_	_	linguistic	_	ContainsVariation=No	_	_	_	_	_	_
675-3	PKP024	675	3	a	a	_	_	_	_	_	linguistic	_	ContainsVariation=No	_	_	_	_	_	_
675-4	PKP024	675	4	sie:na	siena	_	_	_	_	_	linguistic	_	ContainsVariation=No	_	End=1527.432	2x1	_	_	_
676-0	PKP092	676	0	sì	sì	_	_	_	_	_	linguistic	_	ContainsVariation=No	_	Begin=1527.61|End=1527.983	_	_	_	_
677-0	PKP092	677	0	mhmh	mhmh	_	_	_	_	_	linguistic	_	ContainsVariation=No	_	Begin=1528.78|End=1529.143	_	_	_	_
678-0	PKP024	678	0	e	e	_	_	_	_	_	linguistic	_	ContainsVariation=No	_	Begin=1530.18	_	_	_	_
678-1	PKP024	678	1	anche	anche	_	_	_	_	_	linguistic	_	ContainsVariation=No	_	_	_	_	_	_
678-2	PKP024	678	2	l'	l'	_	_	_	_	_	linguistic	_	ContainsVariation=No	SpaceAfter=No	_	_	_	_	_
678-3	PKP024	678	3	anno	anno	_	_	_	_	_	linguistic	_	ContainsVariation=No	_	_	_	_	_	_
678-4	PKP024	678	4	scorso	scorso	_	_	_	_	_	linguistic	_	ContainsVariation=No	_	_	_	_	_	_
678-5	PKP024	678	5	non	non	_	_	_	_	_	linguistic	_	ContainsVariation=No	_	_	_	_	_	_
678-6	PKP024	678	6	gli	gli	_	_	_	_	_	linguistic	_	ContainsVariation=No	_	_	_	_	_	_
678-7	PKP024	678	7	è	è	_	_	_	_	_	linguistic	_	ContainsVariation=No	_	_	_	_	_	_
678-8	PKP024	678	8	servita	servita	_	_	_	_	_	linguistic	_	ContainsVariation=No	_	_	_	_	_	_
678-9	PKP024	678	9	insomma	insomma	_	_	_	_	_	linguistic	_	ContainsVariation=No	_	_	_	_	_	_
678-10	PKP024	678	10	((ride))	((ride))	_	_	_	_	_	nonverbalbehavior	_	ContainsVariation=No	_	End=1532.597	_	_	_	_
679-0	PKP024	679	0	per	per	_	_	_	_	_	linguistic	_	ContainsVariation=No	_	Begin=1532.597	_	_	_	_
679-1	PKP024	679	1	capire	capire	_	_	_	_	_	linguistic	_	ContainsVariation=No	_	_	_	_	_	_
679-2	PKP024	679	2	come	come	_	_	_	_	_	linguistic	_	ContainsVariation=No	_	_	_	_	_	_
679-3	PKP024	679	3	[fun]ziona	funziona	_	_	_	_	_	linguistic	_	ContainsVariation=No	_	_	_	_	_	0-3(144)
679-4	PKP024	679	4	((ride))	((ride))	_	_	_	_	_	nonverbalbehavior	_	ContainsVariation=No	_	End=1534.95	_	_	_	_
680-0	PKP092	680	0	[no]	no	_	_	_	_	_	linguistic	_	ContainsVariation=No	_	Begin=1533.6|End=1533.865	_	_	_	0-2(144)
681-0	PKP092	681	0	(cioè)	cioè	_	_	_	_	_	linguistic	_	ContainsVariation=No	_	Begin=1534.82	_	_	0-4(0)	_
681-1	PKP092	681	1	anche	anche	_	_	_	_	_	linguistic	_	ContainsVariation=No	_	_	_	_	_	_
681-2	PKP092	681	2	l'	l'	_	_	_	_	_	linguistic	_	ContainsVariation=No	SpaceAfter=No	_	_	_	_	_
681-3	PKP092	681	3	anno	anno	_	_	_	_	_	linguistic	_	ContainsVariation=No	_	_	_	_	_	_
681-4	PKP092	681	4	scorso	scorso	_	_	_	_	_	linguistic	_	ContainsVariation=No	_	_	_	_	_	_
681-5	PKP092	681	5	travavano	travavano	_	_	_	_	_	linguistic	_	ContainsVariation=No	PauseAfter=Yes	_	_	_	_	_
681-6	PKP092	681	6	(.)	(.)	_	_	_	_	_	shortpause	_	ContainsVariation=No	_	_	_	_	_	_
681-7	PKP092	681	7	trovarono	trovarono	_	_	_	_	_	linguistic	_	ContainsVariation=No	_	_	_	_	_	_
681-8	PKP092	681	8	tardi:ssimo:	tardissimo	_	_	_	_	_	linguistic	_	ContainsVariation=No	PauseAfter=Yes	_	4x1,9x1	_	_	_
681-9	PKP092	681	9	(.)	(.)	_	_	_	_	_	shortpause	_	ContainsVariation=No	_	_	_	_	_	_
681-10	PKP092	681	10	a	a	_	_	_	_	_	linguistic	_	ContainsVariation=No	_	_	_	_	_	_
681-11	PKP092	681	11	cu:lo	culo	_	_	_	_	_	linguistic	_	ContainsVariation=No	_	_	1x1	_	_	_
681-12	PKP092	681	12	[laggiù]:	laggiù	_	_	_	_	_	linguistic	_	ContainsVariation=No	_	_	5x1	_	_	0-6(146)
681-13	PKP092	681	13	in	in	_	_	_	_	_	linguistic	_	ContainsVariation=No	PauseAfter=Yes	_	_	_	_	_
681-14	PKP092	681	14	(.)	(.)	_	_	_	_	_	shortpause	_	ContainsVariation=No	_	_	_	_	_	_
681-15	PKP092	681	15	culo	culo	_	_	_	_	_	linguistic	_	ContainsVariation=No	_	End=1539.79	_	_	_	_
682-0	PKP024	682	0	[mh],	mh	_	_	_	_	_	linguistic	_	ContainsVariation=No	Intonation=WeaklyRising	Begin=1538.34|End=1538.704	_	_	_	0-2(146)
683-0	PKP092	683	0	tip[o:	tipo	_	_	_	_	_	linguistic	_	ContainsVariation=No	_	Begin=1541.23	3x1	_	_	3-4(147)
683-1	PKP092	683	1	il	il	_	_	_	_	_	linguistic	_	ContainsVariation=No	_	_	_	_	_	0-2(147)
683-2	PKP092	683	2	quartiere:]	quartiere	_	_	_	_	_	linguistic	_	ContainsVariation=No	_	End=1542.616	8x1	_	_	0-9(147)
684-0	PKP024	684	0	[con	con	_	_	_	_	_	linguistic	_	ContainsVariation=No	_	Begin=1541.49	_	_	_	0-3(147)
684-1	PKP024	684	1	la	la	_	_	_	_	_	linguistic	_	ContainsVariation=No	_	_	_	_	_	0-2(147)
684-2	PKP024	684	2	proprietaria	proprietaria	_	_	_	_	_	linguistic	_	ContainsVariation=No	_	_	_	_	_	0-12(147)
684-3	PKP024	684	3	di	di	_	_	_	_	_	linguistic	_	ContainsVariation=No	_	_	_	_	_	0-2(147)
684-4	PKP024	684	4	casa	casa	_	_	_	_	_	linguistic	_	ContainsVariation=No	_	_	_	_	_	0-4(147)
684-5	PKP024	684	5	ra]zzi:sta	razzista	_	_	_	_	_	linguistic	_	ContainsVariation=No	_	End=1543.089	4x1	_	_	0-2(147)
685-0	PKP092	685	0	sì	sì	_	_	_	_	_	linguistic	_	ContainsVariation=No	_	Begin=1543.158|End=1543.42	_	_	_	_
686-0	PKP029	686	0	mado'	mado'	_	_	_	_	_	linguistic	_	ContainsVariation=No	Truncated=Yes	Begin=1543.788|End=1544.261	_	_	_	_
687-0	PKP092	687	0	che	che	_	_	_	_	_	linguistic	_	ContainsVariation=No	_	Begin=1544.52	_	_	_	_
687-1	PKP092	687	1	poi	poi	_	_	_	_	_	linguistic	_	ContainsVariation=No	_	_	_	_	_	_
687-2	PKP092	687	2	tipo	tipo	_	_	_	_	_	linguistic	_	ContainsVariation=No	_	_	_	_	_	_
687-3	PKP092	687	3	io	io	_	_	_	_	_	linguistic	_	ContainsVariation=No	_	_	_	_	_	_
687-4	PKP092	687	4	dopo	dopo	_	_	_	_	_	linguistic	_	ContainsVariation=No	_	_	_	_	_	_
687-5	PKP092	687	5	ho	ho	_	_	_	_	_	linguistic	_	ContainsVariation=No	_	_	_	_	_	_
687-6	PKP092	687	6	visto	visto	_	_	_	_	_	linguistic	_	ContainsVariation=No	_	_	_	_	_	_
687-7	PKP092	687	7	il	il	_	_	_	_	_	linguistic	_	ContainsVariation=No	_	_	_	_	_	_
687-8	PKP092	687	8	quartiere	quartiere	_	_	_	_	_	linguistic	_	ContainsVariation=No	_	_	_	_	_	_
687-9	PKP092	687	9	è	è	_	_	_	_	_	linguistic	_	ContainsVariation=No	_	_	_	_	_	_
687-10	PKP092	687	10	malfamati:ssimo,	malfamatissimo	_	_	_	_	_	linguistic	_	ContainsVariation=No	Intonation=WeaklyRising	_	8x1	_	_	_
687-11	PKP092	687	11	c[i	ci	_	_	_	_	_	linguistic	_	ContainsVariation=No	_	_	_	_	_	1-2(148)
687-12	PKP092	687	12	sono	sono	_	_	_	_	_	linguistic	_	ContainsVariation=No	_	_	_	_	_	0-4(148)
687-13	PKP092	687	13	spara]to:rie	sparatorie	_	_	_	_	_	linguistic	_	ContainsVariation=No	_	End=1549.01	6x1	_	_	0-5(148)
688-0	PKP024	688	0	[è	è	_	_	_	_	_	linguistic	_	ContainsVariation=No	_	Begin=1547.74	_	_	_	0-1(148)
688-1	PKP024	688	1	ve:ro]	vero	_	_	_	_	_	linguistic	_	ContainsVariation=No	_	End=1548.39	1x1	_	_	0-4(148)
689-0	PKP024	689	0	(dio	dio	_	_	_	_	_	linguistic	_	ContainsVariation=No	_	Begin=1549.02	_	_	0-3(0)	_
689-1	PKP024	689	1	c[a:ro)]	caro	_	_	_	_	_	linguistic	_	ContainsVariation=No	_	End=1549.802	1x1	_	0-4(0)	1-4(173)
690-0	PKP029	690	0	[oh	oh	_	_	_	_	_	linguistic	_	ContainsVariation=No	_	Begin=1549.42	_	_	_	0-2(173)
690-1	PKP029	690	1	ca][:volo]	cavolo	_	_	_	_	_	linguistic	_	ContainsVariation=No	_	End=1550.07	1x1	_	_	0-2(173),2-6(174)
691-0	PKP092	691	0	[sì:][::	sì	_	_	_	_	_	linguistic	_	ContainsVariation=No	_	Begin=1549.8	1x3	_	_	0-2(173)
691-1	PKP092	691	1	te	te	_	_	_	_	_	linguistic	_	ContainsVariation=No	_	_	_	_	_	0-2(174)
691-2	PKP092	691	2	lo	lo	_	_	_	_	_	linguistic	_	ContainsVariation=No	_	_	_	_	_	0-2(174)
691-3	PKP092	691	3	giu]:r[o::]	giuro	_	_	_	_	_	linguistic	_	ContainsVariation=No	_	End=1551.45	2x1,4x2	_	_	0-3(174),4-5(149)
692-0	PKP024	692	0	[a	a	_	_	_	_	_	linguistic	_	ContainsVariation=No	_	Begin=1550.05	_	_	_	0-1(174)
692-1	PKP024	692	1	bolo:gna]?	bologna	_	_	_	_	_	linguistic	_	ContainsVariation=No	Intonation=Rising	End=1550.913	3x1	_	_	0-7(174)
693-0	PKP024	693	0	[ma]	ma	_	_	_	_	_	linguistic	_	ContainsVariation=No	_	Begin=1551.3	_	_	_	0-2(149)
693-1	PKP024	693	1	ti	ti	_	_	_	_	_	linguistic	_	ContainsVariation=No	_	_	_	_	_	_
693-2	PKP024	693	2	re~	re~	_	_	_	_	_	linguistic	_	ContainsVariation=No	Interrupted=Yes	_	_	_	_	_
693-3	PKP024	693	3	che	che	_	_	_	_	_	linguistic	_	ContainsVariation=No	_	_	_	_	_	_
693-4	PKP024	693	4	quartiere	quartiere	_	_	_	_	_	linguistic	_	ContainsVariation=No	_	_	_	_	_	_
693-5	PKP024	693	5	anno	anno	_	_	_	_	_	linguistic	_	ContainsVariation=No	_	_	_	_	_	_
693-6	PKP024	693	6	trova:to?	trovato	_	_	_	_	_	linguistic	_	ContainsVariation=No	Intonation=Rising	End=1552.792	4x1	_	_	_
694-0	PKP029	694	0	ma	ma	_	_	_	_	_	linguistic	_	ContainsVariation=No	_	Begin=1552.81	_	_	_	_
694-1	PKP029	694	1	dov'	dov'	_	_	_	_	_	linguistic	_	ContainsVariation=No	SpaceAfter=No	_	_	_	_	_
694-2	PKP029	694	2	è:?	è	_	_	_	_	_	linguistic	_	ContainsVariation=No	Intonation=Rising	End=1553.49	0x1	_	_	_
695-0	PKP029	695	0	in	in	_	_	_	_	_	linguistic	_	ContainsVariation=No	_	Begin=1553.53	_	_	_	_
695-1	PKP029	695	1	fondo	fondo	_	_	_	_	_	linguistic	_	ContainsVariation=No	_	_	_	_	_	_
695-2	PKP029	695	2	a	a	_	_	_	_	_	linguistic	_	ContainsVariation=No	_	_	_	_	_	_
695-3	PKP029	695	3	massarenti?	massarenti	_	_	_	_	_	linguistic	_	ContainsVariation=No	Intonation=Rising	End=1554.74	_	_	_	_
696-0	PKP092	696	0	no	no	_	_	_	_	_	linguistic	_	ContainsVariation=No	_	Begin=1555.25|End=1555.521	_	_	_	_
697-0	PKP024	697	0	[e:::h]	eh	_	_	_	_	_	linguistic	_	ContainsVariation=No	_	Begin=1555.98|End=1557.19	0x3	_	_	0-2(150)
698-0	PKP029	698	0	[da	da	_	_	_	_	_	linguistic	_	ContainsVariation=No	_	Begin=1556.84	_	_	_	0-2(150)
698-1	PKP029	698	1	che]	che	_	_	_	_	_	linguistic	_	ContainsVariation=No	_	_	_	_	_	0-3(150)
698-2	PKP029	698	2	lato	lato	_	_	_	_	_	linguistic	_	ContainsVariation=No	_	_	_	_	_	_
698-3	PKP029	698	3	è?	è	_	_	_	_	_	linguistic	_	ContainsVariation=No	Intonation=Rising	End=1557.646	_	_	_	_
699-0	PKP092	699	0	è:	è	_	_	_	_	_	linguistic	_	ContainsVariation=No	_	Begin=1558.23	0x1	_	_	_
699-1	PKP092	699	1	aspetta	aspetta	_	_	_	_	_	linguistic	_	ContainsVariation=No	_	_	_	_	_	_
699-2	PKP092	699	2	eh	eh	_	_	_	_	_	linguistic	_	ContainsVariation=No	_	_	_	_	_	_
699-3	PKP092	699	3	ora	ora	_	_	_	_	_	linguistic	_	ContainsVariation=No	_	_	_	_	_	_
699-4	PKP092	699	4	te	te	_	_	_	_	_	linguistic	_	ContainsVariation=No	_	_	_	_	_	_
699-5	PKP092	699	5	lo	lo	_	_	_	_	_	linguistic	_	ContainsVariation=No	_	_	_	_	_	_
699-6	PKP092	699	6	dico	dico	_	_	_	_	_	linguistic	_	ContainsVariation=No	_	_	_	_	_	_
699-7	PKP092	699	7	come	come	_	_	_	_	_	linguistic	_	ContainsVariation=No	_	_	_	_	_	_
699-8	PKP092	699	8	si	si	_	_	_	_	_	linguistic	_	ContainsVariation=No	_	_	_	_	_	_
699-9	PKP092	699	9	chiama	chiama	_	_	_	_	_	linguistic	_	ContainsVariation=No	_	End=1560.64	_	_	_	_
700-0	PKP024	700	0	è	è	_	_	_	_	_	linguistic	_	ContainsVariation=No	_	Begin=1561.83	_	_	_	_
700-1	PKP024	700	1	dopo	dopo	_	_	_	_	_	linguistic	_	ContainsVariation=No	_	_	_	_	_	_
700-2	PKP024	700	2	il	il	_	_	_	_	_	linguistic	_	ContainsVariation=No	_	_	_	_	_	_
700-3	PKP024	700	3	raccordo	raccordo	_	_	_	_	_	linguistic	_	ContainsVariation=No	_	_	_	_	_	_
700-4	PKP024	700	4	no	no	_	_	_	_	_	linguistic	_	ContainsVariation=No	_	_	_	_	_	_
700-5	PKP024	700	5	m(i)	mi	_	_	_	_	_	linguistic	_	ContainsVariation=No	_	_	_	_	1-2(0)	_
700-6	PKP024	700	6	avevi	avevi	_	_	_	_	_	linguistic	_	ContainsVariation=No	_	_	_	_	_	_
700-7	PKP024	700	7	detto?	detto	_	_	_	_	_	linguistic	_	ContainsVariation=No	Intonation=Rising	End=1563.526	_	_	_	_
701-0	PKP092	701	0	sì	sì	_	_	_	_	_	linguistic	_	ContainsVariation=No	_	Begin=1563.62|End=1563.983	_	_	_	_
702-0	PKP092	702	0	beh	beh	_	_	_	_	_	linguistic	_	ContainsVariation=No	_	Begin=1564.3|End=1564.61	_	_	_	_
703-0	PKP029	703	0	eh	eh	_	_	_	_	_	linguistic	_	ContainsVariation=No	_	Begin=1564.62	_	_	_	_
703-1	PKP029	703	1	oddio	oddio	_	_	_	_	_	linguistic	_	ContainsVariation=No	_	End=1565.17	_	_	_	_
704-0	PKP029	704	0	è	è	_	_	_	_	_	linguistic	_	ContainsVariation=No	_	Begin=1565.8	_	_	_	_
704-1	PKP029	704	1	un	un	_	_	_	_	_	linguistic	_	ContainsVariation=No	_	_	_	_	_	_
704-2	PKP029	704	2	pezzo	pezzo	_	_	_	_	_	linguistic	_	ContainsVariation=No	_	_	_	_	_	_
704-3	PKP029	704	3	in	in	_	_	_	_	_	linguistic	_	ContainsVariation=No	_	_	_	_	_	_
704-4	PKP029	704	4	là	là	_	_	_	_	_	linguistic	_	ContainsVariation=No	_	End=1566.6	_	_	_	_
705-0	PKP092	705	0	sì	sì	_	_	_	_	_	linguistic	_	ContainsVariation=No	_	Begin=1566.875|End=1567.143	_	_	_	_
706-0	PKP024	706	0	praticamente	praticamente	_	_	_	_	_	linguistic	_	ContainsVariation=No	_	Begin=1567.19	_	_	_	_
706-1	PKP024	706	1	è	è	_	_	_	_	_	linguistic	_	ContainsVariation=No	_	_	_	_	_	_
706-2	PKP024	706	2	san	san	_	_	_	_	_	linguistic	_	ContainsVariation=No	_	_	_	_	_	_
706-3	PKP024	706	3	lazzaro	lazzaro	_	_	_	_	_	linguistic	_	ContainsVariation=No	_	_	_	_	_	_
706-4	PKP024	706	4	di	di	_	_	_	_	_	linguistic	_	ContainsVariation=No	_	_	_	_	_	_
706-5	PKP024	706	5	savena	savena	_	_	_	_	_	linguistic	_	ContainsVariation=No	_	End=1569.11	_	_	_	_
707-0	PKP092	707	0	((ride))	((ride))	_	_	_	_	_	nonverbalbehavior	_	ContainsVariation=No	_	Begin=1569.63	_	_	_	_
707-1	PKP092	707	1	quasi	quasi	_	_	_	_	_	linguistic	_	ContainsVariation=No	_	End=1570.406	_	_	_	_
708-0	PKP092	708	0	xxx	xxx	_	_	_	_	_	unknown	_	ContainsVariation=No	Syllables=3	Begin=1573.34	_	_	_	_
708-1	PKP092	708	1	mado:nna	madonna	_	_	_	_	_	linguistic	_	ContainsVariation=No	_	_	3x1	_	_	_
708-2	PKP092	708	2	sto	sto	_	_	_	_	_	linguistic	_	ContainsVariation=No	_	_	_	_	_	_
708-3	PKP092	708	3	bologna	bologna	_	_	_	_	_	linguistic	_	ContainsVariation=No	_	_	_	_	_	_
708-4	PKP092	708	4	toda:y	today	_	_	_	_	_	linguistic	_	ContainsVariation=No	_	_	3x1	_	_	_
708-5	PKP092	708	5	n(on)	non	_	_	_	_	_	linguistic	_	ContainsVariation=No	_	_	_	_	1-3(0)	_
708-6	PKP092	708	6	te	te	_	_	_	_	_	linguistic	_	ContainsVariation=No	_	_	_	_	_	_
708-7	PKP092	708	7	voglio	voglio	_	_	_	_	_	linguistic	_	ContainsVariation=No	_	End=1575.599	_	_	_	_
709-0	PKP024	709	0	((ride))	((ride))	_	_	_	_	_	nonverbalbehavior	_	ContainsVariation=No	_	Begin=1575.63|End=1578.042	_	_	_	_
710-0	PKP092	710	0	°allo:ra°	allora	_	_	_	_	_	linguistic	_	ContainsVariation=No	Volume=low	Begin=1586.14|End=1587.014	3x1	_	_	_
711-0	PKP092	711	0	che	che	_	_	_	_	_	linguistic	_	ContainsVariation=No	_	Begin=1588.01	_	_	_	_
711-1	PKP092	711	1	(a	a	_	_	_	_	_	linguistic	_	ContainsVariation=No	_	_	_	_	0-1(0)	_
711-2	PKP092	711	2	sentire)	sentire	_	_	_	_	_	linguistic	_	ContainsVariation=No	_	_	_	_	0-7(0)	_
711-3	PKP092	711	3	il	il	_	_	_	_	_	linguistic	_	ContainsVariation=No	_	_	_	_	_	_
711-4	PKP092	711	4	nome	nome	_	_	_	_	_	linguistic	_	ContainsVariation=No	_	_	_	_	_	_
711-5	PKP092	711	5	le	le	_	_	_	_	_	linguistic	_	ContainsVariation=No	_	_	_	_	_	_
711-6	PKP092	711	6	pie::tre?	pietre	_	_	_	_	_	linguistic	_	ContainsVariation=No	Intonation=Rising	_	2x2	_	_	_
711-7	PKP092	711	7	bo:h	boh	_	_	_	_	_	linguistic	_	ContainsVariation=No	_	End=1590.635	1x1	_	_	_
712-0	PKP024	712	0	le	le	_	_	_	_	_	linguistic	_	ContainsVariation=No	_	Begin=1607.91	_	_	_	_
712-1	PKP024	712	1	pietre?	pietre	_	_	_	_	_	linguistic	_	ContainsVariation=No	Intonation=Rising	End=1608.584	_	_	_	_
713-0	PKP092	713	0	°(mh	mh	_	_	_	_	_	linguistic	_	ContainsVariation=No	Volume=low	Begin=1609.852	_	_	0-2(0)	_
713-1	PKP092	713	1	qualcosa	qualcosa	_	_	_	_	_	linguistic	_	ContainsVariation=No	Volume=low	_	_	_	0-8(0)	_
713-2	PKP092	713	2	del	del	_	_	_	_	_	linguistic	_	ContainsVariation=No	Volume=low	_	_	_	0-3(0)	_
713-3	PKP092	713	3	ge:nere)°	genere	_	_	_	_	_	linguistic	_	ContainsVariation=No	Volume=low	End=1611.655	1x1	_	0-6(0)	_
714-0	PKP024	714	0	(io)	io	_	_	_	_	_	linguistic	_	ContainsVariation=No	_	Begin=1611.655	_	_	0-2(0)	_
714-1	PKP024	714	1	sono	sono	_	_	_	_	_	linguistic	_	ContainsVariation=No	_	_	_	_	_	_
714-2	PKP024	714	2	arrivata	arrivata	_	_	_	_	_	linguistic	_	ContainsVariation=No	_	_	_	_	_	_
714-3	PKP024	714	3	a	a	_	_	_	_	_	linguistic	_	ContainsVariation=No	_	_	_	_	_	_
714-4	PKP024	714	4	scoppio	scoppio	_	_	_	_	_	linguistic	_	ContainsVariation=No	_	_	_	_	_	_
714-5	PKP024	714	5	ritardato	ritardato	_	_	_	_	_	linguistic	_	ContainsVariation=No	_	_	_	_	_	_
714-6	PKP024	714	6	x	x	_	_	_	_	_	unknown	_	ContainsVariation=No	Syllables=1	End=1613.44	_	_	_	_
715-0	PKP029	715	0	((ride))	((ride))	_	_	_	_	_	nonverbalbehavior	_	ContainsVariation=No	_	Begin=1613.144|End=1613.46	_	_	_	_
716-0	PKP092	716	0	°(allo[ra)°]	allora	_	_	_	_	_	linguistic	_	ContainsVariation=No	Volume=low	Begin=1617.56|End=1618.2	_	_	0-6(0)	4-6(152)
717-0	PKP024	717	0	[°ba]sta°	basta	_	_	_	_	_	linguistic	_	ContainsVariation=No	Volume=low	Begin=1618.01|End=1618.586	_	_	_	0-2(152)
718-0	PKP092	718	0	xxxxxxx	xxxxxxx	_	_	_	_	_	unknown	_	ContainsVariation=No	Syllables=7	Begin=1619.303|End=1621.17	_	_	_	_
719-0	PKP092	719	0	ma	ma	_	_	_	_	_	linguistic	_	ContainsVariation=No	_	Begin=1621.74	_	_	_	_
719-1	PKP092	719	1	è	è	_	_	_	_	_	linguistic	_	ContainsVariation=No	_	_	_	_	_	_
719-2	PKP092	719	2	in	in	_	_	_	_	_	linguistic	_	ContainsVariation=No	_	_	_	_	_	_
719-3	PKP092	719	3	cu:lo	culo	_	_	_	_	_	linguistic	_	ContainsVariation=No	_	_	1x1	_	_	_
719-4	PKP092	719	4	proprio	proprio	_	_	_	_	_	linguistic	_	ContainsVariation=No	_	End=1623.431	_	_	_	_
720-0	PKP092	720	0	°scusa	scusa	_	_	_	_	_	linguistic	_	ContainsVariation=No	Volume=low	Begin=1625.45	_	_	_	_
720-1	PKP092	720	1	eh	eh	_	_	_	_	_	linguistic	_	ContainsVariation=No	Volume=low	_	_	_	_	_
720-2	PKP092	720	2	<quartie::re	quartiere	_	_	_	_	_	linguistic	_	ContainsVariation=No	PauseAfter=Yes|Volume=low	_	6x2	Slow=0-9(0)	_	_
720-3	PKP092	720	3	(.)	(.)	_	_	_	_	_	shortpause	_	ContainsVariation=No	_	_	_	_	_	_
720-4	PKP092	720	4	malfama::to>°	malfamato	_	_	_	_	_	linguistic	_	ContainsVariation=No	Volume=low	End=1629.2509999999997	6x2	Slow=0-9(0)	_	_
721-0	PKP024	721	0	((ride))	((ride))	_	_	_	_	_	nonverbalbehavior	_	ContainsVariation=No	_	Begin=1629.2624999999998|End=1630.84	_	_	_	_
722-0	PKP029	722	0	((ride))	((ride))	_	_	_	_	_	nonverbalbehavior	_	ContainsVariation=No	_	Begin=1629.2624999999998|End=1630.84	_	_	_	_
723-0	PKP092	723	0	<bologna>	bologna	_	_	_	_	_	linguistic	_	ContainsVariation=No	_	Begin=1629.857|End=1630.735	_	Slow=0-7(0)	_	_
724-0	PKP029	724	0	(ah)	ah	_	_	_	_	_	linguistic	_	ContainsVariation=No	_	Begin=1630.89	_	_	0-2(0)	_
724-1	PKP029	724	1	dire[ttame:nte	direttamente	_	_	_	_	_	linguistic	_	ContainsVariation=No	_	_	8x1	_	_	4-12(153)
724-2	PKP029	724	2	così]	così	_	_	_	_	_	linguistic	_	ContainsVariation=No	_	End=1632.284	_	_	_	0-4(153)
725-0	PKP024	725	0	[(quar)tiere	quartiere	_	_	_	_	_	linguistic	_	ContainsVariation=No	_	Begin=1631.26	_	_	0-4(0)	0-9(153)
725-1	PKP024	725	1	malfam]ato	malfamato	_	_	_	_	_	linguistic	_	ContainsVariation=No	_	_	_	_	_	0-6(153)
725-2	PKP024	725	2	bolo:gna	bologna	_	_	_	_	_	linguistic	_	ContainsVariation=No	_	End=1633.31	3x1	_	_	_
726-0	PKP092	726	0	perché	perché	_	_	_	_	_	linguistic	_	ContainsVariation=No	_	Begin=1636.74	_	_	_	_
726-1	PKP092	726	1	c'	c'	_	_	_	_	_	linguistic	_	ContainsVariation=No	SpaceAfter=No	_	_	_	_	_
726-2	PKP092	726	2	è	è	_	_	_	_	_	linguistic	_	ContainsVariation=No	_	_	_	_	_	_
726-3	PKP092	726	3	il	il	_	_	_	_	_	linguistic	_	ContainsVariation=No	_	_	_	_	_	_
726-4	PKP092	726	4	nostro	nostro	_	_	_	_	_	linguistic	_	ContainsVariation=No	_	_	_	_	_	_
726-5	PKP092	726	5	quartie:re?	quartiere	_	_	_	_	_	linguistic	_	ContainsVariation=No	Intonation=Rising	End=1638.433	6x1	_	_	_
727-0	PKP024	727	0	no:::	no	_	_	_	_	_	linguistic	_	ContainsVariation=No	_	Begin=1638.46	1x3	_	_	_
727-1	PKP024	727	1	da::i:::	dai	_	_	_	_	_	linguistic	_	ContainsVariation=No	_	End=1640.32	1x2,2x3	_	_	_
728-0	PKP092	728	0	oh	oh	_	_	_	_	_	linguistic	_	ContainsVariation=No	_	Begin=1640.37|End=1640.735	_	_	_	_
729-0	PKP024	729	0	[pizzar]di?	pizzardi	_	_	_	_	_	linguistic	_	ContainsVariation=No	Intonation=Rising	Begin=1641.39|End=1642.267	_	_	_	0-6(154)
730-0	PKP091	730	0	[pizzar~]	pizzar~	_	_	_	_	_	linguistic	_	ContainsVariation=No	Interrupted=Yes	Begin=1641.4|End=1642.01	_	_	_	0-7(154)
731-0	PKP092	731	0	san	san	_	_	_	_	_	linguistic	_	ContainsVariation=No	_	Begin=1643.133	_	_	_	_
731-1	PKP092	731	1	vita:le	vitale	_	_	_	_	_	linguistic	_	ContainsVariation=No	_	End=1643.807	3x1	_	_	_
732-0	PKP024	732	0	a:h	ah	_	_	_	_	_	linguistic	_	ContainsVariation=No	_	Begin=1644.37	0x1	_	_	_
732-1	PKP024	732	1	vabbè:	vabbè	_	_	_	_	_	linguistic	_	ContainsVariation=No	_	_	4x1	_	_	_
732-2	PKP024	732	2	ma	ma	_	_	_	_	_	linguistic	_	ContainsVariation=No	_	_	_	_	_	_
732-3	PKP024	732	3	perché	perché	_	_	_	_	_	linguistic	_	ContainsVariation=No	_	_	_	_	_	_
732-4	PKP024	732	4	c'	c'	_	_	_	_	_	linguistic	_	ContainsVariation=No	SpaceAfter=No	_	_	_	_	_
732-5	PKP024	732	5	è	è	_	_	_	_	_	linguistic	_	ContainsVariation=No	_	_	_	_	_	_
732-6	PKP024	732	6	via	via	_	_	_	_	_	linguistic	_	ContainsVariation=No	_	_	_	_	_	_
732-7	PKP024	732	7	petro:ni	petroni	_	_	_	_	_	linguistic	_	ContainsVariation=No	_	End=1646.28	4x1	_	_	_
733-0	PKP024	733	0	perché	perché	_	_	_	_	_	linguistic	_	ContainsVariation=No	_	Begin=1647.71	_	_	_	_
733-1	PKP024	733	1	è	è	_	_	_	_	_	linguistic	_	ContainsVariation=No	_	_	_	_	_	_
733-2	PKP024	733	2	lì	lì	_	_	_	_	_	linguistic	_	ContainsVariation=No	_	_	_	_	_	_
733-3	PKP024	733	3	a	a	_	_	_	_	_	linguistic	_	ContainsVariation=No	_	_	_	_	_	_
733-4	PKP024	733	4	san	san	_	_	_	_	_	linguistic	_	ContainsVariation=No	_	_	_	_	_	_
733-5	PKP024	733	5	vita:le	vitale	_	_	_	_	_	linguistic	_	ContainsVariation=No	_	End=1648.74	3x1	_	_	_
734-0	PKP092	734	0	a:h	ah	_	_	_	_	_	linguistic	_	ContainsVariation=No	_	Begin=1648.9	0x1	_	_	_
734-1	PKP092	734	1	allora	allora	_	_	_	_	_	linguistic	_	ContainsVariation=No	_	_	_	_	_	_
734-2	PKP092	734	2	è	è	_	_	_	_	_	linguistic	_	ContainsVariation=No	_	_	_	_	_	_
734-3	PKP092	734	3	tutto	tutto	_	_	_	_	_	linguistic	_	ContainsVariation=No	_	_	_	_	_	_
734-4	PKP092	734	4	malfama	malfama	_	_	_	_	_	linguistic	_	ContainsVariation=No	_	_	_	_	_	_
734-5	PKP092	734	5	to	to	_	_	_	_	_	linguistic	_	ContainsVariation=No	_	_	_	_	_	_
734-6	PKP092	734	6	scu:sam[i	scusami	_	_	_	_	_	linguistic	_	ContainsVariation=No	_	_	2x1	_	_	6-7(155)
734-7	PKP092	734	7	cioè]	cioè	_	_	_	_	_	linguistic	_	ContainsVariation=No	_	End=1651.196	_	_	_	0-4(155)
735-0	PKP024	735	0	[ma	ma	_	_	_	_	_	linguistic	_	ContainsVariation=No	_	Begin=1650.87	_	_	_	0-2(155)
735-1	PKP024	735	1	infa]tti	infatti	_	_	_	_	_	linguistic	_	ContainsVariation=No	_	_	_	_	_	0-4(155)
735-2	PKP024	735	2	cioè	cioè	_	_	_	_	_	linguistic	_	ContainsVariation=No	_	_	_	_	_	_
735-3	PKP024	735	3	qua	qua	_	_	_	_	_	linguistic	_	ContainsVariation=No	_	_	_	_	_	_
735-4	PKP024	735	4	si	si	_	_	_	_	_	linguistic	_	ContainsVariation=No	_	_	_	_	_	_
735-5	PKP024	735	5	sta	sta	_	_	_	_	_	linguistic	_	ContainsVariation=No	_	_	_	_	_	_
735-6	PKP024	735	6	beni:ssimo	benissimo	_	_	_	_	_	linguistic	_	ContainsVariation=No	_	End=1652.668	3x1	_	_	_
736-0	PKP024	736	0	tranquilli:ssimo,	tranquillissimo	_	_	_	_	_	linguistic	_	ContainsVariation=No	Intonation=WeaklyRising	Begin=1653.434	9x1	_	_	_
736-1	PKP024	736	1	non	non	_	_	_	_	_	linguistic	_	ContainsVariation=No	_	_	_	_	_	_
736-2	PKP024	736	2	è	è	_	_	_	_	_	linguistic	_	ContainsVariation=No	_	_	_	_	_	_
736-3	PKP024	736	3	mai	mai	_	_	_	_	_	linguistic	_	ContainsVariation=No	_	_	_	_	_	_
736-4	PKP024	736	4	successo	successo	_	_	_	_	_	linguistic	_	ContainsVariation=No	_	_	_	_	_	_
736-5	PKP024	736	5	nie:nte	niente	_	_	_	_	_	linguistic	_	ContainsVariation=No	_	End=1655.639	2x1	_	_	_
737-0	PKP024	737	0	((ride))	((ride))	_	_	_	_	_	nonverbalbehavior	_	ContainsVariation=No	_	Begin=1659.32	_	_	_	_
737-1	PKP024	737	1	sì	sì	_	_	_	_	_	linguistic	_	ContainsVariation=No	_	_	_	_	_	_
737-2	PKP024	737	2	sì	sì	_	_	_	_	_	linguistic	_	ContainsVariation=No	_	_	_	_	_	_
737-3	PKP024	737	3	hai	hai	_	_	_	_	_	linguistic	_	ContainsVariation=No	_	_	_	_	_	_
737-4	PKP024	737	4	ragione	ragione	_	_	_	_	_	linguistic	_	ContainsVariation=No	PauseAfter=Yes	_	_	_	_	_
737-5	PKP024	737	5	(.)	(.)	_	_	_	_	_	shortpause	_	ContainsVariation=No	_	_	_	_	_	_
737-6	PKP024	737	6	pensavo	pensavo	_	_	_	_	_	linguistic	_	ContainsVariation=No	_	_	_	_	_	_
737-7	PKP024	737	7	tu	tu	_	_	_	_	_	linguistic	_	ContainsVariation=No	_	_	_	_	_	_
737-8	PKP024	737	8	avessi	avessi	_	_	_	_	_	linguistic	_	ContainsVariation=No	_	_	_	_	_	_
737-9	PKP024	737	9	fatto	fatto	_	_	_	_	_	linguistic	_	ContainsVariation=No	_	_	_	_	_	_
737-10	PKP024	737	10	cos[ì,	così	_	_	_	_	_	linguistic	_	ContainsVariation=No	Intonation=WeaklyRising	_	_	_	_	3-4(156)
737-11	PKP024	737	11	dicevo	dicevo	_	_	_	_	_	linguistic	_	ContainsVariation=No	_	_	_	_	_	0-6(156)
737-12	PKP024	737	12	ma]	ma	_	_	_	_	_	linguistic	_	ContainsVariation=No	_	_	_	_	_	0-2(156)
737-13	PKP024	737	13	che	che	_	_	_	_	_	linguistic	_	ContainsVariation=No	_	_	_	_	_	_
737-14	PKP024	737	14	ca~?	ca~	_	_	_	_	_	linguistic	_	ContainsVariation=No	Intonation=Rising|Interrupted=Yes	End=1662.73	_	_	_	_
738-0	PKP092	738	0	[no]	no	_	_	_	_	_	linguistic	_	ContainsVariation=No	_	Begin=1661.89|End=1662.258	_	_	_	0-2(156)
739-0	PKP092	739	0	°oh	oh	_	_	_	_	_	linguistic	_	ContainsVariation=No	Volume=low	Begin=1665.57	_	_	_	_
739-1	PKP092	739	1	non	non	_	_	_	_	_	linguistic	_	ContainsVariation=No	Volume=low	_	_	_	_	_
739-2	PKP092	739	2	lo	lo	_	_	_	_	_	linguistic	_	ContainsVariation=No	Volume=low	_	_	_	_	_
739-3	PKP092	739	3	trovo°	trovo	_	_	_	_	_	linguistic	_	ContainsVariation=No	Volume=low	_	_	_	_	_
739-4	PKP092	739	4	comunque::	comunque	_	_	_	_	_	linguistic	_	ContainsVariation=No	_	_	7x2	_	_	_
739-5	PKP092	739	5	c'	c'	_	_	_	_	_	linguistic	_	ContainsVariation=No	SpaceAfter=No	_	_	_	_	_
739-6	PKP092	739	6	è	è	_	_	_	_	_	linguistic	_	ContainsVariation=No	_	_	_	_	_	_
739-7	PKP092	739	7	stata::	stata	_	_	_	_	_	linguistic	_	ContainsVariation=No	_	_	4x2	_	_	_
739-8	PKP092	739	8	cioè	cioè	_	_	_	_	_	linguistic	_	ContainsVariation=No	_	_	_	_	_	_
739-9	PKP092	739	9	c'	c'	_	_	_	_	_	linguistic	_	ContainsVariation=No	SpaceAfter=No	_	_	_	_	_
739-10	PKP092	739	10	hanno	hanno	_	_	_	_	_	linguistic	_	ContainsVariation=No	_	_	_	_	_	_
739-11	PKP092	739	11	anche	anche	_	_	_	_	_	linguistic	_	ContainsVariation=No	_	_	_	_	_	_
739-12	PKP092	739	12	ammazzato	ammazzato	_	_	_	_	_	linguistic	_	ContainsVariation=No	_	_	_	_	_	_
739-13	PKP092	739	13	la	la	_	_	_	_	_	linguistic	_	ContainsVariation=No	_	_	_	_	_	_
739-14	PKP092	739	14	ge:nte	gente	_	_	_	_	_	linguistic	_	ContainsVariation=No	_	_	1x1	_	_	_
739-15	PKP092	739	15	infatti	infatti	_	_	_	_	_	linguistic	_	ContainsVariation=No	_	_	_	_	_	_
739-16	PKP092	739	16	c'	c'	_	_	_	_	_	linguistic	_	ContainsVariation=No	SpaceAfter=No	_	_	_	_	_
739-17	PKP092	739	17	era	era	_	_	_	_	_	linguistic	_	ContainsVariation=No	PauseAfter=Yes	_	_	_	_	_
739-18	PKP092	739	18	(.)	(.)	_	_	_	_	_	shortpause	_	ContainsVariation=No	_	_	_	_	_	_
739-19	PKP092	739	19	sotto	sotto	_	_	_	_	_	linguistic	_	ContainsVariation=No	_	_	_	_	_	_
739-20	PKP092	739	20	casa	casa	_	_	_	_	_	linguistic	_	ContainsVariation=No	_	_	_	_	_	_
739-21	PKP092	739	21	loro	loro	_	_	_	_	_	linguistic	_	ContainsVariation=No	_	_	_	_	_	_
739-22	PKP092	739	22	tipo	tipo	_	_	_	_	_	linguistic	_	ContainsVariation=No	PauseAfter=Yes	_	_	_	_	_
739-23	PKP092	739	23	(.)	(.)	_	_	_	_	_	shortpause	_	ContainsVariation=No	_	_	_	_	_	_
739-24	PKP092	739	24	il	il	_	_	_	_	_	linguistic	_	ContainsVariation=No	_	_	_	_	_	_
739-25	PKP092	739	25	monumento::	monumento	_	_	_	_	_	linguistic	_	ContainsVariation=No	_	End=1673.39	8x2	_	_	_
740-0	PKP029	740	0	top	top	_	_	_	_	_	linguistic	_	ContainsVariation=No	_	Begin=1673.398|End=1673.868	_	_	_	_
741-0	PKP029	741	0	che	che	_	_	_	_	_	linguistic	_	ContainsVariation=No	_	Begin=1674.06	_	_	_	_
741-1	PKP029	741	1	[be:llo]	bello	_	_	_	_	_	linguistic	_	ContainsVariation=No	_	End=1674.834	1x1	_	_	0-5(157)
742-0	PKP024	742	0	[ma	ma	_	_	_	_	_	linguistic	_	ContainsVariation=No	_	Begin=1674.36	_	_	_	0-2(157)
742-1	PKP024	742	1	quando	quando	_	_	_	_	_	linguistic	_	ContainsVariation=No	_	_	_	_	_	0-6(157)
742-2	PKP024	742	2	è	è	_	_	_	_	_	linguistic	_	ContainsVariation=No	_	_	_	_	_	0-1(157)
742-3	PKP024	742	3	su]cce:sso	successo	_	_	_	_	_	linguistic	_	ContainsVariation=No	_	_	4x1	_	_	0-2(157)
742-4	PKP024	742	4	questo?	questo	_	_	_	_	_	linguistic	_	ContainsVariation=No	Intonation=Rising	End=1675.543	_	_	_	_
743-0	PKP092	743	0	°tre	tre	_	_	_	_	_	linguistic	_	ContainsVariation=No	Volume=low	Begin=1676.59	_	_	_	_
743-1	PKP092	743	1	anni	anni	_	_	_	_	_	linguistic	_	ContainsVariation=No	Volume=low	_	_	_	_	_
743-2	PKP092	743	2	fa°	fa	_	_	_	_	_	linguistic	_	ContainsVariation=No	Volume=low	End=1677.469	_	_	_	_
744-0	PKP024	744	0	mado:nna	madonna	_	_	_	_	_	linguistic	_	ContainsVariation=No	_	Begin=1678.09	3x1	_	_	_
744-1	PKP024	744	1	santa	santa	_	_	_	_	_	linguistic	_	ContainsVariation=No	_	_	_	_	_	_
744-2	PKP024	744	2	che	che	_	_	_	_	_	linguistic	_	ContainsVariation=No	_	_	_	_	_	_
744-3	PKP024	744	3	ansia	ansia	_	_	_	_	_	linguistic	_	ContainsVariation=No	_	_	_	_	_	_
744-4	PKP024	744	4	non	non	_	_	_	_	_	linguistic	_	ContainsVariation=No	_	_	_	_	_	_
744-5	PKP024	744	5	c(i)	ci	_	_	_	_	_	linguistic	_	ContainsVariation=No	_	_	_	_	1-2(0)	_
744-6	PKP024	744	6	abiterei	abiterei	_	_	_	_	_	linguistic	_	ContainsVariation=No	_	_	_	_	_	_
744-7	PKP024	744	7	mai	mai	_	_	_	_	_	linguistic	_	ContainsVariation=No	_	End=1680.16	_	_	_	_
745-0	PKP024	745	0	°(sì)°	sì	_	_	_	_	_	linguistic	_	ContainsVariation=No	Volume=low	Begin=1681.98|End=1682.465	_	_	0-2(0)	_
746-0	PKP029	746	0	oddio	oddio	_	_	_	_	_	linguistic	_	ContainsVariation=No	_	Begin=1684.637	_	_	_	_
746-1	PKP029	746	1	sono	sono	_	_	_	_	_	linguistic	_	ContainsVariation=No	_	_	_	_	_	_
746-2	PKP029	746	2	in	in	_	_	_	_	_	linguistic	_	ContainsVariation=No	_	_	_	_	_	_
746-3	PKP029	746	3	mezzo	mezzo	_	_	_	_	_	linguistic	_	ContainsVariation=No	_	_	_	_	_	_
746-4	PKP029	746	4	abbio:cco:::	abbiocco	_	_	_	_	_	linguistic	_	ContainsVariation=No	_	End=1687.43	4x1,7x3	_	_	_
747-0	PKP092	747	0	[e:h]	eh	_	_	_	_	_	linguistic	_	ContainsVariation=No	_	Begin=1687.55|End=1687.919	0x1	_	_	0-2(158)
748-0	PKP024	748	0	[(dove)	dove	_	_	_	_	_	linguistic	_	ContainsVariation=No	_	Begin=1687.57	_	_	0-4(0)	0-4(158)
748-1	PKP024	748	1	de]vi	devi	_	_	_	_	_	linguistic	_	ContainsVariation=No	_	_	_	_	_	0-2(158)
748-2	PKP024	748	2	andare?	andare	_	_	_	_	_	linguistic	_	ContainsVariation=No	Intonation=Rising	End=1688.451	_	_	_	_
749-0	PKP029	749	0	boh	boh	_	_	_	_	_	linguistic	_	ContainsVariation=No	PauseAfter=Yes	Begin=1689.33	_	_	_	_
749-1	PKP029	749	1	(.)	(.)	_	_	_	_	_	shortpause	_	ContainsVariation=No	_	_	_	_	_	_
749-2	PKP029	749	2	(non	non	_	_	_	_	_	linguistic	_	ContainsVariation=No	_	_	_	_	0-3(0)	_
749-3	PKP029	749	3	ne	ne	_	_	_	_	_	linguistic	_	ContainsVariation=No	_	_	_	_	0-2(0)	_
749-4	PKP029	749	4	ho	ho	_	_	_	_	_	linguistic	_	ContainsVariation=No	_	_	_	_	0-2(0)	_
749-5	PKP029	749	5	ide~)	ide~	_	_	_	_	_	linguistic	_	ContainsVariation=No	Interrupted=Yes	End=1690.55	_	_	0-4(0)	_
