token_id	speaker	tu_id	id	span	form	lemma	upos	xpos	feats	deprel	type	meta_label	variation	jefferson_feats	align	prolongations	pace	guesses	overlaps
0-0	PKP041	0	0	dal	dal	_	_	_	_	_	linguistic	_	ContainsVariation=No	_	Begin=0.02	_	_	_	_
0-1	PKP041	0	1	cibo	cibo	_	_	_	_	_	linguistic	_	ContainsVariation=No	_	_	_	_	_	_
0-2	PKP041	0	2	no	no	_	_	_	_	_	linguistic	_	ContainsVariation=No	_	End=1.08	_	_	_	_
1-0	PKP041	1	0	e	e	_	_	_	_	_	linguistic	_	ContainsVariation=No	_	Begin=5.57	_	_	_	_
1-1	PKP041	1	1	manco	manco	_	_	_	_	_	linguistic	_	ContainsVariation=No	_	_	_	_	_	_
1-2	PKP041	1	2	mi	mi	_	_	_	_	_	linguistic	_	ContainsVariation=No	_	_	_	_	_	_
1-3	PKP041	1	3	sa	sa	_	_	_	_	_	linguistic	_	ContainsVariation=No	_	_	_	_	_	_
1-4	PKP041	1	4	quello	quello	_	_	_	_	_	linguistic	_	ContainsVariation=No	_	_	_	_	_	_
1-5	PKP041	1	5	che	che	_	_	_	_	_	linguistic	_	ContainsVariation=No	_	_	_	_	_	_
1-6	PKP041	1	6	era	era	_	_	_	_	_	linguistic	_	ContainsVariation=No	_	_	_	_	_	_
1-7	PKP041	1	7	entrato	entrato	_	_	_	_	_	linguistic	_	ContainsVariation=No	_	_	_	_	_	_
1-8	PKP041	1	8	a	a	_	_	_	_	_	linguistic	_	ContainsVariation=No	_	_	_	_	_	_
1-9	PKP041	1	9	prendere	prendere	_	_	_	_	_	linguistic	_	ContainsVariation=No	_	_	_	_	_	_
1-10	PKP041	1	10	la	la	_	_	_	_	_	linguistic	_	ContainsVariation=No	_	_	_	_	_	_
1-11	PKP041	1	11	pizza	pizza	_	_	_	_	_	linguistic	_	ContainsVariation=No	_	_	_	_	_	_
1-12	PKP041	1	12	ce	ce	_	_	_	_	_	linguistic	_	ContainsVariation=No	_	_	_	_	_	_
1-13	PKP041	1	13	l'	l'	_	_	_	_	_	linguistic	_	ContainsVariation=No	SpaceAfter=No	_	_	_	_	_
1-14	PKP041	1	14	avev[a]	aveva	_	_	_	_	_	linguistic	_	ContainsVariation=No	_	End=8.194	_	_	_	3-5(0)
2-0	PKP047	2	0	[n]o	no	_	_	_	_	_	linguistic	_	ContainsVariation=No	_	Begin=8.15	_	_	_	0-1(0)
2-1	PKP047	2	1	quello	quello	_	_	_	_	_	linguistic	_	ContainsVariation=No	_	_	_	_	_	_
2-2	PKP047	2	2	no	no	_	_	_	_	_	linguistic	_	ContainsVariation=No	_	End=9.615	_	_	_	_
3-0	PKP041	3	0	e	e	_	_	_	_	_	linguistic	_	ContainsVariation=No	_	Begin=11.563	_	_	_	_
3-1	PKP041	3	1	abbiamo	abbiamo	_	_	_	_	_	linguistic	_	ContainsVariation=No	_	_	_	_	_	_
3-2	PKP041	3	2	detto	detto	_	_	_	_	_	linguistic	_	ContainsVariation=No	_	_	_	_	_	_
3-3	PKP041	3	3	a	a	_	_	_	_	_	linguistic	_	ContainsVariation=No	_	_	_	_	_	_
3-4	PKP041	3	4	papà	papà	_	_	_	_	_	linguistic	_	ContainsVariation=No	_	_	_	_	_	_
3-5	PKP041	3	5	non	non	_	_	_	_	_	linguistic	_	ContainsVariation=No	_	_	_	_	_	_
3-6	PKP041	3	6	entrare	entrare	_	_	_	_	_	linguistic	_	ContainsVariation=No	PauseAfter=Yes	_	_	_	_	_
3-7	PKP041	3	7	(.)	(.)	_	_	_	_	_	shortpause	_	ContainsVariation=No	_	_	_	_	_	_
3-8	PKP041	3	8	non	non	_	_	_	_	_	linguistic	_	ContainsVariation=No	_	_	_	_	_	_
3-9	PKP041	3	9	c'	c'	_	_	_	_	_	linguistic	_	ContainsVariation=No	SpaceAfter=No	_	_	_	_	_
3-10	PKP041	3	10	hai	hai	_	_	_	_	_	linguistic	_	ContainsVariation=No	_	_	_	_	_	_
3-11	PKP041	3	11	la	la	_	_	_	_	_	linguistic	_	ContainsVariation=No	_	_	_	_	_	_
3-12	PKP041	3	12	mascherina	mascherina	_	_	_	_	_	linguistic	_	ContainsVariation=No	_	End=15.292	_	_	_	_
4-0	PKP041	4	0	è	è	_	_	_	_	_	linguistic	_	ContainsVariation=No	_	Begin=20.04	_	_	_	_
4-1	PKP041	4	1	vero	vero	_	_	_	_	_	linguistic	_	ContainsVariation=No	_	_	_	_	_	_
4-2	PKP041	4	2	che	che	_	_	_	_	_	linguistic	_	ContainsVariation=No	_	_	_	_	_	_
4-3	PKP041	4	3	è	è	_	_	_	_	_	linguistic	_	ContainsVariation=No	_	_	_	_	_	_
4-4	PKP041	4	4	legger	legger	_	_	_	_	_	linguistic	_	ContainsVariation=No	_	_	_	_	_	_
4-5	PKP041	4	5	a?	a	_	_	_	_	_	linguistic	_	ContainsVariation=No	Intonation=Rising	End=21.61	_	_	_	_
5-0	PKP040	5	0	no	no	_	_	_	_	_	linguistic	_	ContainsVariation=No	_	Begin=21.61	_	_	_	_
5-1	PKP040	5	1	mi	mi	_	_	_	_	_	linguistic	_	ContainsVariation=No	_	_	_	_	_	_
5-2	PKP040	5	2	sa	sa	_	_	_	_	_	linguistic	_	ContainsVariation=No	_	_	_	_	_	_
5-3	PKP040	5	3	che	che	_	_	_	_	_	linguistic	_	ContainsVariation=No	_	_	_	_	_	_
5-4	PKP040	5	4	è	è	_	_	_	_	_	linguistic	_	ContainsVariation=No	_	_	_	_	_	_
5-5	PKP040	5	5	piccante	piccante	_	_	_	_	_	linguistic	_	ContainsVariation=No	_	_	_	_	_	_
5-6	PKP040	5	6	sta	sta	_	_	_	_	_	linguistic	_	ContainsVariation=No	_	_	_	_	_	_
5-7	PKP040	5	7	facendo	facendo	_	_	_	_	_	linguistic	_	ContainsVariation=No	_	_	_	_	_	_
5-8	PKP040	5	8	una	una	_	_	_	_	_	linguistic	_	ContainsVariation=No	_	_	_	_	_	_
5-9	PKP040	5	9	faccia	faccia	_	_	_	_	_	linguistic	_	ContainsVariation=No	_	End=24.02	_	_	_	_
6-0	PKP039	6	0	è	è	_	_	_	_	_	linguistic	_	ContainsVariation=No	_	Begin=25.74	_	_	_	_
6-1	PKP039	6	1	piccante	piccante	_	_	_	_	_	linguistic	_	ContainsVariation=No	_	_	_	_	_	_
6-2	PKP039	6	2	sì	sì	_	_	_	_	_	linguistic	_	ContainsVariation=No	_	End=26.63	_	_	_	_
7-0	PKP040	7	0	per	per	_	_	_	_	_	linguistic	_	ContainsVariation=No	_	Begin=27.258	_	_	_	_
7-1	PKP040	7	1	dirlo	dirlo	_	_	_	_	_	linguistic	_	ContainsVariation=No	_	_	_	_	_	_
7-2	PKP040	7	2	tu:	tu	_	_	_	_	_	linguistic	_	ContainsVariation=No	_	End=28.084	1x1	_	_	_
8-0	PKP040	8	0	e	e	_	_	_	_	_	linguistic	_	ContainsVariation=No	_	Begin=30.86	_	_	_	_
8-1	PKP040	8	1	come	come	_	_	_	_	_	linguistic	_	ContainsVariation=No	_	_	_	_	_	_
8-2	PKP040	8	2	mai?	mai	_	_	_	_	_	linguistic	_	ContainsVariation=No	Intonation=Rising	End=31.66	_	_	_	_
9-0	PKP039	9	0	ma	ma	_	_	_	_	_	linguistic	_	ContainsVariation=No	_	Begin=33.525	_	_	_	_
9-1	PKP039	9	1	non	non	_	_	_	_	_	linguistic	_	ContainsVariation=No	_	_	_	_	_	_
9-2	PKP039	9	2	so	so	_	_	_	_	_	linguistic	_	ContainsVariation=No	_	_	_	_	_	_
9-3	PKP039	9	3	se	se	_	_	_	_	_	linguistic	_	ContainsVariation=No	_	_	_	_	_	_
9-4	PKP039	9	4	sono	sono	_	_	_	_	_	linguistic	_	ContainsVariation=No	_	_	_	_	_	_
9-5	PKP039	9	5	le:	le	_	_	_	_	_	linguistic	_	ContainsVariation=No	_	_	1x1	_	_	_
9-6	PKP039	9	6	le	le	_	_	_	_	_	linguistic	_	ContainsVariation=No	_	_	_	_	_	_
9-7	PKP039	9	7	[cose	cose	_	_	_	_	_	linguistic	_	ContainsVariation=No	_	_	_	_	_	0-4(1)
9-8	PKP039	9	8	qua]	qua	_	_	_	_	_	linguistic	_	ContainsVariation=No	_	End=35.58	_	_	_	0-3(1)
10-0	PKP047	10	0	[ti	ti	_	_	_	_	_	linguistic	_	ContainsVariation=No	_	Begin=35.57	_	_	_	0-2(2)
10-1	PKP047	10	1	devi	devi	_	_	_	_	_	linguistic	_	ContainsVariation=No	_	_	_	_	_	0-4(2)
10-2	PKP047	10	2	vedere	vedere	_	_	_	_	_	linguistic	_	ContainsVariation=No	_	_	_	_	_	0-6(2)
10-3	PKP047	10	3	x	x	_	_	_	_	_	unknown	_	ContainsVariation=No	Syllables=1	_	_	_	_	0-1(2)
10-4	PKP047	10	4	factor]?	factor	_	_	_	_	_	linguistic	_	ContainsVariation=No	Intonation=Rising	End=36.95	_	_	_	0-6(2)
11-0	PKP040	11	0	[oddio	oddio	_	_	_	_	_	linguistic	_	ContainsVariation=No	_	Begin=35.59	_	_	_	0-5(2)
11-1	PKP040	11	1	mo	mo	_	_	_	_	_	linguistic	_	ContainsVariation=No	_	_	_	_	_	0-2(2)
11-2	PKP040	11	2	mo	mo	_	_	_	_	_	linguistic	_	ContainsVariation=No	_	_	_	_	_	0-2(2)
11-3	PKP040	11	3	questa	questa	_	_	_	_	_	linguistic	_	ContainsVariation=No	_	_	_	_	_	0-6(2)
11-4	PKP040	11	4	la~]	la~	_	_	_	_	_	linguistic	_	ContainsVariation=No	Interrupted=Yes	_	_	_	_	0-3(2)
11-5	PKP040	11	5	lasciala	lasciala	_	_	_	_	_	linguistic	_	ContainsVariation=No	_	_	_	_	_	_
11-6	PKP040	11	6	questa	questa	_	_	_	_	_	linguistic	_	ContainsVariation=No	_	_	_	_	_	_
11-7	PKP040	11	7	to[glila]	toglila	_	_	_	_	_	linguistic	_	ContainsVariation=No	_	End=39.0	_	_	_	2-7(3)
12-0	PKP047	12	0	ah	ah	_	_	_	_	_	linguistic	_	ContainsVariation=No	_	Begin=37.79	_	_	_	_
12-1	PKP047	12	1	là?	là	_	_	_	_	_	linguistic	_	ContainsVariation=No	Intonation=Rising	End=38.32	_	_	_	_
13-0	PKP039	13	0	perché	perché	_	_	_	_	_	linguistic	_	ContainsVariation=No	_	Begin=38.901	_	_	_	_
13-1	PKP039	13	1	me	me	_	_	_	_	_	linguistic	_	ContainsVariation=No	_	_	_	_	_	_
13-2	PKP039	13	2	la	la	_	_	_	_	_	linguistic	_	ContainsVariation=No	_	_	_	_	_	_
13-3	PKP039	13	3	devo	devo	_	_	_	_	_	linguistic	_	ContainsVariation=No	_	_	_	_	_	_
13-4	PKP039	13	4	toglier[e]?	togliere	_	_	_	_	_	linguistic	_	ContainsVariation=No	Intonation=Rising	End=39.53	_	_	_	7-8(4)
14-0	PKP040	14	0	[per]ché	perché	_	_	_	_	_	linguistic	_	ContainsVariation=No	_	Begin=39.49	_	_	_	0-3(5)
14-1	PKP040	14	1	se	se	_	_	_	_	_	linguistic	_	ContainsVariation=No	_	_	_	_	_	_
14-2	PKP040	14	2	non	non	_	_	_	_	_	linguistic	_	ContainsVariation=No	_	_	_	_	_	_
14-3	PKP040	14	3	la	la	_	_	_	_	_	linguistic	_	ContainsVariation=No	_	_	_	_	_	_
14-4	PKP040	14	4	mangi	mangi	_	_	_	_	_	linguistic	_	ContainsVariation=No	_	_	_	_	_	_
14-5	PKP040	14	5	tu	tu	_	_	_	_	_	linguistic	_	ContainsVariation=No	_	_	_	_	_	_
14-6	PKP040	14	6	la	la	_	_	_	_	_	linguistic	_	ContainsVariation=No	_	_	_	_	_	_
14-7	PKP040	14	7	togli	togli	_	_	_	_	_	linguistic	_	ContainsVariation=No	_	_	_	_	_	_
14-8	PKP040	14	8	no?	no	_	_	_	_	_	linguistic	_	ContainsVariation=No	Intonation=Rising	_	_	_	_	_
14-9	PKP040	14	9	[c	c	_	_	_	_	_	linguistic	_	ContainsVariation=No	_	_	_	_	_	0-1(196)
14-10	PKP040	14	10	'ha	'ha	_	_	_	_	_	linguistic	_	ContainsVariation=No	Truncated=Yes	_	_	_	_	0-3(196)
14-11	PKP040	14	11	un	un	_	_	_	_	_	linguistic	_	ContainsVariation=No	_	_	_	_	_	0-2(196)
14-12	PKP040	14	12	piatto]	piatto	_	_	_	_	_	linguistic	_	ContainsVariation=No	_	End=41.77	_	_	_	0-6(196)
15-0	PKP047	15	0	[ti	ti	_	_	_	_	_	linguistic	_	ContainsVariation=No	_	Begin=40.82	_	_	_	0-2(196)
15-1	PKP047	15	1	devi	devi	_	_	_	_	_	linguistic	_	ContainsVariation=No	_	_	_	_	_	0-4(196)
15-2	PKP047	15	2	vedere	vedere	_	_	_	_	_	linguistic	_	ContainsVariation=No	_	_	_	_	_	0-6(196)
15-3	PKP047	15	3	x	x	_	_	_	_	_	unknown	_	ContainsVariation=No	Syllables=1	_	_	_	_	0-1(196)
15-4	PKP047	15	4	factor	factor	_	_	_	_	_	linguistic	_	ContainsVariation=No	_	_	_	_	_	0-6(196)
15-5	PKP047	15	5	dopo]?	dopo	_	_	_	_	_	linguistic	_	ContainsVariation=No	Intonation=Rising	End=42.45	_	_	_	0-4(196)
16-0	PKP039	16	0	[no	no	_	_	_	_	_	linguistic	_	ContainsVariation=No	_	Begin=41.74	_	_	_	0-2(196)
16-1	PKP039	16	1	ma]	ma	_	_	_	_	_	linguistic	_	ContainsVariation=No	_	_	_	_	_	0-2(196)
16-2	PKP039	16	2	me	me	_	_	_	_	_	linguistic	_	ContainsVariation=No	_	_	_	_	_	_
16-3	PKP039	16	3	la	la	_	_	_	_	_	linguistic	_	ContainsVariation=No	_	_	_	_	_	_
16-4	PKP039	16	4	mangio	mangio	_	_	_	_	_	linguistic	_	ContainsVariation=No	_	_	_	_	_	_
16-5	PKP039	16	5	s[a]	sa	_	_	_	_	_	linguistic	_	ContainsVariation=No	_	End=43.0	_	_	_	1-2(6)
17-0	PKP047	17	0	[ma]	ma	_	_	_	_	_	linguistic	_	ContainsVariation=No	_	Begin=42.8	_	_	_	0-2(6)
17-1	PKP047	17	1	mo	mo	_	_	_	_	_	linguistic	_	ContainsVariation=No	_	_	_	_	_	_
17-2	PKP047	17	2	me	me	_	_	_	_	_	linguistic	_	ContainsVariation=No	_	_	_	_	_	_
17-3	PKP047	17	3	la	la	_	_	_	_	_	linguistic	_	ContainsVariation=No	_	_	_	_	_	_
17-4	PKP047	17	4	mangio	mangio	_	_	_	_	_	linguistic	_	ContainsVariation=No	_	_	_	_	_	_
17-5	PKP047	17	5	io	io	_	_	_	_	_	linguistic	_	ContainsVariation=No	_	_	_	_	_	_
17-6	PKP047	17	6	se	se	_	_	_	_	_	linguistic	_	ContainsVariation=No	_	_	_	_	_	_
17-7	PKP047	17	7	no	no	_	_	_	_	_	linguistic	_	ContainsVariation=No	_	End=44.03	_	_	_	_
18-0	PKP040	18	0	no	no	_	_	_	_	_	linguistic	_	ContainsVariation=No	_	Begin=45.63	_	_	_	_
18-1	PKP040	18	1	non	non	_	_	_	_	_	linguistic	_	ContainsVariation=No	_	_	_	_	_	_
18-2	PKP040	18	2	[state	state	_	_	_	_	_	linguistic	_	ContainsVariation=No	_	_	_	_	_	0-5(7)
18-3	PKP040	18	3	facendo]	facendo	_	_	_	_	_	linguistic	_	ContainsVariation=No	PauseAfter=Yes	_	_	_	_	0-7(7)
18-4	PKP040	18	4	(.)	(.)	_	_	_	_	_	shortpause	_	ContainsVariation=No	_	_	_	_	_	_
18-5	PKP040	18	5	le	le	_	_	_	_	_	linguistic	_	ContainsVariation=No	_	_	_	_	_	_
18-6	PKP040	18	6	divisioni?	divisioni	_	_	_	_	_	linguistic	_	ContainsVariation=No	Intonation=Rising	End=47.59	_	_	_	_
19-0	PKP041	19	0	[buonissima]	buonissima	_	_	_	_	_	linguistic	_	ContainsVariation=No	_	Begin=46.407|End=47.13	_	_	_	0-10(7)
20-0	PKP047	20	0	[ti]	ti	_	_	_	_	_	linguistic	_	ContainsVariation=No	_	Begin=47.26	_	_	_	0-2(8)
20-1	PKP047	20	1	devi	devi	_	_	_	_	_	linguistic	_	ContainsVariation=No	_	_	_	_	_	_
20-2	PKP047	20	2	vedere	vedere	_	_	_	_	_	linguistic	_	ContainsVariation=No	_	_	_	_	_	_
20-3	PKP047	20	3	x	x	_	_	_	_	_	unknown	_	ContainsVariation=No	Syllables=1	_	_	_	_	_
20-4	PKP047	20	4	facto[r]?	factor	_	_	_	_	_	linguistic	_	ContainsVariation=No	Intonation=Rising	End=48.72	_	_	_	5-6(9)
21-0	PKP041	21	0	[si]	si	_	_	_	_	_	linguistic	_	ContainsVariation=No	_	Begin=48.51	_	_	_	0-2(9)
21-1	PKP041	21	1	ho	ho	_	_	_	_	_	linguistic	_	ContainsVariation=No	_	_	_	_	_	_
21-2	PKP041	21	2	messo	messo	_	_	_	_	_	linguistic	_	ContainsVariation=No	_	_	_	_	_	_
21-3	PKP041	21	3	già	già	_	_	_	_	_	linguistic	_	ContainsVariation=No	_	_	_	_	_	_
21-4	PKP041	21	4	pausa	pausa	_	_	_	_	_	linguistic	_	ContainsVariation=No	_	End=49.84	_	_	_	_
22-0	PKP040	22	0	ma	ma	_	_	_	_	_	linguistic	_	ContainsVariation=No	_	Begin=59.454	_	_	_	_
22-1	PKP040	22	1	sta	sta	_	_	_	_	_	linguistic	_	ContainsVariation=No	_	_	_	_	_	_
22-2	PKP040	22	2	piovendo	piovendo	_	_	_	_	_	linguistic	_	ContainsVariation=No	_	_	_	_	_	_
22-3	PKP040	22	3	ancora?	ancora	_	_	_	_	_	linguistic	_	ContainsVariation=No	Intonation=Rising	End=61.079	_	_	_	_
23-0	PKP040	23	0	# ma:	ma	_	_	_	_	_	linguistic	_	ContainsVariation=Yes|Variety=Unsure	_	Begin=61.874	1x1	_	_	_
23-1	PKP040	23	1	a	a	_	_	_	_	_	linguistic	_	ContainsVariation=Yes|Variety=Unsure	_	_	_	_	_	_
23-2	PKP040	23	2	un	un	_	_	_	_	_	linguistic	_	ContainsVariation=Yes|Variety=Unsure	_	_	_	_	_	_
23-3	PKP040	23	3	certo	certo	_	_	_	_	_	linguistic	_	ContainsVariation=Yes|Variety=Unsure	_	_	_	_	_	_
23-4	PKP040	23	4	punto	punto	_	_	_	_	_	linguistic	_	ContainsVariation=Yes|Variety=Unsure	_	_	_	_	_	_
23-5	PKP040	23	5	è	è	_	_	_	_	_	linguistic	_	ContainsVariation=Yes|Variety=Unsure	_	_	_	_	_	_
23-6	PKP040	23	6	fattu	fattu	_	_	_	_	_	linguistic	_	ContainsVariation=Yes|Variety=Unsure	_	_	_	_	_	_
23-7	PKP040	23	7	na	na	_	_	_	_	_	linguistic	_	ContainsVariation=Yes|Variety=Unsure	_	_	_	_	_	_
23-8	PKP040	23	8	scaricata	scaricata	_	_	_	_	_	linguistic	_	ContainsVariation=Yes|Variety=Unsure	_	_	_	_	_	_
23-9	PKP040	23	9	proprio	proprio	_	_	_	_	_	linguistic	_	ContainsVariation=Yes|Variety=Unsure	_	End=63.98	_	_	_	_
24-0	PKP041	24	0	a	a	_	_	_	_	_	linguistic	_	ContainsVariation=No	_	Begin=64.813	_	_	_	_
24-1	PKP041	24	1	casa	casa	_	_	_	_	_	linguistic	_	ContainsVariation=No	_	_	_	_	_	_
24-2	PKP041	24	2	di	di	_	_	_	_	_	linguistic	_	ContainsVariation=No	_	_	_	_	_	_
24-3	PKP041	24	3	[lorenzo]	lorenzo	_	_	_	_	_	linguistic	_	ContainsVariation=No	_	End=66.193	_	_	_	0-7(10)
25-0	PKP040	25	0	[c(io)è	cioè	_	_	_	_	_	linguistic	_	ContainsVariation=No	Reduced=Yes	Begin=65.128	_	_	_	0-4(10)
25-1	PKP040	25	1	proprio]:	proprio	_	_	_	_	_	linguistic	_	ContainsVariation=No	PauseAfter=Yes	_	6x1	_	_	0-7(10)
25-2	PKP040	25	2	(.)	(.)	_	_	_	_	_	shortpause	_	ContainsVariation=No	_	_	_	_	_	_
25-3	PKP040	25	3	la:	la	_	_	_	_	_	linguistic	_	ContainsVariation=No	_	_	1x1	_	_	_
25-4	PKP040	25	4	<buttava	buttava	_	_	_	_	_	linguistic	_	ContainsVariation=No	_	_	_	Slow=0-7(0)	_	_
25-5	PKP040	25	5	a	a	_	_	_	_	_	linguistic	_	ContainsVariation=No	_	_	_	Slow=0-1(0)	_	_
25-6	PKP040	25	6	catinelle>	catinelle	_	_	_	_	_	linguistic	_	ContainsVariation=No	_	End=68.227	_	Slow=0-9(0)	_	_
26-0	PKP041	26	0	a	a	_	_	_	_	_	linguistic	_	ContainsVariation=No	_	Begin=69.19	_	_	_	_
26-1	PKP041	26	1	casa	casa	_	_	_	_	_	linguistic	_	ContainsVariation=No	_	_	_	_	_	_
26-2	PKP041	26	2	di	di	_	_	_	_	_	linguistic	_	ContainsVariation=No	_	_	_	_	_	_
26-3	PKP041	26	3	lorenzo	lorenzo	_	_	_	_	_	linguistic	_	ContainsVariation=No	_	_	_	_	_	_
26-4	PKP041	26	4	hanno	hanno	_	_	_	_	_	linguistic	_	ContainsVariation=No	_	_	_	_	_	_
26-5	PKP041	26	5	tremato	tremato	_	_	_	_	_	linguistic	_	ContainsVariation=No	_	_	_	_	_	_
26-6	PKP041	26	6	le	le	_	_	_	_	_	linguistic	_	ContainsVariation=No	_	_	_	_	_	_
26-7	PKP041	26	7	porte	porte	_	_	_	_	_	linguistic	_	ContainsVariation=No	_	End=70.82	_	_	_	_
27-0	PKP040	27	0	quando	quando	_	_	_	_	_	linguistic	_	ContainsVariation=No	_	Begin=71.562	_	_	_	_
27-1	PKP040	27	1	ha	ha	_	_	_	_	_	linguistic	_	ContainsVariation=No	_	_	_	_	_	_
27-2	PKP040	27	2	fatto	fatto	_	_	_	_	_	linguistic	_	ContainsVariation=No	_	_	_	_	_	_
27-3	PKP040	27	3	[quel	quel	_	_	_	_	_	linguistic	_	ContainsVariation=No	_	_	_	_	_	0-4(11)
27-4	PKP040	27	4	tuono]	tuono	_	_	_	_	_	linguistic	_	ContainsVariation=No	_	_	_	_	_	0-5(11)
27-5	PKP040	27	5	sì	sì	_	_	_	_	_	linguistic	_	ContainsVariation=No	_	_	_	_	_	_
27-6	PKP040	27	6	sì	sì	_	_	_	_	_	linguistic	_	ContainsVariation=No	_	End=73.68	_	_	_	_
28-0	PKP041	28	0	[con	con	_	_	_	_	_	linguistic	_	ContainsVariation=No	_	Begin=72.04	_	_	_	0-3(11)
28-1	PKP041	28	1	i	i	_	_	_	_	_	linguistic	_	ContainsVariation=No	_	_	_	_	_	0-1(11)
28-2	PKP041	28	2	tuoni]	tuoni	_	_	_	_	_	linguistic	_	ContainsVariation=No	_	End=73.11	_	_	_	0-5(11)
29-0	PKP040	29	0	sì	sì	_	_	_	_	_	linguistic	_	ContainsVariation=No	_	Begin=75.013	_	_	_	_
29-1	PKP040	29	1	sì	sì	_	_	_	_	_	linguistic	_	ContainsVariation=No	_	_	_	_	_	_
29-2	PKP040	29	2	come	come	_	_	_	_	_	linguistic	_	ContainsVariation=No	_	_	_	_	_	_
29-3	PKP040	29	3	dice:	dice	_	_	_	_	_	linguistic	_	ContainsVariation=No	_	_	3x1	_	_	_
29-4	PKP040	29	4	come	come	_	_	_	_	_	linguistic	_	ContainsVariation=No	_	_	_	_	_	_
29-5	PKP040	29	5	fa	fa	_	_	_	_	_	linguistic	_	ContainsVariation=No	_	_	_	_	_	_
29-6	PKP040	29	6	lorenzo	lorenzo	_	_	_	_	_	linguistic	_	ContainsVariation=No	_	_	_	_	_	_
29-7	PKP040	29	7	sì	sì	_	_	_	_	_	linguistic	_	ContainsVariation=No	_	_	_	_	_	_
29-8	PKP040	29	8	sì	sì	_	_	_	_	_	linguistic	_	ContainsVariation=No	_	End=77.37	_	_	_	_
30-0	PKP040	30	0	france'	france'	_	_	_	_	_	linguistic	_	ContainsVariation=No	Truncated=Yes	Begin=83.38	_	_	_	_
30-1	PKP040	30	1	ma	ma	_	_	_	_	_	linguistic	_	ContainsVariation=No	_	_	_	_	_	_
30-2	PKP040	30	2	domani	domani	_	_	_	_	_	linguistic	_	ContainsVariation=No	_	_	_	_	_	_
30-3	PKP040	30	3	è	è	_	_	_	_	_	linguistic	_	ContainsVariation=No	_	_	_	_	_	_
30-4	PKP040	30	4	un	un	_	_	_	_	_	linguistic	_	ContainsVariation=No	_	_	_	_	_	_
30-5	PKP040	30	5	anno	anno	_	_	_	_	_	linguistic	_	ContainsVariation=No	_	_	_	_	_	_
30-6	PKP040	30	6	che	che	_	_	_	_	_	linguistic	_	ContainsVariation=No	_	_	_	_	_	_
30-7	PKP040	30	7	ti	ti	_	_	_	_	_	linguistic	_	ContainsVariation=No	_	_	_	_	_	_
30-8	PKP040	30	8	se[i::]	sei	_	_	_	_	_	linguistic	_	ContainsVariation=No	_	_	2x2	_	_	_
30-9	PKP040	30	9	laurea[to]]?	laureato	_	_	_	_	_	linguistic	_	ContainsVariation=No	Intonation=Rising	End=86.11	_	_	_	_
31-0	PKP041	31	0	[si]	si	_	_	_	_	_	linguistic	_	ContainsVariation=No	_	Begin=84.96|End=85.43	_	_	_	0-2(13)
32-0	PKP047	32	0	[d]omani	domani	_	_	_	_	_	linguistic	_	ContainsVariation=No	_	Begin=85.58|End=86.13	_	_	_	0-1(12)
33-0	PKP040	33	0	# ce	ce	_	_	_	_	_	linguistic	_	ContainsVariation=Yes|Variety=Unsure	_	Begin=87.853	_	_	_	_
33-1	PKP040	33	1	co:sa	cosa	_	_	_	_	_	linguistic	_	ContainsVariation=Yes|Variety=Unsure	_	End=88.69	1x1	_	_	_
34-0	PKP039	34	0	dieci	dieci	_	_	_	_	_	linguistic	_	ContainsVariation=No	_	Begin=89.95	_	_	_	_
34-1	PKP039	34	1	anni	anni	_	_	_	_	_	linguistic	_	ContainsVariation=No	_	_	_	_	_	_
34-2	PKP039	34	2	sembrano	sembrano	_	_	_	_	_	linguistic	_	ContainsVariation=No	_	End=91.04	_	_	_	_
35-0	PKP040	35	0	no	no	_	_	_	_	_	linguistic	_	ContainsVariation=No	_	Begin=91.55	_	_	_	_
35-1	PKP040	35	1	che	che	_	_	_	_	_	linguistic	_	ContainsVariation=No	_	_	_	_	_	_
35-2	PKP040	35	2	dieci	dieci	_	_	_	_	_	linguistic	_	ContainsVariation=No	_	_	_	_	_	_
35-3	PKP040	35	3	a:nni:	anni	_	_	_	_	_	linguistic	_	ContainsVariation=No	_	End=92.732	0x1,3x1	_	_	_
36-0	PKP040	36	0	l'	l'	_	_	_	_	_	linguistic	_	ContainsVariation=No	SpaceAfter=No	Begin=94.21	_	_	_	_
36-1	PKP040	36	1	ultimo	ultimo	_	_	_	_	_	linguistic	_	ContainsVariation=No	_	_	_	_	_	_
36-2	PKP040	36	2	viaggio	viaggio	_	_	_	_	_	linguistic	_	ContainsVariation=No	_	_	_	_	_	_
36-3	PKP040	36	3	che	che	_	_	_	_	_	linguistic	_	ContainsVariation=No	_	_	_	_	_	_
36-4	PKP040	36	4	abbiamo	abbiamo	_	_	_	_	_	linguistic	_	ContainsVariation=No	_	_	_	_	_	_
36-5	PKP040	36	5	[fatto]	fatto	_	_	_	_	_	linguistic	_	ContainsVariation=No	_	End=95.65	_	_	_	0-5(14)
37-0	PKP041	37	0	[quei	quei	_	_	_	_	_	linguistic	_	ContainsVariation=No	_	Begin=95.3	_	_	_	0-4(14)
37-1	PKP041	37	1	gio]rni	giorni	_	_	_	_	_	linguistic	_	ContainsVariation=No	_	_	_	_	_	0-3(14)
37-2	PKP041	37	2	sono	sono	_	_	_	_	_	linguistic	_	ContainsVariation=No	_	_	_	_	_	_
37-3	PKP041	37	3	stati	stati	_	_	_	_	_	linguistic	_	ContainsVariation=No	_	_	_	_	_	_
37-4	PKP041	37	4	belliss[imi]	bellissimi	_	_	_	_	_	linguistic	_	ContainsVariation=No	_	End=96.72	_	_	_	7-10(15)
38-0	PKP047	38	0	[do]mani	domani	_	_	_	_	_	linguistic	_	ContainsVariation=No	_	Begin=96.6	_	_	_	0-2(16)
38-1	PKP047	38	1	finisco	finisco	_	_	_	_	_	linguistic	_	ContainsVariation=No	_	_	_	_	_	_
38-2	PKP047	38	2	il	il	_	_	_	_	_	linguistic	_	ContainsVariation=No	_	_	_	_	_	_
38-3	PKP047	38	3	giro	giro	_	_	_	_	_	linguistic	_	ContainsVariation=No	_	_	_	_	_	_
38-4	PKP047	38	4	dell'	dell'	_	_	_	_	_	linguistic	_	ContainsVariation=No	SpaceAfter=No	_	_	_	_	_
38-5	PKP047	38	5	oca	oca	_	_	_	_	_	linguistic	_	ContainsVariation=No	_	_	_	_	_	_
38-6	PKP047	38	6	non	non	_	_	_	_	_	linguistic	_	ContainsVariation=No	_	_	_	_	_	_
38-7	PKP047	38	7	a	a	_	_	_	_	_	linguistic	_	ContainsVariation=No	_	_	_	_	_	_
38-8	PKP047	38	8	caso	caso	_	_	_	_	_	linguistic	_	ContainsVariation=No	_	_	_	_	_	_
38-9	PKP047	38	9	i	i	_	_	_	_	_	linguistic	_	ContainsVariation=No	_	_	_	_	_	_
38-10	PKP047	38	10	soldi	soldi	_	_	_	_	_	linguistic	_	ContainsVariation=No	_	_	_	_	_	_
38-11	PKP047	38	11	che	che	_	_	_	_	_	linguistic	_	ContainsVariation=No	_	_	_	_	_	_
38-12	PKP047	38	12	mi	mi	_	_	_	_	_	linguistic	_	ContainsVariation=No	_	_	_	_	_	_
38-13	PKP047	38	13	avevano	avevano	_	_	_	_	_	linguistic	_	ContainsVariation=No	_	_	_	_	_	_
38-14	PKP047	38	14	regalato	regalato	_	_	_	_	_	linguistic	_	ContainsVariation=No	_	_	_	_	_	_
38-15	PKP047	38	15	ritorno	ritorno	_	_	_	_	_	linguistic	_	ContainsVariation=No	_	_	_	_	_	_
38-16	PKP047	38	16	direttamente	direttamente	_	_	_	_	_	linguistic	_	ContainsVariation=No	_	_	_	_	_	_
38-17	PKP047	38	17	al	al	_	_	_	_	_	linguistic	_	ContainsVariation=No	_	_	_	_	_	_
38-18	PKP047	38	18	punto	punto	_	_	_	_	_	linguistic	_	ContainsVariation=No	_	_	_	_	_	_
38-19	PKP047	38	19	di	di	_	_	_	_	_	linguistic	_	ContainsVariation=No	_	_	_	_	_	_
38-20	PKP047	38	20	partenza	partenza	_	_	_	_	_	linguistic	_	ContainsVariation=No	_	_	_	_	_	_
38-21	PKP047	38	21	((ride))	((ride))	_	_	_	_	_	nonverbalbehavior	_	ContainsVariation=No	_	End=103.86	_	_	_	_
39-0	PKP040	39	0	perché?	perché	_	_	_	_	_	linguistic	_	ContainsVariation=No	Intonation=Rising	Begin=103.41|End=103.83	_	_	_	_
40-0	PKP047	40	0	# ca	ca	_	_	_	_	_	linguistic	_	ContainsVariation=Yes|Variety=Unsure	_	Begin=104.355	_	_	_	_
40-1	PKP047	40	1	poi	poi	_	_	_	_	_	linguistic	_	ContainsVariation=Yes|Variety=Unsure	_	_	_	_	_	_
40-2	PKP047	40	2	si	si	_	_	_	_	_	linguistic	_	ContainsVariation=Yes|Variety=Unsure	_	_	_	_	_	_
40-3	PKP047	40	3	nd'	nd'	_	_	_	_	_	linguistic	_	ContainsVariation=Yes|Variety=Unsure	SpaceAfter=No	_	_	_	_	_
40-4	PKP047	40	4	annu	annu	_	_	_	_	_	linguistic	_	ContainsVariation=Yes|Variety=Unsure	_	_	_	_	_	_
40-5	PKP047	40	5	sciutu	sciutu	_	_	_	_	_	linguistic	_	ContainsVariation=Yes|Variety=Unsure	_	_	_	_	_	_
40-6	PKP047	40	6	tutti	tutti	_	_	_	_	_	linguistic	_	ContainsVariation=Yes|Variety=Unsure	_	End=105.942	_	_	_	_
41-0	PKP047	41	0	ah	ah	_	_	_	_	_	linguistic	_	ContainsVariation=No	_	Begin=108.17	_	_	_	_
41-1	PKP047	41	1	bugia	bugia	_	_	_	_	_	linguistic	_	ContainsVariation=No	_	_	_	_	_	_
41-2	PKP047	41	2	vabbè	vabbè	_	_	_	_	_	linguistic	_	ContainsVariation=No	_	_	_	_	_	_
41-3	PKP047	41	3	dai	dai	_	_	_	_	_	linguistic	_	ContainsVariation=No	_	_	_	_	_	_
41-4	PKP047	41	4	c'	c'	_	_	_	_	_	linguistic	_	ContainsVariation=No	SpaceAfter=No	_	_	_	_	_
41-5	PKP047	41	5	è	è	_	_	_	_	_	linguistic	_	ContainsVariation=No	_	_	_	_	_	_
41-6	PKP047	41	6	l'	l'	_	_	_	_	_	linguistic	_	ContainsVariation=No	SpaceAfter=No	_	_	_	_	_
41-7	PKP047	41	7	affitto	affitto	_	_	_	_	_	linguistic	_	ContainsVariation=No	_	_	_	_	_	_
41-8	PKP047	41	8	di	di	_	_	_	_	_	linguistic	_	ContainsVariation=No	_	_	_	_	_	_
41-9	PKP047	41	9	oggi	oggi	_	_	_	_	_	linguistic	_	ContainsVariation=No	_	_	_	_	_	_
41-10	PKP047	41	10	e	e	_	_	_	_	_	linguistic	_	ContainsVariation=No	_	_	_	_	_	_
41-11	PKP047	41	11	le	le	_	_	_	_	_	linguistic	_	ContainsVariation=No	_	_	_	_	_	_
41-12	PKP047	41	12	altre	altre	_	_	_	_	_	linguistic	_	ContainsVariation=No	_	_	_	_	_	_
41-13	PKP047	41	13	cose	cose	_	_	_	_	_	linguistic	_	ContainsVariation=No	_	End=111.0	_	_	_	_
42-0	PKP041	42	0	bellissimi	bellissimi	_	_	_	_	_	linguistic	_	ContainsVariation=No	_	Begin=114.16	_	_	_	_
42-1	PKP041	42	1	quei	quei	_	_	_	_	_	linguistic	_	ContainsVariation=No	_	_	_	_	_	_
42-2	PKP041	42	2	giorni	giorni	_	_	_	_	_	linguistic	_	ContainsVariation=No	_	_	_	_	_	_
42-3	PKP041	42	3	vero?	vero	_	_	_	_	_	linguistic	_	ContainsVariation=No	Intonation=Rising	End=115.63	_	_	_	_
43-0	PKP040	43	0	mh	mh	_	_	_	_	_	linguistic	_	ContainsVariation=No	_	Begin=115.62	_	_	_	_
43-1	PKP040	43	1	andammo	andammo	_	_	_	_	_	linguistic	_	ContainsVariation=No	_	_	_	_	_	_
43-2	PKP040	43	2	a	a	_	_	_	_	_	linguistic	_	ContainsVariation=No	_	_	_	_	_	_
43-3	PKP040	43	3	ve[dere	vedere	_	_	_	_	_	linguistic	_	ContainsVariation=No	_	_	_	_	_	2-6(18)
43-4	PKP040	43	4	la	la	_	_	_	_	_	linguistic	_	ContainsVariation=No	_	_	_	_	_	0-2(18)
43-5	PKP040	43	5	mostra	mostra	_	_	_	_	_	linguistic	_	ContainsVariation=No	_	_	_	_	_	0-6(18)
43-6	PKP040	43	6	di]	di	_	_	_	_	_	linguistic	_	ContainsVariation=No	_	_	_	_	_	0-2(18)
43-7	PKP040	43	7	chaga:[l]	chagal	_	_	_	_	_	linguistic	_	ContainsVariation=No	_	End=118.26	4x1	_	_	5-6(19)
44-0	PKP047	44	0	[devi	devi	_	_	_	_	_	linguistic	_	ContainsVariation=No	_	Begin=116.52	_	_	_	0-4(18)
44-1	PKP047	44	1	ve~	ve~	_	_	_	_	_	linguistic	_	ContainsVariation=No	Interrupted=Yes	_	_	_	_	0-3(18)
44-2	PKP047	44	2	devi]	devi	_	_	_	_	_	linguistic	_	ContainsVariation=No	_	End=117.37	_	_	_	0-4(18)
45-0	PKP047	45	0	[d]evi	devi	_	_	_	_	_	linguistic	_	ContainsVariation=No	_	Begin=118.205	_	_	_	0-1(19)
45-1	PKP047	45	1	vedere	vedere	_	_	_	_	_	linguistic	_	ContainsVariation=No	_	_	_	_	_	_
45-2	PKP047	45	2	per	per	_	_	_	_	_	linguistic	_	ContainsVariation=No	_	_	_	_	_	_
45-3	PKP047	45	3	me	me	_	_	_	_	_	linguistic	_	ContainsVariation=No	PauseAfter=Yes	_	_	_	_	_
45-4	PKP047	45	4	(.)	(.)	_	_	_	_	_	shortpause	_	ContainsVariation=No	_	_	_	_	_	_
45-5	PKP047	45	5	dal	dal	_	_	_	_	_	linguistic	_	ContainsVariation=No	_	_	_	_	_	_
45-6	PKP047	45	6	quattro	quattro	_	_	_	_	_	linguistic	_	ContainsVariation=No	_	_	_	_	_	_
45-7	PKP047	45	7	dicembre	dicembre	_	_	_	_	_	linguistic	_	ContainsVariation=No	_	_	_	_	_	_
45-8	PKP047	45	8	a~	a~	_	_	_	_	_	linguistic	_	ContainsVariation=No	Interrupted=Yes	_	_	_	_	_
45-9	PKP047	45	9	al:	al	_	_	_	_	_	linguistic	_	ContainsVariation=No	_	_	1x1	_	_	_
45-10	PKP047	45	10	quattro	quattro	_	_	_	_	_	linguistic	_	ContainsVariation=No	_	_	_	_	_	_
45-11	PKP047	45	11	feb[braio:]	febbraio	_	_	_	_	_	linguistic	_	ContainsVariation=No	_	End=122.33	7x1	_	_	3-8(20)
46-0	PKP040	46	0	[sì]	sì	_	_	_	_	_	linguistic	_	ContainsVariation=No	_	Begin=122.19	_	_	_	0-2(20)
46-1	PKP040	46	1	tu:	tu	_	_	_	_	_	linguistic	_	ContainsVariation=No	_	_	1x1	_	_	_
46-2	PKP040	46	2	tu	tu	_	_	_	_	_	linguistic	_	ContainsVariation=No	_	_	_	_	_	_
46-3	PKP040	46	3	non	non	_	_	_	_	_	linguistic	_	ContainsVariation=No	_	_	_	_	_	_
46-4	PKP040	46	4	ti	ti	_	_	_	_	_	linguistic	_	ContainsVariation=No	_	_	_	_	_	_
46-5	PKP040	46	5	ricordi	ricordi	_	_	_	_	_	linguistic	_	ContainsVariation=No	_	_	_	_	_	_
46-6	PKP040	46	6	nie:[nte]	niente	_	_	_	_	_	linguistic	_	ContainsVariation=No	_	End=124.1	2x1	_	_	3-6(21)
47-0	PKP047	47	0	[il	il	_	_	_	_	_	linguistic	_	ContainsVariation=No	_	Begin=123.77	_	_	_	0-2(21)
47-1	PKP047	47	1	pe]riodo	periodo	_	_	_	_	_	linguistic	_	ContainsVariation=No	_	_	_	_	_	0-2(21)
47-2	PKP047	47	2	più~	più~	_	_	_	_	_	linguistic	_	ContainsVariation=No	Interrupted=Yes	_	_	_	_	_
47-3	PKP047	47	3	ma:	ma	_	_	_	_	_	linguistic	_	ContainsVariation=No	_	End=124.8	1x1	_	_	_
48-0	PKP047	48	0	penso	penso	_	_	_	_	_	linguistic	_	ContainsVariation=No	_	Begin=126.29	_	_	_	_
48-1	PKP047	48	1	di	di	_	_	_	_	_	linguistic	_	ContainsVariation=No	_	_	_	_	_	_
48-2	PKP047	48	2	non	non	_	_	_	_	_	linguistic	_	ContainsVariation=No	_	_	_	_	_	_
48-3	PKP047	48	3	aver	aver	_	_	_	_	_	linguistic	_	ContainsVariation=No	_	_	_	_	_	_
48-4	PKP047	48	4	toccato	toccato	_	_	_	_	_	linguistic	_	ContainsVariation=No	_	_	_	_	_	_
48-5	PKP047	48	5	un	un	_	_	_	_	_	linguistic	_	ContainsVariation=No	_	_	_	_	_	_
48-6	PKP047	48	6	libro	libro	_	_	_	_	_	linguistic	_	ContainsVariation=No	_	_	_	_	_	_
48-7	PKP047	48	7	dal	dal	_	_	_	_	_	linguistic	_	ContainsVariation=No	_	_	_	_	_	_
48-8	PKP047	48	8	quattro	quattro	_	_	_	_	_	linguistic	_	ContainsVariation=No	_	_	_	_	_	_
48-9	PKP047	48	9	dicembre	dicembre	_	_	_	_	_	linguistic	_	ContainsVariation=No	_	_	_	_	_	_
48-10	PKP047	48	10	al	al	_	_	_	_	_	linguistic	_	ContainsVariation=No	_	_	_	_	_	_
48-11	PKP047	48	11	tre	tre	_	_	_	_	_	linguistic	_	ContainsVariation=No	_	_	_	_	_	_
48-12	PKP047	48	12	febbraio	febbraio	_	_	_	_	_	linguistic	_	ContainsVariation=No	_	End=129.905	_	_	_	_
49-0	PKP040	49	0	vabbè	vabbè	_	_	_	_	_	linguistic	_	ContainsVariation=No	_	Begin=130.21	_	_	_	_
49-1	PKP040	49	1	non	non	_	_	_	_	_	linguistic	_	ContainsVariation=No	_	_	_	_	_	_
49-2	PKP040	49	2	è	è	_	_	_	_	_	linguistic	_	ContainsVariation=No	_	_	_	_	_	_
49-3	PKP040	49	3	che:	che	_	_	_	_	_	linguistic	_	ContainsVariation=No	_	End=131.03	2x1	_	_	_
50-0	PKP041	50	0	ou	ou	_	_	_	_	_	linguistic	_	ContainsVariation=No	_	Begin=133.45	_	_	_	_
50-1	PKP041	50	1	che	che	_	_	_	_	_	linguistic	_	ContainsVariation=No	_	_	_	_	_	_
50-2	PKP041	50	2	è?	è	_	_	_	_	_	linguistic	_	ContainsVariation=No	Intonation=Rising	End=134.1	_	_	_	_
51-0	PKP047	51	0	ieri	ieri	_	_	_	_	_	linguistic	_	ContainsVariation=No	_	Begin=135.04	_	_	_	_
51-1	PKP047	51	1	rivedevo	rivedevo	_	_	_	_	_	linguistic	_	ContainsVariation=No	_	_	_	_	_	_
51-2	PKP047	51	2	le	le	_	_	_	_	_	linguistic	_	ContainsVariation=No	_	_	_	_	_	_
51-3	PKP047	51	3	mie	mie	_	_	_	_	_	linguistic	_	ContainsVariation=No	_	_	_	_	_	_
51-4	PKP047	51	4	storie:	storie	_	_	_	_	_	linguistic	_	ContainsVariation=No	_	_	5x1	_	_	_
51-5	PKP047	51	5	a	a	_	_	_	_	_	linguistic	_	ContainsVariation=No	_	_	_	_	_	_
51-6	PKP047	51	6	instagram	instagram	_	_	_	_	_	linguistic	_	ContainsVariation=No	_	_	_	_	_	_
51-7	PKP047	51	7	vecchie	vecchie	_	_	_	_	_	linguistic	_	ContainsVariation=No	_	End=137.6	_	_	_	_
52-0	PKP047	52	0	dell'	dell'	_	_	_	_	_	linguistic	_	ContainsVariation=No	SpaceAfter=No	Begin=139.35	_	_	_	_
52-1	PKP047	52	1	università	università	_	_	_	_	_	linguistic	_	ContainsVariation=No	_	_	_	_	_	_
52-2	PKP047	52	2	che	che	_	_	_	_	_	linguistic	_	ContainsVariation=No	_	_	_	_	_	_
52-3	PKP047	52	3	tipo	tipo	_	_	_	_	_	linguistic	_	ContainsVariation=No	_	_	_	_	_	_
52-4	PKP047	52	4	c'	c'	_	_	_	_	_	linguistic	_	ContainsVariation=No	SpaceAfter=No	_	_	_	_	_
52-5	PKP047	52	5	erano	erano	_	_	_	_	_	linguistic	_	ContainsVariation=No	_	_	_	_	_	_
52-6	PKP047	52	6	mesi	mesi	_	_	_	_	_	linguistic	_	ContainsVariation=No	_	_	_	_	_	_
52-7	PKP047	52	7	in	in	_	_	_	_	_	linguistic	_	ContainsVariation=No	_	_	_	_	_	_
52-8	PKP047	52	8	cui	cui	_	_	_	_	_	linguistic	_	ContainsVariation=No	_	_	_	_	_	_
52-9	PKP047	52	9	mettevo	mettevo	_	_	_	_	_	linguistic	_	ContainsVariation=No	_	_	_	_	_	_
52-10	PKP047	52	10	una	una	_	_	_	_	_	linguistic	_	ContainsVariation=No	_	_	_	_	_	_
52-11	PKP047	52	11	storia	storia	_	_	_	_	_	linguistic	_	ContainsVariation=No	_	_	_	_	_	_
52-12	PKP047	52	12	a	a	_	_	_	_	_	linguistic	_	ContainsVariation=No	_	_	_	_	_	_
52-13	PKP047	52	13	torino:	torino	_	_	_	_	_	linguistic	_	ContainsVariation=No	_	_	5x1	_	_	_
52-14	PKP047	52	14	il	il	_	_	_	_	_	linguistic	_	ContainsVariation=No	_	_	_	_	_	_
52-15	PKP047	52	15	giorno	giorno	_	_	_	_	_	linguistic	_	ContainsVariation=No	_	_	_	_	_	_
52-16	PKP047	52	16	dopo	dopo	_	_	_	_	_	linguistic	_	ContainsVariation=No	_	_	_	_	_	_
52-17	PKP047	52	17	a	a	_	_	_	_	_	linguistic	_	ContainsVariation=No	_	_	_	_	_	_
52-18	PKP047	52	18	bologna:	bologna	_	_	_	_	_	linguistic	_	ContainsVariation=No	_	_	6x1	_	_	_
52-19	PKP047	52	19	poi	poi	_	_	_	_	_	linguistic	_	ContainsVariation=No	_	_	_	_	_	_
52-20	PKP047	52	20	a	a	_	_	_	_	_	linguistic	_	ContainsVariation=No	_	_	_	_	_	_
52-21	PKP047	52	21	pesaro:	pesaro	_	_	_	_	_	linguistic	_	ContainsVariation=No	_	_	5x1	_	_	_
52-22	PKP047	52	22	e	e	_	_	_	_	_	linguistic	_	ContainsVariation=No	_	_	_	_	_	_
52-23	PKP047	52	23	poi	poi	_	_	_	_	_	linguistic	_	ContainsVariation=No	_	_	_	_	_	_
52-24	PKP047	52	24	di	di	_	_	_	_	_	linguistic	_	ContainsVariation=No	_	_	_	_	_	_
52-25	PKP047	52	25	nuovo	nuovo	_	_	_	_	_	linguistic	_	ContainsVariation=No	_	_	_	_	_	_
52-26	PKP047	52	26	a	a	_	_	_	_	_	linguistic	_	ContainsVariation=No	_	_	_	_	_	_
52-27	PKP047	52	27	mila:no	milano	_	_	_	_	_	linguistic	_	ContainsVariation=No	_	_	3x1	_	_	_
52-28	PKP047	52	28	nel	nel	_	_	_	_	_	linguistic	_	ContainsVariation=No	_	_	_	_	_	_
52-29	PKP047	52	29	giro	giro	_	_	_	_	_	linguistic	_	ContainsVariation=No	_	_	_	_	_	_
52-30	PKP047	52	30	di	di	_	_	_	_	_	linguistic	_	ContainsVariation=No	_	_	_	_	_	_
52-31	PKP047	52	31	una	una	_	_	_	_	_	linguistic	_	ContainsVariation=No	_	_	_	_	_	_
52-32	PKP047	52	32	settima:na	settimana	_	_	_	_	_	linguistic	_	ContainsVariation=No	_	_	6x1	_	_	_
52-33	PKP047	52	33	proprio	proprio	_	_	_	_	_	linguistic	_	ContainsVariation=No	_	End=149.22	_	_	_	_
53-0	PKP041	53	0	be:llo	bello	_	_	_	_	_	linguistic	_	ContainsVariation=No	_	Begin=152.52	1x1	_	_	_
53-1	PKP041	53	1	viversi	viversi	_	_	_	_	_	linguistic	_	ContainsVariation=No	_	_	_	_	_	_
53-2	PKP041	53	2	l'	l'	_	_	_	_	_	linguistic	_	ContainsVariation=No	SpaceAfter=No	_	_	_	_	_
53-3	PKP041	53	3	università	università	_	_	_	_	_	linguistic	_	ContainsVariation=No	_	_	_	_	_	_
53-4	PKP041	53	4	così	così	_	_	_	_	_	linguistic	_	ContainsVariation=No	_	End=154.45	_	_	_	_
54-0	PKP040	54	0	là	là	_	_	_	_	_	linguistic	_	ContainsVariation=No	_	Begin=154.96	_	_	_	_
54-1	PKP040	54	1	cosa	cosa	_	_	_	_	_	linguistic	_	ContainsVariation=No	_	_	_	_	_	_
54-2	PKP040	54	2	c'	c'	_	_	_	_	_	linguistic	_	ContainsVariation=No	SpaceAfter=No	_	_	_	_	_
54-3	PKP040	54	3	è?	è	_	_	_	_	_	linguistic	_	ContainsVariation=No	Intonation=Rising	End=156.14	_	_	_	_
55-0	PKP047	55	0	un'	un'	_	_	_	_	_	linguistic	_	ContainsVariation=No	SpaceAfter=No	Begin=156.68	_	_	_	_
55-1	PKP047	55	1	altra	altra	_	_	_	_	_	linguistic	_	ContainsVariation=No	_	_	_	_	_	_
55-2	PKP047	55	2	cosa	cosa	_	_	_	_	_	linguistic	_	ContainsVariation=No	_	End=157.56	_	_	_	_
56-0	PKP047	56	0	eppure	eppure	_	_	_	_	_	linguistic	_	ContainsVariation=No	_	Begin=157.879	_	_	_	_
56-1	PKP047	56	1	non	non	_	_	_	_	_	linguistic	_	ContainsVariation=No	_	_	_	_	_	_
56-2	PKP047	56	2	mi	mi	_	_	_	_	_	linguistic	_	ContainsVariation=No	_	_	_	_	_	_
56-3	PKP047	56	3	manca~	manca~	_	_	_	_	_	linguistic	_	ContainsVariation=No	Interrupted=Yes	_	_	_	_	_
56-4	PKP047	56	4	°sto	sto	_	_	_	_	_	linguistic	_	ContainsVariation=No	Volume=low	_	_	_	_	_
56-5	PKP047	56	5	mettendo:	mettendo	_	_	_	_	_	linguistic	_	ContainsVariation=No	Volume=low	_	7x1	_	_	_
56-6	PKP047	56	6	il	il	_	_	_	_	_	linguistic	_	ContainsVariation=No	Volume=low	_	_	_	_	_
56-7	PKP047	56	7	silenzioso°	silenzioso	_	_	_	_	_	linguistic	_	ContainsVariation=No	Volume=low	End=160.62	_	_	_	_
57-0	PKP040	57	0	ma	ma	_	_	_	_	_	linguistic	_	ContainsVariation=No	_	Begin=160.91	_	_	_	_
57-1	PKP040	57	1	sono	sono	_	_	_	_	_	linguistic	_	ContainsVariation=No	_	_	_	_	_	_
57-2	PKP040	57	2	così	così	_	_	_	_	_	linguistic	_	ContainsVariation=No	_	_	_	_	_	_
57-3	PKP040	57	3	doppi	doppi	_	_	_	_	_	linguistic	_	ContainsVariation=No	_	_	_	_	_	_
57-4	PKP040	57	4	questi?	questi	_	_	_	_	_	linguistic	_	ContainsVariation=No	Intonation=Rising	End=162.44	_	_	_	_
58-0	PKP040	58	0	sì	sì	_	_	_	_	_	linguistic	_	ContainsVariation=No	_	Begin=163.07|End=163.29	_	_	_	_
59-0	PKP040	59	0	mh:	mh	_	_	_	_	_	linguistic	_	ContainsVariation=No	_	Begin=165.64	1x1	_	_	_
59-1	PKP040	59	1	xx	xx	_	_	_	_	_	unknown	_	ContainsVariation=No	Syllables=2	_	_	_	_	_
59-2	PKP040	59	2	x	x	_	_	_	_	_	unknown	_	ContainsVariation=No	Syllables=1	End=166.71	_	_	_	_
60-0	PKP047	60	0	come	come	_	_	_	_	_	linguistic	_	ContainsVariation=No	_	Begin=167.79	_	_	_	_
60-1	PKP047	60	1	ci	ci	_	_	_	_	_	linguistic	_	ContainsVariation=No	_	_	_	_	_	_
60-2	PKP047	60	2	sta	sta	_	_	_	_	_	linguistic	_	ContainsVariation=No	_	_	_	_	_	_
60-3	PKP047	60	3	là	là	_	_	_	_	_	linguistic	_	ContainsVariation=No	_	End=168.75	_	_	_	_
61-0	PKP047	61	0	antonio	antonio	_	_	_	_	_	linguistic	_	ContainsVariation=No	_	Begin=168.96	_	_	_	_
61-1	PKP047	61	1	rossi	rossi	_	_	_	_	_	linguistic	_	ContainsVariation=No	_	_	_	_	_	_
61-2	PKP047	61	2	che	che	_	_	_	_	_	linguistic	_	ContainsVariation=No	_	_	_	_	_	_
61-3	PKP047	61	3	ogni	ogni	_	_	_	_	_	linguistic	_	ContainsVariation=No	_	_	_	_	_	_
61-4	PKP047	61	4	volta	volta	_	_	_	_	_	linguistic	_	ContainsVariation=No	_	_	_	_	_	_
61-5	PKP047	61	5	che	che	_	_	_	_	_	linguistic	_	ContainsVariation=No	_	_	_	_	_	_
61-6	PKP047	61	6	fa	fa	_	_	_	_	_	linguistic	_	ContainsVariation=No	_	_	_	_	_	_
61-7	PKP047	61	7	un	un	_	_	_	_	_	linguistic	_	ContainsVariation=No	_	_	_	_	_	_
61-8	PKP047	61	8	discorso	discorso	_	_	_	_	_	linguistic	_	ContainsVariation=No	_	_	_	_	_	_
61-9	PKP047	61	9	deve	deve	_	_	_	_	_	linguistic	_	ContainsVariation=No	_	_	_	_	_	_
61-10	PKP047	61	10	far	far	_	_	_	_	_	linguistic	_	ContainsVariation=No	_	_	_	_	_	_
61-11	PKP047	61	11	vedere	vedere	_	_	_	_	_	linguistic	_	ContainsVariation=No	_	_	_	_	_	_
61-12	PKP047	61	12	quasi	quasi	_	_	_	_	_	linguistic	_	ContainsVariation=No	_	_	_	_	_	_
61-13	PKP047	61	13	che	che	_	_	_	_	_	linguistic	_	ContainsVariation=No	_	_	_	_	_	_
61-14	PKP047	61	14	lui	lui	_	_	_	_	_	linguistic	_	ContainsVariation=No	_	_	_	_	_	_
61-15	PKP047	61	15	è	è	_	_	_	_	_	linguistic	_	ContainsVariation=No	_	_	_	_	_	_
61-16	PKP047	61	16	il	il	_	_	_	_	_	linguistic	_	ContainsVariation=No	_	_	_	_	_	_
61-17	PKP047	61	17	più	più	_	_	_	_	_	linguistic	_	ContainsVariation=No	_	_	_	_	_	_
61-18	PKP047	61	18	bravo	bravo	_	_	_	_	_	linguistic	_	ContainsVariation=No	_	_	_	_	_	_
61-19	PKP047	61	19	di	di	_	_	_	_	_	linguistic	_	ContainsVariation=No	_	_	_	_	_	_
61-20	PKP047	61	20	tutti	tutti	_	_	_	_	_	linguistic	_	ContainsVariation=No	_	_	_	_	_	_
61-21	PKP047	61	21	no?	no	_	_	_	_	_	linguistic	_	ContainsVariation=No	Intonation=Rising	_	_	_	_	_
61-22	PKP047	61	22	oppure	oppure	_	_	_	_	_	linguistic	_	ContainsVariation=No	_	_	_	_	_	_
61-23	PKP047	61	23	che	che	_	_	_	_	_	linguistic	_	ContainsVariation=No	_	_	_	_	_	_
61-24	PKP047	61	24	lui	lui	_	_	_	_	_	linguistic	_	ContainsVariation=No	_	_	_	_	_	_
61-25	PKP047	61	25	le	le	_	_	_	_	_	linguistic	_	ContainsVariation=No	_	_	_	_	_	_
61-26	PKP047	61	26	cose:	cose	_	_	_	_	_	linguistic	_	ContainsVariation=No	_	_	3x1	_	_	_
61-27	PKP047	61	27	le	le	_	_	_	_	_	linguistic	_	ContainsVariation=No	_	_	_	_	_	_
61-28	PKP047	61	28	sa	sa	_	_	_	_	_	linguistic	_	ContainsVariation=No	_	End=174.56	_	_	_	_
62-0	PKP041	62	0	°puoi	puoi	_	_	_	_	_	linguistic	_	ContainsVariation=No	Volume=low	Begin=175.32	_	_	_	_
62-1	PKP041	62	1	pu[oi°]	puoi	_	_	_	_	_	linguistic	_	ContainsVariation=No	Volume=low	End=175.87	_	_	_	2-4(?)
63-0	PKP047	63	0	[e]:m[h:]	emh	_	_	_	_	_	linguistic	_	ContainsVariation=No	_	Begin=175.93|End=176.7	0x1,2x1	_	_	2-3(?)
64-0	PKP041	64	0	[p]uoi	puoi	_	_	_	_	_	linguistic	_	ContainsVariation=No	_	Begin=176.626	_	_	_	0-1(22)
64-1	PKP041	64	1	puoi	puoi	_	_	_	_	_	linguistic	_	ContainsVariation=No	_	End=177.06	_	_	_	_
65-0	PKP047	65	0	tipo:	tipo	_	_	_	_	_	linguistic	_	ContainsVariation=No	_	Begin=177.212	3x1	_	_	_
65-1	PKP047	65	1	che	che	_	_	_	_	_	linguistic	_	ContainsVariation=No	_	_	_	_	_	_
65-2	PKP047	65	2	so	so	_	_	_	_	_	linguistic	_	ContainsVariation=No	_	_	_	_	_	_
65-3	PKP047	65	3	mo	mo	_	_	_	_	_	linguistic	_	ContainsVariation=No	_	_	_	_	_	_
65-4	PKP047	65	4	non	non	_	_	_	_	_	linguistic	_	ContainsVariation=No	_	_	_	_	_	_
65-5	PKP047	65	5	stava	stava	_	_	_	_	_	linguistic	_	ContainsVariation=No	_	_	_	_	_	_
65-6	PKP047	65	6	giocando	giocando	_	_	_	_	_	linguistic	_	ContainsVariation=No	_	_	_	_	_	_
65-7	PKP047	65	7	qualche	qualche	_	_	_	_	_	linguistic	_	ContainsVariation=No	_	_	_	_	_	_
65-8	PKP047	65	8	giorno	giorno	_	_	_	_	_	linguistic	_	ContainsVariation=No	_	_	_	_	_	_
65-9	PKP047	65	9	no	no	_	_	_	_	_	linguistic	_	ContainsVariation=No	_	_	_	_	_	_
65-10	PKP047	65	10	c'	c'	_	_	_	_	_	linguistic	_	ContainsVariation=No	SpaceAfter=No	_	_	_	_	_
65-11	PKP047	65	11	ho:	ho	_	_	_	_	_	linguistic	_	ContainsVariation=No	_	_	1x1	_	_	_
65-12	PKP047	65	12	devo	devo	_	_	_	_	_	linguistic	_	ContainsVariation=No	_	_	_	_	_	_
65-13	PKP047	65	13	vedere	vedere	_	_	_	_	_	linguistic	_	ContainsVariation=No	_	_	_	_	_	_
65-14	PKP047	65	14	se	se	_	_	_	_	_	linguistic	_	ContainsVariation=No	_	_	_	_	_	_
65-15	PKP047	65	15	riesco	riesco	_	_	_	_	_	linguistic	_	ContainsVariation=No	_	_	_	_	_	_
65-16	PKP047	65	16	a	a	_	_	_	_	_	linguistic	_	ContainsVariation=No	_	_	_	_	_	_
65-17	PKP047	65	17	giocare	giocare	_	_	_	_	_	linguistic	_	ContainsVariation=No	_	_	_	_	_	_
65-18	PKP047	65	18	per	per	_	_	_	_	_	linguistic	_	ContainsVariation=No	_	_	_	_	_	_
65-19	PKP047	65	19	il	il	_	_	_	_	_	linguistic	_	ContainsVariation=No	_	_	_	_	_	_
65-20	PKP047	65	20	motion	motion	_	_	_	_	_	linguistic	_	ContainsVariation=No	_	_	_	_	_	_
65-21	PKP047	65	21	sickness	sickness	_	_	_	_	_	linguistic	_	ContainsVariation=No	_	End=182.598	_	_	_	_
66-0	PKP047	66	0	che	che	_	_	_	_	_	linguistic	_	ContainsVariation=No	_	Begin=182.613	_	_	_	_
66-1	PKP047	66	1	è	è	_	_	_	_	_	linguistic	_	ContainsVariation=No	_	_	_	_	_	_
66-2	PKP047	66	2	quando	quando	_	_	_	_	_	linguistic	_	ContainsVariation=No	_	_	_	_	_	_
66-3	PKP047	66	3	magari	magari	_	_	_	_	_	linguistic	_	ContainsVariation=No	_	_	_	_	_	_
66-4	PKP047	66	4	ti	ti	_	_	_	_	_	linguistic	_	ContainsVariation=No	_	_	_	_	_	_
66-5	PKP047	66	5	danno	danno	_	_	_	_	_	linguistic	_	ContainsVariation=No	_	_	_	_	_	_
66-6	PKP047	66	6	fastidio	fastidio	_	_	_	_	_	linguistic	_	ContainsVariation=No	_	_	_	_	_	_
66-7	PKP047	66	7	gli	gli	_	_	_	_	_	linguistic	_	ContainsVariation=No	_	_	_	_	_	_
66-8	PKP047	66	8	occhi	occhi	_	_	_	_	_	linguistic	_	ContainsVariation=No	_	_	_	_	_	_
66-9	PKP047	66	9	proprio	proprio	_	_	_	_	_	linguistic	_	ContainsVariation=No	_	_	_	_	_	_
66-10	PKP047	66	10	che	che	_	_	_	_	_	linguistic	_	ContainsVariation=No	_	_	_	_	_	_
66-11	PKP047	66	11	deve	deve	_	_	_	_	_	linguistic	_	ContainsVariation=No	_	_	_	_	_	_
66-12	PKP047	66	12	far	far	_	_	_	_	_	linguistic	_	ContainsVariation=No	_	_	_	_	_	_
66-13	PKP047	66	13	vedere	vedere	_	_	_	_	_	linguistic	_	ContainsVariation=No	_	_	_	_	_	_
66-14	PKP047	66	14	che:	che	_	_	_	_	_	linguistic	_	ContainsVariation=No	_	End=186.096	2x1	_	_	_
67-0	PKP040	67	0	[va:]bbè	vabbè	_	_	_	_	_	linguistic	_	ContainsVariation=No	_	Begin=185.43|End=186.2	1x1	_	_	0-2(23)
68-0	PKP047	68	0	oppure	oppure	_	_	_	_	_	linguistic	_	ContainsVariation=No	_	Begin=187.389	_	_	_	_
68-1	PKP047	68	1	ieri	ieri	_	_	_	_	_	linguistic	_	ContainsVariation=No	_	_	_	_	_	_
68-2	PKP047	68	2	no:	no	_	_	_	_	_	linguistic	_	ContainsVariation=No	_	_	1x1	_	_	_
68-3	PKP047	68	3	perché:	perché	_	_	_	_	_	linguistic	_	ContainsVariation=No	_	_	5x1	_	_	_
68-4	PKP047	68	4	quando	quando	_	_	_	_	_	linguistic	_	ContainsVariation=No	_	_	_	_	_	_
68-5	PKP047	68	5	ci	ci	_	_	_	_	_	linguistic	_	ContainsVariation=No	_	_	_	_	_	_
68-6	PKP047	68	6	sono	sono	_	_	_	_	_	linguistic	_	ContainsVariation=No	_	_	_	_	_	_
68-7	PKP047	68	7	i	i	_	_	_	_	_	linguistic	_	ContainsVariation=No	_	_	_	_	_	_
68-8	PKP047	68	8	meeting	meeting	_	_	_	_	_	linguistic	_	ContainsVariation=No	_	_	_	_	_	_
68-9	PKP047	68	9	aziendali	aziendali	_	_	_	_	_	linguistic	_	ContainsVariation=No	_	_	_	_	_	_
68-10	PKP047	68	10	no	no	_	_	_	_	_	linguistic	_	ContainsVariation=No	_	_	_	_	_	_
68-11	PKP047	68	11	cioè	cioè	_	_	_	_	_	linguistic	_	ContainsVariation=No	_	_	_	_	_	_
68-12	PKP047	68	12	tu	tu	_	_	_	_	_	linguistic	_	ContainsVariation=No	_	_	_	_	_	_
68-13	PKP047	68	13	sei	sei	_	_	_	_	_	linguistic	_	ContainsVariation=No	_	_	_	_	_	_
68-14	PKP047	68	14	di	di	_	_	_	_	_	linguistic	_	ContainsVariation=No	_	_	_	_	_	_
68-15	PKP047	68	15	milano	milano	_	_	_	_	_	linguistic	_	ContainsVariation=No	_	End=191.833	_	_	_	_
69-0	PKP047	69	0	ma:	ma	_	_	_	_	_	linguistic	_	ContainsVariation=No	_	Begin=192.516	1x1	_	_	_
69-1	PKP047	69	1	a	a	_	_	_	_	_	linguistic	_	ContainsVariation=No	_	_	_	_	_	_
69-2	PKP047	69	2	noi:	noi	_	_	_	_	_	linguistic	_	ContainsVariation=No	_	_	2x1	_	_	_
69-3	PKP047	69	3	c'	c'	_	_	_	_	_	linguistic	_	ContainsVariation=No	SpaceAfter=No	_	_	_	_	_
69-4	PKP047	69	4	abbiamo	abbiamo	_	_	_	_	_	linguistic	_	ContainsVariation=No	_	_	_	_	_	_
69-5	PKP047	69	5	la	la	_	_	_	_	_	linguistic	_	ContainsVariation=No	_	_	_	_	_	_
69-6	PKP047	69	6	trasferta	trasferta	_	_	_	_	_	linguistic	_	ContainsVariation=No	_	_	_	_	_	_
69-7	PKP047	69	7	pagata	pagata	_	_	_	_	_	linguistic	_	ContainsVariation=No	_	End=195.216	_	_	_	_
70-0	PKP047	70	0	cioè	cioè	_	_	_	_	_	linguistic	_	ContainsVariation=No	_	Begin=195.223	_	_	_	_
70-1	PKP047	70	1	non	non	_	_	_	_	_	linguistic	_	ContainsVariation=No	_	_	_	_	_	_
70-2	PKP047	70	2	è	è	_	_	_	_	_	linguistic	_	ContainsVariation=No	_	_	_	_	_	_
70-3	PKP047	70	3	che	che	_	_	_	_	_	linguistic	_	ContainsVariation=No	_	_	_	_	_	_
70-4	PKP047	70	4	dice	dice	_	_	_	_	_	linguistic	_	ContainsVariation=No	_	_	_	_	_	_
70-5	PKP047	70	5	ca	ca	_	_	_	_	_	linguistic	_	ContainsVariation=No	_	_	_	_	_	_
70-6	PKP047	70	6	a	a	_	_	_	_	_	linguistic	_	ContainsVariation=No	_	_	_	_	_	_
70-7	PKP047	70	7	bologna	bologna	_	_	_	_	_	linguistic	_	ContainsVariation=No	_	_	_	_	_	_
70-8	PKP047	70	8	non	non	_	_	_	_	_	linguistic	_	ContainsVariation=No	_	_	_	_	_	_
70-9	PKP047	70	9	li	li	_	_	_	_	_	linguistic	_	ContainsVariation=No	_	_	_	_	_	_
70-10	PKP047	70	10	fanno	fanno	_	_	_	_	_	linguistic	_	ContainsVariation=No	_	_	_	_	_	_
70-11	PKP047	70	11	i	i	_	_	_	_	_	linguistic	_	ContainsVariation=No	_	_	_	_	_	_
70-12	PKP047	70	12	meeting	meeting	_	_	_	_	_	linguistic	_	ContainsVariation=No	_	_	_	_	_	_
70-13	PKP047	70	13	aziendali	aziendali	_	_	_	_	_	linguistic	_	ContainsVariation=No	_	_	_	_	_	_
70-14	PKP047	70	14	e	e	_	_	_	_	_	linguistic	_	ContainsVariation=No	_	_	_	_	_	_
70-15	PKP047	70	15	hanna	hanna	_	_	_	_	_	linguistic	_	ContainsVariation=No	_	_	_	_	_	_
70-16	PKP047	70	16	viné	viné	_	_	_	_	_	linguistic	_	ContainsVariation=No	_	_	_	_	_	_
70-17	PKP047	70	17	addo	addo	_	_	_	_	_	linguistic	_	ContainsVariation=No	_	_	_	_	_	_
70-18	PKP047	70	18	nui	nui	_	_	_	_	_	linguistic	_	ContainsVariation=No	_	_	_	_	_	_
70-19	PKP047	70	19	a	a	_	_	_	_	_	linguistic	_	ContainsVariation=No	_	_	_	_	_	_
70-20	PKP047	70	20	milano	milano	_	_	_	_	_	linguistic	_	ContainsVariation=No	_	End=199.523	_	_	_	_
71-0	PKP047	71	0	capito?	capito	_	_	_	_	_	linguistic	_	ContainsVariation=No	Intonation=Rising	Begin=199.793	_	_	_	_
71-1	PKP047	71	1	no:	no	_	_	_	_	_	linguistic	_	ContainsVariation=No	_	_	1x1	_	_	_
71-2	PKP047	71	2	cioè	cioè	_	_	_	_	_	linguistic	_	ContainsVariation=No	_	_	_	_	_	_
71-3	PKP047	71	3	a	a	_	_	_	_	_	linguistic	_	ContainsVariation=No	_	_	_	_	_	_
71-4	PKP047	71	4	noi	noi	_	_	_	_	_	linguistic	_	ContainsVariation=No	_	_	_	_	_	_
71-5	PKP047	71	5	a	a	_	_	_	_	_	linguistic	_	ContainsVariation=No	_	_	_	_	_	_
71-6	PKP047	71	6	noi	noi	_	_	_	_	_	linguistic	_	ContainsVariation=No	_	_	_	_	_	_
71-7	PKP047	71	7	ci	ci	_	_	_	_	_	linguistic	_	ContainsVariation=No	_	_	_	_	_	_
71-8	PKP047	71	8	pagano	pagano	_	_	_	_	_	linguistic	_	ContainsVariation=No	_	_	_	_	_	_
71-9	PKP047	71	9	la	la	_	_	_	_	_	linguistic	_	ContainsVariation=No	_	_	_	_	_	_
71-10	PKP047	71	10	traferta	traferta	_	_	_	_	_	linguistic	_	ContainsVariation=No	_	_	_	_	_	_
71-11	PKP047	71	11	e	e	_	_	_	_	_	linguistic	_	ContainsVariation=No	_	_	_	_	_	_
71-12	PKP047	71	12	tutto	tutto	_	_	_	_	_	linguistic	_	ContainsVariation=No	_	_	_	_	_	_
71-13	PKP047	71	13	quanto	quanto	_	_	_	_	_	linguistic	_	ContainsVariation=No	_	_	_	_	_	_
71-14	PKP047	71	14	e	e	_	_	_	_	_	linguistic	_	ContainsVariation=No	_	_	_	_	_	_
71-15	PKP047	71	15	io	io	_	_	_	_	_	linguistic	_	ContainsVariation=No	_	_	_	_	_	_
71-16	PKP047	71	16	gli	gli	_	_	_	_	_	linguistic	_	ContainsVariation=No	_	_	_	_	_	_
71-17	PKP047	71	17	facevo	facevo	_	_	_	_	_	linguistic	_	ContainsVariation=No	_	_	_	_	_	_
71-18	PKP047	71	18	eh	eh	_	_	_	_	_	linguistic	_	ContainsVariation=No	_	_	_	_	_	_
71-19	PKP047	71	19	lo	lo	_	_	_	_	_	linguistic	_	ContainsVariation=No	_	_	_	_	_	_
71-20	PKP047	71	20	so	so	_	_	_	_	_	linguistic	_	ContainsVariation=No	_	End=204.733	_	_	_	_
72-0	PKP040	72	0	[lui	lui	_	_	_	_	_	linguistic	_	ContainsVariation=No	_	Begin=204.01	_	_	_	0-3(?)
72-1	PKP040	72	1	è	è	_	_	_	_	_	linguistic	_	ContainsVariation=No	_	_	_	_	_	0-1(?)
72-2	PKP040	72	2	più	più	_	_	_	_	_	linguistic	_	ContainsVariation=No	_	_	_	_	_	0-3(?)
72-3	PKP040	72	3	fortunatodi	fortunatodi	_	_	_	_	_	linguistic	_	ContainsVariation=No	_	_	_	_	_	0-11(?)
72-4	PKP040	72	4	te]	te	_	_	_	_	_	linguistic	_	ContainsVariation=No	_	End=205.25	_	_	_	0-2(?)
73-0	PKP047	73	0	[e~	e~	_	_	_	_	_	linguistic	_	ContainsVariation=No	Interrupted=Yes	Begin=204.758	_	_	_	0-2(25)
73-1	PKP047	73	1	e	e	_	_	_	_	_	linguistic	_	ContainsVariation=No	_	_	_	_	_	0-1(25)
73-2	PKP047	73	2	io	io	_	_	_	_	_	linguistic	_	ContainsVariation=No	_	_	_	_	_	0-2(25)
73-3	PKP047	73	3	gli]	gli	_	_	_	_	_	linguistic	_	ContainsVariation=No	_	_	_	_	_	0-3(25)
73-4	PKP047	73	4	facevo	facevo	_	_	_	_	_	linguistic	_	ContainsVariation=No	_	_	_	_	_	_
73-5	PKP047	73	5	eh	eh	_	_	_	_	_	linguistic	_	ContainsVariation=No	_	_	_	_	_	_
73-6	PKP047	73	6	lo	lo	_	_	_	_	_	linguistic	_	ContainsVariation=No	_	_	_	_	_	_
73-7	PKP047	73	7	so	so	_	_	_	_	_	linguistic	_	ContainsVariation=No	_	_	_	_	_	_
73-8	PKP047	73	8	perché	perché	_	_	_	_	_	linguistic	_	ContainsVariation=No	_	_	_	_	_	_
73-9	PKP047	73	9	li	li	_	_	_	_	_	linguistic	_	ContainsVariation=No	_	_	_	_	_	_
73-10	PKP047	73	10	organizziamo	organizziamo	_	_	_	_	_	linguistic	_	ContainsVariation=No	_	_	_	_	_	_
73-11	PKP047	73	11	noi	noi	_	_	_	_	_	linguistic	_	ContainsVariation=No	_	End=207.505	_	_	_	_
74-0	PKP041	74	0	comunque	comunque	_	_	_	_	_	linguistic	_	ContainsVariation=No	_	Begin=208.21	_	_	_	_
74-1	PKP041	74	1	questo	questo	_	_	_	_	_	linguistic	_	ContainsVariation=No	_	_	_	_	_	_
74-2	PKP041	74	2	tipo	tipo	_	_	_	_	_	linguistic	_	ContainsVariation=No	_	_	_	_	_	_
74-3	PKP041	74	3	di	di	_	_	_	_	_	linguistic	_	ContainsVariation=No	_	_	_	_	_	_
74-4	PKP041	74	4	persone	persone	_	_	_	_	_	linguistic	_	ContainsVariation=No	_	_	_	_	_	_
74-5	PKP041	74	5	con	con	_	_	_	_	_	linguistic	_	ContainsVariation=No	_	_	_	_	_	_
74-6	PKP041	74	6	chi	chi	_	_	_	_	_	linguistic	_	ContainsVariation=No	_	_	_	_	_	_
74-7	PKP041	74	7	sa	sa	_	_	_	_	_	linguistic	_	ContainsVariation=No	_	_	_	_	_	_
74-8	PKP041	74	8	non	non	_	_	_	_	_	linguistic	_	ContainsVariation=No	_	_	_	_	_	_
74-9	PKP041	74	9	fanno	fanno	_	_	_	_	_	linguistic	_	ContainsVariation=No	_	_	_	_	_	_
74-10	PKP041	74	10	bella	bella	_	_	_	_	_	linguistic	_	ContainsVariation=No	_	_	_	_	_	_
74-11	PKP041	74	11	figura	figura	_	_	_	_	_	linguistic	_	ContainsVariation=No	_	_	_	_	_	_
74-12	PKP041	74	12	ma	ma	_	_	_	_	_	linguistic	_	ContainsVariation=No	_	_	_	_	_	_
74-13	PKP041	74	13	con	con	_	_	_	_	_	linguistic	_	ContainsVariation=No	_	_	_	_	_	_
74-14	PKP041	74	14	chi	chi	_	_	_	_	_	linguistic	_	ContainsVariation=No	_	_	_	_	_	_
74-15	PKP041	74	15	non	non	_	_	_	_	_	linguistic	_	ContainsVariation=No	_	_	_	_	_	_
74-16	PKP041	74	16	sa:	sa	_	_	_	_	_	linguistic	_	ContainsVariation=No	_	End=212.185	1x1	_	_	_
75-0	PKP047	75	0	mh::	mh	_	_	_	_	_	linguistic	_	ContainsVariation=No	_	Begin=212.185|End=213.02	1x2	_	_	_
76-0	PKP047	76	0	anto:nio	antonio	_	_	_	_	_	linguistic	_	ContainsVariation=No	_	Begin=214.35	3x1	_	_	_
76-1	PKP047	76	1	ma:rco	marco	_	_	_	_	_	linguistic	_	ContainsVariation=No	_	End=215.58	1x1	_	_	_
77-0	PKP040	77	0	vabbè	vabbè	_	_	_	_	_	linguistic	_	ContainsVariation=No	_	Begin=216.21	_	_	_	_
77-1	PKP040	77	1	[sono	sono	_	_	_	_	_	linguistic	_	ContainsVariation=No	_	_	_	_	_	0-4(26)
77-2	PKP040	77	2	quelli	quelli	_	_	_	_	_	linguistic	_	ContainsVariation=No	_	_	_	_	_	0-6(26)
77-3	PKP040	77	3	che]	che	_	_	_	_	_	linguistic	_	ContainsVariation=No	_	_	_	_	_	0-3(26)
77-4	PKP040	77	4	buttano	buttano	_	_	_	_	_	linguistic	_	ContainsVariation=No	_	_	_	_	_	_
77-5	PKP040	77	5	fumo	fumo	_	_	_	_	_	linguistic	_	ContainsVariation=No	_	_	_	_	_	_
77-6	PKP040	77	6	[negli	negli	_	_	_	_	_	linguistic	_	ContainsVariation=No	_	_	_	_	_	0-5(27)
77-7	PKP040	77	7	occhi]	occhi	_	_	_	_	_	linguistic	_	ContainsVariation=No	_	End=218.54	_	_	_	0-5(27)
78-0	PKP047	78	0	[però:]	però	_	_	_	_	_	linguistic	_	ContainsVariation=No	_	Begin=216.57|End=217.01	3x1	_	_	0-4(26)
79-0	PKP041	79	0	[per	per	_	_	_	_	_	linguistic	_	ContainsVariation=No	_	Begin=217.78	_	_	_	0-3(27)
79-1	PKP041	79	1	chi	chi	_	_	_	_	_	linguistic	_	ContainsVariation=No	_	_	_	_	_	0-3(27)
79-2	PKP041	79	2	non	non	_	_	_	_	_	linguistic	_	ContainsVariation=No	_	_	_	_	_	0-3(27)
79-3	PKP041	79	3	sa:]	sa	_	_	_	_	_	linguistic	_	ContainsVariation=No	_	_	1x1	_	_	0-2(27)
79-4	PKP041	79	4	in[fatti	infatti	_	_	_	_	_	linguistic	_	ContainsVariation=No	_	_	_	_	_	2-7(28)
79-5	PKP041	79	5	dice	dice	_	_	_	_	_	linguistic	_	ContainsVariation=No	_	_	_	_	_	0-4(28)
79-6	PKP041	79	6	eh:	eh	_	_	_	_	_	linguistic	_	ContainsVariation=No	_	_	1x1	_	_	0-2(28)
79-7	PKP041	79	7	come	come	_	_	_	_	_	linguistic	_	ContainsVariation=No	_	_	_	_	_	0-4(28)
79-8	PKP041	79	8	sta	sta	_	_	_	_	_	linguistic	_	ContainsVariation=No	_	_	_	_	_	0-3(28)
79-9	PKP041	79	9	parla:ndo]	parlando	_	_	_	_	_	linguistic	_	ContainsVariation=No	_	End=220.56	4x1	_	_	0-8(28)
80-0	PKP047	80	0	[però	però	_	_	_	_	_	linguistic	_	ContainsVariation=No	_	Begin=218.87	_	_	_	0-4(28)
80-1	PKP047	80	1	sai	sai	_	_	_	_	_	linguistic	_	ContainsVariation=No	_	_	_	_	_	0-3(28)
80-2	PKP047	80	2	qual	qual	_	_	_	_	_	linguistic	_	ContainsVariation=No	_	_	_	_	_	0-4(28)
80-3	PKP047	80	3	è	è	_	_	_	_	_	linguistic	_	ContainsVariation=No	_	_	_	_	_	0-1(28)
80-4	PKP047	80	4	il	il	_	_	_	_	_	linguistic	_	ContainsVariation=No	_	_	_	_	_	0-2(28)
80-5	PKP047	80	5	problema,	problema	_	_	_	_	_	linguistic	_	ContainsVariation=No	Intonation=WeaklyRising	_	_	_	_	0-8(28)
80-6	PKP047	80	6	è	è	_	_	_	_	_	linguistic	_	ContainsVariation=No	_	_	_	_	_	0-1(28)
80-7	PKP047	80	7	che	che	_	_	_	_	_	linguistic	_	ContainsVariation=No	_	_	_	_	_	0-3(28)
80-8	PKP047	80	8	quando:]	quando	_	_	_	_	_	linguistic	_	ContainsVariation=No	_	End=220.905	5x1	_	_	0-6(28)
81-0	PKP047	81	0	è	è	_	_	_	_	_	linguistic	_	ContainsVariation=No	_	Begin=221.54	_	_	_	_
81-1	PKP047	81	1	che	che	_	_	_	_	_	linguistic	_	ContainsVariation=No	_	_	_	_	_	_
81-2	PKP047	81	2	poi	poi	_	_	_	_	_	linguistic	_	ContainsVariation=No	_	_	_	_	_	_
81-3	PKP047	81	3	capita	capita	_	_	_	_	_	linguistic	_	ContainsVariation=No	_	_	_	_	_	_
81-4	PKP047	81	4	quella	quella	_	_	_	_	_	linguistic	_	ContainsVariation=No	_	_	_	_	_	_
81-5	PKP047	81	5	volta	volta	_	_	_	_	_	linguistic	_	ContainsVariation=No	_	_	_	_	_	_
81-6	PKP047	81	6	là	là	_	_	_	_	_	linguistic	_	ContainsVariation=No	_	_	_	_	_	_
81-7	PKP047	81	7	che	che	_	_	_	_	_	linguistic	_	ContainsVariation=No	_	_	_	_	_	_
81-8	PKP047	81	8	dicono	dicono	_	_	_	_	_	linguistic	_	ContainsVariation=No	_	_	_	_	_	_
81-9	PKP047	81	9	le	le	_	_	_	_	_	linguistic	_	ContainsVariation=No	_	_	_	_	_	_
81-10	PKP047	81	10	cavolate	cavolate	_	_	_	_	_	linguistic	_	ContainsVariation=No	_	_	_	_	_	_
81-11	PKP047	81	11	che	che	_	_	_	_	_	linguistic	_	ContainsVariation=No	_	_	_	_	_	_
81-12	PKP047	81	12	uno	uno	_	_	_	_	_	linguistic	_	ContainsVariation=No	_	_	_	_	_	_
81-13	PKP047	81	13	uno	uno	_	_	_	_	_	linguistic	_	ContainsVariation=No	_	_	_	_	_	_
81-14	PKP047	81	14	se	se	_	_	_	_	_	linguistic	_	ContainsVariation=No	_	_	_	_	_	_
81-15	PKP047	81	15	ne	ne	_	_	_	_	_	linguistic	_	ContainsVariation=No	_	_	_	_	_	_
81-16	PKP047	81	16	accorge	accorge	_	_	_	_	_	linguistic	_	ContainsVariation=No	_	_	_	_	_	_
81-17	PKP047	81	17	eh	eh	_	_	_	_	_	linguistic	_	ContainsVariation=No	_	End=225.27	_	_	_	_
82-0	PKP039	82	0	questi	questi	_	_	_	_	_	linguistic	_	ContainsVariation=No	_	Begin=232.78	_	_	_	_
82-1	PKP039	82	1	al	al	_	_	_	_	_	linguistic	_	ContainsVariation=No	_	_	_	_	_	_
82-2	PKP039	82	2	pomodoro	pomodoro	_	_	_	_	_	linguistic	_	ContainsVariation=No	_	_	_	_	_	_
82-3	PKP039	82	3	forse	forse	_	_	_	_	_	linguistic	_	ContainsVariation=No	_	_	_	_	_	_
82-4	PKP039	82	4	sono	sono	_	_	_	_	_	linguistic	_	ContainsVariation=No	_	_	_	_	_	_
82-5	PKP039	82	5	migliori	migliori	_	_	_	_	_	linguistic	_	ContainsVariation=No	_	End=234.46	_	_	_	_
83-0	PKP040	83	0	quale?	quale	_	_	_	_	_	linguistic	_	ContainsVariation=No	Intonation=Rising	Begin=234.74|End=235.16	_	_	_	_
84-0	PKP047	84	0	divi[diamo]?	dividiamo	_	_	_	_	_	linguistic	_	ContainsVariation=No	Intonation=Rising	Begin=235.15|End=235.7	_	_	_	4-9(30)
85-0	PKP040	85	0	[ma	ma	_	_	_	_	_	linguistic	_	ContainsVariation=No	_	Begin=235.344	_	_	_	0-2(30)
85-1	PKP040	85	1	è	è	_	_	_	_	_	linguistic	_	ContainsVariation=No	_	_	_	_	_	0-1(30)
85-2	PKP040	85	2	pi]ccante	piccante	_	_	_	_	_	linguistic	_	ContainsVariation=No	_	_	_	_	_	0-2(30)
85-3	PKP040	85	3	hai	hai	_	_	_	_	_	linguistic	_	ContainsVariation=No	_	_	_	_	_	_
85-4	PKP040	85	4	detto	detto	_	_	_	_	_	linguistic	_	ContainsVariation=No	_	End=236.548	_	_	_	_
86-0	PKP047	86	0	ah	ah	_	_	_	_	_	linguistic	_	ContainsVariation=No	_	Begin=237.0	_	_	_	_
86-1	PKP047	86	1	la'?	la'	_	_	_	_	_	linguistic	_	ContainsVariation=No	Intonation=Rising|Truncated=Yes	End=237.55	_	_	_	_
87-0	PKP041	87	0	eh::	eh	_	_	_	_	_	linguistic	_	ContainsVariation=No	_	Begin=238.39|End=239.04	1x2	_	_	_
88-0	PKP041	88	0	mh	mh	_	_	_	_	_	linguistic	_	ContainsVariation=No	_	Begin=239.78|End=240.278	_	_	_	_
89-0	PKP040	89	0	posso	posso	_	_	_	_	_	linguistic	_	ContainsVariation=No	_	Begin=240.31	_	_	_	_
89-1	PKP040	89	1	pigliarne	pigliarne	_	_	_	_	_	linguistic	_	ContainsVariation=No	_	_	_	_	_	_
89-2	PKP040	89	2	un	un	_	_	_	_	_	linguistic	_	ContainsVariation=No	_	_	_	_	_	_
89-3	PKP040	89	3	pezzettino?	pezzettino	_	_	_	_	_	linguistic	_	ContainsVariation=No	Intonation=Rising	End=241.49	_	_	_	_
90-0	PKP040	90	0	come	come	_	_	_	_	_	linguistic	_	ContainsVariation=No	_	Begin=245.0	_	_	_	_
90-1	PKP040	90	1	la	la	_	_	_	_	_	linguistic	_	ContainsVariation=No	_	_	_	_	_	_
90-2	PKP040	90	2	fanno:	fanno	_	_	_	_	_	linguistic	_	ContainsVariation=No	_	End=246.0	4x1	_	_	_
91-0	PKP040	91	0	questa	questa	_	_	_	_	_	linguistic	_	ContainsVariation=No	_	Begin=246.7	_	_	_	_
91-1	PKP040	91	1	qua:	qua	_	_	_	_	_	linguistic	_	ContainsVariation=No	_	_	2x1	_	_	_
91-2	PKP040	91	2	doppia	doppia	_	_	_	_	_	linguistic	_	ContainsVariation=No	_	_	_	_	_	_
91-3	PKP040	91	3	no?	no	_	_	_	_	_	linguistic	_	ContainsVariation=No	Intonation=Rising	End=248.03	_	_	_	_
92-0	PKP041	92	0	ma	ma	_	_	_	_	_	linguistic	_	ContainsVariation=No	_	Begin=251.05	_	_	_	_
92-1	PKP041	92	1	infatti	infatti	_	_	_	_	_	linguistic	_	ContainsVariation=No	_	_	_	_	_	_
92-2	PKP041	92	2	si	si	_	_	_	_	_	linguistic	_	ContainsVariation=No	_	_	_	_	_	_
92-3	PKP041	92	3	pagava	pagava	_	_	_	_	_	linguistic	_	ContainsVariation=No	_	_	_	_	_	_
92-4	PKP041	92	4	a	a	_	_	_	_	_	linguistic	_	ContainsVariation=No	_	_	_	_	_	_
92-5	PKP041	92	5	peso:	peso	_	_	_	_	_	linguistic	_	ContainsVariation=No	_	End=252.888	3x1	_	_	_
93-0	PKP041	93	0	non	non	_	_	_	_	_	linguistic	_	ContainsVariation=No	_	Begin=253.657	_	_	_	_
93-1	PKP041	93	1	abbiamo	abbiamo	_	_	_	_	_	linguistic	_	ContainsVariation=No	_	_	_	_	_	_
93-2	PKP041	93	2	[pagato	pagato	_	_	_	_	_	linguistic	_	ContainsVariation=No	_	_	_	_	_	0-6(31)
93-3	PKP041	93	3	niente]	niente	_	_	_	_	_	linguistic	_	ContainsVariation=No	_	End=255.299	_	_	_	0-6(31)
94-0	PKP040	94	0	[noo]	noo	_	_	_	_	_	linguistic	_	ContainsVariation=No	_	Begin=254.36|End=254.86	_	_	_	0-3(31)
95-0	PKP047	95	0	dovevamo	dovevamo	_	_	_	_	_	linguistic	_	ContainsVariation=No	_	Begin=255.29	_	_	_	_
95-1	PKP047	95	1	prenderla	prenderla	_	_	_	_	_	linguistic	_	ContainsVariation=No	_	_	_	_	_	_
95-2	PKP047	95	2	quel~	quel~	_	_	_	_	_	linguistic	_	ContainsVariation=No	Interrupted=Yes	_	_	_	_	_
95-3	PKP047	95	3	un'	un'	_	_	_	_	_	linguistic	_	ContainsVariation=No	SpaceAfter=No	_	_	_	_	_
95-4	PKP047	95	4	altra	altra	_	_	_	_	_	linguistic	_	ContainsVariation=No	_	_	_	_	_	_
95-5	PKP047	95	5	la'	la'	_	_	_	_	_	linguistic	_	ContainsVariation=No	Truncated=Yes	End=257.279	_	_	_	_
96-0	PKP041	96	0	piccantissima?	piccantissima	_	_	_	_	_	linguistic	_	ContainsVariation=No	Intonation=Rising	Begin=259.04|End=259.79	_	_	_	_
97-0	PKP047	97	0	la	la	_	_	_	_	_	linguistic	_	ContainsVariation=No	_	Begin=260.285	_	_	_	_
97-1	PKP047	97	1	nonna	nonna	_	_	_	_	_	linguistic	_	ContainsVariation=No	_	_	_	_	_	_
97-2	PKP047	97	2	la	la	_	_	_	_	_	linguistic	_	ContainsVariation=No	_	_	_	_	_	_
97-3	PKP047	97	3	faceva	faceva	_	_	_	_	_	linguistic	_	ContainsVariation=No	_	_	_	_	_	_
97-4	PKP047	97	4	sempre	sempre	_	_	_	_	_	linguistic	_	ContainsVariation=No	_	_	_	_	_	_
97-5	PKP047	97	5	questa	questa	_	_	_	_	_	linguistic	_	ContainsVariation=No	_	End=262.11	_	_	_	_
98-0	PKP040	98	0	però	però	_	_	_	_	_	linguistic	_	ContainsVariation=No	_	Begin=262.623	_	_	_	_
98-1	PKP040	98	1	lo	lo	_	_	_	_	_	linguistic	_	ContainsVariation=No	_	_	_	_	_	_
98-2	PKP040	98	2	doveva	doveva	_	_	_	_	_	linguistic	_	ContainsVariation=No	_	_	_	_	_	_
98-3	PKP040	98	3	dire	dire	_	_	_	_	_	linguistic	_	ContainsVariation=No	_	_	_	_	_	_
98-4	PKP040	98	4	che	che	_	_	_	_	_	linguistic	_	ContainsVariation=No	_	_	_	_	_	_
98-5	PKP040	98	5	era	era	_	_	_	_	_	linguistic	_	ContainsVariation=No	_	_	_	_	_	_
98-6	PKP040	98	6	piccante	piccante	_	_	_	_	_	linguistic	_	ContainsVariation=No	_	End=264.6	_	_	_	_
99-0	PKP041	99	0	alm~	alm~	_	_	_	_	_	linguistic	_	ContainsVariation=No	Interrupted=Yes	Begin=264.563	_	_	_	_
99-1	PKP041	99	1	e[h::]	eh	_	_	_	_	_	linguistic	_	ContainsVariation=No	_	_	1x2	_	_	1-2(34)
99-2	PKP041	99	2	allora	allora	_	_	_	_	_	linguistic	_	ContainsVariation=No	_	End=266.66	_	_	_	_
100-0	PKP039	100	0	[>te	te	_	_	_	_	_	linguistic	_	ContainsVariation=No	_	Begin=265.78	_	Fast=0-2(0)	_	0-2(34)
100-1	PKP039	100	1	l'	l'	_	_	_	_	_	linguistic	_	ContainsVariation=No	SpaceAfter=No	_	_	Fast=0-2(0)	_	0-2(34)
100-2	PKP039	100	2	ho	ho	_	_	_	_	_	linguistic	_	ContainsVariation=No	_	_	_	Fast=0-2(0)	_	0-2(34)
100-3	PKP039	100	3	detto<]?	detto	_	_	_	_	_	linguistic	_	ContainsVariation=No	Intonation=Rising	End=266.14	_	Fast=0-5(0)	_	0-5(34)
101-0	PKP047	101	0	# sta	sta	_	_	_	_	_	linguistic	_	ContainsVariation=Yes|Variety=Unsure	_	Begin=266.66	_	_	_	_
101-1	PKP047	101	1	parlava:	parlava	_	_	_	_	_	linguistic	_	ContainsVariation=Yes|Variety=Unsure	_	_	6x1	_	_	_
101-2	PKP047	101	2	tu~	tu~	_	_	_	_	_	linguistic	_	ContainsVariation=Yes|Variety=Unsure	Interrupted=Yes	_	_	_	_	_
101-3	PKP047	101	3	tu	tu	_	_	_	_	_	linguistic	_	ContainsVariation=Yes|Variety=Unsure	_	_	_	_	_	_
101-4	PKP047	101	4	capivi	capivi	_	_	_	_	_	linguistic	_	ContainsVariation=Yes|Variety=Unsure	_	_	_	_	_	_
101-5	PKP047	101	5	quando	quando	_	_	_	_	_	linguistic	_	ContainsVariation=Yes|Variety=Unsure	_	_	_	_	_	_
101-6	PKP047	101	6	parlav[a]?	parlava	_	_	_	_	_	linguistic	_	ContainsVariation=Yes|Variety=Unsure	Intonation=Rising	End=268.55	_	_	_	6-7(35)
102-0	PKP041	102	0	[io]	io	_	_	_	_	_	linguistic	_	ContainsVariation=No	_	Begin=268.485	_	_	_	0-2(35)
102-1	PKP041	102	1	non	non	_	_	_	_	_	linguistic	_	ContainsVariation=No	_	_	_	_	_	_
102-2	PKP041	102	2	capivo	capivo	_	_	_	_	_	linguistic	_	ContainsVariation=No	_	_	_	_	_	_
102-3	PKP041	102	3	quando	quando	_	_	_	_	_	linguistic	_	ContainsVariation=No	_	_	_	_	_	_
102-4	PKP041	102	4	parlava	parlava	_	_	_	_	_	linguistic	_	ContainsVariation=No	_	_	_	_	_	_
102-5	PKP041	102	5	francesco:	francesco	_	_	_	_	_	linguistic	_	ContainsVariation=No	_	End=270.32	8x1	_	_	_
103-0	PKP040	103	0	parlava	parlava	_	_	_	_	_	linguistic	_	ContainsVariation=No	_	Begin=270.798	_	_	_	_
103-1	PKP040	103	1	su	su	_	_	_	_	_	linguistic	_	ContainsVariation=No	_	_	_	_	_	_
103-2	PKP040	103	2	quell[o]	quello	_	_	_	_	_	linguistic	_	ContainsVariation=No	_	End=271.79	_	_	_	5-6(36)
104-0	PKP041	104	0	[c]he	che	_	_	_	_	_	linguistic	_	ContainsVariation=No	_	Begin=271.789	_	_	_	0-1(36)
104-1	PKP041	104	1	voleva	voleva	_	_	_	_	_	linguistic	_	ContainsVariation=No	_	_	_	_	_	_
104-2	PKP041	104	2	che	che	_	_	_	_	_	linguistic	_	ContainsVariation=No	_	_	_	_	_	_
104-3	PKP041	104	3	io	io	_	_	_	_	_	linguistic	_	ContainsVariation=No	_	_	_	_	_	_
104-4	PKP041	104	4	scegliessi	scegliessi	_	_	_	_	_	linguistic	_	ContainsVariation=No	_	_	_	_	_	_
104-5	PKP041	104	5	ve:locemente	velocemente	_	_	_	_	_	linguistic	_	ContainsVariation=No	_	_	1x1	_	_	_
104-6	PKP041	104	6	e	e	_	_	_	_	_	linguistic	_	ContainsVariation=No	_	_	_	_	_	_
104-7	PKP041	104	7	mentre	mentre	_	_	_	_	_	linguistic	_	ContainsVariation=No	_	_	_	_	_	_
104-8	PKP041	104	8	guardavo	guardavo	_	_	_	_	_	linguistic	_	ContainsVariation=No	_	_	_	_	_	_
104-9	PKP041	104	9	le	le	_	_	_	_	_	linguistic	_	ContainsVariation=No	_	_	_	_	_	_
104-10	PKP041	104	10	focacce:	focacce	_	_	_	_	_	linguistic	_	ContainsVariation=No	_	_	6x1	_	_	_
104-11	PKP041	104	11	francesco	francesco	_	_	_	_	_	linguistic	_	ContainsVariation=No	_	_	_	_	_	_
104-12	PKP041	104	12	faceva	faceva	_	_	_	_	_	linguistic	_	ContainsVariation=No	_	_	_	_	_	_
104-13	PKP041	104	13	questo	questo	_	_	_	_	_	linguistic	_	ContainsVariation=No	_	_	_	_	_	_
104-14	PKP041	104	14	((movimento_del_corpo))	((movimento_del_corpo))	_	_	_	_	_	nonverbalbehavior	_	ContainsVariation=No	_	End=276.924	_	_	_	_
105-0	PKP047	105	0	laura	laura	_	_	_	_	_	linguistic	_	ContainsVariation=No	_	Begin=279.08	_	_	_	_
105-1	PKP047	105	1	[sono]	sono	_	_	_	_	_	linguistic	_	ContainsVariation=No	_	End=279.834	_	_	_	0-4(37)
106-0	PKP041	106	0	[DAVA]NTI	davanti	_	_	_	_	_	linguistic	_	ContainsVariation=No	Volume=high	Begin=279.69	_	_	_	0-4(37)
106-1	PKP041	106	1	ALLO	allo	_	_	_	_	_	linguistic	_	ContainsVariation=No	Volume=high	_	_	_	_	_
106-2	PKP041	106	2	SPECCHIO	specchio	_	_	_	_	_	linguistic	_	ContainsVariation=No	Volume=high	_	_	_	_	_
106-3	PKP041	106	3	FACEVA	faceva	_	_	_	_	_	linguistic	_	ContainsVariation=No	Volume=high	_	_	_	_	_
106-4	PKP041	106	4	PRATICAMENTE	praticamente	_	_	_	_	_	linguistic	_	ContainsVariation=No	Volume=high	_	_	_	_	_
106-5	PKP041	106	5	[COSI']	cosi'	_	_	_	_	_	linguistic	_	ContainsVariation=No	Truncated=Yes|Volume=high	End=282.05	_	_	_	0-5(38)
107-0	PKP047	107	0	[sono	sono	_	_	_	_	_	linguistic	_	ContainsVariation=No	_	Begin=281.654	_	_	_	0-4(38)
107-1	PKP047	107	1	ve]nt'	vent'	_	_	_	_	_	linguistic	_	ContainsVariation=No	SpaceAfter=No	_	_	_	_	0-2(38)
107-2	PKP047	107	2	anni	anni	_	_	_	_	_	linguistic	_	ContainsVariation=No	_	_	_	_	_	_
107-3	PKP047	107	3	che	che	_	_	_	_	_	linguistic	_	ContainsVariation=No	_	_	_	_	_	_
107-4	PKP047	107	4	sono	sono	_	_	_	_	_	linguistic	_	ContainsVariation=No	_	_	_	_	_	_
107-5	PKP047	107	5	iperattivo	iperattivo	_	_	_	_	_	linguistic	_	ContainsVariation=No	_	_	_	_	_	_
107-6	PKP047	107	6	dovresti	dovresti	_	_	_	_	_	linguistic	_	ContainsVariation=No	_	_	_	_	_	_
107-7	PKP047	107	7	esserti	esserti	_	_	_	_	_	linguistic	_	ContainsVariation=No	_	_	_	_	_	_
107-8	PKP047	107	8	abitu[ata	abituata	_	_	_	_	_	linguistic	_	ContainsVariation=No	_	_	_	_	_	4-8(39)
107-9	PKP047	107	9	a	a	_	_	_	_	_	linguistic	_	ContainsVariation=No	_	_	_	_	_	0-1(39)
107-10	PKP047	107	10	muoverti]	muoverti	_	_	_	_	_	linguistic	_	ContainsVariation=No	_	End=284.72	_	_	_	0-8(39)
108-0	PKP041	108	0	[ma	ma	_	_	_	_	_	linguistic	_	ContainsVariation=No	_	Begin=284.174	_	_	_	0-2(39)
108-1	PKP041	108	1	io	io	_	_	_	_	_	linguistic	_	ContainsVariation=No	_	_	_	_	_	0-2(39)
108-2	PKP041	108	2	do]vevo	dovevo	_	_	_	_	_	linguistic	_	ContainsVariation=No	_	_	_	_	_	0-2(39)
108-3	PKP041	108	3	guardare	guardare	_	_	_	_	_	linguistic	_	ContainsVariation=No	_	_	_	_	_	_
108-4	PKP041	108	4	le	le	_	_	_	_	_	linguistic	_	ContainsVariation=No	_	_	_	_	_	_
108-5	PKP041	108	5	cose	cose	_	_	_	_	_	linguistic	_	ContainsVariation=No	_	_	_	_	_	_
108-6	PKP041	108	6	provavo	provavo	_	_	_	_	_	linguistic	_	ContainsVariation=No	_	_	_	_	_	_
108-7	PKP041	108	7	a	a	_	_	_	_	_	linguistic	_	ContainsVariation=No	_	_	_	_	_	_
108-8	PKP041	108	8	spostarmi	spostarmi	_	_	_	_	_	linguistic	_	ContainsVariation=No	_	_	_	_	_	_
108-9	PKP041	108	9	per	per	_	_	_	_	_	linguistic	_	ContainsVariation=No	_	_	_	_	_	_
108-10	PKP041	108	10	vedere	vedere	_	_	_	_	_	linguistic	_	ContainsVariation=No	_	_	_	_	_	_
108-11	PKP041	108	11	una	una	_	_	_	_	_	linguistic	_	ContainsVariation=No	_	_	_	_	_	_
108-12	PKP041	108	12	focaccia	focaccia	_	_	_	_	_	linguistic	_	ContainsVariation=No	_	_	_	_	_	_
108-13	PKP041	108	13	e	e	_	_	_	_	_	linguistic	_	ContainsVariation=No	_	_	_	_	_	_
108-14	PKP041	108	14	lui	lui	_	_	_	_	_	linguistic	_	ContainsVariation=No	_	End=287.49	_	_	_	_
109-0	PKP040	109	0	il	il	_	_	_	_	_	linguistic	_	ContainsVariation=No	_	Begin=287.7	_	_	_	_
109-1	PKP040	109	1	problema	problema	_	_	_	_	_	linguistic	_	ContainsVariation=No	_	_	_	_	_	_
109-2	PKP040	109	2	è	è	_	_	_	_	_	linguistic	_	ContainsVariation=No	_	_	_	_	_	_
109-3	PKP040	109	3	che	che	_	_	_	_	_	linguistic	_	ContainsVariation=No	_	_	_	_	_	_
109-4	PKP040	109	4	tu	tu	_	_	_	_	_	linguistic	_	ContainsVariation=No	_	_	_	_	_	_
109-5	PKP040	109	5	sei	sei	_	_	_	_	_	linguistic	_	ContainsVariation=No	_	_	_	_	_	_
109-6	PKP040	109	6	iperattivo	iperattivo	_	_	_	_	_	linguistic	_	ContainsVariation=No	_	_	_	_	_	_
109-7	PKP040	109	7	quella	quella	_	_	_	_	_	linguistic	_	ContainsVariation=No	_	_	_	_	_	_
109-8	PKP040	109	8	è	è	_	_	_	_	_	linguistic	_	ContainsVariation=No	_	_	_	_	_	_
109-9	PKP040	109	9	auti:stica	autistica	_	_	_	_	_	linguistic	_	ContainsVariation=No	_	End=290.06	3x1	_	_	_
110-0	PKP041	110	0	ecco	ecco	_	_	_	_	_	linguistic	_	ContainsVariation=No	_	Begin=291.34	_	_	_	_
110-1	PKP041	110	1	dimenticavo	dimenticavo	_	_	_	_	_	linguistic	_	ContainsVariation=No	_	_	_	_	_	_
110-2	PKP041	110	2	((ride))	((ride))	_	_	_	_	_	nonverbalbehavior	_	ContainsVariation=No	_	End=293.99	_	_	_	_
111-0	PKP040	111	0	autistica	autistica	_	_	_	_	_	linguistic	_	ContainsVariation=No	_	Begin=295.9	_	_	_	_
111-1	PKP040	111	1	non	non	_	_	_	_	_	linguistic	_	ContainsVariation=No	_	_	_	_	_	_
111-2	PKP040	111	2	è	è	_	_	_	_	_	linguistic	_	ContainsVariation=No	_	_	_	_	_	_
111-3	PKP040	111	3	sempre	sempre	_	_	_	_	_	linguistic	_	ContainsVariation=No	_	_	_	_	_	_
111-4	PKP040	111	4	dispregiativo	dispregiativo	_	_	_	_	_	linguistic	_	ContainsVariation=No	_	_	_	_	_	_
111-5	PKP040	111	5	eh]	eh	_	_	_	_	_	linguistic	_	ContainsVariation=No	_	End=297.64	_	_	_	_
112-0	PKP041	112	0	[no]	no	_	_	_	_	_	linguistic	_	ContainsVariation=No	_	Begin=297.41	_	_	_	0-2(40)
112-1	PKP041	112	1	infatti	infatti	_	_	_	_	_	linguistic	_	ContainsVariation=No	_	_	_	_	_	_
112-2	PKP041	112	2	molto	molto	_	_	_	_	_	linguistic	_	ContainsVariation=No	_	_	_	_	_	_
112-3	PKP041	112	3	intelligente	intelligente	_	_	_	_	_	linguistic	_	ContainsVariation=No	_	End=298.6	_	_	_	_
113-0	PKP040	113	0	ci	ci	_	_	_	_	_	linguistic	_	ContainsVariation=No	_	Begin=302.839	_	_	_	_
113-1	PKP040	113	1	sono	sono	_	_	_	_	_	linguistic	_	ContainsVariation=No	_	_	_	_	_	_
113-2	PKP040	113	2	quelle	quelle	_	_	_	_	_	linguistic	_	ContainsVariation=No	_	_	_	_	_	_
113-3	PKP040	113	3	persone	persone	_	_	_	_	_	linguistic	_	ContainsVariation=No	_	_	_	_	_	_
113-4	PKP040	113	4	che:	che	_	_	_	_	_	linguistic	_	ContainsVariation=No	_	End=303.68	2x1	_	_	_
114-0	PKP047	114	0	mi	mi	_	_	_	_	_	linguistic	_	ContainsVariation=No	_	Begin=306.27	_	_	_	_
114-1	PKP047	114	1	devi	devi	_	_	_	_	_	linguistic	_	ContainsVariation=No	_	_	_	_	_	_
114-2	PKP047	114	2	mandare	mandare	_	_	_	_	_	linguistic	_	ContainsVariation=No	_	_	_	_	_	_
114-3	PKP047	114	3	l'	l'	_	_	_	_	_	linguistic	_	ContainsVariation=No	SpaceAfter=No	_	_	_	_	_
114-4	PKP047	114	4	articolo	articolo	_	_	_	_	_	linguistic	_	ContainsVariation=No	_	_	_	_	_	_
114-5	PKP047	114	5	di	di	_	_	_	_	_	linguistic	_	ContainsVariation=No	_	_	_	_	_	_
114-6	PKP047	114	6	critica	critica	_	_	_	_	_	linguistic	_	ContainsVariation=No	_	_	_	_	_	_
114-7	PKP047	114	7	a	a	_	_	_	_	_	linguistic	_	ContainsVariation=No	_	_	_	_	_	_
114-8	PKP047	114	8	cremonini	cremonini	_	_	_	_	_	linguistic	_	ContainsVariation=No	_	End=308.6	_	_	_	_
115-0	PKP040	115	0	perché?	perché	_	_	_	_	_	linguistic	_	ContainsVariation=No	Intonation=Rising	Begin=309.81|End=310.25	_	_	_	_
116-0	PKP041	116	0	i~	i~	_	_	_	_	_	linguistic	_	ContainsVariation=No	Interrupted=Yes	Begin=310.721	_	_	_	_
116-1	PKP041	116	1	i	i	_	_	_	_	_	linguistic	_	ContainsVariation=No	_	_	_	_	_	_
116-2	PKP041	116	2	commenti	commenti	_	_	_	_	_	linguistic	_	ContainsVariation=No	_	_	_	_	_	_
116-3	PKP041	116	3	l'	l'	_	_	_	_	_	linguistic	_	ContainsVariation=No	SpaceAfter=No	_	_	_	_	_
116-4	PKP041	116	4	hanno	hanno	_	_	_	_	_	linguistic	_	ContainsVariation=No	_	_	_	_	_	_
116-5	PKP041	116	5	criticato	criticato	_	_	_	_	_	linguistic	_	ContainsVariation=No	_	_	_	_	_	_
116-6	PKP041	116	6	non	non	_	_	_	_	_	linguistic	_	ContainsVariation=No	_	_	_	_	_	_
116-7	PKP041	116	7	l'	l'	_	_	_	_	_	linguistic	_	ContainsVariation=No	SpaceAfter=No	_	_	_	_	_
116-8	PKP041	116	8	articolo	articolo	_	_	_	_	_	linguistic	_	ContainsVariation=No	_	End=313.0	_	_	_	_
117-0	PKP047	117	0	ah	ah	_	_	_	_	_	linguistic	_	ContainsVariation=No	_	Begin=313.0|End=313.18	_	_	_	_
118-0	PKP040	118	0	perché?	perché	_	_	_	_	_	linguistic	_	ContainsVariation=No	Intonation=Rising	Begin=313.418|End=313.9	_	_	_	_
119-0	PKP047	119	0	perché	perché	_	_	_	_	_	linguistic	_	ContainsVariation=No	_	Begin=315.6	_	_	_	_
119-1	PKP047	119	1	sta	sta	_	_	_	_	_	linguistic	_	ContainsVariation=No	_	_	_	_	_	_
119-2	PKP047	119	2	diventando	diventando	_	_	_	_	_	linguistic	_	ContainsVariation=No	_	_	_	_	_	_
119-3	PKP047	119	3	un	un	_	_	_	_	_	linguistic	_	ContainsVariation=No	_	_	_	_	_	_
119-4	PKP047	119	4	po'	po'	_	_	_	_	_	linguistic	_	ContainsVariation=No	_	_	_	_	_	_
119-5	PKP047	119	5	pagliac[cio]	pagliaccio	_	_	_	_	_	linguistic	_	ContainsVariation=No	_	End=317.01	_	_	_	7-10(41)
120-0	PKP041	120	0	[un]	un	_	_	_	_	_	linguistic	_	ContainsVariation=No	_	Begin=316.85	_	_	_	0-2(41)
120-1	PKP041	120	1	giornalista	giornalista	_	_	_	_	_	linguistic	_	ContainsVariation=No	_	_	_	_	_	_
120-2	PKP041	120	2	di	di	_	_	_	_	_	linguistic	_	ContainsVariation=No	_	_	_	_	_	_
120-3	PKP041	120	3	rolling	rolling	_	_	_	_	_	linguistic	_	ContainsVariation=No	_	_	_	_	_	_
120-4	PKP041	120	4	stones	stones	_	_	_	_	_	linguistic	_	ContainsVariation=No	_	_	_	_	_	_
120-5	PKP041	120	5	ha	ha	_	_	_	_	_	linguistic	_	ContainsVariation=No	_	_	_	_	_	_
120-6	PKP041	120	6	fatto	fatto	_	_	_	_	_	linguistic	_	ContainsVariation=No	_	_	_	_	_	_
120-7	PKP041	120	7	un	un	_	_	_	_	_	linguistic	_	ContainsVariation=No	_	_	_	_	_	_
120-8	PKP041	120	8	articolo	articolo	_	_	_	_	_	linguistic	_	ContainsVariation=No	_	_	_	_	_	_
120-9	PKP041	120	9	su	su	_	_	_	_	_	linguistic	_	ContainsVariation=No	_	_	_	_	_	_
120-10	PKP041	120	10	cremonini	cremonini	_	_	_	_	_	linguistic	_	ContainsVariation=No	_	_	_	_	_	_
120-11	PKP041	120	11	che	che	_	_	_	_	_	linguistic	_	ContainsVariation=No	_	_	_	_	_	_
120-12	PKP041	120	12	dice	dice	_	_	_	_	_	linguistic	_	ContainsVariation=No	_	_	_	_	_	_
120-13	PKP041	120	13	che	che	_	_	_	_	_	linguistic	_	ContainsVariation=No	PauseAfter=Yes	_	_	_	_	_
120-14	PKP041	120	14	(.)	(.)	_	_	_	_	_	shortpause	_	ContainsVariation=No	_	_	_	_	_	_
120-15	PKP041	120	15	credeva	credeva	_	_	_	_	_	linguistic	_	ContainsVariation=No	_	_	_	_	_	_
120-16	PKP041	120	16	fosse	fosse	_	_	_	_	_	linguistic	_	ContainsVariation=No	_	_	_	_	_	_
120-17	PKP041	120	17	stre:ss	stress	_	_	_	_	_	linguistic	_	ContainsVariation=No	_	End=322.56	3x1	_	_	_
121-0	PKP041	121	0	gli	gli	_	_	_	_	_	linguistic	_	ContainsVariation=No	_	Begin=323.77	_	_	_	_
121-1	PKP041	121	1	hanno:::	hanno	_	_	_	_	_	linguistic	_	ContainsVariation=No	_	_	4x3	_	_	_
121-2	PKP041	121	2	trovat~	trovat~	_	_	_	_	_	linguistic	_	ContainsVariation=No	Interrupted=Yes	_	_	_	_	_
121-3	PKP041	121	3	gli	gli	_	_	_	_	_	linguistic	_	ContainsVariation=No	_	_	_	_	_	_
121-4	PKP041	121	4	hanno:	hanno	_	_	_	_	_	linguistic	_	ContainsVariation=No	_	_	4x1	_	_	_
121-5	PKP041	121	5	diagnosticato::	diagnosticato	_	_	_	_	_	linguistic	_	ContainsVariation=No	_	_	12x2	_	_	_
121-6	PKP041	121	6	mh:	mh	_	_	_	_	_	linguistic	_	ContainsVariation=No	_	_	1x1	_	_	_
121-7	PKP041	121	7	schizofreni:a	schizofrenia	_	_	_	_	_	linguistic	_	ContainsVariation=No	PauseAfter=Yes	_	10x1	_	_	_
121-8	PKP041	121	8	(.)	(.)	_	_	_	_	_	shortpause	_	ContainsVariation=No	_	_	_	_	_	_
121-9	PKP041	121	9	ha	ha	_	_	_	_	_	linguistic	_	ContainsVariation=No	_	_	_	_	_	_
121-10	PKP041	121	10	fatto	fatto	_	_	_	_	_	linguistic	_	ContainsVariation=No	_	_	_	_	_	_
121-11	PKP041	121	11	dei::	dei	_	_	_	_	_	linguistic	_	ContainsVariation=No	_	_	2x2	_	_	_
121-12	PKP041	121	12	delle:::	delle	_	_	_	_	_	linguistic	_	ContainsVariation=No	_	_	4x3	_	_	_
121-13	PKP041	121	13	una	una	_	_	_	_	_	linguistic	_	ContainsVariation=No	_	_	_	_	_	_
121-14	PKP041	121	14	terapi::a	terapia	_	_	_	_	_	linguistic	_	ContainsVariation=No	_	_	5x2	_	_	_
121-15	PKP041	121	15	e:	e	_	_	_	_	_	linguistic	_	ContainsVariation=No	_	_	0x1	_	_	_
121-16	PKP041	121	16	poi	poi	_	_	_	_	_	linguistic	_	ContainsVariation=No	_	_	_	_	_	_
121-17	PKP041	121	17	basta	basta	_	_	_	_	_	linguistic	_	ContainsVariation=No	_	_	_	_	_	_
121-18	PKP041	121	18	e	e	_	_	_	_	_	linguistic	_	ContainsVariation=No	_	_	_	_	_	_
121-19	PKP041	121	19	allora	allora	_	_	_	_	_	linguistic	_	ContainsVariation=No	PauseAfter=Yes	_	_	_	_	_
121-20	PKP041	121	20	(.)	(.)	_	_	_	_	_	shortpause	_	ContainsVariation=No	_	_	_	_	_	_
121-21	PKP041	121	21	delle	delle	_	_	_	_	_	linguistic	_	ContainsVariation=No	_	_	_	_	_	_
121-22	PKP041	121	22	persone	persone	_	_	_	_	_	linguistic	_	ContainsVariation=No	_	_	_	_	_	_
121-23	PKP041	121	23	che	che	_	_	_	_	_	linguistic	_	ContainsVariation=No	_	_	_	_	_	_
121-24	PKP041	121	24	evidentemente	evidentemente	_	_	_	_	_	linguistic	_	ContainsVariation=No	_	_	_	_	_	_
121-25	PKP041	121	25	avevano	avevano	_	_	_	_	_	linguistic	_	ContainsVariation=No	_	_	_	_	_	_
121-26	PKP041	121	26	studiato	studiato	_	_	_	_	_	linguistic	_	ContainsVariation=No	_	_	_	_	_	_
121-27	PKP041	121	27	hanno	hanno	_	_	_	_	_	linguistic	_	ContainsVariation=No	_	_	_	_	_	_
121-28	PKP041	121	28	[commentato	commentato	_	_	_	_	_	linguistic	_	ContainsVariation=No	_	_	_	_	_	0-10(42)
121-29	PKP041	121	29	e	e	_	_	_	_	_	linguistic	_	ContainsVariation=No	_	_	_	_	_	0-1(42)
121-30	PKP041	121	30	hanno	hanno	_	_	_	_	_	linguistic	_	ContainsVariation=No	_	_	_	_	_	0-5(42)
121-31	PKP041	121	31	scritto]	scritto	_	_	_	_	_	linguistic	_	ContainsVariation=No	_	End=336.92	_	_	_	0-7(42)
122-0	PKP040	122	0	[eh	eh	_	_	_	_	_	linguistic	_	ContainsVariation=No	_	Begin=336.2	_	_	_	0-2(42)
122-1	PKP040	122	1	non	non	_	_	_	_	_	linguistic	_	ContainsVariation=No	_	_	_	_	_	0-3(42)
122-2	PKP040	122	2	puoi	puoi	_	_	_	_	_	linguistic	_	ContainsVariation=No	_	_	_	_	_	0-4(42)
122-3	PKP040	122	3	ridurre]::	ridurre	_	_	_	_	_	linguistic	_	ContainsVariation=No	_	End=337.65	6x2	_	_	0-7(42)
123-0	PKP041	123	0	non	non	_	_	_	_	_	linguistic	_	ContainsVariation=No	_	Begin=337.847	_	_	_	_
123-1	PKP041	123	1	fate	fate	_	_	_	_	_	linguistic	_	ContainsVariation=No	_	_	_	_	_	_
123-2	PKP041	123	2	cattiva	cattiva	_	_	_	_	_	linguistic	_	ContainsVariation=No	_	_	_	_	_	_
123-3	PKP041	123	3	informazione	informazione	_	_	_	_	_	linguistic	_	ContainsVariation=No	_	_	_	_	_	_
123-4	PKP041	123	4	la	la	_	_	_	_	_	linguistic	_	ContainsVariation=No	_	_	_	_	_	_
123-5	PKP041	123	5	schizofrenia	schizofrenia	_	_	_	_	_	linguistic	_	ContainsVariation=No	_	_	_	_	_	_
123-6	PKP041	123	6	u:no	uno	_	_	_	_	_	linguistic	_	ContainsVariation=No	_	_	0x1	_	_	_
123-7	PKP041	123	7	non	non	_	_	_	_	_	linguistic	_	ContainsVariation=No	_	_	_	_	_	_
123-8	PKP041	123	8	si	si	_	_	_	_	_	linguistic	_	ContainsVariation=No	_	_	_	_	_	_
123-9	PKP041	123	9	cura	cura	_	_	_	_	_	linguistic	_	ContainsVariation=No	_	_	_	_	_	_
123-10	PKP041	123	10	con	con	_	_	_	_	_	linguistic	_	ContainsVariation=No	_	_	_	_	_	_
123-11	PKP041	123	11	la	la	_	_	_	_	_	linguistic	_	ContainsVariation=No	_	_	_	_	_	_
123-12	PKP041	123	12	terapia	terapia	_	_	_	_	_	linguistic	_	ContainsVariation=No	_	End=341.92	_	_	_	_
124-0	PKP040	124	0	si	si	_	_	_	_	_	linguistic	_	ContainsVariation=No	_	Begin=342.08	_	_	_	_
124-1	PKP040	124	1	cura	cura	_	_	_	_	_	linguistic	_	ContainsVariation=No	_	_	_	_	_	_
124-2	PKP040	124	2	però	però	_	_	_	_	_	linguistic	_	ContainsVariation=No	_	_	_	_	_	_
124-3	PKP040	124	3	eh	eh	_	_	_	_	_	linguistic	_	ContainsVariation=No	_	End=343.543	_	_	_	_
125-0	PKP047	125	0	[ma	ma	_	_	_	_	_	linguistic	_	ContainsVariation=No	_	Begin=342.688	_	_	_	0-2(197)
125-1	PKP047	125	1	con	con	_	_	_	_	_	linguistic	_	ContainsVariation=No	_	_	_	_	_	0-3(197)
125-2	PKP047	125	2	i	i	_	_	_	_	_	linguistic	_	ContainsVariation=No	_	_	_	_	_	0-1(197)
125-3	PKP047	125	3	farmaci]	farmaci	_	_	_	_	_	linguistic	_	ContainsVariation=No	_	End=343.961	_	_	_	0-7(197)
126-0	PKP041	126	0	[si	si	_	_	_	_	_	linguistic	_	ContainsVariation=No	_	Begin=343.03	_	_	_	0-2(?)
126-1	PKP041	126	1	cura]	cura	_	_	_	_	_	linguistic	_	ContainsVariation=No	_	_	_	_	_	0-4(?)
126-2	PKP041	126	2	con	con	_	_	_	_	_	linguistic	_	ContainsVariation=No	_	_	_	_	_	_
126-3	PKP041	126	3	i	i	_	_	_	_	_	linguistic	_	ContainsVariation=No	_	_	_	_	_	_
126-4	PKP041	126	4	farmaci	farmaci	_	_	_	_	_	linguistic	_	ContainsVariation=No	_	End=344.45	_	_	_	_
127-0	PKP040	127	0	sì	sì	_	_	_	_	_	linguistic	_	ContainsVariation=No	_	Begin=344.23	_	_	_	_
127-1	PKP040	127	1	sì	sì	_	_	_	_	_	linguistic	_	ContainsVariation=No	_	_	_	_	_	_
127-2	PKP040	127	2	però	però	_	_	_	_	_	linguistic	_	ContainsVariation=No	_	_	_	_	_	_
127-3	PKP040	127	3	si	si	_	_	_	_	_	linguistic	_	ContainsVariation=No	_	_	_	_	_	_
127-4	PKP040	127	4	cura	cura	_	_	_	_	_	linguistic	_	ContainsVariation=No	_	_	_	_	_	_
127-5	PKP040	127	5	la	la	_	_	_	_	_	linguistic	_	ContainsVariation=No	_	_	_	_	_	_
127-6	PKP040	127	6	schizofrenia	schizofrenia	_	_	_	_	_	linguistic	_	ContainsVariation=No	_	_	_	_	_	_
127-7	PKP040	127	7	si	si	_	_	_	_	_	linguistic	_	ContainsVariation=No	_	_	_	_	_	_
127-8	PKP040	127	8	tiene	tiene	_	_	_	_	_	linguistic	_	ContainsVariation=No	_	_	_	_	_	_
127-9	PKP040	127	9	sotto	sotto	_	_	_	_	_	linguistic	_	ContainsVariation=No	_	_	_	_	_	_
127-10	PKP040	127	10	controllo	controllo	_	_	_	_	_	linguistic	_	ContainsVariation=No	_	End=346.71	_	_	_	_
128-0	PKP047	128	0	# [ei]	ei	_	_	_	_	_	linguistic	_	ContainsVariation=Yes|Variety=Unsure	_	Begin=346.51	_	_	_	0-2(45)
128-1	PKP047	128	1	addà	addà	_	_	_	_	_	linguistic	_	ContainsVariation=Yes|Variety=Unsure	_	_	_	_	_	_
128-2	PKP047	128	2	sai	sai	_	_	_	_	_	linguistic	_	ContainsVariation=Yes|Variety=Unsure	_	_	_	_	_	_
128-3	PKP047	128	3	ce	ce	_	_	_	_	_	linguistic	_	ContainsVariation=Yes|Variety=Unsure	_	_	_	_	_	_
128-4	PKP047	128	4	nc'	nc'	_	_	_	_	_	linguistic	_	ContainsVariation=Yes|Variety=Unsure	SpaceAfter=No	_	_	_	_	_
128-5	PKP047	128	5	era	era	_	_	_	_	_	linguistic	_	ContainsVariation=Yes|Variety=Unsure	_	_	_	_	_	_
128-6	PKP047	128	6	commentatu?	commentatu	_	_	_	_	_	linguistic	_	ContainsVariation=Yes|Variety=Unsure	Intonation=Rising	_	_	_	_	_
128-7	PKP047	128	7	[mi	mi	_	_	_	_	_	linguistic	_	ContainsVariation=Yes|Variety=Unsure	_	_	_	_	_	0-2(46)
128-8	PKP047	128	8	sa	sa	_	_	_	_	_	linguistic	_	ContainsVariation=Yes|Variety=Unsure	_	_	_	_	_	0-2(46)
128-9	PKP047	128	9	ca:	ca	_	_	_	_	_	linguistic	_	ContainsVariation=Yes|Variety=Unsure	_	_	1x1	_	_	0-2(46)
128-10	PKP047	128	10	più~]	più~	_	_	_	_	_	linguistic	_	ContainsVariation=Yes|Variety=Unsure	Interrupted=Yes	_	_	_	_	0-4(46)
128-11	PKP047	128	11	più	più	_	_	_	_	_	linguistic	_	ContainsVariation=Yes|Variety=Unsure	_	_	_	_	_	_
128-12	PKP047	128	12	ca	ca	_	_	_	_	_	linguistic	_	ContainsVariation=Yes|Variety=Unsure	_	_	_	_	_	_
128-13	PKP047	128	13	schizofrenia	schizofrenia	_	_	_	_	_	linguistic	_	ContainsVariation=Yes|Variety=Unsure	_	_	_	_	_	_
128-14	PKP047	128	14	addà	addà	_	_	_	_	_	linguistic	_	ContainsVariation=Yes|Variety=Unsure	_	_	_	_	_	_
128-15	PKP047	128	15	n'	n'	_	_	_	_	_	linguistic	_	ContainsVariation=Yes|Variety=Unsure	SpaceAfter=No	_	_	_	_	_
128-16	PKP047	128	16	atra	atra	_	_	_	_	_	linguistic	_	ContainsVariation=Yes|Variety=Unsure	_	_	_	_	_	_
128-17	PKP047	128	17	cosa	cosa	_	_	_	_	_	linguistic	_	ContainsVariation=Yes|Variety=Unsure	_	_	_	_	_	_
128-18	PKP047	128	18	era	era	_	_	_	_	_	linguistic	_	ContainsVariation=Yes|Variety=Unsure	_	_	_	_	_	_
128-19	PKP047	128	19	((ride))	((ride))	_	_	_	_	_	nonverbalbehavior	_	ContainsVariation=Yes	_	End=353.2	_	_	_	_
129-0	PKP041	129	0	[E	e	_	_	_	_	_	linguistic	_	ContainsVariation=No	Volume=high	Begin=348.41	_	_	_	0-1(45)
129-1	PKP041	129	1	CHE	che	_	_	_	_	_	linguistic	_	ContainsVariation=No	Volume=high	_	_	_	_	0-3(45)
129-2	PKP041	129	2	POI	poi	_	_	_	_	_	linguistic	_	ContainsVariation=No	Volume=high	_	_	_	_	0-3(45)
129-3	PKP041	129	3	non	non	_	_	_	_	_	linguistic	_	ContainsVariation=No	_	_	_	_	_	0-3(45)
129-4	PKP041	129	4	è	è	_	_	_	_	_	linguistic	_	ContainsVariation=No	_	_	_	_	_	0-1(45)
129-5	PKP041	129	5	una	una	_	_	_	_	_	linguistic	_	ContainsVariation=No	_	_	_	_	_	0-3(45)
129-6	PKP041	129	6	cosa	cosa	_	_	_	_	_	linguistic	_	ContainsVariation=No	_	_	_	_	_	0-4(45)
129-7	PKP041	129	7	stupida]	stupida	_	_	_	_	_	linguistic	_	ContainsVariation=No	_	End=350.522	_	_	_	0-7(45)
130-0	PKP040	130	0	può	può	_	_	_	_	_	linguistic	_	ContainsVariation=No	_	Begin=352.96	_	_	_	_
130-1	PKP040	130	1	darsi	darsi	_	_	_	_	_	linguistic	_	ContainsVariation=No	_	_	_	_	_	_
130-2	PKP040	130	2	pure	pure	_	_	_	_	_	linguistic	_	ContainsVariation=No	_	_	_	_	_	_
130-3	PKP040	130	3	che:	che	_	_	_	_	_	linguistic	_	ContainsVariation=No	_	End=354.08	2x1	_	_	_
131-0	PKP039	131	0	<[allucinazioni]>	allucinazioni	_	_	_	_	_	linguistic	_	ContainsVariation=No	_	Begin=354.28|End=355.2	_	Slow=0-13(0)	_	0-13(47)
132-0	PKP040	132	0	[°una	una	_	_	_	_	_	linguistic	_	ContainsVariation=No	Volume=low	Begin=354.54	_	_	_	0-3(47)
132-1	PKP040	132	1	cosa::]	cosa	_	_	_	_	_	linguistic	_	ContainsVariation=No	Volume=low	_	3x2	_	_	0-4(47)
132-2	PKP040	132	2	mh°	mh	_	_	_	_	_	linguistic	_	ContainsVariation=No	Volume=low	End=355.78	_	_	_	_
133-0	PKP047	133	0	ultimamente	ultimamente	_	_	_	_	_	linguistic	_	ContainsVariation=No	_	Begin=357.33	_	_	_	_
133-1	PKP047	133	1	c'	c'	_	_	_	_	_	linguistic	_	ContainsVariation=No	SpaceAfter=No	_	_	_	_	_
133-2	PKP047	133	2	è	è	_	_	_	_	_	linguistic	_	ContainsVariation=No	_	_	_	_	_	_
133-3	PKP047	133	3	una	una	_	_	_	_	_	linguistic	_	ContainsVariation=No	_	_	_	_	_	_
133-4	PKP047	133	4	sorta	sorta	_	_	_	_	_	linguistic	_	ContainsVariation=No	_	_	_	_	_	_
133-5	PKP047	133	5	di:	di	_	_	_	_	_	linguistic	_	ContainsVariation=No	_	End=358.987	1x1	_	_	_
134-0	PKP047	134	0	propensione	propensione	_	_	_	_	_	linguistic	_	ContainsVariation=No	_	Begin=360.684	_	_	_	_
134-1	PKP047	134	1	della	della	_	_	_	_	_	linguistic	_	ContainsVariation=No	_	_	_	_	_	_
134-2	PKP047	134	2	gente	gente	_	_	_	_	_	linguistic	_	ContainsVariation=No	_	_	_	_	_	_
134-3	PKP047	134	3	a	a	_	_	_	_	_	linguistic	_	ContainsVariation=No	_	_	_	_	_	_
134-4	PKP047	134	4	far	far	_	_	_	_	_	linguistic	_	ContainsVariation=No	_	_	_	_	_	_
134-5	PKP047	134	5	vedere	vedere	_	_	_	_	_	linguistic	_	ContainsVariation=No	_	_	_	_	_	_
134-6	PKP047	134	6	come	come	_	_	_	_	_	linguistic	_	ContainsVariation=No	_	_	_	_	_	_
134-7	PKP047	134	7	sia	sia	_	_	_	_	_	linguistic	_	ContainsVariation=No	_	_	_	_	_	_
134-8	PKP047	134	8	che	che	_	_	_	_	_	linguistic	_	ContainsVariation=No	_	_	_	_	_	_
134-9	PKP047	134	9	ha	ha	_	_	_	_	_	linguistic	_	ContainsVariation=No	_	_	_	_	_	_
134-10	PKP047	134	10	qualche	qualche	_	_	_	_	_	linguistic	_	ContainsVariation=No	_	_	_	_	_	_
134-11	PKP047	134	11	problema	problema	_	_	_	_	_	linguistic	_	ContainsVariation=No	PauseAfter=Yes	_	_	_	_	_
134-12	PKP047	134	12	(.)	(.)	_	_	_	_	_	shortpause	_	ContainsVariation=No	_	_	_	_	_	_
134-13	PKP047	134	13	che:	che	_	_	_	_	_	linguistic	_	ContainsVariation=No	_	_	2x1	_	_	_
134-14	PKP047	134	14	ps~	ps~	_	_	_	_	_	linguistic	_	ContainsVariation=No	Interrupted=Yes	_	_	_	_	_
134-15	PKP047	134	15	alla	alla	_	_	_	_	_	linguistic	_	ContainsVariation=No	_	_	_	_	_	_
134-16	PKP047	134	16	testa:	testa	_	_	_	_	_	linguistic	_	ContainsVariation=No	_	_	4x1	_	_	_
134-17	PKP047	134	17	alla	alla	_	_	_	_	_	linguistic	_	ContainsVariation=No	_	_	_	_	_	_
134-18	PKP047	134	18	mente:	mente	_	_	_	_	_	linguistic	_	ContainsVariation=No	_	_	4x1	_	_	_
134-19	PKP047	134	19	psichiatrico	psichiatrico	_	_	_	_	_	linguistic	_	ContainsVariation=No	_	_	_	_	_	_
134-20	PKP047	134	20	o	o	_	_	_	_	_	linguistic	_	ContainsVariation=No	_	_	_	_	_	_
134-21	PKP047	134	21	psicologico:	psicologico	_	_	_	_	_	linguistic	_	ContainsVariation=No	_	_	10x1	_	_	_
134-22	PKP047	134	22	come	come	_	_	_	_	_	linguistic	_	ContainsVariation=No	_	_	_	_	_	_
134-23	PKP047	134	23	se	se	_	_	_	_	_	linguistic	_	ContainsVariation=No	_	_	_	_	_	_
134-24	PKP047	134	24	ti	ti	_	_	_	_	_	linguistic	_	ContainsVariation=No	_	_	_	_	_	_
134-25	PKP047	134	25	ti	ti	_	_	_	_	_	linguistic	_	ContainsVariation=No	_	_	_	_	_	_
134-26	PKP047	134	26	rende:	rende	_	_	_	_	_	linguistic	_	ContainsVariation=No	_	End=368.58	4x1	_	_	_
135-0	PKP041	135	0	no	no	_	_	_	_	_	linguistic	_	ContainsVariation=No	_	Begin=369.62	_	_	_	_
135-1	PKP041	135	1	però	però	_	_	_	_	_	linguistic	_	ContainsVariation=No	_	_	_	_	_	_
135-2	PKP041	135	2	è	è	_	_	_	_	_	linguistic	_	ContainsVariation=No	_	_	_	_	_	_
135-3	PKP041	135	3	più~	più~	_	_	_	_	_	linguistic	_	ContainsVariation=No	Interrupted=Yes	_	_	_	_	_
135-4	PKP041	135	4	è	è	_	_	_	_	_	linguistic	_	ContainsVariation=No	_	_	_	_	_	_
135-5	PKP041	135	5	giusto	giusto	_	_	_	_	_	linguistic	_	ContainsVariation=No	_	_	_	_	_	_
135-6	PKP041	135	6	parlarne	parlarne	_	_	_	_	_	linguistic	_	ContainsVariation=No	_	_	_	_	_	_
135-7	PKP041	135	7	senza	senza	_	_	_	_	_	linguistic	_	ContainsVariation=No	_	_	_	_	_	_
135-8	PKP041	135	8	far	far	_	_	_	_	_	linguistic	_	ContainsVariation=No	_	_	_	_	_	_
135-9	PKP041	135	9	sembrare	sembrare	_	_	_	_	_	linguistic	_	ContainsVariation=No	_	_	_	_	_	_
135-10	PKP041	135	10	che	che	_	_	_	_	_	linguistic	_	ContainsVariation=No	_	_	_	_	_	_
135-11	PKP041	135	11	si[a	sia	_	_	_	_	_	linguistic	_	ContainsVariation=No	_	_	_	_	_	2-3(48)
135-12	PKP041	135	12	per	per	_	_	_	_	_	linguistic	_	ContainsVariation=No	_	_	_	_	_	0-3(48)
135-13	PKP041	135	13	forza:]	forza	_	_	_	_	_	linguistic	_	ContainsVariation=No	_	End=373.4	4x1	_	_	0-5(48)
136-0	PKP039	136	0	[schizofreniza]	schizofreniza	_	_	_	_	_	linguistic	_	ContainsVariation=No	_	Begin=372.78	_	_	_	0-13(48)
136-1	PKP039	136	1	è	è	_	_	_	_	_	linguistic	_	ContainsVariation=No	_	_	_	_	_	_
136-2	PKP039	136	2	confondere	confondere	_	_	_	_	_	linguistic	_	ContainsVariation=No	_	_	_	_	_	_
136-3	PKP039	136	3	la	la	_	_	_	_	_	linguistic	_	ContainsVariation=No	_	_	_	_	_	_
136-4	PKP039	136	4	realtà	realtà	_	_	_	_	_	linguistic	_	ContainsVariation=No	_	_	_	_	_	_
136-5	PKP039	136	5	e	e	_	_	_	_	_	linguistic	_	ContainsVariation=No	_	End=374.9	_	_	_	_
137-0	PKP039	137	0	°xxxx°	xxxx	_	_	_	_	_	unknown	_	ContainsVariation=No	Volume=low|Syllables=4	Begin=376.84|End=377.8	_	_	_	_
138-0	PKP041	138	0	[è	è	_	_	_	_	_	linguistic	_	ContainsVariation=No	_	Begin=377.5	_	_	_	0-1(198)
138-1	PKP041	138	1	giusto	giusto	_	_	_	_	_	linguistic	_	ContainsVariation=No	_	_	_	_	_	0-6(198)
138-2	PKP041	138	2	parlare	parlare	_	_	_	_	_	linguistic	_	ContainsVariation=No	_	_	_	_	_	0-7(198)
138-3	PKP041	138	3	dei	dei	_	_	_	_	_	linguistic	_	ContainsVariation=No	_	_	_	_	_	0-3(198)
138-4	PKP041	138	4	prob]lemi	problemi	_	_	_	_	_	linguistic	_	ContainsVariation=No	_	_	_	_	_	0-4(198)
138-5	PKP041	138	5	psichici	psichici	_	_	_	_	_	linguistic	_	ContainsVariation=No	_	_	_	_	_	_
138-6	PKP041	138	6	che	che	_	_	_	_	_	linguistic	_	ContainsVariation=No	_	_	_	_	_	_
138-7	PKP041	138	7	non	non	_	_	_	_	_	linguistic	_	ContainsVariation=No	_	_	_	_	_	_
138-8	PKP041	138	8	sono	sono	_	_	_	_	_	linguistic	_	ContainsVariation=No	_	_	_	_	_	_
138-9	PKP041	138	9	delle	delle	_	_	_	_	_	linguistic	_	ContainsVariation=No	_	_	_	_	_	_
138-10	PKP041	138	10	cose	cose	_	_	_	_	_	linguistic	_	ContainsVariation=No	_	_	_	_	_	_
138-11	PKP041	138	11	intoc[cabili]	intoccabili	_	_	_	_	_	linguistic	_	ContainsVariation=No	_	End=382.093	_	_	_	5-11(49)
139-0	PKP040	139	0	[no:	no	_	_	_	_	_	linguistic	_	ContainsVariation=No	_	Begin=377.52	1x1	_	_	0-2(198)
139-1	PKP040	139	1	non	non	_	_	_	_	_	linguistic	_	ContainsVariation=No	_	_	_	_	_	0-3(198)
139-2	PKP040	139	2	è	è	_	_	_	_	_	linguistic	_	ContainsVariation=No	_	_	_	_	_	0-1(198)
139-3	PKP040	139	3	sempre	sempre	_	_	_	_	_	linguistic	_	ContainsVariation=No	_	_	_	_	_	0-6(198)
139-4	PKP040	139	4	così]	così	_	_	_	_	_	linguistic	_	ContainsVariation=No	_	End=378.88	_	_	_	0-4(198)
140-0	PKP040	140	0	[ci	ci	_	_	_	_	_	linguistic	_	ContainsVariation=No	_	Begin=381.06	_	_	_	0-2(49)
140-1	PKP040	140	1	sono]	sono	_	_	_	_	_	linguistic	_	ContainsVariation=No	_	_	_	_	_	0-4(49)
140-2	PKP040	140	2	tante	tante	_	_	_	_	_	linguistic	_	ContainsVariation=No	_	_	_	_	_	_
140-3	PKP040	140	3	persone	persone	_	_	_	_	_	linguistic	_	ContainsVariation=No	_	_	_	_	_	_
140-4	PKP040	140	4	che	che	_	_	_	_	_	linguistic	_	ContainsVariation=No	_	_	_	_	_	_
140-5	PKP040	140	5	sono	sono	_	_	_	_	_	linguistic	_	ContainsVariation=No	_	_	_	_	_	_
140-6	PKP040	140	6	schizofreniche	schizofreniche	_	_	_	_	_	linguistic	_	ContainsVariation=No	_	_	_	_	_	_
140-7	PKP040	140	7	ma:	ma	_	_	_	_	_	linguistic	_	ContainsVariation=No	_	End=383.09	1x1	_	_	_
141-0	PKP040	141	0	come	come	_	_	_	_	_	linguistic	_	ContainsVariation=No	_	Begin=383.966	_	_	_	_
141-1	PKP040	141	1	ci	ci	_	_	_	_	_	linguistic	_	ContainsVariation=No	_	_	_	_	_	_
141-2	PKP040	141	2	sono	sono	_	_	_	_	_	linguistic	_	ContainsVariation=No	_	_	_	_	_	_
141-3	PKP040	141	3	tante	tante	_	_	_	_	_	linguistic	_	ContainsVariation=No	_	_	_	_	_	_
141-4	PKP040	141	4	persone	persone	_	_	_	_	_	linguistic	_	ContainsVariation=No	_	_	_	_	_	_
141-5	PKP040	141	5	che	che	_	_	_	_	_	linguistic	_	ContainsVariation=No	_	_	_	_	_	_
141-6	PKP040	141	6	hann[o:	hanno	_	_	_	_	_	linguistic	_	ContainsVariation=No	PauseAfter=Yes	_	4x1	_	_	4-5(50)
141-7	PKP040	141	7	(.)	(.)	_	_	_	_	_	shortpause	_	ContainsVariation=No	_	_	_	_	_	X(50)
141-8	PKP040	141	8	eh:	eh	_	_	_	_	_	linguistic	_	ContainsVariation=No	PauseAfter=Yes	_	1x1	_	_	0-2(50)
141-9	PKP040	141	9	(.)	(.)	_	_	_	_	_	shortpause	_	ContainsVariation=No	_	_	_	_	_	X(50)
141-10	PKP040	141	10	sì]	sì	_	_	_	_	_	linguistic	_	ContainsVariation=No	_	End=387.55	_	_	_	0-2(50)
142-0	PKP039	142	0	[la	la	_	_	_	_	_	linguistic	_	ContainsVariation=No	_	Begin=385.88	_	_	_	0-2(?)
142-1	PKP039	142	1	schizofrenia	schizofrenia	_	_	_	_	_	linguistic	_	ContainsVariation=No	_	_	_	_	_	0-12(?)
142-2	PKP039	142	2	comunque	comunque	_	_	_	_	_	linguistic	_	ContainsVariation=No	_	_	_	_	_	0-8(?)
142-3	PKP039	142	3	è	è	_	_	_	_	_	linguistic	_	ContainsVariation=No	_	_	_	_	_	0-1(?)
142-4	PKP039	142	4	il	il	_	_	_	_	_	linguistic	_	ContainsVariation=No	_	_	_	_	_	0-2(?)
142-5	PKP039	142	5	grado	grado	_	_	_	_	_	linguistic	_	ContainsVariation=No	_	_	_	_	_	0-5(?)
142-6	PKP039	142	6	più~]	più~	_	_	_	_	_	linguistic	_	ContainsVariation=No	Interrupted=Yes	_	_	_	_	0-4(?)
142-7	PKP039	142	7	più	più	_	_	_	_	_	linguistic	_	ContainsVariation=No	_	_	_	_	_	_
142-8	PKP039	142	8	grav[e:]	grave	_	_	_	_	_	linguistic	_	ContainsVariation=No	_	End=388.3	4x1	_	_	4-5(?)
143-0	PKP040	143	0	[è	è	_	_	_	_	_	linguistic	_	ContainsVariation=No	_	Begin=388.31	_	_	_	_
143-1	PKP040	143	1	una	una	_	_	_	_	_	linguistic	_	ContainsVariation=No	_	_	_	_	_	_
143-2	PKP040	143	2	dissociazi[ione]	dissociaziione	_	_	_	_	_	linguistic	_	ContainsVariation=No	_	End=389.238	_	_	_	_
144-0	PKP047	144	0	# [OH	oh	_	_	_	_	_	linguistic	_	ContainsVariation=Yes|Variety=Unsure	Volume=high	Begin=388.42	_	_	_	0-2(51)
144-1	PKP047	144	1	COMUNQUE]	comunque	_	_	_	_	_	linguistic	_	ContainsVariation=Yes|Variety=Unsure	Volume=high	_	_	_	_	0-8(51)
144-2	PKP047	144	2	sta	sta	_	_	_	_	_	linguistic	_	ContainsVariation=Yes|Variety=Unsure	_	_	_	_	_	_
144-3	PKP047	144	3	mangiati	mangiati	_	_	_	_	_	linguistic	_	ContainsVariation=Yes|Variety=Unsure	_	_	_	_	_	_
144-4	PKP047	144	4	eh	eh	_	_	_	_	_	linguistic	_	ContainsVariation=Yes|Variety=Unsure	_	End=389.61	_	_	_	_
145-0	PKP047	145	0	io	io	_	_	_	_	_	linguistic	_	ContainsVariation=No	_	Begin=390.35	_	_	_	_
145-1	PKP047	145	1	e	e	_	_	_	_	_	linguistic	_	ContainsVariation=No	_	_	_	_	_	_
145-2	PKP047	145	2	anna	anna	_	_	_	_	_	linguistic	_	ContainsVariation=No	_	_	_	_	_	_
145-3	PKP047	145	3	ci	ci	_	_	_	_	_	linguistic	_	ContainsVariation=No	_	_	_	_	_	_
145-4	PKP047	145	4	siamo	siamo	_	_	_	_	_	linguistic	_	ContainsVariation=No	_	_	_	_	_	_
145-5	PKP047	145	5	divisi	divisi	_	_	_	_	_	linguistic	_	ContainsVariation=No	_	_	_	_	_	_
145-6	PKP047	145	6	due	due	_	_	_	_	_	linguistic	_	ContainsVariation=No	_	_	_	_	_	_
145-7	PKP047	145	7	pezzi	pezzi	_	_	_	_	_	linguistic	_	ContainsVariation=No	_	_	_	_	_	_
145-8	PKP047	145	8	ancora	ancora	_	_	_	_	_	linguistic	_	ContainsVariation=No	_	End=392.31	_	_	_	_
146-0	PKP039	146	0	e	e	_	_	_	_	_	linguistic	_	ContainsVariation=No	_	Begin=392.497	_	_	_	_
146-1	PKP039	146	1	io	io	_	_	_	_	_	linguistic	_	ContainsVariation=No	_	_	_	_	_	_
146-2	PKP039	146	2	[un	un	_	_	_	_	_	linguistic	_	ContainsVariation=No	_	_	_	_	_	0-2(52)
146-3	PKP039	146	3	pezzo	pezzo	_	_	_	_	_	linguistic	_	ContainsVariation=No	_	_	_	_	_	0-5(52)
146-4	PKP039	146	4	con	con	_	_	_	_	_	linguistic	_	ContainsVariation=No	_	_	_	_	_	0-3(52)
146-5	PKP039	146	5	la	la	_	_	_	_	_	linguistic	_	ContainsVariation=No	_	_	_	_	_	0-2(52)
146-6	PKP039	146	6	mamma]	mamma	_	_	_	_	_	linguistic	_	ContainsVariation=No	_	End=394.081	_	_	_	0-5(52)
147-0	PKP041	147	0	[uno	uno	_	_	_	_	_	linguistic	_	ContainsVariation=No	_	Begin=393.14	_	_	_	0-3(?)
147-1	PKP041	147	1	se	se	_	_	_	_	_	linguistic	_	ContainsVariation=No	_	_	_	_	_	0-2(?)
147-2	PKP041	147	2	ne	ne	_	_	_	_	_	linguistic	_	ContainsVariation=No	_	_	_	_	_	0-2(?)
147-3	PKP041	147	3	sono	sono	_	_	_	_	_	linguistic	_	ContainsVariation=No	_	_	_	_	_	0-4(?)
147-4	PKP041	147	4	diviso	diviso	_	_	_	_	_	linguistic	_	ContainsVariation=No	_	_	_	_	_	0-6(?)
147-5	PKP041	147	5	loro]	loro	_	_	_	_	_	linguistic	_	ContainsVariation=No	_	End=394.54	_	_	_	0-4(?)
148-0	PKP040	148	0	[no	no	_	_	_	_	_	linguistic	_	ContainsVariation=No	_	Begin=394.338	_	_	_	0-2(199)
148-1	PKP040	148	1	io	io	_	_	_	_	_	linguistic	_	ContainsVariation=No	_	_	_	_	_	0-2(199)
148-2	PKP040	148	2	un:]	un	_	_	_	_	_	linguistic	_	ContainsVariation=No	_	_	1x1	_	_	0-2(199)
148-3	PKP040	148	3	uno	uno	_	_	_	_	_	linguistic	_	ContainsVariation=No	_	_	_	_	_	_
148-4	PKP040	148	4	spicchietto	spicchietto	_	_	_	_	_	linguistic	_	ContainsVariation=No	_	_	_	_	_	_
148-5	PKP040	148	5	[non	non	_	_	_	_	_	linguistic	_	ContainsVariation=No	_	_	_	_	_	0-3(53)
148-6	PKP040	148	6	voglio	voglio	_	_	_	_	_	linguistic	_	ContainsVariation=No	_	_	_	_	_	0-6(53)
148-7	PKP040	148	7	dire	dire	_	_	_	_	_	linguistic	_	ContainsVariation=No	_	_	_	_	_	0-4(53)
148-8	PKP040	148	8	eh:]	eh	_	_	_	_	_	linguistic	_	ContainsVariation=No	_	End=396.82	1x1	_	_	0-2(53)
149-0	PKP047	149	0	[ah	ah	_	_	_	_	_	linguistic	_	ContainsVariation=No	_	Begin=394.37	_	_	_	0-2(199)
149-1	PKP047	149	1	si]	si	_	_	_	_	_	linguistic	_	ContainsVariation=No	_	End=394.84	_	_	_	0-2(199)
150-0	PKP039	150	0	[uno	uno	_	_	_	_	_	linguistic	_	ContainsVariation=No	_	Begin=395.708	_	_	_	0-3(53)
150-1	PKP039	150	1	spicchietto	spicchietto	_	_	_	_	_	linguistic	_	ContainsVariation=No	_	_	_	_	_	0-11(53)
150-2	PKP039	150	2	la	la	_	_	_	_	_	linguistic	_	ContainsVariation=No	_	_	_	_	_	0-2(53)
150-3	PKP039	150	3	mamma]	mamma	_	_	_	_	_	linguistic	_	ContainsVariation=No	_	End=396.79	_	_	_	0-5(53)
151-0	PKP047	151	0	ah	ah	_	_	_	_	_	linguistic	_	ContainsVariation=No	_	Begin=397.06	_	_	_	_
151-1	PKP047	151	1	ok	ok	_	_	_	_	_	linguistic	_	ContainsVariation=No	_	End=397.35	_	_	_	_
152-0	PKP041	152	0	tu	tu	_	_	_	_	_	linguistic	_	ContainsVariation=No	PauseAfter=Yes	Begin=399.87	_	_	_	_
152-1	PKP041	152	1	(.)	(.)	_	_	_	_	_	shortpause	_	ContainsVariation=No	_	_	_	_	_	_
152-2	PKP041	152	2	hai	hai	_	_	_	_	_	linguistic	_	ContainsVariation=No	_	_	_	_	_	_
152-3	PKP041	152	3	detto	detto	_	_	_	_	_	linguistic	_	ContainsVariation=No	_	_	_	_	_	_
152-4	PKP041	152	4	che	che	_	_	_	_	_	linguistic	_	ContainsVariation=No	_	_	_	_	_	_
152-5	PKP041	152	5	non	non	_	_	_	_	_	linguistic	_	ContainsVariation=No	_	_	_	_	_	_
152-6	PKP041	152	6	volevi	volevi	_	_	_	_	_	linguistic	_	ContainsVariation=No	_	_	_	_	_	_
152-7	PKP041	152	7	nie:[nte	niente	_	_	_	_	_	linguistic	_	ContainsVariation=No	_	_	2x1	_	_	3-6(54)
152-8	PKP041	152	8	perché	perché	_	_	_	_	_	linguistic	_	ContainsVariation=No	_	_	_	_	_	0-6(54)
152-9	PKP041	152	9	dovevi	dovevi	_	_	_	_	_	linguistic	_	ContainsVariation=No	_	_	_	_	_	0-6(54)
152-10	PKP041	152	10	xxxx]	xxxx	_	_	_	_	_	unknown	_	ContainsVariation=No	Syllables=4	End=403.466	_	_	_	0-4(54)
153-0	PKP040	153	0	[no	no	_	_	_	_	_	linguistic	_	ContainsVariation=No	_	Begin=401.575	_	_	_	0-2(54)
153-1	PKP040	153	1	quello	quello	_	_	_	_	_	linguistic	_	ContainsVariation=No	_	_	_	_	_	0-6(54)
153-2	PKP040	153	2	sp~	sp~	_	_	_	_	_	linguistic	_	ContainsVariation=No	Interrupted=Yes	_	_	_	_	0-3(54)
153-3	PKP040	153	3	NO:	no	_	_	_	_	_	linguistic	_	ContainsVariation=No	Volume=high	_	1x1	_	_	0-2(54)
153-4	PKP040	153	4	ho	ho	_	_	_	_	_	linguistic	_	ContainsVariation=No	_	_	_	_	_	0-2(54)
153-5	PKP040	153	5	mangiato	mangiato	_	_	_	_	_	linguistic	_	ContainsVariation=No	_	_	_	_	_	0-8(54)
153-6	PKP040	153	6	quello]	quello	_	_	_	_	_	linguistic	_	ContainsVariation=No	_	_	_	_	_	0-6(54)
153-7	PKP040	153	7	che	che	_	_	_	_	_	linguistic	_	ContainsVariation=No	_	_	_	_	_	_
153-8	PKP040	153	8	avevo	avevo	_	_	_	_	_	linguistic	_	ContainsVariation=No	_	_	_	_	_	_
153-9	PKP040	153	9	deside:r[io]	desiderio	_	_	_	_	_	linguistic	_	ContainsVariation=No	_	End=404.11	5x1	_	_	7-9(55)
154-0	PKP047	154	0	[no]	no	_	_	_	_	_	linguistic	_	ContainsVariation=No	_	Begin=404.08	_	_	_	0-2(55)
154-1	PKP047	154	1	no	no	_	_	_	_	_	linguistic	_	ContainsVariation=No	_	_	_	_	_	_
154-2	PKP047	154	2	perché	perché	_	_	_	_	_	linguistic	_	ContainsVariation=No	_	_	_	_	_	_
154-3	PKP047	154	3	io	io	_	_	_	_	_	linguistic	_	ContainsVariation=No	_	_	_	_	_	_
154-4	PKP047	154	4	ne	ne	_	_	_	_	_	linguistic	_	ContainsVariation=No	_	_	_	_	_	_
154-5	PKP047	154	5	avevo	avevo	_	_	_	_	_	linguistic	_	ContainsVariation=No	_	_	_	_	_	_
154-6	PKP047	154	6	presi	presi	_	_	_	_	_	linguistic	_	ContainsVariation=No	_	_	_	_	_	_
154-7	PKP047	154	7	due	due	_	_	_	_	_	linguistic	_	ContainsVariation=No	_	_	_	_	_	_
154-8	PKP047	154	8	per	per	_	_	_	_	_	linguistic	_	ContainsVariation=No	_	_	_	_	_	_
154-9	PKP047	154	9	me:	me	_	_	_	_	_	linguistic	_	ContainsVariation=No	_	End=406.498	1x1	_	_	_
155-0	PKP047	155	0	ah	ah	_	_	_	_	_	linguistic	_	ContainsVariation=No	_	Begin=407.268	_	_	_	_
155-1	PKP047	155	1	c'	c'	_	_	_	_	_	linguistic	_	ContainsVariation=No	SpaceAfter=No	_	_	_	_	_
155-2	PKP047	155	2	è	è	_	_	_	_	_	linguistic	_	ContainsVariation=No	_	_	_	_	_	_
155-3	PKP047	155	3	quello	quello	_	_	_	_	_	linguistic	_	ContainsVariation=No	_	_	_	_	_	_
155-4	PKP047	155	4	pure	pure	_	_	_	_	_	linguistic	_	ContainsVariation=No	_	_	_	_	_	_
155-5	PKP047	155	5	[no	no	_	_	_	_	_	linguistic	_	ContainsVariation=No	_	_	_	_	_	0-2(56)
155-6	PKP047	155	6	no	no	_	_	_	_	_	linguistic	_	ContainsVariation=No	_	_	_	_	_	0-2(56)
155-7	PKP047	155	7	no:]	no	_	_	_	_	_	linguistic	_	ContainsVariation=No	_	End=409.36	1x1	_	_	0-2(56)
156-0	PKP039	156	0	[con	con	_	_	_	_	_	linguistic	_	ContainsVariation=No	_	Begin=408.25	_	_	_	0-3(56)
156-1	PKP039	156	1	la	la	_	_	_	_	_	linguistic	_	ContainsVariation=No	_	_	_	_	_	0-2(56)
156-2	PKP039	156	2	mozzarella]	mozzarella	_	_	_	_	_	linguistic	_	ContainsVariation=No	_	End=409.29	_	_	_	0-10(56)
157-0	PKP040	157	0	eh:	eh	_	_	_	_	_	linguistic	_	ContainsVariation=No	_	Begin=410.91	1x1	_	_	_
157-1	PKP040	157	1	ci	ci	_	_	_	_	_	linguistic	_	ContainsVariation=No	_	_	_	_	_	_
157-2	PKP040	157	2	stanno	stanno	_	_	_	_	_	linguistic	_	ContainsVariation=No	_	_	_	_	_	_
157-3	PKP040	157	3	pure	pure	_	_	_	_	_	linguistic	_	ContainsVariation=No	_	_	_	_	_	_
157-4	PKP040	157	4	quelli	quelli	_	_	_	_	_	linguistic	_	ContainsVariation=No	_	_	_	_	_	_
157-5	PKP040	157	5	come	come	_	_	_	_	_	linguistic	_	ContainsVariation=No	_	_	_	_	_	_
157-6	PKP040	157	6	[si	si	_	_	_	_	_	linguistic	_	ContainsVariation=No	_	_	_	_	_	0-2(57)
157-7	PKP040	157	7	chiamano],	chiamano	_	_	_	_	_	linguistic	_	ContainsVariation=No	Intonation=WeaklyRising	End=413.482	_	_	_	0-8(57)
158-0	PKP039	158	0	[quello	quello	_	_	_	_	_	linguistic	_	ContainsVariation=No	_	Begin=412.56	_	_	_	0-6(57)
158-1	PKP039	158	1	com'	com'	_	_	_	_	_	linguistic	_	ContainsVariation=No	SpaceAfter=No	_	_	_	_	0-4(57)
158-2	PKP039	158	2	è]?	è	_	_	_	_	_	linguistic	_	ContainsVariation=No	Intonation=Rising	End=413.04	_	_	_	0-1(57)
159-0	PKP040	159	0	quelli	quelli	_	_	_	_	_	linguistic	_	ContainsVariation=No	_	Begin=414.78	_	_	_	_
159-1	PKP040	159	1	che	che	_	_	_	_	_	linguistic	_	ContainsVariation=No	_	_	_	_	_	_
159-2	PKP040	159	2	[mh]	mh	_	_	_	_	_	linguistic	_	ContainsVariation=No	_	End=416.042	_	_	_	0-2(58)
160-0	PKP041	160	0	[parlate]	parlate	_	_	_	_	_	linguistic	_	ContainsVariation=No	_	Begin=415.64	_	_	_	0-7(58)
160-1	PKP041	160	1	piano	piano	_	_	_	_	_	linguistic	_	ContainsVariation=No	_	_	_	_	_	_
160-2	PKP041	160	2	che	che	_	_	_	_	_	linguistic	_	ContainsVariation=No	_	_	_	_	_	_
160-3	PKP041	160	3	se	se	_	_	_	_	_	linguistic	_	ContainsVariation=No	_	_	_	_	_	_
160-4	PKP041	160	4	no	no	_	_	_	_	_	linguistic	_	ContainsVariation=No	_	_	_	_	_	_
160-5	PKP041	160	5	la	la	_	_	_	_	_	linguistic	_	ContainsVariation=No	_	_	_	_	_	_
160-6	PKP041	160	6	cosa	cosa	_	_	_	_	_	linguistic	_	ContainsVariation=No	_	_	_	_	_	_
160-7	PKP041	160	7	diventa	diventa	_	_	_	_	_	linguistic	_	ContainsVariation=No	_	_	_	_	_	_
160-8	PKP041	160	8	molto	molto	_	_	_	_	_	linguistic	_	ContainsVariation=No	_	_	_	_	_	_
160-9	PKP041	160	9	difficile	difficile	_	_	_	_	_	linguistic	_	ContainsVariation=No	_	End=419.05	_	_	_	_
161-0	PKP040	161	0	quelli	quelli	_	_	_	_	_	linguistic	_	ContainsVariation=No	_	Begin=419.49	_	_	_	_
161-1	PKP040	161	1	che:	che	_	_	_	_	_	linguistic	_	ContainsVariation=No	_	_	2x1	_	_	_
161-2	PKP040	161	2	c'	c'	_	_	_	_	_	linguistic	_	ContainsVariation=No	SpaceAfter=No	_	_	_	_	_
161-3	PKP040	161	3	hanno:	hanno	_	_	_	_	_	linguistic	_	ContainsVariation=No	_	_	4x1	_	_	_
161-4	PKP040	161	4	gesù:	gesù	_	_	_	_	_	linguistic	_	ContainsVariation=No	_	End=421.26	3x1	_	_	_
162-0	PKP047	162	0	tourette	tourette	_	_	_	_	_	linguistic	_	ContainsVariation=No	_	Begin=422.21	_	_	_	_
162-1	PKP047	162	1	la	la	_	_	_	_	_	linguistic	_	ContainsVariation=No	_	_	_	_	_	_
162-2	PKP047	162	2	tourette	tourette	_	_	_	_	_	linguistic	_	ContainsVariation=No	_	End=423.88	_	_	_	_
163-0	PKP040	163	0	no::	no	_	_	_	_	_	linguistic	_	ContainsVariation=No	_	Begin=424.44|End=424.782	1x2	_	_	_
164-0	PKP040	164	0	che	che	_	_	_	_	_	linguistic	_	ContainsVariation=No	_	Begin=426.53	_	_	_	_
164-1	PKP040	164	1	praticamente:	praticamente	_	_	_	_	_	linguistic	_	ContainsVariation=No	_	_	11x1	_	_	_
164-2	PKP040	164	2	e~	e~	_	_	_	_	_	linguistic	_	ContainsVariation=No	Interrupted=Yes	_	_	_	_	_
164-3	PKP040	164	3	d~	d~	_	_	_	_	_	linguistic	_	ContainsVariation=No	Interrupted=Yes	_	_	_	_	_
164-4	PKP040	164	4	nel:	nel	_	_	_	_	_	linguistic	_	ContainsVariation=No	_	_	2x1	_	_	_
164-5	PKP040	164	5	nell'	nell'	_	_	_	_	_	linguistic	_	ContainsVariation=No	SpaceAfter=No	_	_	_	_	_
164-6	PKP040	164	6	immaginario	immaginario	_	_	_	_	_	linguistic	_	ContainsVariation=No	_	_	_	_	_	_
164-7	PKP040	164	7	dei	dei	_	_	_	_	_	linguistic	_	ContainsVariation=No	_	_	_	_	_	_
164-8	PKP040	164	8	film	film	_	_	_	_	_	linguistic	_	ContainsVariation=No	_	_	_	_	_	_
164-9	PKP040	164	9	c'	c'	_	_	_	_	_	linguistic	_	ContainsVariation=No	SpaceAfter=No	_	_	_	_	_
164-10	PKP040	164	10	hai	hai	_	_	_	_	_	linguistic	_	ContainsVariation=No	_	_	_	_	_	_
164-11	PKP040	164	11	due	due	_	_	_	_	_	linguistic	_	ContainsVariation=No	_	_	_	_	_	_
164-12	PKP040	164	12	vite:	vite	_	_	_	_	_	linguistic	_	ContainsVariation=No	_	_	3x1	_	_	_
164-13	PKP040	164	13	la	la	_	_	_	_	_	linguistic	_	ContainsVariation=No	_	_	_	_	_	_
164-14	PKP040	164	14	dissociazio[ne]	dissociazione	_	_	_	_	_	linguistic	_	ContainsVariation=No	_	End=431.72	_	_	_	9-12(59)
165-0	PKP047	165	0	[bi]polarismo	bipolarismo	_	_	_	_	_	linguistic	_	ContainsVariation=No	_	Begin=431.52|End=433.184	_	_	_	0-2(?)
166-0	PKP040	166	0	come	come	_	_	_	_	_	linguistic	_	ContainsVariation=No	_	Begin=433.07	_	_	_	_
166-1	PKP040	166	1	si	si	_	_	_	_	_	linguistic	_	ContainsVariation=No	_	_	_	_	_	_
166-2	PKP040	166	2	dic[e:]?	dice	_	_	_	_	_	linguistic	_	ContainsVariation=No	Intonation=Rising	End=433.68	3x1	_	_	3-4(60)
167-0	PKP047	167	0	[bipolarismo]	bipolarismo	_	_	_	_	_	linguistic	_	ContainsVariation=No	_	Begin=433.61|End=434.33	_	_	_	0-11(200)
168-0	PKP039	168	0	[bipolare]	bipolare	_	_	_	_	_	linguistic	_	ContainsVariation=No	_	Begin=434.07|End=434.59	_	_	_	0-8(200)
169-0	PKP040	169	0	[bipo]lare	bipolare	_	_	_	_	_	linguistic	_	ContainsVariation=No	_	Begin=434.26|End=434.99	_	_	_	0-4(200)
170-0	PKP041	170	0	no	no	_	_	_	_	_	linguistic	_	ContainsVariation=No	_	Begin=435.32	_	_	_	_
170-1	PKP041	170	1	a~	a~	_	_	_	_	_	linguistic	_	ContainsVariation=No	Interrupted=Yes	_	_	_	_	_
170-2	PKP041	170	2	anche	anche	_	_	_	_	_	linguistic	_	ContainsVariation=No	_	_	_	_	_	_
170-3	PKP041	170	3	dissociazione	dissociazione	_	_	_	_	_	linguistic	_	ContainsVariation=No	_	_	_	_	_	_
170-4	PKP041	170	4	della	della	_	_	_	_	_	linguistic	_	ContainsVariation=No	_	_	_	_	_	_
170-5	PKP041	170	5	personal[ità]	personalità	_	_	_	_	_	linguistic	_	ContainsVariation=No	_	End=437.72	_	_	_	8-11(62)
171-0	PKP040	171	0	[no]	no	_	_	_	_	_	linguistic	_	ContainsVariation=No	_	Begin=437.26	_	_	_	0-2(62)
171-1	PKP040	171	1	no	no	_	_	_	_	_	linguistic	_	ContainsVariation=No	_	_	_	_	_	_
171-2	PKP040	171	2	bipolarismo	bipolarismo	_	_	_	_	_	linguistic	_	ContainsVariation=No	_	_	_	_	_	_
171-3	PKP040	171	3	[però:]	però	_	_	_	_	_	linguistic	_	ContainsVariation=No	_	End=438.75	3x1	_	_	0-4(63)
172-0	PKP039	172	0	[e	e	_	_	_	_	_	linguistic	_	ContainsVariation=No	_	Begin=438.331	_	_	_	0-1(63)
172-1	PKP039	172	1	quel~]	quel~	_	_	_	_	_	linguistic	_	ContainsVariation=No	Interrupted=Yes	_	_	_	_	0-5(63)
172-2	PKP039	172	2	quello	quello	_	_	_	_	_	linguistic	_	ContainsVariation=No	_	End=439.348	_	_	_	_
173-0	PKP040	173	0	io	io	_	_	_	_	_	linguistic	_	ContainsVariation=No	_	Begin=440.44	_	_	_	_
173-1	PKP040	173	1	non	non	_	_	_	_	_	linguistic	_	ContainsVariation=No	_	_	_	_	_	_
173-2	PKP040	173	2	mi	mi	_	_	_	_	_	linguistic	_	ContainsVariation=No	_	_	_	_	_	_
173-3	PKP040	173	3	ricordo	ricordo	_	_	_	_	_	linguistic	_	ContainsVariation=No	_	_	_	_	_	_
173-4	PKP040	173	4	con	con	_	_	_	_	_	linguistic	_	ContainsVariation=No	_	_	_	_	_	_
173-5	PKP040	173	5	chi	chi	_	_	_	_	_	linguistic	_	ContainsVariation=No	_	_	_	_	_	_
173-6	PKP040	173	6	è	è	_	_	_	_	_	linguistic	_	ContainsVariation=No	_	_	_	_	_	_
173-7	PKP040	173	7	che	che	_	_	_	_	_	linguistic	_	ContainsVariation=No	_	_	_	_	_	_
173-8	PKP040	173	8	ho	ho	_	_	_	_	_	linguistic	_	ContainsVariation=No	_	_	_	_	_	_
173-9	PKP040	173	9	parla~	parla~	_	_	_	_	_	linguistic	_	ContainsVariation=No	Interrupted=Yes	End=442.04	_	_	_	_
174-0	PKP040	174	0	alcune	alcune	_	_	_	_	_	linguistic	_	ContainsVariation=No	_	Begin=442.186	_	_	_	_
174-1	PKP040	174	1	persone	persone	_	_	_	_	_	linguistic	_	ContainsVariation=No	_	_	_	_	_	_
174-2	PKP040	174	2	mi	mi	_	_	_	_	_	linguistic	_	ContainsVariation=No	_	_	_	_	_	_
174-3	PKP040	174	3	hanno	hanno	_	_	_	_	_	linguistic	_	ContainsVariation=No	_	_	_	_	_	_
174-4	PKP040	174	4	detto	detto	_	_	_	_	_	linguistic	_	ContainsVariation=No	_	_	_	_	_	_
174-5	PKP040	174	5	quello	quello	_	_	_	_	_	linguistic	_	ContainsVariation=No	_	_	_	_	_	_
174-6	PKP040	174	6	è	è	_	_	_	_	_	linguistic	_	ContainsVariation=No	_	_	_	_	_	_
174-7	PKP040	174	7	bipolare:	bipolare	_	_	_	_	_	linguistic	_	ContainsVariation=No	_	_	7x1	_	_	_
174-8	PKP040	174	8	cose	cose	_	_	_	_	_	linguistic	_	ContainsVariation=No	_	_	_	_	_	_
174-9	PKP040	174	9	però:	però	_	_	_	_	_	linguistic	_	ContainsVariation=No	_	_	3x1	_	_	_
174-10	PKP040	174	10	stai	stai	_	_	_	_	_	linguistic	_	ContainsVariation=No	_	_	_	_	_	_
174-11	PKP040	174	11	sotto	sotto	_	_	_	_	_	linguistic	_	ContainsVariation=No	_	_	_	_	_	_
174-12	PKP040	174	12	cu:ra	cura	_	_	_	_	_	linguistic	_	ContainsVariation=No	_	_	1x1	_	_	_
174-13	PKP040	174	13	eh	eh	_	_	_	_	_	linguistic	_	ContainsVariation=No	_	End=445.8	_	_	_	_
175-0	PKP047	175	0	ma	ma	_	_	_	_	_	linguistic	_	ContainsVariation=No	_	Begin=446.19	_	_	_	_
175-1	PKP047	175	1	vedi	vedi	_	_	_	_	_	linguistic	_	ContainsVariation=No	_	_	_	_	_	_
175-2	PKP047	175	2	che:	che	_	_	_	_	_	linguistic	_	ContainsVariation=No	_	_	2x1	_	_	_
175-3	PKP047	175	3	all~	all~	_	_	_	_	_	linguistic	_	ContainsVariation=No	Interrupted=Yes	_	_	_	_	_
175-4	PKP047	175	4	ci	ci	_	_	_	_	_	linguistic	_	ContainsVariation=No	_	_	_	_	_	_
175-5	PKP047	175	5	sta	sta	_	_	_	_	_	linguistic	_	ContainsVariation=No	_	_	_	_	_	_
175-6	PKP047	175	6	chi	chi	_	_	_	_	_	linguistic	_	ContainsVariation=No	_	_	_	_	_	_
175-7	PKP047	175	7	è	è	_	_	_	_	_	linguistic	_	ContainsVariation=No	_	_	_	_	_	_
175-8	PKP047	175	8	che	che	_	_	_	_	_	linguistic	_	ContainsVariation=No	_	_	_	_	_	_
175-9	PKP047	175	9	è	è	_	_	_	_	_	linguistic	_	ContainsVariation=No	_	_	_	_	_	_
175-10	PKP047	175	10	fa~	fa~	_	_	_	_	_	linguistic	_	ContainsVariation=No	Interrupted=Yes	_	_	_	_	_
175-11	PKP047	175	11	è	è	_	_	_	_	_	linguistic	_	ContainsVariation=No	_	_	_	_	_	_
175-12	PKP047	175	12	fam[oso]	famoso	_	_	_	_	_	linguistic	_	ContainsVariation=No	_	End=449.566	_	_	_	3-6(64)
176-0	PKP041	176	0	[la]	la	_	_	_	_	_	linguistic	_	ContainsVariation=No	_	Begin=448.62	_	_	_	0-2(64)
176-1	PKP041	176	1	schizofrenia	schizofrenia	_	_	_	_	_	linguistic	_	ContainsVariation=No	_	_	_	_	_	_
176-2	PKP041	176	2	però	però	_	_	_	_	_	linguistic	_	ContainsVariation=No	_	_	_	_	_	_
176-3	PKP041	176	3	è	è	_	_	_	_	_	linguistic	_	ContainsVariation=No	_	_	_	_	_	_
176-4	PKP041	176	4	grave	grave	_	_	_	_	_	linguistic	_	ContainsVariation=No	_	_	_	_	_	_
176-5	PKP041	176	5	s[a]	sa	_	_	_	_	_	linguistic	_	ContainsVariation=No	_	End=449.96	_	_	_	1-2(65)
177-0	PKP040	177	0	(vab)[bè]	vabbè	_	_	_	_	_	linguistic	_	ContainsVariation=No	_	Begin=449.951	_	_	0-3(0)	3-5(?)
177-1	PKP040	177	1	la:	la	_	_	_	_	_	linguistic	_	ContainsVariation=No	_	_	1x1	_	_	_
177-2	PKP040	177	2	cosa	cosa	_	_	_	_	_	linguistic	_	ContainsVariation=No	_	_	_	_	_	_
177-3	PKP040	177	3	la	la	_	_	_	_	_	linguistic	_	ContainsVariation=No	_	_	_	_	_	_
177-4	PKP040	177	4	moglie	moglie	_	_	_	_	_	linguistic	_	ContainsVariation=No	_	_	_	_	_	_
177-5	PKP040	177	5	di:	di	_	_	_	_	_	linguistic	_	ContainsVariation=No	_	_	1x1	_	_	_
177-6	PKP040	177	6	grecal	grecal	_	_	_	_	_	linguistic	_	ContainsVariation=No	_	_	_	_	_	_
177-7	PKP040	177	7	jhones	jhones	_	_	_	_	_	linguistic	_	ContainsVariation=No	PauseAfter=Yes	_	_	_	_	_
177-8	PKP040	177	8	(.)	(.)	_	_	_	_	_	shortpause	_	ContainsVariation=No	_	_	_	_	_	_
177-9	PKP040	177	9	quella	quella	_	_	_	_	_	linguistic	_	ContainsVariation=No	_	_	_	_	_	_
177-10	PKP040	177	10	è	è	_	_	_	_	_	linguistic	_	ContainsVariation=No	_	_	_	_	_	_
177-11	PKP040	177	11	bipo[lare]	bipolare	_	_	_	_	_	linguistic	_	ContainsVariation=No	_	End=453.69	_	_	_	4-8(?)
178-0	PKP047	178	0	[(allora)]	allora	_	_	_	_	_	linguistic	_	ContainsVariation=No	_	Begin=453.69	_	_	0-6(0)	0-6(?)
178-1	PKP047	178	1	c'	c'	_	_	_	_	_	linguistic	_	ContainsVariation=No	SpaceAfter=No	_	_	_	_	_
178-2	PKP047	178	2	è:	è	_	_	_	_	_	linguistic	_	ContainsVariation=No	_	_	0x1	_	_	_
178-3	PKP047	178	3	kanye	kanye	_	_	_	_	_	linguistic	_	ContainsVariation=No	_	_	_	_	_	_
178-4	PKP047	178	4	west	west	_	_	_	_	_	linguistic	_	ContainsVariation=No	_	_	_	_	_	_
178-5	PKP047	178	5	che	che	_	_	_	_	_	linguistic	_	ContainsVariation=No	_	_	_	_	_	_
178-6	PKP047	178	6	vive~	vive~	_	_	_	_	_	linguistic	_	ContainsVariation=No	Interrupted=Yes	_	_	_	_	_
178-7	PKP047	178	7	proprio	proprio	_	_	_	_	_	linguistic	_	ContainsVariation=No	_	_	_	_	_	_
178-8	PKP047	178	8	dichiarato	dichiarato	_	_	_	_	_	linguistic	_	ContainsVariation=No	_	_	_	_	_	_
178-9	PKP047	178	9	bipola:re	bipolare	_	_	_	_	_	linguistic	_	ContainsVariation=No	_	End=457.5	5x1	_	_	_
179-0	PKP047	179	0	ma	ma	_	_	_	_	_	linguistic	_	ContainsVariation=No	_	Begin=458.259	_	_	_	_
179-1	PKP047	179	1	poi	poi	_	_	_	_	_	linguistic	_	ContainsVariation=No	_	_	_	_	_	_
179-2	PKP047	179	2	c'	c'	_	_	_	_	_	linguistic	_	ContainsVariation=No	SpaceAfter=No	_	_	_	_	_
179-3	PKP047	179	3	è	è	_	_	_	_	_	linguistic	_	ContainsVariation=No	_	_	_	_	_	_
179-4	PKP047	179	4	un	un	_	_	_	_	_	linguistic	_	ContainsVariation=No	_	_	_	_	_	_
179-5	PKP047	179	5	altro	altro	_	_	_	_	_	linguistic	_	ContainsVariation=No	_	_	_	_	_	_
179-6	PKP047	179	6	rapper	rapper	_	_	_	_	_	linguistic	_	ContainsVariation=No	_	_	_	_	_	_
179-7	PKP047	179	7	ita~	ita~	_	_	_	_	_	linguistic	_	ContainsVariation=No	Interrupted=Yes	_	_	_	_	_
179-8	PKP047	179	8	in	in	_	_	_	_	_	linguistic	_	ContainsVariation=No	_	_	_	_	_	_
179-9	PKP047	179	9	italia	italia	_	_	_	_	_	linguistic	_	ContainsVariation=No	_	End=460.039	_	_	_	_
180-0	PKP047	180	0	mi	mi	_	_	_	_	_	linguistic	_	ContainsVariation=No	_	Begin=461.46	_	_	_	_
180-1	PKP047	180	1	sa:	sa	_	_	_	_	_	linguistic	_	ContainsVariation=No	_	_	1x1	_	_	_
180-2	PKP047	180	2	ah	ah	_	_	_	_	_	linguistic	_	ContainsVariation=No	_	_	_	_	_	_
180-3	PKP047	180	3	marrakesh	marrakesh	_	_	_	_	_	linguistic	_	ContainsVariation=No	_	End=462.61	_	_	_	_
181-0	PKP047	181	0	marrakesh	marrakesh	_	_	_	_	_	linguistic	_	ContainsVariation=No	_	Begin=463.46	_	_	_	_
181-1	PKP047	181	1	soffre	soffre	_	_	_	_	_	linguistic	_	ContainsVariation=No	_	_	_	_	_	_
181-2	PKP047	181	2	di	di	_	_	_	_	_	linguistic	_	ContainsVariation=No	_	_	_	_	_	_
181-3	PKP047	181	3	bipolarism[o]	bipolarismo	_	_	_	_	_	linguistic	_	ContainsVariation=No	_	End=465.13	_	_	_	10-11(66)
182-0	PKP041	182	0	[m]a	ma	_	_	_	_	_	linguistic	_	ContainsVariation=No	_	Begin=465.12	_	_	_	0-1(66)
182-1	PKP041	182	1	bipolarismo	bipolarismo	_	_	_	_	_	linguistic	_	ContainsVariation=No	_	_	_	_	_	_
182-2	PKP041	182	2	non	non	_	_	_	_	_	linguistic	_	ContainsVariation=No	_	_	_	_	_	_
182-3	PKP041	182	3	è	è	_	_	_	_	_	linguistic	_	ContainsVariation=No	_	_	_	_	_	_
182-4	PKP041	182	4	gra[ve]	grave	_	_	_	_	_	linguistic	_	ContainsVariation=No	_	End=466.62	_	_	_	3-5(67)
183-0	PKP039	183	0	[che	che	_	_	_	_	_	linguistic	_	ContainsVariation=No	_	Begin=466.26	_	_	_	0-3(67)
183-1	PKP039	183	1	cosa]	cosa	_	_	_	_	_	linguistic	_	ContainsVariation=No	_	_	_	_	_	0-4(67)
183-2	PKP039	183	2	ci	ci	_	_	_	_	_	linguistic	_	ContainsVariation=No	_	_	_	_	_	_
183-3	PKP039	183	3	sta	sta	_	_	_	_	_	linguistic	_	ContainsVariation=No	_	_	_	_	_	_
183-4	PKP039	183	4	[là	là	_	_	_	_	_	linguistic	_	ContainsVariation=No	_	_	_	_	_	0-2(68)
183-5	PKP039	183	5	dentro]	dentro	_	_	_	_	_	linguistic	_	ContainsVariation=No	_	_	_	_	_	0-6(68)
183-6	PKP039	183	6	x?	x	_	_	_	_	_	linguistic	_	ContainsVariation=No	Intonation=Rising	End=467.9	_	_	_	_
184-0	PKP040	184	0	[be	be	_	_	_	_	_	linguistic	_	ContainsVariation=No	_	Begin=467.16	_	_	_	0-2(68)
184-1	PKP040	184	1	insomma]	insomma	_	_	_	_	_	linguistic	_	ContainsVariation=No	_	End=467.92	_	_	_	0-7(68)
185-0	PKP047	185	0	questo	questo	_	_	_	_	_	linguistic	_	ContainsVariation=No	_	Begin=467.95	_	_	_	_
185-1	PKP047	185	1	qua	qua	_	_	_	_	_	linguistic	_	ContainsVariation=No	_	_	_	_	_	_
185-2	PKP047	185	2	è	è	_	_	_	_	_	linguistic	_	ContainsVariation=No	_	_	_	_	_	_
185-3	PKP047	185	3	ripieno:	ripieno	_	_	_	_	_	linguistic	_	ContainsVariation=No	_	_	6x1	_	_	_
185-4	PKP047	185	4	quello	quello	_	_	_	_	_	linguistic	_	ContainsVariation=No	_	_	_	_	_	_
185-5	PKP047	185	5	che	che	_	_	_	_	_	linguistic	_	ContainsVariation=No	_	_	_	_	_	_
185-6	PKP047	185	6	diceva	diceva	_	_	_	_	_	linguistic	_	ContainsVariation=No	_	_	_	_	_	_
185-7	PKP047	185	7	anna	anna	_	_	_	_	_	linguistic	_	ContainsVariation=No	_	_	_	_	_	_
185-8	PKP047	185	8	questo	questo	_	_	_	_	_	linguistic	_	ContainsVariation=No	_	_	_	_	_	_
185-9	PKP047	185	9	qua	qua	_	_	_	_	_	linguistic	_	ContainsVariation=No	_	_	_	_	_	_
185-10	PKP047	185	10	era	era	_	_	_	_	_	linguistic	_	ContainsVariation=No	_	_	_	_	_	_
185-11	PKP047	185	11	quello	quello	_	_	_	_	_	linguistic	_	ContainsVariation=No	_	_	_	_	_	_
185-12	PKP047	185	12	che	che	_	_	_	_	_	linguistic	_	ContainsVariation=No	_	_	_	_	_	_
185-13	PKP047	185	13	dicevo	dicevo	_	_	_	_	_	linguistic	_	ContainsVariation=No	_	_	_	_	_	_
185-14	PKP047	185	14	i:o	io	_	_	_	_	_	linguistic	_	ContainsVariation=No	_	End=472.146	0x1	_	_	_
186-0	PKP041	186	0	guarda	guarda	_	_	_	_	_	linguistic	_	ContainsVariation=No	_	Begin=472.09	_	_	_	_
186-1	PKP041	186	1	che	che	_	_	_	_	_	linguistic	_	ContainsVariation=No	_	_	_	_	_	_
186-2	PKP041	186	2	sai	sai	_	_	_	_	_	linguistic	_	ContainsVariation=No	_	_	_	_	_	_
186-3	PKP041	186	3	quanti	quanti	_	_	_	_	_	linguistic	_	ContainsVariation=No	_	_	_	_	_	_
186-4	PKP041	186	4	che	che	_	_	_	_	_	linguistic	_	ContainsVariation=No	_	_	_	_	_	_
186-5	PKP041	186	5	magari	magari	_	_	_	_	_	linguistic	_	ContainsVariation=No	_	_	_	_	_	_
186-6	PKP041	186	6	non	non	_	_	_	_	_	linguistic	_	ContainsVariation=No	_	_	_	_	_	_
186-7	PKP041	186	7	[lo	lo	_	_	_	_	_	linguistic	_	ContainsVariation=No	_	_	_	_	_	0-2(70)
186-8	PKP041	186	8	sanno]?	sanno	_	_	_	_	_	linguistic	_	ContainsVariation=No	Intonation=Rising	End=474.17	_	_	_	0-5(70)
187-0	PKP040	187	0	<hai	hai	_	_	_	_	_	linguistic	_	ContainsVariation=No	_	Begin=473.8	_	Slow=0-3(0)	_	_
187-1	PKP040	187	1	fame>	fame	_	_	_	_	_	linguistic	_	ContainsVariation=No	_	_	_	Slow=0-4(0)	_	_
187-2	PKP040	187	2	stasera	stasera	_	_	_	_	_	linguistic	_	ContainsVariation=No	_	End=474.87	_	_	_	_
188-0	PKP047	188	0	ah?	ah	_	_	_	_	_	linguistic	_	ContainsVariation=No	Intonation=Rising	Begin=476.61|End=476.86	_	_	_	_
189-0	PKP040	189	0	c'	c'	_	_	_	_	_	linguistic	_	ContainsVariation=No	SpaceAfter=No	Begin=477.24	_	_	_	_
189-1	PKP040	189	1	hai	hai	_	_	_	_	_	linguistic	_	ContainsVariation=No	_	_	_	_	_	_
189-2	PKP040	189	2	fame	fame	_	_	_	_	_	linguistic	_	ContainsVariation=No	_	End=477.85	_	_	_	_
190-0	PKP040	190	0	si	si	_	_	_	_	_	linguistic	_	ContainsVariation=No	_	Begin=489.21	_	_	_	_
190-1	PKP040	190	1	rompe	rompe	_	_	_	_	_	linguistic	_	ContainsVariation=No	_	_	_	_	_	_
190-2	PKP040	190	2	però	però	_	_	_	_	_	linguistic	_	ContainsVariation=No	_	End=490.13	_	_	_	_
191-0	PKP047	191	0	quello	quello	_	_	_	_	_	linguistic	_	ContainsVariation=No	_	Begin=492.22	_	_	_	_
191-1	PKP047	191	1	dei	dei	_	_	_	_	_	linguistic	_	ContainsVariation=No	_	_	_	_	_	_
191-2	PKP047	191	2	the	the	_	_	_	_	_	linguistic	_	ContainsVariation=No	_	_	_	_	_	_
191-3	PKP047	191	3	pils	pils	_	_	_	_	_	linguistic	_	ContainsVariation=No	_	_	_	_	_	_
191-4	PKP047	191	4	no	no	_	_	_	_	_	linguistic	_	ContainsVariation=No	_	_	_	_	_	_
191-5	PKP047	191	5	quello:	quello	_	_	_	_	_	linguistic	_	ContainsVariation=No	_	_	5x1	_	_	_
191-6	PKP047	191	6	non	non	_	_	_	_	_	linguistic	_	ContainsVariation=No	_	_	_	_	_	_
191-7	PKP047	191	7	dei	dei	_	_	_	_	_	linguistic	_	ContainsVariation=No	_	_	_	_	_	_
191-8	PKP047	191	8	the	the	_	_	_	_	_	linguistic	_	ContainsVariation=No	_	_	_	_	_	_
191-9	PKP047	191	9	pil[s]	pils	_	_	_	_	_	linguistic	_	ContainsVariation=No	_	End=494.46	_	_	_	3-4(71)
192-0	PKP040	192	0	[q]uella	quella	_	_	_	_	_	linguistic	_	ContainsVariation=No	_	Begin=494.42	_	_	_	0-1(71)
192-1	PKP040	192	1	con	con	_	_	_	_	_	linguistic	_	ContainsVariation=No	_	_	_	_	_	_
192-2	PKP040	192	2	la	la	_	_	_	_	_	linguistic	_	ContainsVariation=No	_	_	_	_	_	_
192-3	PKP040	192	3	mozzarella	mozzarella	_	_	_	_	_	linguistic	_	ContainsVariation=No	_	_	_	_	_	_
192-4	PKP040	192	4	chi	chi	_	_	_	_	_	linguistic	_	ContainsVariation=No	_	_	_	_	_	_
192-5	PKP040	192	5	l'	l'	_	_	_	_	_	linguistic	_	ContainsVariation=No	SpaceAfter=No	_	_	_	_	_
192-6	PKP040	192	6	ha	ha	_	_	_	_	_	linguistic	_	ContainsVariation=No	_	_	_	_	_	_
192-7	PKP040	192	7	mangiata	mangiata	_	_	_	_	_	linguistic	_	ContainsVariation=No	_	End=495.86	_	_	_	_
193-0	PKP041	193	0	noi	noi	_	_	_	_	_	linguistic	_	ContainsVariation=No	_	Begin=496.41|End=496.75	_	_	_	_
194-0	PKP047	194	0	uno	uno	_	_	_	_	_	linguistic	_	ContainsVariation=No	_	Begin=498.23	_	_	_	_
194-1	PKP047	194	1	youtuber	youtuber	_	_	_	_	_	linguistic	_	ContainsVariation=No	_	_	_	_	_	_
194-2	PKP047	194	2	famoso	famoso	_	_	_	_	_	linguistic	_	ContainsVariation=No	_	_	_	_	_	_
194-3	PKP047	194	3	c'	c'	_	_	_	_	_	linguistic	_	ContainsVariation=No	SpaceAfter=No	_	_	_	_	_
194-4	PKP047	194	4	ha	ha	_	_	_	_	_	linguistic	_	ContainsVariation=No	_	_	_	_	_	_
194-5	PKP047	194	5	la	la	_	_	_	_	_	linguistic	_	ContainsVariation=No	_	_	_	_	_	_
194-6	PKP047	194	6	tourette	tourette	_	_	_	_	_	linguistic	_	ContainsVariation=No	_	End=500.21	_	_	_	_
195-0	PKP047	195	0	lui	lui	_	_	_	_	_	linguistic	_	ContainsVariation=No	_	Begin=500.555	_	_	_	_
195-1	PKP047	195	1	dice	dice	_	_	_	_	_	linguistic	_	ContainsVariation=No	_	_	_	_	_	_
195-2	PKP047	195	2	cioè	cioè	_	_	_	_	_	linguistic	_	ContainsVariation=No	_	_	_	_	_	_
195-3	PKP047	195	3	non	non	_	_	_	_	_	linguistic	_	ContainsVariation=No	_	_	_	_	_	_
195-4	PKP047	195	4	è:	è	_	_	_	_	_	linguistic	_	ContainsVariation=No	_	_	0x1	_	_	_
195-5	PKP047	195	5	la	la	_	_	_	_	_	linguistic	_	ContainsVariation=No	_	_	_	_	_	_
195-6	PKP047	195	6	tourette	tourette	_	_	_	_	_	linguistic	_	ContainsVariation=No	_	_	_	_	_	_
195-7	PKP047	195	7	[non	non	_	_	_	_	_	linguistic	_	ContainsVariation=No	_	_	_	_	_	0-3(72)
195-8	PKP047	195	8	è	è	_	_	_	_	_	linguistic	_	ContainsVariation=No	_	_	_	_	_	0-1(72)
195-9	PKP047	195	9	che:]	che	_	_	_	_	_	linguistic	_	ContainsVariation=No	_	End=502.51	2x1	_	_	0-3(72)
196-0	PKP040	196	0	[beh	beh	_	_	_	_	_	linguistic	_	ContainsVariation=No	_	Begin=501.8	_	_	_	0-3(72)
196-1	PKP040	196	1	la	la	_	_	_	_	_	linguistic	_	ContainsVariation=No	_	_	_	_	_	0-2(72)
196-2	PKP040	196	2	tourette]	tourette	_	_	_	_	_	linguistic	_	ContainsVariation=No	_	_	_	_	_	0-8(72)
196-3	PKP040	196	3	già	già	_	_	_	_	_	linguistic	_	ContainsVariation=No	_	_	_	_	_	_
196-4	PKP040	196	4	è	è	_	_	_	_	_	linguistic	_	ContainsVariation=No	_	_	_	_	_	_
196-5	PKP040	196	5	diversa	diversa	_	_	_	_	_	linguistic	_	ContainsVariation=No	_	_	_	_	_	_
196-6	PKP040	196	6	[comunque	comunque	_	_	_	_	_	linguistic	_	ContainsVariation=No	_	_	_	_	_	0-8(73)
196-7	PKP040	196	7	eh]	eh	_	_	_	_	_	linguistic	_	ContainsVariation=No	_	End=504.38	_	_	_	0-2(73)
197-0	PKP047	197	0	[ma	ma	_	_	_	_	_	linguistic	_	ContainsVariation=No	_	Begin=503.098	_	_	_	0-2(73)
197-1	PKP047	197	1	la	la	_	_	_	_	_	linguistic	_	ContainsVariation=No	_	_	_	_	_	0-2(73)
197-2	PKP047	197	2	tourette	tourette	_	_	_	_	_	linguistic	_	ContainsVariation=No	_	_	_	_	_	0-8(73)
197-3	PKP047	197	3	vedi	vedi	_	_	_	_	_	linguistic	_	ContainsVariation=No	_	_	_	_	_	0-4(73)
197-4	PKP047	197	4	che	che	_	_	_	_	_	linguistic	_	ContainsVariation=No	_	_	_	_	_	0-3(73)
197-5	PKP047	197	5	dipende]	dipende	_	_	_	_	_	linguistic	_	ContainsVariation=No	_	_	_	_	_	0-7(73)
197-6	PKP047	197	6	dipen~	dipen~	_	_	_	_	_	linguistic	_	ContainsVariation=No	Interrupted=Yes	_	_	_	_	_
197-7	PKP047	197	7	[dipende	dipende	_	_	_	_	_	linguistic	_	ContainsVariation=No	_	_	_	_	_	0-7(74)
197-8	PKP047	197	8	dal	dal	_	_	_	_	_	linguistic	_	ContainsVariation=No	_	_	_	_	_	0-3(74)
197-9	PKP047	197	9	livello]	livello	_	_	_	_	_	linguistic	_	ContainsVariation=No	_	End=506.018	_	_	_	0-7(74)
198-0	PKP040	198	0	[la	la	_	_	_	_	_	linguistic	_	ContainsVariation=No	_	Begin=505.39	_	_	_	0-2(74)
198-1	PKP040	198	1	tourette]	tourette	_	_	_	_	_	linguistic	_	ContainsVariation=No	_	End=505.98	_	_	_	0-8(74)
199-0	PKP047	199	0	tu~	tu~	_	_	_	_	_	linguistic	_	ContainsVariation=No	Interrupted=Yes	Begin=506.053	_	_	_	_
199-1	PKP047	199	1	uno	uno	_	_	_	_	_	linguistic	_	ContainsVariation=No	_	_	_	_	_	_
199-2	PKP047	199	2	dice	dice	_	_	_	_	_	linguistic	_	ContainsVariation=No	_	_	_	_	_	_
199-3	PKP047	199	3	la	la	_	_	_	_	_	linguistic	_	ContainsVariation=No	_	_	_	_	_	_
199-4	PKP047	199	4	tourette	tourette	_	_	_	_	_	linguistic	_	ContainsVariation=No	_	_	_	_	_	_
199-5	PKP047	199	5	dici	dici	_	_	_	_	_	linguistic	_	ContainsVariation=No	_	_	_	_	_	_
199-6	PKP047	199	6	le	le	_	_	_	_	_	linguistic	_	ContainsVariation=No	_	_	_	_	_	_
199-7	PKP047	199	7	parola:cce	parolacce	_	_	_	_	_	linguistic	_	ContainsVariation=No	_	_	5x1	_	_	_
199-8	PKP047	199	8	[invece	invece	_	_	_	_	_	linguistic	_	ContainsVariation=No	_	_	_	_	_	0-6(75)
199-9	PKP047	199	9	non	non	_	_	_	_	_	linguistic	_	ContainsVariation=No	_	_	_	_	_	0-3(75)
199-10	PKP047	199	10	è	è	_	_	_	_	_	linguistic	_	ContainsVariation=No	_	_	_	_	_	0-1(75)
199-11	PKP047	199	11	vero	vero	_	_	_	_	_	linguistic	_	ContainsVariation=No	_	_	_	_	_	0-4(75)
199-12	PKP047	199	12	sono	sono	_	_	_	_	_	linguistic	_	ContainsVariation=No	_	_	_	_	_	0-4(75)
199-13	PKP047	199	13	i	i	_	_	_	_	_	linguistic	_	ContainsVariation=No	_	_	_	_	_	0-1(75)
199-14	PKP047	199	14	tic]	tic	_	_	_	_	_	linguistic	_	ContainsVariation=No	_	End=509.315	_	_	_	0-3(75)
200-0	PKP040	200	0	[vabbè	vabbè	_	_	_	_	_	linguistic	_	ContainsVariation=No	_	Begin=507.9	_	_	_	0-5(75)
200-1	PKP040	200	1	è	è	_	_	_	_	_	linguistic	_	ContainsVariation=No	_	_	_	_	_	0-1(75)
200-2	PKP040	200	2	chiaro	chiaro	_	_	_	_	_	linguistic	_	ContainsVariation=No	_	_	_	_	_	0-6(75)
200-3	PKP040	200	3	vabbè]	vabbè	_	_	_	_	_	linguistic	_	ContainsVariation=No	_	_	_	_	_	0-5(75)
200-4	PKP040	200	4	stanno	stanno	_	_	_	_	_	linguistic	_	ContainsVariation=No	_	_	_	_	_	_
200-5	PKP040	200	5	stanno	stanno	_	_	_	_	_	linguistic	_	ContainsVariation=No	_	_	_	_	_	_
200-6	PKP040	200	6	quelli	quelli	_	_	_	_	_	linguistic	_	ContainsVariation=No	_	_	_	_	_	_
200-7	PKP040	200	7	gra:vi	gravi	_	_	_	_	_	linguistic	_	ContainsVariation=No	_	_	2x1	_	_	_
200-8	PKP040	200	8	che:	che	_	_	_	_	_	linguistic	_	ContainsVariation=No	_	End=511.24	2x1	_	_	_
201-0	PKP040	201	0	che	che	_	_	_	_	_	linguistic	_	ContainsVariation=No	_	Begin=512.62	_	_	_	_
201-1	PKP040	201	1	dicono	dicono	_	_	_	_	_	linguistic	_	ContainsVariation=No	_	_	_	_	_	_
201-2	PKP040	201	2	le	le	_	_	_	_	_	linguistic	_	ContainsVariation=No	_	_	_	_	_	_
201-3	PKP040	201	3	parolacce	parolacce	_	_	_	_	_	linguistic	_	ContainsVariation=No	_	_	_	_	_	_
201-4	PKP040	201	4	sta	sta	_	_	_	_	_	linguistic	_	ContainsVariation=No	_	_	_	_	_	_
201-5	PKP040	201	5	quello	quello	_	_	_	_	_	linguistic	_	ContainsVariation=No	_	_	_	_	_	_
201-6	PKP040	201	6	li:	li	_	_	_	_	_	linguistic	_	ContainsVariation=No	_	_	1x1	_	_	_
201-7	PKP040	201	7	che	che	_	_	_	_	_	linguistic	_	ContainsVariation=No	_	_	_	_	_	_
201-8	PKP040	201	8	diceva	diceva	_	_	_	_	_	linguistic	_	ContainsVariation=No	_	_	_	_	_	_
201-9	PKP040	201	9	un	un	_	_	_	_	_	linguistic	_	ContainsVariation=No	_	_	_	_	_	_
201-10	PKP040	201	10	sacco	sacco	_	_	_	_	_	linguistic	_	ContainsVariation=No	_	_	_	_	_	_
201-11	PKP040	201	11	di:	di	_	_	_	_	_	linguistic	_	ContainsVariation=No	_	End=515.51	1x1	_	_	_
202-0	PKP047	202	0	dai	dai	_	_	_	_	_	linguistic	_	ContainsVariation=No	_	Begin=518.22	_	_	_	_
202-1	PKP047	202	1	che	che	_	_	_	_	_	linguistic	_	ContainsVariation=No	_	_	_	_	_	_
202-2	PKP047	202	2	sgarbi	sgarbi	_	_	_	_	_	linguistic	_	ContainsVariation=No	_	_	_	_	_	_
202-3	PKP047	202	3	secondo	secondo	_	_	_	_	_	linguistic	_	ContainsVariation=No	_	_	_	_	_	_
202-4	PKP047	202	4	te	te	_	_	_	_	_	linguistic	_	ContainsVariation=No	_	_	_	_	_	_
202-5	PKP047	202	5	non	non	_	_	_	_	_	linguistic	_	ContainsVariation=No	_	_	_	_	_	_
202-6	PKP047	202	6	ha	ha	_	_	_	_	_	linguistic	_	ContainsVariation=No	_	_	_	_	_	_
202-7	PKP047	202	7	un:	un	_	_	_	_	_	linguistic	_	ContainsVariation=No	_	_	1x1	_	_	_
202-8	PKP047	202	8	sin:	sin	_	_	_	_	_	linguistic	_	ContainsVariation=No	_	End=520.159	2x1	_	_	_
203-0	PKP041	203	0	no:	no	_	_	_	_	_	linguistic	_	ContainsVariation=No	_	Begin=520.44|End=520.919	1x1	_	_	_
204-0	PKP040	204	0	vabbè	vabbè	_	_	_	_	_	linguistic	_	ContainsVariation=No	_	Begin=525.14	_	_	_	_
204-1	PKP040	204	1	sono	sono	_	_	_	_	_	linguistic	_	ContainsVariation=No	_	_	_	_	_	_
204-2	PKP040	204	2	quelle	quelle	_	_	_	_	_	linguistic	_	ContainsVariation=No	_	_	_	_	_	_
204-3	PKP040	204	3	personalità:	personalità	_	_	_	_	_	linguistic	_	ContainsVariation=No	_	End=527.08	10x1	_	_	_
205-0	PKP047	205	0	io	io	_	_	_	_	_	linguistic	_	ContainsVariation=No	_	Begin=535.11	_	_	_	_
205-1	PKP047	205	1	ho	ho	_	_	_	_	_	linguistic	_	ContainsVariation=No	_	_	_	_	_	_
205-2	PKP047	205	2	una	una	_	_	_	_	_	linguistic	_	ContainsVariation=No	_	_	_	_	_	_
205-3	PKP047	205	3	propensione	propensione	_	_	_	_	_	linguistic	_	ContainsVariation=No	_	_	_	_	_	_
205-4	PKP047	205	4	al	al	_	_	_	_	_	linguistic	_	ContainsVariation=No	_	_	_	_	_	_
205-5	PKP047	205	5	disturbo	disturbo	_	_	_	_	_	linguistic	_	ContainsVariation=No	_	_	_	_	_	_
205-6	PKP047	205	6	istrionico	istrionico	_	_	_	_	_	linguistic	_	ContainsVariation=No	_	_	_	_	_	_
205-7	PKP047	205	7	dela	dela	_	_	_	_	_	linguistic	_	ContainsVariation=No	_	_	_	_	_	_
205-8	PKP047	205	8	personalità	personalità	_	_	_	_	_	linguistic	_	ContainsVariation=No	_	End=538.12	_	_	_	_
206-0	PKP040	206	0	no	no	_	_	_	_	_	linguistic	_	ContainsVariation=No	_	Begin=539.09	_	_	_	_
206-1	PKP040	206	1	ieri	ieri	_	_	_	_	_	linguistic	_	ContainsVariation=No	_	_	_	_	_	_
206-2	PKP040	206	2	sera	sera	_	_	_	_	_	linguistic	_	ContainsVariation=No	_	_	_	_	_	_
206-3	PKP040	206	3	ho	ho	_	_	_	_	_	linguistic	_	ContainsVariation=No	_	_	_	_	_	_
206-4	PKP040	206	4	visto	visto	_	_	_	_	_	linguistic	_	ContainsVariation=No	_	_	_	_	_	_
206-5	PKP040	206	5	un	un	_	_	_	_	_	linguistic	_	ContainsVariation=No	_	_	_	_	_	_
206-6	PKP040	206	6	attimo	attimo	_	_	_	_	_	linguistic	_	ContainsVariation=No	_	End=540.706	_	_	_	_
207-0	PKP047	207	0	tu	tu	_	_	_	_	_	linguistic	_	ContainsVariation=No	_	Begin=542.11	_	_	_	_
207-1	PKP047	207	1	al	al	_	_	_	_	_	linguistic	_	ContainsVariation=No	_	_	_	_	_	_
207-2	PKP047	207	2	menefre[ghismo	menefreghismo	_	_	_	_	_	linguistic	_	ContainsVariation=No	_	_	_	_	_	7-13(76)
207-3	PKP047	207	3	delle	delle	_	_	_	_	_	linguistic	_	ContainsVariation=No	_	_	_	_	_	0-5(76)
207-4	PKP047	207	4	mie	mie	_	_	_	_	_	linguistic	_	ContainsVariation=No	_	_	_	_	_	0-3(76)
207-5	PKP047	207	5	cose]	cose	_	_	_	_	_	linguistic	_	ContainsVariation=No	_	End=543.52	_	_	_	0-4(76)
208-0	PKP040	208	0	[che:	che	_	_	_	_	_	linguistic	_	ContainsVariation=No	_	Begin=542.88	2x1	_	_	0-3(76)
208-1	PKP040	208	1	augia:s	augias	_	_	_	_	_	linguistic	_	ContainsVariation=No	_	_	4x1	_	_	0-6(76)
208-2	PKP040	208	2	no	no	_	_	_	_	_	linguistic	_	ContainsVariation=No	_	_	_	_	_	0-2(76)
208-3	PKP040	208	3	augias	augias	_	_	_	_	_	linguistic	_	ContainsVariation=No	_	_	_	_	_	0-6(76)
208-4	PKP040	208	4	si	si	_	_	_	_	_	linguistic	_	ContainsVariation=No	_	_	_	_	_	0-2(76)
208-5	PKP040	208	5	chiama?	chiama	_	_	_	_	_	linguistic	_	ContainsVariation=No	Intonation=Rising|PauseAfter=Yes	_	_	_	_	0-6(76)
208-6	PKP040	208	6	(.)	(.)	_	_	_	_	_	shortpause	_	ContainsVariation=No	_	_	_	_	_	X(76)
208-7	PKP040	208	7	xxx	xxx	_	_	_	_	_	unknown	_	ContainsVariation=No	Syllables=3	_	_	_	_	0-3(76)
208-8	PKP040	208	8	augias	augias	_	_	_	_	_	linguistic	_	ContainsVariation=No	_	_	_	_	_	0-6(76)
208-9	PKP040	208	9	è?	è	_	_	_	_	_	linguistic	_	ContainsVariation=No	Intonation=Rising	_	_	_	_	0-1(76)
208-10	PKP040	208	10	quello:	quello	_	_	_	_	_	linguistic	_	ContainsVariation=No	_	_	5x1	_	_	0-6(76)
208-11	PKP040	208	11	il	il	_	_	_	_	_	linguistic	_	ContainsVariation=No	_	_	_	_	_	0-2(76)
208-12	PKP040	208	12	giornalista]?	giornalista	_	_	_	_	_	linguistic	_	ContainsVariation=No	Intonation=Rising	End=547.79	_	_	_	0-11(76)
209-0	PKP047	209	0	((ride))	((ride))	_	_	_	_	_	nonverbalbehavior	_	ContainsVariation=No	_	Begin=544.18|End=545.467	_	_	_	_
210-0	PKP041	210	0	[tu	tu	_	_	_	_	_	linguistic	_	ContainsVariation=No	_	Begin=545.15	_	_	_	0-2(201)
210-1	PKP041	210	1	sei	sei	_	_	_	_	_	linguistic	_	ContainsVariation=No	_	_	_	_	_	0-3(201)
210-2	PKP041	210	2	proprio	proprio	_	_	_	_	_	linguistic	_	ContainsVariation=No	_	_	_	_	_	0-7(201)
210-3	PKP041	210	3	un	un	_	_	_	_	_	linguistic	_	ContainsVariation=No	_	_	_	_	_	0-2(201)
210-4	PKP041	210	4	egocentrico]	egocentrico	_	_	_	_	_	linguistic	_	ContainsVariation=No	_	End=546.96	_	_	_	0-11(201)
211-0	PKP047	211	0	°è	è	_	_	_	_	_	linguistic	_	ContainsVariation=No	Volume=low	Begin=547.861	_	_	_	_
211-1	PKP047	211	1	un	un	_	_	_	_	_	linguistic	_	ContainsVariation=No	Volume=low	_	_	_	_	_
211-2	PKP047	211	2	dis~°	dis~	_	_	_	_	_	linguistic	_	ContainsVariation=No	Interrupted=Yes|Volume=low	End=548.569	_	_	_	_
212-0	PKP040	212	0	stava	stava	_	_	_	_	_	linguistic	_	ContainsVariation=No	_	Begin=548.569	_	_	_	_
212-1	PKP040	212	1	distruggendo	distruggendo	_	_	_	_	_	linguistic	_	ContainsVariation=No	_	_	_	_	_	_
212-2	PKP040	212	2	salvini	salvini	_	_	_	_	_	linguistic	_	ContainsVariation=No	_	End=550.15	_	_	_	_
213-0	PKP040	213	0	sono	sono	_	_	_	_	_	linguistic	_	ContainsVariation=No	_	Begin=550.594	_	_	_	_
213-1	PKP040	213	1	ammira:to	ammirato	_	_	_	_	_	linguistic	_	ContainsVariation=No	PauseAfter=Yes	_	5x1	_	_	_
213-2	PKP040	213	2	(.)	(.)	_	_	_	_	_	shortpause	_	ContainsVariation=No	_	_	_	_	_	_
213-3	PKP040	213	3	faceva	faceva	_	_	_	_	_	linguistic	_	ContainsVariation=No	_	_	_	_	_	_
213-4	PKP040	213	4	a	a	_	_	_	_	_	linguistic	_	ContainsVariation=No	_	_	_	_	_	_
213-5	PKP040	213	5	v~	v~	_	_	_	_	_	linguistic	_	ContainsVariation=No	Interrupted=Yes	_	_	_	_	_
213-6	PKP040	213	6	a	a	_	_	_	_	_	linguistic	_	ContainsVariation=No	_	_	_	_	_	_
213-7	PKP040	213	7	vederla	vederla	_	_	_	_	_	linguistic	_	ContainsVariation=No	_	_	_	_	_	_
213-8	PKP040	213	8	dal	dal	_	_	_	_	_	linguistic	_	ContainsVariation=No	_	_	_	_	_	_
213-9	PKP040	213	9	vivo:	vivo	_	_	_	_	_	linguistic	_	ContainsVariation=No	_	_	3x1	_	_	_
213-10	PKP040	213	10	sono	sono	_	_	_	_	_	linguistic	_	ContainsVariation=No	_	_	_	_	_	_
213-11	PKP040	213	11	veramente	veramente	_	_	_	_	_	linguistic	_	ContainsVariation=No	_	_	_	_	_	_
213-12	PKP040	213	12	ammirato	ammirato	_	_	_	_	_	linguistic	_	ContainsVariation=No	_	_	_	_	_	_
213-13	PKP040	213	13	e	e	_	_	_	_	_	linguistic	_	ContainsVariation=No	_	_	_	_	_	_
213-14	PKP040	213	14	quello	quello	_	_	_	_	_	linguistic	_	ContainsVariation=No	_	_	_	_	_	_
213-15	PKP040	213	15	faceva	faceva	_	_	_	_	_	linguistic	_	ContainsVariation=No	_	_	_	_	_	_
213-16	PKP040	213	16	xx	xx	_	_	_	_	_	unknown	_	ContainsVariation=No	Syllables=2	_	_	_	_	_
213-17	PKP040	213	17	invece	invece	_	_	_	_	_	linguistic	_	ContainsVariation=No	_	_	_	_	_	_
213-18	PKP040	213	18	lo	lo	_	_	_	_	_	linguistic	_	ContainsVariation=No	_	_	_	_	_	_
213-19	PKP040	213	19	stava	stava	_	_	_	_	_	linguistic	_	ContainsVariation=No	_	_	_	_	_	_
213-20	PKP040	213	20	paracula:[ndo]	paraculando	_	_	_	_	_	linguistic	_	ContainsVariation=No	_	End=559.23	7x1	_	_	8-11(77)
214-0	PKP047	214	0	[hai]	hai	_	_	_	_	_	linguistic	_	ContainsVariation=No	_	Begin=559.09	_	_	_	0-3(77)
214-1	PKP047	214	1	visto	visto	_	_	_	_	_	linguistic	_	ContainsVariation=No	_	_	_	_	_	_
214-2	PKP047	214	2	quel	quel	_	_	_	_	_	linguistic	_	ContainsVariation=No	_	_	_	_	_	_
214-3	PKP047	214	3	libro	libro	_	_	_	_	_	linguistic	_	ContainsVariation=No	_	_	_	_	_	_
214-4	PKP047	214	4	che	che	_	_	_	_	_	linguistic	_	ContainsVariation=No	_	_	_	_	_	_
214-5	PKP047	214	5	stanno	stanno	_	_	_	_	_	linguistic	_	ContainsVariation=No	_	_	_	_	_	_
214-6	PKP047	214	6	vendendo	vendendo	_	_	_	_	_	linguistic	_	ContainsVariation=No	_	_	_	_	_	_
214-7	PKP047	214	7	su	su	_	_	_	_	_	linguistic	_	ContainsVariation=No	_	_	_	_	_	_
214-8	PKP047	214	8	amazon?	amazon	_	_	_	_	_	linguistic	_	ContainsVariation=No	Intonation=Rising	_	_	_	_	_
214-9	PKP047	214	9	in	in	_	_	_	_	_	linguistic	_	ContainsVariation=No	_	_	_	_	_	_
214-10	PKP047	214	10	cima	cima	_	_	_	_	_	linguistic	_	ContainsVariation=No	_	_	_	_	_	_
214-11	PKP047	214	11	alle	alle	_	_	_	_	_	linguistic	_	ContainsVariation=No	_	_	_	_	_	_
214-12	PKP047	214	12	vendite?	vendite	_	_	_	_	_	linguistic	_	ContainsVariation=No	Intonation=Rising	End=562.94	_	_	_	_
215-0	PKP040	215	0	[no]	no	_	_	_	_	_	linguistic	_	ContainsVariation=No	_	Begin=564.04|End=564.375	_	_	_	0-2(78)
216-0	PKP047	216	0	[il]	il	_	_	_	_	_	linguistic	_	ContainsVariation=No	_	Begin=564.28	_	_	_	0-2(78)
216-1	PKP047	216	1	libro	libro	_	_	_	_	_	linguistic	_	ContainsVariation=No	_	_	_	_	_	_
216-2	PKP047	216	2	più	più	_	_	_	_	_	linguistic	_	ContainsVariation=No	_	_	_	_	_	_
216-3	PKP047	216	3	venduto	venduto	_	_	_	_	_	linguistic	_	ContainsVariation=No	_	_	_	_	_	_
216-4	PKP047	216	4	del	del	_	_	_	_	_	linguistic	_	ContainsVariation=No	_	_	_	_	_	_
216-5	PKP047	216	5	momento	momento	_	_	_	_	_	linguistic	_	ContainsVariation=No	_	_	_	_	_	_
216-6	PKP047	216	6	su	su	_	_	_	_	_	linguistic	_	ContainsVariation=No	_	_	_	_	_	_
216-7	PKP047	216	7	amazon	amazon	_	_	_	_	_	linguistic	_	ContainsVariation=No	_	_	_	_	_	_
216-8	PKP047	216	8	è	è	_	_	_	_	_	linguistic	_	ContainsVariation=No	_	_	_	_	_	_
216-9	PKP047	216	9	il	il	_	_	_	_	_	linguistic	_	ContainsVariation=No	_	_	_	_	_	_
216-10	PKP047	216	10	libro	libro	_	_	_	_	_	linguistic	_	ContainsVariation=No	_	End=567.266	_	_	_	_
217-0	PKP047	217	0	perché	perché	_	_	_	_	_	linguistic	_	ContainsVariation=No	_	Begin=567.333	_	_	_	_
217-1	PKP047	217	1	matteo	matteo	_	_	_	_	_	linguistic	_	ContainsVariation=No	_	_	_	_	_	_
217-2	PKP047	217	2	salvino~	salvino~	_	_	_	_	_	linguistic	_	ContainsVariation=No	Interrupted=Yes	_	_	_	_	_
217-3	PKP047	217	3	salvini	salvini	_	_	_	_	_	linguistic	_	ContainsVariation=No	_	_	_	_	_	_
217-4	PKP047	217	4	merita	merita	_	_	_	_	_	linguistic	_	ContainsVariation=No	_	_	_	_	_	_
217-5	PKP047	217	5	rispetto	rispetto	_	_	_	_	_	linguistic	_	ContainsVariation=No	PauseAfter=Yes	_	_	_	_	_
217-6	PKP047	217	6	(.)	(.)	_	_	_	_	_	shortpause	_	ContainsVariation=No	_	_	_	_	_	_
217-7	PKP047	217	7	e	e	_	_	_	_	_	linguistic	_	ContainsVariation=No	_	_	_	_	_	_
217-8	PKP047	217	8	ammirazio:ne	ammirazione	_	_	_	_	_	linguistic	_	ContainsVariation=No	_	_	8x1	_	_	_
217-9	PKP047	217	9	e	e	_	_	_	_	_	linguistic	_	ContainsVariation=No	_	_	_	_	_	_
217-10	PKP047	217	10	sono	sono	_	_	_	_	_	linguistic	_	ContainsVariation=No	_	_	_	_	_	_
217-11	PKP047	217	11	duecento	duecento	_	_	_	_	_	linguistic	_	ContainsVariation=No	_	_	_	_	_	_
217-12	PKP047	217	12	pagine	pagine	_	_	_	_	_	linguistic	_	ContainsVariation=No	_	_	_	_	_	_
217-13	PKP047	217	13	bianche	bianche	_	_	_	_	_	linguistic	_	ContainsVariation=No	_	End=572.853	_	_	_	_
218-0	PKP047	218	0	a	a	_	_	_	_	_	linguistic	_	ContainsVariation=No	_	Begin=573.95	_	_	_	_
218-1	PKP047	218	1	nove	nove	_	_	_	_	_	linguistic	_	ContainsVariation=No	_	_	_	_	_	_
218-2	PKP047	218	2	euro	euro	_	_	_	_	_	linguistic	_	ContainsVariation=No	_	_	_	_	_	_
218-3	PKP047	218	3	lo	lo	_	_	_	_	_	linguistic	_	ContainsVariation=No	_	_	_	_	_	_
218-4	PKP047	218	4	vendono	vendono	_	_	_	_	_	linguistic	_	ContainsVariation=No	_	_	_	_	_	_
218-5	PKP047	218	5	è	è	_	_	_	_	_	linguistic	_	ContainsVariation=No	_	_	_	_	_	_
218-6	PKP047	218	6	il	il	_	_	_	_	_	linguistic	_	ContainsVariation=No	_	_	_	_	_	_
218-7	PKP047	218	7	libro	libro	_	_	_	_	_	linguistic	_	ContainsVariation=No	_	_	_	_	_	_
218-8	PKP047	218	8	più	più	_	_	_	_	_	linguistic	_	ContainsVariation=No	_	_	_	_	_	_
218-9	PKP047	218	9	venduto	venduto	_	_	_	_	_	linguistic	_	ContainsVariation=No	_	End=576.32	_	_	_	_
219-0	PKP040	219	0	da:i	dai	_	_	_	_	_	linguistic	_	ContainsVariation=No	_	Begin=576.88|End=577.32	1x1	_	_	_
220-0	PKP047	220	0	si	si	_	_	_	_	_	linguistic	_	ContainsVariation=No	_	Begin=577.33|End=577.6	_	_	_	_
221-0	PKP040	221	0	e	e	_	_	_	_	_	linguistic	_	ContainsVariation=No	_	Begin=579.14	_	_	_	_
221-1	PKP040	221	1	chi	chi	_	_	_	_	_	linguistic	_	ContainsVariation=No	_	_	_	_	_	_
221-2	PKP040	221	2	l'	l'	_	_	_	_	_	linguistic	_	ContainsVariation=No	SpaceAfter=No	_	_	_	_	_
221-3	PKP040	221	3	ha	ha	_	_	_	_	_	linguistic	_	ContainsVariation=No	_	_	_	_	_	_
221-4	PKP040	221	4	scritto	scritto	_	_	_	_	_	linguistic	_	ContainsVariation=No	_	_	_	_	_	_
221-5	PKP040	221	5	scanzi?	scanzi	_	_	_	_	_	linguistic	_	ContainsVariation=No	Intonation=Rising	End=580.44	_	_	_	_
222-0	PKP047	222	0	n[o:::]	no	_	_	_	_	_	linguistic	_	ContainsVariation=No	_	Begin=580.71|End=581.55	1x3	_	_	1-2(79)
223-0	PKP041	223	0	[no]	no	_	_	_	_	_	linguistic	_	ContainsVariation=No	_	Begin=581.13|End=581.58	_	_	_	0-2(79)
224-0	PKP040	224	0	scanzi	scanzi	_	_	_	_	_	linguistic	_	ContainsVariation=No	_	Begin=586.65	_	_	_	_
224-1	PKP040	224	1	ha	ha	_	_	_	_	_	linguistic	_	ContainsVariation=No	_	_	_	_	_	_
224-2	PKP040	224	2	scritto	scritto	_	_	_	_	_	linguistic	_	ContainsVariation=No	_	_	_	_	_	_
224-3	PKP040	224	3	i	i	_	_	_	_	_	linguistic	_	ContainsVariation=No	_	_	_	_	_	_
224-4	PKP040	224	4	cazzari	cazzari	_	_	_	_	_	linguistic	_	ContainsVariation=No	_	_	_	_	_	_
224-5	PKP040	224	5	del	del	_	_	_	_	_	linguistic	_	ContainsVariation=No	_	_	_	_	_	_
224-6	PKP040	224	6	virus	virus	_	_	_	_	_	linguistic	_	ContainsVariation=No	_	End=588.56	_	_	_	_
225-0	PKP047	225	0	non	non	_	_	_	_	_	linguistic	_	ContainsVariation=No	_	Begin=594.25	_	_	_	_
225-1	PKP047	225	1	mi	mi	_	_	_	_	_	linguistic	_	ContainsVariation=No	_	_	_	_	_	_
225-2	PKP047	225	2	diventare	diventare	_	_	_	_	_	linguistic	_	ContainsVariation=No	_	_	_	_	_	_
225-3	PKP047	225	3	come	come	_	_	_	_	_	linguistic	_	ContainsVariation=No	_	_	_	_	_	_
225-4	PKP047	225	4	marco	marco	_	_	_	_	_	linguistic	_	ContainsVariation=No	_	_	_	_	_	_
225-5	PKP047	225	5	rossi	rossi	_	_	_	_	_	linguistic	_	ContainsVariation=No	_	_	_	_	_	_
225-6	PKP047	225	6	che	che	_	_	_	_	_	linguistic	_	ContainsVariation=No	_	_	_	_	_	_
225-7	PKP047	225	7	si	si	_	_	_	_	_	linguistic	_	ContainsVariation=No	_	_	_	_	_	_
225-8	PKP047	225	8	legge	legge	_	_	_	_	_	linguistic	_	ContainsVariation=No	_	_	_	_	_	_
225-9	PKP047	225	9	scanzi	scanzi	_	_	_	_	_	linguistic	_	ContainsVariation=No	_	End=597.16	_	_	_	_
226-0	PKP040	226	0	cos'	cos'	_	_	_	_	_	linguistic	_	ContainsVariation=No	SpaceAfter=No	Begin=599.99	_	_	_	_
226-1	PKP040	226	1	è?	è	_	_	_	_	_	linguistic	_	ContainsVariation=No	Intonation=Rising	End=600.37	_	_	_	_
227-0	PKP040	227	0	questa	questa	_	_	_	_	_	linguistic	_	ContainsVariation=No	_	Begin=601.093	_	_	_	_
227-1	PKP040	227	1	è	è	_	_	_	_	_	linguistic	_	ContainsVariation=No	_	_	_	_	_	_
227-2	PKP040	227	2	migliore	migliore	_	_	_	_	_	linguistic	_	ContainsVariation=No	_	_	_	_	_	_
227-3	PKP040	227	3	sai?	sai	_	_	_	_	_	linguistic	_	ContainsVariation=No	Intonation=Rising|PauseAfter=Yes	_	_	_	_	_
227-4	PKP040	227	4	(.)	(.)	_	_	_	_	_	shortpause	_	ContainsVariation=No	_	_	_	_	_	_
227-5	PKP040	227	5	con	con	_	_	_	_	_	linguistic	_	ContainsVariation=No	_	_	_	_	_	_
227-6	PKP040	227	6	i	i	_	_	_	_	_	linguistic	_	ContainsVariation=No	_	_	_	_	_	_
227-7	PKP040	227	7	pezzetti:	pezzetti	_	_	_	_	_	linguistic	_	ContainsVariation=No	_	End=603.69	7x1	_	_	_
228-0	PKP047	228	0	ti	ti	_	_	_	_	_	linguistic	_	ContainsVariation=No	_	Begin=604.47	_	_	_	_
228-1	PKP047	228	1	ricordi	ricordi	_	_	_	_	_	linguistic	_	ContainsVariation=No	_	_	_	_	_	_
228-2	PKP047	228	2	alla	alla	_	_	_	_	_	linguistic	_	ContainsVariation=No	_	_	_	_	_	_
228-3	PKP047	228	3	trattoria	trattoria	_	_	_	_	_	linguistic	_	ContainsVariation=No	_	_	_	_	_	_
228-4	PKP047	228	4	da	da	_	_	_	_	_	linguistic	_	ContainsVariation=No	_	_	_	_	_	_
228-5	PKP047	228	5	vito	vito	_	_	_	_	_	linguistic	_	ContainsVariation=No	_	_	_	_	_	_
228-6	PKP047	228	6	lo	lo	_	_	_	_	_	linguistic	_	ContainsVariation=No	_	_	_	_	_	_
228-7	PKP047	228	7	stinco	stinco	_	_	_	_	_	linguistic	_	ContainsVariation=No	_	_	_	_	_	_
228-8	PKP047	228	8	di	di	_	_	_	_	_	linguistic	_	ContainsVariation=No	_	_	_	_	_	_
228-9	PKP047	228	9	maiale?	maiale	_	_	_	_	_	linguistic	_	ContainsVariation=No	Intonation=Rising	End=607.052	_	_	_	_
229-0	PKP047	229	0	io	io	_	_	_	_	_	linguistic	_	ContainsVariation=No	_	Begin=608.7	_	_	_	_
229-1	PKP047	229	1	il	il	_	_	_	_	_	linguistic	_	ContainsVariation=No	_	_	_	_	_	_
229-2	PKP047	229	2	migliore	migliore	_	_	_	_	_	linguistic	_	ContainsVariation=No	_	_	_	_	_	_
229-3	PKP047	229	3	non	non	_	_	_	_	_	linguistic	_	ContainsVariation=No	_	_	_	_	_	_
229-4	PKP047	229	4	l'	l'	_	_	_	_	_	linguistic	_	ContainsVariation=No	SpaceAfter=No	_	_	_	_	_
229-5	PKP047	229	5	ho	ho	_	_	_	_	_	linguistic	_	ContainsVariation=No	_	_	_	_	_	_
229-6	PKP047	229	6	mangiato	mangiato	_	_	_	_	_	linguistic	_	ContainsVariation=No	_	_	_	_	_	_
229-7	PKP047	229	7	nemmeno	nemmeno	_	_	_	_	_	linguistic	_	ContainsVariation=No	_	_	_	_	_	_
229-8	PKP047	229	8	in	in	_	_	_	_	_	linguistic	_	ContainsVariation=No	_	_	_	_	_	_
229-9	PKP047	229	9	germania	germania	_	_	_	_	_	linguistic	_	ContainsVariation=No	_	_	_	_	_	_
229-10	PKP047	229	10	l~	l~	_	_	_	_	_	linguistic	_	ContainsVariation=No	Interrupted=Yes	_	_	_	_	_
229-11	PKP047	229	11	l	l	_	_	_	_	_	linguistic	_	ContainsVariation=No	_	_	_	_	_	_
229-12	PKP047	229	12	'ho	'ho	_	_	_	_	_	linguistic	_	ContainsVariation=No	Truncated=Yes	_	_	_	_	_
229-13	PKP047	229	13	mangiato	mangiato	_	_	_	_	_	linguistic	_	ContainsVariation=No	_	_	_	_	_	_
229-14	PKP047	229	14	a	a	_	_	_	_	_	linguistic	_	ContainsVariation=No	_	_	_	_	_	_
229-15	PKP047	229	15	vienna	vienna	_	_	_	_	_	linguistic	_	ContainsVariation=No	_	_	_	_	_	_
229-16	PKP047	229	16	a:l	al	_	_	_	_	_	linguistic	_	ContainsVariation=No	_	_	0x1	_	_	_
229-17	PKP047	229	17	pra:ter	prater	_	_	_	_	_	linguistic	_	ContainsVariation=No	_	End=613.57	2x1	_	_	_
230-0	PKP039	230	0	pure	pure	_	_	_	_	_	linguistic	_	ContainsVariation=No	_	Begin=613.93	_	_	_	_
230-1	PKP039	230	1	no[i]	noi	_	_	_	_	_	linguistic	_	ContainsVariation=No	_	End=614.5	_	_	_	2-3(80)
231-0	PKP040	231	0	[p]ure	pure	_	_	_	_	_	linguistic	_	ContainsVariation=No	_	Begin=614.47	_	_	_	0-1(80)
231-1	PKP040	231	1	noi	noi	_	_	_	_	_	linguistic	_	ContainsVariation=No	_	_	_	_	_	_
231-2	PKP040	231	2	a	a	_	_	_	_	_	linguistic	_	ContainsVariation=No	_	_	_	_	_	_
231-3	PKP040	231	3	vienna	vienna	_	_	_	_	_	linguistic	_	ContainsVariation=No	_	End=615.5	_	_	_	_
232-0	PKP047	232	0	mi	mi	_	_	_	_	_	linguistic	_	ContainsVariation=No	_	Begin=616.42	_	_	_	_
232-1	PKP047	232	1	portò	portò	_	_	_	_	_	linguistic	_	ContainsVariation=No	_	_	_	_	_	_
232-2	PKP047	232	2	quel[la	quella	_	_	_	_	_	linguistic	_	ContainsVariation=No	_	_	_	_	_	4-6(202)
232-3	PKP047	232	3	mia	mia	_	_	_	_	_	linguistic	_	ContainsVariation=No	_	_	_	_	_	0-3(202)
232-4	PKP047	232	4	amica	amica	_	_	_	_	_	linguistic	_	ContainsVariation=No	_	_	_	_	_	0-5(202)
232-5	PKP047	232	5	là	là	_	_	_	_	_	linguistic	_	ContainsVariation=No	_	_	_	_	_	0-2(202)
232-6	PKP047	232	6	di	di	_	_	_	_	_	linguistic	_	ContainsVariation=No	_	_	_	_	_	0-2(202)
232-7	PKP047	232	7	vienna]	vienna	_	_	_	_	_	linguistic	_	ContainsVariation=No	_	End=618.56	_	_	_	0-6(202)
233-0	PKP040	233	0	[perché	perché	_	_	_	_	_	linguistic	_	ContainsVariation=No	_	Begin=617.12	_	_	_	0-6(202)
233-1	PKP040	233	1	a	a	_	_	_	_	_	linguistic	_	ContainsVariation=No	_	_	_	_	_	0-1(202)
233-2	PKP040	233	2	monaco:]	monaco	_	_	_	_	_	linguistic	_	ContainsVariation=No	_	End=618.12	5x1	_	_	0-6(202)
234-0	PKP041	234	0	[a	a	_	_	_	_	_	linguistic	_	ContainsVariation=No	_	Begin=617.46	_	_	_	0-1(202)
234-1	PKP041	234	1	monaco	monaco	_	_	_	_	_	linguistic	_	ContainsVariation=No	_	_	_	_	_	0-6(202)
234-2	PKP041	234	2	l'	l'	_	_	_	_	_	linguistic	_	ContainsVariation=No	SpaceAfter=No	_	_	_	_	0-2(202)
234-3	PKP041	234	3	abbia]mo	abbiamo	_	_	_	_	_	linguistic	_	ContainsVariation=No	_	_	_	_	_	0-5(202)
234-4	PKP041	234	4	mangia[to]	mangiato	_	_	_	_	_	linguistic	_	ContainsVariation=No	_	End=619.34	_	_	_	5-8(81)
235-0	PKP040	235	0	[e][h:]?	eh	_	_	_	_	_	linguistic	_	ContainsVariation=No	Intonation=Rising	Begin=619.23|End=619.48	1x1	_	_	1-2(?)
236-0	PKP041	236	0	[a]	a	_	_	_	_	_	linguistic	_	ContainsVariation=No	_	Begin=619.615	_	_	_	0-1(?)
236-1	PKP041	236	1	monaco	monaco	_	_	_	_	_	linguistic	_	ContainsVariation=No	_	_	_	_	_	_
236-2	PKP041	236	2	[l'	l'	_	_	_	_	_	linguistic	_	ContainsVariation=No	SpaceAfter=No	_	_	_	_	0-2(?)
236-3	PKP041	236	3	abbiamo	abbiamo	_	_	_	_	_	linguistic	_	ContainsVariation=No	_	_	_	_	_	0-7(?)
236-4	PKP041	236	4	mangiato]	mangiato	_	_	_	_	_	linguistic	_	ContainsVariation=No	_	End=620.96	_	_	_	0-8(?)
237-0	PKP040	237	0	[ma	ma	_	_	_	_	_	linguistic	_	ContainsVariation=No	_	Begin=620.23	_	_	_	0-2(82)
237-1	PKP040	237	1	il	il	_	_	_	_	_	linguistic	_	ContainsVariation=No	_	_	_	_	_	0-2(82)
237-2	PKP040	237	2	migliore	migliore	_	_	_	_	_	linguistic	_	ContainsVariation=No	_	_	_	_	_	0-8(82)
237-3	PKP040	237	3	a	a	_	_	_	_	_	linguistic	_	ContainsVariation=No	_	_	_	_	_	0-1(82)
237-4	PKP040	237	4	vie]nna	vienna	_	_	_	_	_	linguistic	_	ContainsVariation=No	_	_	_	_	_	0-3(82)
237-5	PKP040	237	5	amo	amo	_	_	_	_	_	linguistic	_	ContainsVariation=No	_	End=621.41	_	_	_	_
238-0	PKP040	238	0	lei	lei	_	_	_	_	_	linguistic	_	ContainsVariation=No	_	Begin=623.53	_	_	_	_
238-1	PKP040	238	1	non	non	_	_	_	_	_	linguistic	_	ContainsVariation=No	_	_	_	_	_	_
238-2	PKP040	238	2	c'	c'	_	_	_	_	_	linguistic	_	ContainsVariation=No	SpaceAfter=No	_	_	_	_	_
238-3	PKP040	238	3	era	era	_	_	_	_	_	linguistic	_	ContainsVariation=No	_	_	_	_	_	_
238-4	PKP040	238	4	noi	noi	_	_	_	_	_	linguistic	_	ContainsVariation=No	_	_	_	_	_	_
238-5	PKP040	238	5	a	a	_	_	_	_	_	linguistic	_	ContainsVariation=No	_	_	_	_	_	_
238-6	PKP040	238	6	vienna	vienna	_	_	_	_	_	linguistic	_	ContainsVariation=No	_	End=625.02	_	_	_	_
239-0	PKP039	239	0	# alla	alla	_	_	_	_	_	linguistic	_	ContainsVariation=Yes|Variety=Unsure	_	Begin=625.118	_	_	_	_
239-1	PKP039	239	1	casina	casina	_	_	_	_	_	linguistic	_	ContainsVariation=Yes|Variety=Unsure	_	_	_	_	_	_
239-2	PKP039	239	2	di	di	_	_	_	_	_	linguistic	_	ContainsVariation=Yes|Variety=Unsure	_	_	_	_	_	_
239-3	PKP039	239	3	caccia	caccia	_	_	_	_	_	linguistic	_	ContainsVariation=Yes|Variety=Unsure	_	_	_	_	_	_
239-4	PKP039	239	4	addai	addai	_	_	_	_	_	linguistic	_	ContainsVariation=Yes|Variety=Unsure	_	End=626.53	_	_	_	_
240-0	PKP040	240	0	grinzing	grinzing	_	_	_	_	_	linguistic	_	ContainsVariation=No	_	Begin=626.57	_	_	_	_
240-1	PKP040	240	1	al	al	_	_	_	_	_	linguistic	_	ContainsVariation=No	_	_	_	_	_	_
240-2	PKP040	240	2	grinzing	grinzing	_	_	_	_	_	linguistic	_	ContainsVariation=No	_	_	_	_	_	_
240-3	PKP040	240	3	si	si	_	_	_	_	_	linguistic	_	ContainsVariation=No	_	_	_	_	_	_
240-4	PKP040	240	4	chiamava	chiamava	_	_	_	_	_	linguistic	_	ContainsVariation=No	_	End=629.01	_	_	_	_
241-0	PKP039	241	0	lo	lo	_	_	_	_	_	linguistic	_	ContainsVariation=No	_	Begin=629.332	_	_	_	_
241-1	PKP039	241	1	mangiammo	mangiammo	_	_	_	_	_	linguistic	_	ContainsVariation=No	_	_	_	_	_	_
241-2	PKP039	241	2	pure	pure	_	_	_	_	_	linguistic	_	ContainsVariation=No	_	_	_	_	_	_
241-3	PKP039	241	3	que~	que~	_	_	_	_	_	linguistic	_	ContainsVariation=No	Interrupted=Yes	_	_	_	_	_
241-4	PKP039	241	4	[xxx]	xxx	_	_	_	_	_	unknown	_	ContainsVariation=No	Syllables=3	End=632.06	_	_	_	0-3(83)
242-0	PKP040	242	0	[eh	eh	_	_	_	_	_	linguistic	_	ContainsVariation=No	_	Begin=631.78	_	_	_	0-2(83)
242-1	PKP040	242	1	si]	si	_	_	_	_	_	linguistic	_	ContainsVariation=No	_	End=632.18	_	_	_	0-2(83)
243-0	PKP039	243	0	tornando	tornando	_	_	_	_	_	linguistic	_	ContainsVariation=No	_	Begin=632.77	_	_	_	_
243-1	PKP039	243	1	in	in	_	_	_	_	_	linguistic	_	ContainsVariation=No	_	_	_	_	_	_
243-2	PKP039	243	2	italia	italia	_	_	_	_	_	linguistic	_	ContainsVariation=No	_	End=633.62	_	_	_	_
244-0	PKP047	244	0	la'	la'	_	_	_	_	_	linguistic	_	ContainsVariation=No	Truncated=Yes	Begin=637.728|End=638.1	_	_	_	_
245-0	PKP047	245	0	alla	alla	_	_	_	_	_	linguistic	_	ContainsVariation=No	_	Begin=639.74	_	_	_	_
245-1	PKP047	245	1	mamma	mamma	_	_	_	_	_	linguistic	_	ContainsVariation=No	_	_	_	_	_	_
245-2	PKP047	245	2	di	di	_	_	_	_	_	linguistic	_	ContainsVariation=No	_	_	_	_	_	_
245-3	PKP047	245	3	marco	marco	_	_	_	_	_	linguistic	_	ContainsVariation=No	_	_	_	_	_	_
245-4	PKP047	245	4	quand'	quand'	_	_	_	_	_	linguistic	_	ContainsVariation=No	SpaceAfter=No	_	_	_	_	_
245-5	PKP047	245	5	è	è	_	_	_	_	_	linguistic	_	ContainsVariation=No	_	_	_	_	_	_
245-6	PKP047	245	6	che:	che	_	_	_	_	_	linguistic	_	ContainsVariation=No	_	_	2x1	_	_	_
245-7	PKP047	245	7	commisionagli	commisionagli	_	_	_	_	_	linguistic	_	ContainsVariation=No	_	_	_	_	_	_
245-8	PKP047	245	8	una	una	_	_	_	_	_	linguistic	_	ContainsVariation=No	_	_	_	_	_	_
245-9	PKP047	245	9	sacher	sacher	_	_	_	_	_	linguistic	_	ContainsVariation=No	_	End=643.25	_	_	_	_
246-0	PKP041	246	0	quando	quando	_	_	_	_	_	linguistic	_	ContainsVariation=No	_	Begin=643.99	_	_	_	_
246-1	PKP041	246	1	inizia~	inizia~	_	_	_	_	_	linguistic	_	ContainsVariation=No	Interrupted=Yes	_	_	_	_	_
246-2	PKP041	246	2	innanzitu:tto	innanzitutto	_	_	_	_	_	linguistic	_	ContainsVariation=No	_	_	8x1	_	_	_
246-3	PKP041	246	3	gli	gli	_	_	_	_	_	linguistic	_	ContainsVariation=No	_	_	_	_	_	_
246-4	PKP041	246	4	metterete	metterete	_	_	_	_	_	linguistic	_	ContainsVariation=No	_	_	_	_	_	_
246-5	PKP041	246	5	mi	mi	_	_	_	_	_	linguistic	_	ContainsVariation=No	_	_	_	_	_	_
246-6	PKP041	246	6	piace	piace	_	_	_	_	_	linguistic	_	ContainsVariation=No	_	_	_	_	_	_
246-7	PKP041	246	7	alla	alla	_	_	_	_	_	linguistic	_	ContainsVariation=No	_	_	_	_	_	_
246-8	PKP041	246	8	pagina	pagina	_	_	_	_	_	linguistic	_	ContainsVariation=No	_	End=647.22	_	_	_	_
247-0	PKP047	247	0	ma	ma	_	_	_	_	_	linguistic	_	ContainsVariation=No	_	Begin=647.75	_	_	_	_
247-1	PKP047	247	1	io	io	_	_	_	_	_	linguistic	_	ContainsVariation=No	_	_	_	_	_	_
247-2	PKP047	247	2	posso	posso	_	_	_	_	_	linguistic	_	ContainsVariation=No	_	_	_	_	_	_
247-3	PKP047	247	3	[me:ttere]	mettere	_	_	_	_	_	linguistic	_	ContainsVariation=No	_	End=649.49	1x1	_	_	0-7(84)
248-0	PKP041	248	0	[MA	ma	_	_	_	_	_	linguistic	_	ContainsVariation=No	Volume=high	Begin=648.42	_	_	_	0-2(84)
248-1	PKP041	248	1	NON	non	_	_	_	_	_	linguistic	_	ContainsVariation=No	Volume=high	_	_	_	_	0-3(84)
248-2	PKP041	248	2	E']	e'	_	_	_	_	_	linguistic	_	ContainsVariation=No	Truncated=Yes|Volume=high	_	_	_	_	0-2(84)
248-3	PKP041	248	3	SUA	sua	_	_	_	_	_	linguistic	_	ContainsVariation=No	Volume=high	_	_	_	_	_
248-4	PKP041	248	4	non	non	_	_	_	_	_	linguistic	_	ContainsVariation=No	_	_	_	_	_	_
248-5	PKP041	248	5	ce[l'	cel'	_	_	_	_	_	linguistic	_	ContainsVariation=No	SpaceAfter=No	_	_	_	_	2-4(85)
248-6	PKP041	248	6	ha	ha	_	_	_	_	_	linguistic	_	ContainsVariation=No	_	_	_	_	_	0-2(85)
248-7	PKP041	248	7	lei]	lei	_	_	_	_	_	linguistic	_	ContainsVariation=No	_	End=650.65	_	_	_	0-3(85)
249-0	PKP047	249	0	[posso	posso	_	_	_	_	_	linguistic	_	ContainsVariation=No	_	Begin=649.74	_	_	_	0-5(85)
249-1	PKP047	249	1	mettere]mi	metteremi	_	_	_	_	_	linguistic	_	ContainsVariation=No	_	_	_	_	_	0-7(85)
249-2	PKP047	249	2	piace?	piace	_	_	_	_	_	linguistic	_	ContainsVariation=No	Intonation=Rising	End=651.16	_	_	_	_
250-0	PKP041	250	0	si	si	_	_	_	_	_	linguistic	_	ContainsVariation=No	_	Begin=651.77	_	_	_	_
250-1	PKP041	250	1	dovete	dovete	_	_	_	_	_	linguistic	_	ContainsVariation=No	_	_	_	_	_	_
250-2	PKP041	250	2	mettere	mettere	_	_	_	_	_	linguistic	_	ContainsVariation=No	_	_	_	_	_	_
250-3	PKP041	250	3	mi	mi	_	_	_	_	_	linguistic	_	ContainsVariation=No	_	_	_	_	_	_
250-4	PKP041	250	4	piace	piace	_	_	_	_	_	linguistic	_	ContainsVariation=No	_	End=653.25	_	_	_	_
251-0	PKP040	251	0	no	no	_	_	_	_	_	linguistic	_	ContainsVariation=No	_	Begin=654.02	_	_	_	_
251-1	PKP040	251	1	le	le	_	_	_	_	_	linguistic	_	ContainsVariation=No	_	_	_	_	_	_
251-2	PKP040	251	2	foto	foto	_	_	_	_	_	linguistic	_	ContainsVariation=No	_	_	_	_	_	_
251-3	PKP040	251	3	sono	sono	_	_	_	_	_	linguistic	_	ContainsVariation=No	_	_	_	_	_	_
251-4	PKP040	251	4	bellissime	bellissime	_	_	_	_	_	linguistic	_	ContainsVariation=No	_	_	_	_	_	_
251-5	PKP040	251	5	eh	eh	_	_	_	_	_	linguistic	_	ContainsVariation=No	_	End=655.49	_	_	_	_
252-0	PKP041	252	0	e	e	_	_	_	_	_	linguistic	_	ContainsVariation=No	_	Begin=655.49	_	_	_	_
252-1	PKP041	252	1	mettile	mettile	_	_	_	_	_	linguistic	_	ContainsVariation=No	_	_	_	_	_	_
252-2	PKP041	252	2	mi	mi	_	_	_	_	_	linguistic	_	ContainsVariation=No	_	_	_	_	_	_
252-3	PKP041	252	3	piace	piace	_	_	_	_	_	linguistic	_	ContainsVariation=No	_	End=656.43	_	_	_	_
253-0	PKP047	253	0	peccato	peccato	_	_	_	_	_	linguistic	_	ContainsVariation=No	_	Begin=656.43	_	_	_	_
253-1	PKP047	253	1	che	che	_	_	_	_	_	linguistic	_	ContainsVariation=No	_	_	_	_	_	_
253-2	PKP047	253	2	non	non	_	_	_	_	_	linguistic	_	ContainsVariation=No	_	_	_	_	_	_
253-3	PKP047	253	3	è	è	_	_	_	_	_	linguistic	_	ContainsVariation=No	_	_	_	_	_	_
253-4	PKP047	253	4	uno	uno	_	_	_	_	_	linguistic	_	ContainsVariation=No	_	_	_	_	_	_
253-5	PKP047	253	5	studio	studio	_	_	_	_	_	linguistic	_	ContainsVariation=No	_	_	_	_	_	_
253-6	PKP047	253	6	fotografico	fotografico	_	_	_	_	_	linguistic	_	ContainsVariation=No	_	_	_	_	_	_
253-7	PKP047	253	7	((ride))	((ride))	_	_	_	_	_	nonverbalbehavior	_	ContainsVariation=No	_	End=658.98	_	_	_	_
254-0	PKP040	254	0	vabbè	vabbè	_	_	_	_	_	linguistic	_	ContainsVariation=No	_	Begin=658.98	_	_	_	_
254-1	PKP040	254	1	però	però	_	_	_	_	_	linguistic	_	ContainsVariation=No	PauseAfter=Yes	_	_	_	_	_
254-2	PKP040	254	2	(.)	(.)	_	_	_	_	_	shortpause	_	ContainsVariation=No	_	_	_	_	_	_
254-3	PKP040	254	3	anche	anche	_	_	_	_	_	linguistic	_	ContainsVariation=No	_	_	_	_	_	_
254-4	PKP040	254	4	l'	l'	_	_	_	_	_	linguistic	_	ContainsVariation=No	SpaceAfter=No	_	_	_	_	_
254-5	PKP040	254	5	occhio	occhio	_	_	_	_	_	linguistic	_	ContainsVariation=No	PauseAfter=Yes	_	_	_	_	_
254-6	PKP040	254	6	(.)	(.)	_	_	_	_	_	shortpause	_	ContainsVariation=No	_	_	_	_	_	_
254-7	PKP040	254	7	vuole	vuole	_	_	_	_	_	linguistic	_	ContainsVariation=No	_	_	_	_	_	_
254-8	PKP040	254	8	la	la	_	_	_	_	_	linguistic	_	ContainsVariation=No	_	_	_	_	_	_
254-9	PKP040	254	9	sua	sua	_	_	_	_	_	linguistic	_	ContainsVariation=No	_	_	_	_	_	_
254-10	PKP040	254	10	parte	parte	_	_	_	_	_	linguistic	_	ContainsVariation=No	_	End=662.53	_	_	_	_
255-0	PKP041	255	0	infatti	infatti	_	_	_	_	_	linguistic	_	ContainsVariation=No	_	Begin=662.99|End=663.58	_	_	_	_
256-0	PKP047	256	0	mh	mh	_	_	_	_	_	linguistic	_	ContainsVariation=No	_	Begin=666.38|End=666.63	_	_	_	_
257-0	PKP047	257	0	per	per	_	_	_	_	_	linguistic	_	ContainsVariation=No	_	Begin=667.61	_	_	_	_
257-1	PKP047	257	1	il	il	_	_	_	_	_	linguistic	_	ContainsVariation=No	_	_	_	_	_	_
257-2	PKP047	257	2	mio	mio	_	_	_	_	_	linguistic	_	ContainsVariation=No	_	_	_	_	_	_
257-3	PKP047	257	3	master	master	_	_	_	_	_	linguistic	_	ContainsVariation=No	PauseAfter=Yes	_	_	_	_	_
257-4	PKP047	257	4	(.)	(.)	_	_	_	_	_	shortpause	_	ContainsVariation=No	_	_	_	_	_	_
257-5	PKP047	257	5	il	il	_	_	_	_	_	linguistic	_	ContainsVariation=No	_	_	_	_	_	_
257-6	PKP047	257	6	tuo	tuo	_	_	_	_	_	linguistic	_	ContainsVariation=No	_	_	_	_	_	_
257-7	PKP047	257	7	rega:lo	regalo	_	_	_	_	_	linguistic	_	ContainsVariation=No	_	_	3x1	_	_	_
257-8	PKP047	257	8	che	che	_	_	_	_	_	linguistic	_	ContainsVariation=No	_	_	_	_	_	_
257-9	PKP047	257	9	mi	mi	_	_	_	_	_	linguistic	_	ContainsVariation=No	_	_	_	_	_	_
257-10	PKP047	257	10	fara:i	farai	_	_	_	_	_	linguistic	_	ContainsVariation=No	_	_	3x1	_	_	_
257-11	PKP047	257	11	sarà	sarà	_	_	_	_	_	linguistic	_	ContainsVariation=No	_	_	_	_	_	_
257-12	PKP047	257	12	una	una	_	_	_	_	_	linguistic	_	ContainsVariation=No	_	_	_	_	_	_
257-13	PKP047	257	13	torta	torta	_	_	_	_	_	linguistic	_	ContainsVariation=No	_	_	_	_	_	_
257-14	PKP047	257	14	sacher	sacher	_	_	_	_	_	linguistic	_	ContainsVariation=No	_	End=671.78	_	_	_	_
258-0	PKP040	258	0	ti	ti	_	_	_	_	_	linguistic	_	ContainsVariation=No	_	Begin=672.94	_	_	_	_
258-1	PKP040	258	1	piace	piace	_	_	_	_	_	linguistic	_	ContainsVariation=No	_	_	_	_	_	_
258-2	PKP040	258	2	la	la	_	_	_	_	_	linguistic	_	ContainsVariation=No	_	_	_	_	_	_
258-3	PKP040	258	3	sacher?	sacher	_	_	_	_	_	linguistic	_	ContainsVariation=No	Intonation=Rising	End=673.74	_	_	_	_
259-0	PKP041	259	0	a	a	_	_	_	_	_	linguistic	_	ContainsVariation=No	_	Begin=674.12	_	_	_	_
259-1	PKP041	259	1	me	me	_	_	_	_	_	linguistic	_	ContainsVariation=No	_	_	_	_	_	_
259-2	PKP041	259	2	non	non	_	_	_	_	_	linguistic	_	ContainsVariation=No	_	_	_	_	_	_
259-3	PKP041	259	3	piace	piace	_	_	_	_	_	linguistic	_	ContainsVariation=No	_	_	_	_	_	_
259-4	PKP041	259	4	per	per	_	_	_	_	_	linguistic	_	ContainsVariation=No	_	_	_	_	_	_
259-5	PKP041	259	5	nie:nte	niente	_	_	_	_	_	linguistic	_	ContainsVariation=No	_	_	2x1	_	_	_
259-6	PKP041	259	6	la	la	_	_	_	_	_	linguistic	_	ContainsVariation=No	_	_	_	_	_	_
259-7	PKP041	259	7	[sacher]	sacher	_	_	_	_	_	linguistic	_	ContainsVariation=No	_	End=675.8	_	_	_	0-6(86)
260-0	PKP047	260	0	[mh]	mh	_	_	_	_	_	linguistic	_	ContainsVariation=No	_	Begin=675.35|End=675.79	_	_	_	0-2(86)
261-0	PKP040	261	0	ti	ti	_	_	_	_	_	linguistic	_	ContainsVariation=No	_	Begin=675.807	_	_	_	_
261-1	PKP040	261	1	faccio	faccio	_	_	_	_	_	linguistic	_	ContainsVariation=No	_	_	_	_	_	_
261-2	PKP040	261	2	fare	fare	_	_	_	_	_	linguistic	_	ContainsVariation=No	_	_	_	_	_	_
261-3	PKP040	261	3	la	la	_	_	_	_	_	linguistic	_	ContainsVariation=No	_	_	_	_	_	_
261-4	PKP040	261	4	sacher	sacher	_	_	_	_	_	linguistic	_	ContainsVariation=No	_	End=676.55	_	_	_	_
262-0	PKP047	262	0	# st'	st'	_	_	_	_	_	linguistic	_	ContainsVariation=Yes|Variety=Unsure	SpaceAfter=No	Begin=679.235	_	_	_	_
262-1	PKP047	262	1	anno	anno	_	_	_	_	_	linguistic	_	ContainsVariation=Yes|Variety=Unsure	_	_	_	_	_	_
262-2	PKP047	262	2	ca	ca	_	_	_	_	_	linguistic	_	ContainsVariation=Yes|Variety=Unsure	_	_	_	_	_	_
262-3	PKP047	262	3	no	no	_	_	_	_	_	linguistic	_	ContainsVariation=Yes|Variety=Unsure	_	_	_	_	_	_
262-4	PKP047	262	4	si	si	_	_	_	_	_	linguistic	_	ContainsVariation=Yes|Variety=Unsure	_	_	_	_	_	_
262-5	PKP047	262	5	nvita	nvita	_	_	_	_	_	linguistic	_	ContainsVariation=Yes|Variety=Unsure	_	_	_	_	_	_
262-6	PKP047	262	6	nessuno:	nessuno	_	_	_	_	_	linguistic	_	ContainsVariation=Yes|Variety=Unsure	_	_	6x1	_	_	_
262-7	PKP047	262	7	si	si	_	_	_	_	_	linguistic	_	ContainsVariation=Yes|Variety=Unsure	_	_	_	_	_	_
262-8	PKP047	262	8	sparagna	sparagna	_	_	_	_	_	linguistic	_	ContainsVariation=Yes|Variety=Unsure	_	End=681.63	_	_	_	_
263-0	PKP040	263	0	hai	hai	_	_	_	_	_	linguistic	_	ContainsVariation=No	_	Begin=681.95	_	_	_	_
263-1	PKP040	263	1	visto:	visto	_	_	_	_	_	linguistic	_	ContainsVariation=No	_	_	4x1	_	_	_
263-2	PKP040	263	2	ah	ah	_	_	_	_	_	linguistic	_	ContainsVariation=No	_	_	_	_	_	_
263-3	PKP040	263	3	no	no	_	_	_	_	_	linguistic	_	ContainsVariation=No	_	_	_	_	_	_
263-4	PKP040	263	4	mo	mo	_	_	_	_	_	linguistic	_	ContainsVariation=No	_	_	_	_	_	_
263-5	PKP040	263	5	ti	ti	_	_	_	_	_	linguistic	_	ContainsVariation=No	_	_	_	_	_	_
263-6	PKP040	263	6	faccio	faccio	_	_	_	_	_	linguistic	_	ContainsVariation=No	_	_	_	_	_	_
263-7	PKP040	263	7	vedere	vedere	_	_	_	_	_	linguistic	_	ContainsVariation=No	_	_	_	_	_	_
263-8	PKP040	263	8	le	le	_	_	_	_	_	linguistic	_	ContainsVariation=No	_	_	_	_	_	_
263-9	PKP040	263	9	foto:	foto	_	_	_	_	_	linguistic	_	ContainsVariation=No	_	_	3x1	_	_	_
263-10	PKP040	263	10	della	della	_	_	_	_	_	linguistic	_	ContainsVariation=No	_	_	_	_	_	_
263-11	PKP040	263	11	figlia	figlia	_	_	_	_	_	linguistic	_	ContainsVariation=No	_	_	_	_	_	_
263-12	PKP040	263	12	di::	di	_	_	_	_	_	linguistic	_	ContainsVariation=No	_	_	1x2	_	_	_
263-13	PKP040	263	13	mh:	mh	_	_	_	_	_	linguistic	_	ContainsVariation=No	_	_	1x1	_	_	_
263-14	PKP040	263	14	di	di	_	_	_	_	_	linguistic	_	ContainsVariation=No	_	_	_	_	_	_
263-15	PKP040	263	15	marta	marta	_	_	_	_	_	linguistic	_	ContainsVariation=No	_	_	_	_	_	_
263-16	PKP040	263	16	rossi	rossi	_	_	_	_	_	linguistic	_	ContainsVariation=No	_	_	_	_	_	_
263-17	PKP040	263	17	che	che	_	_	_	_	_	linguistic	_	ContainsVariation=No	_	_	_	_	_	_
263-18	PKP040	263	18	oggi	oggi	_	_	_	_	_	linguistic	_	ContainsVariation=No	_	_	_	_	_	_
263-19	PKP040	263	19	faceva	faceva	_	_	_	_	_	linguistic	_	ContainsVariation=No	_	_	_	_	_	_
263-20	PKP040	263	20	diciott'	diciott'	_	_	_	_	_	linguistic	_	ContainsVariation=No	Truncated=Yes	_	_	_	_	_
263-21	PKP040	263	21	anni	anni	_	_	_	_	_	linguistic	_	ContainsVariation=No	_	End=688.83	_	_	_	_
264-0	PKP040	264	0	bella	bella	_	_	_	_	_	linguistic	_	ContainsVariation=No	_	Begin=689.78	_	_	_	_
264-1	PKP040	264	1	mia	mia	_	_	_	_	_	linguistic	_	ContainsVariation=No	_	_	_	_	_	_
264-2	PKP040	264	2	so:li	soli	_	_	_	_	_	linguistic	_	ContainsVariation=No	_	_	1x1	_	_	_
264-3	PKP040	264	3	[loro]	loro	_	_	_	_	_	linguistic	_	ContainsVariation=No	_	End=691.08	_	_	_	0-4(87)
265-0	PKP041	265	0	[chi	chi	_	_	_	_	_	linguistic	_	ContainsVariation=No	_	Begin=690.73	_	_	_	0-3(87)
265-1	PKP041	265	1	è]	è	_	_	_	_	_	linguistic	_	ContainsVariation=No	_	End=691.04	_	_	_	0-1(87)
266-0	PKP040	266	0	sar[a::]	sara	_	_	_	_	_	linguistic	_	ContainsVariation=No	_	Begin=691.98|End=693.01	3x2	_	_	3-4(88)
267-0	PKP041	267	0	[ah]	ah	_	_	_	_	_	linguistic	_	ContainsVariation=No	_	Begin=692.98	_	_	_	0-2(88)
267-1	PKP041	267	1	bella	bella	_	_	_	_	_	linguistic	_	ContainsVariation=No	_	End=693.65	_	_	_	_
268-0	PKP040	268	0	ma:	ma	_	_	_	_	_	linguistic	_	ContainsVariation=No	_	Begin=694.46	1x1	_	_	_
268-1	PKP040	268	1	a	a	_	_	_	_	_	linguistic	_	ContainsVariation=No	_	_	_	_	_	_
268-2	PKP040	268	2	parte	parte	_	_	_	_	_	linguistic	_	ContainsVariation=No	_	_	_	_	_	_
268-3	PKP040	268	3	che	che	_	_	_	_	_	linguistic	_	ContainsVariation=No	_	_	_	_	_	_
268-4	PKP040	268	4	una	una	_	_	_	_	_	linguistic	_	ContainsVariation=No	_	_	_	_	_	_
268-5	PKP040	268	5	foto:	foto	_	_	_	_	_	linguistic	_	ContainsVariation=No	_	_	3x1	_	_	_
268-6	PKP040	268	6	ti	ti	_	_	_	_	_	linguistic	_	ContainsVariation=No	_	_	_	_	_	_
268-7	PKP040	268	7	assicuro	assicuro	_	_	_	_	_	linguistic	_	ContainsVariation=No	PauseAfter=Yes	_	_	_	_	_
268-8	PKP040	268	8	(.)	(.)	_	_	_	_	_	shortpause	_	ContainsVariation=No	_	_	_	_	_	_
268-9	PKP040	268	9	che	che	_	_	_	_	_	linguistic	_	ContainsVariation=No	_	_	_	_	_	_
268-10	PKP040	268	10	è	è	_	_	_	_	_	linguistic	_	ContainsVariation=No	_	_	_	_	_	_
268-11	PKP040	268	11	la	la	_	_	_	_	_	linguistic	_	ContainsVariation=No	_	_	_	_	_	_
268-12	PKP040	268	12	<fotoco:pia	fotocopia	_	_	_	_	_	linguistic	_	ContainsVariation=No	_	_	5x1	Slow=0-9(0)	_	_
268-13	PKP040	268	13	della	della	_	_	_	_	_	linguistic	_	ContainsVariation=No	_	_	_	Slow=0-5(0)	_	_
268-14	PKP040	268	14	madre	madre	_	_	_	_	_	linguistic	_	ContainsVariation=No	_	_	_	Slow=0-5(0)	_	_
268-15	PKP040	268	15	ma	ma	_	_	_	_	_	linguistic	_	ContainsVariation=No	_	_	_	Slow=0-2(0)	_	_
268-16	PKP040	268	16	la	la	_	_	_	_	_	linguistic	_	ContainsVariation=No	_	_	_	Slow=0-2(0)	_	_
268-17	PKP040	268	17	fotocopia	fotocopia	_	_	_	_	_	linguistic	_	ContainsVariation=No	_	_	_	Slow=0-9(0)	_	_
268-18	PKP040	268	18	proprio	proprio	_	_	_	_	_	linguistic	_	ContainsVariation=No	_	_	_	Slow=0-7(0)	_	_
268-19	PKP040	268	19	tagliata	tagliata	_	_	_	_	_	linguistic	_	ContainsVariation=No	_	_	_	Slow=0-8(0)	_	_
268-20	PKP040	268	20	a	a	_	_	_	_	_	linguistic	_	ContainsVariation=No	_	_	_	Slow=0-1(0)	_	_
268-21	PKP040	268	21	metà>	metà	_	_	_	_	_	linguistic	_	ContainsVariation=No	_	End=701.59	_	Slow=0-4(0)	_	_
269-0	PKP040	269	0	mo	mo	_	_	_	_	_	linguistic	_	ContainsVariation=No	_	Begin=702.518	_	_	_	_
269-1	PKP040	269	1	te	te	_	_	_	_	_	linguistic	_	ContainsVariation=No	_	_	_	_	_	_
269-2	PKP040	269	2	la	la	_	_	_	_	_	linguistic	_	ContainsVariation=No	_	_	_	_	_	_
269-3	PKP040	269	3	faccio	faccio	_	_	_	_	_	linguistic	_	ContainsVariation=No	_	_	_	_	_	_
269-4	PKP040	269	4	vedere	vedere	_	_	_	_	_	linguistic	_	ContainsVariation=No	_	_	_	_	_	_
269-5	PKP040	269	5	infatti	infatti	_	_	_	_	_	linguistic	_	ContainsVariation=No	_	_	_	_	_	_
269-6	PKP040	269	6	tutti	tutti	_	_	_	_	_	linguistic	_	ContainsVariation=No	_	_	_	_	_	_
269-7	PKP040	269	7	l'	l'	_	_	_	_	_	linguistic	_	ContainsVariation=No	SpaceAfter=No	_	_	_	_	_
269-8	PKP040	269	8	ho	ho	_	_	_	_	_	linguistic	_	ContainsVariation=No	_	_	_	_	_	_
269-9	PKP040	269	9	messa	messa	_	_	_	_	_	linguistic	_	ContainsVariation=No	_	_	_	_	_	_
269-10	PKP040	269	10	nel	nel	_	_	_	_	_	linguistic	_	ContainsVariation=No	_	_	_	_	_	_
269-11	PKP040	269	11	grup[po]	gruppo	_	_	_	_	_	linguistic	_	ContainsVariation=No	_	End=704.99	_	_	_	3-6(?)
270-0	PKP041	270	0	[mh]	mh	_	_	_	_	_	linguistic	_	ContainsVariation=No	_	Begin=705.05	_	_	_	0-2(?)
270-1	PKP041	270	1	sta	sta	_	_	_	_	_	linguistic	_	ContainsVariation=No	_	_	_	_	_	_
270-2	PKP041	270	2	registrando	registrando	_	_	_	_	_	linguistic	_	ContainsVariation=No	_	_	_	_	_	_
270-3	PKP041	270	3	il	il	_	_	_	_	_	linguistic	_	ContainsVariation=No	_	_	_	_	_	_
270-4	PKP041	270	4	[tuo]	tuo	_	_	_	_	_	linguistic	_	ContainsVariation=No	_	End=706.48	_	_	_	0-3(?)
271-0	PKP040	271	0	[>ah]	ah	_	_	_	_	_	linguistic	_	ContainsVariation=No	_	Begin=706.37	_	Fast=0-2(0)	_	0-2(89)
271-1	PKP040	271	1	gia<	gia	_	_	_	_	_	linguistic	_	ContainsVariation=No	_	_	_	Fast=0-3(0)	_	_
271-2	PKP040	271	2	l'	l'	_	_	_	_	_	linguistic	_	ContainsVariation=No	SpaceAfter=No	_	_	_	_	_
271-3	PKP040	271	3	ho	ho	_	_	_	_	_	linguistic	_	ContainsVariation=No	_	_	_	_	_	_
271-4	PKP040	271	4	messa	messa	_	_	_	_	_	linguistic	_	ContainsVariation=No	_	_	_	_	_	_
271-5	PKP040	271	5	nel	nel	_	_	_	_	_	linguistic	_	ContainsVariation=No	_	_	_	_	_	_
271-6	PKP040	271	6	gruppo	gruppo	_	_	_	_	_	linguistic	_	ContainsVariation=No	_	_	_	_	_	_
271-7	PKP040	271	7	dei:	dei	_	_	_	_	_	linguistic	_	ContainsVariation=No	_	_	2x1	_	_	_
271-8	PKP040	271	8	compagni	compagni	_	_	_	_	_	linguistic	_	ContainsVariation=No	_	_	_	_	_	_
271-9	PKP040	271	9	di	di	_	_	_	_	_	linguistic	_	ContainsVariation=No	_	_	_	_	_	_
271-10	PKP040	271	10	scuo:la	scuola	_	_	_	_	_	linguistic	_	ContainsVariation=No	_	_	3x1	_	_	_
271-11	PKP040	271	11	tutti	tutti	_	_	_	_	_	linguistic	_	ContainsVariation=No	PauseAfter=Yes	_	_	_	_	_
271-12	PKP040	271	12	(.)	(.)	_	_	_	_	_	shortpause	_	ContainsVariation=No	_	_	_	_	_	_
271-13	PKP040	271	13	cioè	cioè	_	_	_	_	_	linguistic	_	ContainsVariation=No	_	_	_	_	_	_
271-14	PKP040	271	14	sembra	sembra	_	_	_	_	_	linguistic	_	ContainsVariation=No	_	_	_	_	_	_
271-15	PKP040	271	15	proprio	proprio	_	_	_	_	_	linguistic	_	ContainsVariation=No	PauseAfter=Yes	_	_	_	_	_
271-16	PKP040	271	16	(.)	(.)	_	_	_	_	_	shortpause	_	ContainsVariation=No	_	_	_	_	_	_
271-17	PKP040	271	17	una	una	_	_	_	_	_	linguistic	_	ContainsVariation=No	_	_	_	_	_	_
271-18	PKP040	271	18	mela	mela	_	_	_	_	_	linguistic	_	ContainsVariation=No	PauseAfter=Yes	_	_	_	_	_
271-19	PKP040	271	19	(.)	(.)	_	_	_	_	_	shortpause	_	ContainsVariation=No	_	_	_	_	_	_
271-20	PKP040	271	20	taglia:ta	tagliata	_	_	_	_	_	linguistic	_	ContainsVariation=No	_	End=713.97	5x1	_	_	_
272-0	PKP041	272	0	ha	ha	_	_	_	_	_	linguistic	_	ContainsVariation=No	_	Begin=716.612	_	_	_	_
272-1	PKP041	272	1	un	un	_	_	_	_	_	linguistic	_	ContainsVariation=No	_	_	_	_	_	_
272-2	PKP041	272	2	biondo	biondo	_	_	_	_	_	linguistic	_	ContainsVariation=No	_	_	_	_	_	_
272-3	PKP041	272	3	che	che	_	_	_	_	_	linguistic	_	ContainsVariation=No	_	_	_	_	_	_
272-4	PKP041	272	4	è:	è	_	_	_	_	_	linguistic	_	ContainsVariation=No	_	End=718.1	0x1	_	_	_
273-0	PKP040	273	0	la	la	_	_	_	_	_	linguistic	_	ContainsVariation=No	_	Begin=719.3	_	_	_	_
273-1	PKP040	273	1	madre	madre	_	_	_	_	_	linguistic	_	ContainsVariation=No	_	_	_	_	_	_
273-2	PKP040	273	2	[è	è	_	_	_	_	_	linguistic	_	ContainsVariation=No	_	_	_	_	_	0-1(90)
273-3	PKP040	273	3	identica]	identica	_	_	_	_	_	linguistic	_	ContainsVariation=No	_	_	_	_	_	0-8(90)
273-4	PKP040	273	4	alla	alla	_	_	_	_	_	linguistic	_	ContainsVariation=No	_	_	_	_	_	_
273-5	PKP040	273	5	madre	madre	_	_	_	_	_	linguistic	_	ContainsVariation=No	_	End=721.09	_	_	_	_
274-0	PKP041	274	0	[è	è	_	_	_	_	_	linguistic	_	ContainsVariation=No	_	Begin=719.87	_	_	_	0-1(90)
274-1	PKP041	274	1	assurdo]	assurdo	_	_	_	_	_	linguistic	_	ContainsVariation=No	_	End=720.46	_	_	_	0-7(90)
275-0	PKP047	275	0	ma	ma	_	_	_	_	_	linguistic	_	ContainsVariation=No	_	Begin=723.55	_	_	_	_
275-1	PKP047	275	1	invece	invece	_	_	_	_	_	linguistic	_	ContainsVariation=No	_	_	_	_	_	_
275-2	PKP047	275	2	hai	hai	_	_	_	_	_	linguistic	_	ContainsVariation=No	_	_	_	_	_	_
275-3	PKP047	275	3	visto	visto	_	_	_	_	_	linguistic	_	ContainsVariation=No	_	_	_	_	_	_
275-4	PKP047	275	4	i	i	_	_	_	_	_	linguistic	_	ContainsVariation=No	_	_	_	_	_	_
275-5	PKP047	275	5	fratelli	fratelli	_	_	_	_	_	linguistic	_	ContainsVariation=No	_	_	_	_	_	_
275-6	PKP047	275	6	bianco	bianco	_	_	_	_	_	linguistic	_	ContainsVariation=No	_	_	_	_	_	_
275-7	PKP047	275	7	che	che	_	_	_	_	_	linguistic	_	ContainsVariation=No	_	_	_	_	_	_
275-8	PKP047	275	8	si	si	_	_	_	_	_	linguistic	_	ContainsVariation=No	_	_	_	_	_	_
275-9	PKP047	275	9	allenano	allenano	_	_	_	_	_	linguistic	_	ContainsVariation=No	_	_	_	_	_	_
275-10	PKP047	275	10	con	con	_	_	_	_	_	linguistic	_	ContainsVariation=No	_	_	_	_	_	_
275-11	PKP047	275	11	neri	neri	_	_	_	_	_	linguistic	_	ContainsVariation=No	_	_	_	_	_	_
275-12	PKP047	275	12	ma	ma	_	_	_	_	_	linguistic	_	ContainsVariation=No	_	_	_	_	_	_
275-13	PKP047	275	13	so~	so~	_	_	_	_	_	linguistic	_	ContainsVariation=No	Interrupted=Yes	_	_	_	_	_
275-14	PKP047	275	14	sono:	sono	_	_	_	_	_	linguistic	_	ContainsVariation=No	_	_	3x1	_	_	_
275-15	PKP047	275	15	<uguali>	uguali	_	_	_	_	_	linguistic	_	ContainsVariation=No	_	_	_	Slow=0-6(0)	_	_
275-16	PKP047	275	16	proprio	proprio	_	_	_	_	_	linguistic	_	ContainsVariation=No	_	End=728.43	_	_	_	_
276-0	PKP040	276	0	forse	forse	_	_	_	_	_	linguistic	_	ContainsVariation=No	_	Begin=730.08	_	_	_	_
276-1	PKP040	276	1	gli	gli	_	_	_	_	_	linguistic	_	ContainsVariation=No	_	_	_	_	_	_
276-2	PKP040	276	2	ulimi	ulimi	_	_	_	_	_	linguistic	_	ContainsVariation=No	_	_	_	_	_	_
276-3	PKP040	276	3	[du:e]	due	_	_	_	_	_	linguistic	_	ContainsVariation=No	_	End=731.29	1x1	_	_	0-3(91)
277-0	PKP041	277	0	[il	il	_	_	_	_	_	linguistic	_	ContainsVariation=No	_	Begin=730.87	_	_	_	0-2(91)
277-1	PKP041	277	1	più	più	_	_	_	_	_	linguistic	_	ContainsVariation=No	_	_	_	_	_	0-3(91)
277-2	PKP041	277	2	pi]ccolo	piccolo	_	_	_	_	_	linguistic	_	ContainsVariation=No	_	_	_	_	_	0-2(91)
277-3	PKP041	277	3	no	no	_	_	_	_	_	linguistic	_	ContainsVariation=No	_	End=731.82	_	_	_	_
278-0	PKP040	278	0	no?	no	_	_	_	_	_	linguistic	_	ContainsVariation=No	Intonation=Rising	Begin=732.187|End=732.42	_	_	_	_
279-0	PKP041	279	0	mh	mh	_	_	_	_	_	linguistic	_	ContainsVariation=No	_	Begin=735.99	_	_	_	_
279-1	PKP041	279	1	buonissima	buonissima	_	_	_	_	_	linguistic	_	ContainsVariation=No	_	_	_	_	_	_
279-2	PKP041	279	2	questa	questa	_	_	_	_	_	linguistic	_	ContainsVariation=No	_	End=737.27	_	_	_	_
280-0	PKP039	280	0	quella	quella	_	_	_	_	_	linguistic	_	ContainsVariation=No	_	Begin=739.15	_	_	_	_
280-1	PKP039	280	1	al	al	_	_	_	_	_	linguistic	_	ContainsVariation=No	_	_	_	_	_	_
280-2	PKP039	280	2	pomodoro	pomodoro	_	_	_	_	_	linguistic	_	ContainsVariation=No	_	_	_	_	_	_
280-3	PKP039	280	3	[era	era	_	_	_	_	_	linguistic	_	ContainsVariation=No	_	_	_	_	_	0-3(92)
280-4	PKP039	280	4	buona]	buona	_	_	_	_	_	linguistic	_	ContainsVariation=No	_	End=740.46	_	_	_	0-5(92)
281-0	PKP040	281	0	[peccato	peccato	_	_	_	_	_	linguistic	_	ContainsVariation=No	_	Begin=739.68	_	_	_	0-7(92)
281-1	PKP040	281	1	io	io	_	_	_	_	_	linguistic	_	ContainsVariation=No	_	_	_	_	_	0-2(92)
281-2	PKP040	281	2	l'	l'	_	_	_	_	_	linguistic	_	ContainsVariation=No	SpaceAfter=No	_	_	_	_	0-2(92)
281-3	PKP040	281	3	u]nica	unica	_	_	_	_	_	linguistic	_	ContainsVariation=No	_	_	_	_	_	0-1(92)
281-4	PKP040	281	4	che	che	_	_	_	_	_	linguistic	_	ContainsVariation=No	_	_	_	_	_	_
281-5	PKP040	281	5	ho	ho	_	_	_	_	_	linguistic	_	ContainsVariation=No	_	_	_	_	_	_
281-6	PKP040	281	6	mangiato	mangiato	_	_	_	_	_	linguistic	_	ContainsVariation=No	_	_	_	_	_	_
281-7	PKP040	281	7	era	era	_	_	_	_	_	linguistic	_	ContainsVariation=No	_	_	_	_	_	_
281-8	PKP040	281	8	pure	pure	_	_	_	_	_	linguistic	_	ContainsVariation=No	_	_	_	_	_	_
281-9	PKP040	281	9	piccante	piccante	_	_	_	_	_	linguistic	_	ContainsVariation=No	_	End=742.77	_	_	_	_
282-0	PKP039	282	0	# che	che	_	_	_	_	_	linguistic	_	ContainsVariation=Yes|Variety=Unsure	_	Begin=745.35	_	_	_	_
282-1	PKP039	282	1	poi	poi	_	_	_	_	_	linguistic	_	ContainsVariation=Yes|Variety=Unsure	_	_	_	_	_	_
282-2	PKP039	282	2	quella	quella	_	_	_	_	_	linguistic	_	ContainsVariation=Yes|Variety=Unsure	_	_	_	_	_	_
282-3	PKP039	282	3	è	è	_	_	_	_	_	linguistic	_	ContainsVariation=Yes|Variety=Unsure	_	_	_	_	_	_
282-4	PKP039	282	4	la	la	_	_	_	_	_	linguistic	_	ContainsVariation=Yes|Variety=Unsure	_	_	_	_	_	_
282-5	PKP039	282	5	puddica	puddica	_	_	_	_	_	linguistic	_	ContainsVariation=Yes|Variety=Unsure	_	_	_	_	_	_
282-6	PKP039	282	6	eh	eh	_	_	_	_	_	linguistic	_	ContainsVariation=Yes|Variety=Unsure	_	_	_	_	_	_
282-7	PKP039	282	7	[xxxx]	xxxx	_	_	_	_	_	unknown	_	ContainsVariation=Yes	Syllables=4	End=746.514	_	_	_	0-4(?)
283-0	PKP040	283	0	[eh	eh	_	_	_	_	_	linguistic	_	ContainsVariation=No	_	Begin=746.514	_	_	_	0-2(?)
283-1	PKP040	283	1	si	si	_	_	_	_	_	linguistic	_	ContainsVariation=No	_	_	_	_	_	0-2(?)
283-2	PKP040	283	2	però:]	però	_	_	_	_	_	linguistic	_	ContainsVariation=No	PauseAfter=Yes	_	3x1	_	_	0-4(?)
283-3	PKP040	283	3	(.)	(.)	_	_	_	_	_	shortpause	_	ContainsVariation=No	_	_	_	_	_	_
283-4	PKP040	283	4	però	però	_	_	_	_	_	linguistic	_	ContainsVariation=No	_	_	_	_	_	_
283-5	PKP040	283	5	non	non	_	_	_	_	_	linguistic	_	ContainsVariation=No	_	_	_	_	_	_
283-6	PKP040	283	6	è	è	_	_	_	_	_	linguistic	_	ContainsVariation=No	_	_	_	_	_	_
283-7	PKP040	283	7	piccante	piccante	_	_	_	_	_	linguistic	_	ContainsVariation=No	_	_	_	_	_	_
283-8	PKP040	283	8	di	di	_	_	_	_	_	linguistic	_	ContainsVariation=No	_	_	_	_	_	_
283-9	PKP040	283	9	solito	solito	_	_	_	_	_	linguistic	_	ContainsVariation=No	_	_	_	_	_	_
283-10	PKP040	283	10	eh:	eh	_	_	_	_	_	linguistic	_	ContainsVariation=No	_	_	1x1	_	_	_
283-11	PKP040	283	11	ci	ci	_	_	_	_	_	linguistic	_	ContainsVariation=No	_	_	_	_	_	_
283-12	PKP040	283	12	sono	sono	_	_	_	_	_	linguistic	_	ContainsVariation=No	_	_	_	_	_	_
283-13	PKP040	283	13	[i	i	_	_	_	_	_	linguistic	_	ContainsVariation=No	_	_	_	_	_	0-1(?)
283-14	PKP040	283	14	come	come	_	_	_	_	_	linguistic	_	ContainsVariation=No	_	_	_	_	_	0-4(?)
283-15	PKP040	283	15	si	si	_	_	_	_	_	linguistic	_	ContainsVariation=No	_	_	_	_	_	0-2(?)
283-16	PKP040	283	16	chia:ma	chiama	_	_	_	_	_	linguistic	_	ContainsVariation=No	_	_	3x1	_	_	0-6(?)
283-17	PKP040	283	17	i:	i	_	_	_	_	_	linguistic	_	ContainsVariation=No	_	_	0x1	_	_	0-1(?)
283-18	PKP040	283	18	ca~	ca~	_	_	_	_	_	linguistic	_	ContainsVariation=No	Interrupted=Yes	_	_	_	_	0-3(?)
283-19	PKP040	283	19	i	i	_	_	_	_	_	linguistic	_	ContainsVariation=No	_	_	_	_	_	0-1(?)
283-20	PKP040	283	20	ca:pperi]	capperi	_	_	_	_	_	linguistic	_	ContainsVariation=No	_	_	1x1	_	_	0-7(?)
283-21	PKP040	283	21	magari	magari	_	_	_	_	_	linguistic	_	ContainsVariation=No	_	_	_	_	_	_
283-22	PKP040	283	22	ma	ma	_	_	_	_	_	linguistic	_	ContainsVariation=No	_	_	_	_	_	_
283-23	PKP040	283	23	lì	lì	_	_	_	_	_	linguistic	_	ContainsVariation=No	_	_	_	_	_	_
283-24	PKP040	283	24	hanno	hanno	_	_	_	_	_	linguistic	_	ContainsVariation=No	_	_	_	_	_	_
283-25	PKP040	283	25	messo	messo	_	_	_	_	_	linguistic	_	ContainsVariation=No	_	_	_	_	_	_
283-26	PKP040	283	26	proprio	proprio	_	_	_	_	_	linguistic	_	ContainsVariation=No	_	_	_	_	_	_
283-27	PKP040	283	27	c'	c'	_	_	_	_	_	linguistic	_	ContainsVariation=No	SpaceAfter=No	_	_	_	_	_
283-28	PKP040	283	28	era	era	_	_	_	_	_	linguistic	_	ContainsVariation=No	_	_	_	_	_	_
283-29	PKP040	283	29	proprio	proprio	_	_	_	_	_	linguistic	_	ContainsVariation=No	_	_	_	_	_	_
283-30	PKP040	283	30	il	il	_	_	_	_	_	linguistic	_	ContainsVariation=No	_	_	_	_	_	_
283-31	PKP040	283	31	peperoncino	peperoncino	_	_	_	_	_	linguistic	_	ContainsVariation=No	_	End=756.19	_	_	_	_
284-0	PKP047	284	0	[papà	papà	_	_	_	_	_	linguistic	_	ContainsVariation=No	_	Begin=749.68	_	_	_	0-4(93)
284-1	PKP047	284	1	ma	ma	_	_	_	_	_	linguistic	_	ContainsVariation=No	_	_	_	_	_	0-2(93)
284-2	PKP047	284	2	come	come	_	_	_	_	_	linguistic	_	ContainsVariation=No	_	_	_	_	_	0-4(93)
284-3	PKP047	284	3	la	la	_	_	_	_	_	linguistic	_	ContainsVariation=No	_	_	_	_	_	0-2(93)
284-4	PKP047	284	4	stai	stai	_	_	_	_	_	linguistic	_	ContainsVariation=No	_	_	_	_	_	0-4(93)
284-5	PKP047	284	5	versando	versando	_	_	_	_	_	linguistic	_	ContainsVariation=No	_	_	_	_	_	0-8(93)
284-6	PKP047	284	6	l'	l'	_	_	_	_	_	linguistic	_	ContainsVariation=No	SpaceAfter=No	_	_	_	_	0-2(93)
284-7	PKP047	284	7	acqua]	acqua	_	_	_	_	_	linguistic	_	ContainsVariation=No	_	End=752.145	_	_	_	0-5(93)
285-0	PKP040	285	0	mi	mi	_	_	_	_	_	linguistic	_	ContainsVariation=No	_	Begin=757.6	_	_	_	_
285-1	PKP040	285	1	sta	sta	_	_	_	_	_	linguistic	_	ContainsVariation=No	_	_	_	_	_	_
285-2	PKP040	285	2	facendo	facendo	_	_	_	_	_	linguistic	_	ContainsVariation=No	_	_	_	_	_	_
285-3	PKP040	285	3	tutto	tutto	_	_	_	_	_	linguistic	_	ContainsVariation=No	_	_	_	_	_	_
285-4	PKP040	285	4	il	il	_	_	_	_	_	linguistic	_	ContainsVariation=No	_	_	_	_	_	_
285-5	PKP040	285	5	palato	palato	_	_	_	_	_	linguistic	_	ContainsVariation=No	_	End=759.11	_	_	_	_
286-0	PKP040	286	0	c'	c'	_	_	_	_	_	linguistic	_	ContainsVariation=No	SpaceAfter=No	Begin=763.47	_	_	_	_
286-1	PKP040	286	1	hai	hai	_	_	_	_	_	linguistic	_	ContainsVariation=No	_	_	_	_	_	_
286-2	PKP040	286	2	la	la	_	_	_	_	_	linguistic	_	ContainsVariation=No	_	_	_	_	_	_
286-3	PKP040	286	3	felpa	felpa	_	_	_	_	_	linguistic	_	ContainsVariation=No	_	_	_	_	_	_
286-4	PKP040	286	4	è	è	_	_	_	_	_	linguistic	_	ContainsVariation=No	_	_	_	_	_	_
286-5	PKP040	286	5	come	come	_	_	_	_	_	linguistic	_	ContainsVariation=No	_	_	_	_	_	_
286-6	PKP040	286	6	i	i	_	_	_	_	_	linguistic	_	ContainsVariation=No	_	_	_	_	_	_
286-7	PKP040	286	7	tuoi	tuoi	_	_	_	_	_	linguistic	_	ContainsVariation=No	_	_	_	_	_	_
286-8	PKP040	286	8	occh[i]	occhi	_	_	_	_	_	linguistic	_	ContainsVariation=No	_	End=765.0	_	_	_	3-5(94)
287-0	PKP047	287	0	# [o]ggi	oggi	_	_	_	_	_	linguistic	_	ContainsVariation=Yes|Variety=Unsure	_	Begin=764.996	_	_	_	0-1(94)
287-1	PKP047	287	1	marco	marco	_	_	_	_	_	linguistic	_	ContainsVariation=Yes|Variety=Unsure	_	_	_	_	_	_
287-2	PKP047	287	2	manda	manda	_	_	_	_	_	linguistic	_	ContainsVariation=Yes|Variety=Unsure	_	_	_	_	_	_
287-3	PKP047	287	3	la	la	_	_	_	_	_	linguistic	_	ContainsVariation=Yes|Variety=Unsure	_	_	_	_	_	_
287-4	PKP047	287	4	foto	foto	_	_	_	_	_	linguistic	_	ContainsVariation=Yes|Variety=Unsure	_	_	_	_	_	_
287-5	PKP047	287	5	le	le	_	_	_	_	_	linguistic	_	ContainsVariation=Yes|Variety=Unsure	_	_	_	_	_	_
287-6	PKP047	287	6	chiacchiere	chiacchiere	_	_	_	_	_	linguistic	_	ContainsVariation=Yes|Variety=Unsure	_	_	_	_	_	_
287-7	PKP047	287	7	stanno	stanno	_	_	_	_	_	linguistic	_	ContainsVariation=Yes|Variety=Unsure	_	_	_	_	_	_
287-8	PKP047	287	8	a	a	_	_	_	_	_	linguistic	_	ContainsVariation=Yes|Variety=Unsure	_	_	_	_	_	_
287-9	PKP047	287	9	zero	zero	_	_	_	_	_	linguistic	_	ContainsVariation=Yes|Variety=Unsure	_	_	_	_	_	_
287-10	PKP047	287	10	sta	sta	_	_	_	_	_	linguistic	_	ContainsVariation=Yes|Variety=Unsure	_	_	_	_	_	_
287-11	PKP047	287	11	a	a	_	_	_	_	_	linguistic	_	ContainsVariation=Yes|Variety=Unsure	_	_	_	_	_	_
287-12	PKP047	287	12	face'	face'	_	_	_	_	_	linguistic	_	ContainsVariation=Yes|Variety=Unsure	Truncated=Yes	_	_	_	_	_
287-13	PKP047	287	13	le	le	_	_	_	_	_	linguistic	_	ContainsVariation=Yes|Variety=Unsure	_	_	_	_	_	_
287-14	PKP047	287	14	tigelle	tigelle	_	_	_	_	_	linguistic	_	ContainsVariation=Yes|Variety=Unsure	_	End=770.06	_	_	_	_
288-0	PKP040	288	0	mh	mh	_	_	_	_	_	linguistic	_	ContainsVariation=No	_	Begin=770.46|End=770.738	_	_	_	_
289-0	PKP047	289	0	ah	ah	_	_	_	_	_	linguistic	_	ContainsVariation=No	_	Begin=771.235	_	_	_	_
289-1	PKP047	289	1	si	si	_	_	_	_	_	linguistic	_	ContainsVariation=No	_	_	_	_	_	_
289-2	PKP047	289	2	sta~	sta~	_	_	_	_	_	linguistic	_	ContainsVariation=No	Interrupted=Yes	_	_	_	_	_
289-3	PKP047	289	3	si	si	_	_	_	_	_	linguistic	_	ContainsVariation=No	_	_	_	_	_	_
289-4	PKP047	289	4	è	è	_	_	_	_	_	linguistic	_	ContainsVariation=No	_	_	_	_	_	_
289-5	PKP047	289	5	fatto	fatto	_	_	_	_	_	linguistic	_	ContainsVariation=No	_	_	_	_	_	_
289-6	PKP047	289	6	a	a	_	_	_	_	_	linguistic	_	ContainsVariation=No	_	_	_	_	_	_
289-7	PKP047	289	7	pranzo	pranzo	_	_	_	_	_	linguistic	_	ContainsVariation=No	_	_	_	_	_	_
289-8	PKP047	289	8	come	come	_	_	_	_	_	linguistic	_	ContainsVariation=No	_	_	_	_	_	_
289-9	PKP047	289	9	antipasto	antipasto	_	_	_	_	_	linguistic	_	ContainsVariation=No	_	_	_	_	_	_
289-10	PKP047	289	10	dieci	dieci	_	_	_	_	_	linguistic	_	ContainsVariation=No	_	_	_	_	_	_
289-11	PKP047	289	11	tige:lle	tigelle	_	_	_	_	_	linguistic	_	ContainsVariation=No	_	End=774.53	3x1	_	_	_
290-0	PKP047	290	0	c'	c'	_	_	_	_	_	linguistic	_	ContainsVariation=No	SpaceAfter=No	Begin=776.003	_	_	_	_
290-1	PKP047	290	1	erano	erano	_	_	_	_	_	linguistic	_	ContainsVariation=No	_	_	_	_	_	_
290-2	PKP047	290	2	dieci	dieci	_	_	_	_	_	linguistic	_	ContainsVariation=No	_	_	_	_	_	_
290-3	PKP047	290	3	dieci	dieci	_	_	_	_	_	linguistic	_	ContainsVariation=No	_	_	_	_	_	_
290-4	PKP047	290	4	piattini	piattini	_	_	_	_	_	linguistic	_	ContainsVariation=No	_	_	_	_	_	_
290-5	PKP047	290	5	di	di	_	_	_	_	_	linguistic	_	ContainsVariation=No	_	_	_	_	_	_
290-6	PKP047	290	6	pla:stica	plastica	_	_	_	_	_	linguistic	_	ContainsVariation=No	_	End=778.696	2x1	_	_	_
291-0	PKP047	291	0	uno	uno	_	_	_	_	_	linguistic	_	ContainsVariation=No	_	Begin=779.153	_	_	_	_
291-1	PKP047	291	1	con	con	_	_	_	_	_	linguistic	_	ContainsVariation=No	_	_	_	_	_	_
291-2	PKP047	291	2	i	i	_	_	_	_	_	linguistic	_	ContainsVariation=No	_	_	_	_	_	_
291-3	PKP047	291	3	pomodori:ni	pomodorini	_	_	_	_	_	linguistic	_	ContainsVariation=No	_	_	7x1	_	_	_
291-4	PKP047	291	4	u:no	uno	_	_	_	_	_	linguistic	_	ContainsVariation=No	_	_	0x1	_	_	_
291-5	PKP047	291	5	con	con	_	_	_	_	_	linguistic	_	ContainsVariation=No	_	_	_	_	_	_
291-6	PKP047	291	6	le	le	_	_	_	_	_	linguistic	_	ContainsVariation=No	_	_	_	_	_	_
291-7	PKP047	291	7	oli:ve	olive	_	_	_	_	_	linguistic	_	ContainsVariation=No	_	_	2x1	_	_	_
291-8	PKP047	291	8	uno	uno	_	_	_	_	_	linguistic	_	ContainsVariation=No	_	_	_	_	_	_
291-9	PKP047	291	9	cos~	cos~	_	_	_	_	_	linguistic	_	ContainsVariation=No	Interrupted=Yes	_	_	_	_	_
291-10	PKP047	291	10	ho	ho	_	_	_	_	_	linguistic	_	ContainsVariation=No	_	_	_	_	_	_
291-11	PKP047	291	11	fatto:	fatto	_	_	_	_	_	linguistic	_	ContainsVariation=No	_	_	4x1	_	_	_
291-12	PKP047	291	12	ho	ho	_	_	_	_	_	linguistic	_	ContainsVariation=No	_	_	_	_	_	_
291-13	PKP047	291	13	fatto	fatto	_	_	_	_	_	linguistic	_	ContainsVariation=No	_	_	_	_	_	_
291-14	PKP047	291	14	cioè	cioè	_	_	_	_	_	linguistic	_	ContainsVariation=No	_	_	_	_	_	_
291-15	PKP047	291	15	ma:	ma	_	_	_	_	_	linguistic	_	ContainsVariation=No	_	_	1x1	_	_	_
291-16	PKP047	291	16	un	un	_	_	_	_	_	linguistic	_	ContainsVariation=No	_	_	_	_	_	_
291-17	PKP047	291	17	insulto	insulto	_	_	_	_	_	linguistic	_	ContainsVariation=No	_	_	_	_	_	_
291-18	PKP047	291	18	a	a	_	_	_	_	_	linguistic	_	ContainsVariation=No	_	_	_	_	_	_
291-19	PKP047	291	19	greta	greta	_	_	_	_	_	linguistic	_	ContainsVariation=No	_	_	_	_	_	_
291-20	PKP047	291	20	veramente	veramente	_	_	_	_	_	linguistic	_	ContainsVariation=No	_	End=786.33	_	_	_	_
292-0	PKP040	292	0	no	no	_	_	_	_	_	linguistic	_	ContainsVariation=No	_	Begin=786.91	_	_	_	_
292-1	PKP040	292	1	ma	ma	_	_	_	_	_	linguistic	_	ContainsVariation=No	_	_	_	_	_	_
292-2	PKP040	292	2	non	non	_	_	_	_	_	linguistic	_	ContainsVariation=No	_	_	_	_	_	_
292-3	PKP040	292	3	ho	ho	_	_	_	_	_	linguistic	_	ContainsVariation=No	_	_	_	_	_	_
292-4	PKP040	292	4	molta	molta	_	_	_	_	_	linguistic	_	ContainsVariation=No	_	_	_	_	_	_
292-5	PKP040	292	5	stima	stima	_	_	_	_	_	linguistic	_	ContainsVariation=No	_	_	_	_	_	_
292-6	PKP040	292	6	eh	eh	_	_	_	_	_	linguistic	_	ContainsVariation=No	_	_	_	_	_	_
292-7	PKP040	292	7	gli	gli	_	_	_	_	_	linguistic	_	ContainsVariation=No	_	_	_	_	_	_
292-8	PKP040	292	8	voglio	voglio	_	_	_	_	_	linguistic	_	ContainsVariation=No	_	_	_	_	_	_
292-9	PKP040	292	9	be:ne	bene	_	_	_	_	_	linguistic	_	ContainsVariation=No	_	_	1x1	_	_	_
292-10	PKP040	292	10	però:	però	_	_	_	_	_	linguistic	_	ContainsVariation=No	_	End=789.59	3x1	_	_	_
293-0	PKP047	293	0	no	no	_	_	_	_	_	linguistic	_	ContainsVariation=No	_	Begin=792.577	_	_	_	_
293-1	PKP047	293	1	poi	poi	_	_	_	_	_	linguistic	_	ContainsVariation=No	_	_	_	_	_	_
293-2	PKP047	293	2	c'	c'	_	_	_	_	_	linguistic	_	ContainsVariation=No	SpaceAfter=No	_	_	_	_	_
293-3	PKP047	293	3	ha	ha	_	_	_	_	_	linguistic	_	ContainsVariation=No	_	_	_	_	_	_
293-4	PKP047	293	4	quel	quel	_	_	_	_	_	linguistic	_	ContainsVariation=No	_	_	_	_	_	_
293-5	PKP047	293	5	io	io	_	_	_	_	_	linguistic	_	ContainsVariation=No	_	_	_	_	_	_
293-6	PKP047	293	6	ec~	ec~	_	_	_	_	_	linguistic	_	ContainsVariation=No	Interrupted=Yes	_	_	_	_	_
293-7	PKP047	293	7	io	io	_	_	_	_	_	linguistic	_	ContainsVariation=No	_	_	_	_	_	_
293-8	PKP047	293	8	io:	io	_	_	_	_	_	linguistic	_	ContainsVariation=No	_	_	1x1	_	_	_
293-9	PKP047	293	9	lì:	lì	_	_	_	_	_	linguistic	_	ContainsVariation=No	_	_	1x1	_	_	_
293-10	PKP047	293	10	riconosco	riconosco	_	_	_	_	_	linguistic	_	ContainsVariation=No	_	_	_	_	_	_
293-11	PKP047	293	11	il	il	_	_	_	_	_	linguistic	_	ContainsVariation=No	_	_	_	_	_	_
293-12	PKP047	293	12	limite:	limite	_	_	_	_	_	linguistic	_	ContainsVariation=No	_	_	5x1	_	_	_
293-13	PKP047	293	13	di	di	_	_	_	_	_	linguistic	_	ContainsVariation=No	_	_	_	_	_	_
293-14	PKP047	293	14	marco	marco	_	_	_	_	_	linguistic	_	ContainsVariation=No	_	End=796.063	_	_	_	_
294-0	PKP047	294	0	c'	c'	_	_	_	_	_	linguistic	_	ContainsVariation=No	SpaceAfter=No	Begin=796.62	_	_	_	_
294-1	PKP047	294	1	ha	ha	_	_	_	_	_	linguistic	_	ContainsVariation=No	_	_	_	_	_	_
294-2	PKP047	294	2	questa	questa	_	_	_	_	_	linguistic	_	ContainsVariation=No	_	_	_	_	_	_
294-3	PKP047	294	3	cosa	cosa	_	_	_	_	_	linguistic	_	ContainsVariation=No	_	_	_	_	_	_
294-4	PKP047	294	4	qua:	qua	_	_	_	_	_	linguistic	_	ContainsVariation=No	_	_	2x1	_	_	_
294-5	PKP047	294	5	che:	che	_	_	_	_	_	linguistic	_	ContainsVariation=No	_	_	2x1	_	_	_
294-6	PKP047	294	6	non	non	_	_	_	_	_	linguistic	_	ContainsVariation=No	_	_	_	_	_	_
294-7	PKP047	294	7	lo	lo	_	_	_	_	_	linguistic	_	ContainsVariation=No	_	_	_	_	_	_
294-8	PKP047	294	8	so	so	_	_	_	_	_	linguistic	_	ContainsVariation=No	_	_	_	_	_	_
294-9	PKP047	294	9	se	se	_	_	_	_	_	linguistic	_	ContainsVariation=No	_	_	_	_	_	_
294-10	PKP047	294	10	poco	poco	_	_	_	_	_	linguistic	_	ContainsVariation=No	_	_	_	_	_	_
294-11	PKP047	294	11	poco	poco	_	_	_	_	_	linguistic	_	ContainsVariation=No	_	_	_	_	_	_
294-12	PKP047	294	12	gli	gli	_	_	_	_	_	linguistic	_	ContainsVariation=No	_	_	_	_	_	_
294-13	PKP047	294	13	dici	dici	_	_	_	_	_	linguistic	_	ContainsVariation=No	_	_	_	_	_	_
294-14	PKP047	294	14	madò	madò	_	_	_	_	_	linguistic	_	ContainsVariation=No	_	_	_	_	_	_
294-15	PKP047	294	15	mà:	mà	_	_	_	_	_	linguistic	_	ContainsVariation=No	_	_	1x1	_	_	_
294-16	PKP047	294	16	dai:	dai	_	_	_	_	_	linguistic	_	ContainsVariation=No	_	_	2x1	_	_	_
294-17	PKP047	294	17	non	non	_	_	_	_	_	linguistic	_	ContainsVariation=No	_	_	_	_	_	_
294-18	PKP047	294	18	inquinare	inquinare	_	_	_	_	_	linguistic	_	ContainsVariation=No	_	End=801.726	_	_	_	_
295-0	PKP047	295	0	eh	eh	_	_	_	_	_	linguistic	_	ContainsVariation=No	_	Begin=802.22	_	_	_	_
295-1	PKP047	295	1	ricchio~	ricchio~	_	_	_	_	_	linguistic	_	ContainsVariation=No	Interrupted=Yes	_	_	_	_	_
295-2	PKP047	295	2	>si	si	_	_	_	_	_	linguistic	_	ContainsVariation=No	_	_	_	Fast=0-2(0)	_	_
295-3	PKP047	295	3	propria	propria	_	_	_	_	_	linguistic	_	ContainsVariation=No	_	_	_	Fast=0-7(0)	_	_
295-4	PKP047	295	4	nu	nu	_	_	_	_	_	linguistic	_	ContainsVariation=No	_	_	_	Fast=0-2(0)	_	_
295-5	PKP047	295	5	ricchione<	ricchione	_	_	_	_	_	linguistic	_	ContainsVariation=No	_	_	_	Fast=0-9(0)	_	_
295-6	PKP047	295	6	cioè	cioè	_	_	_	_	_	linguistic	_	ContainsVariation=No	_	_	_	_	_	_
295-7	PKP047	295	7	questa	questa	_	_	_	_	_	linguistic	_	ContainsVariation=No	_	_	_	_	_	_
295-8	PKP047	295	8	concezione	concezione	_	_	_	_	_	linguistic	_	ContainsVariation=No	_	_	_	_	_	_
295-9	PKP047	295	9	qua:	qua	_	_	_	_	_	linguistic	_	ContainsVariation=No	_	_	2x1	_	_	_
295-10	PKP047	295	10	no?	no	_	_	_	_	_	linguistic	_	ContainsVariation=No	Intonation=Rising	End=806.113	_	_	_	_
296-0	PKP047	296	0	che::	che	_	_	_	_	_	linguistic	_	ContainsVariation=No	_	Begin=807.407	2x2	_	_	_
296-1	PKP047	296	1	veramente	veramente	_	_	_	_	_	linguistic	_	ContainsVariation=No	_	_	_	_	_	_
296-2	PKP047	296	2	[io:	io	_	_	_	_	_	linguistic	_	ContainsVariation=No	_	_	1x1	_	_	0-2(95)
296-3	PKP047	296	3	non	non	_	_	_	_	_	linguistic	_	ContainsVariation=No	_	_	_	_	_	0-3(95)
296-4	PKP047	296	4	concepisco	concepisco	_	_	_	_	_	linguistic	_	ContainsVariation=No	_	_	_	_	_	0-10(95)
296-5	PKP047	296	5	più:	più	_	_	_	_	_	linguistic	_	ContainsVariation=No	_	_	2x1	_	_	0-3(95)
296-6	PKP047	296	6	i]	i	_	_	_	_	_	linguistic	_	ContainsVariation=No	_	_	_	_	_	0-1(95)
296-7	PKP047	296	7	n	n	_	_	_	_	_	linguistic	_	ContainsVariation=No	_	_	_	_	_	_
296-8	PKP047	296	8	questa	questa	_	_	_	_	_	linguistic	_	ContainsVariation=No	_	_	_	_	_	_
296-9	PKP047	296	9	società:	società	_	_	_	_	_	linguistic	_	ContainsVariation=No	_	_	6x1	_	_	_
296-10	PKP047	296	10	verame:nte	veramente	_	_	_	_	_	linguistic	_	ContainsVariation=No	_	End=812.993	5x1	_	_	_
297-0	PKP040	297	0	[di	di	_	_	_	_	_	linguistic	_	ContainsVariation=No	_	Begin=808.78	_	_	_	0-2(95)
297-1	PKP040	297	1	offendere]	offendere	_	_	_	_	_	linguistic	_	ContainsVariation=No	_	End=809.54	_	_	_	0-9(95)
298-0	PKP047	298	0	cioè:	cioè	_	_	_	_	_	linguistic	_	ContainsVariation=No	_	Begin=813.226	3x1	_	_	_
298-1	PKP047	298	1	che:	che	_	_	_	_	_	linguistic	_	ContainsVariation=No	_	_	2x1	_	_	_
298-2	PKP047	298	2	ogni	ogni	_	_	_	_	_	linguistic	_	ContainsVariation=No	_	_	_	_	_	_
298-3	PKP047	298	3	co:sa	cosa	_	_	_	_	_	linguistic	_	ContainsVariation=No	_	_	1x1	_	_	_
298-4	PKP047	298	4	deve	deve	_	_	_	_	_	linguistic	_	ContainsVariation=No	_	_	_	_	_	_
298-5	PKP047	298	5	essere	essere	_	_	_	_	_	linguistic	_	ContainsVariation=No	_	_	_	_	_	_
298-6	PKP047	298	6	verament[e:]	veramente	_	_	_	_	_	linguistic	_	ContainsVariation=No	_	_	8x1	_	_	8-9(96)
298-7	PKP047	298	7	offensi~	offensi~	_	_	_	_	_	linguistic	_	ContainsVariation=No	Interrupted=Yes	_	_	_	_	_
298-8	PKP047	298	8	si	si	_	_	_	_	_	linguistic	_	ContainsVariation=No	_	_	_	_	_	_
298-9	PKP047	298	9	ma	ma	_	_	_	_	_	linguistic	_	ContainsVariation=No	_	_	_	_	_	_
298-10	PKP047	298	10	come	come	_	_	_	_	_	linguistic	_	ContainsVariation=No	_	_	_	_	_	_
298-11	PKP047	298	11	sia	sia	_	_	_	_	_	linguistic	_	ContainsVariation=No	_	_	_	_	_	_
298-12	PKP047	298	12	ma(i)	mai	_	_	_	_	_	linguistic	_	ContainsVariation=No	_	_	_	_	2-3(0)	_
298-13	PKP047	298	13	che	che	_	_	_	_	_	linguistic	_	ContainsVariation=No	_	_	_	_	_	_
298-14	PKP047	298	14	un	un	_	_	_	_	_	linguistic	_	ContainsVariation=No	_	_	_	_	_	_
298-15	PKP047	298	15	maschio	maschio	_	_	_	_	_	linguistic	_	ContainsVariation=No	_	_	_	_	_	_
298-16	PKP047	298	16	non	non	_	_	_	_	_	linguistic	_	ContainsVariation=No	_	_	_	_	_	_
298-17	PKP047	298	17	si	si	_	_	_	_	_	linguistic	_	ContainsVariation=No	_	_	_	_	_	_
298-18	PKP047	298	18	può	può	_	_	_	_	_	linguistic	_	ContainsVariation=No	_	_	_	_	_	_
298-19	PKP047	298	19	interessare	interessare	_	_	_	_	_	linguistic	_	ContainsVariation=No	_	_	_	_	_	_
298-20	PKP047	298	20	poi	poi	_	_	_	_	_	linguistic	_	ContainsVariation=No	_	_	_	_	_	_
298-21	PKP047	298	21	dopo	dopo	_	_	_	_	_	linguistic	_	ContainsVariation=No	_	_	_	_	_	_
298-22	PKP047	298	22	magari	magari	_	_	_	_	_	linguistic	_	ContainsVariation=No	_	_	_	_	_	_
298-23	PKP047	298	23	si	si	_	_	_	_	_	linguistic	_	ContainsVariation=No	_	_	_	_	_	_
298-24	PKP047	298	24	fa	fa	_	_	_	_	_	linguistic	_	ContainsVariation=No	_	_	_	_	_	_
298-25	PKP047	298	25	dare	dare	_	_	_	_	_	linguistic	_	ContainsVariation=No	_	_	_	_	_	_
298-26	PKP047	298	26	[dal]	dal	_	_	_	_	_	linguistic	_	ContainsVariation=No	_	End=821.81	_	_	_	0-3(97)
299-0	PKP040	299	0	[offensiva]	offensiva	_	_	_	_	_	linguistic	_	ContainsVariation=No	_	Begin=816.28|End=816.93	_	_	_	0-9(96)
300-0	PKP040	300	0	[ah]	ah	_	_	_	_	_	linguistic	_	ContainsVariation=No	_	Begin=821.59	_	_	_	0-2(97)
300-1	PKP040	300	1	che	che	_	_	_	_	_	linguistic	_	ContainsVariation=No	_	_	_	_	_	_
300-2	PKP040	300	2	non	non	_	_	_	_	_	linguistic	_	ContainsVariation=No	_	_	_	_	_	_
300-3	PKP040	300	3	è	è	_	_	_	_	_	linguistic	_	ContainsVariation=No	_	_	_	_	_	_
300-4	PKP040	300	4	viril[e]	virile	_	_	_	_	_	linguistic	_	ContainsVariation=No	_	End=822.65	_	_	_	5-6(98)
301-0	PKP041	301	0	[eh]	eh	_	_	_	_	_	linguistic	_	ContainsVariation=No	_	Begin=822.649	_	_	_	0-2(98)
301-1	PKP041	301	1	masco[linità	mascolinità	_	_	_	_	_	linguistic	_	ContainsVariation=No	_	_	_	_	_	5-11(99)
301-2	PKP041	301	2	to]ssica	tossica	_	_	_	_	_	linguistic	_	ContainsVariation=No	_	_	_	_	_	0-2(99)
301-3	PKP041	301	3	è	è	_	_	_	_	_	linguistic	_	ContainsVariation=No	_	_	_	_	_	_
301-4	PKP041	301	4	questa	questa	_	_	_	_	_	linguistic	_	ContainsVariation=No	_	End=824.54	_	_	_	_
302-0	PKP047	302	0	[si]	si	_	_	_	_	_	linguistic	_	ContainsVariation=No	_	Begin=823.21|End=823.55	_	_	_	0-2(99)
303-0	PKP047	303	0	poi	poi	_	_	_	_	_	linguistic	_	ContainsVariation=No	_	Begin=824.585	_	_	_	_
303-1	PKP047	303	1	poi	poi	_	_	_	_	_	linguistic	_	ContainsVariation=No	_	_	_	_	_	_
303-2	PKP047	303	2	dal	dal	_	_	_	_	_	linguistic	_	ContainsVariation=No	_	_	_	_	_	_
303-3	PKP047	303	3	dermatologo	dermatologo	_	_	_	_	_	linguistic	_	ContainsVariation=No	_	_	_	_	_	_
303-4	PKP047	303	4	si	si	_	_	_	_	_	linguistic	_	ContainsVariation=No	_	_	_	_	_	_
303-5	PKP047	303	5	fa	fa	_	_	_	_	_	linguistic	_	ContainsVariation=No	_	_	_	_	_	_
303-6	PKP047	303	6	dare	dare	_	_	_	_	_	linguistic	_	ContainsVariation=No	_	_	_	_	_	_
303-7	PKP047	303	7	la	la	_	_	_	_	_	linguistic	_	ContainsVariation=No	_	_	_	_	_	_
303-8	PKP047	303	8	cremi:na	cremina	_	_	_	_	_	linguistic	_	ContainsVariation=No	_	_	4x1	_	_	_
303-9	PKP047	303	9	per	per	_	_	_	_	_	linguistic	_	ContainsVariation=No	_	_	_	_	_	_
303-10	PKP047	303	10	le	le	_	_	_	_	_	linguistic	_	ContainsVariation=No	_	_	_	_	_	_
303-11	PKP047	303	11	punti:ne	puntine	_	_	_	_	_	linguistic	_	ContainsVariation=No	_	_	4x1	_	_	_
303-12	PKP047	303	12	per	per	_	_	_	_	_	linguistic	_	ContainsVariation=No	_	_	_	_	_	_
303-13	PKP047	303	13	i	i	_	_	_	_	_	linguistic	_	ContainsVariation=No	_	_	_	_	_	_
303-14	PKP047	303	14	cape:lli	capelli	_	_	_	_	_	linguistic	_	ContainsVariation=No	_	_	3x1	_	_	_
303-15	PKP047	303	15	gro:ssi	grossi	_	_	_	_	_	linguistic	_	ContainsVariation=No	_	End=829.44	2x1	_	_	_
304-0	PKP047	304	0	cioè	cioè	_	_	_	_	_	linguistic	_	ContainsVariation=No	_	Begin=833.755|End=834.06	_	_	_	_
305-0	PKP041	305	0	# stasera	stasera	_	_	_	_	_	linguistic	_	ContainsVariation=Yes|Variety=Unsure	_	Begin=834.07	_	_	_	_
305-1	PKP041	305	1	abbiamo	abbiamo	_	_	_	_	_	linguistic	_	ContainsVariation=Yes|Variety=Unsure	_	_	_	_	_	_
305-2	PKP041	305	2	minatu	minatu	_	_	_	_	_	linguistic	_	ContainsVariation=Yes|Variety=Unsure	_	_	_	_	_	_
305-3	PKP041	305	3	tanti:giorni:	tantigiorni	_	_	_	_	_	linguistic	_	ContainsVariation=Yes|Variety=Unsure	_	_	4x1,10x1	_	_	_
305-4	PKP041	305	4	di:	di	_	_	_	_	_	linguistic	_	ContainsVariation=Yes|Variety=Unsure	_	_	1x1	_	_	_
305-5	PKP041	305	5	attenzione	attenzione	_	_	_	_	_	linguistic	_	ContainsVariation=Yes|Variety=Unsure	_	End=837.29	_	_	_	_
306-0	PKP047	306	0	eh	eh	_	_	_	_	_	linguistic	_	ContainsVariation=No	_	Begin=838.57|End=839.47	_	_	_	_
307-0	PKP039	307	0	un	un	_	_	_	_	_	linguistic	_	ContainsVariation=No	_	Begin=839.47	_	_	_	_
307-1	PKP039	307	1	pezzetto	pezzetto	_	_	_	_	_	linguistic	_	ContainsVariation=No	_	_	_	_	_	_
307-2	PKP039	307	2	di	di	_	_	_	_	_	linguistic	_	ContainsVariation=No	_	_	_	_	_	_
307-3	PKP039	307	3	focaccia	focaccia	_	_	_	_	_	linguistic	_	ContainsVariation=No	_	_	_	_	_	_
307-4	PKP039	307	4	abbiamo	abbiamo	_	_	_	_	_	linguistic	_	ContainsVariation=No	_	_	_	_	_	_
307-5	PKP039	307	5	mangiato	mangiato	_	_	_	_	_	linguistic	_	ContainsVariation=No	_	End=840.73	_	_	_	_
308-0	PKP047	308	0	vabbè	vabbè	_	_	_	_	_	linguistic	_	ContainsVariation=No	_	Begin=842.672	_	_	_	_
308-1	PKP047	308	1	mamma	mamma	_	_	_	_	_	linguistic	_	ContainsVariation=No	_	_	_	_	_	_
308-2	PKP047	308	2	cioè	cioè	_	_	_	_	_	linguistic	_	ContainsVariation=No	_	_	_	_	_	_
308-3	PKP047	308	3	se	se	_	_	_	_	_	linguistic	_	ContainsVariation=No	_	_	_	_	_	_
308-4	PKP047	308	4	ordini	ordini	_	_	_	_	_	linguistic	_	ContainsVariation=No	_	_	_	_	_	_
308-5	PKP047	308	5	fuori	fuori	_	_	_	_	_	linguistic	_	ContainsVariation=No	_	_	_	_	_	_
308-6	PKP047	308	6	non	non	_	_	_	_	_	linguistic	_	ContainsVariation=No	_	_	_	_	_	_
308-7	PKP047	308	7	è	è	_	_	_	_	_	linguistic	_	ContainsVariation=No	_	_	_	_	_	_
308-8	PKP047	308	8	che	che	_	_	_	_	_	linguistic	_	ContainsVariation=No	_	_	_	_	_	_
308-9	PKP047	308	9	[cioè]	cioè	_	_	_	_	_	linguistic	_	ContainsVariation=No	_	End=846.046	_	_	_	0-4(100)
309-0	PKP041	309	0	[però	però	_	_	_	_	_	linguistic	_	ContainsVariation=No	_	Begin=845.381	_	_	_	0-4(100)
309-1	PKP041	309	1	era	era	_	_	_	_	_	linguistic	_	ContainsVariation=No	_	_	_	_	_	0-3(100)
309-2	PKP041	309	2	molto]	molto	_	_	_	_	_	linguistic	_	ContainsVariation=No	_	_	_	_	_	0-5(100)
309-3	PKP041	309	3	[lievitata]	lievitata	_	_	_	_	_	linguistic	_	ContainsVariation=No	_	End=846.746	_	_	_	0-9(101)
310-0	PKP047	310	0	[a	a	_	_	_	_	_	linguistic	_	ContainsVariation=No	_	Begin=846.105	_	_	_	0-1(?)
310-1	PKP047	310	1	brindisi]	brindisi	_	_	_	_	_	linguistic	_	ContainsVariation=No	_	_	_	_	_	0-8(?)
310-2	PKP047	310	2	insalata	insalata	_	_	_	_	_	linguistic	_	ContainsVariation=No	_	_	_	_	_	_
310-3	PKP047	310	3	io	io	_	_	_	_	_	linguistic	_	ContainsVariation=No	_	_	_	_	_	_
310-4	PKP047	310	4	non	non	_	_	_	_	_	linguistic	_	ContainsVariation=No	_	_	_	_	_	_
310-5	PKP047	310	5	so~	so~	_	_	_	_	_	linguistic	_	ContainsVariation=No	Interrupted=Yes	_	_	_	_	_
310-6	PKP047	310	6	non	non	_	_	_	_	_	linguistic	_	ContainsVariation=No	_	_	_	_	_	_
310-7	PKP047	310	7	so	so	_	_	_	_	_	linguistic	_	ContainsVariation=No	_	_	_	_	_	_
310-8	PKP047	310	8	chi	chi	_	_	_	_	_	linguistic	_	ContainsVariation=No	_	_	_	_	_	_
310-9	PKP047	310	9	è	è	_	_	_	_	_	linguistic	_	ContainsVariation=No	_	_	_	_	_	_
310-10	PKP047	310	10	che	che	_	_	_	_	_	linguistic	_	ContainsVariation=No	_	_	_	_	_	_
310-11	PKP047	310	11	fa	fa	_	_	_	_	_	linguistic	_	ContainsVariation=No	_	_	_	_	_	_
310-12	PKP047	310	12	[l'	l'	_	_	_	_	_	linguistic	_	ContainsVariation=No	SpaceAfter=No	_	_	_	_	0-2(?)
310-13	PKP047	310	13	insalata]	insalata	_	_	_	_	_	linguistic	_	ContainsVariation=No	_	End=848.145	_	_	_	0-8(?)
311-0	PKP040	311	0	[no	no	_	_	_	_	_	linguistic	_	ContainsVariation=No	_	Begin=848.344	_	_	_	0-2(?)
311-1	PKP040	311	1	quella]:	quella	_	_	_	_	_	linguistic	_	ContainsVariation=No	_	_	5x1	_	_	0-6(?)
311-2	PKP040	311	2	focaccia	focaccia	_	_	_	_	_	linguistic	_	ContainsVariation=No	_	_	_	_	_	_
311-3	PKP040	311	3	là	là	_	_	_	_	_	linguistic	_	ContainsVariation=No	_	_	_	_	_	_
311-4	PKP040	311	4	queste	queste	_	_	_	_	_	linguistic	_	ContainsVariation=No	_	_	_	_	_	_
311-5	PKP040	311	5	un	un	_	_	_	_	_	linguistic	_	ContainsVariation=No	_	_	_	_	_	_
311-6	PKP040	311	6	po'	po'	_	_	_	_	_	linguistic	_	ContainsVariation=No	_	_	_	_	_	_
311-7	PKP040	311	7	meno	meno	_	_	_	_	_	linguistic	_	ContainsVariation=No	_	End=851.006	_	_	_	_
312-0	PKP040	312	0	[ma	ma	_	_	_	_	_	linguistic	_	ContainsVariation=No	_	Begin=851.25	_	_	_	0-2(102)
312-1	PKP040	312	1	quella	quella	_	_	_	_	_	linguistic	_	ContainsVariation=No	_	_	_	_	_	0-6(102)
312-2	PKP040	312	2	focaccia	focaccia	_	_	_	_	_	linguistic	_	ContainsVariation=No	_	_	_	_	_	0-8(102)
312-3	PKP040	312	3	là]	là	_	_	_	_	_	linguistic	_	ContainsVariation=No	_	_	_	_	_	0-2(102)
312-4	PKP040	312	4	ti	ti	_	_	_	_	_	linguistic	_	ContainsVariation=No	_	_	_	_	_	_
312-5	PKP040	312	5	assicuro	assicuro	_	_	_	_	_	linguistic	_	ContainsVariation=No	_	_	_	_	_	_
312-6	PKP040	312	6	che	che	_	_	_	_	_	linguistic	_	ContainsVariation=No	_	_	_	_	_	_
312-7	PKP040	312	7	quando	quando	_	_	_	_	_	linguistic	_	ContainsVariation=No	_	_	_	_	_	_
312-8	PKP040	312	8	me	me	_	_	_	_	_	linguistic	_	ContainsVariation=No	_	_	_	_	_	_
312-9	PKP040	312	9	la	la	_	_	_	_	_	linguistic	_	ContainsVariation=No	_	_	_	_	_	_
312-10	PKP040	312	10	mangio	mangio	_	_	_	_	_	linguistic	_	ContainsVariation=No	_	_	_	_	_	_
312-11	PKP040	312	11	io	io	_	_	_	_	_	linguistic	_	ContainsVariation=No	_	_	_	_	_	_
312-12	PKP040	312	12	non	non	_	_	_	_	_	linguistic	_	ContainsVariation=No	_	_	_	_	_	_
312-13	PKP040	312	13	sto	sto	_	_	_	_	_	linguistic	_	ContainsVariation=No	_	_	_	_	_	_
312-14	PKP040	312	14	per	per	_	_	_	_	_	linguistic	_	ContainsVariation=No	_	_	_	_	_	_
312-15	PKP040	312	15	niente	niente	_	_	_	_	_	linguistic	_	ContainsVariation=No	_	_	_	_	_	_
312-16	PKP040	312	16	male	male	_	_	_	_	_	linguistic	_	ContainsVariation=No	_	End=855.423	_	_	_	_
313-0	PKP041	313	0	[xx	xx	_	_	_	_	_	unknown	_	ContainsVariation=No	Syllables=2	Begin=851.283	_	_	_	0-2(102)
313-1	PKP041	313	1	xx]	xx	_	_	_	_	_	unknown	_	ContainsVariation=No	Syllables=2	End=852.716	_	_	_	0-2(102)
314-0	PKP041	314	0	nono	nono	_	_	_	_	_	linguistic	_	ContainsVariation=No	_	Begin=855.586	_	_	_	_
314-1	PKP041	314	1	ma	ma	_	_	_	_	_	linguistic	_	ContainsVariation=No	_	_	_	_	_	_
314-2	PKP041	314	2	che	che	_	_	_	_	_	linguistic	_	ContainsVariation=No	_	_	_	_	_	_
314-3	PKP041	314	3	stare	stare	_	_	_	_	_	linguistic	_	ContainsVariation=No	_	_	_	_	_	_
314-4	PKP041	314	4	male	male	_	_	_	_	_	linguistic	_	ContainsVariation=No	_	_	_	_	_	_
314-5	PKP041	314	5	eh	eh	_	_	_	_	_	linguistic	_	ContainsVariation=No	_	_	_	_	_	_
314-6	PKP041	314	6	che:	che	_	_	_	_	_	linguistic	_	ContainsVariation=No	_	_	2x1	_	_	_
314-7	PKP041	314	7	i	i	_	_	_	_	_	linguistic	_	ContainsVariation=No	_	_	_	_	_	_
314-8	PKP041	314	8	i	i	_	_	_	_	_	linguistic	_	ContainsVariation=No	_	_	_	_	_	_
314-9	PKP041	314	9	grassi	grassi	_	_	_	_	_	linguistic	_	ContainsVariation=No	_	End=858.39	_	_	_	_
315-0	PKP040	315	0	questa	questa	_	_	_	_	_	linguistic	_	ContainsVariation=No	_	Begin=859.68	_	_	_	_
315-1	PKP040	315	1	di	di	_	_	_	_	_	linguistic	_	ContainsVariation=No	_	_	_	_	_	_
315-2	PKP040	315	2	più	più	_	_	_	_	_	linguistic	_	ContainsVariation=No	_	_	_	_	_	_
315-3	PKP040	315	3	quella	quella	_	_	_	_	_	linguistic	_	ContainsVariation=No	_	_	_	_	_	_
315-4	PKP040	315	4	lievitata:	lievitata	_	_	_	_	_	linguistic	_	ContainsVariation=No	_	End=861.25	8x1	_	_	_
316-0	PKP047	316	0	domani	domani	_	_	_	_	_	linguistic	_	ContainsVariation=No	_	Begin=862.038	_	_	_	_
316-1	PKP047	316	1	ti	ti	_	_	_	_	_	linguistic	_	ContainsVariation=No	_	_	_	_	_	_
316-2	PKP047	316	2	sve[gli	svegli	_	_	_	_	_	linguistic	_	ContainsVariation=No	PauseAfter=Yes	_	_	_	_	3-6(103)
316-3	PKP047	316	3	(.)	(.)	_	_	_	_	_	shortpause	_	ContainsVariation=No	_	_	_	_	_	X(103)
316-4	PKP047	316	4	TI]	ti	_	_	_	_	_	linguistic	_	ContainsVariation=No	Volume=high	_	_	_	_	0-2(103)
316-5	PKP047	316	5	SVEGLI	svegli	_	_	_	_	_	linguistic	_	ContainsVariation=No	Volume=high	_	_	_	_	_
316-6	PKP047	316	6	con	con	_	_	_	_	_	linguistic	_	ContainsVariation=No	_	_	_	_	_	_
316-7	PKP047	316	7	me	me	_	_	_	_	_	linguistic	_	ContainsVariation=No	_	_	_	_	_	_
316-8	PKP047	316	8	alle	alle	_	_	_	_	_	linguistic	_	ContainsVariation=No	_	_	_	_	_	_
316-9	PKP047	316	9	otto	otto	_	_	_	_	_	linguistic	_	ContainsVariation=No	_	_	_	_	_	_
316-10	PKP047	316	10	e	e	_	_	_	_	_	linguistic	_	ContainsVariation=No	_	_	_	_	_	_
316-11	PKP047	316	11	andiamo	andiamo	_	_	_	_	_	linguistic	_	ContainsVariation=No	_	_	_	_	_	_
316-12	PKP047	316	12	a	a	_	_	_	_	_	linguistic	_	ContainsVariation=No	_	_	_	_	_	_
316-13	PKP047	316	13	camminare	camminare	_	_	_	_	_	linguistic	_	ContainsVariation=No	_	End=865.42	_	_	_	_
317-0	PKP040	317	0	[no?	no	_	_	_	_	_	linguistic	_	ContainsVariation=No	Intonation=Rising	Begin=862.78	_	_	_	0-2(103)
317-1	PKP040	317	1	è	è	_	_	_	_	_	linguistic	_	ContainsVariation=No	_	_	_	_	_	0-1(103)
317-2	PKP040	317	2	il	il	_	_	_	_	_	linguistic	_	ContainsVariation=No	_	_	_	_	_	0-2(103)
317-3	PKP040	317	3	volume]	volume	_	_	_	_	_	linguistic	_	ContainsVariation=No	_	End=863.71	_	_	_	0-6(103)
318-0	PKP041	318	0	mai	mai	_	_	_	_	_	linguistic	_	ContainsVariation=No	_	Begin=865.83|End=866.32	_	_	_	_
319-0	PKP047	319	0	sai	sai	_	_	_	_	_	linguistic	_	ContainsVariation=No	_	Begin=874.084	_	_	_	_
319-1	PKP047	319	1	chi	chi	_	_	_	_	_	linguistic	_	ContainsVariation=No	_	_	_	_	_	_
319-2	PKP047	319	2	mi	mi	_	_	_	_	_	linguistic	_	ContainsVariation=No	_	_	_	_	_	_
319-3	PKP047	319	3	sembrano	sembrano	_	_	_	_	_	linguistic	_	ContainsVariation=No	_	_	_	_	_	_
319-4	PKP047	319	4	tourettici?	tourettici	_	_	_	_	_	linguistic	_	ContainsVariation=No	Intonation=Rising	End=875.604	_	_	_	_
320-0	PKP047	320	0	quelli	quelli	_	_	_	_	_	linguistic	_	ContainsVariation=No	_	Begin=876.36	_	_	_	_
320-1	PKP047	320	1	di	di	_	_	_	_	_	linguistic	_	ContainsVariation=No	_	_	_	_	_	_
320-2	PKP047	320	2	x	x	_	_	_	_	_	unknown	_	ContainsVariation=No	Syllables=1	_	_	_	_	_
320-3	PKP047	320	3	factor:	factor	_	_	_	_	_	linguistic	_	ContainsVariation=No	_	End=877.846	5x1	_	_	_
321-0	PKP041	321	0	quelli	quelli	_	_	_	_	_	linguistic	_	ContainsVariation=No	_	Begin=881.85	_	_	_	_
321-1	PKP041	321	1	di	di	_	_	_	_	_	linguistic	_	ContainsVariation=No	_	_	_	_	_	_
321-2	PKP041	321	2	x	x	_	_	_	_	_	unknown	_	ContainsVariation=No	Syllables=1	_	_	_	_	_
321-3	PKP041	321	3	factor?	factor	_	_	_	_	_	linguistic	_	ContainsVariation=No	Intonation=Rising	End=882.78	_	_	_	_
322-0	PKP047	322	0	con	con	_	_	_	_	_	linguistic	_	ContainsVariation=No	_	Begin=883.0	_	_	_	_
322-1	PKP047	322	1	i	i	_	_	_	_	_	linguistic	_	ContainsVariation=No	_	_	_	_	_	_
322-2	PKP047	322	2	capelli::	capelli	_	_	_	_	_	linguistic	_	ContainsVariation=No	_	_	6x2	_	_	_
322-3	PKP047	322	3	a	a	_	_	_	_	_	linguistic	_	ContainsVariation=No	_	_	_	_	_	_
322-4	PKP047	322	4	quella	quella	_	_	_	_	_	linguistic	_	ContainsVariation=No	_	_	_	_	_	_
322-5	PKP047	322	5	con	con	_	_	_	_	_	linguistic	_	ContainsVariation=No	_	_	_	_	_	_
322-6	PKP047	322	6	i	i	_	_	_	_	_	linguistic	_	ContainsVariation=No	_	_	_	_	_	_
322-7	PKP047	322	7	capelli	capelli	_	_	_	_	_	linguistic	_	ContainsVariation=No	_	_	_	_	_	_
322-8	PKP047	322	8	rasati	rasati	_	_	_	_	_	linguistic	_	ContainsVariation=No	PauseAfter=Yes	_	_	_	_	_
322-9	PKP047	322	9	(.)	(.)	_	_	_	_	_	shortpause	_	ContainsVariation=No	_	_	_	_	_	_
322-10	PKP047	322	10	certi	certi	_	_	_	_	_	linguistic	_	ContainsVariation=No	_	_	_	_	_	_
322-11	PKP047	322	11	vo~	vo~	_	_	_	_	_	linguistic	_	ContainsVariation=No	Interrupted=Yes	_	_	_	_	_
322-12	PKP047	322	12	ogni	ogni	_	_	_	_	_	linguistic	_	ContainsVariation=No	_	_	_	_	_	_
322-13	PKP047	322	13	tanto	tanto	_	_	_	_	_	linguistic	_	ContainsVariation=No	_	_	_	_	_	_
322-14	PKP047	322	14	sembra	sembra	_	_	_	_	_	linguistic	_	ContainsVariation=No	_	_	_	_	_	_
322-15	PKP047	322	15	che	che	_	_	_	_	_	linguistic	_	ContainsVariation=No	_	_	_	_	_	_
322-16	PKP047	322	16	c'	c'	_	_	_	_	_	linguistic	_	ContainsVariation=No	SpaceAfter=No	_	_	_	_	_
322-17	PKP047	322	17	ha	ha	_	_	_	_	_	linguistic	_	ContainsVariation=No	_	_	_	_	_	_
322-18	PKP047	322	18	qualche	qualche	_	_	_	_	_	linguistic	_	ContainsVariation=No	_	_	_	_	_	_
322-19	PKP047	322	19	tic	tic	_	_	_	_	_	linguistic	_	ContainsVariation=No	PauseAfter=Yes	_	_	_	_	_
322-20	PKP047	322	20	(.)	(.)	_	_	_	_	_	shortpause	_	ContainsVariation=No	_	_	_	_	_	_
322-21	PKP047	322	21	[quelli	quelli	_	_	_	_	_	linguistic	_	ContainsVariation=No	_	_	_	_	_	0-6(104)
322-22	PKP047	322	22	bravi]	bravi	_	_	_	_	_	linguistic	_	ContainsVariation=No	_	End=888.39	_	_	_	0-5(104)
323-0	PKP040	323	0	[ma	ma	_	_	_	_	_	linguistic	_	ContainsVariation=No	_	Begin=887.59	_	_	_	0-2(104)
323-1	PKP040	323	1	chi	chi	_	_	_	_	_	linguistic	_	ContainsVariation=No	_	_	_	_	_	0-3(104)
323-2	PKP040	323	2	sta	sta	_	_	_	_	_	linguistic	_	ContainsVariation=No	_	_	_	_	_	0-3(104)
323-3	PKP040	323	3	in:]	in	_	_	_	_	_	linguistic	_	ContainsVariation=No	_	_	1x1	_	_	0-2(104)
323-4	PKP040	323	4	cima?	cima	_	_	_	_	_	linguistic	_	ContainsVariation=No	Intonation=Rising	End=888.68	_	_	_	_
324-0	PKP041	324	0	# quella	quella	_	_	_	_	_	linguistic	_	ContainsVariation=Yes|Variety=Unsure	_	Begin=888.695	_	_	_	_
324-1	PKP041	324	1	è	è	_	_	_	_	_	linguistic	_	ContainsVariation=Yes|Variety=Unsure	_	_	_	_	_	_
324-2	PKP041	324	2	una	una	_	_	_	_	_	linguistic	_	ContainsVariation=Yes|Variety=Unsure	_	_	_	_	_	_
324-3	PKP041	324	3	brusco:na	bruscona	_	_	_	_	_	linguistic	_	ContainsVariation=Yes|Variety=Unsure	_	End=889.895	5x1	_	_	_
325-0	PKP041	325	0	anc[ora]	ancora	_	_	_	_	_	linguistic	_	ContainsVariation=No	_	Begin=890.033	_	_	_	3-6(105)
325-1	PKP041	325	1	n~	n~	_	_	_	_	_	linguistic	_	ContainsVariation=No	Interrupted=Yes	_	_	_	_	_
325-2	PKP041	325	2	non	non	_	_	_	_	_	linguistic	_	ContainsVariation=No	_	_	_	_	_	_
325-3	PKP041	325	3	si	si	_	_	_	_	_	linguistic	_	ContainsVariation=No	_	_	_	_	_	_
325-4	PKP041	325	4	è	è	_	_	_	_	_	linguistic	_	ContainsVariation=No	_	_	_	_	_	_
325-5	PKP041	325	5	capacitata	capacitata	_	_	_	_	_	linguistic	_	ContainsVariation=No	_	_	_	_	_	_
325-6	PKP041	325	6	che	che	_	_	_	_	_	linguistic	_	ContainsVariation=No	_	_	_	_	_	_
325-7	PKP041	325	7	è	è	_	_	_	_	_	linguistic	_	ContainsVariation=No	_	_	_	_	_	_
325-8	PKP041	325	8	uscita	uscita	_	_	_	_	_	linguistic	_	ContainsVariation=No	_	_	_	_	_	_
325-9	PKP041	325	9	ma	ma	_	_	_	_	_	linguistic	_	ContainsVariation=No	_	_	_	_	_	_
325-10	PKP041	325	10	io	io	_	_	_	_	_	linguistic	_	ContainsVariation=No	_	_	_	_	_	_
325-11	PKP041	325	11	dico	dico	_	_	_	_	_	linguistic	_	ContainsVariation=No	_	_	_	_	_	_
325-12	PKP041	325	12	ma	ma	_	_	_	_	_	linguistic	_	ContainsVariation=No	_	_	_	_	_	_
325-13	PKP041	325	13	al	al	_	_	_	_	_	linguistic	_	ContainsVariation=No	_	_	_	_	_	_
325-14	PKP041	325	14	livello	livello	_	_	_	_	_	linguistic	_	ContainsVariation=No	_	_	_	_	_	_
325-15	PKP041	325	15	che	che	_	_	_	_	_	linguistic	_	ContainsVariation=No	_	_	_	_	_	_
325-16	PKP041	325	16	siete	siete	_	_	_	_	_	linguistic	_	ContainsVariation=No	_	End=894.12	_	_	_	_
326-0	PKP047	326	0	[si]?	si	_	_	_	_	_	linguistic	_	ContainsVariation=No	Intonation=Rising	Begin=890.28|End=890.7	_	_	_	0-2(105)
327-0	PKP041	327	0	# potete	potete	_	_	_	_	_	linguistic	_	ContainsVariation=Yes|Variety=Unsure	_	Begin=894.55	_	_	_	_
327-1	PKP041	327	1	bruscare	bruscare	_	_	_	_	_	linguistic	_	ContainsVariation=Yes|Variety=Unsure	_	_	_	_	_	_
327-2	PKP041	327	2	perché	perché	_	_	_	_	_	linguistic	_	ContainsVariation=Yes|Variety=Unsure	_	_	_	_	_	_
327-3	PKP041	327	3	[siete	siete	_	_	_	_	_	linguistic	_	ContainsVariation=Yes|Variety=Unsure	_	_	_	_	_	0-5(106)
327-4	PKP041	327	4	usciti]	usciti	_	_	_	_	_	linguistic	_	ContainsVariation=Yes|Variety=Unsure	_	_	_	_	_	0-6(106)
327-5	PKP041	327	5	da	da	_	_	_	_	_	linguistic	_	ContainsVariation=Yes|Variety=Unsure	_	_	_	_	_	_
327-6	PKP041	327	6	x	x	_	_	_	_	_	unknown	_	ContainsVariation=Yes	Syllables=1	_	_	_	_	_
327-7	PKP041	327	7	factor?	factor	_	_	_	_	_	linguistic	_	ContainsVariation=Yes|Variety=Unsure	Intonation=Rising	End=896.603	_	_	_	_
328-0	PKP040	328	0	[ma	ma	_	_	_	_	_	linguistic	_	ContainsVariation=No	_	Begin=895.55	_	_	_	0-2(106)
328-1	PKP040	328	1	perché]	perché	_	_	_	_	_	linguistic	_	ContainsVariation=No	_	End=896.596	_	_	_	0-6(106)
329-0	PKP040	329	0	ma	ma	_	_	_	_	_	linguistic	_	ContainsVariation=No	_	Begin=897.36	_	_	_	_
329-1	PKP040	329	1	perché	perché	_	_	_	_	_	linguistic	_	ContainsVariation=No	_	_	_	_	_	_
329-2	PKP040	329	2	ho	ho	_	_	_	_	_	linguistic	_	ContainsVariation=No	_	_	_	_	_	_
329-3	PKP040	329	3	letto:	letto	_	_	_	_	_	linguistic	_	ContainsVariation=No	_	_	4x1	_	_	_
329-4	PKP040	329	4	no:	no	_	_	_	_	_	linguistic	_	ContainsVariation=No	_	_	1x1	_	_	_
329-5	PKP040	329	5	non	non	_	_	_	_	_	linguistic	_	ContainsVariation=No	_	_	_	_	_	_
329-6	PKP040	329	6	è	è	_	_	_	_	_	linguistic	_	ContainsVariation=No	_	_	_	_	_	_
329-7	PKP040	329	7	possibile	possibile	_	_	_	_	_	linguistic	_	ContainsVariation=No	_	_	_	_	_	_
329-8	PKP040	329	8	emma	emma	_	_	_	_	_	linguistic	_	ContainsVariation=No	_	_	_	_	_	_
329-9	PKP040	329	9	ha	ha	_	_	_	_	_	linguistic	_	ContainsVariation=No	_	_	_	_	_	_
329-10	PKP040	329	10	fatto	fatto	_	_	_	_	_	linguistic	_	ContainsVariation=No	_	_	_	_	_	_
329-11	PKP040	329	11	fuori:	fuori	_	_	_	_	_	linguistic	_	ContainsVariation=No	_	_	4x1	_	_	_
329-12	PKP040	329	12	chi	chi	_	_	_	_	_	linguistic	_	ContainsVariation=No	_	_	_	_	_	_
329-13	PKP040	329	13	ha	ha	_	_	_	_	_	linguistic	_	ContainsVariation=No	_	_	_	_	_	_
329-14	PKP040	329	14	fatto	fatto	_	_	_	_	_	linguistic	_	ContainsVariation=No	_	_	_	_	_	_
329-15	PKP040	329	15	fuor[i],	fuori	_	_	_	_	_	linguistic	_	ContainsVariation=No	Intonation=WeaklyRising	End=901.5	_	_	_	4-5(107)
330-0	PKP041	330	0	[mh]	mh	_	_	_	_	_	linguistic	_	ContainsVariation=No	_	Begin=901.49	_	_	_	0-2(107)
330-1	PKP041	330	1	ad	ad	_	_	_	_	_	linguistic	_	ContainsVariation=No	_	_	_	_	_	_
330-2	PKP041	330	2	agosto	agosto	_	_	_	_	_	linguistic	_	ContainsVariation=No	_	_	_	_	_	_
330-3	PKP041	330	3	ha	ha	_	_	_	_	_	linguistic	_	ContainsVariation=No	_	_	_	_	_	_
330-4	PKP041	330	4	fatto	fatto	_	_	_	_	_	linguistic	_	ContainsVariation=No	_	_	_	_	_	_
330-5	PKP041	330	5	fuori	fuori	_	_	_	_	_	linguistic	_	ContainsVariation=No	_	_	_	_	_	_
330-6	PKP041	330	6	roccuzzo	roccuzzo	_	_	_	_	_	linguistic	_	ContainsVariation=No	_	End=904.48	_	_	_	_
331-0	PKP040	331	0	ah	ah	_	_	_	_	_	linguistic	_	ContainsVariation=No	_	Begin=906.16|End=906.53	_	_	_	_
332-0	PKP039	332	0	dopo	dopo	_	_	_	_	_	linguistic	_	ContainsVariation=No	_	Begin=907.58	_	_	_	_
332-1	PKP039	332	1	ca	ca	_	_	_	_	_	linguistic	_	ContainsVariation=No	_	_	_	_	_	_
332-2	PKP039	332	2	s'	s'	_	_	_	_	_	linguistic	_	ContainsVariation=No	SpaceAfter=No	_	_	_	_	_
332-3	PKP039	332	3	è	è	_	_	_	_	_	linguistic	_	ContainsVariation=No	_	_	_	_	_	_
332-4	PKP039	332	4	misa	misa	_	_	_	_	_	linguistic	_	ContainsVariation=No	_	_	_	_	_	_
332-5	PKP039	332	5	a	a	_	_	_	_	_	linguistic	_	ContainsVariation=No	_	_	_	_	_	_
332-6	PKP039	332	6	chiangiri	chiangiri	_	_	_	_	_	linguistic	_	ContainsVariation=No	_	End=908.3	_	_	_	_
333-0	PKP047	333	0	io	io	_	_	_	_	_	linguistic	_	ContainsVariation=No	_	Begin=918.44	_	_	_	_
333-1	PKP047	333	1	spero	spero	_	_	_	_	_	linguistic	_	ContainsVariation=No	_	_	_	_	_	_
333-2	PKP047	333	2	di	di	_	_	_	_	_	linguistic	_	ContainsVariation=No	_	_	_	_	_	_
333-3	PKP047	333	3	non	non	_	_	_	_	_	linguistic	_	ContainsVariation=No	_	_	_	_	_	_
333-4	PKP047	333	4	trovare	trovare	_	_	_	_	_	linguistic	_	ContainsVariation=No	_	_	_	_	_	_
333-5	PKP047	333	5	mai	mai	_	_	_	_	_	linguistic	_	ContainsVariation=No	_	_	_	_	_	_
333-6	PKP047	333	6	una	una	_	_	_	_	_	linguistic	_	ContainsVariation=No	_	_	_	_	_	_
333-7	PKP047	333	7	moglie:	moglie	_	_	_	_	_	linguistic	_	ContainsVariation=No	PauseAfter=Yes	_	5x1	_	_	_
333-8	PKP047	333	8	(.)	(.)	_	_	_	_	_	shortpause	_	ContainsVariation=No	_	_	_	_	_	_
333-9	PKP047	333	9	che	che	_	_	_	_	_	linguistic	_	ContainsVariation=No	_	_	_	_	_	_
333-10	PKP047	333	10	ti	ti	_	_	_	_	_	linguistic	_	ContainsVariation=No	_	_	_	_	_	_
333-11	PKP047	333	11	dice	dice	_	_	_	_	_	linguistic	_	ContainsVariation=No	_	_	_	_	_	_
333-12	PKP047	333	12	non	non	_	_	_	_	_	linguistic	_	ContainsVariation=No	_	_	_	_	_	_
333-13	PKP047	333	13	ho	ho	_	_	_	_	_	linguistic	_	ContainsVariation=No	_	_	_	_	_	_
333-14	PKP047	333	14	fame:	fame	_	_	_	_	_	linguistic	_	ContainsVariation=No	_	End=922.16	3x1	_	_	_
334-0	PKP040	334	0	ma	ma	_	_	_	_	_	linguistic	_	ContainsVariation=No	_	Begin=924.0	_	_	_	_
334-1	PKP040	334	1	scusa	scusa	_	_	_	_	_	linguistic	_	ContainsVariation=No	_	_	_	_	_	_
334-2	PKP040	334	2	ma	ma	_	_	_	_	_	linguistic	_	ContainsVariation=No	_	_	_	_	_	_
334-3	PKP040	334	3	come	come	_	_	_	_	_	linguistic	_	ContainsVariation=No	_	_	_	_	_	_
334-4	PKP040	334	4	faccio	faccio	_	_	_	_	_	linguistic	_	ContainsVariation=No	_	_	_	_	_	_
334-5	PKP040	334	5	a	a	_	_	_	_	_	linguistic	_	ContainsVariation=No	_	_	_	_	_	_
334-6	PKP040	334	6	resistere	resistere	_	_	_	_	_	linguistic	_	ContainsVariation=No	_	_	_	_	_	_
334-7	PKP040	334	7	a	a	_	_	_	_	_	linguistic	_	ContainsVariation=No	_	_	_	_	_	_
334-8	PKP040	334	8	tutta	tutta	_	_	_	_	_	linguistic	_	ContainsVariation=No	_	_	_	_	_	_
334-9	PKP040	334	9	sta	sta	_	_	_	_	_	linguistic	_	ContainsVariation=No	_	_	_	_	_	_
334-10	PKP040	334	10	roba	roba	_	_	_	_	_	linguistic	_	ContainsVariation=No	_	End=926.17	_	_	_	_
335-0	PKP040	335	0	io	io	_	_	_	_	_	linguistic	_	ContainsVariation=No	_	Begin=927.71	_	_	_	_
335-1	PKP040	335	1	non	non	_	_	_	_	_	linguistic	_	ContainsVariation=No	_	_	_	_	_	_
335-2	PKP040	335	2	ho	ho	_	_	_	_	_	linguistic	_	ContainsVariation=No	_	_	_	_	_	_
335-3	PKP040	335	3	detto	detto	_	_	_	_	_	linguistic	_	ContainsVariation=No	_	_	_	_	_	_
335-4	PKP040	335	4	non	non	_	_	_	_	_	linguistic	_	ContainsVariation=No	_	_	_	_	_	_
335-5	PKP040	335	5	ho	ho	_	_	_	_	_	linguistic	_	ContainsVariation=No	_	_	_	_	_	_
335-6	PKP040	335	6	fame	fame	_	_	_	_	_	linguistic	_	ContainsVariation=No	PauseAfter=Yes	_	_	_	_	_
335-7	PKP040	335	7	(.)	(.)	_	_	_	_	_	shortpause	_	ContainsVariation=No	_	_	_	_	_	_
335-8	PKP040	335	8	ho	ho	_	_	_	_	_	linguistic	_	ContainsVariation=No	_	_	_	_	_	_
335-9	PKP040	335	9	detto	detto	_	_	_	_	_	linguistic	_	ContainsVariation=No	_	_	_	_	_	_
335-10	PKP040	335	10	che	che	_	_	_	_	_	linguistic	_	ContainsVariation=No	_	_	_	_	_	_
335-11	PKP040	335	11	non	non	_	_	_	_	_	linguistic	_	ContainsVariation=No	_	_	_	_	_	_
335-12	PKP040	335	12	mi	mi	_	_	_	_	_	linguistic	_	ContainsVariation=No	_	_	_	_	_	_
335-13	PKP040	335	13	andava	andava	_	_	_	_	_	linguistic	_	ContainsVariation=No	_	_	_	_	_	_
335-14	PKP040	335	14	di	di	_	_	_	_	_	linguistic	_	ContainsVariation=No	_	_	_	_	_	_
335-15	PKP040	335	15	buttare	buttare	_	_	_	_	_	linguistic	_	ContainsVariation=No	_	End=932.3	_	_	_	_
336-0	PKP040	336	0	cosa	cosa	_	_	_	_	_	linguistic	_	ContainsVariation=No	_	Begin=940.017	_	_	_	_
336-1	PKP040	336	1	c'	c'	_	_	_	_	_	linguistic	_	ContainsVariation=No	SpaceAfter=No	_	_	_	_	_
336-2	PKP040	336	2	è	è	_	_	_	_	_	linguistic	_	ContainsVariation=No	_	_	_	_	_	_
336-3	PKP040	336	3	[qua],	qua	_	_	_	_	_	linguistic	_	ContainsVariation=No	Intonation=WeaklyRising	End=940.94	_	_	_	0-3(108)
337-0	PKP041	337	0	[noi]	noi	_	_	_	_	_	linguistic	_	ContainsVariation=No	_	Begin=940.78	_	_	_	0-3(108)
337-1	PKP041	337	1	l'	l'	_	_	_	_	_	linguistic	_	ContainsVariation=No	SpaceAfter=No	_	_	_	_	_
337-2	PKP041	337	2	avevamo	avevamo	_	_	_	_	_	linguistic	_	ContainsVariation=No	_	_	_	_	_	_
337-3	PKP041	337	3	presa	presa	_	_	_	_	_	linguistic	_	ContainsVariation=No	_	_	_	_	_	_
337-4	PKP041	337	4	perché	perché	_	_	_	_	_	linguistic	_	ContainsVariation=No	_	_	_	_	_	_
337-5	PKP041	337	5	potevamo	potevamo	_	_	_	_	_	linguistic	_	ContainsVariation=No	_	_	_	_	_	_
337-6	PKP041	337	6	congelarla	congelarla	_	_	_	_	_	linguistic	_	ContainsVariation=No	_	End=942.87	_	_	_	_
338-0	PKP047	338	0	p[ensa]	pensa	_	_	_	_	_	linguistic	_	ContainsVariation=No	_	Begin=944.31|End=944.77	_	_	_	1-5(109)
339-0	PKP040	339	0	[ogni]	ogni	_	_	_	_	_	linguistic	_	ContainsVariation=No	_	Begin=944.48	_	_	_	0-4(109)
339-1	PKP040	339	1	lasciata	lasciata	_	_	_	_	_	linguistic	_	ContainsVariation=No	_	_	_	_	_	_
339-2	PKP040	339	2	è	è	_	_	_	_	_	linguistic	_	ContainsVariation=No	_	_	_	_	_	_
339-3	PKP040	339	3	perduta	perduta	_	_	_	_	_	linguistic	_	ContainsVariation=No	_	End=945.73	_	_	_	_
340-0	PKP040	340	0	mo	mo	_	_	_	_	_	linguistic	_	ContainsVariation=No	_	Begin=946.81	_	_	_	_
340-1	PKP040	340	1	traduci	traduci	_	_	_	_	_	linguistic	_	ContainsVariation=No	_	_	_	_	_	_
340-2	PKP040	340	2	sta	sta	_	_	_	_	_	linguistic	_	ContainsVariation=No	_	_	_	_	_	_
340-3	PKP040	340	3	cosa	cosa	_	_	_	_	_	linguistic	_	ContainsVariation=No	PauseAfter=Yes	_	_	_	_	_
340-4	PKP040	340	4	(.)	(.)	_	_	_	_	_	shortpause	_	ContainsVariation=No	_	_	_	_	_	_
340-5	PKP040	340	5	ogni	ogni	_	_	_	_	_	linguistic	_	ContainsVariation=No	_	_	_	_	_	_
340-6	PKP040	340	6	lasciata	lasciata	_	_	_	_	_	linguistic	_	ContainsVariation=No	_	_	_	_	_	_
340-7	PKP040	340	7	è	è	_	_	_	_	_	linguistic	_	ContainsVariation=No	_	_	_	_	_	_
340-8	PKP040	340	8	perduta	perduta	_	_	_	_	_	linguistic	_	ContainsVariation=No	_	End=949.014	_	_	_	_
341-0	PKP041	341	0	è	è	_	_	_	_	_	linguistic	_	ContainsVariation=No	_	Begin=951.04	_	_	_	_
341-1	PKP041	341	1	italiano	italiano	_	_	_	_	_	linguistic	_	ContainsVariation=No	_	End=951.592	_	_	_	_
342-0	PKP040	342	0	mh?	mh	_	_	_	_	_	linguistic	_	ContainsVariation=No	Intonation=Rising	Begin=952.63|End=952.974	_	_	_	_
343-0	PKP041	343	0	<italiano>	italiano	_	_	_	_	_	linguistic	_	ContainsVariation=No	_	Begin=953.56|End=954.27	_	Slow=0-8(0)	_	_
344-0	PKP040	344	0	beh::	beh	_	_	_	_	_	linguistic	_	ContainsVariation=No	_	Begin=954.59	2x2	_	_	_
344-1	PKP040	344	1	in	in	_	_	_	_	_	linguistic	_	ContainsVariation=No	_	_	_	_	_	_
344-2	PKP040	344	2	inglese	inglese	_	_	_	_	_	linguistic	_	ContainsVariation=No	_	_	_	_	_	_
344-3	PKP040	344	3	come	come	_	_	_	_	_	linguistic	_	ContainsVariation=No	_	_	_	_	_	_
344-4	PKP040	344	4	si	si	_	_	_	_	_	linguistic	_	ContainsVariation=No	_	_	_	_	_	_
344-5	PKP040	344	5	traduce	traduce	_	_	_	_	_	linguistic	_	ContainsVariation=No	_	End=956.33	_	_	_	_
345-0	PKP041	345	0	non	non	_	_	_	_	_	linguistic	_	ContainsVariation=No	_	Begin=958.397	_	_	_	_
345-1	PKP041	345	1	lo	lo	_	_	_	_	_	linguistic	_	ContainsVariation=No	_	_	_	_	_	_
345-2	PKP041	345	2	so	so	_	_	_	_	_	linguistic	_	ContainsVariation=No	_	End=958.88	_	_	_	_
346-0	PKP040	346	0	ah	ah	_	_	_	_	_	linguistic	_	ContainsVariation=No	_	Begin=959.2|End=959.3	_	_	_	_
347-0	PKP039	347	0	io	io	_	_	_	_	_	linguistic	_	ContainsVariation=No	_	Begin=960.73	_	_	_	_
347-1	PKP039	347	1	proporrei	proporrei	_	_	_	_	_	linguistic	_	ContainsVariation=No	_	_	_	_	_	_
347-2	PKP039	347	2	di	di	_	_	_	_	_	linguistic	_	ContainsVariation=No	_	_	_	_	_	_
347-3	PKP039	347	3	iniziare	iniziare	_	_	_	_	_	linguistic	_	ContainsVariation=No	_	_	_	_	_	_
347-4	PKP039	347	4	la	la	_	_	_	_	_	linguistic	_	ContainsVariation=No	_	_	_	_	_	_
347-5	PKP039	347	5	cena	cena	_	_	_	_	_	linguistic	_	ContainsVariation=No	_	_	_	_	_	_
347-6	PKP039	347	6	con	con	_	_	_	_	_	linguistic	_	ContainsVariation=No	_	_	_	_	_	_
347-7	PKP039	347	7	un	un	_	_	_	_	_	linguistic	_	ContainsVariation=No	_	_	_	_	_	_
347-8	PKP039	347	8	minuto	minuto	_	_	_	_	_	linguistic	_	ContainsVariation=No	_	_	_	_	_	_
347-9	PKP039	347	9	di	di	_	_	_	_	_	linguistic	_	ContainsVariation=No	_	_	_	_	_	_
347-10	PKP039	347	10	raccoglimento	raccoglimento	_	_	_	_	_	linguistic	_	ContainsVariation=No	_	_	_	_	_	_
347-11	PKP039	347	11	per	per	_	_	_	_	_	linguistic	_	ContainsVariation=No	_	_	_	_	_	_
347-12	PKP039	347	12	xxxxxx	xxxxxx	_	_	_	_	_	unknown	_	ContainsVariation=No	Syllables=6	End=964.19	_	_	_	_
348-0	PKP041	348	0	chi	chi	_	_	_	_	_	linguistic	_	ContainsVariation=No	_	Begin=965.61	_	_	_	_
348-1	PKP041	348	1	è?	è	_	_	_	_	_	linguistic	_	ContainsVariation=No	Intonation=Rising	End=966.12	_	_	_	_
349-0	PKP040	349	0	un	un	_	_	_	_	_	linguistic	_	ContainsVariation=No	_	Begin=970.53	_	_	_	_
349-1	PKP040	349	1	ex	ex	_	_	_	_	_	linguistic	_	ContainsVariation=No	_	_	_	_	_	_
349-2	PKP040	349	2	primo	primo	_	_	_	_	_	linguistic	_	ContainsVariation=No	_	_	_	_	_	_
349-3	PKP040	349	3	ministro	ministro	_	_	_	_	_	linguistic	_	ContainsVariation=No	_	End=971.65	_	_	_	_
350-0	PKP040	350	0	°frances[e°]	francese	_	_	_	_	_	linguistic	_	ContainsVariation=No	Volume=low	Begin=972.694|End=973.2	_	_	_	7-8(110)
351-0	PKP039	351	0	[>pr]esidente	presidente	_	_	_	_	_	linguistic	_	ContainsVariation=No	_	Begin=972.92	_	Fast=0-10(0)	_	0-2(110)
351-1	PKP039	351	1	della	della	_	_	_	_	_	linguistic	_	ContainsVariation=No	_	_	_	Fast=0-5(0)	_	_
351-2	PKP039	351	2	repubblica<	repubblica	_	_	_	_	_	linguistic	_	ContainsVariation=No	_	End=973.66	_	Fast=0-10(0)	_	_
352-0	PKP040	352	0	presidente	presidente	_	_	_	_	_	linguistic	_	ContainsVariation=No	_	Begin=973.645	_	_	_	_
352-1	PKP040	352	1	della	della	_	_	_	_	_	linguistic	_	ContainsVariation=No	_	_	_	_	_	_
352-2	PKP040	352	2	repu~	repu~	_	_	_	_	_	linguistic	_	ContainsVariation=No	Interrupted=Yes	_	_	_	_	_
352-3	PKP040	352	3	vabbè	vabbè	_	_	_	_	_	linguistic	_	ContainsVariation=No	_	_	_	_	_	_
352-4	PKP040	352	4	là	là	_	_	_	_	_	linguistic	_	ContainsVariation=No	_	_	_	_	_	_
352-5	PKP040	352	5	è:::	è	_	_	_	_	_	linguistic	_	ContainsVariation=No	_	_	0x3	_	_	_
352-6	PKP040	352	6	repubblica	repubblica	_	_	_	_	_	linguistic	_	ContainsVariation=No	_	_	_	_	_	_
352-7	PKP040	352	7	presidenZIALE	presidenziale	_	_	_	_	_	linguistic	_	ContainsVariation=No	Volume=high	End=977.21	_	_	_	_
353-0	PKP040	353	0	no?	no	_	_	_	_	_	linguistic	_	ContainsVariation=No	Intonation=Rising	Begin=977.9|End=978.22	_	_	_	_
354-0	PKP047	354	0	SEMI	semi	_	_	_	_	_	linguistic	_	ContainsVariation=No	Volume=high	Begin=978.74	_	_	_	_
354-1	PKP047	354	1	presidenziale	presidenziale	_	_	_	_	_	linguistic	_	ContainsVariation=No	_	End=979.87	_	_	_	_
355-0	PKP040	355	0	perché	perché	_	_	_	_	_	linguistic	_	ContainsVariation=No	_	Begin=980.29	_	_	_	_
355-1	PKP040	355	1	semi?	semi	_	_	_	_	_	linguistic	_	ContainsVariation=No	Intonation=Rising	End=980.9	_	_	_	_
356-0	PKP047	356	0	perché	perché	_	_	_	_	_	linguistic	_	ContainsVariation=No	_	Begin=981.24	_	_	_	_
356-1	PKP047	356	1	è	è	_	_	_	_	_	linguistic	_	ContainsVariation=No	_	_	_	_	_	_
356-2	PKP047	356	2	semi	semi	_	_	_	_	_	linguistic	_	ContainsVariation=No	_	_	_	_	_	_
356-3	PKP047	356	3	presidenziale	presidenziale	_	_	_	_	_	linguistic	_	ContainsVariation=No	PauseAfter=Yes	_	_	_	_	_
356-4	PKP047	356	4	(.)	(.)	_	_	_	_	_	shortpause	_	ContainsVariation=No	_	_	_	_	_	_
356-5	PKP047	356	5	[la	la	_	_	_	_	_	linguistic	_	ContainsVariation=No	_	_	_	_	_	0-2(112)
356-6	PKP047	356	6	riforma]	riforma	_	_	_	_	_	linguistic	_	ContainsVariation=No	_	_	_	_	_	0-7(112)
356-7	PKP047	356	7	di	di	_	_	_	_	_	linguistic	_	ContainsVariation=No	_	_	_	_	_	_
356-8	PKP047	356	8	charles	charles	_	_	_	_	_	linguistic	_	ContainsVariation=No	_	_	_	_	_	_
356-9	PKP047	356	9	de	de	_	_	_	_	_	linguistic	_	ContainsVariation=No	_	_	_	_	_	_
356-10	PKP047	356	10	gaulle	gaulle	_	_	_	_	_	linguistic	_	ContainsVariation=No	_	_	_	_	_	_
356-11	PKP047	356	11	del	del	_	_	_	_	_	linguistic	_	ContainsVariation=No	_	_	_	_	_	_
356-12	PKP047	356	12	millenovecentocinquantaquattro	millenovecentocinquantaquattro	_	_	_	_	_	linguistic	_	ContainsVariation=No	_	_	_	_	_	_
356-13	PKP047	356	13	che	che	_	_	_	_	_	linguistic	_	ContainsVariation=No	_	_	_	_	_	_
356-14	PKP047	356	14	diede	diede	_	_	_	_	_	linguistic	_	ContainsVariation=No	_	_	_	_	_	_
356-15	PKP047	356	15	inizio	inizio	_	_	_	_	_	linguistic	_	ContainsVariation=No	_	_	_	_	_	_
356-16	PKP047	356	16	alla	alla	_	_	_	_	_	linguistic	_	ContainsVariation=No	_	_	_	_	_	_
356-17	PKP047	356	17	quinta	quinta	_	_	_	_	_	linguistic	_	ContainsVariation=No	_	_	_	_	_	_
356-18	PKP047	356	18	repubblica	repubblica	_	_	_	_	_	linguistic	_	ContainsVariation=No	_	_	_	_	_	_
356-19	PKP047	356	19	francese	francese	_	_	_	_	_	linguistic	_	ContainsVariation=No	_	End=986.493	_	_	_	_
357-0	PKP040	357	0	[xx]	xx	_	_	_	_	_	unknown	_	ContainsVariation=No	Syllables=2	Begin=982.52|End=982.86	_	_	_	0-2(112)
358-0	PKP047	358	0	prevede	prevede	_	_	_	_	_	linguistic	_	ContainsVariation=No	_	Begin=987.225	_	_	_	_
358-1	PKP047	358	1	una	una	_	_	_	_	_	linguistic	_	ContainsVariation=No	_	_	_	_	_	_
358-2	PKP047	358	2	forma	forma	_	_	_	_	_	linguistic	_	ContainsVariation=No	_	_	_	_	_	_
358-3	PKP047	358	3	semi	semi	_	_	_	_	_	linguistic	_	ContainsVariation=No	_	_	_	_	_	_
358-4	PKP047	358	4	presidenziale	presidenziale	_	_	_	_	_	linguistic	_	ContainsVariation=No	_	_	_	_	_	_
358-5	PKP047	358	5	[perché,	perché	_	_	_	_	_	linguistic	_	ContainsVariation=No	Intonation=WeaklyRising	_	_	_	_	0-6(113)
358-6	PKP047	358	6	perche	perche	_	_	_	_	_	linguistic	_	ContainsVariation=No	_	_	_	_	_	0-6(113)
358-7	PKP047	358	7	non	non	_	_	_	_	_	linguistic	_	ContainsVariation=No	_	_	_	_	_	0-3(113)
358-8	PKP047	358	8	ha]	ha	_	_	_	_	_	linguistic	_	ContainsVariation=No	_	End=990.405	_	_	_	0-2(113)
359-0	PKP039	359	0	[stai	stai	_	_	_	_	_	linguistic	_	ContainsVariation=No	_	Begin=988.51	_	_	_	0-4(113)
359-1	PKP039	359	1	parlando	parlando	_	_	_	_	_	linguistic	_	ContainsVariation=No	_	_	_	_	_	0-8(113)
359-2	PKP039	359	2	come	come	_	_	_	_	_	linguistic	_	ContainsVariation=No	_	_	_	_	_	0-4(113)
359-3	PKP039	359	3	u::n]	un	_	_	_	_	_	linguistic	_	ContainsVariation=No	_	_	0x2	_	_	0-2(113)
359-4	PKP039	359	4	un	un	_	_	_	_	_	linguistic	_	ContainsVariation=No	_	_	_	_	_	_
359-5	PKP039	359	5	disco:	disco	_	_	_	_	_	linguistic	_	ContainsVariation=No	_	End=990.11	4x1	_	_	_
360-0	PKP047	360	0	perché	perché	_	_	_	_	_	linguistic	_	ContainsVariation=No	_	Begin=990.85	_	_	_	_
360-1	PKP047	360	1	è	è	_	_	_	_	_	linguistic	_	ContainsVariation=No	_	_	_	_	_	_
360-2	PKP047	360	2	a	a	_	_	_	_	_	linguistic	_	ContainsVariation=No	_	_	_	_	_	_
360-3	PKP047	360	3	metà:	metà	_	_	_	_	_	linguistic	_	ContainsVariation=No	_	End=991.69	3x1	_	_	_
361-0	PKP040	361	0	vab[bè:	vabbè	_	_	_	_	_	linguistic	_	ContainsVariation=No	_	Begin=992.24	4x1	_	_	3-5(114)
361-1	PKP040	361	1	perché	perché	_	_	_	_	_	linguistic	_	ContainsVariation=No	_	_	_	_	_	0-6(114)
361-2	PKP040	361	2	c'	c'	_	_	_	_	_	linguistic	_	ContainsVariation=No	SpaceAfter=No	_	_	_	_	0-2(114)
361-3	PKP040	361	3	è	è	_	_	_	_	_	linguistic	_	ContainsVariation=No	_	_	_	_	_	0-1(114)
361-4	PKP040	361	4	il	il	_	_	_	_	_	linguistic	_	ContainsVariation=No	_	_	_	_	_	0-2(114)
361-5	PKP040	361	5	parlamento]	parlamento	_	_	_	_	_	linguistic	_	ContainsVariation=No	_	End=993.79	_	_	_	0-10(114)
362-0	PKP041	362	0	[x	x	_	_	_	_	_	unknown	_	ContainsVariation=No	Syllables=1	Begin=992.38	_	_	_	0-1(114)
362-1	PKP041	362	1	xx	xx	_	_	_	_	_	unknown	_	ContainsVariation=No	Syllables=2	_	_	_	_	0-2(114)
362-2	PKP041	362	2	x	x	_	_	_	_	_	unknown	_	ContainsVariation=No	Syllables=1	_	_	_	_	0-1(114)
362-3	PKP041	362	3	xxx	xxx	_	_	_	_	_	unknown	_	ContainsVariation=No	Syllables=3	_	_	_	_	0-3(114)
362-4	PKP041	362	4	xx]	xx	_	_	_	_	_	unknown	_	ContainsVariation=No	Syllables=2	End=993.75	_	_	_	0-2(114)
363-0	PKP040	363	0	ah?	ah	_	_	_	_	_	linguistic	_	ContainsVariation=No	Intonation=Rising	Begin=994.19	_	_	_	_
363-1	PKP040	363	1	perché	perché	_	_	_	_	_	linguistic	_	ContainsVariation=No	_	_	_	_	_	_
363-2	PKP040	363	2	c'	c'	_	_	_	_	_	linguistic	_	ContainsVariation=No	SpaceAfter=No	_	_	_	_	_
363-3	PKP040	363	3	è	è	_	_	_	_	_	linguistic	_	ContainsVariation=No	_	_	_	_	_	_
363-4	PKP040	363	4	il	il	_	_	_	_	_	linguistic	_	ContainsVariation=No	_	_	_	_	_	_
363-5	PKP040	363	5	parlam[ento]	parlamento	_	_	_	_	_	linguistic	_	ContainsVariation=No	_	End=995.28	_	_	_	5-10(115)
364-0	PKP047	364	0	[no]	no	_	_	_	_	_	linguistic	_	ContainsVariation=No	_	Begin=995.06	_	_	_	0-2(115)
364-1	PKP047	364	1	anche	anche	_	_	_	_	_	linguistic	_	ContainsVariation=No	_	_	_	_	_	_
364-2	PKP047	364	2	i:n	in	_	_	_	_	_	linguistic	_	ContainsVariation=No	_	_	0x1	_	_	_
364-3	PKP047	364	3	america	america	_	_	_	_	_	linguistic	_	ContainsVariation=No	_	_	_	_	_	_
364-4	PKP047	364	4	c'	c'	_	_	_	_	_	linguistic	_	ContainsVariation=No	SpaceAfter=No	_	_	_	_	_
364-5	PKP047	364	5	è	è	_	_	_	_	_	linguistic	_	ContainsVariation=No	_	_	_	_	_	_
364-6	PKP047	364	6	il	il	_	_	_	_	_	linguistic	_	ContainsVariation=No	_	_	_	_	_	_
364-7	PKP047	364	7	parlamento	parlamento	_	_	_	_	_	linguistic	_	ContainsVariation=No	_	_	_	_	_	_
364-8	PKP047	364	8	no?	no	_	_	_	_	_	linguistic	_	ContainsVariation=No	Intonation=Rising	End=997.133	_	_	_	_
365-0	PKP040	365	0	mh	mh	_	_	_	_	_	linguistic	_	ContainsVariation=No	_	Begin=997.21|End=997.38	_	_	_	_
366-0	PKP047	366	0	però	però	_	_	_	_	_	linguistic	_	ContainsVariation=No	_	Begin=998.11	_	_	_	_
366-1	PKP047	366	1	è	è	_	_	_	_	_	linguistic	_	ContainsVariation=No	_	_	_	_	_	_
366-2	PKP047	366	2	presidenziale	presidenziale	_	_	_	_	_	linguistic	_	ContainsVariation=No	_	_	_	_	_	_
366-3	PKP047	366	3	perché	perché	_	_	_	_	_	linguistic	_	ContainsVariation=No	_	_	_	_	_	_
366-4	PKP047	366	4	la	la	_	_	_	_	_	linguistic	_	ContainsVariation=No	_	_	_	_	_	_
366-5	PKP047	366	5	concentrazione	concentrazione	_	_	_	_	_	linguistic	_	ContainsVariation=No	_	_	_	_	_	_
366-6	PKP047	366	6	d~	d~	_	_	_	_	_	linguistic	_	ContainsVariation=No	Interrupted=Yes	_	_	_	_	_
366-7	PKP047	366	7	del	del	_	_	_	_	_	linguistic	_	ContainsVariation=No	_	_	_	_	_	_
366-8	PKP047	366	8	pote:re	potere	_	_	_	_	_	linguistic	_	ContainsVariation=No	_	_	3x1	_	_	_
366-9	PKP047	366	9	è	è	_	_	_	_	_	linguistic	_	ContainsVariation=No	_	_	_	_	_	_
366-10	PKP047	366	10	[mol]to	molto	_	_	_	_	_	linguistic	_	ContainsVariation=No	_	_	_	_	_	0-3(116)
366-11	PKP047	366	11	più	più	_	_	_	_	_	linguistic	_	ContainsVariation=No	_	_	_	_	_	_
366-12	PKP047	366	12	attenuata	attenuata	_	_	_	_	_	linguistic	_	ContainsVariation=No	_	End=1001.78	_	_	_	_
367-0	PKP040	367	0	[ah]	ah	_	_	_	_	_	linguistic	_	ContainsVariation=No	_	Begin=1001.14|End=1001.39	_	_	_	0-2(116)
368-0	PKP040	368	0	ed	ed	_	_	_	_	_	linguistic	_	ContainsVariation=No	_	Begin=1002.92	_	_	_	_
368-1	PKP040	368	1	era	era	_	_	_	_	_	linguistic	_	ContainsVariation=No	_	_	_	_	_	_
368-2	PKP040	368	2	il	il	_	_	_	_	_	linguistic	_	ContainsVariation=No	_	_	_	_	_	_
368-3	PKP040	368	3	modello	modello	_	_	_	_	_	linguistic	_	ContainsVariation=No	_	_	_	_	_	_
368-4	PKP040	368	4	che:	che	_	_	_	_	_	linguistic	_	ContainsVariation=No	_	_	2x1	_	_	_
368-5	PKP040	368	5	eh:	eh	_	_	_	_	_	linguistic	_	ContainsVariation=No	_	_	1x1	_	_	_
368-6	PKP040	368	6	berlusconi	berlusconi	_	_	_	_	_	linguistic	_	ContainsVariation=No	_	_	_	_	_	_
368-7	PKP040	368	7	voleva:	voleva	_	_	_	_	_	linguistic	_	ContainsVariation=No	_	_	5x1	_	_	_
368-8	PKP040	368	8	fare	fare	_	_	_	_	_	linguistic	_	ContainsVariation=No	_	_	_	_	_	_
368-9	PKP040	368	9	in	in	_	_	_	_	_	linguistic	_	ContainsVariation=No	_	_	_	_	_	_
368-10	PKP040	368	10	ita[lia]?	italia	_	_	_	_	_	linguistic	_	ContainsVariation=No	Intonation=Rising	End=1006.82	_	_	_	3-6(117)
369-0	PKP047	369	0	[mh]	mh	_	_	_	_	_	linguistic	_	ContainsVariation=No	_	Begin=1006.54|End=1006.76	_	_	_	0-2(117)
370-0	PKP047	370	0	mh::	mh	_	_	_	_	_	linguistic	_	ContainsVariation=No	_	Begin=1007.09|End=1007.71	1x2	_	_	_
371-0	PKP040	371	0	o	o	_	_	_	_	_	linguistic	_	ContainsVariation=No	_	Begin=1007.67	_	_	_	_
371-1	PKP040	371	1	era	era	_	_	_	_	_	linguistic	_	ContainsVariation=No	_	_	_	_	_	_
371-2	PKP040	371	2	quello~	quello~	_	_	_	_	_	linguistic	_	ContainsVariation=No	Interrupted=Yes	_	_	_	_	_
371-3	PKP040	371	3	o	o	_	_	_	_	_	linguistic	_	ContainsVariation=No	_	_	_	_	_	_
371-4	PKP040	371	4	era	era	_	_	_	_	_	linguistic	_	ContainsVariation=No	_	_	_	_	_	_
371-5	PKP040	371	5	quello	quello	_	_	_	_	_	linguistic	_	ContainsVariation=No	_	_	_	_	_	_
371-6	PKP040	371	6	tede[sco],	tedesco	_	_	_	_	_	linguistic	_	ContainsVariation=No	Intonation=WeaklyRising	End=1009.15	_	_	_	4-7(118)
372-0	PKP047	372	0	[se]mipresidenziale	semipresidenziale	_	_	_	_	_	linguistic	_	ContainsVariation=No	_	Begin=1009.15|End=1010.05	_	_	_	0-2(?)
373-0	PKP047	373	0	quello	quello	_	_	_	_	_	linguistic	_	ContainsVariation=No	_	Begin=1012.9	_	_	_	_
373-1	PKP047	373	1	tedesco	tedesco	_	_	_	_	_	linguistic	_	ContainsVariation=No	_	_	_	_	_	_
373-2	PKP047	373	2	è	è	_	_	_	_	_	linguistic	_	ContainsVariation=No	_	_	_	_	_	_
373-3	PKP047	373	3	più	più	_	_	_	_	_	linguistic	_	ContainsVariation=No	_	_	_	_	_	_
373-4	PKP047	373	4	federale	federale	_	_	_	_	_	linguistic	_	ContainsVariation=No	_	End=1014.0	_	_	_	_
374-0	PKP047	374	0	perché	perché	_	_	_	_	_	linguistic	_	ContainsVariation=No	_	Begin=1015.54	_	_	_	_
374-1	PKP047	374	1	le	le	_	_	_	_	_	linguistic	_	ContainsVariation=No	_	_	_	_	_	_
374-2	PKP047	374	2	due	due	_	_	_	_	_	linguistic	_	ContainsVariation=No	_	_	_	_	_	_
374-3	PKP047	374	3	came[re:]	camere	_	_	_	_	_	linguistic	_	ContainsVariation=No	_	End=1016.38	5x1	_	_	4-6(119)
375-0	PKP040	375	0	[eh]	eh	_	_	_	_	_	linguistic	_	ContainsVariation=No	_	Begin=1016.32	_	_	_	0-2(119)
375-1	PKP040	375	1	ma	ma	_	_	_	_	_	linguistic	_	ContainsVariation=No	_	_	_	_	_	_
375-2	PKP040	375	2	la	la	_	_	_	_	_	linguistic	_	ContainsVariation=No	_	_	_	_	_	_
375-3	PKP040	375	3	germania	germania	_	_	_	_	_	linguistic	_	ContainsVariation=No	_	_	_	_	_	_
375-4	PKP040	375	4	sta	sta	_	_	_	_	_	linguistic	_	ContainsVariation=No	_	_	_	_	_	_
375-5	PKP040	375	5	messa	messa	_	_	_	_	_	linguistic	_	ContainsVariation=No	_	_	_	_	_	_
375-6	PKP040	375	6	male	male	_	_	_	_	_	linguistic	_	ContainsVariation=No	_	_	_	_	_	_
375-7	PKP040	375	7	col	col	_	_	_	_	_	linguistic	_	ContainsVariation=No	_	_	_	_	_	_
375-8	PKP040	375	8	covid	covid	_	_	_	_	_	linguistic	_	ContainsVariation=No	_	_	_	_	_	_
375-9	PKP040	375	9	comunque	comunque	_	_	_	_	_	linguistic	_	ContainsVariation=No	_	_	_	_	_	_
375-10	PKP040	375	10	eh	eh	_	_	_	_	_	linguistic	_	ContainsVariation=No	_	End=1018.68	_	_	_	_
376-0	PKP040	376	0	hanno	hanno	_	_	_	_	_	linguistic	_	ContainsVariation=No	_	Begin=1019.725	_	_	_	_
376-1	PKP040	376	1	pro:	pro	_	_	_	_	_	linguistic	_	ContainsVariation=No	_	_	2x1	_	_	_
376-2	PKP040	376	2	prolungato	prolungato	_	_	_	_	_	linguistic	_	ContainsVariation=No	_	_	_	_	_	_
376-3	PKP040	376	3	il:	il	_	_	_	_	_	linguistic	_	ContainsVariation=No	_	_	1x1	_	_	_
376-4	PKP040	376	4	semi:	semi	_	_	_	_	_	linguistic	_	ContainsVariation=No	_	_	3x1	_	_	_
376-5	PKP040	376	5	lockdown	lockdown	_	_	_	_	_	linguistic	_	ContainsVariation=No	_	End=1022.39	_	_	_	_
377-0	PKP039	377	0	è	è	_	_	_	_	_	linguistic	_	ContainsVariation=No	_	Begin=1028.28	_	_	_	_
377-1	PKP039	377	1	spicciata	spicciata	_	_	_	_	_	linguistic	_	ContainsVariation=No	_	_	_	_	_	_
377-2	PKP039	377	2	la	la	_	_	_	_	_	linguistic	_	ContainsVariation=No	_	_	_	_	_	_
377-3	PKP039	377	3	conferenza	conferenza	_	_	_	_	_	linguistic	_	ContainsVariation=No	_	_	_	_	_	_
377-4	PKP039	377	4	stampa?	stampa	_	_	_	_	_	linguistic	_	ContainsVariation=No	Intonation=Rising	End=1029.51	_	_	_	_
378-0	PKP047	378	0	oggi	oggi	_	_	_	_	_	linguistic	_	ContainsVariation=No	_	Begin=1029.88	_	_	_	_
378-1	PKP047	378	1	sono	sono	_	_	_	_	_	linguistic	_	ContainsVariation=No	_	_	_	_	_	_
378-2	PKP047	378	2	quindi	quindi	_	_	_	_	_	linguistic	_	ContainsVariation=No	_	_	_	_	_	_
378-3	PKP047	378	3	anni	anni	_	_	_	_	_	linguistic	_	ContainsVariation=No	_	_	_	_	_	_
378-4	PKP047	378	4	di	di	_	_	_	_	_	linguistic	_	ContainsVariation=No	_	_	_	_	_	_
378-5	PKP047	378	5	merkel	merkel	_	_	_	_	_	linguistic	_	ContainsVariation=No	_	_	_	_	_	_
378-6	PKP047	378	6	mi	mi	_	_	_	_	_	linguistic	_	ContainsVariation=No	_	_	_	_	_	_
378-7	PKP047	378	7	sa	sa	_	_	_	_	_	linguistic	_	ContainsVariation=No	_	End=1031.608	_	_	_	_
379-0	PKP040	379	0	mado'	mado'	_	_	_	_	_	linguistic	_	ContainsVariation=No	Truncated=Yes	Begin=1033.16	_	_	_	_
379-1	PKP040	379	1	fecero	fecero	_	_	_	_	_	linguistic	_	ContainsVariation=No	_	_	_	_	_	_
379-2	PKP040	379	2	vedere	vedere	_	_	_	_	_	linguistic	_	ContainsVariation=No	_	_	_	_	_	_
379-3	PKP040	379	3	i	i	_	_	_	_	_	linguistic	_	ContainsVariation=No	_	_	_	_	_	_
379-4	PKP040	379	4	cosi	cosi	_	_	_	_	_	linguistic	_	ContainsVariation=No	_	_	_	_	_	_
379-5	PKP040	379	5	quando	quando	_	_	_	_	_	linguistic	_	ContainsVariation=No	_	_	_	_	_	_
379-6	PKP040	379	6	si	si	_	_	_	_	_	linguistic	_	ContainsVariation=No	_	_	_	_	_	_
379-7	PKP040	379	7	insediò	insediò	_	_	_	_	_	linguistic	_	ContainsVariation=No	_	_	_	_	_	_
379-8	PKP040	379	8	ah	ah	_	_	_	_	_	linguistic	_	ContainsVariation=No	_	_	_	_	_	_
379-9	PKP040	379	9	la	la	_	_	_	_	_	linguistic	_	ContainsVariation=No	_	_	_	_	_	_
379-10	PKP040	379	10	faccia	faccia	_	_	_	_	_	linguistic	_	ContainsVariation=No	_	_	_	_	_	_
379-11	PKP040	379	11	proprio:	proprio	_	_	_	_	_	linguistic	_	ContainsVariation=No	_	End=1036.78	6x1	_	_	_
380-0	PKP047	380	0	the	the	_	_	_	_	_	linguistic	_	ContainsVariation=No	_	Begin=1037.69	_	_	_	_
380-1	PKP047	380	1	millioner	millioner	_	_	_	_	_	linguistic	_	ContainsVariation=No	_	_	_	_	_	_
380-2	PKP047	380	2	vinceva	vinceva	_	_	_	_	_	linguistic	_	ContainsVariation=No	_	_	_	_	_	_
380-3	PKP047	380	3	il:::	il	_	_	_	_	_	linguistic	_	ContainsVariation=No	PauseAfter=Yes	_	1x3	_	_	_
380-4	PKP047	380	4	(.)	(.)	_	_	_	_	_	shortpause	_	ContainsVariation=No	_	_	_	_	_	_
380-5	PKP047	380	5	l'	l'	_	_	_	_	_	linguistic	_	ContainsVariation=No	SpaceAfter=No	_	_	_	_	_
380-6	PKP047	380	6	osc[ar]	oscar	_	_	_	_	_	linguistic	_	ContainsVariation=No	_	End=1040.99	_	_	_	2-5(?)
381-0	PKP040	381	0	[da]vvERO?	davvero	_	_	_	_	_	linguistic	_	ContainsVariation=No	Intonation=Rising|Volume=high	Begin=1041.02	_	_	_	0-2(?)
381-1	PKP040	381	1	quindici	quindici	_	_	_	_	_	linguistic	_	ContainsVariation=No	_	_	_	_	_	_
381-2	PKP040	381	2	anni?	anni	_	_	_	_	_	linguistic	_	ContainsVariation=No	Intonation=Rising	End=1042.89	_	_	_	_
382-0	PKP041	382	0	bellissimo	bellissimo	_	_	_	_	_	linguistic	_	ContainsVariation=No	_	Begin=1043.92	_	_	_	_
382-1	PKP041	382	1	pu[re	pure	_	_	_	_	_	linguistic	_	ContainsVariation=No	_	_	_	_	_	2-4(120)
382-2	PKP041	382	2	quel	quel	_	_	_	_	_	linguistic	_	ContainsVariation=No	_	_	_	_	_	0-4(120)
382-3	PKP041	382	3	film]	film	_	_	_	_	_	linguistic	_	ContainsVariation=No	_	End=1045.319	_	_	_	0-4(120)
383-0	PKP039	383	0	[e	e	_	_	_	_	_	linguistic	_	ContainsVariation=No	_	Begin=1044.5	_	_	_	0-1(120)
383-1	PKP039	383	1	xx	xx	_	_	_	_	_	unknown	_	ContainsVariation=No	Syllables=2	_	_	_	_	0-2(120)
383-2	PKP039	383	2	xxx]	xxx	_	_	_	_	_	unknown	_	ContainsVariation=No	Syllables=3	_	_	_	_	0-3(120)
383-3	PKP039	383	3	è	è	_	_	_	_	_	linguistic	_	ContainsVariation=No	_	_	_	_	_	_
383-4	PKP039	383	4	stato	stato	_	_	_	_	_	linguistic	_	ContainsVariation=No	PauseAfter=Yes	_	_	_	_	_
383-5	PKP039	383	5	(.)	(.)	_	_	_	_	_	shortpause	_	ContainsVariation=No	_	_	_	_	_	_
383-6	PKP039	383	6	il	il	_	_	_	_	_	linguistic	_	ContainsVariation=No	_	_	_	_	_	_
383-7	PKP039	383	7	[più	più	_	_	_	_	_	linguistic	_	ContainsVariation=No	_	_	_	_	_	0-3(121)
383-8	PKP039	383	8	gio]vane	giovane	_	_	_	_	_	linguistic	_	ContainsVariation=No	_	End=1047.329	_	_	_	0-3(121)
384-0	PKP040	384	0	[billioner]	billioner	_	_	_	_	_	linguistic	_	ContainsVariation=No	_	Begin=1046.31|End=1046.95	_	_	_	0-9(121)
385-0	PKP047	385	0	the	the	_	_	_	_	_	linguistic	_	ContainsVariation=No	_	Begin=1048.17	_	_	_	_
385-1	PKP047	385	1	m~	m~	_	_	_	_	_	linguistic	_	ContainsVariation=No	Interrupted=Yes	End=1048.43	_	_	_	_
386-0	PKP039	386	0	[presidente]	presidente	_	_	_	_	_	linguistic	_	ContainsVariation=No	_	Begin=1048.98	_	_	_	0-10(?)
386-1	PKP039	386	1	della:	della	_	_	_	_	_	linguistic	_	ContainsVariation=No	_	End=1050.33	4x1	_	_	_
387-0	PKP040	387	0	[no	no	_	_	_	_	_	linguistic	_	ContainsVariation=No	_	Begin=1049.02	_	_	_	0-2(122)
387-1	PKP040	387	1	billioner]	billioner	_	_	_	_	_	linguistic	_	ContainsVariation=No	_	End=1049.78	_	_	_	0-9(122)
388-0	PKP041	388	0	the	the	_	_	_	_	_	linguistic	_	ContainsVariation=No	_	Begin=1050.13	_	_	_	_
388-1	PKP041	388	1	millioner	millioner	_	_	_	_	_	linguistic	_	ContainsVariation=No	_	End=1050.68	_	_	_	_
389-0	PKP040	389	0	the	the	_	_	_	_	_	linguistic	_	ContainsVariation=No	_	Begin=1050.83	_	_	_	_
389-1	PKP040	389	1	millioner	millioner	_	_	_	_	_	linguistic	_	ContainsVariation=No	PauseAfter=Yes	_	_	_	_	_
389-2	PKP040	389	2	(.)	(.)	_	_	_	_	_	shortpause	_	ContainsVariation=No	_	_	_	_	_	_
389-3	PKP040	389	3	quello	quello	_	_	_	_	_	linguistic	_	ContainsVariation=No	_	_	_	_	_	_
389-4	PKP040	389	4	dell'	dell'	_	_	_	_	_	linguistic	_	ContainsVariation=No	SpaceAfter=No	_	_	_	_	_
389-5	PKP040	389	5	india[no]	indiano	_	_	_	_	_	linguistic	_	ContainsVariation=No	_	End=1052.45	_	_	_	4-7(124)
390-0	PKP041	390	0	[sì]	sì	_	_	_	_	_	linguistic	_	ContainsVariation=No	_	Begin=1052.32	_	_	_	0-2(124)
390-1	PKP041	390	1	sì	sì	_	_	_	_	_	linguistic	_	ContainsVariation=No	_	End=1053.197	_	_	_	_
391-0	PKP047	391	0	per	per	_	_	_	_	_	linguistic	_	ContainsVariation=No	_	Begin=1054.12	_	_	_	_
391-1	PKP047	391	1	un	un	_	_	_	_	_	linguistic	_	ContainsVariation=No	_	_	_	_	_	_
391-2	PKP047	391	2	milione	milione	_	_	_	_	_	linguistic	_	ContainsVariation=No	_	_	_	_	_	_
391-3	PKP047	391	3	di	di	_	_	_	_	_	linguistic	_	ContainsVariation=No	_	_	_	_	_	_
391-4	PKP047	391	4	lupie	lupie	_	_	_	_	_	linguistic	_	ContainsVariation=No	_	_	_	_	_	_
391-5	PKP047	391	5	ma	ma	_	_	_	_	_	linguistic	_	ContainsVariation=No	_	_	_	_	_	_
391-6	PKP047	391	6	secondo	secondo	_	_	_	_	_	linguistic	_	ContainsVariation=No	_	_	_	_	_	_
391-7	PKP047	391	7	me	me	_	_	_	_	_	linguistic	_	ContainsVariation=No	_	_	_	_	_	_
391-8	PKP047	391	8	[anche~]	anche~	_	_	_	_	_	linguistic	_	ContainsVariation=No	Interrupted=Yes	End=1055.74	_	_	_	0-6(?)
392-0	PKP041	392	0	[lo	lo	_	_	_	_	_	linguistic	_	ContainsVariation=No	_	Begin=1055.75	_	_	_	0-2(?)
392-1	PKP041	392	1	rivedrei]	rivedrei	_	_	_	_	_	linguistic	_	ContainsVariation=No	_	_	_	_	_	0-8(?)
392-2	PKP041	392	2	lo	lo	_	_	_	_	_	linguistic	_	ContainsVariation=No	_	_	_	_	_	_
392-3	PKP041	392	3	rivedrei	rivedrei	_	_	_	_	_	linguistic	_	ContainsVariation=No	_	_	_	_	_	_
392-4	PKP041	392	4	mille	mille	_	_	_	_	_	linguistic	_	ContainsVariation=No	_	_	_	_	_	_
392-5	PKP041	392	5	volte	volte	_	_	_	_	_	linguistic	_	ContainsVariation=No	_	_	_	_	_	_
392-6	PKP041	392	6	quel	quel	_	_	_	_	_	linguistic	_	ContainsVariation=No	_	_	_	_	_	_
392-7	PKP041	392	7	lib~	lib~	_	_	_	_	_	linguistic	_	ContainsVariation=No	Interrupted=Yes	_	_	_	_	_
392-8	PKP041	392	8	quel	quel	_	_	_	_	_	linguistic	_	ContainsVariation=No	_	_	_	_	_	_
392-9	PKP041	392	9	<film>	film	_	_	_	_	_	linguistic	_	ContainsVariation=No	_	End=1058.69	_	Slow=0-4(0)	_	_
393-0	PKP040	393	0	pure	pure	_	_	_	_	_	linguistic	_	ContainsVariation=No	_	Begin=1062.94	_	_	_	_
393-1	PKP040	393	1	quello	quello	_	_	_	_	_	linguistic	_	ContainsVariation=No	_	_	_	_	_	_
393-2	PKP040	393	2	dei	dei	_	_	_	_	_	linguistic	_	ContainsVariation=No	_	_	_	_	_	_
393-3	PKP040	393	3	babbi	babbi	_	_	_	_	_	linguistic	_	ContainsVariation=No	_	_	_	_	_	_
393-4	PKP040	393	4	com'	com'	_	_	_	_	_	linguistic	_	ContainsVariation=No	SpaceAfter=No	_	_	_	_	_
393-5	PKP040	393	5	era	era	_	_	_	_	_	linguistic	_	ContainsVariation=No	_	_	_	_	_	_
393-6	PKP040	393	6	quello	quello	_	_	_	_	_	linguistic	_	ContainsVariation=No	_	_	_	_	_	_
393-7	PKP040	393	7	li:	li	_	_	_	_	_	linguistic	_	ContainsVariation=No	_	_	1x1	_	_	_
393-8	PKP040	393	8	della	della	_	_	_	_	_	linguistic	_	ContainsVariation=No	_	_	_	_	_	_
393-9	PKP040	393	9	regina	regina	_	_	_	_	_	linguistic	_	ContainsVariation=No	_	End=1065.61	_	_	_	_
394-0	PKP040	394	0	del	del	_	_	_	_	_	linguistic	_	ContainsVariation=No	_	Begin=1067.707	_	_	_	_
394-1	PKP040	394	1	servo	servo	_	_	_	_	_	linguistic	_	ContainsVariation=No	_	_	_	_	_	_
394-2	PKP040	394	2	della	della	_	_	_	_	_	linguistic	_	ContainsVariation=No	_	_	_	_	_	_
394-3	PKP040	394	3	regina	regina	_	_	_	_	_	linguistic	_	ContainsVariation=No	_	_	_	_	_	_
394-4	PKP040	394	4	~ferma	~ferma	_	_	_	_	_	linguistic	_	ContainsVariation=No	Interrupted=Yes	End=1069.35	_	_	_	_
395-0	PKP039	395	0	abdul	abdul	_	_	_	_	_	linguistic	_	ContainsVariation=No	_	Begin=1069.59|End=1070.31	_	_	_	_
396-0	PKP040	396	0	[come	come	_	_	_	_	_	linguistic	_	ContainsVariation=No	_	Begin=1070.35	_	_	_	0-4(125)
396-1	PKP040	396	1	si	si	_	_	_	_	_	linguistic	_	ContainsVariation=No	_	_	_	_	_	0-2(125)
396-2	PKP040	396	2	chiamava],	chiamava	_	_	_	_	_	linguistic	_	ContainsVariation=No	Intonation=WeaklyRising	_	_	_	_	0-8(125)
396-3	PKP040	396	3	abdul	abdul	_	_	_	_	_	linguistic	_	ContainsVariation=No	_	End=1071.46	_	_	_	_
397-0	PKP041	397	0	[abdul]	abdul	_	_	_	_	_	linguistic	_	ContainsVariation=No	_	Begin=1070.44|End=1071.02	_	_	_	0-5(125)
398-0	PKP041	398	0	quello	quello	_	_	_	_	_	linguistic	_	ContainsVariation=No	_	Begin=1073.1	_	_	_	_
398-1	PKP041	398	1	da	da	_	_	_	_	_	linguistic	_	ContainsVariation=No	_	_	_	_	_	_
398-2	PKP041	398	2	poco	poco	_	_	_	_	_	linguistic	_	ContainsVariation=No	_	_	_	_	_	_
398-3	PKP041	398	3	è	è	_	_	_	_	_	linguistic	_	ContainsVariation=No	_	_	_	_	_	_
398-4	PKP041	398	4	uscito	uscito	_	_	_	_	_	linguistic	_	ContainsVariation=No	_	_	_	_	_	_
398-5	PKP041	398	5	eh	eh	_	_	_	_	_	linguistic	_	ContainsVariation=No	PauseAfter=Yes	_	_	_	_	_
398-6	PKP041	398	6	(.)	(.)	_	_	_	_	_	shortpause	_	ContainsVariation=No	_	_	_	_	_	_
398-7	PKP041	398	7	il	il	_	_	_	_	_	linguistic	_	ContainsVariation=No	_	_	_	_	_	_
398-8	PKP041	398	8	quinto	quinto	_	_	_	_	_	linguistic	_	ContainsVariation=No	_	_	_	_	_	_
398-9	PKP041	398	9	mi	mi	_	_	_	_	_	linguistic	_	ContainsVariation=No	_	_	_	_	_	_
398-10	PKP041	398	10	sa	sa	_	_	_	_	_	linguistic	_	ContainsVariation=No	_	_	_	_	_	_
398-11	PKP041	398	11	che	che	_	_	_	_	_	linguistic	_	ContainsVariation=No	_	_	_	_	_	_
398-12	PKP041	398	12	facevo	facevo	_	_	_	_	_	linguistic	_	ContainsVariation=No	_	End=1075.96	_	_	_	_
399-0	PKP047	399	0	ti	ti	_	_	_	_	_	linguistic	_	ContainsVariation=No	_	Begin=1077.27	_	_	_	_
399-1	PKP047	399	1	devo	devo	_	_	_	_	_	linguistic	_	ContainsVariation=No	_	_	_	_	_	_
399-2	PKP047	399	2	far	far	_	_	_	_	_	linguistic	_	ContainsVariation=No	_	_	_	_	_	_
399-3	PKP047	399	3	vedere	vedere	_	_	_	_	_	linguistic	_	ContainsVariation=No	_	_	_	_	_	_
399-4	PKP047	399	4	un	un	_	_	_	_	_	linguistic	_	ContainsVariation=No	_	_	_	_	_	_
399-5	PKP047	399	5	bel	bel	_	_	_	_	_	linguistic	_	ContainsVariation=No	_	_	_	_	_	_
399-6	PKP047	399	6	film	film	_	_	_	_	_	linguistic	_	ContainsVariation=No	_	_	_	_	_	_
399-7	PKP047	399	7	laura	laura	_	_	_	_	_	linguistic	_	ContainsVariation=No	_	End=1079.325	_	_	_	_
400-0	PKP047	400	0	il	il	_	_	_	_	_	linguistic	_	ContainsVariation=No	_	Begin=1080.85	_	_	_	_
400-1	PKP047	400	1	treno	treno	_	_	_	_	_	linguistic	_	ContainsVariation=No	_	_	_	_	_	_
400-2	PKP047	400	2	per	per	_	_	_	_	_	linguistic	_	ContainsVariation=No	_	_	_	_	_	_
400-3	PKP047	400	3	darjeeling	darjeeling	_	_	_	_	_	linguistic	_	ContainsVariation=No	PauseAfter=Yes	_	_	_	_	_
400-4	PKP047	400	4	(.)	(.)	_	_	_	_	_	shortpause	_	ContainsVariation=No	_	_	_	_	_	_
400-5	PKP047	400	5	di	di	_	_	_	_	_	linguistic	_	ContainsVariation=No	_	_	_	_	_	_
400-6	PKP047	400	6	wes	wes	_	_	_	_	_	linguistic	_	ContainsVariation=No	_	_	_	_	_	_
400-7	PKP047	400	7	anderson	anderson	_	_	_	_	_	linguistic	_	ContainsVariation=No	_	End=1083.23	_	_	_	_
401-0	PKP041	401	0	no:	no	_	_	_	_	_	linguistic	_	ContainsVariation=No	_	Begin=1083.92|End=1084.48	1x1	_	_	_
402-0	PKP040	402	0	di	di	_	_	_	_	_	linguistic	_	ContainsVariation=No	_	Begin=1085.51	_	_	_	_
402-1	PKP040	402	1	che	che	_	_	_	_	_	linguistic	_	ContainsVariation=No	_	_	_	_	_	_
402-2	PKP040	402	2	parla?	parla	_	_	_	_	_	linguistic	_	ContainsVariation=No	Intonation=Rising	End=1086.3	_	_	_	_
403-0	PKP039	403	0	((canticchia))	((canticchia))	_	_	_	_	_	nonverbalbehavior	_	ContainsVariation=No	_	Begin=1086.358|End=1087.21	_	_	_	_
404-0	PKP047	404	0	un	un	_	_	_	_	_	linguistic	_	ContainsVariation=No	_	Begin=1087.04	_	_	_	_
404-1	PKP047	404	1	viaggio	viaggio	_	_	_	_	_	linguistic	_	ContainsVariation=No	_	_	_	_	_	_
404-2	PKP047	404	2	in	in	_	_	_	_	_	linguistic	_	ContainsVariation=No	_	_	_	_	_	_
404-3	PKP047	404	3	india	india	_	_	_	_	_	linguistic	_	ContainsVariation=No	_	End=1087.82	_	_	_	_
405-0	PKP040	405	0	bel~	bel~	_	_	_	_	_	linguistic	_	ContainsVariation=No	Interrupted=Yes	Begin=1088.26	_	_	_	_
405-1	PKP040	405	1	lo	lo	_	_	_	_	_	linguistic	_	ContainsVariation=No	_	_	_	_	_	_
405-2	PKP040	405	2	vedo	vedo	_	_	_	_	_	linguistic	_	ContainsVariation=No	_	End=1089.302	_	_	_	_
406-0	PKP040	406	0	ma	ma	_	_	_	_	_	linguistic	_	ContainsVariation=No	_	Begin=1090.72	_	_	_	_
406-1	PKP040	406	1	è::	è	_	_	_	_	_	linguistic	_	ContainsVariation=No	_	_	0x2	_	_	_
406-2	PKP040	406	2	mh	mh	_	_	_	_	_	linguistic	_	ContainsVariation=No	PauseAfter=Yes	_	_	_	_	_
406-3	PKP040	406	3	(.)	(.)	_	_	_	_	_	shortpause	_	ContainsVariation=No	_	_	_	_	_	_
406-4	PKP040	406	4	di	di	_	_	_	_	_	linguistic	_	ContainsVariation=No	_	_	_	_	_	_
406-5	PKP040	406	5	denuncia?	denuncia	_	_	_	_	_	linguistic	_	ContainsVariation=No	Intonation=Rising	End=1093.32	_	_	_	_
407-0	PKP047	407	0	no	no	_	_	_	_	_	linguistic	_	ContainsVariation=No	_	Begin=1093.335|End=1093.832	_	_	_	_
408-0	PKP040	408	0	romantico,	romantico	_	_	_	_	_	linguistic	_	ContainsVariation=No	Intonation=WeaklyRising	Begin=1093.845|End=1094.7	_	_	_	_
409-0	PKP047	409	0	i	i	_	_	_	_	_	linguistic	_	ContainsVariation=No	_	Begin=1094.94	_	_	_	_
409-1	PKP047	409	1	film	film	_	_	_	_	_	linguistic	_	ContainsVariation=No	_	_	_	_	_	_
409-2	PKP047	409	2	di	di	_	_	_	_	_	linguistic	_	ContainsVariation=No	_	_	_	_	_	_
409-3	PKP047	409	3	wes	wes	_	_	_	_	_	linguistic	_	ContainsVariation=No	_	_	_	_	_	_
409-4	PKP047	409	4	anderson:	anderson	_	_	_	_	_	linguistic	_	ContainsVariation=No	_	_	7x1	_	_	_
409-5	PKP047	409	5	soli[tamente]	solitamente	_	_	_	_	_	linguistic	_	ContainsVariation=No	_	End=1096.89	_	_	_	4-11(127)
410-0	PKP041	410	0	[no	no	_	_	_	_	_	linguistic	_	ContainsVariation=No	_	Begin=1096.39	_	_	_	0-2(127)
410-1	PKP041	410	1	ma::	ma	_	_	_	_	_	linguistic	_	ContainsVariation=No	_	_	1x2	_	_	0-2(127)
410-2	PKP041	410	2	so]:::[:::]	so	_	_	_	_	_	linguistic	_	ContainsVariation=No	_	_	1x6	_	_	0-2(127)
410-3	PKP041	410	3	sce	sce	_	_	_	_	_	linguistic	_	ContainsVariation=No	_	_	_	_	_	_
410-4	PKP041	410	4	e~	e~	_	_	_	_	_	linguistic	_	ContainsVariation=No	Interrupted=Yes	_	_	_	_	_
410-5	PKP041	410	5	d~	d~	_	_	_	_	_	linguistic	_	ContainsVariation=No	Interrupted=Yes	_	_	_	_	_
410-6	PKP041	410	6	i	i	_	_	_	_	_	linguistic	_	ContainsVariation=No	_	_	_	_	_	_
410-7	PKP041	410	7	film	film	_	_	_	_	_	linguistic	_	ContainsVariation=No	_	_	_	_	_	_
410-8	PKP041	410	8	che	che	_	_	_	_	_	linguistic	_	ContainsVariation=No	_	_	_	_	_	_
410-9	PKP041	410	9	devi	devi	_	_	_	_	_	linguistic	_	ContainsVariation=No	_	_	_	_	_	_
410-10	PKP041	410	10	dire	dire	_	_	_	_	_	linguistic	_	ContainsVariation=No	_	_	_	_	_	_
410-11	PKP041	410	11	oh	oh	_	_	_	_	_	linguistic	_	ContainsVariation=No	_	_	_	_	_	_
410-12	PKP041	410	12	io	io	_	_	_	_	_	linguistic	_	ContainsVariation=No	_	_	_	_	_	_
410-13	PKP041	410	13	ho	ho	_	_	_	_	_	linguistic	_	ContainsVariation=No	_	_	_	_	_	_
410-14	PKP041	410	14	visto	visto	_	_	_	_	_	linguistic	_	ContainsVariation=No	_	_	_	_	_	_
410-15	PKP041	410	15	un	un	_	_	_	_	_	linguistic	_	ContainsVariation=No	_	_	_	_	_	_
410-16	PKP041	410	16	film	film	_	_	_	_	_	linguistic	_	ContainsVariation=No	_	_	_	_	_	_
410-17	PKP041	410	17	di	di	_	_	_	_	_	linguistic	_	ContainsVariation=No	_	_	_	_	_	_
410-18	PKP041	410	18	wes	wes	_	_	_	_	_	linguistic	_	ContainsVariation=No	_	_	_	_	_	_
410-19	PKP041	410	19	andreson	andreson	_	_	_	_	_	linguistic	_	ContainsVariation=No	_	_	_	_	_	_
410-20	PKP041	410	20	[bellissmo	bellissmo	_	_	_	_	_	linguistic	_	ContainsVariation=No	PauseAfter=Yes	_	_	_	_	0-9(203)
410-21	PKP041	410	21	(.)	(.)	_	_	_	_	_	shortpause	_	ContainsVariation=No	_	_	_	_	_	X(203)
410-22	PKP041	410	22	ah	ah	_	_	_	_	_	linguistic	_	ContainsVariation=No	_	_	_	_	_	0-2(203)
410-23	PKP041	410	23	capisco]	capisco	_	_	_	_	_	linguistic	_	ContainsVariation=No	_	_	_	_	_	0-7(203)
410-24	PKP041	410	24	tutte	tutte	_	_	_	_	_	linguistic	_	ContainsVariation=No	_	_	_	_	_	_
410-25	PKP041	410	25	le	le	_	_	_	_	_	linguistic	_	ContainsVariation=No	_	_	_	_	_	_
410-26	PKP041	410	26	[xx]	xx	_	_	_	_	_	unknown	_	ContainsVariation=No	Syllables=2	End=1106.91	_	_	_	0-2(204)
411-0	PKP040	411	0	[la	la	_	_	_	_	_	linguistic	_	ContainsVariation=No	_	Begin=1097.71	_	_	_	0-2(128)
411-1	PKP040	411	1	scenografia]	scenografia	_	_	_	_	_	linguistic	_	ContainsVariation=No	_	End=1098.737	_	_	_	0-11(128)
412-0	PKP040	412	0	[l'	l'	_	_	_	_	_	linguistic	_	ContainsVariation=No	SpaceAfter=No	Begin=1102.428	_	_	_	0-2(203)
412-1	PKP040	412	1	insostenibile	insostenibile	_	_	_	_	_	linguistic	_	ContainsVariation=No	_	_	_	_	_	0-13(203)
412-2	PKP040	412	2	leggerezza	leggerezza	_	_	_	_	_	linguistic	_	ContainsVariation=No	_	_	_	_	_	0-10(203)
412-3	PKP040	412	3	dell'	dell'	_	_	_	_	_	linguistic	_	ContainsVariation=No	SpaceAfter=No	_	_	_	_	0-5(203)
412-4	PKP040	412	4	essere]	essere	_	_	_	_	_	linguistic	_	ContainsVariation=No	_	End=1105.582	_	_	_	0-5(203)
413-0	PKP039	413	0	((ride))	((ride))	_	_	_	_	_	nonverbalbehavior	_	ContainsVariation=No	_	Begin=1102.54|End=1103.51	_	_	_	_
414-0	PKP040	414	0	quello	quello	_	_	_	_	_	linguistic	_	ContainsVariation=No	_	Begin=1105.68	_	_	_	_
414-1	PKP040	414	1	xx	xx	_	_	_	_	_	unknown	_	ContainsVariation=No	Syllables=2	_	_	_	_	_
414-2	PKP040	414	2	come	come	_	_	_	_	_	linguistic	_	ContainsVariation=No	_	_	_	_	_	_
414-3	PKP040	414	3	si	si	_	_	_	_	_	linguistic	_	ContainsVariation=No	_	_	_	_	_	_
414-4	PKP040	414	4	chiama	chiama	_	_	_	_	_	linguistic	_	ContainsVariation=No	_	_	_	_	_	_
414-5	PKP040	414	5	quello	quello	_	_	_	_	_	linguistic	_	ContainsVariation=No	_	_	_	_	_	_
414-6	PKP040	414	6	xx	xx	_	_	_	_	_	unknown	_	ContainsVariation=No	Syllables=2	End=1110.466	_	_	_	_
415-0	PKP047	415	0	[però	però	_	_	_	_	_	linguistic	_	ContainsVariation=No	_	Begin=1106.06	_	_	_	0-4(204)
415-1	PKP047	415	1	i	i	_	_	_	_	_	linguistic	_	ContainsVariation=No	_	_	_	_	_	0-1(204)
415-2	PKP047	415	2	suoi	suoi	_	_	_	_	_	linguistic	_	ContainsVariation=No	_	_	_	_	_	0-4(204)
415-3	PKP047	415	3	temi]	temi	_	_	_	_	_	linguistic	_	ContainsVariation=No	_	End=1106.93	_	_	_	0-4(204)
416-0	PKP047	416	0	((ride))	((ride))	_	_	_	_	_	nonverbalbehavior	_	ContainsVariation=No	_	Begin=1107.32	_	_	_	_
416-1	PKP047	416	1	solitamente	solitamente	_	_	_	_	_	linguistic	_	ContainsVariation=No	_	_	_	_	_	_
416-2	PKP047	416	2	quelli	quelli	_	_	_	_	_	linguistic	_	ContainsVariation=No	_	_	_	_	_	_
416-3	PKP047	416	3	che	che	_	_	_	_	_	linguistic	_	ContainsVariation=No	_	_	_	_	_	_
416-4	PKP047	416	4	ve~	ve~	_	_	_	_	_	linguistic	_	ContainsVariation=No	Interrupted=Yes	End=1108.69	_	_	_	_
417-0	PKP041	417	0	[è	è	_	_	_	_	_	linguistic	_	ContainsVariation=No	_	Begin=1109.94	_	_	_	0-1(130)
417-1	PKP041	417	1	vero]?	vero	_	_	_	_	_	linguistic	_	ContainsVariation=No	Intonation=Rising	End=1110.49	_	_	_	0-4(130)
418-0	PKP047	418	0	quelli	quelli	_	_	_	_	_	linguistic	_	ContainsVariation=No	_	Begin=1110.5	_	_	_	_
418-1	PKP047	418	1	che	che	_	_	_	_	_	linguistic	_	ContainsVariation=No	_	_	_	_	_	_
418-2	PKP047	418	2	vedono	vedono	_	_	_	_	_	linguistic	_	ContainsVariation=No	_	_	_	_	_	_
418-3	PKP047	418	3	wes	wes	_	_	_	_	_	linguistic	_	ContainsVariation=No	_	_	_	_	_	_
418-4	PKP047	418	4	anderson::	anderson	_	_	_	_	_	linguistic	_	ContainsVariation=No	_	_	7x2	_	_	_
418-5	PKP047	418	5	sì	sì	_	_	_	_	_	linguistic	_	ContainsVariation=No	_	_	_	_	_	_
418-6	PKP047	418	6	sì	sì	_	_	_	_	_	linguistic	_	ContainsVariation=No	_	End=1112.81	_	_	_	_
419-0	PKP041	419	0	cioè	cioè	_	_	_	_	_	linguistic	_	ContainsVariation=No	_	Begin=1113.113	_	_	_	_
419-1	PKP041	419	1	o	o	_	_	_	_	_	linguistic	_	ContainsVariation=No	_	_	_	_	_	_
419-2	PKP041	419	2	capisci	capisci	_	_	_	_	_	linguistic	_	ContainsVariation=No	_	_	_	_	_	_
419-3	PKP041	419	3	CAPISCI	capisci	_	_	_	_	_	linguistic	_	ContainsVariation=No	Volume=high	_	_	_	_	_
419-4	PKP041	419	4	che	che	_	_	_	_	_	linguistic	_	ContainsVariation=No	_	_	_	_	_	_
419-5	PKP041	419	5	veramente	veramente	_	_	_	_	_	linguistic	_	ContainsVariation=No	_	_	_	_	_	_
419-6	PKP041	419	6	[capisci]	capisci	_	_	_	_	_	linguistic	_	ContainsVariation=No	_	End=1115.61	_	_	_	0-7(131)
420-0	PKP040	420	0	[però]	però	_	_	_	_	_	linguistic	_	ContainsVariation=No	_	Begin=1115.4	_	_	_	0-4(131)
420-1	PKP040	420	1	linsostenibile	linsostenibile	_	_	_	_	_	linguistic	_	ContainsVariation=No	_	_	_	_	_	_
420-2	PKP040	420	2	leggere[zza	leggerezza	_	_	_	_	_	linguistic	_	ContainsVariation=No	_	_	_	_	_	7-10(132)
420-3	PKP040	420	3	dell'	dell'	_	_	_	_	_	linguistic	_	ContainsVariation=No	SpaceAfter=No	_	_	_	_	0-5(132)
420-4	PKP040	420	4	essere]	essere	_	_	_	_	_	linguistic	_	ContainsVariation=No	_	_	_	_	_	0-6(132)
420-5	PKP040	420	5	l'	l'	_	_	_	_	_	linguistic	_	ContainsVariation=No	SpaceAfter=No	_	_	_	_	_
420-6	PKP040	420	6	ho	ho	_	_	_	_	_	linguistic	_	ContainsVariation=No	_	_	_	_	_	_
420-7	PKP040	420	7	visto	visto	_	_	_	_	_	linguistic	_	ContainsVariation=No	_	_	_	_	_	_
420-8	PKP040	420	8	eh	eh	_	_	_	_	_	linguistic	_	ContainsVariation=No	_	End=1118.1	_	_	_	_
421-0	PKP047	421	0	[a	a	_	_	_	_	_	linguistic	_	ContainsVariation=No	_	Begin=1116.22	_	_	_	0-1(132)
421-1	PKP047	421	1	me	me	_	_	_	_	_	linguistic	_	ContainsVariation=No	_	_	_	_	_	0-2(132)
421-2	PKP047	421	2	mettono]	mettono	_	_	_	_	_	linguistic	_	ContainsVariation=No	_	End=1117.09	_	_	_	0-7(132)
422-0	PKP047	422	0	di	di	_	_	_	_	_	linguistic	_	ContainsVariation=No	_	Begin=1118.24	_	_	_	_
422-1	PKP047	422	1	chi	chi	_	_	_	_	_	linguistic	_	ContainsVariation=No	_	_	_	_	_	_
422-2	PKP047	422	2	è	è	_	_	_	_	_	linguistic	_	ContainsVariation=No	_	End=1118.66	_	_	_	_
423-0	PKP040	423	0	i	i	_	_	_	_	_	linguistic	_	ContainsVariation=No	_	Begin=1120.09	_	_	_	_
423-1	PKP040	423	1	s~	s~	_	_	_	_	_	linguistic	_	ContainsVariation=No	Interrupted=Yes	_	_	_	_	_
423-2	PKP040	423	2	il::	il	_	_	_	_	_	linguistic	_	ContainsVariation=No	_	_	1x2	_	_	_
423-3	PKP040	423	3	libro	libro	_	_	_	_	_	linguistic	_	ContainsVariation=No	_	_	_	_	_	_
423-4	PKP040	423	4	è	è	_	_	_	_	_	linguistic	_	ContainsVariation=No	_	_	_	_	_	_
423-5	PKP040	423	5	di	di	_	_	_	_	_	linguistic	_	ContainsVariation=No	_	_	_	_	_	_
423-6	PKP040	423	6	kundera	kundera	_	_	_	_	_	linguistic	_	ContainsVariation=No	_	End=1122.3	_	_	_	_
424-0	PKP039	424	0	xxx	xxx	_	_	_	_	_	unknown	_	ContainsVariation=No	Syllables=3	Begin=1122.3	_	_	_	_
424-1	PKP039	424	1	un	un	_	_	_	_	_	linguistic	_	ContainsVariation=No	_	_	_	_	_	_
424-2	PKP039	424	2	po'	po'	_	_	_	_	_	linguistic	_	ContainsVariation=No	_	_	_	_	_	_
424-3	PKP039	424	3	di	di	_	_	_	_	_	linguistic	_	ContainsVariation=No	_	_	_	_	_	_
424-4	PKP039	424	4	cultura	cultura	_	_	_	_	_	linguistic	_	ContainsVariation=No	_	_	_	_	_	_
424-5	PKP039	424	5	dai	dai	_	_	_	_	_	linguistic	_	ContainsVariation=No	_	End=1123.571	_	_	_	_
425-0	PKP047	425	0	xxx	xxx	_	_	_	_	_	unknown	_	ContainsVariation=No	Syllables=3	Begin=1122.789|End=1123.1	_	_	_	_
426-0	PKP040	426	0	eh?	eh	_	_	_	_	_	linguistic	_	ContainsVariation=No	Intonation=Rising	Begin=1123.571|End=1123.83	_	_	_	_
427-0	PKP047	427	0	come	come	_	_	_	_	_	linguistic	_	ContainsVariation=No	_	Begin=1123.863	_	_	_	_
427-1	PKP047	427	1	si	si	_	_	_	_	_	linguistic	_	ContainsVariation=No	_	_	_	_	_	_
427-2	PKP047	427	2	chiama,	chiama	_	_	_	_	_	linguistic	_	ContainsVariation=No	Intonation=WeaklyRising	_	_	_	_	_
427-3	PKP047	427	3	come	come	_	_	_	_	_	linguistic	_	ContainsVariation=No	_	_	_	_	_	_
427-4	PKP047	427	4	fa	fa	_	_	_	_	_	linguistic	_	ContainsVariation=No	_	_	_	_	_	_
427-5	PKP047	427	5	di	di	_	_	_	_	_	linguistic	_	ContainsVariation=No	_	_	_	_	_	_
427-6	PKP047	427	6	[nome],	nome	_	_	_	_	_	linguistic	_	ContainsVariation=No	Intonation=WeaklyRising	End=1125.1	_	_	_	0-4(134)
428-0	PKP040	428	0	[kundera]	kundera	_	_	_	_	_	linguistic	_	ContainsVariation=No	_	Begin=1124.66	_	_	_	0-7(134)
428-1	PKP040	428	1	ah:	ah	_	_	_	_	_	linguistic	_	ContainsVariation=No	_	_	1x1	_	_	_
428-2	PKP040	428	2	mila	mila	_	_	_	_	_	linguistic	_	ContainsVariation=No	PauseAfter=Yes	_	_	_	_	_
428-3	PKP040	428	3	(.)	(.)	_	_	_	_	_	shortpause	_	ContainsVariation=No	_	_	_	_	_	_
428-4	PKP040	428	4	°mila	mila	_	_	_	_	_	linguistic	_	ContainsVariation=No	Volume=low	_	_	_	_	_
428-5	PKP040	428	5	kundera,°	kundera	_	_	_	_	_	linguistic	_	ContainsVariation=No	Intonation=WeaklyRising|Volume=low	End=1127.04	_	_	_	_
429-0	PKP040	429	0	e:::h	eh	_	_	_	_	_	linguistic	_	ContainsVariation=No	_	Begin=1129.6	0x3	_	_	_
429-1	PKP040	429	1	invece:	invece	_	_	_	_	_	linguistic	_	ContainsVariation=No	_	End=1131.03	5x1	_	_	_
430-0	PKP040	430	0	il	il	_	_	_	_	_	linguistic	_	ContainsVariation=No	_	Begin=1132.36	_	_	_	_
430-1	PKP040	430	1	film:	film	_	_	_	_	_	linguistic	_	ContainsVariation=No	PauseAfter=Yes	_	3x1	_	_	_
430-2	PKP040	430	2	(.)	(.)	_	_	_	_	_	shortpause	_	ContainsVariation=No	_	_	_	_	_	_
430-3	PKP040	430	3	era	era	_	_	_	_	_	linguistic	_	ContainsVariation=No	_	_	_	_	_	_
430-4	PKP040	430	4	di:::	di	_	_	_	_	_	linguistic	_	ContainsVariation=No	_	_	1x3	_	_	_
430-5	PKP040	430	5	del	del	_	_	_	_	_	linguistic	_	ContainsVariation=No	_	_	_	_	_	_
430-6	PKP040	430	6	regista	regista	_	_	_	_	_	linguistic	_	ContainsVariation=No	_	_	_	_	_	_
430-7	PKP040	430	7	non	non	_	_	_	_	_	linguistic	_	ContainsVariation=No	_	_	_	_	_	_
430-8	PKP040	430	8	mi	mi	_	_	_	_	_	linguistic	_	ContainsVariation=No	_	_	_	_	_	_
430-9	PKP040	430	9	ricordo	ricordo	_	_	_	_	_	linguistic	_	ContainsVariation=No	_	_	_	_	_	_
430-10	PKP040	430	10	vedilo	vedilo	_	_	_	_	_	linguistic	_	ContainsVariation=No	_	_	_	_	_	_
430-11	PKP040	430	11	scusami	scusami	_	_	_	_	_	linguistic	_	ContainsVariation=No	_	_	_	_	_	_
430-12	PKP040	430	12	eh	eh	_	_	_	_	_	linguistic	_	ContainsVariation=No	_	_	_	_	_	_
430-13	PKP040	430	13	>l'	l'	_	_	_	_	_	linguistic	_	ContainsVariation=No	SpaceAfter=No	_	_	Fast=0-2(0)	_	_
430-14	PKP040	430	14	insostenibile	insostenibile	_	_	_	_	_	linguistic	_	ContainsVariation=No	_	_	_	Fast=0-13(0)	_	_
430-15	PKP040	430	15	leggere~<	leggere~	_	_	_	_	_	linguistic	_	ContainsVariation=No	Interrupted=Yes	_	_	Fast=0-8(0)	_	_
430-16	PKP040	430	16	tutto	tutto	_	_	_	_	_	linguistic	_	ContainsVariation=No	_	_	_	_	_	_
430-17	PKP040	430	17	in	in	_	_	_	_	_	linguistic	_	ContainsVariation=No	_	_	_	_	_	_
430-18	PKP040	430	18	bianco	bianco	_	_	_	_	_	linguistic	_	ContainsVariation=No	_	_	_	_	_	_
430-19	PKP040	430	19	e	e	_	_	_	_	_	linguistic	_	ContainsVariation=No	_	_	_	_	_	_
430-20	PKP040	430	20	ne::[ro]	nero	_	_	_	_	_	linguistic	_	ContainsVariation=No	_	End=1139.41	1x2	_	_	2-4(?)
431-0	PKP047	431	0	[no]	no	_	_	_	_	_	linguistic	_	ContainsVariation=No	_	Begin=1139.41	_	_	_	0-2(?)
431-1	PKP047	431	1	invece	invece	_	_	_	_	_	linguistic	_	ContainsVariation=No	_	_	_	_	_	_
431-2	PKP047	431	2	wes	wes	_	_	_	_	_	linguistic	_	ContainsVariation=No	_	_	_	_	_	_
431-3	PKP047	431	3	anderson	anderson	_	_	_	_	_	linguistic	_	ContainsVariation=No	_	_	_	_	_	_
431-4	PKP047	431	4	a	a	_	_	_	_	_	linguistic	_	ContainsVariation=No	_	_	_	_	_	_
431-5	PKP047	431	5	me	me	_	_	_	_	_	linguistic	_	ContainsVariation=No	_	_	_	_	_	_
431-6	PKP047	431	6	piace	piace	_	_	_	_	_	linguistic	_	ContainsVariation=No	_	_	_	_	_	_
431-7	PKP047	431	7	perché	perché	_	_	_	_	_	linguistic	_	ContainsVariation=No	_	_	_	_	_	_
431-8	PKP047	431	8	comunque	comunque	_	_	_	_	_	linguistic	_	ContainsVariation=No	_	_	_	_	_	_
431-9	PKP047	431	9	ha	ha	_	_	_	_	_	linguistic	_	ContainsVariation=No	_	_	_	_	_	_
431-10	PKP047	431	10	una	una	_	_	_	_	_	linguistic	_	ContainsVariation=No	_	_	_	_	_	_
431-11	PKP047	431	11	concezione	concezione	_	_	_	_	_	linguistic	_	ContainsVariation=No	_	_	_	_	_	_
431-12	PKP047	431	12	delle	delle	_	_	_	_	_	linguistic	_	ContainsVariation=No	_	_	_	_	_	_
431-13	PKP047	431	13	simmetri:e	simmetrie	_	_	_	_	_	linguistic	_	ContainsVariation=No	_	End=1143.26	7x1	_	_	_
432-0	PKP040	432	0	e	e	_	_	_	_	_	linguistic	_	ContainsVariation=No	_	Begin=1145.23	_	_	_	_
432-1	PKP040	432	1	lui	lui	_	_	_	_	_	linguistic	_	ContainsVariation=No	_	_	_	_	_	_
432-2	PKP040	432	2	è	è	_	_	_	_	_	linguistic	_	ContainsVariation=No	_	_	_	_	_	_
432-3	PKP040	432	3	simmetrico	simmetrico	_	_	_	_	_	linguistic	_	ContainsVariation=No	_	_	_	_	_	_
432-4	PKP040	432	4	eh	eh	_	_	_	_	_	linguistic	_	ContainsVariation=No	PauseAfter=Yes	_	_	_	_	_
432-5	PKP040	432	5	(.)	(.)	_	_	_	_	_	shortpause	_	ContainsVariation=No	_	_	_	_	_	_
432-6	PKP040	432	6	ah	ah	_	_	_	_	_	linguistic	_	ContainsVariation=No	_	_	_	_	_	_
432-7	PKP040	432	7	la'?	la'	_	_	_	_	_	linguistic	_	ContainsVariation=No	Intonation=Rising|Truncated=Yes	_	_	_	_	_
432-8	PKP040	432	8	è	è	_	_	_	_	_	linguistic	_	ContainsVariation=No	_	_	_	_	_	_
432-9	PKP040	432	9	ver[o]?	vero	_	_	_	_	_	linguistic	_	ContainsVariation=No	Intonation=Rising	End=1148.17	_	_	_	3-4(?)
433-0	PKP047	433	0	[c]ompenso	compenso	_	_	_	_	_	linguistic	_	ContainsVariation=No	_	Begin=1148.19	_	_	_	0-1(?)
433-1	PKP047	433	1	la	la	_	_	_	_	_	linguistic	_	ContainsVariation=No	_	_	_	_	_	_
433-2	PKP047	433	2	mia	mia	_	_	_	_	_	linguistic	_	ContainsVariation=No	_	_	_	_	_	_
433-3	PKP047	433	3	asimmetria	asimmetria	_	_	_	_	_	linguistic	_	ContainsVariation=No	_	End=1149.48	_	_	_	_
434-0	PKP040	434	0	eh::	eh	_	_	_	_	_	linguistic	_	ContainsVariation=No	_	Begin=1154.53	1x2	_	_	_
434-1	PKP040	434	1	vabbè	vabbè	_	_	_	_	_	linguistic	_	ContainsVariation=No	_	End=1155.2	_	_	_	_
435-0	PKP039	435	0	cosa	cosa	_	_	_	_	_	linguistic	_	ContainsVariation=No	_	Begin=1158.5	_	_	_	_
435-1	PKP039	435	1	dire	dire	_	_	_	_	_	linguistic	_	ContainsVariation=No	_	_	_	_	_	_
435-2	PKP039	435	2	di	di	_	_	_	_	_	linguistic	_	ContainsVariation=No	_	_	_	_	_	_
435-3	PKP039	435	3	hopper	hopper	_	_	_	_	_	linguistic	_	ContainsVariation=No	_	End=1159.5185000000001	_	_	_	_
436-0	PKP041	436	0	((ride))	((ride))	_	_	_	_	_	nonverbalbehavior	_	ContainsVariation=No	_	Begin=1159.5185000000001|End=1161.0	_	_	_	_
437-0	PKP047	437	0	((ride))	((ride))	_	_	_	_	_	nonverbalbehavior	_	ContainsVariation=No	_	Begin=1159.54|End=1160.98	_	_	_	_
438-0	PKP040	438	0	quella:::	quella	_	_	_	_	_	linguistic	_	ContainsVariation=No	_	Begin=1161.31	5x3	_	_	_
438-1	PKP040	438	1	coso::	coso	_	_	_	_	_	linguistic	_	ContainsVariation=No	_	_	3x2	_	_	_
438-2	PKP040	438	2	tronco::	tronco	_	_	_	_	_	linguistic	_	ContainsVariation=No	_	_	5x2	_	_	_
438-3	PKP040	438	3	c'	c'	_	_	_	_	_	linguistic	_	ContainsVariation=No	SpaceAfter=No	_	_	_	_	_
438-4	PKP040	438	4	aveva	aveva	_	_	_	_	_	linguistic	_	ContainsVariation=No	_	_	_	_	_	_
438-5	PKP040	438	5	una	una	_	_	_	_	_	linguistic	_	ContainsVariation=No	_	_	_	_	_	_
438-6	PKP040	438	6	marea	marea	_	_	_	_	_	linguistic	_	ContainsVariation=No	_	_	_	_	_	_
438-7	PKP040	438	7	di	di	_	_	_	_	_	linguistic	_	ContainsVariation=No	_	_	_	_	_	_
438-8	PKP040	438	8	formiche	formiche	_	_	_	_	_	linguistic	_	ContainsVariation=No	_	_	_	_	_	_
438-9	PKP040	438	9	eh::	eh	_	_	_	_	_	linguistic	_	ContainsVariation=No	_	End=1165.07	1x2	_	_	_
439-0	PKP040	439	0	vuoi	vuoi	_	_	_	_	_	linguistic	_	ContainsVariation=No	_	Begin=1176.18	_	_	_	_
439-1	PKP040	439	1	la	la	_	_	_	_	_	linguistic	_	ContainsVariation=No	_	_	_	_	_	_
439-2	PKP040	439	2	frutta?	frutta	_	_	_	_	_	linguistic	_	ContainsVariation=No	Intonation=Rising	End=1176.91	_	_	_	_
440-0	PKP040	440	0	vuo~	vuo~	_	_	_	_	_	linguistic	_	ContainsVariation=No	Interrupted=Yes	Begin=1177.722|End=1177.83	_	_	_	_
441-0	PKP047	441	0	vuoi	vuoi	_	_	_	_	_	linguistic	_	ContainsVariation=No	_	Begin=1178.32	_	_	_	_
441-1	PKP047	441	1	la	la	_	_	_	_	_	linguistic	_	ContainsVariation=No	_	_	_	_	_	_
441-2	PKP047	441	2	frutta	frutta	_	_	_	_	_	linguistic	_	ContainsVariation=No	_	_	_	_	_	_
441-3	PKP047	441	3	[la']?	la'	_	_	_	_	_	linguistic	_	ContainsVariation=No	Intonation=Rising|Truncated=Yes	End=1179.26	_	_	_	0-3(136)
442-0	PKP040	442	0	[ho]	ho	_	_	_	_	_	linguistic	_	ContainsVariation=No	_	Begin=1179.16	_	_	_	0-2(136)
442-1	PKP040	442	1	portato	portato	_	_	_	_	_	linguistic	_	ContainsVariation=No	_	_	_	_	_	_
442-2	PKP040	442	2	le	le	_	_	_	_	_	linguistic	_	ContainsVariation=No	_	_	_	_	_	_
442-3	PKP040	442	3	arance	arance	_	_	_	_	_	linguistic	_	ContainsVariation=No	_	_	_	_	_	_
442-4	PKP040	442	4	là	là	_	_	_	_	_	linguistic	_	ContainsVariation=No	_	_	_	_	_	_
442-5	PKP040	442	5	domani	domani	_	_	_	_	_	linguistic	_	ContainsVariation=No	_	_	_	_	_	_
442-6	PKP040	442	6	mattina	mattina	_	_	_	_	_	linguistic	_	ContainsVariation=No	_	_	_	_	_	_
442-7	PKP040	442	7	ve	ve	_	_	_	_	_	linguistic	_	ContainsVariation=No	_	_	_	_	_	_
442-8	PKP040	442	8	la	la	_	_	_	_	_	linguistic	_	ContainsVariation=No	_	_	_	_	_	_
442-9	PKP040	442	9	fate	fate	_	_	_	_	_	linguistic	_	ContainsVariation=No	_	_	_	_	_	_
442-10	PKP040	442	10	una	una	_	_	_	_	_	linguistic	_	ContainsVariation=No	_	_	_	_	_	_
442-11	PKP040	442	11	spremuta::?	spremuta	_	_	_	_	_	linguistic	_	ContainsVariation=No	Intonation=Rising	End=1182.29	7x2	_	_	_
443-0	PKP041	443	0	# noni::	noni	_	_	_	_	_	linguistic	_	ContainsVariation=Yes|Variety=Unsure	_	Begin=1182.78|End=1183.47	3x2	_	_	_
444-0	PKP040	444	0	non	non	_	_	_	_	_	linguistic	_	ContainsVariation=No	_	Begin=1183.78	_	_	_	_
444-1	PKP040	444	1	tu	tu	_	_	_	_	_	linguistic	_	ContainsVariation=No	_	_	_	_	_	_
444-2	PKP040	444	2	lu:i:	lui	_	_	_	_	_	linguistic	_	ContainsVariation=No	_	End=1184.46	1x1,2x1	_	_	_
445-0	PKP047	445	0	e	e	_	_	_	_	_	linguistic	_	ContainsVariation=No	_	Begin=1185.11	_	_	_	_
445-1	PKP047	445	1	la	la	_	_	_	_	_	linguistic	_	ContainsVariation=No	_	_	_	_	_	_
445-2	PKP047	445	2	fai	fai	_	_	_	_	_	linguistic	_	ContainsVariation=No	_	_	_	_	_	_
445-3	PKP047	445	3	anche	anche	_	_	_	_	_	linguistic	_	ContainsVariation=No	_	_	_	_	_	_
445-4	PKP047	445	4	per	per	_	_	_	_	_	linguistic	_	ContainsVariation=No	_	_	_	_	_	_
445-5	PKP047	445	5	gli	gli	_	_	_	_	_	linguistic	_	ContainsVariation=No	_	_	_	_	_	_
445-6	PKP047	445	6	al[tri]	altri	_	_	_	_	_	linguistic	_	ContainsVariation=No	_	End=1187.02	_	_	_	2-5(?)
446-0	PKP040	446	0	[ve]	ve	_	_	_	_	_	linguistic	_	ContainsVariation=No	_	Begin=1187.04	_	_	_	0-2(?)
446-1	PKP040	446	1	la	la	_	_	_	_	_	linguistic	_	ContainsVariation=No	_	_	_	_	_	_
446-2	PKP040	446	2	fate	fate	_	_	_	_	_	linguistic	_	ContainsVariation=No	_	_	_	_	_	_
446-3	PKP040	446	3	tu	tu	_	_	_	_	_	linguistic	_	ContainsVariation=No	_	_	_	_	_	_
446-4	PKP040	446	4	e	e	_	_	_	_	_	linguistic	_	ContainsVariation=No	_	_	_	_	_	_
446-5	PKP040	446	5	francesco?	francesco	_	_	_	_	_	linguistic	_	ContainsVariation=No	Intonation=Rising	End=1188.4	_	_	_	_
447-0	PKP041	447	0	[tu	tu	_	_	_	_	_	linguistic	_	ContainsVariation=No	_	Begin=1189.37	_	_	_	0-2(137)
447-1	PKP041	447	1	e	e	_	_	_	_	_	linguistic	_	ContainsVariation=No	_	_	_	_	_	0-1(137)
447-2	PKP041	447	2	francesco]?	francesco	_	_	_	_	_	linguistic	_	ContainsVariation=No	Intonation=Rising	End=1190.34	_	_	_	0-9(137)
448-0	PKP047	448	0	d[evo	devo	_	_	_	_	_	linguistic	_	ContainsVariation=No	_	Begin=1189.43	_	_	_	1-4(137)
448-1	PKP047	448	1	ch]iedere	chiedere	_	_	_	_	_	linguistic	_	ContainsVariation=No	_	End=1189.89	_	_	_	0-2(137)
449-0	PKP040	449	0	tu	tu	_	_	_	_	_	linguistic	_	ContainsVariation=No	_	Begin=1190.5	_	_	_	_
449-1	PKP040	449	1	e	e	_	_	_	_	_	linguistic	_	ContainsVariation=No	_	_	_	_	_	_
449-2	PKP040	449	2	francesco	francesco	_	_	_	_	_	linguistic	_	ContainsVariation=No	_	End=1191.22	_	_	_	_
450-0	PKP047	450	0	devo	devo	_	_	_	_	_	linguistic	_	ContainsVariation=No	_	Begin=1191.23	_	_	_	_
450-1	PKP047	450	1	chiedere	chiedere	_	_	_	_	_	linguistic	_	ContainsVariation=No	_	_	_	_	_	_
450-2	PKP047	450	2	al	al	_	_	_	_	_	linguistic	_	ContainsVariation=No	_	_	_	_	_	_
450-3	PKP047	450	3	mio	mio	_	_	_	_	_	linguistic	_	ContainsVariation=No	_	_	_	_	_	_
450-4	PKP047	450	4	e[go]	ego	_	_	_	_	_	linguistic	_	ContainsVariation=No	_	End=1192.08	_	_	_	1-3(138)
451-0	PKP040	451	0	[lui]	lui	_	_	_	_	_	linguistic	_	ContainsVariation=No	_	Begin=1191.98	_	_	_	0-3(138)
451-1	PKP040	451	1	e	e	_	_	_	_	_	linguistic	_	ContainsVariation=No	_	_	_	_	_	_
451-2	PKP040	451	2	le	le	_	_	_	_	_	linguistic	_	ContainsVariation=No	_	_	_	_	_	_
451-3	PKP040	451	3	sue	sue	_	_	_	_	_	linguistic	_	ContainsVariation=No	_	_	_	_	_	_
451-4	PKP040	451	4	personalità	personalità	_	_	_	_	_	linguistic	_	ContainsVariation=No	_	End=1193.62	_	_	_	_
452-0	PKP041	452	0	mh::	mh	_	_	_	_	_	linguistic	_	ContainsVariation=No	_	Begin=1194.07|End=1194.2	1x2	_	_	_
453-0	PKP041	453	0	istrioniche	istrioniche	_	_	_	_	_	linguistic	_	ContainsVariation=No	_	Begin=1194.84|End=1195.73	_	_	_	_
454-0	PKP040	454	0	no	no	_	_	_	_	_	linguistic	_	ContainsVariation=No	_	Begin=1196.9	_	_	_	_
454-1	PKP040	454	1	no::	no	_	_	_	_	_	linguistic	_	ContainsVariation=No	_	_	1x2	_	_	_
454-2	PKP040	454	2	<PALESI>	palesi	_	_	_	_	_	linguistic	_	ContainsVariation=No	Volume=high	_	_	Slow=0-6(0)	_	_
454-3	PKP040	454	3	non	non	_	_	_	_	_	linguistic	_	ContainsVariation=No	_	_	_	_	_	_
454-4	PKP040	454	4	istrioniche	istrioniche	_	_	_	_	_	linguistic	_	ContainsVariation=No	_	End=1199.16	_	_	_	_
455-0	PKP047	455	0	mi	mi	_	_	_	_	_	linguistic	_	ContainsVariation=No	_	Begin=1203.07	_	_	_	_
455-1	PKP047	455	1	hai	hai	_	_	_	_	_	linguistic	_	ContainsVariation=No	_	_	_	_	_	_
455-2	PKP047	455	2	fatto	fatto	_	_	_	_	_	linguistic	_	ContainsVariation=No	_	_	_	_	_	_
455-3	PKP047	455	3	mangiare	mangiare	_	_	_	_	_	linguistic	_	ContainsVariation=No	_	_	_	_	_	_
455-4	PKP047	455	4	oggi	oggi	_	_	_	_	_	linguistic	_	ContainsVariation=No	_	End=1204.18	_	_	_	_
456-0	PKP040	456	0	mh	mh	_	_	_	_	_	linguistic	_	ContainsVariation=No	_	Begin=1204.48|End=1204.608	_	_	_	_
457-0	PKP040	457	0	tutti	tutti	_	_	_	_	_	linguistic	_	ContainsVariation=No	_	Begin=1205.7	_	_	_	_
457-1	PKP040	457	1	carboidrat[i]	carboidrati	_	_	_	_	_	linguistic	_	ContainsVariation=No	_	End=1206.624	_	_	_	10-11(?)
458-0	PKP041	458	0	[i]	i	_	_	_	_	_	linguistic	_	ContainsVariation=No	_	Begin=1206.64	_	_	_	0-1(?)
458-1	PKP041	458	1	tortellini	tortellini	_	_	_	_	_	linguistic	_	ContainsVariation=No	_	_	_	_	_	_
458-2	PKP041	458	2	erano	erano	_	_	_	_	_	linguistic	_	ContainsVariation=No	_	_	_	_	_	_
458-3	PKP041	458	3	squisit[i]	squisiti	_	_	_	_	_	linguistic	_	ContainsVariation=No	_	End=1208.03	_	_	_	7-8(?)
459-0	PKP040	459	0	[n]o:	no	_	_	_	_	_	linguistic	_	ContainsVariation=No	_	Begin=1208.04	1x1	_	_	0-1(?)
459-1	PKP040	459	1	a	a	_	_	_	_	_	linguistic	_	ContainsVariation=No	_	_	_	_	_	_
459-2	PKP040	459	2	me	me	_	_	_	_	_	linguistic	_	ContainsVariation=No	_	_	_	_	_	_
459-3	PKP040	459	3	non	non	_	_	_	_	_	linguistic	_	ContainsVariation=No	_	_	_	_	_	_
459-4	PKP040	459	4	sono	sono	_	_	_	_	_	linguistic	_	ContainsVariation=No	_	_	_	_	_	_
459-5	PKP040	459	5	piaciuti	piaciuti	_	_	_	_	_	linguistic	_	ContainsVariation=No	_	_	_	_	_	_
459-6	PKP040	459	6	proprio	proprio	_	_	_	_	_	linguistic	_	ContainsVariation=No	_	End=1210.09	_	_	_	_
460-0	PKP041	460	0	e	e	_	_	_	_	_	linguistic	_	ContainsVariation=No	_	Begin=1214.11	_	_	_	_
460-1	PKP041	460	1	c'	c'	_	_	_	_	_	linguistic	_	ContainsVariation=No	SpaceAfter=No	_	_	_	_	_
460-2	PKP041	460	2	hai	hai	_	_	_	_	_	linguistic	_	ContainsVariation=No	_	_	_	_	_	_
460-3	PKP041	460	3	qualche	qualche	_	_	_	_	_	linguistic	_	ContainsVariation=No	_	_	_	_	_	_
460-4	PKP041	460	4	problema	problema	_	_	_	_	_	linguistic	_	ContainsVariation=No	_	End=1215.18	_	_	_	_
461-0	PKP040	461	0	mo	mo	_	_	_	_	_	linguistic	_	ContainsVariation=No	_	Begin=1215.19	_	_	_	_
461-1	PKP040	461	1	per	per	_	_	_	_	_	linguistic	_	ContainsVariation=No	_	_	_	_	_	_
461-2	PKP040	461	2	natale	natale	_	_	_	_	_	linguistic	_	ContainsVariation=No	_	_	_	_	_	_
461-3	PKP040	461	3	li	li	_	_	_	_	_	linguistic	_	ContainsVariation=No	_	_	_	_	_	_
461-4	PKP040	461	4	dobbiamo	dobbiamo	_	_	_	_	_	linguistic	_	ContainsVariation=No	_	_	_	_	_	_
461-5	PKP040	461	5	fare	fare	_	_	_	_	_	linguistic	_	ContainsVariation=No	_	End=1216.68	_	_	_	_
462-0	PKP041	462	0	natale	natale	_	_	_	_	_	linguistic	_	ContainsVariation=No	_	Begin=1220.12	_	_	_	_
462-1	PKP041	462	1	nata:le	natale	_	_	_	_	_	linguistic	_	ContainsVariation=No	_	_	3x1	_	_	_
462-2	PKP041	462	2	venticinque	venticinque	_	_	_	_	_	linguistic	_	ContainsVariation=No	_	End=1221.69	_	_	_	_
463-0	PKP040	463	0	eh	eh	_	_	_	_	_	linguistic	_	ContainsVariation=No	_	Begin=1221.7|End=1221.87	_	_	_	_
464-0	PKP041	464	0	ah	ah	_	_	_	_	_	linguistic	_	ContainsVariation=No	_	Begin=1221.87|End=1222.03	_	_	_	_
465-0	PKP041	465	0	ma	ma	_	_	_	_	_	linguistic	_	ContainsVariation=No	_	Begin=1225.57	_	_	_	_
465-1	PKP041	465	1	no:i	noi	_	_	_	_	_	linguistic	_	ContainsVariation=No	_	End=1226.07	1x1	_	_	_
466-0	PKP041	466	0	proprio	proprio	_	_	_	_	_	linguistic	_	ContainsVariation=No	_	Begin=1227.0	_	_	_	_
466-1	PKP041	466	1	nostr[i]	nostri	_	_	_	_	_	linguistic	_	ContainsVariation=No	_	End=1227.71	_	_	_	5-6(?)
467-0	PKP039	467	0	[n]o	no	_	_	_	_	_	linguistic	_	ContainsVariation=No	_	Begin=1227.72	_	_	_	0-1(?)
467-1	PKP039	467	1	tutti	tutti	_	_	_	_	_	linguistic	_	ContainsVariation=No	_	_	_	_	_	_
467-2	PKP039	467	2	gli	gli	_	_	_	_	_	linguistic	_	ContainsVariation=No	_	_	_	_	_	_
467-3	PKP039	467	3	[invitati]	invitati	_	_	_	_	_	linguistic	_	ContainsVariation=No	_	End=1228.71	_	_	_	0-8(?)
468-0	PKP040	468	0	[no:i]	noi	_	_	_	_	_	linguistic	_	ContainsVariation=No	_	Begin=1228.2|End=1228.61	1x1	_	_	0-3(139)
469-0	PKP040	469	0	a	a	_	_	_	_	_	linguistic	_	ContainsVariation=No	_	Begin=1228.82	_	_	_	_
469-1	PKP040	469	1	mano	mano	_	_	_	_	_	linguistic	_	ContainsVariation=No	_	End=1229.18	_	_	_	_
470-0	PKP041	470	0	no	no	_	_	_	_	_	linguistic	_	ContainsVariation=No	_	Begin=1229.46	_	_	_	_
470-1	PKP041	470	1	no::	no	_	_	_	_	_	linguistic	_	ContainsVariation=No	_	_	1x2	_	_	_
470-2	PKP041	470	2	i	i	_	_	_	_	_	linguistic	_	ContainsVariation=No	_	_	_	_	_	_
470-3	PKP041	470	3	ta::	ta	_	_	_	_	_	linguistic	_	ContainsVariation=No	_	_	1x2	_	_	_
470-4	PKP041	470	4	i	i	_	_	_	_	_	linguistic	_	ContainsVariation=No	_	_	_	_	_	_
470-5	PKP041	470	5	tortelli:ni	tortellini	_	_	_	_	_	linguistic	_	ContainsVariation=No	_	End=1231.81	7x1	_	_	_
471-0	PKP040	471	0	a	a	_	_	_	_	_	linguistic	_	ContainsVariation=No	_	Begin=1232.02	_	_	_	_
471-1	PKP040	471	1	ma:no	mano	_	_	_	_	_	linguistic	_	ContainsVariation=No	PauseAfter=Yes	_	1x1	_	_	_
471-2	PKP040	471	2	(.)	(.)	_	_	_	_	_	shortpause	_	ContainsVariation=No	_	_	_	_	_	_
471-3	PKP040	471	3	cappelle:tti:	cappelletti	_	_	_	_	_	linguistic	_	ContainsVariation=No	_	End=1233.572	7x1,10x1	_	_	_
472-0	PKP041	472	0	°vabbè	vabbè	_	_	_	_	_	linguistic	_	ContainsVariation=No	Volume=low	Begin=1233.572	_	_	_	_
472-1	PKP041	472	1	si	si	_	_	_	_	_	linguistic	_	ContainsVariation=No	Volume=low	_	_	_	_	_
472-2	PKP041	472	2	dai°	dai	_	_	_	_	_	linguistic	_	ContainsVariation=No	Volume=low	End=1234.44	_	_	_	_
473-0	PKP040	473	0	beh:	beh	_	_	_	_	_	linguistic	_	ContainsVariation=No	_	Begin=1235.03	2x1	_	_	_
473-1	PKP040	473	1	l'	l'	_	_	_	_	_	linguistic	_	ContainsVariation=No	SpaceAfter=No	_	_	_	_	_
473-2	PKP040	473	2	anno	anno	_	_	_	_	_	linguistic	_	ContainsVariation=No	_	_	_	_	_	_
473-3	PKP040	473	3	scorso	scorso	_	_	_	_	_	linguistic	_	ContainsVariation=No	_	_	_	_	_	_
473-4	PKP040	473	4	pure	pure	_	_	_	_	_	linguistic	_	ContainsVariation=No	_	_	_	_	_	_
473-5	PKP040	473	5	li	li	_	_	_	_	_	linguistic	_	ContainsVariation=No	_	_	_	_	_	_
473-6	PKP040	473	6	ha	ha	_	_	_	_	_	linguistic	_	ContainsVariation=No	_	_	_	_	_	_
473-7	PKP040	473	7	fatti	fatti	_	_	_	_	_	linguistic	_	ContainsVariation=No	_	_	_	_	_	_
473-8	PKP040	473	8	la	la	_	_	_	_	_	linguistic	_	ContainsVariation=No	_	_	_	_	_	_
473-9	PKP040	473	9	non[na]	nonna	_	_	_	_	_	linguistic	_	ContainsVariation=No	_	End=1236.6	_	_	_	2-5(140)
474-0	PKP041	474	0	[l]o	lo	_	_	_	_	_	linguistic	_	ContainsVariation=No	_	Begin=1236.53	_	_	_	0-1(140)
474-1	PKP041	474	1	so	so	_	_	_	_	_	linguistic	_	ContainsVariation=No	_	End=1236.98	_	_	_	_
475-0	PKP040	475	0	un	un	_	_	_	_	_	linguistic	_	ContainsVariation=No	_	Begin=1237.8	_	_	_	_
475-1	PKP040	475	1	tradizio:ne	tradizione	_	_	_	_	_	linguistic	_	ContainsVariation=No	_	End=1238.71	7x1	_	_	_
476-0	PKP039	476	0	vab[bè:]	vabbè	_	_	_	_	_	linguistic	_	ContainsVariation=No	_	Begin=1241.973|End=1242.63	4x1	_	_	3-5(141)
477-0	PKP040	477	0	[perc]hé	perché	_	_	_	_	_	linguistic	_	ContainsVariation=No	_	Begin=1242.37	_	_	_	0-4(141)
477-1	PKP040	477	1	noi	noi	_	_	_	_	_	linguistic	_	ContainsVariation=No	_	_	_	_	_	_
477-2	PKP040	477	2	italia:ni	italiani	_	_	_	_	_	linguistic	_	ContainsVariation=No	_	End=1243.41	5x1	_	_	_
478-0	PKP041	478	0	ancora:	ancora	_	_	_	_	_	linguistic	_	ContainsVariation=No	_	Begin=1245.37	5x1	_	_	_
478-1	PKP041	478	1	è	è	_	_	_	_	_	linguistic	_	ContainsVariation=No	_	_	_	_	_	_
478-2	PKP041	478	2	di	di	_	_	_	_	_	linguistic	_	ContainsVariation=No	_	_	_	_	_	_
478-3	PKP041	478	3	italiano:	italiano	_	_	_	_	_	linguistic	_	ContainsVariation=No	PauseAfter=Yes	_	7x1	_	_	_
478-4	PKP041	478	4	(.)	(.)	_	_	_	_	_	shortpause	_	ContainsVariation=No	_	_	_	_	_	_
478-5	PKP041	478	5	[italiano]	italiano	_	_	_	_	_	linguistic	_	ContainsVariation=No	PauseAfter=Yes	_	_	_	_	0-8(143)
478-6	PKP041	478	6	(.)	(.)	_	_	_	_	_	shortpause	_	ContainsVariation=No	_	_	_	_	_	_
478-7	PKP041	478	7	[<italia:no>]	italiano	_	_	_	_	_	linguistic	_	ContainsVariation=No	_	End=1248.53	5x1	Slow=0-8(0)	_	0-8(142)
479-0	PKP040	479	0	[del	del	_	_	_	_	_	linguistic	_	ContainsVariation=No	_	Begin=1246.07	_	_	_	0-3(143)
479-1	PKP040	479	1	nord]	nord	_	_	_	_	_	linguistic	_	ContainsVariation=No	_	End=1246.81	_	_	_	0-4(143)
480-0	PKP040	480	0	[noi	noi	_	_	_	_	_	linguistic	_	ContainsVariation=No	_	Begin=1247.67	_	_	_	0-3(142)
480-1	PKP040	480	1	del	del	_	_	_	_	_	linguistic	_	ContainsVariation=No	_	_	_	_	_	0-3(142)
480-2	PKP040	480	2	nord]	nord	_	_	_	_	_	linguistic	_	ContainsVariation=No	_	End=1248.62	_	_	_	0-4(142)
481-0	PKP041	481	0	<i:	i	_	_	_	_	_	linguistic	_	ContainsVariation=No	PauseAfter=Yes	Begin=1249.21	0x1	Slow=0-1(0)	_	_
481-1	PKP041	481	1	(.)	(.)	_	_	_	_	_	shortpause	_	ContainsVariation=No	_	_	_	_	_	_
481-2	PKP041	481	2	taliano>	taliano	_	_	_	_	_	linguistic	_	ContainsVariation=No	_	End=1250.11	_	Slow=0-7(0)	_	_
482-0	PKP040	482	0	questo	questo	_	_	_	_	_	linguistic	_	ContainsVariation=No	_	Begin=1261.98	_	_	_	_
482-1	PKP040	482	1	assomigli[a]	assomiglia	_	_	_	_	_	linguistic	_	ContainsVariation=No	_	_	_	_	_	9-10(144)
482-2	PKP040	482	2	((riferimento_alla_tv))	((riferimento_alla_tv))	_	_	_	_	_	nonverbalbehavior	_	ContainsVariation=No	_	End=1262.55	_	_	_	_
483-0	PKP047	483	0	[al]berto	alberto	_	_	_	_	_	linguistic	_	ContainsVariation=No	PauseAfter=Yes	Begin=1262.5	_	_	_	0-2(144)
483-1	PKP047	483	1	(.)	(.)	_	_	_	_	_	shortpause	_	ContainsVariation=No	_	_	_	_	_	_
483-2	PKP047	483	2	potremmo	potremmo	_	_	_	_	_	linguistic	_	ContainsVariation=No	_	_	_	_	_	_
483-3	PKP047	483	3	sperare	sperare	_	_	_	_	_	linguistic	_	ContainsVariation=No	_	_	_	_	_	_
483-4	PKP047	483	4	che	che	_	_	_	_	_	linguistic	_	ContainsVariation=No	_	_	_	_	_	_
483-5	PKP047	483	5	emiliano	emiliano	_	_	_	_	_	linguistic	_	ContainsVariation=No	_	_	_	_	_	_
483-6	PKP047	483	6	chieda	chieda	_	_	_	_	_	linguistic	_	ContainsVariation=No	_	_	_	_	_	_
483-7	PKP047	483	7	uno	uno	_	_	_	_	_	linguistic	_	ContainsVariation=No	_	_	_	_	_	_
483-8	PKP047	483	8	statuto	statuto	_	_	_	_	_	linguistic	_	ContainsVariation=No	_	_	_	_	_	_
483-9	PKP047	483	9	speciale	speciale	_	_	_	_	_	linguistic	_	ContainsVariation=No	_	_	_	_	_	_
483-10	PKP047	483	10	per	per	_	_	_	_	_	linguistic	_	ContainsVariation=No	_	_	_	_	_	_
483-11	PKP047	483	11	le	le	_	_	_	_	_	linguistic	_	ContainsVariation=No	_	_	_	_	_	_
483-12	PKP047	483	12	province	province	_	_	_	_	_	linguistic	_	ContainsVariation=No	_	_	_	_	_	_
483-13	PKP047	483	13	meno	meno	_	_	_	_	_	linguistic	_	ContainsVariation=No	_	_	_	_	_	_
483-14	PKP047	483	14	colpite	colpite	_	_	_	_	_	linguistic	_	ContainsVariation=No	_	_	_	_	_	_
483-15	PKP047	483	15	alla	alla	_	_	_	_	_	linguistic	_	ContainsVariation=No	_	_	_	_	_	_
483-16	PKP047	483	16	regione	regione	_	_	_	_	_	linguistic	_	ContainsVariation=No	_	End=1267.8	_	_	_	_
484-0	PKP047	484	0	cioè	cioè	_	_	_	_	_	linguistic	_	ContainsVariation=No	_	Begin=1268.194	_	_	_	_
484-1	PKP047	484	1	in	in	_	_	_	_	_	linguistic	_	ContainsVariation=No	_	_	_	_	_	_
484-2	PKP047	484	2	una	una	_	_	_	_	_	linguistic	_	ContainsVariation=No	_	_	_	_	_	_
484-3	PKP047	484	3	fra:se::	frase	_	_	_	_	_	linguistic	_	ContainsVariation=No	_	_	2x1,4x2	_	_	_
484-4	PKP047	484	4	ha	ha	_	_	_	_	_	linguistic	_	ContainsVariation=No	_	_	_	_	_	_
484-5	PKP047	484	5	[uscito]	uscito	_	_	_	_	_	linguistic	_	ContainsVariation=No	_	_	_	_	_	0-6(145)
484-6	PKP047	484	6	ha	ha	_	_	_	_	_	linguistic	_	ContainsVariation=No	_	_	_	_	_	_
484-7	PKP047	484	7	scritto	scritto	_	_	_	_	_	linguistic	_	ContainsVariation=No	PauseAfter=Yes	_	_	_	_	_
484-8	PKP047	484	8	(.)	(.)	_	_	_	_	_	shortpause	_	ContainsVariation=No	_	_	_	_	_	_
484-9	PKP047	484	9	lo	lo	_	_	_	_	_	linguistic	_	ContainsVariation=No	_	_	_	_	_	_
484-10	PKP047	484	10	statuto	statuto	_	_	_	_	_	linguistic	_	ContainsVariation=No	_	_	_	_	_	_
484-11	PKP047	484	11	specia:le	speciale	_	_	_	_	_	linguistic	_	ContainsVariation=No	_	_	5x1	_	_	_
484-12	PKP047	484	12	>che	che	_	_	_	_	_	linguistic	_	ContainsVariation=No	_	_	_	Fast=0-3(0)	_	_
484-13	PKP047	484	13	la	la	_	_	_	_	_	linguistic	_	ContainsVariation=No	_	_	_	Fast=0-2(0)	_	_
484-14	PKP047	484	14	puglia	puglia	_	_	_	_	_	linguistic	_	ContainsVariation=No	_	_	_	Fast=0-6(0)	_	_
484-15	PKP047	484	15	non	non	_	_	_	_	_	linguistic	_	ContainsVariation=No	_	_	_	Fast=0-3(0)	_	_
484-16	PKP047	484	16	ha<	ha	_	_	_	_	_	linguistic	_	ContainsVariation=No	_	End=1273.42	_	Fast=0-2(0)	_	_
485-0	PKP040	485	0	[un	un	_	_	_	_	_	linguistic	_	ContainsVariation=No	_	Begin=1270.29	_	_	_	0-2(145)
485-1	PKP040	485	1	sacco	sacco	_	_	_	_	_	linguistic	_	ContainsVariation=No	_	_	_	_	_	0-5(145)
485-2	PKP040	485	2	di	di	_	_	_	_	_	linguistic	_	ContainsVariation=No	_	_	_	_	_	0-2(145)
485-3	PKP040	485	3	errori]	errori	_	_	_	_	_	linguistic	_	ContainsVariation=No	_	End=1270.87	_	_	_	0-6(145)
486-0	PKP047	486	0	poi	poi	_	_	_	_	_	linguistic	_	ContainsVariation=No	_	Begin=1274.45	_	_	_	_
486-1	PKP047	486	1	le	le	_	_	_	_	_	linguistic	_	ContainsVariation=No	_	_	_	_	_	_
486-2	PKP047	486	2	province	province	_	_	_	_	_	linguistic	_	ContainsVariation=No	_	_	_	_	_	_
486-3	PKP047	486	3	che	che	_	_	_	_	_	linguistic	_	ContainsVariation=No	_	_	_	_	_	_
486-4	PKP047	486	4	comunque	comunque	_	_	_	_	_	linguistic	_	ContainsVariation=No	_	_	_	_	_	_
486-5	PKP047	486	5	[hanno	hanno	_	_	_	_	_	linguistic	_	ContainsVariation=No	_	_	_	_	_	0-5(147)
486-6	PKP047	486	6	più]	più	_	_	_	_	_	linguistic	_	ContainsVariation=No	_	_	_	_	_	0-3(147)
486-7	PKP047	486	7	una	una	_	_	_	_	_	linguistic	_	ContainsVariation=No	_	_	_	_	_	_
486-8	PKP047	486	8	finalità	finalità	_	_	_	_	_	linguistic	_	ContainsVariation=No	_	_	_	_	_	_
486-9	PKP047	486	9	costituzionale	costituzionale	_	_	_	_	_	linguistic	_	ContainsVariation=No	_	_	_	_	_	_
486-10	PKP047	486	10	le	le	_	_	_	_	_	linguistic	_	ContainsVariation=No	_	_	_	_	_	_
486-11	PKP047	486	11	provinc[ie:]	provincie	_	_	_	_	_	linguistic	_	ContainsVariation=No	_	End=1278.3	8x1	_	_	7-9(146)
487-0	PKP041	487	0	[dovremmo	dovremmo	_	_	_	_	_	linguistic	_	ContainsVariation=No	_	Begin=1275.532	_	_	_	0-8(147)
487-1	PKP041	487	1	chiederlo	chiederlo	_	_	_	_	_	linguistic	_	ContainsVariation=No	_	_	_	_	_	0-9(147)
487-2	PKP041	487	2	infatti]	infatti	_	_	_	_	_	linguistic	_	ContainsVariation=No	_	End=1276.72	_	_	_	0-7(147)
488-0	PKP039	488	0	[xx]	xx	_	_	_	_	_	unknown	_	ContainsVariation=No	Syllables=2	Begin=1278.21	_	_	_	0-2(146)
488-1	PKP039	488	1	se	se	_	_	_	_	_	linguistic	_	ContainsVariation=No	_	_	_	_	_	_
488-2	PKP039	488	2	lo	lo	_	_	_	_	_	linguistic	_	ContainsVariation=No	_	_	_	_	_	_
488-3	PKP039	488	3	avessero	avessero	_	_	_	_	_	linguistic	_	ContainsVariation=No	_	_	_	_	_	_
488-4	PKP039	488	4	no::non	nonon	_	_	_	_	_	linguistic	_	ContainsVariation=No	_	_	1x2	_	_	_
488-5	PKP039	488	5	sarebbe	sarebbe	_	_	_	_	_	linguistic	_	ContainsVariation=No	_	_	_	_	_	_
488-6	PKP039	488	6	da	da	_	_	_	_	_	linguistic	_	ContainsVariation=No	_	_	_	_	_	_
488-7	PKP039	488	7	richiedere	richiedere	_	_	_	_	_	linguistic	_	ContainsVariation=No	_	End=1280.66	_	_	_	_
489-0	PKP040	489	0	siccome	siccome	_	_	_	_	_	linguistic	_	ContainsVariation=No	_	Begin=1284.42	_	_	_	_
489-1	PKP040	489	1	è	è	_	_	_	_	_	linguistic	_	ContainsVariation=No	_	_	_	_	_	_
489-2	PKP040	489	2	un	un	_	_	_	_	_	linguistic	_	ContainsVariation=No	_	_	_	_	_	_
489-3	PKP040	489	3	so:gno	sogno	_	_	_	_	_	linguistic	_	ContainsVariation=No	_	End=1285.51	1x1	_	_	_
490-0	PKP047	490	0	[lo	lo	_	_	_	_	_	linguistic	_	ContainsVariation=No	_	Begin=1290.47	_	_	_	0-2(148)
490-1	PKP047	490	1	sai	sai	_	_	_	_	_	linguistic	_	ContainsVariation=No	_	_	_	_	_	0-3(148)
490-2	PKP047	490	2	che	che	_	_	_	_	_	linguistic	_	ContainsVariation=No	_	_	_	_	_	0-3(148)
490-3	PKP047	490	3	com]un~	comun~	_	_	_	_	_	linguistic	_	ContainsVariation=No	Interrupted=Yes	End=1290.918	_	_	_	0-3(148)
491-0	PKP040	491	0	[i	i	_	_	_	_	_	linguistic	_	ContainsVariation=No	_	Begin=1290.51	_	_	_	0-1(148)
491-1	PKP040	491	1	sogni	sogni	_	_	_	_	_	linguistic	_	ContainsVariation=No	_	_	_	_	_	0-5(148)
491-2	PKP040	491	2	son]	son	_	_	_	_	_	linguistic	_	ContainsVariation=No	_	End=1291.52	_	_	_	0-3(148)
492-0	PKP047	492	0	io	io	_	_	_	_	_	linguistic	_	ContainsVariation=No	_	Begin=1291.59	_	_	_	_
492-1	PKP047	492	1	comunque	comunque	_	_	_	_	_	linguistic	_	ContainsVariation=No	_	_	_	_	_	_
492-2	PKP047	492	2	sono	sono	_	_	_	_	_	linguistic	_	ContainsVariation=No	_	_	_	_	_	_
492-3	PKP047	492	3	[a	a	_	_	_	_	_	linguistic	_	ContainsVariation=No	_	_	_	_	_	0-1(149)
492-4	PKP047	492	4	favore]	favore	_	_	_	_	_	linguistic	_	ContainsVariation=No	_	_	_	_	_	0-6(149)
492-5	PKP047	492	5	della	della	_	_	_	_	_	linguistic	_	ContainsVariation=No	_	_	_	_	_	_
492-6	PKP047	492	6	lombardia	lombardia	_	_	_	_	_	linguistic	_	ContainsVariation=No	_	_	_	_	_	_
492-7	PKP047	492	7	a	a	_	_	_	_	_	linguistic	_	ContainsVariation=No	_	_	_	_	_	_
492-8	PKP047	492	8	statuto	statuto	_	_	_	_	_	linguistic	_	ContainsVariation=No	_	_	_	_	_	_
492-9	PKP047	492	9	speciale	speciale	_	_	_	_	_	linguistic	_	ContainsVariation=No	_	_	_	_	_	_
492-10	PKP047	492	10	lo	lo	_	_	_	_	_	linguistic	_	ContainsVariation=No	_	_	_	_	_	_
492-11	PKP047	492	11	sai?	sai	_	_	_	_	_	linguistic	_	ContainsVariation=No	Intonation=Rising	End=1294.51	_	_	_	_
493-0	PKP041	493	0	[desideri]	desideri	_	_	_	_	_	linguistic	_	ContainsVariation=No	_	Begin=1292.57|End=1292.9	_	_	_	0-8(149)
494-0	PKP040	494	0	eh	eh	_	_	_	_	_	linguistic	_	ContainsVariation=No	_	Begin=1294.94	_	_	_	_
494-1	PKP040	494	1	si	si	_	_	_	_	_	linguistic	_	ContainsVariation=No	_	_	_	_	_	_
494-2	PKP040	494	2	ormai	ormai	_	_	_	_	_	linguistic	_	ContainsVariation=No	_	_	_	_	_	_
494-3	PKP040	494	3	sei	sei	_	_	_	_	_	linguistic	_	ContainsVariation=No	_	_	_	_	_	_
494-4	PKP040	494	4	lombardo	lombardo	_	_	_	_	_	linguistic	_	ContainsVariation=No	_	End=1296.17	_	_	_	_
495-0	PKP047	495	0	no	no	_	_	_	_	_	linguistic	_	ContainsVariation=No	_	Begin=1296.49	_	_	_	_
495-1	PKP047	495	1	lo	lo	_	_	_	_	_	linguistic	_	ContainsVariation=No	_	_	_	_	_	_
495-2	PKP047	495	2	ammetto	ammetto	_	_	_	_	_	linguistic	_	ContainsVariation=No	_	_	_	_	_	_
495-3	PKP047	495	3	sono	sono	_	_	_	_	_	linguistic	_	ContainsVariation=No	_	_	_	_	_	_
495-4	PKP047	495	4	molto	molto	_	_	_	_	_	linguistic	_	ContainsVariation=No	_	_	_	_	_	_
495-5	PKP047	495	5	a	a	_	_	_	_	_	linguistic	_	ContainsVariation=No	_	_	_	_	_	_
495-6	PKP047	495	6	favore	favore	_	_	_	_	_	linguistic	_	ContainsVariation=No	_	End=1298.31	_	_	_	_
496-0	PKP040	496	0	no	no	_	_	_	_	_	linguistic	_	ContainsVariation=No	_	Begin=1302.07	_	_	_	_
496-1	PKP040	496	1	quei	quei	_	_	_	_	_	linguistic	_	ContainsVariation=No	_	_	_	_	_	_
496-2	PKP040	496	2	ragazzi	ragazzi	_	_	_	_	_	linguistic	_	ContainsVariation=No	_	_	_	_	_	_
496-3	PKP040	496	3	là	là	_	_	_	_	_	linguistic	_	ContainsVariation=No	_	_	_	_	_	_
496-4	PKP040	496	4	del	del	_	_	_	_	_	linguistic	_	ContainsVariation=No	_	_	_	_	_	_
496-5	PKP040	496	5	catechismo:	catechismo	_	_	_	_	_	linguistic	_	ContainsVariation=No	_	_	9x1	_	_	_
496-6	PKP040	496	6	>io	io	_	_	_	_	_	linguistic	_	ContainsVariation=No	_	_	_	Fast=0-2(0)	_	_
496-7	PKP040	496	7	non	non	_	_	_	_	_	linguistic	_	ContainsVariation=No	_	_	_	Fast=0-3(0)	_	_
496-8	PKP040	496	8	lo	lo	_	_	_	_	_	linguistic	_	ContainsVariation=No	_	_	_	Fast=0-2(0)	_	_
496-9	PKP040	496	9	so<	so	_	_	_	_	_	linguistic	_	ContainsVariation=No	_	End=1304.36	_	Fast=0-2(0)	_	_
497-0	PKP040	497	0	ma	ma	_	_	_	_	_	linguistic	_	ContainsVariation=No	PauseAfter=Yes	Begin=1305.56	_	_	_	_
497-1	PKP040	497	1	(.)	(.)	_	_	_	_	_	shortpause	_	ContainsVariation=No	_	_	_	_	_	_
497-2	PKP040	497	2	voi	voi	_	_	_	_	_	linguistic	_	ContainsVariation=No	_	_	_	_	_	_
497-3	PKP040	497	3	eravate	eravate	_	_	_	_	_	linguistic	_	ContainsVariation=No	_	_	_	_	_	_
497-4	PKP040	497	4	così	così	_	_	_	_	_	linguistic	_	ContainsVariation=No	_	_	_	_	_	_
497-5	PKP040	497	5	in	in	_	_	_	_	_	linguistic	_	ContainsVariation=No	_	_	_	_	_	_
497-6	PKP040	497	6	terza	terza	_	_	_	_	_	linguistic	_	ContainsVariation=No	_	_	_	_	_	_
497-7	PKP040	497	7	media?	media	_	_	_	_	_	linguistic	_	ContainsVariation=No	Intonation=Rising	End=1307.9	_	_	_	_
498-0	PKP041	498	0	no	no	_	_	_	_	_	linguistic	_	ContainsVariation=No	_	Begin=1308.4|End=1308.55	_	_	_	_
499-0	PKP041	499	0	noi	noi	_	_	_	_	_	linguistic	_	ContainsVariation=No	_	Begin=1309.1	_	_	_	_
499-1	PKP041	499	1	eravamo	eravamo	_	_	_	_	_	linguistic	_	ContainsVariation=No	_	_	_	_	_	_
499-2	PKP041	499	2	pochi:ss~	pochiss~	_	_	_	_	_	linguistic	_	ContainsVariation=No	Interrupted=Yes	_	4x1	_	_	_
499-3	PKP041	499	3	ah	ah	_	_	_	_	_	linguistic	_	ContainsVariation=No	_	_	_	_	_	_
499-4	PKP041	499	4	in	in	_	_	_	_	_	linguistic	_	ContainsVariation=No	_	_	_	_	_	_
499-5	PKP041	499	5	terza	terza	_	_	_	_	_	linguistic	_	ContainsVariation=No	_	_	_	_	_	_
499-6	PKP041	499	6	media	media	_	_	_	_	_	linguistic	_	ContainsVariation=No	_	End=1311.204	_	_	_	_
500-0	PKP040	500	0	cioè	cioè	_	_	_	_	_	linguistic	_	ContainsVariation=No	_	Begin=1311.31	_	_	_	_
500-1	PKP040	500	1	se	se	_	_	_	_	_	linguistic	_	ContainsVariation=No	_	_	_	_	_	_
500-2	PKP040	500	2	io	io	_	_	_	_	_	linguistic	_	ContainsVariation=No	_	_	_	_	_	_
500-3	PKP040	500	3	ti	ti	_	_	_	_	_	linguistic	_	ContainsVariation=No	_	_	_	_	_	_
500-4	PKP040	500	4	dico	dico	_	_	_	_	_	linguistic	_	ContainsVariation=No	_	_	_	_	_	_
500-5	PKP040	500	5	no?	no	_	_	_	_	_	linguistic	_	ContainsVariation=No	Intonation=Rising	End=1312.49	_	_	_	_
501-0	PKP041	501	0	bo::h	boh	_	_	_	_	_	linguistic	_	ContainsVariation=No	_	Begin=1312.5	1x2	_	_	_
501-1	PKP041	501	1	non	non	_	_	_	_	_	linguistic	_	ContainsVariation=No	_	_	_	_	_	_
501-2	PKP041	501	2	me	me	_	_	_	_	_	linguistic	_	ContainsVariation=No	_	_	_	_	_	_
501-3	PKP041	501	3	lo	lo	_	_	_	_	_	linguistic	_	ContainsVariation=No	_	_	_	_	_	_
501-4	PKP041	501	4	ricordo	ricordo	_	_	_	_	_	linguistic	_	ContainsVariation=No	_	End=1313.49	_	_	_	_
502-0	PKP040	502	0	che	che	_	_	_	_	_	linguistic	_	ContainsVariation=No	_	Begin=1313.53	_	_	_	_
502-1	PKP040	502	1	cosa	cosa	_	_	_	_	_	linguistic	_	ContainsVariation=No	_	_	_	_	_	_
502-2	PKP040	502	2	significa	significa	_	_	_	_	_	linguistic	_	ContainsVariation=No	_	_	_	_	_	_
502-3	PKP040	502	3	principio	principio	_	_	_	_	_	linguistic	_	ContainsVariation=No	_	_	_	_	_	_
502-4	PKP040	502	4	di	di	_	_	_	_	_	linguistic	_	ContainsVariation=No	_	_	_	_	_	_
502-5	PKP040	502	5	<auto	auto	_	_	_	_	_	linguistic	_	ContainsVariation=No	_	_	_	Slow=0-4(0)	_	_
502-6	PKP040	502	6	determinazione>?	determinazione	_	_	_	_	_	linguistic	_	ContainsVariation=No	Intonation=Rising	End=1317.766	_	Slow=0-14(0)	_	_
503-0	PKP040	503	0	che	che	_	_	_	_	_	linguistic	_	ContainsVariation=No	_	Begin=1318.235	_	_	_	_
503-1	PKP040	503	1	cosa	cosa	_	_	_	_	_	linguistic	_	ContainsVariation=No	_	_	_	_	_	_
503-2	PKP040	503	2	vuole	vuole	_	_	_	_	_	linguistic	_	ContainsVariation=No	_	_	_	_	_	_
503-3	PKP040	503	3	di:re	dire	_	_	_	_	_	linguistic	_	ContainsVariation=No	_	_	1x1	_	_	_
503-4	PKP040	503	4	che	che	_	_	_	_	_	linguistic	_	ContainsVariation=No	_	_	_	_	_	_
503-5	PKP040	503	5	la	la	_	_	_	_	_	linguistic	_	ContainsVariation=No	_	_	_	_	_	_
503-6	PKP040	503	6	libertà	libertà	_	_	_	_	_	linguistic	_	ContainsVariation=No	_	_	_	_	_	_
503-7	PKP040	503	7	è	è	_	_	_	_	_	linguistic	_	ContainsVariation=No	_	_	_	_	_	_
503-8	PKP040	503	8	auto	auto	_	_	_	_	_	linguistic	_	ContainsVariation=No	_	_	_	_	_	_
503-9	PKP040	503	9	determinazione?	determinazione	_	_	_	_	_	linguistic	_	ContainsVariation=No	Intonation=Rising	End=1322.902	_	_	_	_
504-0	PKP041	504	0	io	io	_	_	_	_	_	linguistic	_	ContainsVariation=No	_	Begin=1324.57	_	_	_	_
504-1	PKP041	504	1	ho	ho	_	_	_	_	_	linguistic	_	ContainsVariation=No	_	_	_	_	_	_
504-2	PKP041	504	2	letto	letto	_	_	_	_	_	linguistic	_	ContainsVariation=No	_	_	_	_	_	_
504-3	PKP041	504	3	l'	l'	_	_	_	_	_	linguistic	_	ContainsVariation=No	SpaceAfter=No	_	_	_	_	_
504-4	PKP041	504	4	altro	altro	_	_	_	_	_	linguistic	_	ContainsVariation=No	_	_	_	_	_	_
504-5	PKP041	504	5	giorno	giorno	_	_	_	_	_	linguistic	_	ContainsVariation=No	_	_	_	_	_	_
504-6	PKP041	504	6	un	un	_	_	_	_	_	linguistic	_	ContainsVariation=No	_	_	_	_	_	_
504-7	PKP041	504	7	mio	mio	_	_	_	_	_	linguistic	_	ContainsVariation=No	_	_	_	_	_	_
504-8	PKP041	504	8	tema	tema	_	_	_	_	_	linguistic	_	ContainsVariation=No	_	_	_	_	_	_
504-9	PKP041	504	9	di	di	_	_	_	_	_	linguistic	_	ContainsVariation=No	_	_	_	_	_	_
504-10	PKP041	504	10	quinta	quinta	_	_	_	_	_	linguistic	_	ContainsVariation=No	_	_	_	_	_	_
504-11	PKP041	504	11	elementare	elementare	_	_	_	_	_	linguistic	_	ContainsVariation=No	_	End=1327.327	_	_	_	_
505-0	PKP041	505	0	o	o	_	_	_	_	_	linguistic	_	ContainsVariation=No	_	Begin=1328.01	_	_	_	_
505-1	PKP041	505	1	me	me	_	_	_	_	_	linguistic	_	ContainsVariation=No	_	_	_	_	_	_
505-2	PKP041	505	2	l'	l'	_	_	_	_	_	linguistic	_	ContainsVariation=No	SpaceAfter=No	_	_	_	_	_
505-3	PKP041	505	3	avevi	avevi	_	_	_	_	_	linguistic	_	ContainsVariation=No	_	_	_	_	_	_
505-4	PKP041	505	4	fatto	fatto	_	_	_	_	_	linguistic	_	ContainsVariation=No	_	_	_	_	_	_
505-5	PKP041	505	5	tu:	tu	_	_	_	_	_	linguistic	_	ContainsVariation=No	_	End=1329.12	1x1	_	_	_
506-0	PKP041	506	0	o	o	_	_	_	_	_	linguistic	_	ContainsVariation=No	_	Begin=1329.715	_	_	_	_
506-1	PKP041	506	1	non	non	_	_	_	_	_	linguistic	_	ContainsVariation=No	_	_	_	_	_	_
506-2	PKP041	506	2	è	è	_	_	_	_	_	linguistic	_	ContainsVariation=No	_	_	_	_	_	_
506-3	PKP041	506	3	possi[bile	possibile	_	_	_	_	_	linguistic	_	ContainsVariation=No	_	_	_	_	_	5-9(150)
506-4	PKP041	506	4	che	che	_	_	_	_	_	linguistic	_	ContainsVariation=No	_	_	_	_	_	0-3(150)
506-5	PKP041	506	5	in	in	_	_	_	_	_	linguistic	_	ContainsVariation=No	_	_	_	_	_	0-2(150)
506-6	PKP041	506	6	quinta	quinta	_	_	_	_	_	linguistic	_	ContainsVariation=No	_	_	_	_	_	0-6(150)
506-7	PKP041	506	7	elementare	elementare	_	_	_	_	_	linguistic	_	ContainsVariation=No	_	_	_	_	_	0-10(150)
506-8	PKP041	506	8	io]	io	_	_	_	_	_	linguistic	_	ContainsVariation=No	_	_	_	_	_	0-2(150)
506-9	PKP041	506	9	scrivevo:	scrivevo	_	_	_	_	_	linguistic	_	ContainsVariation=No	_	_	7x1	_	_	_
506-10	PKP041	506	10	si	si	_	_	_	_	_	linguistic	_	ContainsVariation=No	_	_	_	_	_	_
506-11	PKP041	506	11	ma:	ma	_	_	_	_	_	linguistic	_	ContainsVariation=No	_	_	1x1	_	_	_
506-12	PKP041	506	12	ho	ho	_	_	_	_	_	linguistic	_	ContainsVariation=No	_	_	_	_	_	_
506-13	PKP041	506	13	letto	letto	_	_	_	_	_	linguistic	_	ContainsVariation=No	_	_	_	_	_	_
506-14	PKP041	506	14	poi	poi	_	_	_	_	_	linguistic	_	ContainsVariation=No	_	_	_	_	_	_
506-15	PKP041	506	15	uno	uno	_	_	_	_	_	linguistic	_	ContainsVariation=No	_	_	_	_	_	_
506-16	PKP041	506	16	di	di	_	_	_	_	_	linguistic	_	ContainsVariation=No	_	_	_	_	_	_
506-17	PKP041	506	17	terza	terza	_	_	_	_	_	linguistic	_	ContainsVariation=No	_	_	_	_	_	_
506-18	PKP041	506	18	me:dia	media	_	_	_	_	_	linguistic	_	ContainsVariation=No	_	End=1334.673	1x1	_	_	_
507-0	PKP040	507	0	[no::	no	_	_	_	_	_	linguistic	_	ContainsVariation=No	_	Begin=1330.38	1x2	_	_	0-2(150)
507-1	PKP040	507	1	tu	tu	_	_	_	_	_	linguistic	_	ContainsVariation=No	_	_	_	_	_	0-2(150)
507-2	PKP040	507	2	hai	hai	_	_	_	_	_	linguistic	_	ContainsVariation=No	_	_	_	_	_	0-3(150)
507-3	PKP040	507	3	sempre	sempre	_	_	_	_	_	linguistic	_	ContainsVariation=No	_	_	_	_	_	0-6(150)
507-4	PKP040	507	4	scritti	scritti	_	_	_	_	_	linguistic	_	ContainsVariation=No	_	_	_	_	_	0-7(150)
507-5	PKP040	507	5	bene]	bene	_	_	_	_	_	linguistic	_	ContainsVariation=No	_	End=1331.91	_	_	_	0-4(150)
508-0	PKP041	508	0	non	non	_	_	_	_	_	linguistic	_	ContainsVariation=No	_	Begin=1335.328	_	_	_	_
508-1	PKP041	508	1	scrivevo	scrivevo	_	_	_	_	_	linguistic	_	ContainsVariation=No	_	_	_	_	_	_
508-2	PKP041	508	2	così	così	_	_	_	_	_	linguistic	_	ContainsVariation=No	_	_	_	_	_	_
508-3	PKP041	508	3	bene	bene	_	_	_	_	_	linguistic	_	ContainsVariation=No	_	_	_	_	_	_
508-4	PKP041	508	4	come	come	_	_	_	_	_	linguistic	_	ContainsVariation=No	_	_	_	_	_	_
508-5	PKP041	508	5	in	in	_	_	_	_	_	linguistic	_	ContainsVariation=No	_	_	_	_	_	_
508-6	PKP041	508	6	quinta	quinta	_	_	_	_	_	linguistic	_	ContainsVariation=No	_	_	_	_	_	_
508-7	PKP041	508	7	elemen[tare]	elementare	_	_	_	_	_	linguistic	_	ContainsVariation=No	_	End=1338.754	_	_	_	6-10(151)
509-0	PKP040	509	0	[in]	in	_	_	_	_	_	linguistic	_	ContainsVariation=No	_	Begin=1337.24	_	_	_	0-2(151)
509-1	PKP040	509	1	quinta	quinta	_	_	_	_	_	linguistic	_	ContainsVariation=No	_	_	_	_	_	_
509-2	PKP040	509	2	elementare	elementare	_	_	_	_	_	linguistic	_	ContainsVariation=No	_	_	_	_	_	_
509-3	PKP040	509	3	leggevi	leggevi	_	_	_	_	_	linguistic	_	ContainsVariation=No	_	_	_	_	_	_
509-4	PKP040	509	4	pure	pure	_	_	_	_	_	linguistic	_	ContainsVariation=No	_	_	_	_	_	_
509-5	PKP040	509	5	eh	eh	_	_	_	_	_	linguistic	_	ContainsVariation=No	_	End=1338.65	_	_	_	_
510-0	PKP041	510	0	cioè:	cioè	_	_	_	_	_	linguistic	_	ContainsVariation=No	_	Begin=1340.4	3x1	_	_	_
510-1	PKP041	510	1	anche	anche	_	_	_	_	_	linguistic	_	ContainsVariation=No	_	_	_	_	_	_
510-2	PKP041	510	2	ora	ora	_	_	_	_	_	linguistic	_	ContainsVariation=No	_	_	_	_	_	_
510-3	PKP041	510	3	forse	forse	_	_	_	_	_	linguistic	_	ContainsVariation=No	_	_	_	_	_	_
510-4	PKP041	510	4	se	se	_	_	_	_	_	linguistic	_	ContainsVariation=No	_	_	_	_	_	_
510-5	PKP041	510	5	dovessi	dovessi	_	_	_	_	_	linguistic	_	ContainsVariation=No	_	_	_	_	_	_
510-6	PKP041	510	6	fare	fare	_	_	_	_	_	linguistic	_	ContainsVariation=No	_	_	_	_	_	_
510-7	PKP041	510	7	un	un	_	_	_	_	_	linguistic	_	ContainsVariation=No	_	_	_	_	_	_
510-8	PKP041	510	8	tema	tema	_	_	_	_	_	linguistic	_	ContainsVariation=No	_	_	_	_	_	_
510-9	PKP041	510	9	non	non	_	_	_	_	_	linguistic	_	ContainsVariation=No	_	_	_	_	_	_
510-10	PKP041	510	10	lo	lo	_	_	_	_	_	linguistic	_	ContainsVariation=No	_	_	_	_	_	_
510-11	PKP041	510	11	farei	farei	_	_	_	_	_	linguistic	_	ContainsVariation=No	_	_	_	_	_	_
510-12	PKP041	510	12	così	così	_	_	_	_	_	linguistic	_	ContainsVariation=No	_	_	_	_	_	_
510-13	PKP041	510	13	bene	bene	_	_	_	_	_	linguistic	_	ContainsVariation=No	_	_	_	_	_	_
510-14	PKP041	510	14	come	come	_	_	_	_	_	linguistic	_	ContainsVariation=No	_	_	_	_	_	_
510-15	PKP041	510	15	quello	quello	_	_	_	_	_	linguistic	_	ContainsVariation=No	_	End=1343.941	_	_	_	_
511-0	PKP047	511	0	leggevi	leggevi	_	_	_	_	_	linguistic	_	ContainsVariation=No	_	Begin=1344.11	_	_	_	_
511-1	PKP047	511	1	me~	me~	_	_	_	_	_	linguistic	_	ContainsVariation=No	Interrupted=Yes	End=1344.68	_	_	_	_
512-0	PKP041	512	0	ma	ma	_	_	_	_	_	linguistic	_	ContainsVariation=No	_	Begin=1344.69	_	_	_	_
512-1	PKP041	512	1	dicevo	dicevo	_	_	_	_	_	linguistic	_	ContainsVariation=No	_	_	_	_	_	_
512-2	PKP041	512	2	delle	delle	_	_	_	_	_	linguistic	_	ContainsVariation=No	_	_	_	_	_	_
512-3	PKP041	512	3	cose	cose	_	_	_	_	_	linguistic	_	ContainsVariation=No	_	_	_	_	_	_
512-4	PKP041	512	4	assurde	assurde	_	_	_	_	_	linguistic	_	ContainsVariation=No	_	_	_	_	_	_
512-5	PKP041	512	5	>vabbè<	vabbè	_	_	_	_	_	linguistic	_	ContainsVariation=No	_	_	_	Fast=0-5(0)	_	_
512-6	PKP041	512	6	tranne	tranne	_	_	_	_	_	linguistic	_	ContainsVariation=No	_	_	_	_	_	_
512-7	PKP041	512	7	una	una	_	_	_	_	_	linguistic	_	ContainsVariation=No	_	_	_	_	_	_
512-8	PKP041	512	8	cosa	cosa	_	_	_	_	_	linguistic	_	ContainsVariation=No	_	_	_	_	_	_
512-9	PKP041	512	9	che	che	_	_	_	_	_	linguistic	_	ContainsVariation=No	_	_	_	_	_	_
512-10	PKP041	512	10	ho	ho	_	_	_	_	_	linguistic	_	ContainsVariation=No	_	_	_	_	_	_
512-11	PKP041	512	11	detto	detto	_	_	_	_	_	linguistic	_	ContainsVariation=No	_	_	_	_	_	_
512-12	PKP041	512	12	come	come	_	_	_	_	_	linguistic	_	ContainsVariation=No	_	_	_	_	_	_
512-13	PKP041	512	13	dice	dice	_	_	_	_	_	linguistic	_	ContainsVariation=No	_	_	_	_	_	_
512-14	PKP041	512	14	mio	mio	_	_	_	_	_	linguistic	_	ContainsVariation=No	_	_	_	_	_	_
512-15	PKP041	512	15	frate:llo	fratello	_	_	_	_	_	linguistic	_	ContainsVariation=No	_	_	4x1	_	_	_
512-16	PKP041	512	16	lo	lo	_	_	_	_	_	linguistic	_	ContainsVariation=No	_	_	_	_	_	_
512-17	PKP041	512	17	scopriremo	scopriremo	_	_	_	_	_	linguistic	_	ContainsVariation=No	PauseAfter=Yes	_	_	_	_	_
512-18	PKP041	512	18	(.)	(.)	_	_	_	_	_	shortpause	_	ContainsVariation=No	_	_	_	_	_	_
512-19	PKP041	512	19	solo	solo	_	_	_	_	_	linguistic	_	ContainsVariation=No	_	_	_	_	_	_
512-20	PKP041	512	20	vivendo	vivendo	_	_	_	_	_	linguistic	_	ContainsVariation=No	_	End=1351.98	_	_	_	_
513-0	PKP041	513	0	proprio	proprio	_	_	_	_	_	linguistic	_	ContainsVariation=No	_	Begin=1352.632	_	_	_	_
513-1	PKP041	513	1	mio	mio	_	_	_	_	_	linguistic	_	ContainsVariation=No	_	_	_	_	_	_
513-2	PKP041	513	2	fratello	fratello	_	_	_	_	_	linguistic	_	ContainsVariation=No	_	_	_	_	_	_
513-3	PKP041	513	3	lo	lo	_	_	_	_	_	linguistic	_	ContainsVariation=No	_	_	_	_	_	_
513-4	PKP041	513	4	dice	dice	_	_	_	_	_	linguistic	_	ContainsVariation=No	_	End=1353.72	_	_	_	_
514-0	PKP040	514	0	l'	l'	_	_	_	_	_	linguistic	_	ContainsVariation=No	SpaceAfter=No	Begin=1354.7	_	_	_	_
514-1	PKP040	514	1	hai	hai	_	_	_	_	_	linguistic	_	ContainsVariation=No	_	_	_	_	_	_
514-2	PKP040	514	2	scritto	scritto	_	_	_	_	_	linguistic	_	ContainsVariation=No	_	_	_	_	_	_
514-3	PKP040	514	3	tu	tu	_	_	_	_	_	linguistic	_	ContainsVariation=No	_	_	_	_	_	_
514-4	PKP040	514	4	quindi	quindi	_	_	_	_	_	linguistic	_	ContainsVariation=No	_	_	_	_	_	_
514-5	PKP040	514	5	perché	perché	_	_	_	_	_	linguistic	_	ContainsVariation=No	_	_	_	_	_	_
514-6	PKP040	514	6	io	io	_	_	_	_	_	linguistic	_	ContainsVariation=No	_	_	_	_	_	_
514-7	PKP040	514	7	non	non	_	_	_	_	_	linguistic	_	ContainsVariation=No	_	_	_	_	_	_
514-8	PKP040	514	8	l'	l'	_	_	_	_	_	linguistic	_	ContainsVariation=No	SpaceAfter=No	_	_	_	_	_
514-9	PKP040	514	9	avrei	avrei	_	_	_	_	_	linguistic	_	ContainsVariation=No	_	_	_	_	_	_
514-10	PKP040	514	10	scritto	scritto	_	_	_	_	_	linguistic	_	ContainsVariation=No	_	_	_	_	_	_
514-11	PKP040	514	11	co~	co~	_	_	_	_	_	linguistic	_	ContainsVariation=No	Interrupted=Yes	_	_	_	_	_
514-12	PKP040	514	12	avrei	avrei	_	_	_	_	_	linguistic	_	ContainsVariation=No	_	_	_	_	_	_
514-13	PKP040	514	13	scritto:	scritto	_	_	_	_	_	linguistic	_	ContainsVariation=No	_	_	6x1	_	_	_
514-14	PKP040	514	14	[xx]	xx	_	_	_	_	_	unknown	_	ContainsVariation=No	Syllables=2	End=1357.44	_	_	_	0-1(152)
515-0	PKP047	515	0	[magari:]	magari	_	_	_	_	_	linguistic	_	ContainsVariation=No	_	Begin=1357.4|End=1358.2	5x1	_	_	0-6(153)
516-0	PKP041	516	0	[eh]	eh	_	_	_	_	_	linguistic	_	ContainsVariation=No	_	Begin=1358.13	_	_	_	0-2(153)
516-1	PKP041	516	1	ma	ma	_	_	_	_	_	linguistic	_	ContainsVariation=No	_	_	_	_	_	_
516-2	PKP041	516	2	magari	magari	_	_	_	_	_	linguistic	_	ContainsVariation=No	_	_	_	_	_	_
516-3	PKP041	516	3	avevi	avevi	_	_	_	_	_	linguistic	_	ContainsVariation=No	_	_	_	_	_	_
516-4	PKP041	516	4	messo	messo	_	_	_	_	_	linguistic	_	ContainsVariation=No	_	_	_	_	_	_
516-5	PKP041	516	5	qualche	qualche	_	_	_	_	_	linguistic	_	ContainsVariation=No	_	_	_	_	_	_
516-6	PKP041	516	6	erro:re	errore	_	_	_	_	_	linguistic	_	ContainsVariation=No	_	_	3x1	_	_	_
516-7	PKP041	516	7	perché	perché	_	_	_	_	_	linguistic	_	ContainsVariation=No	_	_	_	_	_	_
516-8	PKP041	516	8	a	a	_	_	_	_	_	linguistic	_	ContainsVariation=No	_	_	_	_	_	_
516-9	PKP041	516	9	un	un	_	_	_	_	_	linguistic	_	ContainsVariation=No	_	_	_	_	_	_
516-10	PKP041	516	10	certo	certo	_	_	_	_	_	linguistic	_	ContainsVariation=No	_	_	_	_	_	_
516-11	PKP041	516	11	punto	punto	_	_	_	_	_	linguistic	_	ContainsVariation=No	_	_	_	_	_	_
516-12	PKP041	516	12	c'	c'	_	_	_	_	_	linguistic	_	ContainsVariation=No	SpaceAfter=No	_	_	_	_	_
516-13	PKP041	516	13	è	è	_	_	_	_	_	linguistic	_	ContainsVariation=No	_	_	_	_	_	_
516-14	PKP041	516	14	<tutta	tutta	_	_	_	_	_	linguistic	_	ContainsVariation=No	_	_	_	Slow=0-5(0)	_	_
516-15	PKP041	516	15	ciccia	ciccia	_	_	_	_	_	linguistic	_	ContainsVariation=No	_	_	_	Slow=0-6(0)	_	_
516-16	PKP041	516	16	e	e	_	_	_	_	_	linguistic	_	ContainsVariation=No	_	_	_	Slow=0-1(0)	_	_
516-17	PKP041	516	17	brufoli>	brufoli	_	_	_	_	_	linguistic	_	ContainsVariation=No	_	End=1362.2	_	Slow=0-7(0)	_	_
517-0	PKP041	517	0	che:	che	_	_	_	_	_	linguistic	_	ContainsVariation=No	_	Begin=1362.7	2x1	_	_	_
517-1	PKP041	517	1	è	è	_	_	_	_	_	linguistic	_	ContainsVariation=No	_	_	_	_	_	_
517-2	PKP041	517	2	proprio	proprio	_	_	_	_	_	linguistic	_	ContainsVariation=No	_	_	_	_	_	_
517-3	PKP041	517	3	una	una	_	_	_	_	_	linguistic	_	ContainsVariation=No	_	_	_	_	_	_
517-4	PKP041	517	4	cosa	cosa	_	_	_	_	_	linguistic	_	ContainsVariation=No	_	_	_	_	_	_
517-5	PKP041	517	5	tua	tua	_	_	_	_	_	linguistic	_	ContainsVariation=No	_	_	_	_	_	_
517-6	PKP041	517	6	o	o	_	_	_	_	_	linguistic	_	ContainsVariation=No	_	_	_	_	_	_
517-7	PKP041	517	7	me	me	_	_	_	_	_	linguistic	_	ContainsVariation=No	_	_	_	_	_	_
517-8	PKP041	517	8	l'	l'	_	_	_	_	_	linguistic	_	ContainsVariation=No	SpaceAfter=No	_	_	_	_	_
517-9	PKP041	517	9	avevi	avevi	_	_	_	_	_	linguistic	_	ContainsVariation=No	_	_	_	_	_	_
517-10	PKP041	517	10	detto	detto	_	_	_	_	_	linguistic	_	ContainsVariation=No	_	_	_	_	_	_
517-11	PKP041	517	11	tu:	tu	_	_	_	_	_	linguistic	_	ContainsVariation=No	_	End=1365.02	1x1	_	_	_
518-0	PKP040	518	0	quando	quando	_	_	_	_	_	linguistic	_	ContainsVariation=No	_	Begin=1367.4	_	_	_	_
518-1	PKP040	518	1	hai	hai	_	_	_	_	_	linguistic	_	ContainsVariation=No	_	_	_	_	_	_
518-2	PKP040	518	2	fatto	fatto	_	_	_	_	_	linguistic	_	ContainsVariation=No	_	_	_	_	_	_
518-3	PKP040	518	3	l'	l'	_	_	_	_	_	linguistic	_	ContainsVariation=No	SpaceAfter=No	_	_	_	_	_
518-4	PKP040	518	4	articolo::	articolo	_	_	_	_	_	linguistic	_	ContainsVariation=No	_	_	7x2	_	_	_
518-5	PKP040	518	5	[sul	sul	_	_	_	_	_	linguistic	_	ContainsVariation=No	_	_	_	_	_	0-3(154)
518-6	PKP040	518	6	giornaletto]?	giornaletto	_	_	_	_	_	linguistic	_	ContainsVariation=No	Intonation=Rising	End=1369.68	_	_	_	0-11(154)
519-0	PKP041	519	0	[no	no	_	_	_	_	_	linguistic	_	ContainsVariation=No	_	Begin=1368.895	_	_	_	0-2(?)
519-1	PKP041	519	1	no	no	_	_	_	_	_	linguistic	_	ContainsVariation=No	_	_	_	_	_	0-2(?)
519-2	PKP041	519	2	è	è	_	_	_	_	_	linguistic	_	ContainsVariation=No	_	_	_	_	_	0-1(?)
519-3	PKP041	519	3	l'	l'	_	_	_	_	_	linguistic	_	ContainsVariation=No	SpaceAfter=No	_	_	_	_	0-2(?)
519-4	PKP041	519	4	ultimo~]	ultimo~	_	_	_	_	_	linguistic	_	ContainsVariation=No	Interrupted=Yes	End=1370.25	_	_	_	0-7(?)
520-0	PKP040	520	0	[quello	quello	_	_	_	_	_	linguistic	_	ContainsVariation=No	_	Begin=1370.091	_	_	_	0-6(?)
520-1	PKP040	520	1	delle]	delle	_	_	_	_	_	linguistic	_	ContainsVariation=No	_	_	_	_	_	0-5(?)
520-2	PKP040	520	2	medie	medie	_	_	_	_	_	linguistic	_	ContainsVariation=No	_	_	_	_	_	_
520-3	PKP040	520	3	era	era	_	_	_	_	_	linguistic	_	ContainsVariation=No	_	End=1370.83	_	_	_	_
521-0	PKP041	521	0	[l'	l'	_	_	_	_	_	linguistic	_	ContainsVariation=No	SpaceAfter=No	Begin=1370.715	_	_	_	0-2(156)
521-1	PKP041	521	1	u]ltimo	ultimo	_	_	_	_	_	linguistic	_	ContainsVariation=No	_	_	_	_	_	0-1(156)
521-2	PKP041	521	2	tema	tema	_	_	_	_	_	linguistic	_	ContainsVariation=No	_	_	_	_	_	_
521-3	PKP041	521	3	di	di	_	_	_	_	_	linguistic	_	ContainsVariation=No	_	_	_	_	_	_
521-4	PKP041	521	4	quinta	quinta	_	_	_	_	_	linguistic	_	ContainsVariation=No	_	_	_	_	_	_
521-5	PKP041	521	5	elementare	elementare	_	_	_	_	_	linguistic	_	ContainsVariation=No	_	End=1372.354	_	_	_	_
522-0	PKP040	522	0	e	e	_	_	_	_	_	linguistic	_	ContainsVariation=No	_	Begin=1372.79	_	_	_	_
522-1	PKP040	522	1	dove	dove	_	_	_	_	_	linguistic	_	ContainsVariation=No	_	_	_	_	_	_
522-2	PKP040	522	2	l'	l'	_	_	_	_	_	linguistic	_	ContainsVariation=No	SpaceAfter=No	_	_	_	_	_
522-3	PKP040	522	3	hai	hai	_	_	_	_	_	linguistic	_	ContainsVariation=No	_	_	_	_	_	_
522-4	PKP040	522	4	trovato,	trovato	_	_	_	_	_	linguistic	_	ContainsVariation=No	Intonation=WeaklyRising	End=1373.61	_	_	_	_
523-0	PKP041	523	0	nel::	nel	_	_	_	_	_	linguistic	_	ContainsVariation=No	_	Begin=1374.46	2x2	_	_	_
523-1	PKP041	523	1	mobile	mobile	_	_	_	_	_	linguistic	_	ContainsVariation=No	_	_	_	_	_	_
523-2	PKP041	523	2	della	della	_	_	_	_	_	linguistic	_	ContainsVariation=No	_	_	_	_	_	_
523-3	PKP041	523	3	mia	mia	_	_	_	_	_	linguistic	_	ContainsVariation=No	_	_	_	_	_	_
523-4	PKP041	523	4	stanza	stanza	_	_	_	_	_	linguistic	_	ContainsVariation=No	_	End=1376.59	_	_	_	_
524-0	PKP040	524	0	[l'	l'	_	_	_	_	_	linguistic	_	ContainsVariation=No	SpaceAfter=No	Begin=1377.11	_	_	_	0-2(?)
524-1	PKP040	524	1	ho]	ho	_	_	_	_	_	linguistic	_	ContainsVariation=No	_	_	_	_	_	0-2(?)
524-2	PKP040	524	2	conservato	conservato	_	_	_	_	_	linguistic	_	ContainsVariation=No	_	_	_	_	_	_
524-3	PKP040	524	3	con	con	_	_	_	_	_	linguistic	_	ContainsVariation=No	_	_	_	_	_	_
524-4	PKP040	524	4	i	i	_	_	_	_	_	linguistic	_	ContainsVariation=No	_	_	_	_	_	_
524-5	PKP040	524	5	quaderni	quaderni	_	_	_	_	_	linguistic	_	ContainsVariation=No	_	End=1378.8	_	_	_	_
525-0	PKP041	525	0	no	no	_	_	_	_	_	linguistic	_	ContainsVariation=No	_	Begin=1379.81	_	_	_	_
525-1	PKP041	525	1	solo	solo	_	_	_	_	_	linguistic	_	ContainsVariation=No	_	_	_	_	_	_
525-2	PKP041	525	2	quello	quello	_	_	_	_	_	linguistic	_	ContainsVariation=No	_	_	_	_	_	_
525-3	PKP041	525	3	stava	stava	_	_	_	_	_	linguistic	_	ContainsVariation=No	_	_	_	_	_	_
525-4	PKP041	525	4	pure	pure	_	_	_	_	_	linguistic	_	ContainsVariation=No	_	_	_	_	_	_
525-5	PKP041	525	5	un	un	_	_	_	_	_	linguistic	_	ContainsVariation=No	_	_	_	_	_	_
525-6	PKP041	525	6	po'	po'	_	_	_	_	_	linguistic	_	ContainsVariation=No	_	_	_	_	_	_
525-7	PKP041	525	7	accartocciato	accartocciato	_	_	_	_	_	linguistic	_	ContainsVariation=No	_	_	_	_	_	_
525-8	PKP041	525	8	sarà	sarà	_	_	_	_	_	linguistic	_	ContainsVariation=No	_	_	_	_	_	_
525-9	PKP041	525	9	finito	finito	_	_	_	_	_	linguistic	_	ContainsVariation=No	_	_	_	_	_	_
525-10	PKP041	525	10	lì	lì	_	_	_	_	_	linguistic	_	ContainsVariation=No	_	End=1382.39	_	_	_	_
526-0	PKP041	526	0	ma::	ma	_	_	_	_	_	linguistic	_	ContainsVariation=No	_	Begin=1383.16	1x2	_	_	_
526-1	PKP041	526	1	ho	ho	_	_	_	_	_	linguistic	_	ContainsVariation=No	_	_	_	_	_	_
526-2	PKP041	526	2	detto	detto	_	_	_	_	_	linguistic	_	ContainsVariation=No	_	_	_	_	_	_
526-3	PKP041	526	3	ah	ah	_	_	_	_	_	linguistic	_	ContainsVariation=No	_	_	_	_	_	_
526-4	PKP041	526	4	wow	wow	_	_	_	_	_	linguistic	_	ContainsVariation=No	_	End=1385.05	_	_	_	_
527-0	PKP041	527	0	giuseppe	giuseppe	_	_	_	_	_	linguistic	_	ContainsVariation=No	_	Begin=1390.94	_	_	_	_
527-1	PKP041	527	1	è	è	_	_	_	_	_	linguistic	_	ContainsVariation=No	_	_	_	_	_	_
527-2	PKP041	527	2	bravo	bravo	_	_	_	_	_	linguistic	_	ContainsVariation=No	_	_	_	_	_	_
527-3	PKP041	527	3	a	a	_	_	_	_	_	linguistic	_	ContainsVariation=No	_	_	_	_	_	_
527-4	PKP041	527	4	fare	fare	_	_	_	_	_	linguistic	_	ContainsVariation=No	_	_	_	_	_	_
527-5	PKP041	527	5	i	i	_	_	_	_	_	linguistic	_	ContainsVariation=No	_	_	_	_	_	_
527-6	PKP041	527	6	discorsi::	discorsi	_	_	_	_	_	linguistic	_	ContainsVariation=No	_	End=1392.82	7x2	_	_	_
528-0	PKP040	528	0	convivia:li	conviviali	_	_	_	_	_	linguistic	_	ContainsVariation=No	_	Begin=1396.77	7x1	_	_	_
528-1	PKP040	528	1	così	così	_	_	_	_	_	linguistic	_	ContainsVariation=No	_	End=1398.22	_	_	_	_
529-0	PKP040	529	0	tu	tu	_	_	_	_	_	linguistic	_	ContainsVariation=No	_	Begin=1398.807	_	_	_	_
529-1	PKP040	529	1	invece	invece	_	_	_	_	_	linguistic	_	ContainsVariation=No	_	_	_	_	_	_
529-2	PKP040	529	2	hai	hai	_	_	_	_	_	linguistic	_	ContainsVariation=No	_	_	_	_	_	_
529-3	PKP040	529	3	sempre	sempre	_	_	_	_	_	linguistic	_	ContainsVariation=No	_	_	_	_	_	_
529-4	PKP040	529	4	scritto	scritto	_	_	_	_	_	linguistic	_	ContainsVariation=No	_	_	_	_	_	_
529-5	PKP040	529	5	molto	molto	_	_	_	_	_	linguistic	_	ContainsVariation=No	_	_	_	_	_	_
529-6	PKP040	529	6	bene	bene	_	_	_	_	_	linguistic	_	ContainsVariation=No	_	End=1400.39	_	_	_	_
530-0	PKP041	530	0	si	si	_	_	_	_	_	linguistic	_	ContainsVariation=No	_	Begin=1400.62	_	_	_	_
530-1	PKP041	530	1	ma	ma	_	_	_	_	_	linguistic	_	ContainsVariation=No	_	_	_	_	_	_
530-2	PKP041	530	2	x	x	_	_	_	_	_	unknown	_	ContainsVariation=No	Syllables=1	_	_	_	_	_
530-3	PKP041	530	3	non	non	_	_	_	_	_	linguistic	_	ContainsVariation=No	_	_	_	_	_	_
530-4	PKP041	530	4	scrivo	scrivo	_	_	_	_	_	linguistic	_	ContainsVariation=No	_	_	_	_	_	_
530-5	PKP041	530	5	più	più	_	_	_	_	_	linguistic	_	ContainsVariation=No	_	_	_	_	_	_
530-6	PKP041	530	6	così	così	_	_	_	_	_	linguistic	_	ContainsVariation=No	_	_	_	_	_	_
530-7	PKP041	530	7	bene	bene	_	_	_	_	_	linguistic	_	ContainsVariation=No	_	End=1401.91	_	_	_	_
531-0	PKP040	531	0	mh::	mh	_	_	_	_	_	linguistic	_	ContainsVariation=No	_	Begin=1402.33	1x2	_	_	_
531-1	PKP040	531	1	non	non	_	_	_	_	_	linguistic	_	ContainsVariation=No	_	_	_	_	_	_
531-2	PKP040	531	2	è	è	_	_	_	_	_	linguistic	_	ContainsVariation=No	_	_	_	_	_	_
531-3	PKP040	531	3	vero	vero	_	_	_	_	_	linguistic	_	ContainsVariation=No	_	End=1403.16	_	_	_	_
532-0	PKP040	532	0	perché	perché	_	_	_	_	_	linguistic	_	ContainsVariation=No	_	Begin=1406.23	_	_	_	_
532-1	PKP040	532	1	non	non	_	_	_	_	_	linguistic	_	ContainsVariation=No	_	_	_	_	_	_
532-2	PKP040	532	2	leggi	leggi	_	_	_	_	_	linguistic	_	ContainsVariation=No	_	_	_	_	_	_
532-3	PKP040	532	3	molto	molto	_	_	_	_	_	linguistic	_	ContainsVariation=No	_	End=1407.18	_	_	_	_
533-0	PKP041	533	0	no	no	_	_	_	_	_	linguistic	_	ContainsVariation=No	_	Begin=1407.65	_	_	_	_
533-1	PKP041	533	1	izza	izza	_	_	_	_	_	linguistic	_	ContainsVariation=No	_	_	_	_	_	_
533-2	PKP041	533	2	non	non	_	_	_	_	_	linguistic	_	ContainsVariation=No	_	_	_	_	_	_
533-3	PKP041	533	3	leggo	leggo	_	_	_	_	_	linguistic	_	ContainsVariation=No	_	_	_	_	_	_
533-4	PKP041	533	4	molto	molto	_	_	_	_	_	linguistic	_	ContainsVariation=No	_	End=1408.946	_	_	_	_
534-0	PKP040	534	0	[e]	e	_	_	_	_	_	linguistic	_	ContainsVariation=No	_	Begin=1408.95	_	_	_	0-1(?)
534-1	PKP040	534	1	ma	ma	_	_	_	_	_	linguistic	_	ContainsVariation=No	_	_	_	_	_	_
534-2	PKP040	534	2	leggi	leggi	_	_	_	_	_	linguistic	_	ContainsVariation=No	_	_	_	_	_	_
534-3	PKP040	534	3	in	in	_	_	_	_	_	linguistic	_	ContainsVariation=No	_	_	_	_	_	_
534-4	PKP040	534	4	franc[ese]	francese	_	_	_	_	_	linguistic	_	ContainsVariation=No	_	End=1409.98	_	_	_	5-8(?)
535-0	PKP041	535	0	[tutt]o::	tutto	_	_	_	_	_	linguistic	_	ContainsVariation=No	_	Begin=1409.62	4x2	_	_	0-4(157)
535-1	PKP041	535	1	il	il	_	_	_	_	_	linguistic	_	ContainsVariation=No	_	_	_	_	_	_
535-2	PKP041	535	2	tempo	tempo	_	_	_	_	_	linguistic	_	ContainsVariation=No	_	_	_	_	_	_
535-3	PKP041	535	3	a	a	_	_	_	_	_	linguistic	_	ContainsVariation=No	_	_	_	_	_	_
535-4	PKP041	535	4	leggere	leggere	_	_	_	_	_	linguistic	_	ContainsVariation=No	_	_	_	_	_	_
535-5	PKP041	535	5	[sto]	sto	_	_	_	_	_	linguistic	_	ContainsVariation=No	_	End=1411.19	_	_	_	0-3(158)
536-0	PKP040	536	0	[che	che	_	_	_	_	_	linguistic	_	ContainsVariation=No	_	Begin=1410.92	_	_	_	0-3(158)
536-1	PKP040	536	1	sta]i	stai	_	_	_	_	_	linguistic	_	ContainsVariation=No	_	_	_	_	_	0-3(158)
536-2	PKP040	536	2	leggendo	leggendo	_	_	_	_	_	linguistic	_	ContainsVariation=No	_	_	_	_	_	_
536-3	PKP040	536	3	mo	mo	_	_	_	_	_	linguistic	_	ContainsVariation=No	_	_	_	_	_	_
536-4	PKP040	536	4	hai	hai	_	_	_	_	_	linguistic	_	ContainsVariation=No	_	_	_	_	_	_
536-5	PKP040	536	5	visto	visto	_	_	_	_	_	linguistic	_	ContainsVariation=No	_	_	_	_	_	_
536-6	PKP040	536	6	che	che	_	_	_	_	_	linguistic	_	ContainsVariation=No	_	_	_	_	_	_
536-7	PKP040	536	7	sara	sara	_	_	_	_	_	linguistic	_	ContainsVariation=No	_	_	_	_	_	_
536-8	PKP040	536	8	rossi	rossi	_	_	_	_	_	linguistic	_	ContainsVariation=No	_	_	_	_	_	_
536-9	PKP040	536	9	stava	stava	_	_	_	_	_	linguistic	_	ContainsVariation=No	_	_	_	_	_	_
536-10	PKP040	536	10	leggendo:	leggendo	_	_	_	_	_	linguistic	_	ContainsVariation=No	_	_	7x1	_	_	_
536-11	PKP040	536	11	sherlock	sherlock	_	_	_	_	_	linguistic	_	ContainsVariation=No	_	_	_	_	_	_
536-12	PKP040	536	12	holmes	holmes	_	_	_	_	_	linguistic	_	ContainsVariation=No	_	End=1414.36	_	_	_	_
537-0	PKP041	537	0	ma	ma	_	_	_	_	_	linguistic	_	ContainsVariation=No	_	Begin=1415.04	_	_	_	_
537-1	PKP041	537	1	un	un	_	_	_	_	_	linguistic	_	ContainsVariation=No	_	_	_	_	_	_
537-2	PKP041	537	2	sacco	sacco	_	_	_	_	_	linguistic	_	ContainsVariation=No	_	_	_	_	_	_
537-3	PKP041	537	3	durante	durante	_	_	_	_	_	linguistic	_	ContainsVariation=No	_	_	_	_	_	_
537-4	PKP041	537	4	la	la	_	_	_	_	_	linguistic	_	ContainsVariation=No	_	_	_	_	_	_
537-5	PKP041	537	5	quarantena	quarantena	_	_	_	_	_	linguistic	_	ContainsVariation=No	_	_	_	_	_	_
537-6	PKP041	537	6	hanno	hanno	_	_	_	_	_	linguistic	_	ContainsVariation=No	_	_	_	_	_	_
537-7	PKP041	537	7	letto	letto	_	_	_	_	_	linguistic	_	ContainsVariation=No	_	_	_	_	_	_
537-8	PKP041	537	8	sherlock	sherlock	_	_	_	_	_	linguistic	_	ContainsVariation=No	_	_	_	_	_	_
537-9	PKP041	537	9	holmes	holmes	_	_	_	_	_	linguistic	_	ContainsVariation=No	_	_	_	_	_	_
537-10	PKP041	537	10	no	no	_	_	_	_	_	linguistic	_	ContainsVariation=No	_	_	_	_	_	_
537-11	PKP041	537	11	io	io	_	_	_	_	_	linguistic	_	ContainsVariation=No	_	_	_	_	_	_
537-12	PKP041	537	12	mo	mo	_	_	_	_	_	linguistic	_	ContainsVariation=No	_	_	_	_	_	_
537-13	PKP041	537	13	sto	sto	_	_	_	_	_	linguistic	_	ContainsVariation=No	_	_	_	_	_	_
537-14	PKP041	537	14	leggendo	leggendo	_	_	_	_	_	linguistic	_	ContainsVariation=No	_	_	_	_	_	_
537-15	PKP041	537	15	asylum	asylum	_	_	_	_	_	linguistic	_	ContainsVariation=No	_	End=1419.003	_	_	_	_
538-0	PKP040	538	0	cosa?	cosa	_	_	_	_	_	linguistic	_	ContainsVariation=No	Intonation=Rising	Begin=1419.82|End=1420.17	_	_	_	_
539-0	PKP041	539	0	giusto	giusto	_	_	_	_	_	linguistic	_	ContainsVariation=No	_	Begin=1420.4	_	_	_	_
539-1	PKP041	539	1	per	per	_	_	_	_	_	linguistic	_	ContainsVariation=No	_	_	_	_	_	_
539-2	PKP041	539	2	stare	stare	_	_	_	_	_	linguistic	_	ContainsVariation=No	_	_	_	_	_	_
539-3	PKP041	539	3	un	un	_	_	_	_	_	linguistic	_	ContainsVariation=No	_	_	_	_	_	_
539-4	PKP041	539	4	po'::	po'	_	_	_	_	_	linguistic	_	ContainsVariation=No	_	End=1421.48	1x2	_	_	_
540-0	PKP047	540	0	io	io	_	_	_	_	_	linguistic	_	ContainsVariation=No	_	Begin=1421.61	_	_	_	_
540-1	PKP047	540	1	non	non	_	_	_	_	_	linguistic	_	ContainsVariation=No	_	_	_	_	_	_
540-2	PKP047	540	2	ho	ho	_	_	_	_	_	linguistic	_	ContainsVariation=No	_	_	_	_	_	_
540-3	PKP047	540	3	mai	mai	_	_	_	_	_	linguistic	_	ContainsVariation=No	_	_	_	_	_	_
540-4	PKP047	540	4	letto	letto	_	_	_	_	_	linguistic	_	ContainsVariation=No	_	_	_	_	_	_
540-5	PKP047	540	5	un	un	_	_	_	_	_	linguistic	_	ContainsVariation=No	_	_	_	_	_	_
540-6	PKP047	540	6	libro	libro	_	_	_	_	_	linguistic	_	ContainsVariation=No	_	End=1422.67	_	_	_	_
541-0	PKP047	541	0	negli	negli	_	_	_	_	_	linguistic	_	ContainsVariation=No	_	Begin=1423.79	_	_	_	_
541-1	PKP047	541	1	ultimi	ultimi	_	_	_	_	_	linguistic	_	ContainsVariation=No	_	_	_	_	_	_
541-2	PKP047	541	2	cinque	cinque	_	_	_	_	_	linguistic	_	ContainsVariation=No	_	_	_	_	_	_
541-3	PKP047	541	3	anni	anni	_	_	_	_	_	linguistic	_	ContainsVariation=No	_	End=1424.76	_	_	_	_
542-0	PKP047	542	0	se	se	_	_	_	_	_	linguistic	_	ContainsVariation=No	_	Begin=1425.6	_	_	_	_
542-1	PKP047	542	1	non::	non	_	_	_	_	_	linguistic	_	ContainsVariation=No	_	_	2x2	_	_	_
542-2	PKP047	542	2	quello	quello	_	_	_	_	_	linguistic	_	ContainsVariation=No	_	_	_	_	_	_
542-3	PKP047	542	3	su	su	_	_	_	_	_	linguistic	_	ContainsVariation=No	_	_	_	_	_	_
542-4	PKP047	542	4	agassi	agassi	_	_	_	_	_	linguistic	_	ContainsVariation=No	_	End=1427.31	_	_	_	_
543-0	PKP040	543	0	il	il	_	_	_	_	_	linguistic	_	ContainsVariation=No	_	Begin=1427.91	_	_	_	_
543-1	PKP040	543	1	ga::tto	gatto	_	_	_	_	_	linguistic	_	ContainsVariation=No	_	_	1x2	_	_	_
543-2	PKP040	543	2	che	che	_	_	_	_	_	linguistic	_	ContainsVariation=No	_	_	_	_	_	_
543-3	PKP040	543	3	be::llo	bello	_	_	_	_	_	linguistic	_	ContainsVariation=No	_	End=1429.48	1x2	_	_	_
544-0	PKP040	544	0	ha	ha	_	_	_	_	_	linguistic	_	ContainsVariation=No	_	Begin=1435.593	_	_	_	_
544-1	PKP040	544	1	capito	capito	_	_	_	_	_	linguistic	_	ContainsVariation=No	_	_	_	_	_	_
544-2	PKP040	544	2	come	come	_	_	_	_	_	linguistic	_	ContainsVariation=No	_	_	_	_	_	_
544-3	PKP040	544	3	si	si	_	_	_	_	_	linguistic	_	ContainsVariation=No	_	_	_	_	_	_
544-4	PKP040	544	4	fa	fa	_	_	_	_	_	linguistic	_	ContainsVariation=No	_	_	_	_	_	_
544-5	PKP040	544	5	vedi	vedi	_	_	_	_	_	linguistic	_	ContainsVariation=No	_	End=1436.69	_	_	_	_
545-0	PKP041	545	0	eh	eh	_	_	_	_	_	linguistic	_	ContainsVariation=No	_	Begin=1437.528	_	_	_	_
545-1	PKP041	545	1	ma	ma	_	_	_	_	_	linguistic	_	ContainsVariation=No	_	End=1437.885	_	_	_	_
546-0	PKP040	546	0	e	e	_	_	_	_	_	linguistic	_	ContainsVariation=No	_	Begin=1438.69	_	_	_	_
546-1	PKP040	546	1	vabbè	vabbè	_	_	_	_	_	linguistic	_	ContainsVariation=No	_	_	_	_	_	_
546-2	PKP040	546	2	la'	la'	_	_	_	_	_	linguistic	_	ContainsVariation=No	Truncated=Yes	End=1439.2	_	_	_	_
547-0	PKP041	547	0	clara	clara	_	_	_	_	_	linguistic	_	ContainsVariation=No	_	Begin=1440.84	_	_	_	_
547-1	PKP041	547	1	forse	forse	_	_	_	_	_	linguistic	_	ContainsVariation=No	_	_	_	_	_	_
547-2	PKP041	547	2	da	da	_	_	_	_	_	linguistic	_	ContainsVariation=No	_	_	_	_	_	_
547-3	PKP041	547	3	via:	via	_	_	_	_	_	linguistic	_	ContainsVariation=No	_	_	2x1	_	_	_
547-4	PKP041	547	4	il	il	_	_	_	_	_	linguistic	_	ContainsVariation=No	_	_	_	_	_	_
547-5	PKP041	547	5	gatto:::	gatto	_	_	_	_	_	linguistic	_	ContainsVariation=No	_	_	4x3	_	_	_
547-6	PKP041	547	6	m[h::]	mh	_	_	_	_	_	linguistic	_	ContainsVariation=No	_	End=1443.35	1x2	_	_	1-2(159)
548-0	PKP040	548	0	[que]llo	quello	_	_	_	_	_	linguistic	_	ContainsVariation=No	_	Begin=1443.22	_	_	_	0-3(159)
548-1	PKP040	548	1	nuovo?	nuovo	_	_	_	_	_	linguistic	_	ContainsVariation=No	Intonation=Rising	_	_	_	_	_
548-2	PKP040	548	2	quello	quello	_	_	_	_	_	linguistic	_	ContainsVariation=No	_	_	_	_	_	_
548-3	PKP040	548	3	[che	che	_	_	_	_	_	linguistic	_	ContainsVariation=No	_	_	_	_	_	0-3(160)
548-4	PKP040	548	4	sta]	sta	_	_	_	_	_	linguistic	_	ContainsVariation=No	_	_	_	_	_	0-3(160)
548-5	PKP040	548	5	perché?	perché	_	_	_	_	_	linguistic	_	ContainsVariation=No	Intonation=Rising	_	_	_	_	_
548-6	PKP040	548	6	è	è	_	_	_	_	_	linguistic	_	ContainsVariation=No	_	_	_	_	_	_
548-7	PKP040	548	7	terribile	terribile	_	_	_	_	_	linguistic	_	ContainsVariation=No	_	End=1445.79	_	_	_	_
549-0	PKP041	549	0	[nuovo]	nuovo	_	_	_	_	_	linguistic	_	ContainsVariation=No	_	Begin=1444.24|End=1444.624	_	_	_	0-5(160)
550-0	PKP041	550	0	le	le	_	_	_	_	_	linguistic	_	ContainsVariation=No	_	Begin=1445.84	_	_	_	_
550-1	PKP041	550	1	distrugge	distrugge	_	_	_	_	_	linguistic	_	ContainsVariation=No	_	_	_	_	_	_
550-2	PKP041	550	2	casa	casa	_	_	_	_	_	linguistic	_	ContainsVariation=No	_	End=1446.85	_	_	_	_
551-0	PKP040	551	0	eh	eh	_	_	_	_	_	linguistic	_	ContainsVariation=No	_	Begin=1447.48	_	_	_	_
551-1	PKP040	551	1	che	che	_	_	_	_	_	linguistic	_	ContainsVariation=No	_	_	_	_	_	_
551-2	PKP040	551	2	quello	quello	_	_	_	_	_	linguistic	_	ContainsVariation=No	_	_	_	_	_	_
551-3	PKP040	551	3	è	è	_	_	_	_	_	linguistic	_	ContainsVariation=No	_	End=1448.52	_	_	_	_
552-0	PKP040	552	0	sti	sti	_	_	_	_	_	linguistic	_	ContainsVariation=No	_	Begin=1449.838	_	_	_	_
552-1	PKP040	552	1	gatti	gatti	_	_	_	_	_	linguistic	_	ContainsVariation=No	_	_	_	_	_	_
552-2	PKP040	552	2	sono	sono	_	_	_	_	_	linguistic	_	ContainsVariation=No	_	_	_	_	_	_
552-3	PKP040	552	3	pr[oprio]	proprio	_	_	_	_	_	linguistic	_	ContainsVariation=No	_	End=1450.69	_	_	_	2-7(161)
553-0	PKP041	553	0	[io	io	_	_	_	_	_	linguistic	_	ContainsVariation=No	_	Begin=1450.451	_	_	_	0-2(161)
553-1	PKP041	553	1	gliel'	gliel'	_	_	_	_	_	linguistic	_	ContainsVariation=No	SpaceAfter=No	_	_	_	_	0-6(161)
553-2	PKP041	553	2	a]vevo	avevo	_	_	_	_	_	linguistic	_	ContainsVariation=No	_	_	_	_	_	0-1(161)
553-3	PKP041	553	3	detto	detto	_	_	_	_	_	linguistic	_	ContainsVariation=No	_	_	_	_	_	_
553-4	PKP041	553	4	che	che	_	_	_	_	_	linguistic	_	ContainsVariation=No	_	_	_	_	_	_
553-5	PKP041	553	5	era	era	_	_	_	_	_	linguistic	_	ContainsVariation=No	_	_	_	_	_	_
553-6	PKP041	553	6	troppo::::	troppo	_	_	_	_	_	linguistic	_	ContainsVariation=No	_	_	5x4	_	_	_
553-7	PKP041	553	7	era	era	_	_	_	_	_	linguistic	_	ContainsVariation=No	_	_	_	_	_	_
553-8	PKP041	553	8	[troppo:::]	troppo	_	_	_	_	_	linguistic	_	ContainsVariation=No	_	_	5x3	_	_	0-6(162)
553-9	PKP041	553	9	no	no	_	_	_	_	_	linguistic	_	ContainsVariation=No	_	End=1453.51	_	_	_	_
554-0	PKP040	554	0	[selvatico]	selvatico	_	_	_	_	_	linguistic	_	ContainsVariation=No	_	Begin=1452.7|End=1453.13	_	_	_	0-9(162)
555-0	PKP041	555	0	aveva	aveva	_	_	_	_	_	linguistic	_	ContainsVariation=No	_	Begin=1454.37	_	_	_	_
555-1	PKP041	555	1	troppe:::	troppe	_	_	_	_	_	linguistic	_	ContainsVariation=No	_	_	5x3	_	_	_
555-2	PKP041	555	2	stri[sce]	strisce	_	_	_	_	_	linguistic	_	ContainsVariation=No	_	End=1455.5	_	_	_	4-7(163)
556-0	PKP040	556	0	[izz]a	izza	_	_	_	_	_	linguistic	_	ContainsVariation=No	_	Begin=1455.328	_	_	_	0-3(163)
556-1	PKP040	556	1	questa	questa	_	_	_	_	_	linguistic	_	ContainsVariation=No	_	_	_	_	_	_
556-2	PKP040	556	2	vedi	vedi	_	_	_	_	_	linguistic	_	ContainsVariation=No	_	End=1456.43	_	_	_	_
557-0	PKP041	557	0	come	come	_	_	_	_	_	linguistic	_	ContainsVariation=No	_	Begin=1459.32	_	_	_	_
557-1	PKP041	557	1	si	si	_	_	_	_	_	linguistic	_	ContainsVariation=No	_	_	_	_	_	_
557-2	PKP041	557	2	dice	dice	_	_	_	_	_	linguistic	_	ContainsVariation=No	_	_	_	_	_	_
557-3	PKP041	557	3	era	era	_	_	_	_	_	linguistic	_	ContainsVariation=No	_	_	_	_	_	_
557-4	PKP041	557	4	troppo?	troppo	_	_	_	_	_	linguistic	_	ContainsVariation=No	Intonation=Rising	_	_	_	_	_
557-5	PKP041	557	5	tigra[to]	tigrato	_	_	_	_	_	linguistic	_	ContainsVariation=No	_	End=1461.28	_	_	_	5-7(?)
558-0	PKP040	558	0	[ti]grato	tigrato	_	_	_	_	_	linguistic	_	ContainsVariation=No	_	Begin=1461.29|End=1461.71	_	_	_	0-2(?)
559-0	PKP041	559	0	lo	lo	_	_	_	_	_	linguistic	_	ContainsVariation=No	_	Begin=1462.662	_	_	_	_
559-1	PKP041	559	1	zio	zio	_	_	_	_	_	linguistic	_	ContainsVariation=No	_	_	_	_	_	_
559-2	PKP041	559	2	l'	l'	_	_	_	_	_	linguistic	_	ContainsVariation=No	SpaceAfter=No	_	_	_	_	_
559-3	PKP041	559	3	aveva	aveva	_	_	_	_	_	linguistic	_	ContainsVariation=No	_	_	_	_	_	_
559-4	PKP041	559	4	detto	detto	_	_	_	_	_	linguistic	_	ContainsVariation=No	_	_	_	_	_	_
559-5	PKP041	559	5	che	che	_	_	_	_	_	linguistic	_	ContainsVariation=No	_	_	_	_	_	_
559-6	PKP041	559	6	più	più	_	_	_	_	_	linguistic	_	ContainsVariation=No	_	_	_	_	_	_
559-7	PKP041	559	7	sono::	sono	_	_	_	_	_	linguistic	_	ContainsVariation=No	_	_	3x2	_	_	_
559-8	PKP041	559	8	è	è	_	_	_	_	_	linguistic	_	ContainsVariation=No	_	_	_	_	_	_
559-9	PKP041	559	9	c~	c~	_	_	_	_	_	linguistic	_	ContainsVariation=No	Interrupted=Yes	_	_	_	_	_
559-10	PKP041	559	10	era	era	_	_	_	_	_	linguistic	_	ContainsVariation=No	_	_	_	_	_	_
559-11	PKP041	559	11	come	come	_	_	_	_	_	linguistic	_	ContainsVariation=No	_	_	_	_	_	_
559-12	PKP041	559	12	quello:::	quello	_	_	_	_	_	linguistic	_	ContainsVariation=No	_	_	5x3	_	_	_
559-13	PKP041	559	13	dello	dello	_	_	_	_	_	linguistic	_	ContainsVariation=No	_	_	_	_	_	_
559-14	PKP041	559	14	zio	zio	_	_	_	_	_	linguistic	_	ContainsVariation=No	_	End=1466.26	_	_	_	_
560-0	PKP040	560	0	quello	quello	_	_	_	_	_	linguistic	_	ContainsVariation=No	_	Begin=1469.05	_	_	_	_
560-1	PKP040	560	1	di	di	_	_	_	_	_	linguistic	_	ContainsVariation=No	_	_	_	_	_	_
560-2	PKP040	560	2	aldo	aldo	_	_	_	_	_	linguistic	_	ContainsVariation=No	_	_	_	_	_	_
560-3	PKP040	560	3	è	è	_	_	_	_	_	linguistic	_	ContainsVariation=No	_	_	_	_	_	_
560-4	PKP040	560	4	be:llo	bello	_	_	_	_	_	linguistic	_	ContainsVariation=No	_	_	1x1	_	_	_
560-5	PKP040	560	5	((ride))	((ride))	_	_	_	_	_	nonverbalbehavior	_	ContainsVariation=No	_	End=1470.64	_	_	_	_
561-0	PKP040	561	0	hai	hai	_	_	_	_	_	linguistic	_	ContainsVariation=No	_	Begin=1471.86	_	_	_	_
561-1	PKP040	561	1	visto	visto	_	_	_	_	_	linguistic	_	ContainsVariation=No	_	_	_	_	_	_
561-2	PKP040	561	2	quando	quando	_	_	_	_	_	linguistic	_	ContainsVariation=No	_	_	_	_	_	_
561-3	PKP040	561	3	gioca	gioca	_	_	_	_	_	linguistic	_	ContainsVariation=No	_	_	_	_	_	_
561-4	PKP040	561	4	con	con	_	_	_	_	_	linguistic	_	ContainsVariation=No	_	_	_	_	_	_
561-5	PKP040	561	5	la	la	_	_	_	_	_	linguistic	_	ContainsVariation=No	_	_	_	_	_	_
561-6	PKP040	561	6	coda	coda	_	_	_	_	_	linguistic	_	ContainsVariation=No	_	_	_	_	_	_
561-7	PKP040	561	7	sua:	sua	_	_	_	_	_	linguistic	_	ContainsVariation=No	_	End=1473.51	2x1	_	_	_
562-0	PKP040	562	0	che	che	_	_	_	_	_	linguistic	_	ContainsVariation=No	_	Begin=1474.83	_	_	_	_
562-1	PKP040	562	1	buffi	buffi	_	_	_	_	_	linguistic	_	ContainsVariation=No	_	_	_	_	_	_
562-2	PKP040	562	2	che	che	_	_	_	_	_	linguistic	_	ContainsVariation=No	_	_	_	_	_	_
562-3	PKP040	562	3	so[no]	sono	_	_	_	_	_	linguistic	_	ContainsVariation=No	_	End=1475.71	_	_	_	2-4(164)
563-0	PKP047	563	0	[quello]	quello	_	_	_	_	_	linguistic	_	ContainsVariation=No	_	Begin=1475.5	_	_	_	0-6(164)
563-1	PKP047	563	1	di?	di	_	_	_	_	_	linguistic	_	ContainsVariation=No	Intonation=Rising	End=1475.99	_	_	_	_
564-0	PKP040	564	0	[aldo]	aldo	_	_	_	_	_	linguistic	_	ContainsVariation=No	_	Begin=1476.29|End=1476.75	_	_	_	0-4(165)
565-0	PKP041	565	0	[aldo]	aldo	_	_	_	_	_	linguistic	_	ContainsVariation=No	_	Begin=1476.3|End=1476.77	_	_	_	0-4(165)
566-0	PKP047	566	0	ah	ah	_	_	_	_	_	linguistic	_	ContainsVariation=No	_	Begin=1477.99|End=1478.122	_	_	_	_
567-0	PKP041	567	0	il	il	_	_	_	_	_	linguistic	_	ContainsVariation=No	_	Begin=1478.62	_	_	_	_
567-1	PKP041	567	1	ga:tto:	gatto	_	_	_	_	_	linguistic	_	ContainsVariation=No	_	End=1479.3	1x1,4x1	_	_	_
568-0	PKP040	568	0	mamma	mamma	_	_	_	_	_	linguistic	_	ContainsVariation=No	_	Begin=1479.61	_	_	_	_
568-1	PKP040	568	1	questo	questo	_	_	_	_	_	linguistic	_	ContainsVariation=No	_	_	_	_	_	_
568-2	PKP040	568	2	non	non	_	_	_	_	_	linguistic	_	ContainsVariation=No	_	_	_	_	_	_
568-3	PKP040	568	3	lo	lo	_	_	_	_	_	linguistic	_	ContainsVariation=No	_	_	_	_	_	_
568-4	PKP040	568	4	posso	posso	_	_	_	_	_	linguistic	_	ContainsVariation=No	_	_	_	_	_	_
568-5	PKP040	568	5	vedere	vedere	_	_	_	_	_	linguistic	_	ContainsVariation=No	_	_	_	_	_	_
568-6	PKP040	568	6	((riferimento_alla_tv))	((riferimento_alla_tv))	_	_	_	_	_	nonverbalbehavior	_	ContainsVariation=No	_	End=1481.05	_	_	_	_
569-0	PKP047	569	0	cosa?	cosa	_	_	_	_	_	linguistic	_	ContainsVariation=No	Intonation=Rising	Begin=1483.13|End=1483.53	_	_	_	_
570-0	PKP041	570	0	dammene	dammene	_	_	_	_	_	linguistic	_	ContainsVariation=No	_	Begin=1483.77	_	_	_	_
570-1	PKP041	570	1	un	un	_	_	_	_	_	linguistic	_	ContainsVariation=No	_	_	_	_	_	_
570-2	PKP041	570	2	po'	po'	_	_	_	_	_	linguistic	_	ContainsVariation=No	_	_	_	_	_	_
570-3	PKP041	570	3	pà	pà	_	_	_	_	_	linguistic	_	ContainsVariation=No	_	End=1484.48	_	_	_	_
571-0	PKP040	571	0	che	che	_	_	_	_	_	linguistic	_	ContainsVariation=No	_	Begin=1485.95	_	_	_	_
571-1	PKP040	571	1	rompe::	rompe	_	_	_	_	_	linguistic	_	ContainsVariation=No	_	_	4x2	_	_	_
571-2	PKP040	571	2	toglie	toglie	_	_	_	_	_	linguistic	_	ContainsVariation=No	_	_	_	_	_	_
571-3	PKP040	571	3	il	il	_	_	_	_	_	linguistic	_	ContainsVariation=No	_	_	_	_	_	_
571-4	PKP040	571	4	tappo	tappo	_	_	_	_	_	linguistic	_	ContainsVariation=No	_	_	_	_	_	_
571-5	PKP040	571	5	con	con	_	_	_	_	_	linguistic	_	ContainsVariation=No	_	_	_	_	_	_
571-6	PKP040	571	6	la	la	_	_	_	_	_	linguistic	_	ContainsVariation=No	_	_	_	_	_	_
571-7	PKP040	571	7	testa	testa	_	_	_	_	_	linguistic	_	ContainsVariation=No	_	End=1487.88	_	_	_	_
572-0	PKP040	572	0	solamente	solamente	_	_	_	_	_	linguistic	_	ContainsVariation=No	_	Begin=1492.53	_	_	_	_
572-1	PKP040	572	1	i::::::::	i	_	_	_	_	_	linguistic	_	ContainsVariation=No	_	_	0x8	_	_	_
572-2	PKP040	572	2	quelli	quelli	_	_	_	_	_	linguistic	_	ContainsVariation=No	_	_	_	_	_	_
572-3	PKP040	572	3	là	là	_	_	_	_	_	linguistic	_	ContainsVariation=No	_	_	_	_	_	_
572-4	PKP040	572	4	gli	gli	_	_	_	_	_	linguistic	_	ContainsVariation=No	_	_	_	_	_	_
572-5	PKP040	572	5	asiatici	asiatici	_	_	_	_	_	linguistic	_	ContainsVariation=No	_	_	_	_	_	_
572-6	PKP040	572	6	fanno	fanno	_	_	_	_	_	linguistic	_	ContainsVariation=No	_	_	_	_	_	_
572-7	PKP040	572	7	queste	queste	_	_	_	_	_	linguistic	_	ContainsVariation=No	_	_	_	_	_	_
572-8	PKP040	572	8	cavolate	cavolate	_	_	_	_	_	linguistic	_	ContainsVariation=No	_	_	_	_	_	_
572-9	PKP040	572	9	e	e	_	_	_	_	_	linguistic	_	ContainsVariation=No	_	_	_	_	_	_
572-10	PKP040	572	10	ridono	ridono	_	_	_	_	_	linguistic	_	ContainsVariation=No	_	End=1496.46	_	_	_	_
573-0	PKP040	573	0	vabbè	vabbè	_	_	_	_	_	linguistic	_	ContainsVariation=No	_	Begin=1498.0	_	_	_	_
573-1	PKP040	573	1	un	un	_	_	_	_	_	linguistic	_	ContainsVariation=No	_	_	_	_	_	_
573-2	PKP040	573	2	umori[smo]	umorismo	_	_	_	_	_	linguistic	_	ContainsVariation=No	_	End=1498.61	_	_	_	5-8(166)
574-0	PKP047	574	0	[ogni]	ogni	_	_	_	_	_	linguistic	_	ContainsVariation=No	_	Begin=1498.342	_	_	_	0-4(166)
574-1	PKP047	574	1	tanto	tanto	_	_	_	_	_	linguistic	_	ContainsVariation=No	_	_	_	_	_	_
574-2	PKP047	574	2	io::	io	_	_	_	_	_	linguistic	_	ContainsVariation=No	_	_	1x2	_	_	_
574-3	PKP047	574	3	alle	alle	_	_	_	_	_	linguistic	_	ContainsVariation=No	_	_	_	_	_	_
574-4	PKP047	574	4	due	due	_	_	_	_	_	linguistic	_	ContainsVariation=No	_	_	_	_	_	_
574-5	PKP047	574	5	di	di	_	_	_	_	_	linguistic	_	ContainsVariation=No	_	_	_	_	_	_
574-6	PKP047	574	6	notte	notte	_	_	_	_	_	linguistic	_	ContainsVariation=No	_	_	_	_	_	_
574-7	PKP047	574	7	riesco	riesco	_	_	_	_	_	linguistic	_	ContainsVariation=No	_	_	_	_	_	_
574-8	PKP047	574	8	a	a	_	_	_	_	_	linguistic	_	ContainsVariation=No	_	_	_	_	_	_
574-9	PKP047	574	9	do~	do~	_	_	_	_	_	linguistic	_	ContainsVariation=No	Interrupted=Yes	_	_	_	_	_
574-10	PKP047	574	10	a	a	_	_	_	_	_	linguistic	_	ContainsVariation=No	_	_	_	_	_	_
574-11	PKP047	574	11	prendere	prendere	_	_	_	_	_	linguistic	_	ContainsVariation=No	_	_	_	_	_	_
574-12	PKP047	574	12	sonno	sonno	_	_	_	_	_	linguistic	_	ContainsVariation=No	_	_	_	_	_	_
574-13	PKP047	574	13	[vedendo	vedendo	_	_	_	_	_	linguistic	_	ContainsVariation=No	_	_	_	_	_	0-7(167)
574-14	PKP047	574	14	i	i	_	_	_	_	_	linguistic	_	ContainsVariation=No	_	_	_	_	_	0-1(167)
574-15	PKP047	574	15	loro	loro	_	_	_	_	_	linguistic	_	ContainsVariation=No	_	_	_	_	_	0-4(167)
574-16	PKP047	574	16	video]	video	_	_	_	_	_	linguistic	_	ContainsVariation=No	_	End=1501.96	_	_	_	0-5(167)
575-0	PKP040	575	0	[è	è	_	_	_	_	_	linguistic	_	ContainsVariation=No	_	Begin=1500.657	_	_	_	0-1(167)
575-1	PKP040	575	1	un	un	_	_	_	_	_	linguistic	_	ContainsVariation=No	_	_	_	_	_	0-2(167)
575-2	PKP040	575	2	umorismo	umorismo	_	_	_	_	_	linguistic	_	ContainsVariation=No	_	_	_	_	_	0-8(167)
575-3	PKP040	575	3	asia:tico]	asiatico	_	_	_	_	_	linguistic	_	ContainsVariation=No	_	_	3x1	_	_	0-8(167)
575-4	PKP040	575	4	da:i	dai	_	_	_	_	_	linguistic	_	ContainsVariation=No	_	End=1502.55	1x1	_	_	_
576-0	PKP041	576	0	no	no	_	_	_	_	_	linguistic	_	ContainsVariation=No	_	Begin=1503.95	_	_	_	_
576-1	PKP041	576	1	che	che	_	_	_	_	_	linguistic	_	ContainsVariation=No	_	_	_	_	_	_
576-2	PKP041	576	2	fanno	fanno	_	_	_	_	_	linguistic	_	ContainsVariation=No	_	_	_	_	_	_
576-3	PKP041	576	3	quelle	quelle	_	_	_	_	_	linguistic	_	ContainsVariation=No	_	_	_	_	_	_
576-4	PKP041	576	4	co[se	cose	_	_	_	_	_	linguistic	_	ContainsVariation=No	_	_	_	_	_	2-4(168)
576-5	PKP041	576	5	tipo:]	tipo	_	_	_	_	_	linguistic	_	ContainsVariation=No	_	End=1505.92	3x1	_	_	0-4(168)
577-0	PKP047	577	0	[non	non	_	_	_	_	_	linguistic	_	ContainsVariation=No	_	Begin=1504.89	_	_	_	0-3(168)
577-1	PKP047	577	1	vuol	vuol	_	_	_	_	_	linguistic	_	ContainsVariation=No	_	_	_	_	_	0-4(168)
577-2	PKP047	577	2	dire	dire	_	_	_	_	_	linguistic	_	ContainsVariation=No	_	_	_	_	_	0-4(168)
577-3	PKP047	577	3	che]	che	_	_	_	_	_	linguistic	_	ContainsVariation=No	_	_	_	_	_	0-3(168)
577-4	PKP047	577	4	in	in	_	_	_	_	_	linguistic	_	ContainsVariation=No	_	_	_	_	_	_
577-5	PKP047	577	5	europa	europa	_	_	_	_	_	linguistic	_	ContainsVariation=No	_	_	_	_	_	_
577-6	PKP047	577	6	uccidiamo	uccidiamo	_	_	_	_	_	linguistic	_	ContainsVariation=No	_	_	_	_	_	_
577-7	PKP047	577	7	i	i	_	_	_	_	_	linguistic	_	ContainsVariation=No	_	_	_	_	_	_
577-8	PKP047	577	8	to:ri	tori	_	_	_	_	_	linguistic	_	ContainsVariation=No	_	_	1x1	_	_	_
577-9	PKP047	577	9	per[divertirci]o	perdivertircio	_	_	_	_	_	linguistic	_	ContainsVariation=No	_	End=1507.15	_	_	_	3-13(169)
578-0	PKP040	578	0	[che	che	_	_	_	_	_	linguistic	_	ContainsVariation=No	_	Begin=1506.644	_	_	_	0-3(169)
578-1	PKP040	578	1	uno:::	uno	_	_	_	_	_	linguistic	_	ContainsVariation=No	_	_	2x3	_	_	0-3(169)
578-2	PKP040	578	2	si]	si	_	_	_	_	_	linguistic	_	ContainsVariation=No	_	_	_	_	_	0-2(169)
578-3	PKP040	578	3	spave:nta	spaventa	_	_	_	_	_	linguistic	_	ContainsVariation=No	_	End=1508.15	4x1	_	_	_
579-0	PKP040	579	0	cioè	cioè	_	_	_	_	_	linguistic	_	ContainsVariation=No	_	Begin=1508.7	_	_	_	_
579-1	PKP040	579	1	gli	gli	_	_	_	_	_	linguistic	_	ContainsVariation=No	_	_	_	_	_	_
579-2	PKP040	579	2	fanno	fanno	_	_	_	_	_	linguistic	_	ContainsVariation=No	_	_	_	_	_	_
579-3	PKP040	579	3	lo	lo	_	_	_	_	_	linguistic	_	ContainsVariation=No	_	_	_	_	_	_
579-4	PKP040	579	4	sche:rzo	scherzo	_	_	_	_	_	linguistic	_	ContainsVariation=No	_	End=1510.195	3x1	_	_	_
580-0	PKP041	580	0	ah	ah	_	_	_	_	_	linguistic	_	ContainsVariation=No	_	Begin=1510.195	_	_	_	_
580-1	PKP041	580	1	vabbè	vabbè	_	_	_	_	_	linguistic	_	ContainsVariation=No	_	_	_	_	_	_
580-2	PKP041	580	2	quei	quei	_	_	_	_	_	linguistic	_	ContainsVariation=No	_	_	_	_	_	_
580-3	PKP041	580	3	video	video	_	_	_	_	_	linguistic	_	ContainsVariation=No	_	_	_	_	_	_
580-4	PKP041	580	4	su	su	_	_	_	_	_	linguistic	_	ContainsVariation=No	_	_	_	_	_	_
580-5	PKP041	580	5	facebookay	facebookay	_	_	_	_	_	linguistic	_	ContainsVariation=No	_	_	_	_	_	_
580-6	PKP041	580	6	fanno	fanno	_	_	_	_	_	linguistic	_	ContainsVariation=No	_	_	_	_	_	_
580-7	PKP041	580	7	schifo	schifo	_	_	_	_	_	linguistic	_	ContainsVariation=No	_	End=1512.5	_	_	_	_
581-0	PKP041	581	0	[con]	con	_	_	_	_	_	linguistic	_	ContainsVariation=No	_	Begin=1513.54	_	_	_	0-3(170)
581-1	PKP041	581	1	quelle	quelle	_	_	_	_	_	linguistic	_	ContainsVariation=No	_	_	_	_	_	_
581-2	PKP041	581	2	risate	risate	_	_	_	_	_	linguistic	_	ContainsVariation=No	_	_	_	_	_	_
581-3	PKP041	581	3	di	di	_	_	_	_	_	linguistic	_	ContainsVariation=No	_	_	_	_	_	_
581-4	PKP041	581	4	sottofondo	sottofondo	_	_	_	_	_	linguistic	_	ContainsVariation=No	_	_	_	_	_	_
581-5	PKP041	581	5	che	che	_	_	_	_	_	linguistic	_	ContainsVariation=No	_	_	_	_	_	_
581-6	PKP041	581	6	fanno	fanno	_	_	_	_	_	linguistic	_	ContainsVariation=No	_	_	_	_	_	_
581-7	PKP041	581	7	AH:	ah	_	_	_	_	_	linguistic	_	ContainsVariation=No	Volume=high	_	1x1	_	_	_
581-8	PKP041	581	8	[AH:]	ah	_	_	_	_	_	linguistic	_	ContainsVariation=No	Volume=high	End=1516.16	1x1	_	_	0-2(171)
582-0	PKP047	582	0	[però~]	però~	_	_	_	_	_	linguistic	_	ContainsVariation=No	Interrupted=Yes	Begin=1513.54|End=1513.77	_	_	_	0-5(170)
583-0	PKP040	583	0	[ad	ad	_	_	_	_	_	linguistic	_	ContainsVariation=No	_	Begin=1516.0	_	_	_	0-2(171)
583-1	PKP040	583	1	e]sempio	esempio	_	_	_	_	_	linguistic	_	ContainsVariation=No	_	_	_	_	_	0-1(171)
583-2	PKP040	583	2	hai	hai	_	_	_	_	_	linguistic	_	ContainsVariation=No	_	_	_	_	_	_
583-3	PKP040	583	3	visto	visto	_	_	_	_	_	linguistic	_	ContainsVariation=No	_	_	_	_	_	_
583-4	PKP040	583	4	[quella	quella	_	_	_	_	_	linguistic	_	ContainsVariation=No	_	_	_	_	_	0-6(172)
583-5	PKP040	583	5	scenetta]	scenetta	_	_	_	_	_	linguistic	_	ContainsVariation=No	_	_	_	_	_	0-8(172)
583-6	PKP040	583	6	di	di	_	_	_	_	_	linguistic	_	ContainsVariation=No	_	_	_	_	_	_
583-7	PKP040	583	7	pro[ietti]	proietti	_	_	_	_	_	linguistic	_	ContainsVariation=No	_	End=1518.605	_	_	_	3-8(173)
584-0	PKP041	584	0	[uh	uh	_	_	_	_	_	linguistic	_	ContainsVariation=No	_	Begin=1517.284	_	_	_	0-2(172)
584-1	PKP041	584	1	xx]	xx	_	_	_	_	_	unknown	_	ContainsVariation=No	Syllables=2	End=1517.94	_	_	_	0-2(172)
585-0	PKP047	585	0	[tara]tarà	taratarà	_	_	_	_	_	linguistic	_	ContainsVariation=No	_	Begin=1518.39	_	_	_	0-4(173)
585-1	PKP047	585	1	ta	ta	_	_	_	_	_	linguistic	_	ContainsVariation=No	_	_	_	_	_	_
585-2	PKP047	585	2	con	con	_	_	_	_	_	linguistic	_	ContainsVariation=No	_	_	_	_	_	_
585-3	PKP047	585	3	la	la	_	_	_	_	_	linguistic	_	ContainsVariation=No	_	_	_	_	_	_
585-4	PKP047	585	4	cosa	cosa	_	_	_	_	_	linguistic	_	ContainsVariation=No	_	_	_	_	_	_
585-5	PKP047	585	5	ho[use	house	_	_	_	_	_	linguistic	_	ContainsVariation=No	_	_	_	_	_	2-5(174)
585-6	PKP047	585	6	tipo]	tipo	_	_	_	_	_	linguistic	_	ContainsVariation=No	_	End=1520.61	_	_	_	0-4(174)
586-0	PKP040	586	0	[quell]a	quella	_	_	_	_	_	linguistic	_	ContainsVariation=No	_	Begin=1520.06	_	_	_	0-5(174)
586-1	PKP040	586	1	scenetta	scenetta	_	_	_	_	_	linguistic	_	ContainsVariation=No	_	_	_	_	_	_
586-2	PKP040	586	2	di	di	_	_	_	_	_	linguistic	_	ContainsVariation=No	_	_	_	_	_	_
586-3	PKP040	586	3	proietti	proietti	_	_	_	_	_	linguistic	_	ContainsVariation=No	_	_	_	_	_	_
586-4	PKP040	586	4	che	che	_	_	_	_	_	linguistic	_	ContainsVariation=No	_	_	_	_	_	_
586-5	PKP040	586	5	dice	dice	_	_	_	_	_	linguistic	_	ContainsVariation=No	_	_	_	_	_	_
586-6	PKP040	586	6	una	una	_	_	_	_	_	linguistic	_	ContainsVariation=No	_	_	_	_	_	_
586-7	PKP040	586	7	freddura:	freddura	_	_	_	_	_	linguistic	_	ContainsVariation=No	_	_	7x1	_	_	_
586-8	PKP040	586	8	che	che	_	_	_	_	_	linguistic	_	ContainsVariation=No	_	_	_	_	_	_
586-9	PKP040	586	9	è	è	_	_	_	_	_	linguistic	_	ContainsVariation=No	_	_	_	_	_	_
586-10	PKP040	586	10	una	una	_	_	_	_	_	linguistic	_	ContainsVariation=No	_	_	_	_	_	_
586-11	PKP040	586	11	freddura	freddura	_	_	_	_	_	linguistic	_	ContainsVariation=No	_	End=1524.01	_	_	_	_
587-0	PKP040	587	0	però	però	_	_	_	_	_	linguistic	_	ContainsVariation=No	_	Begin=1524.69	_	_	_	_
587-1	PKP040	587	1	lo	lo	_	_	_	_	_	linguistic	_	ContainsVariation=No	_	_	_	_	_	_
587-2	PKP040	587	2	dice	dice	_	_	_	_	_	linguistic	_	ContainsVariation=No	_	_	_	_	_	_
587-3	PKP040	587	3	uin	uin	_	_	_	_	_	linguistic	_	ContainsVariation=No	_	_	_	_	_	_
587-4	PKP040	587	4	una	una	_	_	_	_	_	linguistic	_	ContainsVariation=No	_	_	_	_	_	_
587-5	PKP040	587	5	maniera:	maniera	_	_	_	_	_	linguistic	_	ContainsVariation=No	_	_	6x1	_	_	_
587-6	PKP040	587	6	che	che	_	_	_	_	_	linguistic	_	ContainsVariation=No	_	_	_	_	_	_
587-7	PKP040	587	7	fa	fa	_	_	_	_	_	linguistic	_	ContainsVariation=No	_	_	_	_	_	_
587-8	PKP040	587	8	ridere	ridere	_	_	_	_	_	linguistic	_	ContainsVariation=No	_	End=1527.61	_	_	_	_
588-0	PKP040	588	0	che	che	_	_	_	_	_	linguistic	_	ContainsVariation=No	_	Begin=1528.62	_	_	_	_
588-1	PKP040	588	1	il	il	_	_	_	_	_	linguistic	_	ContainsVariation=No	_	_	_	_	_	_
588-2	PKP040	588	2	padre	padre	_	_	_	_	_	linguistic	_	ContainsVariation=No	_	_	_	_	_	_
588-3	PKP040	588	3	gli	gli	_	_	_	_	_	linguistic	_	ContainsVariation=No	_	_	_	_	_	_
588-4	PKP040	588	4	raccontava	raccontava	_	_	_	_	_	linguistic	_	ContainsVariation=No	_	_	_	_	_	_
588-5	PKP040	588	5	che	che	_	_	_	_	_	linguistic	_	ContainsVariation=No	_	_	_	_	_	_
588-6	PKP040	588	6	c'	c'	_	_	_	_	_	linguistic	_	ContainsVariation=No	SpaceAfter=No	_	_	_	_	_
588-7	PKP040	588	7	era	era	_	_	_	_	_	linguistic	_	ContainsVariation=No	_	_	_	_	_	_
588-8	PKP040	588	8	quel	quel	_	_	_	_	_	linguistic	_	ContainsVariation=No	_	_	_	_	_	_
588-9	PKP040	588	9	vici:no	vicino	_	_	_	_	_	linguistic	_	ContainsVariation=No	_	_	3x1	_	_	_
588-10	PKP040	588	10	che	che	_	_	_	_	_	linguistic	_	ContainsVariation=No	_	_	_	_	_	_
588-11	PKP040	588	11	tutte	tutte	_	_	_	_	_	linguistic	_	ContainsVariation=No	_	_	_	_	_	_
588-12	PKP040	588	12	le	le	_	_	_	_	_	linguistic	_	ContainsVariation=No	_	_	_	_	_	_
588-13	PKP040	588	13	sere	sere	_	_	_	_	_	linguistic	_	ContainsVariation=No	_	_	_	_	_	_
588-14	PKP040	588	14	si	si	_	_	_	_	_	linguistic	_	ContainsVariation=No	_	_	_	_	_	_
588-15	PKP040	588	15	metteva	metteva	_	_	_	_	_	linguistic	_	ContainsVariation=No	_	_	_	_	_	_
588-16	PKP040	588	16	alla	alla	_	_	_	_	_	linguistic	_	ContainsVariation=No	_	_	_	_	_	_
588-17	PKP040	588	17	fine:stra	finestra	_	_	_	_	_	linguistic	_	ContainsVariation=No	_	End=1533.02	3x1	_	_	_
589-0	PKP040	589	0	fumava	fumava	_	_	_	_	_	linguistic	_	ContainsVariation=No	_	Begin=1533.82	_	_	_	_
589-1	PKP040	589	1	il	il	_	_	_	_	_	linguistic	_	ContainsVariation=No	_	_	_	_	_	_
589-2	PKP040	589	2	si:garo	sigaro	_	_	_	_	_	linguistic	_	ContainsVariation=No	_	End=1534.946	1x1	_	_	_
590-0	PKP040	590	0	buttava	buttava	_	_	_	_	_	linguistic	_	ContainsVariation=No	_	Begin=1536.165	_	_	_	_
590-1	PKP040	590	1	il	il	_	_	_	_	_	linguistic	_	ContainsVariation=No	_	_	_	_	_	_
590-2	PKP040	590	2	si:garo	sigaro	_	_	_	_	_	linguistic	_	ContainsVariation=No	PauseAfter=Yes	_	1x1	_	_	_
590-3	PKP040	590	3	(.)	(.)	_	_	_	_	_	shortpause	_	ContainsVariation=No	_	_	_	_	_	_
590-4	PKP040	590	4	dalla	dalla	_	_	_	_	_	linguistic	_	ContainsVariation=No	_	_	_	_	_	_
590-5	PKP040	590	5	fine:stra	finestra	_	_	_	_	_	linguistic	_	ContainsVariation=No	_	_	3x1	_	_	_
590-6	PKP040	590	6	e	e	_	_	_	_	_	linguistic	_	ContainsVariation=No	_	_	_	_	_	_
590-7	PKP040	590	7	si	si	_	_	_	_	_	linguistic	_	ContainsVariation=No	_	_	_	_	_	_
590-8	PKP040	590	8	gettava	gettava	_	_	_	_	_	linguistic	_	ContainsVariation=No	_	_	_	_	_	_
590-9	PKP040	590	9	nel	nel	_	_	_	_	_	linguistic	_	ContainsVariation=No	_	_	_	_	_	_
590-10	PKP040	590	10	letto.	letto	_	_	_	_	_	linguistic	_	ContainsVariation=No	Intonation=Falling	End=1539.9	_	_	_	_
591-0	PKP040	591	0	e	e	_	_	_	_	_	linguistic	_	ContainsVariation=No	_	Begin=1540.617	_	_	_	_
591-1	PKP040	591	1	una	una	_	_	_	_	_	linguistic	_	ContainsVariation=No	_	_	_	_	_	_
591-2	PKP040	591	2	volta	volta	_	_	_	_	_	linguistic	_	ContainsVariation=No	_	_	_	_	_	_
591-3	PKP040	591	3	si	si	_	_	_	_	_	linguistic	_	ContainsVariation=No	_	_	_	_	_	_
591-4	PKP040	591	4	è	è	_	_	_	_	_	linguistic	_	ContainsVariation=No	_	_	_	_	_	_
591-5	PKP040	591	5	sbagliato.	sbagliato	_	_	_	_	_	linguistic	_	ContainsVariation=No	Intonation=Falling	End=1541.964	_	_	_	_
592-0	PKP040	592	0	[ha	ha	_	_	_	_	_	linguistic	_	ContainsVariation=No	_	Begin=1542.593	_	_	_	0-2(175)
592-1	PKP040	592	1	buttato	buttato	_	_	_	_	_	linguistic	_	ContainsVariation=No	_	_	_	_	_	0-7(175)
592-2	PKP040	592	2	il	il	_	_	_	_	_	linguistic	_	ContainsVariation=No	_	_	_	_	_	0-2(175)
592-3	PKP040	592	3	sigaro	sigaro	_	_	_	_	_	linguistic	_	ContainsVariation=No	_	_	_	_	_	0-6(175)
592-4	PKP040	592	4	nel	nel	_	_	_	_	_	linguistic	_	ContainsVariation=No	_	_	_	_	_	0-3(175)
592-5	PKP040	592	5	le::tto]	letto	_	_	_	_	_	linguistic	_	ContainsVariation=No	_	_	1x2	_	_	0-5(175)
592-6	PKP040	592	6	e	e	_	_	_	_	_	linguistic	_	ContainsVariation=No	_	_	_	_	_	_
592-7	PKP040	592	7	si	si	_	_	_	_	_	linguistic	_	ContainsVariation=No	_	_	_	_	_	_
592-8	PKP040	592	8	è	è	_	_	_	_	_	linguistic	_	ContainsVariation=No	_	_	_	_	_	_
592-9	PKP040	592	9	buttato	buttato	_	_	_	_	_	linguistic	_	ContainsVariation=No	_	_	_	_	_	_
592-10	PKP040	592	10	dalla	dalla	_	_	_	_	_	linguistic	_	ContainsVariation=No	_	_	_	_	_	_
592-11	PKP040	592	11	fine:stra	finestra	_	_	_	_	_	linguistic	_	ContainsVariation=No	_	End=1545.926	3x1	_	_	_
593-0	PKP041	593	0	[ha	ha	_	_	_	_	_	linguistic	_	ContainsVariation=No	_	Begin=1542.977	_	_	_	0-2(175)
593-1	PKP041	593	1	buttato	buttato	_	_	_	_	_	linguistic	_	ContainsVariation=No	_	_	_	_	_	0-7(175)
593-2	PKP041	593	2	il	il	_	_	_	_	_	linguistic	_	ContainsVariation=No	_	_	_	_	_	0-2(175)
593-3	PKP041	593	3	sigaro	sigaro	_	_	_	_	_	linguistic	_	ContainsVariation=No	_	_	_	_	_	0-6(175)
593-4	PKP041	593	4	nel	nel	_	_	_	_	_	linguistic	_	ContainsVariation=No	_	_	_	_	_	0-3(175)
593-5	PKP041	593	5	le::tto]	letto	_	_	_	_	_	linguistic	_	ContainsVariation=No	_	_	1x2	_	_	0-5(175)
593-6	PKP041	593	6	((ride))	((ride))	_	_	_	_	_	nonverbalbehavior	_	ContainsVariation=No	_	End=1544.19	_	_	_	_
594-0	PKP040	594	0	che	che	_	_	_	_	_	linguistic	_	ContainsVariation=No	_	Begin=1545.991	_	_	_	_
594-1	PKP040	594	1	detta	detta	_	_	_	_	_	linguistic	_	ContainsVariation=No	_	_	_	_	_	_
594-2	PKP040	594	2	così	così	_	_	_	_	_	linguistic	_	ContainsVariation=No	_	_	_	_	_	_
594-3	PKP040	594	3	è	è	_	_	_	_	_	linguistic	_	ContainsVariation=No	_	_	_	_	_	_
594-4	PKP040	594	4	una	una	_	_	_	_	_	linguistic	_	ContainsVariation=No	_	_	_	_	_	_
594-5	PKP040	594	5	freddura	freddura	_	_	_	_	_	linguistic	_	ContainsVariation=No	_	_	_	_	_	_
594-6	PKP040	594	6	ma	ma	_	_	_	_	_	linguistic	_	ContainsVariation=No	_	_	_	_	_	_
594-7	PKP040	594	7	lu:i	lui	_	_	_	_	_	linguistic	_	ContainsVariation=No	_	_	1x1	_	_	_
594-8	PKP040	594	8	ti	ti	_	_	_	_	_	linguistic	_	ContainsVariation=No	_	_	_	_	_	_
594-9	PKP040	594	9	fa	fa	_	_	_	_	_	linguistic	_	ContainsVariation=No	_	_	_	_	_	_
594-10	PKP040	594	10	morire	morire	_	_	_	_	_	linguistic	_	ContainsVariation=No	_	_	_	_	_	_
594-11	PKP040	594	11	dal	dal	_	_	_	_	_	linguistic	_	ContainsVariation=No	_	_	_	_	_	_
594-12	PKP040	594	12	ridere	ridere	_	_	_	_	_	linguistic	_	ContainsVariation=No	_	End=1549.091	_	_	_	_
595-0	PKP039	595	0	# be	be	_	_	_	_	_	linguistic	_	ContainsVariation=Yes|Variety=Unsure	_	Begin=1549.5	_	_	_	_
595-1	PKP039	595	1	ca	ca	_	_	_	_	_	linguistic	_	ContainsVariation=Yes|Variety=Unsure	_	_	_	_	_	_
595-2	PKP039	595	2	diciottu	diciottu	_	_	_	_	_	linguistic	_	ContainsVariation=Yes|Variety=Unsure	_	_	_	_	_	_
595-3	PKP039	595	3	diciottu	diciottu	_	_	_	_	_	linguistic	_	ContainsVariation=Yes|Variety=Unsure	_	_	_	_	_	_
595-4	PKP039	595	4	diciottu	diciottu	_	_	_	_	_	linguistic	_	ContainsVariation=Yes|Variety=Unsure	_	_	_	_	_	_
595-5	PKP039	595	5	dicio:ttu	diciottu	_	_	_	_	_	linguistic	_	ContainsVariation=Yes|Variety=Unsure	_	_	4x1	_	_	_
595-6	PKP039	595	6	dicio:ttu	diciottu	_	_	_	_	_	linguistic	_	ContainsVariation=Yes|Variety=Unsure	_	End=1551.465	4x1	_	_	_
596-0	PKP040	596	0	beh	beh	_	_	_	_	_	linguistic	_	ContainsVariation=No	_	Begin=1551.465	_	_	_	_
596-1	PKP040	596	1	pure	pure	_	_	_	_	_	linguistic	_	ContainsVariation=No	_	_	_	_	_	_
596-2	PKP040	596	2	diciotto	diciotto	_	_	_	_	_	linguistic	_	ContainsVariation=No	_	_	_	_	_	_
596-3	PKP040	596	3	diciotto	diciotto	_	_	_	_	_	linguistic	_	ContainsVariation=No	_	_	_	_	_	_
596-4	PKP040	596	4	è	è	_	_	_	_	_	linguistic	_	ContainsVariation=No	_	_	_	_	_	_
596-5	PKP040	596	5	un~	un~	_	_	_	_	_	linguistic	_	ContainsVariation=No	Interrupted=Yes|PauseAfter=Yes	_	_	_	_	_
596-6	PKP040	596	6	(.)	(.)	_	_	_	_	_	shortpause	_	ContainsVariation=No	_	_	_	_	_	_
596-7	PKP040	596	7	quindi	quindi	_	_	_	_	_	linguistic	_	ContainsVariation=No	_	_	_	_	_	_
596-8	PKP040	596	8	è	è	_	_	_	_	_	linguistic	_	ContainsVariation=No	_	_	_	_	_	_
596-9	PKP040	596	9	proprio	proprio	_	_	_	_	_	linguistic	_	ContainsVariation=No	_	_	_	_	_	_
596-10	PKP040	596	10	che	che	_	_	_	_	_	linguistic	_	ContainsVariation=No	_	_	_	_	_	_
596-11	PKP040	596	11	quando	quando	_	_	_	_	_	linguistic	_	ContainsVariation=No	_	_	_	_	_	_
596-12	PKP040	596	12	c'	c'	_	_	_	_	_	linguistic	_	ContainsVariation=No	SpaceAfter=No	_	_	_	_	_
596-13	PKP040	596	13	hai	hai	_	_	_	_	_	linguistic	_	ContainsVariation=No	_	_	_	_	_	_
596-14	PKP040	596	14	l'	l'	_	_	_	_	_	linguistic	_	ContainsVariation=No	SpaceAfter=No	_	_	_	_	_
596-15	PKP040	596	15	umorismo	umorismo	_	_	_	_	_	linguistic	_	ContainsVariation=No	_	End=1554.88	_	_	_	_
597-0	PKP047	597	0	dichidi	dichidi	_	_	_	_	_	linguistic	_	ContainsVariation=No	_	Begin=1556.12|End=1556.32	_	_	_	_
598-0	PKP041	598	0	a	a	_	_	_	_	_	linguistic	_	ContainsVariation=No	_	Begin=1557.31	_	_	_	_
598-1	PKP041	598	1	m(e)	me	_	_	_	_	_	linguistic	_	ContainsVariation=No	PauseAfter=Yes	_	_	_	1-2(0)	_
598-2	PKP041	598	2	(.)	(.)	_	_	_	_	_	shortpause	_	ContainsVariation=No	_	_	_	_	_	_
598-3	PKP041	598	3	m(i)	mi	_	_	_	_	_	linguistic	_	ContainsVariation=No	_	_	_	_	1-2(1)	_
598-4	PKP041	598	4	pia::ce	piace	_	_	_	_	_	linguistic	_	ContainsVariation=No	_	End=1559.13	2x2	_	_	_
599-0	PKP041	599	0	a	a	_	_	_	_	_	linguistic	_	ContainsVariation=No	_	Begin=1560.9	_	_	_	_
599-1	PKP041	599	1	me	me	_	_	_	_	_	linguistic	_	ContainsVariation=No	_	_	_	_	_	_
599-2	PKP041	599	2	quella	quella	_	_	_	_	_	linguistic	_	ContainsVariation=No	_	_	_	_	_	_
599-3	PKP041	599	3	cosa	cosa	_	_	_	_	_	linguistic	_	ContainsVariation=No	_	_	_	_	_	_
599-4	PKP041	599	4	mi	mi	_	_	_	_	_	linguistic	_	ContainsVariation=No	_	_	_	_	_	_
599-5	PKP041	599	5	piace	piace	_	_	_	_	_	linguistic	_	ContainsVariation=No	_	End=1561.85	_	_	_	_
600-0	PKP041	600	0	a	a	_	_	_	_	_	linguistic	_	ContainsVariation=No	_	Begin=1562.784	_	_	_	_
600-1	PKP041	600	1	cab~	cab~	_	_	_	_	_	linguistic	_	ContainsVariation=No	Interrupted=Yes	_	_	_	_	_
600-2	PKP041	600	2	che	che	_	_	_	_	_	linguistic	_	ContainsVariation=No	_	_	_	_	_	_
600-3	PKP041	600	3	>beveva:::<	beveva	_	_	_	_	_	linguistic	_	ContainsVariation=No	_	_	5x3	Fast=0-6(0)	_	_
600-4	PKP041	600	4	il	il	_	_	_	_	_	linguistic	_	ContainsVariation=No	_	_	_	_	_	_
600-5	PKP041	600	5	caffè	caffè	_	_	_	_	_	linguistic	_	ContainsVariation=No	_	_	_	_	_	_
600-6	PKP041	600	6	faceva	faceva	_	_	_	_	_	linguistic	_	ContainsVariation=No	_	_	_	_	_	_
600-7	PKP041	600	7	[a	a	_	_	_	_	_	linguistic	_	ContainsVariation=No	_	_	_	_	_	0-1(?)
600-8	PKP041	600	8	me]	me	_	_	_	_	_	linguistic	_	ContainsVariation=No	PauseAfter=Yes	_	_	_	_	0-2(?)
600-9	PKP041	600	9	(.)	(.)	_	_	_	_	_	shortpause	_	ContainsVariation=No	_	_	_	_	_	_
600-10	PKP041	600	10	me	me	_	_	_	_	_	linguistic	_	ContainsVariation=No	_	_	_	_	_	_
600-11	PKP041	600	11	pia:sc[e]	piasce	_	_	_	_	_	linguistic	_	ContainsVariation=No	_	End=1566.09	2x1	_	_	5-6(?)
601-0	PKP040	601	0	[ah::]	ah	_	_	_	_	_	linguistic	_	ContainsVariation=No	_	Begin=1565.025|End=1565.15	1x2	_	_	0-2(176)
602-0	PKP040	602	0	[p]er	per	_	_	_	_	_	linguistic	_	ContainsVariation=No	_	Begin=1566.143	_	_	_	0-1(?)
602-1	PKP040	602	1	esempio	esempio	_	_	_	_	_	linguistic	_	ContainsVariation=No	_	_	_	_	_	_
602-2	PKP040	602	2	l'	l'	_	_	_	_	_	linguistic	_	ContainsVariation=No	SpaceAfter=No	_	_	_	_	_
602-3	PKP040	602	3	altro	altro	_	_	_	_	_	linguistic	_	ContainsVariation=No	_	_	_	_	_	_
602-4	PKP040	602	4	era	era	_	_	_	_	_	linguistic	_	ContainsVariation=No	_	_	_	_	_	_
602-5	PKP040	602	5	troisi:	troisi	_	_	_	_	_	linguistic	_	ContainsVariation=No	_	_	5x1	_	_	_
602-6	PKP040	602	6	ti	ti	_	_	_	_	_	linguistic	_	ContainsVariation=No	_	_	_	_	_	_
602-7	PKP040	602	7	faceva	faceva	_	_	_	_	_	linguistic	_	ContainsVariation=No	_	_	_	_	_	_
602-8	PKP040	602	8	ridere	ridere	_	_	_	_	_	linguistic	_	ContainsVariation=No	_	_	_	_	_	_
602-9	PKP040	602	9	solamente	solamente	_	_	_	_	_	linguistic	_	ContainsVariation=No	_	_	_	_	_	_
602-10	PKP040	602	10	a:::	a	_	_	_	_	_	linguistic	_	ContainsVariation=No	_	End=1569.12	0x3	_	_	_
603-0	PKP040	603	0	xx	xx	_	_	_	_	_	unknown	_	ContainsVariation=No	Syllables=2	Begin=1571.859	_	_	_	_
603-1	PKP040	603	1	xxx	xxx	_	_	_	_	_	unknown	_	ContainsVariation=No	Syllables=3	End=1573.519	_	_	_	_
604-0	PKP040	604	0	quando	quando	_	_	_	_	_	linguistic	_	ContainsVariation=No	_	Begin=1574.41	_	_	_	_
604-1	PKP040	604	1	disse	disse	_	_	_	_	_	linguistic	_	ContainsVariation=No	_	_	_	_	_	_
604-2	PKP040	604	2	pippo	pippo	_	_	_	_	_	linguistic	_	ContainsVariation=No	_	_	_	_	_	_
604-3	PKP040	604	3	baudo	baudo	_	_	_	_	_	linguistic	_	ContainsVariation=No	_	_	_	_	_	_
604-4	PKP040	604	4	ma:	ma	_	_	_	_	_	linguistic	_	ContainsVariation=No	_	_	1x1	_	_	_
604-5	PKP040	604	5	com'	com'	_	_	_	_	_	linguistic	_	ContainsVariation=No	SpaceAfter=No	_	_	_	_	_
604-6	PKP040	604	6	è	è	_	_	_	_	_	linguistic	_	ContainsVariation=No	_	_	_	_	_	_
604-7	PKP040	604	7	che	che	_	_	_	_	_	linguistic	_	ContainsVariation=No	_	_	_	_	_	_
604-8	PKP040	604	8	le	le	_	_	_	_	_	linguistic	_	ContainsVariation=No	_	_	_	_	_	_
604-9	PKP040	604	9	donne:	donne	_	_	_	_	_	linguistic	_	ContainsVariation=No	_	_	4x1	_	_	_
604-10	PKP040	604	10	impazziscono	impazziscono	_	_	_	_	_	linguistic	_	ContainsVariation=No	_	_	_	_	_	_
604-11	PKP040	604	11	per	per	_	_	_	_	_	linguistic	_	ContainsVariation=No	_	_	_	_	_	_
604-12	PKP040	604	12	te	te	_	_	_	_	_	linguistic	_	ContainsVariation=No	_	_	_	_	_	_
604-13	PKP040	604	13	tu	tu	_	_	_	_	_	linguistic	_	ContainsVariation=No	_	_	_	_	_	_
604-14	PKP040	604	14	ti	ti	_	_	_	_	_	linguistic	_	ContainsVariation=No	_	_	_	_	_	_
604-15	PKP040	604	15	senti	senti	_	_	_	_	_	linguistic	_	ContainsVariation=No	_	_	_	_	_	_
604-16	PKP040	604	16	un	un	_	_	_	_	_	linguistic	_	ContainsVariation=No	_	_	_	_	_	_
604-17	PKP040	604	17	sex	sex	_	_	_	_	_	linguistic	_	ContainsVariation=No	_	_	_	_	_	_
604-18	PKP040	604	18	symbol,	symbol	_	_	_	_	_	linguistic	_	ContainsVariation=No	Intonation=WeaklyRising	End=1580.37	_	_	_	_
605-0	PKP040	605	0	che	che	_	_	_	_	_	linguistic	_	ContainsVariation=No	_	Begin=1582.494	_	_	_	_
605-1	PKP040	605	1	ci	ci	_	_	_	_	_	linguistic	_	ContainsVariation=No	_	_	_	_	_	_
605-2	PKP040	605	2	sta	sta	_	_	_	_	_	linguistic	_	ContainsVariation=No	_	_	_	_	_	_
605-3	PKP040	605	3	di	di	_	_	_	_	_	linguistic	_	ContainsVariation=No	_	_	_	_	_	_
605-4	PKP040	605	4	strano	strano	_	_	_	_	_	linguistic	_	ContainsVariation=No	_	End=1583.43	_	_	_	_
606-0	PKP040	606	0	che	che	_	_	_	_	_	linguistic	_	ContainsVariation=No	_	Begin=1585.15	_	_	_	_
606-1	PKP040	606	1	mica	mica	_	_	_	_	_	linguistic	_	ContainsVariation=No	_	_	_	_	_	_
606-2	PKP040	606	2	hai	hai	_	_	_	_	_	linguistic	_	ContainsVariation=No	_	_	_	_	_	_
606-3	PKP040	606	3	detto:	detto	_	_	_	_	_	linguistic	_	ContainsVariation=No	_	_	4x1	_	_	_
606-4	PKP040	606	4	eh:	eh	_	_	_	_	_	linguistic	_	ContainsVariation=No	_	_	1x1	_	_	_
606-5	PKP040	606	5	com'	com'	_	_	_	_	_	linguistic	_	ContainsVariation=No	SpaceAfter=No	_	_	_	_	_
606-6	PKP040	606	6	era	era	_	_	_	_	_	linguistic	_	ContainsVariation=No	_	_	_	_	_	_
606-7	PKP040	606	7	la	la	_	_	_	_	_	linguistic	_	ContainsVariation=No	_	_	_	_	_	_
606-8	PKP040	606	8	co:sa	cosa	_	_	_	_	_	linguistic	_	ContainsVariation=No	_	End=1587.35	1x1	_	_	_
607-0	PKP039	607	0	immigrato	immigrato	_	_	_	_	_	linguistic	_	ContainsVariation=No	_	Begin=1588.4|End=1588.99	_	_	_	_
608-0	PKP040	608	0	no::	no	_	_	_	_	_	linguistic	_	ContainsVariation=No	_	Begin=1589.27|End=1589.59	1x2	_	_	_
609-0	PKP040	609	0	poi	poi	_	_	_	_	_	linguistic	_	ContainsVariation=No	_	Begin=1594.256	_	_	_	_
609-1	PKP040	609	1	lo	lo	_	_	_	_	_	linguistic	_	ContainsVariation=No	_	_	_	_	_	_
609-2	PKP040	609	2	devo	devo	_	_	_	_	_	linguistic	_	ContainsVariation=No	_	_	_	_	_	_
609-3	PKP040	609	3	trovare	trovare	_	_	_	_	_	linguistic	_	ContainsVariation=No	_	_	_	_	_	_
609-4	PKP040	609	4	non	non	_	_	_	_	_	linguistic	_	ContainsVariation=No	_	_	_	_	_	_
609-5	PKP040	609	5	c'	c'	_	_	_	_	_	linguistic	_	ContainsVariation=No	SpaceAfter=No	_	_	_	_	_
609-6	PKP040	609	6	ho	ho	_	_	_	_	_	linguistic	_	ContainsVariation=No	_	_	_	_	_	_
609-7	PKP040	609	7	il	il	_	_	_	_	_	linguistic	_	ContainsVariation=No	_	_	_	_	_	_
609-8	PKP040	609	8	telefono	telefono	_	_	_	_	_	linguistic	_	ContainsVariation=No	_	End=1595.94	_	_	_	_
610-0	PKP040	610	0	tu	tu	_	_	_	_	_	linguistic	_	ContainsVariation=No	_	Begin=1598.12	_	_	_	_
610-1	PKP040	610	1	ti	ti	_	_	_	_	_	linguistic	_	ContainsVariation=No	_	_	_	_	_	_
610-2	PKP040	610	2	devi	devi	_	_	_	_	_	linguistic	_	ContainsVariation=No	_	_	_	_	_	_
610-3	PKP040	610	3	vedere::	vedere	_	_	_	_	_	linguistic	_	ContainsVariation=No	_	End=1599.04	5x2	_	_	_
611-0	PKP040	611	0	quello	quello	_	_	_	_	_	linguistic	_	ContainsVariation=No	_	Begin=1600.11	_	_	_	_
611-1	PKP040	611	1	li:::	li	_	_	_	_	_	linguistic	_	ContainsVariation=No	_	End=1600.69	1x3	_	_	_
612-0	PKP041	612	0	mo	mo	_	_	_	_	_	linguistic	_	ContainsVariation=No	_	Begin=1601.22	_	_	_	_
612-1	PKP041	612	1	dice	dice	_	_	_	_	_	linguistic	_	ContainsVariation=No	_	_	_	_	_	_
612-2	PKP041	612	2	il	il	_	_	_	_	_	linguistic	_	ContainsVariation=No	_	_	_	_	_	_
612-3	PKP041	612	3	postino	postino	_	_	_	_	_	linguistic	_	ContainsVariation=No	_	End=1602.309	_	_	_	_
613-0	PKP040	613	0	no::	no	_	_	_	_	_	linguistic	_	ContainsVariation=No	_	Begin=1602.46	1x2	_	_	_
613-1	PKP040	613	1	il	il	_	_	_	_	_	linguistic	_	ContainsVariation=No	_	_	_	_	_	_
613-2	PKP040	613	2	fio~	fio~	_	_	_	_	_	linguistic	_	ContainsVariation=No	Interrupted=Yes	_	_	_	_	_
613-3	PKP040	613	3	un	un	_	_	_	_	_	linguistic	_	ContainsVariation=No	_	_	_	_	_	_
613-4	PKP040	613	4	fio[rino]	fiorino	_	_	_	_	_	linguistic	_	ContainsVariation=No	_	End=1603.54	_	_	_	3-7(177)
614-0	PKP041	614	0	[ogni]	ogni	_	_	_	_	_	linguistic	_	ContainsVariation=No	_	Begin=1603.51	_	_	_	0-4(177)
614-1	PKP041	614	1	volta	volta	_	_	_	_	_	linguistic	_	ContainsVariation=No	_	_	_	_	_	_
614-2	PKP041	614	2	>tu	tu	_	_	_	_	_	linguistic	_	ContainsVariation=No	_	_	_	Fast=0-2(0)	_	_
614-3	PKP041	614	3	ti	ti	_	_	_	_	_	linguistic	_	ContainsVariation=No	_	_	_	Fast=0-2(0)	_	_
614-4	PKP041	614	4	devi	devi	_	_	_	_	_	linguistic	_	ContainsVariation=No	_	_	_	Fast=0-4(0)	_	_
614-5	PKP041	614	5	vedere	vedere	_	_	_	_	_	linguistic	_	ContainsVariation=No	_	_	_	Fast=0-6(0)	_	_
614-6	PKP041	614	6	il	il	_	_	_	_	_	linguistic	_	ContainsVariation=No	_	_	_	Fast=0-2(0)	_	_
614-7	PKP041	614	7	postino	postino	_	_	_	_	_	linguistic	_	ContainsVariation=No	_	_	_	Fast=0-7(0)	_	_
614-8	PKP041	614	8	mà:	mà	_	_	_	_	_	linguistic	_	ContainsVariation=No	_	_	1x1	Fast=0-2(0)	_	_
614-9	PKP041	614	9	l'	l'	_	_	_	_	_	linguistic	_	ContainsVariation=No	SpaceAfter=No	_	_	Fast=0-2(0)	_	_
614-10	PKP041	614	10	ho	ho	_	_	_	_	_	linguistic	_	ContainsVariation=No	_	_	_	Fast=0-2(0)	_	_
614-11	PKP041	614	11	[visto	visto	_	_	_	_	_	linguistic	_	ContainsVariation=No	_	_	_	Fast=0-5(0)	_	0-5(178)
614-12	PKP041	614	12	mà:	mà	_	_	_	_	_	linguistic	_	ContainsVariation=No	_	_	1x1	Fast=0-2(0)	_	0-2(178)
614-13	PKP041	614	13	l'	l'	_	_	_	_	_	linguistic	_	ContainsVariation=No	SpaceAfter=No	_	_	Fast=0-2(0)	_	0-2(178)
614-14	PKP041	614	14	ho	ho	_	_	_	_	_	linguistic	_	ContainsVariation=No	_	_	_	Fast=0-2(0)	_	0-2(178)
614-15	PKP041	614	15	visto]<	visto	_	_	_	_	_	linguistic	_	ContainsVariation=No	_	End=1606.8	_	Fast=0-5(0)	_	0-4(178)
615-0	PKP047	615	0	[fiorini	fiorini	_	_	_	_	_	linguistic	_	ContainsVariation=No	_	Begin=1606.03	_	_	_	0-7(178)
615-1	PKP047	615	1	la	la	_	_	_	_	_	linguistic	_	ContainsVariation=No	_	_	_	_	_	0-2(178)
615-2	PKP047	615	2	scè]	scè	_	_	_	_	_	linguistic	_	ContainsVariation=No	_	_	_	_	_	0-3(178)
615-3	PKP047	615	3	scena	scena	_	_	_	_	_	linguistic	_	ContainsVariation=No	_	_	_	_	_	_
615-4	PKP047	615	4	della	della	_	_	_	_	_	linguistic	_	ContainsVariation=No	_	_	_	_	_	_
615-5	PKP047	615	5	doga:na	dogana	_	_	_	_	_	linguistic	_	ContainsVariation=No	_	End=1607.68	3x1	_	_	_
616-0	PKP040	616	0	la	la	_	_	_	_	_	linguistic	_	ContainsVariation=No	_	Begin=1607.616	_	_	_	_
616-1	PKP040	616	1	scena	scena	_	_	_	_	_	linguistic	_	ContainsVariation=No	_	_	_	_	_	_
616-2	PKP040	616	2	della	della	_	_	_	_	_	linguistic	_	ContainsVariation=No	_	_	_	_	_	_
616-3	PKP040	616	3	doga::na	dogana	_	_	_	_	_	linguistic	_	ContainsVariation=No	_	End=1608.57	3x2	_	_	_
617-0	PKP047	617	0	un	un	_	_	_	_	_	linguistic	_	ContainsVariation=No	_	Begin=1608.57	_	_	_	_
617-1	PKP047	617	1	fiorino	fiorino	_	_	_	_	_	linguistic	_	ContainsVariation=No	_	End=1609.11	_	_	_	_
618-0	PKP041	618	0	ah	ah	_	_	_	_	_	linguistic	_	ContainsVariation=No	_	Begin=1610.22	_	_	_	_
618-1	PKP041	618	1	ma	ma	_	_	_	_	_	linguistic	_	ContainsVariation=No	_	_	_	_	_	_
618-2	PKP041	618	2	me	me	_	_	_	_	_	linguistic	_	ContainsVariation=No	_	_	_	_	_	_
618-3	PKP041	618	3	l'	l'	_	_	_	_	_	linguistic	_	ContainsVariation=No	SpaceAfter=No	_	_	_	_	_
618-4	PKP041	618	4	hai	hai	_	_	_	_	_	linguistic	_	ContainsVariation=No	_	_	_	_	_	_
618-5	PKP041	618	5	fatta	fatta	_	_	_	_	_	linguistic	_	ContainsVariation=No	_	_	_	_	_	_
618-6	PKP041	618	6	ve[dere	vedere	_	_	_	_	_	linguistic	_	ContainsVariation=No	_	_	_	_	_	1-6(180)
618-7	PKP041	618	7	pure	pure	_	_	_	_	_	linguistic	_	ContainsVariation=No	_	_	_	_	_	0-4(180)
618-8	PKP041	618	8	quella]	quella	_	_	_	_	_	linguistic	_	ContainsVariation=No	_	End=1611.85	_	_	_	0-6(180)
619-0	PKP040	619	0	[te	te	_	_	_	_	_	linguistic	_	ContainsVariation=No	_	Begin=1611.101	_	_	_	0-2(180)
619-1	PKP040	619	1	l'	l'	_	_	_	_	_	linguistic	_	ContainsVariation=No	SpaceAfter=No	_	_	_	_	0-2(180)
619-2	PKP040	619	2	ho	ho	_	_	_	_	_	linguistic	_	ContainsVariation=No	_	_	_	_	_	0-2(180)
619-3	PKP040	619	3	fatta	fatta	_	_	_	_	_	linguistic	_	ContainsVariation=No	_	_	_	_	_	0-5(180)
619-4	PKP040	619	4	vedere]	vedere	_	_	_	_	_	linguistic	_	ContainsVariation=No	_	_	_	_	_	0-6(180)
619-5	PKP040	619	5	ma	ma	_	_	_	_	_	linguistic	_	ContainsVariation=No	_	_	_	_	_	_
619-6	PKP040	619	6	il	il	_	_	_	_	_	linguistic	_	ContainsVariation=No	_	_	_	_	_	_
619-7	PKP040	619	7	fi::lm	film	_	_	_	_	_	linguistic	_	ContainsVariation=No	_	_	1x2	_	_	_
619-8	PKP040	619	8	tu::[tto]	tutto	_	_	_	_	_	linguistic	_	ContainsVariation=No	_	End=1612.79	1x2	_	_	2-5(181)
620-0	PKP047	620	0	[chi]	chi	_	_	_	_	_	linguistic	_	ContainsVariation=No	_	Begin=1612.66	_	_	_	0-3(181)
620-1	PKP047	620	1	sie:te	siete	_	_	_	_	_	linguistic	_	ContainsVariation=No	PauseAfter=Yes	_	2x1	_	_	_
620-2	PKP047	620	2	(.)	(.)	_	_	_	_	_	shortpause	_	ContainsVariation=No	_	_	_	_	_	_
620-3	PKP047	620	3	cosa	cosa	_	_	_	_	_	linguistic	_	ContainsVariation=No	_	_	_	_	_	_
620-4	PKP047	620	4	porta:te	portate	_	_	_	_	_	linguistic	_	ContainsVariation=No	_	End=1614.32	4x1	_	_	_
621-0	PKP039	621	0	cosa	cosa	_	_	_	_	_	linguistic	_	ContainsVariation=No	_	Begin=1614.7	_	_	_	_
621-1	PKP039	621	1	pre[nde:te]	prendete	_	_	_	_	_	linguistic	_	ContainsVariation=No	_	End=1615.17	5x1	_	_	3-8(182)
622-0	PKP040	622	0	[do]ve	dove	_	_	_	_	_	linguistic	_	ContainsVariation=No	_	Begin=1614.9	_	_	_	0-2(182)
622-1	PKP040	622	1	anda:te	andate	_	_	_	_	_	linguistic	_	ContainsVariation=No	_	End=1615.39	3x1	_	_	_
623-0	PKP047	623	0	dove	dove	_	_	_	_	_	linguistic	_	ContainsVariation=No	_	Begin=1615.76	_	_	_	_
623-1	PKP047	623	1	anda:te	andate	_	_	_	_	_	linguistic	_	ContainsVariation=No	_	End=1616.25	3x1	_	_	_
624-0	PKP040	624	0	leona::rdo	leonardo	_	_	_	_	_	linguistic	_	ContainsVariation=No	_	Begin=1616.225	4x2	_	_	_
624-1	PKP040	624	1	no	no	_	_	_	_	_	linguistic	_	ContainsVariation=No	_	_	_	_	_	_
624-2	PKP040	624	2	ch[e	che	_	_	_	_	_	linguistic	_	ContainsVariation=No	_	_	_	_	_	2-3(183)
624-3	PKP040	624	3	gli	gli	_	_	_	_	_	linguistic	_	ContainsVariation=No	_	_	_	_	_	0-3(183)
624-4	PKP040	624	4	fanno	fanno	_	_	_	_	_	linguistic	_	ContainsVariation=No	_	_	_	_	_	0-5(183)
624-5	PKP040	624	5	fa]r~	far~	_	_	_	_	_	linguistic	_	ContainsVariation=No	Interrupted=Yes	_	_	_	_	0-2(183)
624-6	PKP040	624	6	gli	gli	_	_	_	_	_	linguistic	_	ContainsVariation=No	_	_	_	_	_	_
624-7	PKP040	624	7	fanno	fanno	_	_	_	_	_	linguistic	_	ContainsVariation=No	_	_	_	_	_	_
624-8	PKP040	624	8	fare	fare	_	_	_	_	_	linguistic	_	ContainsVariation=No	_	_	_	_	_	_
624-9	PKP040	624	9	[la	la	_	_	_	_	_	linguistic	_	ContainsVariation=No	_	_	_	_	_	0-2(184)
624-10	PKP040	624	10	parte	parte	_	_	_	_	_	linguistic	_	ContainsVariation=No	_	_	_	_	_	0-5(184)
624-11	PKP040	624	11	dello	dello	_	_	_	_	_	linguistic	_	ContainsVariation=No	_	_	_	_	_	0-5(184)
624-12	PKP040	624	12	sc]e:mo	scemo	_	_	_	_	_	linguistic	_	ContainsVariation=No	_	_	2x1	_	_	0-2(184)
624-13	PKP040	624	13	eh	eh	_	_	_	_	_	linguistic	_	ContainsVariation=No	_	_	_	_	_	_
624-14	PKP040	624	14	lui	lui	_	_	_	_	_	linguistic	_	ContainsVariation=No	_	_	_	_	_	_
624-15	PKP040	624	15	e	e	_	_	_	_	_	linguistic	_	ContainsVariation=No	_	_	_	_	_	_
624-16	PKP040	624	16	benign[i]	benigni	_	_	_	_	_	linguistic	_	ContainsVariation=No	_	End=1620.83	_	_	_	6-7(185)
625-0	PKP047	625	0	[la	la	_	_	_	_	_	linguistic	_	ContainsVariation=No	_	Begin=1617.072	_	_	_	0-2(184)
625-1	PKP047	625	1	prima	prima	_	_	_	_	_	linguistic	_	ContainsVariation=No	_	_	_	_	_	0-5(184)
625-2	PKP047	625	2	lezio~	lezio~	_	_	_	_	_	linguistic	_	ContainsVariation=No	Interrupted=Yes	_	_	_	_	0-6(184)
625-3	PKP047	625	3	io]	io	_	_	_	_	_	linguistic	_	ContainsVariation=No	_	End=1617.99	_	_	_	0-2(184)
626-0	PKP041	626	0	[c'	c'	_	_	_	_	_	linguistic	_	ContainsVariation=No	SpaceAfter=No	Begin=1618.5	_	_	_	0-2(185)
626-1	PKP041	626	1	è	è	_	_	_	_	_	linguistic	_	ContainsVariation=No	_	_	_	_	_	0-1(185)
626-2	PKP041	626	2	pure	pure	_	_	_	_	_	linguistic	_	ContainsVariation=No	_	_	_	_	_	0-4(185)
626-3	PKP041	626	3	benigni]	benigni	_	_	_	_	_	linguistic	_	ContainsVariation=No	_	End=1619.52	_	_	_	0-7(185)
627-0	PKP047	627	0	[la]	la	_	_	_	_	_	linguistic	_	ContainsVariation=No	_	Begin=1620.812	_	_	_	0-2(?)
627-1	PKP047	627	1	prima	prima	_	_	_	_	_	linguistic	_	ContainsVariation=No	_	_	_	_	_	_
627-2	PKP047	627	2	lezione	lezione	_	_	_	_	_	linguistic	_	ContainsVariation=No	_	_	_	_	_	_
627-3	PKP047	627	3	che	che	_	_	_	_	_	linguistic	_	ContainsVariation=No	_	_	_	_	_	_
627-4	PKP047	627	4	ho	ho	_	_	_	_	_	linguistic	_	ContainsVariation=No	_	_	_	_	_	_
627-5	PKP047	627	5	fatto	fatto	_	_	_	_	_	linguistic	_	ContainsVariation=No	_	_	_	_	_	_
627-6	PKP047	627	6	io	io	_	_	_	_	_	linguistic	_	ContainsVariation=No	_	_	_	_	_	_
627-7	PKP047	627	7	di	di	_	_	_	_	_	linguistic	_	ContainsVariation=No	_	_	_	_	_	_
627-8	PKP047	627	8	diritto	diritto	_	_	_	_	_	linguistic	_	ContainsVariation=No	_	_	_	_	_	_
627-9	PKP047	627	9	doganale	doganale	_	_	_	_	_	linguistic	_	ContainsVariation=No	_	_	_	_	_	_
627-10	PKP047	627	10	con::	con	_	_	_	_	_	linguistic	_	ContainsVariation=No	_	_	2x2	_	_	_
627-11	PKP047	627	11	luca	luca	_	_	_	_	_	linguistic	_	ContainsVariation=No	_	_	_	_	_	_
627-12	PKP047	627	12	rossi	rossi	_	_	_	_	_	linguistic	_	ContainsVariation=No	_	_	_	_	_	_
627-13	PKP047	627	13	che	che	_	_	_	_	_	linguistic	_	ContainsVariation=No	_	_	_	_	_	_
627-14	PKP047	627	14	è	è	_	_	_	_	_	linguistic	_	ContainsVariation=No	_	_	_	_	_	_
627-15	PKP047	627	15	un::	un	_	_	_	_	_	linguistic	_	ContainsVariation=No	_	_	1x2	_	_	_
627-16	PKP047	627	16	lumina:re	luminare	_	_	_	_	_	linguistic	_	ContainsVariation=No	_	_	5x1	_	_	_
627-17	PKP047	627	17	in	in	_	_	_	_	_	linguistic	_	ContainsVariation=No	_	_	_	_	_	_
627-18	PKP047	627	18	ita:lia	italia	_	_	_	_	_	linguistic	_	ContainsVariation=No	_	_	2x1	_	_	_
627-19	PKP047	627	19	nel	nel	_	_	_	_	_	linguistic	_	ContainsVariation=No	_	_	_	_	_	_
627-20	PKP047	627	20	diritto	diritto	_	_	_	_	_	linguistic	_	ContainsVariation=No	_	_	_	_	_	_
627-21	PKP047	627	21	doganal[e]	doganale	_	_	_	_	_	linguistic	_	ContainsVariation=No	_	End=1626.61	_	_	_	7-8(?)
628-0	PKP040	628	0	[c]'	c'	_	_	_	_	_	linguistic	_	ContainsVariation=No	SpaceAfter=No	Begin=1626.65	_	_	_	0-1(?)
628-1	PKP040	628	1	era	era	_	_	_	_	_	linguistic	_	ContainsVariation=No	_	_	_	_	_	_
628-2	PKP040	628	2	sta	sta	_	_	_	_	_	linguistic	_	ContainsVariation=No	_	_	_	_	_	_
628-3	PKP040	628	3	scenett~	scenett~	_	_	_	_	_	linguistic	_	ContainsVariation=No	Interrupted=Yes	End=1627.442	_	_	_	_
629-0	PKP047	629	0	lui	lui	_	_	_	_	_	linguistic	_	ContainsVariation=No	_	Begin=1627.914	_	_	_	_
629-1	PKP047	629	1	ha	ha	_	_	_	_	_	linguistic	_	ContainsVariation=No	_	_	_	_	_	_
629-2	PKP047	629	2	mandato	mandato	_	_	_	_	_	linguistic	_	ContainsVariation=No	_	_	_	_	_	_
629-3	PKP047	629	3	e~	e~	_	_	_	_	_	linguistic	_	ContainsVariation=No	Interrupted=Yes	_	_	_	_	_
629-4	PKP047	629	4	d:	d	_	_	_	_	_	linguistic	_	ContainsVariation=No	_	_	0x1	_	_	_
629-5	PKP047	629	5	alla	alla	_	_	_	_	_	linguistic	_	ContainsVariation=No	_	_	_	_	_	_
629-6	PKP047	629	6	bocconi	bocconi	_	_	_	_	_	linguistic	_	ContainsVariation=No	_	_	_	_	_	_
629-7	PKP047	629	7	in	in	_	_	_	_	_	linguistic	_	ContainsVariation=No	_	_	_	_	_	_
629-8	PKP047	629	8	onda	onda	_	_	_	_	_	linguistic	_	ContainsVariation=No	_	_	_	_	_	_
629-9	PKP047	629	9	ha	ha	_	_	_	_	_	linguistic	_	ContainsVariation=No	_	_	_	_	_	_
629-10	PKP047	629	10	detto	detto	_	_	_	_	_	linguistic	_	ContainsVariation=No	_	_	_	_	_	_
629-11	PKP047	629	11	quando	quando	_	_	_	_	_	linguistic	_	ContainsVariation=No	_	_	_	_	_	_
629-12	PKP047	629	12	vi	vi	_	_	_	_	_	linguistic	_	ContainsVariation=No	_	_	_	_	_	_
629-13	PKP047	629	13	dicono	dicono	_	_	_	_	_	linguistic	_	ContainsVariation=No	_	_	_	_	_	_
629-14	PKP047	629	14	di	di	_	_	_	_	_	linguistic	_	ContainsVariation=No	_	_	_	_	_	_
629-15	PKP047	629	15	spiegare	spiegare	_	_	_	_	_	linguistic	_	ContainsVariation=No	_	_	_	_	_	_
629-16	PKP047	629	16	cos'	cos'	_	_	_	_	_	linguistic	_	ContainsVariation=No	SpaceAfter=No	_	_	_	_	_
629-17	PKP047	629	17	è:	è	_	_	_	_	_	linguistic	_	ContainsVariation=No	_	_	0x1	_	_	_
629-18	PKP047	629	18	cos'	cos'	_	_	_	_	_	linguistic	_	ContainsVariation=No	SpaceAfter=No	_	_	_	_	_
629-19	PKP047	629	19	è	è	_	_	_	_	_	linguistic	_	ContainsVariation=No	_	_	_	_	_	_
629-20	PKP047	629	20	la	la	_	_	_	_	_	linguistic	_	ContainsVariation=No	_	_	_	_	_	_
629-21	PKP047	629	21	dogana	dogana	_	_	_	_	_	linguistic	_	ContainsVariation=No	_	_	_	_	_	_
629-22	PKP047	629	22	cos'	cos'	_	_	_	_	_	linguistic	_	ContainsVariation=No	SpaceAfter=No	_	_	_	_	_
629-23	PKP047	629	23	è	è	_	_	_	_	_	linguistic	_	ContainsVariation=No	_	_	_	_	_	_
629-24	PKP047	629	24	il	il	_	_	_	_	_	linguistic	_	ContainsVariation=No	_	_	_	_	_	_
629-25	PKP047	629	25	diritto	diritto	_	_	_	_	_	linguistic	_	ContainsVariation=No	_	_	_	_	_	_
629-26	PKP047	629	26	doganale~	doganale~	_	_	_	_	_	linguistic	_	ContainsVariation=No	Interrupted=Yes	End=1633.954	_	_	_	_
630-0	PKP039	630	0	questa	questa	_	_	_	_	_	linguistic	_	ContainsVariation=No	_	Begin=1633.954	_	_	_	_
630-1	PKP039	630	1	quella	quella	_	_	_	_	_	linguistic	_	ContainsVariation=No	_	_	_	_	_	_
630-2	PKP039	630	2	di	di	_	_	_	_	_	linguistic	_	ContainsVariation=No	_	_	_	_	_	_
630-3	PKP039	630	3	mesagne	mesagne	_	_	_	_	_	linguistic	_	ContainsVariation=No	_	_	_	_	_	_
630-4	PKP039	630	4	dev'	dev'	_	_	_	_	_	linguistic	_	ContainsVariation=No	SpaceAfter=No	_	_	_	_	_
630-5	PKP039	630	5	essere	essere	_	_	_	_	_	linguistic	_	ContainsVariation=No	_	_	_	_	_	_
630-6	PKP039	630	6	((riferimento_alla_tv))	((riferimento_alla_tv))	_	_	_	_	_	nonverbalbehavior	_	ContainsVariation=No	_	End=1635.07	_	_	_	_
631-0	PKP040	631	0	la	la	_	_	_	_	_	linguistic	_	ContainsVariation=No	_	Begin=1635.37	_	_	_	_
631-1	PKP040	631	1	mamma	mamma	_	_	_	_	_	linguistic	_	ContainsVariation=No	_	_	_	_	_	_
631-2	PKP040	631	2	di	di	_	_	_	_	_	linguistic	_	ContainsVariation=No	_	_	_	_	_	_
631-3	PKP040	631	3	valentina	valentina	_	_	_	_	_	linguistic	_	ContainsVariation=No	_	_	_	_	_	_
631-4	PKP040	631	4	si	si	_	_	_	_	_	linguistic	_	ContainsVariation=No	_	End=1636.49	_	_	_	_
632-0	PKP039	632	0	oggi	oggi	_	_	_	_	_	linguistic	_	ContainsVariation=No	_	Begin=1636.65	_	_	_	_
632-1	PKP039	632	1	faceva	faceva	_	_	_	_	_	linguistic	_	ContainsVariation=No	_	_	_	_	_	_
632-2	PKP039	632	2	ventiquattr'	ventiquattr'	_	_	_	_	_	linguistic	_	ContainsVariation=No	SpaceAfter=No	_	_	_	_	_
632-3	PKP039	632	3	anni	anni	_	_	_	_	_	linguistic	_	ContainsVariation=No	_	End=1637.75	_	_	_	_
633-0	PKP040	633	0	# la	la	_	_	_	_	_	linguistic	_	ContainsVariation=Yes|Variety=Unsure	_	Begin=1638.29	_	_	_	_
633-1	PKP040	633	1	ragazza?	ragazza	_	_	_	_	_	linguistic	_	ContainsVariation=Yes|Variety=Unsure	Intonation=Rising	_	_	_	_	_
633-2	PKP040	633	2	none	none	_	_	_	_	_	linguistic	_	ContainsVariation=Yes|Variety=Unsure	_	End=1639.75	_	_	_	_
634-0	PKP041	634	0	# no::ni	noni	_	_	_	_	_	linguistic	_	ContainsVariation=Yes|Variety=Unsure	_	Begin=1642.09	1x2	_	_	_
634-1	PKP041	634	1	la	la	_	_	_	_	_	linguistic	_	ContainsVariation=Yes|Variety=Unsure	_	_	_	_	_	_
634-2	PKP041	634	2	picc[e::nna	piccenna	_	_	_	_	_	linguistic	_	ContainsVariation=Yes|Variety=Unsure	_	_	4x2	_	_	4-8(187)
634-3	PKP041	634	3	valentina]	valentina	_	_	_	_	_	linguistic	_	ContainsVariation=Yes|Variety=Unsure	_	End=1644.01	_	_	_	0-9(187)
635-0	PKP040	635	0	[ah::	ah	_	_	_	_	_	linguistic	_	ContainsVariation=No	_	Begin=1642.98	1x2	_	_	0-2(187)
635-1	PKP040	635	1	no::]	no	_	_	_	_	_	linguistic	_	ContainsVariation=No	_	_	1x2	_	_	0-2(187)
635-2	PKP040	635	2	[questa]	questa	_	_	_	_	_	linguistic	_	ContainsVariation=No	_	_	_	_	_	0-6(188)
635-3	PKP040	635	3	valentina	valentina	_	_	_	_	_	linguistic	_	ContainsVariation=No	_	_	_	_	_	_
635-4	PKP040	635	4	di	di	_	_	_	_	_	linguistic	_	ContainsVariation=No	_	_	_	_	_	_
635-5	PKP040	635	5	monopoli	monopoli	_	_	_	_	_	linguistic	_	ContainsVariation=No	_	End=1646.0	_	_	_	_
636-0	PKP039	636	0	[ah::]	ah	_	_	_	_	_	linguistic	_	ContainsVariation=No	_	Begin=1644.22|End=1644.79	1x2	_	_	0-2(188)
637-0	PKP041	637	0	ormai	ormai	_	_	_	_	_	linguistic	_	ContainsVariation=No	_	Begin=1648.14	_	_	_	_
637-1	PKP041	637	1	non	non	_	_	_	_	_	linguistic	_	ContainsVariation=No	_	_	_	_	_	_
637-2	PKP041	637	2	parlano	parlano	_	_	_	_	_	linguistic	_	ContainsVariation=No	_	_	_	_	_	_
637-3	PKP041	637	3	proprio	proprio	_	_	_	_	_	linguistic	_	ContainsVariation=No	_	_	_	_	_	_
637-4	PKP041	637	4	più	più	_	_	_	_	_	linguistic	_	ContainsVariation=No	_	_	_	_	_	_
637-5	PKP041	637	5	di	di	_	_	_	_	_	linguistic	_	ContainsVariation=No	_	_	_	_	_	_
637-6	PKP041	637	6	quella	quella	_	_	_	_	_	linguistic	_	ContainsVariation=No	_	_	_	_	_	_
637-7	PKP041	637	7	valentina	valentina	_	_	_	_	_	linguistic	_	ContainsVariation=No	_	End=1650.21	_	_	_	_
638-0	PKP040	638	0	gliel'	gliel'	_	_	_	_	_	linguistic	_	ContainsVariation=No	SpaceAfter=No	Begin=1655.924	_	_	_	_
638-1	PKP040	638	1	hai	hai	_	_	_	_	_	linguistic	_	ContainsVariation=No	_	_	_	_	_	_
638-2	PKP040	638	2	detto::	detto	_	_	_	_	_	linguistic	_	ContainsVariation=No	_	_	4x2	_	_	_
638-3	PKP040	638	3	a	a	_	_	_	_	_	linguistic	_	ContainsVariation=No	_	_	_	_	_	_
638-4	PKP040	638	4	maura	maura	_	_	_	_	_	linguistic	_	ContainsVariation=No	_	_	_	_	_	_
638-5	PKP040	638	5	che	che	_	_	_	_	_	linguistic	_	ContainsVariation=No	_	_	_	_	_	_
638-6	PKP040	638	6	avevamo	avevamo	_	_	_	_	_	linguistic	_	ContainsVariation=No	_	_	_	_	_	_
638-7	PKP040	638	7	girato	girato	_	_	_	_	_	linguistic	_	ContainsVariation=No	_	_	_	_	_	_
638-8	PKP040	638	8	e	e	_	_	_	_	_	linguistic	_	ContainsVariation=No	_	_	_	_	_	_
638-9	PKP040	638	9	stava::	stava	_	_	_	_	_	linguistic	_	ContainsVariation=No	_	_	4x2	_	_	_
638-10	PKP040	638	10	margherita?	margherita	_	_	_	_	_	linguistic	_	ContainsVariation=No	Intonation=Rising	End=1659.5	_	_	_	_
639-0	PKP040	639	0	no?	no	_	_	_	_	_	linguistic	_	ContainsVariation=No	Intonation=Rising	Begin=1661.3	_	_	_	_
639-1	PKP040	639	1	margherita	margherita	_	_	_	_	_	linguistic	_	ContainsVariation=No	_	_	_	_	_	_
639-2	PKP040	639	2	[mariate]resa,	mariateresa	_	_	_	_	_	linguistic	_	ContainsVariation=No	Intonation=WeaklyRising	_	_	_	_	0-7(189)
639-3	PKP040	639	3	come	come	_	_	_	_	_	linguistic	_	ContainsVariation=No	_	_	_	_	_	_
639-4	PKP040	639	4	si	si	_	_	_	_	_	linguistic	_	ContainsVariation=No	_	_	_	_	_	_
639-5	PKP040	639	5	chia~	chia~	_	_	_	_	_	linguistic	_	ContainsVariation=No	Interrupted=Yes	End=1663.22	_	_	_	_
640-0	PKP041	640	0	[dove]	dove	_	_	_	_	_	linguistic	_	ContainsVariation=No	_	Begin=1662.13|End=1662.58	_	_	_	0-4(189)
641-0	PKP039	641	0	margherita	margherita	_	_	_	_	_	linguistic	_	ContainsVariation=No	_	Begin=1663.8|End=1664.23	_	_	_	_
642-0	PKP040	642	0	ah:	ah	_	_	_	_	_	linguistic	_	ContainsVariation=No	_	Begin=1664.931	1x1	_	_	_
642-1	PKP040	642	1	oggi	oggi	_	_	_	_	_	linguistic	_	ContainsVariation=No	_	_	_	_	_	_
642-2	PKP040	642	2	che	che	_	_	_	_	_	linguistic	_	ContainsVariation=No	_	_	_	_	_	_
642-3	PKP040	642	3	avevo	avevo	_	_	_	_	_	linguistic	_	ContainsVariation=No	_	_	_	_	_	_
642-4	PKP040	642	4	io	io	_	_	_	_	_	linguistic	_	ContainsVariation=No	_	_	_	_	_	_
642-5	PKP040	642	5	avevo	avevo	_	_	_	_	_	linguistic	_	ContainsVariation=No	_	_	_	_	_	_
642-6	PKP040	642	6	messo	messo	_	_	_	_	_	linguistic	_	ContainsVariation=No	_	_	_	_	_	_
642-7	PKP040	642	7	a	a	_	_	_	_	_	linguistic	_	ContainsVariation=No	_	_	_	_	_	_
642-8	PKP040	642	8	(u)na	una	_	_	_	_	_	linguistic	_	ContainsVariation=No	_	_	_	_	0-1(0)	_
642-9	PKP040	642	9	parte	parte	_	_	_	_	_	linguistic	_	ContainsVariation=No	_	_	_	_	_	_
642-10	PKP040	642	10	papà	papà	_	_	_	_	_	linguistic	_	ContainsVariation=No	_	_	_	_	_	_
642-11	PKP040	642	11	ha	ha	_	_	_	_	_	linguistic	_	ContainsVariation=No	_	_	_	_	_	_
642-12	PKP040	642	12	detto	detto	_	_	_	_	_	linguistic	_	ContainsVariation=No	_	_	_	_	_	_
642-13	PKP040	642	13	no::	no	_	_	_	_	_	linguistic	_	ContainsVariation=No	_	_	1x2	_	_	_
642-14	PKP040	642	14	cambiamo	cambiamo	_	_	_	_	_	linguistic	_	ContainsVariation=No	_	End=1668.171	_	_	_	_
643-0	PKP040	643	0	no::	no	_	_	_	_	_	linguistic	_	ContainsVariation=No	_	Begin=1668.41	1x2	_	_	_
643-1	PKP040	643	1	dai	dai	_	_	_	_	_	linguistic	_	ContainsVariation=No	_	_	_	_	_	_
643-2	PKP040	643	2	mettiamo	mettiamo	_	_	_	_	_	linguistic	_	ContainsVariation=No	_	_	_	_	_	_
643-3	PKP040	643	3	a	a	_	_	_	_	_	linguistic	_	ContainsVariation=No	_	_	_	_	_	_
643-4	PKP040	643	4	rai	rai	_	_	_	_	_	linguistic	_	ContainsVariation=No	_	_	_	_	_	_
643-5	PKP040	643	5	tre	tre	_	_	_	_	_	linguistic	_	ContainsVariation=No	_	_	_	_	_	_
643-6	PKP040	643	6	>ho	ho	_	_	_	_	_	linguistic	_	ContainsVariation=No	_	_	_	Fast=0-2(0)	_	_
643-7	PKP040	643	7	detto<	detto	_	_	_	_	_	linguistic	_	ContainsVariation=No	_	_	_	Fast=0-5(0)	_	_
643-8	PKP040	643	8	ma	ma	_	_	_	_	_	linguistic	_	ContainsVariation=No	_	_	_	_	_	_
643-9	PKP040	643	9	il	il	_	_	_	_	_	linguistic	_	ContainsVariation=No	_	_	_	_	_	_
643-10	PKP040	643	10	regionale	regionale	_	_	_	_	_	linguistic	_	ContainsVariation=No	_	_	_	_	_	_
643-11	PKP040	643	11	sta	sta	_	_	_	_	_	linguistic	_	ContainsVariation=No	_	_	_	_	_	_
643-12	PKP040	643	12	finendo	finendo	_	_	_	_	_	linguistic	_	ContainsVariation=No	_	End=1671.523	_	_	_	_
644-0	PKP040	644	0	giriamo	giriamo	_	_	_	_	_	linguistic	_	ContainsVariation=No	_	Begin=1672.066	_	_	_	_
644-1	PKP040	644	1	e	e	_	_	_	_	_	linguistic	_	ContainsVariation=No	_	_	_	_	_	_
644-2	PKP040	644	2	stava	stava	_	_	_	_	_	linguistic	_	ContainsVariation=No	_	_	_	_	_	_
644-3	PKP040	644	3	parlando	parlando	_	_	_	_	_	linguistic	_	ContainsVariation=No	_	_	_	_	_	_
644-4	PKP040	644	4	la	la	_	_	_	_	_	linguistic	_	ContainsVariation=No	_	_	_	_	_	_
644-5	PKP040	644	5	cugina	cugina	_	_	_	_	_	linguistic	_	ContainsVariation=No	_	_	_	_	_	_
644-6	PKP040	644	6	di	di	_	_	_	_	_	linguistic	_	ContainsVariation=No	_	_	_	_	_	_
644-7	PKP040	644	7	zio::	zio	_	_	_	_	_	linguistic	_	ContainsVariation=No	_	_	2x2	_	_	_
644-8	PKP040	644	8	paolo	paolo	_	_	_	_	_	linguistic	_	ContainsVariation=No	_	_	_	_	_	_
644-9	PKP040	644	9	[quella::]	quella	_	_	_	_	_	linguistic	_	ContainsVariation=No	_	End=1675.2	5x2	_	_	0-6(190)
645-0	PKP041	645	0	[ah::]	ah	_	_	_	_	_	linguistic	_	ContainsVariation=No	_	Begin=1675.009	1x2	_	_	0-2(190)
645-1	PKP041	645	1	quella	quella	_	_	_	_	_	linguistic	_	ContainsVariation=No	_	_	_	_	_	_
645-2	PKP041	645	2	che	che	_	_	_	_	_	linguistic	_	ContainsVariation=No	_	_	_	_	_	_
645-3	PKP041	645	3	sa	sa	_	_	_	_	_	linguistic	_	ContainsVariation=No	_	_	_	_	_	_
645-4	PKP041	645	4	tante	tante	_	_	_	_	_	linguistic	_	ContainsVariation=No	_	_	_	_	_	_
645-5	PKP041	645	5	cos[e]	cose	_	_	_	_	_	linguistic	_	ContainsVariation=No	_	End=1676.2	_	_	_	3-4(191)
646-0	PKP040	646	0	[s]ì	sì	_	_	_	_	_	linguistic	_	ContainsVariation=No	_	Begin=1676.195	_	_	_	0-1(191)
646-1	PKP040	646	1	che	che	_	_	_	_	_	linguistic	_	ContainsVariation=No	_	_	_	_	_	_
646-2	PKP040	646	2	è	è	_	_	_	_	_	linguistic	_	ContainsVariation=No	_	_	_	_	_	_
646-3	PKP040	646	3	una:::	una	_	_	_	_	_	linguistic	_	ContainsVariation=No	_	_	2x3	_	_	_
646-4	PKP040	646	4	m::	m	_	_	_	_	_	linguistic	_	ContainsVariation=No	PauseAfter=Yes	_	0x2	_	_	_
646-5	PKP040	646	5	(.)	(.)	_	_	_	_	_	shortpause	_	ContainsVariation=No	_	_	_	_	_	_
646-6	PKP040	646	6	presiede	presiede	_	_	_	_	_	linguistic	_	ContainsVariation=No	_	_	_	_	_	_
646-7	PKP040	646	7	una::::	una	_	_	_	_	_	linguistic	_	ContainsVariation=No	_	_	2x4	_	_	_
646-8	PKP040	646	8	un'	un'	_	_	_	_	_	linguistic	_	ContainsVariation=No	SpaceAfter=No	_	_	_	_	_
646-9	PKP040	646	9	associazio::ne	associazione	_	_	_	_	_	linguistic	_	ContainsVariation=No	_	_	9x2	_	_	_
646-10	PKP040	646	10	non	non	_	_	_	_	_	linguistic	_	ContainsVariation=No	_	_	_	_	_	_
646-11	PKP040	646	11	so	so	_	_	_	_	_	linguistic	_	ContainsVariation=No	_	End=1682.02	_	_	_	_
647-0	PKP040	647	0	alza	alza	_	_	_	_	_	linguistic	_	ContainsVariation=No	_	Begin=1688.25	_	_	_	_
647-1	PKP040	647	1	un	un	_	_	_	_	_	linguistic	_	ContainsVariation=No	_	_	_	_	_	_
647-2	PKP040	647	2	po'	po'	_	_	_	_	_	linguistic	_	ContainsVariation=No	_	_	_	_	_	_
647-3	PKP040	647	3	pa',	pa'	_	_	_	_	_	linguistic	_	ContainsVariation=No	Intonation=WeaklyRising|Truncated=Yes	End=1688.85	_	_	_	_
648-0	PKP040	648	0	ah	ah	_	_	_	_	_	linguistic	_	ContainsVariation=No	_	Begin=1694.67	_	_	_	_
648-1	PKP040	648	1	questo	questo	_	_	_	_	_	linguistic	_	ContainsVariation=No	_	_	_	_	_	_
648-2	PKP040	648	2	è	è	_	_	_	_	_	linguistic	_	ContainsVariation=No	_	_	_	_	_	_
648-3	PKP040	648	3	pinu:ccio	pinuccio	_	_	_	_	_	linguistic	_	ContainsVariation=No	_	_	3x1	_	_	_
648-4	PKP040	648	4	((riferimento_alla_tv))	((riferimento_alla_tv))	_	_	_	_	_	nonverbalbehavior	_	ContainsVariation=No	_	End=1695.82	_	_	_	_
649-0	PKP041	649	0	pinuccio	pinuccio	_	_	_	_	_	linguistic	_	ContainsVariation=No	_	Begin=1698.113	_	_	_	_
649-1	PKP041	649	1	rispondi	rispondi	_	_	_	_	_	linguistic	_	ContainsVariation=No	_	End=1699.089	_	_	_	_
650-0	PKP047	650	0	pnuccio	pnuccio	_	_	_	_	_	linguistic	_	ContainsVariation=No	_	Begin=1700.45|End=1701.01	_	_	_	_
651-0	PKP039	651	0	puoi	puoi	_	_	_	_	_	linguistic	_	ContainsVariation=No	_	Begin=1704.38	_	_	_	_
651-1	PKP039	651	1	gioca::re	giocare	_	_	_	_	_	linguistic	_	ContainsVariation=No	_	End=1705.277	4x2	_	_	_
652-0	PKP040	652	0	non	non	_	_	_	_	_	linguistic	_	ContainsVariation=No	_	Begin=1754.93	_	_	_	_
652-1	PKP040	652	1	ho	ho	_	_	_	_	_	linguistic	_	ContainsVariation=No	_	_	_	_	_	_
652-2	PKP040	652	2	capito	capito	_	_	_	_	_	linguistic	_	ContainsVariation=No	_	_	_	_	_	_
652-3	PKP040	652	3	qual	qual	_	_	_	_	_	linguistic	_	ContainsVariation=No	_	_	_	_	_	_
652-4	PKP040	652	4	è:	è	_	_	_	_	_	linguistic	_	ContainsVariation=No	_	_	0x1	_	_	_
652-5	PKP040	652	5	il	il	_	_	_	_	_	linguistic	_	ContainsVariation=No	_	_	_	_	_	_
652-6	PKP040	652	6	problema	problema	_	_	_	_	_	linguistic	_	ContainsVariation=No	_	End=1756.53	_	_	_	_
653-0	PKP039	653	0	hanno	hanno	_	_	_	_	_	linguistic	_	ContainsVariation=No	_	Begin=1759.31	_	_	_	_
653-1	PKP039	653	1	trovato:::	trovato	_	_	_	_	_	linguistic	_	ContainsVariation=No	PauseAfter=Yes	_	6x3	_	_	_
653-2	PKP039	653	2	(.)	(.)	_	_	_	_	_	shortpause	_	ContainsVariation=No	_	_	_	_	_	_
653-3	PKP039	653	3	un	un	_	_	_	_	_	linguistic	_	ContainsVariation=No	_	_	_	_	_	_
653-4	PKP039	653	4	farmaco	farmaco	_	_	_	_	_	linguistic	_	ContainsVariation=No	_	End=1761.91	_	_	_	_
654-0	PKP040	654	0	[però]	però	_	_	_	_	_	linguistic	_	ContainsVariation=No	_	Begin=1763.913	_	_	_	0-4(193)
654-1	PKP040	654	1	non	non	_	_	_	_	_	linguistic	_	ContainsVariation=No	_	_	_	_	_	_
654-2	PKP040	654	2	può	può	_	_	_	_	_	linguistic	_	ContainsVariation=No	_	_	_	_	_	_
654-3	PKP040	654	3	accedere	accedere	_	_	_	_	_	linguistic	_	ContainsVariation=No	_	_	_	_	_	_
654-4	PKP040	654	4	a	a	_	_	_	_	_	linguistic	_	ContainsVariation=No	_	_	_	_	_	_
654-5	PKP040	654	5	questo	questo	_	_	_	_	_	linguistic	_	ContainsVariation=No	_	_	_	_	_	_
654-6	PKP040	654	6	farmaco	farmaco	_	_	_	_	_	linguistic	_	ContainsVariation=No	_	_	_	_	_	_
654-7	PKP040	654	7	per	per	_	_	_	_	_	linguistic	_	ContainsVariation=No	_	_	_	_	_	_
654-8	PKP040	654	8	che	che	_	_	_	_	_	linguistic	_	ContainsVariation=No	_	_	_	_	_	_
654-9	PKP040	654	9	cosa	cosa	_	_	_	_	_	linguistic	_	ContainsVariation=No	PauseAfter=Yes	_	_	_	_	_
654-10	PKP040	654	10	(.)	(.)	_	_	_	_	_	shortpause	_	ContainsVariation=No	_	_	_	_	_	_
654-11	PKP040	654	11	[per	per	_	_	_	_	_	linguistic	_	ContainsVariation=No	_	_	_	_	_	0-3(192)
654-12	PKP040	654	12	un'	un'	_	_	_	_	_	linguistic	_	ContainsVariation=No	SpaceAfter=No	_	_	_	_	0-3(192)
654-13	PKP040	654	13	errata	errata	_	_	_	_	_	linguistic	_	ContainsVariation=No	_	_	_	_	_	0-6(192)
654-14	PKP040	654	14	dia]:gnosi	diagnosi	_	_	_	_	_	linguistic	_	ContainsVariation=No	_	End=1768.01	2x1	_	_	0-3(192)
655-0	PKP039	655	0	[non	non	_	_	_	_	_	linguistic	_	ContainsVariation=No	_	Begin=1763.93	_	_	_	0-3(193)
655-1	PKP039	655	1	pos]	pos	_	_	_	_	_	linguistic	_	ContainsVariation=No	_	End=1764.4	_	_	_	0-3(193)
656-0	PKP039	656	0	[xxxx]	xxxx	_	_	_	_	_	unknown	_	ContainsVariation=No	Syllables=4	Begin=1766.75|End=1767.7	_	_	_	0-4(192)
657-0	PKP041	657	0	beh	beh	_	_	_	_	_	linguistic	_	ContainsVariation=No	_	Begin=1859.07|End=1859.36	_	_	_	_
658-0	PKP040	658	0	hai	hai	_	_	_	_	_	linguistic	_	ContainsVariation=No	_	Begin=1861.665	_	_	_	_
658-1	PKP040	658	1	fatto	fatto	_	_	_	_	_	linguistic	_	ContainsVariation=No	_	_	_	_	_	_
658-2	PKP040	658	2	no?	no	_	_	_	_	_	linguistic	_	ContainsVariation=No	Intonation=Rising	End=1862.528	_	_	_	_
659-0	PKP041	659	0	°finiamo°	finiamo	_	_	_	_	_	linguistic	_	ContainsVariation=No	Volume=low	Begin=1862.91|End=1863.42	_	_	_	_
660-0	PKP040	660	0	cos(a)?	cosa	_	_	_	_	_	linguistic	_	ContainsVariation=No	Intonation=Rising	Begin=1864.06|End=1864.45	_	_	3-4(0)	_
661-0	PKP041	661	0	finia[mo]	finiamo	_	_	_	_	_	linguistic	_	ContainsVariation=No	_	Begin=1864.67|End=1865.01	_	_	_	5-7(194)
662-0	PKP040	662	0	[ah]	ah	_	_	_	_	_	linguistic	_	ContainsVariation=No	_	Begin=1864.972	_	_	_	0-2(194)
662-1	PKP040	662	1	si	si	_	_	_	_	_	linguistic	_	ContainsVariation=No	_	_	_	_	_	_
662-2	PKP040	662	2	si	si	_	_	_	_	_	linguistic	_	ContainsVariation=No	_	End=1865.7	_	_	_	_
663-0	PKP040	663	0	beh	beh	_	_	_	_	_	linguistic	_	ContainsVariation=No	_	Begin=1867.26	_	_	_	_
663-1	PKP040	663	1	dai	dai	_	_	_	_	_	linguistic	_	ContainsVariation=No	PauseAfter=Yes	_	_	_	_	_
663-2	PKP040	663	2	(.)	(.)	_	_	_	_	_	shortpause	_	ContainsVariation=No	_	_	_	_	_	_
663-3	PKP040	663	3	mandiamo	mandiamo	_	_	_	_	_	linguistic	_	ContainsVariation=No	_	_	_	_	_	_
663-4	PKP040	663	4	dai	dai	_	_	_	_	_	linguistic	_	ContainsVariation=No	_	_	_	_	_	_
663-5	PKP040	663	5	basta	basta	_	_	_	_	_	linguistic	_	ContainsVariation=No	_	End=1869.106	_	_	_	_
664-0	PKP041	664	0	((ride))	((ride))	_	_	_	_	_	nonverbalbehavior	_	ContainsVariation=No	_	Begin=1869.8|End=1870.9	_	_	_	_
665-0	PKP040	665	0	sparecchiamo	sparecchiamo	_	_	_	_	_	linguistic	_	ContainsVariation=No	_	Begin=1870.306|End=1871.076	_	_	_	_
