token_id	speaker	tu_id	unit	id	span	form	lemma	upos	xpos	feats	deprel	type	meta_label	variation	jefferson_feats	align	prolongations	pace	guesses	overlaps
0-0	PKP125	0	0	0	okay	okay	_	_	_	_	_	linguistic	_	none	_	Begin=1.17	_	_	_	_
0-1	PKP125	0	0	1	dai	dai	_	_	_	_	_	linguistic	_	none	_	End=1.847	_	_	_	_
1-0	PKP125	1	1	0	che	che	_	_	_	_	_	linguistic	_	none	_	Begin=3.591	_	_	_	_
1-1	PKP125	1	1	1	ti	ti	_	_	_	_	_	linguistic	_	none	_	_	_	_	_	_
1-2	PKP125	1	1	2	serve	serve	_	_	_	_	_	linguistic	_	none	_	_	_	_	_	_
1-3	PKP125	1	1	3	il	il	_	_	_	_	_	linguistic	_	none	_	_	_	_	_	_
1-4	PKP125	1	1	4	coltello?	coltello	_	_	_	_	_	linguistic	_	none	Intonation=Rising	End=4.709	_	_	_	_
2-0	PKP131	2	2	0	sì	sì	_	_	_	_	_	linguistic	_	none	_	Begin=5.73|End=6.068	_	_	_	_
3-0	PKP131	3	3	0	(to)	to	_	_	_	_	_	linguistic	_	none	_	Begin=9.05|End=9.403	_	_	0-2(0)	_
4-0	PKP125	4	4	0	°ecco	ecco	_	_	_	_	_	linguistic	_	none	Volume=low	Begin=13.522	_	_	_	_
4-1	PKP125	4	4	1	qua°	qua	_	_	_	_	_	linguistic	_	none	Volume=low	End=14.004	_	_	_	_
5-0	PKP125	5	5	0	ma	ma	_	_	_	_	_	linguistic	_	none	_	Begin=15.206	_	_	_	_
5-1	PKP125	5	5	1	cosa	cosa	_	_	_	_	_	linguistic	_	none	_	_	_	_	_	_
5-2	PKP125	5	5	2	vuoi?	vuoi	_	_	_	_	_	linguistic	_	none	Intonation=Rising	End=15.857	_	_	_	_
6-0	PKP125	6	6	0	sai	sai	_	_	_	_	_	linguistic	_	none	_	Begin=16.236	_	_	_	_
6-1	PKP125	6	6	1	questo	questo	_	_	_	_	_	linguistic	_	none	_	_	_	_	_	_
6-2	PKP125	6	6	2	com'	com'	_	_	_	_	_	linguistic	_	none	SpaceAfter=No	_	_	_	_	_
6-3	PKP125	6	6	3	è	è	_	_	_	_	_	linguistic	_	none	_	_	_	_	_	_
6-4	PKP125	6	6	4	buono	buono	_	_	_	_	_	linguistic	_	none	_	_	_	_	_	_
6-5	PKP125	6	6	5	squagliato	squagliato	_	_	_	_	_	linguistic	_	none	_	_	_	_	_	_
6-6	PKP125	6	6	6	sulla::	sulla	_	_	_	_	_	linguistic	_	none	_	End=18.718	4x2	_	_	_
7-0	PKP125	7	7	0	sulla	sulla	_	_	_	_	_	linguistic	_	none	_	Begin=18.77	_	_	_	_
7-1	PKP125	7	7	1	cosa	cosa	_	_	_	_	_	linguistic	_	none	_	End=19.33	_	_	_	_
8-0	PKP125	8	8	0	te	te	_	_	_	_	_	linguistic	_	none	_	Begin=19.39	_	_	_	_
8-1	PKP125	8	8	1	lo	lo	_	_	_	_	_	linguistic	_	none	_	_	_	_	_	_
8-2	PKP125	8	8	2	sei	sei	_	_	_	_	_	linguistic	_	none	_	_	_	_	_	_
8-3	PKP125	8	8	3	mai	mai	_	_	_	_	_	linguistic	_	none	_	_	_	_	_	_
8-4	PKP125	8	8	4	mangiato?	mangiato	_	_	_	_	_	linguistic	_	none	Intonation=Rising	End=20.344	_	_	_	_
9-0	PKP131	9	9	0	sulla:?	sulla	_	_	_	_	_	linguistic	_	none	Intonation=Rising	Begin=20.364|End=20.802	4x1	_	_	_
10-0	PKP125	10	10	0	sulla::	sulla	_	_	_	_	_	linguistic	_	none	PauseAfter=Yes	Begin=21.359	4x2	_	_	_
10-1	PKP125	10	10	1	{P}	{P}	_	_	_	_	_	shortpause	_	none	_	_	_	_	_	_
10-2	PKP125	10	10	2	sulla	sulla	_	_	_	_	_	linguistic	_	none	_	_	_	_	_	_
10-3	PKP125	10	10	3	padella:	padella	_	_	_	_	_	linguistic	_	none	_	End=22.896	6x1	_	_	_
11-0	PKP125	11	11	0	il	il	_	_	_	_	_	linguistic	_	none	_	Begin=23.3	_	_	_	_
11-1	PKP125	11	11	1	caciocavallo	caciocavallo	_	_	_	_	_	linguistic	_	none	_	_	_	_	_	_
11-2	PKP125	11	11	2	squagliato	squagliato	_	_	_	_	_	linguistic	_	none	_	_	_	_	_	_
11-3	PKP125	11	11	3	te	te	_	_	_	_	_	linguistic	_	none	_	_	_	_	_	_
11-4	PKP125	11	11	4	lo	lo	_	_	_	_	_	linguistic	_	none	_	_	_	_	_	_
11-5	PKP125	11	11	5	sei	sei	_	_	_	_	_	linguistic	_	none	_	_	_	_	_	_
11-6	PKP125	11	11	6	mai	mai	_	_	_	_	_	linguistic	_	none	_	_	_	_	_	_
11-7	PKP125	11	11	7	mangia[to]?	mangiato	_	_	_	_	_	linguistic	_	none	Intonation=Rising	End=25.379	_	_	_	6-8(1)
12-0	PKP131	12	12	0	[m]:h	mh	_	_	_	_	_	linguistic	_	none	_	Begin=25.177|End=25.689	0x1	_	_	0-1(1)
13-0	PKP125	13	13	0	marò	marò	_	_	_	_	_	linguistic	_	none	_	Begin=26.492|End=26.93	_	_	_	_
14-0	PKP125	14	14	0	che	che	_	_	_	_	_	linguistic	_	none	_	Begin=27.684	_	_	_	_
14-1	PKP125	14	14	1	buono	buono	_	_	_	_	_	linguistic	_	none	_	End=28.137	_	_	_	_
15-0	PKP125	15	15	0	alla	alla	_	_	_	_	_	linguistic	_	none	_	Begin=32.103	_	_	_	_
15-1	PKP125	15	15	1	nostra	nostra	_	_	_	_	_	linguistic	_	none	_	End=32.793	_	_	_	_
16-0	PKP131	16	16	0	{ride}	{ride}	_	_	_	_	_	nonverbalbehavior	_	none	_	Begin=33.197|End=33.684	_	_	_	_
17-0	PKP131	17	17	0	un	un	_	_	_	_	_	linguistic	_	none	_	Begin=38.241	_	_	_	_
17-1	PKP131	17	17	1	po'	po'	_	_	_	_	_	linguistic	_	none	_	_	_	_	_	_
17-2	PKP131	17	17	2	xx	xx	_	_	_	_	_	unknown	_	none	Syllables=2	_	_	_	_	_
17-3	PKP131	17	17	3	questo	questo	_	_	_	_	_	linguistic	_	none	_	_	_	_	_	_
17-4	PKP131	17	17	4	vin(o)	vino	_	_	_	_	_	linguistic	_	none	_	End=39.532	_	_	3-4(0)	_
18-0	PKP125	18	18	0	che	che	_	_	_	_	_	linguistic	_	none	_	Begin=40.118	_	_	_	_
18-1	PKP125	18	18	1	c'	c'	_	_	_	_	_	linguistic	_	none	SpaceAfter=No	_	_	_	_	_
18-2	PKP125	18	18	2	hanno	hanno	_	_	_	_	_	linguistic	_	none	_	_	_	_	_	_
18-3	PKP125	18	18	3	messo	messo	_	_	_	_	_	linguistic	_	none	_	_	_	_	_	_
18-4	PKP125	18	18	4	il	il	_	_	_	_	_	linguistic	_	none	_	_	_	_	_	_
18-5	PKP125	18	18	5	ghiaccio	ghiaccio	_	_	_	_	_	linguistic	_	none	_	_	_	_	_	_
18-6	PKP125	18	18	6	ma	ma	_	_	_	_	_	linguistic	_	none	_	End=41.453	_	_	_	_
19-0	PKP125	19	19	0	tutto	tutto	_	_	_	_	_	linguistic	_	none	_	Begin=42.418	_	_	_	_
19-1	PKP125	19	19	1	okay?	okay	_	_	_	_	_	linguistic	_	none	Intonation=Rising	End=43.428	_	_	_	_
20-0	PKP125	20	20	0	non	non	_	_	_	_	_	linguistic	_	none	_	Begin=46.418	_	_	_	_
20-1	PKP125	20	20	1	sono	sono	_	_	_	_	_	linguistic	_	none	_	_	_	_	_	_
20-2	PKP125	20	20	2	né	né	_	_	_	_	_	linguistic	_	none	_	_	_	_	_	_
20-3	PKP125	20	20	3	felice	felice	_	_	_	_	_	linguistic	_	none	_	_	_	_	_	_
20-4	PKP125	20	20	4	né	né	_	_	_	_	_	linguistic	_	none	_	_	_	_	_	_
20-5	PKP125	20	20	5	°infelice°	infelice	_	_	_	_	_	linguistic	_	none	Volume=low	End=47.911	_	_	_	_
21-0	PKP131	21	21	0	ci	ci	_	_	_	_	_	linguistic	_	none	_	Begin=48.64	_	_	_	_
21-1	PKP131	21	21	1	voleva	voleva	_	_	_	_	_	linguistic	_	none	_	_	_	_	_	_
21-2	PKP131	21	21	2	la	la	_	_	_	_	_	linguistic	_	none	_	_	_	_	_	_
21-3	PKP131	21	21	3	percoca	percoca	_	_	_	_	_	linguistic	_	none	_	End=49.625	_	_	_	_
22-0	PKP125	22	22	0	e::h	eh	_	_	_	_	_	linguistic	_	none	_	Begin=50.724	0x2	_	_	_
22-1	PKP125	22	22	1	ma	ma	_	_	_	_	_	linguistic	_	none	_	_	_	_	_	_
22-2	PKP125	22	22	2	non	non	_	_	_	_	_	linguistic	_	none	_	_	_	_	_	_
22-3	PKP125	22	22	3	l'	l'	_	_	_	_	_	linguistic	_	none	SpaceAfter=No	_	_	_	_	_
22-4	PKP125	22	22	4	ho	ho	_	_	_	_	_	linguistic	_	none	_	_	_	_	_	_
22-5	PKP125	22	22	5	messa	messa	_	_	_	_	_	linguistic	_	none	_	_	_	_	_	_
22-6	PKP125	22	22	6	perché	perché	_	_	_	_	_	linguistic	_	none	_	_	_	_	_	_
22-7	PKP125	22	22	7	io:	io	_	_	_	_	_	linguistic	_	none	_	End=52.356	1x1	_	_	_
23-0	PKP125	23	23	0	mo	mo	_	_	_	_	_	linguistic	_	none	_	Begin=52.384	_	_	_	_
23-1	PKP125	23	23	1	io	io	_	_	_	_	_	linguistic	_	none	_	_	_	_	_	_
23-2	PKP125	23	23	2	sono	sono	_	_	_	_	_	linguistic	_	none	_	_	_	_	_	_
23-3	PKP125	23	23	3	intieramente	intieramente	_	_	_	_	_	linguistic	_	none	_	_	_	_	_	_
23-4	PKP125	23	23	4	xx[x]	xxx	_	_	_	_	_	unknown	_	none	Syllables=3	End=53.995	_	_	_	2-3(4)
24-0	PKP131	24	24	0	[no]	no	_	_	_	_	_	linguistic	_	none	_	Begin=53.886	_	_	_	0-2(4)
24-1	PKP131	24	24	1	non	non	_	_	_	_	_	linguistic	_	none	_	_	_	_	_	_
24-2	PKP131	24	24	2	(sai	sai	_	_	_	_	_	linguistic	_	none	_	_	_	_	0-3(0)	_
24-3	PKP131	24	24	3	leggere	leggere	_	_	_	_	_	linguistic	_	none	_	_	_	_	0-7(0)	_
24-4	PKP131	24	24	4	tipo)	tipo	_	_	_	_	_	linguistic	_	none	_	End=55.142	_	_	0-4(0)	_
25-0	PKP125	25	25	0	[e:h]	eh	_	_	_	_	_	linguistic	_	none	PauseAfter=Yes	Begin=55.896	0x1	_	_	0-2(5)
25-1	PKP125	25	25	1	{P}	{P}	_	_	_	_	_	shortpause	_	none	_	_	_	_	_	_
25-2	PKP125	25	25	2	una	una	_	_	_	_	_	linguistic	_	none	_	_	_	_	_	_
25-3	PKP125	25	25	3	volta::	volta	_	_	_	_	_	linguistic	_	none	_	End=57.0	4x2	_	_	_
26-0	PKP131	26	26	0	[x]	x	_	_	_	_	_	unknown	_	none	Syllables=1	Begin=55.955|End=56.098	_	_	_	0-1(5)
27-0	PKP125	27	27	0	l'	l'	_	_	_	_	_	linguistic	_	none	SpaceAfter=No	Begin=57.078	_	_	_	_
27-1	PKP125	27	27	1	ho	ho	_	_	_	_	_	linguistic	_	none	_	_	_	_	_	_
27-2	PKP125	27	27	2	mangiata	mangiata	_	_	_	_	_	linguistic	_	none	_	End=57.763	_	_	_	_
28-0	PKP131	28	28	0	mi	mi	_	_	_	_	_	linguistic	_	none	_	Begin=58.497	_	_	_	_
28-1	PKP131	28	28	1	ricordo	ricordo	_	_	_	_	_	linguistic	_	none	_	_	_	_	_	_
28-2	PKP131	28	28	2	che:	che	_	_	_	_	_	linguistic	_	none	_	End=59.463	2x1	_	_	_
29-0	PKP131	29	29	0	(ne	ne	_	_	_	_	_	linguistic	_	none	_	Begin=59.539	_	_	0-2(0)	_
29-1	PKP131	29	29	1	ha	ha	_	_	_	_	_	linguistic	_	none	_	_	_	_	0-2(0)	_
29-2	PKP131	29	29	2	bisogno	bisogno	_	_	_	_	_	linguistic	_	none	_	_	_	_	0-7(0)	_
29-3	PKP131	29	29	3	xx)	xx	_	_	_	_	_	unknown	_	none	Syllables=2	End=60.566	_	_	0-2(0)	_
30-0	PKP125	30	30	0	c'	c'	_	_	_	_	_	linguistic	_	none	SpaceAfter=No	Begin=61.463	_	_	_	_
30-1	PKP125	30	30	1	eri	eri	_	_	_	_	_	linguistic	_	none	_	_	_	_	_	_
30-2	PKP125	30	30	2	pure	pure	_	_	_	_	_	linguistic	_	none	_	_	_	_	_	_
30-3	PKP125	30	30	3	tu	tu	_	_	_	_	_	linguistic	_	none	_	_	_	_	_	_
30-4	PKP125	30	30	4	quel	quel	_	_	_	_	_	linguistic	_	none	_	_	_	_	_	_
30-5	PKP125	30	30	5	giorno?	giorno	_	_	_	_	_	linguistic	_	none	Intonation=Rising	End=62.694	_	_	_	_
31-0	PKP131	31	31	0	no:	no	_	_	_	_	_	linguistic	_	none	_	Begin=62.743	1x1	_	_	_
31-1	PKP131	31	31	1	però	però	_	_	_	_	_	linguistic	_	none	_	_	_	_	_	_
31-2	PKP131	31	31	2	me	me	_	_	_	_	_	linguistic	_	none	_	_	_	_	_	_
31-3	PKP131	31	31	3	lo	lo	_	_	_	_	_	linguistic	_	none	_	_	_	_	_	_
31-4	PKP131	31	31	4	raccontasti	raccontasti	_	_	_	_	_	linguistic	_	none	_	End=64.403	_	_	_	_
32-0	PKP131	32	32	0	sei	sei	_	_	_	_	_	linguistic	_	none	_	Begin=66.187	_	_	_	_
32-1	PKP131	32	32	1	xx	xx	_	_	_	_	_	unknown	_	none	Syllables=2	End=66.714	_	_	_	_
33-0	PKP125	33	33	0	guarda	guarda	_	_	_	_	_	linguistic	_	none	_	Begin=67.778	_	_	_	_
33-1	PKP125	33	33	1	(lui	lui	_	_	_	_	_	linguistic	_	none	_	_	_	_	0-3(0)	_
33-2	PKP125	33	33	2	è	è	_	_	_	_	_	linguistic	_	none	_	_	_	_	0-1(0)	_
33-3	PKP125	33	33	3	andato)	andato	_	_	_	_	_	linguistic	_	none	_	_	_	_	0-6(0)	_
33-4	PKP125	33	33	4	giù	giù	_	_	_	_	_	linguistic	_	none	_	_	_	_	_	_
33-5	PKP125	33	33	5	all'	all'	_	_	_	_	_	linguistic	_	none	SpaceAfter=No	_	_	_	_	_
33-6	PKP125	33	33	6	ospedale	ospedale	_	_	_	_	_	linguistic	_	none	_	_	_	_	_	_
33-7	PKP125	33	33	7	ma	ma	_	_	_	_	_	linguistic	_	none	_	_	_	_	_	_
33-8	PKP125	33	33	8	male	male	_	_	_	_	_	linguistic	_	none	_	End=69.584	_	_	_	_
34-0	PKP125	34	34	0	guarda	guarda	_	_	_	_	_	linguistic	_	none	_	Begin=72.226	_	_	_	_
34-1	PKP125	34	34	1	io	io	_	_	_	_	_	linguistic	_	none	_	_	_	_	_	_
34-2	PKP125	34	34	2	mi	mi	_	_	_	_	_	linguistic	_	none	_	_	_	_	_	_
34-3	PKP125	34	34	3	feci	feci	_	_	_	_	_	linguistic	_	none	_	_	_	_	_	_
34-4	PKP125	34	34	4	proprio::	proprio	_	_	_	_	_	linguistic	_	none	_	End=73.792	6x2	_	_	_
35-0	PKP125	35	35	0	in	in	_	_	_	_	_	linguistic	_	none	_	Begin=74.228	_	_	_	_
35-1	PKP125	35	35	1	realtà	realtà	_	_	_	_	_	linguistic	_	none	_	_	_	_	_	_
35-2	PKP125	35	35	2	ad	ad	_	_	_	_	_	linguistic	_	none	_	_	_	_	_	_
35-3	PKP125	35	35	3	oggi	oggi	_	_	_	_	_	linguistic	_	none	_	_	_	_	_	_
35-4	PKP125	35	35	4	non	non	_	_	_	_	_	linguistic	_	none	_	_	_	_	_	_
35-5	PKP125	35	35	5	so	so	_	_	_	_	_	linguistic	_	none	_	_	_	_	_	_
35-6	PKP125	35	35	6	se	se	_	_	_	_	_	linguistic	_	none	_	_	_	_	_	_
35-7	PKP125	35	35	7	erano	erano	_	_	_	_	_	linguistic	_	none	_	_	_	_	_	_
35-8	PKP125	35	35	8	i	i	_	_	_	_	_	linguistic	_	none	_	_	_	_	_	_
35-9	PKP125	35	35	9	gamberoni	gamberoni	_	_	_	_	_	linguistic	_	none	_	End=76.596	_	_	_	_
36-0	PKP125	36	36	0	perché	perché	_	_	_	_	_	linguistic	_	none	_	Begin=77.862	_	_	_	_
36-1	PKP125	36	36	1	[mangi]	mangi	_	_	_	_	_	linguistic	_	none	_	End=78.453	_	_	_	0-5(7)
37-0	PKP131	37	37	0	[no	no	_	_	_	_	_	linguistic	_	none	_	Begin=78.049	_	_	_	0-2(7)
37-1	PKP131	37	37	1	(eh)]	eh	_	_	_	_	_	linguistic	_	none	_	_	_	_	0-2(0)	0-2(7)
37-2	PKP131	37	37	2	i	i	_	_	_	_	_	linguistic	_	none	_	_	_	_	_	_
37-3	PKP131	37	37	3	gambero:ni	gamberoni	_	_	_	_	_	linguistic	_	none	_	End=79.342	6x1	_	_	_
38-0	PKP125	38	38	0	mangiai	mangiai	_	_	_	_	_	linguistic	_	none	_	Begin=79.408	_	_	_	_
38-1	PKP125	38	38	1	quello	quello	_	_	_	_	_	linguistic	_	none	_	_	_	_	_	_
38-2	PKP125	38	38	2	e	e	_	_	_	_	_	linguistic	_	none	_	_	_	_	_	_
38-3	PKP125	38	38	3	quello	quello	_	_	_	_	_	linguistic	_	none	_	End=80.532	_	_	_	_
39-0	PKP125	39	39	0	mangiai	mangiai	_	_	_	_	_	linguistic	_	none	_	Begin=81.0	_	_	_	_
39-1	PKP125	39	39	1	prima	prima	_	_	_	_	_	linguistic	_	none	_	_	_	_	_	_
39-2	PKP125	39	39	2	la	la	_	_	_	_	_	linguistic	_	none	_	_	_	_	_	_
39-3	PKP125	39	39	3	pesca	pesca	_	_	_	_	_	linguistic	_	none	_	_	_	_	_	_
39-4	PKP125	39	39	4	e	e	_	_	_	_	_	linguistic	_	none	_	_	_	_	_	_
39-5	PKP125	39	39	5	poi	poi	_	_	_	_	_	linguistic	_	none	_	_	_	_	_	_
39-6	PKP125	39	39	6	i	i	_	_	_	_	_	linguistic	_	none	_	_	_	_	_	_
39-7	PKP125	39	39	7	gamberoni	gamberoni	_	_	_	_	_	linguistic	_	none	_	End=82.876	_	_	_	_
40-0	PKP125	40	40	0	e	e	_	_	_	_	_	linguistic	_	none	_	Begin=83.157	_	_	_	_
40-1	PKP125	40	40	1	sono	sono	_	_	_	_	_	linguistic	_	none	_	_	_	_	_	_
40-2	PKP125	40	40	2	entrambi:	entrambi	_	_	_	_	_	linguistic	_	none	PauseAfter=Yes	_	7x1	_	_	_
40-3	PKP125	40	40	3	{P}	{P}	_	_	_	_	_	shortpause	_	none	_	_	_	_	_	_
40-4	PKP125	40	40	4	a[ltame]nte:	altamente	_	_	_	_	_	linguistic	_	none	_	End=85.108	8x1	_	_	1-6(9)
41-0	PKP131	41	41	0	[esa:(tto)]	esatto	_	_	_	_	_	linguistic	_	none	_	Begin=84.157|End=84.551	2x1	_	3-6(0)	0-6(9)
42-0	PKP125	42	42	0	xx	xx	_	_	_	_	_	unknown	_	none	Syllables=2	Begin=85.182	_	_	_	_
42-1	PKP125	42	42	1	{ride}	{ride}	_	_	_	_	_	nonverbalbehavior	_	none	_	_	_	_	_	_
42-2	PKP125	42	42	2	no	no	_	_	_	_	_	linguistic	_	none	_	_	_	_	_	_
42-3	PKP125	42	42	3	vabbè	vabbè	_	_	_	_	_	linguistic	_	none	_	_	_	_	_	_
42-4	PKP125	42	42	4	nell'	nell'	_	_	_	_	_	linguistic	_	none	SpaceAfter=No	_	_	_	_	_
42-5	PKP125	42	42	5	arco	arco	_	_	_	_	_	linguistic	_	none	_	_	_	_	_	_
42-6	PKP125	42	42	6	del	del	_	_	_	_	_	linguistic	_	none	_	_	_	_	_	_
42-7	PKP125	42	42	7	tempo	tempo	_	_	_	_	_	linguistic	_	none	_	End=87.266	_	_	_	_
43-0	PKP125	43	43	0	comunque	comunque	_	_	_	_	_	linguistic	_	none	_	Begin=87.576	_	_	_	_
43-1	PKP125	43	43	1	tu	tu	_	_	_	_	_	linguistic	_	none	_	_	_	_	_	_
43-2	PKP125	43	43	2	non	non	_	_	_	_	_	linguistic	_	none	_	_	_	_	_	_
43-3	PKP125	43	43	3	è	è	_	_	_	_	_	linguistic	_	none	_	_	_	_	_	_
43-4	PKP125	43	43	4	che	che	_	_	_	_	_	linguistic	_	none	_	_	_	_	_	_
43-5	PKP125	43	43	5	appena	appena	_	_	_	_	_	linguistic	_	none	_	_	_	_	_	_
43-6	PKP125	43	43	6	mangi	mangi	_	_	_	_	_	linguistic	_	none	_	_	_	_	_	_
43-7	PKP125	43	43	7	un	un	_	_	_	_	_	linguistic	_	none	_	_	_	_	_	_
43-8	PKP125	43	43	8	cibo:	cibo	_	_	_	_	_	linguistic	_	none	_	End=89.507	3x1	_	_	_
44-0	PKP125	44	44	0	a	a	_	_	_	_	_	linguistic	_	none	_	Begin=89.551	_	_	_	_
44-1	PKP125	44	44	1	cui	cui	_	_	_	_	_	linguistic	_	none	_	_	_	_	_	_
44-2	PKP125	44	44	2	tu	tu	_	_	_	_	_	linguistic	_	none	_	_	_	_	_	_
44-3	PKP125	44	44	3	sei	sei	_	_	_	_	_	linguistic	_	none	_	_	_	_	_	_
44-4	PKP125	44	44	4	allergico:	allergico	_	_	_	_	_	linguistic	_	none	_	End=91.162	8x1	_	_	_
45-0	PKP125	45	45	0	se	se	_	_	_	_	_	linguistic	_	none	_	Begin=91.881	_	_	_	_
45-1	PKP125	45	45	1	sei	sei	_	_	_	_	_	linguistic	_	none	_	_	_	_	_	_
45-2	PKP125	45	45	2	allergico:	allergico	_	_	_	_	_	linguistic	_	none	_	_	8x1	_	_	_
45-3	PKP125	45	45	3	m::h	mh	_	_	_	_	_	linguistic	_	none	_	End=93.369	0x2	_	_	_
46-0	PKP125	46	46	0	cioè::	cioè	_	_	_	_	_	linguistic	_	none	_	Begin=94.059|End=94.753	3x2	_	_	_
47-0	PKP125	47	47	0	capito?	capito	_	_	_	_	_	linguistic	_	none	Intonation=Rising	Begin=95.147|End=95.472	_	_	_	_
48-0	PKP125	48	48	0	dipende	dipende	_	_	_	_	_	linguistic	_	none	_	Begin=95.522	_	_	_	_
48-1	PKP125	48	48	1	anche	anche	_	_	_	_	_	linguistic	_	none	_	_	_	_	_	_
48-2	PKP125	48	48	2	dal	dal	_	_	_	_	_	linguistic	_	none	_	_	_	_	_	_
48-3	PKP125	48	48	3	tuo:	tuo	_	_	_	_	_	linguistic	_	none	_	End=96.852	2x1	_	_	_
49-0	PKP125	49	49	0	organismo	organismo	_	_	_	_	_	linguistic	_	none	_	Begin=96.884|End=97.428	_	_	_	_
50-0	PKP125	50	50	0	perché	perché	_	_	_	_	_	linguistic	_	none	_	Begin=97.532	_	_	_	_
50-1	PKP125	50	50	1	magari	magari	_	_	_	_	_	linguistic	_	none	_	End=98.049	_	_	_	_
51-0	PKP131	51	51	0	m:h	mh	_	_	_	_	_	linguistic	_	none	_	Begin=98.546|End=98.817	0x1	_	_	_
52-0	PKP125	52	52	0	hai	hai	_	_	_	_	_	linguistic	_	none	_	Begin=99.334	_	_	_	_
52-1	PKP125	52	52	1	una	una	_	_	_	_	_	linguistic	_	none	_	_	_	_	_	_
52-2	PKP125	52	52	2	lieve	lieve	_	_	_	_	_	linguistic	_	none	_	_	_	_	_	_
52-3	PKP125	52	52	3	l'	l'	_	_	_	_	_	linguistic	_	none	SpaceAfter=No	_	_	_	_	_
52-4	PKP125	52	52	4	allergia:	allergia	_	_	_	_	_	linguistic	_	none	_	End=100.699	7x1	_	_	_
53-0	PKP125	53	53	0	ma	ma	_	_	_	_	_	linguistic	_	none	_	Begin=102.595	_	_	_	_
53-1	PKP125	53	53	1	non	non	_	_	_	_	_	linguistic	_	none	_	_	_	_	_	_
53-2	PKP125	53	53	2	compare	compare	_	_	_	_	_	linguistic	_	none	_	_	_	_	_	_
53-3	PKP125	53	53	3	sempre	sempre	_	_	_	_	_	linguistic	_	none	_	_	_	_	_	_
53-4	PKP125	53	53	4	capi'?	capi'	_	_	_	_	_	linguistic	_	none	Intonation=Rising|Truncated=Yes	End=103.866	_	_	_	_
54-0	PKP131	54	54	0	mi	mi	_	_	_	_	_	linguistic	_	none	_	Begin=105.112	_	_	_	_
54-1	PKP131	54	54	1	ricordo	ricordo	_	_	_	_	_	linguistic	_	none	_	_	_	_	_	_
54-2	PKP131	54	54	2	il	il	_	_	_	_	_	linguistic	_	none	_	_	_	_	_	_
54-3	PKP131	54	54	3	fatto	fatto	_	_	_	_	_	linguistic	_	none	_	_	_	_	_	_
54-4	PKP131	54	54	4	dei	dei	_	_	_	_	_	linguistic	_	none	_	_	_	_	_	_
54-5	PKP131	54	54	5	gamberoni:	gamberoni	_	_	_	_	_	linguistic	_	none	_	End=106.65	8x1	_	_	_
55-0	PKP131	55	55	0	e	e	_	_	_	_	_	linguistic	_	none	_	Begin=106.704	_	_	_	_
55-1	PKP131	55	55	1	della	della	_	_	_	_	_	linguistic	_	none	_	_	_	_	_	_
55-2	PKP131	55	55	2	pesca	pesca	_	_	_	_	_	linguistic	_	none	_	_	_	_	_	_
55-3	PKP131	55	55	3	perché:	perché	_	_	_	_	_	linguistic	_	none	_	End=108.11	5x1	_	_	_
56-0	PKP131	56	56	0	quando	quando	_	_	_	_	_	linguistic	_	none	_	Begin=108.738	_	_	_	_
56-1	PKP131	56	56	1	stavamo	stavamo	_	_	_	_	_	linguistic	_	none	_	_	_	_	_	_
56-2	PKP131	56	56	2	da	da	_	_	_	_	_	linguistic	_	none	_	_	_	_	_	_
56-3	PKP131	56	56	3	no:nna	nonna	_	_	_	_	_	linguistic	_	none	_	End=109.66	1x1	_	_	_
57-0	PKP131	57	57	0	che	che	_	_	_	_	_	linguistic	_	none	_	Begin=109.694	_	_	_	_
57-1	PKP131	57	57	1	cos'	cos'	_	_	_	_	_	linguistic	_	none	SpaceAfter=No	_	_	_	_	_
57-2	PKP131	57	57	2	era	era	_	_	_	_	_	linguistic	_	none	_	_	_	_	_	_
57-3	PKP131	57	57	3	pasqua?	pasqua	_	_	_	_	_	linguistic	_	none	Intonation=Rising	End=110.714	_	_	_	_
58-0	PKP131	58	58	0	natale?	natale	_	_	_	_	_	linguistic	_	none	Intonation=Rising	Begin=110.734|End=111.213	_	_	_	_
59-0	PKP125	59	59	0	m:h	mh	_	_	_	_	_	linguistic	_	none	_	Begin=111.3|End=111.586	0x1	_	_	_
60-0	PKP131	60	60	0	nata[le]	natale	_	_	_	_	_	linguistic	_	none	_	Begin=111.603|End=111.978	_	_	_	4-6(11)
61-0	PKP125	61	61	0	[(p]er)	per	_	_	_	_	_	linguistic	_	none	_	Begin=111.896	_	_	0-3(0)	0-1(11)
61-1	PKP125	61	61	1	na[tale]	natale	_	_	_	_	_	linguistic	_	none	_	End=112.546	_	_	_	2-6(12)
62-0	PKP131	62	62	0	[>(l'	l'	_	_	_	_	_	linguistic	_	none	SpaceAfter=No	Begin=112.172	_	Fast=0-2(0)	0-2(0)	0-2(12)
62-1	PKP131	62	62	1	ultimo)<	ultimo	_	_	_	_	_	linguistic	_	none	_	_	_	Fast=0-6(0)	0-6(0)	0-6(12)
62-2	PKP131	62	62	2	del]l'	dell'	_	_	_	_	_	linguistic	_	none	SpaceAfter=No	_	_	_	_	0-3(12)
62-3	PKP131	62	62	3	anno	anno	_	_	_	_	_	linguistic	_	none	_	End=113.108	_	_	_	_
63-0	PKP125	63	63	0	m:h	mh	_	_	_	_	_	linguistic	_	none	_	Begin=113.275|End=113.577	0x1	_	_	_
64-0	PKP125	64	64	0	no	no	_	_	_	_	_	linguistic	_	none	_	Begin=114.28	_	_	_	_
64-1	PKP125	64	64	1	natale	natale	_	_	_	_	_	linguistic	_	none	_	End=114.97	_	_	_	_
65-0	PKP131	65	65	0	natale	natale	_	_	_	_	_	linguistic	_	none	_	Begin=115.95|End=116.477	_	_	_	_
66-0	PKP131	66	66	0	non	non	_	_	_	_	_	linguistic	_	none	_	Begin=118.097	_	_	_	_
66-1	PKP131	66	66	1	mangiasti:	mangiasti	_	_	_	_	_	linguistic	_	none	_	_	8x1	_	_	_
66-2	PKP131	66	66	2	i:	i	_	_	_	_	_	linguistic	_	none	_	_	0x1	_	_	_
66-3	PKP131	66	66	3	gamberoni	gamberoni	_	_	_	_	_	linguistic	_	none	_	End=120.054	_	_	_	_
67-0	PKP125	67	67	0	mh	mh	_	_	_	_	_	linguistic	_	none	_	Begin=122.261|End=122.507	_	_	_	_
68-0	PKP131	68	68	0	e	e	_	_	_	_	_	linguistic	_	none	_	Begin=123.586	_	_	_	_
68-1	PKP131	68	68	1	c'	c'	_	_	_	_	_	linguistic	_	none	SpaceAfter=No	_	_	_	_	_
68-2	PKP131	68	68	2	erano	erano	_	_	_	_	_	linguistic	_	none	_	End=124.064	_	_	_	_
69-0	PKP131	69	69	0	{ride}	{ride}	_	_	_	_	_	nonverbalbehavior	_	none	_	Begin=124.616|End=124.93	_	_	_	_
70-0	PKP131	70	70	0	la::	la	_	_	_	_	_	linguistic	_	none	_	Begin=125.221|End=125.96	1x2	_	_	_
71-0	PKP131	71	71	0	la	la	_	_	_	_	_	linguistic	_	none	_	Begin=126.459	_	_	_	_
71-1	PKP131	71	71	1	barbie::	barbie	_	_	_	_	_	linguistic	_	none	_	End=127.284	5x2	_	_	_
72-0	PKP131	72	72	0	c(io)è:	cioè	_	_	_	_	_	linguistic	_	none	_	Begin=127.334|End=127.614	3x1	_	1-3(0)	_
73-0	PKP131	73	73	0	il	il	_	_	_	_	_	linguistic	_	none	_	Begin=127.655	_	_	_	_
73-1	PKP131	73	73	1	neonato:	neonato	_	_	_	_	_	linguistic	_	none	_	_	6x1	_	_	_
73-2	PKP131	73	73	2	della	della	_	_	_	_	_	linguistic	_	none	_	_	_	_	_	_
73-3	PKP131	73	73	3	barbie	barbie	_	_	_	_	_	linguistic	_	none	_	_	_	_	_	_
73-4	PKP131	73	73	4	truccata	truccata	_	_	_	_	_	linguistic	_	none	_	_	_	_	_	_
73-5	PKP131	73	73	5	da	da	_	_	_	_	_	linguistic	_	none	_	_	_	_	_	_
73-6	PKP131	73	73	6	mia	mia	_	_	_	_	_	linguistic	_	none	_	_	_	_	_	_
73-7	PKP131	73	73	7	sorella	sorella	_	_	_	_	_	linguistic	_	none	_	End=130.201	_	_	_	_
74-0	PKP125	74	74	0	non	non	_	_	_	_	_	linguistic	_	none	_	Begin=130.418	_	_	_	_
74-1	PKP125	74	74	1	sei	sei	_	_	_	_	_	linguistic	_	none	_	_	_	_	_	_
74-2	PKP125	74	74	2	xxx	xxx	_	_	_	_	_	unknown	_	none	Syllables=3	End=131.256	_	_	_	_
75-0	PKP131	75	75	0	cosa:?	cosa	_	_	_	_	_	linguistic	_	none	Intonation=Rising	Begin=131.295|End=131.811	3x1	_	_	_
76-0	PKP131	76	76	0	ma	ma	_	_	_	_	_	linguistic	_	none	_	Begin=133.305	_	_	_	_
76-1	PKP131	76	76	1	xx	xx	_	_	_	_	_	unknown	_	none	Syllables=2	_	_	_	_	_
76-2	PKP131	76	76	2	(dire)	dire	_	_	_	_	_	linguistic	_	none	_	End=134.197	_	_	0-4(0)	_
77-0	PKP125	77	77	0	già	già	_	_	_	_	_	linguistic	_	none	_	Begin=137.064	_	_	_	_
77-1	PKP125	77	77	1	su	su	_	_	_	_	_	linguistic	_	none	_	_	_	_	_	_
77-2	PKP125	77	77	2	(questo)	questo	_	_	_	_	_	linguistic	_	none	_	_	_	_	0-6(0)	_
77-3	PKP125	77	77	3	ma	ma	_	_	_	_	_	linguistic	_	none	_	_	_	_	_	_
77-4	PKP125	77	77	4	perché?	perché	_	_	_	_	_	linguistic	_	none	Intonation=Rising	End=138.472	_	_	_	_
78-0	PKP125	78	78	0	queste	queste	_	_	_	_	_	linguistic	_	none	_	Begin=140.95	_	_	_	_
78-1	PKP125	78	78	1	bambine	bambine	_	_	_	_	_	linguistic	_	none	_	_	_	_	_	_
78-2	PKP125	78	78	2	costrette	costrette	_	_	_	_	_	linguistic	_	none	_	_	_	_	_	_
78-3	PKP125	78	78	3	a	a	_	_	_	_	_	linguistic	_	none	_	_	_	_	_	_
78-4	PKP125	78	78	4	giocare	giocare	_	_	_	_	_	linguistic	_	none	_	_	_	_	_	_
78-5	PKP125	78	78	5	con	con	_	_	_	_	_	linguistic	_	none	_	_	_	_	_	_
78-6	PKP125	78	78	6	ste	ste	_	_	_	_	_	linguistic	_	none	_	_	_	_	_	_
78-7	PKP125	78	78	7	cose:	cose	_	_	_	_	_	linguistic	_	none	_	End=143.354	3x1	_	_	_
79-0	PKP125	79	79	0	demoniache	demoniache	_	_	_	_	_	linguistic	_	none	_	Begin=143.391|End=144.192	_	_	_	_
80-0	PKP125	80	80	0	costretta	costretta	_	_	_	_	_	linguistic	_	none	_	Begin=146.054|End=146.724	_	_	_	_
81-0	PKP125	81	81	0	vabbè	vabbè	_	_	_	_	_	linguistic	_	none	_	Begin=146.881|End=147.175	_	_	_	_
82-0	PKP131	82	82	0	no	no	_	_	_	_	_	linguistic	_	none	_	Begin=147.73	_	_	_	_
82-1	PKP131	82	82	1	in	in	_	_	_	_	_	linguistic	_	none	_	_	_	_	_	_
82-2	PKP131	82	82	2	realtà	realtà	_	_	_	_	_	linguistic	_	none	_	_	_	_	_	_
82-3	PKP131	82	82	3	(anche	anche	_	_	_	_	_	linguistic	_	none	_	_	_	_	0-5(0)	_
82-4	PKP131	82	82	4	no)	no	_	_	_	_	_	linguistic	_	none	_	_	_	_	0-2(0)	_
82-5	PKP131	82	82	5	c(io)è	cioè	_	_	_	_	_	linguistic	_	none	_	End=149.157	_	_	1-3(1)	_
83-0	PKP131	83	83	0	non	non	_	_	_	_	_	linguistic	_	none	_	Begin=149.914	_	_	_	_
83-1	PKP131	83	83	1	lo	lo	_	_	_	_	_	linguistic	_	none	_	_	_	_	_	_
83-2	PKP131	83	83	2	vogliono	vogliono	_	_	_	_	_	linguistic	_	none	_	_	_	_	_	_
83-3	PKP131	83	83	3	nemmeno	nemmeno	_	_	_	_	_	linguistic	_	none	_	End=151.083	_	_	_	_
84-0	PKP125	84	84	0	no?	no	_	_	_	_	_	linguistic	_	none	Intonation=Rising	Begin=151.487|End=151.94	_	_	_	_
85-0	PKP131	85	85	0	#vonno	#vonno	_	_	_	_	_	error	_	none	_	Begin=152.167	_	_	_	_
85-1	PKP131	85	85	1	u	u	_	_	_	_	_	linguistic	_	none	_	_	_	_	_	_
85-2	PKP131	85	85	2	telefono	telefono	_	_	_	_	_	linguistic	_	none	_	End=153.266	_	_	_	_
86-0	PKP125	86	86	0	{ride}	{ride}	_	_	_	_	_	nonverbalbehavior	_	none	_	Begin=153.738|End=154.152	_	_	_	_
87-0	PKP125	87	87	0	(giustamente)	giustamente	_	_	_	_	_	linguistic	_	none	_	Begin=154.842|End=155.394	_	_	0-11(0)	_
88-0	PKP131	88	88	0	tiktok	tiktok	_	_	_	_	_	linguistic	_	none	_	Begin=155.707|End=156.477	_	_	_	_
89-0	PKP125	89	89	0	>tiktok<	tiktok	_	_	_	_	_	linguistic	_	none	_	Begin=156.586	_	Fast=0-6(0)	_	_
89-1	PKP125	89	89	1	[xx]x	xxx	_	_	_	_	_	unknown	_	none	Syllables=3	End=157.704	_	_	_	0-2(21)
90-0	PKP131	90	90	0	[la	la	_	_	_	_	_	linguistic	_	none	_	Begin=157.285	_	_	_	0-2(21)
90-1	PKP131	90	90	1	wap]	wap	_	_	_	_	_	linguistic	_	none	_	End=157.645	_	_	_	0-3(21)
91-0	PKP131	91	91	0	challenge	challenge	_	_	_	_	_	linguistic	_	none	_	Begin=157.741|End=158.241	_	_	_	_
92-0	PKP125	92	92	0	wap	wap	_	_	_	_	_	linguistic	_	none	_	Begin=158.985	_	_	_	_
92-1	PKP125	92	92	1	challenge	challenge	_	_	_	_	_	linguistic	_	none	_	_	_	_	_	_
92-2	PKP125	92	92	2	la	la	_	_	_	_	_	linguistic	_	none	_	_	_	_	_	_
92-3	PKP125	92	92	3	vorrei	vorrei	_	_	_	_	_	linguistic	_	none	_	_	_	_	_	_
92-4	PKP125	92	92	4	fare	fare	_	_	_	_	_	linguistic	_	none	_	End=160.403	_	_	_	_
93-0	PKP125	93	93	0	dopo	dopo	_	_	_	_	_	linguistic	_	none	_	Begin=161.009	_	_	_	_
93-1	PKP125	93	93	1	la	la	_	_	_	_	_	linguistic	_	none	_	_	_	_	_	_
93-2	PKP125	93	93	2	facciamo	facciamo	_	_	_	_	_	linguistic	_	none	_	End=161.556	_	_	_	_
94-0	PKP125	94	94	0	comunque	comunque	_	_	_	_	_	linguistic	_	none	_	Begin=162.152	_	_	_	_
94-1	PKP125	94	94	1	m:h	mh	_	_	_	_	_	linguistic	_	none	_	End=162.896	0x1	_	_	_
95-0	PKP125	95	95	0	mh	mh	_	_	_	_	_	linguistic	_	none	_	Begin=165.078|End=165.384	_	_	_	_
96-0	PKP125	96	96	0	(però:)	però	_	_	_	_	_	linguistic	_	none	_	Begin=166.862|End=167.31	3x1	_	0-4(0)	_
97-0	PKP125	97	97	0	federica	federica	_	_	_	_	_	linguistic	_	none	_	Begin=169.807	_	_	_	_
97-1	PKP125	97	97	1	secondo	secondo	_	_	_	_	_	linguistic	_	none	_	_	_	_	_	_
97-2	PKP125	97	97	2	me:	me	_	_	_	_	_	linguistic	_	none	_	_	1x1	_	_	_
97-3	PKP125	97	97	3	vive	vive	_	_	_	_	_	linguistic	_	none	_	_	_	_	_	_
97-4	PKP125	97	97	4	in	in	_	_	_	_	_	linguistic	_	none	_	_	_	_	_	_
97-5	PKP125	97	97	5	un	un	_	_	_	_	_	linguistic	_	none	_	_	_	_	_	_
97-6	PKP125	97	97	6	mondo	mondo	_	_	_	_	_	linguistic	_	none	_	_	_	_	_	_
97-7	PKP125	97	97	7	tipo:	tipo	_	_	_	_	_	linguistic	_	none	_	End=172.044	3x1	_	_	_
98-0	PKP125	98	98	0	fatto	fatto	_	_	_	_	_	linguistic	_	none	_	Begin=172.07	_	_	_	_
98-1	PKP125	98	98	1	di	di	_	_	_	_	_	linguistic	_	none	_	_	_	_	_	_
98-2	PKP125	98	98	2	tiktok	tiktok	_	_	_	_	_	linguistic	_	none	_	End=172.901	_	_	_	_
99-0	PKP131	99	99	0	rica	rica	_	_	_	_	_	linguistic	_	none	_	Begin=173.807	_	_	_	_
99-1	PKP131	99	99	1	vive	vive	_	_	_	_	_	linguistic	_	none	_	_	_	_	_	_
99-2	PKP131	99	99	2	in	in	_	_	_	_	_	linguistic	_	none	_	_	_	_	_	_
99-3	PKP131	99	99	3	un	un	_	_	_	_	_	linguistic	_	none	_	_	_	_	_	_
99-4	PKP131	99	99	4	mondo::	mondo	_	_	_	_	_	linguistic	_	none	_	End=175.512	4x2	_	_	_
100-0	PKP131	100	100	0	di	di	_	_	_	_	_	linguistic	_	none	_	Begin=175.576	_	_	_	_
100-1	PKP131	100	100	1	merda	merda	_	_	_	_	_	linguistic	_	none	_	End=176.216	_	_	_	_
101-0	PKP125	101	101	0	a	a	_	_	_	_	_	linguistic	_	none	_	Begin=177.369	_	_	_	_
101-1	PKP125	101	101	1	(che)	che	_	_	_	_	_	linguistic	_	none	_	_	_	_	0-3(0)	_
101-2	PKP125	101	101	2	livello?	livello	_	_	_	_	_	linguistic	_	none	Intonation=Rising	End=178.098	_	_	_	_
102-0	PKP131	102	102	0	sta	sta	_	_	_	_	_	linguistic	_	none	_	Begin=178.403	_	_	_	_
102-1	PKP131	102	102	1	crescendo	crescendo	_	_	_	_	_	linguistic	_	none	_	_	_	_	_	_
102-2	PKP131	102	102	2	male::	male	_	_	_	_	_	linguistic	_	none	_	End=180.182	3x2	_	_	_
103-0	PKP131	103	103	0	io	io	_	_	_	_	_	linguistic	_	none	_	Begin=181.305	_	_	_	_
103-1	PKP131	103	103	1	ho	ho	_	_	_	_	_	linguistic	_	none	_	_	_	_	_	_
103-2	PKP131	103	103	2	aperto	aperto	_	_	_	_	_	linguistic	_	none	_	_	_	_	_	_
103-3	PKP131	103	103	3	la	la	_	_	_	_	_	linguistic	_	none	_	_	_	_	_	_
103-4	PKP131	103	103	4	scommessa	scommessa	_	_	_	_	_	linguistic	_	none	_	_	_	_	_	_
103-5	PKP131	103	103	5	con	con	_	_	_	_	_	linguistic	_	none	_	_	_	_	_	_
103-6	PKP131	103	103	6	mamma	mamma	_	_	_	_	_	linguistic	_	none	PauseAfter=Yes	_	_	_	_	_
103-7	PKP131	103	103	7	{P}	{P}	_	_	_	_	_	shortpause	_	none	_	_	_	_	_	_
103-8	PKP131	103	103	8	>ho	ho	_	_	_	_	_	linguistic	_	none	_	_	_	Fast=0-2(0)	_	_
103-9	PKP131	103	103	9	detto<	detto	_	_	_	_	_	linguistic	_	none	_	End=183.117	_	Fast=0-5(0)	_	_
104-0	PKP131	104	104	0	questa	questa	_	_	_	_	_	linguistic	_	none	_	Begin=183.187	_	_	_	_
104-1	PKP131	104	104	1	a	a	_	_	_	_	_	linguistic	_	none	_	_	_	_	_	_
104-2	PKP131	104	104	2	sedic(i)	sedici	_	_	_	_	_	linguistic	_	none	_	_	_	_	5-6(0)	_
104-3	PKP131	104	104	3	anni	anni	_	_	_	_	_	linguistic	_	none	_	_	_	_	_	_
104-4	PKP131	104	104	4	ti	ti	_	_	_	_	_	linguistic	_	none	_	_	_	_	_	_
104-5	PKP131	104	104	5	viene	viene	_	_	_	_	_	linguistic	_	none	_	_	_	_	_	_
104-6	PKP131	104	104	6	incinta	incinta	_	_	_	_	_	linguistic	_	none	_	_	_	_	_	_
104-7	PKP131	104	104	7	a	a	_	_	_	_	_	linguistic	_	none	_	_	_	_	_	_
104-8	PKP131	104	104	8	casa	casa	_	_	_	_	_	linguistic	_	none	_	End=185.108	_	_	_	_
105-0	PKP125	105	105	0	m:h	mh	_	_	_	_	_	linguistic	_	none	_	Begin=185.454|End=185.822	0x1	_	_	_
106-0	PKP125	106	106	0	però	però	_	_	_	_	_	linguistic	_	none	_	Begin=186.655|End=187.073	_	_	_	_
107-0	PKP125	107	107	0	non	non	_	_	_	_	_	linguistic	_	none	_	Begin=187.228	_	_	_	_
107-1	PKP125	107	107	1	mi	mi	_	_	_	_	_	linguistic	_	none	_	_	_	_	_	_
107-2	PKP125	107	107	2	sembra	sembra	_	_	_	_	_	linguistic	_	none	_	_	_	_	_	_
107-3	PKP125	107	107	3	sciocchina	sciocchina	_	_	_	_	_	linguistic	_	none	_	_	_	_	_	_
107-4	PKP125	107	107	4	cioè	cioè	_	_	_	_	_	linguistic	_	none	_	_	_	_	_	_
107-5	PKP125	107	107	5	mi	mi	_	_	_	_	_	linguistic	_	none	_	_	_	_	_	_
107-6	PKP125	107	107	6	sembra:	sembra	_	_	_	_	_	linguistic	_	none	_	End=189.266	5x1	_	_	_
108-0	PKP125	108	108	0	>un<	un	_	_	_	_	_	linguistic	_	none	_	Begin=189.344	_	Fast=0-2(0)	_	_
108-1	PKP125	108	108	1	po':	po'	_	_	_	_	_	linguistic	_	none	_	End=189.758	1x1	_	_	_
109-0	PKP125	109	109	0	è	è	_	_	_	_	_	linguistic	_	none	_	Begin=193.96	_	_	_	_
109-1	PKP125	109	109	1	insopportabile	insopportabile	_	_	_	_	_	linguistic	_	none	_	_	_	_	_	_
109-2	PKP125	109	109	2	si	si	_	_	_	_	_	linguistic	_	none	_	_	_	_	_	_
109-3	PKP125	109	109	3	però:	però	_	_	_	_	_	linguistic	_	none	_	End=195.482	3x1	_	_	_
110-0	PKP125	110	110	0	potrebbe	potrebbe	_	_	_	_	_	linguistic	_	none	_	Begin=197.349	_	_	_	_
110-1	PKP125	110	110	1	diventare	diventare	_	_	_	_	_	linguistic	_	none	_	_	_	_	_	_
110-2	PKP125	110	110	2	anche	anche	_	_	_	_	_	linguistic	_	none	_	_	_	_	_	_
110-3	PKP125	110	110	3	molto:	molto	_	_	_	_	_	linguistic	_	none	_	End=198.635	4x1	_	_	_
111-0	PKP125	111	111	0	intelligente	intelligente	_	_	_	_	_	linguistic	_	none	_	Begin=198.66|End=199.344	_	_	_	_
112-0	PKP131	112	112	0	indubbiamente	indubbiamente	_	_	_	_	_	linguistic	_	none	_	Begin=199.463|End=200.295	_	_	_	_
113-0	PKP131	113	113	0	forse	forse	_	_	_	_	_	linguistic	_	none	_	Begin=202.103	_	_	_	_
113-1	PKP131	113	113	1	è	è	_	_	_	_	_	linguistic	_	none	_	_	_	_	_	_
113-2	PKP131	113	113	2	ancora	ancora	_	_	_	_	_	linguistic	_	none	_	_	_	_	_	_
113-3	PKP131	113	113	3	troppo	troppo	_	_	_	_	_	linguistic	_	none	_	_	_	_	_	_
113-4	PKP131	113	113	4	piccola	piccola	_	_	_	_	_	linguistic	_	none	_	End=203.285	_	_	_	_
114-0	PKP131	114	114	0	però	però	_	_	_	_	_	linguistic	_	none	_	Begin=203.334	_	_	_	_
114-1	PKP131	114	114	1	lei	lei	_	_	_	_	_	linguistic	_	none	_	End=203.768	_	_	_	_
115-0	PKP131	115	115	0	sai	sai	_	_	_	_	_	linguistic	_	none	_	Begin=204.202	_	_	_	_
115-1	PKP131	115	115	1	che	che	_	_	_	_	_	linguistic	_	none	_	_	_	_	_	_
115-2	PKP131	115	115	2	cosa	cosa	_	_	_	_	_	linguistic	_	none	_	_	_	_	_	_
115-3	PKP131	115	115	3	tiene?	tiene	_	_	_	_	_	linguistic	_	none	Intonation=Rising	End=205.113	_	_	_	_
116-0	PKP131	116	116	0	che	che	_	_	_	_	_	linguistic	_	none	_	Begin=205.172|End=205.433	_	_	_	_
117-0	PKP131	117	117	0	m::h	mh	_	_	_	_	_	linguistic	_	none	_	Begin=205.555|End=206.133	0x2	_	_	_
118-0	PKP131	118	118	0	vuole	vuole	_	_	_	_	_	linguistic	_	none	_	Begin=206.896	_	_	_	_
118-1	PKP131	118	118	1	fare	fare	_	_	_	_	_	linguistic	_	none	_	_	_	_	_	_
118-2	PKP131	118	118	2	la	la	_	_	_	_	_	linguistic	_	none	_	_	_	_	_	_
118-3	PKP131	118	118	3	grande	grande	_	_	_	_	_	linguistic	_	none	_	End=207.807	_	_	_	_
119-0	PKP131	119	119	0	in	in	_	_	_	_	_	linguistic	_	none	_	Begin=207.841	_	_	_	_
119-1	PKP131	119	119	1	poche	poche	_	_	_	_	_	linguistic	_	none	_	_	_	_	_	_
119-2	PKP131	119	119	2	paro:le	parole	_	_	_	_	_	linguistic	_	none	_	_	3x1	_	_	_
119-3	PKP131	119	119	3	vuole::	vuole	_	_	_	_	_	linguistic	_	none	_	End=209.344	4x2	_	_	_
120-0	PKP125	120	120	0	sì	sì	_	_	_	_	_	linguistic	_	none	_	Begin=210.674|End=210.98	_	_	_	_
121-0	PKP131	121	121	0	si	si	_	_	_	_	_	linguistic	_	none	_	Begin=211.088	_	_	_	_
121-1	PKP131	121	121	1	vuole	vuole	_	_	_	_	_	linguistic	_	none	_	_	_	_	_	_
121-2	PKP131	121	121	2	truccare	truccare	_	_	_	_	_	linguistic	_	none	_	_	_	_	_	_
121-3	PKP131	121	121	3	si	si	_	_	_	_	_	linguistic	_	none	_	_	_	_	_	_
121-4	PKP131	121	121	4	vuole	vuole	_	_	_	_	_	linguistic	_	none	_	_	_	_	_	_
121-5	PKP131	121	121	5	fare	fare	_	_	_	_	_	linguistic	_	none	_	_	_	_	_	_
121-6	PKP131	121	121	6	le	le	_	_	_	_	_	linguistic	_	none	_	_	_	_	_	_
121-7	PKP131	121	121	7	unghie	unghie	_	_	_	_	_	linguistic	_	none	_	End=212.502	_	_	_	_
122-0	PKP131	122	122	0	ma	ma	_	_	_	_	_	linguistic	_	none	_	Begin=212.541	_	_	_	_
122-1	PKP131	122	122	1	non	non	_	_	_	_	_	linguistic	_	none	_	_	_	_	_	_
122-2	PKP131	122	122	2	è	è	_	_	_	_	_	linguistic	_	none	_	End=212.95	_	_	_	_
123-0	PKP131	123	123	0	cioè	cioè	_	_	_	_	_	linguistic	_	none	_	Begin=213.004	_	_	_	_
123-1	PKP131	123	123	1	l'	l'	_	_	_	_	_	linguistic	_	none	SpaceAfter=No	_	_	_	_	_
123-2	PKP131	123	123	2	ultimo	ultimo	_	_	_	_	_	linguistic	_	none	_	_	_	_	_	_
123-3	PKP131	123	123	3	episodio	episodio	_	_	_	_	_	linguistic	_	none	_	_	_	_	_	_
123-4	PKP131	123	123	4	è	è	_	_	_	_	_	linguistic	_	none	_	_	_	_	_	_
123-5	PKP131	123	123	5	stato	stato	_	_	_	_	_	linguistic	_	none	_	_	_	_	_	_
123-6	PKP131	123	123	6	devastante	devastante	_	_	_	_	_	linguistic	_	none	_	End=214.911	_	_	_	_
124-0	PKP131	124	124	0	cioè	cioè	_	_	_	_	_	linguistic	_	none	_	Begin=214.965	_	_	_	_
124-1	PKP131	124	124	1	praticam[ente]	praticamente	_	_	_	_	_	linguistic	_	none	_	End=215.758	_	_	_	8-12(24)
125-0	PKP125	125	125	0	{ride}	{ride}	_	_	_	_	_	nonverbalbehavior	_	none	_	Begin=215.172|End=215.438	_	_	_	_
126-0	PKP125	126	126	0	[addiri]ttura?	addirittura	_	_	_	_	_	linguistic	_	none	Intonation=Rising	Begin=215.463|End=216.108	_	_	_	0-6(24)
127-0	PKP131	127	127	0	ti	ti	_	_	_	_	_	linguistic	_	none	_	Begin=216.28	_	_	_	_
127-1	PKP131	127	127	1	giuro:	giuro	_	_	_	_	_	linguistic	_	none	_	End=216.965	4x1	_	_	_
128-0	PKP131	128	128	0	(cioè	cioè	_	_	_	_	_	linguistic	_	none	_	Begin=217.674	_	_	0-4(0)	_
128-1	PKP131	128	128	1	se:nti)	senti	_	_	_	_	_	linguistic	_	none	_	End=218.059	1x1	_	0-5(0)	_
129-0	PKP131	129	129	0	venne	venne	_	_	_	_	_	linguistic	_	none	_	Begin=220.251	_	_	_	_
129-1	PKP131	129	129	1	un'	un'	_	_	_	_	_	linguistic	_	none	SpaceAfter=No	_	_	_	_	_
129-2	PKP131	129	129	2	amica	amica	_	_	_	_	_	linguistic	_	none	_	_	_	_	_	_
129-3	PKP131	129	129	3	a	a	_	_	_	_	_	linguistic	_	none	_	_	_	_	_	_
129-4	PKP131	129	129	4	casa	casa	_	_	_	_	_	linguistic	_	none	_	End=221.384	_	_	_	_
130-0	PKP125	130	130	0	m:h	mh	_	_	_	_	_	linguistic	_	none	_	Begin=222.221|End=222.472	0x1	_	_	_
131-0	PKP131	131	131	0	e	e	_	_	_	_	_	linguistic	_	none	_	Begin=222.516	_	_	_	_
131-1	PKP131	131	131	1	allora	allora	_	_	_	_	_	linguistic	_	none	_	_	_	_	_	_
131-2	PKP131	131	131	2	disse	disse	_	_	_	_	_	linguistic	_	none	_	End=223.103	_	_	_	_
132-0	PKP131	132	132	0	ce	ce	_	_	_	_	_	linguistic	_	none	_	Begin=223.137	_	_	_	_
132-1	PKP131	132	132	1	ne	ne	_	_	_	_	_	linguistic	_	none	_	_	_	_	_	_
132-2	PKP131	132	132	2	possiamo	possiamo	_	_	_	_	_	linguistic	_	none	_	_	_	_	_	_
132-3	PKP131	132	132	3	andare	andare	_	_	_	_	_	linguistic	_	none	_	_	_	_	_	_
132-4	PKP131	132	132	4	giù	giù	_	_	_	_	_	linguistic	_	none	_	_	_	_	_	_
132-5	PKP131	132	132	5	in	in	_	_	_	_	_	linguistic	_	none	_	_	_	_	_	_
132-6	PKP131	132	132	6	cucina	cucina	_	_	_	_	_	linguistic	_	none	_	_	_	_	_	_
132-7	PKP131	132	132	7	da	da	_	_	_	_	_	linguistic	_	none	_	_	_	_	_	_
132-8	PKP131	132	132	8	nonna?	nonna	_	_	_	_	_	linguistic	_	none	Intonation=Rising	End=225.059	_	_	_	_
133-0	PKP131	133	133	0	nella	nella	_	_	_	_	_	linguistic	_	none	_	Begin=225.094	_	_	_	_
133-1	PKP131	133	133	1	cucina	cucina	_	_	_	_	_	linguistic	_	none	_	_	_	_	_	_
133-2	PKP131	133	133	2	(>di	di	_	_	_	_	_	linguistic	_	none	_	_	_	Fast=0-2(0)	0-2(0)	_
133-3	PKP131	133	133	3	là<)	là	_	_	_	_	_	linguistic	_	none	_	_	_	Fast=0-2(0)	0-2(0)	_
133-4	PKP131	133	133	4	che	che	_	_	_	_	_	linguistic	_	none	_	_	_	_	_	_
133-5	PKP131	133	133	5	sta	sta	_	_	_	_	_	linguistic	_	none	_	End=226.211	_	_	_	_
134-0	PKP131	134	134	0	([già	già	_	_	_	_	_	linguistic	_	none	_	Begin=226.259	_	_	0-3(0)	0-3(28)
134-1	PKP131	134	134	1	un	un	_	_	_	_	_	linguistic	_	none	_	_	_	_	0-2(0)	0-2(28)
134-2	PKP131	134	134	2	po']	po'	_	_	_	_	_	linguistic	_	none	_	_	_	_	0-3(0)	0-3(28)
134-3	PKP131	134	134	3	più	più	_	_	_	_	_	linguistic	_	none	_	_	_	_	0-3(0)	_
134-4	PKP131	134	134	4	in	in	_	_	_	_	_	linguistic	_	none	_	_	_	_	0-2(0)	_
134-5	PKP131	134	134	5	là)	là	_	_	_	_	_	linguistic	_	none	_	_	_	_	0-2(0)	_
134-6	PKP131	134	134	6	no?	no	_	_	_	_	_	linguistic	_	none	Intonation=Rising	End=227.136	_	_	_	_
135-0	PKP125	135	135	0	[mh]	mh	_	_	_	_	_	linguistic	_	none	_	Begin=226.339|End=226.61	_	_	_	0-2(28)
136-0	PKP131	136	136	0	come	come	_	_	_	_	_	linguistic	_	none	_	Begin=228.162	_	_	_	_
136-1	PKP131	136	136	1	facevi	facevi	_	_	_	_	_	linguistic	_	none	_	_	_	_	_	_
136-2	PKP131	136	136	2	xxx	xxx	_	_	_	_	_	unknown	_	none	Syllables=3	End=229.315	_	_	_	_
137-0	PKP131	137	137	0	(mamma	mamma	_	_	_	_	_	linguistic	_	none	_	Begin=230.157	_	_	0-5(0)	_
137-1	PKP131	137	137	1	ha	ha	_	_	_	_	_	linguistic	_	none	_	_	_	_	0-2(0)	_
137-2	PKP131	137	137	2	detto)	detto	_	_	_	_	_	linguistic	_	none	_	_	_	_	0-5(0)	_
137-3	PKP131	137	137	3	vabbè	vabbè	_	_	_	_	_	linguistic	_	none	_	_	_	_	_	_
137-4	PKP131	137	137	4	vai:	vai	_	_	_	_	_	linguistic	_	none	_	End=231.226	2x1	_	_	_
138-0	PKP131	138	138	0	si	si	_	_	_	_	_	linguistic	_	none	_	Begin=233.021	_	_	_	_
138-1	PKP131	138	138	1	è	è	_	_	_	_	_	linguistic	_	none	_	_	_	_	_	_
138-2	PKP131	138	138	2	affacciata	affacciata	_	_	_	_	_	linguistic	_	none	_	End=234.034	_	_	_	_
139-0	PKP125	139	139	0	{ride}	{ride}	_	_	_	_	_	nonverbalbehavior	_	none	_	Begin=234.492|End=234.939	_	_	_	_
140-0	PKP131	140	140	0	mamma	mamma	_	_	_	_	_	linguistic	_	none	_	Begin=234.573|End=234.947	_	_	_	_
141-0	PKP131	141	141	0	stavano	stavano	_	_	_	_	_	linguistic	_	none	_	Begin=234.985	_	_	_	_
141-1	PKP131	141	141	1	facendo	facendo	_	_	_	_	_	linguistic	_	none	_	_	_	_	_	_
141-2	PKP131	141	141	2	i	i	_	_	_	_	_	linguistic	_	none	_	_	_	_	_	_
141-3	PKP131	141	141	3	tiktok	tiktok	_	_	_	_	_	linguistic	_	none	_	End=236.157	_	_	_	_
142-0	PKP131	142	142	0	#quindi	#quindi	_	_	_	_	_	error	_	none	_	Begin=236.379	_	_	_	_
142-1	PKP131	142	142	1	tutt'	tutt'	_	_	_	_	_	linguistic	_	none	SpaceAfter=No	_	_	_	_	_
142-2	PKP131	142	142	2	appost	appost	_	_	_	_	_	linguistic	_	none	_	End=237.211	_	_	_	_
143-0	PKP125	143	143	0	oka(y)	okay	_	_	_	_	_	linguistic	_	none	_	Begin=237.768|End=238.139	_	_	3-4(0)	_
144-0	PKP131	144	144	0	fin	fin	_	_	_	_	_	linguistic	_	none	_	Begin=238.906	_	_	_	_
144-1	PKP131	144	144	1	quì	quì	_	_	_	_	_	linguistic	_	none	_	_	_	_	_	_
144-2	PKP131	144	144	2	tutto	tutto	_	_	_	_	_	linguistic	_	none	_	_	_	_	_	_
144-3	PKP131	144	144	3	bene	bene	_	_	_	_	_	linguistic	_	none	_	End=239.763	_	_	_	_
145-0	PKP131	145	145	0	po:i	poi	_	_	_	_	_	linguistic	_	none	_	Begin=239.867|End=240.31	1x1	_	_	_
146-0	PKP131	146	146	0	ha	ha	_	_	_	_	_	linguistic	_	none	_	Begin=240.428	_	_	_	_
146-1	PKP131	146	146	1	(stanato)	stanato	_	_	_	_	_	linguistic	_	none	_	_	_	_	0-7(0)	_
146-2	PKP131	146	146	2	delle	delle	_	_	_	_	_	linguistic	_	none	_	_	_	_	_	_
146-3	PKP131	146	146	3	altre	altre	_	_	_	_	_	linguistic	_	none	_	_	_	_	_	_
146-4	PKP131	146	146	4	amiche	amiche	_	_	_	_	_	linguistic	_	none	_	End=241.975	_	_	_	_
147-0	PKP125	147	147	0	{ride}	{ride}	_	_	_	_	_	nonverbalbehavior	_	none	_	Begin=242.458|End=242.995	_	_	_	_
148-0	PKP131	148	148	0	ha	ha	_	_	_	_	_	linguistic	_	none	_	Begin=243.95	_	_	_	_
148-1	PKP131	148	148	1	portato	portato	_	_	_	_	_	linguistic	_	none	_	_	_	_	_	_
148-2	PKP131	148	148	2	queste	queste	_	_	_	_	_	linguistic	_	none	_	_	_	_	_	_
148-3	PKP131	148	148	3	altre	altre	_	_	_	_	_	linguistic	_	none	_	_	_	_	_	_
148-4	PKP131	148	148	4	ami[che]	amiche	_	_	_	_	_	linguistic	_	none	_	End=245.339	_	_	_	3-6(30)
149-0	PKP125	149	149	0	[ass]embramento	assembramento	_	_	_	_	_	linguistic	_	none	_	Begin=245.147	_	_	_	0-3(30)
149-1	PKP125	149	149	1	di	di	_	_	_	_	_	linguistic	_	none	_	_	_	_	_	_
149-2	PKP125	149	149	2	amiche	amiche	_	_	_	_	_	linguistic	_	none	_	End=246.507	_	_	_	_
150-0	PKP131	150	150	0	portato	portato	_	_	_	_	_	linguistic	_	none	_	Begin=247.408	_	_	_	_
150-1	PKP131	150	150	1	queste	queste	_	_	_	_	_	linguistic	_	none	_	_	_	_	_	_
150-2	PKP131	150	150	2	altre	altre	_	_	_	_	_	linguistic	_	none	_	_	_	_	_	_
150-3	PKP131	150	150	3	amiche	amiche	_	_	_	_	_	linguistic	_	none	_	End=248.522	_	_	_	_
151-0	PKP131	151	151	0	comunque	comunque	_	_	_	_	_	linguistic	_	none	_	Begin=248.61|End=249.063	_	_	_	_
152-0	PKP131	152	152	0	io	io	_	_	_	_	_	linguistic	_	none	_	Begin=249.177	_	_	_	_
152-1	PKP131	152	152	1	non	non	_	_	_	_	_	linguistic	_	none	_	_	_	_	_	_
152-2	PKP131	152	152	2	so	so	_	_	_	_	_	linguistic	_	none	_	_	_	_	_	_
152-3	PKP131	152	152	3	come	come	_	_	_	_	_	linguistic	_	none	_	_	_	_	_	_
152-4	PKP131	152	152	4	hanno	hanno	_	_	_	_	_	linguistic	_	none	_	_	_	_	_	_
152-5	PKP131	152	152	5	fatto	fatto	_	_	_	_	_	linguistic	_	none	_	End=250.28	_	_	_	_
153-0	PKP131	153	153	0	hanno	hanno	_	_	_	_	_	linguistic	_	none	_	Begin=250.305	_	_	_	_
153-1	PKP131	153	153	1	aperto	aperto	_	_	_	_	_	linguistic	_	none	_	_	_	_	_	_
153-2	PKP131	153	153	2	la	la	_	_	_	_	_	linguistic	_	none	_	_	_	_	_	_
153-3	PKP131	153	153	3	bombola	bombola	_	_	_	_	_	linguistic	_	none	_	_	_	_	_	_
153-4	PKP131	153	153	4	del	del	_	_	_	_	_	linguistic	_	none	_	_	_	_	_	_
153-5	PKP131	153	153	5	gas	gas	_	_	_	_	_	linguistic	_	none	_	End=251.827	_	_	_	_
154-0	PKP125	154	154	0	COSA:?	cosa	_	_	_	_	_	linguistic	_	none	Intonation=Rising|Volume=high	Begin=251.901|End=252.733	3x1	_	_	_
155-0	PKP131	155	155	0	si	si	_	_	_	_	_	linguistic	_	none	_	Begin=253.896	_	_	_	_
155-1	PKP131	155	155	1	sono	sono	_	_	_	_	_	linguistic	_	none	_	_	_	_	_	_
155-2	PKP131	155	155	2	messe	messe	_	_	_	_	_	linguistic	_	none	_	_	_	_	_	_
155-3	PKP131	155	155	3	a	a	_	_	_	_	_	linguistic	_	none	_	_	_	_	_	_
155-4	PKP131	155	155	4	cucinare	cucinare	_	_	_	_	_	linguistic	_	none	_	End=255.128	_	_	_	_
156-0	PKP131	156	156	0	hanno	hanno	_	_	_	_	_	linguistic	_	none	_	Begin=255.374	_	_	_	_
156-1	PKP131	156	156	1	fatto	fatto	_	_	_	_	_	linguistic	_	none	_	_	_	_	_	_
156-2	PKP131	156	156	2	la	la	_	_	_	_	_	linguistic	_	none	_	_	_	_	_	_
156-3	PKP131	156	156	3	pasta,	pasta	_	_	_	_	_	linguistic	_	none	Intonation=WeaklyRising	End=256.615	_	_	_	_
157-0	PKP131	157	157	0	i	i	_	_	_	_	_	linguistic	_	none	_	Begin=256.66	_	_	_	_
157-1	PKP131	157	157	1	wurstel,	wurstel	_	_	_	_	_	linguistic	_	none	Intonation=WeaklyRising	End=257.31	_	_	_	_
158-0	PKP131	158	158	0	i	i	_	_	_	_	_	linguistic	_	none	_	Begin=257.358	_	_	_	_
158-1	PKP131	158	158	1	pop	pop	_	_	_	_	_	linguistic	_	none	_	_	_	_	_	_
158-2	PKP131	158	158	2	corn	corn	_	_	_	_	_	linguistic	_	none	_	End=258.423	_	_	_	_
159-0	PKP125	159	159	0	{ride}	{ride}	_	_	_	_	_	nonverbalbehavior	_	none	_	Begin=258.586|End=260.555	_	_	_	_
160-0	PKP131	160	160	0	non	non	_	_	_	_	_	linguistic	_	none	_	Begin=258.813	_	_	_	_
160-1	PKP131	160	160	1	so	so	_	_	_	_	_	linguistic	_	none	_	_	_	_	_	_
160-2	PKP131	160	160	2	xxxx	xxxx	_	_	_	_	_	unknown	_	none	Syllables=4	_	_	_	_	_
160-3	PKP131	160	160	3	quel	quel	_	_	_	_	_	linguistic	_	none	_	_	_	_	_	_
160-4	PKP131	160	160	4	xx	xx	_	_	_	_	_	unknown	_	none	Syllables=2	End=260.476	_	_	_	_
161-0	PKP131	161	161	0	che	che	_	_	_	_	_	linguistic	_	none	_	Begin=261.201	_	_	_	_
161-1	PKP131	161	161	1	comunque	comunque	_	_	_	_	_	linguistic	_	none	_	End=261.954	_	_	_	_
162-0	PKP125	162	162	0	adoro	adoro	_	_	_	_	_	linguistic	_	none	_	Begin=262.132	_	_	_	_
162-1	PKP125	162	162	1	{ride}	{ride}	_	_	_	_	_	nonverbalbehavior	_	none	_	End=263.211	_	_	_	_
163-0	PKP125	163	163	0	{fa	{fa	_	_	_	_	_	nonverbalbehavior	_	none	_	Begin=264.266	_	_	_	_
163-1	PKP125	163	163	1	un	un	_	_	_	_	_	linguistic	_	none	_	_	_	_	_	_
163-2	PKP125	163	163	2	urletto)	urletto	_	_	_	_	_	linguistic	_	none	_	End=264.64	_	_	_	_
164-0	PKP125	164	164	0	{ride}	{ride}	_	_	_	_	_	nonverbalbehavior	_	none	_	Begin=264.667|End=265.098	_	_	_	_
165-0	PKP131	165	165	0	è	è	_	_	_	_	_	linguistic	_	none	_	Begin=265.832	_	_	_	_
165-1	PKP131	165	165	1	successo	successo	_	_	_	_	_	linguistic	_	none	_	_	_	_	_	_
165-2	PKP131	165	165	2	il	il	_	_	_	_	_	linguistic	_	none	_	_	_	_	_	_
165-3	PKP131	165	165	3	panico	panico	_	_	_	_	_	linguistic	_	none	_	End=267.039	_	_	_	_
166-0	PKP131	166	166	0	#nonna	#nonna	_	_	_	_	_	error	_	none	_	Begin=269.581	_	_	_	_
166-1	PKP131	166	166	1	tutta	tutta	_	_	_	_	_	linguistic	_	none	_	_	_	_	_	_
166-2	PKP131	166	166	2	(sgobellata)	sgobellata	_	_	_	_	_	linguistic	_	none	_	_	_	_	0-10(0)	_
166-3	PKP131	166	166	3	che	che	_	_	_	_	_	linguistic	_	none	_	_	_	_	_	_
166-4	PKP131	166	166	4	non	non	_	_	_	_	_	linguistic	_	none	_	_	_	_	_	_
166-5	PKP131	166	166	5	riusciva	riusciva	_	_	_	_	_	linguistic	_	none	_	_	_	_	_	_
166-6	PKP131	166	166	6	a:	a	_	_	_	_	_	linguistic	_	none	_	End=271.891	0x1	_	_	_
167-0	PKP131	167	167	0	perché	perché	_	_	_	_	_	linguistic	_	none	_	Begin=272.098	_	_	_	_
167-1	PKP131	167	167	1	veramente	veramente	_	_	_	_	_	linguistic	_	none	_	End=272.916	_	_	_	_
168-0	PKP131	168	168	0	boh	boh	_	_	_	_	_	linguistic	_	none	_	Begin=273.793|End=274.211	_	_	_	_
169-0	PKP131	169	169	0	(guarda)	guarda	_	_	_	_	_	linguistic	_	none	_	Begin=276.266	_	_	0-6(0)	_
169-1	PKP131	169	169	1	che	che	_	_	_	_	_	linguistic	_	none	_	_	_	_	_	_
169-2	PKP131	169	169	2	hanno	hanno	_	_	_	_	_	linguistic	_	none	_	_	_	_	_	_
169-3	PKP131	169	169	3	fatto	fatto	_	_	_	_	_	linguistic	_	none	_	End=277.157	_	_	_	_
170-0	PKP125	170	170	0	ma	ma	_	_	_	_	_	linguistic	_	none	_	Begin=277.285	_	_	_	_
170-1	PKP125	170	170	1	erano	erano	_	_	_	_	_	linguistic	_	none	_	_	_	_	_	_
170-2	PKP125	170	170	2	commestibili	commestibili	_	_	_	_	_	linguistic	_	none	_	_	_	_	_	_
170-3	PKP125	170	170	3	queste	queste	_	_	_	_	_	linguistic	_	none	_	_	_	_	_	_
170-4	PKP125	170	170	4	cose	cose	_	_	_	_	_	linguistic	_	none	_	_	_	_	_	_
170-5	PKP125	170	170	5	che	che	_	_	_	_	_	linguistic	_	none	_	_	_	_	_	_
170-6	PKP125	170	170	6	hanno	hanno	_	_	_	_	_	linguistic	_	none	_	_	_	_	_	_
170-7	PKP125	170	170	7	[cucina:(to)]?	cucinato	_	_	_	_	_	linguistic	_	none	Intonation=Rising	End=279.812	5x1	_	6-8(0)	0-8(36)
171-0	PKP131	171	171	0	[ma	ma	_	_	_	_	_	linguistic	_	none	_	Begin=279.408	_	_	_	0-2(36)
171-1	PKP131	171	171	1	io]	io	_	_	_	_	_	linguistic	_	none	_	_	_	_	_	0-2(36)
171-2	PKP131	171	171	2	non	non	_	_	_	_	_	linguistic	_	none	_	_	_	_	_	_
171-3	PKP131	171	171	3	ne	ne	_	_	_	_	_	linguistic	_	none	_	_	_	_	_	_
171-4	PKP131	171	171	4	ho	ho	_	_	_	_	_	linguistic	_	none	_	_	_	_	_	_
171-5	PKP131	171	171	5	idea:	idea	_	_	_	_	_	linguistic	_	none	_	End=280.439	3x1	_	_	_
172-0	PKP125	172	172	0	dove	dove	_	_	_	_	_	linguistic	_	none	_	Begin=280.689	_	_	_	_
172-1	PKP125	172	172	1	l'	l'	_	_	_	_	_	linguistic	_	none	SpaceAfter=No	_	_	_	_	_
172-2	PKP125	172	172	2	hanno	hanno	_	_	_	_	_	linguistic	_	none	_	_	_	_	_	_
172-3	PKP125	172	172	3	presa	presa	_	_	_	_	_	linguistic	_	none	_	_	_	_	_	_
172-4	PKP125	172	172	4	la	la	_	_	_	_	_	linguistic	_	none	_	_	_	_	_	_
172-5	PKP125	172	172	5	pasta?	pasta	_	_	_	_	_	linguistic	_	none	Intonation=Rising	End=282.014	_	_	_	_
173-0	PKP131	173	173	0	di	di	_	_	_	_	_	linguistic	_	none	_	Begin=282.098	_	_	_	_
173-1	PKP131	173	173	1	fronte:	fronte	_	_	_	_	_	linguistic	_	none	_	End=282.985	5x1	_	_	_
174-0	PKP131	174	174	0	da	da	_	_	_	_	_	linguistic	_	none	_	Begin=283.45	_	_	_	_
174-1	PKP131	174	174	1	tonino	tonino	_	_	_	_	_	linguistic	_	none	_	_	_	_	_	_
174-2	PKP131	174	174	2	in	in	_	_	_	_	_	linguistic	_	none	_	_	_	_	_	_
174-3	PKP131	174	174	3	macelle[ria]	macelleria	_	_	_	_	_	linguistic	_	none	_	End=284.61	_	_	_	7-10(38)
175-0	PKP125	175	175	0	[la	la	_	_	_	_	_	linguistic	_	none	_	Begin=284.413	_	_	_	0-2(38)
175-1	PKP125	175	175	1	so]no	sono	_	_	_	_	_	linguistic	_	none	_	_	_	_	_	0-2(38)
175-2	PKP125	175	175	2	andate	andate	_	_	_	_	_	linguistic	_	none	_	_	_	_	_	_
175-3	PKP125	175	175	3	a	a	_	_	_	_	_	linguistic	_	none	_	_	_	_	_	_
175-4	PKP125	175	175	4	comprare?	comprare	_	_	_	_	_	linguistic	_	none	Intonation=Rising	End=285.66	_	_	_	_
176-0	PKP125	176	176	0	{ride}	{ride}	_	_	_	_	_	nonverbalbehavior	_	none	_	Begin=285.822|End=286.458	_	_	_	_
177-0	PKP131	177	177	0	poi	poi	_	_	_	_	_	linguistic	_	none	_	Begin=286.226	_	_	_	_
177-1	PKP131	177	177	1	tengono	tengono	_	_	_	_	_	linguistic	_	none	_	_	_	_	_	_
177-2	PKP131	177	177	2	tipo	tipo	_	_	_	_	_	linguistic	_	none	_	_	_	_	_	_
177-3	PKP131	177	177	3	due	due	_	_	_	_	_	linguistic	_	none	_	_	_	_	_	_
177-4	PKP131	177	177	4	euro	euro	_	_	_	_	_	linguistic	_	none	_	_	_	_	_	_
177-5	PKP131	177	177	5	a	a	_	_	_	_	_	linguistic	_	none	_	_	_	_	_	_
177-6	PKP131	177	177	6	testa	testa	_	_	_	_	_	linguistic	_	none	_	End=287.886	_	_	_	_
178-0	PKP131	178	178	0	ciascuna	ciascuna	_	_	_	_	_	linguistic	_	none	_	Begin=287.931	_	_	_	_
178-1	PKP131	178	178	1	in	in	_	_	_	_	_	linguistic	_	none	_	_	_	_	_	_
178-2	PKP131	178	178	2	tasca:	tasca	_	_	_	_	_	linguistic	_	none	_	End=289.03	4x1	_	_	_
179-0	PKP131	179	179	0	che	che	_	_	_	_	_	linguistic	_	none	_	Begin=289.349	_	_	_	_
179-1	PKP131	179	179	1	devono	devono	_	_	_	_	_	linguistic	_	none	_	_	_	_	_	_
179-2	PKP131	179	179	2	uscire	uscire	_	_	_	_	_	linguistic	_	none	_	_	_	_	_	_
179-3	PKP131	179	179	3	devono	devono	_	_	_	_	_	linguistic	_	none	_	_	_	_	_	_
179-4	PKP131	179	179	4	anda:(re)	andare	_	_	_	_	_	linguistic	_	none	_	End=291.0	3x1	_	4-6(0)	_
180-0	PKP125	180	180	0	{ride}	{ride}	_	_	_	_	_	nonverbalbehavior	_	none	_	Begin=290.541|End=293.4	_	_	_	_
181-0	PKP131	181	181	0	sulla	sulla	_	_	_	_	_	linguistic	_	none	_	Begin=291.046	_	_	_	_
181-1	PKP131	181	181	1	(villetta)	villetta	_	_	_	_	_	linguistic	_	none	_	_	_	_	0-8(0)	_
181-2	PKP131	181	181	2	quella	quella	_	_	_	_	_	linguistic	_	none	_	_	_	_	_	_
181-3	PKP131	181	181	3	xxxxx	xxxxx	_	_	_	_	_	unknown	_	none	Syllables=5	End=292.581	_	_	_	_
182-0	PKP131	182	182	0	quindi:	quindi	_	_	_	_	_	linguistic	_	none	_	Begin=293.852|End=294.487	5x1	_	_	_
183-0	PKP125	183	183	0	cioè	cioè	_	_	_	_	_	linguistic	_	none	_	Begin=295.858	_	_	_	_
183-1	PKP125	183	183	1	ti	ti	_	_	_	_	_	linguistic	_	none	_	_	_	_	_	_
183-2	PKP125	183	183	2	rendi	rendi	_	_	_	_	_	linguistic	_	none	_	_	_	_	_	_
183-3	PKP125	183	183	3	conto	conto	_	_	_	_	_	linguistic	_	none	_	End=296.665	_	_	_	_
184-0	PKP125	184	184	0	qu[esta	questa	_	_	_	_	_	linguistic	_	none	_	Begin=296.704	_	_	_	2-6(40)
184-1	PKP125	184	184	1	è	è	_	_	_	_	_	linguistic	_	none	_	_	_	_	_	0-1(40)
184-2	PKP125	184	184	2	una	una	_	_	_	_	_	linguistic	_	none	_	_	_	_	_	0-3(40)
184-3	PKP125	184	184	3	cosa	cosa	_	_	_	_	_	linguistic	_	none	_	_	_	_	_	0-4(40)
184-4	PKP125	184	184	4	che]	che	_	_	_	_	_	linguistic	_	none	_	End=297.586	_	_	_	0-3(40)
185-0	PKP131	185	185	0	[e	e	_	_	_	_	_	linguistic	_	none	_	Begin=296.753	_	_	_	0-1(40)
185-1	PKP131	185	185	1	sono	sono	_	_	_	_	_	linguistic	_	none	_	_	_	_	_	0-4(40)
185-2	PKP131	185	185	2	andate	andate	_	_	_	_	_	linguistic	_	none	_	_	_	_	_	0-6(40)
185-3	PKP131	185	185	3	a	a	_	_	_	_	_	linguistic	_	none	_	_	_	_	_	0-1(40)
185-4	PKP131	185	185	4	fa'	fa'	_	_	_	_	_	linguistic	_	none	Truncated=Yes	_	_	_	_	0-3(40)
185-5	PKP131	185	185	5	la	la	_	_	_	_	_	linguistic	_	none	_	_	_	_	_	0-2(40)
185-6	PKP131	185	185	6	s]pesa	spesa	_	_	_	_	_	linguistic	_	none	_	End=298.064	_	_	_	0-1(40)
186-0	PKP125	186	186	0	che	che	_	_	_	_	_	linguistic	_	none	_	Begin=298.162	_	_	_	_
186-1	PKP125	186	186	1	dimostra	dimostra	_	_	_	_	_	linguistic	_	none	_	_	_	_	_	_
186-2	PKP125	186	186	2	grande:	grande	_	_	_	_	_	linguistic	_	none	_	End=299.65	5x1	_	_	_
187-0	PKP125	187	187	0	{ride}	{ride}	_	_	_	_	_	nonverbalbehavior	_	none	_	Begin=302.502|End=303.295	_	_	_	_
188-0	PKP131	188	188	0	grande?	grande	_	_	_	_	_	linguistic	_	none	Intonation=Rising	Begin=302.738|End=303.211	_	_	_	_
189-0	PKP125	189	189	0	c(io)è	cioè	_	_	_	_	_	linguistic	_	none	_	Begin=305.714|End=306.093	_	_	1-3(0)	_
190-0	PKP125	190	190	0	vabbè	vabbè	_	_	_	_	_	linguistic	_	none	_	Begin=310.157	_	_	_	_
190-1	PKP125	190	190	1	ha	ha	_	_	_	_	_	linguistic	_	none	_	_	_	_	_	_
190-2	PKP125	190	190	2	organizzato	organizzato	_	_	_	_	_	linguistic	_	none	_	_	_	_	_	_
190-3	PKP125	190	190	3	una	una	_	_	_	_	_	linguistic	_	none	_	_	_	_	_	_
190-4	PKP125	190	190	4	cena	cena	_	_	_	_	_	linguistic	_	none	_	_	_	_	_	_
190-5	PKP125	190	190	5	a	a	_	_	_	_	_	linguistic	_	none	_	_	_	_	_	_
190-6	PKP125	190	190	6	casa	casa	_	_	_	_	_	linguistic	_	none	_	End=311.566	_	_	_	_
191-0	PKP125	191	191	0	#non	#non	_	_	_	_	_	error	_	none	_	Begin=311.601	_	_	_	_
191-1	PKP125	191	191	1	ce	ce	_	_	_	_	_	linguistic	_	none	_	_	_	_	_	_
191-2	PKP125	191	191	2	ne	ne	_	_	_	_	_	linguistic	_	none	_	_	_	_	_	_
191-3	PKP125	191	191	3	vo	vo	_	_	_	_	_	linguistic	_	none	_	_	_	_	_	_
191-4	PKP125	191	191	4	una	una	_	_	_	_	_	linguistic	_	none	_	_	_	_	_	_
191-5	PKP125	191	191	5	xx	xx	_	_	_	_	_	unknown	_	none	Syllables=2	_	_	_	_	_
191-6	PKP125	191	191	6	{ride}	{ride}	_	_	_	_	_	nonverbalbehavior	_	none	_	End=313.463	_	_	_	_
192-0	PKP131	192	192	0	{ride}	{ride}	_	_	_	_	_	nonverbalbehavior	_	none	_	Begin=312.706|End=313.386	_	_	_	_
193-0	PKP125	193	193	0	non	non	_	_	_	_	_	linguistic	_	none	_	Begin=314.024	_	_	_	_
193-1	PKP125	193	193	1	le	le	_	_	_	_	_	linguistic	_	none	_	_	_	_	_	_
193-2	PKP125	193	193	2	faccio	faccio	_	_	_	_	_	linguistic	_	none	_	_	_	_	_	_
193-3	PKP125	193	193	3	io	io	_	_	_	_	_	linguistic	_	none	PauseAfter=Yes	_	_	_	_	_
193-4	PKP125	193	193	4	{P}	{P}	_	_	_	_	_	shortpause	_	none	_	_	_	_	_	_
193-5	PKP125	193	193	5	le	le	_	_	_	_	_	linguistic	_	none	_	_	_	_	_	_
193-6	PKP125	193	193	6	fai	fai	_	_	_	_	_	linguistic	_	none	_	_	_	_	_	_
193-7	PKP125	193	193	7	lei	lei	_	_	_	_	_	linguistic	_	none	_	End=315.615	_	_	_	_
194-0	PKP131	194	194	0	comunque	comunque	_	_	_	_	_	linguistic	_	none	_	Begin=316.991	_	_	_	_
194-1	PKP131	194	194	1	mamma	mamma	_	_	_	_	_	linguistic	_	none	_	_	_	_	_	_
194-2	PKP131	194	194	2	il	il	_	_	_	_	_	linguistic	_	none	_	_	_	_	_	_
194-3	PKP131	194	194	3	giorno	giorno	_	_	_	_	_	linguistic	_	none	_	_	_	_	_	_
194-4	PKP131	194	194	4	dopo	dopo	_	_	_	_	_	linguistic	_	none	_	_	_	_	_	_
194-5	PKP131	194	194	5	è	è	_	_	_	_	_	linguistic	_	none	_	_	_	_	_	_
194-6	PKP131	194	194	6	dovuta	dovuta	_	_	_	_	_	linguistic	_	none	_	_	_	_	_	_
194-7	PKP131	194	194	7	anche	anche	_	_	_	_	_	linguistic	_	none	_	_	_	_	_	_
194-8	PKP131	194	194	8	andare	andare	_	_	_	_	_	linguistic	_	none	_	_	_	_	_	_
194-9	PKP131	194	194	9	a	a	_	_	_	_	_	linguistic	_	none	_	_	_	_	_	_
194-10	PKP131	194	194	10	pulire	pulire	_	_	_	_	_	linguistic	_	none	_	End=319.33	_	_	_	_
195-0	PKP131	195	195	0	xx	xx	_	_	_	_	_	unknown	_	none	Syllables=2	Begin=319.362	_	_	_	_
195-1	PKP131	195	195	1	che	che	_	_	_	_	_	linguistic	_	none	_	_	_	_	_	_
195-2	PKP131	195	195	2	no:n	non	_	_	_	_	_	linguistic	_	none	_	_	1x1	_	_	_
195-3	PKP131	195	195	3	ce	ce	_	_	_	_	_	linguistic	_	none	_	_	_	_	_	_
195-4	PKP131	195	195	4	la	la	_	_	_	_	_	linguistic	_	none	_	_	_	_	_	_
195-5	PKP131	195	195	5	faceva	faceva	_	_	_	_	_	linguistic	_	none	_	End=320.542	_	_	_	_
196-0	PKP125	196	196	0	mi	mi	_	_	_	_	_	linguistic	_	none	_	Begin=320.906	_	_	_	_
196-1	PKP125	196	196	1	sento	sento	_	_	_	_	_	linguistic	_	none	_	_	_	_	_	_
196-2	PKP125	196	196	2	male	male	_	_	_	_	_	linguistic	_	none	_	End=321.655	_	_	_	_
197-0	PKP125	197	197	0	sai	sai	_	_	_	_	_	linguistic	_	none	_	Begin=321.716	_	_	_	_
197-1	PKP125	197	197	1	pure	pure	_	_	_	_	_	linguistic	_	none	_	_	_	_	_	_
197-2	PKP125	197	197	2	che:	che	_	_	_	_	_	linguistic	_	none	_	_	2x1	_	_	_
197-3	PKP125	197	197	3	che	che	_	_	_	_	_	linguistic	_	none	_	_	_	_	_	_
197-4	PKP125	197	197	4	disastro	disastro	_	_	_	_	_	linguistic	_	none	_	_	_	_	_	_
197-5	PKP125	197	197	5	che	che	_	_	_	_	_	linguistic	_	none	_	_	_	_	_	_
197-6	PKP125	197	197	6	hanno	hanno	_	_	_	_	_	linguistic	_	none	_	_	_	_	_	_
197-7	PKP125	197	197	7	combinat[o]	combinato	_	_	_	_	_	linguistic	_	none	_	End=323.679	_	_	_	8-9(44)
198-0	PKP131	198	198	0	[s]ì:	sì	_	_	_	_	_	linguistic	_	none	_	Begin=323.63|End=324.029	1x1	_	_	0-1(44)
199-0	PKP131	199	199	0	hanno	hanno	_	_	_	_	_	linguistic	_	none	_	Begin=324.566	_	_	_	_
199-1	PKP131	199	199	1	smontato	smontato	_	_	_	_	_	linguistic	_	none	_	_	_	_	_	_
199-2	PKP131	199	199	2	anche	anche	_	_	_	_	_	linguistic	_	none	_	_	_	_	_	_
199-3	PKP131	199	199	3	i	i	_	_	_	_	_	linguistic	_	none	_	_	_	_	_	_
199-4	PKP131	199	199	4	mobili	mobili	_	_	_	_	_	linguistic	_	none	_	End=326.054	_	_	_	_
200-0	PKP131	200	200	0	>tipo	tipo	_	_	_	_	_	linguistic	_	none	_	Begin=326.101	_	Fast=0-4(0)	_	_
200-1	PKP131	200	200	1	che	che	_	_	_	_	_	linguistic	_	none	_	_	_	Fast=0-3(0)	_	_
200-2	PKP131	200	200	2	è	è	_	_	_	_	_	linguistic	_	none	_	_	_	Fast=0-1(0)	_	_
200-3	PKP131	200	200	3	caduto<	caduto	_	_	_	_	_	linguistic	_	none	_	_	_	Fast=0-6(0)	_	_
200-4	PKP131	200	200	4	un	un	_	_	_	_	_	linguistic	_	none	_	_	_	_	_	_
200-5	PKP131	200	200	5	piatto	piatto	_	_	_	_	_	linguistic	_	none	_	_	_	_	_	_
200-6	PKP131	200	200	6	in	in	_	_	_	_	_	linguistic	_	none	_	_	_	_	_	_
200-7	PKP131	200	200	7	testa	testa	_	_	_	_	_	linguistic	_	none	_	_	_	_	_	_
200-8	PKP131	200	200	8	a	a	_	_	_	_	_	linguistic	_	none	_	_	_	_	_	_
200-9	PKP131	200	200	9	mamma:	mamma	_	_	_	_	_	linguistic	_	none	_	End=327.867	4x1	_	_	_
201-0	PKP131	201	201	0	si	si	_	_	_	_	_	linguistic	_	none	_	Begin=328.443	_	_	_	_
201-1	PKP131	201	201	1	è	è	_	_	_	_	_	linguistic	_	none	_	_	_	_	_	_
201-2	PKP131	201	201	2	rotta	rotta	_	_	_	_	_	linguistic	_	none	_	_	_	_	_	_
201-3	PKP131	201	201	3	[un'	un'	_	_	_	_	_	linguistic	_	none	SpaceAfter=No	_	_	_	_	0-3(46)
201-4	PKP131	201	201	4	unghia:]	unghia	_	_	_	_	_	linguistic	_	none	_	End=329.466	5x1	_	_	0-6(46)
202-0	PKP125	202	202	0	[(ma:do]nna	madonna	_	_	_	_	_	linguistic	_	none	_	Begin=328.862	1x1	_	0-7(0)	0-4(46)
202-1	PKP125	202	202	1	mi)	mi	_	_	_	_	_	linguistic	_	none	_	End=329.778	_	_	0-2(0)	_
203-0	PKP131	203	203	0	non	non	_	_	_	_	_	linguistic	_	none	_	Begin=332.113	_	_	_	_
203-1	PKP131	203	203	1	ti	ti	_	_	_	_	_	linguistic	_	none	_	_	_	_	_	_
203-2	PKP131	203	203	2	dico	dico	_	_	_	_	_	linguistic	_	none	_	_	_	_	_	_
203-3	PKP131	203	203	3	cosa	cosa	_	_	_	_	_	linguistic	_	none	_	_	_	_	_	_
203-4	PKP131	203	203	4	gli	gli	_	_	_	_	_	linguistic	_	none	_	_	_	_	_	_
203-5	PKP131	203	203	5	è	è	_	_	_	_	_	linguistic	_	none	_	_	_	_	_	_
203-6	PKP131	203	203	6	successo	successo	_	_	_	_	_	linguistic	_	none	_	_	_	_	_	_
203-7	PKP131	203	203	7	dopo	dopo	_	_	_	_	_	linguistic	_	none	_	_	_	_	_	_
203-8	PKP131	203	203	8	a	a	_	_	_	_	_	linguistic	_	none	_	_	_	_	_	_
203-9	PKP131	203	203	9	federica	federica	_	_	_	_	_	linguistic	_	none	_	End=334.182	_	_	_	_
204-0	PKP125	204	204	0	ma	ma	_	_	_	_	_	linguistic	_	none	_	Begin=336.305	_	_	_	_
204-1	PKP125	204	204	1	è	è	_	_	_	_	_	linguistic	_	none	_	_	_	_	_	_
204-2	PKP125	204	204	2	troppo:	troppo	_	_	_	_	_	linguistic	_	none	_	_	5x1	_	_	_
204-3	PKP125	204	204	3	esagerata	esagerata	_	_	_	_	_	linguistic	_	none	_	End=338.004	_	_	_	_
205-0	PKP125	205	205	0	ma	ma	_	_	_	_	_	linguistic	_	none	_	Begin=341.399	_	_	_	_
205-1	PKP125	205	205	1	da	da	_	_	_	_	_	linguistic	_	none	_	_	_	_	_	_
205-2	PKP125	205	205	2	chi	chi	_	_	_	_	_	linguistic	_	none	_	_	_	_	_	_
205-3	PKP125	205	205	3	ha	ha	_	_	_	_	_	linguistic	_	none	_	_	_	_	_	_
205-4	PKP125	205	205	4	preso	preso	_	_	_	_	_	linguistic	_	none	_	_	_	_	_	_
205-5	PKP125	205	205	5	questa	questa	_	_	_	_	_	linguistic	_	none	_	_	_	_	_	_
205-6	PKP125	205	205	6	verve?	verve	_	_	_	_	_	linguistic	_	none	Intonation=Rising	End=343.007	_	_	_	_
206-0	PKP131	206	206	0	non	non	_	_	_	_	_	linguistic	_	none	_	Begin=343.945	_	_	_	_
206-1	PKP131	206	206	1	lo	lo	_	_	_	_	_	linguistic	_	none	_	_	_	_	_	_
206-2	PKP131	206	206	2	so	so	_	_	_	_	_	linguistic	_	none	_	End=344.354	_	_	_	_
207-0	PKP131	207	207	0	sicuramente	sicuramente	_	_	_	_	_	linguistic	_	none	_	Begin=346.374	_	_	_	_
207-1	PKP131	207	207	1	non	non	_	_	_	_	_	linguistic	_	none	_	_	_	_	_	_
207-2	PKP131	207	207	2	da	da	_	_	_	_	_	linguistic	_	none	_	_	_	_	_	_
207-3	PKP131	207	207	3	me	me	_	_	_	_	_	linguistic	_	none	_	End=347.399	_	_	_	_
208-0	PKP125	208	208	0	beh	beh	_	_	_	_	_	linguistic	_	none	_	Begin=348.66	_	_	_	_
208-1	PKP125	208	208	1	no	no	_	_	_	_	_	linguistic	_	none	_	End=349.004	_	_	_	_
209-0	PKP125	209	209	0	mi	mi	_	_	_	_	_	linguistic	_	none	_	Begin=350.645	_	_	_	_
209-1	PKP125	209	209	1	incute	incute	_	_	_	_	_	linguistic	_	none	_	_	_	_	_	_
209-2	PKP125	209	209	2	proprio	proprio	_	_	_	_	_	linguistic	_	none	_	End=351.305	_	_	_	_
210-0	PKP125	210	210	0	(però)	però	_	_	_	_	_	linguistic	_	none	_	Begin=356.669|End=356.965	_	_	0-4(0)	_
211-0	PKP125	211	211	0	potevano	potevano	_	_	_	_	_	linguistic	_	none	_	Begin=357.563	_	_	_	_
211-1	PKP125	211	211	1	farla	farla	_	_	_	_	_	linguistic	_	none	_	End=358.428	_	_	_	_
212-0	PKP125	212	212	0	>(que)sta<	questa	_	_	_	_	_	linguistic	_	none	_	Begin=359.359	_	Fast=0-6(0)	0-3(0)	_
212-1	PKP125	212	212	1	[(fe:sta)]	festa	_	_	_	_	_	linguistic	_	none	_	End=360.47	1x1	_	0-5(1)	0-5(50)
213-0	PKP131	213	213	0	[io	io	_	_	_	_	_	linguistic	_	none	_	Begin=359.418	_	_	_	0-2(50)
213-1	PKP131	213	213	1	dico	dico	_	_	_	_	_	linguistic	_	none	_	_	_	_	_	0-4(50)
213-2	PKP131	213	213	2	che	che	_	_	_	_	_	linguistic	_	none	_	_	_	_	_	0-3(50)
213-3	PKP131	213	213	3	devono	devono	_	_	_	_	_	linguistic	_	none	_	_	_	_	_	0-6(50)
213-4	PKP131	213	213	4	(esplode]re)	esplodere	_	_	_	_	_	linguistic	_	none	_	End=360.615	_	_	0-9(0)	0-7(50)
214-0	PKP131	214	214	0	in	in	_	_	_	_	_	linguistic	_	none	_	Begin=362.532	_	_	_	_
214-1	PKP131	214	214	1	questo	questo	_	_	_	_	_	linguistic	_	none	_	_	_	_	_	_
214-2	PKP131	214	214	2	mamma	mamma	_	_	_	_	_	linguistic	_	none	_	_	_	_	_	_
214-3	PKP131	214	214	3	che	che	_	_	_	_	_	linguistic	_	none	_	_	_	_	_	_
214-4	PKP131	214	214	4	è	è	_	_	_	_	_	linguistic	_	none	_	_	_	_	_	_
214-5	PKP131	214	214	5	incazzata	incazzata	_	_	_	_	_	linguistic	_	none	_	_	_	_	_	_
214-6	PKP131	214	214	6	ha	ha	_	_	_	_	_	linguistic	_	none	_	_	_	_	_	_
214-7	PKP131	214	214	7	detto	detto	_	_	_	_	_	linguistic	_	none	_	End=364.3	_	_	_	_
215-0	PKP131	215	215	0	c(io)è	cioè	_	_	_	_	_	linguistic	_	none	_	Begin=364.35	_	_	1-3(0)	_
215-1	PKP131	215	215	1	tu:	tu	_	_	_	_	_	linguistic	_	none	_	End=365.034	1x1	_	_	_
216-0	PKP131	216	216	0	con	con	_	_	_	_	_	linguistic	_	none	_	Begin=366.96	_	_	_	_
216-1	PKP131	216	216	1	quale	quale	_	_	_	_	_	linguistic	_	none	PauseAfter=Yes	_	_	_	_	_
216-2	PKP131	216	216	2	{P}	{P}	_	_	_	_	_	shortpause	_	none	_	_	_	_	_	_
216-3	PKP131	216	216	3	coraggio	coraggio	_	_	_	_	_	linguistic	_	none	_	End=368.068	_	_	_	_
217-0	PKP131	217	217	0	hai	hai	_	_	_	_	_	linguistic	_	none	_	Begin=368.113	_	_	_	_
217-1	PKP131	217	217	1	fatto	fatto	_	_	_	_	_	linguistic	_	none	_	_	_	_	_	_
217-2	PKP131	217	217	2	questo	questo	_	_	_	_	_	linguistic	_	none	_	End=368.738	_	_	_	_
218-0	PKP131	218	218	0	senza	senza	_	_	_	_	_	linguistic	_	none	_	Begin=368.771	_	_	_	_
218-1	PKP131	218	218	1	chiedermi	chiedermi	_	_	_	_	_	linguistic	_	none	_	_	_	_	_	_
218-2	PKP131	218	218	2	il	il	_	_	_	_	_	linguistic	_	none	_	_	_	_	_	_
218-3	PKP131	218	218	3	perme:sso	permesso	_	_	_	_	_	linguistic	_	none	_	_	4x1	_	_	_
218-4	PKP131	218	218	4	senza::	senza	_	_	_	_	_	linguistic	_	none	_	End=370.852	4x2	_	_	_
219-0	PKP131	219	219	0	quando	quando	_	_	_	_	_	linguistic	_	none	_	Begin=371.546	_	_	_	_
219-1	PKP131	219	219	1	m'	m'	_	_	_	_	_	linguistic	_	none	SpaceAfter=No	_	_	_	_	_
219-2	PKP131	219	219	2	hanno	hanno	_	_	_	_	_	linguistic	_	none	_	_	_	_	_	_
219-3	PKP131	219	219	3	detto	detto	_	_	_	_	_	linguistic	_	none	_	_	_	_	_	_
219-4	PKP131	219	219	4	(che	che	_	_	_	_	_	linguistic	_	none	_	_	_	_	0-3(0)	_
219-5	PKP131	219	219	5	ha	ha	_	_	_	_	_	linguistic	_	none	_	_	_	_	0-2(0)	_
219-6	PKP131	219	219	6	acceso:)	acceso	_	_	_	_	_	linguistic	_	none	_	End=373.438	5x1	_	0-6(0)	_
220-0	PKP125	220	220	0	ma	ma	_	_	_	_	_	linguistic	_	none	_	Begin=373.581	_	_	_	_
220-1	PKP125	220	220	1	io	io	_	_	_	_	_	linguistic	_	none	_	_	_	_	_	_
220-2	PKP125	220	220	2	volevo	volevo	_	_	_	_	_	linguistic	_	none	_	_	_	_	_	_
220-3	PKP125	220	220	3	fare	fare	_	_	_	_	_	linguistic	_	none	_	_	_	_	_	_
220-4	PKP125	220	220	4	la	la	_	_	_	_	_	linguistic	_	none	_	_	_	_	_	_
220-5	PKP125	220	220	5	donna	donna	_	_	_	_	_	linguistic	_	none	_	_	_	_	_	_
220-6	PKP125	220	220	6	di	di	_	_	_	_	_	linguistic	_	none	_	_	_	_	_	_
220-7	PKP125	220	220	7	casa	casa	_	_	_	_	_	linguistic	_	none	_	End=375.295	_	_	_	_
221-0	PKP125	221	221	0	volevo	volevo	_	_	_	_	_	linguistic	_	none	_	Begin=375.529	_	_	_	_
221-1	PKP125	221	221	1	fare	fare	_	_	_	_	_	linguistic	_	none	_	_	_	_	_	_
221-2	PKP125	221	221	2	un	un	_	_	_	_	_	linguistic	_	none	_	_	_	_	_	_
221-3	PKP125	221	221	3	po'	po'	_	_	_	_	_	linguistic	_	none	_	_	_	_	_	_
221-4	PKP125	221	221	4	arianna	arianna	_	_	_	_	_	linguistic	_	none	_	End=376.802	_	_	_	_
222-0	PKP131	222	222	0	{ride}	{ride}	_	_	_	_	_	nonverbalbehavior	_	none	_	Begin=376.827|End=377.911	_	_	_	_
223-0	PKP131	223	223	0	quando	quando	_	_	_	_	_	linguistic	_	none	_	Begin=379.369	_	_	_	_
223-1	PKP131	223	223	1	hai	hai	_	_	_	_	_	linguistic	_	none	_	_	_	_	_	_
223-2	PKP131	223	223	2	un	un	_	_	_	_	_	linguistic	_	none	_	_	_	_	_	_
223-3	PKP131	223	223	3	figl~	figl~	_	_	_	_	_	linguistic	_	none	Interrupted=Yes	End=380.118	_	_	_	_
224-0	PKP131	224	224	0	anco:ra:?	ancora	_	_	_	_	_	linguistic	_	none	Intonation=Rising	Begin=380.226|End=381.32	3x1,5x1	_	_	_
225-0	PKP125	225	225	0	di	di	_	_	_	_	_	linguistic	_	none	_	Begin=381.958	_	_	_	_
225-1	PKP125	225	225	1	nuo:vo:?	nuovo	_	_	_	_	_	linguistic	_	none	Intonation=Rising	End=382.955	2x1,4x1	_	_	_
226-0	PKP131	226	226	0	fa	fa	_	_	_	_	_	linguistic	_	none	_	Begin=382.975	_	_	_	_
226-1	PKP131	226	226	1	[(come	come	_	_	_	_	_	linguistic	_	none	_	_	_	_	0-4(0)	0-4(55)
226-2	PKP131	226	226	2	devo)]	devo	_	_	_	_	_	linguistic	_	none	_	_	_	_	0-4(0)	0-4(55)
226-3	PKP131	226	226	3	fa	fa	_	_	_	_	_	linguistic	_	none	_	End=383.862	_	_	_	_
227-0	PKP125	227	227	0	[(M::H)]	mh	_	_	_	_	_	linguistic	_	none	Volume=high	Begin=383.182|End=383.645	0x2	_	0-2(0)	0-2(55)
228-0	PKP125	228	228	0	GUARDA	guarda	_	_	_	_	_	linguistic	_	none	Volume=high	Begin=383.938|End=384.492	_	_	_	_
229-0	PKP131	229	229	0	che	che	_	_	_	_	_	linguistic	_	none	_	Begin=388.921	_	_	_	_
229-1	PKP131	229	229	1	poi	poi	_	_	_	_	_	linguistic	_	none	_	_	_	_	_	_
229-2	PKP131	229	229	2	però	però	_	_	_	_	_	linguistic	_	none	_	End=389.586	_	_	_	_
230-0	PKP125	230	230	0	ma	ma	_	_	_	_	_	linguistic	_	none	_	Begin=390.435	_	_	_	_
230-1	PKP125	230	230	1	quelle	quelle	_	_	_	_	_	linguistic	_	none	_	_	_	_	_	_
230-2	PKP125	230	230	2	sopracciglia	sopracciglia	_	_	_	_	_	linguistic	_	none	_	_	_	_	_	_
230-3	PKP125	230	230	3	sono:	sono	_	_	_	_	_	linguistic	_	none	_	End=392.253	3x1	_	_	_
231-0	PKP131	231	231	0	tatuate	tatuate	_	_	_	_	_	linguistic	_	none	_	Begin=392.369|End=392.983	_	_	_	_
232-0	PKP125	232	232	0	{ride}	{ride}	_	_	_	_	_	nonverbalbehavior	_	none	_	Begin=393.408|End=394.704	_	_	_	_
233-0	PKP125	233	233	0	{schiocca	{schiocca	_	_	_	_	_	nonverbalbehavior	_	none	_	Begin=394.886	_	_	_	_
233-1	PKP125	233	233	1	la	la	_	_	_	_	_	linguistic	_	none	_	_	_	_	_	_
233-2	PKP125	233	233	2	lingua)	lingua	_	_	_	_	_	linguistic	_	none	_	End=395.167	_	_	_	_
234-0	PKP125	234	234	0	xxx	xxx	_	_	_	_	_	unknown	_	none	Syllables=3	Begin=395.354|End=395.995	_	_	_	_
235-0	PKP131	235	235	0	xxx	xxx	_	_	_	_	_	unknown	_	none	Syllables=3	Begin=396.566|End=397.626	_	_	_	_
236-0	PKP125	236	236	0	sta	sta	_	_	_	_	_	linguistic	_	none	_	Begin=401.142	_	_	_	_
236-1	PKP125	236	236	1	registrando	registrando	_	_	_	_	_	linguistic	_	none	_	_	_	_	_	_
236-2	PKP125	236	236	2	sto	sto	_	_	_	_	_	linguistic	_	none	_	_	_	_	_	_
236-3	PKP125	236	236	3	coso?	coso	_	_	_	_	_	linguistic	_	none	Intonation=Rising	End=402.152	_	_	_	_
237-0	PKP125	237	237	0	sì?	sì	_	_	_	_	_	linguistic	_	none	Intonation=Rising	Begin=402.182|End=402.408	_	_	_	_
238-0	PKP125	238	238	0	ci	ci	_	_	_	_	_	linguistic	_	none	_	Begin=403.314	_	_	_	_
238-1	PKP125	238	238	1	vuole	vuole	_	_	_	_	_	linguistic	_	none	_	_	_	_	_	_
238-2	PKP125	238	238	2	coraggio	coraggio	_	_	_	_	_	linguistic	_	none	_	_	_	_	_	_
238-3	PKP125	238	238	3	eh	eh	_	_	_	_	_	linguistic	_	none	_	_	_	_	_	_
238-4	PKP125	238	238	4	per	per	_	_	_	_	_	linguistic	_	none	_	_	_	_	_	_
238-5	PKP125	238	238	5	fare	fare	_	_	_	_	_	linguistic	_	none	_	_	_	_	_	_
238-6	PKP125	238	238	6	delle	delle	_	_	_	_	_	linguistic	_	none	_	_	_	_	_	_
238-7	PKP125	238	238	7	sopracciglia	sopracciglia	_	_	_	_	_	linguistic	_	none	_	_	_	_	_	_
238-8	PKP125	238	238	8	così	così	_	_	_	_	_	linguistic	_	none	_	End=405.571	_	_	_	_
239-0	PKP125	239	239	0	cioè	cioè	_	_	_	_	_	linguistic	_	none	_	Begin=406.105	_	_	_	_
239-1	PKP125	239	239	1	sono	sono	_	_	_	_	_	linguistic	_	none	_	_	_	_	_	_
239-2	PKP125	239	239	2	proprio	proprio	_	_	_	_	_	linguistic	_	none	_	_	_	_	_	_
239-3	PKP125	239	239	3	un	un	_	_	_	_	_	linguistic	_	none	_	_	_	_	_	_
239-4	PKP125	239	239	4	po'	po'	_	_	_	_	_	linguistic	_	none	_	_	_	_	_	_
239-5	PKP125	239	239	5	come	come	_	_	_	_	_	linguistic	_	none	_	_	_	_	_	_
239-6	PKP125	239	239	6	quelle	quelle	_	_	_	_	_	linguistic	_	none	_	_	_	_	_	_
239-7	PKP125	239	239	7	là	là	_	_	_	_	_	linguistic	_	none	_	_	_	_	_	_
239-8	PKP125	239	239	8	del	del	_	_	_	_	_	linguistic	_	none	_	_	_	_	_	_
239-9	PKP125	239	239	9	duemila:	duemila	_	_	_	_	_	linguistic	_	none	_	End=408.31	6x1	_	_	_
240-0	PKP125	240	240	0	anni	anni	_	_	_	_	_	linguistic	_	none	_	Begin=408.403	_	_	_	_
240-1	PKP125	240	240	1	duemi:la	duemila	_	_	_	_	_	linguistic	_	none	_	_	4x1	_	_	_
240-2	PKP125	240	240	2	sai?	sai	_	_	_	_	_	linguistic	_	none	Intonation=Rising	End=409.699	_	_	_	_
241-0	PKP125	241	241	0	sottili	sottili	_	_	_	_	_	linguistic	_	none	_	Begin=410.024|End=410.817	_	_	_	_
242-0	PKP125	242	242	0	cioè	cioè	_	_	_	_	_	linguistic	_	none	_	Begin=410.999	_	_	_	_
242-1	PKP125	242	242	1	quel	quel	_	_	_	_	_	linguistic	_	none	_	_	_	_	_	_
242-2	PKP125	242	242	2	tipo	tipo	_	_	_	_	_	linguistic	_	none	_	_	_	_	_	_
242-3	PKP125	242	242	3	di	di	_	_	_	_	_	linguistic	_	none	_	_	_	_	_	_
242-4	PKP125	242	242	4	sopracciglia	sopracciglia	_	_	_	_	_	linguistic	_	none	_	_	_	_	_	_
242-5	PKP125	242	242	5	che	che	_	_	_	_	_	linguistic	_	none	_	_	_	_	_	_
242-6	PKP125	242	242	6	non	non	_	_	_	_	_	linguistic	_	none	_	_	_	_	_	_
242-7	PKP125	242	242	7	si	si	_	_	_	_	_	linguistic	_	none	_	_	_	_	_	_
242-8	PKP125	242	242	8	porta	porta	_	_	_	_	_	linguistic	_	none	_	_	_	_	_	_
242-9	PKP125	242	242	9	più	più	_	_	_	_	_	linguistic	_	none	_	End=412.98	_	_	_	_
243-0	PKP131	243	243	0	blu:	blu	_	_	_	_	_	linguistic	_	none	_	Begin=413.036|End=413.517	2x1	_	_	_
244-0	PKP125	244	244	0	{ride}	{ride}	_	_	_	_	_	nonverbalbehavior	_	none	_	Begin=413.921|End=415.192	_	_	_	_
245-0	PKP125	245	245	0	mado'	mado'	_	_	_	_	_	linguistic	_	none	Truncated=Yes	Begin=415.491|End=415.96	_	_	_	_
246-0	PKP125	246	246	0	{ride}	{ride}	_	_	_	_	_	nonverbalbehavior	_	none	_	Begin=417.62|End=418.458	_	_	_	_
247-0	PKP131	247	247	0	cioè	cioè	_	_	_	_	_	linguistic	_	none	_	Begin=422.423	_	_	_	_
247-1	PKP131	247	247	1	noi	noi	_	_	_	_	_	linguistic	_	none	_	_	_	_	_	_
247-2	PKP131	247	247	2	ridiamo	ridiamo	_	_	_	_	_	linguistic	_	none	_	_	_	_	_	_
247-3	PKP131	247	247	3	ma	ma	_	_	_	_	_	linguistic	_	none	_	_	_	_	_	_
247-4	PKP131	247	247	4	alla	alla	_	_	_	_	_	linguistic	_	none	_	_	_	_	_	_
247-5	PKP131	247	247	5	fine:	fine	_	_	_	_	_	linguistic	_	none	_	End=423.734	3x1	_	_	_
248-0	PKP131	248	248	0	>non	non	_	_	_	_	_	linguistic	_	none	_	Begin=424.403	_	Fast=0-3(0)	_	_
248-1	PKP131	248	248	1	c'	c'	_	_	_	_	_	linguistic	_	none	SpaceAfter=No	_	_	Fast=0-2(0)	_	_
248-2	PKP131	248	248	2	è<	è	_	_	_	_	_	linguistic	_	none	_	_	_	Fast=0-1(0)	_	_
248-3	PKP131	248	248	3	molto	molto	_	_	_	_	_	linguistic	_	none	_	_	_	_	_	_
248-4	PKP131	248	248	4	da	da	_	_	_	_	_	linguistic	_	none	_	_	_	_	_	_
248-5	PKP131	248	248	5	ri:(dere)	ridere	_	_	_	_	_	linguistic	_	none	_	End=425.216	1x1	_	2-6(0)	_
249-0	PKP125	249	249	0	noi	noi	_	_	_	_	_	linguistic	_	none	_	Begin=425.418	_	_	_	_
249-1	PKP125	249	249	1	ridiamo	ridiamo	_	_	_	_	_	linguistic	_	none	_	_	_	_	_	_
249-2	PKP125	249	249	2	ma	ma	_	_	_	_	_	linguistic	_	none	_	_	_	_	_	_
249-3	PKP125	249	249	3	(que)sta	questa	_	_	_	_	_	linguistic	_	none	_	_	_	_	0-3(0)	_
249-4	PKP125	249	249	4	gente	gente	_	_	_	_	_	linguistic	_	none	_	_	_	_	_	_
249-5	PKP125	249	249	5	fa	fa	_	_	_	_	_	linguistic	_	none	_	_	_	_	_	_
249-6	PKP125	249	249	6	(i	i	_	_	_	_	_	linguistic	_	none	_	_	_	_	0-1(1)	_
249-7	PKP125	249	249	7	figli)	figli	_	_	_	_	_	linguistic	_	none	_	End=427.428	_	_	0-5(1)	_
250-0	PKP131	250	250	0	di	di	_	_	_	_	_	linguistic	_	none	_	Begin=429.581	_	_	_	_
250-1	PKP131	250	250	1	nuo:vo?	nuovo	_	_	_	_	_	linguistic	_	none	Intonation=Rising	End=430.266	2x1	_	_	_
251-0	PKP125	251	251	0	ma	ma	_	_	_	_	_	linguistic	_	none	_	Begin=430.435	_	_	_	_
251-1	PKP125	251	251	1	poi	poi	_	_	_	_	_	linguistic	_	none	_	_	_	_	_	_
251-2	PKP125	251	251	2	secondo	secondo	_	_	_	_	_	linguistic	_	none	_	_	_	_	_	_
251-3	PKP125	251	251	3	me	me	_	_	_	_	_	linguistic	_	none	_	End=431.167	_	_	_	_
252-0	PKP125	252	252	0	il	il	_	_	_	_	_	linguistic	_	none	_	Begin=431.201	_	_	_	_
252-1	PKP125	252	252	1	suo	suo	_	_	_	_	_	linguistic	_	none	_	_	_	_	_	_
252-2	PKP125	252	252	2	uomo	uomo	_	_	_	_	_	linguistic	_	none	_	_	_	_	_	_
252-3	PKP125	252	252	3	cioè	cioè	_	_	_	_	_	linguistic	_	none	_	_	_	_	_	_
252-4	PKP125	252	252	4	a	a	_	_	_	_	_	linguistic	_	none	_	_	_	_	_	_
252-5	PKP125	252	252	5	un	un	_	_	_	_	_	linguistic	_	none	_	_	_	_	_	_
252-6	PKP125	252	252	6	certo	certo	_	_	_	_	_	linguistic	_	none	_	_	_	_	_	_
252-7	PKP125	252	252	7	punto	punto	_	_	_	_	_	linguistic	_	none	_	_	_	_	_	_
252-8	PKP125	252	252	8	dice	dice	_	_	_	_	_	linguistic	_	none	_	End=432.935	_	_	_	_
253-0	PKP125	253	253	0	madonna	madonna	_	_	_	_	_	linguistic	_	none	_	Begin=432.987	_	_	_	_
253-1	PKP125	253	253	1	ma	ma	_	_	_	_	_	linguistic	_	none	_	_	_	_	_	_
253-2	PKP125	253	253	2	questa:?	questa	_	_	_	_	_	linguistic	_	none	Intonation=Rising	End=434.044	5x1	_	_	_
254-0	PKP125	254	254	0	che	che	_	_	_	_	_	linguistic	_	none	_	Begin=434.556	_	_	_	_
254-1	PKP125	254	254	1	vuole	vuole	_	_	_	_	_	linguistic	_	none	_	_	_	_	_	_
254-2	PKP125	254	254	2	da	da	_	_	_	_	_	linguistic	_	none	_	_	_	_	_	_
254-3	PKP125	254	254	3	me:?	me	_	_	_	_	_	linguistic	_	none	Intonation=Rising	End=435.51	1x1	_	_	_
255-0	PKP131	255	255	0	xxxxx	xxxxx	_	_	_	_	_	unknown	_	none	Syllables=5	Begin=436.108|End=437.187	_	_	_	_
256-0	PKP125	256	256	0	{ride}	{ride}	_	_	_	_	_	nonverbalbehavior	_	none	_	Begin=437.857|End=439.212	_	_	_	_
257-0	PKP125	257	257	0	cosa	cosa	_	_	_	_	_	linguistic	_	none	_	Begin=441.041	_	_	_	_
257-1	PKP125	257	257	1	vuole	vuole	_	_	_	_	_	linguistic	_	none	_	_	_	_	_	_
257-2	PKP125	257	257	2	questo	questo	_	_	_	_	_	linguistic	_	none	_	_	_	_	_	_
257-3	PKP125	257	257	3	personaggio	personaggio	_	_	_	_	_	linguistic	_	none	_	_	_	_	_	_
257-4	PKP125	257	257	4	da	da	_	_	_	_	_	linguistic	_	none	_	_	_	_	_	_
257-5	PKP125	257	257	5	me:?	me	_	_	_	_	_	linguistic	_	none	Intonation=Rising	End=442.484	1x1	_	_	_
258-0	PKP131	258	258	0	(e:h)	eh	_	_	_	_	_	linguistic	_	none	_	Begin=443.118	0x1	_	0-2(0)	_
258-1	PKP131	258	258	1	non	non	_	_	_	_	_	linguistic	_	none	_	_	_	_	_	_
258-2	PKP131	258	258	2	ho	ho	_	_	_	_	_	linguistic	_	none	_	_	_	_	_	_
258-3	PKP131	258	258	3	capito	capito	_	_	_	_	_	linguistic	_	none	_	_	_	_	_	_
258-4	PKP131	258	258	4	bene:	bene	_	_	_	_	_	linguistic	_	none	_	End=444.526	3x1	_	_	_
259-0	PKP131	259	259	0	però:	però	_	_	_	_	_	linguistic	_	none	_	Begin=445.103|End=445.561	3x1	_	_	_
260-0	PKP131	260	260	0	(>doveva<)	doveva	_	_	_	_	_	linguistic	_	none	_	Begin=446.078	_	Fast=0-6(0)	0-6(0)	_
260-1	PKP131	260	260	1	prendere	prendere	_	_	_	_	_	linguistic	_	none	_	_	_	_	_	_
260-2	PKP131	260	260	2	dei	dei	_	_	_	_	_	linguistic	_	none	_	_	_	_	_	_
260-3	PKP131	260	260	3	soldi	soldi	_	_	_	_	_	linguistic	_	none	_	End=447.487	_	_	_	_
261-0	PKP125	261	261	0	il	il	_	_	_	_	_	linguistic	_	none	_	Begin=449.088	_	_	_	_
261-1	PKP125	261	261	1	bonus	bonus	_	_	_	_	_	linguistic	_	none	_	_	_	_	_	_
261-2	PKP125	261	261	2	bebè	bebè	_	_	_	_	_	linguistic	_	none	_	End=449.876	_	_	_	_
262-0	PKP125	262	262	0	vuoi	vuoi	_	_	_	_	_	linguistic	_	none	_	Begin=450.849	_	_	_	_
262-1	PKP125	262	262	1	il	il	_	_	_	_	_	linguistic	_	none	_	_	_	_	_	_
262-2	PKP125	262	262	2	salame?	salame	_	_	_	_	_	linguistic	_	none	Intonation=Rising	End=451.512	_	_	_	_
263-0	PKP131	263	263	0	(dammi	dammi	_	_	_	_	_	linguistic	_	none	_	Begin=452.807	_	_	0-5(0)	_
263-1	PKP131	263	263	1	quì)	quì	_	_	_	_	_	linguistic	_	none	_	End=453.403	_	_	0-3(0)	_
264-0	PKP131	264	264	0	non	non	_	_	_	_	_	linguistic	_	none	_	Begin=456.962	_	_	_	_
264-1	PKP131	264	264	1	mi	mi	_	_	_	_	_	linguistic	_	none	_	_	_	_	_	_
264-2	PKP131	264	264	2	ricordo	ricordo	_	_	_	_	_	linguistic	_	none	_	_	_	_	_	_
264-3	PKP131	264	264	3	bene	bene	_	_	_	_	_	linguistic	_	none	_	_	_	_	_	_
264-4	PKP131	264	264	4	la	la	_	_	_	_	_	linguistic	_	none	_	_	_	_	_	_
264-5	PKP131	264	264	5	faccenda	faccenda	_	_	_	_	_	linguistic	_	none	_	_	_	_	_	_
264-6	PKP131	264	264	6	comunque	comunque	_	_	_	_	_	linguistic	_	none	_	End=458.975	_	_	_	_
265-0	PKP125	265	265	0	(ancora)?	ancora	_	_	_	_	_	linguistic	_	none	Intonation=Rising	Begin=459.123|End=459.507	_	_	0-6(0)	_
266-0	PKP131	266	266	0	e::h	eh	_	_	_	_	_	linguistic	_	none	_	Begin=461.694|End=462.438	0x2	_	_	_
267-0	PKP131	267	267	0	praticamente	praticamente	_	_	_	_	_	linguistic	_	none	_	Begin=462.497	_	_	_	_
267-1	PKP131	267	267	1	non	non	_	_	_	_	_	linguistic	_	none	_	_	_	_	_	_
267-2	PKP131	267	267	2	gliel'	gliel'	_	_	_	_	_	linguistic	_	none	SpaceAfter=No	_	_	_	_	_
267-3	PKP131	267	267	3	hanno	hanno	_	_	_	_	_	linguistic	_	none	_	_	_	_	_	_
267-4	PKP131	267	267	4	dati	dati	_	_	_	_	_	linguistic	_	none	_	End=463.753	_	_	_	_
268-0	PKP131	268	268	0	perché	perché	_	_	_	_	_	linguistic	_	none	_	Begin=463.825	_	_	_	_
268-1	PKP131	268	268	1	gli	gli	_	_	_	_	_	linguistic	_	none	_	_	_	_	_	_
268-2	PKP131	268	268	2	è	è	_	_	_	_	_	linguistic	_	none	_	_	_	_	_	_
268-3	PKP131	268	268	3	uscito:	uscito	_	_	_	_	_	linguistic	_	none	_	End=464.709	5x1	_	_	_
269-0	PKP125	269	269	0	#vuoi	#vuoi	_	_	_	_	_	error	_	none	_	Begin=464.867	_	_	_	_
269-1	PKP125	269	269	1	u	u	_	_	_	_	_	linguistic	_	none	_	_	_	_	_	_
269-2	PKP125	269	269	2	xx?	xx	_	_	_	_	_	linguistic	_	none	Intonation=Rising	End=465.512	_	_	_	_
270-0	PKP131	270	270	0	eh	eh	_	_	_	_	_	linguistic	_	none	_	Begin=466.443	_	_	_	_
270-1	PKP131	270	270	1	un	un	_	_	_	_	_	linguistic	_	none	_	_	_	_	_	_
270-2	PKP131	270	270	2	a:ttimo	attimo	_	_	_	_	_	linguistic	_	none	_	End=467.349	0x1	_	_	_
271-0	PKP131	271	271	0	c(io)è	cioè	_	_	_	_	_	linguistic	_	none	_	Begin=468.004	_	_	1-3(0)	_
271-1	PKP131	271	271	1	piano	piano	_	_	_	_	_	linguistic	_	none	_	End=468.551	_	_	_	_
272-0	PKP131	272	272	0	sta	sta	_	_	_	_	_	linguistic	_	none	_	Begin=468.847	_	_	_	_
272-1	PKP131	272	272	1	iniziando	iniziando	_	_	_	_	_	linguistic	_	none	_	End=469.61	_	_	_	_
273-0	PKP125	273	273	0	perché	perché	_	_	_	_	_	linguistic	_	none	_	Begin=471.492	_	_	_	_
273-1	PKP125	273	273	1	non	non	_	_	_	_	_	linguistic	_	none	_	_	_	_	_	_
273-2	PKP125	273	273	2	gliel'	gliel'	_	_	_	_	_	linguistic	_	none	SpaceAfter=No	_	_	_	_	_
273-3	PKP125	273	273	3	hanno	hanno	_	_	_	_	_	linguistic	_	none	_	_	_	_	_	_
273-4	PKP125	273	273	4	dato?	dato	_	_	_	_	_	linguistic	_	none	Intonation=Rising	End=472.413	_	_	_	_
274-0	PKP131	274	274	0	ah	ah	_	_	_	_	_	linguistic	_	none	_	Begin=472.443	_	_	_	_
274-1	PKP131	274	274	1	boh	boh	_	_	_	_	_	linguistic	_	none	_	_	_	_	_	_
274-2	PKP131	274	274	2	non	non	_	_	_	_	_	linguistic	_	none	_	_	_	_	_	_
274-3	PKP131	274	274	3	mi	mi	_	_	_	_	_	linguistic	_	none	_	_	_	_	_	_
274-4	PKP131	274	274	4	ricordo:	ricordo	_	_	_	_	_	linguistic	_	none	_	End=473.837	6x1	_	_	_
275-0	PKP131	275	275	0	comunque	comunque	_	_	_	_	_	linguistic	_	none	_	Begin=473.877|End=474.512	_	_	_	_
276-0	PKP131	276	276	0	e::h	eh	_	_	_	_	_	linguistic	_	none	_	Begin=474.916|End=476.246	0x2	_	_	_
277-0	PKP131	277	277	0	la	la	_	_	_	_	_	linguistic	_	none	_	Begin=476.304	_	_	_	_
277-1	PKP131	277	277	1	mamma	mamma	_	_	_	_	_	linguistic	_	none	_	_	_	_	_	_
277-2	PKP131	277	277	2	che	che	_	_	_	_	_	linguistic	_	none	_	_	_	_	_	_
277-3	PKP131	277	277	3	si	si	_	_	_	_	_	linguistic	_	none	_	_	_	_	_	_
277-4	PKP131	277	277	4	è	è	_	_	_	_	_	linguistic	_	none	_	_	_	_	_	_
277-5	PKP131	277	277	5	messa	messa	_	_	_	_	_	linguistic	_	none	_	_	_	_	_	_
277-6	PKP131	277	277	6	a	a	_	_	_	_	_	linguistic	_	none	_	_	_	_	_	_
277-7	PKP131	277	277	7	dire:	dire	_	_	_	_	_	linguistic	_	none	_	End=478.054	3x1	_	_	_
278-0	PKP131	278	278	0	perché	perché	_	_	_	_	_	linguistic	_	none	_	Begin=478.379|End=478.798	_	_	_	_
279-0	PKP131	279	279	0	c'	c'	_	_	_	_	_	linguistic	_	none	SpaceAfter=No	Begin=478.842	_	_	_	_
279-1	PKP131	279	279	1	è	è	_	_	_	_	_	linguistic	_	none	_	_	_	_	_	_
279-2	PKP131	279	279	2	tutta	tutta	_	_	_	_	_	linguistic	_	none	_	_	_	_	_	_
279-3	PKP131	279	279	3	una	una	_	_	_	_	_	linguistic	_	none	_	_	_	_	_	_
279-4	PKP131	279	279	4	storia	storia	_	_	_	_	_	linguistic	_	none	_	_	_	_	_	_
279-5	PKP131	279	279	5	die(tro)	dietro	_	_	_	_	_	linguistic	_	none	_	End=479.955	_	_	2-6(0)	_
280-0	PKP131	280	280	0	te	te	_	_	_	_	_	linguistic	_	none	_	Begin=480.002	_	_	_	_
280-1	PKP131	280	280	1	lo	lo	_	_	_	_	_	linguistic	_	none	_	_	_	_	_	_
280-2	PKP131	280	280	2	ricordi	ricordi	_	_	_	_	_	linguistic	_	none	_	_	_	_	_	_
280-3	PKP131	280	280	3	l'	l'	_	_	_	_	_	linguistic	_	none	SpaceAfter=No	_	_	_	_	_
280-4	PKP131	280	280	4	ex	ex	_	_	_	_	_	linguistic	_	none	_	_	_	_	_	_
280-5	PKP131	280	280	5	fidanzato?	fidanzato	_	_	_	_	_	linguistic	_	none	Intonation=Rising	End=481.458	_	_	_	_
281-0	PKP125	281	281	0	oddio	oddio	_	_	_	_	_	linguistic	_	none	_	Begin=482.719	_	_	_	_
281-1	PKP125	281	281	1	>come	come	_	_	_	_	_	linguistic	_	none	_	_	_	Fast=0-4(0)	_	_
281-2	PKP125	281	281	2	si<	si	_	_	_	_	_	linguistic	_	none	_	_	_	Fast=0-2(0)	_	_
281-3	PKP125	281	281	3	come	come	_	_	_	_	_	linguistic	_	none	_	_	_	_	_	_
281-4	PKP125	281	281	4	si	si	_	_	_	_	_	linguistic	_	none	_	_	_	_	_	_
281-5	PKP125	281	281	5	chiama:(va)?	chiamava	_	_	_	_	_	linguistic	_	none	Intonation=Rising	End=483.832	5x1	_	6-8(0)	_
282-0	PKP125	282	282	0	m:h	mh	_	_	_	_	_	linguistic	_	none	_	Begin=483.876	0x1	_	_	_
282-1	PKP125	282	282	1	[vitto']	vitto'	_	_	_	_	_	linguistic	_	none	Truncated=Yes	End=484.66	_	_	_	0-6(62)
283-0	PKP131	283	283	0	[vittorio]:	vittorio	_	_	_	_	_	linguistic	_	none	_	Begin=484.034|End=484.748	7x1	_	_	0-8(62)
284-0	PKP125	284	284	0	sembrava	sembrava	_	_	_	_	_	linguistic	_	none	_	Begin=485.482	_	_	_	_
284-1	PKP125	284	284	1	raffaello::	raffaello	_	_	_	_	_	linguistic	_	none	_	End=487.147	8x2	_	_	_
285-0	PKP131	285	285	0	dei	dei	_	_	_	_	_	linguistic	_	none	_	Begin=487.458	_	_	_	_
285-1	PKP131	285	285	1	poveri	poveri	_	_	_	_	_	linguistic	_	none	_	End=488.044	_	_	_	_
286-0	PKP131	286	286	0	che	che	_	_	_	_	_	linguistic	_	none	_	Begin=488.822	_	_	_	_
286-1	PKP131	286	286	1	vabbè	vabbè	_	_	_	_	_	linguistic	_	none	_	End=489.266	_	_	_	_
287-0	PKP131	287	287	0	eh	eh	_	_	_	_	_	linguistic	_	none	_	Begin=489.896|End=490.108	_	_	_	_
288-0	PKP125	288	288	0	°vabbè°	vabbè	_	_	_	_	_	linguistic	_	none	Volume=low	Begin=490.512|End=490.753	_	_	_	_
289-0	PKP131	289	289	0	#VABBUÒ	#VABBUÒ	_	_	_	_	_	error	_	none	_	Begin=490.827	_	_	_	_
289-1	PKP131	289	289	1	comunque	comunque	_	_	_	_	_	linguistic	_	none	_	_	_	_	_	_
289-2	PKP131	289	289	2	quel	quel	_	_	_	_	_	linguistic	_	none	_	_	_	_	_	_
289-3	PKP131	289	289	3	cristiano	cristiano	_	_	_	_	_	linguistic	_	none	_	_	_	_	_	_
289-4	PKP131	289	289	4	si	si	_	_	_	_	_	linguistic	_	none	_	_	_	_	_	_
289-5	PKP131	289	289	5	è	è	_	_	_	_	_	linguistic	_	none	_	_	_	_	_	_
289-6	PKP131	289	289	6	sposato	sposato	_	_	_	_	_	linguistic	_	none	_	End=492.729	_	_	_	_
290-0	PKP125	290	290	0	m:h	mh	_	_	_	_	_	linguistic	_	none	_	Begin=493.016|End=493.364	0x1	_	_	_
291-0	PKP131	291	291	0	si	si	_	_	_	_	_	linguistic	_	none	_	Begin=494.3	_	_	_	_
291-1	PKP131	291	291	1	è	è	_	_	_	_	_	linguistic	_	none	_	_	_	_	_	_
291-2	PKP131	291	291	2	sposat[o:]	sposato	_	_	_	_	_	linguistic	_	none	_	End=495.182	6x1	_	_	6-7(63)
292-0	PKP125	292	292	0	[t]op	top	_	_	_	_	_	linguistic	_	none	_	Begin=495.128|End=495.433	_	_	_	0-1(63)
293-0	PKP131	293	293	0	con::	con	_	_	_	_	_	linguistic	_	none	_	Begin=496.049|End=497.551	2x2	_	_	_
294-0	PKP131	294	294	0	la	la	_	_	_	_	_	linguistic	_	none	_	Begin=499.443	_	_	_	_
294-1	PKP131	294	294	1	sore:lla:	sorella	_	_	_	_	_	linguistic	_	none	_	End=500.482	3x1,6x1	_	_	_
295-0	PKP131	295	295	0	della:	della	_	_	_	_	_	linguistic	_	none	_	Begin=501.704|End=502.527	4x1	_	_	_
296-0	PKP131	296	296	0	fidanzata	fidanzata	_	_	_	_	_	linguistic	_	none	_	Begin=502.596	_	_	_	_
296-1	PKP131	296	296	1	di	di	_	_	_	_	_	linguistic	_	none	_	_	_	_	_	_
296-2	PKP131	296	296	2	to:ni	toni	_	_	_	_	_	linguistic	_	none	_	End=504.273	1x1	_	_	_
297-0	PKP131	297	297	0	quello	quello	_	_	_	_	_	linguistic	_	none	_	Begin=504.33	_	_	_	_
297-1	PKP131	297	297	1	là	là	_	_	_	_	_	linguistic	_	none	_	_	_	_	_	_
297-2	PKP131	297	297	2	che	che	_	_	_	_	_	linguistic	_	none	_	_	_	_	_	_
297-3	PKP131	297	297	3	sta	sta	_	_	_	_	_	linguistic	_	none	_	_	_	_	_	_
297-4	PKP131	297	297	4	in	in	_	_	_	_	_	linguistic	_	none	_	_	_	_	_	_
297-5	PKP131	297	297	5	macelleria	macelleria	_	_	_	_	_	linguistic	_	none	_	End=505.502	_	_	_	_
298-0	PKP125	298	298	0	mhmh	mhmh	_	_	_	_	_	linguistic	_	none	_	Begin=505.864|End=506.285	_	_	_	_
299-0	PKP131	299	299	0	mo	mo	_	_	_	_	_	linguistic	_	none	_	Begin=506.66|End=506.867	_	_	_	_
300-0	PKP131	300	300	0	la	la	_	_	_	_	_	linguistic	_	none	_	Begin=506.919	_	_	_	_
300-1	PKP131	300	300	1	commecia~	commecia~	_	_	_	_	_	linguistic	_	none	Interrupted=Yes	End=507.487	_	_	_	_
301-0	PKP131	301	301	0	la	la	_	_	_	_	_	linguistic	_	none	_	Begin=507.63	_	_	_	_
301-1	PKP131	301	301	1	<commercialista>	commercialista	_	_	_	_	_	linguistic	_	none	_	_	_	Slow=0-14(0)	_	_
301-2	PKP131	301	301	2	di	di	_	_	_	_	_	linguistic	_	none	_	_	_	_	_	_
301-3	PKP131	301	301	3	arianna	arianna	_	_	_	_	_	linguistic	_	none	_	End=509.561	_	_	_	_
302-0	PKP131	302	302	0	>quì	quì	_	_	_	_	_	linguistic	_	none	_	Begin=509.734	_	Fast=0-3(0)	_	_
302-1	PKP131	302	302	1	a	a	_	_	_	_	_	linguistic	_	none	_	_	_	Fast=0-1(0)	_	_
302-2	PKP131	302	302	2	xxxx<	xxxx	_	_	_	_	_	unknown	_	none	Syllables=4	_	_	Fast=0-4(0)	_	_
302-3	PKP131	302	302	3	è	è	_	_	_	_	_	linguistic	_	none	_	_	_	_	_	_
302-4	PKP131	302	302	4	rosa:nna	rosanna	_	_	_	_	_	linguistic	_	none	_	End=511.177	3x1	_	_	_
303-0	PKP131	303	303	0	la	la	_	_	_	_	_	linguistic	_	none	_	Begin=511.394	_	_	_	_
303-1	PKP131	303	303	1	[mamma	mamma	_	_	_	_	_	linguistic	_	none	_	_	_	_	_	0-5(64)
303-2	PKP131	303	303	2	di]	di	_	_	_	_	_	linguistic	_	none	_	_	_	_	_	0-2(64)
303-3	PKP131	303	303	3	to:ni	toni	_	_	_	_	_	linguistic	_	none	_	End=512.26	1x1	_	_	_
304-0	PKP125	304	304	0	[(okay)]	okay	_	_	_	_	_	linguistic	_	none	_	Begin=511.482|End=511.752	_	_	0-4(0)	0-4(64)
305-0	PKP125	305	305	0	la	la	_	_	_	_	_	linguistic	_	none	_	Begin=512.359	_	_	_	_
305-1	PKP125	305	305	1	commercialista	commercialista	_	_	_	_	_	linguistic	_	none	_	_	_	_	_	_
305-2	PKP125	305	305	2	arianna	arianna	_	_	_	_	_	linguistic	_	none	_	_	_	_	_	_
305-3	PKP125	305	305	3	è	è	_	_	_	_	_	linguistic	_	none	_	_	_	_	_	_
305-4	PKP125	305	305	4	una	una	_	_	_	_	_	linguistic	_	none	_	_	_	_	_	_
305-5	PKP125	305	305	5	commercialista	commercialista	_	_	_	_	_	linguistic	_	none	_	_	_	_	_	_
305-6	PKP125	305	305	6	(da	da	_	_	_	_	_	linguistic	_	none	_	_	_	_	0-2(0)	_
305-7	PKP125	305	305	7	fare)	fare	_	_	_	_	_	linguistic	_	none	_	_	_	_	0-4(0)	_
305-8	PKP125	305	305	8	che?	che	_	_	_	_	_	linguistic	_	none	Intonation=Rising	End=514.965	_	_	_	_
306-0	PKP131	306	306	0	ma	ma	_	_	_	_	_	linguistic	_	none	_	Begin=515.308	_	_	_	_
306-1	PKP131	306	306	1	che	che	_	_	_	_	_	linguistic	_	none	_	_	_	_	_	_
306-2	PKP131	306	306	2	cazzo	cazzo	_	_	_	_	_	linguistic	_	none	_	_	_	_	_	_
306-3	PKP131	306	306	3	>ne	ne	_	_	_	_	_	linguistic	_	none	_	_	_	Fast=0-2(0)	_	_
306-4	PKP131	306	306	4	so	so	_	_	_	_	_	linguistic	_	none	_	_	_	Fast=0-2(0)	_	_
306-5	PKP131	306	306	5	io<	io	_	_	_	_	_	linguistic	_	none	_	End=516.265	_	Fast=0-2(0)	_	_
307-0	PKP125	307	307	0	ah	ah	_	_	_	_	_	linguistic	_	none	_	Begin=516.955|End=517.216	_	_	_	_
308-0	PKP131	308	308	0	comunque	comunque	_	_	_	_	_	linguistic	_	none	_	Begin=518.004	_	_	_	_
308-1	PKP131	308	308	1	si	si	_	_	_	_	_	linguistic	_	none	_	_	_	_	_	_
308-2	PKP131	308	308	2	sono	sono	_	_	_	_	_	linguistic	_	none	_	_	_	_	_	_
308-3	PKP131	308	308	3	messi	messi	_	_	_	_	_	linguistic	_	none	_	_	_	_	_	_
308-4	PKP131	308	308	4	a	a	_	_	_	_	_	linguistic	_	none	_	_	_	_	_	_
308-5	PKP131	308	308	5	dire	dire	_	_	_	_	_	linguistic	_	none	_	End=519.256	_	_	_	_
309-0	PKP131	309	309	0	no	no	_	_	_	_	_	linguistic	_	none	_	Begin=519.293	_	_	_	_
309-1	PKP131	309	309	1	quella	quella	_	_	_	_	_	linguistic	_	none	_	_	_	_	_	_
309-2	PKP131	309	309	2	gli	gli	_	_	_	_	_	linguistic	_	none	_	_	_	_	_	_
309-3	PKP131	309	309	3	ha	ha	_	_	_	_	_	linguistic	_	none	_	_	_	_	_	_
309-4	PKP131	309	309	4	fatto	fatto	_	_	_	_	_	linguistic	_	none	_	_	_	_	_	_
309-5	PKP131	309	309	5	uscire	uscire	_	_	_	_	_	linguistic	_	none	_	_	_	_	_	_
309-6	PKP131	309	309	6	l'	l'	_	_	_	_	_	linguistic	_	none	SpaceAfter=No	_	_	_	_	_
309-7	PKP131	309	309	7	isee	isee	_	_	_	_	_	linguistic	_	none	_	_	_	_	_	_
309-8	PKP131	309	309	8	troppo	troppo	_	_	_	_	_	linguistic	_	none	_	_	_	_	_	_
309-9	PKP131	309	309	9	a:lto	alto	_	_	_	_	_	linguistic	_	none	_	_	0x1	_	_	_
309-10	PKP131	309	309	10	perché:	perché	_	_	_	_	_	linguistic	_	none	_	End=522.063	5x1	_	_	_
310-0	PKP131	310	310	0	sono	sono	_	_	_	_	_	linguistic	_	none	_	Begin=522.104	_	_	_	_
310-1	PKP131	310	310	1	gelo:si	gelosi	_	_	_	_	_	linguistic	_	none	_	_	3x1	_	_	_
310-2	PKP131	310	310	2	che	che	_	_	_	_	_	linguistic	_	none	_	_	_	_	_	_
310-3	PKP131	310	310	3	quello	quello	_	_	_	_	_	linguistic	_	none	_	_	_	_	_	_
310-4	PKP131	310	310	4	si	si	_	_	_	_	_	linguistic	_	none	_	_	_	_	_	_
310-5	PKP131	310	310	5	è	è	_	_	_	_	_	linguistic	_	none	_	_	_	_	_	_
310-6	PKP131	310	310	6	sposa:to:	sposato	_	_	_	_	_	linguistic	_	none	_	End=525.113	4x1,6x1	_	_	_
311-0	PKP131	311	311	0	e:h	eh	_	_	_	_	_	linguistic	_	none	_	Begin=525.605|End=526.009	0x1	_	_	_
312-0	PKP131	312	312	0	così:	così	_	_	_	_	_	linguistic	_	none	_	Begin=526.073|End=527.059	3x1	_	_	_
313-0	PKP125	313	313	0	C[O:SA]	cosa	_	_	_	_	_	linguistic	_	none	Volume=high	Begin=528.512|End=529.482	1x1	_	_	1-4(66)
314-0	PKP131	314	314	0	[per	per	_	_	_	_	_	linguistic	_	none	_	Begin=528.699	_	_	_	0-3(66)
314-1	PKP131	314	314	1	fargli	fargli	_	_	_	_	_	linguistic	_	none	_	_	_	_	_	0-6(66)
314-2	PKP131	314	314	2	dis]pe:(tto)	dispetto	_	_	_	_	_	linguistic	_	none	_	_	4x1	_	5-8(0)	0-3(66)
314-3	PKP131	314	314	3	{ride}	{ride}	_	_	_	_	_	nonverbalbehavior	_	none	_	End=530.397	_	_	_	_
315-0	PKP125	315	315	0	cioè	cioè	_	_	_	_	_	linguistic	_	none	_	Begin=531.103	_	_	_	_
315-1	PKP125	315	315	1	che	che	_	_	_	_	_	linguistic	_	none	_	_	_	_	_	_
315-2	PKP125	315	315	2	arianna	arianna	_	_	_	_	_	linguistic	_	none	_	End=532.093	_	_	_	_
316-0	PKP125	316	316	0	gli	gli	_	_	_	_	_	linguistic	_	none	_	Begin=533.251	_	_	_	_
316-1	PKP125	316	316	1	ha	ha	_	_	_	_	_	linguistic	_	none	_	_	_	_	_	_
316-2	PKP125	316	316	2	fatto	fatto	_	_	_	_	_	linguistic	_	none	_	_	_	_	_	_
316-3	PKP125	316	316	3	uscire	uscire	_	_	_	_	_	linguistic	_	none	_	_	_	_	_	_
316-4	PKP125	316	316	4	l'	l'	_	_	_	_	_	linguistic	_	none	SpaceAfter=No	_	_	_	_	_
316-5	PKP125	316	316	5	isee	isee	_	_	_	_	_	linguistic	_	none	_	_	_	_	_	_
316-6	PKP125	316	316	6	troppo	troppo	_	_	_	_	_	linguistic	_	none	_	_	_	_	_	_
316-7	PKP125	316	316	7	alto?	alto	_	_	_	_	_	linguistic	_	none	Intonation=Rising	End=534.906	_	_	_	_
317-0	PKP131	317	317	0	no:	no	_	_	_	_	_	linguistic	_	none	_	Begin=534.921|End=535.231	1x1	_	_	_
318-0	PKP131	318	318	0	(quì)	quì	_	_	_	_	_	linguistic	_	none	_	Begin=535.403	_	_	0-3(0)	_
318-1	PKP131	318	318	1	[ro]sa:nna	rosanna	_	_	_	_	_	linguistic	_	none	_	End=536.443	3x1	_	_	0-2(67)
319-0	PKP125	319	319	0	[cos~]	cos~	_	_	_	_	_	linguistic	_	none	Interrupted=Yes	Begin=535.502|End=535.753	_	_	_	0-4(67)
320-0	PKP125	320	320	0	mhmh	mhmh	_	_	_	_	_	linguistic	_	none	_	Begin=537.449|End=537.812	_	_	_	_
321-0	PKP131	321	321	0	gli	gli	_	_	_	_	_	linguistic	_	none	_	Begin=538.581	_	_	_	_
321-1	PKP131	321	321	1	ha	ha	_	_	_	_	_	linguistic	_	none	_	_	_	_	_	_
321-2	PKP131	321	321	2	fatto	fatto	_	_	_	_	_	linguistic	_	none	_	_	_	_	_	_
321-3	PKP131	321	321	3	uscire	uscire	_	_	_	_	_	linguistic	_	none	_	_	_	_	_	_
321-4	PKP131	321	321	4	l'	l'	_	_	_	_	_	linguistic	_	none	SpaceAfter=No	_	_	_	_	_
321-5	PKP131	321	321	5	isee	isee	_	_	_	_	_	linguistic	_	none	_	_	_	_	_	_
321-6	PKP131	321	321	6	troppo	troppo	_	_	_	_	_	linguistic	_	none	_	_	_	_	_	_
321-7	PKP131	321	321	7	a:lto	alto	_	_	_	_	_	linguistic	_	none	_	End=540.438	0x1	_	_	_
322-0	PKP125	322	322	0	a	a	_	_	_	_	_	linguistic	_	none	_	Begin=540.517	_	_	_	_
322-1	PKP125	322	322	1	chi?	chi	_	_	_	_	_	linguistic	_	none	Intonation=Rising	End=540.812	_	_	_	_
323-0	PKP125	323	323	0	a	a	_	_	_	_	_	linguistic	_	none	_	Begin=540.852	_	_	_	_
323-1	PKP125	323	323	1	arianna?	arianna	_	_	_	_	_	linguistic	_	none	Intonation=Rising	End=541.453	_	_	_	_
324-0	PKP131	324	324	0	a	a	_	_	_	_	_	linguistic	_	none	_	Begin=541.495	_	_	_	_
324-1	PKP131	324	324	1	arianna	arianna	_	_	_	_	_	linguistic	_	none	_	End=542.123	_	_	_	_
325-0	PKP131	325	325	0	così	così	_	_	_	_	_	linguistic	_	none	_	Begin=543.018	_	_	_	_
325-1	PKP131	325	325	1	non	non	_	_	_	_	_	linguistic	_	none	_	_	_	_	_	_
325-2	PKP131	325	325	2	poteva	poteva	_	_	_	_	_	linguistic	_	none	_	_	_	_	_	_
325-3	PKP131	325	325	3	prendere	prendere	_	_	_	_	_	linguistic	_	none	_	_	_	_	_	_
325-4	PKP131	325	325	4	i	i	_	_	_	_	_	linguistic	_	none	_	_	_	_	_	_
325-5	PKP131	325	325	5	soldi	soldi	_	_	_	_	_	linguistic	_	none	_	End=544.477	_	_	_	_
326-0	PKP125	326	326	0	{ride}	{ride}	_	_	_	_	_	nonverbalbehavior	_	none	_	Begin=544.901|End=545.702	_	_	_	_
327-0	PKP125	327	327	0	e	e	_	_	_	_	_	linguistic	_	none	_	Begin=545.799	_	_	_	_
327-1	PKP125	327	327	1	che	che	_	_	_	_	_	linguistic	_	none	_	End=546.108	_	_	_	_
328-0	PKP125	328	328	0	mh	mh	_	_	_	_	_	linguistic	_	none	_	Begin=546.211|End=546.463	_	_	_	_
329-0	PKP125	329	329	0	CHE	che	_	_	_	_	_	linguistic	_	none	Volume=high	Begin=546.516	_	_	_	_
329-1	PKP125	329	329	1	CENTRA	centra	_	_	_	_	_	linguistic	_	none	Volume=high	_	_	_	_	_
329-2	PKP125	329	329	2	con	con	_	_	_	_	_	linguistic	_	none	_	_	_	_	_	_
329-3	PKP125	329	329	3	il	il	_	_	_	_	_	linguistic	_	none	_	_	_	_	_	_
329-4	PKP125	329	329	4	fatto	fatto	_	_	_	_	_	linguistic	_	none	_	_	_	_	_	_
329-5	PKP125	329	329	5	che	che	_	_	_	_	_	linguistic	_	none	_	_	_	_	_	_
329-6	PKP125	329	329	6	si	si	_	_	_	_	_	linguistic	_	none	_	_	_	_	_	_
329-7	PKP125	329	329	7	sposa:sse?	sposasse	_	_	_	_	_	linguistic	_	none	Intonation=Rising	End=549.118	4x1	_	_	_
330-0	PKP125	330	330	0	e:h	eh	_	_	_	_	_	linguistic	_	none	_	Begin=549.27	0x1	_	_	_
330-1	PKP125	330	330	1	non	non	_	_	_	_	_	linguistic	_	none	_	_	_	_	_	_
330-2	PKP125	330	330	2	ho	ho	_	_	_	_	_	linguistic	_	none	_	_	_	_	_	_
330-3	PKP125	330	330	3	capito	capito	_	_	_	_	_	linguistic	_	none	_	_	_	_	_	_
330-4	PKP125	330	330	4	il	il	_	_	_	_	_	linguistic	_	none	_	_	_	_	_	_
330-5	PKP125	330	330	5	[nesso]	nesso	_	_	_	_	_	linguistic	_	none	_	End=550.502	_	_	_	0-5(68)
331-0	PKP131	331	331	0	[poiché	poiché	_	_	_	_	_	linguistic	_	none	_	Begin=550.137	_	_	_	0-6(68)
331-1	PKP131	331	331	1	ro]sanna:	rosanna	_	_	_	_	_	linguistic	_	none	_	End=551.156	6x1	_	_	0-2(68)
332-0	PKP131	332	332	0	è	è	_	_	_	_	_	linguistic	_	none	_	Begin=552.812	_	_	_	_
332-1	PKP131	332	332	1	la	la	_	_	_	_	_	linguistic	_	none	_	_	_	_	_	_
332-2	PKP131	332	332	2	[mamma	mamma	_	_	_	_	_	linguistic	_	none	_	_	_	_	_	0-5(69)
332-3	PKP131	332	332	3	di	di	_	_	_	_	_	linguistic	_	none	_	_	_	_	_	0-2(69)
332-4	PKP131	332	332	4	toni]	toni	_	_	_	_	_	linguistic	_	none	_	End=554.029	_	_	_	0-4(69)
333-0	PKP125	333	333	0	[A:H	ah	_	_	_	_	_	linguistic	_	none	Volume=high	Begin=553.019	0x1	_	_	0-2(69)
333-1	PKP125	333	333	1	l'	l'	_	_	_	_	_	linguistic	_	none	SpaceAfter=No	_	_	_	_	0-2(69)
333-2	PKP125	333	333	2	ha]	ha	_	_	_	_	_	linguistic	_	none	_	_	_	_	_	0-2(69)
333-3	PKP125	333	333	3	fat~	fat~	_	_	_	_	_	linguistic	_	none	Interrupted=Yes	End=554.266	_	_	_	_
334-0	PKP125	334	334	0	a:h	ah	_	_	_	_	_	linguistic	_	none	_	Begin=554.324	0x1	_	_	_
334-1	PKP125	334	334	1	[okay]	okay	_	_	_	_	_	linguistic	_	none	_	End=555.251	_	_	_	0-4(70)
335-0	PKP131	335	335	0	[quindi	quindi	_	_	_	_	_	linguistic	_	none	_	Begin=554.753	_	_	_	0-6(70)
335-1	PKP131	335	335	1	(to]ni)	toni	_	_	_	_	_	linguistic	_	none	_	_	_	_	0-4(0)	0-2(70)
335-2	PKP131	335	335	2	xx	xx	_	_	_	_	_	unknown	_	none	Syllables=2	End=556.305	_	_	_	_
336-0	PKP125	336	336	0	okay	okay	_	_	_	_	_	linguistic	_	none	_	Begin=556.472|End=556.916	_	_	_	_
337-0	PKP131	337	337	0	ma	ma	_	_	_	_	_	linguistic	_	none	_	Begin=558.189	_	_	_	_
337-1	PKP131	337	337	1	una	una	_	_	_	_	_	linguistic	_	none	_	_	_	_	_	_
337-2	PKP131	337	337	2	cosa	cosa	_	_	_	_	_	linguistic	_	none	_	_	_	_	_	_
337-3	PKP131	337	337	3	xxx	xxx	_	_	_	_	_	unknown	_	none	Syllables=3	_	_	_	_	_
337-4	PKP131	337	337	4	[cioè	cioè	_	_	_	_	_	linguistic	_	none	PauseAfter=Yes	_	_	_	_	0-4(72)
337-5	PKP131	337	337	5	{P}	{P}	_	_	_	_	_	shortpause	_	none	_	_	_	_	_	0-3(72)
337-6	PKP131	337	337	6	e	e	_	_	_	_	_	linguistic	_	none	_	_	_	_	_	0-1(72)
337-7	PKP131	337	337	7	ma]mma	mamma	_	_	_	_	_	linguistic	_	none	_	_	_	_	_	0-2(72)
337-8	PKP131	337	337	8	ha	ha	_	_	_	_	_	linguistic	_	none	_	_	_	_	_	_
337-9	PKP131	337	337	9	detto	detto	_	_	_	_	_	linguistic	_	none	_	End=560.28	_	_	_	_
338-0	PKP125	338	338	0	[°madonna°]	madonna	_	_	_	_	_	linguistic	_	none	Volume=low	Begin=559.413|End=559.891	_	_	_	0-7(72)
339-0	PKP131	339	339	0	mh	mh	_	_	_	_	_	linguistic	_	none	_	Begin=560.389	_	_	_	_
339-1	PKP131	339	339	1	magari:	magari	_	_	_	_	_	linguistic	_	none	_	End=561.157	5x1	_	_	_
340-0	PKP131	340	340	0	non	non	_	_	_	_	_	linguistic	_	none	_	Begin=561.221	_	_	_	_
340-1	PKP131	340	340	1	gli	gli	_	_	_	_	_	linguistic	_	none	_	_	_	_	_	_
340-2	PKP131	340	340	2	hanno	hanno	_	_	_	_	_	linguistic	_	none	_	_	_	_	_	_
340-3	PKP131	340	340	3	fatto	fatto	_	_	_	_	_	linguistic	_	none	_	_	_	_	_	_
340-4	PKP131	340	340	4	prendere	prendere	_	_	_	_	_	linguistic	_	none	_	_	_	_	_	_
340-5	PKP131	340	340	5	i	i	_	_	_	_	_	linguistic	_	none	_	_	_	_	_	_
340-6	PKP131	340	340	6	soldi	soldi	_	_	_	_	_	linguistic	_	none	_	_	_	_	_	_
340-7	PKP131	340	340	7	perché	perché	_	_	_	_	_	linguistic	_	none	_	End=562.605	_	_	_	_
341-0	PKP131	341	341	0	è	è	_	_	_	_	_	linguistic	_	none	_	Begin=563.812	_	_	_	_
341-1	PKP131	341	341	1	residente	residente	_	_	_	_	_	linguistic	_	none	_	_	_	_	_	_
341-2	PKP131	341	341	2	lì	lì	_	_	_	_	_	linguistic	_	none	_	_	_	_	_	_
341-3	PKP131	341	341	3	a	a	_	_	_	_	_	linguistic	_	none	_	_	_	_	_	_
341-4	PKP131	341	341	4	londra	londra	_	_	_	_	_	linguistic	_	none	_	_	_	_	_	_
341-5	PKP131	341	341	5	e:	e	_	_	_	_	_	linguistic	_	none	_	End=566.098	0x1	_	_	_
342-0	PKP125	342	342	0	non	non	_	_	_	_	_	linguistic	_	none	_	Begin=566.133	_	_	_	_
342-1	PKP125	342	342	1	le	le	_	_	_	_	_	linguistic	_	none	_	_	_	_	_	_
342-2	PKP125	342	342	2	[spettano]?	spettano	_	_	_	_	_	linguistic	_	none	Intonation=Rising	End=566.995	_	_	_	0-8(74)
343-0	PKP131	343	343	0	[perché	perché	_	_	_	_	_	linguistic	_	none	_	Begin=566.325	_	_	_	0-6(74)
343-1	PKP131	343	343	1	rice]:(ve)	riceve	_	_	_	_	_	linguistic	_	none	_	End=567.256	3x1	_	4-6(0)	0-4(74)
344-0	PKP131	344	344	0	lo	lo	_	_	_	_	_	linguistic	_	none	_	Begin=567.315	_	_	_	_
344-1	PKP131	344	344	1	stipendio:	stipendio	_	_	_	_	_	linguistic	_	none	_	End=568.354	8x1	_	_	_
345-0	PKP131	345	345	0	inglese?	inglese	_	_	_	_	_	linguistic	_	none	Intonation=Rising	Begin=568.408|End=568.878	_	_	_	_
346-0	PKP125	346	346	0	ah	ah	_	_	_	_	_	linguistic	_	none	_	Begin=569.399	_	_	_	_
346-1	PKP125	346	346	1	ma	ma	_	_	_	_	_	linguistic	_	none	_	_	_	_	_	_
346-2	PKP125	346	346	2	lei	lei	_	_	_	_	_	linguistic	_	none	_	_	_	_	_	_
346-3	PKP125	346	346	3	prende	prende	_	_	_	_	_	linguistic	_	none	_	_	_	_	_	_
346-4	PKP125	346	346	4	(esso)	esso	_	_	_	_	_	linguistic	_	none	_	_	_	_	0-4(0)	_
346-5	PKP125	346	346	5	in	in	_	_	_	_	_	linguistic	_	none	_	_	_	_	_	_
346-6	PKP125	346	346	6	maternità	maternità	_	_	_	_	_	linguistic	_	none	_	_	_	_	_	_
346-7	PKP125	346	346	7	quin[di]?	quindi	_	_	_	_	_	linguistic	_	none	Intonation=Rising	End=571.2	_	_	_	4-6(75)
347-0	PKP131	347	347	0	[s]ì	sì	_	_	_	_	_	linguistic	_	none	_	Begin=571.083|End=571.304	_	_	_	0-1(75)
348-0	PKP131	348	348	0	sta	sta	_	_	_	_	_	linguistic	_	none	_	Begin=571.348	_	_	_	_
348-1	PKP131	348	348	1	in	in	_	_	_	_	_	linguistic	_	none	_	_	_	_	_	_
348-2	PKP131	348	348	2	maternità	maternità	_	_	_	_	_	linguistic	_	none	_	End=572.009	_	_	_	_
349-0	PKP125	349	349	0	a:h	ah	_	_	_	_	_	linguistic	_	none	_	Begin=572.121|End=572.561	0x1	_	_	_
350-0	PKP131	350	350	0	attacca:	attacca	_	_	_	_	_	linguistic	_	none	_	Begin=572.693|End=573.507	6x1	_	_	_
351-0	PKP131	351	351	0	a	a	_	_	_	_	_	linguistic	_	none	_	Begin=573.556	_	_	_	_
351-1	PKP131	351	351	1	dicembre	dicembre	_	_	_	_	_	linguistic	_	none	_	End=574.152	_	_	_	_
352-0	PKP131	352	352	0	boh	boh	_	_	_	_	_	linguistic	_	none	_	Begin=574.176|End=574.364	_	_	_	_
353-0	PKP125	353	353	0	ma	ma	_	_	_	_	_	linguistic	_	none	_	Begin=575.3	_	_	_	_
353-1	PKP125	353	353	1	che	che	_	_	_	_	_	linguistic	_	none	_	_	_	_	_	_
353-2	PKP125	353	353	2	attacca	attacca	_	_	_	_	_	linguistic	_	none	_	End=576.068	_	_	_	_
354-0	PKP125	354	354	0	quella	quella	_	_	_	_	_	linguistic	_	none	_	Begin=576.092	_	_	_	_
354-1	PKP125	354	354	1	si	si	_	_	_	_	_	linguistic	_	none	_	_	_	_	_	_
354-2	PKP125	354	354	2	piglia	piglia	_	_	_	_	_	linguistic	_	none	_	_	_	_	_	_
354-3	PKP125	354	354	3	la	la	_	_	_	_	_	linguistic	_	none	_	_	_	_	_	_
354-4	PKP125	354	354	4	maternità	maternità	_	_	_	_	_	linguistic	_	none	_	_	_	_	_	_
354-5	PKP125	354	354	5	e	e	_	_	_	_	_	linguistic	_	none	_	_	_	_	_	_
354-6	PKP125	354	354	6	non	non	_	_	_	_	_	linguistic	_	none	_	_	_	_	_	_
354-7	PKP125	354	354	7	ci	ci	_	_	_	_	_	linguistic	_	none	_	_	_	_	_	_
354-8	PKP125	354	354	8	va	va	_	_	_	_	_	linguistic	_	none	_	_	_	_	_	_
354-9	PKP125	354	354	9	più	più	_	_	_	_	_	linguistic	_	none	_	End=577.63	_	_	_	_
355-0	PKP131	355	355	0	e	e	_	_	_	_	_	linguistic	_	none	_	Begin=578.399	_	_	_	_
355-1	PKP131	355	355	1	come	come	_	_	_	_	_	linguistic	_	none	_	_	_	_	_	_
355-2	PKP131	355	355	2	campa:?	campa	_	_	_	_	_	linguistic	_	none	Intonation=Rising	End=579.354	4x1	_	_	_
356-0	PKP131	356	356	0	soprattutto	soprattutto	_	_	_	_	_	linguistic	_	none	_	Begin=580.093	_	_	_	_
356-1	PKP131	356	356	1	a	a	_	_	_	_	_	linguistic	_	none	_	_	_	_	_	_
356-2	PKP131	356	356	2	londra:	londra	_	_	_	_	_	linguistic	_	none	_	End=581.201	5x1	_	_	_
357-0	PKP125	357	357	0	ma	ma	_	_	_	_	_	linguistic	_	none	_	Begin=582.379	_	_	_	_
357-1	PKP125	357	357	1	lei	lei	_	_	_	_	_	linguistic	_	none	_	_	_	_	_	_
357-2	PKP125	357	357	2	mo	mo	_	_	_	_	_	linguistic	_	none	_	_	_	_	_	_
357-3	PKP125	357	357	3	sta	sta	_	_	_	_	_	linguistic	_	none	_	_	_	_	_	_
357-4	PKP125	357	357	4	qua	qua	_	_	_	_	_	linguistic	_	none	_	End=583.285	_	_	_	_
358-0	PKP131	358	358	0	mo	mo	_	_	_	_	_	linguistic	_	none	_	Begin=584.004	_	_	_	_
358-1	PKP131	358	358	1	se	se	_	_	_	_	_	linguistic	_	none	_	_	_	_	_	_
358-2	PKP131	358	358	2	ne	ne	_	_	_	_	_	linguistic	_	none	_	_	_	_	_	_
358-3	PKP131	358	358	3	dovrebbe	dovrebbe	_	_	_	_	_	linguistic	_	none	_	_	_	_	_	_
358-4	PKP131	358	358	4	anda'	anda'	_	_	_	_	_	linguistic	_	none	Truncated=Yes	End=585.024	_	_	_	_
359-0	PKP131	359	359	0	metà	metà	_	_	_	_	_	linguistic	_	none	_	Begin=585.763	_	_	_	_
359-1	PKP131	359	359	1	settemb(re)	settembre	_	_	_	_	_	linguistic	_	none	_	End=586.538	_	_	7-9(0)	_
360-0	PKP131	360	360	0	sta	sta	_	_	_	_	_	linguistic	_	none	_	Begin=589.339	_	_	_	_
360-1	PKP131	360	360	1	dicendo	dicendo	_	_	_	_	_	linguistic	_	none	_	_	_	_	_	_
360-2	PKP131	360	360	2	>mo	mo	_	_	_	_	_	linguistic	_	none	_	_	_	Fast=0-2(0)	_	_
360-3	PKP131	360	360	3	me	me	_	_	_	_	_	linguistic	_	none	_	_	_	Fast=0-2(0)	_	_
360-4	PKP131	360	360	4	ne	ne	_	_	_	_	_	linguistic	_	none	_	_	_	Fast=0-2(0)	_	_
360-5	PKP131	360	360	5	vado	vado	_	_	_	_	_	linguistic	_	none	_	_	_	Fast=0-4(0)	_	_
360-6	PKP131	360	360	6	mo	mo	_	_	_	_	_	linguistic	_	none	_	_	_	Fast=0-2(0)	_	_
360-7	PKP131	360	360	7	me	me	_	_	_	_	_	linguistic	_	none	_	_	_	Fast=0-2(0)	_	_
360-8	PKP131	360	360	8	ne	ne	_	_	_	_	_	linguistic	_	none	_	_	_	Fast=0-2(0)	_	_
360-9	PKP131	360	360	9	vado	vado	_	_	_	_	_	linguistic	_	none	_	_	_	Fast=0-4(0)	_	_
360-10	PKP131	360	360	10	mo	mo	_	_	_	_	_	linguistic	_	none	_	_	_	Fast=0-2(0)	_	_
360-11	PKP131	360	360	11	me	me	_	_	_	_	_	linguistic	_	none	_	_	_	Fast=0-2(0)	_	_
360-12	PKP131	360	360	12	ne	ne	_	_	_	_	_	linguistic	_	none	_	_	_	Fast=0-2(0)	_	_
360-13	PKP131	360	360	13	vado<	vado	_	_	_	_	_	linguistic	_	none	_	_	_	Fast=0-4(0)	_	_
360-14	PKP131	360	360	14	da	da	_	_	_	_	_	linguistic	_	none	_	_	_	_	_	_
360-15	PKP131	360	360	15	giugno	giugno	_	_	_	_	_	linguistic	_	none	_	End=591.876	_	_	_	_
361-0	PKP131	361	361	0	(#è	#è	_	_	_	_	_	error	_	none	_	Begin=592.472	_	_	0-2(0)	_
361-1	PKP131	361	361	1	ancora	ancora	_	_	_	_	_	linguistic	_	none	_	_	_	_	0-6(0)	_
361-2	PKP131	361	361	2	ca)	ca	_	_	_	_	_	linguistic	_	none	_	End=593.064	_	_	0-2(0)	_
362-0	PKP125	362	362	0	vuole	vuole	_	_	_	_	_	linguistic	_	none	_	Begin=593.977	_	_	_	_
362-1	PKP125	362	362	1	solo	solo	_	_	_	_	_	linguistic	_	none	_	_	_	_	_	_
362-2	PKP125	362	362	2	(taggare)	taggare	_	_	_	_	_	linguistic	_	none	_	_	_	_	0-7(0)	_
362-3	PKP125	362	362	3	il	il	_	_	_	_	_	linguistic	_	none	_	_	_	_	_	_
362-4	PKP125	362	362	4	maritino	maritino	_	_	_	_	_	linguistic	_	none	_	_	_	_	_	_
362-5	PKP125	362	362	5	ma	ma	_	_	_	_	_	linguistic	_	none	_	_	_	_	_	_
362-6	PKP125	362	362	6	nel	nel	_	_	_	_	_	linguistic	_	none	_	_	_	_	_	_
362-7	PKP125	362	362	7	frattempo	frattempo	_	_	_	_	_	linguistic	_	none	_	_	_	_	_	_
362-8	PKP125	362	362	8	magari	magari	_	_	_	_	_	linguistic	_	none	_	_	_	_	_	_
362-9	PKP125	362	362	9	si	si	_	_	_	_	_	linguistic	_	none	_	_	_	_	_	_
362-10	PKP125	362	362	10	trova	trova	_	_	_	_	_	linguistic	_	none	_	_	_	_	_	_
362-11	PKP125	362	362	11	anche	anche	_	_	_	_	_	linguistic	_	none	_	_	_	_	_	_
362-12	PKP125	362	362	12	un'	un'	_	_	_	_	_	linguistic	_	none	SpaceAfter=No	_	_	_	_	_
362-13	PKP125	362	362	13	altra	altra	_	_	_	_	_	linguistic	_	none	_	_	_	_	_	_
362-14	PKP125	362	362	14	donna	donna	_	_	_	_	_	linguistic	_	none	_	End=597.536	_	_	_	_
363-0	PKP131	363	363	0	che	che	_	_	_	_	_	linguistic	_	none	_	Begin=599.413	_	_	_	_
363-1	PKP131	363	363	1	tra	tra	_	_	_	_	_	linguistic	_	none	_	_	_	_	_	_
363-2	PKP131	363	363	2	l'	l'	_	_	_	_	_	linguistic	_	none	SpaceAfter=No	_	_	_	_	_
363-3	PKP131	363	363	3	altro	altro	_	_	_	_	_	linguistic	_	none	_	_	_	_	_	_
363-4	PKP131	363	363	4	questa	questa	_	_	_	_	_	linguistic	_	none	_	_	_	_	_	_
363-5	PKP131	363	363	5	è	è	_	_	_	_	_	linguistic	_	none	_	_	_	_	_	_
363-6	PKP131	363	363	6	una	una	_	_	_	_	_	linguistic	_	none	_	_	_	_	_	_
363-7	PKP131	363	363	7	cosa	cosa	_	_	_	_	_	linguistic	_	none	_	_	_	_	_	_
363-8	PKP131	363	363	8	bruttissima	bruttissima	_	_	_	_	_	linguistic	_	none	_	End=601.113	_	_	_	_
364-0	PKP131	364	364	0	perché	perché	_	_	_	_	_	linguistic	_	none	_	Begin=601.138	_	_	_	_
364-1	PKP131	364	364	1	pure	pure	_	_	_	_	_	linguistic	_	none	_	_	_	_	_	_
364-2	PKP131	364	364	2	la	la	_	_	_	_	_	linguistic	_	none	_	_	_	_	_	_
364-3	PKP131	364	364	3	famiglia	famiglia	_	_	_	_	_	linguistic	_	none	_	_	_	_	_	_
364-4	PKP131	364	364	4	glielo	glielo	_	_	_	_	_	linguistic	_	none	_	_	_	_	_	_
364-5	PKP131	364	364	5	dice	dice	_	_	_	_	_	linguistic	_	none	_	End=602.576	_	_	_	_
365-0	PKP131	365	365	0	>gli	gli	_	_	_	_	_	linguistic	_	none	_	Begin=602.65	_	Fast=0-3(0)	_	_
365-1	PKP131	365	365	1	dice<	dice	_	_	_	_	_	linguistic	_	none	_	_	_	Fast=0-4(0)	_	_
365-2	PKP131	365	365	2	no	no	_	_	_	_	_	linguistic	_	none	_	End=603.118	_	_	_	_
366-0	PKP131	366	366	0	tu	tu	_	_	_	_	_	linguistic	_	none	_	Begin=603.827	_	_	_	_
366-1	PKP131	366	366	1	vai	vai	_	_	_	_	_	linguistic	_	none	_	_	_	_	_	_
366-2	PKP131	366	366	2	là:	là	_	_	_	_	_	linguistic	_	none	_	_	1x1	_	_	_
366-3	PKP131	366	366	3	perché:	perché	_	_	_	_	_	linguistic	_	none	_	End=604.867	5x1	_	_	_
367-0	PKP131	367	367	0	#>non	#non	_	_	_	_	_	error	_	none	_	Begin=604.985	_	Fast=1-4(0)	_	_
367-1	PKP131	367	367	1	lo	lo	_	_	_	_	_	linguistic	_	none	_	_	_	Fast=0-2(0)	_	_
367-2	PKP131	367	367	2	vuoi<	vuoi	_	_	_	_	_	linguistic	_	none	_	_	_	Fast=0-4(0)	_	_
367-3	PKP131	367	367	3	fà	fà	_	_	_	_	_	linguistic	_	none	_	_	_	_	_	_
367-4	PKP131	367	367	4	venì	venì	_	_	_	_	_	linguistic	_	none	_	_	_	_	_	_
367-5	PKP131	367	367	5	ca	ca	_	_	_	_	_	linguistic	_	none	_	_	_	_	_	_
367-6	PKP131	367	367	6	perché	perché	_	_	_	_	_	linguistic	_	none	_	_	_	_	_	_
367-7	PKP131	367	367	7	ille:	ille	_	_	_	_	_	linguistic	_	none	_	End=606.931	3x1	_	_	_
368-0	PKP131	368	368	0	#se	#se	_	_	_	_	_	error	_	none	_	Begin=608.364	_	_	_	_
368-1	PKP131	368	368	1	trova	trova	_	_	_	_	_	linguistic	_	none	_	_	_	_	_	_
368-2	PKP131	368	368	2	n'	n'	_	_	_	_	_	linguistic	_	none	SpaceAfter=No	_	_	_	_	_
368-3	PKP131	368	368	3	ata	ata	_	_	_	_	_	linguistic	_	none	_	End=609.655	_	_	_	_
369-0	PKP125	369	369	0	beh	beh	_	_	_	_	_	linguistic	_	none	_	Begin=610.019|End=610.305	_	_	_	_
370-0	PKP125	370	370	0	beh	beh	_	_	_	_	_	linguistic	_	none	_	Begin=611.33|End=611.655	_	_	_	_
371-0	PKP125	371	371	0	ma	ma	_	_	_	_	_	linguistic	_	none	_	Begin=611.957|End=612.157	_	_	_	_
372-0	PKP125	372	372	0	un	un	_	_	_	_	_	linguistic	_	none	_	Begin=612.183	_	_	_	_
372-1	PKP125	372	372	1	uomo	uomo	_	_	_	_	_	linguistic	_	none	_	_	_	_	_	_
372-2	PKP125	372	372	2	che	che	_	_	_	_	_	linguistic	_	none	_	_	_	_	_	_
372-3	PKP125	372	372	3	già	già	_	_	_	_	_	linguistic	_	none	_	_	_	_	_	_
372-4	PKP125	372	372	4	ha	ha	_	_	_	_	_	linguistic	_	none	_	_	_	_	_	_
372-5	PKP125	372	372	5	fatto	fatto	_	_	_	_	_	linguistic	_	none	_	_	_	_	_	_
372-6	PKP125	372	372	6	una	una	_	_	_	_	_	linguistic	_	none	_	_	_	_	_	_
372-7	PKP125	372	372	7	cosa	cosa	_	_	_	_	_	linguistic	_	none	_	End=613.794	_	_	_	_
373-0	PKP125	373	373	0	così	così	_	_	_	_	_	linguistic	_	none	_	Begin=614.109|End=614.448	_	_	_	_
374-0	PKP125	374	374	0	uno	uno	_	_	_	_	_	linguistic	_	none	_	Begin=614.655	_	_	_	_
374-1	PKP125	374	374	1	me	me	_	_	_	_	_	linguistic	_	none	_	_	_	_	_	_
374-2	PKP125	374	374	2	la	la	_	_	_	_	_	linguistic	_	none	_	_	_	_	_	_
374-3	PKP125	374	374	3	può	può	_	_	_	_	_	linguistic	_	none	_	_	_	_	_	_
374-4	PKP125	374	374	4	rifare	rifare	_	_	_	_	_	linguistic	_	none	_	End=615.699	_	_	_	_
375-0	PKP125	375	375	0	mille	mille	_	_	_	_	_	linguistic	_	none	_	Begin=616.169	_	_	_	_
375-1	PKP125	375	375	1	volte	volte	_	_	_	_	_	linguistic	_	none	_	End=616.99	_	_	_	_
376-0	PKP131	376	376	0	eh	eh	_	_	_	_	_	linguistic	_	none	_	Begin=618.724|End=619.014	_	_	_	_
377-0	PKP125	377	377	0	vabbè	vabbè	_	_	_	_	_	linguistic	_	none	_	Begin=619.847	_	_	_	_
377-1	PKP125	377	377	1	dipende	dipende	_	_	_	_	_	linguistic	_	none	_	_	_	_	_	_
377-2	PKP125	377	377	2	dai	dai	_	_	_	_	_	linguistic	_	none	_	_	_	_	_	_
377-3	PKP125	377	377	3	non	non	_	_	_	_	_	linguistic	_	none	_	_	_	_	_	_
377-4	PKP125	377	377	4	è	è	_	_	_	_	_	linguistic	_	none	_	_	_	_	_	_
377-5	PKP125	377	377	5	detto	detto	_	_	_	_	_	linguistic	_	none	_	End=621.103	_	_	_	_
378-0	PKP125	378	378	0	questo	questo	_	_	_	_	_	linguistic	_	none	_	Begin=621.147	_	_	_	_
378-1	PKP125	378	378	1	è	è	_	_	_	_	_	linguistic	_	none	_	_	_	_	_	_
378-2	PKP125	378	378	2	molto	molto	_	_	_	_	_	linguistic	_	none	_	_	_	_	_	_
378-3	PKP125	378	378	3	un	un	_	_	_	_	_	linguistic	_	none	_	_	_	_	_	_
378-4	PKP125	378	378	4	ragionamento:	ragionamento	_	_	_	_	_	linguistic	_	none	_	End=622.807	11x1	_	_	_
379-0	PKP125	379	379	0	(trivia:le:)	triviale	_	_	_	_	_	linguistic	_	none	_	Begin=622.867|End=623.955	5x1,7x1	_	0-8(0)	_
380-0	PKP131	380	380	0	no	no	_	_	_	_	_	linguistic	_	none	_	Begin=624.29	_	_	_	_
380-1	PKP131	380	380	1	però:	però	_	_	_	_	_	linguistic	_	none	_	End=624.842	3x1	_	_	_
381-0	PKP131	381	381	0	può	può	_	_	_	_	_	linguistic	_	none	_	Begin=624.869	_	_	_	_
381-1	PKP131	381	381	1	[darsi	darsi	_	_	_	_	_	linguistic	_	none	_	_	_	_	_	0-5(81)
381-2	PKP131	381	381	2	per]ché	perché	_	_	_	_	_	linguistic	_	none	_	End=625.862	_	_	_	0-3(81)
382-0	PKP125	382	382	0	[di	di	_	_	_	_	_	linguistic	_	none	_	Begin=625.044	_	_	_	0-2(81)
382-1	PKP125	382	382	1	paese]	paese	_	_	_	_	_	linguistic	_	none	_	End=625.655	_	_	_	0-5(81)
383-0	PKP131	383	383	0	c'	c'	_	_	_	_	_	linguistic	_	none	SpaceAfter=No	Begin=626.32	_	_	_	_
383-1	PKP131	383	383	1	è	è	_	_	_	_	_	linguistic	_	none	_	_	_	_	_	_
383-2	PKP131	383	383	2	s[empre]	sempre	_	_	_	_	_	linguistic	_	none	_	_	_	_	_	0-6(82)
383-3	PKP131	383	383	3	il	il	_	_	_	_	_	linguistic	_	none	_	_	_	_	_	_
383-4	PKP131	383	383	4	fatto:	fatto	_	_	_	_	_	linguistic	_	none	_	End=627.448	4x1	_	_	_
384-0	PKP125	384	384	0	[mh]	mh	_	_	_	_	_	linguistic	_	none	_	Begin=626.527|End=626.714	_	_	_	0-2(82)
385-0	PKP131	385	385	0	si	si	_	_	_	_	_	linguistic	_	none	_	Begin=627.522	_	_	_	_
385-1	PKP131	385	385	1	perde	perde	_	_	_	_	_	linguistic	_	none	_	_	_	_	_	_
385-2	PKP131	385	385	2	il	il	_	_	_	_	_	linguistic	_	none	_	_	_	_	_	_
385-3	PKP131	385	385	3	pelo	pelo	_	_	_	_	_	linguistic	_	none	_	_	_	_	_	_
385-4	PKP131	385	385	4	ma	ma	_	_	_	_	_	linguistic	_	none	_	_	_	_	_	_
385-5	PKP131	385	385	5	non	non	_	_	_	_	_	linguistic	_	none	_	_	_	_	_	_
385-6	PKP131	385	385	6	il	il	_	_	_	_	_	linguistic	_	none	_	_	_	_	_	_
385-7	PKP131	385	385	7	vizio	vizio	_	_	_	_	_	linguistic	_	none	_	End=628.95	_	_	_	_
386-0	PKP131	386	386	0	va	va	_	_	_	_	_	linguistic	_	none	_	Begin=629.049	_	_	_	_
386-1	PKP131	386	386	1	bene?	bene	_	_	_	_	_	linguistic	_	none	Intonation=Rising	End=629.517	_	_	_	_
387-0	PKP125	387	387	0	°eh°	eh	_	_	_	_	_	linguistic	_	none	Volume=low	Begin=629.674|End=629.967	_	_	_	_
388-0	PKP125	388	388	0	per	per	_	_	_	_	_	linguistic	_	none	_	Begin=631.068	_	_	_	_
388-1	PKP125	388	388	1	come	come	_	_	_	_	_	linguistic	_	none	_	_	_	_	_	_
388-2	PKP125	388	388	2	[ha	ha	_	_	_	_	_	linguistic	_	none	_	_	_	_	_	0-2(84)
388-3	PKP125	388	388	3	trattato	trattato	_	_	_	_	_	linguistic	_	none	_	_	_	_	_	0-8(84)
388-4	PKP125	388	388	4	la	la	_	_	_	_	_	linguistic	_	none	_	_	_	_	_	0-2(84)
388-5	PKP125	388	388	5	sua	sua	_	_	_	_	_	linguistic	_	none	_	_	_	_	_	0-3(84)
388-6	PKP125	388	388	6	ex]	ex	_	_	_	_	_	linguistic	_	none	_	_	_	_	_	0-2(84)
388-7	PKP125	388	388	7	moglie	moglie	_	_	_	_	_	linguistic	_	none	_	End=633.113	_	_	_	_
389-0	PKP131	389	389	0	[poi	poi	_	_	_	_	_	linguistic	_	none	_	Begin=631.482	_	_	_	0-3(84)
389-1	PKP131	389	389	1	non	non	_	_	_	_	_	linguistic	_	none	_	_	_	_	_	0-3(84)
389-2	PKP131	389	389	2	si	si	_	_	_	_	_	linguistic	_	none	_	_	_	_	_	0-2(84)
389-3	PKP131	389	389	3	deve	deve	_	_	_	_	_	linguistic	_	none	_	_	_	_	_	0-4(84)
389-4	PKP131	389	389	4	dare	dare	_	_	_	_	_	linguistic	_	none	_	_	_	_	_	0-4(84)
389-5	PKP131	389	389	5	xx]	xx	_	_	_	_	_	unknown	_	none	Syllables=2	End=632.605	_	_	_	0-2(84)
390-0	PKP125	390	390	0	c(io)è	cioè	_	_	_	_	_	linguistic	_	none	_	Begin=633.177	_	_	1-3(0)	_
390-1	PKP125	390	390	1	voglio	voglio	_	_	_	_	_	linguistic	_	none	_	_	_	_	_	_
390-2	PKP125	390	390	2	di'	di'	_	_	_	_	_	linguistic	_	none	Truncated=Yes	End=633.719	_	_	_	_
391-0	PKP125	391	391	0	c(io)è:	cioè	_	_	_	_	_	linguistic	_	none	PauseAfter=Yes	Begin=633.778	3x1	_	1-3(0)	_
391-1	PKP125	391	391	1	{P}	{P}	_	_	_	_	_	shortpause	_	none	_	_	_	_	_	_
391-2	PKP125	391	391	2	l'	l'	_	_	_	_	_	linguistic	_	none	SpaceAfter=No	_	_	_	_	_
391-3	PKP125	391	391	3	ha	ha	_	_	_	_	_	linguistic	_	none	_	_	_	_	_	_
391-4	PKP125	391	391	4	appesa	appesa	_	_	_	_	_	linguistic	_	none	_	_	_	_	_	_
391-5	PKP125	391	391	5	in	in	_	_	_	_	_	linguistic	_	none	_	_	_	_	_	_
391-6	PKP125	391	391	6	un	un	_	_	_	_	_	linguistic	_	none	_	_	_	_	_	_
391-7	PKP125	391	391	7	angolo	angolo	_	_	_	_	_	linguistic	_	none	_	_	_	_	_	_
391-8	PKP125	391	391	8	no?	no	_	_	_	_	_	linguistic	_	none	Intonation=Rising	End=635.497	_	_	_	_
392-0	PKP131	392	392	0	{ride}	{ride}	_	_	_	_	_	nonverbalbehavior	_	none	_	Begin=637.344|End=637.653	_	_	_	_
393-0	PKP125	393	393	0	{ride}	{ride}	_	_	_	_	_	nonverbalbehavior	_	none	_	Begin=638.103|End=638.359	_	_	_	_
394-0	PKP131	394	394	0	tu	tu	_	_	_	_	_	linguistic	_	none	_	Begin=638.315	_	_	_	_
394-1	PKP131	394	394	1	devi	devi	_	_	_	_	_	linguistic	_	none	_	_	_	_	_	_
394-2	PKP131	394	394	2	dare	dare	_	_	_	_	_	linguistic	_	none	_	_	_	_	_	_
394-3	PKP131	394	394	3	sempre	sempre	_	_	_	_	_	linguistic	_	none	_	_	_	_	_	_
394-4	PKP131	394	394	4	il	il	_	_	_	_	_	linguistic	_	none	_	_	_	_	_	_
394-5	PKP131	394	394	5	beneficio	beneficio	_	_	_	_	_	linguistic	_	none	_	_	_	_	_	_
394-6	PKP131	394	394	6	del	del	_	_	_	_	_	linguistic	_	none	_	_	_	_	_	_
394-7	PKP131	394	394	7	dubbio	dubbio	_	_	_	_	_	linguistic	_	none	_	End=639.96	_	_	_	_
395-0	PKP131	395	395	0	ma:	ma	_	_	_	_	_	linguistic	_	none	_	Begin=639.996|End=640.375	1x1	_	_	_
396-0	PKP131	396	396	0	tu	tu	_	_	_	_	_	linguistic	_	none	_	Begin=640.399	_	_	_	_
396-1	PKP131	396	396	1	[fami]:glia:	famiglia	_	_	_	_	_	linguistic	_	none	_	End=641.162	3x1,7x1	_	_	0-4(86)
397-0	PKP125	397	397	0	[xx]	xx	_	_	_	_	_	unknown	_	none	Syllables=2	Begin=640.527|End=640.835	_	_	_	0-2(86)
398-0	PKP131	398	398	0	che	che	_	_	_	_	_	linguistic	_	none	_	Begin=641.201	_	_	_	_
398-1	PKP131	398	398	1	dici	dici	_	_	_	_	_	linguistic	_	none	_	_	_	_	_	_
398-2	PKP131	398	398	2	no	no	_	_	_	_	_	linguistic	_	none	_	_	_	_	_	_
398-3	PKP131	398	398	3	tu	tu	_	_	_	_	_	linguistic	_	none	_	_	_	_	_	_
398-4	PKP131	398	398	4	te	te	_	_	_	_	_	linguistic	_	none	_	_	_	_	_	_
398-5	PKP131	398	398	5	ne	ne	_	_	_	_	_	linguistic	_	none	_	_	_	_	_	_
398-6	PKP131	398	398	6	devi	devi	_	_	_	_	_	linguistic	_	none	_	_	_	_	_	_
398-7	PKP131	398	398	7	anda'	anda'	_	_	_	_	_	linguistic	_	none	Truncated=Yes	End=642.497	_	_	_	_
399-0	PKP131	399	399	0	c(io)è	cioè	_	_	_	_	_	linguistic	_	none	_	Begin=642.985|End=643.349	_	_	1-3(0)	_
400-0	PKP131	400	400	0	la	la	_	_	_	_	_	linguistic	_	none	_	Begin=644.213	_	_	_	_
400-1	PKP131	400	400	1	fai	fai	_	_	_	_	_	linguistic	_	none	_	_	_	_	_	_
400-2	PKP131	400	400	2	stare	stare	_	_	_	_	_	linguistic	_	none	_	_	_	_	_	_
400-3	PKP131	400	400	3	male	male	_	_	_	_	_	linguistic	_	none	_	_	_	_	_	_
400-4	PKP131	400	400	4	la	la	_	_	_	_	_	linguistic	_	none	_	_	_	_	_	_
400-5	PKP131	400	400	5	fai	fai	_	_	_	_	_	linguistic	_	none	_	_	_	_	_	_
400-6	PKP131	400	400	6	sentire	sentire	_	_	_	_	_	linguistic	_	none	_	_	_	_	_	_
400-7	PKP131	400	400	7	male	male	_	_	_	_	_	linguistic	_	none	_	End=645.763	_	_	_	_
401-0	PKP131	401	401	0	tu	tu	_	_	_	_	_	linguistic	_	none	_	Begin=645.808	_	_	_	_
401-1	PKP131	401	401	1	mamma:	mamma	_	_	_	_	_	linguistic	_	none	_	End=646.536	4x1	_	_	_
402-0	PKP131	402	402	0	che	che	_	_	_	_	_	linguistic	_	none	_	Begin=646.881	_	_	_	_
402-1	PKP131	402	402	1	dici	dici	_	_	_	_	_	linguistic	_	none	_	End=647.256	_	_	_	_
403-0	PKP131	403	403	0	quello	quello	_	_	_	_	_	linguistic	_	none	_	Begin=647.33	_	_	_	_
403-1	PKP131	403	403	1	si	si	_	_	_	_	_	linguistic	_	none	_	_	_	_	_	_
403-2	PKP131	403	403	2	trova	trova	_	_	_	_	_	linguistic	_	none	_	_	_	_	_	_
403-3	PKP131	403	403	3	un	un	_	_	_	_	_	linguistic	_	none	_	_	_	_	_	_
403-4	PKP131	403	403	4	altro	altro	_	_	_	_	_	linguistic	_	none	_	End=648.173	_	_	_	_
404-0	PKP131	404	404	0	>quello<	quello	_	_	_	_	_	linguistic	_	none	_	Begin=648.222	_	Fast=0-6(0)	_	_
404-1	PKP131	404	404	1	ti	ti	_	_	_	_	_	linguistic	_	none	_	_	_	_	_	_
404-2	PKP131	404	404	2	la:scia	lascia	_	_	_	_	_	linguistic	_	none	_	End=648.99	1x1	_	_	_
405-0	PKP131	405	405	0	quello	quello	_	_	_	_	_	linguistic	_	none	_	Begin=649.017	_	_	_	_
405-1	PKP131	405	405	1	ti	ti	_	_	_	_	_	linguistic	_	none	_	_	_	_	_	_
405-2	PKP131	405	405	2	mette	mette	_	_	_	_	_	linguistic	_	none	_	_	_	_	_	_
405-3	PKP131	405	405	3	le	le	_	_	_	_	_	linguistic	_	none	_	_	_	_	_	_
405-4	PKP131	405	405	4	corna	corna	_	_	_	_	_	linguistic	_	none	_	_	_	_	_	_
405-5	PKP131	405	405	5	>te	te	_	_	_	_	_	linguistic	_	none	_	_	_	Fast=0-2(0)	_	_
405-6	PKP131	405	405	6	ne	ne	_	_	_	_	_	linguistic	_	none	_	_	_	Fast=0-2(0)	_	_
405-7	PKP131	405	405	7	devi<	devi	_	_	_	_	_	linguistic	_	none	_	_	_	Fast=0-4(0)	_	_
405-8	PKP131	405	405	8	anda:re:	andare	_	_	_	_	_	linguistic	_	none	_	End=651.125	3x1,5x1	_	_	_
406-0	PKP131	406	406	0	gli	gli	_	_	_	_	_	linguistic	_	none	_	Begin=651.527	_	_	_	_
406-1	PKP131	406	406	1	fai	fai	_	_	_	_	_	linguistic	_	none	_	_	_	_	_	_
406-2	PKP131	406	406	2	venire:	venire	_	_	_	_	_	linguistic	_	none	_	End=652.433	5x1	_	_	_
407-0	PKP131	407	407	0	#i	#i	_	_	_	_	_	error	_	none	_	Begin=652.468	_	_	_	_
407-1	PKP131	407	407	1	complessi	complessi	_	_	_	_	_	linguistic	_	none	_	_	_	_	_	_
407-2	PKP131	407	407	2	d'	d'	_	_	_	_	_	linguistic	_	none	SpaceAfter=No	_	_	_	_	_
407-3	PKP131	407	407	3	inferiorità	inferiorità	_	_	_	_	_	linguistic	_	none	_	_	_	_	_	_
407-4	PKP131	407	407	4	dice	dice	_	_	_	_	_	linguistic	_	none	_	_	_	_	_	_
407-5	PKP131	407	407	5	perché	perché	_	_	_	_	_	linguistic	_	none	_	_	_	_	_	_
407-6	PKP131	407	407	6	xxxx	xxxx	_	_	_	_	_	unknown	_	none	Syllables=4	End=656.024	_	_	_	_
408-0	PKP131	408	408	0	#tengo	#tengo	_	_	_	_	_	error	_	none	_	Begin=656.65	_	_	_	_
408-1	PKP131	408	408	1	pure	pure	_	_	_	_	_	linguistic	_	none	_	_	_	_	_	_
408-2	PKP131	408	408	2	o'	o'	_	_	_	_	_	linguistic	_	none	Truncated=Yes	_	_	_	_	_
408-3	PKP131	408	408	3	figl	figl	_	_	_	_	_	linguistic	_	none	_	_	_	_	_	_
408-4	PKP131	408	408	4	suoi	suoi	_	_	_	_	_	linguistic	_	none	_	_	_	_	_	_
408-5	PKP131	408	408	5	m	m	_	_	_	_	_	linguistic	_	none	_	_	_	_	_	_
408-6	PKP131	408	408	6	l'	l'	_	_	_	_	_	linguistic	_	none	SpaceAfter=No	_	_	_	_	_
408-7	PKP131	408	408	7	ha	ha	_	_	_	_	_	linguistic	_	none	_	_	_	_	_	_
408-8	PKP131	408	408	8	xxxx	xxxx	_	_	_	_	_	unknown	_	none	Syllables=4	End=658.66	_	_	_	_
409-0	PKP131	409	409	0	beh	beh	_	_	_	_	_	linguistic	_	none	_	Begin=658.847|End=659.197	_	_	_	_
410-0	PKP125	410	410	0	{ride}	{ride}	_	_	_	_	_	nonverbalbehavior	_	none	_	Begin=659.536|End=660.256	_	_	_	_
411-0	PKP125	411	411	0	[m]:h	mh	_	_	_	_	_	linguistic	_	none	_	Begin=661.083|End=661.364	0x1	_	_	0-1(90)
412-0	PKP131	412	412	0	[no]n	non	_	_	_	_	_	linguistic	_	none	_	Begin=661.3	_	_	_	0-2(90)
412-1	PKP131	412	412	1	vorrei	vorrei	_	_	_	_	_	linguistic	_	none	_	_	_	_	_	_
412-2	PKP131	412	412	2	dire	dire	_	_	_	_	_	linguistic	_	none	_	End=662.059	_	_	_	_
413-0	PKP125	413	413	0	e	e	_	_	_	_	_	linguistic	_	none	_	Begin=665.832	_	_	_	_
413-1	PKP125	413	413	1	quindi	quindi	_	_	_	_	_	linguistic	_	none	_	_	_	_	_	_
413-2	PKP125	413	413	2	lei	lei	_	_	_	_	_	linguistic	_	none	_	_	_	_	_	_
413-3	PKP125	413	413	3	sta	sta	_	_	_	_	_	linguistic	_	none	_	_	_	_	_	_
413-4	PKP125	413	413	4	meditando	meditando	_	_	_	_	_	linguistic	_	none	_	_	_	_	_	_
413-5	PKP125	413	413	5	se	se	_	_	_	_	_	linguistic	_	none	_	_	_	_	_	_
413-6	PKP125	413	413	6	m:h	mh	_	_	_	_	_	linguistic	_	none	_	End=667.901	0x1	_	_	_
414-0	PKP131	414	414	0	no	no	_	_	_	_	_	linguistic	_	none	_	Begin=669.403	_	_	_	_
414-1	PKP131	414	414	1	ma	ma	_	_	_	_	_	linguistic	_	none	_	_	_	_	_	_
414-2	PKP131	414	414	2	lei:	lei	_	_	_	_	_	linguistic	_	none	_	End=670.261	2x1	_	_	_
415-0	PKP131	415	415	0	dice	dice	_	_	_	_	_	linguistic	_	none	_	Begin=670.379	_	_	_	_
415-1	PKP131	415	415	1	che	che	_	_	_	_	_	linguistic	_	none	_	_	_	_	_	_
415-2	PKP131	415	415	2	se	se	_	_	_	_	_	linguistic	_	none	_	_	_	_	_	_
415-3	PKP131	415	415	3	ne	ne	_	_	_	_	_	linguistic	_	none	_	_	_	_	_	_
415-4	PKP131	415	415	4	deve	deve	_	_	_	_	_	linguistic	_	none	_	_	_	_	_	_
415-5	PKP131	415	415	5	anda:re	andare	_	_	_	_	_	linguistic	_	none	_	End=671.63	3x1	_	_	_
416-0	PKP131	416	416	0	>però<	però	_	_	_	_	_	linguistic	_	none	_	Begin=671.674	_	Fast=0-4(0)	_	_
416-1	PKP131	416	416	1	sta	sta	_	_	_	_	_	linguistic	_	none	_	_	_	_	_	_
416-2	PKP131	416	416	2	tirando:	tirando	_	_	_	_	_	linguistic	_	none	_	End=672.891	6x1	_	_	_
417-0	PKP131	417	417	0	la	la	_	_	_	_	_	linguistic	_	none	_	Begin=672.931	_	_	_	_
417-1	PKP131	417	417	1	corda	corda	_	_	_	_	_	linguistic	_	none	_	End=673.522	_	_	_	_
418-0	PKP125	418	418	0	qui	qui	_	_	_	_	_	linguistic	_	none	_	Begin=675.113	_	_	_	_
418-1	PKP125	418	418	1	la	la	_	_	_	_	_	linguistic	_	none	_	_	_	_	_	_
418-2	PKP125	418	418	2	martina	martina	_	_	_	_	_	linguistic	_	none	_	_	_	_	_	_
418-3	PKP125	418	418	3	ora	ora	_	_	_	_	_	linguistic	_	none	_	_	_	_	_	_
418-4	PKP125	418	418	4	che	che	_	_	_	_	_	linguistic	_	none	_	_	_	_	_	_
418-5	PKP125	418	418	5	si	si	_	_	_	_	_	linguistic	_	none	_	_	_	_	_	_
418-6	PKP125	418	418	6	scoccia	scoccia	_	_	_	_	_	linguistic	_	none	_	_	_	_	_	_
418-7	PKP125	418	418	7	pensa	pensa	_	_	_	_	_	linguistic	_	none	_	_	_	_	_	_
418-8	PKP125	418	418	8	a:	a	_	_	_	_	_	linguistic	_	none	_	_	0x1	_	_	_
418-9	PKP125	418	418	9	federico	federico	_	_	_	_	_	linguistic	_	none	_	End=677.655	_	_	_	_
419-0	PKP125	419	419	0	è	è	_	_	_	_	_	linguistic	_	none	_	Begin=678.088	_	_	_	_
419-1	PKP125	419	419	1	la	la	_	_	_	_	_	linguistic	_	none	_	_	_	_	_	_
419-2	PKP125	419	419	2	sua	sua	_	_	_	_	_	linguistic	_	none	_	_	_	_	_	_
419-3	PKP125	419	419	3	fidanzata	fidanzata	_	_	_	_	_	linguistic	_	none	_	_	_	_	_	_
419-4	PKP125	419	419	4	no?	no	_	_	_	_	_	linguistic	_	none	Intonation=Rising	End=679.325	_	_	_	_
420-0	PKP125	420	420	0	>più	più	_	_	_	_	_	linguistic	_	none	_	Begin=680.773	_	Fast=0-3(0)	_	_
420-1	PKP125	420	420	1	o	o	_	_	_	_	_	linguistic	_	none	_	_	_	Fast=0-1(0)	_	_
420-2	PKP125	420	420	2	meno<	meno	_	_	_	_	_	linguistic	_	none	_	_	_	Fast=0-4(0)	_	_
420-3	PKP125	420	420	3	stessa	stessa	_	_	_	_	_	linguistic	_	none	_	_	_	_	_	_
420-4	PKP125	420	420	4	storia	storia	_	_	_	_	_	linguistic	_	none	_	_	_	_	_	_
420-5	PKP125	420	420	5	lui	lui	_	_	_	_	_	linguistic	_	none	_	_	_	_	_	_
420-6	PKP125	420	420	6	andava	andava	_	_	_	_	_	linguistic	_	none	_	_	_	_	_	_
420-7	PKP125	420	420	7	a	a	_	_	_	_	_	linguistic	_	none	_	_	_	_	_	_
420-8	PKP125	420	420	8	lavorare	lavorare	_	_	_	_	_	linguistic	_	none	_	End=682.709	_	_	_	_
421-0	PKP125	421	421	0	e	e	_	_	_	_	_	linguistic	_	none	_	Begin=682.757	_	_	_	_
421-1	PKP125	421	421	1	lei	lei	_	_	_	_	_	linguistic	_	none	_	_	_	_	_	_
421-2	PKP125	421	421	2	a	a	_	_	_	_	_	linguistic	_	none	_	_	_	_	_	_
421-3	PKP125	421	421	3	casa	casa	_	_	_	_	_	linguistic	_	none	_	_	_	_	_	_
421-4	PKP125	421	421	4	a	a	_	_	_	_	_	linguistic	_	none	_	_	_	_	_	_
421-5	PKP125	421	421	5	crescersii	crescersii	_	_	_	_	_	linguistic	_	none	_	_	_	_	_	_
421-6	PKP125	421	421	6	il	il	_	_	_	_	_	linguistic	_	none	_	_	_	_	_	_
421-7	PKP125	421	421	7	figlio	figlio	_	_	_	_	_	linguistic	_	none	_	End=684.231	_	_	_	_
422-0	PKP125	422	422	0	c(io)è	cioè	_	_	_	_	_	linguistic	_	none	_	Begin=684.29	_	_	1-3(0)	_
422-1	PKP125	422	422	1	a	a	_	_	_	_	_	linguistic	_	none	_	_	_	_	_	_
422-2	PKP125	422	422	2	(u)n	un	_	_	_	_	_	linguistic	_	none	_	_	_	_	0-1(1)	_
422-3	PKP125	422	422	3	certo	certo	_	_	_	_	_	linguistic	_	none	_	_	_	_	_	_
422-4	PKP125	422	422	4	punto	punto	_	_	_	_	_	linguistic	_	none	_	_	_	_	_	_
422-5	PKP125	422	422	5	senza	senza	_	_	_	_	_	linguistic	_	none	_	_	_	_	_	_
422-6	PKP125	422	422	6	amicizie	amicizie	_	_	_	_	_	linguistic	_	none	_	End=685.97	_	_	_	_
423-0	PKP125	423	423	0	senza	senza	_	_	_	_	_	linguistic	_	none	_	Begin=686.034	_	_	_	_
423-1	PKP125	423	423	1	conoscer(e)	conoscere	_	_	_	_	_	linguistic	_	none	_	_	_	_	8-9(0)	_
423-2	PKP125	423	423	2	nessuno	nessuno	_	_	_	_	_	linguistic	_	none	_	End=687.27	_	_	_	_
424-0	PKP125	424	424	0	a	a	_	_	_	_	_	linguistic	_	none	_	Begin=687.307	_	_	_	_
424-1	PKP125	424	424	1	un	un	_	_	_	_	_	linguistic	_	none	_	_	_	_	_	_
424-2	PKP125	424	424	2	certo	certo	_	_	_	_	_	linguistic	_	none	_	_	_	_	_	_
424-3	PKP125	424	424	3	punto	punto	_	_	_	_	_	linguistic	_	none	_	_	_	_	_	_
424-4	PKP125	424	424	4	è	è	_	_	_	_	_	linguistic	_	none	_	_	_	_	_	_
424-5	PKP125	424	424	5	andata	andata	_	_	_	_	_	linguistic	_	none	_	_	_	_	_	_
424-6	PKP125	424	424	6	proprio	proprio	_	_	_	_	_	linguistic	_	none	_	_	_	_	_	_
424-7	PKP125	424	424	7	in	in	_	_	_	_	_	linguistic	_	none	_	_	_	_	_	_
424-8	PKP125	424	424	8	esaurimento	esaurimento	_	_	_	_	_	linguistic	_	none	_	_	_	_	_	_
424-9	PKP125	424	424	9	nervoso	nervoso	_	_	_	_	_	linguistic	_	none	_	End=689.152	_	_	_	_
425-0	PKP131	425	425	0	sì:?	sì	_	_	_	_	_	linguistic	_	none	Intonation=Rising	Begin=689.679|End=690.039	1x1	_	_	_
426-0	PKP125	426	426	0	no	no	_	_	_	_	_	linguistic	_	none	_	Begin=691.118	_	_	_	_
426-1	PKP125	426	426	1	non	non	_	_	_	_	_	linguistic	_	none	_	_	_	_	_	_
426-2	PKP125	426	426	2	proprio	proprio	_	_	_	_	_	linguistic	_	none	_	_	_	_	_	_
426-3	PKP125	426	426	3	però	però	_	_	_	_	_	linguistic	_	none	_	_	_	_	_	_
426-4	PKP125	426	426	4	comunque	comunque	_	_	_	_	_	linguistic	_	none	_	_	_	_	_	_
426-5	PKP125	426	426	5	diceva	diceva	_	_	_	_	_	linguistic	_	none	_	End=692.921	_	_	_	_
427-0	PKP125	427	427	0	ho	ho	_	_	_	_	_	linguistic	_	none	_	Begin=693.322	_	_	_	_
427-1	PKP125	427	427	1	fatto	fatto	_	_	_	_	_	linguistic	_	none	_	_	_	_	_	_
427-2	PKP125	427	427	2	un~	un~	_	_	_	_	_	linguistic	_	none	Interrupted=Yes	_	_	_	_	_
427-3	PKP125	427	427	3	è	è	_	_	_	_	_	linguistic	_	none	_	_	_	_	_	_
427-4	PKP125	427	427	4	stata	stata	_	_	_	_	_	linguistic	_	none	_	_	_	_	_	_
427-5	PKP125	427	427	5	una	una	_	_	_	_	_	linguistic	_	none	_	_	_	_	_	_
427-6	PKP125	427	427	6	brutta	brutta	_	_	_	_	_	linguistic	_	none	_	_	_	_	_	_
427-7	PKP125	427	427	7	maternità:	maternità	_	_	_	_	_	linguistic	_	none	_	End=695.295	8x1	_	_	_
428-0	PKP125	428	428	0	>è	è	_	_	_	_	_	linguistic	_	none	_	Begin=695.335	_	Fast=0-1(0)	_	_
428-1	PKP125	428	428	1	stato<	stato	_	_	_	_	_	linguistic	_	none	_	_	_	Fast=0-5(0)	_	_
428-2	PKP125	428	428	2	u:n	un	_	_	_	_	_	linguistic	_	none	_	_	0x1	_	_	_
428-3	PKP125	428	428	3	brutto	brutto	_	_	_	_	_	linguistic	_	none	_	_	_	_	_	_
428-4	PKP125	428	428	4	anno	anno	_	_	_	_	_	linguistic	_	none	_	_	_	_	_	_
428-5	PKP125	428	428	5	perch[é]	perché	_	_	_	_	_	linguistic	_	none	_	End=696.768	_	_	_	5-6(95)
429-0	PKP131	429	429	0	>[scu]sa	scusa	_	_	_	_	_	linguistic	_	none	_	Begin=696.66	_	Fast=0-5(0)	_	0-3(95)
429-1	PKP131	429	429	1	(beh)<	beh	_	_	_	_	_	linguistic	_	none	_	_	_	Fast=0-3(0)	0-3(0)	_
429-2	PKP131	429	429	2	ma	ma	_	_	_	_	_	linguistic	_	none	_	_	_	_	_	_
429-3	PKP131	429	429	3	perché:?	perché	_	_	_	_	_	linguistic	_	none	Intonation=Rising	End=697.694	5x1	_	_	_
430-0	PKP131	430	430	0	>non	non	_	_	_	_	_	linguistic	_	none	_	Begin=698.221	_	Fast=0-3(0)	_	_
430-1	PKP131	430	430	1	ha<	ha	_	_	_	_	_	linguistic	_	none	_	_	_	Fast=0-2(0)	_	_
430-2	PKP131	430	430	2	abortito?	abortito	_	_	_	_	_	linguistic	_	none	Intonation=Rising	End=699.158	_	_	_	_
431-0	PKP125	431	431	0	perché	perché	_	_	_	_	_	linguistic	_	none	_	Begin=700.128	_	_	_	_
431-1	PKP125	431	431	1	lo	lo	_	_	_	_	_	linguistic	_	none	_	_	_	_	_	_
431-2	PKP125	431	431	2	volevano	volevano	_	_	_	_	_	linguistic	_	none	_	End=701.029	_	_	_	_
432-0	PKP131	432	432	0	ma	ma	_	_	_	_	_	linguistic	_	none	_	Begin=702.33	_	_	_	_
432-1	PKP131	432	432	1	è	è	_	_	_	_	_	linguistic	_	none	_	_	_	_	_	_
432-2	PKP131	432	432	2	stato	stato	_	_	_	_	_	linguistic	_	none	_	_	_	_	_	_
432-3	PKP131	432	432	3	non	non	_	_	_	_	_	linguistic	_	none	_	_	_	_	_	_
432-4	PKP131	432	432	4	voluto	voluto	_	_	_	_	_	linguistic	_	none	_	_	_	_	_	_
432-5	PKP131	432	432	5	però	però	_	_	_	_	_	linguistic	_	none	_	End=703.62	_	_	_	_
433-0	PKP125	433	433	0	no	no	_	_	_	_	_	linguistic	_	none	_	Begin=703.778	_	_	_	_
433-1	PKP125	433	433	1	mi	mi	_	_	_	_	_	linguistic	_	none	_	_	_	_	_	_
433-2	PKP125	433	433	2	sa	sa	_	_	_	_	_	linguistic	_	none	_	_	_	_	_	_
433-3	PKP125	433	433	3	che	che	_	_	_	_	_	linguistic	_	none	_	_	_	_	_	_
433-4	PKP125	433	433	4	è	è	_	_	_	_	_	linguistic	_	none	_	_	_	_	_	_
433-5	PKP125	433	433	5	stato	stato	_	_	_	_	_	linguistic	_	none	_	_	_	_	_	_
433-6	PKP125	433	433	6	casuale	casuale	_	_	_	_	_	linguistic	_	none	_	_	_	_	_	_
433-7	PKP125	433	433	7	la:	la	_	_	_	_	_	linguistic	_	none	_	_	1x1	_	_	_
433-8	PKP125	433	433	8	la:	la	_	_	_	_	_	linguistic	_	none	_	End=706.517	1x1	_	_	_
434-0	PKP131	434	434	0	eh	eh	_	_	_	_	_	linguistic	_	none	_	Begin=706.551	_	_	_	_
434-1	PKP131	434	434	1	casua~	casua~	_	_	_	_	_	linguistic	_	none	Interrupted=Yes	_	_	_	_	_
434-2	PKP131	434	434	2	mh	mh	_	_	_	_	_	linguistic	_	none	_	End=707.527	_	_	_	_
435-0	PKP125	435	435	0	la:	la	_	_	_	_	_	linguistic	_	none	_	Begin=707.876	1x1	_	_	_
435-1	PKP125	435	435	1	mh	mh	_	_	_	_	_	linguistic	_	none	_	End=708.61	_	_	_	_
436-0	PKP125	436	436	0	diciamo	diciamo	_	_	_	_	_	linguistic	_	none	_	Begin=709.049	_	_	_	_
436-1	PKP125	436	436	1	m:h	mh	_	_	_	_	_	linguistic	_	none	_	End=709.955	0x1	_	_	_
437-0	PKP125	437	437	0	la	la	_	_	_	_	_	linguistic	_	none	_	Begin=710.857	_	_	_	_
437-1	PKP125	437	437	1	gravida:nza	gravidanza	_	_	_	_	_	linguistic	_	none	_	End=711.96	6x1	_	_	_
438-0	PKP125	438	438	0	però	però	_	_	_	_	_	linguistic	_	none	_	Begin=712.034	_	_	_	_
438-1	PKP125	438	438	1	una	una	_	_	_	_	_	linguistic	_	none	_	_	_	_	_	_
438-2	PKP125	438	438	2	volta	volta	_	_	_	_	_	linguistic	_	none	_	_	_	_	_	_
438-3	PKP125	438	438	3	avu:to	avuto	_	_	_	_	_	linguistic	_	none	_	End=713.216	2x1	_	_	_
439-0	PKP125	439	439	0	diciamo	diciamo	_	_	_	_	_	linguistic	_	none	_	Begin=713.257	_	_	_	_
439-1	PKP125	439	439	1	(no:~	no~	_	_	_	_	_	linguistic	_	none	Interrupted=Yes	_	1x1	_	0-3(0)	_
439-2	PKP125	439	439	2	non)	non	_	_	_	_	_	linguistic	_	none	_	_	_	_	0-3(0)	_
439-3	PKP125	439	439	3	si	si	_	_	_	_	_	linguistic	_	none	_	_	_	_	_	_
439-4	PKP125	439	439	4	sono	sono	_	_	_	_	_	linguistic	_	none	_	_	_	_	_	_
439-5	PKP125	439	439	5	tirati	tirati	_	_	_	_	_	linguistic	_	none	_	_	_	_	_	_
439-6	PKP125	439	439	6	indietro	indietro	_	_	_	_	_	linguistic	_	none	_	End=715.16	_	_	_	_
440-0	PKP131	440	440	0	erano	erano	_	_	_	_	_	linguistic	_	none	_	Begin=716.31	_	_	_	_
440-1	PKP131	440	440	1	felici	felici	_	_	_	_	_	linguistic	_	none	_	End=717.152	_	_	_	_
441-0	PKP131	441	441	0	è	è	_	_	_	_	_	linguistic	_	none	_	Begin=719.778	_	_	_	_
441-1	PKP131	441	441	1	una	una	_	_	_	_	_	linguistic	_	none	_	_	_	_	_	_
441-2	PKP131	441	441	2	femmina?	femmina	_	_	_	_	_	linguistic	_	none	Intonation=Rising	End=720.403	_	_	_	_
442-0	PKP125	442	442	0	vuoi	vuoi	_	_	_	_	_	linguistic	_	none	_	Begin=720.468	_	_	_	_
442-1	PKP125	442	442	1	un	un	_	_	_	_	_	linguistic	_	none	_	_	_	_	_	_
442-2	PKP125	442	442	2	altro	altro	_	_	_	_	_	linguistic	_	none	_	_	_	_	_	_
442-3	PKP125	442	442	3	po'	po'	_	_	_	_	_	linguistic	_	none	_	_	_	_	_	_
442-4	PKP125	442	442	4	di	di	_	_	_	_	_	linguistic	_	none	_	_	_	_	_	_
442-5	PKP125	442	442	5	salame?	salame	_	_	_	_	_	linguistic	_	none	Intonation=Rising	End=721.426	_	_	_	_
443-0	PKP131	443	443	0	no	no	_	_	_	_	_	linguistic	_	none	_	Begin=721.507	_	_	_	_
443-1	PKP131	443	443	1	grazie	grazie	_	_	_	_	_	linguistic	_	none	_	End=722.201	_	_	_	_
444-0	PKP131	444	444	0	(mangio	mangio	_	_	_	_	_	linguistic	_	none	_	Begin=722.847	_	_	0-6(0)	_
444-1	PKP131	444	444	1	le	le	_	_	_	_	_	linguistic	_	none	_	_	_	_	0-2(0)	_
444-2	PKP131	444	444	2	alici)	alici	_	_	_	_	_	linguistic	_	none	_	End=723.561	_	_	0-5(0)	_
445-0	PKP131	445	445	0	è	è	_	_	_	_	_	linguistic	_	none	_	Begin=724.931	_	_	_	_
445-1	PKP131	445	445	1	femmina?	femmina	_	_	_	_	_	linguistic	_	none	Intonation=Rising	End=725.463	_	_	_	_
446-0	PKP125	446	446	0	mh	mh	_	_	_	_	_	linguistic	_	none	_	Begin=725.694|End=725.911	_	_	_	_
447-0	PKP125	447	447	0	sì	sì	_	_	_	_	_	linguistic	_	none	_	Begin=726.541|End=726.842	_	_	_	_
448-0	PKP131	448	448	0	>come	come	_	_	_	_	_	linguistic	_	none	_	Begin=727.078	_	Fast=0-4(0)	_	_
448-1	PKP131	448	448	1	si	si	_	_	_	_	_	linguistic	_	none	_	_	_	Fast=0-2(0)	_	_
448-2	PKP131	448	448	2	chiama<?	chiama	_	_	_	_	_	linguistic	_	none	Intonation=Rising	End=727.63	_	Fast=0-6(0)	_	_
449-0	PKP125	449	449	0	laura	laura	_	_	_	_	_	linguistic	_	none	_	Begin=728.157|End=728.626	_	_	_	_
450-0	PKP131	450	450	0	mh	mh	_	_	_	_	_	linguistic	_	none	_	Begin=731.019|End=731.241	_	_	_	_
451-0	PKP131	451	451	0	bel	bel	_	_	_	_	_	linguistic	_	none	_	Begin=731.472	_	_	_	_
451-1	PKP131	451	451	1	nome	nome	_	_	_	_	_	linguistic	_	none	_	_	_	_	_	_
451-2	PKP131	451	451	2	xxx	xxx	_	_	_	_	_	unknown	_	none	Syllables=3	End=732.27	_	_	_	_
452-0	PKP131	452	452	0	xxx[x]	xxxx	_	_	_	_	_	unknown	_	none	Syllables=4	Begin=734.507|End=735.33	_	_	_	3-4(99)
453-0	PKP125	453	453	0	[è	è	_	_	_	_	_	linguistic	_	none	_	Begin=735.024	_	_	_	0-1(99)
453-1	PKP125	453	453	1	bel]lina	bellina	_	_	_	_	_	linguistic	_	none	_	_	_	_	_	0-3(99)
453-2	PKP125	453	453	2	però	però	_	_	_	_	_	linguistic	_	none	_	End=735.901	_	_	_	_
454-0	PKP125	454	454	0	xx	xx	_	_	_	_	_	unknown	_	none	Syllables=2	Begin=736.054|End=736.448	_	_	_	_
455-0	PKP125	455	455	0	su	su	_	_	_	_	_	linguistic	_	none	_	Begin=736.586|End=736.763	_	_	_	_
456-0	PKP131	456	456	0	be:h	beh	_	_	_	_	_	linguistic	_	none	_	Begin=737.313|End=737.571	1x1	_	_	_
457-0	PKP131	457	457	0	[(già)]	già	_	_	_	_	_	linguistic	_	none	_	Begin=737.65	_	_	0-3(0)	0-3(100)
457-1	PKP131	457	457	1	xxxx	xxxx	_	_	_	_	_	unknown	_	none	Syllables=4	End=738.423	_	_	_	_
458-0	PKP125	458	458	0	[x]	x	_	_	_	_	_	unknown	_	none	Syllables=1	Begin=737.665|End=737.852	_	_	_	0-1(100)
459-0	PKP131	459	459	0	(#damme	#damme	_	_	_	_	_	error	_	none	_	Begin=738.458	_	_	_	_
459-1	PKP131	459	459	1	na	na	_	_	_	_	_	linguistic	_	none	_	_	_	_	_	_
459-2	PKP131	459	459	2	foto	foto	_	_	_	_	_	linguistic	_	none	_	_	_	_	_	_
459-3	PKP131	459	459	3	a	a	_	_	_	_	_	linguistic	_	none	_	_	_	_	_	_
459-4	PKP131	459	459	4	vede'?	vede'	_	_	_	_	_	linguistic	_	none	Intonation=Rising|Truncated=Yes	End=739.305	_	_	_	_
460-0	PKP125	460	460	0	e:h	eh	_	_	_	_	_	linguistic	_	none	_	Begin=741.867	0x1	_	_	_
460-1	PKP125	460	460	1	ce	ce	_	_	_	_	_	linguistic	_	none	_	_	_	_	_	_
460-2	PKP125	460	460	2	l'	l'	_	_	_	_	_	linguistic	_	none	SpaceAfter=No	_	_	_	_	_
460-3	PKP125	460	460	3	ho	ho	_	_	_	_	_	linguistic	_	none	_	_	_	_	_	_
460-4	PKP125	460	460	4	sul	sul	_	_	_	_	_	linguistic	_	none	_	_	_	_	_	_
460-5	PKP125	460	460	5	telefono	telefono	_	_	_	_	_	linguistic	_	none	_	_	_	_	_	_
460-6	PKP125	460	460	6	che	che	_	_	_	_	_	linguistic	_	none	_	_	_	_	_	_
460-7	PKP125	460	460	7	al	al	_	_	_	_	_	linguistic	_	none	_	_	_	_	_	_
460-8	PKP125	460	460	8	momento	momento	_	_	_	_	_	linguistic	_	none	_	_	_	_	_	_
460-9	PKP125	460	460	9	non	non	_	_	_	_	_	linguistic	_	none	_	_	_	_	_	_
460-10	PKP125	460	460	10	pos[so	posso	_	_	_	_	_	linguistic	_	none	_	_	_	_	_	2-5(101)
460-11	PKP125	460	460	11	°(prendere)°]	prendere	_	_	_	_	_	linguistic	_	none	Volume=low	End=743.793	_	_	0-8(0)	0-8(101)
461-0	PKP131	461	461	0	[e:h	eh	_	_	_	_	_	linguistic	_	none	_	Begin=743.532	0x1	_	_	0-2(101)
461-1	PKP131	461	461	1	va]bbè	vabbè	_	_	_	_	_	linguistic	_	none	_	_	_	_	_	0-2(101)
461-2	PKP131	461	461	2	dopo	dopo	_	_	_	_	_	linguistic	_	none	_	End=744.201	_	_	_	_
462-0	PKP131	462	462	0	(qualcuno	qualcuno	_	_	_	_	_	linguistic	_	none	_	Begin=744.724	_	_	0-8(0)	_
462-1	PKP131	462	462	1	t'	t'	_	_	_	_	_	linguistic	_	none	SpaceAfter=No	_	_	_	0-2(0)	_
462-2	PKP131	462	462	2	ha	ha	_	_	_	_	_	linguistic	_	none	_	_	_	_	0-2(0)	_
462-3	PKP131	462	462	3	detto	detto	_	_	_	_	_	linguistic	_	none	_	_	_	_	0-5(0)	_
462-4	PKP131	462	462	4	che)	che	_	_	_	_	_	linguistic	_	none	_	_	_	_	0-3(0)	_
462-5	PKP131	462	462	5	xx[xx]	xxxx	_	_	_	_	_	unknown	_	none	Syllables=4	End=746.009	_	_	_	1-4(102)
463-0	PKP125	463	463	0	[è	è	_	_	_	_	_	linguistic	_	none	_	Begin=745.753	_	_	_	0-1(102)
463-1	PKP125	463	463	1	ca]rina	carina	_	_	_	_	_	linguistic	_	none	PauseAfter=Yes	_	_	_	_	0-2(102)
463-2	PKP125	463	463	2	{P}	{P}	_	_	_	_	_	shortpause	_	none	_	_	_	_	_	_
463-3	PKP125	463	463	3	sì	sì	_	_	_	_	_	linguistic	_	none	_	_	_	_	_	_
463-4	PKP125	463	463	4	c'	c'	_	_	_	_	_	linguistic	_	none	SpaceAfter=No	_	_	_	_	_
463-5	PKP125	463	463	5	ha	ha	_	_	_	_	_	linguistic	_	none	_	_	_	_	_	_
463-6	PKP125	463	463	6	un	un	_	_	_	_	_	linguistic	_	none	_	_	_	_	_	_
463-7	PKP125	463	463	7	anno:	anno	_	_	_	_	_	linguistic	_	none	_	End=747.461	3x1	_	_	_
464-0	PKP131	464	464	0	vabbè	vabbè	_	_	_	_	_	linguistic	_	none	_	Begin=749.502	_	_	_	_
464-1	PKP131	464	464	1	però	però	_	_	_	_	_	linguistic	_	none	_	_	_	_	_	_
464-2	PKP131	464	464	2	federico	federico	_	_	_	_	_	linguistic	_	none	_	End=750.684	_	_	_	_
465-0	PKP131	465	465	0	è	è	_	_	_	_	_	linguistic	_	none	_	Begin=751.226	_	_	_	_
465-1	PKP131	465	465	1	un	un	_	_	_	_	_	linguistic	_	none	_	_	_	_	_	_
465-2	PKP131	465	465	2	bel	bel	_	_	_	_	_	linguistic	_	none	_	_	_	_	_	_
465-3	PKP131	465	465	3	ragazzo	ragazzo	_	_	_	_	_	linguistic	_	none	_	End=752.039	_	_	_	_
466-0	PKP125	466	466	0	m:h	mh	_	_	_	_	_	linguistic	_	none	_	Begin=752.211|End=752.472	0x1	_	_	_
467-0	PKP125	467	467	0	ha	ha	_	_	_	_	_	linguistic	_	none	_	Begin=753.023	_	_	_	_
467-1	PKP125	467	467	1	un	un	_	_	_	_	_	linguistic	_	none	_	_	_	_	_	_
467-2	PKP125	467	467	2	po'	po'	_	_	_	_	_	linguistic	_	none	_	_	_	_	_	_
467-3	PKP125	467	467	3	la	la	_	_	_	_	_	linguistic	_	none	_	_	_	_	_	_
467-4	PKP125	467	467	4	[faccia]	faccia	_	_	_	_	_	linguistic	_	none	_	_	_	_	_	0-6(103)
467-5	PKP125	467	467	5	da	da	_	_	_	_	_	linguistic	_	none	_	_	_	_	_	_
467-6	PKP125	467	467	6	lucertola	lucertola	_	_	_	_	_	linguistic	_	none	_	_	_	_	_	_
467-7	PKP125	467	467	7	[x]	x	_	_	_	_	_	unknown	_	none	Syllables=1	End=754.403	_	_	_	0-1(104)
468-0	PKP131	468	468	0	[e:h]	eh	_	_	_	_	_	linguistic	_	none	_	Begin=753.399|End=753.645	0x1	_	_	0-2(103)
469-0	PKP131	469	469	0	[la]	la	_	_	_	_	_	linguistic	_	none	_	Begin=754.211	_	_	_	0-2(104)
469-1	PKP131	469	469	1	ragazza	ragazza	_	_	_	_	_	linguistic	_	none	_	_	_	_	_	_
469-2	PKP131	469	469	2	°un	un	_	_	_	_	_	linguistic	_	none	Volume=low	_	_	_	_	_
469-3	PKP131	469	469	3	po'°	po'	_	_	_	_	_	linguistic	_	none	Volume=low	End=755.354	_	_	_	_
470-0	PKP125	470	470	0	guarda	guarda	_	_	_	_	_	linguistic	_	none	_	Begin=758.448|End=758.857	_	_	_	_
471-0	PKP125	471	471	0	non	non	_	_	_	_	_	linguistic	_	none	_	Begin=760.418	_	_	_	_
471-1	PKP125	471	471	1	voglio	voglio	_	_	_	_	_	linguistic	_	none	_	_	_	_	_	_
471-2	PKP125	471	471	2	fare	fare	_	_	_	_	_	linguistic	_	none	_	_	_	_	_	_
471-3	PKP125	471	471	3	body	body	_	_	_	_	_	linguistic	_	none	_	_	_	_	_	_
471-4	PKP125	471	471	4	shaming	shaming	_	_	_	_	_	linguistic	_	none	_	_	_	_	_	_
471-5	PKP125	471	471	5	però	però	_	_	_	_	_	linguistic	_	none	_	End=762.093	_	_	_	_
472-0	PKP131	472	472	0	{ride}	{ride}	_	_	_	_	_	nonverbalbehavior	_	none	_	Begin=763.157|End=763.906	_	_	_	_
473-0	PKP131	473	473	0	guarda	guarda	_	_	_	_	_	linguistic	_	none	_	Begin=764.162	_	_	_	_
473-1	PKP131	473	473	1	io	io	_	_	_	_	_	linguistic	_	none	_	_	_	_	_	_
473-2	PKP131	473	473	2	non	non	_	_	_	_	_	linguistic	_	none	_	_	_	_	_	_
473-3	PKP131	473	473	3	sono	sono	_	_	_	_	_	linguistic	_	none	_	_	_	_	_	_
473-4	PKP131	473	473	4	omofobo	omofobo	_	_	_	_	_	linguistic	_	none	_	_	_	_	_	_
473-5	PKP131	473	473	5	però	però	_	_	_	_	_	linguistic	_	none	_	End=765.862	_	_	_	_
474-0	PKP131	474	474	0	io	io	_	_	_	_	_	linguistic	_	none	_	Begin=767.187	_	_	_	_
474-1	PKP131	474	474	1	>non	non	_	_	_	_	_	linguistic	_	none	_	_	_	Fast=0-3(0)	_	_
474-2	PKP131	474	474	2	lo	lo	_	_	_	_	_	linguistic	_	none	_	_	_	Fast=0-2(0)	_	_
474-3	PKP131	474	474	3	sono<	sono	_	_	_	_	_	linguistic	_	none	_	_	_	Fast=0-4(0)	_	_
474-4	PKP131	474	474	4	(è	è	_	_	_	_	_	linguistic	_	none	_	_	_	_	0-1(0)	_
474-5	PKP131	474	474	5	la	la	_	_	_	_	_	linguistic	_	none	_	_	_	_	0-2(0)	_
474-6	PKP131	474	474	6	stessa:)	stessa	_	_	_	_	_	linguistic	_	none	_	End=768.689	5x1	_	0-6(0)	_
475-0	PKP125	475	475	0	però	però	_	_	_	_	_	linguistic	_	none	_	Begin=769.827	_	_	_	_
475-1	PKP125	475	475	1	da	da	_	_	_	_	_	linguistic	_	none	_	_	_	_	_	_
475-2	PKP125	475	475	2	quando	quando	_	_	_	_	_	linguistic	_	none	_	_	_	_	_	_
475-3	PKP125	475	475	3	si	si	_	_	_	_	_	linguistic	_	none	_	_	_	_	_	_
475-4	PKP125	475	475	4	è	è	_	_	_	_	_	linguistic	_	none	_	_	_	_	_	_
475-5	PKP125	475	475	5	svaccata	svaccata	_	_	_	_	_	linguistic	_	none	_	_	_	_	_	_
475-6	PKP125	475	475	6	malamente	malamente	_	_	_	_	_	linguistic	_	none	_	End=771.778	_	_	_	_
476-0	PKP125	476	476	0	il	il	_	_	_	_	_	linguistic	_	none	_	Begin=774.093	_	_	_	_
476-1	PKP125	476	476	1	fatto	fatto	_	_	_	_	_	linguistic	_	none	_	_	_	_	_	_
476-2	PKP125	476	476	2	già	già	_	_	_	_	_	linguistic	_	none	_	_	_	_	_	_
476-3	PKP125	476	476	3	che:	che	_	_	_	_	_	linguistic	_	none	_	End=774.857	2x1	_	_	_
477-0	PKP125	477	477	0	che	che	_	_	_	_	_	linguistic	_	none	_	Begin=775.315	_	_	_	_
477-1	PKP125	477	477	1	lei	lei	_	_	_	_	_	linguistic	_	none	_	_	_	_	_	_
477-2	PKP125	477	477	2	ha	ha	_	_	_	_	_	linguistic	_	none	_	_	_	_	_	_
477-3	PKP125	477	477	3	sempre	sempre	_	_	_	_	_	linguistic	_	none	_	_	_	_	_	_
477-4	PKP125	477	477	4	avuto	avuto	_	_	_	_	_	linguistic	_	none	_	_	_	_	_	_
477-5	PKP125	477	477	5	questo	questo	_	_	_	_	_	linguistic	_	none	_	_	_	_	_	_
477-6	PKP125	477	477	6	suo	suo	_	_	_	_	_	linguistic	_	none	_	_	_	_	_	_
477-7	PKP125	477	477	7	lookay	lookay	_	_	_	_	_	linguistic	_	none	_	_	_	_	_	_
477-8	PKP125	477	477	8	molto:	molto	_	_	_	_	_	linguistic	_	none	_	End=777.408	4x1	_	_	_
478-0	PKP125	478	478	0	mascolino	mascolino	_	_	_	_	_	linguistic	_	none	_	Begin=777.748	_	_	_	_
478-1	PKP125	478	478	1	no?	no	_	_	_	_	_	linguistic	_	none	Intonation=Rising	End=778.807	_	_	_	_
479-0	PKP131	479	479	0	mhmh	mhmh	_	_	_	_	_	linguistic	_	none	_	Begin=778.89|End=779.202	_	_	_	_
480-0	PKP125	480	480	0	però	però	_	_	_	_	_	linguistic	_	none	_	Begin=785.867	_	_	_	_
480-1	PKP125	480	480	1	almeno	almeno	_	_	_	_	_	linguistic	_	none	_	_	_	_	_	_
480-2	PKP125	480	480	2	era:	era	_	_	_	_	_	linguistic	_	none	_	_	2x1	_	_	_
480-3	PKP125	480	480	3	m:h	mh	_	_	_	_	_	linguistic	_	none	_	End=787.295	0x1	_	_	_
481-0	PKP125	481	481	0	era	era	_	_	_	_	_	linguistic	_	none	_	Begin=788.236	_	_	_	_
481-1	PKP125	481	481	1	esile	esile	_	_	_	_	_	linguistic	_	none	_	_	_	_	_	_
481-2	PKP125	481	481	2	no?	no	_	_	_	_	_	linguistic	_	none	Intonation=Rising	End=789.108	_	_	_	_
482-0	PKP125	482	482	0	quindi	quindi	_	_	_	_	_	linguistic	_	none	_	Begin=789.142	_	_	_	_
482-1	PKP125	482	482	1	effettivamente	effettivamente	_	_	_	_	_	linguistic	_	none	_	_	_	_	_	_
482-2	PKP125	482	482	2	le	le	_	_	_	_	_	linguistic	_	none	_	_	_	_	_	_
482-3	PKP125	482	482	3	stava	stava	_	_	_	_	_	linguistic	_	none	_	_	_	_	_	_
482-4	PKP125	482	482	4	bene	bene	_	_	_	_	_	linguistic	_	none	_	End=790.63	_	_	_	_
483-0	PKP131	483	483	0	mh	mh	_	_	_	_	_	linguistic	_	none	_	Begin=791.399|End=791.571	_	_	_	_
484-0	PKP125	484	484	0	ora:	ora	_	_	_	_	_	linguistic	_	none	_	Begin=791.65|End=792.098	2x1	_	_	_
485-0	PKP125	485	485	0	è	è	_	_	_	_	_	linguistic	_	none	_	Begin=795.025	_	_	_	_
485-1	PKP125	485	485	1	svaccata	svaccata	_	_	_	_	_	linguistic	_	none	_	_	_	_	_	_
485-2	PKP125	485	485	2	parecchio	parecchio	_	_	_	_	_	linguistic	_	none	_	End=796.171	_	_	_	_
486-0	PKP125	486	486	0	che	che	_	_	_	_	_	linguistic	_	none	_	Begin=796.807	_	_	_	_
486-1	PKP125	486	486	1	per	per	_	_	_	_	_	linguistic	_	none	_	_	_	_	_	_
486-2	PKP125	486	486	2	l'	l'	_	_	_	_	_	linguistic	_	none	SpaceAfter=No	_	_	_	_	_
486-3	PKP125	486	486	3	amor	amor	_	_	_	_	_	linguistic	_	none	_	_	_	_	_	_
486-4	PKP125	486	486	4	di	di	_	_	_	_	_	linguistic	_	none	_	_	_	_	_	_
486-5	PKP125	486	486	5	dio	dio	_	_	_	_	_	linguistic	_	none	_	_	_	_	_	_
486-6	PKP125	486	486	6	non	non	_	_	_	_	_	linguistic	_	none	_	_	_	_	_	_
486-7	PKP125	486	486	7	c'	c'	_	_	_	_	_	linguistic	_	none	SpaceAfter=No	_	_	_	_	_
486-8	PKP125	486	486	8	è	è	_	_	_	_	_	linguistic	_	none	_	_	_	_	_	_
486-9	PKP125	486	486	9	niente	niente	_	_	_	_	_	linguistic	_	none	_	_	_	_	_	_
486-10	PKP125	486	486	10	di	di	_	_	_	_	_	linguistic	_	none	_	_	_	_	_	_
486-11	PKP125	486	486	11	male	male	_	_	_	_	_	linguistic	_	none	_	End=798.472	_	_	_	_
487-0	PKP125	487	487	0	è	è	_	_	_	_	_	linguistic	_	none	_	Begin=798.512	_	_	_	_
487-1	PKP125	487	487	1	tutto	tutto	_	_	_	_	_	linguistic	_	none	_	_	_	_	_	_
487-2	PKP125	487	487	2	regolare	regolare	_	_	_	_	_	linguistic	_	none	_	End=799.305	_	_	_	_
488-0	PKP125	488	488	0	però	però	_	_	_	_	_	linguistic	_	none	_	Begin=800.359	_	_	_	_
488-1	PKP125	488	488	1	continua	continua	_	_	_	_	_	linguistic	_	none	_	_	_	_	_	_
488-2	PKP125	488	488	2	a	a	_	_	_	_	_	linguistic	_	none	_	_	_	_	_	_
488-3	PKP125	488	488	3	mettersi	mettersi	_	_	_	_	_	linguistic	_	none	_	_	_	_	_	_
488-4	PKP125	488	488	4	i	i	_	_	_	_	_	linguistic	_	none	_	_	_	_	_	_
488-5	PKP125	488	488	5	vestiti	vestiti	_	_	_	_	_	linguistic	_	none	_	_	_	_	_	_
488-6	PKP125	488	488	6	di	di	_	_	_	_	_	linguistic	_	none	_	_	_	_	_	_
488-7	PKP125	488	488	7	quand'	quand'	_	_	_	_	_	linguistic	_	none	SpaceAfter=No	_	_	_	_	_
488-8	PKP125	488	488	8	era	era	_	_	_	_	_	linguistic	_	none	_	_	_	_	_	_
488-9	PKP125	488	488	9	magra:	magra	_	_	_	_	_	linguistic	_	none	_	End=802.901	4x1	_	_	_
489-0	PKP125	489	489	0	e	e	_	_	_	_	_	linguistic	_	none	_	Begin=804.665	_	_	_	_
489-1	PKP125	489	489	1	quindi	quindi	_	_	_	_	_	linguistic	_	none	_	_	_	_	_	_
489-2	PKP125	489	489	2	questo	questo	_	_	_	_	_	linguistic	_	none	_	_	_	_	_	_
489-3	PKP125	489	489	3	fa	fa	_	_	_	_	_	linguistic	_	none	_	_	_	_	_	_
489-4	PKP125	489	489	4	un	un	_	_	_	_	_	linguistic	_	none	_	_	_	_	_	_
489-5	PKP125	489	489	5	effetto	effetto	_	_	_	_	_	linguistic	_	none	_	_	_	_	_	_
489-6	PKP125	489	489	6	molto:	molto	_	_	_	_	_	linguistic	_	none	_	_	4x1	_	_	_
489-7	PKP125	489	489	7	m:h	mh	_	_	_	_	_	linguistic	_	none	_	End=807.162	0x1	_	_	_
490-0	PKP131	490	490	0	{tossisce}	{tossisce}	_	_	_	_	_	nonverbalbehavior	_	none	_	Begin=804.716|End=805.203	_	_	_	_
491-0	PKP125	491	491	0	m:h	mh	_	_	_	_	_	linguistic	_	none	_	Begin=808.694	0x1	_	_	_
491-1	PKP125	491	491	1	molto	molto	_	_	_	_	_	linguistic	_	none	PauseAfter=Yes	_	_	_	_	_
491-2	PKP125	491	491	2	{P}	{P}	_	_	_	_	_	shortpause	_	none	_	_	_	_	_	_
491-3	PKP125	491	491	3	come	come	_	_	_	_	_	linguistic	_	none	_	_	_	_	_	_
491-4	PKP125	491	491	4	dire	dire	_	_	_	_	_	linguistic	_	none	_	End=810.157	_	_	_	_
492-0	PKP125	492	492	0	succinto	succinto	_	_	_	_	_	linguistic	_	none	_	Begin=810.182|End=810.906	_	_	_	_
493-0	PKP125	493	493	0	sulla	sulla	_	_	_	_	_	linguistic	_	none	_	Begin=810.945	_	_	_	_
493-1	PKP125	493	493	1	sua:	sua	_	_	_	_	_	linguistic	_	none	_	End=811.551	2x1	_	_	_
494-0	PKP125	494	494	0	manco	manco	_	_	_	_	_	linguistic	_	none	_	Begin=811.793	_	_	_	_
494-1	PKP125	494	494	1	succinta	succinta	_	_	_	_	_	linguistic	_	none	PauseAfter=Yes	_	_	_	_	_
494-2	PKP125	494	494	2	{P}	{P}	_	_	_	_	_	shortpause	_	none	_	_	_	_	_	_
494-3	PKP125	494	494	3	striminzita	striminzita	_	_	_	_	_	linguistic	_	none	_	_	_	_	_	_
494-4	PKP125	494	494	4	>capito<?	capito	_	_	_	_	_	linguistic	_	none	Intonation=Rising	End=813.359	_	Fast=0-6(0)	_	_
495-0	PKP125	495	495	0	cioè	cioè	_	_	_	_	_	linguistic	_	none	_	Begin=814.305	_	_	_	_
495-1	PKP125	495	495	1	come	come	_	_	_	_	_	linguistic	_	none	_	_	_	_	_	_
495-2	PKP125	495	495	2	quando	quando	_	_	_	_	_	linguistic	_	none	_	_	_	_	_	_
495-3	PKP125	495	495	3	uno	uno	_	_	_	_	_	linguistic	_	none	_	_	_	_	_	_
495-4	PKP125	495	495	4	si	si	_	_	_	_	_	linguistic	_	none	_	_	_	_	_	_
495-5	PKP125	495	495	5	m[ette]:	mette	_	_	_	_	_	linguistic	_	none	_	End=815.615	4x1	_	_	1-5(108)
496-0	PKP131	496	496	0	[x]	x	_	_	_	_	_	unknown	_	none	Syllables=1	Begin=815.152|End=815.339	_	_	_	0-1(108)
497-0	PKP125	497	497	0	i	i	_	_	_	_	_	linguistic	_	none	_	Begin=817.083	_	_	_	_
497-1	PKP125	497	497	1	vestiti	vestiti	_	_	_	_	_	linguistic	_	none	_	_	_	_	_	_
497-2	PKP125	497	497	2	che	che	_	_	_	_	_	linguistic	_	none	_	_	_	_	_	_
497-3	PKP125	497	497	3	non	non	_	_	_	_	_	linguistic	_	none	_	_	_	_	_	_
497-4	PKP125	497	497	4	sono	sono	_	_	_	_	_	linguistic	_	none	_	_	_	_	_	_
497-5	PKP125	497	497	5	della	della	_	_	_	_	_	linguistic	_	none	_	_	_	_	_	_
497-6	PKP125	497	497	6	tua	tua	_	_	_	_	_	linguistic	_	none	_	_	_	_	_	_
497-7	PKP125	497	497	7	taglia	taglia	_	_	_	_	_	linguistic	_	none	_	End=818.763	_	_	_	_
498-0	PKP125	498	498	0	quindi	quindi	_	_	_	_	_	linguistic	_	none	_	Begin=819.586	_	_	_	_
498-1	PKP125	498	498	1	giustamente	giustamente	_	_	_	_	_	linguistic	_	none	_	_	_	_	_	_
498-2	PKP125	498	498	2	dici	dici	_	_	_	_	_	linguistic	_	none	_	End=820.704	_	_	_	_
499-0	PKP131	499	499	0	mia	mia	_	_	_	_	_	linguistic	_	none	_	Begin=820.896	_	_	_	_
499-1	PKP131	499	499	1	sorella	sorella	_	_	_	_	_	linguistic	_	none	_	_	_	_	_	_
499-2	PKP131	499	499	2	si	si	_	_	_	_	_	linguistic	_	none	_	_	_	_	_	_
499-3	PKP131	499	499	3	è	è	_	_	_	_	_	linguistic	_	none	_	_	_	_	_	_
499-4	PKP131	499	499	4	comprata	comprata	_	_	_	_	_	linguistic	_	none	_	_	_	_	_	_
499-5	PKP131	499	499	5	invece	invece	_	_	_	_	_	linguistic	_	none	_	_	_	_	_	_
499-6	PKP131	499	499	6	una	una	_	_	_	_	_	linguistic	_	none	_	_	_	_	_	_
499-7	PKP131	499	499	7	maglietta	maglietta	_	_	_	_	_	linguistic	_	none	_	End=822.886	_	_	_	_
500-0	PKP131	500	500	0	>(per)	per	_	_	_	_	_	linguistic	_	none	_	Begin=823.113	_	Fast=0-3(0)	0-3(0)	_
500-1	PKP131	500	500	1	otto<	otto	_	_	_	_	_	linguistic	_	none	_	_	_	Fast=0-4(0)	_	_
500-2	PKP131	500	500	2	cinque	cinque	_	_	_	_	_	linguistic	_	none	_	_	_	_	_	_
500-3	PKP131	500	500	3	anni	anni	_	_	_	_	_	linguistic	_	none	_	End=824.118	_	_	_	_
501-0	PKP131	501	501	0	per	per	_	_	_	_	_	linguistic	_	none	_	Begin=824.3	_	_	_	_
501-1	PKP131	501	501	1	fare	fare	_	_	_	_	_	linguistic	_	none	_	_	_	_	_	_
501-2	PKP131	501	501	2	il	il	_	_	_	_	_	linguistic	_	none	_	_	_	_	_	_
501-3	PKP131	501	501	3	crop	crop	_	_	_	_	_	linguistic	_	none	_	_	_	_	_	_
501-4	PKP131	501	501	4	top	top	_	_	_	_	_	linguistic	_	none	_	End=825.364	_	_	_	_
502-0	PKP125	502	502	0	{ride}	{ride}	_	_	_	_	_	nonverbalbehavior	_	none	_	Begin=825.517|End=827.074	_	_	_	_
503-0	PKP131	503	503	0	eh	eh	_	_	_	_	_	linguistic	_	none	_	Begin=827.965	_	_	_	_
503-1	PKP131	503	503	1	tu	tu	_	_	_	_	_	linguistic	_	none	_	_	_	_	_	_
503-2	PKP131	503	503	2	xxxx	xxxx	_	_	_	_	_	unknown	_	none	Syllables=4	_	_	_	_	_
503-3	PKP131	503	503	3	(ridere)	ridere	_	_	_	_	_	linguistic	_	none	_	End=829.059	_	_	0-6(0)	_
504-0	PKP125	504	504	0	con	con	_	_	_	_	_	linguistic	_	none	_	Begin=830.335	_	_	_	_
504-1	PKP125	504	504	1	la	la	_	_	_	_	_	linguistic	_	none	_	_	_	_	_	_
504-2	PKP125	504	504	2	panza	panza	_	_	_	_	_	linguistic	_	none	_	_	_	_	_	_
504-3	PKP125	504	504	3	xx	xx	_	_	_	_	_	unknown	_	none	Syllables=2	End=831.369	_	_	_	_
505-0	PKP125	505	505	0	{ride}	{ride}	_	_	_	_	_	nonverbalbehavior	_	none	_	Begin=831.453|End=832.502	_	_	_	_
506-0	PKP131	506	506	0	(vedi	vedi	_	_	_	_	_	linguistic	_	none	_	Begin=833.039	_	_	0-4(0)	_
506-1	PKP131	506	506	1	u	u	_	_	_	_	_	linguistic	_	none	_	_	_	_	0-1(0)	_
506-2	PKP131	506	506	2	storie?)	storie	_	_	_	_	_	linguistic	_	none	Intonation=Rising	End=833.581	_	_	0-6(0)	_
507-0	PKP125	507	507	0	{ride}	{ride}	_	_	_	_	_	nonverbalbehavior	_	none	_	Begin=833.581|End=835.288	_	_	_	_
508-0	PKP125	508	508	0	maronn	maronn	_	_	_	_	_	linguistic	_	none	_	Begin=837.798|End=838.211	_	_	_	_
509-0	PKP125	509	509	0	{ride}	{ride}	_	_	_	_	_	nonverbalbehavior	_	none	_	Begin=838.787|End=839.512	_	_	_	_
510-0	PKP125	510	510	0	{ride}	{ride}	_	_	_	_	_	nonverbalbehavior	_	none	_	Begin=840.408	_	_	_	_
510-1	PKP125	510	510	1	poverina	poverina	_	_	_	_	_	linguistic	_	none	_	_	_	_	_	_
510-2	PKP125	510	510	2	dai	dai	_	_	_	_	_	linguistic	_	none	_	_	_	_	_	_
510-3	PKP125	510	510	3	è	è	_	_	_	_	_	linguistic	_	none	_	_	_	_	_	_
510-4	PKP125	510	510	4	una	una	_	_	_	_	_	linguistic	_	none	_	_	_	_	_	_
510-5	PKP125	510	510	5	bambina	bambina	_	_	_	_	_	linguistic	_	none	_	End=842.088	_	_	_	_
511-0	PKP125	511	511	0	mh	mh	_	_	_	_	_	linguistic	_	none	_	Begin=843.674|End=843.916	_	_	_	_
512-0	PKP125	512	512	0	e	e	_	_	_	_	_	linguistic	_	none	_	Begin=847.256	_	_	_	_
512-1	PKP125	512	512	1	quindi	quindi	_	_	_	_	_	linguistic	_	none	_	_	_	_	_	_
512-2	PKP125	512	512	2	però	però	_	_	_	_	_	linguistic	_	none	_	_	_	_	_	_
512-3	PKP125	512	512	3	per	per	_	_	_	_	_	linguistic	_	none	_	_	_	_	_	_
512-4	PKP125	512	512	4	esempio	esempio	_	_	_	_	_	linguistic	_	none	_	_	_	_	_	_
512-5	PKP125	512	512	5	la	la	_	_	_	_	_	linguistic	_	none	_	_	_	_	_	_
512-6	PKP125	512	512	6	sorella:	sorella	_	_	_	_	_	linguistic	_	none	_	End=848.935	6x1	_	_	_
513-0	PKP125	513	513	0	già	già	_	_	_	_	_	linguistic	_	none	_	Begin=849.935	_	_	_	_
513-1	PKP125	513	513	1	che	che	_	_	_	_	_	linguistic	_	none	_	_	_	_	_	_
513-2	PKP125	513	513	2	è	è	_	_	_	_	_	linguistic	_	none	_	_	_	_	_	_
513-3	PKP125	513	513	3	un	un	_	_	_	_	_	linguistic	_	none	_	_	_	_	_	_
513-4	PKP125	513	513	4	po'	po'	_	_	_	_	_	linguistic	_	none	_	_	_	_	_	_
513-5	PKP125	513	513	5	più:	più	_	_	_	_	_	linguistic	_	none	_	End=851.182	2x1	_	_	_
514-0	PKP125	514	514	0	così	così	_	_	_	_	_	linguistic	_	none	_	Begin=851.239|End=851.601	_	_	_	_
515-0	PKP125	515	515	0	molto	molto	_	_	_	_	_	linguistic	_	none	_	Begin=854.901	_	_	_	_
515-1	PKP125	515	515	1	carina	carina	_	_	_	_	_	linguistic	_	none	_	End=855.517	_	_	_	_
516-0	PKP125	516	516	0	ma	ma	_	_	_	_	_	linguistic	_	none	_	Begin=855.547	_	_	_	_
516-1	PKP125	516	516	1	infatti:	infatti	_	_	_	_	_	linguistic	_	none	_	End=856.389	6x1	_	_	_
517-0	PKP125	517	517	0	mi	mi	_	_	_	_	_	linguistic	_	none	_	Begin=858.113	_	_	_	_
517-1	PKP125	517	517	1	ricordo:	ricordo	_	_	_	_	_	linguistic	_	none	_	End=858.921	6x1	_	_	_
518-0	PKP125	518	518	0	quando:	quando	_	_	_	_	_	linguistic	_	none	PauseAfter=Yes	Begin=858.963	5x1	_	_	_
518-1	PKP125	518	518	1	{P}	{P}	_	_	_	_	_	shortpause	_	none	_	_	_	_	_	_
518-2	PKP125	518	518	2	alla	alla	_	_	_	_	_	linguistic	_	none	_	_	_	_	_	_
518-3	PKP125	518	518	3	mia	mia	_	_	_	_	_	linguistic	_	none	_	_	_	_	_	_
518-4	PKP125	518	518	4	laurea:	laurea	_	_	_	_	_	linguistic	_	none	_	End=860.192	5x1	_	_	_
519-0	PKP125	519	519	0	alla	alla	_	_	_	_	_	linguistic	_	none	_	Begin=861.867	_	_	_	_
519-1	PKP125	519	519	1	mia	mia	_	_	_	_	_	linguistic	_	none	_	_	_	_	_	_
519-2	PKP125	519	519	2	laurea	laurea	_	_	_	_	_	linguistic	_	none	_	End=862.546	_	_	_	_
520-0	PKP125	520	520	0	alla	alla	_	_	_	_	_	linguistic	_	none	_	Begin=862.63	_	_	_	_
520-1	PKP125	520	520	1	festa	festa	_	_	_	_	_	linguistic	_	none	_	_	_	_	_	_
520-2	PKP125	520	520	2	di	di	_	_	_	_	_	linguistic	_	none	_	_	_	_	_	_
520-3	PKP125	520	520	3	laurea	laurea	_	_	_	_	_	linguistic	_	none	_	End=863.487	_	_	_	_
521-0	PKP125	521	521	0	allora	allora	_	_	_	_	_	linguistic	_	none	_	Begin=866.014	_	_	_	_
521-1	PKP125	521	521	1	tipo	tipo	_	_	_	_	_	linguistic	_	none	_	End=866.605	_	_	_	_
522-0	PKP125	522	522	0	xxxx	xxxx	_	_	_	_	_	unknown	_	none	Syllables=4	Begin=866.629|End=867.502	_	_	_	_
523-0	PKP125	523	523	0	vabbè	vabbè	_	_	_	_	_	linguistic	_	none	_	Begin=868.416	_	_	_	_
523-1	PKP125	523	523	1	vengono	vengono	_	_	_	_	_	linguistic	_	none	_	_	_	_	_	_
523-2	PKP125	523	523	2	federico,	federico	_	_	_	_	_	linguistic	_	none	Intonation=WeaklyRising	End=869.625	_	_	_	_
524-0	PKP125	524	524	0	giusi	giusi	_	_	_	_	_	linguistic	_	none	_	Begin=869.66	_	_	_	_
524-1	PKP125	524	524	1	e	e	_	_	_	_	_	linguistic	_	none	_	_	_	_	_	_
524-2	PKP125	524	524	2	la	la	_	_	_	_	_	linguistic	_	none	_	_	_	_	_	_
524-3	PKP125	524	524	3	sorella	sorella	_	_	_	_	_	linguistic	_	none	_	_	_	_	_	_
524-4	PKP125	524	524	4	di	di	_	_	_	_	_	linguistic	_	none	_	_	_	_	_	_
524-5	PKP125	524	524	5	giusi	giusi	_	_	_	_	_	linguistic	_	none	_	End=870.684	_	_	_	_
525-0	PKP125	525	525	0	a:h	ah	_	_	_	_	_	linguistic	_	none	_	Begin=872.244	0x1	_	_	_
525-1	PKP125	525	525	1	non	non	_	_	_	_	_	linguistic	_	none	_	_	_	_	_	_
525-2	PKP125	525	525	2	mi	mi	_	_	_	_	_	linguistic	_	none	_	_	_	_	_	_
525-3	PKP125	525	525	3	ricordo	ricordo	_	_	_	_	_	linguistic	_	none	_	_	_	_	_	_
525-4	PKP125	525	525	4	chi	chi	_	_	_	_	_	linguistic	_	none	_	_	_	_	_	_
525-5	PKP125	525	525	5	(fece)	fece	_	_	_	_	_	linguistic	_	none	_	_	_	_	0-4(0)	_
525-6	PKP125	525	525	6	vicino:	vicino	_	_	_	_	_	linguistic	_	none	_	End=873.734	5x1	_	_	_
526-0	PKP125	526	526	0	alla	alla	_	_	_	_	_	linguistic	_	none	_	Begin=873.799	_	_	_	_
526-1	PKP125	526	526	1	sore:lla	sorella	_	_	_	_	_	linguistic	_	none	_	_	3x1	_	_	_
526-2	PKP125	526	526	2	di	di	_	_	_	_	_	linguistic	_	none	_	_	_	_	_	_
526-3	PKP125	526	526	3	giusi	giusi	_	_	_	_	_	linguistic	_	none	_	End=874.753	_	_	_	_
527-0	PKP125	527	527	0	>fece<	fece	_	_	_	_	_	linguistic	_	none	_	Begin=874.786	_	Fast=0-4(0)	_	_
527-1	PKP125	527	527	1	ah	ah	_	_	_	_	_	linguistic	_	none	_	_	_	_	_	_
527-2	PKP125	527	527	2	ma	ma	_	_	_	_	_	linguistic	_	none	_	_	_	_	_	_
527-3	PKP125	527	527	3	tu	tu	_	_	_	_	_	linguistic	_	none	_	_	_	_	_	_
527-4	PKP125	527	527	4	sei	sei	_	_	_	_	_	linguistic	_	none	_	_	_	_	_	_
527-5	PKP125	527	527	5	la	la	_	_	_	_	_	linguistic	_	none	_	_	_	_	_	_
527-6	PKP125	527	527	6	ragazza	ragazza	_	_	_	_	_	linguistic	_	none	_	_	_	_	_	_
527-7	PKP125	527	527	7	di	di	_	_	_	_	_	linguistic	_	none	_	_	_	_	_	_
527-8	PKP125	527	527	8	federi:co:?	federico	_	_	_	_	_	linguistic	_	none	Intonation=Rising	End=877.078	5x1,7x1	_	_	_
528-0	PKP131	528	528	0	m:h	mh	_	_	_	_	_	linguistic	_	none	_	Begin=877.103|End=877.423	0x1	_	_	_
529-0	PKP125	529	529	0	perché	perché	_	_	_	_	_	linguistic	_	none	_	Begin=878.921	_	_	_	_
529-1	PKP125	529	529	1	avevano	avevano	_	_	_	_	_	linguistic	_	none	_	_	_	_	_	_
529-2	PKP125	529	529	2	visto:	visto	_	_	_	_	_	linguistic	_	none	_	End=880.019	4x1	_	_	_
530-0	PKP125	530	530	0	pensavano	pensavano	_	_	_	_	_	linguistic	_	none	_	Begin=880.044	_	_	_	_
530-1	PKP125	530	530	1	fosse:	fosse	_	_	_	_	_	linguistic	_	none	_	End=881.229	4x1	_	_	_
531-0	PKP125	531	531	0	vedendola	vedendola	_	_	_	_	_	linguistic	_	none	_	Begin=881.857	_	_	_	_
531-1	PKP125	531	531	1	mascolina	mascolina	_	_	_	_	_	linguistic	_	none	_	End=882.862	_	_	_	_
532-0	PKP125	532	532	0	con	con	_	_	_	_	_	linguistic	_	none	_	Begin=882.913	_	_	_	_
532-1	PKP125	532	532	1	molta	molta	_	_	_	_	_	linguistic	_	none	_	_	_	_	_	_
532-2	PKP125	532	532	2	diciamo:	diciamo	_	_	_	_	_	linguistic	_	none	_	End=884.162	6x1	_	_	_
533-0	PKP125	533	533	0	diciamo	diciamo	_	_	_	_	_	linguistic	_	none	_	Begin=885.492	_	_	_	_
533-1	PKP125	533	533	1	pregiudi:zio	pregiudizio	_	_	_	_	_	linguistic	_	none	_	_	7x1	_	_	_
533-2	PKP125	533	533	2	no?	no	_	_	_	_	_	linguistic	_	none	Intonation=Rising|PauseAfter=Yes	_	_	_	_	_
533-3	PKP125	533	533	3	{P}	{P}	_	_	_	_	_	shortpause	_	none	_	_	_	_	_	_
533-4	PKP125	533	533	4	vedendola	vedendola	_	_	_	_	_	linguistic	_	none	_	_	_	_	_	_
533-5	PKP125	533	533	5	così	così	_	_	_	_	_	linguistic	_	none	_	End=887.339	_	_	_	_
534-0	PKP125	534	534	0	dici:	dici	_	_	_	_	_	linguistic	_	none	_	Begin=887.401|End=887.758	3x1	_	_	_
535-0	PKP125	535	535	0	questa	questa	_	_	_	_	_	linguistic	_	none	_	Begin=887.802	_	_	_	_
535-1	PKP125	535	535	1	sarà:	sarà	_	_	_	_	_	linguistic	_	none	_	End=888.605	3x1	_	_	_
536-0	PKP125	536	536	0	un	un	_	_	_	_	_	linguistic	_	none	_	Begin=889.748	_	_	_	_
536-1	PKP125	536	536	1	po'	po'	_	_	_	_	_	linguistic	_	none	_	_	_	_	_	_
536-2	PKP125	536	536	2	lesbica	lesbica	_	_	_	_	_	linguistic	_	none	PauseAfter=Yes	_	_	_	_	_
536-3	PKP125	536	536	3	{P}	{P}	_	_	_	_	_	shortpause	_	none	_	_	_	_	_	_
536-4	PKP125	536	536	4	>non	non	_	_	_	_	_	linguistic	_	none	_	_	_	Fast=0-3(0)	_	_
536-5	PKP125	536	536	5	lo	lo	_	_	_	_	_	linguistic	_	none	_	_	_	Fast=0-2(0)	_	_
536-6	PKP125	536	536	6	so<	so	_	_	_	_	_	linguistic	_	none	_	End=890.748	_	Fast=0-2(0)	_	_
537-0	PKP125	537	537	0	cosa	cosa	_	_	_	_	_	linguistic	_	none	_	Begin=892.487	_	_	_	_
537-1	PKP125	537	537	1	che	che	_	_	_	_	_	linguistic	_	none	_	_	_	_	_	_
537-2	PKP125	537	537	2	era	era	_	_	_	_	_	linguistic	_	none	_	_	_	_	_	_
537-3	PKP125	537	537	3	effetiva~	effetiva~	_	_	_	_	_	linguistic	_	none	Interrupted=Yes	End=893.428	_	_	_	_
538-0	PKP125	538	538	0	cioè	cioè	_	_	_	_	_	linguistic	_	none	_	Begin=893.494|End=893.704	_	_	_	_
539-0	PKP125	539	539	0	le:i	lei	_	_	_	_	_	linguistic	_	none	_	Begin=893.738	1x1	_	_	_
539-1	PKP125	539	539	1	si	si	_	_	_	_	_	linguistic	_	none	_	_	_	_	_	_
539-2	PKP125	539	539	2	definiva	definiva	_	_	_	_	_	linguistic	_	none	_	_	_	_	_	_
539-3	PKP125	539	539	3	le~	le~	_	_	_	_	_	linguistic	_	none	Interrupted=Yes	_	_	_	_	_
539-4	PKP125	539	539	4	dichiarava	dichiarava	_	_	_	_	_	linguistic	_	none	_	_	_	_	_	_
539-5	PKP125	539	539	5	lesbica	lesbica	_	_	_	_	_	linguistic	_	none	_	End=895.819	_	_	_	_
540-0	PKP125	540	540	0	fino	fino	_	_	_	_	_	linguistic	_	none	_	Begin=895.886	_	_	_	_
540-1	PKP125	540	540	1	a	a	_	_	_	_	_	linguistic	_	none	_	_	_	_	_	_
540-2	PKP125	540	540	2	quando	quando	_	_	_	_	_	linguistic	_	none	_	_	_	_	_	_
540-3	PKP125	540	540	3	fino	fino	_	_	_	_	_	linguistic	_	none	_	_	_	_	_	_
540-4	PKP125	540	540	4	a	a	_	_	_	_	_	linguistic	_	none	_	End=896.758	_	_	_	_
541-0	PKP125	541	541	0	al	al	_	_	_	_	_	linguistic	_	none	_	Begin=899.133	_	_	_	_
541-1	PKP125	541	541	1	momento	momento	_	_	_	_	_	linguistic	_	none	_	_	_	_	_	_
541-2	PKP125	541	541	2	della	della	_	_	_	_	_	linguistic	_	none	_	_	_	_	_	_
541-3	PKP125	541	541	3	verità	verità	_	_	_	_	_	linguistic	_	none	_	End=900.27	_	_	_	_
542-0	PKP125	542	542	0	°insomma°	insomma	_	_	_	_	_	linguistic	_	none	Volume=low	Begin=900.349|End=900.815	_	_	_	_
543-0	PKP131	543	543	0	magari	magari	_	_	_	_	_	linguistic	_	none	_	Begin=901.876	_	_	_	_
543-1	PKP131	543	543	1	era	era	_	_	_	_	_	linguistic	_	none	_	_	_	_	_	_
543-2	PKP131	543	543	2	bisessuale	bisessuale	_	_	_	_	_	linguistic	_	none	_	End=903.256	_	_	_	_
544-0	PKP131	544	544	0	o	o	_	_	_	_	_	linguistic	_	none	_	Begin=906.256	_	_	_	_
544-1	PKP131	544	544	1	magari	magari	_	_	_	_	_	linguistic	_	none	_	_	_	_	_	_
544-2	PKP131	544	544	2	[x]x[x]	xxx	_	_	_	_	_	unknown	_	none	Syllables=3	End=907.428	_	_	_	0-1(111),2-3(112)
545-0	PKP125	545	545	0	[ma]	ma	_	_	_	_	_	linguistic	_	none	_	Begin=906.601|End=906.788	_	_	_	0-2(111)
546-0	PKP125	546	546	0	[ma	ma	_	_	_	_	_	linguistic	_	none	_	Begin=907.012	_	_	_	0-2(112)
546-1	PKP125	546	546	1	assolu]tamente	assolutamente	_	_	_	_	_	linguistic	_	none	_	_	_	_	_	0-6(112)
546-2	PKP125	546	546	2	no	no	_	_	_	_	_	linguistic	_	none	_	_	_	_	_	_
546-3	PKP125	546	546	3	ma	ma	_	_	_	_	_	linguistic	_	none	_	End=908.285	_	_	_	_
547-0	PKP125	547	547	0	non	non	_	_	_	_	_	linguistic	_	none	_	Begin=909.536	_	_	_	_
547-1	PKP125	547	547	1	sto	sto	_	_	_	_	_	linguistic	_	none	_	_	_	_	_	_
547-2	PKP125	547	547	2	discutendo	discutendo	_	_	_	_	_	linguistic	_	none	_	_	_	_	_	_
547-3	PKP125	547	547	3	del	del	_	_	_	_	_	linguistic	_	none	_	_	_	_	_	_
547-4	PKP125	547	547	4	suo	suo	_	_	_	_	_	linguistic	_	none	_	_	_	_	_	_
547-5	PKP125	547	547	5	orientamento	orientamento	_	_	_	_	_	linguistic	_	none	_	_	_	_	_	_
547-6	PKP125	547	547	6	sessuale	sessuale	_	_	_	_	_	linguistic	_	none	_	_	_	_	_	_
547-7	PKP125	547	547	7	però	però	_	_	_	_	_	linguistic	_	none	_	End=912.118	_	_	_	_
548-0	PKP125	548	548	0	prima	prima	_	_	_	_	_	linguistic	_	none	_	Begin=913.236	_	_	_	_
548-1	PKP125	548	548	1	di	di	_	_	_	_	_	linguistic	_	none	_	_	_	_	_	_
548-2	PKP125	548	548	2	federico	federico	_	_	_	_	_	linguistic	_	none	_	_	_	_	_	_
548-3	PKP125	548	548	3	lei	lei	_	_	_	_	_	linguistic	_	none	_	_	_	_	_	_
548-4	PKP125	548	548	4	stava	stava	_	_	_	_	_	linguistic	_	none	_	_	_	_	_	_
548-5	PKP125	548	548	5	con	con	_	_	_	_	_	linguistic	_	none	_	_	_	_	_	_
548-6	PKP125	548	548	6	una	una	_	_	_	_	_	linguistic	_	none	_	_	_	_	_	_
548-7	PKP125	548	548	7	donna	donna	_	_	_	_	_	linguistic	_	none	_	End=915.369	_	_	_	_
549-0	PKP125	549	549	0	e:hm	ehm	_	_	_	_	_	linguistic	_	none	_	Begin=915.457|End=915.926	0x1	_	_	_
550-0	PKP125	550	550	0	era	era	_	_	_	_	_	linguistic	_	none	_	Begin=915.997	_	_	_	_
550-1	PKP125	550	550	1	sempre	sempre	_	_	_	_	_	linguistic	_	none	_	_	_	_	_	_
550-2	PKP125	550	550	2	stata	stata	_	_	_	_	_	linguistic	_	none	_	_	_	_	_	_
550-3	PKP125	550	550	3	con	con	_	_	_	_	_	linguistic	_	none	_	_	_	_	_	_
550-4	PKP125	550	550	4	donne	donne	_	_	_	_	_	linguistic	_	none	_	_	_	_	_	_
550-5	PKP125	550	550	5	nella	nella	_	_	_	_	_	linguistic	_	none	_	_	_	_	_	_
550-6	PKP125	550	550	6	sua	sua	_	_	_	_	_	linguistic	_	none	_	_	_	_	_	_
550-7	PKP125	550	550	7	vita	vita	_	_	_	_	_	linguistic	_	none	_	End=917.832	_	_	_	_
551-0	PKP125	551	551	0	capito?	capito	_	_	_	_	_	linguistic	_	none	Intonation=Rising	Begin=920.482|End=920.758	_	_	_	_
552-0	PKP131	552	552	0	vabbè	vabbè	_	_	_	_	_	linguistic	_	none	_	Begin=922.96	_	_	_	_
552-1	PKP131	552	552	1	ci	ci	_	_	_	_	_	linguistic	_	none	_	_	_	_	_	_
552-2	PKP131	552	552	2	sta	sta	_	_	_	_	_	linguistic	_	none	_	End=923.684	_	_	_	_
553-0	PKP125	553	553	0	°eh	eh	_	_	_	_	_	linguistic	_	none	Volume=low	Begin=925.704	_	_	_	_
553-1	PKP125	553	553	1	vabbè:°	vabbè	_	_	_	_	_	linguistic	_	none	Volume=low	End=926.295	4x1	_	_	_
554-0	PKP131	554	554	0	come	come	_	_	_	_	_	linguistic	_	none	_	Begin=927.931	_	_	_	_
554-1	PKP131	554	554	1	si	si	_	_	_	_	_	linguistic	_	none	_	_	_	_	_	_
554-2	PKP131	554	554	2	dice	dice	_	_	_	_	_	linguistic	_	none	_	End=928.502	_	_	_	_
555-0	PKP131	555	555	0	l'	l'	_	_	_	_	_	linguistic	_	none	SpaceAfter=No	Begin=928.554	_	_	_	_
555-1	PKP131	555	555	1	amore	amore	_	_	_	_	_	linguistic	_	none	_	_	_	_	_	_
555-2	PKP131	555	555	2	non	non	_	_	_	_	_	linguistic	_	none	_	_	_	_	_	_
555-3	PKP131	555	555	3	ha:	ha	_	_	_	_	_	linguistic	_	none	_	End=929.64	1x1	_	_	_
556-0	PKP125	556	556	0	(ma	ma	_	_	_	_	_	linguistic	_	none	_	Begin=931.039	_	_	0-2(0)	_
556-1	PKP125	556	556	1	va	va	_	_	_	_	_	linguistic	_	none	_	_	_	_	0-2(0)	_
556-2	PKP125	556	556	2	là)	là	_	_	_	_	_	linguistic	_	none	_	_	_	_	0-2(0)	_
556-3	PKP125	556	556	3	xxx	xxx	_	_	_	_	_	unknown	_	none	Syllables=3	End=932.453	_	_	_	_
557-0	PKP125	557	557	0	io	io	_	_	_	_	_	linguistic	_	none	_	Begin=933.147	_	_	_	_
557-1	PKP125	557	557	1	ho	ho	_	_	_	_	_	linguistic	_	none	_	_	_	_	_	_
557-2	PKP125	557	557	2	notato	notato	_	_	_	_	_	linguistic	_	none	_	_	_	_	_	_
557-3	PKP125	557	557	3	che	che	_	_	_	_	_	linguistic	_	none	_	_	_	_	_	_
557-4	PKP125	557	557	4	tipo	tipo	_	_	_	_	_	linguistic	_	none	_	_	_	_	_	_
557-5	PKP125	557	557	5	tutte	tutte	_	_	_	_	_	linguistic	_	none	_	_	_	_	_	_
557-6	PKP125	557	557	6	le	le	_	_	_	_	_	linguistic	_	none	_	_	_	_	_	_
557-7	PKP125	557	557	7	mie	mie	_	_	_	_	_	linguistic	_	none	_	_	_	_	_	_
557-8	PKP125	557	557	8	amiche	amiche	_	_	_	_	_	linguistic	_	none	_	_	_	_	_	_
557-9	PKP125	557	557	9	dell'	dell'	_	_	_	_	_	linguistic	_	none	SpaceAfter=No	_	_	_	_	_
557-10	PKP125	557	557	10	adolescenza	adolescenza	_	_	_	_	_	linguistic	_	none	_	End=935.448	_	_	_	_
558-0	PKP125	558	558	0	quelle	quelle	_	_	_	_	_	linguistic	_	none	_	Begin=935.497	_	_	_	_
558-1	PKP125	558	558	1	con	con	_	_	_	_	_	linguistic	_	none	_	_	_	_	_	_
558-2	PKP125	558	558	2	cui	cui	_	_	_	_	_	linguistic	_	none	_	_	_	_	_	_
558-3	PKP125	558	558	3	me	me	_	_	_	_	_	linguistic	_	none	_	_	_	_	_	_
558-4	PKP125	558	558	4	la	la	_	_	_	_	_	linguistic	_	none	_	_	_	_	_	_
558-5	PKP125	558	558	5	facevo	facevo	_	_	_	_	_	linguistic	_	none	_	_	_	_	_	_
558-6	PKP125	558	558	6	a	a	_	_	_	_	_	linguistic	_	none	_	_	_	_	_	_
558-7	PKP125	558	558	7	napoli	napoli	_	_	_	_	_	linguistic	_	none	_	End=936.926	_	_	_	_
559-0	PKP125	559	559	0	che	che	_	_	_	_	_	linguistic	_	none	_	Begin=937.561	_	_	_	_
559-1	PKP125	559	559	1	a	a	_	_	_	_	_	linguistic	_	none	_	_	_	_	_	_
559-2	PKP125	559	559	2	quei	quei	_	_	_	_	_	linguistic	_	none	_	_	_	_	_	_
559-3	PKP125	559	559	3	tempi	tempi	_	_	_	_	_	linguistic	_	none	_	_	_	_	_	_
559-4	PKP125	559	559	4	evidentemente	evidentemente	_	_	_	_	_	linguistic	_	none	_	_	_	_	_	_
559-5	PKP125	559	559	5	xxx	xxx	_	_	_	_	_	unknown	_	none	Syllables=3	End=939.187	_	_	_	_
560-0	PKP125	560	560	0	ma	ma	_	_	_	_	_	linguistic	_	none	_	Begin=939.241	_	_	_	_
560-1	PKP125	560	560	1	sto	sto	_	_	_	_	_	linguistic	_	none	_	_	_	_	_	_
560-2	PKP125	560	560	2	parlando	parlando	_	_	_	_	_	linguistic	_	none	_	_	_	_	_	_
560-3	PKP125	560	560	3	di	di	_	_	_	_	_	linguistic	_	none	_	End=940.044	_	_	_	_
561-0	PKP125	561	561	0	dieci	dieci	_	_	_	_	_	linguistic	_	none	_	Begin=940.102	_	_	_	_
561-1	PKP125	561	561	1	anni	anni	_	_	_	_	_	linguistic	_	none	_	_	_	_	_	_
561-2	PKP125	561	561	2	fa	fa	_	_	_	_	_	linguistic	_	none	_	End=940.65	_	_	_	_
562-0	PKP125	562	562	0	in	in	_	_	_	_	_	linguistic	_	none	_	Begin=941.826	_	_	_	_
562-1	PKP125	562	562	1	tutte	tutte	_	_	_	_	_	linguistic	_	none	_	_	_	_	_	_
562-2	PKP125	562	562	2	xx	xx	_	_	_	_	_	unknown	_	none	Syllables=2	_	_	_	_	_
562-3	PKP125	562	562	3	>dicono<	dicono	_	_	_	_	_	linguistic	_	none	_	_	_	Fast=0-6(0)	_	_
562-4	PKP125	562	562	4	o:h	oh	_	_	_	_	_	linguistic	_	none	_	_	0x1	_	_	_
562-5	PKP125	562	562	5	la	la	_	_	_	_	_	linguistic	_	none	_	_	_	_	_	_
562-6	PKP125	562	562	6	mia	mia	_	_	_	_	_	linguistic	_	none	_	_	_	_	_	_
562-7	PKP125	562	562	7	ragazza	ragazza	_	_	_	_	_	linguistic	_	none	_	End=943.596	_	_	_	_
563-0	PKP125	563	563	0	>di	di	_	_	_	_	_	linguistic	_	none	_	Begin=943.635	_	Fast=0-2(0)	_	_
563-1	PKP125	563	563	1	qua	qua	_	_	_	_	_	linguistic	_	none	_	_	_	Fast=0-3(0)	_	_
563-2	PKP125	563	563	2	e	e	_	_	_	_	_	linguistic	_	none	_	_	_	Fast=0-1(0)	_	_
563-3	PKP125	563	563	3	di	di	_	_	_	_	_	linguistic	_	none	_	_	_	Fast=0-2(0)	_	_
563-4	PKP125	563	563	4	là:<	là	_	_	_	_	_	linguistic	_	none	_	End=944.22	1x1	Fast=0-2(0)	_	_
564-0	PKP125	564	564	0	comunque	comunque	_	_	_	_	_	linguistic	_	none	_	Begin=944.432	_	_	_	_
564-1	PKP125	564	564	1	a	a	_	_	_	_	_	linguistic	_	none	_	_	_	_	_	_
564-2	PKP125	564	564	2	un	un	_	_	_	_	_	linguistic	_	none	_	_	_	_	_	_
564-3	PKP125	564	564	3	certo	certo	_	_	_	_	_	linguistic	_	none	_	_	_	_	_	_
564-4	PKP125	564	564	4	punto	punto	_	_	_	_	_	linguistic	_	none	_	End=945.458	_	_	_	_
565-0	PKP125	565	565	0	mi	mi	_	_	_	_	_	linguistic	_	none	_	Begin=945.847	_	_	_	_
565-1	PKP125	565	565	1	viene:	viene	_	_	_	_	_	linguistic	_	none	_	End=946.566	4x1	_	_	_
566-0	PKP125	566	566	0	da	da	_	_	_	_	_	linguistic	_	none	_	Begin=946.645	_	_	_	_
566-1	PKP125	566	566	1	fare	fare	_	_	_	_	_	linguistic	_	none	_	_	_	_	_	_
566-2	PKP125	566	566	2	sai	sai	_	_	_	_	_	linguistic	_	none	_	End=947.182	_	_	_	_
567-0	PKP125	567	567	0	quello	quello	_	_	_	_	_	linguistic	_	none	_	Begin=947.212|End=947.521	_	_	_	_
568-0	PKP125	568	568	0	(quel	quel	_	_	_	_	_	linguistic	_	none	_	Begin=947.591	_	_	_	_
568-1	PKP125	568	568	1	giro	giro	_	_	_	_	_	linguistic	_	none	_	_	_	_	_	_
568-2	PKP125	568	568	2	su	su	_	_	_	_	_	linguistic	_	none	_	_	_	_	_	_
568-3	PKP125	568	568	3	facebook	facebook	_	_	_	_	_	linguistic	_	none	_	End=948.591	_	_	_	_
569-0	PKP125	569	569	0	che	che	_	_	_	_	_	linguistic	_	none	_	Begin=948.655	_	_	_	_
569-1	PKP125	569	569	1	(lì)	lì	_	_	_	_	_	linguistic	_	none	_	_	_	_	0-2(0)	_
569-2	PKP125	569	569	2	ogni	ogni	_	_	_	_	_	linguistic	_	none	_	_	_	_	_	_
569-3	PKP125	569	569	3	tanto	tanto	_	_	_	_	_	linguistic	_	none	_	_	_	_	_	_
569-4	PKP125	569	569	4	ti	ti	_	_	_	_	_	linguistic	_	none	_	_	_	_	_	_
569-5	PKP125	569	569	5	fai	fai	_	_	_	_	_	linguistic	_	none	_	_	_	_	_	_
569-6	PKP125	569	569	6	di	di	_	_	_	_	_	linguistic	_	none	_	_	_	_	_	_
569-7	PKP125	569	569	7	quelle	quelle	_	_	_	_	_	linguistic	_	none	_	_	_	_	_	_
569-8	PKP125	569	569	8	persone	persone	_	_	_	_	_	linguistic	_	none	_	_	_	_	_	_
569-9	PKP125	569	569	9	che	che	_	_	_	_	_	linguistic	_	none	_	_	_	_	_	_
569-10	PKP125	569	569	10	non	non	_	_	_	_	_	linguistic	_	none	_	_	_	_	_	_
569-11	PKP125	569	569	11	vedi	vedi	_	_	_	_	_	linguistic	_	none	_	_	_	_	_	_
569-12	PKP125	569	569	12	da	da	_	_	_	_	_	linguistic	_	none	_	_	_	_	_	_
569-13	PKP125	569	569	13	tanto	tanto	_	_	_	_	_	linguistic	_	none	_	_	_	_	_	_
569-14	PKP125	569	569	14	tempo?	tempo	_	_	_	_	_	linguistic	_	none	Intonation=Rising	End=951.315	_	_	_	_
570-0	PKP131	570	570	0	mhmh	mhmh	_	_	_	_	_	linguistic	_	none	_	Begin=951.584|End=951.906	_	_	_	_
571-0	PKP125	571	571	0	TUTTI	tutti	_	_	_	_	_	linguistic	_	none	Volume=high	Begin=953.132	_	_	_	_
571-1	PKP125	571	571	1	QUANTI	quanti	_	_	_	_	_	linguistic	_	none	Volume=high	End=953.655	_	_	_	_
572-0	PKP125	572	572	0	t~	t~	_	_	_	_	_	linguistic	_	none	Interrupted=Yes	Begin=953.716	_	_	_	_
572-1	PKP125	572	572	1	t~	t~	_	_	_	_	_	linguistic	_	none	Interrupted=Yes	_	_	_	_	_
572-2	PKP125	572	572	2	>tutte<	tutte	_	_	_	_	_	linguistic	_	none	_	_	_	Fast=0-5(0)	_	_
572-3	PKP125	572	572	3	con	con	_	_	_	_	_	linguistic	_	none	_	_	_	_	_	_
572-4	PKP125	572	572	4	i	i	_	_	_	_	_	linguistic	_	none	_	_	_	_	_	_
572-5	PKP125	572	572	5	fidanzati	fidanzati	_	_	_	_	_	linguistic	_	none	_	End=954.901	_	_	_	_
573-0	PKP125	573	573	0	TUTTE	tutte	_	_	_	_	_	linguistic	_	none	Volume=high	Begin=955.029|End=955.551	_	_	_	_
574-0	PKP125	574	574	0	dico	dico	_	_	_	_	_	linguistic	_	none	_	Begin=956.502	_	_	_	_
574-1	PKP125	574	574	1	ma	ma	_	_	_	_	_	linguistic	_	none	_	_	_	_	_	_
574-2	PKP125	574	574	2	veramente	veramente	_	_	_	_	_	linguistic	_	none	_	End=957.487	_	_	_	_
575-0	PKP125	575	575	0	raga:	raga	_	_	_	_	_	linguistic	_	none	_	Begin=957.516|End=957.906	3x1	_	_	_
576-0	PKP125	576	576	0	vabbè	vabbè	_	_	_	_	_	linguistic	_	none	_	Begin=959.029|End=959.399	_	_	_	_
577-0	PKP125	577	577	0	comunque	comunque	_	_	_	_	_	linguistic	_	none	_	Begin=959.98|End=960.33	_	_	_	_
578-0	PKP125	578	578	0	come	come	_	_	_	_	_	linguistic	_	none	_	Begin=960.453	_	_	_	_
578-1	PKP125	578	578	1	hai	hai	_	_	_	_	_	linguistic	_	none	_	_	_	_	_	_
578-2	PKP125	578	578	2	detto	detto	_	_	_	_	_	linguistic	_	none	_	_	_	_	_	_
578-3	PKP125	578	578	3	tu	tu	_	_	_	_	_	linguistic	_	none	_	_	_	_	_	_
578-4	PKP125	578	578	4	prima	prima	_	_	_	_	_	linguistic	_	none	_	End=961.31	_	_	_	_
579-0	PKP125	579	579	0	uno:	uno	_	_	_	_	_	linguistic	_	none	_	Begin=965.103	2x1	_	_	_
579-1	PKP125	579	579	1	m:h	mh	_	_	_	_	_	linguistic	_	none	_	End=965.65	0x1	_	_	_
580-0	PKP125	580	580	0	ormai	ormai	_	_	_	_	_	linguistic	_	none	_	Begin=966.088|End=966.458	_	_	_	_
581-0	PKP131	581	581	0	lo	lo	_	_	_	_	_	linguistic	_	none	_	Begin=969.694	_	_	_	_
581-1	PKP131	581	581	1	spettro	spettro	_	_	_	_	_	linguistic	_	none	_	_	_	_	_	_
581-2	PKP131	581	581	2	si	si	_	_	_	_	_	linguistic	_	none	_	_	_	_	_	_
581-3	PKP131	581	581	3	è:	è	_	_	_	_	_	linguistic	_	none	_	_	0x1	_	_	_
581-4	PKP131	581	581	4	al[largato]	allargato	_	_	_	_	_	linguistic	_	none	_	End=971.295	_	_	_	2-9(120)
582-0	PKP125	582	582	0	[lo	lo	_	_	_	_	_	linguistic	_	none	_	Begin=970.802	_	_	_	0-2(120)
582-1	PKP125	582	582	1	spettro]	spettro	_	_	_	_	_	linguistic	_	none	_	_	_	_	_	0-7(120)
582-2	PKP125	582	582	2	si	si	_	_	_	_	_	linguistic	_	none	_	_	_	_	_	_
582-3	PKP125	582	582	3	è	è	_	_	_	_	_	linguistic	_	none	_	_	_	_	_	_
582-4	PKP125	582	582	4	allargato	allargato	_	_	_	_	_	linguistic	_	none	_	_	_	_	_	_
582-5	PKP125	582	582	5	t[a:nto]	tanto	_	_	_	_	_	linguistic	_	none	_	End=972.349	1x1	_	_	1-5(121)
583-0	PKP131	583	583	0	[ma	ma	_	_	_	_	_	linguistic	_	none	_	Begin=972.113	_	_	_	0-2(121)
583-1	PKP131	583	583	1	ve]ramente	veramente	_	_	_	_	_	linguistic	_	none	_	_	_	_	_	0-2(121)
583-2	PKP131	583	583	2	non	non	_	_	_	_	_	linguistic	_	none	_	_	_	_	_	_
583-3	PKP131	583	583	3	si	si	_	_	_	_	_	linguistic	_	none	_	_	_	_	_	_
583-4	PKP131	583	583	4	capisce:	capisce	_	_	_	_	_	linguistic	_	none	_	End=973.758	6x1	_	_	_
584-0	PKP131	584	584	0	c(io)è:	cioè	_	_	_	_	_	linguistic	_	none	_	Begin=973.826|End=974.305	3x1	_	1-3(0)	_
585-0	PKP131	585	585	0	non	non	_	_	_	_	_	linguistic	_	none	_	Begin=974.763	_	_	_	_
585-1	PKP131	585	585	1	riesco	riesco	_	_	_	_	_	linguistic	_	none	_	_	_	_	_	_
585-2	PKP131	585	585	2	a	a	_	_	_	_	_	linguistic	_	none	_	_	_	_	_	_
585-3	PKP131	585	585	3	stare	stare	_	_	_	_	_	linguistic	_	none	_	_	_	_	_	_
585-4	PKP131	585	585	4	al	al	_	_	_	_	_	linguistic	_	none	_	_	_	_	_	_
585-5	PKP131	585	585	5	passo	passo	_	_	_	_	_	linguistic	_	none	_	End=976.216	_	_	_	_
586-0	PKP125	586	586	0	{ride}	{ride}	_	_	_	_	_	nonverbalbehavior	_	none	_	Begin=975.96|End=976.591	_	_	_	_
587-0	PKP131	587	587	0	e	e	_	_	_	_	_	linguistic	_	none	_	Begin=979.399	_	_	_	_
587-1	PKP131	587	587	1	poi	poi	_	_	_	_	_	linguistic	_	none	_	_	_	_	_	_
587-2	PKP131	587	587	2	>se	se	_	_	_	_	_	linguistic	_	none	_	_	_	Fast=0-2(0)	_	_
587-3	PKP131	587	587	3	tipo	tipo	_	_	_	_	_	linguistic	_	none	_	_	_	Fast=0-4(0)	_	_
587-4	PKP131	587	587	4	lo	lo	_	_	_	_	_	linguistic	_	none	_	_	_	Fast=0-2(0)	_	_
587-5	PKP131	587	587	5	vai<	vai	_	_	_	_	_	linguistic	_	none	_	_	_	Fast=0-3(0)	_	_
587-6	PKP131	587	587	6	a	a	_	_	_	_	_	linguistic	_	none	_	_	_	_	_	_
587-7	PKP131	587	587	7	dire	dire	_	_	_	_	_	linguistic	_	none	PauseAfter=Yes	_	_	_	_	_
587-8	PKP131	587	587	8	{P}	{P}	_	_	_	_	_	shortpause	_	none	_	_	_	_	_	_
587-9	PKP131	587	587	9	in	in	_	_	_	_	_	linguistic	_	none	_	_	_	_	_	_
587-10	PKP131	587	587	10	giro:	giro	_	_	_	_	_	linguistic	_	none	_	End=981.364	3x1	_	_	_
588-0	PKP131	588	588	0	è	è	_	_	_	_	_	linguistic	_	none	_	Begin=982.19	_	_	_	_
588-1	PKP131	588	588	1	una	una	_	_	_	_	_	linguistic	_	none	_	_	_	_	_	_
588-2	PKP131	588	588	2	cosa	cosa	_	_	_	_	_	linguistic	_	none	PauseAfter=Yes	_	_	_	_	_
588-3	PKP131	588	588	3	{P}	{P}	_	_	_	_	_	shortpause	_	none	_	_	_	_	_	_
588-4	PKP131	588	588	4	brutta	brutta	_	_	_	_	_	linguistic	_	none	_	_	_	_	_	_
588-5	PKP131	588	588	5	perché:	perché	_	_	_	_	_	linguistic	_	none	_	End=983.586	5x1	_	_	_
589-0	PKP131	589	589	0	c(io)è:	cioè	_	_	_	_	_	linguistic	_	none	_	Begin=983.632|End=984.049	3x1	_	1-3(0)	_
590-0	PKP131	590	590	0	m::h	mh	_	_	_	_	_	linguistic	_	none	_	Begin=984.448|End=985.009	0x2	_	_	_
591-0	PKP131	591	591	0	dicono	dicono	_	_	_	_	_	linguistic	_	none	_	Begin=985.842	_	_	_	_
591-1	PKP131	591	591	1	°eh°	eh	_	_	_	_	_	linguistic	_	none	Volume=low	End=986.354	_	_	_	_
592-0	PKP131	592	592	0	tu	tu	_	_	_	_	_	linguistic	_	none	_	Begin=986.394|End=986.66	_	_	_	_
593-0	PKP131	593	593	0	omofoba	omofoba	_	_	_	_	_	linguistic	_	none	_	Begin=987.275|End=988.039	_	_	_	_
594-0	PKP131	594	594	0	schifosa	schifosa	_	_	_	_	_	linguistic	_	none	_	Begin=988.137|End=988.709	_	_	_	_
595-0	PKP131	595	595	0	non	non	_	_	_	_	_	linguistic	_	none	_	Begin=988.751	_	_	_	_
595-1	PKP131	595	595	1	rispetti	rispetti	_	_	_	_	_	linguistic	_	none	_	_	_	_	_	_
595-2	PKP131	595	595	2	nessuno	nessuno	_	_	_	_	_	linguistic	_	none	_	End=989.812	_	_	_	_
596-0	PKP131	596	596	0	(ci	ci	_	_	_	_	_	linguistic	_	none	_	Begin=989.945	_	_	0-2(0)	_
596-1	PKP131	596	596	1	sono)	sono	_	_	_	_	_	linguistic	_	none	_	_	_	_	0-4(0)	_
596-2	PKP131	596	596	2	troppe	troppe	_	_	_	_	_	linguistic	_	none	_	_	_	_	_	_
596-3	PKP131	596	596	3	cose	cose	_	_	_	_	_	linguistic	_	none	_	_	_	_	_	_
596-4	PKP131	596	596	4	non	non	_	_	_	_	_	linguistic	_	none	_	_	_	_	_	_
596-5	PKP131	596	596	5	riesco	riesco	_	_	_	_	_	linguistic	_	none	_	_	_	_	_	_
596-6	PKP131	596	596	6	a	a	_	_	_	_	_	linguistic	_	none	_	_	_	_	_	_
596-7	PKP131	596	596	7	capire	capire	_	_	_	_	_	linguistic	_	none	_	_	_	_	_	_
596-8	PKP131	596	596	8	più	più	_	_	_	_	_	linguistic	_	none	_	_	_	_	_	_
596-9	PKP131	596	596	9	niente	niente	_	_	_	_	_	linguistic	_	none	_	End=992.123	_	_	_	_
597-0	PKP125	597	597	0	beh	beh	_	_	_	_	_	linguistic	_	none	_	Begin=993.655|End=993.945	_	_	_	_
598-0	PKP125	598	598	0	o	o	_	_	_	_	_	linguistic	_	none	_	Begin=995.147	_	_	_	_
598-1	PKP125	598	598	1	(meglio)	meglio	_	_	_	_	_	linguistic	_	none	_	_	_	_	0-6(0)	_
598-2	PKP125	598	598	2	in	in	_	_	_	_	_	linguistic	_	none	_	_	_	_	_	_
598-3	PKP125	598	598	3	questo	questo	_	_	_	_	_	linguistic	_	none	_	_	_	_	_	_
598-4	PKP125	598	598	4	caso:	caso	_	_	_	_	_	linguistic	_	none	_	End=996.216	3x1	_	_	_
599-0	PKP125	599	599	0	nel	nel	_	_	_	_	_	linguistic	_	none	_	Begin=997.408	_	_	_	_
599-1	PKP125	599	599	1	senso	senso	_	_	_	_	_	linguistic	_	none	_	_	_	_	_	_
599-2	PKP125	599	599	2	la	la	_	_	_	_	_	linguistic	_	none	_	_	_	_	_	_
599-3	PKP125	599	599	3	cosa	cosa	_	_	_	_	_	linguistic	_	none	_	_	_	_	_	_
599-4	PKP125	599	599	4	comunque	comunque	_	_	_	_	_	linguistic	_	none	_	_	_	_	_	_
599-5	PKP125	599	599	5	quando	quando	_	_	_	_	_	linguistic	_	none	_	_	_	_	_	_
599-6	PKP125	599	599	6	sei	sei	_	_	_	_	_	linguistic	_	none	_	_	_	_	_	_
599-7	PKP125	599	599	7	adolesce:nte	adolescente	_	_	_	_	_	linguistic	_	none	_	_	7x1	_	_	_
599-8	PKP125	599	599	8	comunque	comunque	_	_	_	_	_	linguistic	_	none	_	End=999.916	_	_	_	_
600-0	PKP125	600	600	0	anche	anche	_	_	_	_	_	linguistic	_	none	_	Begin=1000.906	_	_	_	_
600-1	PKP125	600	600	1	fai	fai	_	_	_	_	_	linguistic	_	none	_	_	_	_	_	_
600-2	PKP125	600	600	2	più	più	_	_	_	_	_	linguistic	_	none	_	_	_	_	_	_
600-3	PKP125	600	600	3	esperienza	esperienza	_	_	_	_	_	linguistic	_	none	_	_	_	_	_	_
600-4	PKP125	600	600	4	anzi	anzi	_	_	_	_	_	linguistic	_	none	_	_	_	_	_	_
600-5	PKP125	600	600	5	x	x	_	_	_	_	_	unknown	_	none	Syllables=1	End=1002.492	_	_	_	_
601-0	PKP125	601	601	0	io	io	_	_	_	_	_	linguistic	_	none	_	Begin=1002.532	_	_	_	_
601-1	PKP125	601	601	1	sono	sono	_	_	_	_	_	linguistic	_	none	_	_	_	_	_	_
601-2	PKP125	601	601	2	contento	contento	_	_	_	_	_	linguistic	_	none	_	_	_	_	_	_
601-3	PKP125	601	601	3	del	del	_	_	_	_	_	linguistic	_	none	_	_	_	_	_	_
601-4	PKP125	601	601	4	fatto	fatto	_	_	_	_	_	linguistic	_	none	_	_	_	_	_	_
601-5	PKP125	601	601	5	che	che	_	_	_	_	_	linguistic	_	none	_	End=1003.911	_	_	_	_
602-0	PKP125	602	602	0	uno	uno	_	_	_	_	_	linguistic	_	none	_	Begin=1005.197	_	_	_	_
602-1	PKP125	602	602	1	provi	provi	_	_	_	_	_	linguistic	_	none	_	_	_	_	_	_
602-2	PKP125	602	602	2	sempre	sempre	_	_	_	_	_	linguistic	_	none	_	_	_	_	_	_
602-3	PKP125	602	602	3	un	un	_	_	_	_	_	linguistic	_	none	_	_	_	_	_	_
602-4	PKP125	602	602	4	po'	po'	_	_	_	_	_	linguistic	_	none	_	_	_	_	_	_
602-5	PKP125	602	602	5	tutto	tutto	_	_	_	_	_	linguistic	_	none	_	End=1006.768	_	_	_	_
603-0	PKP125	603	603	0	se	se	_	_	_	_	_	linguistic	_	none	_	Begin=1006.8	_	_	_	_
603-1	PKP125	603	603	1	gli	gli	_	_	_	_	_	linguistic	_	none	_	_	_	_	_	_
603-2	PKP125	603	603	2	piace	piace	_	_	_	_	_	linguistic	_	none	_	End=1007.561	_	_	_	_
604-0	PKP125	604	604	0	se	se	_	_	_	_	_	linguistic	_	none	_	Begin=1007.725	_	_	_	_
604-1	PKP125	604	604	1	gli	gli	_	_	_	_	_	linguistic	_	none	_	_	_	_	_	_
604-2	PKP125	604	604	2	va	va	_	_	_	_	_	linguistic	_	none	_	End=1008.206	_	_	_	_
605-0	PKP131	605	605	0	(io::)	io	_	_	_	_	_	linguistic	_	none	_	Begin=1008.871|End=1009.679	1x2	_	0-2(0)	_
606-0	PKP131	606	606	0	io	io	_	_	_	_	_	linguistic	_	none	_	Begin=1013.3	_	_	_	_
606-1	PKP131	606	606	1	ho	ho	_	_	_	_	_	linguistic	_	none	_	_	_	_	_	_
606-2	PKP131	606	606	2	provato	provato	_	_	_	_	_	linguistic	_	none	_	End=1014.167	_	_	_	_
607-0	PKP125	607	607	0	{ride}	{ride}	_	_	_	_	_	nonverbalbehavior	_	none	_	Begin=1015.044	_	_	_	_
607-1	PKP125	607	607	1	ah	ah	_	_	_	_	_	linguistic	_	none	_	_	_	_	_	_
607-2	PKP125	607	607	2	sì?	sì	_	_	_	_	_	linguistic	_	none	Intonation=Rising	End=1015.911	_	_	_	_
608-0	PKP125	608	608	0	non	non	_	_	_	_	_	linguistic	_	none	_	Begin=1017.349	_	_	_	_
608-1	PKP125	608	608	1	lo	lo	_	_	_	_	_	linguistic	_	none	_	_	_	_	_	_
608-2	PKP125	608	608	2	sapev[o]	sapevo	_	_	_	_	_	linguistic	_	none	_	End=1018.201	_	_	_	5-6(124)
609-0	PKP131	609	609	0	[gu]arda	guarda	_	_	_	_	_	linguistic	_	none	_	Begin=1018.108	_	_	_	0-2(124)
609-1	PKP131	609	609	1	che	che	_	_	_	_	_	linguistic	_	none	_	End=1018.546	_	_	_	_
610-0	PKP131	610	610	0	io	io	_	_	_	_	_	linguistic	_	none	_	Begin=1019.65	_	_	_	_
610-1	PKP131	610	610	1	sono::	sono	_	_	_	_	_	linguistic	_	none	_	End=1020.788	3x2	_	_	_
611-0	PKP131	611	611	0	uscita	uscita	_	_	_	_	_	linguistic	_	none	_	Begin=1021.182	_	_	_	_
611-1	PKP131	611	611	1	con	con	_	_	_	_	_	linguistic	_	none	_	_	_	_	_	_
611-2	PKP131	611	611	2	alessia	alessia	_	_	_	_	_	linguistic	_	none	_	_	_	_	_	_
611-3	PKP131	611	611	3	xxxx	xxxx	_	_	_	_	_	unknown	_	none	Syllables=4	End=1023.3	_	_	_	_
612-0	PKP131	612	612	0	baciato	baciato	_	_	_	_	_	linguistic	_	none	_	Begin=1024.221|End=1024.742	_	_	_	_
613-0	PKP125	613	613	0	ho	ho	_	_	_	_	_	linguistic	_	none	_	Begin=1024.771	_	_	_	_
613-1	PKP125	613	613	1	baciato	baciato	_	_	_	_	_	linguistic	_	none	_	_	_	_	_	_
613-2	PKP125	613	613	2	{ride}	{ride}	_	_	_	_	_	nonverbalbehavior	_	none	_	End=1025.601	_	_	_	_
614-0	PKP131	614	614	0	xx[x]	xxx	_	_	_	_	_	unknown	_	none	Syllables=3	Begin=1026.044|End=1026.601	_	_	_	2-3(127)
615-0	PKP125	615	615	0	[(non]	non	_	_	_	_	_	linguistic	_	none	_	Begin=1026.527	_	_	0-3(0)	0-3(127)
615-1	PKP125	615	615	1	do~)	do~	_	_	_	_	_	linguistic	_	none	Interrupted=Yes	_	_	_	0-3(0)	_
615-2	PKP125	615	615	2	vabbè	vabbè	_	_	_	_	_	linguistic	_	none	_	_	_	_	_	_
615-3	PKP125	615	615	3	baciare	baciare	_	_	_	_	_	linguistic	_	none	_	_	_	_	_	_
615-4	PKP125	615	615	4	una	una	_	_	_	_	_	linguistic	_	none	_	_	_	_	_	_
615-5	PKP125	615	615	5	donna	donna	_	_	_	_	_	linguistic	_	none	_	_	_	_	_	_
615-6	PKP125	615	615	6	così:	così	_	_	_	_	_	linguistic	_	none	_	End=1028.453	3x1	_	_	_
616-0	PKP125	616	616	0	che	che	_	_	_	_	_	linguistic	_	none	_	Begin=1029.458	_	_	_	_
616-1	PKP125	616	616	1	centra:	centra	_	_	_	_	_	linguistic	_	none	_	End=1030.315	5x1	_	_	_
617-0	PKP125	617	617	0	mo	mo	_	_	_	_	_	linguistic	_	none	_	Begin=1030.596	_	_	_	_
617-1	PKP125	617	617	1	questa	questa	_	_	_	_	_	linguistic	_	none	_	_	_	_	_	_
617-2	PKP125	617	617	2	mia	mia	_	_	_	_	_	linguistic	_	none	_	_	_	_	_	_
617-3	PKP125	617	617	3	amica	amica	_	_	_	_	_	linguistic	_	none	_	_	_	_	_	_
617-4	PKP125	617	617	4	ieri	ieri	_	_	_	_	_	linguistic	_	none	_	_	_	_	_	_
617-5	PKP125	617	617	5	mi	mi	_	_	_	_	_	linguistic	_	none	_	_	_	_	_	_
617-6	PKP125	617	617	6	ha	ha	_	_	_	_	_	linguistic	_	none	_	_	_	_	_	_
617-7	PKP125	617	617	7	detto	detto	_	_	_	_	_	linguistic	_	none	_	End=1031.98	_	_	_	_
618-0	PKP125	618	618	0	a:h	ah	_	_	_	_	_	linguistic	_	none	_	Begin=1032.002	0x1	_	_	_
618-1	PKP125	618	618	1	io	io	_	_	_	_	_	linguistic	_	none	_	_	_	_	_	_
618-2	PKP125	618	618	2	ho	ho	_	_	_	_	_	linguistic	_	none	_	_	_	_	_	_
618-3	PKP125	618	618	3	fatto	fatto	_	_	_	_	_	linguistic	_	none	_	_	_	_	_	_
618-4	PKP125	618	618	4	un	un	_	_	_	_	_	linguistic	_	none	_	_	_	_	_	_
618-5	PKP125	618	618	5	threesome	threesome	_	_	_	_	_	linguistic	_	none	_	End=1033.231	_	_	_	_
619-0	PKP131	619	619	0	mh	mh	_	_	_	_	_	linguistic	_	none	_	Begin=1034.103|End=1034.29	_	_	_	_
620-0	PKP131	620	620	0	{ride}	{ride}	_	_	_	_	_	nonverbalbehavior	_	none	_	Begin=1034.327|End=1034.703	_	_	_	_
621-0	PKP125	621	621	0	con	con	_	_	_	_	_	linguistic	_	none	_	Begin=1034.669	_	_	_	_
621-1	PKP125	621	621	1	{ride}	{ride}	_	_	_	_	_	nonverbalbehavior	_	none	_	End=1035.403	_	_	_	_
622-0	PKP131	622	622	0	{ride}	{ride}	_	_	_	_	_	nonverbalbehavior	_	none	_	Begin=1035.453|End=1036.723	_	_	_	_
623-0	PKP125	623	623	0	ti	ti	_	_	_	_	_	linguistic	_	none	_	Begin=1036.28	_	_	_	_
623-1	PKP125	623	623	1	giuro	giuro	_	_	_	_	_	linguistic	_	none	_	End=1036.742	_	_	_	_
624-0	PKP125	624	624	0	(è)	è	_	_	_	_	_	linguistic	_	none	_	Begin=1036.973	_	_	0-1(0)	_
624-1	PKP125	624	624	1	successo	successo	_	_	_	_	_	linguistic	_	none	_	_	_	_	_	_
624-2	PKP125	624	624	2	vera~	vera~	_	_	_	_	_	linguistic	_	none	Interrupted=Yes	_	_	_	_	_
624-3	PKP125	624	624	3	vabbè	vabbè	_	_	_	_	_	linguistic	_	none	_	End=1037.915	_	_	_	_
625-0	PKP125	625	625	0	cioè	cioè	_	_	_	_	_	linguistic	_	none	_	Begin=1037.99	_	_	_	_
625-1	PKP125	625	625	1	è	è	_	_	_	_	_	linguistic	_	none	_	_	_	_	_	_
625-2	PKP125	625	625	2	successo	successo	_	_	_	_	_	linguistic	_	none	_	_	_	_	_	_
625-3	PKP125	625	625	3	veramente	veramente	_	_	_	_	_	linguistic	_	none	_	End=1039.068	_	_	_	_
626-0	PKP125	626	626	0	veramente	veramente	_	_	_	_	_	linguistic	_	none	PauseAfter=Yes	Begin=1039.335	_	_	_	_
626-1	PKP125	626	626	1	{P}	{P}	_	_	_	_	_	shortpause	_	none	_	_	_	_	_	_
626-2	PKP125	626	626	2	i:eri	ieri	_	_	_	_	_	linguistic	_	none	_	_	0x1	_	_	_
626-3	PKP125	626	626	3	mi	mi	_	_	_	_	_	linguistic	_	none	_	_	_	_	_	_
626-4	PKP125	626	626	4	(ha	ha	_	_	_	_	_	linguistic	_	none	_	_	_	_	0-2(0)	_
626-5	PKP125	626	626	5	contattato)	contattato	_	_	_	_	_	linguistic	_	none	_	End=1040.689	_	_	0-10(0)	_
627-0	PKP125	627	627	0	(que)sta	questa	_	_	_	_	_	linguistic	_	none	_	Begin=1041.906	_	_	0-3(0)	_
627-1	PKP125	627	627	1	mia	mia	_	_	_	_	_	linguistic	_	none	_	_	_	_	_	_
627-2	PKP125	627	627	2	amica	amica	_	_	_	_	_	linguistic	_	none	_	_	_	_	_	_
627-3	PKP125	627	627	3	ha	ha	_	_	_	_	_	linguistic	_	none	_	_	_	_	_	_
627-4	PKP125	627	627	4	detto	detto	_	_	_	_	_	linguistic	_	none	_	_	_	_	_	_
627-5	PKP125	627	627	5	ah	ah	_	_	_	_	_	linguistic	_	none	_	_	_	_	_	_
627-6	PKP125	627	627	6	ho	ho	_	_	_	_	_	linguistic	_	none	_	_	_	_	_	_
627-7	PKP125	627	627	7	fatto	fatto	_	_	_	_	_	linguistic	_	none	_	_	_	_	_	_
627-8	PKP125	627	627	8	un	un	_	_	_	_	_	linguistic	_	none	_	_	_	_	_	_
627-9	PKP125	627	627	9	threesome	threesome	_	_	_	_	_	linguistic	_	none	_	_	_	_	_	_
627-10	PKP125	627	627	10	co:n	con	_	_	_	_	_	linguistic	_	none	_	End=1044.0	1x1	_	_	_
628-0	PKP125	628	628	0	questa	questa	_	_	_	_	_	linguistic	_	none	_	Begin=1044.074	_	_	_	_
628-1	PKP125	628	628	1	mia	mia	_	_	_	_	_	linguistic	_	none	_	_	_	_	_	_
628-2	PKP125	628	628	2	amica	amica	_	_	_	_	_	linguistic	_	none	_	End=1044.862	_	_	_	_
629-0	PKP125	629	629	0	(su)	su	_	_	_	_	_	linguistic	_	none	_	Begin=1045.576	_	_	0-2(0)	_
629-1	PKP125	629	629	1	quest'	quest'	_	_	_	_	_	linguistic	_	none	SpaceAfter=No	_	_	_	_	_
629-2	PKP125	629	629	2	altro	altro	_	_	_	_	_	linguistic	_	none	_	_	_	_	_	_
629-3	PKP125	629	629	3	ragazzo	ragazzo	_	_	_	_	_	linguistic	_	none	_	_	_	_	_	_
629-4	PKP125	629	629	4	così:	così	_	_	_	_	_	linguistic	_	none	_	End=1047.108	3x1	_	_	_
630-0	PKP125	630	630	0	abbiamo	abbiamo	_	_	_	_	_	linguistic	_	none	_	Begin=1047.847	_	_	_	_
630-1	PKP125	630	630	1	limonato	limonato	_	_	_	_	_	linguistic	_	none	_	_	_	_	_	_
630-2	PKP125	630	630	2	sul	sul	_	_	_	_	_	linguistic	_	none	_	_	_	_	_	_
630-3	PKP125	630	630	3	marciapiede	marciapiede	_	_	_	_	_	linguistic	_	none	_	_	_	_	_	_
630-4	PKP125	630	630	4	{ride}	{ride}	_	_	_	_	_	nonverbalbehavior	_	none	_	End=1050.034	_	_	_	_
631-0	PKP131	631	631	0	beh	beh	_	_	_	_	_	linguistic	_	none	_	Begin=1051.694|End=1051.876	_	_	_	_
632-0	PKP125	632	632	0	ma	ma	_	_	_	_	_	linguistic	_	none	_	Begin=1052.812	_	_	_	_
632-1	PKP125	632	632	1	quanti	quanti	_	_	_	_	_	linguistic	_	none	_	_	_	_	_	_
632-2	PKP125	632	632	2	anni	anni	_	_	_	_	_	linguistic	_	none	_	_	_	_	_	_
632-3	PKP125	632	632	3	hai?	hai	_	_	_	_	_	linguistic	_	none	Intonation=Rising	End=1053.581	_	_	_	_
633-0	PKP125	633	633	0	quindici?	quindici	_	_	_	_	_	linguistic	_	none	Intonation=Rising	Begin=1053.65|End=1054.117	_	_	_	_
634-0	PKP125	634	634	0	e	e	_	_	_	_	_	linguistic	_	none	_	Begin=1056.857	_	_	_	_
634-1	PKP125	634	634	1	ora	ora	_	_	_	_	_	linguistic	_	none	_	_	_	_	_	_
634-2	PKP125	634	634	2	ha	ha	_	_	_	_	_	linguistic	_	none	_	_	_	_	_	_
634-3	PKP125	634	634	3	paura	paura	_	_	_	_	_	linguistic	_	none	_	_	_	_	_	_
634-4	PKP125	634	634	4	che	che	_	_	_	_	_	linguistic	_	none	_	_	_	_	_	_
634-5	PKP125	634	634	5	tutto	tutto	_	_	_	_	_	linguistic	_	none	_	_	_	_	_	_
634-6	PKP125	634	634	6	il	il	_	_	_	_	_	linguistic	_	none	_	_	_	_	_	_
634-7	PKP125	634	634	7	s~	s~	_	_	_	_	_	linguistic	_	none	Interrupted=Yes|PauseAfter=Yes	_	_	_	_	_
634-8	PKP125	634	634	8	{P}	{P}	_	_	_	_	_	shortpause	_	none	_	_	_	_	_	_
634-9	PKP125	634	634	9	il	il	_	_	_	_	_	linguistic	_	none	_	_	_	_	_	_
634-10	PKP125	634	634	10	paese	paese	_	_	_	_	_	linguistic	_	none	_	_	_	_	_	_
634-11	PKP125	634	634	11	lo	lo	_	_	_	_	_	linguistic	_	none	_	_	_	_	_	_
634-12	PKP125	634	634	12	sappia	sappia	_	_	_	_	_	linguistic	_	none	_	_	_	_	_	_
634-13	PKP125	634	634	13	>tipo<	tipo	_	_	_	_	_	linguistic	_	none	_	End=1059.019	_	Fast=0-4(0)	_	_
635-0	PKP131	635	635	0	(di	di	_	_	_	_	_	linguistic	_	none	_	Begin=1059.527	_	_	0-2(0)	_
635-1	PKP131	635	635	1	che?)	che	_	_	_	_	_	linguistic	_	none	Intonation=Rising	End=1059.911	_	_	0-3(0)	_
636-0	PKP125	636	636	0	°non	non	_	_	_	_	_	linguistic	_	none	Volume=low	Begin=1061.059	_	_	_	_
636-1	PKP125	636	636	1	è	è	_	_	_	_	_	linguistic	_	none	Volume=low	_	_	_	_	_
636-2	PKP125	636	636	2	mica:°	mica	_	_	_	_	_	linguistic	_	none	Volume=low	End=1061.758	3x1	_	_	_
637-0	PKP125	637	637	0	è	è	_	_	_	_	_	linguistic	_	none	_	Begin=1062.157	_	_	_	_
637-1	PKP125	637	637	1	un	un	_	_	_	_	_	linguistic	_	none	_	_	_	_	_	_
637-2	PKP125	637	637	2	xx	xx	_	_	_	_	_	unknown	_	none	Syllables=2	End=1062.65	_	_	_	_
638-0	PKP125	638	638	0	vabbè	vabbè	_	_	_	_	_	linguistic	_	none	_	Begin=1067.803|End=1068.059	_	_	_	_
639-0	PKP125	639	639	0	°comunque°	comunque	_	_	_	_	_	linguistic	_	none	Volume=low	Begin=1068.093|End=1068.517	_	_	_	_
640-0	PKP125	640	640	0	°poi	poi	_	_	_	_	_	linguistic	_	none	Volume=low	Begin=1068.596	_	_	_	_
640-1	PKP125	640	640	1	voglio	voglio	_	_	_	_	_	linguistic	_	none	Volume=low	_	_	_	_	_
640-2	PKP125	640	640	2	(dire)°	dire	_	_	_	_	_	linguistic	_	none	Volume=low	End=1069.167	_	_	0-4(0)	_
641-0	PKP125	641	641	0	quando	quando	_	_	_	_	_	linguistic	_	none	_	Begin=1069.743	_	_	_	_
641-1	PKP125	641	641	1	fai	fai	_	_	_	_	_	linguistic	_	none	_	_	_	_	_	_
641-2	PKP125	641	641	2	un	un	_	_	_	_	_	linguistic	_	none	_	_	_	_	_	_
641-3	PKP125	641	641	3	threesom:e	threesome	_	_	_	_	_	linguistic	_	none	_	End=1071.059	7x1	_	_	_
642-0	PKP125	642	642	0	tutto	tutto	_	_	_	_	_	linguistic	_	none	_	Begin=1072.817	_	_	_	_
642-1	PKP125	642	642	1	è	è	_	_	_	_	_	linguistic	_	none	_	_	_	_	_	_
642-2	PKP125	642	642	2	permesso	permesso	_	_	_	_	_	linguistic	_	none	_	End=1073.61	_	_	_	_
643-0	PKP125	643	643	0	questa	questa	_	_	_	_	_	linguistic	_	none	_	Begin=1074.807	_	_	_	_
643-1	PKP125	643	643	1	registrazione	registrazione	_	_	_	_	_	linguistic	_	none	_	_	_	_	_	_
643-2	PKP125	643	643	2	è	è	_	_	_	_	_	linguistic	_	none	_	_	_	_	_	_
643-3	PKP125	643	643	3	proprio	proprio	_	_	_	_	_	linguistic	_	none	_	_	_	_	_	_
643-4	PKP125	643	643	4	bollente	bollente	_	_	_	_	_	linguistic	_	none	_	_	_	_	_	_
643-5	PKP125	643	643	5	eh	eh	_	_	_	_	_	linguistic	_	none	_	End=1076.901	_	_	_	_
644-0	PKP131	644	644	0	mh	mh	_	_	_	_	_	linguistic	_	none	_	Begin=1079.408|End=1079.578	_	_	_	_
645-0	PKP125	645	645	0	ah	ah	_	_	_	_	_	linguistic	_	none	_	Begin=1080.901	_	_	_	_
645-1	PKP125	645	645	1	ma	ma	_	_	_	_	_	linguistic	_	none	_	_	_	_	_	_
645-2	PKP125	645	645	2	tu	tu	_	_	_	_	_	linguistic	_	none	_	_	_	_	_	_
645-3	PKP125	645	645	3	(l'	l'	_	_	_	_	_	linguistic	_	none	SpaceAfter=No	_	_	_	0-2(0)	_
645-4	PKP125	645	645	4	alice)	alice	_	_	_	_	_	linguistic	_	none	_	_	_	_	0-5(0)	_
645-5	PKP125	645	645	5	la	la	_	_	_	_	_	linguistic	_	none	_	_	_	_	_	_
645-6	PKP125	645	645	6	mangi	mangi	_	_	_	_	_	linguistic	_	none	_	_	_	_	_	_
645-7	PKP125	645	645	7	proprio	proprio	_	_	_	_	_	linguistic	_	none	_	_	_	_	_	_
645-8	PKP125	645	645	8	così?	così	_	_	_	_	_	linguistic	_	none	Intonation=Rising	End=1082.421	_	_	_	_
646-0	PKP131	646	646	0	>mhmh<	mhmh	_	_	_	_	_	linguistic	_	none	_	Begin=1082.763|End=1083.054	_	Fast=0-4(0)	_	_
647-0	PKP131	647	647	0	(levo	levo	_	_	_	_	_	linguistic	_	none	_	Begin=1083.123	_	_	0-4(0)	_
647-1	PKP131	647	647	1	solo	solo	_	_	_	_	_	linguistic	_	none	_	_	_	_	0-4(0)	_
647-2	PKP131	647	647	2	la	la	_	_	_	_	_	linguistic	_	none	_	_	_	_	0-2(0)	_
647-3	PKP131	647	647	3	coda)	coda	_	_	_	_	_	linguistic	_	none	_	End=1083.852	_	_	0-4(0)	_
648-0	PKP125	648	648	0	veramente?	veramente	_	_	_	_	_	linguistic	_	none	Intonation=Rising	Begin=1084.463|End=1085.211	_	_	_	_
649-0	PKP125	649	649	0	non	non	_	_	_	_	_	linguistic	_	none	_	Begin=1085.783	_	_	_	_
649-1	PKP125	649	649	1	ti	ti	_	_	_	_	_	linguistic	_	none	_	_	_	_	_	_
649-2	PKP125	649	649	2	danno	danno	_	_	_	_	_	linguistic	_	none	_	_	_	_	_	_
649-3	PKP125	649	649	3	fastidio	fastidio	_	_	_	_	_	linguistic	_	none	_	_	_	_	_	_
649-4	PKP125	649	649	4	le	le	_	_	_	_	_	linguistic	_	none	_	_	_	_	_	_
649-5	PKP125	649	649	5	li:~	li~	_	_	_	_	_	linguistic	_	none	Interrupted=Yes	End=1087.305	1x1	_	_	_
650-0	PKP125	650	650	0	le	le	_	_	_	_	_	linguistic	_	none	_	Begin=1087.369	_	_	_	_
650-1	PKP125	650	650	1	lischette?	lischette	_	_	_	_	_	linguistic	_	none	Intonation=Rising	End=1088.162	_	_	_	_
651-0	PKP131	651	651	0	no	no	_	_	_	_	_	linguistic	_	none	_	Begin=1088.231|End=1088.512	_	_	_	_
652-0	PKP131	652	652	0	>ma	ma	_	_	_	_	_	linguistic	_	none	_	Begin=1089.305	_	Fast=0-2(0)	_	_
652-1	PKP131	652	652	1	perché<	perché	_	_	_	_	_	linguistic	_	none	_	_	_	Fast=0-6(0)	_	_
652-2	PKP131	652	652	2	vedi	vedi	_	_	_	_	_	linguistic	_	none	_	_	_	_	_	_
652-3	PKP131	652	652	3	quelle	quelle	_	_	_	_	_	linguistic	_	none	_	_	_	_	_	_
652-4	PKP131	652	652	4	stanno	stanno	_	_	_	_	_	linguistic	_	none	_	_	_	_	_	_
652-5	PKP131	652	652	5	tutte:	tutte	_	_	_	_	_	linguistic	_	none	_	End=1090.852	4x1	_	_	_
653-0	PKP131	653	653	0	corte	corte	_	_	_	_	_	linguistic	_	none	_	Begin=1090.911|End=1091.379	_	_	_	_
654-0	PKP131	654	654	0	tutte:	tutte	_	_	_	_	_	linguistic	_	none	_	Begin=1091.423|End=1092.123	4x1	_	_	_
655-0	PKP125	655	655	0	io	io	_	_	_	_	_	linguistic	_	none	_	Begin=1092.891	_	_	_	_
655-1	PKP125	655	655	1	la	la	_	_	_	_	_	linguistic	_	none	_	_	_	_	_	_
655-2	PKP125	655	655	2	do	do	_	_	_	_	_	linguistic	_	none	_	_	_	_	_	_
655-3	PKP125	655	655	3	ai	ai	_	_	_	_	_	linguistic	_	none	_	_	_	_	_	_
655-4	PKP125	655	655	4	gatti	gatti	_	_	_	_	_	linguistic	_	none	_	End=1093.798	_	_	_	_
656-0	PKP131	656	656	0	e	e	_	_	_	_	_	linguistic	_	none	_	Begin=1095.009	_	_	_	_
656-1	PKP131	656	656	1	come	come	_	_	_	_	_	linguistic	_	none	_	_	_	_	_	_
656-2	PKP131	656	656	2	la	la	_	_	_	_	_	linguistic	_	none	_	_	_	_	_	_
656-3	PKP131	656	656	3	mangi?	mangi	_	_	_	_	_	linguistic	_	none	Intonation=Rising	End=1095.858	_	_	_	_
657-0	PKP131	657	657	0	così	così	_	_	_	_	_	linguistic	_	none	_	Begin=1095.95	_	_	_	_
657-1	PKP131	657	657	1	te	te	_	_	_	_	_	linguistic	_	none	_	_	_	_	_	_
657-2	PKP131	657	657	2	la	la	_	_	_	_	_	linguistic	_	none	_	_	_	_	_	_
657-3	PKP131	657	657	3	metti	metti	_	_	_	_	_	linguistic	_	none	_	_	_	_	_	_
657-4	PKP131	657	657	4	a	a	_	_	_	_	_	linguistic	_	none	_	_	_	_	_	_
657-5	PKP131	657	657	5	pulire?	pulire	_	_	_	_	_	linguistic	_	none	Intonation=Rising	End=1097.438	_	_	_	_
658-0	PKP125	658	658	0	te	te	_	_	_	_	_	linguistic	_	none	_	Begin=1097.576	_	_	_	_
658-1	PKP125	658	658	1	faccio	faccio	_	_	_	_	_	linguistic	_	none	_	_	_	_	_	_
658-2	PKP125	658	658	2	vede'	vede'	_	_	_	_	_	linguistic	_	none	Truncated=Yes	End=1098.108	_	_	_	_
659-0	PKP125	659	659	0	vuoi	vuoi	_	_	_	_	_	linguistic	_	none	_	Begin=1099.477	_	_	_	_
659-1	PKP125	659	659	1	il	il	_	_	_	_	_	linguistic	_	none	_	_	_	_	_	_
659-2	PKP125	659	659	2	pepe	pepe	_	_	_	_	_	linguistic	_	none	_	_	_	_	_	_
659-3	PKP125	659	659	3	sopra?	sopra	_	_	_	_	_	linguistic	_	none	Intonation=Rising	End=1100.31	_	_	_	_
660-0	PKP131	660	660	0	no	no	_	_	_	_	_	linguistic	_	none	_	Begin=1102.024|End=1102.256	_	_	_	_
661-0	PKP131	661	661	0	°>va	va	_	_	_	_	_	linguistic	_	none	Volume=low	Begin=1102.601	_	Fast=0-2(0)	_	_
661-1	PKP131	661	661	1	bene<°	bene	_	_	_	_	_	linguistic	_	none	Volume=low	End=1103.014	_	Fast=0-4(0)	_	_
662-0	PKP131	662	662	0	°così°	così	_	_	_	_	_	linguistic	_	none	Volume=low	Begin=1103.054|End=1103.368	_	_	_	_
663-0	PKP125	663	663	0	x	x	_	_	_	_	_	unknown	_	none	Syllables=1	Begin=1106.325	_	_	_	_
663-1	PKP125	663	663	1	c'	c'	_	_	_	_	_	linguistic	_	none	SpaceAfter=No	_	_	_	_	_
663-2	PKP125	663	663	2	hai	hai	_	_	_	_	_	linguistic	_	none	_	_	_	_	_	_
663-3	PKP125	663	663	3	come	come	_	_	_	_	_	linguistic	_	none	_	_	_	_	_	_
663-4	PKP125	663	663	4	un	un	_	_	_	_	_	linguistic	_	none	_	_	_	_	_	_
663-5	PKP125	663	663	5	odore	odore	_	_	_	_	_	linguistic	_	none	_	_	_	_	_	_
663-6	PKP125	663	663	6	di:	di	_	_	_	_	_	linguistic	_	none	_	End=1107.62	1x1	_	_	_
664-0	PKP131	664	664	0	poi	poi	_	_	_	_	_	linguistic	_	none	_	Begin=1113.936	_	_	_	_
664-1	PKP131	664	664	1	non	non	_	_	_	_	_	linguistic	_	none	_	_	_	_	_	_
664-2	PKP131	664	664	2	ho	ho	_	_	_	_	_	linguistic	_	none	_	_	_	_	_	_
664-3	PKP131	664	664	3	capi[to	capito	_	_	_	_	_	linguistic	_	none	_	_	_	_	_	4-6(134)
664-4	PKP131	664	664	4	x]	x	_	_	_	_	_	unknown	_	none	Syllables=1	End=1114.926	_	_	_	0-1(134)
665-0	PKP125	665	665	0	[però	però	_	_	_	_	_	linguistic	_	none	_	Begin=1114.61	_	_	_	0-4(134)
665-1	PKP125	665	665	1	son(o)]	sono	_	_	_	_	_	linguistic	_	none	_	_	_	_	3-4(0)	0-4(134)
665-2	PKP125	665	665	2	piccole	piccole	_	_	_	_	_	linguistic	_	none	_	_	_	_	_	_
665-3	PKP125	665	665	3	queste	queste	_	_	_	_	_	linguistic	_	none	_	_	_	_	_	_
665-4	PKP125	665	665	4	e:h	eh	_	_	_	_	_	linguistic	_	none	_	End=1116.266	0x1	_	_	_
666-0	PKP131	666	666	0	si	si	_	_	_	_	_	linguistic	_	none	_	Begin=1116.561	_	_	_	_
666-1	PKP131	666	666	1	ma	ma	_	_	_	_	_	linguistic	_	none	_	_	_	_	_	_
666-2	PKP131	666	666	2	non	non	_	_	_	_	_	linguistic	_	none	_	_	_	_	_	_
666-3	PKP131	666	666	3	ti	ti	_	_	_	_	_	linguistic	_	none	_	_	_	_	_	_
666-4	PKP131	666	666	4	ho	ho	_	_	_	_	_	linguistic	_	none	_	_	_	_	_	_
666-5	PKP131	666	666	5	detto	detto	_	_	_	_	_	linguistic	_	none	_	_	_	_	_	_
666-6	PKP131	666	666	6	(la	la	_	_	_	_	_	linguistic	_	none	_	_	_	_	0-2(0)	_
666-7	PKP131	666	666	7	xx	xx	_	_	_	_	_	unknown	_	none	Syllables=2	_	_	_	0-2(0)	_
666-8	PKP131	666	666	8	mica)	mica	_	_	_	_	_	linguistic	_	none	_	_	_	_	0-4(0)	_
666-9	PKP131	666	666	9	tutta:	tutta	_	_	_	_	_	linguistic	_	none	_	End=1118.822	4x1	_	_	_
667-0	PKP131	667	667	0	ma	ma	_	_	_	_	_	linguistic	_	none	_	Begin=1119.295	_	_	_	_
667-1	PKP131	667	667	1	non	non	_	_	_	_	_	linguistic	_	none	_	_	_	_	_	_
667-2	PKP131	667	667	2	si	si	_	_	_	_	_	linguistic	_	none	_	_	_	_	_	_
667-3	PKP131	667	667	3	[rovina	rovina	_	_	_	_	_	linguistic	_	none	_	_	_	_	_	0-6(135)
667-4	PKP131	667	667	4	in	in	_	_	_	_	_	linguistic	_	none	_	_	_	_	_	0-2(135)
667-5	PKP131	667	667	5	uno]	uno	_	_	_	_	_	linguistic	_	none	_	_	_	_	_	0-3(135)
667-6	PKP131	667	667	6	xxxx?	xxxx	_	_	_	_	_	linguistic	_	none	Intonation=Rising	End=1121.67	_	_	_	_
668-0	PKP125	668	668	0	[(lasciala	lasciala	_	_	_	_	_	linguistic	_	none	_	Begin=1119.699	_	_	0-8(0)	0-8(135)
668-1	PKP125	668	668	1	sta:')]	sta'	_	_	_	_	_	linguistic	_	none	Truncated=Yes	End=1120.448	2x1	_	0-4(0)	0-4(135)
669-0	PKP125	669	669	0	(finché	finché	_	_	_	_	_	linguistic	_	none	_	Begin=1122.463	_	_	0-6(0)	_
669-1	PKP125	669	669	1	li	li	_	_	_	_	_	linguistic	_	none	_	_	_	_	0-2(0)	_
669-2	PKP125	669	669	2	fanno)	fanno	_	_	_	_	_	linguistic	_	none	_	End=1123.113	_	_	0-5(0)	_
670-0	PKP131	670	670	0	ah	ah	_	_	_	_	_	linguistic	_	none	_	Begin=1123.95	_	_	_	_
670-1	PKP131	670	670	1	comunque	comunque	_	_	_	_	_	linguistic	_	none	_	End=1124.507	_	_	_	_
671-0	PKP125	671	671	0	c(io)è	cioè	_	_	_	_	_	linguistic	_	none	_	Begin=1125.655	_	_	1-3(0)	_
671-1	PKP125	671	671	1	mi	mi	_	_	_	_	_	linguistic	_	none	_	_	_	_	_	_
671-2	PKP125	671	671	2	metto	metto	_	_	_	_	_	linguistic	_	none	_	_	_	_	_	_
671-3	PKP125	671	671	3	proprio	proprio	_	_	_	_	_	linguistic	_	none	_	_	_	_	_	_
671-4	PKP125	671	671	4	paura	paura	_	_	_	_	_	linguistic	_	none	_	_	_	_	_	_
671-5	PKP125	671	671	5	di	di	_	_	_	_	_	linguistic	_	none	_	_	_	_	_	_
671-6	PKP125	671	671	6	mangiare	mangiare	_	_	_	_	_	linguistic	_	none	_	End=1127.206	_	_	_	_
672-0	PKP131	672	672	0	ma	ma	_	_	_	_	_	linguistic	_	none	_	Begin=1129.655	_	_	_	_
672-1	PKP131	672	672	1	no	no	_	_	_	_	_	linguistic	_	none	_	End=1129.936	_	_	_	_
673-0	PKP131	673	673	0	perché	perché	_	_	_	_	_	linguistic	_	none	_	Begin=1129.965|End=1130.359	_	_	_	_
674-0	PKP125	674	674	0	mh	mh	_	_	_	_	_	linguistic	_	none	_	Begin=1133.99|End=1134.241	_	_	_	_
675-0	PKP125	675	675	0	vabbè	vabbè	_	_	_	_	_	linguistic	_	none	_	Begin=1134.601|End=1134.955	_	_	_	_
676-0	PKP125	676	676	0	non	non	_	_	_	_	_	linguistic	_	none	_	Begin=1136.507	_	_	_	_
676-1	PKP125	676	676	1	è	è	_	_	_	_	_	linguistic	_	none	_	_	_	_	_	_
676-2	PKP125	676	676	2	[la	la	_	_	_	_	_	linguistic	_	none	_	_	_	_	_	0-2(136)
676-3	PKP125	676	676	3	lisca	lisca	_	_	_	_	_	linguistic	_	none	_	_	_	_	_	0-5(136)
676-4	PKP125	676	676	4	di	di	_	_	_	_	_	linguistic	_	none	_	_	_	_	_	0-2(136)
676-5	PKP125	676	676	5	un	un	_	_	_	_	_	linguistic	_	none	_	_	_	_	_	0-2(136)
676-6	PKP125	676	676	6	pe]sciolone	pesciolone	_	_	_	_	_	linguistic	_	none	_	End=1138.142	_	_	_	0-2(136)
677-0	PKP131	677	677	0	[xxx]	xxx	_	_	_	_	_	unknown	_	none	Syllables=3	Begin=1136.65|End=1137.464	_	_	_	0-3(136)
678-0	PKP131	678	678	0	guarda	guarda	_	_	_	_	_	linguistic	_	none	_	Begin=1138.95	_	_	_	_
678-1	PKP131	678	678	1	qua	qua	_	_	_	_	_	linguistic	_	none	_	End=1139.413	_	_	_	_
679-0	PKP131	679	679	0	non	non	_	_	_	_	_	linguistic	_	none	_	Begin=1139.463	_	_	_	_
679-1	PKP131	679	679	1	si	si	_	_	_	_	_	linguistic	_	none	_	_	_	_	_	_
679-2	PKP131	679	679	2	vede	vede	_	_	_	_	_	linguistic	_	none	_	_	_	_	_	_
679-3	PKP131	679	679	3	nemmeno:	nemmeno	_	_	_	_	_	linguistic	_	none	_	End=1140.586	6x1	_	_	_
680-0	PKP125	680	680	0	e	e	_	_	_	_	_	linguistic	_	none	_	Begin=1141.423	_	_	_	_
680-1	PKP125	680	680	1	non	non	_	_	_	_	_	linguistic	_	none	_	_	_	_	_	_
680-2	PKP125	680	680	2	ti	ti	_	_	_	_	_	linguistic	_	none	_	_	_	_	_	_
680-3	PKP125	680	680	3	rimane	rimane	_	_	_	_	_	linguistic	_	none	_	_	_	_	_	_
680-4	PKP125	680	680	4	tra	tra	_	_	_	_	_	linguistic	_	none	_	_	_	_	_	_
680-5	PKP125	680	680	5	i	i	_	_	_	_	_	linguistic	_	none	_	_	_	_	_	_
680-6	PKP125	680	680	6	denti?	denti	_	_	_	_	_	linguistic	_	none	Intonation=Rising	End=1142.743	_	_	_	_
681-0	PKP125	681	681	0	{ride}	{ride}	_	_	_	_	_	nonverbalbehavior	_	none	_	Begin=1145.244|End=1146.758	_	_	_	_
682-0	PKP131	682	682	0	{ride}	{ride}	_	_	_	_	_	nonverbalbehavior	_	none	_	Begin=1146.554|End=1147.172	_	_	_	_
683-0	PKP125	683	683	0	ma	ma	_	_	_	_	_	linguistic	_	none	_	Begin=1147.137	_	_	_	_
683-1	PKP125	683	683	1	sei	sei	_	_	_	_	_	linguistic	_	none	_	_	_	_	_	_
683-2	PKP125	683	683	2	una	una	_	_	_	_	_	linguistic	_	none	_	_	_	_	_	_
683-3	PKP125	683	683	3	professionista	professionista	_	_	_	_	_	linguistic	_	none	_	_	_	_	_	_
683-4	PKP125	683	683	4	dell'	dell'	_	_	_	_	_	linguistic	_	none	SpaceAfter=No	_	_	_	_	_
683-5	PKP125	683	683	5	alice?	alice	_	_	_	_	_	linguistic	_	none	Intonation=Rising	_	_	_	_	_
683-6	PKP125	683	683	6	{ride}	{ride}	_	_	_	_	_	nonverbalbehavior	_	none	_	End=1149.059	_	_	_	_
684-0	PKP131	684	684	0	una	una	_	_	_	_	_	linguistic	_	none	_	Begin=1149.078	_	_	_	_
684-1	PKP131	684	684	1	xxx	xxx	_	_	_	_	_	unknown	_	none	Syllables=3	_	_	_	_	_
684-2	PKP131	684	684	2	del	del	_	_	_	_	_	linguistic	_	none	_	_	_	_	_	_
684-3	PKP131	684	684	3	pesce	pesce	_	_	_	_	_	linguistic	_	none	_	End=1150.458	_	_	_	_
685-0	PKP125	685	685	0	{ride}	{ride}	_	_	_	_	_	nonverbalbehavior	_	none	_	Begin=1151.377|End=1152.453	_	_	_	_
686-0	PKP131	686	686	0	(oh	oh	_	_	_	_	_	linguistic	_	none	_	Begin=1153.803	_	_	0-2(0)	_
686-1	PKP131	686	686	1	zi:)	zi	_	_	_	_	_	linguistic	_	none	_	End=1154.404	1x1	_	0-2(0)	_
687-0	PKP125	687	687	0	ti	ti	_	_	_	_	_	linguistic	_	none	_	Begin=1156.118	_	_	_	_
687-1	PKP125	687	687	1	piace	piace	_	_	_	_	_	linguistic	_	none	_	_	_	_	_	_
687-2	PKP125	687	687	2	il	il	_	_	_	_	_	linguistic	_	none	_	_	_	_	_	_
687-3	PKP125	687	687	3	mio	mio	_	_	_	_	_	linguistic	_	none	_	_	_	_	_	_
687-4	PKP125	687	687	4	topo	topo	_	_	_	_	_	linguistic	_	none	_	_	_	_	_	_
687-5	PKP125	687	687	5	squishy?	squishy	_	_	_	_	_	linguistic	_	none	Intonation=Rising	End=1157.354	_	_	_	_
688-0	PKP131	688	688	0	{ride}	{ride}	_	_	_	_	_	nonverbalbehavior	_	none	_	Begin=1157.777|End=1158.364	_	_	_	_
689-0	PKP125	689	689	0	{ride}	{ride}	_	_	_	_	_	nonverbalbehavior	_	none	_	Begin=1158.186|End=1160.27	_	_	_	_
690-0	PKP131	690	690	0	{ride}	{ride}	_	_	_	_	_	nonverbalbehavior	_	none	_	Begin=1158.833|End=1160.742	_	_	_	_
691-0	PKP131	691	691	0	{ride}	{ride}	_	_	_	_	_	nonverbalbehavior	_	none	_	Begin=1161.681|End=1163.929	_	_	_	_
692-0	PKP125	692	692	0	{ride}	{ride}	_	_	_	_	_	nonverbalbehavior	_	none	_	Begin=1163.123|End=1164.517	_	_	_	_
693-0	PKP131	693	693	0	{ride}	{ride}	_	_	_	_	_	nonverbalbehavior	_	none	_	Begin=1164.759	_	_	_	_
693-1	PKP131	693	693	1	[xx]	xx	_	_	_	_	_	unknown	_	none	Syllables=2	End=1166.078	_	_	_	0-2(137)
694-0	PKP125	694	694	0	[(be:h)	beh	_	_	_	_	_	linguistic	_	none	_	Begin=1165.226	1x1	_	0-3(0)	0-3(137)
694-1	PKP125	694	694	1	topo	topo	_	_	_	_	_	linguistic	_	none	_	_	_	_	_	0-4(137)
694-2	PKP125	694	694	2	s]quish	squish	_	_	_	_	_	linguistic	_	none	_	End=1166.354	_	_	_	0-1(137)
695-0	PKP131	695	695	0	e:h	eh	_	_	_	_	_	linguistic	_	none	_	Begin=1166.475	0x1	_	_	_
695-1	PKP131	695	695	1	no	no	_	_	_	_	_	linguistic	_	none	_	End=1167.069	_	_	_	_
696-0	PKP125	696	696	0	ma	ma	_	_	_	_	_	linguistic	_	none	_	Begin=1168.133	_	_	_	_
696-1	PKP125	696	696	1	il	il	_	_	_	_	_	linguistic	_	none	_	_	_	_	_	_
696-2	PKP125	696	696	2	regalo	regalo	_	_	_	_	_	linguistic	_	none	_	_	_	_	_	_
696-3	PKP125	696	696	3	di	di	_	_	_	_	_	linguistic	_	none	_	_	_	_	_	_
696-4	PKP125	696	696	4	tua	tua	_	_	_	_	_	linguistic	_	none	_	_	_	_	_	_
696-5	PKP125	696	696	5	mamma	mamma	_	_	_	_	_	linguistic	_	none	_	_	_	_	_	_
696-6	PKP125	696	696	6	>(com'	com'	_	_	_	_	_	linguistic	_	none	SpaceAfter=No	_	_	Fast=0-4(0)	0-4(0)	_
696-7	PKP125	696	696	7	era	era	_	_	_	_	_	linguistic	_	none	_	_	_	Fast=0-3(0)	0-3(0)	_
696-8	PKP125	696	696	8	come	come	_	_	_	_	_	linguistic	_	none	_	_	_	Fast=0-4(0)	0-4(0)	_
696-9	PKP125	696	696	9	regalo?)<	regalo	_	_	_	_	_	linguistic	_	none	Intonation=Rising	End=1169.635	_	Fast=0-6(0)	0-6(0)	_
697-0	PKP125	697	697	0	me	me	_	_	_	_	_	linguistic	_	none	_	Begin=1170.532	_	_	_	_
697-1	PKP125	697	697	1	l'	l'	_	_	_	_	_	linguistic	_	none	SpaceAfter=No	_	_	_	_	_
697-2	PKP125	697	697	2	ha	ha	_	_	_	_	_	linguistic	_	none	_	_	_	_	_	_
697-3	PKP125	697	697	3	regalato	regalato	_	_	_	_	_	linguistic	_	none	_	_	_	_	_	_
697-4	PKP125	697	697	4	mamma	mamma	_	_	_	_	_	linguistic	_	none	_	_	_	_	_	_
697-5	PKP125	697	697	5	stamattina	stamattina	_	_	_	_	_	linguistic	_	none	_	End=1172.083	_	_	_	_
698-0	PKP131	698	698	0	il	il	_	_	_	_	_	linguistic	_	none	_	Begin=1173.335	_	_	_	_
698-1	PKP131	698	698	1	topo	topo	_	_	_	_	_	linguistic	_	none	_	_	_	_	_	_
698-2	PKP131	698	698	2	squishy?	squishy	_	_	_	_	_	linguistic	_	none	Intonation=Rising	End=1174.059	_	_	_	_
699-0	PKP125	699	699	0	{ride}	{ride}	_	_	_	_	_	nonverbalbehavior	_	none	_	Begin=1174.275|End=1174.901	_	_	_	_
700-0	PKP131	700	700	0	come	come	_	_	_	_	_	linguistic	_	none	_	Begin=1174.773	_	_	_	_
700-1	PKP131	700	700	1	si	si	_	_	_	_	_	linguistic	_	none	_	_	_	_	_	_
700-2	PKP131	700	700	2	chiama?	chiama	_	_	_	_	_	linguistic	_	none	Intonation=Rising	End=1175.448	_	_	_	_
701-0	PKP125	701	701	0	(sono)	sono	_	_	_	_	_	linguistic	_	none	_	Begin=1175.852	_	_	0-4(0)	_
701-1	PKP125	701	701	1	una	una	_	_	_	_	_	linguistic	_	none	_	_	_	_	_	_
701-2	PKP125	701	701	2	zoccola	zoccola	_	_	_	_	_	linguistic	_	none	_	_	_	_	_	_
701-3	PKP125	701	701	3	squishy	squishy	_	_	_	_	_	linguistic	_	none	_	_	_	_	_	_
701-4	PKP125	701	701	4	{ride}	{ride}	_	_	_	_	_	nonverbalbehavior	_	none	_	End=1177.61	_	_	_	_
702-0	PKP125	702	702	0	a:h	ah	_	_	_	_	_	linguistic	_	none	_	Begin=1179.458	0x1	_	_	_
702-1	PKP125	702	702	1	mh	mh	_	_	_	_	_	linguistic	_	none	_	End=1179.97	_	_	_	_
703-0	PKP125	703	703	0	non	non	_	_	_	_	_	linguistic	_	none	_	Begin=1180.017	_	_	_	_
703-1	PKP125	703	703	1	lo	lo	_	_	_	_	_	linguistic	_	none	_	_	_	_	_	_
703-2	PKP125	703	703	2	so	so	_	_	_	_	_	linguistic	_	none	_	End=1180.394	_	_	_	_
704-0	PKP125	704	704	0	tanto	tanto	_	_	_	_	_	linguistic	_	none	_	Begin=1180.778	_	_	_	_
704-1	PKP125	704	704	1	non	non	_	_	_	_	_	linguistic	_	none	_	_	_	_	_	_
704-2	PKP125	704	704	2	durerà	durerà	_	_	_	_	_	linguistic	_	none	_	_	_	_	_	_
704-3	PKP125	704	704	3	a	a	_	_	_	_	_	linguistic	_	none	_	_	_	_	_	_
704-4	PKP125	704	704	4	lungo	lungo	_	_	_	_	_	linguistic	_	none	_	_	_	_	_	_
704-5	PKP125	704	704	5	xxx	xxx	_	_	_	_	_	unknown	_	none	Syllables=3	End=1182.251	_	_	_	_
705-0	PKP131	705	705	0	perché?	perché	_	_	_	_	_	linguistic	_	none	Intonation=Rising	Begin=1182.803|End=1183.187	_	_	_	_
706-0	PKP125	706	706	0	[è	è	_	_	_	_	_	linguistic	_	none	_	Begin=1184.137	_	_	_	0-1(141)
706-1	PKP125	706	706	1	così]	così	_	_	_	_	_	linguistic	_	none	_	End=1184.492	_	_	_	0-4(141)
707-0	PKP131	707	707	0	[ti	ti	_	_	_	_	_	linguistic	_	none	_	Begin=1184.137	_	_	_	0-2(141)
707-1	PKP131	707	707	1	rico]rdi	ricordi	_	_	_	_	_	linguistic	_	none	_	_	_	_	_	0-4(141)
707-2	PKP131	707	707	2	quando	quando	_	_	_	_	_	linguistic	_	none	_	_	_	_	_	_
707-3	PKP131	707	707	3	avevi:?	avevi	_	_	_	_	_	linguistic	_	none	Intonation=Rising	End=1185.339	4x1	_	_	_
708-0	PKP131	708	708	0	scusa	scusa	_	_	_	_	_	linguistic	_	none	_	Begin=1185.492	_	_	_	_
708-1	PKP131	708	708	1	tutte:	tutte	_	_	_	_	_	linguistic	_	none	_	End=1186.374	4x1	_	_	_
709-0	PKP131	709	709	0	quei	quei	_	_	_	_	_	linguistic	_	none	_	Begin=1186.921	_	_	_	_
709-1	PKP131	709	709	1	gatti	gatti	_	_	_	_	_	linguistic	_	none	_	End=1187.571	_	_	_	_
710-0	PKP131	710	710	0	squishy	squishy	_	_	_	_	_	linguistic	_	none	_	Begin=1187.635|End=1188.182	_	_	_	_
711-0	PKP131	711	711	0	non	non	_	_	_	_	_	linguistic	_	none	_	Begin=1188.221	_	_	_	_
711-1	PKP131	711	711	1	si	si	_	_	_	_	_	linguistic	_	none	_	_	_	_	_	_
711-2	PKP131	711	711	2	xxx	xxx	_	_	_	_	_	unknown	_	none	Syllables=3	_	_	_	_	_
711-3	PKP131	711	711	3	ovunque	ovunque	_	_	_	_	_	linguistic	_	none	_	_	_	_	_	_
711-4	PKP131	711	711	4	xx	xx	_	_	_	_	_	unknown	_	none	Syllables=2	_	_	_	_	_
711-5	PKP131	711	711	5	sul	sul	_	_	_	_	_	linguistic	_	none	_	_	_	_	_	_
711-6	PKP131	711	711	6	pancino	pancino	_	_	_	_	_	linguistic	_	none	_	End=1190.854	_	_	_	_
712-0	PKP125	712	712	0	{ride}	{ride}	_	_	_	_	_	nonverbalbehavior	_	none	_	Begin=1191.147|End=1192.049	_	_	_	_
713-0	PKP125	713	713	0	sì	sì	_	_	_	_	_	linguistic	_	none	_	Begin=1192.11	_	_	_	_
713-1	PKP125	713	713	1	x	x	_	_	_	_	_	unknown	_	none	Syllables=1	_	_	_	_	_
713-2	PKP125	713	713	2	a:h	ah	_	_	_	_	_	linguistic	_	none	_	End=1193.034	0x1	_	_	_
714-0	PKP125	714	714	0	eh	eh	_	_	_	_	_	linguistic	_	none	_	Begin=1193.33|End=1193.665	_	_	_	_
715-0	PKP125	715	715	0	sono	sono	_	_	_	_	_	linguistic	_	none	_	Begin=1193.891	_	_	_	_
715-1	PKP125	715	715	1	durati:	durati	_	_	_	_	_	linguistic	_	none	_	End=1194.768	5x1	_	_	_
716-0	PKP125	716	716	0	natale	natale	_	_	_	_	_	linguistic	_	none	_	Begin=1195.477	_	_	_	_
716-1	PKP125	716	716	1	e	e	_	_	_	_	_	linguistic	_	none	_	_	_	_	_	_
716-2	PKP125	716	716	2	santo	santo	_	_	_	_	_	linguistic	_	none	_	_	_	_	_	_
716-3	PKP125	716	716	3	stefano	stefano	_	_	_	_	_	linguistic	_	none	_	End=1196.512	_	_	_	_
717-0	PKP125	717	717	0	perché	perché	_	_	_	_	_	linguistic	_	none	_	Begin=1196.847|End=1197.275	_	_	_	_
718-0	PKP125	718	718	0	a	a	_	_	_	_	_	linguistic	_	none	_	Begin=1197.515	_	_	_	_
718-1	PKP125	718	718	1	un	un	_	_	_	_	_	linguistic	_	none	_	_	_	_	_	_
718-2	PKP125	718	718	2	certo	certo	_	_	_	_	_	linguistic	_	none	_	_	_	_	_	_
718-3	PKP125	718	718	3	punto	punto	_	_	_	_	_	linguistic	_	none	_	_	_	_	_	_
718-4	PKP125	718	718	4	si	si	_	_	_	_	_	linguistic	_	none	_	_	_	_	_	_
718-5	PKP125	718	718	5	iniziano	iniziano	_	_	_	_	_	linguistic	_	none	_	_	_	_	_	_
718-6	PKP125	718	718	6	a	a	_	_	_	_	_	linguistic	_	none	_	_	_	_	_	_
718-7	PKP125	718	718	7	sfaldare	sfaldare	_	_	_	_	_	linguistic	_	none	_	End=1199.162	_	_	_	_
719-0	PKP131	719	719	0	mh	mh	_	_	_	_	_	linguistic	_	none	_	Begin=1199.671|End=1199.995	_	_	_	_
720-0	PKP125	720	720	0	{ride}	{ride}	_	_	_	_	_	nonverbalbehavior	_	none	_	Begin=1201.103	_	_	_	_
720-1	PKP125	720	720	1	[è	è	_	_	_	_	_	linguistic	_	none	_	_	_	_	_	0-1(142)
720-2	PKP125	720	720	2	vero	vero	_	_	_	_	_	linguistic	_	none	_	_	_	_	_	0-4(142)
720-3	PKP125	720	720	3	eh]	eh	_	_	_	_	_	linguistic	_	none	_	End=1202.059	_	_	_	0-2(142)
721-0	PKP131	721	721	0	[(ma	ma	_	_	_	_	_	linguistic	_	none	_	Begin=1201.418	_	_	0-2(0)	0-2(142)
721-1	PKP131	721	721	1	in	in	_	_	_	_	_	linguistic	_	none	_	_	_	_	0-2(0)	0-2(142)
721-2	PKP131	721	721	2	che	che	_	_	_	_	_	linguistic	_	none	_	_	_	_	0-3(0)	0-3(142)
721-3	PKP131	721	721	3	manie]ra?)	maniera	_	_	_	_	_	linguistic	_	none	Intonation=Rising	End=1202.256	_	_	0-7(0)	0-5(142)
722-0	PKP125	722	722	0	ua:	ua	_	_	_	_	_	linguistic	_	none	_	Begin=1202.953	1x1	_	_	_
722-1	PKP125	722	722	1	però	però	_	_	_	_	_	linguistic	_	none	_	_	_	_	_	_
722-2	PKP125	722	722	2	erano	erano	_	_	_	_	_	linguistic	_	none	_	End=1203.871	_	_	_	_
723-0	PKP125	723	723	0	avevano	avevano	_	_	_	_	_	linguistic	_	none	_	Begin=1205.551	_	_	_	_
723-1	PKP125	723	723	1	[(cosi]:cchie)	cosicchie	_	_	_	_	_	linguistic	_	none	_	End=1206.689	3x1	_	0-9(0)	0-4(143)
724-0	PKP131	724	724	0	[xx]	xx	_	_	_	_	_	unknown	_	none	Syllables=2	Begin=1205.96|End=1206.28	_	_	_	0-2(143)
725-0	PKP125	725	725	0	mhmh	mhmh	_	_	_	_	_	linguistic	_	none	_	Begin=1206.734|End=1207.049	_	_	_	_
726-0	PKP125	726	726	0	co~	co~	_	_	_	_	_	linguistic	_	none	Interrupted=Yes	Begin=1207.105	_	_	_	_
726-1	PKP125	726	726	1	{ride}	{ride}	_	_	_	_	_	nonverbalbehavior	_	none	_	End=1207.911	_	_	_	_
727-0	PKP125	727	727	0	comunque	comunque	_	_	_	_	_	linguistic	_	none	PauseAfter=Yes	Begin=1208.857	_	_	_	_
727-1	PKP125	727	727	1	{P}	{P}	_	_	_	_	_	shortpause	_	none	_	_	_	_	_	_
727-2	PKP125	727	727	2	oggi	oggi	_	_	_	_	_	linguistic	_	none	_	_	_	_	_	_
727-3	PKP125	727	727	3	a	a	_	_	_	_	_	linguistic	_	none	_	_	_	_	_	_
727-4	PKP125	727	727	4	scuola	scuola	_	_	_	_	_	linguistic	_	none	_	End=1210.236	_	_	_	_
728-0	PKP125	728	728	0	[la	la	_	_	_	_	_	linguistic	_	none	_	Begin=1210.305	_	_	_	0-2(144)
728-1	PKP125	728	728	1	gente]	gente	_	_	_	_	_	linguistic	_	none	_	End=1210.803	_	_	_	0-5(144)
729-0	PKP131	729	729	0	{ride}	{ride}	_	_	_	_	_	nonverbalbehavior	_	none	_	Begin=1210.315	_	_	_	_
729-1	PKP131	729	729	1	[(comunqu]e)	comunque	_	_	_	_	_	linguistic	_	none	_	End=1211.019	_	_	0-8(0)	0-7(144)
730-0	PKP125	730	730	0	{ride}	{ride}	_	_	_	_	_	nonverbalbehavior	_	none	_	Begin=1211.211|End=1212.089	_	_	_	_
731-0	PKP125	731	731	0	a	a	_	_	_	_	_	linguistic	_	none	_	Begin=1214.694	_	_	_	_
731-1	PKP125	731	731	1	scuola	scuola	_	_	_	_	_	linguistic	_	none	_	_	_	_	_	_
731-2	PKP125	731	731	2	questi	questi	_	_	_	_	_	linguistic	_	none	_	_	_	_	_	_
731-3	PKP125	731	731	3	mi	mi	_	_	_	_	_	linguistic	_	none	_	_	_	_	_	_
731-4	PKP125	731	731	4	chiedevano	chiedevano	_	_	_	_	_	linguistic	_	none	_	_	_	_	_	_
731-5	PKP125	731	731	5	delle	delle	_	_	_	_	_	linguistic	_	none	_	_	_	_	_	_
731-6	PKP125	731	731	6	cose	cose	_	_	_	_	_	linguistic	_	none	_	_	_	_	_	_
731-7	PKP125	731	731	7	>facevo<	facevo	_	_	_	_	_	linguistic	_	none	_	End=1216.689	_	Fast=0-6(0)	_	_
732-0	PKP125	732	732	0	COMO?	como	_	_	_	_	_	linguistic	_	none	Intonation=Rising|Volume=high	Begin=1217.157|End=1217.655	_	_	_	_
733-0	PKP131	733	733	0	{ride}	{ride}	_	_	_	_	_	nonverbalbehavior	_	none	_	Begin=1219.359|End=1219.769	_	_	_	_
734-0	PKP125	734	734	0	capi(to)?	capito	_	_	_	_	_	linguistic	_	none	Intonation=Rising	Begin=1220.054|End=1220.423	_	_	4-6(0)	_
735-0	PKP131	735	735	0	°ua:°	ua	_	_	_	_	_	linguistic	_	none	Volume=low	Begin=1220.665|End=1221.004	1x1	_	_	_
736-0	PKP125	736	736	0	che	che	_	_	_	_	_	linguistic	_	none	_	Begin=1221.058	_	_	_	_
736-1	PKP125	736	736	1	xx	xx	_	_	_	_	_	unknown	_	none	Syllables=2	End=1221.615	_	_	_	_
737-0	PKP125	737	737	0	{ride}	{ride}	_	_	_	_	_	nonverbalbehavior	_	none	_	Begin=1221.931|End=1222.32	_	_	_	_
738-0	PKP131	738	738	0	perché	perché	_	_	_	_	_	linguistic	_	none	_	Begin=1224.078	_	_	_	_
738-1	PKP131	738	738	1	stai::	stai	_	_	_	_	_	linguistic	_	none	_	End=1225.571	3x2	_	_	_
739-0	PKP131	739	739	0	qual	qual	_	_	_	_	_	linguistic	_	none	_	Begin=1226.177	_	_	_	_
739-1	PKP131	739	739	1	è	è	_	_	_	_	_	linguistic	_	none	_	_	_	_	_	_
739-2	PKP131	739	739	2	il	il	_	_	_	_	_	linguistic	_	none	_	_	_	_	_	_
739-3	PKP131	739	739	3	range	range	_	_	_	_	_	linguistic	_	none	_	_	_	_	_	_
739-4	PKP131	739	739	4	di	di	_	_	_	_	_	linguistic	_	none	_	_	_	_	_	_
739-5	PKP131	739	739	5	età	età	_	_	_	_	_	linguistic	_	none	_	_	_	_	_	_
739-6	PKP131	739	739	6	a	a	_	_	_	_	_	linguistic	_	none	_	_	_	_	_	_
739-7	PKP131	739	739	7	cui	cui	_	_	_	_	_	linguistic	_	none	_	_	_	_	_	_
739-8	PKP131	739	739	8	stai	stai	_	_	_	_	_	linguistic	_	none	_	_	_	_	_	_
739-9	PKP131	739	739	9	insegnan[do]?	insegnando	_	_	_	_	_	linguistic	_	none	Intonation=Rising	End=1228.202	_	_	_	8-10(145)
740-0	PKP125	740	740	0	[#x]x	#xx	_	_	_	_	_	error	_	none	_	Begin=1228.088	_	_	_	0-2(145)
740-1	PKP125	740	740	1	non	non	_	_	_	_	_	linguistic	_	none	_	_	_	_	_	_
740-2	PKP125	740	740	2	lo	lo	_	_	_	_	_	linguistic	_	none	_	_	_	_	_	_
740-3	PKP125	740	740	3	sacc	sacc	_	_	_	_	_	linguistic	_	none	_	End=1229.369	_	_	_	_
741-0	PKP125	741	741	0	io	io	_	_	_	_	_	linguistic	_	none	_	Begin=1230.527	_	_	_	_
741-1	PKP125	741	741	1	faccio	faccio	_	_	_	_	_	linguistic	_	none	_	_	_	_	_	_
741-2	PKP125	741	741	2	finta	finta	_	_	_	_	_	linguistic	_	none	_	_	_	_	_	_
741-3	PKP125	741	741	3	di	di	_	_	_	_	_	linguistic	_	none	_	End=1231.403	_	_	_	_
742-0	PKP125	742	742	0	m:h	mh	_	_	_	_	_	linguistic	_	none	_	Begin=1234.054|End=1234.285	0x1	_	_	_
743-0	PKP125	743	743	0	al	al	_	_	_	_	_	linguistic	_	none	_	Begin=1234.317	_	_	_	_
743-1	PKP125	743	743	1	momento	momento	_	_	_	_	_	linguistic	_	none	_	_	_	_	_	_
743-2	PKP125	743	743	2	da:i	dai	_	_	_	_	_	linguistic	_	none	_	End=1235.29	1x1	_	_	_
744-0	PKP125	744	744	0	sto	sto	_	_	_	_	_	linguistic	_	none	_	Begin=1237.753	_	_	_	_
744-1	PKP125	744	744	1	facendo:	facendo	_	_	_	_	_	linguistic	_	none	_	End=1238.453	6x1	_	_	_
745-0	PKP125	745	745	0	dai::	dai	_	_	_	_	_	linguistic	_	none	_	Begin=1242.945|End=1243.743	2x2	_	_	_
746-0	PKP125	746	746	0	a	a	_	_	_	_	_	linguistic	_	none	_	Begin=1244.965	_	_	_	_
746-1	PKP125	746	746	1	quanto	quanto	_	_	_	_	_	linguistic	_	none	_	_	_	_	_	_
746-2	PKP125	746	746	2	pare	pare	_	_	_	_	_	linguistic	_	none	_	_	_	_	_	_
746-3	PKP125	746	746	3	domani	domani	_	_	_	_	_	linguistic	_	none	_	_	_	_	_	_
746-4	PKP125	746	746	4	dovrò	dovrò	_	_	_	_	_	linguistic	_	none	_	_	_	_	_	_
746-5	PKP125	746	746	5	fare	fare	_	_	_	_	_	linguistic	_	none	_	_	_	_	_	_
746-6	PKP125	746	746	6	anche	anche	_	_	_	_	_	linguistic	_	none	_	_	_	_	_	_
746-7	PKP125	746	746	7	i	i	_	_	_	_	_	linguistic	_	none	_	_	_	_	_	_
746-8	PKP125	746	746	8	bambini	bambini	_	_	_	_	_	linguistic	_	none	_	_	_	_	_	_
746-9	PKP125	746	746	9	piccoli	piccoli	_	_	_	_	_	linguistic	_	none	_	End=1247.241	_	_	_	_
747-0	PKP131	747	747	0	piccoli	piccoli	_	_	_	_	_	linguistic	_	none	_	Begin=1247.768	_	_	_	_
747-1	PKP131	747	747	1	quan(to)?	quanto	_	_	_	_	_	linguistic	_	none	Intonation=Rising	End=1248.453	_	_	4-6(0)	_
748-0	PKP125	748	748	0	e:h	eh	_	_	_	_	_	linguistic	_	none	_	Begin=1248.96	0x1	_	_	_
748-1	PKP125	748	748	1	pre-starters	pre-starters	_	_	_	_	_	linguistic	_	none	_	End=1249.955	_	_	_	_
749-0	PKP125	749	749	0	quindi	quindi	_	_	_	_	_	linguistic	_	none	_	Begin=1250.022	_	_	_	_
749-1	PKP125	749	749	1	sei	sei	_	_	_	_	_	linguistic	_	none	_	End=1250.566	_	_	_	_
750-0	PKP125	750	750	0	>sette	sette	_	_	_	_	_	linguistic	_	none	_	Begin=1251.113	_	Fast=0-5(0)	_	_
750-1	PKP125	750	750	1	anni<	anni	_	_	_	_	_	linguistic	_	none	_	End=1251.566	_	Fast=0-4(0)	_	_
751-0	PKP125	751	751	0	comunque	comunque	_	_	_	_	_	linguistic	_	none	_	Begin=1254.142	_	_	_	_
751-1	PKP125	751	751	1	dagli	dagli	_	_	_	_	_	linguistic	_	none	_	_	_	_	_	_
751-2	PKP125	751	751	2	otto	otto	_	_	_	_	_	linguistic	_	none	_	_	_	_	_	_
751-3	PKP125	751	751	3	ai:	ai	_	_	_	_	_	linguistic	_	none	_	_	1x1	_	_	_
751-4	PKP125	751	751	4	mh	mh	_	_	_	_	_	linguistic	_	none	_	End=1255.625	_	_	_	_
752-0	PKP125	752	752	0	diciotto	diciotto	_	_	_	_	_	linguistic	_	none	_	Begin=1256.532|End=1257.118	_	_	_	_
753-0	PKP125	753	753	0	che	che	_	_	_	_	_	linguistic	_	none	_	Begin=1264.482	_	_	_	_
753-1	PKP125	753	753	1	poi	poi	_	_	_	_	_	linguistic	_	none	_	_	_	_	_	_
753-2	PKP125	753	753	2	questi	questi	_	_	_	_	_	linguistic	_	none	_	_	_	_	_	_
753-3	PKP125	753	753	3	bambini	bambini	_	_	_	_	_	linguistic	_	none	_	_	_	_	_	_
753-4	PKP125	753	753	4	pi~	pi~	_	_	_	_	_	linguistic	_	none	Interrupted=Yes	End=1265.512	_	_	_	_
754-0	PKP125	754	754	0	bambini	bambini	_	_	_	_	_	linguistic	_	none	_	Begin=1265.581	_	_	_	_
754-1	PKP125	754	754	1	piccoli	piccoli	_	_	_	_	_	linguistic	_	none	_	End=1266.361	_	_	_	_
755-0	PKP125	755	755	0	cioè	cioè	_	_	_	_	_	linguistic	_	none	_	Begin=1266.581	_	_	_	_
755-1	PKP125	755	755	1	mo:	mo	_	_	_	_	_	linguistic	_	none	_	End=1267.438	1x1	_	_	_
756-0	PKP125	756	756	0	quando	quando	_	_	_	_	_	linguistic	_	none	_	Begin=1269.073	_	_	_	_
756-1	PKP125	756	756	1	li	li	_	_	_	_	_	linguistic	_	none	_	_	_	_	_	_
756-2	PKP125	756	756	2	avevo	avevo	_	_	_	_	_	linguistic	_	none	PauseAfter=Yes	_	_	_	_	_
756-3	PKP125	756	756	3	{P}	{P}	_	_	_	_	_	shortpause	_	none	_	_	_	_	_	_
756-4	PKP125	756	756	4	quando	quando	_	_	_	_	_	linguistic	_	none	_	_	_	_	_	_
756-5	PKP125	756	756	5	avevo	avevo	_	_	_	_	_	linguistic	_	none	_	_	_	_	_	_
756-6	PKP125	756	756	6	iniziato	iniziato	_	_	_	_	_	linguistic	_	none	_	_	_	_	_	_
756-7	PKP125	756	756	7	prima	prima	_	_	_	_	_	linguistic	_	none	_	_	_	_	_	_
756-8	PKP125	756	756	8	che	che	_	_	_	_	_	linguistic	_	none	_	_	_	_	_	_
756-9	PKP125	756	756	9	me	me	_	_	_	_	_	linguistic	_	none	_	_	_	_	_	_
756-10	PKP125	756	756	10	ne	ne	_	_	_	_	_	linguistic	_	none	_	_	_	_	_	_
756-11	PKP125	756	756	11	andavo	andavo	_	_	_	_	_	linguistic	_	none	_	_	_	_	_	_
756-12	PKP125	756	756	12	a	a	_	_	_	_	_	linguistic	_	none	_	_	_	_	_	_
756-13	PKP125	756	756	13	bologna	bologna	_	_	_	_	_	linguistic	_	none	_	End=1271.822	_	_	_	_
757-0	PKP131	757	757	0	mhmh	mhmh	_	_	_	_	_	linguistic	_	none	_	Begin=1272.413|End=1272.793	_	_	_	_
758-0	PKP125	758	758	0	comunque	comunque	_	_	_	_	_	linguistic	_	none	_	Begin=1272.817	_	_	_	_
758-1	PKP125	758	758	1	ta:nti	tanti	_	_	_	_	_	linguistic	_	none	_	_	1x1	_	_	_
758-2	PKP125	758	758	2	sono	sono	_	_	_	_	_	linguistic	_	none	_	_	_	_	_	_
758-3	PKP125	758	758	3	rimasti	rimasti	_	_	_	_	_	linguistic	_	none	_	_	_	_	_	_
758-4	PKP125	758	758	4	>perché	perché	_	_	_	_	_	linguistic	_	none	_	_	_	Fast=0-6(0)	_	_
758-5	PKP125	758	758	5	poi<	poi	_	_	_	_	_	linguistic	_	none	_	End=1274.453	_	Fast=0-3(0)	_	_
759-0	PKP125	759	759	0	e	e	_	_	_	_	_	linguistic	_	none	_	Begin=1276.955	_	_	_	_
759-1	PKP125	759	759	1	sono	sono	_	_	_	_	_	linguistic	_	none	_	_	_	_	_	_
759-2	PKP125	759	759	2	cresciuti	cresciuti	_	_	_	_	_	linguistic	_	none	_	_	_	_	_	_
759-3	PKP125	759	759	3	quindi	quindi	_	_	_	_	_	linguistic	_	none	_	_	_	_	_	_
759-4	PKP125	759	759	4	quelli	quelli	_	_	_	_	_	linguistic	_	none	_	_	_	_	_	_
759-5	PKP125	759	759	5	che	che	_	_	_	_	_	linguistic	_	none	_	_	_	_	_	_
759-6	PKP125	759	759	6	tipo:	tipo	_	_	_	_	_	linguistic	_	none	_	_	3x1	_	_	_
759-7	PKP125	759	759	7	mh	mh	_	_	_	_	_	linguistic	_	none	_	End=1279.049	_	_	_	_
760-0	PKP125	760	760	0	quando	quando	_	_	_	_	_	linguistic	_	none	_	Begin=1279.142	_	_	_	_
760-1	PKP125	760	760	1	ero	ero	_	_	_	_	_	linguistic	_	none	_	_	_	_	_	_
760-2	PKP125	760	760	2	entrato	entrato	_	_	_	_	_	linguistic	_	none	_	_	_	_	_	_
760-3	PKP125	760	760	3	stavano:	stavano	_	_	_	_	_	linguistic	_	none	_	End=1280.453	6x1	_	_	_
761-0	PKP125	761	761	0	in	in	_	_	_	_	_	linguistic	_	none	_	Begin=1280.492	_	_	_	_
761-1	PKP125	761	761	1	quinta	quinta	_	_	_	_	_	linguistic	_	none	_	_	_	_	_	_
761-2	PKP125	761	761	2	elementa:re	elementare	_	_	_	_	_	linguistic	_	none	_	_	7x1	_	_	_
761-3	PKP125	761	761	3	mo	mo	_	_	_	_	_	linguistic	_	none	_	_	_	_	_	_
761-4	PKP125	761	761	4	sono	sono	_	_	_	_	_	linguistic	_	none	_	_	_	_	_	_
761-5	PKP125	761	761	5	in	in	_	_	_	_	_	linguistic	_	none	_	_	_	_	_	_
761-6	PKP125	761	761	6	terza	terza	_	_	_	_	_	linguistic	_	none	_	_	_	_	_	_
761-7	PKP125	761	761	7	media	media	_	_	_	_	_	linguistic	_	none	_	End=1282.354	_	_	_	_
762-0	PKP125	762	762	0	qualcuno	qualcuno	_	_	_	_	_	linguistic	_	none	_	Begin=1282.401	_	_	_	_
762-1	PKP125	762	762	1	deve	deve	_	_	_	_	_	linguistic	_	none	_	_	_	_	_	_
762-2	PKP125	762	762	2	andare	andare	_	_	_	_	_	linguistic	_	none	_	_	_	_	_	_
762-3	PKP125	762	762	3	alle	alle	_	_	_	_	_	linguistic	_	none	_	_	_	_	_	_
762-4	PKP125	762	762	4	superiori	superiori	_	_	_	_	_	linguistic	_	none	_	End=1283.734	_	_	_	_
763-0	PKP125	763	763	0	io	io	_	_	_	_	_	linguistic	_	none	_	Begin=1283.787	_	_	_	_
763-1	PKP125	763	763	1	ero	ero	_	_	_	_	_	linguistic	_	none	_	_	_	_	_	_
763-2	PKP125	763	763	2	scioccato	scioccato	_	_	_	_	_	linguistic	_	none	_	End=1284.601	_	_	_	_
764-0	PKP125	764	764	0	°(c'	c'	_	_	_	_	_	linguistic	_	none	SpaceAfter=No|Volume=low	Begin=1285.162	_	_	0-2(0)	_
764-1	PKP125	764	764	1	avevamo	avevamo	_	_	_	_	_	linguistic	_	none	Volume=low	_	_	_	0-7(0)	_
764-2	PKP125	764	764	2	una)°	una	_	_	_	_	_	linguistic	_	none	Volume=low	End=1285.753	_	_	0-3(0)	_
765-0	PKP131	765	765	0	{ride}	{ride}	_	_	_	_	_	nonverbalbehavior	_	none	_	Begin=1285.487|End=1285.727	_	_	_	_
766-0	PKP131	766	766	0	como?	como	_	_	_	_	_	linguistic	_	none	Intonation=Rising	Begin=1285.803|End=1286.187	_	_	_	_
767-0	PKP125	767	767	0	°como°	como	_	_	_	_	_	linguistic	_	none	Volume=low	Begin=1286.812|End=1287.066	_	_	_	_
768-0	PKP125	768	768	0	che	che	_	_	_	_	_	linguistic	_	none	_	Begin=1287.418	_	_	_	_
768-1	PKP125	768	768	1	scandalo	scandalo	_	_	_	_	_	linguistic	_	none	_	End=1288.231	_	_	_	_
769-0	PKP125	769	769	0	scioccobasito	scioccobasito	_	_	_	_	_	linguistic	_	none	_	Begin=1295.024|End=1295.852	_	_	_	_
770-0	PKP125	770	770	0	m:h	mh	_	_	_	_	_	linguistic	_	none	_	Begin=1298.803|End=1299.147	0x1	_	_	_
771-0	PKP125	771	771	0	ma	ma	_	_	_	_	_	linguistic	_	none	_	Begin=1299.3	_	_	_	_
771-1	PKP125	771	771	1	non	non	_	_	_	_	_	linguistic	_	none	_	_	_	_	_	_
771-2	PKP125	771	771	2	ti	ti	_	_	_	_	_	linguistic	_	none	_	_	_	_	_	_
771-3	PKP125	771	771	3	piace	piace	_	_	_	_	_	linguistic	_	none	_	_	_	_	_	_
771-4	PKP125	771	771	4	il	il	_	_	_	_	_	linguistic	_	none	_	_	_	_	_	_
771-5	PKP125	771	771	5	pepe	pepe	_	_	_	_	_	linguistic	_	none	_	_	_	_	_	_
771-6	PKP125	771	771	6	sull'	sull'	_	_	_	_	_	linguistic	_	none	SpaceAfter=No	_	_	_	_	_
771-7	PKP125	771	771	7	alice?	alice	_	_	_	_	_	linguistic	_	none	Intonation=Rising	End=1300.551	_	_	_	_
772-0	PKP131	772	772	0	(ma:h)	mah	_	_	_	_	_	linguistic	_	none	_	Begin=1307.615	1x1	_	0-3(0)	_
772-1	PKP131	772	772	1	{ride}	{ride}	_	_	_	_	_	nonverbalbehavior	_	none	_	End=1308.665	_	_	_	_
773-0	PKP125	773	773	0	{ride}	{ride}	_	_	_	_	_	nonverbalbehavior	_	none	_	Begin=1308.438|End=1309.054	_	_	_	_
774-0	PKP125	774	774	0	eh	eh	_	_	_	_	_	linguistic	_	none	_	Begin=1309.537|End=1309.743	_	_	_	_
775-0	PKP125	775	775	0	ma	ma	_	_	_	_	_	linguistic	_	none	_	Begin=1310.798	_	_	_	_
775-1	PKP125	775	775	1	quello	quello	_	_	_	_	_	linguistic	_	none	_	_	_	_	_	_
775-2	PKP125	775	775	2	è	è	_	_	_	_	_	linguistic	_	none	_	_	_	_	_	_
775-3	PKP125	775	775	3	xxx	xxx	_	_	_	_	_	unknown	_	none	Syllables=3	End=1311.625	_	_	_	_
776-0	PKP131	776	776	0	ce	ce	_	_	_	_	_	linguistic	_	none	_	Begin=1314.354	_	_	_	_
776-1	PKP131	776	776	1	[la	la	_	_	_	_	_	linguistic	_	none	_	_	_	_	_	0-2(146)
776-2	PKP131	776	776	2	fai]	fai	_	_	_	_	_	linguistic	_	none	_	_	_	_	_	0-3(146)
776-3	PKP131	776	776	3	a	a	_	_	_	_	_	linguistic	_	none	_	_	_	_	_	_
776-4	PKP131	776	776	4	parla'	parla'	_	_	_	_	_	linguistic	_	none	Truncated=Yes	_	_	_	_	_
776-5	PKP131	776	776	5	stasera?	stasera	_	_	_	_	_	linguistic	_	none	Intonation=Rising	End=1315.448	_	_	_	_
777-0	PKP125	777	777	0	[°su~°]	su~	_	_	_	_	_	linguistic	_	none	Interrupted=Yes|Volume=low	Begin=1314.413|End=1314.605	_	_	_	0-3(146)
778-0	PKP131	778	778	0	(a	a	_	_	_	_	_	linguistic	_	none	_	Begin=1317.399	_	_	0-1(0)	_
778-1	PKP131	778	778	1	parla')	parla'	_	_	_	_	_	linguistic	_	none	Truncated=Yes	End=1318.034	_	_	0-6(0)	_
779-0	PKP125	779	779	0	so'	so'	_	_	_	_	_	linguistic	_	none	Truncated=Yes	Begin=1319.32	_	_	_	_
779-1	PKP125	779	779	1	esaurito?	esaurito	_	_	_	_	_	linguistic	_	none	Intonation=Rising	End=1319.985	_	_	_	_
780-0	PKP131	780	780	0	m[a:	ma	_	_	_	_	_	linguistic	_	none	_	Begin=1321.931	1x1	_	_	1-2(147)
780-1	PKP131	780	780	1	infatti]	infatti	_	_	_	_	_	linguistic	_	none	_	End=1322.66	_	_	_	0-7(147)
781-0	PKP125	781	781	0	[>non	non	_	_	_	_	_	linguistic	_	none	_	Begin=1322.054	_	Fast=0-3(0)	_	0-3(147)
781-1	PKP125	781	781	1	è<	è	_	_	_	_	_	linguistic	_	none	_	_	_	Fast=0-1(0)	_	0-1(147)
781-2	PKP125	781	781	2	che	che	_	_	_	_	_	linguistic	_	none	_	_	_	_	_	0-3(147)
781-3	PKP125	781	781	3	so'	so'	_	_	_	_	_	linguistic	_	none	Truncated=Yes	_	_	_	_	0-3(147)
781-4	PKP125	781	781	4	esaur]ito	esaurito	_	_	_	_	_	linguistic	_	none	_	End=1322.763	_	_	_	0-5(147)
782-0	PKP125	782	782	0	so	so	_	_	_	_	_	linguistic	_	none	_	Begin=1322.83	_	_	_	_
782-1	PKP125	782	782	1	stan(co)	stanco	_	_	_	_	_	linguistic	_	none	_	End=1323.468	_	_	4-6(0)	_
783-0	PKP125	783	783	0	oggi	oggi	_	_	_	_	_	linguistic	_	none	_	Begin=1324.679	_	_	_	_
783-1	PKP125	783	783	1	a	a	_	_	_	_	_	linguistic	_	none	_	_	_	_	_	_
783-2	PKP125	783	783	2	parlare	parlare	_	_	_	_	_	linguistic	_	none	_	_	_	_	_	_
783-3	PKP125	783	783	3	qua	qua	_	_	_	_	_	linguistic	_	none	_	End=1325.576	_	_	_	_
784-0	PKP125	784	784	0	dieci	dieci	_	_	_	_	_	linguistic	_	none	_	Begin=1325.906	_	_	_	_
784-1	PKP125	784	784	1	ore	ore	_	_	_	_	_	linguistic	_	none	_	End=1326.546	_	_	_	_
785-0	PKP131	785	785	0	e	e	_	_	_	_	_	linguistic	_	none	_	Begin=1329.541	_	_	_	_
785-1	PKP131	785	785	1	dimmi	dimmi	_	_	_	_	_	linguistic	_	none	_	_	_	_	_	_
785-2	PKP131	785	785	2	un	un	_	_	_	_	_	linguistic	_	none	_	_	_	_	_	_
785-3	PKP131	785	785	3	po'	po'	_	_	_	_	_	linguistic	_	none	_	_	_	_	_	_
785-4	PKP131	785	785	4	che::	che	_	_	_	_	_	linguistic	_	none	_	End=1331.256	2x2	_	_	_
786-0	PKP131	786	786	0	che	che	_	_	_	_	_	linguistic	_	none	_	Begin=1331.315|End=1331.551	_	_	_	_
787-0	PKP131	787	787	0	fai	fai	_	_	_	_	_	linguistic	_	none	_	Begin=1331.595	_	_	_	_
787-1	PKP131	787	787	1	(le	le	_	_	_	_	_	linguistic	_	none	_	_	_	_	0-2(0)	_
787-2	PKP131	787	787	2	lezioni)?	lezioni	_	_	_	_	_	linguistic	_	none	Intonation=Rising	End=1332.697	_	_	0-7(0)	_
788-0	PKP131	788	788	0	c(io)è	cioè	_	_	_	_	_	linguistic	_	none	_	Begin=1333.842	_	_	1-3(0)	_
788-1	PKP131	788	788	1	che	che	_	_	_	_	_	linguistic	_	none	_	_	_	_	_	_
788-2	PKP131	788	788	2	gli	gli	_	_	_	_	_	linguistic	_	none	_	_	_	_	_	_
788-3	PKP131	788	788	3	dici?	dici	_	_	_	_	_	linguistic	_	none	Intonation=Rising	End=1334.758	_	_	_	_
789-0	PKP125	789	789	0	ai	ai	_	_	_	_	_	linguistic	_	none	_	Begin=1336.024	_	_	_	_
789-1	PKP125	789	789	1	bambini?	bambini	_	_	_	_	_	linguistic	_	none	Intonation=Rising	End=1336.734	_	_	_	_
790-0	PKP125	790	790	0	ma	ma	_	_	_	_	_	linguistic	_	none	_	Begin=1336.97	_	_	_	_
790-1	PKP125	790	790	1	tipo	tipo	_	_	_	_	_	linguistic	_	none	_	_	_	_	_	_
790-2	PKP125	790	790	2	vuoi	vuoi	_	_	_	_	_	linguistic	_	none	_	_	_	_	_	_
790-3	PKP125	790	790	3	(inserirti	inserirti	_	_	_	_	_	linguistic	_	none	_	_	_	_	0-9(0)	_
790-4	PKP125	790	790	4	nel	nel	_	_	_	_	_	linguistic	_	none	_	_	_	_	0-3(0)	_
790-5	PKP125	790	790	5	campo)?	campo	_	_	_	_	_	linguistic	_	none	Intonation=Rising	End=1338.684	_	_	0-5(0)	_
791-0	PKP125	791	791	0	vuoi	vuoi	_	_	_	_	_	linguistic	_	none	_	Begin=1339.32	_	_	_	_
791-1	PKP125	791	791	1	conoscere	conoscere	_	_	_	_	_	linguistic	_	none	_	_	_	_	_	_
791-2	PKP125	791	791	2	i	i	_	_	_	_	_	linguistic	_	none	_	_	_	_	_	_
791-3	PKP125	791	791	3	trucchi	trucchi	_	_	_	_	_	linguistic	_	none	_	_	_	_	_	_
791-4	PKP125	791	791	4	del	del	_	_	_	_	_	linguistic	_	none	_	_	_	_	_	_
791-5	PKP125	791	791	5	mestiere?	mestiere	_	_	_	_	_	linguistic	_	none	Intonation=Rising	End=1341.118	_	_	_	_
792-0	PKP131	792	792	0	°sì:	sì	_	_	_	_	_	linguistic	_	none	_	Begin=1341.305|End=1341.847	1x1	_	_	_
793-0	PKP131	793	793	0	>no	no	_	_	_	_	_	linguistic	_	none	_	Begin=1343.945	_	Fast=0-2(0)	_	_
793-1	PKP131	793	793	1	lo	lo	_	_	_	_	_	linguistic	_	none	_	_	_	Fast=0-2(0)	_	_
793-2	PKP131	793	793	2	so<	so	_	_	_	_	_	linguistic	_	none	_	_	_	Fast=0-2(0)	_	_
793-3	PKP131	793	793	3	ho	ho	_	_	_	_	_	linguistic	_	none	_	_	_	_	_	_
793-4	PKP131	793	793	4	parlato	parlato	_	_	_	_	_	linguistic	_	none	_	_	_	_	_	_
793-5	PKP131	793	793	5	con	con	_	_	_	_	_	linguistic	_	none	_	_	_	_	_	_
793-6	PKP131	793	793	6	chiara	chiara	_	_	_	_	_	linguistic	_	none	_	End=1345.285	_	_	_	_
794-0	PKP131	794	794	0	ieri	ieri	_	_	_	_	_	linguistic	_	none	_	Begin=1345.709	_	_	_	_
794-1	PKP131	794	794	1	sera	sera	_	_	_	_	_	linguistic	_	none	_	End=1346.325	_	_	_	_
795-0	PKP125	795	795	0	eh	eh	_	_	_	_	_	linguistic	_	none	_	Begin=1346.591	_	_	_	_
795-1	PKP125	795	795	1	okay	okay	_	_	_	_	_	linguistic	_	none	_	End=1346.96	_	_	_	_
796-0	PKP131	796	796	0	m'	m'	_	_	_	_	_	linguistic	_	none	SpaceAfter=No	Begin=1347.867	_	_	_	_
796-1	PKP131	796	796	1	ha	ha	_	_	_	_	_	linguistic	_	none	_	_	_	_	_	_
796-2	PKP131	796	796	2	detto	detto	_	_	_	_	_	linguistic	_	none	_	End=1348.246	_	_	_	_
797-0	PKP131	797	797	0	a:h	ah	_	_	_	_	_	linguistic	_	none	_	Begin=1348.285	0x1	_	_	_
797-1	PKP131	797	797	1	a:h	ah	_	_	_	_	_	linguistic	_	none	_	End=1349.004	0x1	_	_	_
798-0	PKP131	798	798	0	lei	lei	_	_	_	_	_	linguistic	_	none	_	Begin=1349.827	_	_	_	_
798-1	PKP131	798	798	1	lo	lo	_	_	_	_	_	linguistic	_	none	_	_	_	_	_	_
798-2	PKP131	798	798	2	fa	fa	_	_	_	_	_	linguistic	_	none	_	_	_	_	_	_
798-3	PKP131	798	798	3	ad	ad	_	_	_	_	_	linguistic	_	none	_	_	_	_	_	_
798-4	PKP131	798	798	4	agosto	agosto	_	_	_	_	_	linguistic	_	none	_	End=1350.62	_	_	_	_
799-0	PKP131	799	799	0	>perché	perché	_	_	_	_	_	linguistic	_	none	_	Begin=1350.664	_	Fast=0-6(0)	_	_
799-1	PKP131	799	799	1	sta	sta	_	_	_	_	_	linguistic	_	none	_	_	_	Fast=0-3(0)	_	_
799-2	PKP131	799	799	2	lavorando<	lavorando	_	_	_	_	_	linguistic	_	none	_	_	_	Fast=0-9(0)	_	_
799-3	PKP131	799	799	3	comunque	comunque	_	_	_	_	_	linguistic	_	none	_	_	_	_	_	_
799-4	PKP131	799	799	4	nell'	nell'	_	_	_	_	_	linguistic	_	none	SpaceAfter=No	_	_	_	_	_
799-5	PKP131	799	799	5	accad[e:mia]	accademia	_	_	_	_	_	linguistic	_	none	_	_	5x1	_	_	4-9(148)
799-6	PKP131	799	799	6	delle	delle	_	_	_	_	_	linguistic	_	none	_	_	_	_	_	_
799-7	PKP131	799	799	7	xxxx	xxxx	_	_	_	_	_	unknown	_	none	Syllables=4	End=1353.699	_	_	_	_
800-0	PKP125	800	800	0	[e:h]	eh	_	_	_	_	_	linguistic	_	none	_	Begin=1352.359|End=1352.724	0x1	_	_	0-2(148)
801-0	PKP125	801	801	0	°eh°	eh	_	_	_	_	_	linguistic	_	none	Volume=low	Begin=1354.601|End=1354.867	_	_	_	_
802-0	PKP131	802	802	0	ha	ha	_	_	_	_	_	linguistic	_	none	_	Begin=1355.359	_	_	_	_
802-1	PKP131	802	802	1	detto	detto	_	_	_	_	_	linguistic	_	none	_	_	_	_	_	_
802-2	PKP131	802	802	2	comunque	comunque	_	_	_	_	_	linguistic	_	none	_	_	_	_	_	_
802-3	PKP131	802	802	3	per	per	_	_	_	_	_	linguistic	_	none	_	_	_	_	_	_
802-4	PKP131	802	802	4	arrotondare	arrotondare	_	_	_	_	_	linguistic	_	none	_	End=1356.66	_	_	_	_
803-0	PKP131	803	803	0	vorrei	vorrei	_	_	_	_	_	linguistic	_	none	_	Begin=1356.684	_	_	_	_
803-1	PKP131	803	803	1	fare	fare	_	_	_	_	_	linguistic	_	none	_	_	_	_	_	_
803-2	PKP131	803	803	2	anche	anche	_	_	_	_	_	linguistic	_	none	_	_	_	_	_	_
803-3	PKP131	803	803	3	il	il	_	_	_	_	_	linguistic	_	none	_	_	_	_	_	_
803-4	PKP131	803	803	4	dopo	dopo	_	_	_	_	_	linguistic	_	none	_	_	_	_	_	_
803-5	PKP131	803	803	5	scuo:la:	scuola	_	_	_	_	_	linguistic	_	none	_	End=1358.458	3x1,5x1	_	_	_
804-0	PKP131	804	804	0	così	così	_	_	_	_	_	linguistic	_	none	_	Begin=1358.519|End=1358.857	_	_	_	_
805-0	PKP125	805	805	0	ah	ah	_	_	_	_	_	linguistic	_	none	_	Begin=1358.902|End=1359.157	_	_	_	_
806-0	PKP131	806	806	0	però	però	_	_	_	_	_	linguistic	_	none	_	Begin=1359.522	_	_	_	_
806-1	PKP131	806	806	1	insieme	insieme	_	_	_	_	_	linguistic	_	none	_	_	_	_	_	_
806-2	PKP131	806	806	2	a	a	_	_	_	_	_	linguistic	_	none	_	_	_	_	_	_
806-3	PKP131	806	806	3	inglese	inglese	_	_	_	_	_	linguistic	_	none	_	_	_	_	_	_
806-4	PKP131	806	806	4	chiedono	chiedono	_	_	_	_	_	linguistic	_	none	_	_	_	_	_	_
806-5	PKP131	806	806	5	matematica	matematica	_	_	_	_	_	linguistic	_	none	_	End=1361.517	_	_	_	_
807-0	PKP131	807	807	0	e:h	eh	_	_	_	_	_	linguistic	_	none	_	Begin=1361.556|End=1361.812	0x1	_	_	_
808-0	PKP131	808	808	0	non	non	_	_	_	_	_	linguistic	_	none	_	Begin=1361.854	_	_	_	_
808-1	PKP131	808	808	1	so	so	_	_	_	_	_	linguistic	_	none	_	_	_	_	_	_
808-2	PKP131	808	808	2	fare	fare	_	_	_	_	_	linguistic	_	none	_	_	_	_	_	_
808-3	PKP131	808	808	3	nemmeno	nemmeno	_	_	_	_	_	linguistic	_	none	_	_	_	_	_	_
808-4	PKP131	808	808	4	due	due	_	_	_	_	_	linguistic	_	none	_	_	_	_	_	_
808-5	PKP131	808	808	5	più	più	_	_	_	_	_	linguistic	_	none	_	_	_	_	_	_
808-6	PKP131	808	808	6	due	due	_	_	_	_	_	linguistic	_	none	_	_	_	_	_	_
808-7	PKP131	808	808	7	(me	me	_	_	_	_	_	linguistic	_	none	_	_	_	_	0-2(0)	_
808-8	PKP131	808	808	8	le)	le	_	_	_	_	_	linguistic	_	none	_	_	_	_	0-2(0)	_
808-9	PKP131	808	808	9	xx	xx	_	_	_	_	_	unknown	_	none	Syllables=2	End=1363.689	_	_	_	_
809-0	PKP131	809	809	0	e	e	_	_	_	_	_	linguistic	_	none	_	Begin=1364.458	_	_	_	_
809-1	PKP131	809	809	1	(gli	gli	_	_	_	_	_	linguistic	_	none	_	_	_	_	0-3(0)	_
809-2	PKP131	809	809	2	ho)	ho	_	_	_	_	_	linguistic	_	none	PauseAfter=Yes	_	_	_	0-2(0)	_
809-3	PKP131	809	809	3	{P}	{P}	_	_	_	_	_	shortpause	_	none	_	_	_	_	_	_
809-4	PKP131	809	809	4	p~	p~	_	_	_	_	_	linguistic	_	none	Interrupted=Yes	_	_	_	_	_
809-5	PKP131	809	809	5	fatto	fatto	_	_	_	_	_	linguistic	_	none	_	_	_	_	_	_
809-6	PKP131	809	809	6	la	la	_	_	_	_	_	linguistic	_	none	_	_	_	_	_	_
809-7	PKP131	809	809	7	proposta	proposta	_	_	_	_	_	linguistic	_	none	_	End=1366.019	_	_	_	_
810-0	PKP131	810	810	0	l~	l~	_	_	_	_	_	linguistic	_	none	Interrupted=Yes	Begin=1366.091	_	_	_	_
810-1	PKP131	810	810	1	l'	l'	_	_	_	_	_	linguistic	_	none	SpaceAfter=No	_	_	_	_	_
810-2	PKP131	810	810	2	ho	ho	_	_	_	_	_	linguistic	_	none	_	_	_	_	_	_
810-3	PKP131	810	810	3	lasciata	lasciata	_	_	_	_	_	linguistic	_	none	_	_	_	_	_	_
810-4	PKP131	810	810	4	lì	lì	_	_	_	_	_	linguistic	_	none	_	End=1367.19	_	_	_	_
811-0	PKP131	811	811	0	ho	ho	_	_	_	_	_	linguistic	_	none	_	Begin=1368.244	_	_	_	_
811-1	PKP131	811	811	1	detto	detto	_	_	_	_	_	linguistic	_	none	PauseAfter=Yes	_	_	_	_	_
811-2	PKP131	811	811	2	{P}	{P}	_	_	_	_	_	shortpause	_	none	_	_	_	_	_	_
811-3	PKP131	811	811	3	a:h	ah	_	_	_	_	_	linguistic	_	none	_	_	0x1	_	_	_
811-4	PKP131	811	811	4	lo	lo	_	_	_	_	_	linguistic	_	none	_	_	_	_	_	_
811-5	PKP131	811	811	5	volemo	volemo	_	_	_	_	_	linguistic	_	none	_	_	_	_	_	_
811-6	PKP131	811	811	6	fa	fa	_	_	_	_	_	linguistic	_	none	_	_	_	_	_	_
811-7	PKP131	811	811	7	insieme:	insieme	_	_	_	_	_	linguistic	_	none	_	End=1370.32	6x1	_	_	_
812-0	PKP131	812	812	0	tu	tu	_	_	_	_	_	linguistic	_	none	_	Begin=1370.408	_	_	_	_
812-1	PKP131	812	812	1	fai	fai	_	_	_	_	_	linguistic	_	none	_	_	_	_	_	_
812-2	PKP131	812	812	2	matematica	matematica	_	_	_	_	_	linguistic	_	none	_	_	_	_	_	_
812-3	PKP131	812	812	3	e	e	_	_	_	_	_	linguistic	_	none	_	_	_	_	_	_
812-4	PKP131	812	812	4	io	io	_	_	_	_	_	linguistic	_	none	_	_	_	_	_	_
812-5	PKP131	812	812	5	faccio	faccio	_	_	_	_	_	linguistic	_	none	_	_	_	_	_	_
812-6	PKP131	812	812	6	inglese?	inglese	_	_	_	_	_	linguistic	_	none	Intonation=Rising	End=1371.901	_	_	_	_
813-0	PKP131	813	813	0	°e	e	_	_	_	_	_	linguistic	_	none	Volume=low	Begin=1371.979	_	_	_	_
813-1	PKP131	813	813	1	lei	lei	_	_	_	_	_	linguistic	_	none	Volume=low	_	_	_	_	_
813-2	PKP131	813	813	2	ha	ha	_	_	_	_	_	linguistic	_	none	Volume=low	_	_	_	_	_
813-3	PKP131	813	813	3	fatto	fatto	_	_	_	_	_	linguistic	_	none	Volume=low	_	_	_	_	_
813-4	PKP131	813	813	4	e:h°	eh	_	_	_	_	_	linguistic	_	none	Volume=low	End=1373.157	0x1	_	_	_
814-0	PKP131	814	814	0	sì	sì	_	_	_	_	_	linguistic	_	none	_	Begin=1373.305	_	_	_	_
814-1	PKP131	814	814	1	pe[rché]	perché	_	_	_	_	_	linguistic	_	none	_	_	_	_	_	2-6(149)
814-2	PKP131	814	814	2	no	no	_	_	_	_	_	linguistic	_	none	_	End=1374.32	_	_	_	_
815-0	PKP125	815	815	0	[e:h]	eh	_	_	_	_	_	linguistic	_	none	_	Begin=1373.753|End=1373.995	0x1	_	_	0-2(149)
816-0	PKP131	816	816	0	sto	sto	_	_	_	_	_	linguistic	_	none	_	Begin=1375.113	_	_	_	_
816-1	PKP131	816	816	1	xx	xx	_	_	_	_	_	unknown	_	none	Syllables=2	End=1375.798	_	_	_	_
817-0	PKP125	817	817	0	perché	perché	_	_	_	_	_	linguistic	_	none	_	Begin=1376.295	_	_	_	_
817-1	PKP125	817	817	1	no?	no	_	_	_	_	_	linguistic	_	none	Intonation=Rising	End=1376.655	_	_	_	_
818-0	PKP131	818	818	0	ho	ho	_	_	_	_	_	linguistic	_	none	_	Begin=1377.226	_	_	_	_
818-1	PKP131	818	818	1	detto	detto	_	_	_	_	_	linguistic	_	none	_	End=1377.596	_	_	_	_
819-0	PKP131	819	819	0	sì	sì	_	_	_	_	_	linguistic	_	none	_	Begin=1377.674	_	_	_	_
819-1	PKP131	819	819	1	però	però	_	_	_	_	_	linguistic	_	none	_	_	_	_	_	_
819-2	PKP131	819	819	2	sappi	sappi	_	_	_	_	_	linguistic	_	none	_	_	_	_	_	_
819-3	PKP131	819	819	3	che	che	_	_	_	_	_	linguistic	_	none	_	End=1378.532	_	_	_	_
820-0	PKP131	820	820	0	se	se	_	_	_	_	_	linguistic	_	none	_	Begin=1379.221	_	_	_	_
820-1	PKP131	820	820	1	ci	ci	_	_	_	_	_	linguistic	_	none	_	_	_	_	_	_
820-2	PKP131	820	820	2	prendiamo	prendiamo	_	_	_	_	_	linguistic	_	none	_	_	_	_	_	_
820-3	PKP131	820	820	3	sessanta	sessanta	_	_	_	_	_	linguistic	_	none	_	_	_	_	_	_
820-4	PKP131	820	820	4	euro	euro	_	_	_	_	_	linguistic	_	none	_	_	_	_	_	_
820-5	PKP131	820	820	5	a	a	_	_	_	_	_	linguistic	_	none	_	_	_	_	_	_
820-6	PKP131	820	820	6	bambino	bambino	_	_	_	_	_	linguistic	_	none	_	End=1380.99	_	_	_	_
821-0	PKP131	821	821	0	nem[meno	nemmeno	_	_	_	_	_	linguistic	_	none	_	Begin=1382.655	_	_	_	3-7(150)
821-1	PKP131	821	821	1	(le	le	_	_	_	_	_	linguistic	_	none	_	_	_	_	0-2(0)	0-2(150)
821-2	PKP131	821	821	2	devo)]	devo	_	_	_	_	_	linguistic	_	none	_	End=1383.315	_	_	0-4(0)	0-4(150)
822-0	PKP125	822	822	0	[trenta	trenta	_	_	_	_	_	linguistic	_	none	_	Begin=1382.847	_	_	_	0-6(150)
822-1	PKP125	822	822	1	me]nsile?	mensile	_	_	_	_	_	linguistic	_	none	Intonation=Rising	End=1383.886	_	_	_	0-2(150)
823-0	PKP131	823	823	0	sì	sì	_	_	_	_	_	linguistic	_	none	_	Begin=1383.95|End=1384.213	_	_	_	_
824-0	PKP131	824	824	0	io	io	_	_	_	_	_	linguistic	_	none	_	Begin=1384.719	_	_	_	_
824-1	PKP131	824	824	1	mi	mi	_	_	_	_	_	linguistic	_	none	_	_	_	_	_	_
824-2	PKP131	824	824	2	prendo	prendo	_	_	_	_	_	linguistic	_	none	_	_	_	_	_	_
824-3	PKP131	824	824	3	quaranta	quaranta	_	_	_	_	_	linguistic	_	none	_	_	_	_	_	_
824-4	PKP131	824	824	4	e	e	_	_	_	_	_	linguistic	_	none	_	_	_	_	_	_
824-5	PKP131	824	824	5	tu	tu	_	_	_	_	_	linguistic	_	none	_	_	_	_	_	_
824-6	PKP131	824	824	6	ti	ti	_	_	_	_	_	linguistic	_	none	_	_	_	_	_	_
824-7	PKP131	824	824	7	prendi	prendi	_	_	_	_	_	linguistic	_	none	_	_	_	_	_	_
824-8	PKP131	824	824	8	venti	venti	_	_	_	_	_	linguistic	_	none	_	End=1386.507	_	_	_	_
825-0	PKP125	825	825	0	E:H	eh	_	_	_	_	_	linguistic	_	none	Volume=high	Begin=1387.014|End=1387.408	0x1	_	_	_
826-0	PKP125	826	826	0	proprio	proprio	_	_	_	_	_	linguistic	_	none	_	Begin=1389.295	_	_	_	_
826-1	PKP125	826	826	1	che	che	_	_	_	_	_	linguistic	_	none	_	_	_	_	_	_
826-2	PKP125	826	826	2	la	la	_	_	_	_	_	linguistic	_	none	_	_	_	_	_	_
826-3	PKP125	826	826	3	vuoi	vuoi	_	_	_	_	_	linguistic	_	none	_	_	_	_	_	_
826-4	PKP125	826	826	4	sfruttare	sfruttare	_	_	_	_	_	linguistic	_	none	_	End=1390.512	_	_	_	_
827-0	PKP125	827	827	0	vabbè	vabbè	_	_	_	_	_	linguistic	_	none	_	Begin=1390.847	_	_	_	_
827-1	PKP125	827	827	1	tanto	tanto	_	_	_	_	_	linguistic	_	none	_	_	_	_	_	_
827-2	PKP125	827	827	2	è	è	_	_	_	_	_	linguistic	_	none	_	_	_	_	_	_
827-3	PKP125	827	827	3	la	la	_	_	_	_	_	linguistic	_	none	_	_	_	_	_	_
827-4	PKP125	827	827	4	matematica	matematica	_	_	_	_	_	linguistic	_	none	_	_	_	_	_	_
827-5	PKP125	827	827	5	delle	delle	_	_	_	_	_	linguistic	_	none	_	_	_	_	_	_
827-6	PKP125	827	827	6	elementari	elementari	_	_	_	_	_	linguistic	_	none	_	End=1392.655	_	_	_	_
828-0	PKP125	828	828	0	c(io)è	cioè	_	_	_	_	_	linguistic	_	none	_	Begin=1392.714	_	_	1-3(0)	_
828-1	PKP125	828	828	1	ma	ma	_	_	_	_	_	linguistic	_	none	_	_	_	_	_	_
828-2	PKP125	828	828	2	riesci	riesci	_	_	_	_	_	linguistic	_	none	_	_	_	_	_	_
828-3	PKP125	828	828	3	pure	pure	_	_	_	_	_	linguistic	_	none	_	_	_	_	_	_
828-4	PKP125	828	828	4	martina	martina	_	_	_	_	_	linguistic	_	none	_	End=1393.748	_	_	_	_
829-0	PKP125	829	829	0	ah	ah	_	_	_	_	_	linguistic	_	none	_	Begin=1394.571	_	_	_	_
829-1	PKP125	829	829	1	tu	tu	_	_	_	_	_	linguistic	_	none	_	_	_	_	_	_
829-2	PKP125	829	829	2	vuoi	vuoi	_	_	_	_	_	linguistic	_	none	_	_	_	_	_	_
829-3	PKP125	829	829	3	fa	fa	_	_	_	_	_	linguistic	_	none	_	_	_	_	_	_
829-4	PKP125	829	829	4	[xx]?	xx	_	_	_	_	_	linguistic	_	none	Intonation=Rising	End=1395.418	_	_	_	0-2(151)
830-0	PKP131	830	830	0	[vabbè	vabbè	_	_	_	_	_	linguistic	_	none	_	Begin=1394.98	_	_	_	0-5(151)
830-1	PKP131	830	830	1	ma	ma	_	_	_	_	_	linguistic	_	none	_	_	_	_	_	0-2(151)
830-2	PKP131	830	830	2	l]ei	lei	_	_	_	_	_	linguistic	_	none	_	End=1395.655	_	_	_	0-1(151)
831-0	PKP131	831	831	0	lei	lei	_	_	_	_	_	linguistic	_	none	_	Begin=1396.054	_	_	_	_
831-1	PKP131	831	831	1	lo	lo	_	_	_	_	_	linguistic	_	none	_	_	_	_	_	_
831-2	PKP131	831	831	2	fa	fa	_	_	_	_	_	linguistic	_	none	_	End=1396.61	_	_	_	_
832-0	PKP131	832	832	0	lei	lei	_	_	_	_	_	linguistic	_	none	_	Begin=1397.586	_	_	_	_
832-1	PKP131	832	832	1	(sta)	sta	_	_	_	_	_	linguistic	_	none	_	_	_	_	0-3(0)	_
832-2	PKP131	832	832	2	piena	piena	_	_	_	_	_	linguistic	_	none	_	_	_	_	_	_
832-3	PKP131	832	832	3	di	di	_	_	_	_	_	linguistic	_	none	_	_	_	_	_	_
832-4	PKP131	832	832	4	soldi	soldi	_	_	_	_	_	linguistic	_	none	_	_	_	_	_	_
832-5	PKP131	832	832	5	perché	perché	_	_	_	_	_	linguistic	_	none	_	End=1398.98	_	_	_	_
833-0	PKP125	833	833	0	ah	ah	_	_	_	_	_	linguistic	_	none	_	Begin=1399.335	_	_	_	_
833-1	PKP125	833	833	1	sì?	sì	_	_	_	_	_	linguistic	_	none	Intonation=Rising	End=1399.66	_	_	_	_
834-0	PKP131	834	834	0	prende	prende	_	_	_	_	_	linguistic	_	none	_	Begin=1400.403	_	_	_	_
834-1	PKP131	834	834	1	tutte	tutte	_	_	_	_	_	linguistic	_	none	_	_	_	_	_	_
834-2	PKP131	834	834	2	le	le	_	_	_	_	_	linguistic	_	none	_	_	_	_	_	_
834-3	PKP131	834	834	3	borse	borse	_	_	_	_	_	linguistic	_	none	_	_	_	_	_	_
834-4	PKP131	834	834	4	di	di	_	_	_	_	_	linguistic	_	none	_	_	_	_	_	_
834-5	PKP131	834	834	5	studio	studio	_	_	_	_	_	linguistic	_	none	_	End=1401.788	_	_	_	_
835-0	PKP125	835	835	0	mh	mh	_	_	_	_	_	linguistic	_	none	_	Begin=1402.738|End=1402.945	_	_	_	_
836-0	PKP131	836	836	0	la	la	_	_	_	_	_	linguistic	_	none	_	Begin=1403.336	_	_	_	_
836-1	PKP131	836	836	1	prendono	prendono	_	_	_	_	_	linguistic	_	none	_	_	_	_	_	_
836-2	PKP131	836	836	2	sempre	sempre	_	_	_	_	_	linguistic	_	none	_	_	_	_	_	_
836-3	PKP131	836	836	3	a	a	_	_	_	_	_	linguistic	_	none	_	_	_	_	_	_
836-4	PKP131	836	836	4	fare	fare	_	_	_	_	_	linguistic	_	none	_	_	_	_	_	_
836-5	PKP131	836	836	5	la	la	_	_	_	_	_	linguistic	_	none	_	_	_	_	_	_
836-6	PKP131	836	836	6	scrutatrice	scrutatrice	_	_	_	_	_	linguistic	_	none	_	End=1404.995	_	_	_	_
837-0	PKP131	837	837	0	con	con	_	_	_	_	_	linguistic	_	none	_	Begin=1405.517	_	_	_	_
837-1	PKP131	837	837	1	venti	venti	_	_	_	_	_	linguistic	_	none	_	_	_	_	_	_
837-2	PKP131	837	837	2	qua	qua	_	_	_	_	_	linguistic	_	none	_	_	_	_	_	_
837-3	PKP131	837	837	3	[venti]	venti	_	_	_	_	_	linguistic	_	none	_	_	_	_	_	0-5(152)
837-4	PKP131	837	837	4	di	di	_	_	_	_	_	linguistic	_	none	_	_	_	_	_	_
837-5	PKP131	837	837	5	l[à:]	là	_	_	_	_	_	linguistic	_	none	_	End=1407.083	1x1	_	_	1-2(153)
838-0	PKP125	838	838	0	[e:h]	eh	_	_	_	_	_	linguistic	_	none	_	Begin=1406.251|End=1406.569	0x1	_	_	0-2(152)
839-0	PKP125	839	839	0	[non	non	_	_	_	_	_	linguistic	_	none	_	Begin=1406.861	_	_	_	0-3(153)
839-1	PKP125	839	839	1	ti]	ti	_	_	_	_	_	linguistic	_	none	_	_	_	_	_	0-2(153)
839-2	PKP125	839	839	2	hanno	hanno	_	_	_	_	_	linguistic	_	none	_	_	_	_	_	_
839-3	PKP125	839	839	3	pigliato	pigliato	_	_	_	_	_	linguistic	_	none	_	_	_	_	_	_
839-4	PKP125	839	839	4	a	a	_	_	_	_	_	linguistic	_	none	_	_	_	_	_	_
839-5	PKP125	839	839	5	te	te	_	_	_	_	_	linguistic	_	none	PauseAfter=Yes	_	_	_	_	_
839-6	PKP125	839	839	6	{P}	{P}	_	_	_	_	_	shortpause	_	none	_	_	_	_	_	_
839-7	PKP125	839	839	7	no	no	_	_	_	_	_	linguistic	_	none	_	_	_	_	_	_
839-8	PKP125	839	839	8	eh?	eh	_	_	_	_	_	linguistic	_	none	Intonation=Rising	End=1408.202	_	_	_	_
840-0	PKP131	840	840	0	°no°	no	_	_	_	_	_	linguistic	_	none	Volume=low	Begin=1408.556|End=1408.837	_	_	_	_
841-0	PKP125	841	841	0	A	a	_	_	_	_	_	linguistic	_	none	Volume=high	Begin=1409.335	_	_	_	_
841-1	PKP125	841	841	1	LEI	lei	_	_	_	_	_	linguistic	_	none	Volume=high	_	_	_	_	_
841-2	PKP125	841	841	2	SÌ?	sì	_	_	_	_	_	linguistic	_	none	Intonation=Rising|Volume=high	End=1409.985	_	_	_	_
842-0	PKP131	842	842	0	no	no	_	_	_	_	_	linguistic	_	none	_	Begin=1410.024|End=1410.26	_	_	_	_
843-0	PKP125	843	843	0	infa[tti	infatti	_	_	_	_	_	linguistic	_	none	_	Begin=1411.423	_	_	_	4-7(154)
843-1	PKP125	843	843	1	ho	ho	_	_	_	_	_	linguistic	_	none	_	_	_	_	_	0-2(154)
843-2	PKP125	843	843	2	visto	visto	_	_	_	_	_	linguistic	_	none	_	_	_	_	_	0-5(154)
843-3	PKP125	843	843	3	la	la	_	_	_	_	_	linguistic	_	none	_	_	_	_	_	0-2(154)
843-4	PKP125	843	843	4	(lis]ta)	lista	_	_	_	_	_	linguistic	_	none	_	End=1412.581	_	_	0-5(0)	0-3(154)
844-0	PKP131	844	844	0	[(almeno	almeno	_	_	_	_	_	linguistic	_	none	_	Begin=1411.551	_	_	0-6(0)	0-6(154)
844-1	PKP131	844	844	1	non	non	_	_	_	_	_	linguistic	_	none	_	_	_	_	0-3(0)	0-3(154)
844-2	PKP131	844	844	2	quest'	quest'	_	_	_	_	_	linguistic	_	none	SpaceAfter=No	_	_	_	0-6(0)	0-6(154)
844-3	PKP131	844	844	3	anno)]	anno	_	_	_	_	_	linguistic	_	none	_	End=1412.399	_	_	0-4(0)	0-4(154)
845-0	PKP131	845	845	0	infatti	infatti	_	_	_	_	_	linguistic	_	none	_	Begin=1414.059|End=1414.541	_	_	_	_
846-0	PKP125	846	846	0	C'	c'	_	_	_	_	_	linguistic	_	none	SpaceAfter=No|Volume=high	Begin=1415.002	_	_	_	_
846-1	PKP125	846	846	1	[È	è	_	_	_	_	_	linguistic	_	none	Volume=high	_	_	_	_	0-1(155)
846-2	PKP125	846	846	2	MA]:TTEO	matteo	_	_	_	_	_	linguistic	_	none	Volume=high	End=1415.798	1x1	_	_	0-2(155)
847-0	PKP131	847	847	0	[l'	l'	_	_	_	_	_	linguistic	_	none	SpaceAfter=No	Begin=1415.083	_	_	_	0-2(155)
847-1	PKP131	847	847	1	al~]	al~	_	_	_	_	_	linguistic	_	none	Interrupted=Yes	End=1415.3	_	_	_	0-3(155)
848-0	PKP131	848	848	0	matteo?	matteo	_	_	_	_	_	linguistic	_	none	Intonation=Rising	Begin=1416.266|End=1416.906	_	_	_	_
849-0	PKP125	849	849	0	c(io)è	cioè	_	_	_	_	_	linguistic	_	none	_	Begin=1416.995	_	_	1-3(0)	_
849-1	PKP125	849	849	1	matteo	matteo	_	_	_	_	_	linguistic	_	none	_	_	_	_	_	_
849-2	PKP125	849	849	2	dice	dice	_	_	_	_	_	linguistic	_	none	_	_	_	_	_	_
849-3	PKP125	849	849	3	che	che	_	_	_	_	_	linguistic	_	none	_	_	_	_	_	_
849-4	PKP125	849	849	4	io	io	_	_	_	_	_	linguistic	_	none	_	_	_	_	_	_
849-5	PKP125	849	849	5	sto	sto	_	_	_	_	_	linguistic	_	none	_	_	_	_	_	_
849-6	PKP125	849	849	6	(inseguito)	inseguito	_	_	_	_	_	linguistic	_	none	_	_	_	_	0-9(1)	_
849-7	PKP125	849	849	7	da	da	_	_	_	_	_	linguistic	_	none	_	_	_	_	_	_
849-8	PKP125	849	849	8	quando	quando	_	_	_	_	_	linguistic	_	none	_	_	_	_	_	_
849-9	PKP125	849	849	9	avevo	avevo	_	_	_	_	_	linguistic	_	none	_	_	_	_	_	_
849-10	PKP125	849	849	10	diciotto	diciotto	_	_	_	_	_	linguistic	_	none	_	_	_	_	_	_
849-11	PKP125	849	849	11	anni	anni	_	_	_	_	_	linguistic	_	none	_	End=1419.965	_	_	_	_
850-0	PKP125	850	850	0	non	non	_	_	_	_	_	linguistic	_	none	_	Begin=1420.832	_	_	_	_
850-1	PKP125	850	850	1	mi	mi	_	_	_	_	_	linguistic	_	none	_	_	_	_	_	_
850-2	PKP125	850	850	2	hanno	hanno	_	_	_	_	_	linguistic	_	none	_	_	_	_	_	_
850-3	PKP125	850	850	3	MAI	mai	_	_	_	_	_	linguistic	_	none	Volume=high	_	_	_	_	_
850-4	PKP125	850	850	4	CHIAMATO:	chiamato	_	_	_	_	_	linguistic	_	none	Volume=high	End=1422.507	7x1	_	_	_
851-0	PKP125	851	851	0	QUANDO	quando	_	_	_	_	_	linguistic	_	none	Volume=high	Begin=1422.694	_	_	_	_
851-1	PKP125	851	851	1	mi	mi	_	_	_	_	_	linguistic	_	none	_	_	_	_	_	_
851-2	PKP125	851	851	2	chiamano?	chiamano	_	_	_	_	_	linguistic	_	none	Intonation=Rising	End=1423.66	_	_	_	_
852-0	PKP131	852	852	0	quando	quando	_	_	_	_	_	linguistic	_	none	_	Begin=1423.694	_	_	_	_
852-1	PKP131	852	852	1	non	non	_	_	_	_	_	linguistic	_	none	_	_	_	_	_	_
852-2	PKP131	852	852	2	ci	ci	_	_	_	_	_	linguistic	_	none	_	_	_	_	_	_
852-3	PKP131	852	852	3	sto	sto	_	_	_	_	_	linguistic	_	none	_	End=1424.566	_	_	_	_
853-0	PKP125	853	853	0	c(io)è	cioè	_	_	_	_	_	linguistic	_	none	_	Begin=1424.64	_	_	1-3(0)	_
853-1	PKP125	853	853	1	guarda	guarda	_	_	_	_	_	linguistic	_	none	_	_	_	_	_	_
853-2	PKP125	853	853	2	una	una	_	_	_	_	_	linguistic	_	none	_	_	_	_	_	_
853-3	PKP125	853	853	3	cosa	cosa	_	_	_	_	_	linguistic	_	none	_	End=1425.684	_	_	_	_
854-0	PKP125	854	854	0	>c'	c'	_	_	_	_	_	linguistic	_	none	SpaceAfter=No	Begin=1425.726	_	Fast=0-2(0)	_	_
854-1	PKP125	854	854	1	è	è	_	_	_	_	_	linguistic	_	none	_	_	_	Fast=0-1(0)	_	_
854-2	PKP125	854	854	2	anche:<	anche	_	_	_	_	_	linguistic	_	none	_	End=1426.32	4x1	Fast=0-5(0)	_	_
855-0	PKP125	855	855	0	ma:r~	mar~	_	_	_	_	_	linguistic	_	none	Interrupted=Yes	Begin=1426.359|End=1427.0	1x1	_	_	_
856-0	PKP125	856	856	0	c'	c'	_	_	_	_	_	linguistic	_	none	SpaceAfter=No	Begin=1427.384	_	_	_	_
856-1	PKP125	856	856	1	è	è	_	_	_	_	_	linguistic	_	none	_	_	_	_	_	_
856-2	PKP125	856	856	2	anche	anche	_	_	_	_	_	linguistic	_	none	_	_	_	_	_	_
856-3	PKP125	856	856	3	marcella	marcella	_	_	_	_	_	linguistic	_	none	_	End=1428.073	_	_	_	_
857-0	PKP125	857	857	0	come	come	_	_	_	_	_	linguistic	_	none	_	Begin=1428.364	_	_	_	_
857-1	PKP125	857	857	1	sostituta	sostituta	_	_	_	_	_	linguistic	_	none	_	_	_	_	_	_
857-2	PKP125	857	857	2	però	però	_	_	_	_	_	linguistic	_	none	_	End=1429.305	_	_	_	_
858-0	PKP131	858	858	0	e:h	eh	_	_	_	_	_	linguistic	_	none	_	Begin=1431.3|End=1431.734	0x1	_	_	_
859-0	PKP131	859	859	0	chiara	chiara	_	_	_	_	_	linguistic	_	none	_	Begin=1431.778	_	_	_	_
859-1	PKP131	859	859	1	ha	ha	_	_	_	_	_	linguistic	_	none	_	_	_	_	_	_
859-2	PKP131	859	859	2	detto	detto	_	_	_	_	_	linguistic	_	none	_	End=1432.177	_	_	_	_
860-0	PKP131	860	860	0	vogliamo	vogliamo	_	_	_	_	_	linguistic	_	none	_	Begin=1432.206	_	_	_	_
860-1	PKP131	860	860	1	andare	andare	_	_	_	_	_	linguistic	_	none	_	_	_	_	_	_
860-2	PKP131	860	860	2	a	a	_	_	_	_	_	linguistic	_	none	_	_	_	_	_	_
860-3	PKP131	860	860	3	metterci	metterci	_	_	_	_	_	linguistic	_	none	_	_	_	_	_	_
860-4	PKP131	860	860	4	là	là	_	_	_	_	_	linguistic	_	none	_	_	_	_	_	_
860-5	PKP131	860	860	5	fuo:ri::?	fuori	_	_	_	_	_	linguistic	_	none	Intonation=Rising	End=1434.315	2x1,4x2	_	_	_
861-0	PKP131	861	861	0	magari	magari	_	_	_	_	_	linguistic	_	none	_	Begin=1434.374	_	_	_	_
861-1	PKP131	861	861	1	manca	manca	_	_	_	_	_	linguistic	_	none	_	_	_	_	_	_
861-2	PKP131	861	861	2	qualcuno	qualcuno	_	_	_	_	_	linguistic	_	none	_	End=1435.709	_	_	_	_
862-0	PKP125	862	862	0	eh	eh	_	_	_	_	_	linguistic	_	none	_	Begin=1436.901	_	_	_	_
862-1	PKP125	862	862	1	ma	ma	_	_	_	_	_	linguistic	_	none	_	End=1437.113	_	_	_	_
863-0	PKP125	863	863	0	quale	quale	_	_	_	_	_	linguistic	_	none	_	Begin=1437.187	_	_	_	_
863-1	PKP125	863	863	1	seggio?	seggio	_	_	_	_	_	linguistic	_	none	Intonation=Rising	End=1437.778	_	_	_	_
864-0	PKP131	864	864	0	via	via	_	_	_	_	_	linguistic	_	none	_	Begin=1438.812	_	_	_	_
864-1	PKP131	864	864	1	(san	san	_	_	_	_	_	linguistic	_	none	_	_	_	_	0-3(0)	_
864-2	PKP131	864	864	2	rocco)	rocco	_	_	_	_	_	linguistic	_	none	_	End=1439.497	_	_	0-5(0)	_
865-0	PKP131	865	865	0	per	per	_	_	_	_	_	linguistic	_	none	_	Begin=1441.758	_	_	_	_
865-1	PKP131	865	865	1	xxxx	xxxx	_	_	_	_	_	unknown	_	none	Syllables=4	End=1442.867	_	_	_	_
866-0	PKP125	866	866	0	{schiocca_la_lingua}	{schiocca_la_lingua}	_	_	_	_	_	nonverbalbehavior	_	none	_	Begin=1443.571|End=1443.709	_	_	_	_
867-0	PKP125	867	867	0	ma	ma	_	_	_	_	_	linguistic	_	none	_	Begin=1444.65	_	_	_	_
867-1	PKP125	867	867	1	vuoi	vuoi	_	_	_	_	_	linguistic	_	none	_	_	_	_	_	_
867-2	PKP125	867	867	2	vedere	vedere	_	_	_	_	_	linguistic	_	none	_	_	_	_	_	_
867-3	PKP125	867	867	3	che:	che	_	_	_	_	_	linguistic	_	none	_	End=1445.364	2x1	_	_	_
868-0	PKP125	868	868	0	che	che	_	_	_	_	_	linguistic	_	none	_	Begin=1445.416	_	_	_	_
868-1	PKP125	868	868	1	aspettano	aspettano	_	_	_	_	_	linguistic	_	none	_	_	_	_	_	_
868-2	PKP125	868	868	2	a	a	_	_	_	_	_	linguistic	_	none	_	_	_	_	_	_
868-3	PKP125	868	868	3	te?	te	_	_	_	_	_	linguistic	_	none	Intonation=Rising	End=1446.187	_	_	_	_
869-0	PKP131	869	869	0	e:h	eh	_	_	_	_	_	linguistic	_	none	_	Begin=1446.582	0x1	_	_	_
869-1	PKP131	869	869	1	infa:(tti)	infatti	_	_	_	_	_	linguistic	_	none	_	End=1447.049	3x1	_	4-7(0)	_
870-0	PKP125	870	870	0	a	a	_	_	_	_	_	linguistic	_	none	_	Begin=1449.793	_	_	_	_
870-1	PKP125	870	870	1	xxxx	xxxx	_	_	_	_	_	unknown	_	none	Syllables=4	_	_	_	_	_
870-2	PKP125	870	870	2	(andiamo	andiamo	_	_	_	_	_	linguistic	_	none	_	_	_	_	0-7(0)	_
870-3	PKP125	870	870	3	san	san	_	_	_	_	_	linguistic	_	none	_	_	_	_	0-3(0)	_
870-4	PKP125	870	870	4	rocco)	rocco	_	_	_	_	_	linguistic	_	none	_	_	_	_	0-5(0)	_
870-5	PKP125	870	870	5	oh	oh	_	_	_	_	_	linguistic	_	none	_	End=1451.635	_	_	_	_
871-0	PKP131	871	871	0	mh	mh	_	_	_	_	_	linguistic	_	none	_	Begin=1452.142|End=1452.394	_	_	_	_
872-0	PKP125	872	872	0	quei	quei	_	_	_	_	_	linguistic	_	none	_	Begin=1452.635	_	_	_	_
872-1	PKP125	872	872	1	castellani::	castellani	_	_	_	_	_	linguistic	_	none	_	_	9x2	_	_	_
872-2	PKP125	872	872	2	malefici	malefici	_	_	_	_	_	linguistic	_	none	_	End=1454.704	_	_	_	_
873-0	PKP131	873	873	0	(non	non	_	_	_	_	_	linguistic	_	none	_	Begin=1456.384	_	_	0-3(0)	_
873-1	PKP131	873	873	1	me	me	_	_	_	_	_	linguistic	_	none	_	_	_	_	0-2(0)	_
873-2	PKP131	873	873	2	di')	di'	_	_	_	_	_	linguistic	_	none	Truncated=Yes	End=1456.911	_	_	0-3(0)	_
874-0	PKP131	874	874	0	(paura)	paura	_	_	_	_	_	linguistic	_	none	_	Begin=1458.413|End=1458.724	_	_	0-5(0)	_
875-0	PKP125	875	875	0	(#sa	#sa	_	_	_	_	_	error	_	none	_	Begin=1459.837	_	_	0-3(0)	_
875-1	PKP125	875	875	1	ne	ne	_	_	_	_	_	linguistic	_	none	_	_	_	_	0-2(0)	_
875-2	PKP125	875	875	2	ve	ve	_	_	_	_	_	linguistic	_	none	_	_	_	_	0-2(0)	_
875-3	PKP125	875	875	3	ki	ki	_	_	_	_	_	linguistic	_	none	_	_	_	_	0-2(0)	_
875-4	PKP125	875	875	4	uttant'	uttant'	_	_	_	_	_	linguistic	_	none	SpaceAfter=No	_	_	_	0-7(0)	_
875-5	PKP125	875	875	5	anni	anni	_	_	_	_	_	linguistic	_	none	_	_	_	_	0-4(0)	_
875-6	PKP125	875	875	6	che	che	_	_	_	_	_	linguistic	_	none	_	_	_	_	0-3(0)	_
875-7	PKP125	875	875	7	vanno	vanno	_	_	_	_	_	linguistic	_	none	_	_	_	_	0-5(0)	_
875-8	PKP125	875	875	8	a	a	_	_	_	_	_	linguistic	_	none	_	_	_	_	0-1(0)	_
875-9	PKP125	875	875	9	pesc	pesc	_	_	_	_	_	linguistic	_	none	_	_	_	_	0-4(0)	_
875-10	PKP125	875	875	10	pure	pure	_	_	_	_	_	linguistic	_	none	_	_	_	_	0-4(0)	_
875-11	PKP125	875	875	11	loro)	loro	_	_	_	_	_	linguistic	_	none	_	End=1461.906	_	_	0-4(0)	_
876-0	PKP131	876	876	0	mh	mh	_	_	_	_	_	linguistic	_	none	_	Begin=1462.014|End=1462.275	_	_	_	_
877-0	PKP131	877	877	0	#o	#o	_	_	_	_	_	error	_	none	_	Begin=1464.463	_	_	_	_
877-1	PKP131	877	877	1	parent	parent	_	_	_	_	_	linguistic	_	none	_	_	_	_	_	_
877-2	PKP131	877	877	2	u	u	_	_	_	_	_	linguistic	_	none	_	_	_	_	_	_
877-3	PKP131	877	877	3	t'	t'	_	_	_	_	_	linguistic	_	none	SpaceAfter=No	_	_	_	_	_
877-4	PKP131	877	877	4	avuta	avuta	_	_	_	_	_	linguistic	_	none	_	End=1465.507	_	_	_	_
878-0	PKP125	878	878	0	#la	#la	_	_	_	_	_	error	_	none	_	Begin=1466.827	_	_	_	_
878-1	PKP125	878	878	1	gente	gente	_	_	_	_	_	linguistic	_	none	_	_	_	_	_	_
878-2	PKP125	878	878	2	c(he)'	che'	_	_	_	_	_	linguistic	_	none	SpaceAfter=No	_	_	_	1-3(0)	_
878-3	PKP125	878	878	3	ha	ha	_	_	_	_	_	linguistic	_	none	_	_	_	_	_	_
878-4	PKP125	878	878	4	i	i	_	_	_	_	_	linguistic	_	none	_	_	_	_	_	_
878-5	PKP125	878	878	5	soldi	soldi	_	_	_	_	_	linguistic	_	none	_	_	_	_	_	_
878-6	PKP125	878	878	6	(lu	lu	_	_	_	_	_	linguistic	_	none	_	_	_	_	0-2(1)	_
878-7	PKP125	878	878	7	xxx	xxx	_	_	_	_	_	unknown	_	none	Syllables=3	_	_	_	0-3(1)	_
878-8	PKP125	878	878	8	pure	pure	_	_	_	_	_	linguistic	_	none	_	_	_	_	0-4(1)	_
878-9	PKP125	878	878	9	lui)	lui	_	_	_	_	_	linguistic	_	none	_	End=1468.418	_	_	0-3(1)	_
879-0	PKP125	879	879	0	mh	mh	_	_	_	_	_	linguistic	_	none	_	Begin=1476.748|End=1476.94	_	_	_	_
880-0	PKP125	880	880	0	c'	c'	_	_	_	_	_	linguistic	_	none	SpaceAfter=No	Begin=1477.857	_	_	_	_
880-1	PKP125	880	880	1	è	è	_	_	_	_	_	linguistic	_	none	_	_	_	_	_	_
880-2	PKP125	880	880	2	anche	anche	_	_	_	_	_	linguistic	_	none	_	_	_	_	_	_
880-3	PKP125	880	880	3	luciana:	luciana	_	_	_	_	_	linguistic	_	none	_	End=1478.896	6x1	_	_	_
881-0	PKP125	881	881	0	oh	oh	_	_	_	_	_	linguistic	_	none	_	Begin=1479.394|End=1479.561	_	_	_	_
882-0	PKP131	882	882	0	luciana?	luciana	_	_	_	_	_	linguistic	_	none	Intonation=Rising	Begin=1479.734|End=1480.206	_	_	_	_
883-0	PKP131	883	883	0	bianchini	bianchini	_	_	_	_	_	linguistic	_	none	_	Begin=1481.088|End=1481.738	_	_	_	_
884-0	PKP125	884	884	0	mh	mh	_	_	_	_	_	linguistic	_	none	_	Begin=1483.019|End=1483.197	_	_	_	_
885-0	PKP125	885	885	0	come	come	_	_	_	_	_	linguistic	_	none	_	Begin=1486.871	_	_	_	_
885-1	PKP125	885	885	1	sostituta	sostituta	_	_	_	_	_	linguistic	_	none	_	End=1487.793	_	_	_	_
886-0	PKP125	886	886	0	matteo	matteo	_	_	_	_	_	linguistic	_	none	_	Begin=1491.945	_	_	_	_
886-1	PKP125	886	886	1	c'	c'	_	_	_	_	_	linguistic	_	none	SpaceAfter=No	_	_	_	_	_
886-2	PKP125	886	886	2	è	è	_	_	_	_	_	linguistic	_	none	_	_	_	_	_	_
886-3	PKP125	886	886	3	rimasto	rimasto	_	_	_	_	_	linguistic	_	none	_	_	_	_	_	_
886-4	PKP125	886	886	4	>un	un	_	_	_	_	_	linguistic	_	none	_	_	_	Fast=0-2(0)	_	_
886-5	PKP125	886	886	5	po'	po'	_	_	_	_	_	linguistic	_	none	_	_	_	Fast=0-3(0)	_	_
886-6	PKP125	886	886	6	ma~<	ma~	_	_	_	_	_	linguistic	_	none	Interrupted=Yes	End=1493.113	_	Fast=0-3(0)	_	_
887-0	PKP125	887	887	0	c(io)è	cioè	_	_	_	_	_	linguistic	_	none	_	Begin=1493.152	_	_	1-3(0)	_
887-1	PKP125	887	887	1	c'	c'	_	_	_	_	_	linguistic	_	none	SpaceAfter=No	_	_	_	_	_
887-2	PKP125	887	887	2	è	è	_	_	_	_	_	linguistic	_	none	_	_	_	_	_	_
887-3	PKP125	887	887	3	rimasto	rimasto	_	_	_	_	_	linguistic	_	none	_	_	_	_	_	_
887-4	PKP125	887	887	4	un	un	_	_	_	_	_	linguistic	_	none	_	_	_	_	_	_
887-5	PKP125	887	887	5	po'	po'	_	_	_	_	_	linguistic	_	none	_	_	_	_	_	_
887-6	PKP125	887	887	6	male	male	_	_	_	_	_	linguistic	_	none	_	End=1494.103	_	_	_	_
888-0	PKP125	888	888	0	sta	sta	_	_	_	_	_	linguistic	_	none	_	Begin=1494.142	_	_	_	_
888-1	PKP125	888	888	1	cercando	cercando	_	_	_	_	_	linguistic	_	none	_	_	_	_	_	_
888-2	PKP125	888	888	2	lavoro:	lavoro	_	_	_	_	_	linguistic	_	none	_	_	5x1	_	_	_
888-3	PKP125	888	888	3	come	come	_	_	_	_	_	linguistic	_	none	_	_	_	_	_	_
888-4	PKP125	888	888	4	un	un	_	_	_	_	_	linguistic	_	none	_	_	_	_	_	_
888-5	PKP125	888	888	5	animale	animale	_	_	_	_	_	linguistic	_	none	_	End=1496.024	_	_	_	_
889-0	PKP125	889	889	0	non	non	_	_	_	_	_	linguistic	_	none	_	Begin=1496.078	_	_	_	_
889-1	PKP125	889	889	1	trova	trova	_	_	_	_	_	linguistic	_	none	_	_	_	_	_	_
889-2	PKP125	889	889	2	niente	niente	_	_	_	_	_	linguistic	_	none	_	End=1496.753	_	_	_	_
890-0	PKP125	890	890	0	dice	dice	_	_	_	_	_	linguistic	_	none	_	Begin=1497.093	_	_	_	_
890-1	PKP125	890	890	1	almeno	almeno	_	_	_	_	_	linguistic	_	none	_	_	_	_	_	_
890-2	PKP125	890	890	2	se	se	_	_	_	_	_	linguistic	_	none	_	_	_	_	_	_
890-3	PKP125	890	890	3	stavo	stavo	_	_	_	_	_	linguistic	_	none	_	_	_	_	_	_
890-4	PKP125	890	890	4	là	là	_	_	_	_	_	linguistic	_	none	_	_	_	_	_	_
890-5	PKP125	890	890	5	mi	mi	_	_	_	_	_	linguistic	_	none	_	_	_	_	_	_
890-6	PKP125	890	890	6	pigliavo	pigliavo	_	_	_	_	_	linguistic	_	none	_	_	_	_	_	_
890-7	PKP125	890	890	7	sti	sti	_	_	_	_	_	linguistic	_	none	_	_	_	_	_	_
890-8	PKP125	890	890	8	duecento	duecento	_	_	_	_	_	linguistic	_	none	_	_	_	_	_	_
890-9	PKP125	890	890	9	euro	euro	_	_	_	_	_	linguistic	_	none	_	End=1499.394	_	_	_	_
891-0	PKP131	891	891	0	m:h	mh	_	_	_	_	_	linguistic	_	none	_	Begin=1499.793|End=1500.202	0x1	_	_	_
892-0	PKP131	892	892	0	sempre	sempre	_	_	_	_	_	linguistic	_	none	_	Begin=1500.926	_	_	_	_
892-1	PKP131	892	892	1	utili	utili	_	_	_	_	_	linguistic	_	none	_	End=1501.66	_	_	_	_
893-0	PKP125	893	893	0	che	che	_	_	_	_	_	linguistic	_	none	_	Begin=1502.743	_	_	_	_
893-1	PKP125	893	893	1	poi	poi	_	_	_	_	_	linguistic	_	none	_	_	_	_	_	_
893-2	PKP125	893	893	2	in	in	_	_	_	_	_	linguistic	_	none	_	_	_	_	_	_
893-3	PKP125	893	893	3	realtà	realtà	_	_	_	_	_	linguistic	_	none	_	_	_	_	_	_
893-4	PKP125	893	893	4	non	non	_	_	_	_	_	linguistic	_	none	_	_	_	_	_	_
893-5	PKP125	893	893	5	è	è	_	_	_	_	_	linguistic	_	none	_	End=1503.699	_	_	_	_
894-0	PKP125	894	894	0	per	per	_	_	_	_	_	linguistic	_	none	_	Begin=1503.746	_	_	_	_
894-1	PKP125	894	894	1	il	il	_	_	_	_	_	linguistic	_	none	_	_	_	_	_	_
894-2	PKP125	894	894	2	referendum	referendum	_	_	_	_	_	linguistic	_	none	_	_	_	_	_	_
894-3	PKP125	894	894	3	ma	ma	_	_	_	_	_	linguistic	_	none	_	_	_	_	_	_
894-4	PKP125	894	894	4	forse	forse	_	_	_	_	_	linguistic	_	none	_	_	_	_	_	_
894-5	PKP125	894	894	5	per	per	_	_	_	_	_	linguistic	_	none	_	_	_	_	_	_
894-6	PKP125	894	894	6	le	le	_	_	_	_	_	linguistic	_	none	_	_	_	_	_	_
894-7	PKP125	894	894	7	regionali	regionali	_	_	_	_	_	linguistic	_	none	_	_	_	_	_	_
894-8	PKP125	894	894	8	pure	pure	_	_	_	_	_	linguistic	_	none	_	End=1506.251	_	_	_	_
895-0	PKP125	895	895	0	quindi	quindi	_	_	_	_	_	linguistic	_	none	_	Begin=1506.433	_	_	_	_
895-1	PKP125	895	895	1	sono	sono	_	_	_	_	_	linguistic	_	none	_	_	_	_	_	_
895-2	PKP125	895	895	2	pure	pure	_	_	_	_	_	linguistic	_	none	_	_	_	_	_	_
895-3	PKP125	895	895	3	più	più	_	_	_	_	_	linguistic	_	none	_	_	_	_	_	_
895-4	PKP125	895	895	4	soldi	soldi	_	_	_	_	_	linguistic	_	none	_	End=1507.601	_	_	_	_
896-0	PKP125	896	896	0	boh	boh	_	_	_	_	_	linguistic	_	none	_	Begin=1512.236|End=1512.487	_	_	_	_
897-0	PKP131	897	897	0	ma	ma	_	_	_	_	_	linguistic	_	none	_	Begin=1512.605	_	_	_	_
897-1	PKP131	897	897	1	tu	tu	_	_	_	_	_	linguistic	_	none	_	_	_	_	_	_
897-2	PKP131	897	897	2	vai	vai	_	_	_	_	_	linguistic	_	none	_	_	_	_	_	_
897-3	PKP131	897	897	3	a	a	_	_	_	_	_	linguistic	_	none	_	_	_	_	_	_
897-4	PKP131	897	897	4	votare?	votare	_	_	_	_	_	linguistic	_	none	Intonation=Rising	End=1513.394	_	_	_	_
898-0	PKP125	898	898	0	perché	perché	_	_	_	_	_	linguistic	_	none	_	Begin=1514.837	_	_	_	_
898-1	PKP125	898	898	1	non	non	_	_	_	_	_	linguistic	_	none	_	_	_	_	_	_
898-2	PKP125	898	898	2	dovrei?	dovrei	_	_	_	_	_	linguistic	_	none	Intonation=Rising	End=1515.403	_	_	_	_
899-0	PKP131	899	899	0	e	e	_	_	_	_	_	linguistic	_	none	_	Begin=1517.256	_	_	_	_
899-1	PKP131	899	899	1	hai	hai	_	_	_	_	_	linguistic	_	none	_	_	_	_	_	_
899-2	PKP131	899	899	2	qualche	qualche	_	_	_	_	_	linguistic	_	none	_	_	_	_	_	_
899-3	PKP131	899	899	3	°idea	idea	_	_	_	_	_	linguistic	_	none	Volume=low	_	_	_	_	_
899-4	PKP131	899	899	4	su	su	_	_	_	_	_	linguistic	_	none	Volume=low	_	_	_	_	_
899-5	PKP131	899	899	5	chi	chi	_	_	_	_	_	linguistic	_	none	Volume=low	_	_	_	_	_
899-6	PKP131	899	899	6	votare°?	votare	_	_	_	_	_	linguistic	_	none	Intonation=Rising|Volume=low	End=1518.507	_	_	_	_
900-0	PKP125	900	900	0	COSA?	cosa	_	_	_	_	_	linguistic	_	none	Intonation=Rising|Volume=high	Begin=1518.901|End=1519.261	_	_	_	_
901-0	PKP131	901	901	0	qualche	qualche	_	_	_	_	_	linguistic	_	none	_	Begin=1520.699	_	_	_	_
901-1	PKP131	901	901	1	idea	idea	_	_	_	_	_	linguistic	_	none	_	_	_	_	_	_
901-2	PKP131	901	901	2	su	su	_	_	_	_	_	linguistic	_	none	_	_	_	_	_	_
901-3	PKP131	901	901	3	chi	chi	_	_	_	_	_	linguistic	_	none	_	_	_	_	_	_
901-4	PKP131	901	901	4	votare:	votare	_	_	_	_	_	linguistic	_	none	_	End=1521.857	5x1	_	_	_
902-0	PKP131	902	902	0	xx[x]	xxx	_	_	_	_	_	unknown	_	none	Syllables=3	Begin=1522.256|End=1522.827	_	_	_	2-3(156)
903-0	PKP125	903	903	0	[ma	ma	_	_	_	_	_	linguistic	_	none	_	Begin=1522.625	_	_	_	0-2(156)
903-1	PKP125	903	903	1	i]o	io	_	_	_	_	_	linguistic	_	none	_	_	_	_	_	0-1(156)
903-2	PKP125	903	903	2	non	non	_	_	_	_	_	linguistic	_	none	_	_	_	_	_	_
903-3	PKP125	903	903	3	ho	ho	_	_	_	_	_	linguistic	_	none	_	_	_	_	_	_
903-4	PKP125	903	903	4	capi~	capi~	_	_	_	_	_	linguistic	_	none	Interrupted=Yes	End=1523.31	_	_	_	_
904-0	PKP125	904	904	0	(>cioè<)	cioè	_	_	_	_	_	linguistic	_	none	_	Begin=1523.497	_	Fast=0-4(0)	0-4(0)	_
904-1	PKP125	904	904	1	io	io	_	_	_	_	_	linguistic	_	none	_	_	_	_	_	_
904-2	PKP125	904	904	2	sono	sono	_	_	_	_	_	linguistic	_	none	_	_	_	_	_	_
904-3	PKP125	904	904	3	un	un	_	_	_	_	_	linguistic	_	none	_	_	_	_	_	_
904-4	PKP125	904	904	4	po'	po'	_	_	_	_	_	linguistic	_	none	_	_	_	_	_	_
904-5	PKP125	904	904	5	confuso	confuso	_	_	_	_	_	linguistic	_	none	_	_	_	_	_	_
904-6	PKP125	904	904	6	sai?	sai	_	_	_	_	_	linguistic	_	none	Intonation=Rising	End=1524.857	_	_	_	_
905-0	PKP131	905	905	0	(m:h)	mh	_	_	_	_	_	linguistic	_	none	_	Begin=1525.29	0x1	_	0-2(0)	_
905-1	PKP131	905	905	1	[xx]	xx	_	_	_	_	_	unknown	_	none	Syllables=2	End=1526.103	_	_	_	0-2(157)
906-0	PKP125	906	906	0	[cioè	cioè	_	_	_	_	_	linguistic	_	none	_	Begin=1525.556	_	_	_	0-4(157)
906-1	PKP125	906	906	1	per	per	_	_	_	_	_	linguistic	_	none	_	_	_	_	_	0-3(157)
906-2	PKP125	906	906	2	il	il	_	_	_	_	_	linguistic	_	none	_	_	_	_	_	0-2(157)
906-3	PKP125	906	906	3	refer]endum	referendum	_	_	_	_	_	linguistic	_	none	_	_	_	_	_	0-5(157)
906-4	PKP125	906	906	4	l'	l'	_	_	_	_	_	linguistic	_	none	SpaceAfter=No	_	_	_	_	_
906-5	PKP125	906	906	5	ho	ho	_	_	_	_	_	linguistic	_	none	_	_	_	_	_	_
906-6	PKP125	906	906	6	capito	capito	_	_	_	_	_	linguistic	_	none	_	_	_	_	_	_
906-7	PKP125	906	906	7	chi	chi	_	_	_	_	_	linguistic	_	none	_	_	_	_	_	_
906-8	PKP125	906	906	8	(vi)	vi	_	_	_	_	_	linguistic	_	none	_	_	_	_	0-2(0)	_
906-9	PKP125	906	906	9	devo	devo	_	_	_	_	_	linguistic	_	none	_	_	_	_	_	_
906-10	PKP125	906	906	10	votare	votare	_	_	_	_	_	linguistic	_	none	_	End=1527.665	_	_	_	_
907-0	PKP125	907	907	0	>ma	ma	_	_	_	_	_	linguistic	_	none	_	Begin=1527.719	_	Fast=0-2(0)	_	_
907-1	PKP125	907	907	1	devo<	devo	_	_	_	_	_	linguistic	_	none	_	_	_	Fast=0-4(0)	_	_
907-2	PKP125	907	907	2	votare	votare	_	_	_	_	_	linguistic	_	none	_	_	_	_	_	_
907-3	PKP125	907	907	3	pure	pure	_	_	_	_	_	linguistic	_	none	_	_	_	_	_	_
907-4	PKP125	907	907	4	per	per	_	_	_	_	_	linguistic	_	none	_	_	_	_	_	_
907-5	PKP125	907	907	5	il	il	_	_	_	_	_	linguistic	_	none	_	_	_	_	_	_
907-6	PKP125	907	907	6	presidente	presidente	_	_	_	_	_	linguistic	_	none	_	_	_	_	_	_
907-7	PKP125	907	907	7	di	di	_	_	_	_	_	linguistic	_	none	_	_	_	_	_	_
907-8	PKP125	907	907	8	regione?	regione	_	_	_	_	_	linguistic	_	none	Intonation=Rising	End=1529.569	_	_	_	_
908-0	PKP131	908	908	0	e:h	eh	_	_	_	_	_	linguistic	_	none	_	Begin=1531.881	0x1	_	_	_
908-1	PKP131	908	908	1	[sì]	sì	_	_	_	_	_	linguistic	_	none	_	End=1532.512	_	_	_	0-2(158)
909-0	PKP125	909	909	0	[io]	io	_	_	_	_	_	linguistic	_	none	_	Begin=1532.349	_	_	_	0-2(158)
909-1	PKP125	909	909	1	non	non	_	_	_	_	_	linguistic	_	none	_	_	_	_	_	_
909-2	PKP125	909	909	2	sto	sto	_	_	_	_	_	linguistic	_	none	_	_	_	_	_	_
909-3	PKP125	909	909	3	capendo	capendo	_	_	_	_	_	linguistic	_	none	_	End=1533.482	_	_	_	_
910-0	PKP125	910	910	0	che	che	_	_	_	_	_	linguistic	_	none	_	Begin=1533.94	_	_	_	_
910-1	PKP125	910	910	1	devo	devo	_	_	_	_	_	linguistic	_	none	_	_	_	_	_	_
910-2	PKP125	910	910	2	votare	votare	_	_	_	_	_	linguistic	_	none	_	_	_	_	_	_
910-3	PKP125	910	910	3	ancora	ancora	_	_	_	_	_	linguistic	_	none	_	End=1535.059	_	_	_	_
911-0	PKP131	911	911	0	(mh)	mh	_	_	_	_	_	linguistic	_	none	_	Begin=1535.275	_	_	0-2(0)	_
911-1	PKP131	911	911	1	devi	devi	_	_	_	_	_	linguistic	_	none	_	_	_	_	_	_
911-2	PKP131	911	911	2	votare	votare	_	_	_	_	_	linguistic	_	none	_	End=1535.985	_	_	_	_
912-0	PKP131	912	912	0	il	il	_	_	_	_	_	linguistic	_	none	_	Begin=1536.527	_	_	_	_
912-1	PKP131	912	912	1	presidente	presidente	_	_	_	_	_	linguistic	_	none	_	_	_	_	_	_
912-2	PKP131	912	912	2	di	di	_	_	_	_	_	linguistic	_	none	_	_	_	_	_	_
912-3	PKP131	912	912	3	regione	regione	_	_	_	_	_	linguistic	_	none	_	End=1538.009	_	_	_	_
913-0	PKP131	913	913	0	affiliato	affiliato	_	_	_	_	_	linguistic	_	none	_	Begin=1538.354	_	_	_	_
913-1	PKP131	913	913	1	a:	a	_	_	_	_	_	linguistic	_	none	_	End=1539.921	0x1	_	_	_
914-0	PKP125	914	914	0	al	al	_	_	_	_	_	linguistic	_	none	_	Begin=1539.987	_	_	_	_
914-1	PKP125	914	914	1	partito	partito	_	_	_	_	_	linguistic	_	none	_	End=1540.724	_	_	_	_
915-0	PKP131	915	915	0	no	no	_	_	_	_	_	linguistic	_	none	_	Begin=1541.753|End=1542.108	_	_	_	_
916-0	PKP131	916	916	0	(senato)	senato	_	_	_	_	_	linguistic	_	none	_	Begin=1544.182|End=1544.605	_	_	0-6(0)	_
917-0	PKP131	917	917	0	io	io	_	_	_	_	_	linguistic	_	none	_	Begin=1544.97	_	_	_	_
917-1	PKP131	917	917	1	voterei	voterei	_	_	_	_	_	linguistic	_	none	_	End=1545.581	_	_	_	_
918-0	PKP131	918	918	0	il:	il	_	_	_	_	_	linguistic	_	none	_	Begin=1545.729|End=1546.251	1x1	_	_	_
919-0	PKP131	919	919	0	il	il	_	_	_	_	_	linguistic	_	none	_	Begin=1548.009	_	_	_	_
919-1	PKP131	919	919	1	cristia:no,	cristiano	_	_	_	_	_	linguistic	_	none	Intonation=WeaklyRising	End=1549.137	6x1	_	_	_
920-0	PKP125	920	920	0	x	x	_	_	_	_	_	unknown	_	none	Syllables=1	Begin=1549.315|End=1549.556	_	_	_	_
921-0	PKP131	921	921	0	e	e	_	_	_	_	_	linguistic	_	none	_	Begin=1550.34	_	_	_	_
921-1	PKP131	921	921	1	poi	poi	_	_	_	_	_	linguistic	_	none	_	_	_	_	_	_
921-2	PKP131	921	921	2	il	il	_	_	_	_	_	linguistic	_	none	_	_	_	_	_	_
921-3	PKP131	921	921	3	presidente	presidente	_	_	_	_	_	linguistic	_	none	_	_	_	_	_	_
921-4	PKP131	921	921	4	di:	di	_	_	_	_	_	linguistic	_	none	_	_	1x1	_	_	_
921-5	PKP131	921	921	5	regione	regione	_	_	_	_	_	linguistic	_	none	_	End=1552.684	_	_	_	_
922-0	PKP125	922	922	0	mhmh	mhmh	_	_	_	_	_	linguistic	_	none	_	Begin=1553.0|End=1553.31	_	_	_	_
923-0	PKP131	923	923	0	tipo	tipo	_	_	_	_	_	linguistic	_	none	_	Begin=1553.495|End=1553.785	_	_	_	_
924-0	PKP131	924	924	0	per	per	_	_	_	_	_	linguistic	_	none	_	Begin=1553.842	_	_	_	_
924-1	PKP131	924	924	1	esempio	esempio	_	_	_	_	_	linguistic	_	none	_	_	_	_	_	_
924-2	PKP131	924	924	2	sta	sta	_	_	_	_	_	linguistic	_	none	_	End=1554.704	_	_	_	_
925-0	PKP131	925	925	0	de	de	_	_	_	_	_	linguistic	_	none	_	Begin=1555.253	_	_	_	_
925-1	PKP131	925	925	1	luca	luca	_	_	_	_	_	linguistic	_	none	_	End=1555.871	_	_	_	_
926-0	PKP125	926	926	0	ah	ah	_	_	_	_	_	linguistic	_	none	_	Begin=1556.231|End=1556.517	_	_	_	_
927-0	PKP131	927	927	0	e:h	eh	_	_	_	_	_	linguistic	_	none	_	Begin=1557.019|End=1557.665	0x1	_	_	_
928-0	PKP131	928	928	0	anastasia	anastasia	_	_	_	_	_	linguistic	_	none	_	Begin=1558.945|End=1559.743	_	_	_	_
929-0	PKP131	929	929	0	no[n	non	_	_	_	_	_	linguistic	_	none	_	Begin=1560.443	_	_	_	2-3(159)
929-1	PKP131	929	929	1	so	so	_	_	_	_	_	linguistic	_	none	_	_	_	_	_	0-2(159)
929-2	PKP131	929	929	2	>se	se	_	_	_	_	_	linguistic	_	none	_	_	_	Fast=0-2(0)	_	0-2(159)
929-3	PKP131	929	929	3	ana]stasia	anastasia	_	_	_	_	_	linguistic	_	none	_	_	_	Fast=0-9(0)	_	0-3(159)
929-4	PKP131	929	929	4	sta	sta	_	_	_	_	_	linguistic	_	none	_	_	_	Fast=0-3(0)	_	_
929-5	PKP131	929	929	5	con	con	_	_	_	_	_	linguistic	_	none	_	_	_	Fast=0-3(0)	_	_
929-6	PKP131	929	929	6	de	de	_	_	_	_	_	linguistic	_	none	_	_	_	Fast=0-2(0)	_	_
929-7	PKP131	929	929	7	luca	luca	_	_	_	_	_	linguistic	_	none	_	_	_	Fast=0-4(0)	_	_
929-8	PKP131	929	929	8	onestamente<	onestamente	_	_	_	_	_	linguistic	_	none	_	End=1562.433	_	Fast=0-11(0)	_	_
930-0	PKP125	930	930	0	[bella]	bella	_	_	_	_	_	linguistic	_	none	_	Begin=1560.522|End=1560.97	_	_	_	0-5(159)
931-0	PKP131	931	931	0	per	per	_	_	_	_	_	linguistic	_	none	_	Begin=1562.495	_	_	_	_
931-1	PKP131	931	931	1	dire	dire	_	_	_	_	_	linguistic	_	none	_	End=1562.985	_	_	_	_
932-0	PKP131	932	932	0	chi	chi	_	_	_	_	_	linguistic	_	none	_	Begin=1563.078	_	_	_	_
932-1	PKP131	932	932	1	devi	devi	_	_	_	_	_	linguistic	_	none	_	_	_	_	_	_
932-2	PKP131	932	932	2	votare	votare	_	_	_	_	_	linguistic	_	none	PauseAfter=Yes	_	_	_	_	_
932-3	PKP131	932	932	3	{P}	{P}	_	_	_	_	_	shortpause	_	none	_	_	_	_	_	_
932-4	PKP131	932	932	4	a:h	ah	_	_	_	_	_	linguistic	_	none	_	End=1563.891	0x1	_	_	_
933-0	PKP125	933	933	0	mh	mh	_	_	_	_	_	linguistic	_	none	_	Begin=1564.034|End=1564.295	_	_	_	_
934-0	PKP125	934	934	0	ho	ho	_	_	_	_	_	linguistic	_	none	_	Begin=1565.162	_	_	_	_
934-1	PKP125	934	934	1	capito	capito	_	_	_	_	_	linguistic	_	none	_	End=1565.714	_	_	_	_
935-0	PKP125	935	935	0	sai	sai	_	_	_	_	_	linguistic	_	none	_	Begin=1567.819	_	_	_	_
935-1	PKP125	935	935	1	che	che	_	_	_	_	_	linguistic	_	none	_	_	_	_	_	_
935-2	PKP125	935	935	2	non	non	_	_	_	_	_	linguistic	_	none	_	_	_	_	_	_
935-3	PKP125	935	935	3	lo	lo	_	_	_	_	_	linguistic	_	none	_	_	_	_	_	_
935-4	PKP125	935	935	4	so?	so	_	_	_	_	_	linguistic	_	none	Intonation=Rising	End=1568.556	_	_	_	_
936-0	PKP125	936	936	0	c(io)è	cioè	_	_	_	_	_	linguistic	_	none	_	Begin=1568.63	_	_	1-3(0)	_
936-1	PKP125	936	936	1	m:h	mh	_	_	_	_	_	linguistic	_	none	_	End=1569.216	0x1	_	_	_
937-0	PKP125	937	937	0	non	non	_	_	_	_	_	linguistic	_	none	_	Begin=1569.403	_	_	_	_
937-1	PKP125	937	937	1	lo	lo	_	_	_	_	_	linguistic	_	none	_	_	_	_	_	_
937-2	PKP125	937	937	2	so	so	_	_	_	_	_	linguistic	_	none	_	End=1569.827	_	_	_	_
938-0	PKP131	938	938	0	ti	ti	_	_	_	_	_	linguistic	_	none	_	Begin=1573.064	_	_	_	_
938-1	PKP131	938	938	1	giuro	giuro	_	_	_	_	_	linguistic	_	none	_	_	_	_	_	_
938-2	PKP131	938	938	2	che	che	_	_	_	_	_	linguistic	_	none	_	_	_	_	_	_
938-3	PKP131	938	938	3	su	su	_	_	_	_	_	linguistic	_	none	_	_	_	_	_	_
938-4	PKP131	938	938	4	queste	queste	_	_	_	_	_	linguistic	_	none	_	_	_	_	_	_
938-5	PKP131	938	938	5	cose:	cose	_	_	_	_	_	linguistic	_	none	_	End=1574.546	3x1	_	_	_
939-0	PKP131	939	939	0	sono	sono	_	_	_	_	_	linguistic	_	none	_	Begin=1574.995	_	_	_	_
939-1	PKP131	939	939	1	la	la	_	_	_	_	_	linguistic	_	none	_	_	_	_	_	_
939-2	PKP131	939	939	2	persona	persona	_	_	_	_	_	linguistic	_	none	_	_	_	_	_	_
939-3	PKP131	939	939	3	meno	meno	_	_	_	_	_	linguistic	_	none	_	_	_	_	_	_
939-4	PKP131	939	939	4	informata	informata	_	_	_	_	_	linguistic	_	none	_	_	_	_	_	_
939-5	PKP131	939	939	5	del	del	_	_	_	_	_	linguistic	_	none	_	End=1576.729	_	_	_	_
940-0	PKP125	940	940	0	xx	xx	_	_	_	_	_	unknown	_	none	Syllables=2	Begin=1576.768|End=1577.295	_	_	_	_
941-0	PKP131	941	941	0	dell'	dell'	_	_	_	_	_	linguistic	_	none	SpaceAfter=No	Begin=1577.679	_	_	_	_
941-1	PKP131	941	941	1	xx	xx	_	_	_	_	_	unknown	_	none	Syllables=2	_	_	_	_	_
941-2	PKP131	941	941	2	proprio	proprio	_	_	_	_	_	linguistic	_	none	_	End=1578.975	_	_	_	_
942-0	PKP125	942	942	0	(capiamo)	capiamo	_	_	_	_	_	linguistic	_	none	_	Begin=1578.069|End=1578.502	_	_	0-7(0)	_
943-0	PKP125	943	943	0	(que)sta	questa	_	_	_	_	_	linguistic	_	none	_	Begin=1579.67	_	_	0-3(0)	_
943-1	PKP125	943	943	1	storia	storia	_	_	_	_	_	linguistic	_	none	_	_	_	_	_	_
943-2	PKP125	943	943	2	del	del	_	_	_	_	_	linguistic	_	none	_	_	_	_	_	_
943-3	PKP125	943	943	3	presidente	presidente	_	_	_	_	_	linguistic	_	none	_	_	_	_	_	_
943-4	PKP125	943	943	4	di	di	_	_	_	_	_	linguistic	_	none	_	_	_	_	_	_
943-5	PKP125	943	943	5	regione	regione	_	_	_	_	_	linguistic	_	none	PauseAfter=Yes	_	_	_	_	_
943-6	PKP125	943	943	6	{P}	{P}	_	_	_	_	_	shortpause	_	none	_	_	_	_	_	_
943-7	PKP125	943	943	7	>io	io	_	_	_	_	_	linguistic	_	none	_	_	_	Fast=0-2(0)	_	_
943-8	PKP125	943	943	8	mi	mi	_	_	_	_	_	linguistic	_	none	_	_	_	Fast=0-2(0)	_	_
943-9	PKP125	943	943	9	credi	credi	_	_	_	_	_	linguistic	_	none	_	_	_	Fast=0-5(0)	_	_
943-10	PKP125	943	943	10	che	che	_	_	_	_	_	linguistic	_	none	_	_	_	Fast=0-3(0)	_	_
943-11	PKP125	943	943	11	non	non	_	_	_	_	_	linguistic	_	none	_	_	_	Fast=0-3(0)	_	_
943-12	PKP125	943	943	12	l'	l'	_	_	_	_	_	linguistic	_	none	SpaceAfter=No	_	_	Fast=0-2(0)	_	_
943-13	PKP125	943	943	13	ho	ho	_	_	_	_	_	linguistic	_	none	_	_	_	Fast=0-2(0)	_	_
943-14	PKP125	943	943	14	mai	mai	_	_	_	_	_	linguistic	_	none	_	_	_	Fast=0-3(0)	_	_
943-15	PKP125	943	943	15	capito<	capito	_	_	_	_	_	linguistic	_	none	_	End=1582.167	_	Fast=0-6(0)	_	_
944-0	PKP131	944	944	0	°io	io	_	_	_	_	_	linguistic	_	none	Volume=low	Begin=1584.822	_	_	_	_
944-1	PKP131	944	944	1	sì°	sì	_	_	_	_	_	linguistic	_	none	Volume=low	End=1585.157	_	_	_	_
945-0	PKP131	945	945	0	de	de	_	_	_	_	_	linguistic	_	none	_	Begin=1585.256	_	_	_	_
945-1	PKP131	945	945	1	luca	luca	_	_	_	_	_	linguistic	_	none	_	End=1585.704	_	_	_	_
946-0	PKP131	946	946	0	(no)?	no	_	_	_	_	_	linguistic	_	none	Intonation=Rising	Begin=1586.709|End=1586.916	_	_	0-2(0)	_
947-0	PKP131	947	947	0	non	non	_	_	_	_	_	linguistic	_	none	_	Begin=1588.399	_	_	_	_
947-1	PKP131	947	947	1	c'	c'	_	_	_	_	_	linguistic	_	none	SpaceAfter=No	_	_	_	_	_
947-2	PKP131	947	947	2	è	è	_	_	_	_	_	linguistic	_	none	_	_	_	_	_	_
947-3	PKP131	947	947	3	[(più)]	più	_	_	_	_	_	linguistic	_	none	_	End=1588.896	_	_	0-3(0)	0-3(161)
948-0	PKP125	948	948	0	[de]	de	_	_	_	_	_	linguistic	_	none	_	Begin=1588.758	_	_	_	0-2(161)
948-1	PKP125	948	948	1	luca	luca	_	_	_	_	_	linguistic	_	none	_	End=1589.295	_	_	_	_
949-0	PKP125	949	949	0	non	non	_	_	_	_	_	linguistic	_	none	_	Begin=1589.453	_	_	_	_
949-1	PKP125	949	949	1	so	so	_	_	_	_	_	linguistic	_	none	_	End=1589.95	_	_	_	_
950-0	PKP125	950	950	0	a	a	_	_	_	_	_	linguistic	_	none	_	Begin=1590.399	_	_	_	_
950-1	PKP125	950	950	1	te	te	_	_	_	_	_	linguistic	_	none	_	_	_	_	_	_
950-2	PKP125	950	950	2	è	è	_	_	_	_	_	linguistic	_	none	_	_	_	_	_	_
950-3	PKP125	950	950	3	piaciuto	piaciuto	_	_	_	_	_	linguistic	_	none	_	_	_	_	_	_
950-4	PKP125	950	950	4	de	de	_	_	_	_	_	linguistic	_	none	_	_	_	_	_	_
950-5	PKP125	950	950	5	luca	luca	_	_	_	_	_	linguistic	_	none	_	_	_	_	_	_
950-6	PKP125	950	950	6	nel	nel	_	_	_	_	_	linguistic	_	none	_	_	_	_	_	_
950-7	PKP125	950	950	7	suo	suo	_	_	_	_	_	linguistic	_	none	_	_	_	_	_	_
950-8	PKP125	950	950	8	mandato?	mandato	_	_	_	_	_	linguistic	_	none	Intonation=Rising	End=1592.236	_	_	_	_
951-0	PKP125	951	951	0	cose	cose	_	_	_	_	_	linguistic	_	none	_	Begin=1592.936	_	_	_	_
951-1	PKP125	951	951	1	che	che	_	_	_	_	_	linguistic	_	none	_	_	_	_	_	_
951-2	PKP125	951	951	2	ha	ha	_	_	_	_	_	linguistic	_	none	_	_	_	_	_	_
951-3	PKP125	951	951	3	fatto	fatto	_	_	_	_	_	linguistic	_	none	_	End=1593.615	_	_	_	_
952-0	PKP125	952	952	0	che	che	_	_	_	_	_	linguistic	_	none	_	Begin=1593.647	_	_	_	_
952-1	PKP125	952	952	1	ha	ha	_	_	_	_	_	linguistic	_	none	_	_	_	_	_	_
952-2	PKP125	952	952	2	detto	detto	_	_	_	_	_	linguistic	_	none	_	End=1594.054	_	_	_	_
953-0	PKP131	953	953	0	[m:h]	mh	_	_	_	_	_	linguistic	_	none	_	Begin=1594.827|End=1595.206	0x1	_	_	0-2(162)
954-0	PKP125	954	954	0	[a	a	_	_	_	_	_	linguistic	_	none	_	Begin=1594.975	_	_	_	0-1(162)
954-1	PKP125	954	954	1	par]te	parte	_	_	_	_	_	linguistic	_	none	_	_	_	_	_	0-3(162)
954-2	PKP125	954	954	2	il	il	_	_	_	_	_	linguistic	_	none	_	_	_	_	_	_
954-3	PKP125	954	954	3	lanciafiamme:	lanciafiamme	_	_	_	_	_	linguistic	_	none	_	End=1596.261	11x1	_	_	_
955-0	PKP125	955	955	0	(è	è	_	_	_	_	_	linguistic	_	none	_	Begin=1597.211	_	_	0-1(0)	_
955-1	PKP125	955	955	1	proprio	proprio	_	_	_	_	_	linguistic	_	none	_	_	_	_	0-7(0)	_
955-2	PKP125	955	955	2	stato	stato	_	_	_	_	_	linguistic	_	none	_	_	_	_	0-5(0)	_
955-3	PKP125	955	955	3	diverte~	diverte~	_	_	_	_	_	linguistic	_	none	Interrupted=Yes	_	_	_	0-8(0)	_
955-4	PKP125	955	955	4	iconic	iconic	_	_	_	_	_	linguistic	_	none	_	_	_	_	0-6(0)	_
955-5	PKP125	955	955	5	eh)	eh	_	_	_	_	_	linguistic	_	none	_	End=1599.182	_	_	0-2(0)	_
956-0	PKP131	956	956	0	(gu[arda]	guarda	_	_	_	_	_	linguistic	_	none	_	Begin=1600.093	_	_	_	2-6(163)
956-1	PKP131	956	956	1	quello	quello	_	_	_	_	_	linguistic	_	none	_	_	_	_	_	_
956-2	PKP131	956	956	2	rimarrà	rimarrà	_	_	_	_	_	linguistic	_	none	_	_	_	_	_	_
956-3	PKP131	956	956	3	proprio	proprio	_	_	_	_	_	linguistic	_	none	_	_	_	_	_	_
956-4	PKP131	956	956	4	nella	nella	_	_	_	_	_	linguistic	_	none	_	_	_	_	_	_
956-5	PKP131	956	956	5	storia::	storia	_	_	_	_	_	linguistic	_	none	_	End=1602.167	5x2	_	_	_
957-0	PKP125	957	957	0	[x]	x	_	_	_	_	_	unknown	_	none	Syllables=1	Begin=1600.206|End=1600.413	_	_	_	0-1(163)
958-0	PKP131	958	958	0	italia[na]	italiana	_	_	_	_	_	linguistic	_	none	_	Begin=1603.049|End=1603.714	_	_	_	6-8(164)
959-0	PKP125	959	959	0	[e:h]	eh	_	_	_	_	_	linguistic	_	none	_	Begin=1603.403|End=1603.714	0x1	_	_	0-2(164)
960-0	PKP125	960	960	0	ma	ma	_	_	_	_	_	linguistic	_	none	_	Begin=1603.901	_	_	_	_
960-1	PKP125	960	960	1	quello	quello	_	_	_	_	_	linguistic	_	none	_	_	_	_	_	_
960-2	PKP125	960	960	2	secondo	secondo	_	_	_	_	_	linguistic	_	none	_	_	_	_	_	_
960-3	PKP125	960	960	3	me	me	_	_	_	_	_	linguistic	_	none	_	End=1604.714	_	_	_	_
961-0	PKP125	961	961	0	ha	ha	_	_	_	_	_	linguistic	_	none	_	Begin=1605.468	_	_	_	_
961-1	PKP125	961	961	1	detto	detto	_	_	_	_	_	linguistic	_	none	_	End=1605.975	_	_	_	_
962-0	PKP125	962	962	0	mo	mo	_	_	_	_	_	linguistic	_	none	_	Begin=1606.231	_	_	_	_
962-1	PKP125	962	962	1	faccio	faccio	_	_	_	_	_	linguistic	_	none	_	_	_	_	_	_
962-2	PKP125	962	962	2	un	un	_	_	_	_	_	linguistic	_	none	_	_	_	_	_	_
962-3	PKP125	962	962	3	po'	po'	_	_	_	_	_	linguistic	_	none	_	_	_	_	_	_
962-4	PKP125	962	962	4	di:	di	_	_	_	_	_	linguistic	_	none	_	End=1607.118	1x1	_	_	_
963-0	PKP125	963	963	0	un	un	_	_	_	_	_	linguistic	_	none	_	Begin=1616.069	_	_	_	_
963-1	PKP125	963	963	1	po'	po'	_	_	_	_	_	linguistic	_	none	_	_	_	_	_	_
963-2	PKP125	963	963	2	di:	di	_	_	_	_	_	linguistic	_	none	_	End=1616.758	1x1	_	_	_
964-0	PKP125	964	964	0	propaganda:	propaganda	_	_	_	_	_	linguistic	_	none	_	Begin=1617.719|End=1618.591	9x1	_	_	_
965-0	PKP131	965	965	0	ah	ah	_	_	_	_	_	linguistic	_	none	_	Begin=1620.734|End=1620.941	_	_	_	_
966-0	PKP125	966	966	0	e	e	_	_	_	_	_	linguistic	_	none	_	Begin=1622.118	_	_	_	_
966-1	PKP125	966	966	1	quindi	quindi	_	_	_	_	_	linguistic	_	none	_	_	_	_	_	_
966-2	PKP125	966	966	2	chiara	chiara	_	_	_	_	_	linguistic	_	none	_	_	_	_	_	_
966-3	PKP125	966	966	3	che	che	_	_	_	_	_	linguistic	_	none	_	_	_	_	_	_
966-4	PKP125	966	966	4	ti	ti	_	_	_	_	_	linguistic	_	none	_	_	_	_	_	_
966-5	PKP125	966	966	5	ha	ha	_	_	_	_	_	linguistic	_	none	_	_	_	_	_	_
966-6	PKP125	966	966	6	detto	detto	_	_	_	_	_	linguistic	_	none	_	_	_	_	_	_
966-7	PKP125	966	966	7	no?	no	_	_	_	_	_	linguistic	_	none	Intonation=Rising	End=1623.605	_	_	_	_
967-0	PKP125	967	967	0	ma	ma	_	_	_	_	_	linguistic	_	none	_	Begin=1624.433	_	_	_	_
967-1	PKP125	967	967	1	chiara	chiara	_	_	_	_	_	linguistic	_	none	_	_	_	_	_	_
967-2	PKP125	967	967	2	già	già	_	_	_	_	_	linguistic	_	none	_	_	_	_	_	_
967-3	PKP125	967	967	3	le	le	_	_	_	_	_	linguistic	_	none	_	_	_	_	_	_
967-4	PKP125	967	967	4	sta	sta	_	_	_	_	_	linguistic	_	none	_	_	_	_	_	_
967-5	PKP125	967	967	5	facendo	facendo	_	_	_	_	_	linguistic	_	none	_	_	_	_	_	_
967-6	PKP125	967	967	6	le	le	_	_	_	_	_	linguistic	_	none	_	_	_	_	_	_
967-7	PKP125	967	967	7	ripetizioni	ripetizioni	_	_	_	_	_	linguistic	_	none	_	_	_	_	_	_
967-8	PKP125	967	967	8	al	al	_	_	_	_	_	linguistic	_	none	_	_	_	_	_	_
967-9	PKP125	967	967	9	momento?	momento	_	_	_	_	_	linguistic	_	none	Intonation=Rising	End=1626.655	_	_	_	_
968-0	PKP125	968	968	0	ah	ah	_	_	_	_	_	linguistic	_	none	_	Begin=1627.837	_	_	_	_
968-1	PKP125	968	968	1	no?	no	_	_	_	_	_	linguistic	_	none	Intonation=Rising	End=1628.236	_	_	_	_
969-0	PKP131	969	969	0	eh	eh	_	_	_	_	_	linguistic	_	none	_	Begin=1631.423	_	_	_	_
969-1	PKP131	969	969	1	ma	ma	_	_	_	_	_	linguistic	_	none	_	_	_	_	_	_
969-2	PKP131	969	969	2	che	che	_	_	_	_	_	linguistic	_	none	_	_	_	_	_	_
969-3	PKP131	969	969	3	devo	devo	_	_	_	_	_	linguistic	_	none	_	_	_	_	_	_
969-4	PKP131	969	969	4	fa'?	fa'	_	_	_	_	_	linguistic	_	none	Intonation=Rising|Truncated=Yes	End=1632.197	_	_	_	_
970-0	PKP125	970	970	0	quelle	quelle	_	_	_	_	_	linguistic	_	none	_	Begin=1632.65	_	_	_	_
970-1	PKP125	970	970	1	matematica	matematica	_	_	_	_	_	linguistic	_	none	_	_	_	_	_	_
970-2	PKP125	970	970	2	e	e	_	_	_	_	_	linguistic	_	none	_	_	_	_	_	_
970-3	PKP125	970	970	3	latino	latino	_	_	_	_	_	linguistic	_	none	_	_	_	_	_	_
970-4	PKP125	970	970	4	martina	martina	_	_	_	_	_	linguistic	_	none	_	_	_	_	_	_
970-5	PKP125	970	970	5	chiedono	chiedono	_	_	_	_	_	linguistic	_	none	_	_	_	_	_	_
970-6	PKP125	970	970	6	tanto	tanto	_	_	_	_	_	linguistic	_	none	_	End=1634.852	_	_	_	_
971-0	PKP131	971	971	0	ah	ah	_	_	_	_	_	linguistic	_	none	_	Begin=1636.152	_	_	_	_
971-1	PKP131	971	971	1	boh	boh	_	_	_	_	_	linguistic	_	none	_	End=1636.507	_	_	_	_
972-0	PKP131	972	972	0	matematica	matematica	_	_	_	_	_	linguistic	_	none	_	Begin=1637.253	_	_	_	_
972-1	PKP131	972	972	1	l'	l'	_	_	_	_	_	linguistic	_	none	SpaceAfter=No	_	_	_	_	_
972-2	PKP131	972	972	2	ho	ho	_	_	_	_	_	linguistic	_	none	_	_	_	_	_	_
972-3	PKP131	972	972	3	fatta	fatta	_	_	_	_	_	linguistic	_	none	_	_	_	_	_	_
972-4	PKP131	972	972	4	non	non	_	_	_	_	_	linguistic	_	none	_	_	_	_	_	_
972-5	PKP131	972	972	5	la	la	_	_	_	_	_	linguistic	_	none	_	_	_	_	_	_
972-6	PKP131	972	972	6	so	so	_	_	_	_	_	linguistic	_	none	_	_	_	_	_	_
972-7	PKP131	972	972	7	fare	fare	_	_	_	_	_	linguistic	_	none	_	End=1638.916	_	_	_	_
973-0	PKP131	973	973	0	latino	latino	_	_	_	_	_	linguistic	_	none	_	Begin=1638.944	_	_	_	_
973-1	PKP131	973	973	1	non	non	_	_	_	_	_	linguistic	_	none	_	_	_	_	_	_
973-2	PKP131	973	973	2	l'	l'	_	_	_	_	_	linguistic	_	none	SpaceAfter=No	_	_	_	_	_
973-3	PKP131	973	973	3	ho	ho	_	_	_	_	_	linguistic	_	none	_	_	_	_	_	_
973-4	PKP131	973	973	4	fatto	fatto	_	_	_	_	_	linguistic	_	none	_	_	_	_	_	_
973-5	PKP131	973	973	5	proprio	proprio	_	_	_	_	_	linguistic	_	none	_	_	_	_	_	_
973-6	PKP131	973	973	6	(quindi)	quindi	_	_	_	_	_	linguistic	_	none	_	End=1640.389	_	_	0-6(0)	_
974-0	PKP125	974	974	0	eh	eh	_	_	_	_	_	linguistic	_	none	_	Begin=1641.098|End=1641.364	_	_	_	_
975-0	PKP125	975	975	0	chiara	chiara	_	_	_	_	_	linguistic	_	none	_	Begin=1641.453	_	_	_	_
975-1	PKP125	975	975	1	l'	l'	_	_	_	_	_	linguistic	_	none	SpaceAfter=No	_	_	_	_	_
975-2	PKP125	975	975	2	ha	ha	_	_	_	_	_	linguistic	_	none	_	_	_	_	_	_
975-3	PKP125	975	975	3	fatto	fatto	_	_	_	_	_	linguistic	_	none	_	_	_	_	_	_
975-4	PKP125	975	975	4	latino	latino	_	_	_	_	_	linguistic	_	none	_	End=1642.399	_	_	_	_
976-0	PKP131	976	976	0	mh	mh	_	_	_	_	_	linguistic	_	none	_	Begin=1642.61|End=1642.832	_	_	_	_
977-0	PKP125	977	977	0	era	era	_	_	_	_	_	linguistic	_	none	_	Begin=1643.305	_	_	_	_
977-1	PKP125	977	977	1	pure	pure	_	_	_	_	_	linguistic	_	none	_	_	_	_	_	_
977-2	PKP125	977	977	2	brava	brava	_	_	_	_	_	linguistic	_	none	PauseAfter=Yes	_	_	_	_	_
977-3	PKP125	977	977	3	{P}	{P}	_	_	_	_	_	shortpause	_	none	_	_	_	_	_	_
977-4	PKP125	977	977	4	perché	perché	_	_	_	_	_	linguistic	_	none	_	_	_	_	_	_
977-5	PKP125	977	977	5	quello	quello	_	_	_	_	_	linguistic	_	none	_	_	_	_	_	_
977-6	PKP125	977	977	6	era	era	_	_	_	_	_	linguistic	_	none	_	_	_	_	_	_
977-7	PKP125	977	977	7	xxx	xxx	_	_	_	_	_	unknown	_	none	Syllables=3	_	_	_	_	_
977-8	PKP125	977	977	8	no?	no	_	_	_	_	_	linguistic	_	none	Intonation=Rising	End=1645.241	_	_	_	_
978-0	PKP131	978	978	0	eh	eh	_	_	_	_	_	linguistic	_	none	_	Begin=1645.517|End=1645.709	_	_	_	_
979-0	PKP125	979	979	0	ma	ma	_	_	_	_	_	linguistic	_	none	_	Begin=1651.995|End=1652.29	_	_	_	_
980-0	PKP125	980	980	0	chiara	chiara	_	_	_	_	_	linguistic	_	none	_	Begin=1652.921	_	_	_	_
980-1	PKP125	980	980	1	se	se	_	_	_	_	_	linguistic	_	none	_	_	_	_	_	_
980-2	PKP125	980	980	2	la	la	_	_	_	_	_	linguistic	_	none	_	_	_	_	_	_
980-3	PKP125	980	980	3	passa	passa	_	_	_	_	_	linguistic	_	none	_	_	_	_	_	_
980-4	PKP125	980	980	4	con	con	_	_	_	_	_	linguistic	_	none	_	_	_	_	_	_
980-5	PKP125	980	980	5	xx	xx	_	_	_	_	_	unknown	_	none	Syllables=2	_	_	_	_	_
980-6	PKP125	980	980	6	(al	al	_	_	_	_	_	linguistic	_	none	_	_	_	_	0-2(0)	_
980-7	PKP125	980	980	7	villaggio)	villaggio	_	_	_	_	_	linguistic	_	none	_	End=1654.502	_	_	0-9(0)	_
981-0	PKP125	981	981	0	a	a	_	_	_	_	_	linguistic	_	none	_	Begin=1654.531	_	_	_	_
981-1	PKP125	981	981	1	xx	xx	_	_	_	_	_	unknown	_	none	Syllables=2	_	_	_	_	_
981-2	PKP125	981	981	2	no	no	_	_	_	_	_	linguistic	_	none	_	End=1655.118	_	_	_	_
982-0	PKP131	982	982	0	°xxxx	xxxx	_	_	_	_	_	unknown	_	none	Volume=low|Syllables=4	Begin=1655.512	_	_	_	_
982-1	PKP131	982	982	1	sì°	sì	_	_	_	_	_	linguistic	_	none	Volume=low	End=1656.226	_	_	_	_
983-0	PKP125	983	983	0	(ma	ma	_	_	_	_	_	linguistic	_	none	_	Begin=1658.468	_	_	0-2(0)	_
983-1	PKP125	983	983	1	chi	chi	_	_	_	_	_	linguistic	_	none	_	_	_	_	0-3(0)	_
983-2	PKP125	983	983	2	aveva	aveva	_	_	_	_	_	linguistic	_	none	_	_	_	_	0-5(0)	_
983-3	PKP125	983	983	3	come	come	_	_	_	_	_	linguistic	_	none	_	_	_	_	0-4(0)	_
983-4	PKP125	983	983	4	professoressa?)	professoressa	_	_	_	_	_	linguistic	_	none	Intonation=Rising	End=1659.684	_	_	0-13(0)	_
984-0	PKP125	984	984	0	mica	mica	_	_	_	_	_	linguistic	_	none	_	Begin=1661.468	_	_	_	_
984-1	PKP125	984	984	1	aveva	aveva	_	_	_	_	_	linguistic	_	none	_	_	_	_	_	_
984-2	PKP125	984	984	2	le	le	_	_	_	_	_	linguistic	_	none	_	_	_	_	_	_
984-3	PKP125	984	984	3	stesse	stesse	_	_	_	_	_	linguistic	_	none	_	_	_	_	_	_
984-4	PKP125	984	984	4	mie:	mie	_	_	_	_	_	linguistic	_	none	_	End=1662.62	2x1	_	_	_
985-0	PKP131	985	985	0	[a:veva	aveva	_	_	_	_	_	linguistic	_	none	_	Begin=1663.394	0x1	_	_	0-5(165)
985-1	PKP131	985	985	1	quello	quello	_	_	_	_	_	linguistic	_	none	_	_	_	_	_	0-6(165)
985-2	PKP131	985	985	2	là]::	là	_	_	_	_	_	linguistic	_	none	_	End=1664.862	1x2	_	_	0-2(165)
986-0	PKP125	986	986	0	[anna	anna	_	_	_	_	_	linguistic	_	none	_	Begin=1663.453	_	_	_	0-4(165)
986-1	PKP125	986	986	1	neri]	neri	_	_	_	_	_	linguistic	_	none	_	End=1664.285	_	_	_	0-4(165)
987-0	PKP131	987	987	0	o	o	_	_	_	_	_	linguistic	_	none	_	Begin=1666.246	_	_	_	_
987-1	PKP131	987	987	1	rossini	rossini	_	_	_	_	_	linguistic	_	none	_	End=1666.955	_	_	_	_
988-0	PKP131	988	988	0	(poi)	poi	_	_	_	_	_	linguistic	_	none	_	Begin=1667.083	_	_	0-3(0)	_
988-1	PKP131	988	988	1	l'	l'	_	_	_	_	_	linguistic	_	none	SpaceAfter=No	_	_	_	_	_
988-2	PKP131	988	988	2	ha	ha	_	_	_	_	_	linguistic	_	none	_	_	_	_	_	_
988-3	PKP131	988	988	3	cambiato	cambiato	_	_	_	_	_	linguistic	_	none	_	End=1667.95	_	_	_	_
989-0	PKP131	989	989	0	(>stai	stai	_	_	_	_	_	linguistic	_	none	_	Begin=1668.96	_	Fast=0-4(0)	0-4(0)	_
989-1	PKP131	989	989	1	parlando	parlando	_	_	_	_	_	linguistic	_	none	_	_	_	Fast=0-8(0)	0-8(0)	_
989-2	PKP131	989	989	2	del	del	_	_	_	_	_	linguistic	_	none	_	_	_	Fast=0-3(0)	0-3(0)	_
989-3	PKP131	989	989	3	professore	professore	_	_	_	_	_	linguistic	_	none	_	_	_	Fast=0-10(0)	0-10(0)	_
989-4	PKP131	989	989	4	di	di	_	_	_	_	_	linguistic	_	none	_	_	_	Fast=0-2(0)	0-2(0)	_
989-5	PKP131	989	989	5	matematica	matematica	_	_	_	_	_	linguistic	_	none	_	_	_	Fast=0-10(0)	0-10(0)	_
989-6	PKP131	989	989	6	e	e	_	_	_	_	_	linguistic	_	none	_	_	_	Fast=0-1(0)	0-1(0)	_
989-7	PKP131	989	989	7	di	di	_	_	_	_	_	linguistic	_	none	_	_	_	Fast=0-2(0)	0-2(0)	_
989-8	PKP131	989	989	8	latino<)?	latino	_	_	_	_	_	linguistic	_	none	Intonation=Rising	End=1670.61	_	Fast=0-6(0)	0-6(0)	_
990-0	PKP125	990	990	0	latino	latino	_	_	_	_	_	linguistic	_	none	_	Begin=1671.812|End=1672.162	_	_	_	_
991-0	PKP131	991	991	0	xx	xx	_	_	_	_	_	unknown	_	none	Syllables=2	Begin=1672.97|End=1673.295	_	_	_	_
992-0	PKP125	992	992	0	boh	boh	_	_	_	_	_	linguistic	_	none	_	Begin=1677.714|End=1678.014	_	_	_	_
993-0	PKP131	993	993	0	xx	xx	_	_	_	_	_	unknown	_	none	Syllables=2	Begin=1686.906|End=1687.344	_	_	_	_
994-0	PKP125	994	994	0	non	non	_	_	_	_	_	linguistic	_	none	_	Begin=1689.679	_	_	_	_
994-1	PKP125	994	994	1	ci	ci	_	_	_	_	_	linguistic	_	none	_	_	_	_	_	_
994-2	PKP125	994	994	2	interessa	interessa	_	_	_	_	_	linguistic	_	none	_	_	_	_	_	_
994-3	PKP125	994	994	3	del	del	_	_	_	_	_	linguistic	_	none	_	_	_	_	_	_
994-4	PKP125	994	994	4	resto	resto	_	_	_	_	_	linguistic	_	none	_	End=1690.803	_	_	_	_
995-0	PKP125	995	995	0	c'	c'	_	_	_	_	_	linguistic	_	none	SpaceAfter=No	Begin=1690.852	_	_	_	_
995-1	PKP125	995	995	1	ho	ho	_	_	_	_	_	linguistic	_	none	_	_	_	_	_	_
995-2	PKP125	995	995	2	una	una	_	_	_	_	_	linguistic	_	none	_	_	_	_	_	_
995-3	PKP125	995	995	3	formica	formica	_	_	_	_	_	linguistic	_	none	_	_	_	_	_	_
995-4	PKP125	995	995	4	(schiattata)	schiattata	_	_	_	_	_	linguistic	_	none	_	_	_	_	0-10(0)	_
995-5	PKP125	995	995	5	nel	nel	_	_	_	_	_	linguistic	_	none	_	_	_	_	_	_
995-6	PKP125	995	995	6	pane	pane	_	_	_	_	_	linguistic	_	none	_	End=1692.448	_	_	_	_
996-0	PKP131	996	996	0	ma	ma	_	_	_	_	_	linguistic	_	none	_	Begin=1693.453	_	_	_	_
996-1	PKP131	996	996	1	(tutte	tutte	_	_	_	_	_	linguistic	_	none	_	_	_	_	_	_
996-2	PKP131	996	996	2	(que)ste	queste	_	_	_	_	_	linguistic	_	none	_	_	_	_	_	_
996-3	PKP131	996	996	3	formiche	formiche	_	_	_	_	_	linguistic	_	none	_	_	_	_	_	_
996-4	PKP131	996	996	4	perché?)	perché	_	_	_	_	_	linguistic	_	none	Intonation=Rising	End=1694.803	_	_	_	_
997-0	PKP131	997	997	0	sì	sì	_	_	_	_	_	linguistic	_	none	_	Begin=1696.64	_	_	_	_
997-1	PKP131	997	997	1	[xx]xx	xxxx	_	_	_	_	_	unknown	_	none	Syllables=4	End=1697.655	_	_	_	0-2(166)
998-0	PKP125	998	998	0	[ah]	ah	_	_	_	_	_	linguistic	_	none	_	Begin=1696.763|End=1697.019	_	_	_	0-2(166)
999-0	PKP131	999	999	0	{ride}	{ride}	_	_	_	_	_	nonverbalbehavior	_	none	_	Begin=1700.928|End=1701.327	_	_	_	_
1000-0	PKP131	1000	1000	0	{ride}	{ride}	_	_	_	_	_	nonverbalbehavior	_	none	_	Begin=1701.903|End=1702.273	_	_	_	_
1001-0	PKP125	1001	1001	0	wap	wap	_	_	_	_	_	linguistic	_	none	_	Begin=1706.256	_	_	_	_
1001-1	PKP125	1001	1001	1	challenge	challenge	_	_	_	_	_	linguistic	_	none	_	End=1707.123	_	_	_	_
1002-0	PKP125	1002	1002	0	#mangia	#mangia	_	_	_	_	_	error	_	none	_	Begin=1707.537	_	_	_	_
1002-1	PKP125	1002	1002	1	questo	questo	_	_	_	_	_	linguistic	_	none	_	_	_	_	_	_
1002-2	PKP125	1002	1002	2	tutto	tutto	_	_	_	_	_	linguistic	_	none	_	_	_	_	_	_
1002-3	PKP125	1002	1002	3	o	o	_	_	_	_	_	linguistic	_	none	_	_	_	_	_	_
1002-4	PKP125	1002	1002	4	pesce	pesce	_	_	_	_	_	linguistic	_	none	_	End=1708.63	_	_	_	_
1003-0	PKP131	1003	1003	0	no	no	_	_	_	_	_	linguistic	_	none	_	Begin=1708.931	_	_	_	_
1003-1	PKP131	1003	1003	1	mangialo	mangialo	_	_	_	_	_	linguistic	_	none	_	_	_	_	_	_
1003-2	PKP131	1003	1003	2	tu	tu	_	_	_	_	_	linguistic	_	none	_	End=1709.556	_	_	_	_
1004-0	PKP125	1004	1004	0	no	no	_	_	_	_	_	linguistic	_	none	_	Begin=1710.724	_	_	_	_
1004-1	PKP125	1004	1004	1	m[angialo	mangialo	_	_	_	_	_	linguistic	_	none	_	_	_	_	_	1-8(167)
1004-2	PKP125	1004	1004	2	tu]	tu	_	_	_	_	_	linguistic	_	none	_	End=1711.512	_	_	_	0-2(167)
1005-0	PKP131	1005	1005	0	[(puoi	puoi	_	_	_	_	_	linguistic	_	none	_	Begin=1710.906	_	_	0-4(0)	0-4(167)
1005-1	PKP131	1005	1005	1	ballare]	ballare	_	_	_	_	_	linguistic	_	none	_	_	_	_	0-7(0)	0-7(167)
1005-2	PKP131	1005	1005	2	quì)	quì	_	_	_	_	_	linguistic	_	none	_	End=1711.729	_	_	0-3(0)	_
1006-0	PKP131	1006	1006	0	(stai	stai	_	_	_	_	_	linguistic	_	none	_	Begin=1713.743	_	_	0-4(0)	_
1006-1	PKP131	1006	1006	1	dritto)	dritto	_	_	_	_	_	linguistic	_	none	_	End=1714.458	_	_	0-6(0)	_
1007-0	PKP125	1007	1007	0	°(no)°	no	_	_	_	_	_	linguistic	_	none	Volume=low	Begin=1715.546|End=1715.758	_	_	0-2(0)	_
1008-0	PKP131	1008	1008	0	x	x	_	_	_	_	_	unknown	_	none	Syllables=1	Begin=1717.679|End=1717.837	_	_	_	_
1009-0	PKP125	1009	1009	0	{ride}	{ride}	_	_	_	_	_	nonverbalbehavior	_	none	_	Begin=1719.11|End=1719.571	_	_	_	_
1010-0	PKP131	1010	1010	0	{ride}	{ride}	_	_	_	_	_	nonverbalbehavior	_	none	_	Begin=1719.319|End=1719.916	_	_	_	_
1011-0	PKP125	1011	1011	0	no	no	_	_	_	_	_	linguistic	_	none	_	Begin=1719.97	_	_	_	_
1011-1	PKP125	1011	1011	1	poi	poi	_	_	_	_	_	linguistic	_	none	_	_	_	_	_	_
1011-2	PKP125	1011	1011	2	nella	nella	_	_	_	_	_	linguistic	_	none	_	_	_	_	_	_
1011-3	PKP125	1011	1011	3	traccia	traccia	_	_	_	_	_	linguistic	_	none	_	_	_	_	_	_
1011-4	PKP125	1011	1011	4	devo	devo	_	_	_	_	_	linguistic	_	none	_	_	_	_	_	_
1011-5	PKP125	1011	1011	5	scrivere	scrivere	_	_	_	_	_	linguistic	_	none	PauseAfter=Yes	_	_	_	_	_
1011-6	PKP125	1011	1011	6	{P}	{P}	_	_	_	_	_	shortpause	_	none	_	_	_	_	_	_
1011-7	PKP125	1011	1011	7	<tutta>	tutta	_	_	_	_	_	linguistic	_	none	_	End=1721.926	_	Slow=0-5(0)	_	_
1012-0	PKP125	1012	1012	0	vabbè	vabbè	_	_	_	_	_	linguistic	_	none	_	Begin=1724.246|End=1724.551	_	_	_	_
1013-0	PKP125	1013	1013	0	>se	se	_	_	_	_	_	linguistic	_	none	_	Begin=1724.822	_	Fast=0-2(0)	_	_
1013-1	PKP125	1013	1013	1	lo	lo	_	_	_	_	_	linguistic	_	none	_	_	_	Fast=0-2(0)	_	_
1013-2	PKP125	1013	1013	2	vuoi	vuoi	_	_	_	_	_	linguistic	_	none	_	_	_	Fast=0-4(0)	_	_
1013-3	PKP125	1013	1013	3	fare<	fare	_	_	_	_	_	linguistic	_	none	_	_	_	Fast=0-4(0)	_	_
1013-4	PKP125	1013	1013	4	fallo	fallo	_	_	_	_	_	linguistic	_	none	_	End=1725.665	_	_	_	_
1014-0	PKP131	1014	1014	0	{ride}	{ride}	_	_	_	_	_	nonverbalbehavior	_	none	_	Begin=1730.384	_	_	_	_
1014-1	PKP131	1014	1014	1	m:h	mh	_	_	_	_	_	linguistic	_	none	_	_	0x1	_	_	_
1014-2	PKP131	1014	1014	2	no:	no	_	_	_	_	_	linguistic	_	none	_	End=1731.064	1x1	_	_	_
1015-0	PKP125	1015	1015	0	non	non	_	_	_	_	_	linguistic	_	none	_	Begin=1731.98	_	_	_	_
1015-1	PKP125	1015	1015	1	mi	mi	_	_	_	_	_	linguistic	_	none	_	_	_	_	_	_
1015-2	PKP125	1015	1015	2	(ca:)	ca	_	_	_	_	_	linguistic	_	none	_	End=1732.408	1x1	_	0-2(0)	_
1016-0	PKP131	1016	1016	0	{ride}	{ride}	_	_	_	_	_	nonverbalbehavior	_	none	_	Begin=1735.798|End=1736.517	_	_	_	_
1017-0	PKP125	1017	1017	0	{ride}	{ride}	_	_	_	_	_	nonverbalbehavior	_	none	_	Begin=1736.78|End=1737.374	_	_	_	_
1018-0	PKP125	1018	1018	0	ops	ops	_	_	_	_	_	linguistic	_	none	_	Begin=1737.684|End=1738.221	_	_	_	_
1019-0	PKP131	1019	1019	0	comunque	comunque	_	_	_	_	_	linguistic	_	none	_	Begin=1743.118	_	_	_	_
1019-1	PKP131	1019	1019	1	perché	perché	_	_	_	_	_	linguistic	_	none	_	_	_	_	_	_
1019-2	PKP131	1019	1019	2	sta	sta	_	_	_	_	_	linguistic	_	none	_	_	_	_	_	_
1019-3	PKP131	1019	1019	3	quell'	quell'	_	_	_	_	_	linguistic	_	none	SpaceAfter=No	_	_	_	_	_
1019-4	PKP131	1019	1019	4	alcool	alcool	_	_	_	_	_	linguistic	_	none	PauseAfter=Yes	_	_	_	_	_
1019-5	PKP131	1019	1019	5	{P}	{P}	_	_	_	_	_	shortpause	_	none	_	_	_	_	_	_
1019-6	PKP131	1019	1019	6	là:	là	_	_	_	_	_	linguistic	_	none	_	_	1x1	_	_	_
1019-7	PKP131	1019	1019	7	dentro?	dentro	_	_	_	_	_	linguistic	_	none	Intonation=Rising	End=1745.226	_	_	_	_
1020-0	PKP125	1020	1020	0	QUALE	quale	_	_	_	_	_	linguistic	_	none	Volume=high	Begin=1745.601	_	_	_	_
1020-1	PKP125	1020	1020	1	ALCOOL?	alcool	_	_	_	_	_	linguistic	_	none	Intonation=Rising|Volume=high	End=1746.384	_	_	_	_
1021-0	PKP131	1021	1021	0	{ride}	{ride}	_	_	_	_	_	nonverbalbehavior	_	none	_	Begin=1746.798|End=1747.162	_	_	_	_
1022-0	PKP131	1022	1022	0	xxx	xxx	_	_	_	_	_	unknown	_	none	Syllables=3	Begin=1747.249	_	_	_	_
1022-1	PKP131	1022	1022	1	{ride}	{ride}	_	_	_	_	_	nonverbalbehavior	_	none	_	End=1748.266	_	_	_	_
1023-0	PKP125	1023	1023	0	[A]:H	ah	_	_	_	_	_	linguistic	_	none	Volume=high	Begin=1748.507|End=1749.107	0x1	_	_	0-1(0)
1024-0	PKP131	1024	1024	0	[xx]	xx	_	_	_	_	_	unknown	_	none	Syllables=2	Begin=1748.507|End=1748.819	_	_	_	0-2(0)
1025-0	PKP125	1025	1025	0	pensavo	pensavo	_	_	_	_	_	linguistic	_	none	_	Begin=1750.592	_	_	_	_
1025-1	PKP125	1025	1025	1	la	la	_	_	_	_	_	linguistic	_	none	_	_	_	_	_	_
1025-2	PKP125	1025	1025	2	vodka	vodka	_	_	_	_	_	linguistic	_	none	_	_	_	_	_	_
1025-3	PKP125	1025	1025	3	nell'	nell'	_	_	_	_	_	linguistic	_	none	SpaceAfter=No	_	_	_	_	_
1025-4	PKP125	1025	1025	4	armadio	armadio	_	_	_	_	_	linguistic	_	none	_	End=1752.131	_	_	_	_
1026-0	PKP131	1026	1026	0	cosa?	cosa	_	_	_	_	_	linguistic	_	none	Intonation=Rising	Begin=1754.152|End=1754.561	_	_	_	_
1027-0	PKP125	1027	1027	0	cosa?	cosa	_	_	_	_	_	linguistic	_	none	Intonation=Rising	Begin=1756.262|End=1756.512	_	_	_	_
1028-0	PKP131	1028	1028	0	como?	como	_	_	_	_	_	linguistic	_	none	Intonation=Rising	Begin=1758.571	_	_	_	_
1028-1	PKP131	1028	1028	1	{ride}	{ride}	_	_	_	_	_	nonverbalbehavior	_	none	_	End=1759.088	_	_	_	_
1029-0	PKP131	1029	1029	0	hai	hai	_	_	_	_	_	linguistic	_	none	_	Begin=1760.122	_	_	_	_
1029-1	PKP131	1029	1029	1	della	della	_	_	_	_	_	linguistic	_	none	_	_	_	_	_	_
1029-2	PKP131	1029	1029	2	vodka	vodka	_	_	_	_	_	linguistic	_	none	_	_	_	_	_	_
1029-3	PKP131	1029	1029	3	nell'	nell'	_	_	_	_	_	linguistic	_	none	SpaceAfter=No	_	_	_	_	_
1029-4	PKP131	1029	1029	4	armadio?	armadio	_	_	_	_	_	linguistic	_	none	Intonation=Rising	End=1761.857	_	_	_	_
1030-0	PKP125	1030	1030	0	sì	sì	_	_	_	_	_	linguistic	_	none	_	Begin=1763.812|End=1764.049	_	_	_	_
1031-0	PKP131	1031	1031	0	vodka	vodka	_	_	_	_	_	linguistic	_	none	_	Begin=1767.182	_	_	_	_
1031-1	PKP131	1031	1031	1	xx	xx	_	_	_	_	_	unknown	_	none	Syllables=2	End=1768.108	_	_	_	_
1032-0	PKP125	1032	1032	0	perché	perché	_	_	_	_	_	linguistic	_	none	_	Begin=1768.61	_	_	_	_
1032-1	PKP125	1032	1032	1	al	al	_	_	_	_	_	linguistic	_	none	_	_	_	_	_	_
1032-2	PKP125	1032	1032	2	compleanno	compleanno	_	_	_	_	_	linguistic	_	none	_	_	_	_	_	_
1032-3	PKP125	1032	1032	3	mi	mi	_	_	_	_	_	linguistic	_	none	_	_	_	_	_	_
1032-4	PKP125	1032	1032	4	hanno	hanno	_	_	_	_	_	linguistic	_	none	_	_	_	_	_	_
1032-5	PKP125	1032	1032	5	regalato	regalato	_	_	_	_	_	linguistic	_	none	_	_	_	_	_	_
1032-6	PKP125	1032	1032	6	(que)ste	queste	_	_	_	_	_	linguistic	_	none	_	_	_	_	0-3(0)	_
1032-7	PKP125	1032	1032	7	due	due	_	_	_	_	_	linguistic	_	none	_	_	_	_	_	_
1032-8	PKP125	1032	1032	8	bottiglie	bottiglie	_	_	_	_	_	linguistic	_	none	_	_	_	_	_	_
1032-9	PKP125	1032	1032	9	di	di	_	_	_	_	_	linguistic	_	none	_	_	_	_	_	_
1032-10	PKP125	1032	1032	10	vodka	vodka	_	_	_	_	_	linguistic	_	none	_	End=1770.694	_	_	_	_
1033-0	PKP125	1033	1033	0	che	che	_	_	_	_	_	linguistic	_	none	_	Begin=1770.724	_	_	_	_
1033-1	PKP125	1033	1033	1	ancora	ancora	_	_	_	_	_	linguistic	_	none	_	_	_	_	_	_
1033-2	PKP125	1033	1033	2	devo	devo	_	_	_	_	_	linguistic	_	none	_	_	_	_	_	_
1033-3	PKP125	1033	1033	3	bere	bere	_	_	_	_	_	linguistic	_	none	_	_	_	_	_	_
1033-4	PKP125	1033	1033	4	perché	perché	_	_	_	_	_	linguistic	_	none	_	_	_	_	_	_
1033-5	PKP125	1033	1033	5	non	non	_	_	_	_	_	linguistic	_	none	_	_	_	_	_	_
1033-6	PKP125	1033	1033	6	esco	esco	_	_	_	_	_	linguistic	_	none	_	End=1772.206	_	_	_	_
1034-0	PKP125	1034	1034	0	(fondamentalmente)	fondamentalmente	_	_	_	_	_	linguistic	_	none	_	Begin=1772.66|End=1773.507	_	_	0-16(0)	_
1035-0	PKP131	1035	1035	0	mh	mh	_	_	_	_	_	linguistic	_	none	_	Begin=1774.645|End=1774.852	_	_	_	_
1036-0	PKP131	1036	1036	0	(ma	ma	_	_	_	_	_	linguistic	_	none	_	Begin=1774.899	_	_	0-2(0)	_
1036-1	PKP131	1036	1036	1	t'	t'	_	_	_	_	_	linguistic	_	none	SpaceAfter=No	_	_	_	0-2(0)	_
1036-2	PKP131	1036	1036	2	ho	ho	_	_	_	_	_	linguistic	_	none	_	_	_	_	0-2(0)	_
1036-3	PKP131	1036	1036	3	detto	detto	_	_	_	_	_	linguistic	_	none	_	_	_	_	0-5(0)	_
1036-4	PKP131	1036	1036	4	esci	esci	_	_	_	_	_	linguistic	_	none	_	_	_	_	0-4(0)	_
1036-5	PKP131	1036	1036	5	con	con	_	_	_	_	_	linguistic	_	none	_	_	_	_	0-3(0)	_
1036-6	PKP131	1036	1036	6	noi	noi	_	_	_	_	_	linguistic	_	none	_	_	_	_	0-3(0)	_
1036-7	PKP131	1036	1036	7	qualche	qualche	_	_	_	_	_	linguistic	_	none	_	_	_	_	0-7(0)	_
1036-8	PKP131	1036	1036	8	sera)	sera	_	_	_	_	_	linguistic	_	none	_	End=1776.339	_	_	0-4(0)	_
1037-0	PKP131	1037	1037	0	(>facciamo	facciamo	_	_	_	_	_	linguistic	_	none	_	Begin=1776.37	_	Fast=0-8(0)	0-8(0)	_
1037-1	PKP131	1037	1037	1	venire	venire	_	_	_	_	_	linguistic	_	none	_	_	_	Fast=0-6(0)	0-6(0)	_
1037-2	PKP131	1037	1037	2	anto<)	anto	_	_	_	_	_	linguistic	_	none	_	End=1776.896	_	Fast=0-4(0)	0-4(0)	_
1038-0	PKP131	1038	1038	0	cioè	cioè	_	_	_	_	_	linguistic	_	none	_	Begin=1777.093	_	_	_	_
1038-1	PKP131	1038	1038	1	ti	ti	_	_	_	_	_	linguistic	_	none	_	_	_	_	_	_
1038-2	PKP131	1038	1038	2	annoi	annoi	_	_	_	_	_	linguistic	_	none	PauseAfter=Yes	_	_	_	_	_
1038-3	PKP131	1038	1038	3	{P}	{P}	_	_	_	_	_	shortpause	_	none	_	_	_	_	_	_
1038-4	PKP131	1038	1038	4	(è	è	_	_	_	_	_	linguistic	_	none	_	_	_	_	0-1(0)	_
1038-5	PKP131	1038	1038	5	raro	raro	_	_	_	_	_	linguistic	_	none	_	_	_	_	0-4(0)	_
1038-6	PKP131	1038	1038	6	sicuramen[te)]	sicuramente	_	_	_	_	_	linguistic	_	none	_	End=1778.945	_	_	0-11(0)	9-11(2)
1039-0	PKP125	1039	1039	0	[C]OME?	come	_	_	_	_	_	linguistic	_	none	Intonation=Rising|Volume=high	Begin=1778.881|End=1779.389	_	_	_	0-1(2)
1040-0	PKP125	1040	1040	0	non	non	_	_	_	_	_	linguistic	_	none	_	Begin=1779.443	_	_	_	_
1040-1	PKP125	1040	1040	1	ho	ho	_	_	_	_	_	linguistic	_	none	_	_	_	_	_	_
1040-2	PKP125	1040	1040	2	capito	capito	_	_	_	_	_	linguistic	_	none	_	_	_	_	_	_
1040-3	PKP125	1040	1040	3	scu~	scu~	_	_	_	_	_	linguistic	_	none	Interrupted=Yes	_	_	_	_	_
1040-4	PKP125	1040	1040	4	n:~	n~	_	_	_	_	_	linguistic	_	none	Interrupted=Yes	_	0x1	_	_	_
1040-5	PKP125	1040	1040	5	nulla	nulla	_	_	_	_	_	linguistic	_	none	_	End=1781.236	_	_	_	_
1041-0	PKP131	1041	1041	0	{ride}	{ride}	_	_	_	_	_	nonverbalbehavior	_	none	_	Begin=1780.433|End=1780.901	_	_	_	_
1042-0	PKP125	1042	1042	0	d~	d~	_	_	_	_	_	linguistic	_	none	Interrupted=Yes	Begin=1781.282	_	_	_	_
1042-1	PKP125	1042	1042	1	della	della	_	_	_	_	_	linguistic	_	none	_	_	_	_	_	_
1042-2	PKP125	1042	1042	2	sequenza	sequenza	_	_	_	_	_	linguistic	_	none	_	_	_	_	_	_
1042-3	PKP125	1042	1042	3	fonica	fonica	_	_	_	_	_	linguistic	_	none	_	_	_	_	_	_
1042-4	PKP125	1042	1042	4	che	che	_	_	_	_	_	linguistic	_	none	_	_	_	_	_	_
1042-5	PKP125	1042	1042	5	hai	hai	_	_	_	_	_	linguistic	_	none	_	_	_	_	_	_
1042-6	PKP125	1042	1042	6	appena:	appena	_	_	_	_	_	linguistic	_	none	_	End=1783.354	5x1	_	_	_
1043-0	PKP131	1043	1043	0	{ride}	{ride}	_	_	_	_	_	nonverbalbehavior	_	none	_	Begin=1782.497|End=1783.354	_	_	_	_
1044-0	PKP125	1044	1044	0	emess[o]	emesso	_	_	_	_	_	linguistic	_	none	_	Begin=1783.867|End=1784.477	_	_	_	5-6(3)
1045-0	PKP131	1045	1045	0	[(o]kay)	okay	_	_	_	_	_	linguistic	_	none	_	Begin=1784.408|End=1784.758	_	_	0-4(0)	0-1(3)
1046-0	PKP131	1046	1046	0	ho	ho	_	_	_	_	_	linguistic	_	none	_	Begin=1784.975	_	_	_	_
1046-1	PKP131	1046	1046	1	detto	detto	_	_	_	_	_	linguistic	_	none	_	End=1785.753	_	_	_	_
1047-0	PKP131	1047	1047	0	qualche	qualche	_	_	_	_	_	linguistic	_	none	_	Begin=1787.665	_	_	_	_
1047-1	PKP131	1047	1047	1	sera	sera	_	_	_	_	_	linguistic	_	none	_	_	_	_	_	_
1047-2	PKP131	1047	1047	2	esci	esci	_	_	_	_	_	linguistic	_	none	_	_	_	_	_	_
1047-3	PKP131	1047	1047	3	con	con	_	_	_	_	_	linguistic	_	none	_	_	_	_	_	_
1047-4	PKP131	1047	1047	4	noi:	noi	_	_	_	_	_	linguistic	_	none	_	End=1789.27	2x1	_	_	_
1048-0	PKP131	1048	1048	0	(>facciamo	facciamo	_	_	_	_	_	linguistic	_	none	_	Begin=1789.95	_	Fast=0-8(0)	0-8(0)	_
1048-1	PKP131	1048	1048	1	venire<)	venire	_	_	_	_	_	linguistic	_	none	_	_	_	Fast=0-6(0)	0-6(0)	_
1048-2	PKP131	1048	1048	2	antonie:tta	antonietta	_	_	_	_	_	linguistic	_	none	_	End=1791.203	6x1	_	_	_
1049-0	PKP125	1049	1049	0	certo	certo	_	_	_	_	_	linguistic	_	none	_	Begin=1792.182	_	_	_	_
1049-1	PKP125	1049	1049	1	certo	certo	_	_	_	_	_	linguistic	_	none	_	End=1793.039	_	_	_	_
1050-0	PKP131	1050	1050	0	sicuramente	sicuramente	_	_	_	_	_	linguistic	_	none	_	Begin=1793.655	_	_	_	_
1050-1	PKP131	1050	1050	1	ti	ti	_	_	_	_	_	linguistic	_	none	_	_	_	_	_	_
1050-2	PKP131	1050	1050	2	annoiera:i	annoierai	_	_	_	_	_	linguistic	_	none	_	End=1794.916	7x1	_	_	_
1051-0	PKP131	1051	1051	0	perché:	perché	_	_	_	_	_	linguistic	_	none	_	Begin=1794.995|End=1795.605	5x1	_	_	_
1052-0	PKP131	1052	1052	0	°figurati°	figurati	_	_	_	_	_	linguistic	_	none	Volume=low	Begin=1795.647|End=1796.231	_	_	_	_
1053-0	PKP125	1053	1053	0	voi	voi	_	_	_	_	_	linguistic	_	none	_	Begin=1796.679	_	_	_	_
1053-1	PKP125	1053	1053	1	siete	siete	_	_	_	_	_	linguistic	_	none	_	_	_	_	_	_
1053-2	PKP125	1053	1053	2	bambini	bambini	_	_	_	_	_	linguistic	_	none	_	End=1797.601	_	_	_	_
1054-0	PKP125	1054	1054	0	io	io	_	_	_	_	_	linguistic	_	none	_	Begin=1797.975	_	_	_	_
1054-1	PKP125	1054	1054	1	non	non	_	_	_	_	_	linguistic	_	none	_	_	_	_	_	_
1054-2	PKP125	1054	1054	2	me	me	_	_	_	_	_	linguistic	_	none	_	_	_	_	_	_
1054-3	PKP125	1054	1054	3	la	la	_	_	_	_	_	linguistic	_	none	_	_	_	_	_	_
1054-4	PKP125	1054	1054	4	faccio	faccio	_	_	_	_	_	linguistic	_	none	_	_	_	_	_	_
1054-5	PKP125	1054	1054	5	con	con	_	_	_	_	_	linguistic	_	none	_	_	_	_	_	_
1054-6	PKP125	1054	1054	6	i	i	_	_	_	_	_	linguistic	_	none	_	_	_	_	_	_
1054-7	PKP125	1054	1054	7	bambini	bambini	_	_	_	_	_	linguistic	_	none	_	End=1799.413	_	_	_	_
1055-0	PKP131	1055	1055	0	allora	allora	_	_	_	_	_	linguistic	_	none	_	Begin=1801.369	_	_	_	_
1055-1	PKP131	1055	1055	1	non	non	_	_	_	_	_	linguistic	_	none	_	_	_	_	_	_
1055-2	PKP131	1055	1055	2	sei	sei	_	_	_	_	_	linguistic	_	none	_	_	_	_	_	_
1055-3	PKP131	1055	1055	3	proprio	proprio	_	_	_	_	_	linguistic	_	none	_	_	_	_	_	_
1055-4	PKP131	1055	1055	4	come	come	_	_	_	_	_	linguistic	_	none	_	_	_	_	_	_
1055-5	PKP131	1055	1055	5	xxx	xxx	_	_	_	_	_	unknown	_	none	Syllables=3	End=1802.709	_	_	_	_
1056-0	PKP125	1056	1056	0	°xx°	xx	_	_	_	_	_	unknown	_	none	Volume=low|Syllables=2	Begin=1804.137|End=1804.428	_	_	_	_
1057-0	PKP125	1057	1057	0	(#che	#che	_	_	_	_	_	error	_	none	_	Begin=1805.709	_	_	0-4(0)	_
1057-1	PKP125	1057	1057	1	paccia	paccia	_	_	_	_	_	linguistic	_	none	_	_	_	_	0-6(0)	_
1057-2	PKP125	1057	1057	2	quella)	quella	_	_	_	_	_	linguistic	_	none	_	End=1806.704	_	_	0-6(0)	_
1058-0	PKP131	1058	1058	0	[subito]	subito	_	_	_	_	_	linguistic	_	none	_	Begin=1807.995|End=1808.532	_	_	_	0-6(6)
1059-0	PKP125	1059	1059	0	[proprio	proprio	_	_	_	_	_	linguistic	_	none	_	Begin=1808.004	_	_	_	0-7(6)
1059-1	PKP125	1059	1059	1	impaz]zita	impazzita	_	_	_	_	_	linguistic	_	none	_	End=1808.778	_	_	_	0-5(6)
1060-0	PKP131	1060	1060	0	(tiene	tiene	_	_	_	_	_	linguistic	_	none	_	Begin=1810.295	_	_	0-5(0)	_
1060-1	PKP131	1060	1060	1	problemi)	problemi	_	_	_	_	_	linguistic	_	none	_	End=1810.837	_	_	0-8(0)	_
1061-0	PKP131	1061	1061	0	problemi:	problemi	_	_	_	_	_	linguistic	_	none	_	Begin=1811.655|End=1812.3	7x1	_	_	_
1062-0	PKP125	1062	1062	0	(bellina)	bellina	_	_	_	_	_	linguistic	_	none	_	Begin=1813.348	_	_	0-7(0)	_
1062-1	PKP125	1062	1062	1	antonietta	antonietta	_	_	_	_	_	linguistic	_	none	_	End=1814.266	_	_	_	_
1063-0	PKP125	1063	1063	0	antonietta:	antonietta	_	_	_	_	_	linguistic	_	none	PauseAfter=Yes	Begin=1814.532	9x1	_	_	_
1063-1	PKP125	1063	1063	1	{P}	{P}	_	_	_	_	_	shortpause	_	none	_	_	_	_	_	_
1063-2	PKP125	1063	1063	2	[pure:]	pure	_	_	_	_	_	linguistic	_	none	_	End=1815.463	3x1	_	_	0-4(8)
1064-0	PKP131	1064	1064	0	[un	un	_	_	_	_	_	linguistic	_	none	_	Begin=1815.073	_	_	_	0-2(8)
1064-1	PKP131	1064	1064	1	sa]c[co]	sacco	_	_	_	_	_	linguistic	_	none	_	End=1815.665	_	_	_	0-2(8),3-5(10)
1065-0	PKP125	1065	1065	0	[sta]	sta	_	_	_	_	_	linguistic	_	none	_	Begin=1815.507	_	_	_	0-3(10)
1065-1	PKP125	1065	1065	1	facendo:	facendo	_	_	_	_	_	linguistic	_	none	_	End=1816.202	6x1	_	_	_
1066-0	PKP125	1066	1066	0	gli	gli	_	_	_	_	_	linguistic	_	none	_	Begin=1816.241	_	_	_	_
1066-1	PKP125	1066	1066	1	inciuci	inciuci	_	_	_	_	_	linguistic	_	none	PauseAfter=Yes	_	_	_	_	_
1066-2	PKP125	1066	1066	2	{P}	{P}	_	_	_	_	_	shortpause	_	none	_	_	_	_	_	_
1066-3	PKP125	1066	1066	3	e:h	eh	_	_	_	_	_	linguistic	_	none	_	_	0x1	_	_	_
1066-4	PKP125	1066	1066	4	(mo)	mo	_	_	_	_	_	linguistic	_	none	_	_	_	_	0-2(0)	_
1066-5	PKP125	1066	1066	5	però	però	_	_	_	_	_	linguistic	_	none	_	End=1817.344	_	_	_	_
1067-0	PKP131	1067	1067	0	in	in	_	_	_	_	_	linguistic	_	none	_	Begin=1818.305	_	_	_	_
1067-1	PKP131	1067	1067	1	che	che	_	_	_	_	_	linguistic	_	none	_	_	_	_	_	_
1067-2	PKP131	1067	1067	2	senso?	senso	_	_	_	_	_	linguistic	_	none	Intonation=Rising	End=1818.965	_	_	_	_
1068-0	PKP125	1068	1068	0	e:h	eh	_	_	_	_	_	linguistic	_	none	_	Begin=1820.852|End=1821.147	0x1	_	_	_
1069-0	PKP125	1069	1069	0	si	si	_	_	_	_	_	linguistic	_	none	_	Begin=1821.187	_	_	_	_
1069-1	PKP125	1069	1069	1	sta	sta	_	_	_	_	_	linguistic	_	none	_	_	_	_	_	_
1069-2	PKP125	1069	1069	2	vedendo	vedendo	_	_	_	_	_	linguistic	_	none	_	_	_	_	_	_
1069-3	PKP125	1069	1069	3	con	con	_	_	_	_	_	linguistic	_	none	_	_	_	_	_	_
1069-4	PKP125	1069	1069	4	un	un	_	_	_	_	_	linguistic	_	none	_	_	_	_	_	_
1069-5	PKP125	1069	1069	5	uomo	uomo	_	_	_	_	_	linguistic	_	none	_	End=1822.487	_	_	_	_
1070-0	PKP131	1070	1070	0	a:h	ah	_	_	_	_	_	linguistic	_	none	_	Begin=1822.822|End=1823.167	0x1	_	_	_
1071-0	PKP131	1071	1071	0	sì	sì	_	_	_	_	_	linguistic	_	none	_	Begin=1823.199	_	_	_	_
1071-1	PKP131	1071	1071	1	ma	ma	_	_	_	_	_	linguistic	_	none	_	_	_	_	_	_
1071-2	PKP131	1071	1071	2	ora	ora	_	_	_	_	_	linguistic	_	none	_	_	_	_	_	_
1071-3	PKP131	1071	1071	3	è	è	_	_	_	_	_	linguistic	_	none	_	_	_	_	_	_
1071-4	PKP131	1071	1071	4	successo	successo	_	_	_	_	_	linguistic	_	none	_	_	_	_	_	_
1071-5	PKP131	1071	1071	5	pure	pure	_	_	_	_	_	linguistic	_	none	_	_	_	_	_	_
1071-6	PKP131	1071	1071	6	un	un	_	_	_	_	_	linguistic	_	none	_	_	_	_	_	_
1071-7	PKP131	1071	1071	7	mezzo	mezzo	_	_	_	_	_	linguistic	_	none	_	_	_	_	_	_
1071-8	PKP131	1071	1071	8	casino	casino	_	_	_	_	_	linguistic	_	none	_	_	_	_	_	_
1071-9	PKP131	1071	1071	9	co:n	con	_	_	_	_	_	linguistic	_	none	_	End=1825.408	1x1	_	_	_
1072-0	PKP131	1072	1072	0	l'	l'	_	_	_	_	_	linguistic	_	none	SpaceAfter=No	Begin=1825.566	_	_	_	_
1072-1	PKP131	1072	1072	1	e:x	ex	_	_	_	_	_	linguistic	_	none	_	End=1826.197	0x1	_	_	_
1073-0	PKP125	1073	1073	0	non	non	_	_	_	_	_	linguistic	_	none	_	Begin=1827.133	_	_	_	_
1073-1	PKP125	1073	1073	1	è	è	_	_	_	_	_	linguistic	_	none	_	_	_	_	_	_
1073-2	PKP125	1073	1073	2	un	un	_	_	_	_	_	linguistic	_	none	_	_	_	_	_	_
1073-3	PKP125	1073	1073	3	mezzo	mezzo	_	_	_	_	_	linguistic	_	none	_	_	_	_	_	_
1073-4	PKP125	1073	1073	4	casino	casino	_	_	_	_	_	linguistic	_	none	_	End=1828.093	_	_	_	_
1074-0	PKP125	1074	1074	0	semplicemente	semplicemente	_	_	_	_	_	linguistic	_	none	_	Begin=1828.123	_	_	_	_
1074-1	PKP125	1074	1074	1	l'	l'	_	_	_	_	_	linguistic	_	none	SpaceAfter=No	_	_	_	_	_
1074-2	PKP125	1074	1074	2	ex	ex	_	_	_	_	_	linguistic	_	none	_	_	_	_	_	_
1074-3	PKP125	1074	1074	3	e::h	eh	_	_	_	_	_	linguistic	_	none	_	End=1829.783	0x2	_	_	_
1075-0	PKP125	1075	1075	0	fa	fa	_	_	_	_	_	linguistic	_	none	_	Begin=1829.817	_	_	_	_
1075-1	PKP125	1075	1075	1	le	le	_	_	_	_	_	linguistic	_	none	_	_	_	_	_	_
1075-2	PKP125	1075	1075	2	lezioni	lezioni	_	_	_	_	_	linguistic	_	none	_	_	_	_	_	_
1075-3	PKP125	1075	1075	3	da	da	_	_	_	_	_	linguistic	_	none	_	_	_	_	_	_
1075-4	PKP125	1075	1075	4	le:i	lei	_	_	_	_	_	linguistic	_	none	_	End=1831.044	1x1	_	_	_
1076-0	PKP125	1076	1076	0	e::	e	_	_	_	_	_	linguistic	_	none	_	Begin=1832.093|End=1832.674	0x2	_	_	_
1077-0	PKP125	1077	1077	0	lei	lei	_	_	_	_	_	linguistic	_	none	_	Begin=1832.706	_	_	_	_
1077-1	PKP125	1077	1077	1	è	è	_	_	_	_	_	linguistic	_	none	_	_	_	_	_	_
1077-2	PKP125	1077	1077	2	tipo	tipo	_	_	_	_	_	linguistic	_	none	_	_	_	_	_	_
1077-3	PKP125	1077	1077	3	ancora	ancora	_	_	_	_	_	linguistic	_	none	_	_	_	_	_	_
1077-4	PKP125	1077	1077	4	innamorata::	innamorata	_	_	_	_	_	linguistic	_	none	_	End=1834.615	9x2	_	_	_
1078-0	PKP131	1078	1078	0	e	e	_	_	_	_	_	linguistic	_	none	_	Begin=1835.32	_	_	_	_
1078-1	PKP131	1078	1078	1	prima	prima	_	_	_	_	_	linguistic	_	none	_	_	_	_	_	_
1078-2	PKP131	1078	1078	2	la	la	_	_	_	_	_	linguistic	_	none	_	_	_	_	_	_
1078-3	PKP131	1078	1078	3	contatta	contatta	_	_	_	_	_	linguistic	_	none	_	End=1836.605	_	_	_	_
1079-0	PKP131	1079	1079	0	poi	poi	_	_	_	_	_	linguistic	_	none	_	Begin=1836.639	_	_	_	_
1079-1	PKP131	1079	1079	1	si	si	_	_	_	_	_	linguistic	_	none	_	_	_	_	_	_
1079-2	PKP131	1079	1079	2	è	è	_	_	_	_	_	linguistic	_	none	_	_	_	_	_	_
1079-3	PKP131	1079	1079	3	trovato	trovato	_	_	_	_	_	linguistic	_	none	_	_	_	_	_	_
1079-4	PKP131	1079	1079	4	un'	un'	_	_	_	_	_	linguistic	_	none	SpaceAfter=No	_	_	_	_	_
1079-5	PKP131	1079	1079	5	a:ltra	altra	_	_	_	_	_	linguistic	_	none	_	End=1838.014	0x1	_	_	_
1080-0	PKP131	1080	1080	0	ha	ha	_	_	_	_	_	linguistic	_	none	_	Begin=1838.063	_	_	_	_
1080-1	PKP131	1080	1080	1	detto:	detto	_	_	_	_	_	linguistic	_	none	_	End=1839.118	4x1	_	_	_
1081-0	PKP131	1081	1081	0	ti	ti	_	_	_	_	_	linguistic	_	none	_	Begin=1839.221	_	_	_	_
1081-1	PKP131	1081	1081	1	faccio	faccio	_	_	_	_	_	linguistic	_	none	_	_	_	_	_	_
1081-2	PKP131	1081	1081	2	terrabrucia:ta	terrabruciata	_	_	_	_	_	linguistic	_	none	_	End=1840.975	10x1	_	_	_
1082-0	PKP131	1082	1082	0	se:	se	_	_	_	_	_	linguistic	_	none	_	Begin=1841.029	1x1	_	_	_
1082-1	PKP131	1082	1082	1	continui	continui	_	_	_	_	_	linguistic	_	none	_	_	_	_	_	_
1082-2	PKP131	1082	1082	2	a	a	_	_	_	_	_	linguistic	_	none	_	_	_	_	_	_
1082-3	PKP131	1082	1082	3	v~	v~	_	_	_	_	_	linguistic	_	none	Interrupted=Yes	End=1841.862	_	_	_	_
1083-0	PKP131	1083	1083	0	questo	questo	_	_	_	_	_	linguistic	_	none	_	Begin=1841.915	_	_	_	_
1083-1	PKP131	1083	1083	1	(fatto)	fatto	_	_	_	_	_	linguistic	_	none	_	_	_	_	0-5(0)	_
1083-2	PKP131	1083	1083	2	non	non	_	_	_	_	_	linguistic	_	none	_	_	_	_	_	_
1083-3	PKP131	1083	1083	3	lo	lo	_	_	_	_	_	linguistic	_	none	_	_	_	_	_	_
1083-4	PKP131	1083	1083	4	sa:i?	sai	_	_	_	_	_	linguistic	_	none	Intonation=Rising	End=1842.896	1x1	_	_	_
1084-0	PKP125	1084	1084	0	no	no	_	_	_	_	_	linguistic	_	none	_	Begin=1842.975	_	_	_	_
1084-1	PKP125	1084	1084	1	aspetta	aspetta	_	_	_	_	_	linguistic	_	none	_	_	_	_	_	_
1084-2	PKP125	1084	1084	2	que[sta	questa	_	_	_	_	_	linguistic	_	none	_	_	_	_	_	3-6(13)
1084-3	PKP125	1084	1084	3	è	è	_	_	_	_	_	linguistic	_	none	_	_	_	_	_	0-1(13)
1084-4	PKP125	1084	1084	4	nuova]?	nuova	_	_	_	_	_	linguistic	_	none	Intonation=Rising	End=1844.3	_	_	_	0-5(13)
1085-0	PKP131	1085	1085	0	[non	non	_	_	_	_	_	linguistic	_	none	_	Begin=1843.645	_	_	_	0-3(13)
1085-1	PKP131	1085	1085	1	te	te	_	_	_	_	_	linguistic	_	none	_	_	_	_	_	0-2(13)
1085-2	PKP131	1085	1085	2	l'	l'	_	_	_	_	_	linguistic	_	none	SpaceAfter=No	_	_	_	_	0-2(13)
1085-3	PKP131	1085	1085	3	ha	ha	_	_	_	_	_	linguistic	_	none	_	_	_	_	_	0-2(13)
1085-4	PKP131	1085	1085	4	de]tto?	detto	_	_	_	_	_	linguistic	_	none	Intonation=Rising	End=1844.67	_	_	_	0-2(13)
1086-0	PKP131	1086	1086	0	e:h	eh	_	_	_	_	_	linguistic	_	none	_	Begin=1845.344	0x1	_	_	_
1086-1	PKP131	1086	1086	1	non	non	_	_	_	_	_	linguistic	_	none	_	_	_	_	_	_
1086-2	PKP131	1086	1086	2	so	so	_	_	_	_	_	linguistic	_	none	_	_	_	_	_	_
1086-3	PKP131	1086	1086	3	bene	bene	_	_	_	_	_	linguistic	_	none	_	End=1846.418	_	_	_	_
1087-0	PKP131	1087	1087	0	perché	perché	_	_	_	_	_	linguistic	_	none	_	Begin=1846.44	_	_	_	_
1087-1	PKP131	1087	1087	1	a	a	_	_	_	_	_	linguistic	_	none	_	_	_	_	_	_
1087-2	PKP131	1087	1087	2	me	me	_	_	_	_	_	linguistic	_	none	_	_	_	_	_	_
1087-3	PKP131	1087	1087	3	l'	l'	_	_	_	_	_	linguistic	_	none	SpaceAfter=No	_	_	_	_	_
1087-4	PKP131	1087	1087	4	ha	ha	_	_	_	_	_	linguistic	_	none	_	_	_	_	_	_
1087-5	PKP131	1087	1087	5	raccontato	raccontato	_	_	_	_	_	linguistic	_	none	_	_	_	_	_	_
1087-6	PKP131	1087	1087	6	un	un	_	_	_	_	_	linguistic	_	none	_	_	_	_	_	_
1087-7	PKP131	1087	1087	7	po'	po'	_	_	_	_	_	linguistic	_	none	_	_	_	_	_	_
1087-8	PKP131	1087	1087	8	marina	marina	_	_	_	_	_	linguistic	_	none	_	_	_	_	_	_
1087-9	PKP131	1087	1087	9	cos[ì:]	così	_	_	_	_	_	linguistic	_	none	_	End=1848.729	3x1	_	_	2-4(14)
1088-0	PKP125	1088	1088	0	[ma	ma	_	_	_	_	_	linguistic	_	none	_	Begin=1848.384	_	_	_	0-2(14)
1088-1	PKP125	1088	1088	1	ie]:ri?	ieri	_	_	_	_	_	linguistic	_	none	Intonation=Rising	End=1848.985	1x1	_	_	0-2(14)
1089-0	PKP131	1089	1089	0	no:	no	_	_	_	_	_	linguistic	_	none	_	Begin=1849.61|End=1850.054	1x1	_	_	_
1090-0	PKP131	1090	1090	0	metà	metà	_	_	_	_	_	linguistic	_	none	_	Begin=1850.878	_	_	_	_
1090-1	PKP131	1090	1090	1	agosto	agosto	_	_	_	_	_	linguistic	_	none	_	End=1851.561	_	_	_	_
1091-0	PKP131	1091	1091	0	più	più	_	_	_	_	_	linguistic	_	none	_	Begin=1851.64	_	_	_	_
1091-1	PKP131	1091	1091	1	meno	meno	_	_	_	_	_	linguistic	_	none	_	End=1852.059	_	_	_	_
1092-0	PKP125	1092	1092	0	no::	no	_	_	_	_	_	linguistic	_	none	_	Begin=1852.137	1x2	_	_	_
1092-1	PKP125	1092	1092	1	ma	ma	_	_	_	_	_	linguistic	_	none	_	_	_	_	_	_
1092-2	PKP125	1092	1092	2	tu	tu	_	_	_	_	_	linguistic	_	none	_	_	_	_	_	_
1092-3	PKP125	1092	1092	3	stai	stai	_	_	_	_	_	linguistic	_	none	_	_	_	_	_	_
1092-4	PKP125	1092	1092	4	parlando	parlando	_	_	_	_	_	linguistic	_	none	_	_	_	_	_	_
1092-5	PKP125	1092	1092	5	dell'	dell'	_	_	_	_	_	linguistic	_	none	SpaceAfter=No	_	_	_	_	_
1092-6	PKP125	1092	1092	6	ex	ex	_	_	_	_	_	linguistic	_	none	_	_	_	_	_	_
1092-7	PKP125	1092	1092	7	di	di	_	_	_	_	_	linguistic	_	none	_	_	_	_	_	_
1092-8	PKP125	1092	1092	8	[lore]nzo	lorenzo	_	_	_	_	_	linguistic	_	none	_	End=1855.029	_	_	_	0-4(15)
1093-0	PKP131	1093	1093	0	[xxx]	xxx	_	_	_	_	_	unknown	_	none	Syllables=3	Begin=1854.206|End=1854.724	_	_	_	0-3(15)
1094-0	PKP131	1094	1094	0	lorenzo	lorenzo	_	_	_	_	_	linguistic	_	none	_	Begin=1855.108|End=1855.734	_	_	_	_
1095-0	PKP125	1095	1095	0	a:h	ah	_	_	_	_	_	linguistic	_	none	_	Begin=1856.014	0x1	_	_	_
1095-1	PKP125	1095	1095	1	no	no	_	_	_	_	_	linguistic	_	none	_	_	_	_	_	_
1095-2	PKP125	1095	1095	2	questa	questa	_	_	_	_	_	linguistic	_	none	_	_	_	_	_	_
1095-3	PKP125	1095	1095	3	è	è	_	_	_	_	_	linguistic	_	none	_	_	_	_	_	_
1095-4	PKP125	1095	1095	4	un'	un'	_	_	_	_	_	linguistic	_	none	SpaceAfter=No	_	_	_	_	_
1095-5	PKP125	1095	1095	5	altra	altra	_	_	_	_	_	linguistic	_	none	_	_	_	_	_	_
1095-6	PKP125	1095	1095	6	storia	storia	_	_	_	_	_	linguistic	_	none	_	End=1857.428	_	_	_	_
1096-0	PKP125	1096	1096	0	ah	ah	_	_	_	_	_	linguistic	_	none	_	Begin=1858.275	_	_	_	_
1096-1	PKP125	1096	1096	1	no	no	_	_	_	_	_	linguistic	_	none	PauseAfter=Yes	_	_	_	_	_
1096-2	PKP125	1096	1096	2	{P}	{P}	_	_	_	_	_	shortpause	_	none	_	_	_	_	_	_
1096-3	PKP125	1096	1096	3	queste	queste	_	_	_	_	_	linguistic	_	none	_	_	_	_	_	_
1096-4	PKP125	1096	1096	4	storie	storie	_	_	_	_	_	linguistic	_	none	_	_	_	_	_	_
1096-5	PKP125	1096	1096	5	qua	qua	_	_	_	_	_	linguistic	_	none	_	_	_	_	_	_
1096-6	PKP125	1096	1096	6	non	non	_	_	_	_	_	linguistic	_	none	_	_	_	_	_	_
1096-7	PKP125	1096	1096	7	le	le	_	_	_	_	_	linguistic	_	none	_	_	_	_	_	_
1096-8	PKP125	1096	1096	8	so	so	_	_	_	_	_	linguistic	_	none	_	_	_	_	_	_
1096-9	PKP125	1096	1096	9	neanch'	neanch'	_	_	_	_	_	linguistic	_	none	SpaceAfter=No	_	_	_	_	_
1096-10	PKP125	1096	1096	10	io	io	_	_	_	_	_	linguistic	_	none	_	End=1860.039	_	_	_	_
1097-0	PKP125	1097	1097	0	{schiocca_la_lingua}	{schiocca_la_lingua}	_	_	_	_	_	nonverbalbehavior	_	none	_	Begin=1862.359|End=1862.513	_	_	_	_
1098-0	PKP125	1098	1098	0	non	non	_	_	_	_	_	linguistic	_	none	_	Begin=1862.729	_	_	_	_
1098-1	PKP125	1098	1098	1	le	le	_	_	_	_	_	linguistic	_	none	_	_	_	_	_	_
1098-2	PKP125	1098	1098	2	so	so	_	_	_	_	_	linguistic	_	none	_	_	_	_	_	_
1098-3	PKP125	1098	1098	3	neanch'	neanch'	_	_	_	_	_	linguistic	_	none	SpaceAfter=No	_	_	_	_	_
1098-4	PKP125	1098	1098	4	i[o:]	io	_	_	_	_	_	linguistic	_	none	_	End=1863.817	1x1	_	_	0-2(16)
1099-0	PKP131	1099	1099	0	[#vabbu][ò:	#vabbuò:	_	_	_	_	_	error	_	none	_	Begin=1863.546	_	_	_	0-6(16),6-7(17)
1099-1	PKP131	1099	1099	1	i:]	i	_	_	_	_	_	linguistic	_	none	_	End=1864.3	0x1	_	_	0-1(17)
1100-0	PKP125	1100	1100	0	[i	i	_	_	_	_	_	linguistic	_	none	_	Begin=1863.881	_	_	_	0-1(17)
1100-1	PKP125	1100	1100	1	retro]sce:na	retroscena	_	_	_	_	_	linguistic	_	none	_	_	7x1	_	_	0-5(17)
1100-2	PKP125	1100	1100	2	[proprio]	proprio	_	_	_	_	_	linguistic	_	none	_	End=1865.231	_	_	_	0-7(18)
1101-0	PKP131	1101	1101	0	[in	in	_	_	_	_	_	linguistic	_	none	_	Begin=1864.803	_	_	_	0-2(18)
1101-1	PKP131	1101	1101	1	poch]e	poche	_	_	_	_	_	linguistic	_	none	_	_	_	_	_	0-4(18)
1101-2	PKP131	1101	1101	2	parole	parole	_	_	_	_	_	linguistic	_	none	_	End=1865.689	_	_	_	_
1102-0	PKP131	1102	1102	0	praticamente	praticamente	_	_	_	_	_	linguistic	_	none	_	Begin=1865.731	_	_	_	_
1102-1	PKP131	1102	1102	1	questo	questo	_	_	_	_	_	linguistic	_	none	_	_	_	_	_	_
1102-2	PKP131	1102	1102	2	ave~	ave~	_	_	_	_	_	linguistic	_	none	Interrupted=Yes	_	_	_	_	_
1102-3	PKP131	1102	1102	3	av~	av~	_	_	_	_	_	linguistic	_	none	Interrupted=Yes	End=1866.852	_	_	_	_
1103-0	PKP131	1103	1103	0	faceva	faceva	_	_	_	_	_	linguistic	_	none	_	Begin=1867.505	_	_	_	_
1103-1	PKP131	1103	1103	1	il	il	_	_	_	_	_	linguistic	_	none	_	_	_	_	_	_
1103-2	PKP131	1103	1103	2	prendi	prendi	_	_	_	_	_	linguistic	_	none	_	_	_	_	_	_
1103-3	PKP131	1103	1103	3	e	e	_	_	_	_	_	linguistic	_	none	_	_	_	_	_	_
1103-4	PKP131	1103	1103	4	lascia:	lascia	_	_	_	_	_	linguistic	_	none	_	End=1868.926	5x1	_	_	_
1104-0	PKP125	1104	1104	0	ah	ah	_	_	_	_	_	linguistic	_	none	_	Begin=1868.995	_	_	_	_
1104-1	PKP125	1104	1104	1	eh	eh	_	_	_	_	_	linguistic	_	none	_	_	_	_	_	_
1104-2	PKP125	1104	1104	2	sì	sì	_	_	_	_	_	linguistic	_	none	_	End=1869.408	_	_	_	_
1105-0	PKP125	1105	1105	0	questo	questo	_	_	_	_	_	linguistic	_	none	_	Begin=1869.506	_	_	_	_
1105-1	PKP125	1105	1105	1	si	si	_	_	_	_	_	linguistic	_	none	_	_	_	_	_	_
1105-2	PKP125	1105	1105	2	sapeva	sapeva	_	_	_	_	_	linguistic	_	none	PauseAfter=Yes	_	_	_	_	_
1105-3	PKP125	1105	1105	3	{P}	{P}	_	_	_	_	_	shortpause	_	none	_	_	_	_	_	_
1105-4	PKP125	1105	1105	4	questo	questo	_	_	_	_	_	linguistic	_	none	_	_	_	_	_	_
1105-5	PKP125	1105	1105	5	già	già	_	_	_	_	_	linguistic	_	none	_	_	_	_	_	_
1105-6	PKP125	1105	1105	6	da	da	_	_	_	_	_	linguistic	_	none	_	_	_	_	_	_
1105-7	PKP125	1105	1105	7	[anni]	anni	_	_	_	_	_	linguistic	_	none	_	End=1871.187	_	_	_	0-4(19)
1106-0	PKP131	1106	1106	0	[e	e	_	_	_	_	_	linguistic	_	none	_	Begin=1870.852	_	_	_	0-1(19)
1106-1	PKP131	1106	1106	1	po]i::	poi	_	_	_	_	_	linguistic	_	none	_	End=1872.202	2x2	_	_	0-2(19)
1107-0	PKP131	1107	1107	0	tipo	tipo	_	_	_	_	_	linguistic	_	none	_	Begin=1872.264|End=1872.517	_	_	_	_
1108-0	PKP131	1108	1108	0	due	due	_	_	_	_	_	linguistic	_	none	_	Begin=1872.595	_	_	_	_
1108-1	PKP131	1108	1108	1	giorni	giorni	_	_	_	_	_	linguistic	_	none	_	_	_	_	_	_
1108-2	PKP131	1108	1108	2	prima	prima	_	_	_	_	_	linguistic	_	none	_	_	_	_	_	_
1108-3	PKP131	1108	1108	3	disse	disse	_	_	_	_	_	linguistic	_	none	_	End=1873.837	_	_	_	_
1109-0	PKP131	1109	1109	0	riproviamoci	riproviamoci	_	_	_	_	_	linguistic	_	none	_	Begin=1873.867|End=1874.63	_	_	_	_
1110-0	PKP131	1110	1110	0	dormiamo	dormiamo	_	_	_	_	_	linguistic	_	none	_	Begin=1874.67	_	_	_	_
1110-1	PKP131	1110	1110	1	insie:	insie	_	_	_	_	_	linguistic	_	none	_	_	4x1	_	_	_
1110-2	PKP131	1110	1110	2	m[e:]	me	_	_	_	_	_	linguistic	_	none	_	End=1876.175	1x1	_	_	1-2(20)
1111-0	PKP125	1111	1111	0	[e:h]	eh	_	_	_	_	_	linguistic	_	none	_	Begin=1875.931	0x1	_	_	0-2(20)
1111-1	PKP125	1111	1111	1	e	e	_	_	_	_	_	linguistic	_	none	_	_	_	_	_	_
1111-2	PKP125	1111	1111	2	poi	poi	_	_	_	_	_	linguistic	_	none	_	_	_	_	_	_
1111-3	PKP125	1111	1111	3	si	si	_	_	_	_	_	linguistic	_	none	_	_	_	_	_	_
1111-4	PKP125	1111	1111	4	è	è	_	_	_	_	_	linguistic	_	none	_	_	_	_	_	_
1111-5	PKP125	1111	1111	5	messo	messo	_	_	_	_	_	linguistic	_	none	_	_	_	_	_	_
1111-6	PKP125	1111	1111	6	con	con	_	_	_	_	_	linguistic	_	none	_	_	_	_	_	_
1111-7	PKP125	1111	1111	7	un'	un'	_	_	_	_	_	linguistic	_	none	SpaceAfter=No	_	_	_	_	_
1111-8	PKP125	1111	1111	8	altra	altra	_	_	_	_	_	linguistic	_	none	_	End=1877.468	_	_	_	_
1112-0	PKP131	1112	1112	0	si	si	_	_	_	_	_	linguistic	_	none	_	Begin=1877.591	_	_	_	_
1112-1	PKP131	1112	1112	1	è	è	_	_	_	_	_	linguistic	_	none	_	_	_	_	_	_
1112-2	PKP131	1112	1112	2	messo	messo	_	_	_	_	_	linguistic	_	none	_	_	_	_	_	_
1112-3	PKP131	1112	1112	3	con	con	_	_	_	_	_	linguistic	_	none	_	_	_	_	_	_
1112-4	PKP131	1112	1112	4	un'	un'	_	_	_	_	_	linguistic	_	none	SpaceAfter=No	_	_	_	_	_
1112-5	PKP131	1112	1112	5	altra	altra	_	_	_	_	_	linguistic	_	none	_	End=1878.665	_	_	_	_
1113-0	PKP131	1113	1113	0	antonietta	antonietta	_	_	_	_	_	linguistic	_	none	_	Begin=1879.167	_	_	_	_
1113-1	PKP131	1113	1113	1	sai?	sai	_	_	_	_	_	linguistic	_	none	Intonation=Rising	End=1880.108	_	_	_	_
1114-0	PKP131	1114	1114	0	ma	ma	_	_	_	_	_	linguistic	_	none	_	Begin=1880.891	_	_	_	_
1114-1	PKP131	1114	1114	1	è	è	_	_	_	_	_	linguistic	_	none	_	_	_	_	_	_
1114-2	PKP131	1114	1114	2	una	una	_	_	_	_	_	linguistic	_	none	_	_	_	_	_	_
1114-3	PKP131	1114	1114	3	cosa	cosa	_	_	_	_	_	linguistic	_	none	_	_	_	_	_	_
1114-4	PKP131	1114	1114	4	umani:ssima	umanissima	_	_	_	_	_	linguistic	_	none	_	End=1882.33	4x1	_	_	_
1115-0	PKP131	1115	1115	0	che	che	_	_	_	_	_	linguistic	_	none	_	Begin=1882.371	_	_	_	_
1115-1	PKP131	1115	1115	1	tu	tu	_	_	_	_	_	linguistic	_	none	_	_	_	_	_	_
1115-2	PKP131	1115	1115	2	attivavi	attivavi	_	_	_	_	_	linguistic	_	none	_	_	_	_	_	_
1115-3	PKP131	1115	1115	3	(dal)	dal	_	_	_	_	_	linguistic	_	none	_	_	_	_	0-3(0)	_
1115-4	PKP131	1115	1115	4	profilo	profilo	_	_	_	_	_	linguistic	_	none	_	End=1883.817	_	_	_	_
1116-0	PKP131	1116	1116	0	gli	gli	_	_	_	_	_	linguistic	_	none	_	Begin=1883.838	_	_	_	_
1116-1	PKP131	1116	1116	1	vedevi	vedevi	_	_	_	_	_	linguistic	_	none	_	_	_	_	_	_
1116-2	PKP131	1116	1116	2	la	la	_	_	_	_	_	linguistic	_	none	_	_	_	_	_	_
1116-3	PKP131	1116	1116	3	storia	storia	_	_	_	_	_	linguistic	_	none	_	End=1884.724	_	_	_	_
1117-0	PKP131	1117	1117	0	vista	vista	_	_	_	_	_	linguistic	_	none	_	Begin=1884.867	_	_	_	_
1117-1	PKP131	1117	1117	1	così	così	_	_	_	_	_	linguistic	_	none	_	End=1885.443	_	_	_	_
1118-0	PKP131	1118	1118	0	senza	senza	_	_	_	_	_	linguistic	_	none	_	Begin=1886.157	_	_	_	_
1118-1	PKP131	1118	1118	1	darle	darle	_	_	_	_	_	linguistic	_	none	_	_	_	_	_	_
1118-2	PKP131	1118	1118	2	fastidio	fastidio	_	_	_	_	_	linguistic	_	none	_	End=1887.009	_	_	_	_
1119-0	PKP125	1119	1119	0	eh	eh	_	_	_	_	_	linguistic	_	none	_	Begin=1887.034	_	_	_	_
1119-1	PKP125	1119	1119	1	[be:h]	beh	_	_	_	_	_	linguistic	_	none	_	End=1887.778	1x1	_	_	0-3(22)
1120-0	PKP131	1120	1120	0	[stava	stava	_	_	_	_	_	linguistic	_	none	_	Begin=1887.157	_	_	_	0-5(22)
1120-1	PKP131	1120	1120	1	solo	solo	_	_	_	_	_	linguistic	_	none	_	_	_	_	_	0-4(22)
1120-2	PKP131	1120	1120	2	vede]ndo	vedendo	_	_	_	_	_	linguistic	_	none	_	_	_	_	_	0-4(22)
1120-3	PKP131	1120	1120	3	un	un	_	_	_	_	_	linguistic	_	none	_	_	_	_	_	_
1120-4	PKP131	1120	1120	4	po'	po'	_	_	_	_	_	linguistic	_	none	_	End=1888.252	_	_	_	_
1121-0	PKP125	1121	1121	0	eh	eh	_	_	_	_	_	linguistic	_	none	_	Begin=1891.551|End=1891.847	_	_	_	_
1122-0	PKP131	1122	1122	0	comunque	comunque	_	_	_	_	_	linguistic	_	none	_	Begin=1892.152	_	_	_	_
1122-1	PKP131	1122	1122	1	ha	ha	_	_	_	_	_	linguistic	_	none	_	_	_	_	_	_
1122-2	PKP131	1122	1122	2	detto:	detto	_	_	_	_	_	linguistic	_	none	_	End=1893.246	4x1	_	_	_
1123-0	PKP131	1123	1123	0	no:	no	_	_	_	_	_	linguistic	_	none	_	Begin=1894.179|End=1894.763	1x1	_	_	_
1124-0	PKP131	1124	1124	0	lo	lo	_	_	_	_	_	linguistic	_	none	_	Begin=1895.172	_	_	_	_
1124-1	PKP131	1124	1124	1	devi	devi	_	_	_	_	_	linguistic	_	none	_	_	_	_	_	_
1124-2	PKP131	1124	1124	2	lasciare	lasciare	_	_	_	_	_	linguistic	_	none	_	_	_	_	_	_
1124-3	PKP131	1124	1124	3	sta:re	stare	_	_	_	_	_	linguistic	_	none	_	End=1896.438	2x1	_	_	_
1125-0	PKP131	1125	1125	0	così	così	_	_	_	_	_	linguistic	_	none	_	Begin=1896.468	_	_	_	_
1125-1	PKP131	1125	1125	1	io	io	_	_	_	_	_	linguistic	_	none	_	_	_	_	_	_
1125-2	PKP131	1125	1125	2	gli	gli	_	_	_	_	_	linguistic	_	none	_	_	_	_	_	_
1125-3	PKP131	1125	1125	3	lascio	lascio	_	_	_	_	_	linguistic	_	none	_	_	_	_	_	_
1125-4	PKP131	1125	1125	4	terrabrucia:ta:	terrabruciata	_	_	_	_	_	linguistic	_	none	_	End=1898.477	10x1,12x1	_	_	_
1126-0	PKP131	1126	1126	0	mh	mh	_	_	_	_	_	linguistic	_	none	_	Begin=1898.862|End=1899.073	_	_	_	_
1127-0	PKP131	1127	1127	0	tu	tu	_	_	_	_	_	linguistic	_	none	_	Begin=1899.117	_	_	_	_
1127-1	PKP131	1127	1127	1	mi	mi	_	_	_	_	_	linguistic	_	none	_	_	_	_	_	_
1127-2	PKP131	1127	1127	2	stai:	stai	_	_	_	_	_	linguistic	_	none	_	End=1899.704	3x1	_	_	_
1128-0	PKP131	1128	1128	0	ossessiona:ndo:	ossessionando	_	_	_	_	_	linguistic	_	none	_	Begin=1899.774|End=1901.472	9x1,12x1	_	_	_
1129-0	PKP131	1129	1129	0	e:h	eh	_	_	_	_	_	linguistic	_	none	_	Begin=1902.01|End=1902.31	0x1	_	_	_
1130-0	PKP131	1130	1130	0	prendo	prendo	_	_	_	_	_	linguistic	_	none	_	Begin=1902.36	_	_	_	_
1130-1	PKP131	1130	1130	1	i	i	_	_	_	_	_	linguistic	_	none	_	_	_	_	_	_
1130-2	PKP131	1130	1130	2	provvedime:nti:	provvedimenti	_	_	_	_	_	linguistic	_	none	_	End=1904.165	9x1,12x1	_	_	_
1131-0	PKP131	1131	1131	0	(te	te	_	_	_	_	_	linguistic	_	none	_	Begin=1904.512	_	_	0-2(0)	_
1131-1	PKP131	1131	1131	1	stai	stai	_	_	_	_	_	linguistic	_	none	_	_	_	_	0-4(0)	_
1131-2	PKP131	1131	1131	2	fermo)	fermo	_	_	_	_	_	linguistic	_	none	_	End=1905.162	_	_	0-5(0)	_
1132-0	PKP131	1132	1132	0	(niente	niente	_	_	_	_	_	linguistic	_	none	_	Begin=1906.172	_	_	0-6(0)	_
1132-1	PKP131	1132	1132	1	>allora	allora	_	_	_	_	_	linguistic	_	none	_	_	_	Fast=0-6(0)	0-6(0)	_
1132-2	PKP131	1132	1132	2	ha	ha	_	_	_	_	_	linguistic	_	none	_	_	_	Fast=0-2(0)	0-2(0)	_
1132-3	PKP131	1132	1132	3	detto<)	detto	_	_	_	_	_	linguistic	_	none	_	End=1906.812	_	Fast=0-5(0)	0-5(0)	_
1133-0	PKP131	1133	1133	0	come?	come	_	_	_	_	_	linguistic	_	none	Intonation=Rising	Begin=1906.857|End=1907.241	_	_	_	_
1134-0	PKP131	1134	1134	0	c(io)è	cioè	_	_	_	_	_	linguistic	_	none	_	Begin=1908.057	_	_	1-3(0)	_
1134-1	PKP131	1134	1134	1	fino	fino	_	_	_	_	_	linguistic	_	none	_	_	_	_	_	_
1134-2	PKP131	1134	1134	2	a	a	_	_	_	_	_	linguistic	_	none	_	_	_	_	_	_
1134-3	PKP131	1134	1134	3	ieri::	ieri	_	_	_	_	_	linguistic	_	none	_	End=1909.305	3x2	_	_	_
1135-0	PKP131	1135	1135	0	non	non	_	_	_	_	_	linguistic	_	none	_	Begin=1910.162	_	_	_	_
1135-1	PKP131	1135	1135	1	stavi	stavi	_	_	_	_	_	linguistic	_	none	_	_	_	_	_	_
1135-2	PKP131	1135	1135	2	scopando	scopando	_	_	_	_	_	linguistic	_	none	_	_	_	_	_	_
1135-3	PKP131	1135	1135	3	e:h	eh	_	_	_	_	_	linguistic	_	none	_	End=1911.881	0x1	_	_	_
1136-0	PKP131	1136	1136	0	vuoi	vuoi	_	_	_	_	_	linguistic	_	none	_	Begin=1911.95	_	_	_	_
1136-1	PKP131	1136	1136	1	xxxx	xxxx	_	_	_	_	_	unknown	_	none	Syllables=4	_	_	_	_	_
1136-2	PKP131	1136	1136	2	meno:	meno	_	_	_	_	_	linguistic	_	none	_	End=1913.172	3x1	_	_	_
1137-0	PKP125	1137	1137	0	madonna	madonna	_	_	_	_	_	linguistic	_	none	_	Begin=1914.428|End=1915.054	_	_	_	_
1138-0	PKP125	1138	1138	0	impazzito	impazzito	_	_	_	_	_	linguistic	_	none	_	Begin=1915.918	_	_	_	_
1138-1	PKP125	1138	1138	1	ma	ma	_	_	_	_	_	linguistic	_	none	_	_	_	_	_	_
1138-2	PKP125	1138	1138	2	io	io	_	_	_	_	_	linguistic	_	none	_	_	_	_	_	_
1138-3	PKP125	1138	1138	3	l'	l'	_	_	_	_	_	linguistic	_	none	SpaceAfter=No	_	_	_	_	_
1138-4	PKP125	1138	1138	4	ho	ho	_	_	_	_	_	linguistic	_	none	_	_	_	_	_	_
1138-5	PKP125	1138	1138	5	sempre	sempre	_	_	_	_	_	linguistic	_	none	_	_	_	_	_	_
1138-6	PKP125	1138	1138	6	odiato	odiato	_	_	_	_	_	linguistic	_	none	_	_	_	_	_	_
1138-7	PKP125	1138	1138	7	a	a	_	_	_	_	_	linguistic	_	none	_	_	_	_	_	_
1138-8	PKP125	1138	1138	8	quella	quella	_	_	_	_	_	linguistic	_	none	_	End=1917.65	_	_	_	_
1139-0	PKP125	1139	1139	0	personaggio	personaggio	_	_	_	_	_	linguistic	_	none	_	Begin=1917.762	_	_	_	_
1139-1	PKP125	1139	1139	1	perché:	perché	_	_	_	_	_	linguistic	_	none	_	End=1918.916	5x1	_	_	_
1140-0	PKP125	1140	1140	0	è	è	_	_	_	_	_	linguistic	_	none	_	Begin=1919.561	_	_	_	_
1140-1	PKP125	1140	1140	1	sempre	sempre	_	_	_	_	_	linguistic	_	none	_	_	_	_	_	_
1140-2	PKP125	1140	1140	2	stato	stato	_	_	_	_	_	linguistic	_	none	_	_	_	_	_	_
1140-3	PKP125	1140	1140	3	abbastanza	abbastanza	_	_	_	_	_	linguistic	_	none	_	_	_	_	_	_
1140-4	PKP125	1140	1140	4	disturbato	disturbato	_	_	_	_	_	linguistic	_	none	_	End=1921.463	_	_	_	_
1141-0	PKP125	1141	1141	0	senza	senza	_	_	_	_	_	linguistic	_	none	_	Begin=1922.413	_	_	_	_
1141-1	PKP125	1141	1141	1	contare	contare	_	_	_	_	_	linguistic	_	none	_	_	_	_	_	_
1141-2	PKP125	1141	1141	2	che	che	_	_	_	_	_	linguistic	_	none	_	_	_	_	_	_
1141-3	PKP125	1141	1141	3	era	era	_	_	_	_	_	linguistic	_	none	_	_	_	_	_	_
1141-4	PKP125	1141	1141	4	abbastanza	abbastanza	_	_	_	_	_	linguistic	_	none	_	_	_	_	_	_
1141-5	PKP125	1141	1141	5	antipatico	antipatico	_	_	_	_	_	linguistic	_	none	_	End=1924.113	_	_	_	_
1142-0	PKP125	1142	1142	0	mamma	mamma	_	_	_	_	_	linguistic	_	none	_	Begin=1928.403	_	_	_	_
1142-1	PKP125	1142	1142	1	mia	mia	_	_	_	_	_	linguistic	_	none	_	End=1928.901	_	_	_	_
1143-0	PKP131	1143	1143	0	(po(ve)ra	povera	_	_	_	_	_	linguistic	_	none	_	Begin=1929.704	_	_	_	_
1143-1	PKP131	1143	1143	1	antonietta)	antonietta	_	_	_	_	_	linguistic	_	none	_	End=1930.433	_	_	_	_
1144-0	PKP125	1144	1144	0	poveri[na	poverina	_	_	_	_	_	linguistic	_	none	_	Begin=1930.635	_	_	_	6-8(23)
1144-1	PKP125	1144	1144	1	antonie]tta	antonietta	_	_	_	_	_	linguistic	_	none	_	_	_	_	_	0-7(23)
1144-2	PKP125	1144	1144	2	però	però	_	_	_	_	_	linguistic	_	none	_	End=1931.857	_	_	_	_
1145-0	PKP131	1145	1145	0	[(che	che	_	_	_	_	_	linguistic	_	none	_	Begin=1930.867	_	_	0-3(0)	0-3(23)
1145-1	PKP131	1145	1145	1	carina)]	carina	_	_	_	_	_	linguistic	_	none	_	End=1931.502	_	_	0-6(0)	0-6(23)
1146-0	PKP125	1146	1146	0	vabbè	vabbè	_	_	_	_	_	linguistic	_	none	_	Begin=1935.517	_	_	_	_
1146-1	PKP125	1146	1146	1	ma	ma	_	_	_	_	_	linguistic	_	none	_	End=1935.901	_	_	_	_
1147-0	PKP125	1147	1147	0	quella	quella	_	_	_	_	_	linguistic	_	none	_	Begin=1935.943	_	_	_	_
1147-1	PKP125	1147	1147	1	sta	sta	_	_	_	_	_	linguistic	_	none	_	_	_	_	_	_
1147-2	PKP125	1147	1147	2	appresso	appresso	_	_	_	_	_	linguistic	_	none	_	_	_	_	_	_
1147-3	PKP125	1147	1147	3	a	a	_	_	_	_	_	linguistic	_	none	_	_	_	_	_	_
1147-4	PKP125	1147	1147	4	questo	questo	_	_	_	_	_	linguistic	_	none	_	_	_	_	_	_
1147-5	PKP125	1147	1147	5	da:	da	_	_	_	_	_	linguistic	_	none	_	End=1937.783	1x1	_	_	_
1148-0	PKP125	1148	1148	0	è	è	_	_	_	_	_	linguistic	_	none	_	Begin=1938.078	_	_	_	_
1148-1	PKP125	1148	1148	1	ora	ora	_	_	_	_	_	linguistic	_	none	_	_	_	_	_	_
1148-2	PKP125	1148	1148	2	che	che	_	_	_	_	_	linguistic	_	none	_	_	_	_	_	_
1148-3	PKP125	1148	1148	3	se	se	_	_	_	_	_	linguistic	_	none	_	_	_	_	_	_
1148-4	PKP125	1148	1148	4	ne	ne	_	_	_	_	_	linguistic	_	none	_	_	_	_	_	_
1148-5	PKP125	1148	1148	5	trova	trova	_	_	_	_	_	linguistic	_	none	_	_	_	_	_	_
1148-6	PKP125	1148	1148	6	un	un	_	_	_	_	_	linguistic	_	none	_	_	_	_	_	_
1148-7	PKP125	1148	1148	7	al[tro]	altro	_	_	_	_	_	linguistic	_	none	_	End=1939.354	_	_	_	2-5(25)
1149-0	PKP131	1149	1149	0	[an]che	anche	_	_	_	_	_	linguistic	_	none	_	Begin=1939.226	_	_	_	0-2(25)
1149-1	PKP131	1149	1149	1	antonietta	antonietta	_	_	_	_	_	linguistic	_	none	_	_	_	_	_	_
1149-2	PKP131	1149	1149	2	sul	sul	_	_	_	_	_	linguistic	_	none	_	End=1940.197	_	_	_	_
1150-0	PKP131	1150	1150	0	ha	ha	_	_	_	_	_	linguistic	_	none	_	Begin=1940.251	_	_	_	_
1150-1	PKP131	1150	1150	1	to~	to~	_	_	_	_	_	linguistic	_	none	Interrupted=Yes	End=1940.566	_	_	_	_
1151-0	PKP131	1151	1151	0	si	si	_	_	_	_	_	linguistic	_	none	_	Begin=1940.896	_	_	_	_
1151-1	PKP131	1151	1151	1	schiarisce	schiarisce	_	_	_	_	_	linguistic	_	none	_	_	_	_	_	_
1151-2	PKP131	1151	1151	2	la	la	_	_	_	_	_	linguistic	_	none	_	_	_	_	_	_
1151-3	PKP131	1151	1151	3	voce	voce	_	_	_	_	_	linguistic	_	none	_	End=1941.083	_	_	_	_
1152-0	PKP131	1152	1152	0	a	a	_	_	_	_	_	linguistic	_	none	_	Begin=1941.128	_	_	_	_
1152-1	PKP131	1152	1152	1	moroso	moroso	_	_	_	_	_	linguistic	_	none	_	_	_	_	_	_
1152-2	PKP131	1152	1152	2	(è	è	_	_	_	_	_	linguistic	_	none	_	_	_	_	0-1(0)	_
1152-3	PKP131	1152	1152	3	un	un	_	_	_	_	_	linguistic	_	none	_	_	_	_	0-2(0)	_
1152-4	PKP131	1152	1152	4	po')	po'	_	_	_	_	_	linguistic	_	none	_	End=1942.261	_	_	0-3(0)	_
1153-0	PKP131	1153	1153	0	bambina	bambina	_	_	_	_	_	linguistic	_	none	_	Begin=1943.147|End=1943.738	_	_	_	_
1154-0	PKP131	1154	1154	0	c(io)è	cioè	_	_	_	_	_	linguistic	_	none	_	Begin=1943.802	_	_	1-3(0)	_
1154-1	PKP131	1154	1154	1	è	è	_	_	_	_	_	linguistic	_	none	_	_	_	_	_	_
1154-2	PKP131	1154	1154	2	un	un	_	_	_	_	_	linguistic	_	none	_	_	_	_	_	_
1154-3	PKP131	1154	1154	3	po'	po'	_	_	_	_	_	linguistic	_	none	_	_	_	_	_	_
1154-4	PKP131	1154	1154	4	infa~	infa~	_	_	_	_	_	linguistic	_	none	Interrupted=Yes	_	_	_	_	_
1154-5	PKP131	1154	1154	5	è	è	_	_	_	_	_	linguistic	_	none	_	_	_	_	_	_
1154-6	PKP131	1154	1154	6	un	un	_	_	_	_	_	linguistic	_	none	_	_	_	_	_	_
1154-7	PKP131	1154	1154	7	po'	po'	_	_	_	_	_	linguistic	_	none	_	_	_	_	_	_
1154-8	PKP131	1154	1154	8	un[a:	una	_	_	_	_	_	linguistic	_	none	_	_	2x1	_	_	2-3(26)
1154-9	PKP131	1154	1154	9	x]	x	_	_	_	_	_	unknown	_	none	Syllables=1	End=1945.222	_	_	_	0-1(26)
1155-0	PKP125	1155	1155	0	[un	un	_	_	_	_	_	linguistic	_	none	_	Begin=1944.95	_	_	_	0-2(26)
1155-1	PKP125	1155	1155	1	po'	po'	_	_	_	_	_	linguistic	_	none	_	_	_	_	_	0-3(26)
1155-2	PKP125	1155	1155	2	in]fantile	infantile	_	_	_	_	_	linguistic	_	none	_	_	_	_	_	0-2(26)
1155-3	PKP125	1155	1155	3	perché	perché	_	_	_	_	_	linguistic	_	none	_	_	_	_	_	_
1155-4	PKP125	1155	1155	4	ha	ha	_	_	_	_	_	linguistic	_	none	_	_	_	_	_	_
1155-5	PKP125	1155	1155	5	avuto	avuto	_	_	_	_	_	linguistic	_	none	_	_	_	_	_	_
1155-6	PKP125	1155	1155	6	poche	poche	_	_	_	_	_	linguistic	_	none	_	_	_	_	_	_
1155-7	PKP125	1155	1155	7	esperienze	esperienze	_	_	_	_	_	linguistic	_	none	_	End=1947.124	_	_	_	_
1156-0	PKP125	1156	1156	0	fondame[ntalmente:]	fondamentalmente	_	_	_	_	_	linguistic	_	none	_	Begin=1947.162|End=1948.448	15x1	_	_	7-16(27)
1157-0	PKP131	1157	1157	0	[beh	beh	_	_	_	_	_	linguistic	_	none	_	Begin=1947.597	_	_	_	0-3(27)
1157-1	PKP131	1157	1157	1	beh	beh	_	_	_	_	_	linguistic	_	none	_	_	_	_	_	0-3(27)
1157-2	PKP131	1157	1157	2	anch'	anch'	_	_	_	_	_	linguistic	_	none	SpaceAfter=No	_	_	_	_	0-5(27)
1157-3	PKP131	1157	1157	3	io]	io	_	_	_	_	_	linguistic	_	none	_	_	_	_	_	0-2(27)
1157-4	PKP131	1157	1157	4	ho	ho	_	_	_	_	_	linguistic	_	none	_	_	_	_	_	_
1157-5	PKP131	1157	1157	5	avuto	avuto	_	_	_	_	_	linguistic	_	none	_	_	_	_	_	_
1157-6	PKP131	1157	1157	6	poche	poche	_	_	_	_	_	linguistic	_	none	_	_	_	_	_	_
1157-7	PKP131	1157	1157	7	esperienze	esperienze	_	_	_	_	_	linguistic	_	none	_	End=1949.583	_	_	_	_
1158-0	PKP131	1158	1158	0	x[xx]	xxx	_	_	_	_	_	unknown	_	none	Syllables=3	Begin=1950.344|End=1951.049	_	_	_	1-3(29)
1159-0	PKP125	1159	1159	0	[PERÒ	però	_	_	_	_	_	linguistic	_	none	Volume=high	Begin=1950.389	_	_	_	0-4(29)
1159-1	PKP125	1159	1159	1	DEVO	devo	_	_	_	_	_	linguistic	_	none	Volume=high	_	_	_	_	0-4(29)
1159-2	PKP125	1159	1159	2	DIRE]	dire	_	_	_	_	_	linguistic	_	none	Volume=high	_	_	_	_	0-4(29)
1159-3	PKP125	1159	1159	3	LA	la	_	_	_	_	_	linguistic	_	none	Volume=high	_	_	_	_	_
1159-4	PKP125	1159	1159	4	VERITÀ	verità	_	_	_	_	_	linguistic	_	none	Volume=high	End=1951.67	_	_	_	_
1160-0	PKP125	1160	1160	0	NON	non	_	_	_	_	_	linguistic	_	none	Volume=high	Begin=1952.817	_	_	_	_
1160-1	PKP125	1160	1160	1	È	è	_	_	_	_	_	linguistic	_	none	Volume=high	End=1953.241	_	_	_	_
1161-0	PKP125	1161	1161	0	c(io)è	cioè	_	_	_	_	_	linguistic	_	none	_	Begin=1953.329	_	_	1-3(0)	_
1161-1	PKP125	1161	1161	1	nel	nel	_	_	_	_	_	linguistic	_	none	_	_	_	_	_	_
1161-2	PKP125	1161	1161	2	senso	senso	_	_	_	_	_	linguistic	_	none	_	_	_	_	_	_
1161-3	PKP125	1161	1161	3	non	non	_	_	_	_	_	linguistic	_	none	_	_	_	_	_	_
1161-4	PKP125	1161	1161	4	è	è	_	_	_	_	_	linguistic	_	none	_	_	_	_	_	_
1161-5	PKP125	1161	1161	5	la	la	_	_	_	_	_	linguistic	_	none	_	_	_	_	_	_
1161-6	PKP125	1161	1161	6	tipa	tipa	_	_	_	_	_	linguistic	_	none	_	_	_	_	_	_
1161-7	PKP125	1161	1161	7	che:	che	_	_	_	_	_	linguistic	_	none	_	End=1955.384	2x1	_	_	_
1162-0	PKP125	1162	1162	0	mo	mo	_	_	_	_	_	linguistic	_	none	_	Begin=1955.423	_	_	_	_
1162-1	PKP125	1162	1162	1	capito	capito	_	_	_	_	_	linguistic	_	none	_	_	_	_	_	_
1162-2	PKP125	1162	1162	2	se	se	_	_	_	_	_	linguistic	_	none	_	End=1956.152	_	_	_	_
1163-0	PKP125	1163	1163	0	c'	c'	_	_	_	_	_	linguistic	_	none	SpaceAfter=No	Begin=1956.405	_	_	_	_
1163-1	PKP125	1163	1163	1	ha	ha	_	_	_	_	_	linguistic	_	none	_	_	_	_	_	_
1163-2	PKP125	1163	1163	2	questo	questo	_	_	_	_	_	linguistic	_	none	_	_	_	_	_	_
1163-3	PKP125	1163	1163	3	tipo	tipo	_	_	_	_	_	linguistic	_	none	_	_	_	_	_	_
1163-4	PKP125	1163	1163	4	in	in	_	_	_	_	_	linguistic	_	none	_	_	_	_	_	_
1163-5	PKP125	1163	1163	5	me~	me~	_	_	_	_	_	linguistic	_	none	Interrupted=Yes	_	_	_	_	_
1163-6	PKP125	1163	1163	6	mente	mente	_	_	_	_	_	linguistic	_	none	_	End=1958.157	_	_	_	_
1164-0	PKP125	1164	1164	0	con	con	_	_	_	_	_	linguistic	_	none	_	Begin=1958.19	_	_	_	_
1164-1	PKP125	1164	1164	1	cui	cui	_	_	_	_	_	linguistic	_	none	_	_	_	_	_	_
1164-2	PKP125	1164	1164	2	ci	ci	_	_	_	_	_	linguistic	_	none	PauseAfter=Yes	_	_	_	_	_
1164-3	PKP125	1164	1164	3	{P}	{P}	_	_	_	_	_	shortpause	_	none	_	_	_	_	_	_
1164-4	PKP125	1164	1164	4	sta	sta	_	_	_	_	_	linguistic	_	none	_	_	_	_	_	_
1164-5	PKP125	1164	1164	5	prova:ndo	provando	_	_	_	_	_	linguistic	_	none	_	End=1959.522	4x1	_	_	_
1165-0	PKP125	1165	1165	0	sta	sta	_	_	_	_	_	linguistic	_	none	_	Begin=1959.561	_	_	_	_
1165-1	PKP125	1165	1165	1	face:ndo	facendo	_	_	_	_	_	linguistic	_	none	_	_	3x1	_	_	_
1165-2	PKP125	1165	1165	2	e:	e	_	_	_	_	_	linguistic	_	none	_	End=1960.601	0x1	_	_	_
1166-0	PKP125	1166	1166	0	>ci	ci	_	_	_	_	_	linguistic	_	none	_	Begin=1960.655	_	Fast=0-2(0)	_	_
1166-1	PKP125	1166	1166	1	deve	deve	_	_	_	_	_	linguistic	_	none	_	_	_	Fast=0-4(0)	_	_
1166-2	PKP125	1166	1166	2	uscire<	uscire	_	_	_	_	_	linguistic	_	none	_	_	_	Fast=0-6(0)	_	_
1166-3	PKP125	1166	1166	3	non	non	_	_	_	_	_	linguistic	_	none	_	_	_	_	_	_
1166-4	PKP125	1166	1166	4	è	è	_	_	_	_	_	linguistic	_	none	_	_	_	_	_	_
1166-5	PKP125	1166	1166	5	che	che	_	_	_	_	_	linguistic	_	none	_	_	_	_	_	_
1166-6	PKP125	1166	1166	6	ha	ha	_	_	_	_	_	linguistic	_	none	_	_	_	_	_	_
1166-7	PKP125	1166	1166	7	detto	detto	_	_	_	_	_	linguistic	_	none	_	_	_	_	_	_
1166-8	PKP125	1166	1166	8	ah	ah	_	_	_	_	_	linguistic	_	none	_	_	_	_	_	_
1166-9	PKP125	1166	1166	9	il	il	_	_	_	_	_	linguistic	_	none	_	_	_	_	_	_
1166-10	PKP125	1166	1166	10	mio	mio	_	_	_	_	_	linguistic	_	none	_	_	_	_	_	_
1166-11	PKP125	1166	1166	11	e:x	ex	_	_	_	_	_	linguistic	_	none	_	End=1962.305	0x1	_	_	_
1167-0	PKP125	1167	1167	0	capito?	capito	_	_	_	_	_	linguistic	_	none	Intonation=Rising	Begin=1962.379|End=1962.862	_	_	_	_
1168-0	PKP125	1168	1168	0	cioè	cioè	_	_	_	_	_	linguistic	_	none	_	Begin=1963.399	_	_	_	_
1168-1	PKP125	1168	1168	1	a	a	_	_	_	_	_	linguistic	_	none	_	_	_	_	_	_
1168-2	PKP125	1168	1168	2	me	me	_	_	_	_	_	linguistic	_	none	_	_	_	_	_	_
1168-3	PKP125	1168	1168	3	piace	piace	_	_	_	_	_	linguistic	_	none	_	_	_	_	_	_
1168-4	PKP125	1168	1168	4	antonietta	antonietta	_	_	_	_	_	linguistic	_	none	_	End=1964.221	_	_	_	_
1169-0	PKP125	1169	1169	0	perché	perché	_	_	_	_	_	linguistic	_	none	_	Begin=1964.246	_	_	_	_
1169-1	PKP125	1169	1169	1	non	non	_	_	_	_	_	linguistic	_	none	_	_	_	_	_	_
1169-2	PKP125	1169	1169	2	è	è	_	_	_	_	_	linguistic	_	none	_	_	_	_	_	_
1169-3	PKP125	1169	1169	3	la	la	_	_	_	_	_	linguistic	_	none	_	_	_	_	_	_
1169-4	PKP125	1169	1169	4	tipa	tipa	_	_	_	_	_	linguistic	_	none	_	_	_	_	_	_
1169-5	PKP125	1169	1169	5	che	che	_	_	_	_	_	linguistic	_	none	_	_	_	_	_	_
1169-6	PKP125	1169	1169	6	si	si	_	_	_	_	_	linguistic	_	none	_	_	_	_	_	_
1169-7	PKP125	1169	1169	7	perde	perde	_	_	_	_	_	linguistic	_	none	_	_	_	_	_	_
1169-8	PKP125	1169	1169	8	molto	molto	_	_	_	_	_	linguistic	_	none	_	_	_	_	_	_
1169-9	PKP125	1169	1169	9	in	in	_	_	_	_	_	linguistic	_	none	_	_	_	_	_	_
1169-10	PKP125	1169	1169	10	ragioname~	ragioname~	_	_	_	_	_	linguistic	_	none	Interrupted=Yes	End=1966.605	_	_	_	_
1170-0	PKP125	1170	1170	0	cioè	cioè	_	_	_	_	_	linguistic	_	none	_	Begin=1966.679	_	_	_	_
1170-1	PKP125	1170	1170	1	si	si	_	_	_	_	_	linguistic	_	none	_	_	_	_	_	_
1170-2	PKP125	1170	1170	2	perde	perde	_	_	_	_	_	linguistic	_	none	PauseAfter=Yes	_	_	_	_	_
1170-3	PKP125	1170	1170	3	{P}	{P}	_	_	_	_	_	shortpause	_	none	_	_	_	_	_	_
1170-4	PKP125	1170	1170	4	però	però	_	_	_	_	_	linguistic	_	none	_	End=1967.64	_	_	_	_
1171-0	PKP125	1171	1171	0	LE	le	_	_	_	_	_	linguistic	_	none	Volume=high	Begin=1968.829	_	_	_	_
1171-1	PKP125	1171	1171	1	FA	fa	_	_	_	_	_	linguistic	_	none	Volume=high	_	_	_	_	_
1171-2	PKP125	1171	1171	2	le	le	_	_	_	_	_	linguistic	_	none	_	_	_	_	_	_
1171-3	PKP125	1171	1171	3	cose	cose	_	_	_	_	_	linguistic	_	none	_	_	_	_	_	_
1171-4	PKP125	1171	1171	4	capito?	capito	_	_	_	_	_	linguistic	_	none	Intonation=Rising	End=1970.172	_	_	_	_
1172-0	PKP131	1172	1172	0	#vabbuò	#vabbuò	_	_	_	_	_	error	_	none	_	Begin=1970.556	_	_	_	_
1172-1	PKP131	1172	1172	1	sì:	sì	_	_	_	_	_	linguistic	_	none	_	End=1971.423	1x1	_	_	_
1173-0	PKP131	1173	1173	0	mi	mi	_	_	_	_	_	linguistic	_	none	_	Begin=1971.906	_	_	_	_
1173-1	PKP131	1173	1173	1	trovo	trovo	_	_	_	_	_	linguistic	_	none	_	_	_	_	_	_
1173-2	PKP131	1173	1173	2	molto	molto	_	_	_	_	_	linguistic	_	none	_	_	_	_	_	_
1173-3	PKP131	1173	1173	3	bene	bene	_	_	_	_	_	linguistic	_	none	_	_	_	_	_	_
1173-4	PKP131	1173	1173	4	xxx	xxx	_	_	_	_	_	unknown	_	none	Syllables=3	End=1973.241	_	_	_	_
1174-0	PKP131	1174	1174	0	xxx	xxx	_	_	_	_	_	unknown	_	none	Syllables=3	Begin=1973.408|End=1974.212	_	_	_	_
1175-0	PKP125	1175	1175	0	e	e	_	_	_	_	_	linguistic	_	none	_	Begin=1974.407	_	_	_	_
1175-1	PKP125	1175	1175	1	[(cambia)]	cambia	_	_	_	_	_	linguistic	_	none	_	End=1975.133	_	_	0-6(0)	0-6(31)
1176-0	PKP131	1176	1176	0	[cioè	cioè	_	_	_	_	_	linguistic	_	none	_	Begin=1974.561	_	_	_	0-4(31)
1176-1	PKP131	1176	1176	1	ogni	ogni	_	_	_	_	_	linguistic	_	none	_	_	_	_	_	0-4(31)
1176-2	PKP131	1176	1176	2	volta]	volta	_	_	_	_	_	linguistic	_	none	_	_	_	_	_	0-5(31)
1176-3	PKP131	1176	1176	3	che	che	_	_	_	_	_	linguistic	_	none	_	_	_	_	_	_
1176-4	PKP131	1176	1176	4	pa:rla	parla	_	_	_	_	_	linguistic	_	none	_	_	1x1	_	_	_
1176-5	PKP131	1176	1176	5	antonietta	antonietta	_	_	_	_	_	linguistic	_	none	_	End=1976.349	_	_	_	_
1177-0	PKP131	1177	1177	0	la	la	_	_	_	_	_	linguistic	_	none	_	Begin=1976.916	_	_	_	_
1177-1	PKP131	1177	1177	1	vorresti	vorresti	_	_	_	_	_	linguistic	_	none	_	_	_	_	_	_
1177-2	PKP131	1177	1177	2	abbracciare	abbracciare	_	_	_	_	_	linguistic	_	none	_	End=1978.108	_	_	_	_
1178-0	PKP131	1178	1178	0	{ride}	{ride}	_	_	_	_	_	nonverbalbehavior	_	none	_	Begin=1978.28	_	_	_	_
1178-1	PKP131	1178	1178	1	[vie]ni	vieni	_	_	_	_	_	linguistic	_	none	_	_	_	_	_	0-3(32)
1178-2	PKP131	1178	1178	2	qua	qua	_	_	_	_	_	linguistic	_	none	_	End=1979.073	_	_	_	_
1179-0	PKP125	1179	1179	0	[mh]	mh	_	_	_	_	_	linguistic	_	none	_	Begin=1978.472|End=1978.66	_	_	_	0-2(32)
1180-0	PKP131	1180	1180	0	è	è	_	_	_	_	_	linguistic	_	none	_	Begin=1979.768	_	_	_	_
1180-1	PKP131	1180	1180	1	carina	carina	_	_	_	_	_	linguistic	_	none	_	End=1980.335	_	_	_	_
1181-0	PKP125	1181	1181	0	questo	questo	_	_	_	_	_	linguistic	_	none	_	Begin=1980.384	_	_	_	_
1181-1	PKP125	1181	1181	1	sì	sì	_	_	_	_	_	linguistic	_	none	_	End=1980.945	_	_	_	_
1182-0	PKP125	1182	1182	0	non	non	_	_	_	_	_	linguistic	_	none	_	Begin=1982.709	_	_	_	_
1182-1	PKP125	1182	1182	1	ha	ha	_	_	_	_	_	linguistic	_	none	_	_	_	_	_	_
1182-2	PKP125	1182	1182	2	questa	questa	_	_	_	_	_	linguistic	_	none	_	_	_	_	_	_
1182-3	PKP125	1182	1182	3	personalità	personalità	_	_	_	_	_	linguistic	_	none	_	End=1983.852	_	_	_	_
1183-0	PKP125	1183	1183	0	diciamo:	diciamo	_	_	_	_	_	linguistic	_	none	_	Begin=1983.874	6x1	_	_	_
1183-1	PKP125	1183	1183	1	U:H	uh	_	_	_	_	_	linguistic	_	none	Volume=high	_	0x1	_	_	_
1183-2	PKP125	1183	1183	2	esauberante	esauberante	_	_	_	_	_	linguistic	_	none	PauseAfter=Yes	_	_	_	_	_
1183-3	PKP125	1183	1183	3	{P}	{P}	_	_	_	_	_	shortpause	_	none	_	_	_	_	_	_
1183-4	PKP125	1183	1183	4	sai	sai	_	_	_	_	_	linguistic	_	none	_	_	_	_	_	_
1183-5	PKP125	1183	1183	5	che	che	_	_	_	_	_	linguistic	_	none	_	_	_	_	_	_
1183-6	PKP125	1183	1183	6	però	però	_	_	_	_	_	linguistic	_	none	_	End=1986.448	_	_	_	_
1184-0	PKP125	1184	1184	0	si	si	_	_	_	_	_	linguistic	_	none	_	Begin=1986.482	_	_	_	_
1184-1	PKP125	1184	1184	1	fa	fa	_	_	_	_	_	linguistic	_	none	_	_	_	_	_	_
1184-2	PKP125	1184	1184	2	volere	volere	_	_	_	_	_	linguistic	_	none	_	_	_	_	_	_
1184-3	PKP125	1184	1184	3	bene	bene	_	_	_	_	_	linguistic	_	none	_	_	_	_	_	_
1184-4	PKP125	1184	1184	4	per	per	_	_	_	_	_	linguistic	_	none	_	_	_	_	_	_
1184-5	PKP125	1184	1184	5	la	la	_	_	_	_	_	linguistic	_	none	_	_	_	_	_	_
1184-6	PKP125	1184	1184	6	su[a:]	sua	_	_	_	_	_	linguistic	_	none	_	End=1988.147	2x1	_	_	2-3(33)
1185-0	PKP131	1185	1185	0	[sì]:	sì	_	_	_	_	_	linguistic	_	none	_	Begin=1987.931|End=1988.551	1x1	_	_	0-2(33)
1186-0	PKP131	1186	1186	0	per	per	_	_	_	_	_	linguistic	_	none	_	Begin=1988.807	_	_	_	_
1186-1	PKP131	1186	1186	1	la	la	_	_	_	_	_	linguistic	_	none	_	_	_	_	_	_
1186-2	PKP131	1186	1186	2	sua	sua	_	_	_	_	_	linguistic	_	none	_	_	_	_	_	_
1186-3	PKP131	1186	1186	3	dolce:zza	dolcezza	_	_	_	_	_	linguistic	_	none	_	End=1990.014	4x1	_	_	_
1187-0	PKP125	1187	1187	0	c(io)è	cioè	_	_	_	_	_	linguistic	_	none	_	Begin=1990.32	_	_	1-3(0)	_
1187-1	PKP125	1187	1187	1	è	è	_	_	_	_	_	linguistic	_	none	_	_	_	_	_	_
1187-2	PKP125	1187	1187	2	una	una	_	_	_	_	_	linguistic	_	none	_	_	_	_	_	_
1187-3	PKP125	1187	1187	3	persona	persona	_	_	_	_	_	linguistic	_	none	_	_	_	_	_	_
1187-4	PKP125	1187	1187	4	che	che	_	_	_	_	_	linguistic	_	none	_	_	_	_	_	_
1187-5	PKP125	1187	1187	5	veramente	veramente	_	_	_	_	_	linguistic	_	none	_	_	_	_	_	_
1187-6	PKP125	1187	1187	6	non	non	_	_	_	_	_	linguistic	_	none	_	_	_	_	_	_
1187-7	PKP125	1187	1187	7	ho	ho	_	_	_	_	_	linguistic	_	none	_	_	_	_	_	_
1187-8	PKP125	1187	1187	8	mai	mai	_	_	_	_	_	linguistic	_	none	_	_	_	_	_	_
1187-9	PKP125	1187	1187	9	sentito	sentito	_	_	_	_	_	linguistic	_	none	_	_	_	_	_	_
1187-10	PKP125	1187	1187	10	negati:va:	negativa	_	_	_	_	_	linguistic	_	none	_	End=1993.27	5x1,7x1	_	_	_
1188-0	PKP125	1188	1188	0	ma:i	mai	_	_	_	_	_	linguistic	_	none	_	Begin=1993.32|End=1993.674	1x1	_	_	_
1189-0	PKP125	1189	1189	0	che	che	_	_	_	_	_	linguistic	_	none	_	Begin=1993.719	_	_	_	_
1189-1	PKP125	1189	1189	1	ti	ti	_	_	_	_	_	linguistic	_	none	_	_	_	_	_	_
1189-2	PKP125	1189	1189	2	mette	mette	_	_	_	_	_	linguistic	_	none	_	_	_	_	_	_
1189-3	PKP125	1189	1189	3	proprio	proprio	_	_	_	_	_	linguistic	_	none	_	_	_	_	_	_
1189-4	PKP125	1189	1189	4	ansia	ansia	_	_	_	_	_	linguistic	_	none	_	_	_	_	_	_
1189-5	PKP125	1189	1189	5	addo:sso	addosso	_	_	_	_	_	linguistic	_	none	_	End=1995.458	3x1	_	_	_
1190-0	PKP125	1190	1190	0	ma:i	mai	_	_	_	_	_	linguistic	_	none	_	Begin=1995.502	1x1	_	_	_
1190-1	PKP125	1190	1190	1	>mai	mai	_	_	_	_	_	linguistic	_	none	_	_	_	Fast=0-3(0)	_	_
1190-2	PKP125	1190	1190	2	mai	mai	_	_	_	_	_	linguistic	_	none	_	_	_	Fast=0-3(0)	_	_
1190-3	PKP125	1190	1190	3	mai	mai	_	_	_	_	_	linguistic	_	none	_	_	_	Fast=0-3(0)	_	_
1190-4	PKP125	1190	1190	4	[mai	mai	_	_	_	_	_	linguistic	_	none	_	_	_	Fast=0-3(0)	_	0-3(34)
1190-5	PKP125	1190	1190	5	mai	mai	_	_	_	_	_	linguistic	_	none	_	_	_	Fast=0-3(0)	_	0-3(34)
1190-6	PKP125	1190	1190	6	ma:i<]	mai	_	_	_	_	_	linguistic	_	none	_	End=1996.955	1x1	Fast=0-3(0)	_	0-3(34)
1191-0	PKP131	1191	1191	0	[mai	mai	_	_	_	_	_	linguistic	_	none	_	Begin=1996.28	_	_	_	0-3(34)
1191-1	PKP131	1191	1191	1	mai]	mai	_	_	_	_	_	linguistic	_	none	_	End=1996.96	_	_	_	0-3(34)
1192-0	PKP125	1192	1192	0	cioè	cioè	_	_	_	_	_	linguistic	_	none	_	Begin=1997.99	_	_	_	_
1192-1	PKP125	1192	1192	1	mi	mi	_	_	_	_	_	linguistic	_	none	_	_	_	_	_	_
1192-2	PKP125	1192	1192	2	credi	credi	_	_	_	_	_	linguistic	_	none	_	End=1998.576	_	_	_	_
1193-0	PKP125	1193	1193	0	[proprio:]	proprio	_	_	_	_	_	linguistic	_	none	_	Begin=1998.621|End=1999.453	6x1	_	_	0-7(35)
1194-0	PKP131	1194	1194	0	[cioè	cioè	_	_	_	_	_	linguistic	_	none	_	Begin=1998.621	_	_	_	0-4(35)
1194-1	PKP131	1194	1194	1	io	io	_	_	_	_	_	linguistic	_	none	_	_	_	_	_	0-2(35)
1194-2	PKP131	1194	1194	2	manco	manco	_	_	_	_	_	linguistic	_	none	_	_	_	_	_	0-5(35)
1194-3	PKP131	1194	1194	3	la	la	_	_	_	_	_	linguistic	_	none	_	_	_	_	_	0-2(35)
1194-4	PKP131	1194	1194	4	cono]sco	conosco	_	_	_	_	_	linguistic	_	none	_	End=1999.62	_	_	_	0-4(35)
1195-0	PKP131	1195	1195	0	ma	ma	_	_	_	_	_	linguistic	_	none	_	Begin=1999.66	_	_	_	_
1195-1	PKP131	1195	1195	1	poco	poco	_	_	_	_	_	linguistic	_	none	_	_	_	_	_	_
1195-2	PKP131	1195	1195	2	eh	eh	_	_	_	_	_	linguistic	_	none	_	End=2000.374	_	_	_	_
1196-0	PKP125	1196	1196	0	n[o	no	_	_	_	_	_	linguistic	_	none	_	Begin=2000.566	_	_	_	1-2(37)
1196-1	PKP125	1196	1196	1	ma	ma	_	_	_	_	_	linguistic	_	none	_	_	_	_	_	0-2(37)
1196-2	PKP125	1196	1196	2	è	è	_	_	_	_	_	linguistic	_	none	_	_	_	_	_	0-1(37)
1196-3	PKP125	1196	1196	3	c]osì	così	_	_	_	_	_	linguistic	_	none	_	End=2001.348	_	_	_	0-1(37)
1197-0	PKP131	1197	1197	0	[xx]	xx	_	_	_	_	_	unknown	_	none	Syllables=2	Begin=2000.689|End=2001.059	_	_	_	0-2(37)
1198-0	PKP125	1198	1198	0	io	io	_	_	_	_	_	linguistic	_	none	_	Begin=2001.374|End=2001.655	_	_	_	_
1199-0	PKP125	1199	1199	0	xx	xx	_	_	_	_	_	unknown	_	none	Syllables=2	Begin=2001.803|End=2002.108	_	_	_	_
1200-0	PKP125	1200	1200	0	tutto	tutto	_	_	_	_	_	linguistic	_	none	_	Begin=2002.137	_	_	_	_
1200-1	PKP125	1200	1200	1	il	il	_	_	_	_	_	linguistic	_	none	_	_	_	_	_	_
1200-2	PKP125	1200	1200	2	liceo	liceo	_	_	_	_	_	linguistic	_	none	_	_	_	_	_	_
1200-3	PKP125	1200	1200	3	cose	cose	_	_	_	_	_	linguistic	_	none	_	_	_	_	_	_
1200-4	PKP125	1200	1200	4	veramente	veramente	_	_	_	_	_	linguistic	_	none	_	_	_	_	_	_
1200-5	PKP125	1200	1200	5	non	non	_	_	_	_	_	linguistic	_	none	_	End=2003.852	_	_	_	_
1201-0	PKP125	1201	1201	0	mai	mai	_	_	_	_	_	linguistic	_	none	_	Begin=2004.46	_	_	_	_
1201-1	PKP125	1201	1201	1	visto	visto	_	_	_	_	_	linguistic	_	none	_	_	_	_	_	_
1201-2	PKP125	1201	1201	2	una	una	_	_	_	_	_	linguistic	_	none	_	_	_	_	_	_
1201-3	PKP125	1201	1201	3	persona	persona	_	_	_	_	_	linguistic	_	none	_	_	_	_	_	_
1201-4	PKP125	1201	1201	4	così::	così	_	_	_	_	_	linguistic	_	none	_	End=2006.65	3x2	_	_	_
1202-0	PKP125	1202	1202	0	equilibra:ta:	equilibrata	_	_	_	_	_	linguistic	_	none	_	Begin=2006.674|End=2008.541	8x1,10x1	_	_	_
1203-0	PKP131	1203	1203	0	>poi	poi	_	_	_	_	_	linguistic	_	none	_	Begin=2010.847	_	Fast=0-3(0)	_	_
1203-1	PKP131	1203	1203	1	ho	ho	_	_	_	_	_	linguistic	_	none	_	_	_	Fast=0-2(0)	_	_
1203-2	PKP131	1203	1203	2	conosciuto<	conosciuto	_	_	_	_	_	linguistic	_	none	_	_	_	Fast=0-10(0)	_	_
1203-3	PKP131	1203	1203	3	anche	anche	_	_	_	_	_	linguistic	_	none	_	_	_	_	_	_
1203-4	PKP131	1203	1203	4	[la	la	_	_	_	_	_	linguistic	_	none	_	_	_	_	_	0-2(39)
1203-5	PKP131	1203	1203	5	mamma	mamma	_	_	_	_	_	linguistic	_	none	_	_	_	_	_	0-5(39)
1203-6	PKP131	1203	1203	6	e	e	_	_	_	_	_	linguistic	_	none	_	_	_	_	_	0-1(39)
1203-7	PKP131	1203	1203	7	il	il	_	_	_	_	_	linguistic	_	none	_	_	_	_	_	0-2(39)
1203-8	PKP131	1203	1203	8	padre]:	padre	_	_	_	_	_	linguistic	_	none	_	End=2012.561	4x1	_	_	0-5(39)
1204-0	PKP125	1204	1204	0	[con	con	_	_	_	_	_	linguistic	_	none	_	Begin=2011.546	_	_	_	0-3(39)
1204-1	PKP125	1204	1204	1	(equilibrio)]	equilibrio	_	_	_	_	_	linguistic	_	none	_	End=2012.443	_	_	0-10(0)	0-10(39)
1205-0	PKP125	1205	1205	0	e:h	eh	_	_	_	_	_	linguistic	_	none	_	Begin=2012.842	0x1	_	_	_
1205-1	PKP125	1205	1205	1	la	la	_	_	_	_	_	linguistic	_	none	_	_	_	_	_	_
1205-2	PKP125	1205	1205	2	mamma	mamma	_	_	_	_	_	linguistic	_	none	_	_	_	_	_	_
1205-3	PKP125	1205	1205	3	per	per	_	_	_	_	_	linguistic	_	none	_	_	_	_	_	_
1205-4	PKP125	1205	1205	4	esempio	esempio	_	_	_	_	_	linguistic	_	none	_	_	_	_	_	_
1205-5	PKP125	1205	1205	5	è	è	_	_	_	_	_	linguistic	_	none	_	_	_	_	_	_
1205-6	PKP125	1205	1205	6	schizzata	schizzata	_	_	_	_	_	linguistic	_	none	_	End=2014.285	_	_	_	_
1206-0	PKP125	1206	1206	0	non	non	_	_	_	_	_	linguistic	_	none	_	Begin=2014.364	_	_	_	_
1206-1	PKP125	1206	1206	1	è	è	_	_	_	_	_	linguistic	_	none	_	_	_	_	_	_
1206-2	PKP125	1206	1206	2	così	così	_	_	_	_	_	linguistic	_	none	_	End=2014.867	_	_	_	_
1207-0	PKP125	1207	1207	0	ma	ma	_	_	_	_	_	linguistic	_	none	_	Begin=2015.029	_	_	_	_
1207-1	PKP125	1207	1207	1	pure	pure	_	_	_	_	_	linguistic	_	none	_	_	_	_	_	_
1207-2	PKP125	1207	1207	2	il	il	_	_	_	_	_	linguistic	_	none	_	_	_	_	_	_
1207-3	PKP125	1207	1207	3	pa~	pa~	_	_	_	_	_	linguistic	_	none	Interrupted=Yes	End=2015.635	_	_	_	_
1208-0	PKP125	1208	1208	0	no	no	_	_	_	_	_	linguistic	_	none	_	Begin=2015.667	_	_	_	_
1208-1	PKP125	1208	1208	1	il	il	_	_	_	_	_	linguistic	_	none	_	_	_	_	_	_
1208-2	PKP125	1208	1208	2	padre	padre	_	_	_	_	_	linguistic	_	none	_	_	_	_	_	_
1208-3	PKP125	1208	1208	3	è	è	_	_	_	_	_	linguistic	_	none	_	_	_	_	_	_
1208-4	PKP125	1208	1208	4	tranquillo	tranquillo	_	_	_	_	_	linguistic	_	none	_	_	_	_	_	_
1208-5	PKP125	1208	1208	5	per	per	_	_	_	_	_	linguistic	_	none	_	_	_	_	_	_
1208-6	PKP125	1208	1208	6	esempio	esempio	_	_	_	_	_	linguistic	_	none	_	End=2017.082	_	_	_	_
1209-0	PKP131	1209	1209	0	a	a	_	_	_	_	_	linguistic	_	none	_	Begin=2018.221	_	_	_	_
1209-1	PKP131	1209	1209	1	me	me	_	_	_	_	_	linguistic	_	none	_	_	_	_	_	_
1209-2	PKP131	1209	1209	2	pare	pare	_	_	_	_	_	linguistic	_	none	_	_	_	_	_	_
1209-3	PKP131	1209	1209	3	esattamente	esattamente	_	_	_	_	_	linguistic	_	none	_	_	_	_	_	_
1209-4	PKP131	1209	1209	4	diversi	diversi	_	_	_	_	_	linguistic	_	none	_	_	_	_	_	_
1209-5	PKP131	1209	1209	5	dai	dai	_	_	_	_	_	linguistic	_	none	_	_	_	_	_	_
1209-6	PKP131	1209	1209	6	loro	loro	_	_	_	_	_	linguistic	_	none	_	End=2020.039	_	_	_	_
1210-0	PKP131	1210	1210	0	#il	#il	_	_	_	_	_	error	_	none	_	Begin=2020.137	_	_	_	_
1210-1	PKP131	1210	1210	1	padre	padre	_	_	_	_	_	linguistic	_	none	_	_	_	_	_	_
1210-2	PKP131	1210	1210	2	è	è	_	_	_	_	_	linguistic	_	none	_	_	_	_	_	_
1210-3	PKP131	1210	1210	3	così	così	_	_	_	_	_	linguistic	_	none	_	_	_	_	_	_
1210-4	PKP131	1210	1210	4	mucro	mucro	_	_	_	_	_	linguistic	_	none	_	End=2021.418	_	_	_	_
1211-0	PKP131	1211	1211	0	zitto	zitto	_	_	_	_	_	linguistic	_	none	_	Begin=2021.464	_	_	_	_
1211-1	PKP131	1211	1211	1	che	che	_	_	_	_	_	linguistic	_	none	_	_	_	_	_	_
1211-2	PKP131	1211	1211	2	xx	xx	_	_	_	_	_	unknown	_	none	Syllables=2	End=2022.27	_	_	_	_
1212-0	PKP125	1212	1212	0	eh	eh	_	_	_	_	_	linguistic	_	none	_	Begin=2022.3|End=2022.601	_	_	_	_
1213-0	PKP131	1213	1213	0	(amo)	amo	_	_	_	_	_	linguistic	_	none	_	Begin=2022.748|End=2023.123	_	_	0-3(0)	_
1214-0	PKP131	1214	1214	0	un	un	_	_	_	_	_	linguistic	_	none	_	Begin=2023.842	_	_	_	_
1214-1	PKP131	1214	1214	1	[giorn~]	giorn~	_	_	_	_	_	linguistic	_	none	Interrupted=Yes	End=2024.172	_	_	_	0-6(41)
1215-0	PKP125	1215	1215	0	[non	non	_	_	_	_	_	linguistic	_	none	_	Begin=2023.97	_	_	_	0-3(41)
1215-1	PKP125	1215	1215	1	è]	è	_	_	_	_	_	linguistic	_	none	_	_	_	_	_	0-1(41)
1215-2	PKP125	1215	1215	2	(parl[one)]	parlone	_	_	_	_	_	linguistic	_	none	_	End=2024.807	_	_	0-7(0)	4-7(42)
1216-0	PKP131	1216	1216	0	[un	un	_	_	_	_	_	linguistic	_	none	_	Begin=2024.477	_	_	_	0-2(42)
1216-1	PKP131	1216	1216	1	giorno]	giorno	_	_	_	_	_	linguistic	_	none	_	_	_	_	_	0-6(42)
1216-2	PKP131	1216	1216	2	me	me	_	_	_	_	_	linguistic	_	none	_	_	_	_	_	_
1216-3	PKP131	1216	1216	3	n'	n'	_	_	_	_	_	linguistic	_	none	SpaceAfter=No	_	_	_	_	_
1216-4	PKP131	1216	1216	4	ero	ero	_	_	_	_	_	linguistic	_	none	_	_	_	_	_	_
1216-5	PKP131	1216	1216	5	a	a	_	_	_	_	_	linguistic	_	none	_	_	_	_	_	_
1216-6	PKP131	1216	1216	6	mare	mare	_	_	_	_	_	linguistic	_	none	_	End=2025.605	_	_	_	_
1217-0	PKP131	1217	1217	0	antonietta	antonietta	_	_	_	_	_	linguistic	_	none	_	Begin=2025.645	_	_	_	_
1217-1	PKP131	1217	1217	1	la	la	_	_	_	_	_	linguistic	_	none	_	_	_	_	_	_
1217-2	PKP131	1217	1217	2	mamma	mamma	_	_	_	_	_	linguistic	_	none	_	_	_	_	_	_
1217-3	PKP131	1217	1217	3	e	e	_	_	_	_	_	linguistic	_	none	_	_	_	_	_	_
1217-4	PKP131	1217	1217	4	il	il	_	_	_	_	_	linguistic	_	none	_	_	_	_	_	_
1217-5	PKP131	1217	1217	5	pa[dre]	padre	_	_	_	_	_	linguistic	_	none	_	End=2026.827	_	_	_	2-5(43)
1218-0	PKP125	1218	1218	0	[la	la	_	_	_	_	_	linguistic	_	none	_	Begin=2026.63	_	_	_	0-2(43)
1218-1	PKP125	1218	1218	1	ma]mma	mamma	_	_	_	_	_	linguistic	_	none	_	_	_	_	_	0-2(43)
1218-2	PKP125	1218	1218	2	di	di	_	_	_	_	_	linguistic	_	none	_	_	_	_	_	_
1218-3	PKP125	1218	1218	3	antonietta	antonietta	_	_	_	_	_	linguistic	_	none	_	_	_	_	_	_
1218-4	PKP125	1218	1218	4	è	è	_	_	_	_	_	linguistic	_	none	_	_	_	_	_	_
1218-5	PKP125	1218	1218	5	proprio	proprio	_	_	_	_	_	linguistic	_	none	_	_	_	_	_	_
1218-6	PKP125	1218	1218	6	una::	una	_	_	_	_	_	linguistic	_	none	_	End=2028.394	2x2	_	_	_
1219-0	PKP125	1219	1219	0	{ride}	{ride}	_	_	_	_	_	nonverbalbehavior	_	none	_	Begin=2029.083|End=2029.945	_	_	_	_
1220-0	PKP131	1220	1220	0	[e:h]?	eh	_	_	_	_	_	linguistic	_	none	Intonation=Rising	Begin=2030.724|End=2030.906	0x1	_	_	0-2(45)
1221-0	PKP125	1221	1221	0	[ti]	ti	_	_	_	_	_	linguistic	_	none	_	Begin=2030.798	_	_	_	0-2(45)
1221-1	PKP125	1221	1221	1	ricordo	ricordo	_	_	_	_	_	linguistic	_	none	_	_	_	_	_	_
1221-2	PKP125	1221	1221	2	anche	anche	_	_	_	_	_	linguistic	_	none	_	_	_	_	_	_
1221-3	PKP125	1221	1221	3	le	le	_	_	_	_	_	linguistic	_	none	_	_	_	_	_	_
1221-4	PKP125	1221	1221	4	sue	sue	_	_	_	_	_	linguistic	_	none	_	_	_	_	_	_
1221-5	PKP125	1221	1221	5	opinioni	opinioni	_	_	_	_	_	linguistic	_	none	_	_	_	_	_	_
1221-6	PKP125	1221	1221	6	molto	molto	_	_	_	_	_	linguistic	_	none	_	_	_	_	_	_
1221-7	PKP125	1221	1221	7	controverse	controverse	_	_	_	_	_	linguistic	_	none	_	End=2033.364	_	_	_	_
1222-0	PKP131	1222	1222	0	comunque	comunque	_	_	_	_	_	linguistic	_	none	_	Begin=2034.551|End=2035.0	_	_	_	_
1223-0	PKP131	1223	1223	0	si	si	_	_	_	_	_	linguistic	_	none	_	Begin=2035.517	_	_	_	_
1223-1	PKP131	1223	1223	1	picchiarono	picchiarono	_	_	_	_	_	linguistic	_	none	_	_	_	_	_	_
1223-2	PKP131	1223	1223	2	sul	sul	_	_	_	_	_	linguistic	_	none	_	_	_	_	_	_
1223-3	PKP131	1223	1223	3	lido	lido	_	_	_	_	_	linguistic	_	none	_	End=2036.617	_	_	_	_
1224-0	PKP125	1224	1224	0	ma	ma	_	_	_	_	_	linguistic	_	none	_	Begin=2037.118	_	_	_	_
1224-1	PKP125	1224	1224	1	chi:?	chi	_	_	_	_	_	linguistic	_	none	Intonation=Rising	_	2x1	_	_	_
1224-2	PKP125	1224	1224	2	{ride}	{ride}	_	_	_	_	_	nonverbalbehavior	_	none	_	End=2038.039	_	_	_	_
1225-0	PKP131	1225	1225	0	e:h	eh	_	_	_	_	_	linguistic	_	none	_	Begin=2038.552	0x1	_	_	_
1225-1	PKP131	1225	1225	1	picchiarono	picchiarono	_	_	_	_	_	linguistic	_	none	_	_	_	_	_	_
1225-2	PKP131	1225	1225	2	il	il	_	_	_	_	_	linguistic	_	none	_	_	_	_	_	_
1225-3	PKP131	1225	1225	3	bagnino	bagnino	_	_	_	_	_	linguistic	_	none	_	_	_	_	_	_
1225-4	PKP131	1225	1225	4	così:	così	_	_	_	_	_	linguistic	_	none	_	_	3x1	_	_	_
1225-5	PKP131	1225	1225	5	xx	xx	_	_	_	_	_	unknown	_	none	Syllables=2	End=2040.709	_	_	_	_
1226-0	PKP125	1226	1226	0	{ride}	{ride}	_	_	_	_	_	nonverbalbehavior	_	none	_	Begin=2040.431	_	_	_	_
1226-1	PKP125	1226	1226	1	cosa?	cosa	_	_	_	_	_	linguistic	_	none	Intonation=Rising	End=2041.354	_	_	_	_
1227-0	PKP125	1227	1227	0	{ride}	{ride}	_	_	_	_	_	nonverbalbehavior	_	none	_	Begin=2041.674	_	_	_	_
1227-1	PKP125	1227	1227	1	[wh]at?	what	_	_	_	_	_	linguistic	_	none	Intonation=Rising	End=2042.857	_	_	_	0-2(48)
1228-0	PKP131	1228	1228	0	[se:]	se	_	_	_	_	_	linguistic	_	none	_	Begin=2041.822|End=2042.103	1x1	_	_	0-2(48)
1229-0	PKP125	1229	1229	0	c(io)è	cioè	_	_	_	_	_	linguistic	_	none	_	Begin=2043.251	_	_	1-3(0)	_
1229-1	PKP125	1229	1229	1	chi	chi	_	_	_	_	_	linguistic	_	none	_	_	_	_	_	_
1229-2	PKP125	1229	1229	2	picchiava	picchiava	_	_	_	_	_	linguistic	_	none	_	_	_	_	_	_
1229-3	PKP125	1229	1229	3	il	il	_	_	_	_	_	linguistic	_	none	_	_	_	_	_	_
1229-4	PKP125	1229	1229	4	bam~	bam~	_	_	_	_	_	linguistic	_	none	Interrupted=Yes	_	_	_	_	_
1229-5	PKP125	1229	1229	5	il	il	_	_	_	_	_	linguistic	_	none	_	_	_	_	_	_
1229-6	PKP125	1229	1229	6	bam~	bam~	_	_	_	_	_	linguistic	_	none	Interrupted=Yes	End=2045.054	_	_	_	_
1230-0	PKP125	1230	1230	0	{ride}	{ride}	_	_	_	_	_	nonverbalbehavior	_	none	_	Begin=2045.576|End=2045.789	_	_	_	_
1231-0	PKP125	1231	1231	0	[il	il	_	_	_	_	_	linguistic	_	none	_	Begin=2046.073	_	_	_	0-2(49)
1231-1	PKP125	1231	1231	1	ba]gnino	bagnino	_	_	_	_	_	linguistic	_	none	_	_	_	_	_	0-2(49)
1231-2	PKP125	1231	1231	2	{ride}	{ride}	_	_	_	_	_	nonverbalbehavior	_	none	_	End=2046.911	_	_	_	_
1232-0	PKP131	1232	1232	0	[(ba)gnino]	bagnino	_	_	_	_	_	linguistic	_	none	_	Begin=2046.074|End=2046.61	_	_	0-2(0)	0-7(49)
1233-0	PKP131	1233	1233	0	dei:	dei	_	_	_	_	_	linguistic	_	none	_	Begin=2047.384|End=2047.945	2x1	_	_	_
1234-0	PKP131	1234	1234	0	dei	dei	_	_	_	_	_	linguistic	_	none	_	Begin=2048.029	_	_	_	_
1234-1	PKP131	1234	1234	1	clienti	clienti	_	_	_	_	_	linguistic	_	none	_	End=2048.795	_	_	_	_
1235-0	PKP125	1235	1235	0	a:h	ah	_	_	_	_	_	linguistic	_	none	_	Begin=2049.157	0x1	_	_	_
1235-1	PKP125	1235	1235	1	pensavo	pensavo	_	_	_	_	_	linguistic	_	none	_	_	_	_	_	_
1235-2	PKP125	1235	1235	2	loro	loro	_	_	_	_	_	linguistic	_	none	_	End=2050.413	_	_	_	_
1236-0	PKP131	1236	1236	0	n[o:]	no	_	_	_	_	_	linguistic	_	none	_	Begin=2050.433|End=2051.014	1x1	_	_	1-2(51)
1237-0	PKP125	1237	1237	0	[pensavo	pensavo	_	_	_	_	_	linguistic	_	none	_	Begin=2050.565	_	_	_	0-7(51)
1237-1	PKP125	1237	1237	1	ai]	ai	_	_	_	_	_	linguistic	_	none	_	_	_	_	_	0-2(51)
1237-2	PKP125	1237	1237	2	genitori	genitori	_	_	_	_	_	linguistic	_	none	_	_	_	_	_	_
1237-3	PKP125	1237	1237	3	di	di	_	_	_	_	_	linguistic	_	none	PauseAfter=Yes	_	_	_	_	_
1237-4	PKP125	1237	1237	4	{P}	{P}	_	_	_	_	_	shortpause	_	none	_	_	_	_	_	_
1237-5	PKP125	1237	1237	5	>e	e	_	_	_	_	_	linguistic	_	none	_	_	_	Fast=0-1(0)	_	_
1237-6	PKP125	1237	1237	6	infatti	infatti	_	_	_	_	_	linguistic	_	none	_	_	_	Fast=0-7(0)	_	_
1237-7	PKP125	1237	1237	7	ho	ho	_	_	_	_	_	linguistic	_	none	_	_	_	Fast=0-2(0)	_	_
1237-8	PKP125	1237	1237	8	detto<	detto	_	_	_	_	_	linguistic	_	none	_	End=2051.94	_	Fast=0-5(0)	_	_
1238-0	PKP125	1238	1238	0	madonna	madonna	_	_	_	_	_	linguistic	_	none	_	Begin=2052.004	_	_	_	_
1238-1	PKP125	1238	1238	1	queste	queste	_	_	_	_	_	linguistic	_	none	_	_	_	_	_	_
1238-2	PKP125	1238	1238	2	cose	cose	_	_	_	_	_	linguistic	_	none	_	_	_	_	_	_
1238-3	PKP125	1238	1238	3	no	no	_	_	_	_	_	linguistic	_	none	_	End=2053.206	_	_	_	_
1239-0	PKP131	1239	1239	0	e	e	_	_	_	_	_	linguistic	_	none	_	Begin=2056.152	_	_	_	_
1239-1	PKP131	1239	1239	1	la	la	_	_	_	_	_	linguistic	_	none	_	_	_	_	_	_
1239-2	PKP131	1239	1239	2	mamma	mamma	_	_	_	_	_	linguistic	_	none	_	_	_	_	_	_
1239-3	PKP131	1239	1239	3	di	di	_	_	_	_	_	linguistic	_	none	_	_	_	_	_	_
1239-4	PKP131	1239	1239	4	antonietta	antonietta	_	_	_	_	_	linguistic	_	none	_	_	_	_	_	_
1239-5	PKP131	1239	1239	5	andò	andò	_	_	_	_	_	linguistic	_	none	_	_	_	_	_	_
1239-6	PKP131	1239	1239	6	là	là	_	_	_	_	_	linguistic	_	none	_	_	_	_	_	_
1239-7	PKP131	1239	1239	7	in	in	_	_	_	_	_	linguistic	_	none	_	_	_	_	_	_
1239-8	PKP131	1239	1239	8	me:zzo	mezzo	_	_	_	_	_	linguistic	_	none	_	End=2058.039	1x1	_	_	_
1240-0	PKP131	1240	1240	0	[(#o'	#o'	_	_	_	_	_	error	_	none	_	Begin=2058.098	_	_	0-3(0)	0-3(52)
1240-1	PKP131	1240	1240	1	centro)]	centro	_	_	_	_	_	linguistic	_	none	_	End=2058.684	_	_	0-6(0)	0-6(52)
1241-0	PKP125	1241	1241	0	[me:h	meh	_	_	_	_	_	linguistic	_	none	_	Begin=2058.112	1x1	_	_	0-3(52)
1241-1	PKP125	1241	1241	1	>n]o	no	_	_	_	_	_	linguistic	_	none	_	_	_	Fast=0-2(0)	_	0-1(52)
1241-2	PKP125	1241	1241	2	n[o<	no	_	_	_	_	_	linguistic	_	none	_	_	_	Fast=0-2(0)	_	1-2(53)
1241-3	PKP125	1241	1241	3	eh]	eh	_	_	_	_	_	linguistic	_	none	_	End=2059.152	_	_	_	0-2(53)
1242-0	PKP131	1242	1242	0	[vicino	vicino	_	_	_	_	_	linguistic	_	none	_	Begin=2058.851	_	_	_	0-6(53)
1242-1	PKP131	1242	1242	1	a]lla	alla	_	_	_	_	_	linguistic	_	none	_	_	_	_	_	0-1(53)
1242-2	PKP131	1242	1242	2	signora	signora	_	_	_	_	_	linguistic	_	none	_	_	_	_	_	_
1242-3	PKP131	1242	1242	3	che	che	_	_	_	_	_	linguistic	_	none	_	_	_	_	_	_
1242-4	PKP131	1242	1242	4	scaturì	scaturì	_	_	_	_	_	linguistic	_	none	_	_	_	_	_	_
1242-5	PKP131	1242	1242	5	la	la	_	_	_	_	_	linguistic	_	none	_	_	_	_	_	_
1242-6	PKP131	1242	1242	6	li:te	lite	_	_	_	_	_	linguistic	_	none	_	End=2060.659	1x1	_	_	_
1243-0	PKP125	1243	1243	0	è	è	_	_	_	_	_	linguistic	_	none	_	Begin=2062.522	_	_	_	_
1243-1	PKP125	1243	1243	1	una	una	_	_	_	_	_	linguistic	_	none	_	_	_	_	_	_
1243-2	PKP125	1243	1243	2	molto	molto	_	_	_	_	_	linguistic	_	none	_	_	_	_	_	_
1243-3	PKP125	1243	1243	3	così	così	_	_	_	_	_	linguistic	_	none	_	End=2063.389	_	_	_	_
1244-0	PKP125	1244	1244	0	sai	sai	_	_	_	_	_	linguistic	_	none	_	Begin=2063.436	_	_	_	_
1244-1	PKP125	1244	1244	1	so'	so'	_	_	_	_	_	linguistic	_	none	Truncated=Yes	_	_	_	_	_
1244-2	PKP125	1244	1244	2	quelle	quelle	_	_	_	_	_	linguistic	_	none	_	_	_	_	_	_
1244-3	PKP125	1244	1244	3	famiglie	famiglie	_	_	_	_	_	linguistic	_	none	_	_	_	_	_	_
1244-4	PKP125	1244	1244	4	napoletane	napoletane	_	_	_	_	_	linguistic	_	none	_	_	_	_	_	_
1244-5	PKP125	1244	1244	5	molto	molto	_	_	_	_	_	linguistic	_	none	_	_	_	_	_	_
1244-6	PKP125	1244	1244	6	genero:se:	generose	_	_	_	_	_	linguistic	_	none	_	End=2066.266	5x1,7x1	_	_	_
1245-0	PKP125	1245	1245	0	caloro:se:	calorose	_	_	_	_	_	linguistic	_	none	_	Begin=2066.369	5x1,7x1	_	_	_
1245-1	PKP125	1245	1245	1	m:h	mh	_	_	_	_	_	linguistic	_	none	_	End=2067.665	0x1	_	_	_
1246-0	PKP131	1246	1246	0	si	si	_	_	_	_	_	linguistic	_	none	_	Begin=2068.049	_	_	_	_
1246-1	PKP131	1246	1246	1	è	è	_	_	_	_	_	linguistic	_	none	_	_	_	_	_	_
1246-2	PKP131	1246	1246	2	v[ero]	vero	_	_	_	_	_	linguistic	_	none	_	End=2068.507	_	_	_	1-4(54)
1247-0	PKP125	1247	1247	0	[mol]to	molto	_	_	_	_	_	linguistic	_	none	_	Begin=2068.369	_	_	_	0-3(54)
1247-1	PKP125	1247	1247	1	carine	carine	_	_	_	_	_	linguistic	_	none	_	End=2069.108	_	_	_	_
1248-0	PKP125	1248	1248	0	poi:	poi	_	_	_	_	_	linguistic	_	none	_	Begin=2072.251	2x1	_	_	_
1248-1	PKP125	1248	1248	1	m:h	mh	_	_	_	_	_	linguistic	_	none	_	End=2073.009	0x1	_	_	_
1249-0	PKP125	1249	1249	0	mio	mio	_	_	_	_	_	linguistic	_	none	_	Begin=2073.655	_	_	_	_
1249-1	PKP125	1249	1249	1	fratello	fratello	_	_	_	_	_	linguistic	_	none	_	_	_	_	_	_
1249-2	PKP125	1249	1249	2	tu	tu	_	_	_	_	_	linguistic	_	none	_	_	_	_	_	_
1249-3	PKP125	1249	1249	3	non	non	_	_	_	_	_	linguistic	_	none	_	_	_	_	_	_
1249-4	PKP125	1249	1249	4	l'	l'	_	_	_	_	_	linguistic	_	none	SpaceAfter=No	_	_	_	_	_
1249-5	PKP125	1249	1249	5	hai	hai	_	_	_	_	_	linguistic	_	none	_	_	_	_	_	_
1249-6	PKP125	1249	1249	6	mai	mai	_	_	_	_	_	linguistic	_	none	_	_	_	_	_	_
1249-7	PKP125	1249	1249	7	conosciuto	conosciuto	_	_	_	_	_	linguistic	_	none	_	_	_	_	_	_
1249-8	PKP125	1249	1249	8	a	a	_	_	_	_	_	linguistic	_	none	_	_	_	_	_	_
1249-9	PKP125	1249	1249	9	rino?	rino	_	_	_	_	_	linguistic	_	none	Intonation=Rising	End=2075.422	_	_	_	_
1250-0	PKP131	1250	1250	0	l'	l'	_	_	_	_	_	linguistic	_	none	SpaceAfter=No	Begin=2077.108	_	_	_	_
1250-1	PKP131	1250	1250	1	ho	ho	_	_	_	_	_	linguistic	_	none	_	_	_	_	_	_
1250-2	PKP131	1250	1250	2	vi~	vi~	_	_	_	_	_	linguistic	_	none	Interrupted=Yes	End=2077.516	_	_	_	_
1251-0	PKP131	1251	1251	0	no:n	non	_	_	_	_	_	linguistic	_	none	_	Begin=2077.571	1x1	_	_	_
1251-1	PKP131	1251	1251	1	c'	c'	_	_	_	_	_	linguistic	_	none	SpaceAfter=No	_	_	_	_	_
1251-2	PKP131	1251	1251	2	ho	ho	_	_	_	_	_	linguistic	_	none	_	_	_	_	_	_
1251-3	PKP131	1251	1251	3	avuto:	avuto	_	_	_	_	_	linguistic	_	none	_	_	4x1	_	_	_
1251-4	PKP131	1251	1251	4	u:n	un	_	_	_	_	_	linguistic	_	none	_	_	0x1	_	_	_
1251-5	PKP131	1251	1251	5	contatti	contatti	_	_	_	_	_	linguistic	_	none	_	End=2079.304	_	_	_	_
1252-0	PKP131	1252	1252	0	però	però	_	_	_	_	_	linguistic	_	none	_	Begin=2079.377	_	_	_	_
1252-1	PKP131	1252	1252	1	lo	lo	_	_	_	_	_	linguistic	_	none	_	_	_	_	_	_
1252-2	PKP131	1252	1252	2	conosco	conosco	_	_	_	_	_	linguistic	_	none	_	End=2080.147	_	_	_	_
1253-0	PKP131	1253	1253	0	l'	l'	_	_	_	_	_	linguistic	_	none	SpaceAfter=No	Begin=2080.196	_	_	_	_
1253-1	PKP131	1253	1253	1	ho	ho	_	_	_	_	_	linguistic	_	none	_	_	_	_	_	_
1253-2	PKP131	1253	1253	2	visto	visto	_	_	_	_	_	linguistic	_	none	_	End=2080.771	_	_	_	_
1254-0	PKP131	1254	1254	0	anche	anche	_	_	_	_	_	linguistic	_	none	_	Begin=2081.304	_	_	_	_
1254-1	PKP131	1254	1254	1	perché	perché	_	_	_	_	_	linguistic	_	none	_	_	_	_	_	_
1254-2	PKP131	1254	1254	2	la	la	_	_	_	_	_	linguistic	_	none	_	_	_	_	_	_
1254-3	PKP131	1254	1254	3	sua	sua	_	_	_	_	_	linguistic	_	none	_	_	_	_	_	_
1254-4	PKP131	1254	1254	4	comitiva	comitiva	_	_	_	_	_	linguistic	_	none	_	_	_	_	_	_
1254-5	PKP131	1254	1254	5	quando	quando	_	_	_	_	_	linguistic	_	none	_	_	_	_	_	_
1254-6	PKP131	1254	1254	6	sce:nde:	scende	_	_	_	_	_	linguistic	_	none	_	End=2083.645	2x1,5x1	_	_	_
1255-0	PKP131	1255	1255	0	alessandro,	alessandro	_	_	_	_	_	linguistic	_	none	Intonation=WeaklyRising	Begin=2083.714|End=2084.31	_	_	_	_
1256-0	PKP131	1256	1256	0	piergiorgio,	piergiorgio	_	_	_	_	_	linguistic	_	none	Intonation=WeaklyRising	Begin=2084.349|End=2084.955	_	_	_	_
1257-0	PKP131	1257	1257	0	comunque	comunque	_	_	_	_	_	linguistic	_	none	_	Begin=2084.989	_	_	_	_
1257-1	PKP131	1257	1257	1	è	è	_	_	_	_	_	linguistic	_	none	_	_	_	_	_	_
1257-2	PKP131	1257	1257	2	l'	l'	_	_	_	_	_	linguistic	_	none	SpaceAfter=No	_	_	_	_	_
1257-3	PKP131	1257	1257	3	ex	ex	_	_	_	_	_	linguistic	_	none	_	_	_	_	_	_
1257-4	PKP131	1257	1257	4	di	di	_	_	_	_	_	linguistic	_	none	_	_	_	_	_	_
1257-5	PKP131	1257	1257	5	[chiara]	chiara	_	_	_	_	_	linguistic	_	none	_	End=2086.184	_	_	_	0-6(56)
1258-0	PKP125	1258	1258	0	[a:h	ah	_	_	_	_	_	linguistic	_	none	_	Begin=2085.777	0x1	_	_	0-2(56)
1258-1	PKP125	1258	1258	1	e:h]	eh	_	_	_	_	_	linguistic	_	none	_	_	0x1	_	_	0-2(56)
1258-2	PKP125	1258	1258	2	sì	sì	_	_	_	_	_	linguistic	_	none	_	End=2086.447	_	_	_	_
1259-0	PKP125	1259	1259	0	ma	ma	_	_	_	_	_	linguistic	_	none	_	Begin=2086.98	_	_	_	_
1259-1	PKP125	1259	1259	1	chiara	chiara	_	_	_	_	_	linguistic	_	none	_	_	_	_	_	_
1259-2	PKP125	1259	1259	2	si	si	_	_	_	_	_	linguistic	_	none	_	_	_	_	_	_
1259-3	PKP125	1259	1259	3	vede	vede	_	_	_	_	_	linguistic	_	none	_	_	_	_	_	_
1259-4	PKP125	1259	1259	4	ancora	ancora	_	_	_	_	_	linguistic	_	none	_	_	_	_	_	_
1259-5	PKP125	1259	1259	5	con:	con	_	_	_	_	_	linguistic	_	none	_	End=2088.596	2x1	_	_	_
1260-0	PKP131	1260	1260	0	alessandro?	alessandro	_	_	_	_	_	linguistic	_	none	Intonation=Rising	Begin=2089.078|End=2089.507	_	_	_	_
1261-0	PKP125	1261	1261	0	eh	eh	_	_	_	_	_	linguistic	_	none	_	Begin=2089.665|End=2089.871	_	_	_	_
1262-0	PKP131	1262	1262	0	°no°	no	_	_	_	_	_	linguistic	_	none	Volume=low	Begin=2089.98|End=2090.206	_	_	_	_
1263-0	PKP125	1263	1263	0	l'	l'	_	_	_	_	_	linguistic	_	none	SpaceAfter=No	Begin=2091.399	_	_	_	_
1263-1	PKP125	1263	1263	1	ha	ha	_	_	_	_	_	linguistic	_	none	_	_	_	_	_	_
1263-2	PKP125	1263	1263	2	proprio:	proprio	_	_	_	_	_	linguistic	_	none	_	End=2092.054	6x1	_	_	_
1264-0	PKP125	1264	1264	0	schifato	schifato	_	_	_	_	_	linguistic	_	none	_	Begin=2092.091|End=2092.645	_	_	_	_
1265-0	PKP125	1265	1265	0	ma	ma	_	_	_	_	_	linguistic	_	none	_	Begin=2093.103	_	_	_	_
1265-1	PKP125	1265	1265	1	lui	lui	_	_	_	_	_	linguistic	_	none	_	_	_	_	_	_
1265-2	PKP125	1265	1265	2	l'	l'	_	_	_	_	_	linguistic	_	none	SpaceAfter=No	_	_	_	_	_
1265-3	PKP125	1265	1265	3	ha	ha	_	_	_	_	_	linguistic	_	none	_	_	_	_	_	_
1265-4	PKP125	1265	1265	4	lasciata?	lasciata	_	_	_	_	_	linguistic	_	none	Intonation=Rising	End=2094.059	_	_	_	_
1266-0	PKP131	1266	1266	0	>eh	eh	_	_	_	_	_	linguistic	_	none	_	Begin=2094.268	_	Fast=0-2(0)	_	_
1266-1	PKP131	1266	1266	1	sì<	sì	_	_	_	_	_	linguistic	_	none	_	_	_	Fast=0-2(0)	_	_
1266-2	PKP131	1266	1266	2	ma	ma	_	_	_	_	_	linguistic	_	none	_	_	_	_	_	_
1266-3	PKP131	1266	1266	3	lui	lui	_	_	_	_	_	linguistic	_	none	_	_	_	_	_	_
1266-4	PKP131	1266	1266	4	ha	ha	_	_	_	_	_	linguistic	_	none	_	_	_	_	_	_
1266-5	PKP131	1266	1266	5	fatto	fatto	_	_	_	_	_	linguistic	_	none	_	_	_	_	_	_
1266-6	PKP131	1266	1266	6	il	il	_	_	_	_	_	linguistic	_	none	_	_	_	_	_	_
1266-7	PKP131	1266	1266	7	doppio	doppio	_	_	_	_	_	linguistic	_	none	_	_	_	_	_	_
1266-8	PKP131	1266	1266	8	gioco	gioco	_	_	_	_	_	linguistic	_	none	_	End=2095.88	_	_	_	_
1267-0	PKP131	1267	1267	0	alla	alla	_	_	_	_	_	linguistic	_	none	_	Begin=2095.938	_	_	_	_
1267-1	PKP131	1267	1267	1	fine	fine	_	_	_	_	_	linguistic	_	none	_	End=2096.399	_	_	_	_
1268-0	PKP125	1268	1268	0	(male)	male	_	_	_	_	_	linguistic	_	none	_	Begin=2096.438	_	_	0-4(0)	_
1268-1	PKP125	1268	1268	1	il	il	_	_	_	_	_	linguistic	_	none	_	_	_	_	_	_
1268-2	PKP125	1268	1268	2	d[oppio	doppio	_	_	_	_	_	linguistic	_	none	_	_	_	_	_	1-6(57)
1268-3	PKP125	1268	1268	3	gioco]	gioco	_	_	_	_	_	linguistic	_	none	_	End=2097.354	_	_	_	0-5(57)
1269-0	PKP131	1269	1269	0	[mentre	mentre	_	_	_	_	_	linguistic	_	none	_	Begin=2096.906	_	_	_	0-6(57)
1269-1	PKP131	1269	1269	1	sta]va	stava	_	_	_	_	_	linguistic	_	none	_	_	_	_	_	0-3(57)
1269-2	PKP131	1269	1269	2	con	con	_	_	_	_	_	linguistic	_	none	_	_	_	_	_	_
1269-3	PKP131	1269	1269	3	chiara	chiara	_	_	_	_	_	linguistic	_	none	_	_	_	_	_	_
1269-4	PKP131	1269	1269	4	stava	stava	_	_	_	_	_	linguistic	_	none	_	_	_	_	_	_
1269-5	PKP131	1269	1269	5	con	con	_	_	_	_	_	linguistic	_	none	_	_	_	_	_	_
1269-6	PKP131	1269	1269	6	marina	marina	_	_	_	_	_	linguistic	_	none	_	End=2098.967	_	_	_	_
1270-0	PKP125	1270	1270	0	marina?	marina	_	_	_	_	_	linguistic	_	none	Intonation=Rising	Begin=2099.399|End=2100.059	_	_	_	_
1271-0	PKP131	1271	1271	0	marina	marina	_	_	_	_	_	linguistic	_	none	_	Begin=2100.389	_	_	_	_
1271-1	PKP131	1271	1271	1	verdino	verdino	_	_	_	_	_	linguistic	_	none	_	End=2101.507	_	_	_	_
1272-0	PKP125	1272	1272	0	eh	eh	_	_	_	_	_	linguistic	_	none	_	Begin=2102.556	_	_	_	_
1272-1	PKP125	1272	1272	1	beh	beh	_	_	_	_	_	linguistic	_	none	_	End=2102.803	_	_	_	_
1273-0	PKP125	1273	1273	0	però	però	_	_	_	_	_	linguistic	_	none	_	Begin=2103.133	_	_	_	_
1273-1	PKP125	1273	1273	1	l~	l~	_	_	_	_	_	linguistic	_	none	Interrupted=Yes	End=2103.532	_	_	_	_
1274-0	PKP125	1274	1274	0	chiara	chiara	_	_	_	_	_	linguistic	_	none	_	Begin=2103.576	_	_	_	_
1274-1	PKP125	1274	1274	1	non	non	_	_	_	_	_	linguistic	_	none	_	_	_	_	_	_
1274-2	PKP125	1274	1274	2	sa	sa	_	_	_	_	_	linguistic	_	none	_	_	_	_	_	_
1274-3	PKP125	1274	1274	3	di	di	_	_	_	_	_	linguistic	_	none	_	_	_	_	_	_
1274-4	PKP125	1274	1274	4	questa	questa	_	_	_	_	_	linguistic	_	none	_	_	_	_	_	_
1274-5	PKP125	1274	1274	5	cosa	cosa	_	_	_	_	_	linguistic	_	none	_	End=2104.847	_	_	_	_
1275-0	PKP131	1275	1275	0	sì	sì	_	_	_	_	_	linguistic	_	none	_	Begin=2104.913	_	_	_	_
1275-1	PKP131	1275	1275	1	lo	lo	_	_	_	_	_	linguistic	_	none	_	_	_	_	_	_
1275-2	PKP131	1275	1275	2	sa:	sa	_	_	_	_	_	linguistic	_	none	_	End=2105.502	1x1	_	_	_
1276-0	PKP125	1276	1276	0	AH	ah	_	_	_	_	_	linguistic	_	none	Volume=high	Begin=2105.764	_	_	_	_
1276-1	PKP125	1276	1276	1	LO	lo	_	_	_	_	_	linguistic	_	none	Volume=high	_	_	_	_	_
1276-2	PKP125	1276	1276	2	SA?	sa	_	_	_	_	_	linguistic	_	none	Intonation=Rising|Volume=high	End=2106.251	_	_	_	_
1277-0	PKP131	1277	1277	0	gliel'	gliel'	_	_	_	_	_	linguistic	_	none	SpaceAfter=No	Begin=2106.468	_	_	_	_
1277-1	PKP131	1277	1277	1	ha	ha	_	_	_	_	_	linguistic	_	none	_	_	_	_	_	_
1277-2	PKP131	1277	1277	2	detto	detto	_	_	_	_	_	linguistic	_	none	_	_	_	_	_	_
1277-3	PKP131	1277	1277	3	marina	marina	_	_	_	_	_	linguistic	_	none	_	End=2107.546	_	_	_	_
1278-0	PKP131	1278	1278	0	dopo	dopo	_	_	_	_	_	linguistic	_	none	_	Begin=2107.753	_	_	_	_
1278-1	PKP131	1278	1278	1	alla	alla	_	_	_	_	_	linguistic	_	none	_	_	_	_	_	_
1278-2	PKP131	1278	1278	2	fine	fine	_	_	_	_	_	linguistic	_	none	_	_	_	_	_	_
1278-3	PKP131	1278	1278	3	hanno	hanno	_	_	_	_	_	linguistic	_	none	_	_	_	_	_	_
1278-4	PKP131	1278	1278	4	parlato	parlato	_	_	_	_	_	linguistic	_	none	_	_	_	_	_	_
1278-5	PKP131	1278	1278	5	sono	sono	_	_	_	_	_	linguistic	_	none	_	_	_	_	_	_
1278-6	PKP131	1278	1278	6	amiche	amiche	_	_	_	_	_	linguistic	_	none	_	End=2109.31	_	_	_	_
1279-0	PKP125	1279	1279	0	{ride}	{ride}	_	_	_	_	_	nonverbalbehavior	_	none	_	Begin=2109.852|End=2110.463	_	_	_	_
1280-0	PKP131	1280	1280	0	io	io	_	_	_	_	_	linguistic	_	none	_	Begin=2110.448	_	_	_	_
1280-1	PKP131	1280	1280	1	non	non	_	_	_	_	_	linguistic	_	none	_	_	_	_	_	_
1280-2	PKP131	1280	1280	2	ce	ce	_	_	_	_	_	linguistic	_	none	_	_	_	_	_	_
1280-3	PKP131	1280	1280	3	la	la	_	_	_	_	_	linguistic	_	none	_	_	_	_	_	_
1280-4	PKP131	1280	1280	4	farei	farei	_	_	_	_	_	linguistic	_	none	_	_	_	_	_	_
1280-5	PKP131	1280	1280	5	mai	mai	_	_	_	_	_	linguistic	_	none	_	End=2111.3	_	_	_	_
1281-0	PKP131	1281	1281	0	per	per	_	_	_	_	_	linguistic	_	none	_	Begin=2111.369	_	_	_	_
1281-1	PKP131	1281	1281	1	come	come	_	_	_	_	_	linguistic	_	none	_	_	_	_	_	_
1281-2	PKP131	1281	1281	2	sono	sono	_	_	_	_	_	linguistic	_	none	_	_	_	_	_	_
1281-3	PKP131	1281	1281	3	psicolabile	psicolabile	_	_	_	_	_	linguistic	_	none	_	_	_	_	_	_
1281-4	PKP131	1281	1281	4	io	io	_	_	_	_	_	linguistic	_	none	_	End=2112.793	_	_	_	_
1282-0	PKP131	1282	1282	0	a	a	_	_	_	_	_	linguistic	_	none	_	Begin=2112.844	_	_	_	_
1282-1	PKP131	1282	1282	1	stare:	stare	_	_	_	_	_	linguistic	_	none	_	End=2113.512	4x1	_	_	_
1283-0	PKP131	1283	1283	0	°con	con	_	_	_	_	_	linguistic	_	none	Volume=low	Begin=2114.522	_	_	_	_
1283-1	PKP131	1283	1283	1	una	una	_	_	_	_	_	linguistic	_	none	Volume=low	_	_	_	_	_
1283-2	PKP131	1283	1283	2	che	che	_	_	_	_	_	linguistic	_	none	Volume=low	_	_	_	_	_
1283-3	PKP131	1283	1283	3	si	si	_	_	_	_	_	linguistic	_	none	Volume=low	_	_	_	_	_
1283-4	PKP131	1283	1283	4	è	è	_	_	_	_	_	linguistic	_	none	Volume=low	_	_	_	_	_
1283-5	PKP131	1283	1283	5	fatta	fatta	_	_	_	_	_	linguistic	_	none	Volume=low	_	_	_	_	_
1283-6	PKP131	1283	1283	6	il	il	_	_	_	_	_	linguistic	_	none	Volume=low	_	_	_	_	_
1283-7	PKP131	1283	1283	7	mio	mio	_	_	_	_	_	linguistic	_	none	Volume=low	_	_	_	_	_
1283-8	PKP131	1283	1283	8	ex	ex	_	_	_	_	_	linguistic	_	none	Volume=low	_	_	_	_	_
1283-9	PKP131	1283	1283	9	fidanzato°	fidanzato	_	_	_	_	_	linguistic	_	none	Volume=low	End=2116.305	_	_	_	_
1284-0	PKP125	1284	1284	0	E:H	eh	_	_	_	_	_	linguistic	_	none	Volume=high	Begin=2117.606	0x1	_	_	_
1284-1	PKP125	1284	1284	1	VABBÈ	vabbè	_	_	_	_	_	linguistic	_	none	Volume=high	_	_	_	_	_
1284-2	PKP125	1284	1284	2	comunque	comunque	_	_	_	_	_	linguistic	_	none	_	End=2118.596	_	_	_	_
1285-0	PKP125	1285	1285	0	vabbè	vabbè	_	_	_	_	_	linguistic	_	none	_	Begin=2118.684	_	_	_	_
1285-1	PKP125	1285	1285	1	però	però	_	_	_	_	_	linguistic	_	none	_	_	_	_	_	_
1285-2	PKP125	1285	1285	2	insomma	insomma	_	_	_	_	_	linguistic	_	none	_	_	_	_	_	_
1285-3	PKP125	1285	1285	3	s'	s'	_	_	_	_	_	linguistic	_	none	SpaceAfter=No	_	_	_	_	_
1285-4	PKP125	1285	1285	4	impa:ra	impara	_	_	_	_	_	linguistic	_	none	_	_	3x1	_	_	_
1285-5	PKP125	1285	1285	5	si	si	_	_	_	_	_	linguistic	_	none	_	_	_	_	_	_
1285-6	PKP125	1285	1285	6	[fanno:]	fanno	_	_	_	_	_	linguistic	_	none	_	End=2120.945	4x1	_	_	0-5(58)
1286-0	PKP131	1286	1286	0	[al	al	_	_	_	_	_	linguistic	_	none	_	Begin=2120.285	_	_	_	0-2(58)
1286-1	PKP131	1286	1286	1	momento	momento	_	_	_	_	_	linguistic	_	none	_	_	_	_	_	0-7(58)
1286-2	PKP131	1286	1286	2	è	è	_	_	_	_	_	linguistic	_	none	_	_	_	_	_	0-1(58)
1286-3	PKP131	1286	1286	3	fid]anza~	fidanza~	_	_	_	_	_	linguistic	_	none	Interrupted=Yes	End=2121.266	_	_	_	0-3(58)
1287-0	PKP131	1287	1287	0	p~	p~	_	_	_	_	_	linguistic	_	none	Interrupted=Yes	Begin=2121.339	_	_	_	_
1287-1	PKP131	1287	1287	1	c(io)è	cioè	_	_	_	_	_	linguistic	_	none	_	_	_	_	1-3(0)	_
1287-2	PKP131	1287	1287	2	perché	perché	_	_	_	_	_	linguistic	_	none	_	_	_	_	_	_
1287-3	PKP131	1287	1287	3	si	si	_	_	_	_	_	linguistic	_	none	_	_	_	_	_	_
1287-4	PKP131	1287	1287	4	erano	erano	_	_	_	_	_	linguistic	_	none	_	_	_	_	_	_
1287-5	PKP131	1287	1287	5	lasciati	lasciati	_	_	_	_	_	linguistic	_	none	_	_	_	_	_	_
1287-6	PKP131	1287	1287	6	comunque	comunque	_	_	_	_	_	linguistic	_	none	_	_	_	_	_	_
1287-7	PKP131	1287	1287	7	da	da	_	_	_	_	_	linguistic	_	none	_	_	_	_	_	_
1287-8	PKP131	1287	1287	8	poco	poco	_	_	_	_	_	linguistic	_	none	_	End=2123.369	_	_	_	_
1288-0	PKP131	1288	1288	0	capito?	capito	_	_	_	_	_	linguistic	_	none	Intonation=Rising	Begin=2123.427|End=2123.91	_	_	_	_
1289-0	PKP125	1289	1289	0	A:H	ah	_	_	_	_	_	linguistic	_	none	Volume=high	Begin=2124.04	0x1	_	_	_
1289-1	PKP125	1289	1289	1	MA	ma	_	_	_	_	_	linguistic	_	none	Volume=high	_	_	_	_	_
1289-2	PKP125	1289	1289	2	LEI	lei	_	_	_	_	_	linguistic	_	none	Volume=high	_	_	_	_	_
1289-3	PKP125	1289	1289	3	DOPO	dopo	_	_	_	_	_	linguistic	_	none	Volume=high	End=2125.315	_	_	_	_
1290-0	PKP125	1290	1290	0	lui	lui	_	_	_	_	_	linguistic	_	none	_	Begin=2125.374	_	_	_	_
1290-1	PKP125	1290	1290	1	subito	subito	_	_	_	_	_	linguistic	_	none	_	_	_	_	_	_
1290-2	PKP125	1290	1290	2	s'	s'	_	_	_	_	_	linguistic	_	none	SpaceAfter=No	_	_	_	_	_
1290-3	PKP125	1290	1290	3	è:	è	_	_	_	_	_	linguistic	_	none	_	End=2126.256	0x1	_	_	_
1291-0	PKP125	1291	1291	0	messo	messo	_	_	_	_	_	linguistic	_	none	_	Begin=2126.32	_	_	_	_
1291-1	PKP125	1291	1291	1	a	a	_	_	_	_	_	linguistic	_	none	_	_	_	_	_	_
1291-2	PKP125	1291	1291	2	fa'	fa'	_	_	_	_	_	linguistic	_	none	Truncated=Yes	End=2126.965	_	_	_	_
1292-0	PKP125	1292	1292	0	lo	lo	_	_	_	_	_	linguistic	_	none	_	Begin=2126.994	_	_	_	_
1292-1	PKP125	1292	1292	1	scemo	scemo	_	_	_	_	_	linguistic	_	none	_	_	_	_	_	_
1292-2	PKP125	1292	1292	2	con	con	_	_	_	_	_	linguistic	_	none	_	_	_	_	_	_
1292-3	PKP125	1292	1292	3	lei	lei	_	_	_	_	_	linguistic	_	none	_	_	_	_	_	_
1292-4	PKP125	1292	1292	4	o	o	_	_	_	_	_	linguistic	_	none	_	_	_	_	_	_
1292-5	PKP125	1292	1292	5	nel	nel	_	_	_	_	_	linguistic	_	none	_	_	_	_	_	_
1292-6	PKP125	1292	1292	6	frattempo	frattempo	_	_	_	_	_	linguistic	_	none	_	_	_	_	_	_
1292-7	PKP125	1292	1292	7	della	della	_	_	_	_	_	linguistic	_	none	_	_	_	_	_	_
1292-8	PKP125	1292	1292	8	rela[zione]?	relazione	_	_	_	_	_	linguistic	_	none	Intonation=Rising	End=2129.624	_	_	_	4-9(59)
1293-0	PKP131	1293	1293	0	[no:	no	_	_	_	_	_	linguistic	_	none	_	Begin=2129.226	1x1	_	_	0-2(59)
1293-1	PKP131	1293	1293	1	>no	no	_	_	_	_	_	linguistic	_	none	_	_	_	Fast=0-2(0)	_	0-2(59)
1293-2	PKP131	1293	1293	2	n]o<	no	_	_	_	_	_	linguistic	_	none	_	End=2129.852	_	Fast=0-2(0)	_	0-1(59)
1294-0	PKP125	1294	1294	0	#a:h	#a:h	_	_	_	_	_	error	_	none	_	Begin=2130.379	_	_	_	_
1294-1	PKP125	1294	1294	1	vabbuò	vabbuò	_	_	_	_	_	linguistic	_	none	_	_	_	_	_	_
1294-2	PKP125	1294	1294	2	dai	dai	_	_	_	_	_	linguistic	_	none	_	End=2131.054	_	_	_	_
1295-0	PKP125	1295	1295	0	allora	allora	_	_	_	_	_	linguistic	_	none	_	Begin=2131.127	_	_	_	_
1295-1	PKP125	1295	1295	1	ecco	ecco	_	_	_	_	_	linguistic	_	none	_	_	_	_	_	_
1295-2	PKP125	1295	1295	2	okay	okay	_	_	_	_	_	linguistic	_	none	_	_	_	_	_	_
1295-3	PKP125	1295	1295	3	ci	ci	_	_	_	_	_	linguistic	_	none	_	_	_	_	_	_
1295-4	PKP125	1295	1295	4	s~	s~	_	_	_	_	_	linguistic	_	none	Interrupted=Yes	_	_	_	_	_
1295-5	PKP125	1295	1295	5	c(io)è	cioè	_	_	_	_	_	linguistic	_	none	_	End=2132.428	_	_	1-3(0)	_
1296-0	PKP125	1296	1296	0	d~	d~	_	_	_	_	_	linguistic	_	none	Interrupted=Yes	Begin=2132.479	_	_	_	_
1296-1	PKP125	1296	1296	1	lo	lo	_	_	_	_	_	linguistic	_	none	_	_	_	_	_	_
1296-2	PKP125	1296	1296	2	puoi	puoi	_	_	_	_	_	linguistic	_	none	_	_	_	_	_	_
1296-3	PKP125	1296	1296	3	[comprendere]	comprendere	_	_	_	_	_	linguistic	_	none	_	End=2133.901	_	_	_	0-11(60)
1297-0	PKP131	1297	1297	0	[e:h	eh	_	_	_	_	_	linguistic	_	none	_	Begin=2133.088	0x1	_	_	0-2(60)
1297-1	PKP131	1297	1297	1	sì	sì	_	_	_	_	_	linguistic	_	none	_	_	_	_	_	0-2(60)
1297-2	PKP131	1297	1297	2	pe]rò	però	_	_	_	_	_	linguistic	_	none	_	_	_	_	_	0-2(60)
1297-3	PKP131	1297	1297	3	(sai)	sai	_	_	_	_	_	linguistic	_	none	_	End=2134.359	_	_	0-3(0)	_
1298-0	PKP131	1298	1298	0	è	è	_	_	_	_	_	linguistic	_	none	_	Begin=2134.79	_	_	_	_
1298-1	PKP131	1298	1298	1	brutto	brutto	_	_	_	_	_	linguistic	_	none	_	_	_	_	_	_
1298-2	PKP131	1298	1298	2	perché	perché	_	_	_	_	_	linguistic	_	none	_	_	_	_	_	_
1298-3	PKP131	1298	1298	3	tipo	tipo	_	_	_	_	_	linguistic	_	none	_	_	_	_	_	_
1298-4	PKP131	1298	1298	4	al	al	_	_	_	_	_	linguistic	_	none	_	_	_	_	_	_
1298-5	PKP131	1298	1298	5	pomeriggio	pomeriggio	_	_	_	_	_	linguistic	_	none	_	End=2136.591	_	_	_	_
1299-0	PKP131	1299	1299	0	stava	stava	_	_	_	_	_	linguistic	_	none	_	Begin=2136.668	_	_	_	_
1299-1	PKP131	1299	1299	1	con	con	_	_	_	_	_	linguistic	_	none	_	_	_	_	_	_
1299-2	PKP131	1299	1299	2	marina	marina	_	_	_	_	_	linguistic	_	none	_	End=2137.758	_	_	_	_
1300-0	PKP131	1300	1300	0	okay	okay	_	_	_	_	_	linguistic	_	none	_	Begin=2138.556|End=2139.049	_	_	_	_
1301-0	PKP131	1301	1301	0	se	se	_	_	_	_	_	linguistic	_	none	_	Begin=2139.084	_	_	_	_
1301-1	PKP131	1301	1301	1	stava	stava	_	_	_	_	_	linguistic	_	none	_	_	_	_	_	_
1301-2	PKP131	1301	1301	2	là	là	_	_	_	_	_	linguistic	_	none	_	_	_	_	_	_
1301-3	PKP131	1301	1301	3	si	si	_	_	_	_	_	linguistic	_	none	_	_	_	_	_	_
1301-4	PKP131	1301	1301	4	faceva	faceva	_	_	_	_	_	linguistic	_	none	_	_	_	_	_	_
1301-5	PKP131	1301	1301	5	a	a	_	_	_	_	_	linguistic	_	none	_	_	_	_	_	_
1301-6	PKP131	1301	1301	6	marina	marina	_	_	_	_	_	linguistic	_	none	_	End=2140.676	_	_	_	_
1302-0	PKP131	1302	1302	0	poi	poi	_	_	_	_	_	linguistic	_	none	_	Begin=2140.783	_	_	_	_
1302-1	PKP131	1302	1302	1	la	la	_	_	_	_	_	linguistic	_	none	_	_	_	_	_	_
1302-2	PKP131	1302	1302	2	sera	sera	_	_	_	_	_	linguistic	_	none	_	_	_	_	_	_
1302-3	PKP131	1302	1302	3	contattava	contattava	_	_	_	_	_	linguistic	_	none	_	_	_	_	_	_
1302-4	PKP131	1302	1302	4	a	a	_	_	_	_	_	linguistic	_	none	_	_	_	_	_	_
1302-5	PKP131	1302	1302	5	chiara	chiara	_	_	_	_	_	linguistic	_	none	_	End=2142.271	_	_	_	_
1303-0	PKP131	1303	1303	0	diceva	diceva	_	_	_	_	_	linguistic	_	none	_	Begin=2142.304	_	_	_	_
1303-1	PKP131	1303	1303	1	vediamoci	vediamoci	_	_	_	_	_	linguistic	_	none	_	_	_	_	_	_
1303-2	PKP131	1303	1303	2	dobbiamo	dobbiamo	_	_	_	_	_	linguistic	_	none	_	_	_	_	_	_
1303-3	PKP131	1303	1303	3	parlare	parlare	_	_	_	_	_	linguistic	_	none	_	_	_	_	_	_
1303-4	PKP131	1303	1303	4	e	e	_	_	_	_	_	linguistic	_	none	_	_	_	_	_	_
1303-5	PKP131	1303	1303	5	si	si	_	_	_	_	_	linguistic	_	none	_	_	_	_	_	_
1303-6	PKP131	1303	1303	6	scopava	scopava	_	_	_	_	_	linguistic	_	none	_	_	_	_	_	_
1303-7	PKP131	1303	1303	7	a	a	_	_	_	_	_	linguistic	_	none	_	_	_	_	_	_
1303-8	PKP131	1303	1303	8	chiara	chiara	_	_	_	_	_	linguistic	_	none	_	End=2144.561	_	_	_	_
1304-0	PKP125	1304	1304	0	ah	ah	_	_	_	_	_	linguistic	_	none	_	Begin=2144.898	_	_	_	_
1304-1	PKP125	1304	1304	1	faceva	faceva	_	_	_	_	_	linguistic	_	none	_	_	_	_	_	_
1304-2	PKP125	1304	1304	2	proprio:	proprio	_	_	_	_	_	linguistic	_	none	_	End=2146.31	6x1	_	_	_
1305-0	PKP131	1305	1305	0	en	en	_	_	_	_	_	linguistic	_	none	_	Begin=2146.606	_	_	_	_
1305-1	PKP131	1305	1305	1	plei[n]	plein	_	_	_	_	_	linguistic	_	none	_	_	_	_	_	4-5(61)
1305-2	PKP131	1305	1305	2	{ride}	{ride}	_	_	_	_	_	nonverbalbehavior	_	none	_	End=2147.723	_	_	_	_
1306-0	PKP125	1306	1306	0	[vole]va	voleva	_	_	_	_	_	linguistic	_	none	_	Begin=2147.137	_	_	_	0-4(61)
1306-1	PKP125	1306	1306	1	fare	fare	_	_	_	_	_	linguistic	_	none	_	_	_	_	_	_
1306-2	PKP125	1306	1306	2	proprio	proprio	_	_	_	_	_	linguistic	_	none	_	_	_	_	_	_
1306-3	PKP125	1306	1306	3	la:	la	_	_	_	_	_	linguistic	_	none	_	End=2148.369	1x1	_	_	_
1307-0	PKP125	1307	1307	0	i:l	il	_	_	_	_	_	linguistic	_	none	_	Begin=2148.447|End=2149.02	0x1	_	_	_
1308-0	PKP125	1308	1308	0	toro	toro	_	_	_	_	_	linguistic	_	none	_	Begin=2149.059|End=2149.408	_	_	_	_
1309-0	PKP131	1309	1309	0	sì:	sì	_	_	_	_	_	linguistic	_	none	_	Begin=2150.423|End=2150.847	1x1	_	_	_
1310-0	PKP125	1310	1310	0	eh	eh	_	_	_	_	_	linguistic	_	none	_	Begin=2150.867	_	_	_	_
1310-1	PKP125	1310	1310	1	vabbè	vabbè	_	_	_	_	_	linguistic	_	none	_	_	_	_	_	_
1310-2	PKP125	1310	1310	2	e:h	eh	_	_	_	_	_	linguistic	_	none	_	End=2151.502	0x1	_	_	_
1311-0	PKP125	1311	1311	0	xx	xx	_	_	_	_	_	unknown	_	none	Syllables=2	Begin=2152.251|End=2152.512	_	_	_	_
1312-0	PKP125	1312	1312	0	{ride}	{ride}	_	_	_	_	_	nonverbalbehavior	_	none	_	Begin=2152.753|End=2153.439	_	_	_	_
1313-0	PKP125	1313	1313	0	e	e	_	_	_	_	_	linguistic	_	none	_	Begin=2156.093	_	_	_	_
1313-1	PKP125	1313	1313	1	marina:	marina	_	_	_	_	_	linguistic	_	none	_	End=2156.837	5x1	_	_	_
1314-0	PKP125	1314	1314	0	giustamente	giustamente	_	_	_	_	_	linguistic	_	none	_	Begin=2156.882	_	_	_	_
1314-1	PKP125	1314	1314	1	era	era	_	_	_	_	_	linguistic	_	none	_	_	_	_	_	_
1314-2	PKP125	1314	1314	2	d'	d'	_	_	_	_	_	linguistic	_	none	SpaceAfter=No	_	_	_	_	_
1314-3	PKP125	1314	1314	3	accordo	accordo	_	_	_	_	_	linguistic	_	none	_	_	_	_	_	_
1314-4	PKP125	1314	1314	4	perché	perché	_	_	_	_	_	linguistic	_	none	_	_	_	_	_	_
1314-5	PKP125	1314	1314	5	era	era	_	_	_	_	_	linguistic	_	none	_	_	_	_	_	_
1314-6	PKP125	1314	1314	6	innamorata	innamorata	_	_	_	_	_	linguistic	_	none	_	End=2158.936	_	_	_	_
1315-0	PKP131	1315	1315	0	no:	no	_	_	_	_	_	linguistic	_	none	_	Begin=2159.103	1x1	_	_	_
1315-1	PKP131	1315	1315	1	marina	marina	_	_	_	_	_	linguistic	_	none	_	_	_	_	_	_
1315-2	PKP131	1315	1315	2	non	non	_	_	_	_	_	linguistic	_	none	_	_	_	_	_	_
1315-3	PKP131	1315	1315	3	lo	lo	_	_	_	_	_	linguistic	_	none	_	_	_	_	_	_
1315-4	PKP131	1315	1315	4	sapeva	sapeva	_	_	_	_	_	linguistic	_	none	_	_	_	_	_	_
1315-5	PKP131	1315	1315	5	che	che	_	_	_	_	_	linguistic	_	none	_	_	_	_	_	_
1315-6	PKP131	1315	1315	6	lui	lui	_	_	_	_	_	linguistic	_	none	_	_	_	_	_	_
1315-7	PKP131	1315	1315	7	si	si	_	_	_	_	_	linguistic	_	none	_	_	_	_	_	_
1315-8	PKP131	1315	1315	8	faceva	faceva	_	_	_	_	_	linguistic	_	none	_	_	_	_	_	_
1315-9	PKP131	1315	1315	9	anche	anche	_	_	_	_	_	linguistic	_	none	_	_	_	_	_	_
1315-10	PKP131	1315	1315	10	a	a	_	_	_	_	_	linguistic	_	none	_	_	_	_	_	_
1315-11	PKP131	1315	1315	11	chiara	chiara	_	_	_	_	_	linguistic	_	none	_	End=2162.209	_	_	_	_
1316-0	PKP125	1316	1316	0	{ride}	{ride}	_	_	_	_	_	nonverbalbehavior	_	none	_	Begin=2162.014|End=2163.349	_	_	_	_
1317-0	PKP131	1317	1317	0	quando	quando	_	_	_	_	_	linguistic	_	none	_	Begin=2162.945	_	_	_	_
1317-1	PKP131	1317	1317	1	l'	l'	_	_	_	_	_	linguistic	_	none	SpaceAfter=No	_	_	_	_	_
1317-2	PKP131	1317	1317	2	ha	ha	_	_	_	_	_	linguistic	_	none	_	_	_	_	_	_
1317-3	PKP131	1317	1317	3	scoperto	scoperto	_	_	_	_	_	linguistic	_	none	_	End=2164.157	_	_	_	_
1318-0	PKP131	1318	1318	0	ha	ha	_	_	_	_	_	linguistic	_	none	_	Begin=2164.219	_	_	_	_
1318-1	PKP131	1318	1318	1	detto	detto	_	_	_	_	_	linguistic	_	none	_	_	_	_	_	_
1318-2	PKP131	1318	1318	2	no:	no	_	_	_	_	_	linguistic	_	none	_	End=2164.852	1x1	_	_	_
1319-0	PKP131	1319	1319	0	e:h	eh	_	_	_	_	_	linguistic	_	none	_	Begin=2166.108|End=2166.748	0x1	_	_	_
1320-0	PKP131	1320	1320	0	c(io)è	cioè	_	_	_	_	_	linguistic	_	none	_	Begin=2167.073	_	_	1-3(0)	_
1320-1	PKP131	1320	1320	1	in	in	_	_	_	_	_	linguistic	_	none	_	_	_	_	_	_
1320-2	PKP131	1320	1320	2	realtà	realtà	_	_	_	_	_	linguistic	_	none	_	_	_	_	_	_
1320-3	PKP131	1320	1320	3	perché	perché	_	_	_	_	_	linguistic	_	none	_	_	_	_	_	_
1320-4	PKP131	1320	1320	4	si	si	_	_	_	_	_	linguistic	_	none	_	_	_	_	_	_
1320-5	PKP131	1320	1320	5	è	è	_	_	_	_	_	linguistic	_	none	_	_	_	_	_	_
1320-6	PKP131	1320	1320	6	scoperto	scoperto	_	_	_	_	_	linguistic	_	none	_	End=2168.546	_	_	_	_
1321-0	PKP131	1321	1321	0	perché	perché	_	_	_	_	_	linguistic	_	none	_	Begin=2168.585|End=2168.965	_	_	_	_
1322-0	PKP131	1322	1322	0	eh	eh	_	_	_	_	_	linguistic	_	none	_	Begin=2169.596	_	_	_	_
1322-1	PKP131	1322	1322	1	marina	marina	_	_	_	_	_	linguistic	_	none	_	_	_	_	_	_
1322-2	PKP131	1322	1322	2	l'	l'	_	_	_	_	_	linguistic	_	none	SpaceAfter=No	_	_	_	_	_
1322-3	PKP131	1322	1322	3	ha	ha	_	_	_	_	_	linguistic	_	none	_	_	_	_	_	_
1322-4	PKP131	1322	1322	4	detto	detto	_	_	_	_	_	linguistic	_	none	_	_	_	_	_	_
1322-5	PKP131	1322	1322	5	a	a	_	_	_	_	_	linguistic	_	none	_	_	_	_	_	_
1322-6	PKP131	1322	1322	6	carlotta	carlotta	_	_	_	_	_	linguistic	_	none	_	End=2171.251	_	_	_	_
1323-0	PKP131	1323	1323	0	questo	questo	_	_	_	_	_	linguistic	_	none	_	Begin=2171.315	_	_	_	_
1323-1	PKP131	1323	1323	1	fatto	fatto	_	_	_	_	_	linguistic	_	none	_	_	_	_	_	_
1323-2	PKP131	1323	1323	2	di	di	_	_	_	_	_	linguistic	_	none	_	_	_	_	_	_
1323-3	PKP131	1323	1323	3	alessandro	alessandro	_	_	_	_	_	linguistic	_	none	_	End=2172.359	_	_	_	_
1324-0	PKP131	1324	1324	0	chiara	chiara	_	_	_	_	_	linguistic	_	none	_	Begin=2172.428	_	_	_	_
1324-1	PKP131	1324	1324	1	l'	l'	_	_	_	_	_	linguistic	_	none	SpaceAfter=No	_	_	_	_	_
1324-2	PKP131	1324	1324	2	ha	ha	_	_	_	_	_	linguistic	_	none	_	_	_	_	_	_
1324-3	PKP131	1324	1324	3	detto	detto	_	_	_	_	_	linguistic	_	none	_	_	_	_	_	_
1324-4	PKP131	1324	1324	4	a	a	_	_	_	_	_	linguistic	_	none	_	_	_	_	_	_
1324-5	PKP131	1324	1324	5	carlotta	carlotta	_	_	_	_	_	linguistic	_	none	_	End=2173.803	_	_	_	_
1325-0	PKP131	1325	1325	0	il	il	_	_	_	_	_	linguistic	_	none	_	Begin=2173.852	_	_	_	_
1325-1	PKP131	1325	1325	1	fatto	fatto	_	_	_	_	_	linguistic	_	none	_	_	_	_	_	_
1325-2	PKP131	1325	1325	2	che	che	_	_	_	_	_	linguistic	_	none	_	_	_	_	_	_
1325-3	PKP131	1325	1325	3	si	si	_	_	_	_	_	linguistic	_	none	_	_	_	_	_	_
1325-4	PKP131	1325	1325	4	stava	stava	_	_	_	_	_	linguistic	_	none	_	_	_	_	_	_
1325-5	PKP131	1325	1325	5	rivedendo	rivedendo	_	_	_	_	_	linguistic	_	none	_	_	_	_	_	_
1325-6	PKP131	1325	1325	6	con	con	_	_	_	_	_	linguistic	_	none	_	_	_	_	_	_
1325-7	PKP131	1325	1325	7	alessandro	alessandro	_	_	_	_	_	linguistic	_	none	_	End=2175.576	_	_	_	_
1326-0	PKP131	1326	1326	0	e	e	_	_	_	_	_	linguistic	_	none	_	Begin=2176.074	_	_	_	_
1326-1	PKP131	1326	1326	1	carlotta	carlotta	_	_	_	_	_	linguistic	_	none	_	_	_	_	_	_
1326-2	PKP131	1326	1326	2	ha	ha	_	_	_	_	_	linguistic	_	none	_	_	_	_	_	_
1326-3	PKP131	1326	1326	3	detto	detto	_	_	_	_	_	linguistic	_	none	_	End=2177.069	_	_	_	_
1327-0	PKP131	1327	1327	0	che	che	_	_	_	_	_	linguistic	_	none	_	Begin=2177.699	_	_	_	_
1327-1	PKP131	1327	1327	1	succed[e:]?	succede	_	_	_	_	_	linguistic	_	none	Intonation=Rising	End=2178.61	6x1	_	_	6-7(65)
1328-0	PKP125	1328	1328	0	[co]:sa?	cosa	_	_	_	_	_	linguistic	_	none	Intonation=Rising	Begin=2178.502|End=2179.03	1x1	_	_	0-2(65)
1329-0	PKP125	1329	1329	0	c'	c'	_	_	_	_	_	linguistic	_	none	SpaceAfter=No	Begin=2179.29	_	_	_	_
1329-1	PKP125	1329	1329	1	è	è	_	_	_	_	_	linguistic	_	none	_	_	_	_	_	_
1329-2	PKP125	1329	1329	2	qualcosa	qualcosa	_	_	_	_	_	linguistic	_	none	_	_	_	_	_	_
1329-3	PKP125	1329	1329	3	che	che	_	_	_	_	_	linguistic	_	none	_	_	_	_	_	_
1329-4	PKP125	1329	1329	4	non	non	_	_	_	_	_	linguistic	_	none	_	_	_	_	_	_
1329-5	PKP125	1329	1329	5	va	va	_	_	_	_	_	linguistic	_	none	_	End=2180.24	_	_	_	_
1330-0	PKP131	1330	1330	0	e	e	_	_	_	_	_	linguistic	_	none	_	Begin=2180.699	_	_	_	_
1330-1	PKP131	1330	1330	1	le	le	_	_	_	_	_	linguistic	_	none	_	_	_	_	_	_
1330-2	PKP131	1330	1330	2	ha	ha	_	_	_	_	_	linguistic	_	none	_	_	_	_	_	_
1330-3	PKP131	1330	1330	3	fatte	fatte	_	_	_	_	_	linguistic	_	none	_	_	_	_	_	_
1330-4	PKP131	1330	1330	4	incontrare	incontrare	_	_	_	_	_	linguistic	_	none	PauseAfter=Yes	_	_	_	_	_
1330-5	PKP131	1330	1330	5	{P}	{P}	_	_	_	_	_	shortpause	_	none	_	_	_	_	_	_
1330-6	PKP131	1330	1330	6	(>no	no	_	_	_	_	_	linguistic	_	none	_	_	_	Fast=0-2(0)	0-2(0)	_
1330-7	PKP131	1330	1330	7	poi<)	poi	_	_	_	_	_	linguistic	_	none	_	_	_	Fast=0-3(0)	0-3(0)	_
1330-8	PKP131	1330	1330	8	ci	ci	_	_	_	_	_	linguistic	_	none	_	_	_	_	_	_
1330-9	PKP131	1330	1330	9	stavo	stavo	_	_	_	_	_	linguistic	_	none	_	_	_	_	_	_
1330-10	PKP131	1330	1330	10	anche	anche	_	_	_	_	_	linguistic	_	none	_	_	_	_	_	_
1330-11	PKP131	1330	1330	11	io	io	_	_	_	_	_	linguistic	_	none	_	End=2182.857	_	_	_	_
1331-0	PKP131	1331	1331	0	>mi	mi	_	_	_	_	_	linguistic	_	none	_	Begin=2182.899	_	Fast=0-2(0)	_	_
1331-1	PKP131	1331	1331	1	ha	ha	_	_	_	_	_	linguistic	_	none	_	_	_	Fast=0-2(0)	_	_
1331-2	PKP131	1331	1331	2	fatto<	fatto	_	_	_	_	_	linguistic	_	none	_	_	_	Fast=0-5(0)	_	_
1331-3	PKP131	1331	1331	3	leggere	leggere	_	_	_	_	_	linguistic	_	none	_	_	_	_	_	_
1331-4	PKP131	1331	1331	4	le	le	_	_	_	_	_	linguistic	_	none	_	_	_	_	_	_
1331-5	PKP131	1331	1331	5	conversazioni	conversazioni	_	_	_	_	_	linguistic	_	none	_	End=2184.266	_	_	_	_
1332-0	PKP131	1332	1332	0	°cose°	cose	_	_	_	_	_	linguistic	_	none	Volume=low	Begin=2184.322|End=2184.697	_	_	_	_
1333-0	PKP131	1333	1333	0	e	e	_	_	_	_	_	linguistic	_	none	_	Begin=2185.32	_	_	_	_
1333-1	PKP131	1333	1333	1	chiara	chiara	_	_	_	_	_	linguistic	_	none	_	_	_	_	_	_
1333-2	PKP131	1333	1333	2	ha	ha	_	_	_	_	_	linguistic	_	none	_	_	_	_	_	_
1333-3	PKP131	1333	1333	3	fatto	fatto	_	_	_	_	_	linguistic	_	none	_	_	_	_	_	_
1333-4	PKP131	1333	1333	4	una	una	_	_	_	_	_	linguistic	_	none	_	_	_	_	_	_
1333-5	PKP131	1333	1333	5	cosa	cosa	_	_	_	_	_	linguistic	_	none	_	_	_	_	_	_
1333-6	PKP131	1333	1333	6	plateale	plateale	_	_	_	_	_	linguistic	_	none	_	End=2187.128	_	_	_	_
1334-0	PKP131	1334	1334	0	che	che	_	_	_	_	_	linguistic	_	none	_	Begin=2187.182	_	_	_	_
1334-1	PKP131	1334	1334	1	ho	ho	_	_	_	_	_	linguistic	_	none	_	_	_	_	_	_
1334-2	PKP131	1334	1334	2	adorato	adorato	_	_	_	_	_	linguistic	_	none	_	_	_	_	_	_
1334-3	PKP131	1334	1334	3	praticamente	praticamente	_	_	_	_	_	linguistic	_	none	_	End=2188.593	_	_	_	_
1335-0	PKP131	1335	1335	0	si	si	_	_	_	_	_	linguistic	_	none	_	Begin=2189.222	_	_	_	_
1335-1	PKP131	1335	1335	1	è:	è	_	_	_	_	_	linguistic	_	none	_	End=2190.009	0x1	_	_	_
1336-0	PKP131	1336	1336	0	{ride}	{ride}	_	_	_	_	_	nonverbalbehavior	_	none	_	Begin=2190.164	_	_	_	_
1336-1	PKP131	1336	1336	1	x	x	_	_	_	_	_	unknown	_	none	Syllables=1	End=2190.803	_	_	_	_
1337-0	PKP131	1337	1337	0	{ride}	{ride}	_	_	_	_	_	nonverbalbehavior	_	none	_	Begin=2190.985	_	_	_	_
1337-1	PKP131	1337	1337	1	bellissimo	bellissimo	_	_	_	_	_	linguistic	_	none	_	_	_	_	_	_
1337-2	PKP131	1337	1337	2	da	da	_	_	_	_	_	linguistic	_	none	_	_	_	_	_	_
1337-3	PKP131	1337	1337	3	serie	serie	_	_	_	_	_	linguistic	_	none	_	_	_	_	_	_
1337-4	PKP131	1337	1337	4	tv	tv	_	_	_	_	_	linguistic	_	none	_	End=2192.694	_	_	_	_
1338-0	PKP131	1338	1338	0	e:h	eh	_	_	_	_	_	linguistic	_	none	_	Begin=2193.513|End=2194.049	0x1	_	_	_
1339-0	PKP131	1339	1339	0	l'	l'	_	_	_	_	_	linguistic	_	none	SpaceAfter=No	Begin=2194.099	_	_	_	_
1339-1	PKP131	1339	1339	1	ha	ha	_	_	_	_	_	linguistic	_	none	_	_	_	_	_	_
1339-2	PKP131	1339	1339	2	chiamato	chiamato	_	_	_	_	_	linguistic	_	none	_	_	_	_	_	_
1339-3	PKP131	1339	1339	3	e	e	_	_	_	_	_	linguistic	_	none	_	_	_	_	_	_
1339-4	PKP131	1339	1339	4	ha	ha	_	_	_	_	_	linguistic	_	none	_	_	_	_	_	_
1339-5	PKP131	1339	1339	5	detto	detto	_	_	_	_	_	linguistic	_	none	_	_	_	_	_	_
1339-6	PKP131	1339	1339	6	oh	oh	_	_	_	_	_	linguistic	_	none	_	_	_	_	_	_
1339-7	PKP131	1339	1339	7	vedia:moci	vediamoci	_	_	_	_	_	linguistic	_	none	_	End=2195.817	4x1	_	_	_
1340-0	PKP131	1340	1340	0	ho	ho	_	_	_	_	_	linguistic	_	none	_	Begin=2195.854	_	_	_	_
1340-1	PKP131	1340	1340	1	voglia	voglia	_	_	_	_	_	linguistic	_	none	_	_	_	_	_	_
1340-2	PKP131	1340	1340	2	così:	così	_	_	_	_	_	linguistic	_	none	_	End=2197.037	3x1	_	_	_
1341-0	PKP125	1341	1341	0	{ride}	{ride}	_	_	_	_	_	nonverbalbehavior	_	none	_	Begin=2197.093|End=2197.978	_	_	_	_
1342-0	PKP131	1342	1342	0	stava	stava	_	_	_	_	_	linguistic	_	none	_	Begin=2198.31	_	_	_	_
1342-1	PKP131	1342	1342	1	facendo	facendo	_	_	_	_	_	linguistic	_	none	_	_	_	_	_	_
1342-2	PKP131	1342	1342	2	pure	pure	_	_	_	_	_	linguistic	_	none	_	_	_	_	_	_
1342-3	PKP131	1342	1342	3	il	il	_	_	_	_	_	linguistic	_	none	_	_	_	_	_	_
1342-4	PKP131	1342	1342	4	video	video	_	_	_	_	_	linguistic	_	none	_	End=2199.502	_	_	_	_
1343-0	PKP131	1343	1343	0	perché	perché	_	_	_	_	_	linguistic	_	none	_	Begin=2199.549	_	_	_	_
1343-1	PKP131	1343	1343	1	gli	gli	_	_	_	_	_	linguistic	_	none	_	_	_	_	_	_
1343-2	PKP131	1343	1343	2	dissi	dissi	_	_	_	_	_	linguistic	_	none	_	_	_	_	_	_
1343-3	PKP131	1343	1343	3	fammi	fammi	_	_	_	_	_	linguistic	_	none	_	_	_	_	_	_
1343-4	PKP131	1343	1343	4	il	il	_	_	_	_	_	linguistic	_	none	_	_	_	_	_	_
1343-5	PKP131	1343	1343	5	video	video	_	_	_	_	_	linguistic	_	none	_	End=2200.748	_	_	_	_
1344-0	PKP131	1344	1344	0	però	però	_	_	_	_	_	linguistic	_	none	_	Begin=2200.778	_	_	_	_
1344-1	PKP131	1344	1344	1	lui	lui	_	_	_	_	_	linguistic	_	none	_	_	_	_	_	_
1344-2	PKP131	1344	1344	2	poi	poi	_	_	_	_	_	linguistic	_	none	_	_	_	_	_	_
1344-3	PKP131	1344	1344	3	se	se	_	_	_	_	_	linguistic	_	none	_	_	_	_	_	_
1344-4	PKP131	1344	1344	4	ne	ne	_	_	_	_	_	linguistic	_	none	_	_	_	_	_	_
1344-5	PKP131	1344	1344	5	accorse	accorse	_	_	_	_	_	linguistic	_	none	_	_	_	_	_	_
1344-6	PKP131	1344	1344	6	e	e	_	_	_	_	_	linguistic	_	none	_	_	_	_	_	_
1344-7	PKP131	1344	1344	7	glielo	glielo	_	_	_	_	_	linguistic	_	none	_	_	_	_	_	_
1344-8	PKP131	1344	1344	8	fece	fece	_	_	_	_	_	linguistic	_	none	_	_	_	_	_	_
1344-9	PKP131	1344	1344	9	cancellare	cancellare	_	_	_	_	_	linguistic	_	none	_	End=2202.763	_	_	_	_
1345-0	PKP131	1345	1345	0	e:h	eh	_	_	_	_	_	linguistic	_	none	_	Begin=2203.655|End=2204.527	0x1	_	_	_
1346-0	PKP131	1346	1346	0	stavano	stavano	_	_	_	_	_	linguistic	_	none	_	Begin=2204.601	_	_	_	_
1346-1	PKP131	1346	1346	1	nel	nel	_	_	_	_	_	linguistic	_	none	_	_	_	_	_	_
1346-2	PKP131	1346	1346	2	e:h	eh	_	_	_	_	_	linguistic	_	none	_	End=2205.99	0x1	_	_	_
1347-0	PKP131	1347	1347	0	per:	per	_	_	_	_	_	linguistic	_	none	_	Begin=2206.522|End=2207.098	2x1	_	_	_
1348-0	PKP131	1348	1348	0	sai	sai	_	_	_	_	_	linguistic	_	none	_	Begin=2208.354	_	_	_	_
1348-1	PKP131	1348	1348	1	se	se	_	_	_	_	_	linguistic	_	none	_	_	_	_	_	_
1348-2	PKP131	1348	1348	2	mi	mi	_	_	_	_	_	linguistic	_	none	_	_	_	_	_	_
1348-3	PKP131	1348	1348	3	devi	devi	_	_	_	_	_	linguistic	_	none	_	_	_	_	_	_
1348-4	PKP131	1348	1348	4	dire	dire	_	_	_	_	_	linguistic	_	none	_	_	_	_	_	_
1348-5	PKP131	1348	1348	5	qualcosa?	qualcosa	_	_	_	_	_	linguistic	_	none	Intonation=Rising	End=2209.694	_	_	_	_
1349-0	PKP131	1349	1349	0	lui	lui	_	_	_	_	_	linguistic	_	none	_	Begin=2209.729	_	_	_	_
1349-1	PKP131	1349	1349	1	dice	dice	_	_	_	_	_	linguistic	_	none	_	_	_	_	_	_
1349-2	PKP131	1349	1349	2	no:	no	_	_	_	_	_	linguistic	_	none	_	_	1x1	_	_	_
1349-3	PKP131	1349	1349	3	che	che	_	_	_	_	_	linguistic	_	none	_	_	_	_	_	_
1349-4	PKP131	1349	1349	4	cos'	cos'	_	_	_	_	_	linguistic	_	none	SpaceAfter=No	_	_	_	_	_
1349-5	PKP131	1349	1349	5	hai?	hai	_	_	_	_	_	linguistic	_	none	Intonation=Rising	End=2210.955	_	_	_	_
1350-0	PKP131	1350	1350	0	chiudi	chiudi	_	_	_	_	_	linguistic	_	none	_	Begin=2210.98	_	_	_	_
1350-1	PKP131	1350	1350	1	qua	qua	_	_	_	_	_	linguistic	_	none	_	_	_	_	_	_
1350-2	PKP131	1350	1350	2	facciamo	facciamo	_	_	_	_	_	linguistic	_	none	_	_	_	_	_	_
1350-3	PKP131	1350	1350	3	di	di	_	_	_	_	_	linguistic	_	none	_	_	_	_	_	_
1350-4	PKP131	1350	1350	4	che	che	_	_	_	_	_	linguistic	_	none	_	_	_	_	_	_
1350-5	PKP131	1350	1350	5	vuoi	vuoi	_	_	_	_	_	linguistic	_	none	_	_	_	_	_	_
1350-6	PKP131	1350	1350	6	parlare	parlare	_	_	_	_	_	linguistic	_	none	_	End=2212.872	_	_	_	_
1351-0	PKP125	1351	1351	0	{ride}	{ride}	_	_	_	_	_	nonverbalbehavior	_	none	_	Begin=2211.709|End=2212.21	_	_	_	_
1352-0	PKP131	1352	1352	0	(comunque)	comunque	_	_	_	_	_	linguistic	_	none	_	Begin=2213.202	_	_	0-8(0)	_
1352-1	PKP131	1352	1352	1	tipo	tipo	_	_	_	_	_	linguistic	_	none	_	_	_	_	_	_
1352-2	PKP131	1352	1352	2	lei	lei	_	_	_	_	_	linguistic	_	none	_	End=2213.842	_	_	_	_
1353-0	PKP131	1353	1353	0	gli:	gli	_	_	_	_	_	linguistic	_	none	_	Begin=2213.919|End=2214.8	2x1	_	_	_
1354-0	PKP131	1354	1354	0	gli	gli	_	_	_	_	_	linguistic	_	none	_	Begin=2215.49	_	_	_	_
1354-1	PKP131	1354	1354	1	strizza	strizza	_	_	_	_	_	linguistic	_	none	_	_	_	_	_	_
1354-2	PKP131	1354	1354	2	le	le	_	_	_	_	_	linguistic	_	none	_	_	_	_	_	_
1354-3	PKP131	1354	1354	3	palle	palle	_	_	_	_	_	linguistic	_	none	_	End=2216.808	_	_	_	_
1355-0	PKP125	1355	1355	0	{ride}	{ride}	_	_	_	_	_	nonverbalbehavior	_	none	_	Begin=2216.654	_	_	_	_
1355-1	PKP125	1355	1355	1	[co(me)]	come	_	_	_	_	_	linguistic	_	none	_	_	_	_	2-4(0)	0-4(?)
1355-2	PKP125	1355	1355	2	{ride}	{ride}	_	_	_	_	_	nonverbalbehavior	_	none	_	End=2219.098	_	_	_	_
1356-0	PKP131	1356	1356	0	[(no:)]	no	_	_	_	_	_	linguistic	_	none	_	Begin=2216.903	1x1	_	0-2(0)	0-2(73)
1356-1	PKP131	1356	1356	1	come	come	_	_	_	_	_	linguistic	_	none	_	_	_	_	_	_
1356-2	PKP131	1356	1356	2	basta:rdo	bastardo	_	_	_	_	_	linguistic	_	none	_	End=2219.266	4x1	_	_	_
1357-0	PKP131	1357	1357	0	che	che	_	_	_	_	_	linguistic	_	none	_	Begin=2219.739	_	_	_	_
1357-1	PKP131	1357	1357	1	cazzo	cazzo	_	_	_	_	_	linguistic	_	none	_	_	_	_	_	_
1357-2	PKP131	1357	1357	2	mi	mi	_	_	_	_	_	linguistic	_	none	_	_	_	_	_	_
1357-3	PKP131	1357	1357	3	fai	fai	_	_	_	_	_	linguistic	_	none	_	_	_	_	_	_
1357-4	PKP131	1357	1357	4	[xxx]?	xxx	_	_	_	_	_	linguistic	_	none	Intonation=Rising	End=2221.256	_	_	_	0-3(139)
1358-0	PKP125	1358	1358	0	[a:h	ah	_	_	_	_	_	linguistic	_	none	_	Begin=2220.522	0x1	_	_	0-2(139)
1358-1	PKP125	1358	1358	1	ma	ma	_	_	_	_	_	linguistic	_	none	_	_	_	_	_	0-2(139)
1358-2	PKP125	1358	1358	2	è	è	_	_	_	_	_	linguistic	_	none	_	_	_	_	_	0-1(139)
1358-3	PKP125	1358	1358	3	vio]lenza	violenza	_	_	_	_	_	linguistic	_	none	_	_	_	_	_	0-3(139)
1358-4	PKP125	1358	1358	4	[di	di	_	_	_	_	_	linguistic	_	none	_	_	_	_	_	0-2(140)
1358-5	PKP125	1358	1358	5	xx]	xx	_	_	_	_	_	unknown	_	none	Syllables=2	End=2222.443	_	_	_	0-2(140)
1359-0	PKP131	1359	1359	0	[e:h]	eh	_	_	_	_	_	linguistic	_	none	_	Begin=2221.79|End=2222.29	0x1	_	_	0-2(140)
1360-0	PKP131	1360	1360	0	[ti]po	tipo	_	_	_	_	_	linguistic	_	none	_	Begin=2222.364	_	_	_	0-2(138)
1360-1	PKP131	1360	1360	1	lui	lui	_	_	_	_	_	linguistic	_	none	_	_	_	_	_	_
1360-2	PKP131	1360	1360	2	disse:	disse	_	_	_	_	_	linguistic	_	none	_	End=2223.251	4x1	_	_	_
1361-0	PKP131	1361	1361	0	e:h	eh	_	_	_	_	_	linguistic	_	none	_	Begin=2224.346|End=2224.965	0x1	_	_	_
1362-0	PKP131	1362	1362	0	non	non	_	_	_	_	_	linguistic	_	none	_	Begin=2225.024	_	_	_	_
1362-1	PKP131	1362	1362	1	stringere	stringere	_	_	_	_	_	linguistic	_	none	_	_	_	_	_	_
1362-2	PKP131	1362	1362	2	sul	sul	_	_	_	_	_	linguistic	_	none	_	_	_	_	_	_
1362-3	PKP131	1362	1362	3	varicocele	varicocele	_	_	_	_	_	linguistic	_	none	PauseAfter=Yes	_	_	_	_	_
1362-4	PKP131	1362	1362	4	{P}	{P}	_	_	_	_	_	shortpause	_	none	_	_	_	_	_	_
1362-5	PKP131	1362	1362	5	una	una	_	_	_	_	_	linguistic	_	none	_	_	_	_	_	_
1362-6	PKP131	1362	1362	6	cosa	cosa	_	_	_	_	_	linguistic	_	none	_	_	_	_	_	_
1362-7	PKP131	1362	1362	7	[xx]	xx	_	_	_	_	_	unknown	_	none	Syllables=2	End=2227.517	_	_	_	0-2(76)
1363-0	PKP125	1363	1363	0	{ride}	{ride}	_	_	_	_	_	nonverbalbehavior	_	none	_	Begin=2226.672	_	_	_	_
1363-1	PKP125	1363	1363	1	[xx]x	xxx	_	_	_	_	_	unknown	_	none	Syllables=3	_	_	_	_	0-2(76)
1363-2	PKP125	1363	1363	2	e:h	eh	_	_	_	_	_	linguistic	_	none	_	_	0x1	_	_	_
1363-3	PKP125	1363	1363	3	ecco	ecco	_	_	_	_	_	linguistic	_	none	_	_	_	_	_	_
1363-4	PKP125	1363	1363	4	qua	qua	_	_	_	_	_	linguistic	_	none	_	End=2228.778	_	_	_	_
1364-0	PKP125	1364	1364	0	{ride}	{ride}	_	_	_	_	_	nonverbalbehavior	_	none	_	Begin=2229.369|End=2230.448	_	_	_	_
1365-0	PKP131	1365	1365	0	comunque	comunque	_	_	_	_	_	linguistic	_	none	_	Begin=2229.803	_	_	_	_
1365-1	PKP131	1365	1365	1	divertentissimo	divertentissimo	_	_	_	_	_	linguistic	_	none	_	_	_	_	_	_
1365-2	PKP131	1365	1365	2	°questo	questo	_	_	_	_	_	linguistic	_	none	Volume=low	_	_	_	_	_
1365-3	PKP131	1365	1365	3	fatt[o°]	fatto	_	_	_	_	_	linguistic	_	none	Volume=low	End=2231.906	_	_	_	4-5(77)
1366-0	PKP125	1366	1366	0	[m]adonna	madonna	_	_	_	_	_	linguistic	_	none	_	Begin=2231.857|End=2232.492	_	_	_	0-1(77)
1367-0	PKP125	1367	1367	0	hai	hai	_	_	_	_	_	linguistic	_	none	_	Begin=2232.901	_	_	_	_
1367-1	PKP125	1367	1367	1	capito	capito	_	_	_	_	_	linguistic	_	none	_	_	_	_	_	_
1367-2	PKP125	1367	1367	2	a	a	_	_	_	_	_	linguistic	_	none	_	_	_	_	_	_
1367-3	PKP125	1367	1367	3	chia:ra?	chiara	_	_	_	_	_	linguistic	_	none	Intonation=Rising	_	3x1	_	_	_
1367-4	PKP125	1367	1367	4	{ride}	{ride}	_	_	_	_	_	nonverbalbehavior	_	none	_	End=2234.019	_	_	_	_
1368-0	PKP125	1368	1368	0	non	non	_	_	_	_	_	linguistic	_	none	_	Begin=2234.118	_	_	_	_
1368-1	PKP125	1368	1368	1	avrei	avrei	_	_	_	_	_	linguistic	_	none	_	_	_	_	_	_
1368-2	PKP125	1368	1368	2	mai	mai	_	_	_	_	_	linguistic	_	none	_	_	_	_	_	_
1368-3	PKP125	1368	1368	3	{ride}	{ride}	_	_	_	_	_	nonverbalbehavior	_	none	_	End=2234.926	_	_	_	_
1369-0	PKP125	1369	1369	0	non	non	_	_	_	_	_	linguistic	_	none	_	Begin=2235.074	_	_	_	_
1369-1	PKP125	1369	1369	1	avrei	avrei	_	_	_	_	_	linguistic	_	none	_	_	_	_	_	_
1369-2	PKP125	1369	1369	2	mai	mai	_	_	_	_	_	linguistic	_	none	_	_	_	_	_	_
1369-3	PKP125	1369	1369	3	immaginato	immaginato	_	_	_	_	_	linguistic	_	none	_	End=2236.433	_	_	_	_
1370-0	PKP131	1370	1370	0	°no	no	_	_	_	_	_	linguistic	_	none	Volume=low	Begin=2236.699	_	_	_	_
1370-1	PKP131	1370	1370	1	però	però	_	_	_	_	_	linguistic	_	none	Volume=low	_	_	_	_	_
1370-2	PKP131	1370	1370	2	chiara	chiara	_	_	_	_	_	linguistic	_	none	Volume=low	_	_	_	_	_
1370-3	PKP131	1370	1370	3	è	è	_	_	_	_	_	linguistic	_	none	Volume=low	_	_	_	_	_
1370-4	PKP131	1370	1370	4	così°	così	_	_	_	_	_	linguistic	_	none	Volume=low	End=2237.857	_	_	_	_
1371-0	PKP125	1371	1371	0	°[e:h	eh	_	_	_	_	_	linguistic	_	none	Volume=low	Begin=2238.187	0x1	_	_	0-2(78)
1371-1	PKP125	1371	1371	1	e:h°]	eh	_	_	_	_	_	linguistic	_	none	Volume=low	End=2238.709	0x1	_	_	0-2(78)
1372-0	PKP131	1372	1372	0	[e:h]	eh	_	_	_	_	_	linguistic	_	none	_	Begin=2238.369|End=2238.709	0x1	_	_	0-2(78)
1373-0	PKP131	1373	1373	0	è	è	_	_	_	_	_	linguistic	_	none	_	Begin=2239.507	_	_	_	_
1373-1	PKP131	1373	1373	1	tutta	tutta	_	_	_	_	_	linguistic	_	none	_	_	_	_	_	_
1373-2	PKP131	1373	1373	2	una:	una	_	_	_	_	_	linguistic	_	none	_	End=2240.246	2x1	_	_	_
1374-0	PKP131	1374	1374	0	un	un	_	_	_	_	_	linguistic	_	none	_	Begin=2240.684	_	_	_	_
1374-1	PKP131	1374	1374	1	muro	muro	_	_	_	_	_	linguistic	_	none	_	End=2241.295	_	_	_	_
1375-0	PKP131	1375	1375	0	una	una	_	_	_	_	_	linguistic	_	none	_	Begin=2241.354	_	_	_	_
1375-1	PKP131	1375	1375	1	corazza	corazza	_	_	_	_	_	linguistic	_	none	_	End=2242.207	_	_	_	_
1376-0	PKP131	1376	1376	0	che	che	_	_	_	_	_	linguistic	_	none	_	Begin=2242.246	_	_	_	_
1376-1	PKP131	1376	1376	1	c'	c'	_	_	_	_	_	linguistic	_	none	SpaceAfter=No	_	_	_	_	_
1376-2	PKP131	1376	1376	2	ha	ha	_	_	_	_	_	linguistic	_	none	_	_	_	_	_	_
1376-3	PKP131	1376	1376	3	fuo:ri	fuori	_	_	_	_	_	linguistic	_	none	_	End=2243.261	2x1	_	_	_
1377-0	PKP125	1377	1377	0	{ride}	{ride}	_	_	_	_	_	nonverbalbehavior	_	none	_	Begin=2243.551|End=2244.372	_	_	_	_
1378-0	PKP131	1378	1378	0	da	da	_	_	_	_	_	linguistic	_	none	_	Begin=2243.906	_	_	_	_
1378-1	PKP131	1378	1378	1	brava	brava	_	_	_	_	_	linguistic	_	none	_	_	_	_	_	_
1378-2	PKP131	1378	1378	2	raga:zza	ragazza	_	_	_	_	_	linguistic	_	none	_	End=2245.182	3x1	_	_	_
1379-0	PKP131	1379	1379	0	gentile,	gentile	_	_	_	_	_	linguistic	_	none	Intonation=WeaklyRising	Begin=2245.28|End=2245.95	_	_	_	_
1380-0	PKP131	1380	1380	0	carina	carina	_	_	_	_	_	linguistic	_	none	_	Begin=2246.003	_	_	_	_
1380-1	PKP131	1380	1380	1	poi	poi	_	_	_	_	_	linguistic	_	none	_	_	_	_	_	_
1380-2	PKP131	1380	1380	2	xxx	xxx	_	_	_	_	_	unknown	_	none	Syllables=3	End=2247.113	_	_	_	_
1381-0	PKP125	1381	1381	0	{ride}	{ride}	_	_	_	_	_	nonverbalbehavior	_	none	_	Begin=2247.65|End=2248.535	_	_	_	_
1382-0	PKP125	1382	1382	0	ecco	ecco	_	_	_	_	_	linguistic	_	none	_	Begin=2249.852	_	_	_	_
1382-1	PKP125	1382	1382	1	qua	qua	_	_	_	_	_	linguistic	_	none	_	End=2250.448	_	_	_	_
1383-0	PKP125	1383	1383	0	vabbè	vabbè	_	_	_	_	_	linguistic	_	none	_	Begin=2253.157	_	_	_	_
1383-1	PKP125	1383	1383	1	si	si	_	_	_	_	_	linguistic	_	none	_	_	_	_	_	_
1383-2	PKP125	1383	1383	2	c'	c'	_	_	_	_	_	linguistic	_	none	SpaceAfter=No	_	_	_	_	_
1383-3	PKP125	1383	1383	3	ha	ha	_	_	_	_	_	linguistic	_	none	_	_	_	_	_	_
1383-4	PKP125	1383	1383	4	molto	molto	_	_	_	_	_	linguistic	_	none	_	_	_	_	_	_
1383-5	PKP125	1383	1383	5	la	la	_	_	_	_	_	linguistic	_	none	_	End=2254.256	_	_	_	_
1384-0	PKP125	1384	1384	0	l~	l~	_	_	_	_	_	linguistic	_	none	Interrupted=Yes	Begin=2254.335	_	_	_	_
1384-1	PKP125	1384	1384	1	l'	l'	_	_	_	_	_	linguistic	_	none	SpaceAfter=No	_	_	_	_	_
1384-2	PKP125	1384	1384	2	appeal	appeal	_	_	_	_	_	linguistic	_	none	_	_	_	_	_	_
1384-3	PKP125	1384	1384	3	da:	da	_	_	_	_	_	linguistic	_	none	_	_	1x1	_	_	_
1384-4	PKP125	1384	1384	4	ragazza	ragazza	_	_	_	_	_	linguistic	_	none	_	_	_	_	_	_
1384-5	PKP125	1384	1384	5	bon	bon	_	_	_	_	_	linguistic	_	none	_	_	_	_	_	_
1384-6	PKP125	1384	1384	6	ton	ton	_	_	_	_	_	linguistic	_	none	_	End=2256.34	_	_	_	_
1385-0	PKP131	1385	1385	0	eh	eh	_	_	_	_	_	linguistic	_	none	_	Begin=2257.172|End=2257.482	_	_	_	_
1386-0	PKP125	1386	1386	0	MA	ma	_	_	_	_	_	linguistic	_	none	Volume=high	Begin=2258.867	_	_	_	_
1386-1	PKP125	1386	1386	1	DA	da	_	_	_	_	_	linguistic	_	none	Volume=high	_	_	_	_	_
1386-2	PKP125	1386	1386	2	SEMPRE	sempre	_	_	_	_	_	linguistic	_	none	PauseAfter=Yes|Volume=high	_	_	_	_	_
1386-3	PKP125	1386	1386	3	{P}	{P}	_	_	_	_	_	shortpause	_	none	_	_	_	_	_	_
1386-4	PKP125	1386	1386	4	voglio	voglio	_	_	_	_	_	linguistic	_	none	_	_	_	_	_	_
1386-5	PKP125	1386	1386	5	dire	dire	_	_	_	_	_	linguistic	_	none	_	End=2260.156	_	_	_	_
1387-0	PKP125	1387	1387	0	già	già	_	_	_	_	_	linguistic	_	none	_	Begin=2260.275	_	_	_	_
1387-1	PKP125	1387	1387	1	da	da	_	_	_	_	_	linguistic	_	none	_	_	_	_	_	_
1387-2	PKP125	1387	1387	2	quando	quando	_	_	_	_	_	linguistic	_	none	_	_	_	_	_	_
1387-3	PKP125	1387	1387	3	ero	ero	_	_	_	_	_	linguistic	_	none	_	_	_	_	_	_
1387-4	PKP125	1387	1387	4	pi~	pi~	_	_	_	_	_	linguistic	_	none	Interrupted=Yes	End=2261.098	_	_	_	_
1388-0	PKP125	1388	1388	0	e:ra	era	_	_	_	_	_	linguistic	_	none	_	Begin=2261.335	0x1	_	_	_
1388-1	PKP125	1388	1388	1	piccola	piccola	_	_	_	_	_	linguistic	_	none	_	_	_	_	_	_
1388-2	PKP125	1388	1388	2	si	si	_	_	_	_	_	linguistic	_	none	_	_	_	_	_	_
1388-3	PKP125	1388	1388	3	vedeva	vedeva	_	_	_	_	_	linguistic	_	none	_	_	_	_	_	_
1388-4	PKP125	1388	1388	4	che	che	_	_	_	_	_	linguistic	_	none	_	End=2262.901	_	_	_	_
1389-0	PKP125	1389	1389	0	voleva	voleva	_	_	_	_	_	linguistic	_	none	_	Begin=2262.98	_	_	_	_
1389-1	PKP125	1389	1389	1	fare	fare	_	_	_	_	_	linguistic	_	none	_	_	_	_	_	_
1389-2	PKP125	1389	1389	2	un	un	_	_	_	_	_	linguistic	_	none	_	_	_	_	_	_
1389-3	PKP125	1389	1389	3	po'	po'	_	_	_	_	_	linguistic	_	none	_	_	_	_	_	_
1389-4	PKP125	1389	1389	4	la	la	_	_	_	_	_	linguistic	_	none	_	_	_	_	_	_
1389-5	PKP125	1389	1389	5	winx	winx	_	_	_	_	_	linguistic	_	none	_	End=2264.167	_	_	_	_
1390-0	PKP125	1390	1390	0	della	della	_	_	_	_	_	linguistic	_	none	_	Begin=2264.211	_	_	_	_
1390-1	PKP125	1390	1390	1	situazione	situazione	_	_	_	_	_	linguistic	_	none	_	End=2265.005	_	_	_	_
1391-0	PKP125	1391	1391	0	[xx]	xx	_	_	_	_	_	unknown	_	none	Syllables=2	Begin=2270.088|End=2270.625	_	_	_	0-2(79)
1392-0	PKP131	1392	1392	0	[ah	ah	_	_	_	_	_	linguistic	_	none	_	Begin=2270.093	_	_	_	0-2(79)
1392-1	PKP131	1392	1392	1	boh	boh	_	_	_	_	_	linguistic	_	none	_	_	_	_	_	0-3(79)
1392-2	PKP131	1392	1392	2	era	era	_	_	_	_	_	linguistic	_	none	_	_	_	_	_	0-3(79)
1392-3	PKP131	1392	1392	3	t]ecna	tecna	_	_	_	_	_	linguistic	_	none	_	_	_	_	_	0-1(79)
1392-4	PKP131	1392	1392	4	delle	delle	_	_	_	_	_	linguistic	_	none	_	_	_	_	_	_
1392-5	PKP131	1392	1392	5	winx	winx	_	_	_	_	_	linguistic	_	none	_	End=2271.556	_	_	_	_
1393-0	PKP125	1393	1393	0	{ride}	{ride}	_	_	_	_	_	nonverbalbehavior	_	none	_	Begin=2271.782|End=2272.882	_	_	_	_
1394-0	PKP131	1394	1394	0	anche	anche	_	_	_	_	_	linguistic	_	none	_	Begin=2272.32	_	_	_	_
1394-1	PKP131	1394	1394	1	se	se	_	_	_	_	_	linguistic	_	none	_	_	_	_	_	_
1394-2	PKP131	1394	1394	2	lei	lei	_	_	_	_	_	linguistic	_	none	_	_	_	_	_	_
1394-3	PKP131	1394	1394	3	diceva	diceva	_	_	_	_	_	linguistic	_	none	_	_	_	_	_	_
1394-4	PKP131	1394	1394	4	che	che	_	_	_	_	_	linguistic	_	none	_	_	_	_	_	_
1394-5	PKP131	1394	1394	5	era	era	_	_	_	_	_	linguistic	_	none	_	_	_	_	_	_
1394-6	PKP131	1394	1394	6	bloom	bloom	_	_	_	_	_	linguistic	_	none	_	_	_	_	_	_
1394-7	PKP131	1394	1394	7	e:h	eh	_	_	_	_	_	linguistic	_	none	_	End=2274.059	0x1	_	_	_
1395-0	PKP125	1395	1395	0	{ride}	{ride}	_	_	_	_	_	nonverbalbehavior	_	none	_	Begin=2274.487	_	_	_	_
1395-1	PKP125	1395	1395	1	guarda	guarda	_	_	_	_	_	linguistic	_	none	_	_	_	_	_	_
1395-2	PKP125	1395	1395	2	che	che	_	_	_	_	_	linguistic	_	none	_	_	_	_	_	_
1395-3	PKP125	1395	1395	3	tutti	tutti	_	_	_	_	_	linguistic	_	none	_	_	_	_	_	_
1395-4	PKP125	1395	1395	4	volevano	volevano	_	_	_	_	_	linguistic	_	none	_	_	_	_	_	_
1395-5	PKP125	1395	1395	5	essere	essere	_	_	_	_	_	linguistic	_	none	_	_	_	_	_	_
1395-6	PKP125	1395	1395	6	bloom	bloom	_	_	_	_	_	linguistic	_	none	_	End=2276.709	_	_	_	_
1396-0	PKP125	1396	1396	0	per	per	_	_	_	_	_	linguistic	_	none	_	Begin=2276.768	_	_	_	_
1396-1	PKP125	1396	1396	1	un	un	_	_	_	_	_	linguistic	_	none	_	_	_	_	_	_
1396-2	PKP125	1396	1396	2	moti[vo	motivo	_	_	_	_	_	linguistic	_	none	_	_	_	_	_	4-6(80)
1396-3	PKP125	1396	1396	3	xxx]	xxx	_	_	_	_	_	unknown	_	none	Syllables=3	End=2277.709	_	_	_	0-3(80)
1397-0	PKP131	1397	1397	0	[no	no	_	_	_	_	_	linguistic	_	none	_	Begin=2277.157	_	_	_	0-2(80)
1397-1	PKP131	1397	1397	1	io	io	_	_	_	_	_	linguistic	_	none	_	_	_	_	_	0-2(80)
1397-2	PKP131	1397	1397	2	volev]o	volevo	_	_	_	_	_	linguistic	_	none	_	_	_	_	_	0-5(80)
1397-3	PKP131	1397	1397	3	essere	essere	_	_	_	_	_	linguistic	_	none	_	_	_	_	_	_
1397-4	PKP131	1397	1397	4	aisha	aisha	_	_	_	_	_	linguistic	_	none	_	End=2278.561	_	_	_	_
1398-0	PKP125	1398	1398	0	aisha	aisha	_	_	_	_	_	linguistic	_	none	_	Begin=2279.256	_	_	_	_
1398-1	PKP125	1398	1398	1	qual'	qual'	_	_	_	_	_	linguistic	_	none	SpaceAfter=No	_	_	_	_	_
1398-2	PKP125	1398	1398	2	era	era	_	_	_	_	_	linguistic	_	none	_	_	_	_	_	_
1398-3	PKP125	1398	1398	3	quella	quella	_	_	_	_	_	linguistic	_	none	_	_	_	_	_	_
1398-4	PKP125	1398	1398	4	nera?	nera	_	_	_	_	_	linguistic	_	none	Intonation=Rising	End=2280.497	_	_	_	_
1399-0	PKP131	1399	1399	0	{ride}	{ride}	_	_	_	_	_	nonverbalbehavior	_	none	_	Begin=2280.625	_	_	_	_
1399-1	PKP131	1399	1399	1	°sì°	sì	_	_	_	_	_	linguistic	_	none	Volume=low	End=2281.064	_	_	_	_
1400-0	PKP125	1400	1400	0	vabbè	vabbè	_	_	_	_	_	linguistic	_	none	_	Begin=2281.507	_	_	_	_
1400-1	PKP125	1400	1400	1	giustamente	giustamente	_	_	_	_	_	linguistic	_	none	_	_	_	_	_	_
1400-2	PKP125	1400	1400	2	rappresentation	rappresentation	_	_	_	_	_	linguistic	_	none	_	_	_	_	_	_
1400-3	PKP125	1400	1400	3	{riide}	{riide}	_	_	_	_	_	nonverbalbehavior	_	none	_	End=2283.492	_	_	_	_
1401-0	PKP125	1401	1401	0	NERA	nera	_	_	_	_	_	linguistic	_	none	Volume=high	Begin=2285.325	_	_	_	_
1401-1	PKP125	1401	1401	1	PO:I	poi	_	_	_	_	_	linguistic	_	none	Volume=high	End=2286.162	1x1	_	_	_
1402-0	PKP125	1402	1402	0	mamma	mamma	_	_	_	_	_	linguistic	_	none	_	Begin=2286.29	_	_	_	_
1402-1	PKP125	1402	1402	1	mia:	mia	_	_	_	_	_	linguistic	_	none	_	End=2287.019	2x1	_	_	_
1403-0	PKP131	1403	1403	0	mulatta:	mulatta	_	_	_	_	_	linguistic	_	none	_	Begin=2287.115|End=2287.965	6x1	_	_	_
1404-0	PKP125	1404	1404	0	(mulatta)?	mulatta	_	_	_	_	_	linguistic	_	none	Intonation=Rising	Begin=2288.65|End=2289.266	_	_	0-7(0)	_
1405-0	PKP131	1405	1405	0	e:h	eh	_	_	_	_	_	linguistic	_	none	_	Begin=2289.305	0x1	_	_	_
1405-1	PKP131	1405	1405	1	aveva	aveva	_	_	_	_	_	linguistic	_	none	_	_	_	_	_	_
1405-2	PKP131	1405	1405	2	[(tutti)]	tutti	_	_	_	_	_	linguistic	_	none	_	_	_	_	0-5(0)	0-5(83)
1405-3	PKP131	1405	1405	3	sti	sti	_	_	_	_	_	linguistic	_	none	_	_	_	_	_	_
1405-4	PKP131	1405	1405	4	capelli	capelli	_	_	_	_	_	linguistic	_	none	_	End=2290.305	_	_	_	_
1406-0	PKP125	1406	1406	0	[(s:ì)]	sì	_	_	_	_	_	linguistic	_	none	_	Begin=2289.615|End=2289.901	0x1	_	0-2(0)	0-2(83)
1407-0	PKP131	1407	1407	0	aisha	aisha	_	_	_	_	_	linguistic	_	none	_	Begin=2290.408|End=2290.832	_	_	_	_
1408-0	PKP131	1408	1408	0	xxxx	xxxx	_	_	_	_	_	unknown	_	none	Syllables=4	Begin=2293.167|End=2293.69	_	_	_	_
1409-0	PKP131	1409	1409	0	che	che	_	_	_	_	_	linguistic	_	none	_	Begin=2294.118	_	_	_	_
1409-1	PKP131	1409	1409	1	poi	poi	_	_	_	_	_	linguistic	_	none	_	_	_	_	_	_
1409-2	PKP131	1409	1409	2	non	non	_	_	_	_	_	linguistic	_	none	_	_	_	_	_	_
1409-3	PKP131	1409	1409	3	si	si	_	_	_	_	_	linguistic	_	none	_	_	_	_	_	_
1409-4	PKP131	1409	1409	4	è	è	_	_	_	_	_	linguistic	_	none	_	_	_	_	_	_
1409-5	PKP131	1409	1409	5	mai	mai	_	_	_	_	_	linguistic	_	none	_	_	_	_	_	_
1409-6	PKP131	1409	1409	6	capito	capito	_	_	_	_	_	linguistic	_	none	_	_	_	_	_	_
1409-7	PKP131	1409	1409	7	quale	quale	_	_	_	_	_	linguistic	_	none	_	_	_	_	_	_
1409-8	PKP131	1409	1409	8	cazzo	cazzo	_	_	_	_	_	linguistic	_	none	_	_	_	_	_	_
1409-9	PKP131	1409	1409	9	di	di	_	_	_	_	_	linguistic	_	none	_	_	_	_	_	_
1409-10	PKP131	1409	1409	10	potere	potere	_	_	_	_	_	linguistic	_	none	_	_	_	_	_	_
1409-11	PKP131	1409	1409	11	ha	ha	_	_	_	_	_	linguistic	_	none	_	_	_	_	_	_
1409-12	PKP131	1409	1409	12	aisha	aisha	_	_	_	_	_	linguistic	_	none	_	End=2296.473	_	_	_	_
1410-0	PKP131	1410	1410	0	che	che	_	_	_	_	_	linguistic	_	none	_	Begin=2296.704	_	_	_	_
1410-1	PKP131	1410	1410	1	cos'	cos'	_	_	_	_	_	linguistic	_	none	SpaceAfter=No	_	_	_	_	_
1410-2	PKP131	1410	1410	2	è?	è	_	_	_	_	_	linguistic	_	none	Intonation=Rising	End=2297.399	_	_	_	_
1411-0	PKP125	1411	1411	0	non	non	_	_	_	_	_	linguistic	_	none	_	Begin=2297.793	_	_	_	_
1411-1	PKP125	1411	1411	1	era	era	_	_	_	_	_	linguistic	_	none	_	_	_	_	_	_
1411-2	PKP125	1411	1411	2	uno	uno	_	_	_	_	_	linguistic	_	none	_	_	_	_	_	_
1411-3	PKP125	1411	1411	3	tipo	tipo	_	_	_	_	_	linguistic	_	none	_	_	_	_	_	_
1411-4	PKP125	1411	1411	4	quella	quella	_	_	_	_	_	linguistic	_	none	_	_	_	_	_	_
1411-5	PKP125	1411	1411	5	dell'	dell'	_	_	_	_	_	linguistic	_	none	SpaceAfter=No	_	_	_	_	_
1411-6	PKP125	1411	1411	6	a:cqua	acqua	_	_	_	_	_	linguistic	_	none	_	End=2299.34	0x1	_	_	_
1412-0	PKP125	1412	1412	0	no?	no	_	_	_	_	_	linguistic	_	none	Intonation=Rising	Begin=2299.379|End=2299.566	_	_	_	_
1413-0	PKP131	1413	1413	0	no:	no	_	_	_	_	_	linguistic	_	none	_	Begin=2299.588	1x1	_	_	_
1413-1	PKP131	1413	1413	1	ma	ma	_	_	_	_	_	linguistic	_	none	_	_	_	_	_	_
1413-2	PKP131	1413	1413	2	quale	quale	_	_	_	_	_	linguistic	_	none	_	_	_	_	_	_
1413-3	PKP131	1413	1413	3	a:cqua:	acqua	_	_	_	_	_	linguistic	_	none	_	End=2301.211	0x1,4x1	_	_	_
1414-0	PKP125	1414	1414	0	no?	no	_	_	_	_	_	linguistic	_	none	Intonation=Rising	Begin=2301.453|End=2301.857	_	_	_	_
1415-0	PKP125	1415	1415	0	io	io	_	_	_	_	_	linguistic	_	none	_	Begin=2302.541	_	_	_	_
1415-1	PKP125	1415	1415	1	>non	non	_	_	_	_	_	linguistic	_	none	_	_	_	Fast=0-3(0)	_	_
1415-2	PKP125	1415	1415	2	m:h<	mh	_	_	_	_	_	linguistic	_	none	_	End=2302.96	0x1	Fast=0-2(0)	_	_
1416-0	PKP125	1416	1416	0	non	non	_	_	_	_	_	linguistic	_	none	_	Begin=2302.999	_	_	_	_
1416-1	PKP125	1416	1416	1	me	me	_	_	_	_	_	linguistic	_	none	_	_	_	_	_	_
1416-2	PKP125	1416	1416	2	ne	ne	_	_	_	_	_	linguistic	_	none	_	_	_	_	_	_
1416-3	PKP125	1416	1416	3	rico[rdo	ricordo	_	_	_	_	_	linguistic	_	none	_	_	_	_	_	4-7(85)
1416-4	PKP125	1416	1416	4	xx]	xx	_	_	_	_	_	unknown	_	none	Syllables=2	End=2304.32	_	_	_	0-2(85)
1417-0	PKP131	1417	1417	0	[con	con	_	_	_	_	_	linguistic	_	none	_	Begin=2303.458	_	_	_	0-3(85)
1417-1	PKP131	1417	1417	1	le	le	_	_	_	_	_	linguistic	_	none	_	_	_	_	_	0-2(85)
1417-2	PKP131	1417	1417	2	pozio~]	pozio~	_	_	_	_	_	linguistic	_	none	Interrupted=Yes	End=2304.315	_	_	_	0-6(85)
1418-0	PKP131	1418	1418	0	tipo	tipo	_	_	_	_	_	linguistic	_	none	_	Begin=2304.399	_	_	_	_
1418-1	PKP131	1418	1418	1	xx	xx	_	_	_	_	_	unknown	_	none	Syllables=2	_	_	_	_	_
1418-2	PKP131	1418	1418	2	aveva	aveva	_	_	_	_	_	linguistic	_	none	_	_	_	_	_	_
1418-3	PKP131	1418	1418	3	questo	questo	_	_	_	_	_	linguistic	_	none	_	_	_	_	_	_
1418-4	PKP131	1418	1418	4	slime	slime	_	_	_	_	_	linguistic	_	none	_	_	_	_	_	_
1418-5	PKP131	1418	1418	5	ro:(sso)	rosso	_	_	_	_	_	linguistic	_	none	_	End=2306.295	1x1	_	2-5(0)	_
1419-0	PKP125	1419	1419	0	{ride}	{ride}	_	_	_	_	_	nonverbalbehavior	_	none	_	Begin=2305.916|End=2307.453	_	_	_	_
1420-0	PKP131	1420	1420	0	ma	ma	_	_	_	_	_	linguistic	_	none	_	Begin=2306.812	_	_	_	_
1420-1	PKP131	1420	1420	1	che	che	_	_	_	_	_	linguistic	_	none	_	_	_	_	_	_
1420-2	PKP131	1420	1420	2	cazzo	cazzo	_	_	_	_	_	linguistic	_	none	_	End=2307.674	_	_	_	_
1421-0	PKP125	1421	1421	0	lei	lei	_	_	_	_	_	linguistic	_	none	_	Begin=2307.738	_	_	_	_
1421-1	PKP125	1421	1421	1	era	era	_	_	_	_	_	linguistic	_	none	_	_	_	_	_	_
1421-2	PKP125	1421	1421	2	avanti	avanti	_	_	_	_	_	linguistic	_	none	_	_	_	_	_	_
1421-3	PKP125	1421	1421	3	coi	coi	_	_	_	_	_	linguistic	_	none	_	_	_	_	_	_
1421-4	PKP125	1421	1421	4	te:mpi	tempi	_	_	_	_	_	linguistic	_	none	_	End=2309.064	1x1	_	_	_
1422-0	PKP125	1422	1422	0	del	del	_	_	_	_	_	linguistic	_	none	_	Begin=2309.088	_	_	_	_
1422-1	PKP125	1422	1422	1	resto	resto	_	_	_	_	_	linguistic	_	none	_	_	_	_	_	_
1422-2	PKP125	1422	1422	2	aisha	aisha	_	_	_	_	_	linguistic	_	none	_	End=2310.014	_	_	_	_
1423-0	PKP125	1423	1423	0	(e	e	_	_	_	_	_	linguistic	_	none	_	Begin=2310.492	_	_	0-1(0)	_
1423-1	PKP125	1423	1423	1	quello)	quello	_	_	_	_	_	linguistic	_	none	_	_	_	_	0-6(0)	_
1423-2	PKP125	1423	1423	2	c'	c'	_	_	_	_	_	linguistic	_	none	SpaceAfter=No	_	_	_	_	_
1423-3	PKP125	1423	1423	3	era	era	_	_	_	_	_	linguistic	_	none	_	_	_	_	_	_
1423-4	PKP125	1423	1423	4	u:na:	una	_	_	_	_	_	linguistic	_	none	_	End=2311.606	0x1,2x1	_	_	_
1424-0	PKP125	1424	1424	0	bloom	bloom	_	_	_	_	_	linguistic	_	none	_	Begin=2311.667	_	_	_	_
1424-1	PKP125	1424	1424	1	del	del	_	_	_	_	_	linguistic	_	none	_	_	_	_	_	_
1424-2	PKP125	1424	1424	2	resto	resto	_	_	_	_	_	linguistic	_	none	_	_	_	_	_	_
1424-3	PKP125	1424	1424	3	che	che	_	_	_	_	_	linguistic	_	none	_	_	_	_	_	_
1424-4	PKP125	1424	1424	4	face[va]?	faceva	_	_	_	_	_	linguistic	_	none	Intonation=Rising	End=2313.019	_	_	_	4-6(87)
1425-0	PKP131	1425	1425	0	[fu]oco	fuoco	_	_	_	_	_	linguistic	_	none	_	Begin=2312.892|End=2313.537	_	_	_	0-2(87)
1426-0	PKP125	1426	1426	0	il	il	_	_	_	_	_	linguistic	_	none	_	Begin=2314.078	_	_	_	_
1426-1	PKP125	1426	1426	1	fuoco?	fuoco	_	_	_	_	_	linguistic	_	none	Intonation=Rising	End=2314.734	_	_	_	_
1427-0	PKP131	1427	1427	0	poi	poi	_	_	_	_	_	linguistic	_	none	_	Begin=2315.901	_	_	_	_
1427-1	PKP131	1427	1427	1	c'	c'	_	_	_	_	_	linguistic	_	none	SpaceAfter=No	_	_	_	_	_
1427-2	PKP131	1427	1427	2	era	era	_	_	_	_	_	linguistic	_	none	_	_	_	_	_	_
1427-3	PKP131	1427	1427	3	mus[a	musa	_	_	_	_	_	linguistic	_	none	_	_	_	_	_	2-4(88)
1427-4	PKP131	1427	1427	4	della]	della	_	_	_	_	_	linguistic	_	none	_	_	_	_	_	0-5(88)
1427-5	PKP131	1427	1427	5	mu:si[ca],	musica	_	_	_	_	_	linguistic	_	none	Intonation=WeaklyRising	End=2317.497	1x1	_	_	3-6(89)
1428-0	PKP125	1428	1428	0	[po:i]?	poi	_	_	_	_	_	linguistic	_	none	Intonation=Rising	Begin=2316.487|End=2316.798	1x1	_	_	0-3(88)
1429-0	PKP125	1429	1429	0	[ah]	ah	_	_	_	_	_	linguistic	_	none	_	Begin=2317.33|End=2317.492	_	_	_	0-2(89)
1430-0	PKP131	1430	1430	0	tecna	tecna	_	_	_	_	_	linguistic	_	none	_	Begin=2317.559	_	_	_	_
1430-1	PKP131	1430	1430	1	con	con	_	_	_	_	_	linguistic	_	none	_	_	_	_	_	_
1430-2	PKP131	1430	1430	2	la	la	_	_	_	_	_	linguistic	_	none	_	_	_	_	_	_
1430-3	PKP131	1430	1430	3	tecnologia:,	tecnologia	_	_	_	_	_	linguistic	_	none	Intonation=WeaklyRising	End=2319.157	9x1	_	_	_
1431-0	PKP125	1431	1431	0	{ride}	{ride}	_	_	_	_	_	nonverbalbehavior	_	none	_	Begin=2318.606|End=2319.098	_	_	_	_
1432-0	PKP125	1432	1432	0	(okay)	okay	_	_	_	_	_	linguistic	_	none	_	Begin=2319.197|End=2319.571	_	_	0-4(0)	_
1433-0	PKP131	1433	1433	0	e:h	eh	_	_	_	_	_	linguistic	_	none	_	Begin=2319.795	0x1	_	_	_
1433-1	PKP131	1433	1433	1	stella	stella	_	_	_	_	_	linguistic	_	none	_	_	_	_	_	_
1433-2	PKP131	1433	1433	2	con	con	_	_	_	_	_	linguistic	_	none	_	_	_	_	_	_
1433-3	PKP131	1433	1433	3	la	la	_	_	_	_	_	linguistic	_	none	_	_	_	_	_	_
1433-4	PKP131	1433	1433	4	lu:ce	luce	_	_	_	_	_	linguistic	_	none	_	_	1x1	_	_	_
1433-5	PKP131	1433	1433	5	e	e	_	_	_	_	_	linguistic	_	none	_	_	_	_	_	_
1433-6	PKP131	1433	1433	6	il	il	_	_	_	_	_	linguistic	_	none	_	_	_	_	_	_
1433-7	PKP131	1433	1433	7	sole	sole	_	_	_	_	_	linguistic	_	none	_	End=2321.916	_	_	_	_
1434-0	PKP131	1434	1434	0	queste	queste	_	_	_	_	_	linguistic	_	none	_	Begin=2321.96	_	_	_	_
1434-1	PKP131	1434	1434	1	(parti)	parti	_	_	_	_	_	linguistic	_	none	_	_	_	_	0-5(0)	_
1434-2	PKP131	1434	1434	2	qua:	qua	_	_	_	_	_	linguistic	_	none	_	End=2323.049	2x1	_	_	_
1435-0	PKP125	1435	1435	0	{ride}	{ride}	_	_	_	_	_	nonverbalbehavior	_	none	_	Begin=2321.995|End=2322.709	_	_	_	_
1436-0	PKP125	1436	1436	0	(eh	eh	_	_	_	_	_	linguistic	_	none	_	Begin=2323.753	_	_	0-2(0)	_
1436-1	PKP125	1436	1436	1	beh)	beh	_	_	_	_	_	linguistic	_	none	_	End=2324.014	_	_	0-3(0)	_
1437-0	PKP131	1437	1437	0	e:h	eh	_	_	_	_	_	linguistic	_	none	_	Begin=2324.049	0x1	_	_	_
1437-1	PKP131	1437	1437	1	flora	flora	_	_	_	_	_	linguistic	_	none	_	_	_	_	_	_
1437-2	PKP131	1437	1437	2	la	la	_	_	_	_	_	linguistic	_	none	_	_	_	_	_	_
1437-3	PKP131	1437	1437	3	natura:,	natura	_	_	_	_	_	linguistic	_	none	Intonation=WeaklyRising	End=2325.522	5x1	_	_	_
1438-0	PKP125	1438	1438	0	ma	ma	_	_	_	_	_	linguistic	_	none	_	Begin=2325.605	_	_	_	_
1438-1	PKP125	1438	1438	1	lo	lo	_	_	_	_	_	linguistic	_	none	_	_	_	_	_	_
1438-2	PKP125	1438	1438	2	fa	fa	_	_	_	_	_	linguistic	_	none	_	_	_	_	_	_
1438-3	PKP125	1438	1438	3	ancora	ancora	_	_	_	_	_	linguistic	_	none	_	_	_	_	_	_
1438-4	PKP125	1438	1438	4	sto	sto	_	_	_	_	_	linguistic	_	none	_	_	_	_	_	_
1438-5	PKP125	1438	1438	5	cartone	cartone	_	_	_	_	_	linguistic	_	none	_	_	_	_	_	_
1438-6	PKP125	1438	1438	6	animato	animato	_	_	_	_	_	linguistic	_	none	_	End=2327.458	_	_	_	_
1439-0	PKP125	1439	1439	0	o	o	_	_	_	_	_	linguistic	_	none	_	Begin=2327.489	_	_	_	_
1439-1	PKP125	1439	1439	1	è	è	_	_	_	_	_	linguistic	_	none	_	_	_	_	_	_
1439-2	PKP125	1439	1439	2	finito	finito	_	_	_	_	_	linguistic	_	none	_	_	_	_	_	_
1439-3	PKP125	1439	1439	3	per	per	_	_	_	_	_	linguistic	_	none	_	_	_	_	_	_
1439-4	PKP125	1439	1439	4	se:mpre?	sempre	_	_	_	_	_	linguistic	_	none	Intonation=Rising	End=2328.527	1x1	_	_	_
1440-0	PKP125	1440	1440	0	mado:nna	madonna	_	_	_	_	_	linguistic	_	none	_	Begin=2328.578|End=2329.154	3x1	_	_	_
1441-0	PKP131	1441	1441	0	l'	l'	_	_	_	_	_	linguistic	_	none	SpaceAfter=No	Begin=2329.489	_	_	_	_
1441-1	PKP131	1441	1441	1	hanno	hanno	_	_	_	_	_	linguistic	_	none	_	_	_	_	_	_
1441-2	PKP131	1441	1441	2	riadattato	riadattato	_	_	_	_	_	linguistic	_	none	_	End=2330.729	_	_	_	_
1442-0	PKP131	1442	1442	0	è	è	_	_	_	_	_	linguistic	_	none	_	Begin=2331.039	_	_	_	_
1442-1	PKP131	1442	1442	1	[bru]ttissim[o]	bruttissimo	_	_	_	_	_	linguistic	_	none	_	End=2332.029	_	_	_	0-3(91),10-11(92)
1443-0	PKP125	1443	1443	0	[beh]?	beh	_	_	_	_	_	linguistic	_	none	Intonation=Rising	Begin=2331.128|End=2331.404	_	_	_	0-3(91)
1444-0	PKP125	1444	1444	0	[s][ì:]?	sì	_	_	_	_	_	linguistic	_	none	Intonation=Rising	Begin=2331.955|End=2332.31	1x1	_	_	0-1(92),1-2(93)
1445-0	PKP131	1445	1445	0	[ha	ha	_	_	_	_	_	linguistic	_	none	_	Begin=2332.074	_	_	_	0-2(93)
1445-1	PKP131	1445	1445	1	cambi]ato	cambiato	_	_	_	_	_	linguistic	_	none	_	_	_	_	_	0-5(93)
1445-2	PKP131	1445	1445	2	[xxx]	xxx	_	_	_	_	_	unknown	_	none	Syllables=3	End=2333.005	_	_	_	0-3(94)
1446-0	PKP125	1446	1446	0	[c(io)è	cioè	_	_	_	_	_	linguistic	_	none	_	Begin=2332.532	_	_	1-3(0)	0-4(94)
1446-1	PKP125	1446	1446	1	l'	l'	_	_	_	_	_	linguistic	_	none	SpaceAfter=No	_	_	_	_	0-2(94)
1446-2	PKP125	1446	1446	2	hanno	hanno	_	_	_	_	_	linguistic	_	none	_	_	_	_	_	0-5(94)
1446-3	PKP125	1446	1446	3	fa]tto	fatto	_	_	_	_	_	linguistic	_	none	_	_	_	_	_	0-2(94)
1446-4	PKP125	1446	1446	4	tipo:	tipo	_	_	_	_	_	linguistic	_	none	_	End=2333.982	3x1	_	_	_
1447-0	PKP131	1447	1447	0	moderno	moderno	_	_	_	_	_	linguistic	_	none	_	Begin=2334.532|End=2335.192	_	_	_	_
1448-0	PKP125	1448	1448	0	moderno?	moderno	_	_	_	_	_	linguistic	_	none	Intonation=Rising	Begin=2335.399|End=2335.911	_	_	_	_
1449-0	PKP131	1449	1449	0	brutto	brutto	_	_	_	_	_	linguistic	_	none	_	Begin=2336.507	_	_	_	_
1449-1	PKP131	1449	1449	1	eh	eh	_	_	_	_	_	linguistic	_	none	_	End=2337.118	_	_	_	_
1450-0	PKP125	1450	1450	0	>e	e	_	_	_	_	_	linguistic	_	none	_	Begin=2337.803	_	Fast=0-1(0)	_	_
1450-1	PKP125	1450	1450	1	poi	poi	_	_	_	_	_	linguistic	_	none	_	_	_	Fast=0-3(0)	_	_
1450-2	PKP125	1450	1450	2	quello	quello	_	_	_	_	_	linguistic	_	none	_	_	_	Fast=0-6(0)	_	_
1450-3	PKP125	1450	1450	3	già:<	già	_	_	_	_	_	linguistic	_	none	_	_	2x1	Fast=0-3(0)	_	_
1450-4	PKP125	1450	1450	4	non	non	_	_	_	_	_	linguistic	_	none	_	_	_	_	_	_
1450-5	PKP125	1450	1450	5	è	è	_	_	_	_	_	linguistic	_	none	_	_	_	_	_	_
1450-6	PKP125	1450	1450	6	che	che	_	_	_	_	_	linguistic	_	none	_	_	_	_	_	_
1450-7	PKP125	1450	1450	7	era	era	_	_	_	_	_	linguistic	_	none	_	_	_	_	_	_
1450-8	PKP125	1450	1450	8	era	era	_	_	_	_	_	linguistic	_	none	_	_	_	_	_	_
1450-9	PKP125	1450	1450	9	un	un	_	_	_	_	_	linguistic	_	none	_	_	_	_	_	_
1450-10	PKP125	1450	1450	10	po':	po'	_	_	_	_	_	linguistic	_	none	_	End=2339.849	1x1	_	_	_
1451-0	PKP125	1451	1451	0	strano	strano	_	_	_	_	_	linguistic	_	none	_	Begin=2339.891	_	_	_	_
1451-1	PKP125	1451	1451	1	come:	come	_	_	_	_	_	linguistic	_	none	_	_	3x1	_	_	_
1451-2	PKP125	1451	1451	2	forma	forma	_	_	_	_	_	linguistic	_	none	_	_	_	_	_	_
1451-3	PKP125	1451	1451	3	fisica	fisica	_	_	_	_	_	linguistic	_	none	_	_	_	_	_	_
1451-4	PKP125	1451	1451	4	quelle	quelle	_	_	_	_	_	linguistic	_	none	_	_	_	_	_	_
1451-5	PKP125	1451	1451	5	winx	winx	_	_	_	_	_	linguistic	_	none	_	End=2342.364	_	_	_	_
1452-0	PKP131	1452	1452	0	eh	eh	_	_	_	_	_	linguistic	_	none	_	Begin=2342.551	_	_	_	_
1452-1	PKP131	1452	1452	1	vabbè	vabbè	_	_	_	_	_	linguistic	_	none	_	End=2343.005	_	_	_	_
1453-0	PKP125	1453	1453	0	c(io)è	cioè	_	_	_	_	_	linguistic	_	none	_	Begin=2343.376	_	_	1-3(0)	_
1453-1	PKP125	1453	1453	1	hanno	hanno	_	_	_	_	_	linguistic	_	none	_	_	_	_	_	_
1453-2	PKP125	1453	1453	2	quei	quei	_	_	_	_	_	linguistic	_	none	_	_	_	_	_	_
1453-3	PKP125	1453	1453	3	polpa:cci	polpacci	_	_	_	_	_	linguistic	_	none	_	_	4x1	_	_	_
1453-4	PKP125	1453	1453	4	grossi	grossi	_	_	_	_	_	linguistic	_	none	_	End=2345.285	_	_	_	_
1454-0	PKP131	1454	1454	0	{ride}	{ride}	_	_	_	_	_	nonverbalbehavior	_	none	_	Begin=2344.886|End=2345.359	_	_	_	_
1455-0	PKP125	1455	1455	0	quelle	quelle	_	_	_	_	_	linguistic	_	none	_	Begin=2345.359	_	_	_	_
1455-1	PKP125	1455	1455	1	s:	s	_	_	_	_	_	linguistic	_	none	_	End=2345.724	0x1	_	_	_
1456-0	PKP125	1456	1456	0	tipo	tipo	_	_	_	_	_	linguistic	_	none	_	Begin=2346.985	_	_	_	_
1456-1	PKP125	1456	1456	1	delle	delle	_	_	_	_	_	linguistic	_	none	_	_	_	_	_	_
1456-2	PKP125	1456	1456	2	m[odelle]	modelle	_	_	_	_	_	linguistic	_	none	_	_	_	_	_	1-7(96)
1456-3	PKP125	1456	1456	3	coi	coi	_	_	_	_	_	linguistic	_	none	_	_	_	_	_	_
1456-4	PKP125	1456	1456	4	polpacci	polpacci	_	_	_	_	_	linguistic	_	none	_	_	_	_	_	_
1456-5	PKP125	1456	1456	5	grossi	grossi	_	_	_	_	_	linguistic	_	none	_	End=2348.96	_	_	_	_
1457-0	PKP131	1457	1457	0	[ah	ah	_	_	_	_	_	linguistic	_	none	_	Begin=2347.473	_	_	_	0-2(96)
1457-1	PKP131	1457	1457	1	okay]	okay	_	_	_	_	_	linguistic	_	none	_	End=2347.842	_	_	_	0-4(96)
1458-0	PKP125	1458	1458	0	com'	com'	_	_	_	_	_	linguistic	_	none	SpaceAfter=No	Begin=2349.088	_	_	_	_
1458-1	PKP125	1458	1458	1	erano?	erano	_	_	_	_	_	linguistic	_	none	Intonation=Rising	End=2349.586	_	_	_	_
1459-0	PKP125	1459	1459	0	ora	ora	_	_	_	_	_	linguistic	_	none	_	Begin=2349.857	_	_	_	_
1459-1	PKP125	1459	1459	1	devo	devo	_	_	_	_	_	linguistic	_	none	_	_	_	_	_	_
1459-2	PKP125	1459	1459	2	vede[re	vedere	_	_	_	_	_	linguistic	_	none	_	_	_	_	_	4-6(97)
1459-3	PKP125	1459	1459	3	una	una	_	_	_	_	_	linguistic	_	none	_	_	_	_	_	0-3(97)
1459-4	PKP125	1459	1459	4	fo~]	fo~	_	_	_	_	_	linguistic	_	none	Interrupted=Yes	End=2350.729	_	_	_	0-3(97)
1460-0	PKP131	1460	1460	0	[>una<	una	_	_	_	_	_	linguistic	_	none	_	Begin=2350.325	_	Fast=0-3(0)	_	0-3(97)
1460-1	PKP131	1460	1460	1	modella]	modella	_	_	_	_	_	linguistic	_	none	_	_	_	_	_	0-7(97)
1460-2	PKP131	1460	1460	2	di	di	_	_	_	_	_	linguistic	_	none	_	End=2350.857	_	_	_	_
1461-0	PKP131	1461	1461	0	di	di	_	_	_	_	_	linguistic	_	none	PauseAfter=Yes	Begin=2350.904	_	_	_	_
1461-1	PKP131	1461	1461	1	{P}	{P}	_	_	_	_	_	shortpause	_	none	_	_	_	_	_	_
1461-2	PKP131	1461	1461	2	di	di	_	_	_	_	_	linguistic	_	none	_	_	_	_	_	_
1461-3	PKP131	1461	1461	3	(gucci)	gucci	_	_	_	_	_	linguistic	_	none	_	End=2351.571	_	_	0-5(0)	_
1462-0	PKP125	1462	1462	0	non	non	_	_	_	_	_	linguistic	_	none	_	Begin=2352.202	_	_	_	_
1462-1	PKP125	1462	1462	1	(dai	dai	_	_	_	_	_	linguistic	_	none	_	_	_	_	0-3(0)	_
1462-2	PKP125	1462	1462	2	basta)	basta	_	_	_	_	_	linguistic	_	none	_	_	_	_	0-5(0)	_
1462-3	PKP125	1462	1462	3	(que)sta	questa	_	_	_	_	_	linguistic	_	none	_	_	_	_	0-3(1)	_
1462-4	PKP125	1462	1462	4	storia	storia	_	_	_	_	_	linguistic	_	none	_	_	_	_	_	_
1462-5	PKP125	1462	1462	5	della	della	_	_	_	_	_	linguistic	_	none	_	_	_	_	_	_
1462-6	PKP125	1462	1462	6	modella	modella	_	_	_	_	_	linguistic	_	none	_	_	_	_	_	_
1462-7	PKP125	1462	1462	7	di	di	_	_	_	_	_	linguistic	_	none	_	_	_	_	_	_
1462-8	PKP125	1462	1462	8	gucci	gucci	_	_	_	_	_	linguistic	_	none	_	End=2354.216	_	_	_	_
1463-0	PKP131	1463	1463	0	e:h	eh	_	_	_	_	_	linguistic	_	none	_	Begin=2354.28|End=2354.512	0x1	_	_	_
1464-0	PKP131	1464	1464	0	ha	ha	_	_	_	_	_	linguistic	_	none	_	Begin=2354.576	_	_	_	_
1464-1	PKP131	1464	1464	1	sfracassato	sfracassato	_	_	_	_	_	linguistic	_	none	_	_	_	_	_	_
1464-2	PKP131	1464	1464	2	(proprio	proprio	_	_	_	_	_	linguistic	_	none	_	_	_	_	0-7(0)	_
1464-3	PKP131	1464	1464	3	eh)	eh	_	_	_	_	_	linguistic	_	none	_	End=2356.054	_	_	0-2(0)	_
1465-0	PKP125	1465	1465	0	secondo	secondo	_	_	_	_	_	linguistic	_	none	_	Begin=2356.448	_	_	_	_
1465-1	PKP125	1465	1465	1	me:	me	_	_	_	_	_	linguistic	_	none	_	_	1x1	_	_	_
1465-2	PKP125	1465	1465	2	m:h	mh	_	_	_	_	_	linguistic	_	none	_	End=2357.236	0x1	_	_	_
1466-0	PKP131	1466	1466	0	mi	mi	_	_	_	_	_	linguistic	_	none	_	Begin=2357.66	_	_	_	_
1466-1	PKP131	1466	1466	1	piaceva	piaceva	_	_	_	_	_	linguistic	_	none	_	_	_	_	_	_
1466-2	PKP131	1466	1466	2	il	il	_	_	_	_	_	linguistic	_	none	_	_	_	_	_	_
1466-3	PKP131	1466	1466	3	topo	topo	_	_	_	_	_	linguistic	_	none	_	_	_	_	_	_
1466-4	PKP131	1466	1466	4	squish	squish	_	_	_	_	_	linguistic	_	none	_	End=2358.773	_	_	_	_
1467-0	PKP125	1467	1467	0	{ride}	{ride}	_	_	_	_	_	nonverbalbehavior	_	none	_	Begin=2360.778	_	_	_	_
1467-1	PKP125	1467	1467	1	il	il	_	_	_	_	_	linguistic	_	none	_	_	_	_	_	_
1467-2	PKP125	1467	1467	2	mio	mio	_	_	_	_	_	linguistic	_	none	_	_	_	_	_	_
1467-3	PKP125	1467	1467	3	topo	topo	_	_	_	_	_	linguistic	_	none	_	_	_	_	_	_
1467-4	PKP125	1467	1467	4	squish	squish	_	_	_	_	_	linguistic	_	none	_	End=2362.645	_	_	_	_
1468-0	PKP125	1468	1468	0	e	e	_	_	_	_	_	linguistic	_	none	_	Begin=2364.743	_	_	_	_
1468-1	PKP125	1468	1468	1	modella	modella	_	_	_	_	_	linguistic	_	none	_	_	_	_	_	_
1468-2	PKP125	1468	1468	2	gu:cci	gucci	_	_	_	_	_	linguistic	_	none	_	End=2365.852	1x1	_	_	_
1469-0	PKP125	1469	1469	0	winx	winx	_	_	_	_	_	linguistic	_	none	_	Begin=2366.532|End=2367.192	_	_	_	_
1470-0	PKP125	1470	1470	0	se	se	_	_	_	_	_	linguistic	_	none	_	Begin=2370.895	_	_	_	_
1470-1	PKP125	1470	1470	1	tu	tu	_	_	_	_	_	linguistic	_	none	_	_	_	_	_	_
1470-2	PKP125	1470	1470	2	lo	lo	_	_	_	_	_	linguistic	_	none	_	_	_	_	_	_
1470-3	PKP125	1470	1470	3	vuoi	vuoi	_	_	_	_	_	linguistic	_	none	_	End=2371.709	_	_	_	_
1471-0	PKP125	1471	1471	0	tu	tu	_	_	_	_	_	linguistic	_	none	_	Begin=2371.788	_	_	_	_
1471-1	PKP125	1471	1471	1	lo	lo	_	_	_	_	_	linguistic	_	none	_	_	_	_	_	_
1471-2	PKP125	1471	1471	2	sara:i	sarai	_	_	_	_	_	linguistic	_	none	_	End=2372.43	3x1	_	_	_
1472-0	PKP125	1472	1472	0	c(io)è	cioè	_	_	_	_	_	linguistic	_	none	_	Begin=2375.985	_	_	1-3(0)	_
1472-1	PKP125	1472	1472	1	perché	perché	_	_	_	_	_	linguistic	_	none	_	_	_	_	_	_
1472-2	PKP125	1472	1472	2	(avevano)	avevano	_	_	_	_	_	linguistic	_	none	_	_	_	_	0-7(1)	_
1472-3	PKP125	1472	1472	3	sti	sti	_	_	_	_	_	linguistic	_	none	_	_	_	_	_	_
1472-4	PKP125	1472	1472	4	polpacci	polpacci	_	_	_	_	_	linguistic	_	none	_	_	_	_	_	_
1472-5	PKP125	1472	1472	5	gro:ssi?	grossi	_	_	_	_	_	linguistic	_	none	Intonation=Rising	End=2378.053	2x1	_	_	_
1473-0	PKP131	1473	1473	0	fammi	fammi	_	_	_	_	_	linguistic	_	none	_	Begin=2378.955	_	_	_	_
1473-1	PKP131	1473	1473	1	[vedere]	vedere	_	_	_	_	_	linguistic	_	none	_	End=2379.418	_	_	_	0-6(98)
1474-0	PKP125	1474	1474	0	[le]	le	_	_	_	_	_	linguistic	_	none	_	Begin=2379.229	_	_	_	0-2(98)
1474-1	PKP125	1474	1474	1	ginocchia	ginocchia	_	_	_	_	_	linguistic	_	none	_	_	_	_	_	_
1474-2	PKP125	1474	1474	2	stre:tte:	strette	_	_	_	_	_	linguistic	_	none	_	End=2380.743	3x1,6x1	_	_	_
1475-0	PKP131	1475	1475	0	guarda	guarda	_	_	_	_	_	linguistic	_	none	_	Begin=2385.221	_	_	_	_
1475-1	PKP131	1475	1475	1	hai	hai	_	_	_	_	_	linguistic	_	none	_	_	_	_	_	_
1475-2	PKP131	1475	1475	2	preso	preso	_	_	_	_	_	linguistic	_	none	_	_	_	_	_	_
1475-3	PKP131	1475	1475	3	la	la	_	_	_	_	_	linguistic	_	none	_	_	_	_	_	_
1475-4	PKP131	1475	1475	4	foto	foto	_	_	_	_	_	linguistic	_	none	_	_	_	_	_	_
1475-5	PKP131	1475	1475	5	dove	dove	_	_	_	_	_	linguistic	_	none	_	_	_	_	_	_
1475-6	PKP131	1475	1475	6	non	non	_	_	_	_	_	linguistic	_	none	_	_	_	_	_	_
1475-7	PKP131	1475	1475	7	c'	c'	_	_	_	_	_	linguistic	_	none	SpaceAfter=No	_	_	_	_	_
1475-8	PKP131	1475	1475	8	è	è	_	_	_	_	_	linguistic	_	none	_	_	_	_	_	_
1475-9	PKP131	1475	1475	9	aisha	aisha	_	_	_	_	_	linguistic	_	none	_	End=2386.99	_	_	_	_
1476-0	PKP131	1476	1476	0	sei	sei	_	_	_	_	_	linguistic	_	none	_	Begin=2387.014	_	_	_	_
1476-1	PKP131	1476	1476	1	un	un	_	_	_	_	_	linguistic	_	none	_	_	_	_	_	_
1476-2	PKP131	1476	1476	2	razzista	razzista	_	_	_	_	_	linguistic	_	none	_	_	_	_	_	_
1476-3	PKP131	1476	1476	3	{ride}	{ride}	_	_	_	_	_	nonverbalbehavior	_	none	_	End=2388.059	_	_	_	_
1477-0	PKP125	1477	1477	0	{ride}	{ride}	_	_	_	_	_	nonverbalbehavior	_	none	_	Begin=2387.704|End=2388.665	_	_	_	_
1478-0	PKP125	1478	1478	0	scusa	scusa	_	_	_	_	_	linguistic	_	none	_	Begin=2389.246	_	_	_	_
1478-1	PKP125	1478	1478	1	ma	ma	_	_	_	_	_	linguistic	_	none	_	_	_	_	_	_
1478-2	PKP125	1478	1478	2	non	non	_	_	_	_	_	linguistic	_	none	_	_	_	_	_	_
1478-3	PKP125	1478	1478	3	è:	è	_	_	_	_	_	linguistic	_	none	_	End=2390.256	0x1	_	_	_
1479-0	PKP125	1479	1479	0	questa	questa	_	_	_	_	_	linguistic	_	none	_	Begin=2390.291	_	_	_	_
1479-1	PKP125	1479	1479	1	con	con	_	_	_	_	_	linguistic	_	none	_	_	_	_	_	_
1479-2	PKP125	1479	1479	2	i	i	_	_	_	_	_	linguistic	_	none	_	_	_	_	_	_
1479-3	PKP125	1479	1479	3	capelli:	capelli	_	_	_	_	_	linguistic	_	none	_	End=2391.408	6x1	_	_	_
1480-0	PKP125	1480	1480	0	biondi	biondi	_	_	_	_	_	linguistic	_	none	_	Begin=2391.448	_	_	_	_
1480-1	PKP125	1480	1480	1	aisha?	aisha	_	_	_	_	_	linguistic	_	none	Intonation=Rising	End=2392.246	_	_	_	_
1481-0	PKP131	1481	1481	0	è	è	_	_	_	_	_	linguistic	_	none	_	Begin=2392.349	_	_	_	_
1481-1	PKP131	1481	1481	1	ste:lla:	stella	_	_	_	_	_	linguistic	_	none	_	End=2393.172	2x1,5x1	_	_	_
1482-0	PKP131	1482	1482	0	ma	ma	_	_	_	_	_	linguistic	_	none	_	Begin=2394.606	_	_	_	_
1482-1	PKP131	1482	1482	1	stai	stai	_	_	_	_	_	linguistic	_	none	_	_	_	_	_	_
1482-2	PKP131	1482	1482	2	be:ne?	bene	_	_	_	_	_	linguistic	_	none	Intonation=Rising	End=2395.581	1x1	_	_	_
1483-0	PKP125	1483	1483	0	questa	questa	_	_	_	_	_	linguistic	_	none	_	Begin=2397.822	_	_	_	_
1483-1	PKP125	1483	1483	1	qua	qua	_	_	_	_	_	linguistic	_	none	_	_	_	_	_	_
1483-2	PKP125	1483	1483	2	f~	f~	_	_	_	_	_	linguistic	_	none	Interrupted=Yes	End=2398.512	_	_	_	_
1484-0	PKP125	1484	1484	0	con	con	_	_	_	_	_	linguistic	_	none	_	Begin=2398.674	_	_	_	_
1484-1	PKP125	1484	1484	1	il	il	_	_	_	_	_	linguistic	_	none	_	_	_	_	_	_
1484-2	PKP125	1484	1484	2	vestitino	vestitino	_	_	_	_	_	linguistic	_	none	_	_	_	_	_	_
1484-3	PKP125	1484	1484	3	rosa?	rosa	_	_	_	_	_	linguistic	_	none	Intonation=Rising	End=2400.011	_	_	_	_
1485-0	PKP131	1485	1485	0	è	è	_	_	_	_	_	linguistic	_	none	_	Begin=2401.773	_	_	_	_
1485-1	PKP131	1485	1485	1	flora	flora	_	_	_	_	_	linguistic	_	none	_	End=2402.413	_	_	_	_
1486-0	PKP125	1486	1486	0	a:h	ah	_	_	_	_	_	linguistic	_	none	_	Begin=2408.202|End=2408.817	0x1	_	_	_
1487-0	PKP125	1487	1487	0	ah	ah	_	_	_	_	_	linguistic	_	none	_	Begin=2409.842	_	_	_	_
1487-1	PKP125	1487	1487	1	vabbè	vabbè	_	_	_	_	_	linguistic	_	none	_	End=2410.261	_	_	_	_
1488-0	PKP125	1488	1488	0	era	era	_	_	_	_	_	linguistic	_	none	_	Begin=2410.349	_	_	_	_
1488-1	PKP125	1488	1488	1	abbastanza:	abbastanza	_	_	_	_	_	linguistic	_	none	PauseAfter=Yes	_	9x1	_	_	_
1488-2	PKP125	1488	1488	2	{P}	{P}	_	_	_	_	_	shortpause	_	none	_	_	_	_	_	_
1488-3	PKP125	1488	1488	3	nera	nera	_	_	_	_	_	linguistic	_	none	_	_	_	_	_	_
1488-4	PKP125	1488	1488	4	ja	ja	_	_	_	_	_	linguistic	_	none	_	End=2412.172	_	_	_	_
1489-0	PKP125	1489	1489	0	>diciamo<	diciamo	_	_	_	_	_	linguistic	_	none	_	Begin=2413.33	_	Fast=0-7(0)	_	_
1489-1	PKP125	1489	1489	1	un	un	_	_	_	_	_	linguistic	_	none	_	_	_	_	_	_
1489-2	PKP125	1489	1489	2	nero	nero	_	_	_	_	_	linguistic	_	none	_	_	_	_	_	_
1489-3	PKP125	1489	1489	3	accettabile	accettabile	_	_	_	_	_	linguistic	_	none	_	End=2414.65	_	_	_	_
1490-0	PKP131	1490	1490	0	ma	ma	_	_	_	_	_	linguistic	_	none	_	Begin=2415.157	_	_	_	_
1490-1	PKP131	1490	1490	1	era	era	_	_	_	_	_	linguistic	_	none	_	_	_	_	_	_
1490-2	PKP131	1490	1490	2	mulatt(a)	mulatta	_	_	_	_	_	linguistic	_	none	_	End=2416.3	_	_	6-7(0)	_
1491-0	PKP131	1491	1491	0	fammi	fammi	_	_	_	_	_	linguistic	_	none	_	Begin=2417.202	_	_	_	_
1491-1	PKP131	1491	1491	1	ve[dere]	vedere	_	_	_	_	_	linguistic	_	none	_	End=2417.586	_	_	_	2-6(105)
1492-0	PKP125	1492	1492	0	[CHE]	che	_	_	_	_	_	linguistic	_	none	Volume=high	Begin=2417.473	_	_	_	0-3(105)
1492-1	PKP125	1492	1492	1	POI	poi	_	_	_	_	_	linguistic	_	none	Volume=high	_	_	_	_	_
1492-2	PKP125	1492	1492	2	è	è	_	_	_	_	_	linguistic	_	none	_	_	_	_	_	_
1492-3	PKP125	1492	1492	3	arrivata	arrivata	_	_	_	_	_	linguistic	_	none	_	_	_	_	_	_
1492-4	PKP125	1492	1492	4	dopo	dopo	_	_	_	_	_	linguistic	_	none	_	_	_	_	_	_
1492-5	PKP125	1492	1492	5	però	però	_	_	_	_	_	linguistic	_	none	_	End=2418.753	_	_	_	_
1493-0	PKP131	1493	1493	0	sì:	sì	_	_	_	_	_	linguistic	_	none	_	Begin=2418.941|End=2419.404	1x1	_	_	_
1494-0	PKP125	1494	1494	0	E	e	_	_	_	_	_	linguistic	_	none	Volume=high	Begin=2420.088	_	_	_	_
1494-1	PKP125	1494	1494	1	POI	poi	_	_	_	_	_	linguistic	_	none	Volume=high	End=2420.453	_	_	_	_
1495-0	PKP125	1495	1495	0	questa	questa	_	_	_	_	_	linguistic	_	none	_	Begin=2420.704	_	_	_	_
1495-1	PKP125	1495	1495	1	qua	qua	_	_	_	_	_	linguistic	_	none	_	_	_	_	_	_
1495-2	PKP125	1495	1495	2	era	era	_	_	_	_	_	linguistic	_	none	_	_	_	_	_	_
1495-3	PKP125	1495	1495	3	tipo	tipo	_	_	_	_	_	linguistic	_	none	_	_	_	_	_	_
1495-4	PKP125	1495	1495	4	cinese	cinese	_	_	_	_	_	linguistic	_	none	_	_	_	_	_	_
1495-5	PKP125	1495	1495	5	però	però	_	_	_	_	_	linguistic	_	none	_	End=2422.399	_	_	_	_
1496-0	PKP125	1496	1496	0	in	in	_	_	_	_	_	linguistic	_	none	_	Begin=2422.43	_	_	_	_
1496-1	PKP125	1496	1496	1	realtà	realtà	_	_	_	_	_	linguistic	_	none	_	End=2422.945	_	_	_	_
1497-0	PKP131	1497	1497	0	ma	ma	_	_	_	_	_	linguistic	_	none	_	Begin=2423.556	_	_	_	_
1497-1	PKP131	1497	1497	1	ch[i]?	chi	_	_	_	_	_	linguistic	_	none	Intonation=Rising	End=2423.906	_	_	_	2-3(106)
1498-0	PKP125	1498	1498	0	[s]e	se	_	_	_	_	_	linguistic	_	none	_	Begin=2423.822	_	_	_	0-1(106)
1498-1	PKP125	1498	1498	1	ci	ci	_	_	_	_	_	linguistic	_	none	_	_	_	_	_	_
1498-2	PKP125	1498	1498	2	pensi	pensi	_	_	_	_	_	linguistic	_	none	_	_	_	_	_	_
1498-3	PKP125	1498	1498	3	bene	bene	_	_	_	_	_	linguistic	_	none	_	End=2424.99	_	_	_	_
1499-0	PKP125	1499	1499	0	questa	questa	_	_	_	_	_	linguistic	_	none	_	Begin=2425.157	_	_	_	_
1499-1	PKP125	1499	1499	1	coi	coi	_	_	_	_	_	linguistic	_	none	_	_	_	_	_	_
1499-2	PKP125	1499	1499	2	codini	codini	_	_	_	_	_	linguistic	_	none	_	End=2426.064	_	_	_	_
1500-0	PKP131	1500	1500	0	musa:	musa	_	_	_	_	_	linguistic	_	none	_	Begin=2426.458|End=2426.96	3x1	_	_	_
1501-0	PKP125	1501	1501	0	musa?	musa	_	_	_	_	_	linguistic	_	none	Intonation=Rising	Begin=2429.093|End=2429.487	_	_	_	_
1502-0	PKP131	1502	1502	0	che	che	_	_	_	_	_	linguistic	_	none	_	Begin=2429.66	_	_	_	_
1502-1	PKP131	1502	1502	1	ha	ha	_	_	_	_	_	linguistic	_	none	_	_	_	_	_	_
1502-2	PKP131	1502	1502	2	i	i	_	_	_	_	_	linguistic	_	none	_	_	_	_	_	_
1502-3	PKP131	1502	1502	3	capelli	capelli	_	_	_	_	_	linguistic	_	none	_	_	_	_	_	_
1502-4	PKP131	1502	1502	4	blu?	blu	_	_	_	_	_	linguistic	_	none	Intonation=Rising	End=2430.4	_	_	_	_
1503-0	PKP125	1503	1503	0	eh	eh	_	_	_	_	_	linguistic	_	none	_	Begin=2430.665|End=2430.907	_	_	_	_
1504-0	PKP131	1504	1504	0	c'	c'	_	_	_	_	_	linguistic	_	none	SpaceAfter=No	Begin=2433.177	_	_	_	_
1504-1	PKP131	1504	1504	1	e[rano]	erano	_	_	_	_	_	linguistic	_	none	_	_	_	_	_	0-5(107)
1504-2	PKP131	1504	1504	2	molte	molte	_	_	_	_	_	linguistic	_	none	_	_	_	_	_	_
1504-3	PKP131	1504	1504	3	etnie:	etnie	_	_	_	_	_	linguistic	_	none	_	End=2434.187	4x1	_	_	_
1505-0	PKP125	1505	1505	0	[x]	x	_	_	_	_	_	unknown	_	none	Syllables=1	Begin=2433.315|End=2433.551	_	_	_	0-1(107)
1506-0	PKP125	1506	1506	0	cinese	cinese	_	_	_	_	_	linguistic	_	none	_	Begin=2434.99	_	_	_	_
1506-1	PKP125	1506	1506	1	asiatica	asiatica	_	_	_	_	_	linguistic	_	none	_	_	_	_	_	_
1506-2	PKP125	1506	1506	2	°(ecco)°	ecco	_	_	_	_	_	linguistic	_	none	Volume=low	End=2436.369	_	_	0-4(0)	_
1507-0	PKP125	1507	1507	0	{ride}	{ride}	_	_	_	_	_	nonverbalbehavior	_	none	_	Begin=2437.753|End=2438.476	_	_	_	_
1508-0	PKP131	1508	1508	0	{ride}	{ride}	_	_	_	_	_	nonverbalbehavior	_	none	_	Begin=2437.955|End=2438.344	_	_	_	_
1509-0	PKP131	1509	1509	0	{ride}	{ride}	_	_	_	_	_	nonverbalbehavior	_	none	_	Begin=2439.054|End=2439.394	_	_	_	_
1510-0	PKP131	1510	1510	0	{ride}	{ride}	_	_	_	_	_	nonverbalbehavior	_	none	_	Begin=2440.24|End=2440.711	_	_	_	_
1511-0	PKP125	1511	1511	0	cerchiamo	cerchiamo	_	_	_	_	_	linguistic	_	none	_	Begin=2440.679	_	_	_	_
1511-1	PKP125	1511	1511	1	di	di	_	_	_	_	_	linguistic	_	none	_	_	_	_	_	_
1511-2	PKP125	1511	1511	2	essere	essere	_	_	_	_	_	linguistic	_	none	_	End=2441.551	_	_	_	_
1512-0	PKP125	1512	1512	0	abbastanza	abbastanza	_	_	_	_	_	linguistic	_	none	_	Begin=2441.635	_	_	_	_
1512-1	PKP125	1512	1512	1	politically	politically	_	_	_	_	_	linguistic	_	none	_	_	_	_	_	_
1512-2	PKP125	1512	1512	2	correct	correct	_	_	_	_	_	linguistic	_	none	_	End=2443.083	_	_	_	_
1513-0	PKP125	1513	1513	0	stasera	stasera	_	_	_	_	_	linguistic	_	none	_	Begin=2443.108	_	_	_	_
1513-1	PKP125	1513	1513	1	ja?	ja	_	_	_	_	_	linguistic	_	none	Intonation=Rising	End=2443.729	_	_	_	_
1514-0	PKP125	1514	1514	0	>vabbè<	vabbè	_	_	_	_	_	linguistic	_	none	_	Begin=2446.005	_	Fast=0-5(0)	_	_
1514-1	PKP125	1514	1514	1	non	non	_	_	_	_	_	linguistic	_	none	_	_	_	_	_	_
1514-2	PKP125	1514	1514	2	ci	ci	_	_	_	_	_	linguistic	_	none	_	_	_	_	_	_
1514-3	PKP125	1514	1514	3	interessa	interessa	_	_	_	_	_	linguistic	_	none	_	End=2447.059	_	_	_	_
1515-0	PKP125	1515	1515	0	che	che	_	_	_	_	_	linguistic	_	none	_	Begin=2448.133	_	_	_	_
1515-1	PKP125	1515	1515	1	ore	ore	_	_	_	_	_	linguistic	_	none	_	_	_	_	_	_
1515-2	PKP125	1515	1515	2	si	si	_	_	_	_	_	linguistic	_	none	_	_	_	_	_	_
1515-3	PKP125	1515	1515	3	son(o)	sono	_	_	_	_	_	linguistic	_	none	_	_	_	_	3-4(0)	_
1515-4	PKP125	1515	1515	4	fa:tte	fatte	_	_	_	_	_	linguistic	_	none	_	_	1x1	_	_	_
1515-5	PKP125	1515	1515	5	qua?	qua	_	_	_	_	_	linguistic	_	none	Intonation=Rising	End=2449.34	_	_	_	_
1516-0	PKP131	1516	1516	0	ventidue	ventidue	_	_	_	_	_	linguistic	_	none	_	Begin=2449.704	_	_	_	_
1516-1	PKP131	1516	1516	1	e	e	_	_	_	_	_	linguistic	_	none	_	_	_	_	_	_
1516-2	PKP131	1516	1516	2	ventuno	ventuno	_	_	_	_	_	linguistic	_	none	_	End=2450.931	_	_	_	_
1517-0	PKP131	1517	1517	0	>ti	ti	_	_	_	_	_	linguistic	_	none	_	Begin=2451.566	_	Fast=0-2(0)	_	_
1517-1	PKP131	1517	1517	1	vuoi	vuoi	_	_	_	_	_	linguistic	_	none	_	_	_	Fast=0-4(0)	_	_
1517-2	PKP131	1517	1517	2	fuma'<	fuma'	_	_	_	_	_	linguistic	_	none	Truncated=Yes	_	_	Fast=0-5(0)	_	_
1517-3	PKP131	1517	1517	3	(u)na	una	_	_	_	_	_	linguistic	_	none	_	_	_	_	0-1(0)	_
1517-4	PKP131	1517	1517	4	sigaretta?	sigaretta	_	_	_	_	_	linguistic	_	none	Intonation=Rising	End=2452.61	_	_	_	_
1518-0	PKP125	1518	1518	0	°eh	eh	_	_	_	_	_	linguistic	_	none	Volume=low	Begin=2453.995	_	_	_	_
1518-1	PKP125	1518	1518	1	andiamoci	andiamoci	_	_	_	_	_	linguistic	_	none	Volume=low	_	_	_	_	_
1518-2	PKP125	1518	1518	2	a	a	_	_	_	_	_	linguistic	_	none	Volume=low	_	_	_	_	_
1518-3	PKP125	1518	1518	3	fuma'	fuma'	_	_	_	_	_	linguistic	_	none	Truncated=Yes|Volume=low	_	_	_	_	_
1518-4	PKP125	1518	1518	4	(u)na	una	_	_	_	_	_	linguistic	_	none	Volume=low	_	_	_	0-1(0)	_
1518-5	PKP125	1518	1518	5	sigaretta°	sigaretta	_	_	_	_	_	linguistic	_	none	Volume=low	End=2455.665	_	_	_	_
1519-0	PKP125	1519	1519	0	(a)spetta	aspetta	_	_	_	_	_	linguistic	_	none	_	Begin=2456.423	_	_	0-1(0)	_
1519-1	PKP125	1519	1519	1	che	che	_	_	_	_	_	linguistic	_	none	_	_	_	_	_	_
1519-2	PKP125	1519	1519	2	sparecchio	sparecchio	_	_	_	_	_	linguistic	_	none	_	_	_	_	_	_
1519-3	PKP125	1519	1519	3	qua:	qua	_	_	_	_	_	linguistic	_	none	_	End=2458.098	2x1	_	_	_
1520-0	PKP125	1520	1520	0	finisco	finisco	_	_	_	_	_	linguistic	_	none	_	Begin=2460.359	_	_	_	_
1520-1	PKP125	1520	1520	1	di	di	_	_	_	_	_	linguistic	_	none	_	_	_	_	_	_
1520-2	PKP125	1520	1520	2	bere	bere	_	_	_	_	_	linguistic	_	none	_	_	_	_	_	_
1520-3	PKP125	1520	1520	3	il	il	_	_	_	_	_	linguistic	_	none	_	_	_	_	_	_
1520-4	PKP125	1520	1520	4	vino	vino	_	_	_	_	_	linguistic	_	none	_	End=2461.546	_	_	_	_
1521-0	PKP125	1521	1521	0	le	le	_	_	_	_	_	linguistic	_	none	_	Begin=2468.251	_	_	_	_
1521-1	PKP125	1521	1521	1	ripetizioni	ripetizioni	_	_	_	_	_	linguistic	_	none	_	End=2469.369	_	_	_	_
1522-0	PKP125	1522	1522	0	ma	ma	_	_	_	_	_	linguistic	_	none	_	Begin=2470.364	_	_	_	_
1522-1	PKP125	1522	1522	1	non	non	_	_	_	_	_	linguistic	_	none	_	_	_	_	_	_
1522-2	PKP125	1522	1522	2	hai	hai	_	_	_	_	_	linguistic	_	none	_	_	_	_	_	_
1522-3	PKP125	1522	1522	3	visto	visto	_	_	_	_	_	linguistic	_	none	_	End=2470.991	_	_	_	_
1523-0	PKP125	1523	1523	0	qualcosa	qualcosa	_	_	_	_	_	linguistic	_	none	_	Begin=2471.044	_	_	_	_
1523-1	PKP125	1523	1523	1	per	per	_	_	_	_	_	linguistic	_	none	_	_	_	_	_	_
1523-2	PKP125	1523	1523	2	fare	fare	_	_	_	_	_	linguistic	_	none	_	_	_	_	_	_
1523-3	PKP125	1523	1523	3	il	il	_	_	_	_	_	linguistic	_	none	_	_	_	_	_	_
1523-4	PKP125	1523	1523	4	servizio	servizio	_	_	_	_	_	linguistic	_	none	_	_	_	_	_	_
1523-5	PKP125	1523	1523	5	civile	civile	_	_	_	_	_	linguistic	_	none	_	End=2472.817	_	_	_	_
1524-0	PKP125	1524	1524	0	tipo	tipo	_	_	_	_	_	linguistic	_	none	_	Begin=2472.926	_	_	_	_
1524-1	PKP125	1524	1524	1	ste	ste	_	_	_	_	_	linguistic	_	none	_	_	_	_	_	_
1524-2	PKP125	1524	1524	2	cose	cose	_	_	_	_	_	linguistic	_	none	_	_	_	_	_	_
1524-3	PKP125	1524	1524	3	qua?	qua	_	_	_	_	_	linguistic	_	none	Intonation=Rising	End=2473.739	_	_	_	_
1525-0	PKP125	1525	1525	0	no?	no	_	_	_	_	_	linguistic	_	none	Intonation=Rising	Begin=2474.054|End=2474.29	_	_	_	_
1526-0	PKP131	1526	1526	0	(il	il	_	_	_	_	_	linguistic	_	none	_	Begin=2474.773	_	_	0-2(0)	_
1526-1	PKP131	1526	1526	1	se[rvizio)	servizio	_	_	_	_	_	linguistic	_	none	_	_	_	_	0-8(0)	2-8(109)
1526-2	PKP131	1526	1526	2	civile:]	civile	_	_	_	_	_	linguistic	_	none	_	End=2475.606	5x1	_	_	0-6(109)
1527-0	PKP125	1527	1527	0	[eh	eh	_	_	_	_	_	linguistic	_	none	_	Begin=2474.945	_	_	_	0-2(109)
1527-1	PKP125	1527	1527	1	ma	ma	_	_	_	_	_	linguistic	_	none	_	_	_	_	_	0-2(109)
1527-2	PKP125	1527	1527	2	tu	tu	_	_	_	_	_	linguistic	_	none	_	_	_	_	_	0-2(109)
1527-3	PKP125	1527	1527	3	come]	come	_	_	_	_	_	linguistic	_	none	_	_	_	_	_	0-4(109)
1527-4	PKP125	1527	1527	4	lo	lo	_	_	_	_	_	linguistic	_	none	_	_	_	_	_	_
1527-5	PKP125	1527	1527	5	fai	fai	_	_	_	_	_	linguistic	_	none	_	_	_	_	_	_
1527-6	PKP125	1527	1527	6	mo	mo	_	_	_	_	_	linguistic	_	none	_	_	_	_	_	_
1527-7	PKP125	1527	1527	7	il	il	_	_	_	_	_	linguistic	_	none	_	_	_	_	_	_
1527-8	PKP125	1527	1527	8	servizio	servizio	_	_	_	_	_	linguistic	_	none	_	_	_	_	_	_
1527-9	PKP125	1527	1527	9	civile	civile	_	_	_	_	_	linguistic	_	none	_	End=2476.916	_	_	_	_
1528-0	PKP125	1528	1528	0	se	se	_	_	_	_	_	linguistic	_	none	_	Begin=2476.945	_	_	_	_
1528-1	PKP125	1528	1528	1	devi	devi	_	_	_	_	_	linguistic	_	none	_	_	_	_	_	_
1528-2	PKP125	1528	1528	2	fa'	fa'	_	_	_	_	_	linguistic	_	none	Truncated=Yes	_	_	_	_	_
1528-3	PKP125	1528	1528	3	la	la	_	_	_	_	_	linguistic	_	none	_	_	_	_	_	_
1528-4	PKP125	1528	1528	4	scuola?	scuola	_	_	_	_	_	linguistic	_	none	Intonation=Rising	End=2477.857	_	_	_	_
1529-0	PKP131	1529	1529	0	beh	beh	_	_	_	_	_	linguistic	_	none	_	Begin=2480.817	_	_	_	_
1529-1	PKP131	1529	1529	1	servizio	servizio	_	_	_	_	_	linguistic	_	none	_	_	_	_	_	_
1529-2	PKP131	1529	1529	2	che	che	_	_	_	_	_	linguistic	_	none	_	_	_	_	_	_
1529-3	PKP131	1529	1529	3	intendi	intendi	_	_	_	_	_	linguistic	_	none	_	_	_	_	_	_
1529-4	PKP131	1529	1529	4	per	per	_	_	_	_	_	linguistic	_	none	_	_	_	_	_	_
1529-5	PKP131	1529	1529	5	servizio	servizio	_	_	_	_	_	linguistic	_	none	_	_	_	_	_	_
1529-6	PKP131	1529	1529	6	civile?	civile	_	_	_	_	_	linguistic	_	none	Intonation=Rising	End=2482.694	_	_	_	_
1530-0	PKP125	1530	1530	0	no:	no	_	_	_	_	_	linguistic	_	none	_	Begin=2482.891	1x1	_	_	_
1530-1	PKP125	1530	1530	1	niente	niente	_	_	_	_	_	linguistic	_	none	_	End=2483.62	_	_	_	_
1531-0	PKP125	1531	1531	0	una	una	_	_	_	_	_	linguistic	_	none	_	Begin=2483.911	_	_	_	_
1531-1	PKP125	1531	1531	1	cosa	cosa	_	_	_	_	_	linguistic	_	none	_	_	_	_	_	_
1531-2	PKP125	1531	1531	2	che	che	_	_	_	_	_	linguistic	_	none	_	_	_	_	_	_
1531-3	PKP125	1531	1531	3	non	non	_	_	_	_	_	linguistic	_	none	_	_	_	_	_	_
1531-4	PKP125	1531	1531	4	potrai	potrai	_	_	_	_	_	linguistic	_	none	_	_	_	_	_	_
1531-5	PKP125	1531	1531	5	fare	fare	_	_	_	_	_	linguistic	_	none	_	End=2485.147	_	_	_	_
1532-0	PKP131	1532	1532	0	°che	che	_	_	_	_	_	linguistic	_	none	Volume=low	Begin=2485.665	_	_	_	_
1532-1	PKP131	1532	1532	1	cosa?°	cosa	_	_	_	_	_	linguistic	_	none	Intonation=Rising|Volume=low	End=2486.266	_	_	_	_
1533-0	PKP125	1533	1533	0	il	il	_	_	_	_	_	linguistic	_	none	_	Begin=2486.497	_	_	_	_
1533-1	PKP125	1533	1533	1	servizio	servizio	_	_	_	_	_	linguistic	_	none	_	_	_	_	_	_
1533-2	PKP125	1533	1533	2	civile	civile	_	_	_	_	_	linguistic	_	none	_	_	_	_	_	_
1533-3	PKP125	1533	1533	3	martin[a:]	martina	_	_	_	_	_	linguistic	_	none	_	End=2487.98	6x1	_	_	6-7(110)
1534-0	PKP131	1534	1534	0	[che]	che	_	_	_	_	_	linguistic	_	none	_	Begin=2487.901	_	_	_	0-3(110)
1534-1	PKP131	1534	1534	1	cazzo	cazzo	_	_	_	_	_	linguistic	_	none	_	_	_	_	_	_
1534-2	PKP131	1534	1534	2	è	è	_	_	_	_	_	linguistic	_	none	_	_	_	_	_	_
1534-3	PKP131	1534	1534	3	°il	il	_	_	_	_	_	linguistic	_	none	Volume=low	_	_	_	_	_
1534-4	PKP131	1534	1534	4	servizio	servizio	_	_	_	_	_	linguistic	_	none	Volume=low	_	_	_	_	_
1534-5	PKP131	1534	1534	5	civile°?	civile	_	_	_	_	_	linguistic	_	none	Intonation=Rising|Volume=low	End=2489.236	_	_	_	_
1535-0	PKP125	1535	1535	0	d~	d~	_	_	_	_	_	linguistic	_	none	Interrupted=Yes	Begin=2489.354	_	_	_	_
1535-1	PKP125	1535	1535	1	tu	tu	_	_	_	_	_	linguistic	_	none	_	_	_	_	_	_
1535-2	PKP125	1535	1535	2	fai	fai	_	_	_	_	_	linguistic	_	none	_	_	_	_	_	_
1535-3	PKP125	1535	1535	3	un	un	_	_	_	_	_	linguistic	_	none	_	_	_	_	_	_
1535-4	PKP125	1535	1535	4	ba:ndo	bando	_	_	_	_	_	linguistic	_	none	_	End=2490.709	1x1	_	_	_
1536-0	PKP131	1536	1536	0	sopra	sopra	_	_	_	_	_	linguistic	_	none	_	Begin=2491.354	_	_	_	_
1536-1	PKP131	1536	1536	1	il	il	_	_	_	_	_	linguistic	_	none	_	_	_	_	_	_
1536-2	PKP131	1536	1536	2	booster	booster	_	_	_	_	_	linguistic	_	none	_	End=2492.123	_	_	_	_
1537-0	PKP131	1537	1537	0	{ride}	{ride}	_	_	_	_	_	nonverbalbehavior	_	none	_	Begin=2494.059|End=2495.931	_	_	_	_
1538-0	PKP131	1538	1538	0	xxx	xxx	_	_	_	_	_	unknown	_	none	Syllables=3	Begin=2496.65|End=2497.277	_	_	_	_
1539-0	PKP125	1539	1539	0	{ride}	{ride}	_	_	_	_	_	nonverbalbehavior	_	none	_	Begin=2497.921|End=2498.704	_	_	_	_
1540-0	PKP125	1540	1540	0	#fai	#fai	_	_	_	_	_	error	_	none	_	Begin=2501.295	_	_	_	_
1540-1	PKP125	1540	1540	1	u	u	_	_	_	_	_	linguistic	_	none	_	_	_	_	_	_
1540-2	PKP125	1540	1540	2	ba:ndo:	bando	_	_	_	_	_	linguistic	_	none	_	End=2502.482	1x1,4x1	_	_	_
1541-0	PKP125	1541	1541	0	>e	e	_	_	_	_	_	linguistic	_	none	_	Begin=2502.698	_	Fast=0-1(0)	_	_
1541-1	PKP125	1541	1541	1	de~<	de~	_	_	_	_	_	linguistic	_	none	Interrupted=Yes	_	_	Fast=0-3(0)	_	_
1541-2	PKP125	1541	1541	2	che	che	_	_	_	_	_	linguistic	_	none	_	_	_	_	_	_
1541-3	PKP125	1541	1541	3	devi	devi	_	_	_	_	_	linguistic	_	none	_	_	_	_	_	_
1541-4	PKP125	1541	1541	4	vi:ncere	vincere	_	_	_	_	_	linguistic	_	none	_	End=2504.162	1x1	_	_	_
1542-0	PKP125	1542	1542	0	>ti	ti	_	_	_	_	_	linguistic	_	none	_	Begin=2504.604	_	Fast=0-2(0)	_	_
1542-1	PKP125	1542	1542	1	dev~<	dev~	_	_	_	_	_	linguistic	_	none	Interrupted=Yes	_	_	Fast=0-4(0)	_	_
1542-2	PKP125	1542	1542	2	ti	ti	_	_	_	_	_	linguistic	_	none	_	_	_	_	_	_
1542-3	PKP125	1542	1542	3	devono	devono	_	_	_	_	_	linguistic	_	none	_	_	_	_	_	_
1542-4	PKP125	1542	1542	4	raccomandare	raccomandare	_	_	_	_	_	linguistic	_	none	_	_	_	_	_	_
1542-5	PKP125	1542	1542	5	praticamente	praticamente	_	_	_	_	_	linguistic	_	none	_	End=2506.394	_	_	_	_
1543-0	PKP125	1543	1543	0	perché	perché	_	_	_	_	_	linguistic	_	none	_	Begin=2506.438	_	_	_	_
1543-1	PKP125	1543	1543	1	non	non	_	_	_	_	_	linguistic	_	none	_	_	_	_	_	_
1543-2	PKP125	1543	1543	2	vinci	vinci	_	_	_	_	_	linguistic	_	none	_	_	_	_	_	_
1543-3	PKP125	1543	1543	3	ma:i	mai	_	_	_	_	_	linguistic	_	none	_	End=2507.428	1x1	_	_	_
1544-0	PKP125	1544	1544	0	°se	se	_	_	_	_	_	linguistic	_	none	Volume=low	Begin=2508.0	_	_	_	_
1544-1	PKP125	1544	1544	1	non	non	_	_	_	_	_	linguistic	_	none	Volume=low	_	_	_	_	_
1544-2	PKP125	1544	1544	2	c'	c'	_	_	_	_	_	linguistic	_	none	SpaceAfter=No|Volume=low	_	_	_	_	_
1544-3	PKP125	1544	1544	3	ha:i°	hai	_	_	_	_	_	linguistic	_	none	Volume=low	End=2508.394	1x1	_	_	_
1545-0	PKP125	1545	1545	0	c(io)è	cioè	_	_	_	_	_	linguistic	_	none	_	Begin=2508.48	_	_	1-3(0)	_
1545-1	PKP125	1545	1545	1	chiunque	chiunque	_	_	_	_	_	linguistic	_	none	_	_	_	_	_	_
1545-2	PKP125	1545	1545	2	ho	ho	_	_	_	_	_	linguistic	_	none	_	_	_	_	_	_
1545-3	PKP125	1545	1545	3	parlato	parlato	_	_	_	_	_	linguistic	_	none	_	_	_	_	_	_
1545-4	PKP125	1545	1545	4	che	che	_	_	_	_	_	linguistic	_	none	_	_	_	_	_	_
1545-5	PKP125	1545	1545	5	ha	ha	_	_	_	_	_	linguistic	_	none	_	_	_	_	_	_
1545-6	PKP125	1545	1545	6	fatto	fatto	_	_	_	_	_	linguistic	_	none	_	_	_	_	_	_
1545-7	PKP125	1545	1545	7	il	il	_	_	_	_	_	linguistic	_	none	_	End=2509.911	_	_	_	_
1546-0	PKP125	1546	1546	0	il	il	_	_	_	_	_	linguistic	_	none	_	Begin=2509.951	_	_	_	_
1546-1	PKP125	1546	1546	1	servizio	servizio	_	_	_	_	_	linguistic	_	none	_	_	_	_	_	_
1546-2	PKP125	1546	1546	2	civile	civile	_	_	_	_	_	linguistic	_	none	_	_	_	_	_	_
1546-3	PKP125	1546	1546	3	ha	ha	_	_	_	_	_	linguistic	_	none	_	_	_	_	_	_
1546-4	PKP125	1546	1546	4	avuto	avuto	_	_	_	_	_	linguistic	_	none	_	_	_	_	_	_
1546-5	PKP125	1546	1546	5	la	la	_	_	_	_	_	linguistic	_	none	_	_	_	_	_	_
1546-6	PKP125	1546	1546	6	buttata	buttata	_	_	_	_	_	linguistic	_	none	_	End=2511.635	_	_	_	_
1547-0	PKP125	1547	1547	0	°tutti°	tutti	_	_	_	_	_	linguistic	_	none	Volume=low	Begin=2511.712|End=2511.995	_	_	_	_
1548-0	PKP125	1548	1548	0	almeno	almeno	_	_	_	_	_	linguistic	_	none	_	Begin=2512.033	_	_	_	_
1548-1	PKP125	1548	1548	1	al	al	_	_	_	_	_	linguistic	_	none	_	_	_	_	_	_
1548-2	PKP125	1548	1548	2	sud	sud	_	_	_	_	_	linguistic	_	none	PauseAfter=Yes	_	_	_	_	_
1548-3	PKP125	1548	1548	3	{P}	{P}	_	_	_	_	_	shortpause	_	none	_	_	_	_	_	_
1548-4	PKP125	1548	1548	4	°in	in	_	_	_	_	_	linguistic	_	none	Volume=low	_	_	_	_	_
1548-5	PKP125	1548	1548	5	campania°	campania	_	_	_	_	_	linguistic	_	none	Volume=low	End=2513.463	_	_	_	_
1549-0	PKP125	1549	1549	0	{schiocca_la_lingua}	{schiocca_la_lingua}	_	_	_	_	_	nonverbalbehavior	_	none	_	Begin=2515.202|End=2515.34	_	_	_	_
1550-0	PKP125	1550	1550	0	e::h	eh	_	_	_	_	_	linguistic	_	none	_	Begin=2515.408|End=2516.364	0x2	_	_	_
1551-0	PKP125	1551	1551	0	eh	eh	_	_	_	_	_	linguistic	_	none	_	Begin=2516.401	_	_	_	_
1551-1	PKP125	1551	1551	1	niente	niente	_	_	_	_	_	linguistic	_	none	_	End=2516.812	_	_	_	_
1552-0	PKP125	1552	1552	0	ti	ti	_	_	_	_	_	linguistic	_	none	_	Begin=2516.842	_	_	_	_
1552-1	PKP125	1552	1552	1	mettono	mettono	_	_	_	_	_	linguistic	_	none	_	_	_	_	_	_
1552-2	PKP125	1552	1552	2	a	a	_	_	_	_	_	linguistic	_	none	_	_	_	_	_	_
1552-3	PKP125	1552	1552	3	fare	fare	_	_	_	_	_	linguistic	_	none	_	_	_	_	_	_
1552-4	PKP125	1552	1552	4	delle	delle	_	_	_	_	_	linguistic	_	none	_	_	_	_	_	_
1552-5	PKP125	1552	1552	5	cose	cose	_	_	_	_	_	linguistic	_	none	_	_	_	_	_	_
1552-6	PKP125	1552	1552	6	nei	nei	_	_	_	_	_	linguistic	_	none	_	_	_	_	_	_
1552-7	PKP125	1552	1552	7	servizi	servizi	_	_	_	_	_	linguistic	_	none	_	_	_	_	_	_
1552-8	PKP125	1552	1552	8	civili	civili	_	_	_	_	_	linguistic	_	none	_	End=2519.029	_	_	_	_
1553-0	PKP125	1553	1553	0	e:hm	ehm	_	_	_	_	_	linguistic	_	none	_	Begin=2519.056	0x1	_	_	_
1553-1	PKP125	1553	1553	1	del	del	_	_	_	_	_	linguistic	_	none	_	_	_	_	_	_
1553-2	PKP125	1553	1553	2	servizio	servizio	_	_	_	_	_	linguistic	_	none	_	_	_	_	_	_
1553-3	PKP125	1553	1553	3	civile	civile	_	_	_	_	_	linguistic	_	none	_	End=2520.264	_	_	_	_
1554-0	PKP125	1554	1554	0	puoi	puoi	_	_	_	_	_	linguistic	_	none	_	Begin=2520.313	_	_	_	_
1554-1	PKP125	1554	1554	1	lavorare	lavorare	_	_	_	_	_	linguistic	_	none	_	_	_	_	_	_
1554-2	PKP125	1554	1554	2	con	con	_	_	_	_	_	linguistic	_	none	_	_	_	_	_	_
1554-3	PKP125	1554	1554	3	i	i	_	_	_	_	_	linguistic	_	none	_	_	_	_	_	_
1554-4	PKP125	1554	1554	4	ve:cchi,	vecchi	_	_	_	_	_	linguistic	_	none	Intonation=WeaklyRising	End=2521.704	1x1	_	_	_
1555-0	PKP125	1555	1555	0	puoi	puoi	_	_	_	_	_	linguistic	_	none	_	Begin=2521.779	_	_	_	_
1555-1	PKP125	1555	1555	1	lavorare	lavorare	_	_	_	_	_	linguistic	_	none	_	_	_	_	_	_
1555-2	PKP125	1555	1555	2	co:n:	con	_	_	_	_	_	linguistic	_	none	_	End=2523.33	1x1,2x1	_	_	_
1556-0	PKP125	1556	1556	0	gli	gli	_	_	_	_	_	linguistic	_	none	_	Begin=2523.522	_	_	_	_
1556-1	PKP125	1556	1556	1	immigra:ti,	immigrati	_	_	_	_	_	linguistic	_	none	Intonation=WeaklyRising	End=2524.354	6x1	_	_	_
1557-0	PKP125	1557	1557	0	puoi	puoi	_	_	_	_	_	linguistic	_	none	_	Begin=2524.443	_	_	_	_
1557-1	PKP125	1557	1557	1	lavorare:	lavorare	_	_	_	_	_	linguistic	_	none	_	End=2525.576	7x1	_	_	_
1558-0	PKP125	1558	1558	0	puoi	puoi	_	_	_	_	_	linguistic	_	none	_	Begin=2526.049	_	_	_	_
1558-1	PKP125	1558	1558	1	spazzare	spazzare	_	_	_	_	_	linguistic	_	none	_	_	_	_	_	_
1558-2	PKP125	1558	1558	2	a	a	_	_	_	_	_	linguistic	_	none	_	_	_	_	_	_
1558-3	PKP125	1558	1558	3	terra	terra	_	_	_	_	_	linguistic	_	none	_	End=2527.271	_	_	_	_
1559-0	PKP125	1559	1559	0	puoi	puoi	_	_	_	_	_	linguistic	_	none	_	Begin=2527.337	_	_	_	_
1559-1	PKP125	1559	1559	1	fare	fare	_	_	_	_	_	linguistic	_	none	_	_	_	_	_	_
1559-2	PKP125	1559	1559	2	varie	varie	_	_	_	_	_	linguistic	_	none	_	_	_	_	_	_
1559-3	PKP125	1559	1559	3	cose:	cose	_	_	_	_	_	linguistic	_	none	_	End=2528.256	3x1	_	_	_
1560-0	PKP125	1560	1560	0	insomma	insomma	_	_	_	_	_	linguistic	_	none	_	Begin=2528.34	_	_	_	_
1560-1	PKP125	1560	1560	1	da:i	dai	_	_	_	_	_	linguistic	_	none	_	End=2528.911	1x1	_	_	_
1561-0	PKP125	1561	1561	0	e	e	_	_	_	_	_	linguistic	_	none	_	Begin=2529.482	_	_	_	_
1561-1	PKP125	1561	1561	1	xxxx	xxxx	_	_	_	_	_	unknown	_	none	Syllables=4	End=2531.295	_	_	_	_
1562-0	PKP125	1562	1562	0	ma	ma	_	_	_	_	_	linguistic	_	none	_	Begin=2531.408|End=2531.655	_	_	_	_
1563-0	PKP131	1563	1563	0	{ride}	{ride}	_	_	_	_	_	nonverbalbehavior	_	none	_	Begin=2531.947|End=2532.586	_	_	_	_
1564-0	PKP125	1564	1564	0	{ride}	{ride}	_	_	_	_	_	nonverbalbehavior	_	none	_	Begin=2533.078|End=2534.903	_	_	_	_
1565-0	PKP131	1565	1565	0	{ride}	{ride}	_	_	_	_	_	nonverbalbehavior	_	none	_	Begin=2534.993|End=2536.606	_	_	_	_
1566-0	PKP125	1566	1566	0	marò	marò	_	_	_	_	_	linguistic	_	none	_	Begin=2537.911|End=2538.153	_	_	_	_
1567-0	PKP125	1567	1567	0	{ride)	{ride	_	_	_	_	_	nonverbalbehavior	_	none	_	Begin=2539.261	_	_	_	_
1567-1	PKP125	1567	1567	1	topo	topo	_	_	_	_	_	linguistic	_	none	_	_	_	_	_	_
1567-2	PKP125	1567	1567	2	squish	squish	_	_	_	_	_	linguistic	_	none	_	End=2540.443	_	_	_	_
1568-0	PKP131	1568	1568	0	{ride}	{ride}	_	_	_	_	_	nonverbalbehavior	_	none	_	Begin=2540.175|End=2540.945	_	_	_	_
1569-0	PKP131	1569	1569	0	[x]	x	_	_	_	_	_	unknown	_	none	Syllables=1	Begin=2541.289|End=2541.502	_	_	_	0-1(113)
1570-0	PKP125	1570	1570	0	[ma	ma	_	_	_	_	_	linguistic	_	none	_	Begin=2541.362	_	_	_	0-2(113)
1570-1	PKP125	1570	1570	1	qu]ant'	quant'	_	_	_	_	_	linguistic	_	none	SpaceAfter=No	_	_	_	_	0-2(113)
1570-2	PKP125	1570	1570	2	è	è	_	_	_	_	_	linguistic	_	none	_	_	_	_	_	_
1570-3	PKP125	1570	1570	3	bello	bello	_	_	_	_	_	linguistic	_	none	_	_	_	_	_	_
1570-4	PKP125	1570	1570	4	(que)sto	questo	_	_	_	_	_	linguistic	_	none	_	_	_	_	0-3(0)	_
1570-5	PKP125	1570	1570	5	topo	topo	_	_	_	_	_	linguistic	_	none	_	_	_	_	_	_
1570-6	PKP125	1570	1570	6	sqush?	sqush	_	_	_	_	_	linguistic	_	none	Intonation=Rising	End=2542.823	_	_	_	_
1571-0	PKP125	1571	1571	0	ja?	ja	_	_	_	_	_	linguistic	_	none	Intonation=Rising	Begin=2542.916|End=2543.152	_	_	_	_
1572-0	PKP131	1572	1572	0	e	e	_	_	_	_	_	linguistic	_	none	_	Begin=2544.103	_	_	_	_
1572-1	PKP131	1572	1572	1	poi	poi	_	_	_	_	_	linguistic	_	none	_	_	_	_	_	_
1572-2	PKP131	1572	1572	2	è	è	_	_	_	_	_	linguistic	_	none	_	_	_	_	_	_
1572-3	PKP131	1572	1572	3	anch[e	anche	_	_	_	_	_	linguistic	_	none	_	_	_	_	_	4-5(114)
1572-4	PKP131	1572	1572	4	profuma]:to	profumato	_	_	_	_	_	linguistic	_	none	_	_	6x1	_	_	0-7(114)
1572-5	PKP131	1572	1572	5	s[i:]	si	_	_	_	_	_	linguistic	_	none	_	End=2545.561	1x1	_	_	1-2(115)
1573-0	PKP125	1573	1573	0	[odora	odora	_	_	_	_	_	linguistic	_	none	_	Begin=2544.477	_	_	_	0-5(114)
1573-1	PKP125	1573	1573	1	a~]	a~	_	_	_	_	_	linguistic	_	none	Interrupted=Yes	End=2544.92	_	_	_	0-2(114)
1574-0	PKP125	1574	1574	0	[o]dora	odora	_	_	_	_	_	linguistic	_	none	_	Begin=2545.423	_	_	_	0-1(115)
1574-1	PKP125	1574	1574	1	anche	anche	_	_	_	_	_	linguistic	_	none	_	_	_	_	_	_
1574-2	PKP125	1574	1574	2	di	di	_	_	_	_	_	linguistic	_	none	_	_	_	_	_	_
1574-3	PKP125	1574	1574	3	vaniglia:	vaniglia	_	_	_	_	_	linguistic	_	none	_	End=2546.842	7x1	_	_	_
1575-0	PKP131	1575	1575	0	ma	ma	_	_	_	_	_	linguistic	_	none	_	Begin=2548.901	_	_	_	_
1575-1	PKP131	1575	1575	1	tutti	tutti	_	_	_	_	_	linguistic	_	none	_	_	_	_	_	_
1575-2	PKP131	1575	1575	2	questi	questi	_	_	_	_	_	linguistic	_	none	_	_	_	_	_	_
1575-3	PKP131	1575	1575	3	cosi	cosi	_	_	_	_	_	linguistic	_	none	_	_	_	_	_	_
1575-4	PKP131	1575	1575	4	qua	qua	_	_	_	_	_	linguistic	_	none	_	_	_	_	_	_
1575-5	PKP131	1575	1575	5	odorano	odorano	_	_	_	_	_	linguistic	_	none	_	End=2550.389	_	_	_	_
1576-0	PKP125	1576	1576	0	ma	ma	_	_	_	_	_	linguistic	_	none	_	Begin=2550.655	_	_	_	_
1576-1	PKP125	1576	1576	1	a	a	_	_	_	_	_	linguistic	_	none	_	_	_	_	_	_
1576-2	PKP125	1576	1576	2	me	me	_	_	_	_	_	linguistic	_	none	_	_	_	_	_	_
1576-3	PKP125	1576	1576	3	sai	sai	_	_	_	_	_	linguistic	_	none	_	_	_	_	_	_
1576-4	PKP125	1576	1576	4	che	che	_	_	_	_	_	linguistic	_	none	_	_	_	_	_	_
1576-5	PKP125	1576	1576	5	sembra	sembra	_	_	_	_	_	linguistic	_	none	_	End=2551.788	_	_	_	_
1577-0	PKP125	1577	1577	0	sto	sto	_	_	_	_	_	linguistic	_	none	_	Begin=2551.844	_	_	_	_
1577-1	PKP125	1577	1577	1	coso	coso	_	_	_	_	_	linguistic	_	none	PauseAfter=Yes	_	_	_	_	_
1577-2	PKP125	1577	1577	2	{P}	{P}	_	_	_	_	_	shortpause	_	none	_	_	_	_	_	_
1577-3	PKP125	1577	1577	3	hai	hai	_	_	_	_	_	linguistic	_	none	_	_	_	_	_	_
1577-4	PKP125	1577	1577	4	presente	presente	_	_	_	_	_	linguistic	_	none	_	_	_	_	_	_
1577-5	PKP125	1577	1577	5	quei:?	quei	_	_	_	_	_	linguistic	_	none	Intonation=Rising	End=2553.369	3x1	_	_	_
1578-0	PKP125	1578	1578	0	dolci	dolci	_	_	_	_	_	linguistic	_	none	_	Begin=2553.436	_	_	_	_
1578-1	PKP125	1578	1578	1	di	di	_	_	_	_	_	linguistic	_	none	_	_	_	_	_	_
1578-2	PKP125	1578	1578	2	coniglietti	coniglietti	_	_	_	_	_	linguistic	_	none	_	_	_	_	_	_
1578-3	PKP125	1578	1578	3	dal	dal	_	_	_	_	_	linguistic	_	none	_	_	_	_	_	_
1578-4	PKP125	1578	1578	4	cinese	cinese	_	_	_	_	_	linguistic	_	none	_	End=2555.468	_	_	_	_
1579-0	PKP125	1579	1579	0	non	non	_	_	_	_	_	linguistic	_	none	_	Begin=2556.875	_	_	_	_
1579-1	PKP125	1579	1579	1	li	li	_	_	_	_	_	linguistic	_	none	_	_	_	_	_	_
1579-2	PKP125	1579	1579	2	hai	hai	_	_	_	_	_	linguistic	_	none	_	_	_	_	_	_
1579-3	PKP125	1579	1579	3	mai	mai	_	_	_	_	_	linguistic	_	none	_	_	_	_	_	_
1579-4	PKP125	1579	1579	4	mangiati	mangiati	_	_	_	_	_	linguistic	_	none	_	_	_	_	_	_
1579-5	PKP125	1579	1579	5	i	i	_	_	_	_	_	linguistic	_	none	_	_	_	_	_	_
1579-6	PKP125	1579	1579	6	dolci	dolci	_	_	_	_	_	linguistic	_	none	_	_	_	_	_	_
1579-7	PKP125	1579	1579	7	di	di	_	_	_	_	_	linguistic	_	none	_	_	_	_	_	_
1579-8	PKP125	1579	1579	8	coniglietti?	coniglietti	_	_	_	_	_	linguistic	_	none	Intonation=Rising	End=2558.862	_	_	_	_
1580-0	PKP125	1580	1580	0	{ride}	{ride}	_	_	_	_	_	nonverbalbehavior	_	none	_	Begin=2559.519|End=2560.256	_	_	_	_
1581-0	PKP131	1581	1581	0	xx	xx	_	_	_	_	_	unknown	_	none	Syllables=2	Begin=2560.906|End=2561.202	_	_	_	_
1582-0	PKP125	1582	1582	0	no:?	no	_	_	_	_	_	linguistic	_	none	Intonation=Rising	Begin=2561.512|End=2561.945	1x1	_	_	_
1583-0	PKP131	1583	1583	0	che	che	_	_	_	_	_	linguistic	_	none	_	Begin=2562.009	_	_	_	_
1583-1	PKP131	1583	1583	1	succede?	succede	_	_	_	_	_	linguistic	_	none	Intonation=Rising	End=2562.729	_	_	_	_
1584-0	PKP131	1584	1584	0	no	no	_	_	_	_	_	linguistic	_	none	_	Begin=2562.773|End=2563.005	_	_	_	_
1585-0	PKP125	1585	1585	0	veramente?	veramente	_	_	_	_	_	linguistic	_	none	Intonation=Rising	Begin=2564.024|End=2564.763	_	_	_	_
1586-0	PKP131	1586	1586	0	°giuro°	giuro	_	_	_	_	_	linguistic	_	none	Volume=low	Begin=2564.891|End=2565.216	_	_	_	_
1587-0	PKP125	1587	1587	0	e	e	_	_	_	_	_	linguistic	_	none	_	Begin=2565.277	_	_	_	_
1587-1	PKP125	1587	1587	1	scrivi	scrivi	_	_	_	_	_	linguistic	_	none	_	_	_	_	_	_
1587-2	PKP125	1587	1587	2	su	su	_	_	_	_	_	linguistic	_	none	_	_	_	_	_	_
1587-3	PKP125	1587	1587	3	google	google	_	_	_	_	_	linguistic	_	none	_	_	_	_	_	_
1587-4	PKP125	1587	1587	4	dolci	dolci	_	_	_	_	_	linguistic	_	none	_	End=2566.591	_	_	_	_
1588-0	PKP125	1588	1588	0	dolci	dolci	_	_	_	_	_	linguistic	_	none	_	Begin=2566.679	_	_	_	_
1588-1	PKP125	1588	1588	1	di	di	_	_	_	_	_	linguistic	_	none	_	_	_	_	_	_
1588-2	PKP125	1588	1588	2	coniglietti	coniglietti	_	_	_	_	_	linguistic	_	none	_	End=2567.886	_	_	_	_
1589-0	PKP131	1589	1589	0	°ma	ma	_	_	_	_	_	linguistic	_	none	Volume=low	Begin=2567.945	_	_	_	_
1589-1	PKP131	1589	1589	1	che°	che	_	_	_	_	_	linguistic	_	none	Volume=low	End=2568.207	_	_	_	_
1590-0	PKP131	1590	1590	0	{ride}	{ride}	_	_	_	_	_	nonverbalbehavior	_	none	_	Begin=2568.507	_	_	_	_
1590-1	PKP131	1590	1590	1	che	che	_	_	_	_	_	linguistic	_	none	_	_	_	_	_	_
1590-2	PKP131	1590	1590	2	co~	co~	_	_	_	_	_	linguistic	_	none	Interrupted=Yes	End=2569.226	_	_	_	_
1591-0	PKP125	1591	1591	0	{ride}	{ride}	_	_	_	_	_	nonverbalbehavior	_	none	_	Begin=2569.268|End=2569.857	_	_	_	_
1592-0	PKP131	1592	1592	0	{ride}	{ride}	_	_	_	_	_	nonverbalbehavior	_	none	_	Begin=2570.484	_	_	_	_
1592-1	PKP131	1592	1592	1	°come°	come	_	_	_	_	_	linguistic	_	none	Volume=low	End=2570.945	_	_	_	_
1593-0	PKP131	1593	1593	0	è	è	_	_	_	_	_	linguistic	_	none	_	Begin=2571.086	_	_	_	_
1593-1	PKP131	1593	1593	1	grammaticalmente	grammaticalmente	_	_	_	_	_	linguistic	_	none	_	_	_	_	_	_
1593-2	PKP131	1593	1593	2	strutturata	strutturata	_	_	_	_	_	linguistic	_	none	_	_	_	_	_	_
1593-3	PKP131	1593	1593	3	xx	xx	_	_	_	_	_	unknown	_	none	Syllables=2	_	_	_	_	_
1593-4	PKP131	1593	1593	4	(frase)	frase	_	_	_	_	_	linguistic	_	none	_	_	_	_	0-5(0)	_
1593-5	PKP131	1593	1593	5	{ride}	{ride}	_	_	_	_	_	nonverbalbehavior	_	none	_	End=2573.679	_	_	_	_
1594-0	PKP125	1594	1594	0	{ride}	{ride}	_	_	_	_	_	nonverbalbehavior	_	none	_	Begin=2572.642|End=2574.61	_	_	_	_
1595-0	PKP131	1595	1595	0	dolci	dolci	_	_	_	_	_	linguistic	_	none	_	Begin=2573.768	_	_	_	_
1595-1	PKP131	1595	1595	1	di	di	_	_	_	_	_	linguistic	_	none	_	_	_	_	_	_
1595-2	PKP131	1595	1595	2	coniglie[tti]	coniglietti	_	_	_	_	_	linguistic	_	none	_	End=2575.029	_	_	_	8-11(116)
1596-0	PKP125	1596	1596	0	[CO]SÌ	così	_	_	_	_	_	linguistic	_	none	Volume=high	Begin=2574.834	_	_	_	0-2(116)
1596-1	PKP125	1596	1596	1	xx	xx	_	_	_	_	_	unknown	_	none	Syllables=2	_	_	_	_	_
1596-2	PKP125	1596	1596	2	[(li	li	_	_	_	_	_	linguistic	_	none	_	_	_	_	0-2(0)	0-2(117)
1596-3	PKP125	1596	1596	3	chiamavano)]	chiamavano	_	_	_	_	_	linguistic	_	none	_	End=2576.778	_	_	0-10(0)	0-10(117)
1597-0	PKP131	1597	1597	0	[(di)	di	_	_	_	_	_	linguistic	_	none	_	Begin=2575.606	_	_	0-2(0)	0-2(117)
1597-1	PKP131	1597	1597	1	io	io	_	_	_	_	_	linguistic	_	none	_	_	_	_	_	0-2(117)
1597-2	PKP131	1597	1597	2	immagino	immagino	_	_	_	_	_	linguistic	_	none	_	_	_	_	_	0-8(117)
1597-3	PKP131	1597	1597	3	i	i	_	_	_	_	_	linguistic	_	none	_	_	_	_	_	0-1(117)
1597-4	PKP131	1597	1597	4	co~]	co~	_	_	_	_	_	linguistic	_	none	Interrupted=Yes	_	_	_	_	0-3(117)
1597-5	PKP131	1597	1597	5	i	i	_	_	_	_	_	linguistic	_	none	_	_	_	_	_	_
1597-6	PKP131	1597	1597	6	conigli	conigli	_	_	_	_	_	linguistic	_	none	_	_	_	_	_	_
1597-7	PKP131	1597	1597	7	che	che	_	_	_	_	_	linguistic	_	none	_	_	_	_	_	_
1597-8	PKP131	1597	1597	8	impastano	impastano	_	_	_	_	_	linguistic	_	none	_	End=2578.315	_	_	_	_
1598-0	PKP125	1598	1598	0	dolci	dolci	_	_	_	_	_	linguistic	_	none	_	Begin=2578.452	_	_	_	_
1598-1	PKP125	1598	1598	1	di	di	_	_	_	_	_	linguistic	_	none	_	_	_	_	_	_
1598-2	PKP125	1598	1598	2	qua~	qua~	_	_	_	_	_	linguistic	_	none	Interrupted=Yes	End=2579.049	_	_	_	_
1599-0	PKP125	1599	1599	0	no	no	_	_	_	_	_	linguistic	_	none	PauseAfter=Yes	Begin=2579.092	_	_	_	_
1599-1	PKP125	1599	1599	1	{P}	{P}	_	_	_	_	_	shortpause	_	none	_	_	_	_	_	_
1599-2	PKP125	1599	1599	2	sono	sono	_	_	_	_	_	linguistic	_	none	_	_	_	_	_	_
1599-3	PKP125	1599	1599	3	dei	dei	_	_	_	_	_	linguistic	_	none	_	_	_	_	_	_
1599-4	PKP125	1599	1599	4	conigli	conigli	_	_	_	_	_	linguistic	_	none	_	_	_	_	_	_
1599-5	PKP125	1599	1599	5	di:	di	_	_	_	_	_	linguistic	_	none	_	End=2580.418	1x1	_	_	_
1600-0	PKP125	1600	1600	0	praticamente	praticamente	_	_	_	_	_	linguistic	_	none	_	Begin=2580.457	_	_	_	_
1600-1	PKP125	1600	1600	1	hai	hai	_	_	_	_	_	linguistic	_	none	_	_	_	_	_	_
1600-2	PKP125	1600	1600	2	presente	presente	_	_	_	_	_	linguistic	_	none	_	_	_	_	_	_
1600-3	PKP125	1600	1600	3	quella	quella	_	_	_	_	_	linguistic	_	none	_	_	_	_	_	_
1600-4	PKP125	1600	1600	4	pasta	pasta	_	_	_	_	_	linguistic	_	none	_	_	_	_	_	_
1600-5	PKP125	1600	1600	5	di	di	_	_	_	_	_	linguistic	_	none	_	_	_	_	_	_
1600-6	PKP125	1600	1600	6	riso?	riso	_	_	_	_	_	linguistic	_	none	Intonation=Rising	End=2582.763	_	_	_	_
1601-0	PKP125	1601	1601	0	il	il	_	_	_	_	_	linguistic	_	none	_	Begin=2583.453	_	_	_	_
1601-1	PKP125	1601	1601	1	pane	pane	_	_	_	_	_	linguistic	_	none	_	_	_	_	_	_
1601-2	PKP125	1601	1601	2	di	di	_	_	_	_	_	linguistic	_	none	_	_	_	_	_	_
1601-3	PKP125	1601	1601	3	riso	riso	_	_	_	_	_	linguistic	_	none	_	_	_	_	_	_
1601-4	PKP125	1601	1601	4	sai?	sai	_	_	_	_	_	linguistic	_	none	Intonation=Rising	End=2584.724	_	_	_	_
1602-0	PKP125	1602	1602	0	quel	quel	_	_	_	_	_	linguistic	_	none	_	Begin=2585.315	_	_	_	_
1602-1	PKP125	1602	1602	1	tipo	tipo	_	_	_	_	_	linguistic	_	none	_	_	_	_	_	_
1602-2	PKP125	1602	1602	2	pane	pane	_	_	_	_	_	linguistic	_	none	_	_	_	_	_	_
1602-3	PKP125	1602	1602	3	s[cu~]	scu~	_	_	_	_	_	linguistic	_	none	Interrupted=Yes	End=2586.256	_	_	_	1-4(118)
1603-0	PKP131	1603	1603	0	[a]:h	ah	_	_	_	_	_	linguistic	_	none	_	Begin=2586.074	0x1	_	_	0-1(118)
1603-1	PKP131	1603	1603	1	e:ccoli:	eccoli	_	_	_	_	_	linguistic	_	none	_	End=2587.448	0x1,5x1	_	_	_
1604-0	PKP125	1604	1604	0	{ride}	{ride}	_	_	_	_	_	nonverbalbehavior	_	none	_	Begin=2587.473	_	_	_	_
1604-1	PKP125	1604	1604	1	che	che	_	_	_	_	_	linguistic	_	none	_	_	_	_	_	_
1604-2	PKP125	1604	1604	2	hai	hai	_	_	_	_	_	linguistic	_	none	_	_	_	_	_	_
1604-3	PKP125	1604	1604	3	scritto	scritto	_	_	_	_	_	linguistic	_	none	PauseAfter=Yes	_	_	_	_	_
1604-4	PKP125	1604	1604	4	{P}	{P}	_	_	_	_	_	shortpause	_	none	_	_	_	_	_	_
1604-5	PKP125	1604	1604	5	dolci	dolci	_	_	_	_	_	linguistic	_	none	_	_	_	_	_	_
1604-6	PKP125	1604	1604	6	dei	dei	_	_	_	_	_	linguistic	_	none	_	_	_	_	_	_
1604-7	PKP125	1604	1604	7	conigli[e:tti]?	coniglietti	_	_	_	_	_	linguistic	_	none	Intonation=Rising	End=2589.448	7x1	_	_	7-11(119)
1605-0	PKP131	1605	1605	0	[e:h	eh	_	_	_	_	_	linguistic	_	none	_	Begin=2589.059	0x1	_	_	0-2(119)
1605-1	PKP131	1605	1605	1	sì:]	sì	_	_	_	_	_	linguistic	_	none	_	End=2589.458	1x1	_	_	0-2(119)
1606-0	PKP125	1606	1606	0	[ti	ti	_	_	_	_	_	linguistic	_	none	_	Begin=2589.487	_	_	_	0-2(122)
1606-1	PKP125	1606	1606	1	piacciono]?	piacciono	_	_	_	_	_	linguistic	_	none	Intonation=Rising	End=2590.078	_	_	_	0-9(122)
1607-0	PKP131	1607	1607	0	[xxx]	xxx	_	_	_	_	_	unknown	_	none	Syllables=3	Begin=2589.487|End=2590.054	_	_	_	0-3(122)
1608-0	PKP125	1608	1608	0	vedi	vedi	_	_	_	_	_	linguistic	_	none	_	Begin=2590.132	_	_	_	_
1608-1	PKP125	1608	1608	1	è	è	_	_	_	_	_	linguistic	_	none	_	_	_	_	_	_
1608-2	PKP125	1608	1608	2	un	un	_	_	_	_	_	linguistic	_	none	_	_	_	_	_	_
1608-3	PKP125	1608	1608	3	dolce	dolce	_	_	_	_	_	linguistic	_	none	_	_	_	_	_	_
1608-4	PKP125	1608	1608	4	di	di	_	_	_	_	_	linguistic	_	none	_	_	_	_	_	_
1608-5	PKP125	1608	1608	5	coniglie:tti	coniglietti	_	_	_	_	_	linguistic	_	none	_	End=2591.926	7x1	_	_	_
1609-0	PKP125	1609	1609	0	{ride}	{ride}	_	_	_	_	_	nonverbalbehavior	_	none	_	Begin=2592.317|End=2593.207	_	_	_	_
1610-0	PKP131	1610	1610	0	te	te	_	_	_	_	_	linguistic	_	none	_	Begin=2593.147	_	_	_	_
1610-1	PKP131	1610	1610	1	prego	prego	_	_	_	_	_	linguistic	_	none	_	End=2593.552	_	_	_	_
1611-0	PKP125	1611	1611	0	{ride}	{ride}	_	_	_	_	_	nonverbalbehavior	_	none	_	Begin=2593.775|End=2594.367	_	_	_	_
1612-0	PKP125	1612	1612	0	{ride}	{ride}	_	_	_	_	_	nonverbalbehavior	_	none	_	Begin=2594.492|End=2594.977	_	_	_	_
1613-0	PKP131	1613	1613	0	ti	ti	_	_	_	_	_	linguistic	_	none	_	Begin=2594.546	_	_	_	_
1613-1	PKP131	1613	1613	1	prego	prego	_	_	_	_	_	linguistic	_	none	_	End=2594.901	_	_	_	_
1614-0	PKP131	1614	1614	0	basta	basta	_	_	_	_	_	linguistic	_	none	_	Begin=2594.98	_	_	_	_
1614-1	PKP131	1614	1614	1	così	così	_	_	_	_	_	linguistic	_	none	_	End=2595.714	_	_	_	_
1615-0	PKP125	1615	1615	0	{ride}	{ride}	_	_	_	_	_	nonverbalbehavior	_	none	_	Begin=2595.694|End=2596.289	_	_	_	_
1616-0	PKP125	1616	1616	0	che	che	_	_	_	_	_	linguistic	_	none	_	Begin=2596.466	_	_	_	_
1616-1	PKP125	1616	1616	1	tra	tra	_	_	_	_	_	linguistic	_	none	_	_	_	_	_	_
1616-2	PKP125	1616	1616	2	l'	l'	_	_	_	_	_	linguistic	_	none	SpaceAfter=No	_	_	_	_	_
1616-3	PKP125	1616	1616	3	altro	altro	_	_	_	_	_	linguistic	_	none	_	End=2597.128	_	_	_	_
1617-0	PKP125	1617	1617	0	fanno	fanno	_	_	_	_	_	linguistic	_	none	_	Begin=2597.179	_	_	_	_
1617-1	PKP125	1617	1617	1	schifissimo	schifissimo	_	_	_	_	_	linguistic	_	none	_	End=2598.183	_	_	_	_
1618-0	PKP125	1618	1618	0	[xx]	xx	_	_	_	_	_	unknown	_	none	Syllables=2	Begin=2598.225|End=2598.502	_	_	_	0-2(123)
1619-0	PKP131	1619	1619	0	[pani]ni	panini	_	_	_	_	_	linguistic	_	none	_	Begin=2598.225	_	_	_	0-4(123)
1619-1	PKP131	1619	1619	1	dolci	dolci	_	_	_	_	_	linguistic	_	none	PauseAfter=Yes	_	_	_	_	_
1619-2	PKP131	1619	1619	2	{P}	{P}	_	_	_	_	_	shortpause	_	none	_	_	_	_	_	_
1619-3	PKP131	1619	1619	3	quelli	quelli	_	_	_	_	_	linguistic	_	none	_	_	_	_	_	_
1619-4	PKP131	1619	1619	4	so'	so'	_	_	_	_	_	linguistic	_	none	Truncated=Yes	_	_	_	_	_
1619-5	PKP131	1619	1619	5	panini	panini	_	_	_	_	_	linguistic	_	none	_	End=2599.778	_	_	_	_
1620-0	PKP125	1620	1620	0	sì:	sì	_	_	_	_	_	linguistic	_	none	_	Begin=2601.207|End=2601.517	1x1	_	_	_
1621-0	PKP125	1621	1621	0	è	è	_	_	_	_	_	linguistic	_	none	_	Begin=2601.591	_	_	_	_
1621-1	PKP125	1621	1621	1	una	una	_	_	_	_	_	linguistic	_	none	_	_	_	_	_	_
1621-2	PKP125	1621	1621	2	specie	specie	_	_	_	_	_	linguistic	_	none	_	_	_	_	_	_
1621-3	PKP125	1621	1621	3	di:	di	_	_	_	_	_	linguistic	_	none	_	End=2602.591	1x1	_	_	_
1622-0	PKP125	1622	1622	0	immagina	immagina	_	_	_	_	_	linguistic	_	none	_	Begin=2602.778	_	_	_	_
1622-1	PKP125	1622	1622	1	questo	questo	_	_	_	_	_	linguistic	_	none	_	_	_	_	_	_
1622-2	PKP125	1622	1622	2	è	è	_	_	_	_	_	linguistic	_	none	_	_	_	_	_	_
1622-3	PKP125	1622	1622	3	un	un	_	_	_	_	_	linguistic	_	none	_	_	_	_	_	_
1622-4	PKP125	1622	1622	4	coniglietto	coniglietto	_	_	_	_	_	linguistic	_	none	_	End=2604.214	_	_	_	_
1623-0	PKP125	1623	1623	0	commestibile	commestibile	_	_	_	_	_	linguistic	_	none	_	Begin=2604.252	_	_	_	_
1623-1	PKP125	1623	1623	1	tipo	tipo	_	_	_	_	_	linguistic	_	none	_	_	_	_	_	_
1623-2	PKP125	1623	1623	2	di	di	_	_	_	_	_	linguistic	_	none	_	_	_	_	_	_
1623-3	PKP125	1623	1623	3	pane	pane	_	_	_	_	_	linguistic	_	none	_	_	_	_	_	_
1623-4	PKP125	1623	1623	4	di	di	_	_	_	_	_	linguistic	_	none	_	_	_	_	_	_
1623-5	PKP125	1623	1623	5	riso	riso	_	_	_	_	_	linguistic	_	none	_	End=2606.039	_	_	_	_
1624-0	PKP131	1624	1624	0	mhmh	mhmh	_	_	_	_	_	linguistic	_	none	_	Begin=2606.241|End=2606.512	_	_	_	_
1625-0	PKP125	1625	1625	0	e	e	_	_	_	_	_	linguistic	_	none	_	Begin=2606.566	_	_	_	_
1625-1	PKP125	1625	1625	1	dentro	dentro	_	_	_	_	_	linguistic	_	none	_	_	_	_	_	_
1625-2	PKP125	1625	1625	2	c'	c'	_	_	_	_	_	linguistic	_	none	SpaceAfter=No	_	_	_	_	_
1625-3	PKP125	1625	1625	3	è	è	_	_	_	_	_	linguistic	_	none	_	_	_	_	_	_
1625-4	PKP125	1625	1625	4	tipo	tipo	_	_	_	_	_	linguistic	_	none	_	_	_	_	_	_
1625-5	PKP125	1625	1625	5	marmellata	marmellata	_	_	_	_	_	linguistic	_	none	_	End=2608.221	_	_	_	_
1626-0	PKP125	1626	1626	0	e	e	_	_	_	_	_	linguistic	_	none	_	Begin=2608.263	_	_	_	_
1626-1	PKP125	1626	1626	1	hanno	hanno	_	_	_	_	_	linguistic	_	none	_	_	_	_	_	_
1626-2	PKP125	1626	1626	2	proprio	proprio	_	_	_	_	_	linguistic	_	none	_	_	_	_	_	_
1626-3	PKP125	1626	1626	3	gli	gli	_	_	_	_	_	linguistic	_	none	_	_	_	_	_	_
1626-4	PKP125	1626	1626	4	occhietti	occhietti	_	_	_	_	_	linguistic	_	none	_	_	_	_	_	_
1626-5	PKP125	1626	1626	5	così:	così	_	_	_	_	_	linguistic	_	none	_	End=2609.786	3x1	_	_	_
1627-0	PKP125	1627	1627	0	colorati	colorati	_	_	_	_	_	linguistic	_	none	_	Begin=2609.832|End=2610.428	_	_	_	_
1628-0	PKP131	1628	1628	0	rossi	rossi	_	_	_	_	_	linguistic	_	none	_	Begin=2611.0|End=2611.527	_	_	_	_
1629-0	PKP125	1629	1629	0	dolci	dolci	_	_	_	_	_	linguistic	_	none	_	Begin=2611.684	_	_	_	_
1629-1	PKP125	1629	1629	1	di	di	_	_	_	_	_	linguistic	_	none	_	_	_	_	_	_
1629-2	PKP125	1629	1629	2	coniglietti	coniglietti	_	_	_	_	_	linguistic	_	none	_	End=2612.901	_	_	_	_
1630-0	PKP131	1630	1630	0	°xx°	xx	_	_	_	_	_	unknown	_	none	Volume=low|Syllables=2	Begin=2613.527|End=2613.879	_	_	_	_
1631-0	PKP125	1631	1631	0	{ride}	{ride}	_	_	_	_	_	nonverbalbehavior	_	none	_	Begin=2614.285	_	_	_	_
1631-1	PKP125	1631	1631	1	xx	xx	_	_	_	_	_	unknown	_	none	Syllables=2	End=2615.315	_	_	_	_
1632-0	PKP125	1632	1632	0	però	però	_	_	_	_	_	linguistic	_	none	_	Begin=2615.67	_	_	_	_
1632-1	PKP125	1632	1632	1	non	non	_	_	_	_	_	linguistic	_	none	_	_	_	_	_	_
1632-2	PKP125	1632	1632	2	li	li	_	_	_	_	_	linguistic	_	none	_	_	_	_	_	_
1632-3	PKP125	1632	1632	3	vedi	vedi	_	_	_	_	_	linguistic	_	none	_	_	_	_	_	_
1632-4	PKP125	1632	1632	4	se:mpre	sempre	_	_	_	_	_	linguistic	_	none	_	End=2617.142	1x1	_	_	_
1633-0	PKP131	1633	1633	0	ma	ma	_	_	_	_	_	linguistic	_	none	_	Begin=2617.753	_	_	_	_
1633-1	PKP131	1633	1633	1	io	io	_	_	_	_	_	linguistic	_	none	_	_	_	_	_	_
1633-2	PKP131	1633	1633	2	infatti	infatti	_	_	_	_	_	linguistic	_	none	_	_	_	_	_	_
1633-3	PKP131	1633	1633	3	non	non	_	_	_	_	_	linguistic	_	none	_	_	_	_	_	_
1633-4	PKP131	1633	1633	4	li	li	_	_	_	_	_	linguistic	_	none	_	_	_	_	_	_
1633-5	PKP131	1633	1633	5	ho	ho	_	_	_	_	_	linguistic	_	none	_	_	_	_	_	_
1633-6	PKP131	1633	1633	6	mai	mai	_	_	_	_	_	linguistic	_	none	_	_	_	_	_	_
1633-7	PKP131	1633	1633	7	[(visti)]	visti	_	_	_	_	_	linguistic	_	none	_	End=2618.847	_	_	0-5(0)	0-5(125)
1634-0	PKP125	1634	1634	0	[ma	ma	_	_	_	_	_	linguistic	_	none	_	Begin=2618.581	_	_	_	0-2(125)
1634-1	PKP125	1634	1634	1	io	io	_	_	_	_	_	linguistic	_	none	_	_	_	_	_	0-2(125)
1634-2	PKP125	1634	1634	2	è	è	_	_	_	_	_	linguistic	_	none	_	_	_	_	_	0-1(125)
1634-3	PKP125	1634	1634	3	una]	una	_	_	_	_	_	linguistic	_	none	_	_	_	_	_	0-3(125)
1634-4	PKP125	1634	1634	4	vita	vita	_	_	_	_	_	linguistic	_	none	_	_	_	_	_	_
1634-5	PKP125	1634	1634	5	che	che	_	_	_	_	_	linguistic	_	none	_	_	_	_	_	_
1634-6	PKP125	1634	1634	6	non	non	_	_	_	_	_	linguistic	_	none	_	_	_	_	_	_
1634-7	PKP125	1634	1634	7	vado	vado	_	_	_	_	_	linguistic	_	none	_	_	_	_	_	_
1634-8	PKP125	1634	1634	8	dal	dal	_	_	_	_	_	linguistic	_	none	_	_	_	_	_	_
1634-9	PKP125	1634	1634	9	cinese	cinese	_	_	_	_	_	linguistic	_	none	_	End=2620.261	_	_	_	_
1635-0	PKP125	1635	1635	0	xx[x]	xxx	_	_	_	_	_	unknown	_	none	Syllables=3	Begin=2620.527|End=2620.926	_	_	_	2-3(126)
1636-0	PKP131	1636	1636	0	[io]	io	_	_	_	_	_	linguistic	_	none	_	Begin=2620.837	_	_	_	0-2(126)
1636-1	PKP131	1636	1636	1	ci	ci	_	_	_	_	_	linguistic	_	none	_	_	_	_	_	_
1636-2	PKP131	1636	1636	2	andai	andai	_	_	_	_	_	linguistic	_	none	_	_	_	_	_	_
1636-3	PKP131	1636	1636	3	ultimamente	ultimamente	_	_	_	_	_	linguistic	_	none	_	End=2622.088	_	_	_	_
1637-0	PKP125	1637	1637	0	ma	ma	_	_	_	_	_	linguistic	_	none	_	Begin=2622.435	_	_	_	_
1637-1	PKP125	1637	1637	1	dal:	dal	_	_	_	_	_	linguistic	_	none	_	End=2622.881	2x1	_	_	_
1638-0	PKP125	1638	1638	0	dal	dal	_	_	_	_	_	linguistic	_	none	_	Begin=2623.005	_	_	_	_
1638-1	PKP125	1638	1638	1	giapponese	giapponese	_	_	_	_	_	linguistic	_	none	_	_	_	_	_	_
1638-2	PKP125	1638	1638	2	o	o	_	_	_	_	_	linguistic	_	none	_	_	_	_	_	_
1638-3	PKP125	1638	1638	3	dal	dal	_	_	_	_	_	linguistic	_	none	_	_	_	_	_	_
1638-4	PKP125	1638	1638	4	cinese?	cinese	_	_	_	_	_	linguistic	_	none	Intonation=Rising	End=2624.423	_	_	_	_
1639-0	PKP131	1639	1639	0	da:l	dal	_	_	_	_	_	linguistic	_	none	_	Begin=2624.446	1x1	_	_	_
1639-1	PKP131	1639	1639	1	giapponese	giapponese	_	_	_	_	_	linguistic	_	none	_	End=2625.449	_	_	_	_
1640-0	PKP125	1640	1640	0	ah	ah	_	_	_	_	_	linguistic	_	none	_	Begin=2625.827	_	_	_	_
1640-1	PKP125	1640	1640	1	ma	ma	_	_	_	_	_	linguistic	_	none	_	_	_	_	_	_
1640-2	PKP125	1640	1640	2	tu	tu	_	_	_	_	_	linguistic	_	none	_	_	_	_	_	_
1640-3	PKP125	1640	1640	3	xx	xx	_	_	_	_	_	unknown	_	none	Syllables=2	_	_	_	_	_
1640-4	PKP125	1640	1640	4	sei	sei	_	_	_	_	_	linguistic	_	none	_	_	_	_	_	_
1640-5	PKP125	1640	1640	5	mai	mai	_	_	_	_	_	linguistic	_	none	_	_	_	_	_	_
1640-6	PKP125	1640	1640	6	andata	andata	_	_	_	_	_	linguistic	_	none	_	_	_	_	_	_
1640-7	PKP125	1640	1640	7	dal	dal	_	_	_	_	_	linguistic	_	none	_	_	_	_	_	_
1640-8	PKP125	1640	1640	8	quel	quel	_	_	_	_	_	linguistic	_	none	_	_	_	_	_	_
1640-9	PKP125	1640	1640	9	cinese	cinese	_	_	_	_	_	linguistic	_	none	_	End=2627.679	_	_	_	_
1641-0	PKP125	1641	1641	0	tipo	tipo	_	_	_	_	_	linguistic	_	none	_	Begin=2627.719	_	_	_	_
1641-1	PKP125	1641	1641	1	a	a	_	_	_	_	_	linguistic	_	none	_	End=2628.128	_	_	_	_
1642-0	PKP125	1642	1642	0	pozzuoli::	pozzuoli	_	_	_	_	_	linguistic	_	none	_	Begin=2628.209|End=2629.364	7x2	_	_	_
1643-0	PKP125	1643	1643	0	non	non	_	_	_	_	_	linguistic	_	none	_	Begin=2630.231	_	_	_	_
1643-1	PKP125	1643	1643	1	ti	ti	_	_	_	_	_	linguistic	_	none	_	_	_	_	_	_
1643-2	PKP125	1643	1643	2	ci	ci	_	_	_	_	_	linguistic	_	none	_	_	_	_	_	_
1643-3	PKP125	1643	1643	3	ho	ho	_	_	_	_	_	linguistic	_	none	_	_	_	_	_	_
1643-4	PKP125	1643	1643	4	mai	mai	_	_	_	_	_	linguistic	_	none	_	_	_	_	_	_
1643-5	PKP125	1643	1643	5	porta~?	porta~	_	_	_	_	_	linguistic	_	none	Intonation=Rising|Interrupted=Yes	End=2631.231	_	_	_	_
1644-0	PKP125	1644	1644	0	forse	forse	_	_	_	_	_	linguistic	_	none	_	Begin=2631.31	_	_	_	_
1644-1	PKP125	1644	1644	1	una	una	_	_	_	_	_	linguistic	_	none	_	_	_	_	_	_
1644-2	PKP125	1644	1644	2	volta	volta	_	_	_	_	_	linguistic	_	none	_	_	_	_	_	_
1644-3	PKP125	1644	1644	3	ci	ci	_	_	_	_	_	linguistic	_	none	_	_	_	_	_	_
1644-4	PKP125	1644	1644	4	andammo	andammo	_	_	_	_	_	linguistic	_	none	_	End=2632.537	_	_	_	_
1645-0	PKP125	1645	1645	0	ti	ti	_	_	_	_	_	linguistic	_	none	_	Begin=2632.6	_	_	_	_
1645-1	PKP125	1645	1645	1	ricordi?	ricordi	_	_	_	_	_	linguistic	_	none	Intonation=Rising|PauseAfter=Yes	_	_	_	_	_
1645-2	PKP125	1645	1645	2	{P}	{P}	_	_	_	_	_	shortpause	_	none	_	_	_	_	_	_
1645-3	PKP125	1645	1645	3	io	io	_	_	_	_	_	linguistic	_	none	_	_	_	_	_	_
1645-4	PKP125	1645	1645	4	tu	tu	_	_	_	_	_	linguistic	_	none	_	_	_	_	_	_
1645-5	PKP125	1645	1645	5	pa:olo	paolo	_	_	_	_	_	linguistic	_	none	_	End=2633.906	1x1	_	_	_
1646-0	PKP125	1646	1646	0	e:h	eh	_	_	_	_	_	linguistic	_	none	_	Begin=2636.379	0x1	_	_	_
1646-1	PKP125	1646	1646	1	raffaele	raffaele	_	_	_	_	_	linguistic	_	none	_	_	_	_	_	_
1646-2	PKP125	1646	1646	2	forse	forse	_	_	_	_	_	linguistic	_	none	_	End=2638.009	_	_	_	_
1647-0	PKP131	1647	1647	0	no:	no	_	_	_	_	_	linguistic	_	none	_	Begin=2638.768	1x1	_	_	_
1647-1	PKP131	1647	1647	1	non	non	_	_	_	_	_	linguistic	_	none	_	_	_	_	_	_
1647-2	PKP131	1647	1647	2	era	era	_	_	_	_	_	linguistic	_	none	_	_	_	_	_	_
1647-3	PKP131	1647	1647	3	là	là	_	_	_	_	_	linguistic	_	none	_	End=2639.709	_	_	_	_
1648-0	PKP131	1648	1648	0	er[a::]	era	_	_	_	_	_	linguistic	_	none	_	Begin=2639.743|End=2640.556	2x2	_	_	2-3(128)
1649-0	PKP125	1649	1649	0	>[s]ì	sì	_	_	_	_	_	linguistic	_	none	_	Begin=2640.418	_	Fast=0-2(0)	_	0-1(128)
1649-1	PKP125	1649	1649	1	sì<	sì	_	_	_	_	_	linguistic	_	none	_	_	_	Fast=0-2(0)	_	_
1649-2	PKP125	1649	1649	2	(eh	eh	_	_	_	_	_	linguistic	_	none	_	_	_	_	0-2(0)	_
1649-3	PKP125	1649	1649	3	là)	là	_	_	_	_	_	linguistic	_	none	_	_	_	_	0-2(0)	_
1649-4	PKP125	1649	1649	4	andammo	andammo	_	_	_	_	_	linguistic	_	none	_	End=2641.714	_	_	_	_
1650-0	PKP125	1650	1650	0	dal	dal	_	_	_	_	_	linguistic	_	none	_	Begin=2641.876	_	_	_	_
1650-1	PKP125	1650	1650	1	mio	mio	_	_	_	_	_	linguistic	_	none	_	_	_	_	_	_
1650-2	PKP125	1650	1650	2	cinese	cinese	_	_	_	_	_	linguistic	_	none	_	_	_	_	_	_
1650-3	PKP125	1650	1650	3	preferito	preferito	_	_	_	_	_	linguistic	_	none	_	End=2643.147	_	_	_	_
1651-0	PKP131	1651	1651	0	>dimmi	dimmi	_	_	_	_	_	linguistic	_	none	_	Begin=2643.945	_	Fast=0-5(0)	_	_
1651-1	PKP131	1651	1651	1	il	il	_	_	_	_	_	linguistic	_	none	_	_	_	Fast=0-2(0)	_	_
1651-2	PKP131	1651	1651	2	nome<	nome	_	_	_	_	_	linguistic	_	none	_	End=2644.453	_	Fast=0-4(0)	_	_
1652-0	PKP125	1652	1652	0	(cin	cin	_	_	_	_	_	linguistic	_	none	_	Begin=2646.215	_	_	0-3(0)	_
1652-1	PKP125	1652	1652	1	dan)	dan	_	_	_	_	_	linguistic	_	none	_	End=2646.916	_	_	0-3(0)	_
1653-0	PKP125	1653	1653	0	(cin	cin	_	_	_	_	_	linguistic	_	none	_	Begin=2648.418	_	_	0-3(0)	_
1653-1	PKP125	1653	1653	1	dan)	dan	_	_	_	_	_	linguistic	_	none	_	End=2648.906	_	_	0-3(0)	_
1654-0	PKP131	1654	1654	0	ni	ni	_	_	_	_	_	linguistic	_	none	_	Begin=2649.261	_	_	_	_
1654-1	PKP131	1654	1654	1	hao	hao	_	_	_	_	_	linguistic	_	none	_	End=2649.694	_	_	_	_
1655-0	PKP125	1655	1655	0	{ride}	{ride}	_	_	_	_	_	nonverbalbehavior	_	none	_	Begin=2649.977|End=2651.083	_	_	_	_
1656-0	PKP125	1656	1656	0	così	così	_	_	_	_	_	linguistic	_	none	_	Begin=2651.839	_	_	_	_
1656-1	PKP125	1656	1656	1	si	si	_	_	_	_	_	linguistic	_	none	_	_	_	_	_	_
1656-2	PKP125	1656	1656	2	chiama(va)	chiamava	_	_	_	_	_	linguistic	_	none	_	End=2652.571	_	_	6-8(0)	_
1657-0	PKP125	1657	1657	0	a	a	_	_	_	_	_	linguistic	_	none	_	Begin=2652.778	_	_	_	_
1657-1	PKP125	1657	1657	1	a:rco	arco	_	_	_	_	_	linguistic	_	none	_	_	0x1	_	_	_
1657-2	PKP125	1657	1657	2	felice	felice	_	_	_	_	_	linguistic	_	none	_	End=2653.911	_	_	_	_
1658-0	PKP131	1658	1658	0	a:rco	arco	_	_	_	_	_	linguistic	_	none	_	Begin=2654.054	0x1	_	_	_
1658-1	PKP131	1658	1658	1	felice	felice	_	_	_	_	_	linguistic	_	none	_	_	_	_	_	_
1658-2	PKP131	1658	1658	2	sì	sì	_	_	_	_	_	linguistic	_	none	_	End=2655.236	_	_	_	_
1659-0	PKP125	1659	1659	0	quello	quello	_	_	_	_	_	linguistic	_	none	_	Begin=2655.384	_	_	_	_
1659-1	PKP125	1659	1659	1	era	era	_	_	_	_	_	linguistic	_	none	_	_	_	_	_	_
1659-2	PKP125	1659	1659	2	[buono]	buono	_	_	_	_	_	linguistic	_	none	_	End=2656.113	_	_	_	0-5(129)
1660-0	PKP131	1660	1660	0	[quello	quello	_	_	_	_	_	linguistic	_	none	_	Begin=2655.655	_	_	_	0-6(129)
1660-1	PKP131	1660	1660	1	(al	al	_	_	_	_	_	linguistic	_	none	_	_	_	_	0-2(0)	0-2(129)
1660-2	PKP131	1660	1660	2	coso]	coso	_	_	_	_	_	linguistic	_	none	_	_	_	_	0-4(0)	0-4(129)
1660-3	PKP131	1660	1660	3	[lì)	lì	_	_	_	_	_	linguistic	_	none	_	_	_	_	0-2(0)	0-2(130)
1660-4	PKP131	1660	1660	4	xxx]	xxx	_	_	_	_	_	unknown	_	none	Syllables=3	End=2657.152	_	_	_	0-3(130)
1661-0	PKP125	1661	1661	0	[però	però	_	_	_	_	_	linguistic	_	none	_	Begin=2656.167	_	_	_	0-4(130)
1661-1	PKP125	1661	1661	1	hanno	hanno	_	_	_	_	_	linguistic	_	none	_	_	_	_	_	0-5(130)
1661-2	PKP125	1661	1661	2	chiuso	chiuso	_	_	_	_	_	linguistic	_	none	_	_	_	_	_	0-6(130)
1661-3	PKP125	1661	1661	3	tipo]	tipo	_	_	_	_	_	linguistic	_	none	_	End=2657.162	_	_	_	0-4(130)
1662-0	PKP125	1662	1662	0	dieci	dieci	_	_	_	_	_	linguistic	_	none	_	Begin=2657.236	_	_	_	_
1662-1	PKP125	1662	1662	1	volte	volte	_	_	_	_	_	linguistic	_	none	_	_	_	_	_	_
1662-2	PKP125	1662	1662	2	perché	perché	_	_	_	_	_	linguistic	_	none	_	_	_	_	_	_
1662-3	PKP125	1662	1662	3	era	era	_	_	_	_	_	linguistic	_	none	_	_	_	_	_	_
1662-4	PKP125	1662	1662	4	sporco	sporco	_	_	_	_	_	linguistic	_	none	_	_	_	_	_	_
1662-5	PKP125	1662	1662	5	{ride}	{ride}	_	_	_	_	_	nonverbalbehavior	_	none	_	End=2659.113	_	_	_	_
1663-0	PKP125	1663	1663	0	ma	ma	_	_	_	_	_	linguistic	_	none	_	Begin=2659.803	_	_	_	_
1663-1	PKP125	1663	1663	1	quello	quello	_	_	_	_	_	linguistic	_	none	_	_	_	_	_	_
1663-2	PKP125	1663	1663	2	era	era	_	_	_	_	_	linguistic	_	none	_	_	_	_	_	_
1663-3	PKP125	1663	1663	3	troppo	troppo	_	_	_	_	_	linguistic	_	none	_	_	_	_	_	_
1663-4	PKP125	1663	1663	4	buono	buono	_	_	_	_	_	linguistic	_	none	PauseAfter=Yes	_	_	_	_	_
1663-5	PKP125	1663	1663	5	{P}	{P}	_	_	_	_	_	shortpause	_	none	_	_	_	_	_	_
1663-6	PKP125	1663	1663	6	>mi	mi	_	_	_	_	_	linguistic	_	none	_	_	_	Fast=0-2(0)	_	_
1663-7	PKP125	1663	1663	7	credi	credi	_	_	_	_	_	linguistic	_	none	_	_	_	Fast=0-5(0)	_	_
1663-8	PKP125	1663	1663	8	uno	uno	_	_	_	_	_	linguistic	_	none	_	_	_	Fast=0-3(0)	_	_
1663-9	PKP125	1663	1663	9	dei	dei	_	_	_	_	_	linguistic	_	none	_	_	_	Fast=0-3(0)	_	_
1663-10	PKP125	1663	1663	10	cinesi<	cinesi	_	_	_	_	_	linguistic	_	none	_	_	_	Fast=0-6(0)	_	_
1663-11	PKP125	1663	1663	11	proprio	proprio	_	_	_	_	_	linguistic	_	none	_	_	_	_	_	_
1663-12	PKP125	1663	1663	12	più	più	_	_	_	_	_	linguistic	_	none	_	_	_	_	_	_
1663-13	PKP125	1663	1663	13	buoni	buoni	_	_	_	_	_	linguistic	_	none	_	End=2662.822	_	_	_	_
1664-0	PKP131	1664	1664	0	x	x	_	_	_	_	_	unknown	_	none	Syllables=1	Begin=2664.576|End=2664.837	_	_	_	_
1665-0	PKP131	1665	1665	0	ti	ti	_	_	_	_	_	linguistic	_	none	_	Begin=2665.113	_	_	_	_
1665-1	PKP131	1665	1665	1	giuro	giuro	_	_	_	_	_	linguistic	_	none	_	End=2665.743	_	_	_	_
1666-0	PKP131	1666	1666	0	le	le	_	_	_	_	_	linguistic	_	none	_	Begin=2665.98	_	_	_	_
1666-1	PKP131	1666	1666	1	tue	tue	_	_	_	_	_	linguistic	_	none	_	_	_	_	_	_
1666-2	PKP131	1666	1666	2	frasi	frasi	_	_	_	_	_	linguistic	_	none	_	_	_	_	_	_
1666-3	PKP131	1666	1666	3	sono	sono	_	_	_	_	_	linguistic	_	none	_	_	_	_	_	_
1666-4	PKP131	1666	1666	4	proprio	proprio	_	_	_	_	_	linguistic	_	none	_	End=2667.02	_	_	_	_
1667-0	PKP131	1667	1667	0	grammaticalmente	grammaticalmente	_	_	_	_	_	linguistic	_	none	_	Begin=2667.31	_	_	_	_
1667-1	PKP131	1667	1667	1	sco~	sco~	_	_	_	_	_	linguistic	_	none	Interrupted=Yes	_	_	_	_	_
1667-2	PKP131	1667	1667	2	{ride}	{ride}	_	_	_	_	_	nonverbalbehavior	_	none	_	End=2668.541	_	_	_	_
1668-0	PKP125	1668	1668	0	{ride}	{ride}	_	_	_	_	_	nonverbalbehavior	_	none	_	Begin=2668.029|End=2669.507	_	_	_	_
1669-0	PKP131	1669	1669	0	{ride}	{ride}	_	_	_	_	_	nonverbalbehavior	_	none	_	Begin=2670.201|End=2670.762	_	_	_	_
1670-0	PKP131	1670	1670	0	che	che	_	_	_	_	_	linguistic	_	none	_	Begin=2670.812	_	_	_	_
1670-1	PKP131	1670	1670	1	chi	chi	_	_	_	_	_	linguistic	_	none	_	_	_	_	_	_
1670-2	PKP131	1670	1670	2	ti	ti	_	_	_	_	_	linguistic	_	none	_	_	_	_	_	_
1670-3	PKP131	1670	1670	3	se:nte	sente	_	_	_	_	_	linguistic	_	none	_	End=2671.709	1x1	_	_	_
1671-0	PKP131	1671	1671	0	dice	dice	_	_	_	_	_	linguistic	_	none	_	Begin=2671.765	_	_	_	_
1671-1	PKP131	1671	1671	1	x	x	_	_	_	_	_	unknown	_	none	Syllables=1	End=2672.162	_	_	_	_
1672-0	PKP125	1672	1672	0	spe[sso]	spesso	_	_	_	_	_	linguistic	_	none	_	Begin=2672.971	_	_	_	3-6(131)
1672-1	PKP125	1672	1672	1	me	me	_	_	_	_	_	linguistic	_	none	_	_	_	_	_	_
1672-2	PKP125	1672	1672	2	lo	lo	_	_	_	_	_	linguistic	_	none	_	_	_	_	_	_
1672-3	PKP125	1672	1672	3	dicono	dicono	_	_	_	_	_	linguistic	_	none	_	End=2674.014	_	_	_	_
1673-0	PKP131	1673	1673	0	[xx]	xx	_	_	_	_	_	unknown	_	none	Syllables=2	Begin=2673.182|End=2673.453	_	_	_	0-2(131)
1674-0	PKP125	1674	1674	0	tra	tra	_	_	_	_	_	linguistic	_	none	_	Begin=2674.497	_	_	_	_
1674-1	PKP125	1674	1674	1	l'	l'	_	_	_	_	_	linguistic	_	none	SpaceAfter=No	_	_	_	_	_
1674-2	PKP125	1674	1674	2	altro	altro	_	_	_	_	_	linguistic	_	none	_	End=2674.881	_	_	_	_
1675-0	PKP125	1675	1675	0	futuro	futuro	_	_	_	_	_	linguistic	_	none	_	Begin=2674.911	_	_	_	_
1675-1	PKP125	1675	1675	1	insegnante	insegnante	_	_	_	_	_	linguistic	_	none	_	_	_	_	_	_
1675-2	PKP125	1675	1675	2	di	di	_	_	_	_	_	linguistic	_	none	_	_	_	_	_	_
1675-3	PKP125	1675	1675	3	italiano	italiano	_	_	_	_	_	linguistic	_	none	_	_	_	_	_	_
1675-4	PKP125	1675	1675	4	{ride}	{ride}	_	_	_	_	_	nonverbalbehavior	_	none	_	End=2676.63	_	_	_	_
1676-0	PKP125	1676	1676	0	{ride}	{ride}	_	_	_	_	_	nonverbalbehavior	_	none	_	Begin=2677.477|End=2678.803	_	_	_	_
1677-0	PKP125	1677	1677	0	ma	ma	_	_	_	_	_	linguistic	_	none	_	Begin=2679.645	_	_	_	_
1677-1	PKP125	1677	1677	1	perché	perché	_	_	_	_	_	linguistic	_	none	_	_	_	_	_	_
1677-2	PKP125	1677	1677	2	sono	sono	_	_	_	_	_	linguistic	_	none	_	_	_	_	_	_
1677-3	PKP125	1677	1677	3	grammaticalmente	grammaticalmente	_	_	_	_	_	linguistic	_	none	_	_	_	_	_	_
1677-4	PKP125	1677	1677	4	scorre:tto?	scorretto	_	_	_	_	_	linguistic	_	none	Intonation=Rising	_	5x1	_	_	_
1677-5	PKP125	1677	1677	5	{ride}	{ride}	_	_	_	_	_	nonverbalbehavior	_	none	_	End=2682.261	_	_	_	_
1678-0	PKP131	1678	1678	0	è:	è	_	_	_	_	_	linguistic	_	none	_	Begin=2683.872	0x1	_	_	_
1678-1	PKP131	1678	1678	1	uno	uno	_	_	_	_	_	linguistic	_	none	_	_	_	_	_	_
1678-2	PKP131	1678	1678	2	dei	dei	_	_	_	_	_	linguistic	_	none	_	_	_	_	_	_
1678-3	PKP131	1678	1678	3	cinesi	cinesi	_	_	_	_	_	linguistic	_	none	_	End=2684.847	_	_	_	_
1679-0	PKP131	1679	1679	0	più	più	_	_	_	_	_	linguistic	_	none	_	Begin=2684.908	_	_	_	_
1679-1	PKP131	1679	1679	1	buoni	buoni	_	_	_	_	_	linguistic	_	none	_	_	_	_	_	_
1679-2	PKP131	1679	1679	2	che	che	_	_	_	_	_	linguistic	_	none	_	_	_	_	_	_
1679-3	PKP131	1679	1679	3	abbia	abbia	_	_	_	_	_	linguistic	_	none	_	_	_	_	_	_
1679-4	PKP131	1679	1679	4	mai	mai	_	_	_	_	_	linguistic	_	none	_	_	_	_	_	_
1679-5	PKP131	1679	1679	5	assaggiato	assaggiato	_	_	_	_	_	linguistic	_	none	_	_	_	_	_	_
1679-6	PKP131	1679	1679	6	{ride}	{ride}	_	_	_	_	_	nonverbalbehavior	_	none	_	End=2686.517	_	_	_	_
1680-0	PKP125	1680	1680	0	{ride}	{ride}	_	_	_	_	_	nonverbalbehavior	_	none	_	Begin=2686.261	_	_	_	_
1680-1	PKP125	1680	1680	1	vabbè	vabbè	_	_	_	_	_	linguistic	_	none	_	_	_	_	_	_
1680-2	PKP125	1680	1680	2	dei	dei	_	_	_	_	_	linguistic	_	none	_	_	_	_	_	_
1680-3	PKP125	1680	1680	3	ristora:nti	ristoranti	_	_	_	_	_	linguistic	_	none	_	End=2688.438	6x1	_	_	_
1681-0	PKP125	1681	1681	0	cine:[si]	cinesi	_	_	_	_	_	linguistic	_	none	_	Begin=2688.497|End=2689.123	3x1	_	_	4-6(133)
1682-0	PKP131	1682	1682	0	[e]:h	eh	_	_	_	_	_	linguistic	_	none	_	Begin=2688.901|End=2689.241	0x1	_	_	0-1(133)
