token_id	speaker	tu_id	id	span	form	lemma	upos	xpos	feats	deprel	type	meta_label	code-variation	jefferson_feats	align	prolongations	pace	guesses	overlaps
0-0	PKP125	0	0	okay	okay	_	_	_	_	_	linguistic	_	ContainsVariation=No	_	Begin=5.528|End=5.741	_	_	_	_
1-0	PKP125	1	0	ma	ma	_	_	_	_	_	linguistic	_	ContainsVariation=No	_	Begin=9.476	_	_	_	_
1-1	PKP125	1	1	daniele	daniele	_	_	_	_	_	linguistic	_	ContainsVariation=No	_	_	_	_	_	_
1-2	PKP125	1	2	l'	l'	_	_	_	_	_	linguistic	_	ContainsVariation=No	SpaceAfter=No	_	_	_	_	_
1-3	PKP125	1	3	ha	ha	_	_	_	_	_	linguistic	_	ContainsVariation=No	_	_	_	_	_	_
1-4	PKP125	1	4	fatta	fatta	_	_	_	_	_	linguistic	_	ContainsVariation=No	_	_	_	_	_	_
1-5	PKP125	1	5	la	la	_	_	_	_	_	linguistic	_	ContainsVariation=No	_	_	_	_	_	_
1-6	PKP125	1	6	vaccinazione	vaccinazione	_	_	_	_	_	linguistic	_	ContainsVariation=No	_	_	_	_	_	_
1-7	PKP125	1	7	stamat[tina]?	stamattina	_	_	_	_	_	linguistic	_	ContainsVariation=No	Intonation=Rising	End=12.002	_	_	_	5-10(0)
2-0	PKP130	2	0	m:hm:h	mhmh	_	_	_	_	_	linguistic	_	ContainsVariation=No	_	Begin=11.838|End=12.31	0x1,2x1	_	_	_
3-0	PKP125	3	0	ma	ma	_	_	_	_	_	linguistic	_	ContainsVariation=No	_	Begin=13.91	_	_	_	_
3-1	PKP125	3	1	che	che	_	_	_	_	_	linguistic	_	ContainsVariation=No	_	_	_	_	_	_
3-2	PKP125	3	2	vac~	vac~	_	_	_	_	_	linguistic	_	ContainsVariation=No	Interrupted=Yes	_	_	_	_	_
3-3	PKP125	3	3	zione	zione	_	_	_	_	_	linguistic	_	ContainsVariation=No	_	_	_	_	_	_
3-4	PKP125	3	4	era?	era	_	_	_	_	_	linguistic	_	ContainsVariation=No	Intonation=Rising	End=15.054	_	_	_	_
4-0	PKP130	4	0	e:h	eh	_	_	_	_	_	linguistic	_	ContainsVariation=No	_	Begin=17.778	0x1	_	_	_
4-1	PKP130	4	1	una	una	_	_	_	_	_	linguistic	_	ContainsVariation=No	_	_	_	_	_	_
4-2	PKP130	4	2	delle	delle	_	_	_	_	_	linguistic	_	ContainsVariation=No	_	_	_	_	_	_
4-3	PKP130	4	3	vaccinazioni	vaccinazioni	_	_	_	_	_	linguistic	_	ContainsVariation=No	_	End=18.94	_	_	_	_
5-0	PKP130	5	0	la	la	_	_	_	_	_	linguistic	_	ContainsVariation=No	_	Begin=21.558	_	_	_	_
5-1	PKP130	5	1	trivalente	trivalente	_	_	_	_	_	linguistic	_	ContainsVariation=No	_	_	_	_	_	_
5-2	PKP130	5	2	mi	mi	_	_	_	_	_	linguistic	_	ContainsVariation=No	_	_	_	_	_	_
5-3	PKP130	5	3	pare	pare	_	_	_	_	_	linguistic	_	ContainsVariation=No	_	End=22.452	_	_	_	_
6-0	PKP125	6	0	la	la	_	_	_	_	_	linguistic	_	ContainsVariation=No	_	Begin=23.203	_	_	_	_
6-1	PKP125	6	1	trivalente?	trivalente	_	_	_	_	_	linguistic	_	ContainsVariation=No	Intonation=Rising	End=23.986	_	_	_	_
7-0	PKP130	7	0	m:h	mh	_	_	_	_	_	linguistic	_	ContainsVariation=No	_	Begin=24.49|End=24.741	0x1	_	_	_
8-0	PKP125	8	0	e	e	_	_	_	_	_	linguistic	_	ContainsVariation=No	_	Begin=26.144	_	_	_	_
8-1	PKP125	8	1	già	già	_	_	_	_	_	linguistic	_	ContainsVariation=No	_	_	_	_	_	_
8-2	PKP125	8	2	si	si	_	_	_	_	_	linguistic	_	ContainsVariation=No	_	_	_	_	_	_
8-3	PKP125	8	3	fa?	fa	_	_	_	_	_	linguistic	_	ContainsVariation=No	Intonation=Rising	End=26.765	_	_	_	_
9-0	PKP130	9	0	# ja	ja	_	_	_	_	_	linguistic	_	ContainsVariation=Yes|Code=Underspecified	_	Begin=29.314	_	_	_	_
9-1	PKP130	9	1	na	na	_	_	_	_	_	linguistic	_	ContainsVariation=Yes|Code=Underspecified	_	_	_	_	_	_
9-2	PKP130	9	2	capisc	capisc	_	_	_	_	_	linguistic	_	ContainsVariation=Yes|Code=Underspecified	_	_	_	_	_	_
9-3	PKP130	9	3	a	a	_	_	_	_	_	linguistic	_	ContainsVariation=Yes|Code=Underspecified	_	_	_	_	_	_
9-4	PKP130	9	4	scrittur	scrittur	_	_	_	_	_	linguistic	_	ContainsVariation=Yes|Code=Underspecified	_	_	_	_	_	_
9-5	PKP130	9	5	ra	ra	_	_	_	_	_	linguistic	_	ContainsVariation=Yes|Code=Underspecified	_	_	_	_	_	_
9-6	PKP130	9	6	dottoress	dottoress	_	_	_	_	_	linguistic	_	ContainsVariation=Yes|Code=Underspecified	_	End=30.944	_	_	_	_
10-0	PKP130	10	0	>hai	hai	_	_	_	_	_	linguistic	_	ContainsVariation=No	_	Begin=32.91	_	Fast=0-3(0)	_	_
10-1	PKP130	10	1	avviato<?	avviato	_	_	_	_	_	linguistic	_	ContainsVariation=No	Intonation=Rising	End=33.442	_	Fast=0-7(0)	_	_
11-0	PKP125	11	0	sì	sì	_	_	_	_	_	linguistic	_	ContainsVariation=No	_	Begin=33.982|End=34.199	_	_	_	_
12-0	PKP130	12	0	AH	ah	_	_	_	_	_	linguistic	_	ContainsVariation=No	Volume=high	Begin=34.607	_	_	_	_
12-1	PKP130	12	1	hai	hai	_	_	_	_	_	linguistic	_	ContainsVariation=No	_	_	_	_	_	_
12-2	PKP130	12	2	cominciATO	cominciato	_	_	_	_	_	linguistic	_	ContainsVariation=No	Volume=high	End=35.394	_	_	_	_
13-0	PKP125	13	0	mhmh	mhmh	_	_	_	_	_	linguistic	_	ContainsVariation=No	_	Begin=35.598|End=35.934	_	_	_	_
14-0	PKP130	14	0	nie:nte	niente	_	_	_	_	_	linguistic	_	ContainsVariation=No	_	Begin=36.437	2x1	_	_	_
14-1	PKP130	14	1	la:~	la~	_	_	_	_	_	linguistic	_	ContainsVariation=No	Interrupted=Yes	_	1x1	_	_	_
14-2	PKP130	14	2	è	è	_	_	_	_	_	linguistic	_	ContainsVariation=No	_	_	_	_	_	_
14-3	PKP130	14	3	il	il	_	_	_	_	_	linguistic	_	ContainsVariation=No	_	_	_	_	_	_
14-4	PKP130	14	4	secondo	secondo	_	_	_	_	_	linguistic	_	ContainsVariation=No	_	_	_	_	_	_
14-5	PKP130	14	5	richiamo	richiamo	_	_	_	_	_	linguistic	_	ContainsVariation=No	_	_	_	_	_	_
14-6	PKP130	14	6	la	la	_	_	_	_	_	linguistic	_	ContainsVariation=No	_	_	_	_	_	_
14-7	PKP130	14	7	prima	prima	_	_	_	_	_	linguistic	_	ContainsVariation=No	_	_	_	_	_	_
14-8	PKP130	14	8	l'	l'	_	_	_	_	_	linguistic	_	ContainsVariation=No	SpaceAfter=No	_	_	_	_	_
14-9	PKP130	14	9	ha	ha	_	_	_	_	_	linguistic	_	ContainsVariation=No	_	_	_	_	_	_
14-10	PKP130	14	10	fatta	fatta	_	_	_	_	_	linguistic	_	ContainsVariation=No	_	_	_	_	_	_
14-11	PKP130	14	11	il	il	_	_	_	_	_	linguistic	_	ContainsVariation=No	_	_	_	_	_	_
14-12	PKP130	14	12	quindici	quindici	_	_	_	_	_	linguistic	_	ContainsVariation=No	_	_	_	_	_	_
14-13	PKP130	14	13	giugno	giugno	_	_	_	_	_	linguistic	_	ContainsVariation=No	PauseAfter=Yes	_	_	_	_	_
14-14	PKP130	14	14	(.)	(.)	_	_	_	_	_	shortpause	_	ContainsVariation=No	_	_	_	_	_	_
14-15	PKP130	14	15	quando	quando	_	_	_	_	_	linguistic	_	ContainsVariation=No	_	_	_	_	_	_
14-16	PKP130	14	16	pianse	pianse	_	_	_	_	_	linguistic	_	ContainsVariation=No	_	_	_	_	_	_
14-17	PKP130	14	17	tutta	tutta	_	_	_	_	_	linguistic	_	ContainsVariation=No	_	_	_	_	_	_
14-18	PKP130	14	18	la	la	_	_	_	_	_	linguistic	_	ContainsVariation=No	_	_	_	_	_	_
14-19	PKP130	14	19	giornata	giornata	_	_	_	_	_	linguistic	_	ContainsVariation=No	_	End=41.727	_	_	_	_
15-0	PKP125	15	0	m:h	mh	_	_	_	_	_	linguistic	_	ContainsVariation=No	_	Begin=42.122|End=42.403	0x1	_	_	_
16-0	PKP125	16	0	quando	quando	_	_	_	_	_	linguistic	_	ContainsVariation=No	_	Begin=44.126	_	_	_	_
16-1	PKP125	16	1	si	si	_	_	_	_	_	linguistic	_	ContainsVariation=No	_	_	_	_	_	_
16-2	PKP125	16	2	fece	fece	_	_	_	_	_	linguistic	_	ContainsVariation=No	_	_	_	_	_	_
16-3	PKP125	16	3	il	il	_	_	_	_	_	linguistic	_	ContainsVariation=No	_	_	_	_	_	_
16-4	PKP125	16	4	bubbone?	bubbone	_	_	_	_	_	linguistic	_	ContainsVariation=No	Intonation=Rising	End=45.454	_	_	_	_
17-0	PKP130	17	0	E:SATTO	esatto	_	_	_	_	_	linguistic	_	ContainsVariation=No	Volume=high	Begin=45.656|End=46.303	0x1	_	_	_
18-0	PKP130	18	0	però	però	_	_	_	_	_	linguistic	_	ContainsVariation=No	_	Begin=47.373	_	_	_	_
18-1	PKP130	18	1	quelle	quelle	_	_	_	_	_	linguistic	_	ContainsVariation=No	_	_	_	_	_	_
18-2	PKP130	18	2	ne	ne	_	_	_	_	_	linguistic	_	ContainsVariation=No	_	_	_	_	_	_
18-3	PKP130	18	3	erano	erano	_	_	_	_	_	linguistic	_	ContainsVariation=No	_	_	_	_	_	_
18-4	PKP130	18	4	due	due	_	_	_	_	_	linguistic	_	ContainsVariation=No	_	_	_	_	_	_
18-5	PKP130	18	5	addirittura	addirittura	_	_	_	_	_	linguistic	_	ContainsVariation=No	_	End=49.007	_	_	_	_
19-0	PKP125	19	0	mh	mh	_	_	_	_	_	linguistic	_	ContainsVariation=No	_	Begin=49.685|End=49.97	_	_	_	_
20-0	PKP130	20	0	poi	poi	_	_	_	_	_	linguistic	_	ContainsVariation=No	_	Begin=49.974	_	_	_	_
20-1	PKP130	20	1	ne	ne	_	_	_	_	_	linguistic	_	ContainsVariation=No	_	_	_	_	_	_
20-2	PKP130	20	2	ha	ha	_	_	_	_	_	linguistic	_	ContainsVariation=No	_	_	_	_	_	_
20-3	PKP130	20	3	fatto	fatto	_	_	_	_	_	linguistic	_	ContainsVariation=No	_	_	_	_	_	_
20-4	PKP130	20	4	una	una	_	_	_	_	_	linguistic	_	ContainsVariation=No	_	_	_	_	_	_
20-5	PKP130	20	5	il	il	_	_	_	_	_	linguistic	_	ContainsVariation=No	_	_	_	_	_	_
20-6	PKP130	20	6	ventinove	ventinove	_	_	_	_	_	linguistic	_	ContainsVariation=No	_	_	_	_	_	_
20-7	PKP130	20	7	luglio,	luglio	_	_	_	_	_	linguistic	_	ContainsVariation=No	Intonation=WeaklyRising	End=51.833	_	_	_	_
21-0	PKP130	21	0	e	e	_	_	_	_	_	linguistic	_	ContainsVariation=No	_	Begin=52.31	_	_	_	_
21-1	PKP130	21	1	però	però	_	_	_	_	_	linguistic	_	ContainsVariation=No	_	_	_	_	_	_
21-2	PKP130	21	2	non	non	_	_	_	_	_	linguistic	_	ContainsVariation=No	_	_	_	_	_	_
21-3	PKP130	21	3	ha	ha	_	_	_	_	_	linguistic	_	ContainsVariation=No	_	_	_	_	_	_
21-4	PKP130	21	4	pianto	pianto	_	_	_	_	_	linguistic	_	ContainsVariation=No	_	_	_	_	_	_
21-5	PKP130	21	5	c(io)e	cioe	_	_	_	_	_	linguistic	_	ContainsVariation=No	_	_	_	_	1-3(0)	_
21-6	PKP130	21	6	è	è	_	_	_	_	_	linguistic	_	ContainsVariation=No	_	_	_	_	_	_
21-7	PKP130	21	7	stato	stato	_	_	_	_	_	linguistic	_	ContainsVariation=No	_	_	_	_	_	_
21-8	PKP130	21	8	molto	molto	_	_	_	_	_	linguistic	_	ContainsVariation=No	_	_	_	_	_	_
21-9	PKP130	21	9	tranquillo.	tranquillo	_	_	_	_	_	linguistic	_	ContainsVariation=No	Intonation=Falling	_	_	_	_	_
21-10	PKP130	21	10	e	e	_	_	_	_	_	linguistic	_	ContainsVariation=No	_	_	_	_	_	_
21-11	PKP130	21	11	poi	poi	_	_	_	_	_	linguistic	_	ContainsVariation=No	_	_	_	_	_	_
21-12	PKP130	21	12	questa	questa	_	_	_	_	_	linguistic	_	ContainsVariation=No	_	_	_	_	_	_
21-13	PKP130	21	13	mattina	mattina	_	_	_	_	_	linguistic	_	ContainsVariation=No	_	_	_	_	_	_
21-14	PKP130	21	14	che	che	_	_	_	_	_	linguistic	_	ContainsVariation=No	_	_	_	_	_	_
21-15	PKP130	21	15	era	era	_	_	_	_	_	linguistic	_	ContainsVariation=No	_	_	_	_	_	_
21-16	PKP130	21	16	solo	solo	_	_	_	_	_	linguistic	_	ContainsVariation=No	_	_	_	_	_	_
21-17	PKP130	21	17	una	una	_	_	_	_	_	linguistic	_	ContainsVariation=No	_	End=56.199	_	_	_	_
22-0	PKP130	22	0	poi	poi	_	_	_	_	_	linguistic	_	ContainsVariation=No	_	Begin=56.34	_	_	_	_
22-1	PKP130	22	1	direttamente	direttamente	_	_	_	_	_	linguistic	_	ContainsVariation=No	_	_	_	_	_	_
22-2	PKP130	22	2	a	a	_	_	_	_	_	linguistic	_	ContainsVariation=No	_	_	_	_	_	_
22-3	PKP130	22	3	gennaio,	gennaio	_	_	_	_	_	linguistic	_	ContainsVariation=No	Intonation=WeaklyRising	_	_	_	_	_
22-4	PKP130	22	4	e	e	_	_	_	_	_	linguistic	_	ContainsVariation=No	_	_	_	_	_	_
22-5	PKP130	22	5	il	il	_	_	_	_	_	linguistic	_	ContainsVariation=No	_	_	_	_	_	_
22-6	PKP130	22	6	primo	primo	_	_	_	_	_	linguistic	_	ContainsVariation=No	_	_	_	_	_	_
22-7	PKP130	22	7	marzo	marzo	_	_	_	_	_	linguistic	_	ContainsVariation=No	_	_	_	_	_	_
22-8	PKP130	22	8	dopo	dopo	_	_	_	_	_	linguistic	_	ContainsVariation=No	_	_	_	_	_	_
22-9	PKP130	22	9	il	il	_	_	_	_	_	linguistic	_	ContainsVariation=No	_	_	_	_	_	_
22-10	PKP130	22	10	compleanno	compleanno	_	_	_	_	_	linguistic	_	ContainsVariation=No	_	End=59.336	_	_	_	_
23-0	PKP125	23	0	mh	mh	_	_	_	_	_	linguistic	_	ContainsVariation=No	_	Begin=60.987|End=61.293	_	_	_	_
24-0	PKP130	24	0	sfortunatamente	sfortunatamente	_	_	_	_	_	linguistic	_	ContainsVariation=No	PauseAfter=Yes	Begin=62.31	_	_	_	_
24-1	PKP130	24	1	(.)	(.)	_	_	_	_	_	shortpause	_	ContainsVariation=No	_	_	_	_	_	_
24-2	PKP130	24	2	piange	piange	_	_	_	_	_	linguistic	_	ContainsVariation=No	_	_	_	_	_	_
24-3	PKP130	24	3	un	un	_	_	_	_	_	linguistic	_	ContainsVariation=No	_	_	_	_	_	_
24-4	PKP130	24	4	po'	po'	_	_	_	_	_	linguistic	_	ContainsVariation=No	_	End=63.9	_	_	_	_
25-0	PKP130	25	0	>PRIMA<	prima	_	_	_	_	_	linguistic	_	ContainsVariation=No	Volume=high	Begin=64.745|End=65.415	_	Fast=0-5(0)	_	_
26-0	PKP130	26	0	non	non	_	_	_	_	_	linguistic	_	ContainsVariation=No	_	Begin=66.74	_	_	_	_
26-1	PKP130	26	1	piangeva	piangeva	_	_	_	_	_	linguistic	_	ContainsVariation=No	_	_	_	_	_	_
26-2	PKP130	26	2	neanche	neanche	_	_	_	_	_	linguistic	_	ContainsVariation=No	_	End=67.83	_	_	_	_
27-0	PKP125	27	0	ma	ma	_	_	_	_	_	linguistic	_	ContainsVariation=No	_	Begin=68.605	_	_	_	_
27-1	PKP125	27	1	quando	quando	_	_	_	_	_	linguistic	_	ContainsVariation=No	_	_	_	_	_	_
27-2	PKP125	27	2	gli	gli	_	_	_	_	_	linguistic	_	ContainsVariation=No	_	_	_	_	_	_
27-3	PKP125	27	3	fanno	fanno	_	_	_	_	_	linguistic	_	ContainsVariation=No	_	_	_	_	_	_
27-4	PKP125	27	4	la	la	_	_	_	_	_	linguistic	_	ContainsVariation=No	_	_	_	_	_	_
27-5	PKP125	27	5	siringa	siringa	_	_	_	_	_	linguistic	_	ContainsVariation=No	_	_	_	_	_	_
27-6	PKP125	27	6	piange?	piange	_	_	_	_	_	linguistic	_	ContainsVariation=No	Intonation=Rising	End=69.845	_	_	_	_
28-0	PKP130	28	0	M:H	mh	_	_	_	_	_	linguistic	_	ContainsVariation=No	Volume=high	Begin=69.92|End=70.33	0x1	_	_	_
29-0	PKP125	29	0	sì?	sì	_	_	_	_	_	linguistic	_	ContainsVariation=No	Intonation=Rising	Begin=71.375|End=71.625	_	_	_	_
30-0	PKP130	30	0	sì	sì	_	_	_	_	_	linguistic	_	ContainsVariation=No	_	Begin=71.7	_	_	_	_
30-1	PKP130	30	1	perché	perché	_	_	_	_	_	linguistic	_	ContainsVariation=No	_	_	_	_	_	_
30-2	PKP130	30	2	è	è	_	_	_	_	_	linguistic	_	ContainsVariation=No	_	_	_	_	_	_
30-3	PKP130	30	3	colto	colto	_	_	_	_	_	linguistic	_	ContainsVariation=No	_	_	_	_	_	_
30-4	PKP130	30	4	di	di	_	_	_	_	_	linguistic	_	ContainsVariation=No	_	_	_	_	_	_
30-5	PKP130	30	5	SORPRESA	sorpresa	_	_	_	_	_	linguistic	_	ContainsVariation=No	Volume=high	_	_	_	_	_
30-6	PKP130	30	6	all'	all'	_	_	_	_	_	linguistic	_	ContainsVariation=No	SpaceAfter=No	_	_	_	_	_
30-7	PKP130	30	7	improvviso	improvviso	_	_	_	_	_	linguistic	_	ContainsVariation=No	_	_	_	_	_	_
30-8	PKP130	30	8	PA:M	pam	_	_	_	_	_	linguistic	_	ContainsVariation=No	Volume=high	End=73.97	1x1	_	_	_
31-0	PKP130	31	0	>però<	però	_	_	_	_	_	linguistic	_	ContainsVariation=No	_	Begin=74.92	_	Fast=0-4(0)	_	_
31-1	PKP130	31	1	oggi	oggi	_	_	_	_	_	linguistic	_	ContainsVariation=No	_	_	_	_	_	_
31-2	PKP130	31	2	c'	c'	_	_	_	_	_	linguistic	_	ContainsVariation=No	SpaceAfter=No	_	_	_	_	_
31-3	PKP130	31	3	era	era	_	_	_	_	_	linguistic	_	ContainsVariation=No	_	_	_	_	_	_
31-4	PKP130	31	4	una	una	_	_	_	_	_	linguistic	_	ContainsVariation=No	_	_	_	_	_	_
31-5	PKP130	31	5	dottoressa	dottoressa	_	_	_	_	_	linguistic	_	ContainsVariation=No	_	_	_	_	_	_
31-6	PKP130	31	6	giovane	giovane	_	_	_	_	_	linguistic	_	ContainsVariation=No	_	_	_	_	_	_
31-7	PKP130	31	7	più	più	_	_	_	_	_	linguistic	_	ContainsVariation=No	_	_	_	_	_	_
31-8	PKP130	31	8	<dolce>	dolce	_	_	_	_	_	linguistic	_	ContainsVariation=No	_	End=77.21	_	Slow=0-5(0)	_	_
32-0	PKP125	32	0	m:h	mh	_	_	_	_	_	linguistic	_	ContainsVariation=No	_	Begin=78.385|End=78.675	0x1	_	_	_
33-0	PKP130	33	0	>ambé<	ambé	_	_	_	_	_	linguistic	_	ContainsVariation=No	_	Begin=79.77	_	Fast=0-4(0)	_	_
33-1	PKP130	33	1	ti	ti	_	_	_	_	_	linguistic	_	ContainsVariation=No	_	_	_	_	_	_
33-2	PKP130	33	2	chiedono	chiedono	_	_	_	_	_	linguistic	_	ContainsVariation=No	_	_	_	_	_	_
33-3	PKP130	33	3	se	se	_	_	_	_	_	linguistic	_	ContainsVariation=No	_	_	_	_	_	_
33-4	PKP130	33	4	ha	ha	_	_	_	_	_	linguistic	_	ContainsVariation=No	_	_	_	_	_	_
33-5	PKP130	33	5	avuto	avuto	_	_	_	_	_	linguistic	_	ContainsVariation=No	_	_	_	_	_	_
33-6	PKP130	33	6	allergie	allergie	_	_	_	_	_	linguistic	_	ContainsVariation=No	_	_	_	_	_	_
33-7	PKP130	33	7	se	se	_	_	_	_	_	linguistic	_	ContainsVariation=No	_	_	_	_	_	_
33-8	PKP130	33	8	ha	ha	_	_	_	_	_	linguistic	_	ContainsVariation=No	_	_	_	_	_	_
33-9	PKP130	33	9	avuto	avuto	_	_	_	_	_	linguistic	_	ContainsVariation=No	_	_	_	_	_	_
33-10	PKP130	33	10	febbre.	febbre	_	_	_	_	_	linguistic	_	ContainsVariation=No	Intonation=Falling	End=82.06	_	_	_	_
34-0	PKP125	34	0	ma	ma	_	_	_	_	_	linguistic	_	ContainsVariation=No	_	Begin=82.56	_	_	_	_
34-1	PKP125	34	1	quello	quello	_	_	_	_	_	linguistic	_	ContainsVariation=No	_	_	_	_	_	_
34-2	PKP125	34	2	sulla	sulla	_	_	_	_	_	linguistic	_	ContainsVariation=No	_	_	_	_	_	_
34-3	PKP125	34	3	gamba	gamba	_	_	_	_	_	linguistic	_	ContainsVariation=No	_	_	_	_	_	_
34-4	PKP125	34	4	la	la	_	_	_	_	_	linguistic	_	ContainsVariation=No	_	_	_	_	_	_
34-5	PKP125	34	5	fanno	fanno	_	_	_	_	_	linguistic	_	ContainsVariation=No	_	_	_	_	_	_
34-6	PKP125	34	6	no?	no	_	_	_	_	_	linguistic	_	ContainsVariation=No	Intonation=Rising	End=83.79	_	_	_	_
35-0	PKP130	35	0	mhmh	mhmh	_	_	_	_	_	linguistic	_	ContainsVariation=No	_	Begin=83.91|End=84.35	_	_	_	_
36-0	PKP130	36	0	prima	prima	_	_	_	_	_	linguistic	_	ContainsVariation=No	_	Begin=87.07	_	_	_	_
36-1	PKP130	36	1	ti	ti	_	_	_	_	_	linguistic	_	ContainsVariation=No	_	_	_	_	_	_
36-2	PKP130	36	2	facevano	facevano	_	_	_	_	_	linguistic	_	ContainsVariation=No	_	_	_	_	_	_
36-3	PKP130	36	3	tira~	tira~	_	_	_	_	_	linguistic	_	ContainsVariation=No	Interrupted=Yes|PauseAfter=Yes	_	_	_	_	_
36-4	PKP130	36	4	(.)	(.)	_	_	_	_	_	shortpause	_	ContainsVariation=No	_	_	_	_	_	_
36-5	PKP130	36	5	tenere	tenere	_	_	_	_	_	linguistic	_	ContainsVariation=No	_	_	_	_	_	_
36-6	PKP130	36	6	le	le	_	_	_	_	_	linguistic	_	ContainsVariation=No	_	_	_	_	_	_
36-7	PKP130	36	7	gambe	gambe	_	_	_	_	_	linguistic	_	ContainsVariation=No	_	_	_	_	_	_
36-8	PKP130	36	8	ferme	ferme	_	_	_	_	_	linguistic	_	ContainsVariation=No	_	_	_	_	_	_
36-9	PKP130	36	9	invece	invece	_	_	_	_	_	linguistic	_	ContainsVariation=No	_	_	_	_	_	_
36-10	PKP130	36	10	o~	o~	_	_	_	_	_	linguistic	_	ContainsVariation=No	Interrupted=Yes	End=89.58	_	_	_	_
37-0	PKP130	37	0	oggi	oggi	_	_	_	_	_	linguistic	_	ContainsVariation=No	_	Begin=89.94	_	_	_	_
37-1	PKP130	37	1	mi	mi	_	_	_	_	_	linguistic	_	ContainsVariation=No	_	_	_	_	_	_
37-2	PKP130	37	2	hanno	hanno	_	_	_	_	_	linguistic	_	ContainsVariation=No	_	_	_	_	_	_
37-3	PKP130	37	3	detto:	detto	_	_	_	_	_	linguistic	_	ContainsVariation=No	_	End=90.77	4x1	_	_	_
38-0	PKP130	38	0	tenga	tenga	_	_	_	_	_	linguistic	_	ContainsVariation=No	_	Begin=92.52	_	_	_	_
38-1	PKP130	38	1	LE	le	_	_	_	_	_	linguistic	_	ContainsVariation=No	Volume=high	_	_	_	_	_
38-2	PKP130	38	2	MANI,	mani	_	_	_	_	_	linguistic	_	ContainsVariation=No	Intonation=WeaklyRising|Volume=high	End=93.29	_	_	_	_
39-0	PKP125	39	0	mh	mh	_	_	_	_	_	linguistic	_	ContainsVariation=No	_	Begin=94.89|End=95.15	_	_	_	_
40-0	PKP130	40	0	così	così	_	_	_	_	_	linguistic	_	ContainsVariation=No	_	Begin=95.32	_	_	_	_
40-1	PKP130	40	1	lui	lui	_	_	_	_	_	linguistic	_	ContainsVariation=No	_	_	_	_	_	_
40-2	PKP130	40	2	guardava	guardava	_	_	_	_	_	linguistic	_	ContainsVariation=No	_	_	_	_	_	_
40-3	PKP130	40	3	ME	me	_	_	_	_	_	linguistic	_	ContainsVariation=No	Volume=high	End=96.27	_	_	_	_
41-0	PKP130	41	0	>capito<?	capito	_	_	_	_	_	linguistic	_	ContainsVariation=No	Intonation=Rising	Begin=96.43|End=96.89	_	Fast=0-6(0)	_	_
42-0	PKP130	42	0	è	è	_	_	_	_	_	linguistic	_	ContainsVariation=No	_	Begin=99.495	_	_	_	_
42-1	PKP130	42	1	durato	durato	_	_	_	_	_	linguistic	_	ContainsVariation=No	_	_	_	_	_	_
42-2	PKP130	42	2	poco	poco	_	_	_	_	_	linguistic	_	ContainsVariation=No	_	End=100.125	_	_	_	_
43-0	PKP130	43	0	ha	ha	_	_	_	_	_	linguistic	_	ContainsVariation=No	_	Begin=101.115	_	_	_	_
43-1	PKP130	43	1	pianto	pianto	_	_	_	_	_	linguistic	_	ContainsVariation=No	_	_	_	_	_	_
43-2	PKP130	43	2	poco	poco	_	_	_	_	_	linguistic	_	ContainsVariation=No	_	End=101.785	_	_	_	_
44-0	PKP125	44	0	mh	mh	_	_	_	_	_	linguistic	_	ContainsVariation=No	_	Begin=102.625|End=102.845	_	_	_	_
45-0	PKP130	45	0	mo	mo	_	_	_	_	_	linguistic	_	ContainsVariation=No	_	Begin=104.25	_	_	_	_
45-1	PKP130	45	1	vediamo	vediamo	_	_	_	_	_	linguistic	_	ContainsVariation=No	_	_	_	_	_	_
45-2	PKP130	45	2	oggi	oggi	_	_	_	_	_	linguistic	_	ContainsVariation=No	_	_	_	_	_	_
45-3	PKP130	45	3	pomeriggio	pomeriggio	_	_	_	_	_	linguistic	_	ContainsVariation=No	_	_	_	_	_	_
45-4	PKP130	45	4	come	come	_	_	_	_	_	linguistic	_	ContainsVariation=No	_	_	_	_	_	_
45-5	PKP130	45	5	va	va	_	_	_	_	_	linguistic	_	ContainsVariation=No	PauseAfter=Yes	_	_	_	_	_
45-6	PKP130	45	6	(.)	(.)	_	_	_	_	_	shortpause	_	ContainsVariation=No	_	_	_	_	_	_
45-7	PKP130	45	7	MANGIATO	mangiato	_	_	_	_	_	linguistic	_	ContainsVariation=No	Volume=high	_	_	_	_	_
45-8	PKP130	45	8	TANTO	tanto	_	_	_	_	_	linguistic	_	ContainsVariation=No	Volume=high	End=106.7	_	_	_	_
46-0	PKP130	46	0	mangiato	mangiato	_	_	_	_	_	linguistic	_	ContainsVariation=No	_	Begin=107.09	_	_	_	_
46-1	PKP130	46	1	un	un	_	_	_	_	_	linguistic	_	ContainsVariation=No	_	_	_	_	_	_
46-2	PKP130	46	2	barattolino	barattolino	_	_	_	_	_	linguistic	_	ContainsVariation=No	_	_	_	_	_	_
46-3	PKP130	46	3	e	e	_	_	_	_	_	linguistic	_	ContainsVariation=No	_	_	_	_	_	_
46-4	PKP130	46	4	mezzo	mezzo	_	_	_	_	_	linguistic	_	ContainsVariation=No	_	_	_	_	_	_
46-5	PKP130	46	5	di	di	_	_	_	_	_	linguistic	_	ContainsVariation=No	_	_	_	_	_	_
46-6	PKP130	46	6	FRUTTA	frutta	_	_	_	_	_	linguistic	_	ContainsVariation=No	Volume=high	End=108.76	_	_	_	_
47-0	PKP125	47	0	mo	mo	_	_	_	_	_	linguistic	_	ContainsVariation=No	_	Begin=113.24	_	_	_	_
47-1	PKP125	47	1	domani	domani	_	_	_	_	_	linguistic	_	ContainsVariation=No	_	_	_	_	_	_
47-2	PKP125	47	2	non	non	_	_	_	_	_	linguistic	_	ContainsVariation=No	_	_	_	_	_	_
47-3	PKP125	47	3	te	te	_	_	_	_	_	linguistic	_	ContainsVariation=No	_	_	_	_	_	_
47-4	PKP125	47	4	lo	lo	_	_	_	_	_	linguistic	_	ContainsVariation=No	_	_	_	_	_	_
47-5	PKP125	47	5	porti	porti	_	_	_	_	_	linguistic	_	ContainsVariation=No	_	_	_	_	_	_
47-6	PKP125	47	6	al	al	_	_	_	_	_	linguistic	_	ContainsVariation=No	_	_	_	_	_	_
47-7	PKP125	47	7	matrimonio	matrimonio	_	_	_	_	_	linguistic	_	ContainsVariation=No	_	_	_	_	_	_
47-8	PKP125	47	8	no?	no	_	_	_	_	_	linguistic	_	ContainsVariation=No	Intonation=Rising	End=114.82	_	_	_	_
48-0	PKP130	48	0	eh	eh	_	_	_	_	_	linguistic	_	ContainsVariation=No	_	Begin=114.995	_	_	_	_
48-1	PKP130	48	1	n:o	no	_	_	_	_	_	linguistic	_	ContainsVariation=No	_	End=115.455	0x1	_	_	_
49-0	PKP130	49	0	vabbè	vabbè	_	_	_	_	_	linguistic	_	ContainsVariation=No	_	Begin=118.04	_	_	_	_
49-1	PKP130	49	1	se	se	_	_	_	_	_	linguistic	_	ContainsVariation=No	_	_	_	_	_	_
49-2	PKP130	49	2	fosse	fosse	_	_	_	_	_	linguistic	_	ContainsVariation=No	_	_	_	_	_	_
49-3	PKP130	49	3	stato	stato	_	_	_	_	_	linguistic	_	ContainsVariation=No	_	_	_	_	_	_
49-4	PKP130	49	4	di	di	_	_	_	_	_	linguistic	_	ContainsVariation=No	_	_	_	_	_	_
49-5	PKP130	49	5	mattina	mattina	_	_	_	_	_	linguistic	_	ContainsVariation=No	_	_	_	_	_	_
49-6	PKP130	49	6	tanto	tanto	_	_	_	_	_	linguistic	_	ContainsVariation=No	_	_	_	_	_	_
49-7	PKP130	49	7	quanto	quanto	_	_	_	_	_	linguistic	_	ContainsVariation=No	_	End=120.2	_	_	_	_
50-0	PKP130	50	0	ma	ma	_	_	_	_	_	linguistic	_	ContainsVariation=No	_	Begin=120.745	_	_	_	_
50-1	PKP130	50	1	alle	alle	_	_	_	_	_	linguistic	_	ContainsVariation=No	_	_	_	_	_	_
50-2	PKP130	50	2	cinque	cinque	_	_	_	_	_	linguistic	_	ContainsVariation=No	_	_	_	_	_	_
50-3	PKP130	50	3	e	e	_	_	_	_	_	linguistic	_	ContainsVariation=No	_	_	_	_	_	_
50-4	PKP130	50	4	mezza	mezza	_	_	_	_	_	linguistic	_	ContainsVariation=No	_	_	_	_	_	_
50-5	PKP130	50	5	devo	devo	_	_	_	_	_	linguistic	_	ContainsVariation=No	_	_	_	_	_	_
50-6	PKP130	50	6	stare	stare	_	_	_	_	_	linguistic	_	ContainsVariation=No	_	_	_	_	_	_
50-7	PKP130	50	7	a	a	_	_	_	_	_	linguistic	_	ContainsVariation=No	_	_	_	_	_	_
50-8	PKP130	50	8	villa	villa	_	_	_	_	_	linguistic	_	ContainsVariation=No	_	_	_	_	_	_
50-9	PKP130	50	9	di	di	_	_	_	_	_	linguistic	_	ContainsVariation=No	_	_	_	_	_	_
50-10	PKP130	50	10	briano	briano	_	_	_	_	_	linguistic	_	ContainsVariation=No	_	End=122.785	_	_	_	_
51-0	PKP130	51	0	POI	poi	_	_	_	_	_	linguistic	_	ContainsVariation=No	Volume=high	Begin=123.89	_	_	_	_
51-1	PKP130	51	1	DEVO	devo	_	_	_	_	_	linguistic	_	ContainsVariation=No	Volume=high	_	_	_	_	_
51-2	PKP130	51	2	ANDARE	andare	_	_	_	_	_	linguistic	_	ContainsVariation=No	Volume=high	_	_	_	_	_
51-3	PKP130	51	3	a	a	_	_	_	_	_	linguistic	_	ContainsVariation=No	_	_	_	_	_	_
51-4	PKP130	51	4	ruviano	ruviano	_	_	_	_	_	linguistic	_	ContainsVariation=No	_	End=125.25	_	_	_	_
52-0	PKP130	52	0	c(io)è	cioè	_	_	_	_	_	linguistic	_	ContainsVariation=No	Reduced=Yes	Begin=126.995|End=127.215	_	_	_	_
53-0	PKP130	53	0	mo	mo	_	_	_	_	_	linguistic	_	ContainsVariation=No	_	Begin=129.21	_	_	_	_
53-1	PKP130	53	1	è	è	_	_	_	_	_	linguistic	_	ContainsVariation=No	_	_	_	_	_	_
53-2	PKP130	53	2	LONTANUCCIO	lontanuccio	_	_	_	_	_	linguistic	_	ContainsVariation=No	Volume=high	_	_	_	_	_
53-3	PKP130	53	3	EH	eh	_	_	_	_	_	linguistic	_	ContainsVariation=No	PauseAfter=Yes|Volume=high	_	_	_	_	_
53-4	PKP130	53	4	(.)	(.)	_	_	_	_	_	shortpause	_	ContainsVariation=No	_	_	_	_	_	_
53-5	PKP130	53	5	è	è	_	_	_	_	_	linguistic	_	ContainsVariation=No	_	_	_	_	_	_
53-6	PKP130	53	6	un	un	_	_	_	_	_	linguistic	_	ContainsVariation=No	_	_	_	_	_	_
53-7	PKP130	53	7	paese	paese	_	_	_	_	_	linguistic	_	ContainsVariation=No	_	_	_	_	_	_
53-8	PKP130	53	8	di	di	_	_	_	_	_	linguistic	_	ContainsVariation=No	_	_	_	_	_	_
53-9	PKP130	53	9	montagna	montagna	_	_	_	_	_	linguistic	_	ContainsVariation=No	_	End=131.67	_	_	_	_
54-0	PKP130	54	0	pensa	pensa	_	_	_	_	_	linguistic	_	ContainsVariation=No	_	Begin=137.015	_	_	_	_
54-1	PKP130	54	1	che	che	_	_	_	_	_	linguistic	_	ContainsVariation=No	_	_	_	_	_	_
54-2	PKP130	54	2	non	non	_	_	_	_	_	linguistic	_	ContainsVariation=No	_	_	_	_	_	_
54-3	PKP130	54	3	ci	ci	_	_	_	_	_	linguistic	_	ContainsVariation=No	_	_	_	_	_	_
54-4	PKP130	54	4	sarà	sarà	_	_	_	_	_	linguistic	_	ContainsVariation=No	_	_	_	_	_	_
54-5	PKP130	54	5	neanche	neanche	_	_	_	_	_	linguistic	_	ContainsVariation=No	_	_	_	_	_	_
54-6	PKP130	54	6	il	il	_	_	_	_	_	linguistic	_	ContainsVariation=No	_	_	_	_	_	_
54-7	PKP130	54	7	lancio	lancio	_	_	_	_	_	linguistic	_	ContainsVariation=No	_	_	_	_	_	_
54-8	PKP130	54	8	del	del	_	_	_	_	_	linguistic	_	ContainsVariation=No	_	_	_	_	_	_
54-9	PKP130	54	9	riso	riso	_	_	_	_	_	linguistic	_	ContainsVariation=No	_	End=138.935	_	_	_	_
55-0	PKP125	55	0	((ride))	((ride))	_	_	_	_	_	nonverbalbehavior	_	ContainsVariation=No	_	Begin=139.53|End=139.74	_	_	_	_
56-0	PKP130	56	0	che	che	_	_	_	_	_	linguistic	_	ContainsVariation=No	_	Begin=140.46	_	_	_	_
56-1	PKP130	56	1	matrimonio	matrimonio	_	_	_	_	_	linguistic	_	ContainsVariation=No	_	_	_	_	_	_
56-2	PKP130	56	2	eh?	eh	_	_	_	_	_	linguistic	_	ContainsVariation=No	Intonation=Rising	End=141.53	_	_	_	_
57-0	PKP130	57	0	((ride))	((ride))	_	_	_	_	_	nonverbalbehavior	_	ContainsVariation=No	_	Begin=142.67|End=143.07	_	_	_	_
58-0	PKP125	58	0	ma	ma	_	_	_	_	_	linguistic	_	ContainsVariation=No	_	Begin=143.565	_	_	_	_
58-1	PKP125	58	1	per	per	_	_	_	_	_	linguistic	_	ContainsVariation=No	_	_	_	_	_	_
58-2	PKP125	58	2	evitare	evitare	_	_	_	_	_	linguistic	_	ContainsVariation=No	_	_	_	_	_	_
58-3	PKP125	58	3	che	che	_	_	_	_	_	linguistic	_	ContainsVariation=No	_	_	_	_	_	_
58-4	PKP125	58	4	[si	si	_	_	_	_	_	linguistic	_	ContainsVariation=No	_	_	_	_	_	0-2(1)
58-5	PKP125	58	5	dif]fonda	diffonda	_	_	_	_	_	linguistic	_	ContainsVariation=No	_	_	_	_	_	0-3(1)
58-6	PKP125	58	6	IL	il	_	_	_	_	_	linguistic	_	ContainsVariation=No	Volume=high	_	_	_	_	_
58-7	PKP125	58	7	VIRUS?	virus	_	_	_	_	_	linguistic	_	ContainsVariation=No	Intonation=Rising|Volume=high	End=145.51	_	_	_	_
59-0	PKP130	59	0	[mh]	mh	_	_	_	_	_	linguistic	_	ContainsVariation=No	_	Begin=144.45|End=144.74	_	_	_	0-2(1)
60-0	PKP125	60	0	non	non	_	_	_	_	_	linguistic	_	ContainsVariation=No	_	Begin=145.6	_	_	_	_
60-1	PKP125	60	1	ho	ho	_	_	_	_	_	linguistic	_	ContainsVariation=No	_	_	_	_	_	_
60-2	PKP125	60	2	[capito]	capito	_	_	_	_	_	linguistic	_	ContainsVariation=No	_	End=146.35	_	_	_	0-6(2)
61-0	PKP130	61	0	[ah	ah	_	_	_	_	_	linguistic	_	ContainsVariation=No	_	Begin=145.84	_	_	_	0-2(2)
61-1	PKP130	61	1	sì]	sì	_	_	_	_	_	linguistic	_	ContainsVariation=No	_	End=146.32	_	_	_	0-2(2)
62-0	PKP130	62	0	perché	perché	_	_	_	_	_	linguistic	_	ContainsVariation=No	_	Begin=146.975	_	_	_	_
62-1	PKP130	62	1	non	non	_	_	_	_	_	linguistic	_	ContainsVariation=No	_	_	_	_	_	_
62-2	PKP130	62	2	possono	possono	_	_	_	_	_	linguistic	_	ContainsVariation=No	_	_	_	_	_	_
62-3	PKP130	62	3	dare	dare	_	_	_	_	_	linguistic	_	ContainsVariation=No	_	_	_	_	_	_
62-4	PKP130	62	4	gli	gli	_	_	_	_	_	linguistic	_	ContainsVariation=No	_	_	_	_	_	_
62-5	PKP130	62	5	auguri	auguri	_	_	_	_	_	linguistic	_	ContainsVariation=No	_	_	_	_	_	_
62-6	PKP130	62	6	agli	agli	_	_	_	_	_	linguistic	_	ContainsVariation=No	_	_	_	_	_	_
62-7	PKP130	62	7	sposi	sposi	_	_	_	_	_	linguistic	_	ContainsVariation=No	_	End=148.825	_	_	_	_
63-0	PKP125	63	0	ma	ma	_	_	_	_	_	linguistic	_	ContainsVariation=No	_	Begin=148.945	_	_	_	_
63-1	PKP125	63	1	quelli	quelli	_	_	_	_	_	linguistic	_	ContainsVariation=No	_	_	_	_	_	_
63-2	PKP125	63	2	ci	ci	_	_	_	_	_	linguistic	_	ContainsVariation=No	_	_	_	_	_	_
63-3	PKP125	63	3	sono	sono	_	_	_	_	_	linguistic	_	ContainsVariation=No	_	_	_	_	_	_
63-4	PKP125	63	4	stati	stati	_	_	_	_	_	linguistic	_	ContainsVariation=No	_	_	_	_	_	_
63-5	PKP125	63	5	un	un	_	_	_	_	_	linguistic	_	ContainsVariation=No	_	_	_	_	_	_
63-6	PKP125	63	6	sacco	sacco	_	_	_	_	_	linguistic	_	ContainsVariation=No	_	_	_	_	_	_
63-7	PKP125	63	7	di	di	_	_	_	_	_	linguistic	_	ContainsVariation=No	_	_	_	_	_	_
63-8	PKP125	63	8	casi	casi	_	_	_	_	_	linguistic	_	ContainsVariation=No	_	_	_	_	_	_
63-9	PKP125	63	9	di:	di	_	_	_	_	_	linguistic	_	ContainsVariation=No	_	_	1x1	_	_	_
63-10	PKP125	63	10	mh	mh	_	_	_	_	_	linguistic	_	ContainsVariation=No	_	End=150.965	_	_	_	_
64-0	PKP125	64	0	matrimoni	matrimoni	_	_	_	_	_	linguistic	_	ContainsVariation=No	_	Begin=151.64	_	_	_	_
64-1	PKP125	64	1	rovinati	rovinati	_	_	_	_	_	linguistic	_	ContainsVariation=No	_	_	_	_	_	_
64-2	PKP125	64	2	da::	da	_	_	_	_	_	linguistic	_	ContainsVariation=No	_	End=153.07	1x2	_	_	_
65-0	PKP130	65	0	a	a	_	_	_	_	_	linguistic	_	ContainsVariation=No	_	Begin=153.12	_	_	_	_
65-1	PKP130	65	1	villa	villa	_	_	_	_	_	linguistic	_	ContainsVariation=No	_	_	_	_	_	_
65-2	PKP130	65	2	di	di	_	_	_	_	_	linguistic	_	ContainsVariation=No	_	_	_	_	_	_
65-3	PKP130	65	3	briano	briano	_	_	_	_	_	linguistic	_	ContainsVariation=No	_	_	_	_	_	_
65-4	PKP130	65	4	quattro.	quattro	_	_	_	_	_	linguistic	_	ContainsVariation=No	Intonation=Falling	End=154.53	_	_	_	_
66-0	PKP130	66	0	infatti	infatti	_	_	_	_	_	linguistic	_	ContainsVariation=No	_	Begin=155.91	_	_	_	_
66-1	PKP130	66	1	federica	federica	_	_	_	_	_	linguistic	_	ContainsVariation=No	_	_	_	_	_	_
66-2	PKP130	66	2	secondo	secondo	_	_	_	_	_	linguistic	_	ContainsVariation=No	_	_	_	_	_	_
66-3	PKP130	66	3	me	me	_	_	_	_	_	linguistic	_	ContainsVariation=No	_	_	_	_	_	_
66-4	PKP130	66	4	doveva	doveva	_	_	_	_	_	linguistic	_	ContainsVariation=No	_	_	_	_	_	_
66-5	PKP130	66	5	rinviare	rinviare	_	_	_	_	_	linguistic	_	ContainsVariation=No	_	_	_	_	_	_
66-6	PKP130	66	6	[tutto]	tutto	_	_	_	_	_	linguistic	_	ContainsVariation=No	_	_	_	_	_	0-5(3)
66-7	PKP130	66	7	all'	all'	_	_	_	_	_	linguistic	_	ContainsVariation=No	SpaceAfter=No	_	_	_	_	_
66-8	PKP130	66	8	anno	anno	_	_	_	_	_	linguistic	_	ContainsVariation=No	_	_	_	_	_	_
66-9	PKP130	66	9	prossimo	prossimo	_	_	_	_	_	linguistic	_	ContainsVariation=No	_	End=158.25	_	_	_	_
67-0	PKP125	67	0	[eh]	eh	_	_	_	_	_	linguistic	_	ContainsVariation=No	_	Begin=157.515|End=157.815	_	_	_	0-2(3)
68-0	PKP125	68	0	ma	ma	_	_	_	_	_	linguistic	_	ContainsVariation=No	_	Begin=159.945	_	_	_	_
68-1	PKP125	68	1	infatti	infatti	_	_	_	_	_	linguistic	_	ContainsVariation=No	_	_	_	_	_	_
68-2	PKP125	68	2	perché	perché	_	_	_	_	_	linguistic	_	ContainsVariation=No	_	_	_	_	_	_
68-3	PKP125	68	3	marce'	marce'	_	_	_	_	_	linguistic	_	ContainsVariation=No	Truncated=Yes	End=161.015	_	_	_	_
69-0	PKP125	69	0	già	già	_	_	_	_	_	linguistic	_	ContainsVariation=No	_	Begin=161.765	_	_	_	_
69-1	PKP125	69	1	aveva	aveva	_	_	_	_	_	linguistic	_	ContainsVariation=No	_	_	_	_	_	_
69-2	PKP125	69	2	prenotato	prenotato	_	_	_	_	_	linguistic	_	ContainsVariation=No	_	_	_	_	_	_
69-3	PKP125	69	3	tutto?	tutto	_	_	_	_	_	linguistic	_	ContainsVariation=No	Intonation=Rising	End=162.965	_	_	_	_
70-0	PKP125	70	0	aveva	aveva	_	_	_	_	_	linguistic	_	ContainsVariation=No	_	Begin=163.79	_	_	_	_
70-1	PKP125	70	1	tutto	tutto	_	_	_	_	_	linguistic	_	ContainsVariation=No	_	_	_	_	_	_
70-2	PKP125	70	2	[pronto]?	pronto	_	_	_	_	_	linguistic	_	ContainsVariation=No	Intonation=Rising	End=164.71	_	_	_	0-6(4)
71-0	PKP130	71	0	[NO	no	_	_	_	_	_	linguistic	_	ContainsVariation=No	Volume=high	Begin=164.085	_	_	_	0-2(4)
71-1	PKP130	71	1	AVEVA]	aveva	_	_	_	_	_	linguistic	_	ContainsVariation=No	Volume=high	_	_	_	_	0-5(4)
71-2	PKP130	71	2	PRENOTATO	prenotato	_	_	_	_	_	linguistic	_	ContainsVariation=No	Volume=high	_	_	_	_	_
71-3	PKP130	71	3	ma	ma	_	_	_	_	_	linguistic	_	ContainsVariation=No	_	_	_	_	_	_
71-4	PKP130	71	4	sai	sai	_	_	_	_	_	linguistic	_	ContainsVariation=No	_	_	_	_	_	_
71-5	PKP130	71	5	quanti	quanti	_	_	_	_	_	linguistic	_	ContainsVariation=No	_	_	_	_	_	_
71-6	PKP130	71	6	sposi	sposi	_	_	_	_	_	linguistic	_	ContainsVariation=No	_	_	_	_	_	_
71-7	PKP130	71	7	hanno	hanno	_	_	_	_	_	linguistic	_	ContainsVariation=No	_	_	_	_	_	_
71-8	PKP130	71	8	RINVIATO?	rinviato	_	_	_	_	_	linguistic	_	ContainsVariation=No	Intonation=Rising|Volume=high	End=166.715	_	_	_	_
72-0	PKP125	72	0	°eh°	eh	_	_	_	_	_	linguistic	_	ContainsVariation=No	Volume=low	Begin=167.405|End=167.665	_	_	_	_
73-0	PKP130	73	0	una:	una	_	_	_	_	_	linguistic	_	ContainsVariation=No	_	Begin=168.145|End=168.515	2x1	_	_	_
74-0	PKP130	74	0	una	una	_	_	_	_	_	linguistic	_	ContainsVariation=No	_	Begin=170.16	_	_	_	_
74-1	PKP130	74	1	ragazza	ragazza	_	_	_	_	_	linguistic	_	ContainsVariation=No	_	_	_	_	_	_
74-2	PKP130	74	2	che	che	_	_	_	_	_	linguistic	_	ContainsVariation=No	_	_	_	_	_	_
74-3	PKP130	74	3	ha	ha	_	_	_	_	_	linguistic	_	ContainsVariation=No	_	_	_	_	_	_
74-4	PKP130	74	4	lavorato	lavorato	_	_	_	_	_	linguistic	_	ContainsVariation=No	_	_	_	_	_	_
74-5	PKP130	74	5	con	con	_	_	_	_	_	linguistic	_	ContainsVariation=No	_	_	_	_	_	_
74-6	PKP130	74	6	me	me	_	_	_	_	_	linguistic	_	ContainsVariation=No	_	_	_	_	_	_
74-7	PKP130	74	7	a	a	_	_	_	_	_	linguistic	_	ContainsVariation=No	_	_	_	_	_	_
74-8	PKP130	74	8	quarto	quarto	_	_	_	_	_	linguistic	_	ContainsVariation=No	_	_	_	_	_	_
74-9	PKP130	74	9	incinta	incinta	_	_	_	_	_	linguistic	_	ContainsVariation=No	_	_	_	_	_	_
74-10	PKP130	74	10	all'	all'	_	_	_	_	_	linguistic	_	ContainsVariation=No	SpaceAfter=No	_	_	_	_	_
74-11	PKP130	74	11	ottavo	ottavo	_	_	_	_	_	linguistic	_	ContainsVariation=No	_	_	_	_	_	_
74-12	PKP130	74	12	mese	mese	_	_	_	_	_	linguistic	_	ContainsVariation=No	_	End=173.26	_	_	_	_
75-0	PKP130	75	0	il	il	_	_	_	_	_	linguistic	_	ContainsVariation=No	_	Begin=175.39	_	_	_	_
75-1	PKP130	75	1	dieci:	dieci	_	_	_	_	_	linguistic	_	ContainsVariation=No	_	_	4x1	_	_	_
75-2	PKP130	75	2	m:h	mh	_	_	_	_	_	linguistic	_	ContainsVariation=No	_	_	0x1	_	_	_
75-3	PKP130	75	3	il	il	_	_	_	_	_	linguistic	_	ContainsVariation=No	_	_	_	_	_	_
75-4	PKP130	75	4	dieci	dieci	_	_	_	_	_	linguistic	_	ContainsVariation=No	_	_	_	_	_	_
75-5	PKP130	75	5	agosto	agosto	_	_	_	_	_	linguistic	_	ContainsVariation=No	_	_	_	_	_	_
75-6	PKP130	75	6	doveva	doveva	_	_	_	_	_	linguistic	_	ContainsVariation=No	_	_	_	_	_	_
75-7	PKP130	75	7	sposarsi.	sposarsi	_	_	_	_	_	linguistic	_	ContainsVariation=No	Intonation=Falling	End=178.33	_	_	_	_
76-0	PKP125	76	0	mh	mh	_	_	_	_	_	linguistic	_	ContainsVariation=No	_	Begin=178.53|End=178.72	_	_	_	_
77-0	PKP130	77	0	e	e	_	_	_	_	_	linguistic	_	ContainsVariation=No	_	Begin=181.495	_	_	_	_
77-1	PKP130	77	1	praticamente:	praticamente	_	_	_	_	_	linguistic	_	ContainsVariation=No	_	_	11x1	_	_	_
77-2	PKP130	77	2	m::h	mh	_	_	_	_	_	linguistic	_	ContainsVariation=No	_	_	0x2	_	_	_
77-3	PKP130	77	3	ha	ha	_	_	_	_	_	linguistic	_	ContainsVariation=No	_	_	_	_	_	_
77-4	PKP130	77	4	fatto	fatto	_	_	_	_	_	linguistic	_	ContainsVariation=No	_	_	_	_	_	_
77-5	PKP130	77	5	una	una	_	_	_	_	_	linguistic	_	ContainsVariation=No	_	_	_	_	_	_
77-6	PKP130	77	6	festa	festa	_	_	_	_	_	linguistic	_	ContainsVariation=No	_	End=184.175	_	_	_	_
78-0	PKP130	78	0	però	però	_	_	_	_	_	linguistic	_	ContainsVariation=No	_	Begin=184.41	_	_	_	_
78-1	PKP130	78	1	soltanto	soltanto	_	_	_	_	_	linguistic	_	ContainsVariation=No	_	_	_	_	_	_
78-2	PKP130	78	2	la	la	_	_	_	_	_	linguistic	_	ContainsVariation=No	_	_	_	_	_	_
78-3	PKP130	78	3	sua	sua	_	_	_	_	_	linguistic	_	ContainsVariation=No	_	_	_	_	_	_
78-4	PKP130	78	4	famiglia	famiglia	_	_	_	_	_	linguistic	_	ContainsVariation=No	_	_	_	_	_	_
78-5	PKP130	78	5	lei	lei	_	_	_	_	_	linguistic	_	ContainsVariation=No	_	_	_	_	_	_
78-6	PKP130	78	6	non	non	_	_	_	_	_	linguistic	_	ContainsVariation=No	_	_	_	_	_	_
78-7	PKP130	78	7	con	con	_	_	_	_	_	linguistic	_	ContainsVariation=No	_	_	_	_	_	_
78-8	PKP130	78	8	l'	l'	_	_	_	_	_	linguistic	_	ContainsVariation=No	SpaceAfter=No	_	_	_	_	_
78-9	PKP130	78	9	abito	abito	_	_	_	_	_	linguistic	_	ContainsVariation=No	_	_	_	_	_	_
78-10	PKP130	78	10	bianco	bianco	_	_	_	_	_	linguistic	_	ContainsVariation=No	_	_	_	_	_	_
78-11	PKP130	78	11	cioè	cioè	_	_	_	_	_	linguistic	_	ContainsVariation=No	_	_	_	_	_	_
78-12	PKP130	78	12	un	un	_	_	_	_	_	linguistic	_	ContainsVariation=No	_	_	_	_	_	_
78-13	PKP130	78	13	abito	abito	_	_	_	_	_	linguistic	_	ContainsVariation=No	_	_	_	_	_	_
78-14	PKP130	78	14	rosa	rosa	_	_	_	_	_	linguistic	_	ContainsVariation=No	PauseAfter=Yes	_	_	_	_	_
78-15	PKP130	78	15	(.)	(.)	_	_	_	_	_	shortpause	_	ContainsVariation=No	_	_	_	_	_	_
78-16	PKP130	78	16	>anche	anche	_	_	_	_	_	linguistic	_	ContainsVariation=No	_	_	_	Fast=0-5(0)	_	_
78-17	PKP130	78	17	perché<	perché	_	_	_	_	_	linguistic	_	ContainsVariation=No	_	_	_	Fast=0-6(0)	_	_
78-18	PKP130	78	18	ha	ha	_	_	_	_	_	linguistic	_	ContainsVariation=No	_	_	_	_	_	_
78-19	PKP130	78	19	questo	questo	_	_	_	_	_	linguistic	_	ContainsVariation=No	_	_	_	_	_	_
78-20	PKP130	78	20	pancione	pancione	_	_	_	_	_	linguistic	_	ContainsVariation=No	_	_	_	_	_	_
78-21	PKP130	78	21	comunque	comunque	_	_	_	_	_	linguistic	_	ContainsVariation=No	_	_	_	_	_	_
78-22	PKP130	78	22	grande	grande	_	_	_	_	_	linguistic	_	ContainsVariation=No	_	_	_	_	_	_
78-23	PKP130	78	23	l'	l'	_	_	_	_	_	linguistic	_	ContainsVariation=No	SpaceAfter=No	_	_	_	_	_
78-24	PKP130	78	24	ottavo	ottavo	_	_	_	_	_	linguistic	_	ContainsVariation=No	_	_	_	_	_	_
78-25	PKP130	78	25	mese:	mese	_	_	_	_	_	linguistic	_	ContainsVariation=No	_	End=190.85	3x1	_	_	_
79-0	PKP130	79	0	cioè	cioè	_	_	_	_	_	linguistic	_	ContainsVariation=No	_	Begin=191.555|End=191.955	_	_	_	_
80-0	PKP130	80	0	abbastanza	abbastanza	_	_	_	_	_	linguistic	_	ContainsVariation=No	_	Begin=194.065|End=194.875	_	_	_	_
81-0	PKP130	81	0	e	e	_	_	_	_	_	linguistic	_	ContainsVariation=No	_	Begin=197.405	_	_	_	_
81-1	PKP130	81	1	quindi:	quindi	_	_	_	_	_	linguistic	_	ContainsVariation=No	_	_	5x1	_	_	_
81-2	PKP130	81	2	m:h	mh	_	_	_	_	_	linguistic	_	ContainsVariation=No	_	End=198.385	0x1	_	_	_
82-0	PKP130	82	0	si	si	_	_	_	_	_	linguistic	_	ContainsVariation=No	_	Begin=200.63	_	_	_	_
82-1	PKP130	82	1	sposerà	sposerà	_	_	_	_	_	linguistic	_	ContainsVariation=No	_	_	_	_	_	_
82-2	PKP130	82	2	il	il	_	_	_	_	_	linguistic	_	ContainsVariation=No	_	_	_	_	_	_
82-3	PKP130	82	3	dieci	dieci	_	_	_	_	_	linguistic	_	ContainsVariation=No	_	_	_	_	_	_
82-4	PKP130	82	4	<agosto>	agosto	_	_	_	_	_	linguistic	_	ContainsVariation=No	_	End=202.15	_	Slow=0-6(0)	_	_
83-0	PKP130	83	0	>capito<?	capito	_	_	_	_	_	linguistic	_	ContainsVariation=No	Intonation=Rising	Begin=202.355|End=202.755	_	Fast=0-6(0)	_	_
84-0	PKP130	84	0	dove	dove	_	_	_	_	_	linguistic	_	ContainsVariation=No	_	Begin=208.475	_	_	_	_
84-1	PKP130	84	1	sei?	sei	_	_	_	_	_	linguistic	_	ContainsVariation=No	Intonation=Rising	End=209.095	_	_	_	_
85-0	PKP125	85	0	((sbuffa))	((sbuffa))	_	_	_	_	_	nonverbalbehavior	_	ContainsVariation=No	_	Begin=213.12|End=213.31	_	_	_	_
86-0	PKP125	86	0	m:h	mh	_	_	_	_	_	linguistic	_	ContainsVariation=No	_	Begin=214.85|End=215.08	0x1	_	_	_
87-0	PKP130	87	0	>secondo<	secondo	_	_	_	_	_	linguistic	_	ContainsVariation=No	_	Begin=216.8	_	Fast=0-7(0)	_	_
87-1	PKP130	87	1	me:	me	_	_	_	_	_	linguistic	_	ContainsVariation=No	_	End=217.48	1x1	_	_	_
88-0	PKP130	88	0	°e:h°	eh	_	_	_	_	_	linguistic	_	ContainsVariation=No	Volume=low	Begin=217.685	0x1	_	_	_
88-1	PKP130	88	1	lei	lei	_	_	_	_	_	linguistic	_	ContainsVariation=No	_	_	_	_	_	_
88-2	PKP130	88	2	doveva	doveva	_	_	_	_	_	linguistic	_	ContainsVariation=No	_	_	_	_	_	_
88-3	PKP130	88	3	farlo	farlo	_	_	_	_	_	linguistic	_	ContainsVariation=No	_	_	_	_	_	_
88-4	PKP130	88	4	il	il	_	_	_	_	_	linguistic	_	ContainsVariation=No	_	_	_	_	_	_
88-5	PKP130	88	5	ventisette	ventisette	_	_	_	_	_	linguistic	_	ContainsVariation=No	_	_	_	_	_	_
88-6	PKP130	88	6	ottobre	ottobre	_	_	_	_	_	linguistic	_	ContainsVariation=No	_	End=219.825	_	_	_	_
89-0	PKP125	89	0	m:h	mh	_	_	_	_	_	linguistic	_	ContainsVariation=No	_	Begin=220.21|End=220.41	0x1	_	_	_
90-0	PKP130	90	0	eh	eh	_	_	_	_	_	linguistic	_	ContainsVariation=No	_	Begin=221.235|End=221.365	_	_	_	_
91-0	PKP125	91	0	eh	eh	_	_	_	_	_	linguistic	_	ContainsVariation=No	_	Begin=222.305	_	_	_	_
91-1	PKP125	91	1	quindi	quindi	_	_	_	_	_	linguistic	_	ContainsVariation=No	_	_	_	_	_	_
91-2	PKP125	91	2	l'	l'	_	_	_	_	_	linguistic	_	ContainsVariation=No	SpaceAfter=No	_	_	_	_	_
91-3	PKP125	91	3	ha	ha	_	_	_	_	_	linguistic	_	ContainsVariation=No	_	_	_	_	_	_
91-4	PKP125	91	4	b~	b~	_	_	_	_	_	linguistic	_	ContainsVariation=No	Interrupted=Yes	_	_	_	_	_
91-5	PKP125	91	5	l'	l'	_	_	_	_	_	linguistic	_	ContainsVariation=No	SpaceAfter=No	_	_	_	_	_
91-6	PKP125	91	6	ha	ha	_	_	_	_	_	linguistic	_	ContainsVariation=No	_	_	_	_	_	_
91-7	PKP125	91	7	anticipato?	anticipato	_	_	_	_	_	linguistic	_	ContainsVariation=No	Intonation=Rising	End=223.86	_	_	_	_
92-0	PKP125	92	0	>ventisette<	ventisette	_	_	_	_	_	linguistic	_	ContainsVariation=No	_	Begin=223.93	_	Fast=0-10(0)	_	_
92-1	PKP125	92	1	ottobre	ottobre	_	_	_	_	_	linguistic	_	ContainsVariation=No	_	_	_	_	_	_
92-2	PKP125	92	2	[duemiladiciannove]?	duemiladiciannove	_	_	_	_	_	linguistic	_	ContainsVariation=No	Intonation=Rising	End=225.38	_	_	_	0-17(5)
93-0	PKP130	93	0	[no	no	_	_	_	_	_	linguistic	_	ContainsVariation=No	_	Begin=224.62	_	_	_	0-2(5)
93-1	PKP130	93	1	in	in	_	_	_	_	_	linguistic	_	ContainsVariation=No	_	_	_	_	_	0-2(5)
93-2	PKP130	93	2	realtà:]	realtà	_	_	_	_	_	linguistic	_	ContainsVariation=No	_	_	5x1	_	_	0-6(5)
93-3	PKP130	93	3	la	la	_	_	_	_	_	linguistic	_	ContainsVariation=No	_	_	_	_	_	_
93-4	PKP130	93	4	data:	data	_	_	_	_	_	linguistic	_	ContainsVariation=No	_	End=226.24	3x1	_	_	_
94-0	PKP130	94	0	°oddio°	oddio	_	_	_	_	_	linguistic	_	ContainsVariation=No	Volume=low	Begin=226.385|End=226.685	_	_	_	_
95-0	PKP130	95	0	la	la	_	_	_	_	_	linguistic	_	ContainsVariation=No	_	Begin=228.51	_	_	_	_
95-1	PKP130	95	1	data	data	_	_	_	_	_	linguistic	_	ContainsVariation=No	_	_	_	_	_	_
95-2	PKP130	95	2	è	è	_	_	_	_	_	linguistic	_	ContainsVariation=No	_	_	_	_	_	_
95-3	PKP130	95	3	il	il	_	_	_	_	_	linguistic	_	ContainsVariation=No	_	_	_	_	_	_
95-4	PKP130	95	4	venticinque	venticinque	_	_	_	_	_	linguistic	_	ContainsVariation=No	_	_	_	_	_	_
95-5	PKP130	95	5	maggio	maggio	_	_	_	_	_	linguistic	_	ContainsVariation=No	_	End=230.26	_	_	_	_
96-0	PKP130	96	0	la	la	_	_	_	_	_	linguistic	_	ContainsVariation=No	_	Begin=231.03	_	_	_	_
96-1	PKP130	96	1	data	data	_	_	_	_	_	linguistic	_	ContainsVariation=No	_	_	_	_	_	_
96-2	PKP130	96	2	ufficiale	ufficiale	_	_	_	_	_	linguistic	_	ContainsVariation=No	_	_	_	_	_	_
96-3	PKP130	96	3	>lunedì<	lunedì	_	_	_	_	_	linguistic	_	ContainsVariation=No	_	_	_	Fast=0-6(0)	_	_
96-4	PKP130	96	4	venticinque	venticinque	_	_	_	_	_	linguistic	_	ContainsVariation=No	_	_	_	_	_	_
96-5	PKP130	96	5	maggio	maggio	_	_	_	_	_	linguistic	_	ContainsVariation=No	_	_	_	_	_	_
96-6	PKP130	96	6	che	che	_	_	_	_	_	linguistic	_	ContainsVariation=No	_	_	_	_	_	_
96-7	PKP130	96	7	comunque:	comunque	_	_	_	_	_	linguistic	_	ContainsVariation=No	_	End=233.94	7x1	_	_	_
97-0	PKP130	97	0	c'	c'	_	_	_	_	_	linguistic	_	ContainsVariation=No	SpaceAfter=No	Begin=234.02	_	_	_	_
97-1	PKP130	97	1	era	era	_	_	_	_	_	linguistic	_	ContainsVariation=No	_	_	_	_	_	_
97-2	PKP130	97	2	ancora:	ancora	_	_	_	_	_	linguistic	_	ContainsVariation=No	_	_	5x1	_	_	_
97-3	PKP130	97	3	diciamo	diciamo	_	_	_	_	_	linguistic	_	ContainsVariation=No	_	_	_	_	_	_
97-4	PKP130	97	4	c'	c'	_	_	_	_	_	linguistic	_	ContainsVariation=No	SpaceAfter=No	_	_	_	_	_
97-5	PKP130	97	5	erano	erano	_	_	_	_	_	linguistic	_	ContainsVariation=No	_	_	_	_	_	_
97-6	PKP130	97	6	ancora	ancora	_	_	_	_	_	linguistic	_	ContainsVariation=No	_	_	_	_	_	_
97-7	PKP130	97	7	tante	tante	_	_	_	_	_	linguistic	_	ContainsVariation=No	_	_	_	_	_	_
97-8	PKP130	97	8	restrizioni	restrizioni	_	_	_	_	_	linguistic	_	ContainsVariation=No	_	_	_	_	_	_
97-9	PKP130	97	9	non	non	_	_	_	_	_	linguistic	_	ContainsVariation=No	_	_	_	_	_	_
97-10	PKP130	97	10	si	si	_	_	_	_	_	linguistic	_	ContainsVariation=No	_	_	_	_	_	_
97-11	PKP130	97	11	poteva	poteva	_	_	_	_	_	linguistic	_	ContainsVariation=No	_	_	_	_	_	_
97-12	PKP130	97	12	uscire	uscire	_	_	_	_	_	linguistic	_	ContainsVariation=No	_	_	_	_	_	_
97-13	PKP130	97	13	dalle	dalle	_	_	_	_	_	linguistic	_	ContainsVariation=No	_	_	_	_	_	_
97-14	PKP130	97	14	regioni	regioni	_	_	_	_	_	linguistic	_	ContainsVariation=No	_	_	_	_	_	_
97-15	PKP130	97	15	TI	ti	_	_	_	_	_	linguistic	_	ContainsVariation=No	Volume=high	_	_	_	_	_
97-16	PKP130	97	16	RICORDI?	ricordi	_	_	_	_	_	linguistic	_	ContainsVariation=No	Intonation=Rising|Volume=high	End=238.25	_	_	_	_
98-0	PKP125	98	0	m:h	mh	_	_	_	_	_	linguistic	_	ContainsVariation=No	_	Begin=238.33|End=238.55	0x1	_	_	_
99-0	PKP130	99	0	(va	va	_	_	_	_	_	linguistic	_	ContainsVariation=No	_	Begin=239.145	_	_	0-2(0)	_
99-1	PKP130	99	1	beh)	beh	_	_	_	_	_	linguistic	_	ContainsVariation=No	PauseAfter=Yes	_	_	_	0-3(0)	_
99-2	PKP130	99	2	(.)	(.)	_	_	_	_	_	shortpause	_	ContainsVariation=No	_	_	_	_	_	_
99-3	PKP130	99	3	dalla	dalla	_	_	_	_	_	linguistic	_	ContainsVariation=No	_	_	_	_	_	_
99-4	PKP130	99	4	regione	regione	_	_	_	_	_	linguistic	_	ContainsVariation=No	_	_	_	_	_	_
99-5	PKP130	99	5	campania	campania	_	_	_	_	_	linguistic	_	ContainsVariation=No	_	End=240.515	_	_	_	_
100-0	PKP125	100	0	vabbè	vabbè	_	_	_	_	_	linguistic	_	ContainsVariation=No	_	Begin=240.745	_	_	_	_
100-1	PKP125	100	1	non	non	_	_	_	_	_	linguistic	_	ContainsVariation=No	_	_	_	_	_	_
100-2	PKP125	100	2	era	era	_	_	_	_	_	linguistic	_	ContainsVariation=No	_	_	_	_	_	_
100-3	PKP125	100	3	il	il	_	_	_	_	_	linguistic	_	ContainsVariation=No	_	_	_	_	_	_
100-4	PKP125	100	4	caso	caso	_	_	_	_	_	linguistic	_	ContainsVariation=No	_	_	_	_	_	_
100-5	PKP125	100	5	di	di	_	_	_	_	_	linguistic	_	ContainsVariation=No	_	_	_	_	_	_
100-6	PKP125	100	6	fare	fare	_	_	_	_	_	linguistic	_	ContainsVariation=No	_	_	_	_	_	_
100-7	PKP125	100	7	il	il	_	_	_	_	_	linguistic	_	ContainsVariation=No	_	_	_	_	_	_
100-8	PKP125	100	8	matrimo[nio]	matrimonio	_	_	_	_	_	linguistic	_	ContainsVariation=No	_	End=242.435	_	_	_	7-10(6)
101-0	PKP130	101	0	[eh]	eh	_	_	_	_	_	linguistic	_	ContainsVariation=No	_	Begin=242.105|End=242.445	_	_	_	0-2(6)
102-0	PKP130	102	0	poi	poi	_	_	_	_	_	linguistic	_	ContainsVariation=No	_	Begin=243.03	_	_	_	_
102-1	PKP130	102	1	a	a	_	_	_	_	_	linguistic	_	ContainsVariation=No	_	_	_	_	_	_
102-2	PKP130	102	2	<maggio>	maggio	_	_	_	_	_	linguistic	_	ContainsVariation=No	_	End=243.88	_	Slow=0-6(0)	_	_
103-0	PKP130	103	0	em::h	emh	_	_	_	_	_	linguistic	_	ContainsVariation=No	_	Begin=244.91	1x2	_	_	_
103-1	PKP130	103	1	PO:I	poi	_	_	_	_	_	linguistic	_	ContainsVariation=No	Volume=high	End=246.06	1x1	_	_	_
104-0	PKP130	104	0	lo	lo	_	_	_	_	_	linguistic	_	ContainsVariation=No	_	Begin=246.73	_	_	_	_
104-1	PKP130	104	1	rinviò	rinviò	_	_	_	_	_	linguistic	_	ContainsVariation=No	_	_	_	_	_	_
104-2	PKP130	104	2	al	al	_	_	_	_	_	linguistic	_	ContainsVariation=No	_	_	_	_	_	_
104-3	PKP130	104	3	ventisette	ventisette	_	_	_	_	_	linguistic	_	ContainsVariation=No	_	_	_	_	_	_
104-4	PKP130	104	4	ottobre	ottobre	_	_	_	_	_	linguistic	_	ContainsVariation=No	_	End=248.33	_	_	_	_
105-0	PKP130	105	0	al	al	_	_	_	_	_	linguistic	_	ContainsVariation=No	_	Begin=248.565	_	_	_	_
105-1	PKP130	105	1	ventisette	ventisette	_	_	_	_	_	linguistic	_	ContainsVariation=No	_	_	_	_	_	_
105-2	PKP130	105	2	ottobre,	ottobre	_	_	_	_	_	linguistic	_	ContainsVariation=No	Intonation=WeaklyRising	End=249.705	_	_	_	_
106-0	PKP130	106	0	em::h	emh	_	_	_	_	_	linguistic	_	ContainsVariation=No	_	Begin=250.61|End=251.36	1x2	_	_	_
107-0	PKP130	107	0	po(i)	poi	_	_	_	_	_	linguistic	_	ContainsVariation=No	_	Begin=252.38	_	_	2-3(0)	_
107-1	PKP130	107	1	pare	pare	_	_	_	_	_	linguistic	_	ContainsVariation=No	_	_	_	_	_	_
107-2	PKP130	107	2	che	che	_	_	_	_	_	linguistic	_	ContainsVariation=No	_	_	_	_	_	_
107-3	PKP130	107	3	la	la	_	_	_	_	_	linguistic	_	ContainsVariation=No	_	_	_	_	_	_
107-4	PKP130	107	4	MAMMA:	mamma	_	_	_	_	_	linguistic	_	ContainsVariation=No	Volume=high	End=253.34	4x1	_	_	_
108-0	PKP130	108	0	abbia	abbia	_	_	_	_	_	linguistic	_	ContainsVariation=No	_	Begin=254.45	_	_	_	_
108-1	PKP130	108	1	cominciato	cominciato	_	_	_	_	_	linguistic	_	ContainsVariation=No	_	_	_	_	_	_
108-2	PKP130	108	2	a	a	_	_	_	_	_	linguistic	_	ContainsVariation=No	_	_	_	_	_	_
108-3	PKP130	108	3	dire	dire	_	_	_	_	_	linguistic	_	ContainsVariation=No	_	_	_	_	_	_
108-4	PKP130	108	4	GUARDA	guarda	_	_	_	_	_	linguistic	_	ContainsVariation=No	Volume=high	_	_	_	_	_
108-5	PKP130	108	5	che	che	_	_	_	_	_	linguistic	_	ContainsVariation=No	_	_	_	_	_	_
108-6	PKP130	108	6	ottobre:	ottobre	_	_	_	_	_	linguistic	_	ContainsVariation=No	_	_	6x1	_	_	_
108-7	PKP130	108	7	m:h	mh	_	_	_	_	_	linguistic	_	ContainsVariation=No	_	_	0x1	_	_	_
108-8	PKP130	108	8	il	il	_	_	_	_	_	linguistic	_	ContainsVariation=No	_	_	_	_	_	_
108-9	PKP130	108	9	ventisette	ventisette	_	_	_	_	_	linguistic	_	ContainsVariation=No	_	_	_	_	_	_
108-10	PKP130	108	10	ottobre	ottobre	_	_	_	_	_	linguistic	_	ContainsVariation=No	_	_	_	_	_	_
108-11	PKP130	108	11	stiamo	stiamo	_	_	_	_	_	linguistic	_	ContainsVariation=No	_	_	_	_	_	_
108-12	PKP130	108	12	a	a	_	_	_	_	_	linguistic	_	ContainsVariation=No	_	_	_	_	_	_
108-13	PKP130	108	13	<SCUOLA>	scuola	_	_	_	_	_	linguistic	_	ContainsVariation=No	Volume=high	_	_	Slow=0-6(0)	_	_
108-14	PKP130	108	14	m::h	mh	_	_	_	_	_	linguistic	_	ContainsVariation=No	_	_	0x2	_	_	_
108-15	PKP130	108	15	così	così	_	_	_	_	_	linguistic	_	ContainsVariation=No	_	_	_	_	_	_
108-16	PKP130	108	16	colì	colì	_	_	_	_	_	linguistic	_	ContainsVariation=No	_	_	_	_	_	_
108-17	PKP130	108	17	metti	metti	_	_	_	_	_	linguistic	_	ContainsVariation=No	_	_	_	_	_	_
108-18	PKP130	108	18	un	un	_	_	_	_	_	linguistic	_	ContainsVariation=No	_	_	_	_	_	_
108-19	PKP130	108	19	sacco	sacco	_	_	_	_	_	linguistic	_	ContainsVariation=No	_	_	_	_	_	_
108-20	PKP130	108	20	di	di	_	_	_	_	_	linguistic	_	ContainsVariation=No	_	_	_	_	_	_
108-21	PKP130	108	21	difficoltà	difficoltà	_	_	_	_	_	linguistic	_	ContainsVariation=No	_	End=261.69	_	_	_	_
109-0	PKP130	109	0	ci	ci	_	_	_	_	_	linguistic	_	ContainsVariation=No	_	Begin=261.765	_	_	_	_
109-1	PKP130	109	1	metti	metti	_	_	_	_	_	linguistic	_	ContainsVariation=No	_	_	_	_	_	_
109-2	PKP130	109	2	crei	crei	_	_	_	_	_	linguistic	_	ContainsVariation=No	_	_	_	_	_	_
109-3	PKP130	109	3	[DELLE	delle	_	_	_	_	_	linguistic	_	ContainsVariation=No	Volume=high	_	_	_	_	0-5(7)
109-4	PKP130	109	4	DIFFICOLTÀ]	difficoltà	_	_	_	_	_	linguistic	_	ContainsVariation=No	Volume=high	End=262.745	_	_	_	0-10(7)
110-0	PKP125	110	0	[la	la	_	_	_	_	_	linguistic	_	ContainsVariation=No	_	Begin=262.34	_	_	_	0-2(7)
110-1	PKP125	110	1	mamma]	mamma	_	_	_	_	_	linguistic	_	ContainsVariation=No	_	_	_	_	_	0-5(7)
110-2	PKP125	110	2	pure	pure	_	_	_	_	_	linguistic	_	ContainsVariation=No	_	_	_	_	_	_
110-3	PKP125	110	3	fa	fa	_	_	_	_	_	linguistic	_	ContainsVariation=No	_	_	_	_	_	_
110-4	PKP125	110	4	la	la	_	_	_	_	_	linguistic	_	ContainsVariation=No	_	_	_	_	_	_
110-5	PKP125	110	5	maestra?	maestra	_	_	_	_	_	linguistic	_	ContainsVariation=No	Intonation=Rising	End=263.47	_	_	_	_
111-0	PKP130	111	0	la	la	_	_	_	_	_	linguistic	_	ContainsVariation=No	_	Begin=263.77	_	_	_	_
111-1	PKP130	111	1	mamma	mamma	_	_	_	_	_	linguistic	_	ContainsVariation=No	_	_	_	_	_	_
111-2	PKP130	111	2	è	è	_	_	_	_	_	linguistic	_	ContainsVariation=No	_	_	_	_	_	_
111-3	PKP130	111	3	<MAESTRA>	maestra	_	_	_	_	_	linguistic	_	ContainsVariation=No	Volume=high	_	_	Slow=0-7(0)	_	_
111-4	PKP130	111	4	sì	sì	_	_	_	_	_	linguistic	_	ContainsVariation=No	_	_	_	_	_	_
111-5	PKP130	111	5	è	è	_	_	_	_	_	linguistic	_	ContainsVariation=No	_	_	_	_	_	_
111-6	PKP130	111	6	maestra	maestra	_	_	_	_	_	linguistic	_	ContainsVariation=No	_	_	_	_	_	_
111-7	PKP130	111	7	elementare	elementare	_	_	_	_	_	linguistic	_	ContainsVariation=No	_	End=266.07	_	_	_	_
112-0	PKP125	112	0	mh	mh	_	_	_	_	_	linguistic	_	ContainsVariation=No	_	Begin=266.645|End=266.835	_	_	_	_
113-0	PKP130	113	0	alle	alle	_	_	_	_	_	linguistic	_	ContainsVariation=No	_	Begin=267.045	_	_	_	_
113-1	PKP130	113	1	elementari	elementari	_	_	_	_	_	linguistic	_	ContainsVariation=No	_	End=267.815	_	_	_	_
114-0	PKP130	114	0	e	e	_	_	_	_	_	linguistic	_	ContainsVariation=No	_	Begin=268.965	_	_	_	_
114-1	PKP130	114	1	quindi:	quindi	_	_	_	_	_	linguistic	_	ContainsVariation=No	_	End=269.605	5x1	_	_	_
115-0	PKP130	115	0	eh	eh	_	_	_	_	_	linguistic	_	ContainsVariation=No	_	Begin=271.44	_	_	_	_
115-1	PKP130	115	1	lei	lei	_	_	_	_	_	linguistic	_	ContainsVariation=No	_	_	_	_	_	_
115-2	PKP130	115	2	ha	ha	_	_	_	_	_	linguistic	_	ContainsVariation=No	_	_	_	_	_	_
115-3	PKP130	115	3	anticipato	anticipato	_	_	_	_	_	linguistic	_	ContainsVariation=No	_	_	_	_	_	_
115-4	PKP130	115	4	al	al	_	_	_	_	_	linguistic	_	ContainsVariation=No	_	_	_	_	_	_
115-5	PKP130	115	5	venticinque	venticinque	_	_	_	_	_	linguistic	_	ContainsVariation=No	_	_	_	_	_	_
115-6	PKP130	115	6	agosto	agosto	_	_	_	_	_	linguistic	_	ContainsVariation=No	PauseAfter=Yes	_	_	_	_	_
115-7	PKP130	115	7	(.)	(.)	_	_	_	_	_	shortpause	_	ContainsVariation=No	_	_	_	_	_	_
115-8	PKP130	115	8	PRIMA:	prima	_	_	_	_	_	linguistic	_	ContainsVariation=No	Volume=high	End=274.17	4x1	_	_	_
116-0	PKP130	116	0	il	il	_	_	_	_	_	linguistic	_	ContainsVariation=No	_	Begin=275.53	_	_	_	_
116-1	PKP130	116	1	ristorante:	ristorante	_	_	_	_	_	linguistic	_	ContainsVariation=No	_	End=276.55	9x1	_	_	_
117-0	PKP130	117	0	le	le	_	_	_	_	_	linguistic	_	ContainsVariation=No	_	Begin=277.675	_	_	_	_
117-1	PKP130	117	1	disse	disse	_	_	_	_	_	linguistic	_	ContainsVariation=No	_	_	_	_	_	_
117-2	PKP130	117	2	guarda:	guarda	_	_	_	_	_	linguistic	_	ContainsVariation=No	_	End=278.615	5x1	_	_	_
118-0	PKP130	118	0	>comunque<	comunque	_	_	_	_	_	linguistic	_	ContainsVariation=No	_	Begin=279.44	_	Fast=0-8(0)	_	_
118-1	PKP130	118	1	ci	ci	_	_	_	_	_	linguistic	_	ContainsVariation=No	_	_	_	_	_	_
118-2	PKP130	118	2	sono	sono	_	_	_	_	_	linguistic	_	ContainsVariation=No	_	_	_	_	_	_
118-3	PKP130	118	3	delle	delle	_	_	_	_	_	linguistic	_	ContainsVariation=No	_	_	_	_	_	_
118-4	PKP130	118	4	restrizione	restrizione	_	_	_	_	_	linguistic	_	ContainsVariation=No	_	_	_	_	_	_
118-5	PKP130	118	5	devi	devi	_	_	_	_	_	linguistic	_	ContainsVariation=No	_	_	_	_	_	_
118-6	PKP130	118	6	fare:	fare	_	_	_	_	_	linguistic	_	ContainsVariation=No	_	_	3x1	_	_	_
118-7	PKP130	118	7	m:h	mh	_	_	_	_	_	linguistic	_	ContainsVariation=No	_	End=281.96	0x1	_	_	_
119-0	PKP130	119	0	>cioè<	cioè	_	_	_	_	_	linguistic	_	ContainsVariation=No	_	Begin=282.425	_	Fast=0-4(0)	_	_
119-1	PKP130	119	1	devi	devi	_	_	_	_	_	linguistic	_	ContainsVariation=No	_	_	_	_	_	_
119-2	PKP130	119	2	fare	fare	_	_	_	_	_	linguistic	_	ContainsVariation=No	_	_	_	_	_	_
119-3	PKP130	119	3	pochi	pochi	_	_	_	_	_	linguistic	_	ContainsVariation=No	_	_	_	_	_	_
119-4	PKP130	119	4	<invitati>	invitati	_	_	_	_	_	linguistic	_	ContainsVariation=No	_	End=283.895	_	Slow=0-8(0)	_	_
120-0	PKP125	120	0	m:h	mh	_	_	_	_	_	linguistic	_	ContainsVariation=No	_	Begin=284.305|End=284.625	0x1	_	_	_
121-0	PKP130	121	0	mh	mh	_	_	_	_	_	linguistic	_	ContainsVariation=No	_	Begin=284.92|End=285.19	_	_	_	_
122-0	PKP130	122	0	>e	e	_	_	_	_	_	linguistic	_	ContainsVariation=No	_	Begin=285.3	_	Fast=0-1(0)	_	_
122-1	PKP130	122	1	lei	lei	_	_	_	_	_	linguistic	_	ContainsVariation=No	_	_	_	Fast=0-3(0)	_	_
122-2	PKP130	122	2	disse<	disse	_	_	_	_	_	linguistic	_	ContainsVariation=No	_	_	_	Fast=0-5(0)	_	_
122-3	PKP130	122	3	io	io	_	_	_	_	_	linguistic	_	ContainsVariation=No	_	_	_	_	_	_
122-4	PKP130	122	4	mi	mi	_	_	_	_	_	linguistic	_	ContainsVariation=No	_	_	_	_	_	_
122-5	PKP130	122	5	sposo	sposo	_	_	_	_	_	linguistic	_	ContainsVariation=No	_	_	_	_	_	_
122-6	PKP130	122	6	in	in	_	_	_	_	_	linguistic	_	ContainsVariation=No	_	_	_	_	_	_
122-7	PKP130	122	7	chiesa	chiesa	_	_	_	_	_	linguistic	_	ContainsVariation=No	_	_	_	_	_	_
122-8	PKP130	122	8	e	e	_	_	_	_	_	linguistic	_	ContainsVariation=No	_	_	_	_	_	_
122-9	PKP130	122	9	poi	poi	_	_	_	_	_	linguistic	_	ContainsVariation=No	_	_	_	_	_	_
122-10	PKP130	122	10	non	non	_	_	_	_	_	linguistic	_	ContainsVariation=No	_	_	_	_	_	_
122-11	PKP130	122	11	facciamo	facciamo	_	_	_	_	_	linguistic	_	ContainsVariation=No	_	_	_	_	_	_
122-12	PKP130	122	12	<niente>	niente	_	_	_	_	_	linguistic	_	ContainsVariation=No	_	_	_	Slow=0-6(0)	_	_
122-13	PKP130	122	13	festeggiamo	festeggiamo	_	_	_	_	_	linguistic	_	ContainsVariation=No	_	_	_	_	_	_
122-14	PKP130	122	14	l'	l'	_	_	_	_	_	linguistic	_	ContainsVariation=No	SpaceAfter=No	_	_	_	_	_
122-15	PKP130	122	15	anno	anno	_	_	_	_	_	linguistic	_	ContainsVariation=No	_	_	_	_	_	_
122-16	PKP130	122	16	prossimo	prossimo	_	_	_	_	_	linguistic	_	ContainsVariation=No	_	End=289.14	_	_	_	_
123-0	PKP125	123	0	mh	mh	_	_	_	_	_	linguistic	_	ContainsVariation=No	_	Begin=289.265|End=289.415	_	_	_	_
124-0	PKP130	124	0	PO:I	poi	_	_	_	_	_	linguistic	_	ContainsVariation=No	Volume=high	Begin=289.775|End=290.245	1x1	_	_	_
125-0	PKP125	125	0	beh	beh	_	_	_	_	_	linguistic	_	ContainsVariation=No	_	Begin=290.295|End=290.485	_	_	_	_
126-0	PKP130	126	0	il	il	_	_	_	_	_	linguistic	_	ContainsVariation=No	_	Begin=291.385	_	_	_	_
126-1	PKP130	126	1	ristorante:	ristorante	_	_	_	_	_	linguistic	_	ContainsVariation=No	_	End=292.275	9x1	_	_	_
127-0	PKP130	127	0	che	che	_	_	_	_	_	linguistic	_	ContainsVariation=No	_	Begin=293.375	_	_	_	_
127-1	PKP130	127	1	la	la	_	_	_	_	_	linguistic	_	ContainsVariation=No	_	_	_	_	_	_
127-2	PKP130	127	2	casa	casa	_	_	_	_	_	linguistic	_	ContainsVariation=No	_	_	_	_	_	_
127-3	PKP130	127	3	comunque	comunque	_	_	_	_	_	linguistic	_	ContainsVariation=No	_	_	_	_	_	_
127-4	PKP130	127	4	è	è	_	_	_	_	_	linguistic	_	ContainsVariation=No	_	_	_	_	_	_
127-5	PKP130	127	5	<pronta>	pronta	_	_	_	_	_	linguistic	_	ContainsVariation=No	_	End=294.685	_	Slow=0-6(0)	_	_
128-0	PKP130	128	0	e:h	eh	_	_	_	_	_	linguistic	_	ContainsVariation=No	_	Begin=295.645|End=296.085	0x1	_	_	_
129-0	PKP125	129	0	e:h	eh	_	_	_	_	_	linguistic	_	ContainsVariation=No	_	Begin=297.48	0x1	_	_	_
129-1	PKP125	129	1	mo	mo	_	_	_	_	_	linguistic	_	ContainsVariation=No	_	_	_	_	_	_
129-2	PKP125	129	2	il	il	_	_	_	_	_	linguistic	_	ContainsVariation=No	_	_	_	_	_	_
129-3	PKP125	129	3	ristorante	ristorante	_	_	_	_	_	linguistic	_	ContainsVariation=No	_	_	_	_	_	_
129-4	PKP125	129	4	quindi	quindi	_	_	_	_	_	linguistic	_	ContainsVariation=No	_	_	_	_	_	_
129-5	PKP125	129	5	ha	ha	_	_	_	_	_	linguistic	_	ContainsVariation=No	_	_	_	_	_	_
129-6	PKP125	129	6	ridotto	ridotto	_	_	_	_	_	linguistic	_	ContainsVariation=No	_	_	_	_	_	_
129-7	PKP125	129	7	il	il	_	_	_	_	_	linguistic	_	ContainsVariation=No	_	_	_	_	_	_
129-8	PKP125	129	8	numero	numero	_	_	_	_	_	linguistic	_	ContainsVariation=No	_	_	_	_	_	_
129-9	PKP125	129	9	di	di	_	_	_	_	_	linguistic	_	ContainsVariation=No	_	_	_	_	_	_
129-10	PKP125	129	10	partecipanti	partecipanti	_	_	_	_	_	linguistic	_	ContainsVariation=No	_	_	_	_	_	_
129-11	PKP125	129	11	>che	che	_	_	_	_	_	linguistic	_	ContainsVariation=No	_	_	_	Fast=0-3(0)	_	_
129-12	PKP125	129	12	fa<?	fa	_	_	_	_	_	linguistic	_	ContainsVariation=No	Intonation=Rising	End=300.56	_	Fast=0-2(0)	_	_
130-0	PKP130	130	0	il	il	_	_	_	_	_	linguistic	_	ContainsVariation=No	_	Begin=300.605	_	_	_	_
130-1	PKP130	130	1	ristorante:	ristorante	_	_	_	_	_	linguistic	_	ContainsVariation=No	_	_	9x1	_	_	_
130-2	PKP130	130	2	m:h	mh	_	_	_	_	_	linguistic	_	ContainsVariation=No	_	_	0x1	_	_	_
130-3	PKP130	130	3	sì	sì	_	_	_	_	_	linguistic	_	ContainsVariation=No	_	_	_	_	_	_
130-4	PKP130	130	4	le	le	_	_	_	_	_	linguistic	_	ContainsVariation=No	_	_	_	_	_	_
130-5	PKP130	130	5	ha	ha	_	_	_	_	_	linguistic	_	ContainsVariation=No	_	_	_	_	_	_
130-6	PKP130	130	6	chiesto	chiesto	_	_	_	_	_	linguistic	_	ContainsVariation=No	_	_	_	_	_	_
130-7	PKP130	130	7	di	di	_	_	_	_	_	linguistic	_	ContainsVariation=No	_	_	_	_	_	_
130-8	PKP130	130	8	ridurre	ridurre	_	_	_	_	_	linguistic	_	ContainsVariation=No	_	_	_	_	_	_
130-9	PKP130	130	9	il	il	_	_	_	_	_	linguistic	_	ContainsVariation=No	_	_	_	_	_	_
130-10	PKP130	130	10	numero	numero	_	_	_	_	_	linguistic	_	ContainsVariation=No	_	_	_	_	_	_
130-11	PKP130	130	11	di	di	_	_	_	_	_	linguistic	_	ContainsVariation=No	_	_	_	_	_	_
130-12	PKP130	130	12	PARTECIPANTI	partecipanti	_	_	_	_	_	linguistic	_	ContainsVariation=No	Volume=high	End=304.135	_	_	_	_
131-0	PKP130	131	0	e::h	eh	_	_	_	_	_	linguistic	_	ContainsVariation=No	_	Begin=304.645	0x2	_	_	_
131-1	PKP130	131	1	m::h	mh	_	_	_	_	_	linguistic	_	ContainsVariation=No	_	End=305.645	0x2	_	_	_
132-0	PKP130	132	0	e	e	_	_	_	_	_	linguistic	_	ContainsVariation=No	_	Begin=306.3	_	_	_	_
132-1	PKP130	132	1	quindi:	quindi	_	_	_	_	_	linguistic	_	ContainsVariation=No	_	_	5x1	_	_	_
132-2	PKP130	132	2	e::h	eh	_	_	_	_	_	linguistic	_	ContainsVariation=No	_	End=307.43	0x2	_	_	_
133-0	PKP130	133	0	e	e	_	_	_	_	_	linguistic	_	ContainsVariation=No	_	Begin=311.55	_	_	_	_
133-1	PKP130	133	1	quindi	quindi	_	_	_	_	_	linguistic	_	ContainsVariation=No	_	_	_	_	_	_
133-2	PKP130	133	2	sì	sì	_	_	_	_	_	linguistic	_	ContainsVariation=No	_	End=312.16	_	_	_	_
134-0	PKP125	134	0	la	la	_	_	_	_	_	linguistic	_	ContainsVariation=No	_	Begin=313.24	_	_	_	_
134-1	PKP125	134	1	forchetta?	forchetta	_	_	_	_	_	linguistic	_	ContainsVariation=No	Intonation=Rising	End=313.89	_	_	_	_
135-0	PKP130	135	0	mh	mh	_	_	_	_	_	linguistic	_	ContainsVariation=No	_	Begin=314.18	_	_	_	_
135-1	PKP130	135	1	sì	sì	_	_	_	_	_	linguistic	_	ContainsVariation=No	_	_	_	_	_	_
135-2	PKP130	135	2	la	la	_	_	_	_	_	linguistic	_	ContainsVariation=No	_	_	_	_	_	_
135-3	PKP130	135	3	prendo	prendo	_	_	_	_	_	linguistic	_	ContainsVariation=No	_	_	_	_	_	_
135-4	PKP130	135	4	la	la	_	_	_	_	_	linguistic	_	ContainsVariation=No	_	_	_	_	_	_
135-5	PKP130	135	5	prendi	prendi	_	_	_	_	_	linguistic	_	ContainsVariation=No	_	_	_	_	_	_
135-6	PKP130	135	6	TU?	tu	_	_	_	_	_	linguistic	_	ContainsVariation=No	Intonation=Rising|Volume=high	End=315.61	_	_	_	_
136-0	PKP125	136	0	e:h	eh	_	_	_	_	_	linguistic	_	ContainsVariation=No	_	Begin=325.74|End=326.23	0x1	_	_	_
137-0	PKP125	137	0	>eh	eh	_	_	_	_	_	linguistic	_	ContainsVariation=No	_	Begin=326.84	_	Fast=0-2(0)	_	_
137-1	PKP125	137	1	eh<	eh	_	_	_	_	_	linguistic	_	ContainsVariation=No	_	End=327.09	_	Fast=0-2(0)	_	_
138-0	PKP125	138	0	giustamente	giustamente	_	_	_	_	_	linguistic	_	ContainsVariation=No	_	Begin=328.24|End=328.95	_	_	_	_
139-0	PKP125	139	0	ora	ora	_	_	_	_	_	linguistic	_	ContainsVariation=No	_	Begin=329.89	_	_	_	_
139-1	PKP125	139	1	v~	v~	_	_	_	_	_	linguistic	_	ContainsVariation=No	Interrupted=Yes	_	_	_	_	_
139-2	PKP125	139	2	e:h	eh	_	_	_	_	_	linguistic	_	ContainsVariation=No	_	_	0x1	_	_	_
139-3	PKP125	139	3	faranno	faranno	_	_	_	_	_	linguistic	_	ContainsVariation=No	_	_	_	_	_	_
139-4	PKP125	139	4	anche	anche	_	_	_	_	_	linguistic	_	ContainsVariation=No	_	_	_	_	_	_
139-5	PKP125	139	5	i	i	_	_	_	_	_	linguistic	_	ContainsVariation=No	_	_	_	_	_	_
139-6	PKP125	139	6	tavoli	tavoli	_	_	_	_	_	linguistic	_	ContainsVariation=No	_	_	_	_	_	_
139-7	PKP125	139	7	separati:	separati	_	_	_	_	_	linguistic	_	ContainsVariation=No	_	_	7x1	_	_	_
139-8	PKP125	139	8	>chissà<	chissà	_	_	_	_	_	linguistic	_	ContainsVariation=No	_	End=332.45	_	Fast=0-6(0)	_	_
140-0	PKP130	140	0	eh	eh	_	_	_	_	_	linguistic	_	ContainsVariation=No	_	Begin=333.255	_	_	_	_
140-1	PKP130	140	1	infa:tti	infatti	_	_	_	_	_	linguistic	_	ContainsVariation=No	_	End=334.065	3x1	_	_	_
141-0	PKP130	141	0	poi:	poi	_	_	_	_	_	linguistic	_	ContainsVariation=No	_	Begin=334.685	2x1	_	_	_
141-1	PKP130	141	1	io	io	_	_	_	_	_	linguistic	_	ContainsVariation=No	_	_	_	_	_	_
141-2	PKP130	141	2	sarò	sarò	_	_	_	_	_	linguistic	_	ContainsVariation=No	_	_	_	_	_	_
141-3	PKP130	141	3	seduta	seduta	_	_	_	_	_	linguistic	_	ContainsVariation=No	_	_	_	_	_	_
141-4	PKP130	141	4	accanto	accanto	_	_	_	_	_	linguistic	_	ContainsVariation=No	_	_	_	_	_	_
141-5	PKP130	141	5	ad	ad	_	_	_	_	_	linguistic	_	ContainsVariation=No	_	_	_	_	_	_
141-6	PKP130	141	6	<arianna>	arianna	_	_	_	_	_	linguistic	_	ContainsVariation=No	_	End=336.595	_	Slow=0-7(0)	_	_
142-0	PKP130	142	0	che	che	_	_	_	_	_	linguistic	_	ContainsVariation=No	_	Begin=336.895	_	_	_	_
142-1	PKP130	142	1	è	è	_	_	_	_	_	linguistic	_	ContainsVariation=No	_	_	_	_	_	_
142-2	PKP130	142	2	quella	quella	_	_	_	_	_	linguistic	_	ContainsVariation=No	_	_	_	_	_	_
142-3	PKP130	142	3	ragazza	ragazza	_	_	_	_	_	linguistic	_	ContainsVariation=No	_	_	_	_	_	_
142-4	PKP130	142	4	d'	d'	_	_	_	_	_	linguistic	_	ContainsVariation=No	SpaceAfter=No	_	_	_	_	_
142-5	PKP130	142	5	isernia	isernia	_	_	_	_	_	linguistic	_	ContainsVariation=No	_	_	_	_	_	_
142-6	PKP130	142	6	che	che	_	_	_	_	_	linguistic	_	ContainsVariation=No	_	_	_	_	_	_
142-7	PKP130	142	7	hai	hai	_	_	_	_	_	linguistic	_	ContainsVariation=No	_	_	_	_	_	_
142-8	PKP130	142	8	conosciuto	conosciuto	_	_	_	_	_	linguistic	_	ContainsVariation=No	_	_	_	_	_	_
142-9	PKP130	142	9	al	al	_	_	_	_	_	linguistic	_	ContainsVariation=No	_	_	_	_	_	_
142-10	PKP130	142	10	tfa	tfa	_	_	_	_	_	linguistic	_	ContainsVariation=No	_	End=339.585	_	_	_	_
143-0	PKP125	143	0	m:h	mh	_	_	_	_	_	linguistic	_	ContainsVariation=No	_	Begin=339.685|End=339.995	0x1	_	_	_
144-0	PKP130	144	0	che:	che	_	_	_	_	_	linguistic	_	ContainsVariation=No	_	Begin=340.775	2x1	_	_	_
144-1	PKP130	144	1	m:h	mh	_	_	_	_	_	linguistic	_	ContainsVariation=No	_	End=341.225	0x1	_	_	_
145-0	PKP130	145	0	fece:	fece	_	_	_	_	_	linguistic	_	ContainsVariation=No	_	Begin=342.275	3x1	_	_	_
145-1	PKP130	145	1	molta	molta	_	_	_	_	_	linguistic	_	ContainsVariation=No	_	_	_	_	_	_
145-2	PKP130	145	2	amicizia	amicizia	_	_	_	_	_	linguistic	_	ContainsVariation=No	_	_	_	_	_	_
145-3	PKP130	145	3	con	con	_	_	_	_	_	linguistic	_	ContainsVariation=No	_	_	_	_	_	_
145-4	PKP130	145	4	FRANCESCA	francesca	_	_	_	_	_	linguistic	_	ContainsVariation=No	Volume=high	End=343.945	_	_	_	_
146-0	PKP130	146	0	anche	anche	_	_	_	_	_	linguistic	_	ContainsVariation=No	_	Begin=345.285	_	_	_	_
146-1	PKP130	146	1	perché	perché	_	_	_	_	_	linguistic	_	ContainsVariation=No	_	_	_	_	_	_
146-2	PKP130	146	2	altrimenti	altrimenti	_	_	_	_	_	linguistic	_	ContainsVariation=No	_	End=346.345	_	_	_	_
147-0	PKP130	147	0	io	io	_	_	_	_	_	linguistic	_	ContainsVariation=No	_	Begin=347.22	_	_	_	_
147-1	PKP130	147	1	e	e	_	_	_	_	_	linguistic	_	ContainsVariation=No	_	_	_	_	_	_
147-2	PKP130	147	2	antonio	antonio	_	_	_	_	_	linguistic	_	ContainsVariation=No	_	_	_	_	_	_
147-3	PKP130	147	3	non	non	_	_	_	_	_	linguistic	_	ContainsVariation=No	_	_	_	_	_	_
147-4	PKP130	147	4	conoscevamo	conoscevamo	_	_	_	_	_	linguistic	_	ContainsVariation=No	_	_	_	_	_	_
147-5	PKP130	147	5	nessuno	nessuno	_	_	_	_	_	linguistic	_	ContainsVariation=No	_	End=348.78	_	_	_	_
148-0	PKP130	148	0	>però	però	_	_	_	_	_	linguistic	_	ContainsVariation=No	_	Begin=349.105	_	Fast=0-4(0)	_	_
148-1	PKP130	148	1	lui	lui	_	_	_	_	_	linguistic	_	ContainsVariation=No	_	_	_	Fast=0-3(0)	_	_
148-2	PKP130	148	2	disse<	disse	_	_	_	_	_	linguistic	_	ContainsVariation=No	_	_	_	Fast=0-5(0)	_	_
148-3	PKP130	148	3	non	non	_	_	_	_	_	linguistic	_	ContainsVariation=No	_	_	_	_	_	_
148-4	PKP130	148	4	ti	ti	_	_	_	_	_	linguistic	_	ContainsVariation=No	_	_	_	_	_	_
148-5	PKP130	148	5	preoccupare	preoccupare	_	_	_	_	_	linguistic	_	ContainsVariation=No	_	_	_	_	_	_
148-6	PKP130	148	6	tanto	tanto	_	_	_	_	_	linguistic	_	ContainsVariation=No	_	_	_	_	_	_
148-7	PKP130	148	7	noi	noi	_	_	_	_	_	linguistic	_	ContainsVariation=No	_	_	_	_	_	_
148-8	PKP130	148	8	facciamo	facciamo	_	_	_	_	_	linguistic	_	ContainsVariation=No	_	_	_	_	_	_
148-9	PKP130	148	9	<amicizia>	amicizia	_	_	_	_	_	linguistic	_	ContainsVariation=No	_	End=351.415	_	Slow=0-8(0)	_	_
149-0	PKP125	149	0	m:h	mh	_	_	_	_	_	linguistic	_	ContainsVariation=No	_	Begin=352.415|End=352.665	0x1	_	_	_
150-0	PKP125	150	0	°infatti°	infatti	_	_	_	_	_	linguistic	_	ContainsVariation=No	Volume=low	Begin=354.185|End=354.405	_	_	_	_
151-0	PKP130	151	0	però	però	_	_	_	_	_	linguistic	_	ContainsVariation=No	_	Begin=354.67	_	_	_	_
151-1	PKP130	151	1	arianna:	arianna	_	_	_	_	_	linguistic	_	ContainsVariation=No	_	End=355.39	6x1	_	_	_
152-0	PKP130	152	0	mi	mi	_	_	_	_	_	linguistic	_	ContainsVariation=No	_	Begin=356.075	_	_	_	_
152-1	PKP130	152	1	ha	ha	_	_	_	_	_	linguistic	_	ContainsVariation=No	_	_	_	_	_	_
152-2	PKP130	152	2	mandato	mandato	_	_	_	_	_	linguistic	_	ContainsVariation=No	_	_	_	_	_	_
152-3	PKP130	152	3	gli	gli	_	_	_	_	_	linguistic	_	ContainsVariation=No	_	_	_	_	_	_
152-4	PKP130	152	4	<auguri>	auguri	_	_	_	_	_	linguistic	_	ContainsVariation=No	_	_	_	Slow=0-6(0)	_	_
152-5	PKP130	152	5	e	e	_	_	_	_	_	linguistic	_	ContainsVariation=No	_	_	_	Fast=0-1(0)	_	_
152-6	PKP130	152	6	poi	poi	_	_	_	_	_	linguistic	_	ContainsVariation=No	_	_	_	Fast=0-3(0)	_	_
152-7	PKP130	152	7	mi	mi	_	_	_	_	_	linguistic	_	ContainsVariation=No	_	_	_	Fast=0-2(0)	_	_
152-8	PKP130	152	8	ha	ha	_	_	_	_	_	linguistic	_	ContainsVariation=No	_	_	_	Fast=0-2(0)	_	_
152-9	PKP130	152	9	scritto	scritto	_	_	_	_	_	linguistic	_	ContainsVariation=No	_	_	_	Fast=0-7(0)	_	_
152-10	PKP130	152	10	<ci	ci	_	_	_	_	_	linguistic	_	ContainsVariation=No	_	_	_	Slow=0-2(1)	_	_
152-11	PKP130	152	11	vediamo	vediamo	_	_	_	_	_	linguistic	_	ContainsVariation=No	_	_	_	Slow=0-7(1)	_	_
152-12	PKP130	152	12	presto>	presto	_	_	_	_	_	linguistic	_	ContainsVariation=No	_	_	_	Slow=0-6(1)	_	_
152-13	PKP130	152	13	quindi	quindi	_	_	_	_	_	linguistic	_	ContainsVariation=No	_	_	_	_	_	_
152-14	PKP130	152	14	evidentemente	evidentemente	_	_	_	_	_	linguistic	_	ContainsVariation=No	_	_	_	_	_	_
152-15	PKP130	152	15	significa	significa	_	_	_	_	_	linguistic	_	ContainsVariation=No	_	_	_	_	_	_
152-16	PKP130	152	16	che	che	_	_	_	_	_	linguistic	_	ContainsVariation=No	_	_	_	_	_	_
152-17	PKP130	152	17	viene	viene	_	_	_	_	_	linguistic	_	ContainsVariation=No	_	_	_	_	_	_
152-18	PKP130	152	18	NO?	no	_	_	_	_	_	linguistic	_	ContainsVariation=No	Intonation=Rising|Volume=high	End=360.145	_	_	_	_
153-0	PKP125	153	0	ma	ma	_	_	_	_	_	linguistic	_	ContainsVariation=No	_	Begin=360.915	_	_	_	_
153-1	PKP125	153	1	tu	tu	_	_	_	_	_	linguistic	_	ContainsVariation=No	_	_	_	_	_	_
153-2	PKP125	153	2	sapevi	sapevi	_	_	_	_	_	linguistic	_	ContainsVariation=No	_	_	_	_	_	_
153-3	PKP125	153	3	che:	che	_	_	_	_	_	linguistic	_	ContainsVariation=No	_	_	2x1	_	_	_
153-4	PKP125	153	4	era	era	_	_	_	_	_	linguistic	_	ContainsVariation=No	_	_	_	_	_	_
153-5	PKP125	153	5	stata	stata	_	_	_	_	_	linguistic	_	ContainsVariation=No	_	_	_	_	_	_
153-6	PKP125	153	6	invitata?	invitata	_	_	_	_	_	linguistic	_	ContainsVariation=No	Intonation=Rising	End=362.835	_	_	_	_
154-0	PKP130	154	0	m:h	mh	_	_	_	_	_	linguistic	_	ContainsVariation=No	_	Begin=363.3	0x1	_	_	_
154-1	PKP130	154	1	sì	sì	_	_	_	_	_	linguistic	_	ContainsVariation=No	_	_	_	_	_	_
154-2	PKP130	154	2	sì	sì	_	_	_	_	_	linguistic	_	ContainsVariation=No	_	End=364.15	_	_	_	_
155-0	PKP125	155	0	cioè	cioè	_	_	_	_	_	linguistic	_	ContainsVariation=No	_	Begin=364.52	_	_	_	_
155-1	PKP125	155	1	sei::	sei	_	_	_	_	_	linguistic	_	ContainsVariation=No	_	_	2x2	_	_	_
155-2	PKP125	155	2	sei	sei	_	_	_	_	_	linguistic	_	ContainsVariation=No	_	_	_	_	_	_
155-3	PKP125	155	3	sicura	sicura	_	_	_	_	_	linguistic	_	ContainsVariation=No	_	_	_	_	_	_
155-4	PKP125	155	4	che	che	_	_	_	_	_	linguistic	_	ContainsVariation=No	_	_	_	_	_	_
155-5	PKP125	155	5	era	era	_	_	_	_	_	linguistic	_	ContainsVariation=No	_	_	_	_	_	_
155-6	PKP125	155	6	s~	s~	_	_	_	_	_	linguistic	_	ContainsVariation=No	Interrupted=Yes	_	_	_	_	_
155-7	PKP125	155	7	eh	eh	_	_	_	_	_	linguistic	_	ContainsVariation=No	_	End=366.15	_	_	_	_
156-0	PKP130	156	0	SÌ	sì	_	_	_	_	_	linguistic	_	ContainsVariation=No	Volume=high	Begin=366.53	_	_	_	_
156-1	PKP130	156	1	perché	perché	_	_	_	_	_	linguistic	_	ContainsVariation=No	_	_	_	_	_	_
156-2	PKP130	156	2	francesca	francesca	_	_	_	_	_	linguistic	_	ContainsVariation=No	_	_	_	_	_	_
156-3	PKP130	156	3	quando	quando	_	_	_	_	_	linguistic	_	ContainsVariation=No	_	_	_	_	_	_
156-4	PKP130	156	4	mi:	mi	_	_	_	_	_	linguistic	_	ContainsVariation=No	_	_	1x1	_	_	_
156-5	PKP130	156	5	mi	mi	_	_	_	_	_	linguistic	_	ContainsVariation=No	_	_	_	_	_	_
156-6	PKP130	156	6	scrisse.	scrisse	_	_	_	_	_	linguistic	_	ContainsVariation=No	Intonation=Falling	End=368.95	_	_	_	_
157-0	PKP130	157	0	dopo	dopo	_	_	_	_	_	linguistic	_	ContainsVariation=No	_	Begin=369.955	_	_	_	_
157-1	PKP130	157	1	un	un	_	_	_	_	_	linguistic	_	ContainsVariation=No	_	_	_	_	_	_
157-2	PKP130	157	2	po'	po'	_	_	_	_	_	linguistic	_	ContainsVariation=No	_	End=370.565	_	_	_	_
158-0	PKP130	158	0	mi	mi	_	_	_	_	_	linguistic	_	ContainsVariation=No	_	Begin=370.805	_	_	_	_
158-1	PKP130	158	1	mandò	mandò	_	_	_	_	_	linguistic	_	ContainsVariation=No	_	_	_	_	_	_
158-2	PKP130	158	2	la	la	_	_	_	_	_	linguistic	_	ContainsVariation=No	_	_	_	_	_	_
158-3	PKP130	158	3	partecipazione	partecipazione	_	_	_	_	_	linguistic	_	ContainsVariation=No	_	_	_	_	_	_
158-4	PKP130	158	4	via	via	_	_	_	_	_	linguistic	_	ContainsVariation=No	_	_	_	_	_	_
158-5	PKP130	158	5	<whatsapp>	whatsapp	_	_	_	_	_	linguistic	_	ContainsVariation=No	_	End=372.725	_	Slow=0-8(0)	_	_
159-0	PKP125	159	0	m:h	mh	_	_	_	_	_	linguistic	_	ContainsVariation=No	_	Begin=374.08|End=374.32	0x1	_	_	_
160-0	PKP130	160	0	dopo	dopo	_	_	_	_	_	linguistic	_	ContainsVariation=No	_	Begin=374.86	_	_	_	_
160-1	PKP130	160	1	un	un	_	_	_	_	_	linguistic	_	ContainsVariation=No	_	_	_	_	_	_
160-2	PKP130	160	2	po'	po'	_	_	_	_	_	linguistic	_	ContainsVariation=No	_	_	_	_	_	_
160-3	PKP130	160	3	mi	mi	_	_	_	_	_	linguistic	_	ContainsVariation=No	_	_	_	_	_	_
160-4	PKP130	160	4	disse	disse	_	_	_	_	_	linguistic	_	ContainsVariation=No	_	_	_	_	_	_
160-5	PKP130	160	5	guarda	guarda	_	_	_	_	_	linguistic	_	ContainsVariation=No	_	_	_	_	_	_
160-6	PKP130	160	6	marce'	marce'	_	_	_	_	_	linguistic	_	ContainsVariation=No	Truncated=Yes|PauseAfter=Yes	_	_	_	_	_
160-7	PKP130	160	7	(.)	(.)	_	_	_	_	_	shortpause	_	ContainsVariation=No	_	_	_	_	_	_
160-8	PKP130	160	8	sto	sto	_	_	_	_	_	linguistic	_	ContainsVariation=No	_	_	_	_	_	_
160-9	PKP130	160	9	aspettando	aspettando	_	_	_	_	_	linguistic	_	ContainsVariation=No	_	_	_	_	_	_
160-10	PKP130	160	10	la	la	_	_	_	_	_	linguistic	_	ContainsVariation=No	_	_	_	_	_	_
160-11	PKP130	160	11	risposta	risposta	_	_	_	_	_	linguistic	_	ContainsVariation=No	_	_	_	_	_	_
160-12	PKP130	160	12	di	di	_	_	_	_	_	linguistic	_	ContainsVariation=No	_	_	_	_	_	_
160-13	PKP130	160	13	arianna	arianna	_	_	_	_	_	linguistic	_	ContainsVariation=No	_	_	_	_	_	_
160-14	PKP130	160	14	ma	ma	_	_	_	_	_	linguistic	_	ContainsVariation=No	_	_	_	_	_	_
160-15	PKP130	160	15	tu	tu	_	_	_	_	_	linguistic	_	ContainsVariation=No	_	_	_	_	_	_
160-16	PKP130	160	16	<vieni>	vieni	_	_	_	_	_	linguistic	_	ContainsVariation=No	_	_	_	Slow=0-5(0)	_	_
160-17	PKP130	160	17	>dissi<	dissi	_	_	_	_	_	linguistic	_	ContainsVariation=No	_	_	_	Fast=0-5(0)	_	_
160-18	PKP130	160	18	sì	sì	_	_	_	_	_	linguistic	_	ContainsVariation=No	_	_	_	_	_	_
160-19	PKP130	160	19	fra	fra	_	_	_	_	_	linguistic	_	ContainsVariation=No	_	_	_	_	_	_
160-20	PKP130	160	20	io:	io	_	_	_	_	_	linguistic	_	ContainsVariation=No	_	End=379.98	1x1	_	_	_
161-0	PKP130	161	0	ho	ho	_	_	_	_	_	linguistic	_	ContainsVariation=No	_	Begin=380.13	_	_	_	_
161-1	PKP130	161	1	dato	dato	_	_	_	_	_	linguistic	_	ContainsVariation=No	_	_	_	_	_	_
161-2	PKP130	161	2	per	per	_	_	_	_	_	linguistic	_	ContainsVariation=No	_	_	_	_	_	_
161-3	PKP130	161	3	scontato	scontato	_	_	_	_	_	linguistic	_	ContainsVariation=No	_	_	_	_	_	_
161-4	PKP130	161	4	che	che	_	_	_	_	_	linguistic	_	ContainsVariation=No	_	_	_	_	_	_
161-5	PKP130	161	5	tu	tu	_	_	_	_	_	linguistic	_	ContainsVariation=No	_	_	_	_	_	_
161-6	PKP130	161	6	avevi	avevi	_	_	_	_	_	linguistic	_	ContainsVariation=No	_	_	_	_	_	_
161-7	PKP130	161	7	capito,	capito	_	_	_	_	_	linguistic	_	ContainsVariation=No	Intonation=WeaklyRising	End=382.25	_	_	_	_
162-0	PKP125	162	0	m:h	mh	_	_	_	_	_	linguistic	_	ContainsVariation=No	_	Begin=382.745|End=382.995	0x1	_	_	_
163-0	PKP130	163	0	e:h	eh	_	_	_	_	_	linguistic	_	ContainsVariation=No	_	Begin=384.18	0x1	_	_	_
163-1	PKP130	163	1	disse	disse	_	_	_	_	_	linguistic	_	ContainsVariation=No	_	_	_	_	_	_
163-2	PKP130	163	2	sto	sto	_	_	_	_	_	linguistic	_	ContainsVariation=No	_	_	_	_	_	_
163-3	PKP130	163	3	aspettando	aspettando	_	_	_	_	_	linguistic	_	ContainsVariation=No	_	_	_	_	_	_
163-4	PKP130	163	4	la	la	_	_	_	_	_	linguistic	_	ContainsVariation=No	_	_	_	_	_	_
163-5	PKP130	163	5	risposta	risposta	_	_	_	_	_	linguistic	_	ContainsVariation=No	_	_	_	_	_	_
163-6	PKP130	163	6	di	di	_	_	_	_	_	linguistic	_	ContainsVariation=No	_	_	_	_	_	_
163-7	PKP130	163	7	<arianna>	arianna	_	_	_	_	_	linguistic	_	ContainsVariation=No	_	End=386.56	_	Slow=0-7(0)	_	_
164-0	PKP130	164	0	e	e	_	_	_	_	_	linguistic	_	ContainsVariation=No	_	Begin=386.75	_	_	_	_
164-1	PKP130	164	1	quindi	quindi	_	_	_	_	_	linguistic	_	ContainsVariation=No	_	_	_	_	_	_
164-2	PKP130	164	2	poi	poi	_	_	_	_	_	linguistic	_	ContainsVariation=No	_	_	_	_	_	_
164-3	PKP130	164	3	arianna	arianna	_	_	_	_	_	linguistic	_	ContainsVariation=No	_	_	_	_	_	_
164-4	PKP130	164	4	mi	mi	_	_	_	_	_	linguistic	_	ContainsVariation=No	_	_	_	_	_	_
164-5	PKP130	164	5	ha	ha	_	_	_	_	_	linguistic	_	ContainsVariation=No	_	_	_	_	_	_
164-6	PKP130	164	6	scritto	scritto	_	_	_	_	_	linguistic	_	ContainsVariation=No	_	_	_	_	_	_
164-7	PKP130	164	7	ci	ci	_	_	_	_	_	linguistic	_	ContainsVariation=No	_	_	_	_	_	_
164-8	PKP130	164	8	vediamo	vediamo	_	_	_	_	_	linguistic	_	ContainsVariation=No	_	_	_	_	_	_
164-9	PKP130	164	9	presto	presto	_	_	_	_	_	linguistic	_	ContainsVariation=No	_	End=388.95	_	_	_	_
165-0	PKP130	165	0	quindi:	quindi	_	_	_	_	_	linguistic	_	ContainsVariation=No	_	Begin=390.635|End=390.975	5x1	_	_	_
166-0	PKP125	166	0	eh	eh	_	_	_	_	_	linguistic	_	ContainsVariation=No	_	Begin=391.05	_	_	_	_
166-1	PKP125	166	1	allora	allora	_	_	_	_	_	linguistic	_	ContainsVariation=No	_	_	_	_	_	_
166-2	PKP125	166	2	sì	sì	_	_	_	_	_	linguistic	_	ContainsVariation=No	_	End=391.62	_	_	_	_
167-0	PKP130	167	0	m:h	mh	_	_	_	_	_	linguistic	_	ContainsVariation=No	_	Begin=392.05|End=392.26	0x1	_	_	_
168-0	PKP125	168	0	°mh°	mh	_	_	_	_	_	linguistic	_	ContainsVariation=No	Volume=low	Begin=392.54|End=392.72	_	_	_	_
169-0	PKP130	169	0	arianna	arianna	_	_	_	_	_	linguistic	_	ContainsVariation=No	_	Begin=393.92	_	_	_	_
169-1	PKP130	169	1	è	è	_	_	_	_	_	linguistic	_	ContainsVariation=No	_	_	_	_	_	_
169-2	PKP130	169	2	quella	quella	_	_	_	_	_	linguistic	_	ContainsVariation=No	_	_	_	_	_	_
169-3	PKP130	169	3	che	che	_	_	_	_	_	linguistic	_	ContainsVariation=No	_	_	_	_	_	_
169-4	PKP130	169	4	c'	c'	_	_	_	_	_	linguistic	_	ContainsVariation=No	SpaceAfter=No	_	_	_	_	_
169-5	PKP130	169	5	ha	ha	_	_	_	_	_	linguistic	_	ContainsVariation=No	_	_	_	_	_	_
169-6	PKP130	169	6	i	i	_	_	_	_	_	linguistic	_	ContainsVariation=No	_	_	_	_	_	_
169-7	PKP130	169	7	parenti:	parenti	_	_	_	_	_	linguistic	_	ContainsVariation=No	_	End=395.35	6x1	_	_	_
170-0	PKP130	170	0	in	in	_	_	_	_	_	linguistic	_	ContainsVariation=No	_	Begin=395.45	_	_	_	_
170-1	PKP130	170	1	america	america	_	_	_	_	_	linguistic	_	ContainsVariation=No	_	_	_	_	_	_
170-2	PKP130	170	2	e	e	_	_	_	_	_	linguistic	_	ContainsVariation=No	_	_	_	_	_	_
170-3	PKP130	170	3	va	va	_	_	_	_	_	linguistic	_	ContainsVariation=No	_	_	_	_	_	_
170-4	PKP130	170	4	ogni	ogni	_	_	_	_	_	linguistic	_	ContainsVariation=No	_	_	_	_	_	_
170-5	PKP130	170	5	anno	anno	_	_	_	_	_	linguistic	_	ContainsVariation=No	_	_	_	_	_	_
170-6	PKP130	170	6	LÀ	là	_	_	_	_	_	linguistic	_	ContainsVariation=No	Volume=high	End=396.88	_	_	_	_
171-0	PKP130	171	0	te	te	_	_	_	_	_	linguistic	_	ContainsVariation=No	_	Begin=397.07	_	_	_	_
171-1	PKP130	171	1	l'	l'	_	_	_	_	_	linguistic	_	ContainsVariation=No	SpaceAfter=No	_	_	_	_	_
171-2	PKP130	171	2	ho	ho	_	_	_	_	_	linguistic	_	ContainsVariation=No	_	_	_	_	_	_
171-3	PKP130	171	3	mai	mai	_	_	_	_	_	linguistic	_	ContainsVariation=No	_	_	_	_	_	_
171-4	PKP130	171	4	detto:?	detto	_	_	_	_	_	linguistic	_	ContainsVariation=No	Intonation=Rising	End=397.71	4x1	_	_	_
172-0	PKP125	172	0	no	no	_	_	_	_	_	linguistic	_	ContainsVariation=No	_	Begin=398.325|End=398.575	_	_	_	_
173-0	PKP130	173	0	no	no	_	_	_	_	_	linguistic	_	ContainsVariation=No	_	Begin=398.995|End=399.295	_	_	_	_
174-0	PKP125	174	0	va	va	_	_	_	_	_	linguistic	_	ContainsVariation=No	_	Begin=401.22	_	_	_	_
174-1	PKP125	174	1	ogni	ogni	_	_	_	_	_	linguistic	_	ContainsVariation=No	_	_	_	_	_	_
174-2	PKP125	174	2	anno	anno	_	_	_	_	_	linguistic	_	ContainsVariation=No	_	_	_	_	_	_
174-3	PKP125	174	3	[in	in	_	_	_	_	_	linguistic	_	ContainsVariation=No	_	_	_	_	_	0-2(8)
174-4	PKP125	174	4	america]?	america	_	_	_	_	_	linguistic	_	ContainsVariation=No	Intonation=Rising	End=401.84	_	_	_	0-7(8)
175-0	PKP130	175	0	[>questi	questi	_	_	_	_	_	linguistic	_	ContainsVariation=No	_	Begin=401.575	_	Fast=0-6(0)	_	0-6(8)
175-1	PKP130	175	1	sono<]	sono	_	_	_	_	_	linguistic	_	ContainsVariation=No	_	_	_	Fast=0-4(0)	_	0-4(8)
175-2	PKP130	175	2	di	di	_	_	_	_	_	linguistic	_	ContainsVariation=No	_	_	_	_	_	_
175-3	PKP130	175	3	un:	un	_	_	_	_	_	linguistic	_	ContainsVariation=No	_	_	1x1	_	_	_
175-4	PKP130	175	4	sì	sì	_	_	_	_	_	linguistic	_	ContainsVariation=No	_	_	_	_	_	_
175-5	PKP130	175	5	sì	sì	_	_	_	_	_	linguistic	_	ContainsVariation=No	_	_	_	_	_	_
175-6	PKP130	175	6	sono	sono	_	_	_	_	_	linguistic	_	ContainsVariation=No	_	_	_	_	_	_
175-7	PKP130	175	7	di	di	_	_	_	_	_	linguistic	_	ContainsVariation=No	_	_	_	_	_	_
175-8	PKP130	175	8	un	un	_	_	_	_	_	linguistic	_	ContainsVariation=No	_	_	_	_	_	_
175-9	PKP130	175	9	paesino	paesino	_	_	_	_	_	linguistic	_	ContainsVariation=No	_	_	_	_	_	_
175-10	PKP130	175	10	in	in	_	_	_	_	_	linguistic	_	ContainsVariation=No	_	_	_	_	_	_
175-11	PKP130	175	11	provincia	provincia	_	_	_	_	_	linguistic	_	ContainsVariation=No	_	_	_	_	_	_
175-12	PKP130	175	12	di	di	_	_	_	_	_	linguistic	_	ContainsVariation=No	_	_	_	_	_	_
175-13	PKP130	175	13	<isernia>	isernia	_	_	_	_	_	linguistic	_	ContainsVariation=No	_	_	_	Slow=0-7(0)	_	_
175-14	PKP130	175	14	[un	un	_	_	_	_	_	linguistic	_	ContainsVariation=No	_	_	_	_	_	0-2(9)
175-15	PKP130	175	15	paesino]	paesino	_	_	_	_	_	linguistic	_	ContainsVariation=No	_	_	_	_	_	0-7(9)
175-16	PKP130	175	16	sulle	sulle	_	_	_	_	_	linguistic	_	ContainsVariation=No	_	_	_	_	_	_
175-17	PKP130	175	17	montagne	montagne	_	_	_	_	_	linguistic	_	ContainsVariation=No	_	End=405.685	_	_	_	_
176-0	PKP125	176	0	[mhmh]	mhmh	_	_	_	_	_	linguistic	_	ContainsVariation=No	_	Begin=404.815|End=405.175	_	_	_	0-4(9)
177-0	PKP130	177	0	quindi	quindi	_	_	_	_	_	linguistic	_	ContainsVariation=No	_	Begin=406.805	_	_	_	_
177-1	PKP130	177	1	pensa	pensa	_	_	_	_	_	linguistic	_	ContainsVariation=No	_	_	_	_	_	_
177-2	PKP130	177	2	in	in	_	_	_	_	_	linguistic	_	ContainsVariation=No	_	_	_	_	_	_
177-3	PKP130	177	3	quegli	quegli	_	_	_	_	_	linguistic	_	ContainsVariation=No	_	_	_	_	_	_
177-4	PKP130	177	4	anni	anni	_	_	_	_	_	linguistic	_	ContainsVariation=No	_	_	_	_	_	_
177-5	PKP130	177	5	che	che	_	_	_	_	_	linguistic	_	ContainsVariation=No	_	_	_	_	_	_
177-6	PKP130	177	6	[ci	ci	_	_	_	_	_	linguistic	_	ContainsVariation=No	_	_	_	_	_	0-2(10)
177-7	PKP130	177	7	stava],	stava	_	_	_	_	_	linguistic	_	ContainsVariation=No	Intonation=WeaklyRising	End=408.325	_	_	_	0-5(10)
178-0	PKP125	178	0	[ma	ma	_	_	_	_	_	linguistic	_	ContainsVariation=No	_	Begin=407.95	_	_	_	0-2(10)
178-1	PKP125	178	1	adesso]	adesso	_	_	_	_	_	linguistic	_	ContainsVariation=No	_	_	_	_	_	0-6(10)
178-2	PKP125	178	2	va	va	_	_	_	_	_	linguistic	_	ContainsVariation=No	_	_	_	_	_	_
178-3	PKP125	178	3	all'	all'	_	_	_	_	_	linguistic	_	ContainsVariation=No	SpaceAfter=No	_	_	_	_	_
178-4	PKP125	178	4	orientale?	orientale	_	_	_	_	_	linguistic	_	ContainsVariation=No	Intonation=Rising	End=408.91	_	_	_	_
179-0	PKP130	179	0	no	no	_	_	_	_	_	linguistic	_	ContainsVariation=No	_	Begin=409.66|End=409.98	_	_	_	_
180-0	PKP130	180	0	[lei]	lei	_	_	_	_	_	linguistic	_	ContainsVariation=No	_	Begin=410.495	_	_	_	0-3(11)
180-1	PKP130	180	1	ha	ha	_	_	_	_	_	linguistic	_	ContainsVariation=No	_	_	_	_	_	_
180-2	PKP130	180	2	studiato	studiato	_	_	_	_	_	linguistic	_	ContainsVariation=No	_	_	_	_	_	_
180-3	PKP130	180	3	a	a	_	_	_	_	_	linguistic	_	ContainsVariation=No	_	_	_	_	_	_
180-4	PKP130	180	4	<ROMA>	roma	_	_	_	_	_	linguistic	_	ContainsVariation=No	Volume=high	End=411.625	_	Slow=0-4(0)	_	_
181-0	PKP125	181	0	°a:h°	ah	_	_	_	_	_	linguistic	_	ContainsVariation=No	Volume=low	Begin=410.505|End=410.685	0x1	_	_	_
182-0	PKP125	182	0	a:h	ah	_	_	_	_	_	linguistic	_	ContainsVariation=No	_	Begin=412.21|End=412.46	0x1	_	_	_
183-0	PKP130	183	0	ha	ha	_	_	_	_	_	linguistic	_	ContainsVariation=No	_	Begin=413.2	_	_	_	_
183-1	PKP130	183	1	studiato	studiato	_	_	_	_	_	linguistic	_	ContainsVariation=No	_	_	_	_	_	_
183-2	PKP130	183	2	a	a	_	_	_	_	_	linguistic	_	ContainsVariation=No	_	_	_	_	_	_
183-3	PKP130	183	3	<roma	roma	_	_	_	_	_	linguistic	_	ContainsVariation=No	_	_	_	Slow=0-4(0)	_	_
183-4	PKP130	183	4	tre>	tre	_	_	_	_	_	linguistic	_	ContainsVariation=No	_	End=414.3	_	Slow=0-3(0)	_	_
184-0	PKP130	184	0	a	a	_	_	_	_	_	linguistic	_	ContainsVariation=No	_	Begin=414.635	_	_	_	_
184-1	PKP130	184	1	<roma>	roma	_	_	_	_	_	linguistic	_	ContainsVariation=No	_	_	_	Slow=0-4(0)	_	_
184-2	PKP130	184	2	o	o	_	_	_	_	_	linguistic	_	ContainsVariation=No	_	_	_	_	_	_
184-3	PKP130	184	3	a	a	_	_	_	_	_	linguistic	_	ContainsVariation=No	_	_	_	_	_	_
184-4	PKP130	184	4	tor	tor	_	_	_	_	_	linguistic	_	ContainsVariation=No	_	_	_	_	_	_
184-5	PKP130	184	5	vergata	vergata	_	_	_	_	_	linguistic	_	ContainsVariation=No	_	_	_	_	_	_
184-6	PKP130	184	6	>non	non	_	_	_	_	_	linguistic	_	ContainsVariation=No	_	_	_	Fast=0-3(0)	_	_
184-7	PKP130	184	7	mi	mi	_	_	_	_	_	linguistic	_	ContainsVariation=No	_	_	_	Fast=0-2(0)	_	_
184-8	PKP130	184	8	ricordo<	ricordo	_	_	_	_	_	linguistic	_	ContainsVariation=No	_	End=416.445	_	Fast=0-7(0)	_	_
185-0	PKP130	185	0	ha	ha	_	_	_	_	_	linguistic	_	ContainsVariation=No	_	Begin=417.095	_	_	_	_
185-1	PKP130	185	1	studiato	studiato	_	_	_	_	_	linguistic	_	ContainsVariation=No	_	_	_	_	_	_
185-2	PKP130	185	2	<lingue>	lingue	_	_	_	_	_	linguistic	_	ContainsVariation=No	_	End=418.085	_	Slow=0-6(0)	_	_
186-0	PKP130	186	0	praticamente	praticamente	_	_	_	_	_	linguistic	_	ContainsVariation=No	_	Begin=418.905	_	_	_	_
186-1	PKP130	186	1	poi	poi	_	_	_	_	_	linguistic	_	ContainsVariation=No	_	_	_	_	_	_
186-2	PKP130	186	2	quando	quando	_	_	_	_	_	linguistic	_	ContainsVariation=No	_	_	_	_	_	_
186-3	PKP130	186	3	doveva	doveva	_	_	_	_	_	linguistic	_	ContainsVariation=No	_	_	_	_	_	_
186-4	PKP130	186	4	fare	fare	_	_	_	_	_	linguistic	_	ContainsVariation=No	_	_	_	_	_	_
186-5	PKP130	186	5	il	il	_	_	_	_	_	linguistic	_	ContainsVariation=No	_	_	_	_	_	_
186-6	PKP130	186	6	tfa:	tfa	_	_	_	_	_	linguistic	_	ContainsVariation=No	_	End=421.425	2x1	_	_	_
187-0	PKP130	187	0	roma:	roma	_	_	_	_	_	linguistic	_	ContainsVariation=No	_	Begin=422.01|End=422.64	3x1	_	_	_
188-0	PKP130	188	0	attivò	attivò	_	_	_	_	_	linguistic	_	ContainsVariation=No	_	Begin=423.56	_	_	_	_
188-1	PKP130	188	1	soltanto	soltanto	_	_	_	_	_	linguistic	_	ContainsVariation=No	_	_	_	_	_	_
188-2	PKP130	188	2	le	le	_	_	_	_	_	linguistic	_	ContainsVariation=No	_	_	_	_	_	_
188-3	PKP130	188	3	superiori	superiori	_	_	_	_	_	linguistic	_	ContainsVariation=No	_	End=425.24	_	_	_	_
189-0	PKP130	189	0	non	non	_	_	_	_	_	linguistic	_	ContainsVariation=No	_	Begin=425.285	_	_	_	_
189-1	PKP130	189	1	le	le	_	_	_	_	_	linguistic	_	ContainsVariation=No	_	_	_	_	_	_
189-2	PKP130	189	2	<medie>	medie	_	_	_	_	_	linguistic	_	ContainsVariation=No	_	_	_	Slow=0-5(0)	_	_
189-3	PKP130	189	3	o	o	_	_	_	_	_	linguistic	_	ContainsVariation=No	_	_	_	_	_	_
189-4	PKP130	189	4	viceversa	viceversa	_	_	_	_	_	linguistic	_	ContainsVariation=No	_	_	_	_	_	_
189-5	PKP130	189	5	non	non	_	_	_	_	_	linguistic	_	ContainsVariation=No	_	_	_	_	_	_
189-6	PKP130	189	6	mi	mi	_	_	_	_	_	linguistic	_	ContainsVariation=No	_	_	_	_	_	_
189-7	PKP130	189	7	ricordo	ricordo	_	_	_	_	_	linguistic	_	ContainsVariation=No	_	End=427.645	_	_	_	_
190-0	PKP130	190	0	allora	allora	_	_	_	_	_	linguistic	_	ContainsVariation=No	_	Begin=427.69	_	_	_	_
190-1	PKP130	190	1	lei	lei	_	_	_	_	_	linguistic	_	ContainsVariation=No	_	_	_	_	_	_
190-2	PKP130	190	2	diceva	diceva	_	_	_	_	_	linguistic	_	ContainsVariation=No	_	_	_	_	_	_
190-3	PKP130	190	3	io	io	_	_	_	_	_	linguistic	_	ContainsVariation=No	_	_	_	_	_	_
190-4	PKP130	190	4	devo	devo	_	_	_	_	_	linguistic	_	ContainsVariation=No	_	_	_	_	_	_
190-5	PKP130	190	5	pagare	pagare	_	_	_	_	_	linguistic	_	ContainsVariation=No	_	_	_	_	_	_
190-6	PKP130	190	6	TREMILA	tremila	_	_	_	_	_	linguistic	_	ContainsVariation=No	Volume=high	_	_	_	_	_
190-7	PKP130	190	7	EURO	euro	_	_	_	_	_	linguistic	_	ContainsVariation=No	Volume=high	End=430.09	_	_	_	_
191-0	PKP130	191	0	per	per	_	_	_	_	_	linguistic	_	ContainsVariation=No	_	Begin=430.625	_	_	_	_
191-1	PKP130	191	1	fare	fare	_	_	_	_	_	linguistic	_	ContainsVariation=No	_	_	_	_	_	_
191-2	PKP130	191	2	il	il	_	_	_	_	_	linguistic	_	ContainsVariation=No	_	_	_	_	_	_
191-3	PKP130	191	3	TFA	tfa	_	_	_	_	_	linguistic	_	ContainsVariation=No	Volume=high	End=431.785	_	_	_	_
192-0	PKP130	192	0	e	e	_	_	_	_	_	linguistic	_	ContainsVariation=No	_	Begin=432.25	_	_	_	_
192-1	PKP130	192	1	poi	poi	_	_	_	_	_	linguistic	_	ContainsVariation=No	_	_	_	_	_	_
192-2	PKP130	192	2	mi	mi	_	_	_	_	_	linguistic	_	ContainsVariation=No	_	_	_	_	_	_
192-3	PKP130	192	3	devo	devo	_	_	_	_	_	linguistic	_	ContainsVariation=No	_	_	_	_	_	_
192-4	PKP130	192	4	abilitare	abilitare	_	_	_	_	_	linguistic	_	ContainsVariation=No	_	_	_	_	_	_
192-5	PKP130	192	5	soltanto	soltanto	_	_	_	_	_	linguistic	_	ContainsVariation=No	_	_	_	_	_	_
192-6	PKP130	192	6	su	su	_	_	_	_	_	linguistic	_	ContainsVariation=No	_	_	_	_	_	_
192-7	PKP130	192	7	una	una	_	_	_	_	_	linguistic	_	ContainsVariation=No	_	_	_	_	_	_
192-8	PKP130	192	8	classe	classe	_	_	_	_	_	linguistic	_	ContainsVariation=No	_	_	_	_	_	_
192-9	PKP130	192	9	di	di	_	_	_	_	_	linguistic	_	ContainsVariation=No	_	_	_	_	_	_
192-10	PKP130	192	10	concorso	concorso	_	_	_	_	_	linguistic	_	ContainsVariation=No	_	_	_	_	_	_
192-11	PKP130	192	11	dice	dice	_	_	_	_	_	linguistic	_	ContainsVariation=No	_	_	_	_	_	_
192-12	PKP130	192	12	[non]	non	_	_	_	_	_	linguistic	_	ContainsVariation=No	_	_	_	_	_	0-3(12)
192-13	PKP130	192	13	è	è	_	_	_	_	_	linguistic	_	ContainsVariation=No	_	_	_	_	_	_
192-14	PKP130	192	14	giusto	giusto	_	_	_	_	_	linguistic	_	ContainsVariation=No	_	End=435.98	_	_	_	_
193-0	PKP125	193	0	[beh]	beh	_	_	_	_	_	linguistic	_	ContainsVariation=No	_	Begin=435.09|End=435.62	_	_	_	0-3(12)
194-0	PKP130	194	0	e	e	_	_	_	_	_	linguistic	_	ContainsVariation=No	_	Begin=437.25	_	_	_	_
194-1	PKP130	194	1	quindi	quindi	_	_	_	_	_	linguistic	_	ContainsVariation=No	_	_	_	_	_	_
194-2	PKP130	194	2	PRATICAMENTE:	praticamente	_	_	_	_	_	linguistic	_	ContainsVariation=No	Volume=high	End=438.52	11x1	_	_	_
195-0	PKP130	195	0	fece	fece	_	_	_	_	_	linguistic	_	ContainsVariation=No	_	Begin=439.23	_	_	_	_
195-1	PKP130	195	1	domanda	domanda	_	_	_	_	_	linguistic	_	ContainsVariation=No	_	_	_	_	_	_
195-2	PKP130	195	2	per	per	_	_	_	_	_	linguistic	_	ContainsVariation=No	_	_	_	_	_	_
195-3	PKP130	195	3	napoli:	napoli	_	_	_	_	_	linguistic	_	ContainsVariation=No	_	End=440.55	5x1	_	_	_
196-0	PKP130	196	0	e	e	_	_	_	_	_	linguistic	_	ContainsVariation=No	_	Begin=440.925	_	_	_	_
196-1	PKP130	196	1	fu	fu	_	_	_	_	_	linguistic	_	ContainsVariation=No	_	_	_	_	_	_
196-2	PKP130	196	2	presa	presa	_	_	_	_	_	linguistic	_	ContainsVariation=No	_	_	_	_	_	_
196-3	PKP130	196	3	a	a	_	_	_	_	_	linguistic	_	ContainsVariation=No	_	_	_	_	_	_
196-4	PKP130	196	4	napoli	napoli	_	_	_	_	_	linguistic	_	ContainsVariation=No	_	End=442.105	_	_	_	_
197-0	PKP125	197	0	m:h	mh	_	_	_	_	_	linguistic	_	ContainsVariation=No	_	Begin=443.43|End=443.77	0x1	_	_	_
198-0	PKP130	198	0	e	e	_	_	_	_	_	linguistic	_	ContainsVariation=No	_	Begin=443.885	_	_	_	_
198-1	PKP130	198	1	viveva:	viveva	_	_	_	_	_	linguistic	_	ContainsVariation=No	_	End=444.525	5x1	_	_	_
199-0	PKP130	199	0	dove	dove	_	_	_	_	_	linguistic	_	ContainsVariation=No	_	Begin=445.6	_	_	_	_
199-1	PKP130	199	1	viv~	viv~	_	_	_	_	_	linguistic	_	ContainsVariation=No	Interrupted=Yes	_	_	_	_	_
199-2	PKP130	199	2	viveva	viveva	_	_	_	_	_	linguistic	_	ContainsVariation=No	_	_	_	_	_	_
199-3	PKP130	199	3	proprio	proprio	_	_	_	_	_	linguistic	_	ContainsVariation=No	_	_	_	_	_	_
199-4	PKP130	199	4	a:	a	_	_	_	_	_	linguistic	_	ContainsVariation=No	_	_	0x1	_	_	_
199-5	PKP130	199	5	m:h	mh	_	_	_	_	_	linguistic	_	ContainsVariation=No	_	End=447.73	0x1	_	_	_
200-0	PKP130	200	0	a	a	_	_	_	_	_	linguistic	_	ContainsVariation=No	_	Begin=448.3	_	_	_	_
200-1	PKP130	200	1	via	via	_	_	_	_	_	linguistic	_	ContainsVariation=No	_	_	_	_	_	_
200-2	PKP130	200	2	dei::	dei	_	_	_	_	_	linguistic	_	ContainsVariation=No	_	_	2x2	_	_	_
200-3	PKP130	200	3	m:h	mh	_	_	_	_	_	linguistic	_	ContainsVariation=No	_	_	0x1	_	_	_
200-4	PKP130	200	4	>come	come	_	_	_	_	_	linguistic	_	ContainsVariation=No	_	_	_	Fast=0-4(0)	_	_
200-5	PKP130	200	5	si	si	_	_	_	_	_	linguistic	_	ContainsVariation=No	_	_	_	Fast=0-2(0)	_	_
200-6	PKP130	200	6	chiama<	chiama	_	_	_	_	_	linguistic	_	ContainsVariation=No	_	End=450.26	_	Fast=0-6(0)	_	_
201-0	PKP130	201	0	quella	quella	_	_	_	_	_	linguistic	_	ContainsVariation=No	_	Begin=451.185	_	_	_	_
201-1	PKP130	201	1	stradina	stradina	_	_	_	_	_	linguistic	_	ContainsVariation=No	_	_	_	_	_	_
201-2	PKP130	201	2	>hai	hai	_	_	_	_	_	linguistic	_	ContainsVariation=No	_	_	_	Fast=0-3(0)	_	_
201-3	PKP130	201	3	presente<	presente	_	_	_	_	_	linguistic	_	ContainsVariation=No	_	_	_	Fast=0-8(0)	_	_
201-4	PKP130	201	4	dove	dove	_	_	_	_	_	linguistic	_	ContainsVariation=No	_	_	_	_	_	_
201-5	PKP130	201	5	sta	sta	_	_	_	_	_	linguistic	_	ContainsVariation=No	_	End=453.475	_	_	_	_
203-0	PKP130	203	0	sulla	sulla	_	_	_	_	_	linguistic	_	ContainsVariation=No	_	Begin=455.0	_	_	_	_
203-1	PKP130	203	1	salita	salita	_	_	_	_	_	linguistic	_	ContainsVariation=No	_	_	_	_	_	_
203-2	PKP130	203	2	che	che	_	_	_	_	_	linguistic	_	ContainsVariation=No	_	_	_	_	_	_
203-3	PKP130	203	3	ti	ti	_	_	_	_	_	linguistic	_	ContainsVariation=No	_	_	_	_	_	_
203-4	PKP130	203	4	porta	porta	_	_	_	_	_	linguistic	_	ContainsVariation=No	_	_	_	_	_	_
203-5	PKP130	203	5	[LÀ]	là	_	_	_	_	_	linguistic	_	ContainsVariation=No	Volume=high	End=456.56	_	_	_	0-2(13)
204-0	PKP125	204	0	[sì]	sì	_	_	_	_	_	linguistic	_	ContainsVariation=No	_	Begin=456.255|End=456.585	_	_	_	0-2(13)
206-0	PKP130	206	0	e:h	eh	_	_	_	_	_	linguistic	_	ContainsVariation=No	_	Begin=457.885	0x1	_	_	_
206-1	PKP130	206	1	beh	beh	_	_	_	_	_	linguistic	_	ContainsVariation=No	_	_	_	_	_	_
206-2	PKP130	206	2	sì	sì	_	_	_	_	_	linguistic	_	ContainsVariation=No	_	_	_	_	_	_
206-3	PKP130	206	3	per	per	_	_	_	_	_	linguistic	_	ContainsVariation=No	_	_	_	_	_	_
206-4	PKP130	206	4	di	di	_	_	_	_	_	linguistic	_	ContainsVariation=No	_	_	_	_	_	_
206-5	PKP130	206	5	là	là	_	_	_	_	_	linguistic	_	ContainsVariation=No	_	_	_	_	_	_
206-6	PKP130	206	6	comunque	comunque	_	_	_	_	_	linguistic	_	ContainsVariation=No	_	End=459.395	_	_	_	_
207-0	PKP130	207	0	un	un	_	_	_	_	_	linguistic	_	ContainsVariation=No	_	Begin=459.475	_	_	_	_
207-1	PKP130	207	1	bel:~	bel~	_	_	_	_	_	linguistic	_	ContainsVariation=No	Interrupted=Yes	_	2x1	_	_	_
207-2	PKP130	207	2	un	un	_	_	_	_	_	linguistic	_	ContainsVariation=No	_	_	_	_	_	_
207-3	PKP130	207	3	bell'	bell'	_	_	_	_	_	linguistic	_	ContainsVariation=No	SpaceAfter=No	_	_	_	_	_
207-4	PKP130	207	4	appartamentino	appartamentino	_	_	_	_	_	linguistic	_	ContainsVariation=No	_	_	_	_	_	_
207-5	PKP130	207	5	molto:	molto	_	_	_	_	_	linguistic	_	ContainsVariation=No	_	_	4x1	_	_	_
207-6	PKP130	207	6	luminoso	luminoso	_	_	_	_	_	linguistic	_	ContainsVariation=No	_	End=462.065	_	_	_	_
208-0	PKP125	208	0	mh	mh	_	_	_	_	_	linguistic	_	ContainsVariation=No	_	Begin=462.375|End=462.715	_	_	_	_
209-0	PKP130	209	0	mh	mh	_	_	_	_	_	linguistic	_	ContainsVariation=No	_	Begin=462.95|End=463.24	_	_	_	_
210-0	PKP130	210	0	si	si	_	_	_	_	_	linguistic	_	ContainsVariation=No	_	Begin=464.8	_	_	_	_
210-1	PKP130	210	1	è	è	_	_	_	_	_	linguistic	_	ContainsVariation=No	_	_	_	_	_	_
210-2	PKP130	210	2	fatta	fatta	_	_	_	_	_	linguistic	_	ContainsVariation=No	_	_	_	_	_	_
210-3	PKP130	210	3	il	il	_	_	_	_	_	linguistic	_	ContainsVariation=No	_	_	_	_	_	_
210-4	PKP130	210	4	tfa	tfa	_	_	_	_	_	linguistic	_	ContainsVariation=No	_	_	_	_	_	_
210-5	PKP130	210	5	qua	qua	_	_	_	_	_	linguistic	_	ContainsVariation=No	_	_	_	_	_	_
210-6	PKP130	210	6	praticamente	praticamente	_	_	_	_	_	linguistic	_	ContainsVariation=No	_	End=466.66	_	_	_	_
211-0	PKP130	211	0	poi	poi	_	_	_	_	_	linguistic	_	ContainsVariation=No	_	Begin=467.875	_	_	_	_
211-1	PKP130	211	1	ha	ha	_	_	_	_	_	linguistic	_	ContainsVariation=No	_	_	_	_	_	_
211-2	PKP130	211	2	fatto	fatto	_	_	_	_	_	linguistic	_	ContainsVariation=No	_	_	_	_	_	_
211-3	PKP130	211	3	il	il	_	_	_	_	_	linguistic	_	ContainsVariation=No	_	_	_	_	_	_
211-4	PKP130	211	4	concorso	concorso	_	_	_	_	_	linguistic	_	ContainsVariation=No	_	_	_	_	_	_
211-5	PKP130	211	5	duemila	duemila	_	_	_	_	_	linguistic	_	ContainsVariation=No	_	_	_	_	_	_
211-6	PKP130	211	6	e	e	_	_	_	_	_	linguistic	_	ContainsVariation=No	_	_	_	_	_	_
211-7	PKP130	211	7	sedici	sedici	_	_	_	_	_	linguistic	_	ContainsVariation=No	_	_	_	_	_	_
211-8	PKP130	211	8	in	in	_	_	_	_	_	linguistic	_	ContainsVariation=No	_	_	_	_	_	_
211-9	PKP130	211	9	molise,	molise	_	_	_	_	_	linguistic	_	ContainsVariation=No	Intonation=WeaklyRising	End=470.135	_	_	_	_
212-0	PKP130	212	0	in	in	_	_	_	_	_	linguistic	_	ContainsVariation=No	_	Begin=470.2	_	_	_	_
212-1	PKP130	212	1	molise	molise	_	_	_	_	_	linguistic	_	ContainsVariation=No	_	_	_	_	_	_
212-2	PKP130	212	2	c'	c'	_	_	_	_	_	linguistic	_	ContainsVariation=No	SpaceAfter=No	_	_	_	_	_
212-3	PKP130	212	3	erano	erano	_	_	_	_	_	linguistic	_	ContainsVariation=No	_	_	_	_	_	_
212-4	PKP130	212	4	due	due	_	_	_	_	_	linguistic	_	ContainsVariation=No	_	_	_	_	_	_
212-5	PKP130	212	5	posti	posti	_	_	_	_	_	linguistic	_	ContainsVariation=No	_	End=471.63	_	_	_	_
213-0	PKP125	213	0	((ride))	((ride))	_	_	_	_	_	nonverbalbehavior	_	ContainsVariation=No	_	Begin=471.68|End=472.38	_	_	_	_
214-0	PKP130	214	0	pra[ticamente]	praticamente	_	_	_	_	_	linguistic	_	ContainsVariation=No	_	Begin=473.105|End=473.895	_	_	_	3-12(?)
215-0	PKP130	215	0	il	il	_	_	_	_	_	linguistic	_	ContainsVariation=No	_	Begin=475.165	_	_	_	_
215-1	PKP130	215	1	primo	primo	_	_	_	_	_	linguistic	_	ContainsVariation=No	_	_	_	_	_	_
215-2	PKP130	215	2	anno	anno	_	_	_	_	_	linguistic	_	ContainsVariation=No	_	_	_	_	_	_
215-3	PKP130	215	3	non	non	_	_	_	_	_	linguistic	_	ContainsVariation=No	_	_	_	_	_	_
215-4	PKP130	215	4	è	è	_	_	_	_	_	linguistic	_	ContainsVariation=No	_	_	_	_	_	_
215-5	PKP130	215	5	ENTRATA	entrata	_	_	_	_	_	linguistic	_	ContainsVariation=No	Volume=high	End=476.645	_	_	_	_
216-0	PKP130	216	0	e	e	_	_	_	_	_	linguistic	_	ContainsVariation=No	_	Begin=476.77	_	_	_	_
216-1	PKP130	216	1	l'	l'	_	_	_	_	_	linguistic	_	ContainsVariation=No	SpaceAfter=No	_	_	_	_	_
216-2	PKP130	216	2	ha	ha	_	_	_	_	_	linguistic	_	ContainsVariation=No	_	_	_	_	_	_
216-3	PKP130	216	3	superato.	superato	_	_	_	_	_	linguistic	_	ContainsVariation=No	Intonation=Falling	End=477.68	_	_	_	_
217-0	PKP130	217	0	ma	ma	_	_	_	_	_	linguistic	_	ContainsVariation=No	_	Begin=477.81	_	_	_	_
217-1	PKP130	217	1	il	il	_	_	_	_	_	linguistic	_	ContainsVariation=No	_	_	_	_	_	_
217-2	PKP130	217	2	primo	primo	_	_	_	_	_	linguistic	_	ContainsVariation=No	_	_	_	_	_	_
217-3	PKP130	217	3	anno	anno	_	_	_	_	_	linguistic	_	ContainsVariation=No	_	_	_	_	_	_
217-4	PKP130	217	4	non	non	_	_	_	_	_	linguistic	_	ContainsVariation=No	_	_	_	_	_	_
217-5	PKP130	217	5	è	è	_	_	_	_	_	linguistic	_	ContainsVariation=No	_	_	_	_	_	_
217-6	PKP130	217	6	entrata	entrata	_	_	_	_	_	linguistic	_	ContainsVariation=No	_	End=479.14	_	_	_	_
218-0	PKP130	218	0	il	il	_	_	_	_	_	linguistic	_	ContainsVariation=No	_	Begin=479.22	_	_	_	_
218-1	PKP130	218	1	secondo	secondo	_	_	_	_	_	linguistic	_	ContainsVariation=No	_	_	_	_	_	_
218-2	PKP130	218	2	anno	anno	_	_	_	_	_	linguistic	_	ContainsVariation=No	_	_	_	_	_	_
218-3	PKP130	218	3	è	è	_	_	_	_	_	linguistic	_	ContainsVariation=No	_	_	_	_	_	_
218-4	PKP130	218	4	entrata	entrata	_	_	_	_	_	linguistic	_	ContainsVariation=No	_	_	_	_	_	_
218-5	PKP130	218	5	ma	ma	_	_	_	_	_	linguistic	_	ContainsVariation=No	_	_	_	_	_	_
218-6	PKP130	218	6	a	a	_	_	_	_	_	linguistic	_	ContainsVariation=No	_	_	_	_	_	_
218-7	PKP130	218	7	cento	cento	_	_	_	_	_	linguistic	_	ContainsVariation=No	_	_	_	_	_	_
218-8	PKP130	218	8	chilometri	chilometri	_	_	_	_	_	linguistic	_	ContainsVariation=No	_	_	_	_	_	_
218-9	PKP130	218	9	da	da	_	_	_	_	_	linguistic	_	ContainsVariation=No	_	_	_	_	_	_
218-10	PKP130	218	10	casa.	casa	_	_	_	_	_	linguistic	_	ContainsVariation=No	Intonation=Falling	End=481.89	_	_	_	_
219-0	PKP130	219	0	mh	mh	_	_	_	_	_	linguistic	_	ContainsVariation=No	_	Begin=483.25|End=483.42	_	_	_	_
220-0	PKP130	220	0	ma	ma	_	_	_	_	_	linguistic	_	ContainsVariation=No	_	Begin=485.22	_	_	_	_
220-1	PKP130	220	1	a	a	_	_	_	_	_	linguistic	_	ContainsVariation=No	_	_	_	_	_	_
220-2	PKP130	220	2	cento	cento	_	_	_	_	_	linguistic	_	ContainsVariation=No	_	_	_	_	_	_
220-3	PKP130	220	3	chilometri	chilometri	_	_	_	_	_	linguistic	_	ContainsVariation=No	_	_	_	_	_	_
220-4	PKP130	220	4	DA	da	_	_	_	_	_	linguistic	_	ContainsVariation=No	Volume=high	_	_	_	_	_
220-5	PKP130	220	5	CASA	casa	_	_	_	_	_	linguistic	_	ContainsVariation=No	Volume=high	_	_	_	_	_
220-6	PKP130	220	6	e	e	_	_	_	_	_	linguistic	_	ContainsVariation=No	_	_	_	_	_	_
220-7	PKP130	220	7	si	si	_	_	_	_	_	linguistic	_	ContainsVariation=No	_	_	_	_	_	_
220-8	PKP130	220	8	è	è	_	_	_	_	_	linguistic	_	ContainsVariation=No	_	_	_	_	_	_
220-9	PKP130	220	9	[affittata	affittata	_	_	_	_	_	linguistic	_	ContainsVariation=No	_	_	_	_	_	0-9(14)
220-10	PKP130	220	10	un	un	_	_	_	_	_	linguistic	_	ContainsVariation=No	_	_	_	_	_	0-2(14)
220-11	PKP130	220	11	appartamento:]	appartamento	_	_	_	_	_	linguistic	_	ContainsVariation=No	_	End=487.84	11x1	_	_	0-12(14)
221-0	PKP125	221	0	ma	ma	_	_	_	_	_	linguistic	_	ContainsVariation=No	_	Begin=486.895	_	_	_	_
221-1	PKP125	221	1	sempre	sempre	_	_	_	_	_	linguistic	_	ContainsVariation=No	_	_	_	_	_	_
221-2	PKP125	221	2	in	in	_	_	_	_	_	linguistic	_	ContainsVariation=No	_	_	_	_	_	_
221-3	PKP125	221	3	molise?	molise	_	_	_	_	_	linguistic	_	ContainsVariation=No	Intonation=Rising	End=487.785	_	_	_	_
222-0	PKP130	222	0	sempre	sempre	_	_	_	_	_	linguistic	_	ContainsVariation=No	_	Begin=487.915	_	_	_	_
222-1	PKP130	222	1	in	in	_	_	_	_	_	linguistic	_	ContainsVariation=No	_	_	_	_	_	_
222-2	PKP130	222	2	molise	molise	_	_	_	_	_	linguistic	_	ContainsVariation=No	_	End=488.775	_	_	_	_
223-0	PKP125	223	0	°ah°	ah	_	_	_	_	_	linguistic	_	ContainsVariation=No	Volume=low	Begin=489.425|End=489.585	_	_	_	_
224-0	PKP130	224	0	ha	ha	_	_	_	_	_	linguistic	_	ContainsVariation=No	_	Begin=489.7	_	_	_	_
224-1	PKP130	224	1	affittato	affittato	_	_	_	_	_	linguistic	_	ContainsVariation=No	_	_	_	_	_	_
224-2	PKP130	224	2	un	un	_	_	_	_	_	linguistic	_	ContainsVariation=No	_	_	_	_	_	_
224-3	PKP130	224	3	appartamento	appartamento	_	_	_	_	_	linguistic	_	ContainsVariation=No	_	_	_	_	_	_
224-4	PKP130	224	4	però	però	_	_	_	_	_	linguistic	_	ContainsVariation=No	_	End=491.31	_	_	_	_
225-0	PKP130	225	0	poi	poi	_	_	_	_	_	linguistic	_	ContainsVariation=No	_	Begin=491.36	_	_	_	_
225-1	PKP130	225	1	si	si	_	_	_	_	_	linguistic	_	ContainsVariation=No	_	_	_	_	_	_
225-2	PKP130	225	2	è	è	_	_	_	_	_	linguistic	_	ContainsVariation=No	_	_	_	_	_	_
225-3	PKP130	225	3	lasciata	lasciata	_	_	_	_	_	linguistic	_	ContainsVariation=No	_	_	_	_	_	_
225-4	PKP130	225	4	col	col	_	_	_	_	_	linguistic	_	ContainsVariation=No	_	_	_	_	_	_
225-5	PKP130	225	5	RAGAZZO	ragazzo	_	_	_	_	_	linguistic	_	ContainsVariation=No	Volume=high	_	_	_	_	_
225-6	PKP130	225	6	e	e	_	_	_	_	_	linguistic	_	ContainsVariation=No	_	_	_	_	_	_
225-7	PKP130	225	7	poi	poi	_	_	_	_	_	linguistic	_	ContainsVariation=No	_	_	_	_	_	_
225-8	PKP130	225	8	si	si	_	_	_	_	_	linguistic	_	ContainsVariation=No	_	_	_	_	_	_
225-9	PKP130	225	9	è	è	_	_	_	_	_	linguistic	_	ContainsVariation=No	_	_	_	_	_	_
225-10	PKP130	225	10	messa	messa	_	_	_	_	_	linguistic	_	ContainsVariation=No	_	_	_	_	_	_
225-11	PKP130	225	11	proprio	proprio	_	_	_	_	_	linguistic	_	ContainsVariation=No	_	_	_	_	_	_
225-12	PKP130	225	12	con	con	_	_	_	_	_	linguistic	_	ContainsVariation=No	_	_	_	_	_	_
225-13	PKP130	225	13	un:	un	_	_	_	_	_	linguistic	_	ContainsVariation=No	_	_	1x1	_	_	_
225-14	PKP130	225	14	un	un	_	_	_	_	_	linguistic	_	ContainsVariation=No	_	_	_	_	_	_
225-15	PKP130	225	15	ragazzo	ragazzo	_	_	_	_	_	linguistic	_	ContainsVariation=No	_	_	_	_	_	_
225-16	PKP130	225	16	un	un	_	_	_	_	_	linguistic	_	ContainsVariation=No	_	_	_	_	_	_
225-17	PKP130	225	17	professore	professore	_	_	_	_	_	linguistic	_	ContainsVariation=No	_	_	_	_	_	_
225-18	PKP130	225	18	della	della	_	_	_	_	_	linguistic	_	ContainsVariation=No	_	_	_	_	_	_
225-19	PKP130	225	19	scuola:	scuola	_	_	_	_	_	linguistic	_	ContainsVariation=No	_	End=495.95	5x1	_	_	_
226-0	PKP130	226	0	della	della	_	_	_	_	_	linguistic	_	ContainsVariation=No	_	Begin=497.46	_	_	_	_
226-1	PKP130	226	1	scuola	scuola	_	_	_	_	_	linguistic	_	ContainsVariation=No	_	_	_	_	_	_
226-2	PKP130	226	2	sua	sua	_	_	_	_	_	linguistic	_	ContainsVariation=No	_	End=498.46	_	_	_	_
227-0	PKP125	227	0	ma	ma	_	_	_	_	_	linguistic	_	ContainsVariation=No	_	Begin=498.605	_	_	_	_
227-1	PKP125	227	1	ah	ah	_	_	_	_	_	linguistic	_	ContainsVariation=No	PauseAfter=Yes	_	_	_	_	_
227-2	PKP125	227	2	(.)	(.)	_	_	_	_	_	shortpause	_	ContainsVariation=No	_	_	_	_	_	_
227-3	PKP125	227	3	questa	questa	_	_	_	_	_	linguistic	_	ContainsVariation=No	_	_	_	_	_	_
227-4	PKP125	227	4	scuola	scuola	_	_	_	_	_	linguistic	_	ContainsVariation=No	_	_	_	_	_	_
227-5	PKP125	227	5	sua	sua	_	_	_	_	_	linguistic	_	ContainsVariation=No	_	_	_	_	_	_
227-6	PKP125	227	6	è	è	_	_	_	_	_	linguistic	_	ContainsVariation=No	_	_	_	_	_	_
227-7	PKP125	227	7	a	a	_	_	_	_	_	linguistic	_	ContainsVariation=No	_	_	_	_	_	_
227-8	PKP125	227	8	cento	cento	_	_	_	_	_	linguistic	_	ContainsVariation=No	_	_	_	_	_	_
227-9	PKP125	227	9	chilometri	chilometri	_	_	_	_	_	linguistic	_	ContainsVariation=No	_	_	_	_	_	_
227-10	PKP125	227	10	da	da	_	_	_	_	_	linguistic	_	ContainsVariation=No	_	_	_	_	_	_
227-11	PKP125	227	11	[casa]?	casa	_	_	_	_	_	linguistic	_	ContainsVariation=No	Intonation=Rising	End=501.125	_	_	_	0-4(15)
228-0	PKP130	228	0	[mh]	mh	_	_	_	_	_	linguistic	_	ContainsVariation=No	_	Begin=500.84|End=501.31	_	_	_	0-2(15)
229-0	PKP130	229	0	sì	sì	_	_	_	_	_	linguistic	_	ContainsVariation=No	_	Begin=501.415	_	_	_	_
229-1	PKP130	229	1	[sì]	sì	_	_	_	_	_	linguistic	_	ContainsVariation=No	_	End=501.795	_	_	_	0-2(16)
230-0	PKP125	230	0	[AH]	ah	_	_	_	_	_	linguistic	_	ContainsVariation=No	Volume=high	Begin=501.49	_	_	_	0-2(16)
230-1	PKP125	230	1	è	è	_	_	_	_	_	linguistic	_	ContainsVariation=No	_	_	_	_	_	_
230-2	PKP125	230	2	andata	andata	_	_	_	_	_	linguistic	_	ContainsVariation=No	_	_	_	_	_	_
230-3	PKP125	230	3	[quindi]	quindi	_	_	_	_	_	linguistic	_	ContainsVariation=No	_	End=502.75	_	_	_	0-6(17)
231-0	PKP130	231	0	[mh]	mh	_	_	_	_	_	linguistic	_	ContainsVariation=No	_	Begin=502.445|End=502.785	_	_	_	0-2(17)
232-0	PKP130	232	0	IL	il	_	_	_	_	_	linguistic	_	ContainsVariation=No	Volume=high	Begin=503.08	_	_	_	_
232-1	PKP130	232	1	SECONDO	secondo	_	_	_	_	_	linguistic	_	ContainsVariation=No	Volume=high	_	_	_	_	_
232-2	PKP130	232	2	ANNO	anno	_	_	_	_	_	linguistic	_	ContainsVariation=No	Volume=high	_	_	_	_	_
232-3	PKP130	232	3	è	è	_	_	_	_	_	linguistic	_	ContainsVariation=No	_	_	_	_	_	_
232-4	PKP130	232	4	stata	stata	_	_	_	_	_	linguistic	_	ContainsVariation=No	_	_	_	_	_	_
232-5	PKP130	232	5	chiamata	chiamata	_	_	_	_	_	linguistic	_	ContainsVariation=No	_	_	_	_	_	_
232-6	PKP130	232	6	però	però	_	_	_	_	_	linguistic	_	ContainsVariation=No	_	_	_	_	_	_
232-7	PKP130	232	7	non	non	_	_	_	_	_	linguistic	_	ContainsVariation=No	_	_	_	_	_	_
232-8	PKP130	232	8	il	il	_	_	_	_	_	linguistic	_	ContainsVariation=No	_	_	_	_	_	_
232-9	PKP130	232	9	primo	primo	_	_	_	_	_	linguistic	_	ContainsVariation=No	_	_	_	_	_	_
232-10	PKP130	232	10	anno	anno	_	_	_	_	_	linguistic	_	ContainsVariation=No	_	_	_	_	_	_
232-11	PKP130	232	11	CAPITO?	capito	_	_	_	_	_	linguistic	_	ContainsVariation=No	Intonation=Rising|Volume=high	End=506.22	_	_	_	_
233-0	PKP125	233	0	m:h	mh	_	_	_	_	_	linguistic	_	ContainsVariation=No	_	Begin=506.265|End=506.445	0x1	_	_	_
234-0	PKP130	234	0	e	e	_	_	_	_	_	linguistic	_	ContainsVariation=No	_	Begin=508.925	_	_	_	_
234-1	PKP130	234	1	il	il	_	_	_	_	_	linguistic	_	ContainsVariation=No	_	_	_	_	_	_
234-2	PKP130	234	2	molise	molise	_	_	_	_	_	linguistic	_	ContainsVariation=No	_	_	_	_	_	_
234-3	PKP130	234	3	è	è	_	_	_	_	_	linguistic	_	ContainsVariation=No	_	_	_	_	_	_
234-4	PKP130	234	4	due	due	_	_	_	_	_	linguistic	_	ContainsVariation=No	_	_	_	_	_	_
234-5	PKP130	234	5	posti	posti	_	_	_	_	_	linguistic	_	ContainsVariation=No	_	End=510.115	_	_	_	_
235-0	PKP125	235	0	no	no	_	_	_	_	_	linguistic	_	ContainsVariation=No	_	Begin=511.425	_	_	_	_
235-1	PKP125	235	1	eh	eh	_	_	_	_	_	linguistic	_	ContainsVariation=No	_	_	_	_	_	_
235-2	PKP125	235	2	[sono	sono	_	_	_	_	_	linguistic	_	ContainsVariation=No	_	_	_	_	_	0-4(18)
235-3	PKP125	235	3	po]che	poche	_	_	_	_	_	linguistic	_	ContainsVariation=No	_	_	_	_	_	0-2(18)
235-4	PKP125	235	4	<scuole>	scuole	_	_	_	_	_	linguistic	_	ContainsVariation=No	_	End=512.905	_	Slow=0-6(0)	_	_
236-0	PKP130	236	0	[e	e	_	_	_	_	_	linguistic	_	ContainsVariation=No	_	Begin=511.67	_	_	_	0-1(18)
236-1	PKP130	236	1	il	il	_	_	_	_	_	linguistic	_	ContainsVariation=No	_	_	_	_	_	0-2(18)
236-2	PKP130	236	2	primo]	primo	_	_	_	_	_	linguistic	_	ContainsVariation=No	_	End=512.01	_	_	_	0-5(18)
237-0	PKP130	237	0	eh	eh	_	_	_	_	_	linguistic	_	ContainsVariation=No	_	Begin=512.975|End=513.183	_	_	_	_
238-0	PKP125	238	0	due	due	_	_	_	_	_	linguistic	_	ContainsVariation=No	_	Begin=513.455	_	_	_	_
238-1	PKP125	238	1	province	province	_	_	_	_	_	linguistic	_	ContainsVariation=No	_	_	_	_	_	_
238-2	PKP125	238	2	poche	poche	_	_	_	_	_	linguistic	_	ContainsVariation=No	_	_	_	_	_	_
238-3	PKP125	238	3	scuole	scuole	_	_	_	_	_	linguistic	_	ContainsVariation=No	_	End=514.794	_	_	_	_
239-0	PKP130	239	0	il	il	_	_	_	_	_	linguistic	_	ContainsVariation=No	_	Begin=514.98	_	_	_	_
239-1	PKP130	239	1	primo	primo	_	_	_	_	_	linguistic	_	ContainsVariation=No	_	_	_	_	_	_
239-2	PKP130	239	2	posto	posto	_	_	_	_	_	linguistic	_	ContainsVariation=No	_	_	_	_	_	_
239-3	PKP130	239	3	m:h	mh	_	_	_	_	_	linguistic	_	ContainsVariation=No	_	_	0x1	_	_	_
239-4	PKP130	239	4	è	è	_	_	_	_	_	linguistic	_	ContainsVariation=No	_	_	_	_	_	_
239-5	PKP130	239	5	andato:	andato	_	_	_	_	_	linguistic	_	ContainsVariation=No	_	_	5x1	_	_	_
239-6	PKP130	239	6	ad	ad	_	_	_	_	_	linguistic	_	ContainsVariation=No	_	_	_	_	_	_
239-7	PKP130	239	7	una	una	_	_	_	_	_	linguistic	_	ContainsVariation=No	_	_	_	_	_	_
239-8	PKP130	239	8	persona	persona	_	_	_	_	_	linguistic	_	ContainsVariation=No	_	_	_	_	_	_
239-9	PKP130	239	9	nell'	nell'	_	_	_	_	_	linguistic	_	ContainsVariation=No	SpaceAfter=No	_	_	_	_	_
239-10	PKP130	239	10	anno	anno	_	_	_	_	_	linguistic	_	ContainsVariation=No	_	_	_	_	_	_
239-11	PKP130	239	11	sedici	sedici	_	_	_	_	_	linguistic	_	ContainsVariation=No	_	_	_	_	_	_
239-12	PKP130	239	12	diciassette	diciassette	_	_	_	_	_	linguistic	_	ContainsVariation=No	_	_	_	_	_	_
239-13	PKP130	239	13	l'	l'	_	_	_	_	_	linguistic	_	ContainsVariation=No	SpaceAfter=No	_	_	_	_	_
239-14	PKP130	239	14	anno	anno	_	_	_	_	_	linguistic	_	ContainsVariation=No	_	_	_	_	_	_
239-15	PKP130	239	15	del	del	_	_	_	_	_	linguistic	_	ContainsVariation=No	_	_	_	_	_	_
239-16	PKP130	239	16	CONCORSO.	concorso	_	_	_	_	_	linguistic	_	ContainsVariation=No	Intonation=Falling|Volume=high	End=520.21	_	_	_	_
240-0	PKP130	240	0	e	e	_	_	_	_	_	linguistic	_	ContainsVariation=No	_	Begin=520.669	_	_	_	_
240-1	PKP130	240	1	il	il	_	_	_	_	_	linguistic	_	ContainsVariation=No	_	_	_	_	_	_
240-2	PKP130	240	2	<secondo	secondo	_	_	_	_	_	linguistic	_	ContainsVariation=No	_	_	_	Slow=0-7(0)	_	_
240-3	PKP130	240	3	anno>	anno	_	_	_	_	_	linguistic	_	ContainsVariation=No	_	_	_	Slow=0-4(0)	_	_
240-4	PKP130	240	4	il	il	_	_	_	_	_	linguistic	_	ContainsVariation=No	_	_	_	_	_	_
240-5	PKP130	240	5	diciassette	diciassette	_	_	_	_	_	linguistic	_	ContainsVariation=No	_	_	_	_	_	_
240-6	PKP130	240	6	quando	quando	_	_	_	_	_	linguistic	_	ContainsVariation=No	_	_	_	_	_	_
240-7	PKP130	240	7	è	è	_	_	_	_	_	linguistic	_	ContainsVariation=No	_	_	_	_	_	_
240-8	PKP130	240	8	entrata	entrata	_	_	_	_	_	linguistic	_	ContainsVariation=No	_	_	_	_	_	_
240-9	PKP130	240	9	francesca	francesca	_	_	_	_	_	linguistic	_	ContainsVariation=No	_	_	_	_	_	_
240-10	PKP130	240	10	è	è	_	_	_	_	_	linguistic	_	ContainsVariation=No	_	_	_	_	_	_
240-11	PKP130	240	11	stata	stata	_	_	_	_	_	linguistic	_	ContainsVariation=No	_	_	_	_	_	_
240-12	PKP130	240	12	chiamata	chiamata	_	_	_	_	_	linguistic	_	ContainsVariation=No	_	_	_	_	_	_
240-13	PKP130	240	13	pure	pure	_	_	_	_	_	linguistic	_	ContainsVariation=No	_	_	_	_	_	_
240-14	PKP130	240	14	lei	lei	_	_	_	_	_	linguistic	_	ContainsVariation=No	_	End=524.48	_	_	_	_
241-0	PKP130	241	0	>capito<?	capito	_	_	_	_	_	linguistic	_	ContainsVariation=No	Intonation=Rising	Begin=524.725|End=525.098	_	Fast=0-6(0)	_	_
242-0	PKP125	242	0	mh	mh	_	_	_	_	_	linguistic	_	ContainsVariation=No	_	Begin=525.152|End=525.406	_	_	_	_
243-0	PKP130	243	0	è	è	_	_	_	_	_	linguistic	_	ContainsVariation=No	_	Begin=526.765	_	_	_	_
243-1	PKP130	243	1	stata	stata	_	_	_	_	_	linguistic	_	ContainsVariation=No	_	_	_	_	_	_
243-2	PKP130	243	2	chiamata	chiamata	_	_	_	_	_	linguistic	_	ContainsVariation=No	_	_	_	_	_	_
243-3	PKP130	243	3	pure	pure	_	_	_	_	_	linguistic	_	ContainsVariation=No	_	_	_	_	_	_
243-4	PKP130	243	4	lei	lei	_	_	_	_	_	linguistic	_	ContainsVariation=No	_	_	_	_	_	_
243-5	PKP130	243	5	e:	e	_	_	_	_	_	linguistic	_	ContainsVariation=No	_	_	0x1	_	_	_
243-6	PKP130	243	6	m::h	mh	_	_	_	_	_	linguistic	_	ContainsVariation=No	_	End=528.747	0x2	_	_	_
244-0	PKP130	244	0	e	e	_	_	_	_	_	linguistic	_	ContainsVariation=No	_	Begin=530.224	_	_	_	_
244-1	PKP130	244	1	quindi::	quindi	_	_	_	_	_	linguistic	_	ContainsVariation=No	_	End=531.306	5x2	_	_	_
245-0	PKP130	245	0	è	è	_	_	_	_	_	linguistic	_	ContainsVariation=No	_	Begin=531.551	_	_	_	_
245-1	PKP130	245	1	andata	andata	_	_	_	_	_	linguistic	_	ContainsVariation=No	_	End=532.088	_	_	_	_
246-0	PKP125	246	0	mh	mh	_	_	_	_	_	linguistic	_	ContainsVariation=No	_	Begin=536.424|End=536.524	_	_	_	_
247-0	PKP125	247	0	e	e	_	_	_	_	_	linguistic	_	ContainsVariation=No	_	Begin=538.351	_	_	_	_
247-1	PKP125	247	1	in	in	_	_	_	_	_	linguistic	_	ContainsVariation=No	_	_	_	_	_	_
247-2	PKP125	247	2	che	che	_	_	_	_	_	linguistic	_	ContainsVariation=No	_	_	_	_	_	_
247-3	PKP125	247	3	paese	paese	_	_	_	_	_	linguistic	_	ContainsVariation=No	_	_	_	_	_	_
247-4	PKP125	247	4	sta?	sta	_	_	_	_	_	linguistic	_	ContainsVariation=No	Intonation=Rising	End=539.215	_	_	_	_
248-0	PKP130	248	0	e:h	eh	_	_	_	_	_	linguistic	_	ContainsVariation=No	_	Begin=540.106	0x1	_	_	_
248-1	PKP130	248	1	non	non	_	_	_	_	_	linguistic	_	ContainsVariation=No	_	_	_	_	_	_
248-2	PKP130	248	2	mi	mi	_	_	_	_	_	linguistic	_	ContainsVariation=No	_	_	_	_	_	_
248-3	PKP130	248	3	ricordo	ricordo	_	_	_	_	_	linguistic	_	ContainsVariation=No	_	End=540.969	_	_	_	_
249-0	PKP125	249	0	sul	sul	_	_	_	_	_	linguistic	_	ContainsVariation=No	_	Begin=544.169	_	_	_	_
249-1	PKP125	249	1	mare?	mare	_	_	_	_	_	linguistic	_	ContainsVariation=No	Intonation=Rising	End=544.669	_	_	_	_
250-0	PKP130	250	0	boh,	boh	_	_	_	_	_	linguistic	_	ContainsVariation=No	Intonation=WeaklyRising	Begin=545.378|End=545.696	_	_	_	_
251-0	PKP125	251	0	non	non	_	_	_	_	_	linguistic	_	ContainsVariation=No	_	Begin=547.451	_	_	_	_
251-1	PKP125	251	1	credo	credo	_	_	_	_	_	linguistic	_	ContainsVariation=No	_	End=547.869	_	_	_	_
252-0	PKP130	252	0	glielo	glielo	_	_	_	_	_	linguistic	_	ContainsVariation=No	_	Begin=548.019	_	_	_	_
252-1	PKP130	252	1	chiederò	chiederò	_	_	_	_	_	linguistic	_	ContainsVariation=No	_	End=548.728	_	_	_	_
253-0	PKP130	253	0	>mh<	mh	_	_	_	_	_	linguistic	_	ContainsVariation=No	_	Begin=549.432	_	Fast=0-2(0)	_	_
253-1	PKP130	253	1	mi	mi	_	_	_	_	_	linguistic	_	ContainsVariation=No	_	_	_	_	_	_
253-2	PKP130	253	2	fa	fa	_	_	_	_	_	linguistic	_	ContainsVariation=No	_	_	_	_	_	_
253-3	PKP130	253	3	piacere	piacere	_	_	_	_	_	linguistic	_	ContainsVariation=No	_	_	_	_	_	_
253-4	PKP130	253	4	verderl:	verderl	_	_	_	_	_	linguistic	_	ContainsVariation=No	_	End=550.623	6x1	_	_	_
254-0	PKP130	254	0	e	e	_	_	_	_	_	linguistic	_	ContainsVariation=No	_	Begin=550.777	_	_	_	_
254-1	PKP130	254	1	po'	po'	_	_	_	_	_	linguistic	_	ContainsVariation=No	_	_	_	_	_	_
254-2	PKP130	254	2	è	è	_	_	_	_	_	linguistic	_	ContainsVariation=No	_	_	_	_	_	_
254-3	PKP130	254	3	na	na	_	_	_	_	_	linguistic	_	ContainsVariation=No	_	_	_	_	_	_
254-4	PKP130	254	4	tipa	tipa	_	_	_	_	_	linguistic	_	ContainsVariation=No	_	_	_	_	_	_
254-5	PKP130	254	5	EH	eh	_	_	_	_	_	linguistic	_	ContainsVariation=No	Volume=high	_	_	_	_	_
254-6	PKP130	254	6	QUESTA	questa	_	_	_	_	_	linguistic	_	ContainsVariation=No	Volume=high	_	_	_	_	_
254-7	PKP130	254	7	QUI	qui	_	_	_	_	_	linguistic	_	ContainsVariation=No	Volume=high	_	_	_	_	_
254-8	PKP130	254	8	ha	ha	_	_	_	_	_	linguistic	_	ContainsVariation=No	_	_	_	_	_	_
254-9	PKP130	254	9	parenti	parenti	_	_	_	_	_	linguistic	_	ContainsVariation=No	_	_	_	_	_	_
254-10	PKP130	254	10	dal	dal	_	_	_	_	_	linguistic	_	ContainsVariation=No	_	_	_	_	_	_
254-11	PKP130	254	11	new	new	_	_	_	_	_	linguistic	_	ContainsVariation=No	_	_	_	_	_	_
254-12	PKP130	254	12	jersey	jersey	_	_	_	_	_	linguistic	_	ContainsVariation=No	_	End=553.15	_	_	_	_
255-0	PKP125	255	0	m:h	mh	_	_	_	_	_	linguistic	_	ContainsVariation=No	_	Begin=553.695|End=553.904	0x1	_	_	_
256-0	PKP130	256	0	>e	e	_	_	_	_	_	linguistic	_	ContainsVariation=No	_	Begin=554.394	_	Fast=0-1(0)	_	_
256-1	PKP130	256	1	quindi	quindi	_	_	_	_	_	linguistic	_	ContainsVariation=No	_	_	_	Fast=0-6(0)	_	_
256-2	PKP130	256	2	praticamente<	praticamente	_	_	_	_	_	linguistic	_	ContainsVariation=No	_	_	_	Fast=0-12(0)	_	_
256-3	PKP130	256	3	lei	lei	_	_	_	_	_	linguistic	_	ContainsVariation=No	_	_	_	_	_	_
256-4	PKP130	256	4	ogni	ogni	_	_	_	_	_	linguistic	_	ContainsVariation=No	_	_	_	_	_	_
256-5	PKP130	256	5	natale	natale	_	_	_	_	_	linguistic	_	ContainsVariation=No	_	_	_	_	_	_
256-6	PKP130	256	6	si	si	_	_	_	_	_	linguistic	_	ContainsVariation=No	_	_	_	_	_	_
256-7	PKP130	256	7	faceva	faceva	_	_	_	_	_	linguistic	_	ContainsVariation=No	_	_	_	_	_	_
256-8	PKP130	256	8	i	i	_	_	_	_	_	linguistic	_	ContainsVariation=No	_	_	_	_	_	_
256-9	PKP130	256	9	mesi	mesi	_	_	_	_	_	linguistic	_	ContainsVariation=No	_	_	_	_	_	_
256-10	PKP130	256	10	interi	interi	_	_	_	_	_	linguistic	_	ContainsVariation=No	_	End=557.304	_	_	_	_
257-0	PKP130	257	0	tutte	tutte	_	_	_	_	_	linguistic	_	ContainsVariation=No	_	Begin=557.626	_	_	_	_
257-1	PKP130	257	1	le	le	_	_	_	_	_	linguistic	_	ContainsVariation=No	_	_	_	_	_	_
257-2	PKP130	257	2	vacanze	vacanze	_	_	_	_	_	linguistic	_	ContainsVariation=No	_	_	_	_	_	_
257-3	PKP130	257	3	di	di	_	_	_	_	_	linguistic	_	ContainsVariation=No	_	_	_	_	_	_
257-4	PKP130	257	4	natale	natale	_	_	_	_	_	linguistic	_	ContainsVariation=No	_	_	_	_	_	_
257-5	PKP130	257	5	tutto	tutto	_	_	_	_	_	linguistic	_	ContainsVariation=No	_	_	_	_	_	_
257-6	PKP130	257	6	<gratis>	gratis	_	_	_	_	_	linguistic	_	ContainsVariation=No	_	_	_	Slow=0-6(0)	_	_
257-7	PKP130	257	7	girava	girava	_	_	_	_	_	linguistic	_	ContainsVariation=No	_	_	_	Fast=0-6(0)	_	_
257-8	PKP130	257	8	e	e	_	_	_	_	_	linguistic	_	ContainsVariation=No	_	_	_	Fast=0-1(0)	_	_
257-9	PKP130	257	9	infatti	infatti	_	_	_	_	_	linguistic	_	ContainsVariation=No	_	_	_	Fast=0-7(0)	_	_
257-10	PKP130	257	10	new	new	_	_	_	_	_	linguistic	_	ContainsVariation=No	_	_	_	Fast=0-3(0)	_	_
257-11	PKP130	257	11	york	york	_	_	_	_	_	linguistic	_	ContainsVariation=No	_	_	_	Fast=0-4(0)	_	_
257-12	PKP130	257	12	la	la	_	_	_	_	_	linguistic	_	ContainsVariation=No	_	_	_	Fast=0-2(0)	_	_
257-13	PKP130	257	13	conosce	conosce	_	_	_	_	_	linguistic	_	ContainsVariation=No	_	_	_	Fast=0-7(0)	_	_
257-14	PKP130	257	14	<benissimo>	benissimo	_	_	_	_	_	linguistic	_	ContainsVariation=No	_	End=561.681	_	Slow=0-9(1)	_	_
258-0	PKP125	258	0	m:h	mh	_	_	_	_	_	linguistic	_	ContainsVariation=No	_	Begin=561.93|End=562.184	0x1	_	_	_
259-0	PKP130	259	0	stava	stava	_	_	_	_	_	linguistic	_	ContainsVariation=No	_	Begin=562.348	_	_	_	_
259-1	PKP130	259	1	sempre	sempre	_	_	_	_	_	linguistic	_	ContainsVariation=No	_	_	_	_	_	_
259-2	PKP130	259	2	là	là	_	_	_	_	_	linguistic	_	ContainsVariation=No	_	_	_	_	_	_
259-3	PKP130	259	3	e	e	_	_	_	_	_	linguistic	_	ContainsVariation=No	_	_	_	_	_	_
259-4	PKP130	259	4	mi	mi	_	_	_	_	_	linguistic	_	ContainsVariation=No	_	_	_	_	_	_
259-5	PKP130	259	5	ha	ha	_	_	_	_	_	linguistic	_	ContainsVariation=No	_	_	_	_	_	_
259-6	PKP130	259	6	portato	portato	_	_	_	_	_	linguistic	_	ContainsVariation=No	_	_	_	_	_	_
259-7	PKP130	259	7	un	un	_	_	_	_	_	linguistic	_	ContainsVariation=No	_	_	_	_	_	_
259-8	PKP130	259	8	sacco	sacco	_	_	_	_	_	linguistic	_	ContainsVariation=No	_	_	_	_	_	_
259-9	PKP130	259	9	di	di	_	_	_	_	_	linguistic	_	ContainsVariation=No	_	_	_	_	_	_
259-10	PKP130	259	10	cose	cose	_	_	_	_	_	linguistic	_	ContainsVariation=No	_	End=564.048	_	_	_	_
260-0	PKP130	260	0	mi	mi	_	_	_	_	_	linguistic	_	ContainsVariation=No	_	Begin=564.093	_	_	_	_
260-1	PKP130	260	1	mh	mh	_	_	_	_	_	linguistic	_	ContainsVariation=No	_	_	_	_	_	_
260-2	PKP130	260	2	mi	mi	_	_	_	_	_	linguistic	_	ContainsVariation=No	_	_	_	_	_	_
260-3	PKP130	260	3	regalò	regalò	_	_	_	_	_	linguistic	_	ContainsVariation=No	_	_	_	_	_	_
260-4	PKP130	260	4	una	una	_	_	_	_	_	linguistic	_	ContainsVariation=No	_	_	_	_	_	_
260-5	PKP130	260	5	volta	volta	_	_	_	_	_	linguistic	_	ContainsVariation=No	_	_	_	_	_	_
260-6	PKP130	260	6	una	una	_	_	_	_	_	linguistic	_	ContainsVariation=No	_	_	_	_	_	_
260-7	PKP130	260	7	<yankee	yankee	_	_	_	_	_	linguistic	_	ContainsVariation=No	_	_	_	Slow=0-6(0)	_	_
260-8	PKP130	260	8	candle>	candle	_	_	_	_	_	linguistic	_	ContainsVariation=No	_	_	_	Slow=0-6(0)	_	_
260-9	PKP130	260	9	che	che	_	_	_	_	_	linguistic	_	ContainsVariation=No	_	_	_	_	_	_
260-10	PKP130	260	10	aveva	aveva	_	_	_	_	_	linguistic	_	ContainsVariation=No	_	_	_	_	_	_
260-11	PKP130	260	11	comprato	comprato	_	_	_	_	_	linguistic	_	ContainsVariation=No	_	_	_	_	_	_
260-12	PKP130	260	12	là	là	_	_	_	_	_	linguistic	_	ContainsVariation=No	_	End=567.221	_	_	_	_
261-0	PKP125	261	0	e	e	_	_	_	_	_	linguistic	_	ContainsVariation=No	_	Begin=567.416	_	_	_	_
261-1	PKP125	261	1	pe(r)ché	perché	_	_	_	_	_	linguistic	_	ContainsVariation=No	Reduced=Yes	_	_	_	_	_
261-2	PKP125	261	2	non	non	_	_	_	_	_	linguistic	_	ContainsVariation=No	_	_	_	_	_	_
261-3	PKP125	261	3	se	se	_	_	_	_	_	linguistic	_	ContainsVariation=No	_	_	_	_	_	_
261-4	PKP125	261	4	n'	n'	_	_	_	_	_	linguistic	_	ContainsVariation=No	SpaceAfter=No	_	_	_	_	_
261-5	PKP125	261	5	è	è	_	_	_	_	_	linguistic	_	ContainsVariation=No	_	_	_	_	_	_
261-6	PKP125	261	6	andata	andata	_	_	_	_	_	linguistic	_	ContainsVariation=No	_	_	_	_	_	_
261-7	PKP125	261	7	in	in	_	_	_	_	_	linguistic	_	ContainsVariation=No	_	_	_	_	_	_
261-8	PKP125	261	8	america	america	_	_	_	_	_	linguistic	_	ContainsVariation=No	_	_	_	_	_	_
261-9	PKP125	261	9	no?	no	_	_	_	_	_	linguistic	_	ContainsVariation=No	Intonation=Rising	End=569.062	_	_	_	_
262-0	PKP130	262	0	[e:h]	eh	_	_	_	_	_	linguistic	_	ContainsVariation=No	_	Begin=569.707|End=570.007	0x1	_	_	0-2(19)
263-0	PKP125	263	0	[non]	non	_	_	_	_	_	linguistic	_	ContainsVariation=No	_	Begin=569.852	_	_	_	0-3(19)
263-1	PKP125	263	1	vuole	vuole	_	_	_	_	_	linguistic	_	ContainsVariation=No	_	End=570.443	_	_	_	_
264-0	PKP130	264	0	ma	ma	_	_	_	_	_	linguistic	_	ContainsVariation=No	_	Begin=571.288	_	_	_	_
264-1	PKP130	264	1	quella:	quella	_	_	_	_	_	linguistic	_	ContainsVariation=No	_	_	5x1	_	_	_
264-2	PKP130	264	2	mh	mh	_	_	_	_	_	linguistic	_	ContainsVariation=No	_	_	_	_	_	_
264-3	PKP130	264	3	sta	sta	_	_	_	_	_	linguistic	_	ContainsVariation=No	_	_	_	_	_	_
264-4	PKP130	264	4	bene	bene	_	_	_	_	_	linguistic	_	ContainsVariation=No	_	_	_	_	_	_
264-5	PKP130	264	5	la	la	_	_	_	_	_	linguistic	_	ContainsVariation=No	_	_	_	_	_	_
264-6	PKP130	264	6	<mamma:>	mamma	_	_	_	_	_	linguistic	_	ContainsVariation=No	_	_	4x1	Slow=0-5(0)	_	_
264-7	PKP130	264	7	mi	mi	_	_	_	_	_	linguistic	_	ContainsVariation=No	_	_	_	_	_	_
264-8	PKP130	264	8	pare	pare	_	_	_	_	_	linguistic	_	ContainsVariation=No	_	_	_	_	_	_
264-9	PKP130	264	9	lavora	lavora	_	_	_	_	_	linguistic	_	ContainsVariation=No	_	_	_	_	_	_
264-10	PKP130	264	10	m:h	mh	_	_	_	_	_	linguistic	_	ContainsVariation=No	_	_	0x1	_	_	_
264-11	PKP130	264	11	in	in	_	_	_	_	_	linguistic	_	ContainsVariation=No	_	_	_	_	_	_
264-12	PKP130	264	12	polizia:	polizia	_	_	_	_	_	linguistic	_	ContainsVariation=No	_	End=574.942	6x1	_	_	_
265-0	PKP130	265	0	e:h	eh	_	_	_	_	_	linguistic	_	ContainsVariation=No	_	Begin=575.092	0x1	_	_	_
265-1	PKP130	265	1	al	al	_	_	_	_	_	linguistic	_	ContainsVariation=No	_	_	_	_	_	_
265-2	PKP130	265	2	commissaria~	commissaria~	_	_	_	_	_	linguistic	_	ContainsVariation=No	Interrupted=Yes	_	_	_	_	_
265-3	PKP130	265	3	no	no	_	_	_	_	_	linguistic	_	ContainsVariation=No	_	_	_	_	_	_
265-4	PKP130	265	4	al:	al	_	_	_	_	_	linguistic	_	ContainsVariation=No	_	End=576.647	1x1	_	_	_
266-0	PKP130	266	0	al	al	_	_	_	_	_	linguistic	_	ContainsVariation=No	_	Begin=577.464	_	_	_	_
266-1	PKP130	266	1	commissariato	commissariato	_	_	_	_	_	linguistic	_	ContainsVariation=No	_	_	_	_	_	_
266-2	PKP130	266	2	una	una	_	_	_	_	_	linguistic	_	ContainsVariation=No	_	_	_	_	_	_
266-3	PKP130	266	3	cosa	cosa	_	_	_	_	_	linguistic	_	ContainsVariation=No	_	_	_	_	_	_
266-4	PKP130	266	4	del	del	_	_	_	_	_	linguistic	_	ContainsVariation=No	_	_	_	_	_	_
266-5	PKP130	266	5	genere	genere	_	_	_	_	_	linguistic	_	ContainsVariation=No	_	End=579.183	_	_	_	_
267-0	PKP130	267	0	una	una	_	_	_	_	_	linguistic	_	ContainsVariation=No	_	Begin=579.773	_	_	_	_
267-1	PKP130	267	1	buona	buona	_	_	_	_	_	linguistic	_	ContainsVariation=No	_	_	_	_	_	_
267-2	PKP130	267	2	famiglia	famiglia	_	_	_	_	_	linguistic	_	ContainsVariation=No	_	End=580.537	_	_	_	_
268-0	PKP125	268	0	mh	mh	_	_	_	_	_	linguistic	_	ContainsVariation=No	_	Begin=581.15|End=581.314	_	_	_	_
269-0	PKP130	269	0	pensa	pensa	_	_	_	_	_	linguistic	_	ContainsVariation=No	_	Begin=582.064	_	_	_	_
269-1	PKP130	269	1	lei	lei	_	_	_	_	_	linguistic	_	ContainsVariation=No	_	_	_	_	_	_
269-2	PKP130	269	2	quando	quando	_	_	_	_	_	linguistic	_	ContainsVariation=No	_	_	_	_	_	_
269-3	PKP130	269	3	veniva	veniva	_	_	_	_	_	linguistic	_	ContainsVariation=No	_	_	_	_	_	_
269-4	PKP130	269	4	a	a	_	_	_	_	_	linguistic	_	ContainsVariation=No	_	_	_	_	_	_
269-5	PKP130	269	5	napoli	napoli	_	_	_	_	_	linguistic	_	ContainsVariation=No	_	_	_	_	_	_
269-6	PKP130	269	6	non:	non	_	_	_	_	_	linguistic	_	ContainsVariation=No	_	_	2x1	_	_	_
269-7	PKP130	269	7	eh	eh	_	_	_	_	_	linguistic	_	ContainsVariation=No	_	_	_	_	_	_
269-8	PKP130	269	8	non	non	_	_	_	_	_	linguistic	_	ContainsVariation=No	_	_	_	_	_	_
269-9	PKP130	269	9	si	si	_	_	_	_	_	linguistic	_	ContainsVariation=No	_	_	_	_	_	_
269-10	PKP130	269	10	metteva	metteva	_	_	_	_	_	linguistic	_	ContainsVariation=No	_	_	_	_	_	_
269-11	PKP130	269	11	le	le	_	_	_	_	_	linguistic	_	ContainsVariation=No	_	_	_	_	_	_
269-12	PKP130	269	12	<hogan>	hogan	_	_	_	_	_	linguistic	_	ContainsVariation=No	_	End=585.018	_	Slow=0-5(0)	_	_
270-0	PKP125	270	0	((ride))	((ride))	_	_	_	_	_	nonverbalbehavior	_	ContainsVariation=No	_	Begin=585.241|End=585.668	_	_	_	_
271-0	PKP130	271	0	# e	e	_	_	_	_	_	linguistic	_	ContainsVariation=Yes|Code=Underspecified	_	Begin=585.764	_	_	_	_
271-1	PKP130	271	1	ricev	ricev	_	_	_	_	_	linguistic	_	ContainsVariation=Yes|Code=Underspecified	_	_	_	_	_	_
271-2	PKP130	271	2	arianna	arianna	_	_	_	_	_	linguistic	_	ContainsVariation=Yes|Code=Underspecified	_	_	_	_	_	_
271-3	PKP130	271	3	ma	ma	_	_	_	_	_	linguistic	_	ContainsVariation=Yes|Code=Underspecified	_	_	_	_	_	_
271-4	PKP130	271	4	p'	p'	_	_	_	_	_	linguistic	_	ContainsVariation=Yes|Code=Underspecified	SpaceAfter=No	_	_	_	_	_
271-5	PKP130	271	5	cchè	cchè	_	_	_	_	_	linguistic	_	ContainsVariation=Yes|Code=Underspecified	_	_	_	_	_	_
271-6	PKP130	271	6	non	non	_	_	_	_	_	linguistic	_	ContainsVariation=Yes|Code=Underspecified	_	_	_	_	_	_
271-7	PKP130	271	7	ti	ti	_	_	_	_	_	linguistic	_	ContainsVariation=Yes|Code=Underspecified	_	_	_	_	_	_
271-8	PKP130	271	8	metti	metti	_	_	_	_	_	linguistic	_	ContainsVariation=Yes|Code=Underspecified	_	_	_	_	_	_
271-9	PKP130	271	9	le	le	_	_	_	_	_	linguistic	_	ContainsVariation=Yes|Code=Underspecified	_	_	_	_	_	_
271-10	PKP130	271	10	hogan	hogan	_	_	_	_	_	linguistic	_	ContainsVariation=Yes|Code=Underspecified	_	_	_	_	_	_
271-11	PKP130	271	11	e	e	_	_	_	_	_	linguistic	_	ContainsVariation=Yes|Code=Underspecified	_	_	_	_	_	_
271-12	PKP130	271	12	ricev	ricev	_	_	_	_	_	linguistic	_	ContainsVariation=Yes|Code=Underspecified	_	_	_	_	_	_
271-13	PKP130	271	13	no	no	_	_	_	_	_	linguistic	_	ContainsVariation=Yes|Code=Underspecified	_	_	_	_	_	_
271-14	PKP130	271	14	perché	perché	_	_	_	_	_	linguistic	_	ContainsVariation=Yes|Code=Underspecified	_	_	_	_	_	_
271-15	PKP130	271	15	ho	ho	_	_	_	_	_	linguistic	_	ContainsVariation=Yes|Code=Underspecified	_	_	_	_	_	_
271-16	PKP130	271	16	paura	paura	_	_	_	_	_	linguistic	_	ContainsVariation=Yes|Code=Underspecified	_	_	_	_	_	_
271-17	PKP130	271	17	che	che	_	_	_	_	_	linguistic	_	ContainsVariation=Yes|Code=Underspecified	_	_	_	_	_	_
271-18	PKP130	271	18	poi:	poi	_	_	_	_	_	linguistic	_	ContainsVariation=Yes|Code=Underspecified	_	_	2x1	_	_	_
271-19	PKP130	271	19	possano	possano	_	_	_	_	_	linguistic	_	ContainsVariation=Yes|Code=Underspecified	_	_	_	_	_	_
271-20	PKP130	271	20	<rubarle>	rubarle	_	_	_	_	_	linguistic	_	ContainsVariation=Yes|Code=Underspecified	_	End=590.236	_	Slow=0-7(0)	_	_
272-0	PKP125	272	0	((ride))	((ride))	_	_	_	_	_	nonverbalbehavior	_	ContainsVariation=No	_	Begin=590.295|End=590.859	_	_	_	_
273-0	PKP130	273	0	POI	poi	_	_	_	_	_	linguistic	_	ContainsVariation=No	Volume=high	Begin=590.964	_	_	_	_
273-1	PKP130	273	1	aveva	aveva	_	_	_	_	_	linguistic	_	ContainsVariation=No	_	_	_	_	_	_
273-2	PKP130	273	2	il:	il	_	_	_	_	_	linguistic	_	ContainsVariation=No	_	_	1x1	_	_	_
273-3	PKP130	273	3	aveva	aveva	_	_	_	_	_	linguistic	_	ContainsVariation=No	_	_	_	_	_	_
273-4	PKP130	273	4	l'	l'	_	_	_	_	_	linguistic	_	ContainsVariation=No	SpaceAfter=No	_	_	_	_	_
273-5	PKP130	273	5	IPHONE	iphone	_	_	_	_	_	linguistic	_	ContainsVariation=No	Volume=high	End=592.786	_	_	_	_
274-0	PKP125	274	0	((ride))	((ride))	_	_	_	_	_	nonverbalbehavior	_	ContainsVariation=No	_	Begin=591.07|End=592.416	_	_	_	_
275-0	PKP130	275	0	aveva	aveva	_	_	_	_	_	linguistic	_	ContainsVariation=No	_	Begin=592.852	_	_	_	_
275-1	PKP130	275	1	il	il	_	_	_	_	_	linguistic	_	ContainsVariation=No	_	_	_	_	_	_
275-2	PKP130	275	2	<CARICATORE:>	caricatore	_	_	_	_	_	linguistic	_	ContainsVariation=No	Volume=high	End=594.47	9x1	Slow=0-10(0)	_	_
276-0	PKP130	276	0	originale	originale	_	_	_	_	_	linguistic	_	ContainsVariation=No	_	Begin=594.675	_	_	_	_
276-1	PKP130	276	1	dell'	dell'	_	_	_	_	_	linguistic	_	ContainsVariation=No	SpaceAfter=No	_	_	_	_	_
276-2	PKP130	276	2	iphone.	iphone	_	_	_	_	_	linguistic	_	ContainsVariation=No	Intonation=Falling	End=596.147	_	_	_	_
277-0	PKP130	277	0	HAI	hai	_	_	_	_	_	linguistic	_	ContainsVariation=No	Volume=high	Begin=596.261	_	_	_	_
277-1	PKP130	277	1	PRESENTE	presente	_	_	_	_	_	linguistic	_	ContainsVariation=No	Volume=high	_	_	_	_	_
277-2	PKP130	277	2	quello	quello	_	_	_	_	_	linguistic	_	ContainsVariation=No	_	_	_	_	_	_
277-3	PKP130	277	3	là	là	_	_	_	_	_	linguistic	_	ContainsVariation=No	_	_	_	_	_	_
277-4	PKP130	277	4	come	come	_	_	_	_	_	linguistic	_	ContainsVariation=No	_	_	_	_	_	_
277-5	PKP130	277	5	io	io	_	_	_	_	_	linguistic	_	ContainsVariation=No	_	_	_	_	_	_
277-6	PKP130	277	6	ce	ce	_	_	_	_	_	linguistic	_	ContainsVariation=No	_	_	_	_	_	_
277-7	PKP130	277	7	l'	l'	_	_	_	_	_	linguistic	_	ContainsVariation=No	SpaceAfter=No	_	_	_	_	_
277-8	PKP130	277	8	ho	ho	_	_	_	_	_	linguistic	_	ContainsVariation=No	_	_	_	_	_	_
277-9	PKP130	277	9	della:	della	_	_	_	_	_	linguistic	_	ContainsVariation=No	_	_	4x1	_	_	_
277-10	PKP130	277	10	cellular	cellular	_	_	_	_	_	linguistic	_	ContainsVariation=No	_	_	_	_	_	_
277-11	PKP130	277	11	line	line	_	_	_	_	_	linguistic	_	ContainsVariation=No	_	_	_	_	_	_
277-12	PKP130	277	12	quello	quello	_	_	_	_	_	linguistic	_	ContainsVariation=No	_	_	_	_	_	_
277-13	PKP130	277	13	là	là	_	_	_	_	_	linguistic	_	ContainsVariation=No	_	_	_	_	_	_
277-14	PKP130	277	14	che	che	_	_	_	_	_	linguistic	_	ContainsVariation=No	_	End=600.061	_	_	_	_
278-0	PKP130	278	0	ho	ho	_	_	_	_	_	linguistic	_	ContainsVariation=No	_	Begin=600.266	_	_	_	_
278-1	PKP130	278	1	ho	ho	_	_	_	_	_	linguistic	_	ContainsVariation=No	_	_	_	_	_	_
278-2	PKP130	278	2	da	da	_	_	_	_	_	linguistic	_	ContainsVariation=No	_	_	_	_	_	_
278-3	PKP130	278	3	cinque	cinque	_	_	_	_	_	linguistic	_	ContainsVariation=No	_	_	_	_	_	_
278-4	PKP130	278	4	anni	anni	_	_	_	_	_	linguistic	_	ContainsVariation=No	_	_	_	_	_	_
278-5	PKP130	278	5	e	e	_	_	_	_	_	linguistic	_	ContainsVariation=No	_	_	_	_	_	_
278-6	PKP130	278	6	mi	mi	_	_	_	_	_	linguistic	_	ContainsVariation=No	_	_	_	_	_	_
278-7	PKP130	278	7	ha	ha	_	_	_	_	_	linguistic	_	ContainsVariation=No	_	_	_	_	_	_
278-8	PKP130	278	8	salvato	salvato	_	_	_	_	_	linguistic	_	ContainsVariation=No	_	_	_	_	_	_
278-9	PKP130	278	9	la	la	_	_	_	_	_	linguistic	_	ContainsVariation=No	_	_	_	_	_	_
278-10	PKP130	278	10	vita	vita	_	_	_	_	_	linguistic	_	ContainsVariation=No	_	_	_	_	_	_
278-11	PKP130	278	11	in	in	_	_	_	_	_	linguistic	_	ContainsVariation=No	_	_	_	_	_	_
278-12	PKP130	278	12	tante	tante	_	_	_	_	_	linguistic	_	ContainsVariation=No	_	_	_	_	_	_
278-13	PKP130	278	13	occasioni	occasioni	_	_	_	_	_	linguistic	_	ContainsVariation=No	_	_	_	_	_	_
278-14	PKP130	278	14	anzi	anzi	_	_	_	_	_	linguistic	_	ContainsVariation=No	_	_	_	_	_	_
278-15	PKP130	278	15	mi	mi	_	_	_	_	_	linguistic	_	ContainsVariation=No	_	_	_	_	_	_
278-16	PKP130	278	16	serve	serve	_	_	_	_	_	linguistic	_	ContainsVariation=No	_	_	_	_	_	_
278-17	PKP130	278	17	ehm	ehm	_	_	_	_	_	linguistic	_	ContainsVariation=No	_	_	_	_	_	_
278-18	PKP130	278	18	pure	pure	_	_	_	_	_	linguistic	_	ContainsVariation=No	_	_	_	_	_	_
278-19	PKP130	278	19	DOMANI.	domani	_	_	_	_	_	linguistic	_	ContainsVariation=No	Intonation=Falling|Volume=high	End=604.984	_	_	_	_
279-0	PKP130	279	0	LEI	lei	_	_	_	_	_	linguistic	_	ContainsVariation=No	Volume=high	Begin=605.466	_	_	_	_
279-1	PKP130	279	1	ce	ce	_	_	_	_	_	linguistic	_	ContainsVariation=No	_	_	_	_	_	_
279-2	PKP130	279	2	l'	l'	_	_	_	_	_	linguistic	_	ContainsVariation=No	SpaceAfter=No	_	_	_	_	_
279-3	PKP130	279	3	aveva	aveva	_	_	_	_	_	linguistic	_	ContainsVariation=No	_	_	_	_	_	_
279-4	PKP130	279	4	origin~	origin~	_	_	_	_	_	linguistic	_	ContainsVariation=No	Interrupted=Yes	_	_	_	_	_
279-5	PKP130	279	5	lei	lei	_	_	_	_	_	linguistic	_	ContainsVariation=No	_	_	_	_	_	_
279-6	PKP130	279	6	l'	l'	_	_	_	_	_	linguistic	_	ContainsVariation=No	SpaceAfter=No	_	_	_	_	_
279-7	PKP130	279	7	aveva	aveva	_	_	_	_	_	linguistic	_	ContainsVariation=No	_	_	_	_	_	_
279-8	PKP130	279	8	originale	originale	_	_	_	_	_	linguistic	_	ContainsVariation=No	_	_	_	_	_	_
279-9	PKP130	279	9	della:	della	_	_	_	_	_	linguistic	_	ContainsVariation=No	_	_	4x1	_	_	_
279-10	PKP130	279	10	dell'	dell'	_	_	_	_	_	linguistic	_	ContainsVariation=No	SpaceAfter=No	_	_	_	_	_
279-11	PKP130	279	11	apple	apple	_	_	_	_	_	linguistic	_	ContainsVariation=No	_	End=608.539	_	_	_	_
280-0	PKP125	280	0	a:h	ah	_	_	_	_	_	linguistic	_	ContainsVariation=No	_	Begin=608.797|End=609.116	0x1	_	_	_
281-0	PKP130	281	0	eh	eh	_	_	_	_	_	linguistic	_	ContainsVariation=No	_	Begin=609.806|End=610.297	_	_	_	_
282-0	PKP130	282	0	eh	eh	_	_	_	_	_	linguistic	_	ContainsVariation=No	_	Begin=610.796	_	_	_	_
282-1	PKP130	282	1	p(er)ché	perché	_	_	_	_	_	linguistic	_	ContainsVariation=No	Reduced=Yes	_	_	_	_	_
282-2	PKP130	282	2	quello	quello	_	_	_	_	_	linguistic	_	ContainsVariation=No	_	_	_	_	_	_
282-3	PKP130	282	3	non:	non	_	_	_	_	_	linguistic	_	ContainsVariation=No	_	End=612.287	2x1	_	_	_
283-0	PKP130	283	0	se	se	_	_	_	_	_	linguistic	_	ContainsVariation=No	_	Begin=612.322	_	_	_	_
283-1	PKP130	283	1	tu	tu	_	_	_	_	_	linguistic	_	ContainsVariation=No	_	_	_	_	_	_
283-2	PKP130	283	2	vai	vai	_	_	_	_	_	linguistic	_	ContainsVariation=No	_	_	_	_	_	_
283-3	PKP130	283	3	a	a	_	_	_	_	_	linguistic	_	ContainsVariation=No	_	_	_	_	_	_
283-4	PKP130	283	4	comprare	comprare	_	_	_	_	_	linguistic	_	ContainsVariation=No	_	_	_	_	_	_
283-5	PKP130	283	5	un	un	_	_	_	_	_	linguistic	_	ContainsVariation=No	_	_	_	_	_	_
283-6	PKP130	283	6	iphone	iphone	_	_	_	_	_	linguistic	_	ContainsVariation=No	_	_	_	_	_	_
283-7	PKP130	283	7	ti	ti	_	_	_	_	_	linguistic	_	ContainsVariation=No	_	_	_	_	_	_
283-8	PKP130	283	8	dicono	dicono	_	_	_	_	_	linguistic	_	ContainsVariation=No	_	_	_	_	_	_
283-9	PKP130	283	9	che	che	_	_	_	_	_	linguistic	_	ContainsVariation=No	_	_	_	_	_	_
283-10	PKP130	283	10	non	non	_	_	_	_	_	linguistic	_	ContainsVariation=No	_	_	_	_	_	_
283-11	PKP130	283	11	vanno	vanno	_	_	_	_	_	linguistic	_	ContainsVariation=No	_	_	_	_	_	_
283-12	PKP130	283	12	usati	usati	_	_	_	_	_	linguistic	_	ContainsVariation=No	_	_	_	_	_	_
283-13	PKP130	283	13	quelli	quelli	_	_	_	_	_	linguistic	_	ContainsVariation=No	_	_	_	_	_	_
283-14	PKP130	283	14	che	che	_	_	_	_	_	linguistic	_	ContainsVariation=No	_	_	_	_	_	_
283-15	PKP130	283	15	non	non	_	_	_	_	_	linguistic	_	ContainsVariation=No	_	_	_	_	_	_
283-16	PKP130	283	16	sono	sono	_	_	_	_	_	linguistic	_	ContainsVariation=No	_	_	_	_	_	_
283-17	PKP130	283	17	apple	apple	_	_	_	_	_	linguistic	_	ContainsVariation=No	_	_	_	_	_	_
283-18	PKP130	283	18	perché	perché	_	_	_	_	_	linguistic	_	ContainsVariation=No	_	_	_	_	_	_
283-19	PKP130	283	19	ti	ti	_	_	_	_	_	linguistic	_	ContainsVariation=No	_	_	_	_	_	_
283-20	PKP130	283	20	rompono	rompono	_	_	_	_	_	linguistic	_	ContainsVariation=No	_	_	_	_	_	_
283-21	PKP130	283	21	la	la	_	_	_	_	_	linguistic	_	ContainsVariation=No	_	_	_	_	_	_
283-22	PKP130	283	22	batteria	batteria	_	_	_	_	_	linguistic	_	ContainsVariation=No	_	_	_	_	_	_
283-23	PKP130	283	23	ed	ed	_	_	_	_	_	linguistic	_	ContainsVariation=No	_	_	_	_	_	_
283-24	PKP130	283	24	è	è	_	_	_	_	_	linguistic	_	ContainsVariation=No	_	_	_	_	_	_
283-25	PKP130	283	25	[<VERO>]	vero	_	_	_	_	_	linguistic	_	ContainsVariation=No	Volume=high	End=617.77	_	Slow=0-4(0)	_	0-4(21)
284-0	PKP125	284	0	[tutti	tutti	_	_	_	_	_	linguistic	_	ContainsVariation=No	_	Begin=617.023	_	_	_	0-5(?)
284-1	PKP125	284	1	i]	i	_	_	_	_	_	linguistic	_	ContainsVariation=No	_	_	_	_	_	0-1(?)
284-2	PKP125	284	2	telefoni	telefoni	_	_	_	_	_	linguistic	_	ContainsVariation=No	_	_	_	_	_	_
284-3	PKP125	284	3	dovresti	dovresti	_	_	_	_	_	linguistic	_	ContainsVariation=No	_	_	_	_	_	_
284-4	PKP125	284	4	usare:	usare	_	_	_	_	_	linguistic	_	ContainsVariation=No	_	End=618.6	4x1	_	_	_
285-0	PKP130	285	0	eh	eh	_	_	_	_	_	linguistic	_	ContainsVariation=No	_	Begin=618.425|End=618.697	_	_	_	_
286-0	PKP130	286	0	ed	ed	_	_	_	_	_	linguistic	_	ContainsVariation=No	_	Begin=618.793	_	_	_	_
286-1	PKP130	286	1	è	è	_	_	_	_	_	linguistic	_	ContainsVariation=No	_	_	_	_	_	_
286-2	PKP130	286	2	vero	vero	_	_	_	_	_	linguistic	_	ContainsVariation=No	_	End=619.484	_	_	_	_
287-0	PKP125	287	0	MA	ma	_	_	_	_	_	linguistic	_	ContainsVariation=No	Volume=high	Begin=619.57	_	_	_	_
287-1	PKP125	287	1	non	non	_	_	_	_	_	linguistic	_	ContainsVariation=No	_	_	_	_	_	_
287-2	PKP125	287	2	è	è	_	_	_	_	_	linguistic	_	ContainsVariation=No	_	_	_	_	_	_
287-3	PKP125	287	3	per	per	_	_	_	_	_	linguistic	_	ContainsVariation=No	_	_	_	_	_	_
287-4	PKP125	287	4	il	il	_	_	_	_	_	linguistic	_	ContainsVariation=No	_	_	_	_	_	_
287-5	PKP125	287	5	cavo	cavo	_	_	_	_	_	linguistic	_	ContainsVariation=No	_	_	_	_	_	_
287-6	PKP125	287	6	è	è	_	_	_	_	_	linguistic	_	ContainsVariation=No	_	_	_	_	_	_
287-7	PKP125	287	7	per	per	_	_	_	_	_	linguistic	_	ContainsVariation=No	_	_	_	_	_	_
287-8	PKP125	287	8	il	il	_	_	_	_	_	linguistic	_	ContainsVariation=No	_	_	_	_	_	_
287-9	PKP125	287	9	<trasformato[re>]	trasformatore	_	_	_	_	_	linguistic	_	ContainsVariation=No	_	End=621.788	_	Slow=0-13(0)	_	11-13(23)
288-0	PKP130	288	0	[eh]	eh	_	_	_	_	_	linguistic	_	ContainsVariation=No	_	Begin=621.565|End=621.893	_	_	_	0-2(23)
289-0	PKP130	289	0	infatti	infatti	_	_	_	_	_	linguistic	_	ContainsVariation=No	_	Begin=622.088	_	_	_	_
289-1	PKP130	289	1	io	io	_	_	_	_	_	linguistic	_	ContainsVariation=No	_	_	_	_	_	_
289-2	PKP130	289	2	se	se	_	_	_	_	_	linguistic	_	ContainsVariation=No	_	_	_	_	_	_
289-3	PKP130	289	3	tornassi	tornassi	_	_	_	_	_	linguistic	_	ContainsVariation=No	_	_	_	_	_	_
289-4	PKP130	289	4	indietro	indietro	_	_	_	_	_	linguistic	_	ContainsVariation=No	_	_	_	_	_	_
289-5	PKP130	289	5	lo	lo	_	_	_	_	_	linguistic	_	ContainsVariation=No	_	_	_	_	_	_
289-6	PKP130	289	6	prenderei	prenderei	_	_	_	_	_	linguistic	_	ContainsVariation=No	_	_	_	_	_	_
289-7	PKP130	289	7	perché	perché	_	_	_	_	_	linguistic	_	ContainsVariation=No	_	_	_	_	_	_
289-8	PKP130	289	8	comunque	comunque	_	_	_	_	_	linguistic	_	ContainsVariation=No	_	_	_	_	_	_
289-9	PKP130	289	9	a	a	_	_	_	_	_	linguistic	_	ContainsVariation=No	_	_	_	_	_	_
289-10	PKP130	289	10	me	me	_	_	_	_	_	linguistic	_	ContainsVariation=No	_	_	_	_	_	_
289-11	PKP130	289	11	è	è	_	_	_	_	_	linguistic	_	ContainsVariation=No	_	_	_	_	_	_
289-12	PKP130	289	12	servito	servito	_	_	_	_	_	linguistic	_	ContainsVariation=No	_	_	_	_	_	_
289-13	PKP130	289	13	<tanto>	tanto	_	_	_	_	_	linguistic	_	ContainsVariation=No	_	_	_	Slow=0-5(0)	_	_
289-14	PKP130	289	14	infatti	infatti	_	_	_	_	_	linguistic	_	ContainsVariation=No	_	_	_	_	_	_
289-15	PKP130	289	15	dopo	dopo	_	_	_	_	_	linguistic	_	ContainsVariation=No	_	_	_	_	_	_
289-16	PKP130	289	16	lo	lo	_	_	_	_	_	linguistic	_	ContainsVariation=No	_	_	_	_	_	_
289-17	PKP130	289	17	scritto	scritto	_	_	_	_	_	linguistic	_	ContainsVariation=No	_	_	_	_	_	_
289-18	PKP130	289	18	del	del	_	_	_	_	_	linguistic	_	ContainsVariation=No	_	_	_	_	_	_
289-19	PKP130	289	19	tfa	tfa	_	_	_	_	_	linguistic	_	ContainsVariation=No	_	_	_	_	_	_
289-20	PKP130	289	20	che	che	_	_	_	_	_	linguistic	_	ContainsVariation=No	_	_	_	_	_	_
289-21	PKP130	289	21	rimasi	rimasi	_	_	_	_	_	linguistic	_	ContainsVariation=No	_	_	_	_	_	_
289-22	PKP130	289	22	senza	senza	_	_	_	_	_	linguistic	_	ContainsVariation=No	_	End=625.465	_	_	_	_
290-0	PKP130	290	0	dopo	dopo	_	_	_	_	_	linguistic	_	ContainsVariation=No	_	Begin=625.517	_	_	_	_
290-1	PKP130	290	1	lo	lo	_	_	_	_	_	linguistic	_	ContainsVariation=No	_	_	_	_	_	_
290-2	PKP130	290	2	scritto	scritto	_	_	_	_	_	linguistic	_	ContainsVariation=No	_	_	_	_	_	_
290-3	PKP130	290	3	del	del	_	_	_	_	_	linguistic	_	ContainsVariation=No	_	_	_	_	_	_
290-4	PKP130	290	4	tfa	tfa	_	_	_	_	_	linguistic	_	ContainsVariation=No	_	_	_	_	_	_
290-5	PKP130	290	5	che	che	_	_	_	_	_	linguistic	_	ContainsVariation=No	_	_	_	_	_	_
290-6	PKP130	290	6	rimasi	rimasi	_	_	_	_	_	linguistic	_	ContainsVariation=No	_	_	_	_	_	_
290-7	PKP130	290	7	senza:	senza	_	_	_	_	_	linguistic	_	ContainsVariation=No	_	_	4x1	_	_	_
290-8	PKP130	290	8	m:h	mh	_	_	_	_	_	linguistic	_	ContainsVariation=No	_	_	0x1	_	_	_
290-9	PKP130	290	9	telefono	telefono	_	_	_	_	_	linguistic	_	ContainsVariation=No	_	End=628.735	_	_	_	_
291-0	PKP130	291	0	eh	eh	_	_	_	_	_	linguistic	_	ContainsVariation=No	_	Begin=629.912	_	_	_	_
291-1	PKP130	291	1	m::h	mh	_	_	_	_	_	linguistic	_	ContainsVariation=No	_	End=630.74	0x2	_	_	_
292-0	PKP125	292	0	°eh°	eh	_	_	_	_	_	linguistic	_	ContainsVariation=No	Volume=low	Begin=631.549|End=631.694	_	_	_	_
293-0	PKP130	293	0	E	e	_	_	_	_	_	linguistic	_	ContainsVariation=No	Volume=high	Begin=631.844	_	_	_	_
293-1	PKP130	293	1	LEI	lei	_	_	_	_	_	linguistic	_	ContainsVariation=No	Volume=high	_	_	_	_	_
293-2	PKP130	293	2	ogni	ogni	_	_	_	_	_	linguistic	_	ContainsVariation=No	_	_	_	_	_	_
293-3	PKP130	293	3	volta	volta	_	_	_	_	_	linguistic	_	ContainsVariation=No	_	_	_	_	_	_
293-4	PKP130	293	4	in	in	_	_	_	_	_	linguistic	_	ContainsVariation=No	_	_	_	_	_	_
293-5	PKP130	293	5	borsa	borsa	_	_	_	_	_	linguistic	_	ContainsVariation=No	_	_	_	_	_	_
293-6	PKP130	293	6	lo	lo	_	_	_	_	_	linguistic	_	ContainsVariation=No	_	_	_	_	_	_
293-7	PKP130	293	7	nascondeva	nascondeva	_	_	_	_	_	linguistic	_	ContainsVariation=No	_	_	_	_	_	_
293-8	PKP130	293	8	dice	dice	_	_	_	_	_	linguistic	_	ContainsVariation=No	_	_	_	_	_	_
293-9	PKP130	293	9	arianna	arianna	_	_	_	_	_	linguistic	_	ContainsVariation=No	_	_	_	_	_	_
293-10	PKP130	293	10	>ma	ma	_	_	_	_	_	linguistic	_	ContainsVariation=No	_	_	_	Fast=0-2(0)	_	_
293-11	PKP130	293	11	p(er)ché<	perché	_	_	_	_	_	linguistic	_	ContainsVariation=No	Reduced=Yes	_	_	Fast=0-6(0)	_	_
293-12	PKP130	293	12	lo	lo	_	_	_	_	_	linguistic	_	ContainsVariation=No	_	_	_	_	_	_
293-13	PKP130	293	13	sta~	sta~	_	_	_	_	_	linguistic	_	ContainsVariation=No	Interrupted=Yes	_	_	_	_	_
293-14	PKP130	293	14	lo	lo	_	_	_	_	_	linguistic	_	ContainsVariation=No	_	_	_	_	_	_
293-15	PKP130	293	15	stai	stai	_	_	_	_	_	linguistic	_	ContainsVariation=No	_	_	_	_	_	_
293-16	PKP130	293	16	nascondendo	nascondendo	_	_	_	_	_	linguistic	_	ContainsVariation=No	_	_	_	_	_	_
293-17	PKP130	293	17	no	no	_	_	_	_	_	linguistic	_	ContainsVariation=No	_	_	_	_	_	_
293-18	PKP130	293	18	marci	marci	_	_	_	_	_	linguistic	_	ContainsVariation=No	_	_	_	_	_	_
293-19	PKP130	293	19	ma	ma	_	_	_	_	_	linguistic	_	ContainsVariation=No	_	_	_	_	_	_
293-20	PKP130	293	20	poi	poi	_	_	_	_	_	linguistic	_	ContainsVariation=No	_	_	_	_	_	_
293-21	PKP130	293	21	siamo	siamo	_	_	_	_	_	linguistic	_	ContainsVariation=No	_	_	_	_	_	_
293-22	PKP130	293	22	a	a	_	_	_	_	_	linguistic	_	ContainsVariation=No	_	_	_	_	_	_
293-23	PKP130	293	23	napoli	napoli	_	_	_	_	_	linguistic	_	ContainsVariation=No	_	End=637.553	_	_	_	_
294-0	PKP125	294	0	((ride))	((ride))	_	_	_	_	_	nonverbalbehavior	_	ContainsVariation=No	_	Begin=634.584|End=636.248	_	_	_	_
295-0	PKP125	295	0	b[eh]	beh	_	_	_	_	_	linguistic	_	ContainsVariation=No	_	Begin=638.03|End=638.439	_	_	_	1-3(25)
296-0	PKP130	296	0	[e:h]	eh	_	_	_	_	_	linguistic	_	ContainsVariation=No	_	Begin=638.229	0x1	_	_	0-2(25)
296-1	PKP130	296	1	sai	sai	_	_	_	_	_	linguistic	_	ContainsVariation=No	_	_	_	_	_	_
296-2	PKP130	296	2	ho	ho	_	_	_	_	_	linguistic	_	ContainsVariation=No	_	_	_	_	_	_
296-3	PKP130	296	3	<paura>	paura	_	_	_	_	_	linguistic	_	ContainsVariation=No	_	_	_	Slow=0-5(0)	_	_
296-4	PKP130	296	4	questo	questo	_	_	_	_	_	linguistic	_	ContainsVariation=No	_	_	_	_	_	_
296-5	PKP130	296	5	è	è	_	_	_	_	_	linguistic	_	ContainsVariation=No	_	_	_	_	_	_
296-6	PKP130	296	6	un	un	_	_	_	_	_	linguistic	_	ContainsVariation=No	_	_	_	_	_	_
296-7	PKP130	296	7	caricatore	caricatore	_	_	_	_	_	linguistic	_	ContainsVariation=No	_	_	_	_	_	_
296-8	PKP130	296	8	original[e:]	originale	_	_	_	_	_	linguistic	_	ContainsVariation=No	_	End=640.893	8x1	_	_	8-9(26)
297-0	PKP125	297	0	[tut]to	tutto	_	_	_	_	_	linguistic	_	ContainsVariation=No	_	Begin=640.747	_	_	_	0-3(26)
297-1	PKP125	297	1	sommato:	sommato	_	_	_	_	_	linguistic	_	ContainsVariation=No	_	End=641.856	6x1	_	_	_
298-0	PKP130	298	0	eh	eh	_	_	_	_	_	linguistic	_	ContainsVariation=No	_	Begin=642.096|End=642.406	_	_	_	_
299-0	PKP130	299	0	>aveva<	aveva	_	_	_	_	_	linguistic	_	ContainsVariation=No	_	Begin=643.346	_	Fast=0-5(0)	_	_
299-1	PKP130	299	1	paura	paura	_	_	_	_	_	linguistic	_	ContainsVariation=No	_	End=644.201	_	_	_	_
300-0	PKP130	300	0	poi	poi	_	_	_	_	_	linguistic	_	ContainsVariation=No	_	Begin=646.068	_	_	_	_
300-1	PKP130	300	1	mi	mi	_	_	_	_	_	linguistic	_	ContainsVariation=No	_	_	_	_	_	_
300-2	PKP130	300	2	portò	portò	_	_	_	_	_	linguistic	_	ContainsVariation=No	_	_	_	_	_	_
300-3	PKP130	300	3	>pure	pure	_	_	_	_	_	linguistic	_	ContainsVariation=No	_	_	_	Fast=0-4(0)	_	_
300-4	PKP130	300	4	una	una	_	_	_	_	_	linguistic	_	ContainsVariation=No	_	_	_	Fast=0-3(0)	_	_
300-5	PKP130	300	5	volta<	volta	_	_	_	_	_	linguistic	_	ContainsVariation=No	_	_	_	Fast=0-5(0)	_	_
300-6	PKP130	300	6	un	un	_	_	_	_	_	linguistic	_	ContainsVariation=No	_	_	_	_	_	_
300-7	PKP130	300	7	segnalibro	segnalibro	_	_	_	_	_	linguistic	_	ContainsVariation=No	_	_	_	_	_	_
300-8	PKP130	300	8	da	da	_	_	_	_	_	linguistic	_	ContainsVariation=No	_	_	_	_	_	_
300-9	PKP130	300	9	new	new	_	_	_	_	_	linguistic	_	ContainsVariation=No	_	_	_	_	_	_
300-10	PKP130	300	10	york.	york	_	_	_	_	_	linguistic	_	ContainsVariation=No	Intonation=Falling	End=648.659	_	_	_	_
301-0	PKP130	301	0	no	no	_	_	_	_	_	linguistic	_	ContainsVariation=No	_	Begin=648.84	_	_	_	_
301-1	PKP130	301	1	è	è	_	_	_	_	_	linguistic	_	ContainsVariation=No	_	_	_	_	_	_
301-2	PKP130	301	2	una	una	_	_	_	_	_	linguistic	_	ContainsVariation=No	_	_	_	_	_	_
301-3	PKP130	301	3	brava	brava	_	_	_	_	_	linguistic	_	ContainsVariation=No	_	_	_	_	_	_
301-4	PKP130	301	4	ragazza,	ragazza	_	_	_	_	_	linguistic	_	ContainsVariation=No	Intonation=WeaklyRising	End=649.931	_	_	_	_
302-0	PKP130	302	0	non	non	_	_	_	_	_	linguistic	_	ContainsVariation=No	_	Begin=650.235	_	_	_	_
302-1	PKP130	302	1	la	la	_	_	_	_	_	linguistic	_	ContainsVariation=No	_	_	_	_	_	_
302-2	PKP130	302	2	vedo	vedo	_	_	_	_	_	linguistic	_	ContainsVariation=No	_	_	_	_	_	_
302-3	PKP130	302	3	da	da	_	_	_	_	_	linguistic	_	ContainsVariation=No	_	_	_	_	_	_
302-4	PKP130	302	4	parecchio	parecchio	_	_	_	_	_	linguistic	_	ContainsVariation=No	_	End=651.035	_	_	_	_
303-0	PKP130	303	0	non	non	_	_	_	_	_	linguistic	_	ContainsVariation=No	_	Begin=651.149	_	_	_	_
303-1	PKP130	303	1	la	la	_	_	_	_	_	linguistic	_	ContainsVariation=No	_	_	_	_	_	_
303-2	PKP130	303	2	vedo	vedo	_	_	_	_	_	linguistic	_	ContainsVariation=No	_	_	_	_	_	_
303-3	PKP130	303	3	dal	dal	_	_	_	_	_	linguistic	_	ContainsVariation=No	_	_	_	_	_	_
303-4	PKP130	303	4	<duemila	duemila	_	_	_	_	_	linguistic	_	ContainsVariation=No	_	_	_	Slow=0-7(0)	_	_
303-5	PKP130	303	5	e	e	_	_	_	_	_	linguistic	_	ContainsVariation=No	_	_	_	Slow=0-1(0)	_	_
303-6	PKP130	303	6	sedici>	sedici	_	_	_	_	_	linguistic	_	ContainsVariation=No	_	End=652.63	_	Slow=0-6(0)	_	_
304-0	PKP125	304	0	ma	ma	_	_	_	_	_	linguistic	_	ContainsVariation=No	_	Begin=653.03	_	_	_	_
304-1	PKP125	304	1	quanti	quanti	_	_	_	_	_	linguistic	_	ContainsVariation=No	_	_	_	_	_	_
304-2	PKP125	304	2	anni	anni	_	_	_	_	_	linguistic	_	ContainsVariation=No	_	_	_	_	_	_
304-3	PKP125	304	3	ha	ha	_	_	_	_	_	linguistic	_	ContainsVariation=No	_	_	_	_	_	_
304-4	PKP125	304	4	ha	ha	_	_	_	_	_	linguistic	_	ContainsVariation=No	_	_	_	_	_	_
304-5	PKP125	304	5	la	la	_	_	_	_	_	linguistic	_	ContainsVariation=No	_	_	_	_	_	_
304-6	PKP125	304	6	tua	tua	_	_	_	_	_	linguistic	_	ContainsVariation=No	_	_	_	_	_	_
304-7	PKP125	304	7	età?	età	_	_	_	_	_	linguistic	_	ContainsVariation=No	Intonation=Rising	End=654.066	_	_	_	_
305-0	PKP130	305	0	è	è	_	_	_	_	_	linguistic	_	ContainsVariation=No	_	Begin=654.943	_	_	_	_
305-1	PKP130	305	1	un	un	_	_	_	_	_	linguistic	_	ContainsVariation=No	_	_	_	_	_	_
305-2	PKP130	305	2	anno	anno	_	_	_	_	_	linguistic	_	ContainsVariation=No	_	_	_	_	_	_
305-3	PKP130	305	3	più	più	_	_	_	_	_	linguistic	_	ContainsVariation=No	_	_	_	_	_	_
305-4	PKP130	305	4	°mh°	mh	_	_	_	_	_	linguistic	_	ContainsVariation=No	Volume=low	_	_	_	_	_
305-5	PKP130	305	5	più	più	_	_	_	_	_	linguistic	_	ContainsVariation=No	_	_	_	_	_	_
305-6	PKP130	305	6	piccola	piccola	_	_	_	_	_	linguistic	_	ContainsVariation=No	_	End=656.362	_	_	_	_
306-0	PKP125	306	0	°m:h°	mh	_	_	_	_	_	linguistic	_	ContainsVariation=No	Volume=low	Begin=658.347|End=658.466	0x1	_	_	_
307-0	PKP125	307	0	francesca	francesca	_	_	_	_	_	linguistic	_	ContainsVariation=No	_	Begin=659.538	_	_	_	_
307-1	PKP125	307	1	invece	invece	_	_	_	_	_	linguistic	_	ContainsVariation=No	_	_	_	_	_	_
307-2	PKP125	307	2	pure:	pure	_	_	_	_	_	linguistic	_	ContainsVariation=No	_	_	3x1	_	_	_
307-3	PKP125	307	3	no	no	_	_	_	_	_	linguistic	_	ContainsVariation=No	_	End=661.001	_	_	_	_
308-0	PKP130	308	0	[no	no	_	_	_	_	_	linguistic	_	ContainsVariation=No	PauseAfter=Yes	Begin=661.019	_	_	_	0-2(27)
308-1	PKP130	308	1	(.)	(.)	_	_	_	_	_	shortpause	_	ContainsVariation=No	_	_	_	_	_	X(27)
308-2	PKP130	308	2	e:h]	eh	_	_	_	_	_	linguistic	_	ContainsVariation=No	_	_	0x1	_	_	0-2(27)
308-3	PKP130	308	3	arianna	arianna	_	_	_	_	_	linguistic	_	ContainsVariation=No	_	_	_	_	_	_
308-4	PKP130	308	4	è	è	_	_	_	_	_	linguistic	_	ContainsVariation=No	_	_	_	_	_	_
308-5	PKP130	308	5	dell'	dell'	_	_	_	_	_	linguistic	_	ContainsVariation=No	SpaceAfter=No	_	_	_	_	_
308-6	PKP130	308	6	ottantotto	ottantotto	_	_	_	_	_	linguistic	_	ContainsVariation=No	_	End=663.432	_	_	_	_
309-0	PKP125	309	0	[più	più	_	_	_	_	_	linguistic	_	ContainsVariation=No	_	Begin=661.055	_	_	_	0-3(27)
309-1	PKP125	309	1	grande	grande	_	_	_	_	_	linguistic	_	ContainsVariation=No	_	_	_	_	_	0-6(27)
309-2	PKP125	309	2	francesca]	francesca	_	_	_	_	_	linguistic	_	ContainsVariation=No	_	End=661.974	_	_	_	0-9(27)
310-0	PKP130	310	0	francesca	francesca	_	_	_	_	_	linguistic	_	ContainsVariation=No	_	Begin=663.605	_	_	_	_
310-1	PKP130	310	1	è	è	_	_	_	_	_	linguistic	_	ContainsVariation=No	_	_	_	_	_	_
310-2	PKP130	310	2	più	più	_	_	_	_	_	linguistic	_	ContainsVariation=No	_	_	_	_	_	_
310-3	PKP130	310	3	piccola	piccola	_	_	_	_	_	linguistic	_	ContainsVariation=No	_	_	_	_	_	_
310-4	PKP130	310	4	è	è	_	_	_	_	_	linguistic	_	ContainsVariation=No	_	_	_	_	_	_
310-5	PKP130	310	5	<ottantotto>	ottantotto	_	_	_	_	_	linguistic	_	ContainsVariation=No	_	End=665.05	_	Slow=0-10(0)	_	_
311-0	PKP130	311	0	>francesca<	francesca	_	_	_	_	_	linguistic	_	ContainsVariation=No	_	Begin=665.177	_	Fast=0-9(0)	_	_
311-1	PKP130	311	1	è	è	_	_	_	_	_	linguistic	_	ContainsVariation=No	_	_	_	_	_	_
311-2	PKP130	311	2	febbraio	febbraio	_	_	_	_	_	linguistic	_	ContainsVariation=No	_	_	_	_	_	_
311-3	PKP130	311	3	<ottantotto>	ottantotto	_	_	_	_	_	linguistic	_	ContainsVariation=No	_	End=666.941	_	Slow=0-10(0)	_	_
312-0	PKP125	312	0	[m::h]	mh	_	_	_	_	_	linguistic	_	ContainsVariation=No	_	Begin=666.336|End=666.764	0x2	_	_	0-2(28)
313-0	PKP130	313	0	sì:	sì	_	_	_	_	_	linguistic	_	ContainsVariation=No	_	Begin=671.1|End=671.391	1x1	_	_	_
314-0	PKP125	314	0	e	e	_	_	_	_	_	linguistic	_	ContainsVariation=No	_	Begin=678.335	_	_	_	_
314-1	PKP125	314	1	il	il	_	_	_	_	_	linguistic	_	ContainsVariation=No	_	_	_	_	_	_
314-2	PKP125	314	2	fidanzato	fidanzato	_	_	_	_	_	linguistic	_	ContainsVariation=No	_	_	_	_	_	_
314-3	PKP125	314	3	ch~	ch~	_	_	_	_	_	linguistic	_	ContainsVariation=No	Interrupted=Yes	_	_	_	_	_
314-4	PKP125	314	4	AH	ah	_	_	_	_	_	linguistic	_	ContainsVariation=No	Volume=high	_	_	_	_	_
314-5	PKP125	314	5	sta:	sta	_	_	_	_	_	linguistic	_	ContainsVariation=No	_	_	2x1	_	_	_
314-6	PKP125	314	6	ricercatore	ricercatore	_	_	_	_	_	linguistic	_	ContainsVariation=No	_	_	_	_	_	_
314-7	PKP125	314	7	che	che	_	_	_	_	_	linguistic	_	ContainsVariation=No	_	_	_	_	_	_
314-8	PKP125	314	8	fa	fa	_	_	_	_	_	linguistic	_	ContainsVariation=No	_	End=680.672	_	_	_	_
315-0	PKP130	315	0	il	il	_	_	_	_	_	linguistic	_	ContainsVariation=No	_	Begin=680.708	_	_	_	_
315-1	PKP130	315	1	fidanzato	fidanzato	_	_	_	_	_	linguistic	_	ContainsVariation=No	_	_	_	_	_	_
315-2	PKP130	315	2	è	è	_	_	_	_	_	linguistic	_	ContainsVariation=No	_	_	_	_	_	_
315-3	PKP130	315	3	ricercatore	ricercatore	_	_	_	_	_	linguistic	_	ContainsVariation=No	_	_	_	_	_	_
315-4	PKP130	315	4	sta	sta	_	_	_	_	_	linguistic	_	ContainsVariation=No	_	_	_	_	_	_
315-5	PKP130	315	5	al	al	_	_	_	_	_	linguistic	_	ContainsVariation=No	_	_	_	_	_	_
315-6	PKP130	315	6	POLICLINICO	policlinico	_	_	_	_	_	linguistic	_	ContainsVariation=No	Volume=high	End=682.78	_	_	_	_
316-0	PKP130	316	0	al	al	_	_	_	_	_	linguistic	_	ContainsVariation=No	_	Begin=684.158	_	_	_	_
316-1	PKP130	316	1	secondo	secondo	_	_	_	_	_	linguistic	_	ContainsVariation=No	_	_	_	_	_	_
316-2	PKP130	316	2	policlinico	policlinico	_	_	_	_	_	linguistic	_	ContainsVariation=No	_	_	_	_	_	_
316-3	PKP130	316	3	mo	mo	_	_	_	_	_	linguistic	_	ContainsVariation=No	_	_	_	_	_	_
316-4	PKP130	316	4	non	non	_	_	_	_	_	linguistic	_	ContainsVariation=No	_	_	_	_	_	_
316-5	PKP130	316	5	so	so	_	_	_	_	_	linguistic	_	ContainsVariation=No	_	_	_	_	_	_
316-6	PKP130	316	6	che	che	_	_	_	_	_	linguistic	_	ContainsVariation=No	_	_	_	_	_	_
316-7	PKP130	316	7	tipo	tipo	_	_	_	_	_	linguistic	_	ContainsVariation=No	_	_	_	_	_	_
316-8	PKP130	316	8	di	di	_	_	_	_	_	linguistic	_	ContainsVariation=No	_	_	_	_	_	_
316-9	PKP130	316	9	contratto	contratto	_	_	_	_	_	linguistic	_	ContainsVariation=No	_	_	_	_	_	_
316-10	PKP130	316	10	però	però	_	_	_	_	_	linguistic	_	ContainsVariation=No	_	_	_	_	_	_
316-11	PKP130	316	11	gli	gli	_	_	_	_	_	linguistic	_	ContainsVariation=No	_	_	_	_	_	_
316-12	PKP130	316	12	daranno	daranno	_	_	_	_	_	linguistic	_	ContainsVariation=No	_	_	_	_	_	_
316-13	PKP130	316	13	gli	gli	_	_	_	_	_	linguistic	_	ContainsVariation=No	_	_	_	_	_	_
316-14	PKP130	316	14	faranno	faranno	_	_	_	_	_	linguistic	_	ContainsVariation=No	_	End=687.812	_	_	_	_
317-0	PKP125	317	0	ma	ma	_	_	_	_	_	linguistic	_	ContainsVariation=No	_	Begin=689.063	_	_	_	_
317-1	PKP125	317	1	il	il	_	_	_	_	_	linguistic	_	ContainsVariation=No	_	_	_	_	_	_
317-2	PKP125	317	2	ricercatore	ricercatore	_	_	_	_	_	linguistic	_	ContainsVariation=No	_	_	_	_	_	_
317-3	PKP125	317	3	dipende	dipende	_	_	_	_	_	linguistic	_	ContainsVariation=No	_	_	_	_	_	_
317-4	PKP125	317	4	se	se	_	_	_	_	_	linguistic	_	ContainsVariation=No	_	_	_	_	_	_
317-5	PKP125	317	5	è	è	_	_	_	_	_	linguistic	_	ContainsVariation=No	_	_	_	_	_	_
317-6	PKP125	317	6	assegnista	assegnista	_	_	_	_	_	linguistic	_	ContainsVariation=No	_	_	_	_	_	_
317-7	PKP125	317	7	di	di	_	_	_	_	_	linguistic	_	ContainsVariation=No	_	_	_	_	_	_
317-8	PKP125	317	8	RICERCA?	ricerca	_	_	_	_	_	linguistic	_	ContainsVariation=No	Intonation=Rising|Volume=high	End=691.563	_	_	_	_
318-0	PKP125	318	0	cioè	cioè	_	_	_	_	_	linguistic	_	ContainsVariation=No	_	Begin=691.672	_	_	_	_
318-1	PKP125	318	1	se	se	_	_	_	_	_	linguistic	_	ContainsVariation=No	_	_	_	_	_	_
318-2	PKP125	318	2	fà:	fà	_	_	_	_	_	linguistic	_	ContainsVariation=No	_	_	1x1	_	_	_
318-3	PKP125	318	3	proprio	proprio	_	_	_	_	_	linguistic	_	ContainsVariation=No	_	_	_	_	_	_
318-4	PKP125	318	4	a	a	_	_	_	_	_	linguistic	_	ContainsVariation=No	_	_	_	_	_	_
318-5	PKP125	318	5	livello	livello	_	_	_	_	_	linguistic	_	ContainsVariation=No	_	_	_	_	_	_
318-6	PKP125	318	6	di:	di	_	_	_	_	_	linguistic	_	ContainsVariation=No	_	_	1x1	_	_	_
318-7	PKP125	318	7	m:h	mh	_	_	_	_	_	linguistic	_	ContainsVariation=No	_	End=693.536	0x1	_	_	_
319-0	PKP130	319	0	no	no	_	_	_	_	_	linguistic	_	ContainsVariation=No	_	Begin=693.744	_	_	_	_
319-1	PKP130	319	1	albi	albi	_	_	_	_	_	linguistic	_	ContainsVariation=No	_	_	_	_	_	_
319-2	PKP130	319	2	non	non	_	_	_	_	_	linguistic	_	ContainsVariation=No	_	_	_	_	_	_
319-3	PKP130	319	3	lo	lo	_	_	_	_	_	linguistic	_	ContainsVariation=No	_	_	_	_	_	_
319-4	PKP130	319	4	so	so	_	_	_	_	_	linguistic	_	ContainsVariation=No	_	_	_	_	_	_
319-5	PKP130	319	5	non	non	_	_	_	_	_	linguistic	_	ContainsVariation=No	_	_	_	_	_	_
319-6	PKP130	319	6	me	me	_	_	_	_	_	linguistic	_	ContainsVariation=No	_	_	_	_	_	_
319-7	PKP130	319	7	lo	lo	_	_	_	_	_	linguistic	_	ContainsVariation=No	_	_	_	_	_	_
319-8	PKP130	319	8	chiedere	chiedere	_	_	_	_	_	linguistic	_	ContainsVariation=No	_	End=695.344	_	_	_	_
320-0	PKP125	320	0	m:h	mh	_	_	_	_	_	linguistic	_	ContainsVariation=No	_	Begin=696.776|End=696.967	0x1	_	_	_
321-0	PKP125	321	0	# nun	nun	_	_	_	_	_	linguistic	_	ContainsVariation=Yes|Code=Underspecified	_	Begin=699.735	_	_	_	_
321-1	PKP125	321	1	er	er	_	_	_	_	_	linguistic	_	ContainsVariation=Yes|Code=Underspecified	_	_	_	_	_	_
321-2	PKP125	321	2	mej	mej	_	_	_	_	_	linguistic	_	ContainsVariation=Yes|Code=Underspecified	_	_	_	_	_	_
321-3	PKP125	321	3	se	se	_	_	_	_	_	linguistic	_	ContainsVariation=Yes|Code=Underspecified	_	_	_	_	_	_
321-4	PKP125	321	4	s'	s'	_	_	_	_	_	linguistic	_	ContainsVariation=Yes|Code=Underspecified	Truncated=Yes	_	_	_	_	_
321-5	PKP125	321	5	stev	stev	_	_	_	_	_	linguistic	_	ContainsVariation=Yes|Code=Underspecified	_	_	_	_	_	_
321-6	PKP125	321	6	a	a	_	_	_	_	_	linguistic	_	ContainsVariation=Yes|Code=Underspecified	_	_	_	_	_	_
321-7	PKP125	321	7	'merica	'merica	_	_	_	_	_	linguistic	_	ContainsVariation=Yes|Code=Underspecified	Truncated=Yes	_	_	_	_	_
321-8	PKP125	321	8	xxxx	xxxx	_	_	_	_	_	unknown	_	ContainsVariation=Yes	Syllables=4	End=701.299	_	_	_	_
322-0	PKP130	322	0	e:h	eh	_	_	_	_	_	linguistic	_	ContainsVariation=No	_	Begin=702.131|End=702.358	0x1	_	_	_
323-0	PKP130	323	0	ma	ma	_	_	_	_	_	linguistic	_	ContainsVariation=No	_	Begin=703.539|End=703.812	_	_	_	_
324-0	PKP130	324	0	francesca	francesca	_	_	_	_	_	linguistic	_	ContainsVariation=No	_	Begin=704.807	_	_	_	_
324-1	PKP130	324	1	glielo	glielo	_	_	_	_	_	linguistic	_	ContainsVariation=No	_	_	_	_	_	_
324-2	PKP130	324	2	disse	disse	_	_	_	_	_	linguistic	_	ContainsVariation=No	_	End=705.816	_	_	_	_
325-0	PKP125	325	0	m:h	mh	_	_	_	_	_	linguistic	_	ContainsVariation=No	_	Begin=706.416|End=706.588	0x1	_	_	_
326-0	PKP130	326	0	disse	disse	_	_	_	_	_	linguistic	_	ContainsVariation=No	_	Begin=706.661	_	_	_	_
326-1	PKP130	326	1	giorgio	giorgio	_	_	_	_	_	linguistic	_	ContainsVariation=No	_	_	_	_	_	_
326-2	PKP130	326	2	se	se	_	_	_	_	_	linguistic	_	ContainsVariation=No	_	_	_	_	_	_
326-3	PKP130	326	3	tu	tu	_	_	_	_	_	linguistic	_	ContainsVariation=No	_	_	_	_	_	_
326-4	PKP130	326	4	vuoi	vuoi	_	_	_	_	_	linguistic	_	ContainsVariation=No	_	_	_	_	_	_
326-5	PKP130	326	5	restare	restare	_	_	_	_	_	linguistic	_	ContainsVariation=No	_	_	_	_	_	_
326-6	PKP130	326	6	in	in	_	_	_	_	_	linguistic	_	ContainsVariation=No	_	_	_	_	_	_
326-7	PKP130	326	7	AMERICA	america	_	_	_	_	_	linguistic	_	ContainsVariation=No	PauseAfter=Yes|Volume=high	_	_	_	_	_
326-8	PKP130	326	8	(.)	(.)	_	_	_	_	_	shortpause	_	ContainsVariation=No	_	_	_	_	_	_
326-9	PKP130	326	9	<dimmelo>	dimmelo	_	_	_	_	_	linguistic	_	ContainsVariation=No	_	End=709.179	_	Slow=0-7(0)	_	_
327-0	PKP130	327	0	>ho	ho	_	_	_	_	_	linguistic	_	ContainsVariation=No	_	Begin=709.734	_	Fast=0-2(0)	_	_
327-1	PKP130	327	1	dett<	dett	_	_	_	_	_	linguistic	_	ContainsVariation=No	_	_	_	Fast=0-4(0)	_	_
327-2	PKP130	327	2	fra	fra	_	_	_	_	_	linguistic	_	ContainsVariation=No	_	_	_	_	_	_
327-3	PKP130	327	3	ma	ma	_	_	_	_	_	linguistic	_	ContainsVariation=No	_	_	_	_	_	_
327-4	PKP130	327	4	tu	tu	_	_	_	_	_	linguistic	_	ContainsVariation=No	_	_	_	_	_	_
327-5	PKP130	327	5	sei	sei	_	_	_	_	_	linguistic	_	ContainsVariation=No	_	_	_	_	_	_
327-6	PKP130	327	6	di	di	_	_	_	_	_	linguistic	_	ContainsVariation=No	_	_	_	_	_	_
327-7	PKP130	327	7	ruolo	ruolo	_	_	_	_	_	linguistic	_	ContainsVariation=No	_	_	_	_	_	_
327-8	PKP130	327	8	qua	qua	_	_	_	_	_	linguistic	_	ContainsVariation=No	_	_	_	_	_	_
327-9	PKP130	327	9	perché	perché	_	_	_	_	_	linguistic	_	ContainsVariation=No	_	_	_	_	_	_
327-10	PKP130	327	10	francesca	francesca	_	_	_	_	_	linguistic	_	ContainsVariation=No	_	_	_	_	_	_
327-11	PKP130	327	11	è	è	_	_	_	_	_	linguistic	_	ContainsVariation=No	_	_	_	_	_	_
327-12	PKP130	327	12	entrata	entrata	_	_	_	_	_	linguistic	_	ContainsVariation=No	_	_	_	_	_	_
327-13	PKP130	327	13	subito	subito	_	_	_	_	_	linguistic	_	ContainsVariation=No	_	_	_	_	_	_
327-14	PKP130	327	14	di	di	_	_	_	_	_	linguistic	_	ContainsVariation=No	_	_	_	_	_	_
327-15	PKP130	327	15	ruolo	ruolo	_	_	_	_	_	linguistic	_	ContainsVariation=No	_	_	_	_	_	_
327-16	PKP130	327	16	nel	nel	_	_	_	_	_	linguistic	_	ContainsVariation=No	_	_	_	_	_	_
327-17	PKP130	327	17	duemiladiciassette	duemiladiciassette	_	_	_	_	_	linguistic	_	ContainsVariation=No	_	_	_	_	_	_
327-18	PKP130	327	18	[gia	gia	_	_	_	_	_	linguistic	_	ContainsVariation=No	_	_	_	_	_	0-3(29)
327-19	PKP130	327	19	so']	so'	_	_	_	_	_	linguistic	_	ContainsVariation=No	Truncated=Yes	_	_	_	_	0-3(29)
327-20	PKP130	327	20	tre	tre	_	_	_	_	_	linguistic	_	ContainsVariation=No	_	_	_	_	_	_
327-21	PKP130	327	21	anni	anni	_	_	_	_	_	linguistic	_	ContainsVariation=No	_	_	_	_	_	_
327-22	PKP130	327	22	che	che	_	_	_	_	_	linguistic	_	ContainsVariation=No	_	_	_	_	_	_
327-23	PKP130	327	23	è	è	_	_	_	_	_	linguistic	_	ContainsVariation=No	_	_	_	_	_	_
327-24	PKP130	327	24	di	di	_	_	_	_	_	linguistic	_	ContainsVariation=No	_	_	_	_	_	_
327-25	PKP130	327	25	ruolo	ruolo	_	_	_	_	_	linguistic	_	ContainsVariation=No	_	End=714.715	_	_	_	_
328-0	PKP125	328	0	[m:h]	mh	_	_	_	_	_	linguistic	_	ContainsVariation=No	_	Begin=714.101|End=714.474	0x1	_	_	0-2(29)
329-0	PKP130	329	0	mi	mi	_	_	_	_	_	linguistic	_	ContainsVariation=No	_	Begin=716.4	_	_	_	_
329-1	PKP130	329	1	disse	disse	_	_	_	_	_	linguistic	_	ContainsVariation=No	_	_	_	_	_	_
329-2	PKP130	329	2	no	no	_	_	_	_	_	linguistic	_	ContainsVariation=No	_	_	_	_	_	_
329-3	PKP130	329	3	marci	marci	_	_	_	_	_	linguistic	_	ContainsVariation=No	_	_	_	_	_	_
329-4	PKP130	329	4	io	io	_	_	_	_	_	linguistic	_	ContainsVariation=No	_	_	_	_	_	_
329-5	PKP130	329	5	me	me	_	_	_	_	_	linguistic	_	ContainsVariation=No	_	_	_	_	_	_
329-6	PKP130	329	6	ne	ne	_	_	_	_	_	linguistic	_	ContainsVariation=No	_	_	_	_	_	_
329-7	PKP130	329	7	sarei	sarei	_	_	_	_	_	linguistic	_	ContainsVariation=No	_	_	_	_	_	_
329-8	PKP130	329	8	andata	andata	_	_	_	_	_	linguistic	_	ContainsVariation=No	_	_	_	_	_	_
329-9	PKP130	329	9	avrei	avrei	_	_	_	_	_	linguistic	_	ContainsVariation=No	_	_	_	_	_	_
329-10	PKP130	329	10	fatto	fatto	_	_	_	_	_	linguistic	_	ContainsVariation=No	_	_	_	_	_	_
329-11	PKP130	329	11	domanda	domanda	_	_	_	_	_	linguistic	_	ContainsVariation=No	_	_	_	_	_	_
329-12	PKP130	329	12	là::	là	_	_	_	_	_	linguistic	_	ContainsVariation=No	_	_	1x2	_	_	_
329-13	PKP130	329	13	m::h	mh	_	_	_	_	_	linguistic	_	ContainsVariation=No	_	End=720.254	0x2	_	_	_
330-0	PKP130	330	0	così:	così	_	_	_	_	_	linguistic	_	ContainsVariation=No	_	Begin=720.295	3x1	_	_	_
330-1	PKP130	330	1	[e:h]	eh	_	_	_	_	_	linguistic	_	ContainsVariation=No	_	End=721.077	0x1	_	_	0-2(30)
331-0	PKP125	331	0	[a:h]	ah	_	_	_	_	_	linguistic	_	ContainsVariation=No	_	Begin=720.759|End=721.077	0x1	_	_	0-2(30)
332-0	PKP130	332	0	(non)	non	_	_	_	_	_	linguistic	_	ContainsVariation=No	_	Begin=721.7	_	_	0-3(0)	_
332-1	PKP130	332	1	voglio	voglio	_	_	_	_	_	linguistic	_	ContainsVariation=No	_	_	_	_	_	_
332-2	PKP130	332	2	dire:	dire	_	_	_	_	_	linguistic	_	ContainsVariation=No	_	End=722.481	3x1	_	_	_
333-0	PKP125	333	0	[qualcosa]	qualcosa	_	_	_	_	_	linguistic	_	ContainsVariation=No	_	Begin=723.14	_	_	_	0-8(31)
333-1	PKP125	333	1	l'	l'	_	_	_	_	_	linguistic	_	ContainsVariation=No	SpaceAfter=No	_	_	_	_	_
333-2	PKP125	333	2	ha	ha	_	_	_	_	_	linguistic	_	ContainsVariation=No	_	_	_	_	_	_
333-3	PKP125	333	3	trovata	trovata	_	_	_	_	_	linguistic	_	ContainsVariation=No	_	End=723.949	_	_	_	_
334-0	PKP130	334	0	[eh]	eh	_	_	_	_	_	linguistic	_	ContainsVariation=No	_	Begin=723.158|End=723.612	_	_	_	0-2(31)
335-0	PKP130	335	0	qualcosa	qualcosa	_	_	_	_	_	linguistic	_	ContainsVariation=No	_	Begin=724.039	_	_	_	_
335-1	PKP130	335	1	sempre	sempre	_	_	_	_	_	linguistic	_	ContainsVariation=No	_	_	_	_	_	_
335-2	PKP130	335	2	lo	lo	_	_	_	_	_	linguistic	_	ContainsVariation=No	_	_	_	_	_	_
335-3	PKP130	335	3	trovava	trovava	_	_	_	_	_	linguistic	_	ContainsVariation=No	_	_	_	_	_	_
335-4	PKP130	335	4	<esatto>	esatto	_	_	_	_	_	linguistic	_	ContainsVariation=No	_	End=726.012	_	Slow=0-6(0)	_	_
336-0	PKP130	336	0	E	e	_	_	_	_	_	linguistic	_	ContainsVariation=No	Volume=high	Begin=726.149	_	_	_	_
336-1	PKP130	336	1	GIORGIO	giorgio	_	_	_	_	_	linguistic	_	ContainsVariation=No	Volume=high	_	_	_	_	_
336-2	PKP130	336	2	gli	gli	_	_	_	_	_	linguistic	_	ContainsVariation=No	_	_	_	_	_	_
336-3	PKP130	336	3	disse	disse	_	_	_	_	_	linguistic	_	ContainsVariation=No	_	_	_	_	_	_
336-4	PKP130	336	4	no	no	_	_	_	_	_	linguistic	_	ContainsVariation=No	_	_	_	_	_	_
336-5	PKP130	336	5	no	no	_	_	_	_	_	linguistic	_	ContainsVariation=No	_	_	_	_	_	_
336-6	PKP130	336	6	francesca	francesca	_	_	_	_	_	linguistic	_	ContainsVariation=No	_	_	_	_	_	_
336-7	PKP130	336	7	io	io	_	_	_	_	_	linguistic	_	ContainsVariation=No	_	_	_	_	_	_
336-8	PKP130	336	8	voglio	voglio	_	_	_	_	_	linguistic	_	ContainsVariation=No	_	_	_	_	_	_
336-9	PKP130	336	9	fare	fare	_	_	_	_	_	linguistic	_	ContainsVariation=No	_	_	_	_	_	_
336-10	PKP130	336	10	i	i	_	_	_	_	_	linguistic	_	ContainsVariation=No	_	_	_	_	_	_
336-11	PKP130	336	11	due	due	_	_	_	_	_	linguistic	_	ContainsVariation=No	_	_	_	_	_	_
336-12	PKP130	336	12	anni	anni	_	_	_	_	_	linguistic	_	ContainsVariation=No	_	_	_	_	_	_
336-13	PKP130	336	13	di	di	_	_	_	_	_	linguistic	_	ContainsVariation=No	_	_	_	_	_	_
336-14	PKP130	336	14	esperienza	esperienza	_	_	_	_	_	linguistic	_	ContainsVariation=No	_	_	_	_	_	_
336-15	PKP130	336	15	però	però	_	_	_	_	_	linguistic	_	ContainsVariation=No	_	_	_	_	_	_
336-16	PKP130	336	16	voglio	voglio	_	_	_	_	_	linguistic	_	ContainsVariation=No	_	_	_	_	_	_
336-17	PKP130	336	17	tornare	tornare	_	_	_	_	_	linguistic	_	ContainsVariation=No	_	_	_	_	_	_
336-18	PKP130	336	18	in	in	_	_	_	_	_	linguistic	_	ContainsVariation=No	_	_	_	_	_	_
336-19	PKP130	336	19	italia	italia	_	_	_	_	_	linguistic	_	ContainsVariation=No	_	End=730.239	_	_	_	_
337-0	PKP130	337	0	lei	lei	_	_	_	_	_	linguistic	_	ContainsVariation=No	_	Begin=730.844	_	_	_	_
337-1	PKP130	337	1	glielo	glielo	_	_	_	_	_	linguistic	_	ContainsVariation=No	_	_	_	_	_	_
337-2	PKP130	337	2	disse	disse	_	_	_	_	_	linguistic	_	ContainsVariation=No	_	_	_	_	_	_
337-3	PKP130	337	3	disse	disse	_	_	_	_	_	linguistic	_	ContainsVariation=No	_	_	_	_	_	_
337-4	PKP130	337	4	parla	parla	_	_	_	_	_	linguistic	_	ContainsVariation=No	_	_	_	_	_	_
337-5	PKP130	337	5	chiaro	chiaro	_	_	_	_	_	linguistic	_	ContainsVariation=No	_	_	_	_	_	_
337-6	PKP130	337	6	perché	perché	_	_	_	_	_	linguistic	_	ContainsVariation=No	_	_	_	_	_	_
337-7	PKP130	337	7	se	se	_	_	_	_	_	linguistic	_	ContainsVariation=No	_	_	_	_	_	_
337-8	PKP130	337	8	tu	tu	_	_	_	_	_	linguistic	_	ContainsVariation=No	_	_	_	_	_	_
337-9	PKP130	337	9	vuoi	vuoi	_	_	_	_	_	linguistic	_	ContainsVariation=No	_	_	_	_	_	_
337-10	PKP130	337	10	stare	stare	_	_	_	_	_	linguistic	_	ContainsVariation=No	_	_	_	_	_	_
337-11	PKP130	337	11	là	là	_	_	_	_	_	linguistic	_	ContainsVariation=No	_	_	_	_	_	_
337-12	PKP130	337	12	io	io	_	_	_	_	_	linguistic	_	ContainsVariation=No	_	_	_	_	_	_
337-13	PKP130	337	13	ti	ti	_	_	_	_	_	linguistic	_	ContainsVariation=No	_	_	_	_	_	_
337-14	PKP130	337	14	<raggiungo>	raggiungo	_	_	_	_	_	linguistic	_	ContainsVariation=No	_	End=734.317	_	Slow=0-9(0)	_	_
338-0	PKP125	338	0	m:h	mh	_	_	_	_	_	linguistic	_	ContainsVariation=No	_	Begin=734.63|End=734.93	0x1	_	_	_
339-0	PKP130	339	0	e	e	_	_	_	_	_	linguistic	_	ContainsVariation=No	_	Begin=734.985	_	_	_	_
339-1	PKP130	339	1	rinunciava	rinunciava	_	_	_	_	_	linguistic	_	ContainsVariation=No	_	_	_	_	_	_
339-2	PKP130	339	2	ovviamente::	ovviamente	_	_	_	_	_	linguistic	_	ContainsVariation=No	_	_	9x2	_	_	_
339-3	PKP130	339	3	però	però	_	_	_	_	_	linguistic	_	ContainsVariation=No	_	_	_	_	_	_
339-4	PKP130	339	4	po'	po'	_	_	_	_	_	linguistic	_	ContainsVariation=No	_	_	_	_	_	_
339-5	PKP130	339	5	che	che	_	_	_	_	_	linguistic	_	ContainsVariation=No	_	_	_	_	_	_
339-6	PKP130	339	6	fai	fai	_	_	_	_	_	linguistic	_	ContainsVariation=No	_	_	_	_	_	_
339-7	PKP130	339	7	rinunci	rinunci	_	_	_	_	_	linguistic	_	ContainsVariation=No	_	_	_	_	_	_
339-8	PKP130	339	8	al	al	_	_	_	_	_	linguistic	_	ContainsVariation=No	_	_	_	_	_	_
339-9	PKP130	339	9	posto	posto	_	_	_	_	_	linguistic	_	ContainsVariation=No	_	_	_	_	_	_
339-10	PKP130	339	10	a	a	_	_	_	_	_	linguistic	_	ContainsVariation=No	_	_	_	_	_	_
339-11	PKP130	339	11	tempo	tempo	_	_	_	_	_	linguistic	_	ContainsVariation=No	_	_	_	_	_	_
339-12	PKP130	339	12	INDETERMINATO?	indeterminato	_	_	_	_	_	linguistic	_	ContainsVariation=No	Intonation=Rising|Volume=high	End=738.821	_	_	_	_
340-0	PKP130	340	0	cioè	cioè	_	_	_	_	_	linguistic	_	ContainsVariation=No	_	Begin=739.408	_	_	_	_
340-1	PKP130	340	1	tu	tu	_	_	_	_	_	linguistic	_	ContainsVariation=No	_	_	_	_	_	_
340-2	PKP130	340	2	ti	ti	_	_	_	_	_	linguistic	_	ContainsVariation=No	_	_	_	_	_	_
340-3	PKP130	340	3	puoi	puoi	_	_	_	_	_	linguistic	_	ContainsVariation=No	_	_	_	_	_	_
340-4	PKP130	340	4	[prendere]	prendere	_	_	_	_	_	linguistic	_	ContainsVariation=No	_	_	_	_	_	0-8(?)
340-5	PKP130	340	5	un	un	_	_	_	_	_	linguistic	_	ContainsVariation=No	_	_	_	_	_	_
340-6	PKP130	340	6	anno	anno	_	_	_	_	_	linguistic	_	ContainsVariation=No	_	_	_	_	_	_
340-7	PKP130	340	7	di	di	_	_	_	_	_	linguistic	_	ContainsVariation=No	_	_	_	_	_	_
340-8	PKP130	340	8	aspettativa	aspettativa	_	_	_	_	_	linguistic	_	ContainsVariation=No	_	_	_	_	_	_
340-9	PKP130	340	9	però	però	_	_	_	_	_	linguistic	_	ContainsVariation=No	_	_	_	_	_	_
340-10	PKP130	340	10	che	che	_	_	_	_	_	linguistic	_	ContainsVariation=No	_	_	_	_	_	_
340-11	PKP130	340	11	fai	fai	_	_	_	_	_	linguistic	_	ContainsVariation=No	_	End=741.826	_	_	_	_
341-0	PKP125	341	0	non	non	_	_	_	_	_	linguistic	_	ContainsVariation=No	_	Begin=744.68	_	_	_	_
341-1	PKP125	341	1	lo	lo	_	_	_	_	_	linguistic	_	ContainsVariation=No	_	_	_	_	_	_
341-2	PKP125	341	2	so	so	_	_	_	_	_	linguistic	_	ContainsVariation=No	_	End=745.053	_	_	_	_
342-0	PKP125	342	0	lui	lui	_	_	_	_	_	linguistic	_	ContainsVariation=No	_	Begin=748.961	_	_	_	_
342-1	PKP125	342	1	dove	dove	_	_	_	_	_	linguistic	_	ContainsVariation=No	_	_	_	_	_	_
342-2	PKP125	342	2	stava	stava	_	_	_	_	_	linguistic	_	ContainsVariation=No	_	_	_	_	_	_
342-3	PKP125	342	3	in	in	_	_	_	_	_	linguistic	_	ContainsVariation=No	_	_	_	_	_	_
342-4	PKP125	342	4	america?	america	_	_	_	_	_	linguistic	_	ContainsVariation=No	Intonation=Rising	End=750.007	_	_	_	_
343-0	PKP130	343	0	m:h	mh	_	_	_	_	_	linguistic	_	ContainsVariation=No	_	Begin=750.698	0x1	_	_	_
343-1	PKP130	343	1	a	a	_	_	_	_	_	linguistic	_	ContainsVariation=No	_	_	_	_	_	_
343-2	PKP130	343	2	HOUSTON	houston	_	_	_	_	_	linguistic	_	ContainsVariation=No	Volume=high	End=751.679	_	_	_	_
344-0	PKP125	344	0	m:h	mh	_	_	_	_	_	linguistic	_	ContainsVariation=No	_	Begin=752.265|End=752.538	0x1	_	_	_
345-0	PKP130	345	0	m:h	mh	_	_	_	_	_	linguistic	_	ContainsVariation=No	_	Begin=752.824|End=753.024	0x1	_	_	_
346-0	PKP125	346	0	nel	nel	_	_	_	_	_	linguistic	_	ContainsVariation=No	_	Begin=753.092	_	_	_	_
346-1	PKP125	346	1	texas?	texas	_	_	_	_	_	linguistic	_	ContainsVariation=No	Intonation=Rising	End=753.692	_	_	_	_
347-0	PKP130	347	0	sì:	sì	_	_	_	_	_	linguistic	_	ContainsVariation=No	_	Begin=753.942|End=754.197	1x1	_	_	_
348-0	PKP130	348	0	nel	nel	_	_	_	_	_	linguistic	_	ContainsVariation=No	_	Begin=754.355	_	_	_	_
348-1	PKP130	348	1	texas	texas	_	_	_	_	_	linguistic	_	ContainsVariation=No	_	_	_	_	_	_
348-2	PKP130	348	2	vicino	vicino	_	_	_	_	_	linguistic	_	ContainsVariation=No	_	_	_	_	_	_
348-3	PKP130	348	3	alla:	alla	_	_	_	_	_	linguistic	_	ContainsVariation=No	_	_	3x1	_	_	_
348-4	PKP130	348	4	m:h	mh	_	_	_	_	_	linguistic	_	ContainsVariation=No	_	_	0x1	_	_	_
348-5	PKP130	348	5	alla	alla	_	_	_	_	_	linguistic	_	ContainsVariation=No	_	_	_	_	_	_
348-6	PKP130	348	6	nasa	nasa	_	_	_	_	_	linguistic	_	ContainsVariation=No	_	End=756.828	_	_	_	_
349-0	PKP125	349	0	mh	mh	_	_	_	_	_	linguistic	_	ContainsVariation=No	_	Begin=758.577|End=758.823	_	_	_	_
350-0	PKP130	350	0	ma	ma	_	_	_	_	_	linguistic	_	ContainsVariation=No	_	Begin=759.095	_	_	_	_
350-1	PKP130	350	1	infatti::	infatti	_	_	_	_	_	linguistic	_	ContainsVariation=No	_	_	6x2	_	_	_
350-2	PKP130	350	2	a	a	_	_	_	_	_	linguistic	_	ContainsVariation=No	_	_	_	_	_	_
350-3	PKP130	350	3	giorgio:	giorgio	_	_	_	_	_	linguistic	_	ContainsVariation=No	_	_	6x1	_	_	_
350-4	PKP130	350	4	francesca:	francesca	_	_	_	_	_	linguistic	_	ContainsVariation=No	_	_	8x1	_	_	_
350-5	PKP130	350	5	la	la	_	_	_	_	_	linguistic	_	ContainsVariation=No	_	_	_	_	_	_
350-6	PKP130	350	6	prima	prima	_	_	_	_	_	linguistic	_	ContainsVariation=No	_	_	_	_	_	_
350-7	PKP130	350	7	volta	volta	_	_	_	_	_	linguistic	_	ContainsVariation=No	_	_	_	_	_	_
350-8	PKP130	350	8	che	che	_	_	_	_	_	linguistic	_	ContainsVariation=No	_	_	_	_	_	_
350-9	PKP130	350	9	andò	andò	_	_	_	_	_	linguistic	_	ContainsVariation=No	_	_	_	_	_	_
350-10	PKP130	350	10	là	là	_	_	_	_	_	linguistic	_	ContainsVariation=No	_	_	_	_	_	_
350-11	PKP130	350	11	disse	disse	_	_	_	_	_	linguistic	_	ContainsVariation=No	_	_	_	_	_	_
350-12	PKP130	350	12	(dimmi)	dimmi	_	_	_	_	_	linguistic	_	ContainsVariation=No	_	_	_	_	0-5(0)	_
350-13	PKP130	350	13	che	che	_	_	_	_	_	linguistic	_	ContainsVariation=No	_	_	_	_	_	_
350-14	PKP130	350	14	difficoltà	difficoltà	_	_	_	_	_	linguistic	_	ContainsVariation=No	_	_	_	_	_	_
350-15	PKP130	350	15	capire	capire	_	_	_	_	_	linguistic	_	ContainsVariation=No	_	_	_	_	_	_
350-16	PKP130	350	16	l'	l'	_	_	_	_	_	linguistic	_	ContainsVariation=No	SpaceAfter=No	_	_	_	_	_
350-17	PKP130	350	17	inglese:	inglese	_	_	_	_	_	linguistic	_	ContainsVariation=No	_	End=764.532	6x1	_	_	_
351-0	PKP130	351	0	e:h	eh	_	_	_	_	_	linguistic	_	ContainsVariation=No	_	Begin=764.799	0x1	_	_	_
351-1	PKP130	351	1	parlato	parlato	_	_	_	_	_	linguistic	_	ContainsVariation=No	_	_	_	_	_	_
351-2	PKP130	351	2	dai	dai	_	_	_	_	_	linguistic	_	ContainsVariation=No	_	_	_	_	_	_
351-3	PKP130	351	3	texani	texani	_	_	_	_	_	linguistic	_	ContainsVariation=No	_	End=766.303	_	_	_	_
352-0	PKP125	352	0	e:h	eh	_	_	_	_	_	linguistic	_	ContainsVariation=No	_	Begin=766.531|End=766.786	0x1	_	_	_
353-0	PKP130	353	0	invece	invece	_	_	_	_	_	linguistic	_	ContainsVariation=No	_	Begin=768.235	_	_	_	_
353-1	PKP130	353	1	dice	dice	_	_	_	_	_	linguistic	_	ContainsVariation=No	_	_	_	_	_	_
353-2	PKP130	353	2	che	che	_	_	_	_	_	linguistic	_	ContainsVariation=No	_	_	_	_	_	_
353-3	PKP130	353	3	giorgio	giorgio	_	_	_	_	_	linguistic	_	ContainsVariation=No	_	_	_	_	_	_
353-4	PKP130	353	4	lo	lo	_	_	_	_	_	linguistic	_	ContainsVariation=No	_	_	_	_	_	_
353-5	PKP130	353	5	capiva	capiva	_	_	_	_	_	linguistic	_	ContainsVariation=No	_	End=769.926	_	_	_	_
354-0	PKP130	354	0	eh,	eh	_	_	_	_	_	linguistic	_	ContainsVariation=No	Intonation=WeaklyRising	Begin=770.194|End=770.457	_	_	_	_
355-0	PKP125	355	0	e	e	_	_	_	_	_	linguistic	_	ContainsVariation=No	_	Begin=770.993	_	_	_	_
355-1	PKP125	355	1	vabbè	vabbè	_	_	_	_	_	linguistic	_	ContainsVariation=No	_	_	_	_	_	_
355-2	PKP125	355	2	ma:	ma	_	_	_	_	_	linguistic	_	ContainsVariation=No	_	_	1x1	_	_	_
355-3	PKP125	355	3	m:h	mh	_	_	_	_	_	linguistic	_	ContainsVariation=No	_	End=771.948	0x1	_	_	_
356-0	PKP125	356	0	è	è	_	_	_	_	_	linguistic	_	ContainsVariation=No	_	Begin=772.447	_	_	_	_
356-1	PKP125	356	1	sempre	sempre	_	_	_	_	_	linguistic	_	ContainsVariation=No	_	_	_	_	_	_
356-2	PKP125	356	2	una	una	_	_	_	_	_	linguistic	_	ContainsVariation=No	_	_	_	_	_	_
356-3	PKP125	356	3	questione	questione	_	_	_	_	_	linguistic	_	ContainsVariation=No	_	_	_	_	_	_
356-4	PKP125	356	4	di	di	_	_	_	_	_	linguistic	_	ContainsVariation=No	_	_	_	_	_	_
356-5	PKP125	356	5	abitudine	abitudine	_	_	_	_	_	linguistic	_	ContainsVariation=No	_	_	_	_	_	_
356-6	PKP125	356	6	alla:	alla	_	_	_	_	_	linguistic	_	ContainsVariation=No	_	_	3x1	_	_	_
356-7	PKP125	356	7	mh	mh	_	_	_	_	_	linguistic	_	ContainsVariation=No	_	End=774.638	_	_	_	_
357-0	PKP130	357	0	eh	eh	_	_	_	_	_	linguistic	_	ContainsVariation=No	_	Begin=776.256|End=776.519	_	_	_	_
358-0	PKP125	358	0	alla	alla	_	_	_	_	_	linguistic	_	ContainsVariation=No	_	Begin=776.592	_	_	_	_
358-1	PKP125	358	1	variet[à::]	varietà	_	_	_	_	_	linguistic	_	ContainsVariation=No	_	End=777.71	6x2	_	_	6-7(35)
359-0	PKP130	359	0	# [e	e	_	_	_	_	_	linguistic	_	ContainsVariation=Yes|Code=Underspecified	_	Begin=777.437	_	_	_	0-1(33)
359-1	PKP130	359	1	in]fatti	infatti	_	_	_	_	_	linguistic	_	ContainsVariation=Yes|Code=Underspecified	PauseAfter=Yes	_	_	_	_	0-2(33)
359-2	PKP130	359	2	(.)	(.)	_	_	_	_	_	shortpause	_	ContainsVariation=Yes	_	_	_	_	_	_
359-3	PKP130	359	3	infatti	infatti	_	_	_	_	_	linguistic	_	ContainsVariation=Yes|Code=Underspecified	_	_	_	_	_	_
359-4	PKP130	359	4	francesca	francesca	_	_	_	_	_	linguistic	_	ContainsVariation=Yes|Code=Underspecified	_	_	_	_	_	_
359-5	PKP130	359	5	ric	ric	_	_	_	_	_	linguistic	_	ContainsVariation=Yes|Code=Underspecified	_	_	_	_	_	_
359-6	PKP130	359	6	maronna	maronna	_	_	_	_	_	linguistic	_	ContainsVariation=Yes|Code=Underspecified	_	_	_	_	_	_
359-7	PKP130	359	7	io	io	_	_	_	_	_	linguistic	_	ContainsVariation=Yes|Code=Underspecified	_	_	_	_	_	_
359-8	PKP130	359	8	mi	mi	_	_	_	_	_	linguistic	_	ContainsVariation=Yes|Code=Underspecified	_	_	_	_	_	_
359-9	PKP130	359	9	vergognavo	vergognavo	_	_	_	_	_	linguistic	_	ContainsVariation=Yes|Code=Underspecified	_	_	_	_	_	_
359-10	PKP130	359	10	a	a	_	_	_	_	_	linguistic	_	ContainsVariation=Yes|Code=Underspecified	_	_	_	_	_	_
359-11	PKP130	359	11	essere	essere	_	_	_	_	_	linguistic	_	ContainsVariation=Yes|Code=Underspecified	_	_	_	_	_	_
359-12	PKP130	359	12	una	una	_	_	_	_	_	linguistic	_	ContainsVariation=Yes|Code=Underspecified	_	_	_	_	_	_
359-13	PKP130	359	13	laureata	laureata	_	_	_	_	_	linguistic	_	ContainsVariation=Yes|Code=Underspecified	_	_	_	_	_	_
359-14	PKP130	359	14	'i	'i	_	_	_	_	_	linguistic	_	ContainsVariation=Yes|Code=Underspecified	Truncated=Yes	_	_	_	_	_
359-15	PKP130	359	15	lingue	lingue	_	_	_	_	_	linguistic	_	ContainsVariation=Yes|Code=Underspecified	_	_	_	_	_	_
359-16	PKP130	359	16	e	e	_	_	_	_	_	linguistic	_	ContainsVariation=Yes|Code=Underspecified	_	_	_	_	_	_
359-17	PKP130	359	17	pure	pure	_	_	_	_	_	linguistic	_	ContainsVariation=Yes|Code=Underspecified	_	_	_	_	_	_
359-18	PKP130	359	18	francesca	francesca	_	_	_	_	_	linguistic	_	ContainsVariation=Yes|Code=Underspecified	_	_	_	_	_	_
359-19	PKP130	359	19	è	è	_	_	_	_	_	linguistic	_	ContainsVariation=Yes|Code=Underspecified	_	_	_	_	_	_
359-20	PKP130	359	20	stata	stata	_	_	_	_	_	linguistic	_	ContainsVariation=Yes|Code=Underspecified	_	_	_	_	_	_
359-21	PKP130	359	21	mess	mess	_	_	_	_	_	linguistic	_	ContainsVariation=Yes|Code=Underspecified	_	_	_	_	_	_
359-22	PKP130	359	22	'i	'i	_	_	_	_	_	linguistic	_	ContainsVariation=Yes|Code=Underspecified	Truncated=Yes	_	_	_	_	_
359-23	PKP130	359	23	<RUOLO>	ruolo	_	_	_	_	_	linguistic	_	ContainsVariation=Yes|Code=Underspecified	Volume=high	End=783.765	_	Slow=0-5(0)	_	_
360-0	PKP125	360	0	[mh]	mh	_	_	_	_	_	linguistic	_	ContainsVariation=No	_	Begin=778.987|End=779.342	_	_	_	0-2(32)
361-0	PKP125	361	0	[è	è	_	_	_	_	_	linguistic	_	ContainsVariation=No	_	Begin=779.623	_	_	_	0-1(33)
361-1	PKP125	361	1	normale]	normale	_	_	_	_	_	linguistic	_	ContainsVariation=No	_	End=780.496	_	_	_	0-7(33)
362-0	PKP125	362	0	[ma	ma	_	_	_	_	_	linguistic	_	ContainsVariation=No	_	Begin=781.645	_	_	_	0-2(34)
362-1	PKP125	362	1	che	che	_	_	_	_	_	linguistic	_	ContainsVariation=No	_	_	_	_	_	0-3(34)
362-2	PKP125	362	2	c'	c'	_	_	_	_	_	linguistic	_	ContainsVariation=No	SpaceAfter=No	_	_	_	_	0-2(34)
362-3	PKP125	362	3	entra]?	entra	_	_	_	_	_	linguistic	_	ContainsVariation=No	Intonation=Rising	End=782.509	_	_	_	0-5(34)
363-0	PKP130	363	0	è	è	_	_	_	_	_	linguistic	_	ContainsVariation=No	_	Begin=784.354	_	_	_	_
363-1	PKP130	363	1	stata	stata	_	_	_	_	_	linguistic	_	ContainsVariation=No	_	_	_	_	_	_
363-2	PKP130	363	2	<mess	mess	_	_	_	_	_	linguistic	_	ContainsVariation=No	_	_	_	Slow=0-4(0)	_	_
363-3	PKP130	363	3	'i	'i	_	_	_	_	_	linguistic	_	ContainsVariation=No	Truncated=Yes	_	_	Slow=0-2(0)	_	_
363-4	PKP130	363	4	ruolo>	ruolo	_	_	_	_	_	linguistic	_	ContainsVariation=No	_	_	_	Slow=0-5(0)	_	_
363-5	PKP130	363	5	nel	nel	_	_	_	_	_	linguistic	_	ContainsVariation=No	_	_	_	_	_	_
363-6	PKP130	363	6	duemila	duemila	_	_	_	_	_	linguistic	_	ContainsVariation=No	_	_	_	_	_	_
363-7	PKP130	363	7	e	e	_	_	_	_	_	linguistic	_	ContainsVariation=No	_	_	_	_	_	_
363-8	PKP130	363	8	diciassette	diciassette	_	_	_	_	_	linguistic	_	ContainsVariation=No	_	_	_	_	_	_
363-9	PKP130	363	9	quando	quando	_	_	_	_	_	linguistic	_	ContainsVariation=No	_	_	_	_	_	_
363-10	PKP130	363	10	stava	stava	_	_	_	_	_	linguistic	_	ContainsVariation=No	_	_	_	_	_	_
363-11	PKP130	363	11	in	in	_	_	_	_	_	linguistic	_	ContainsVariation=No	_	_	_	_	_	_
363-12	PKP130	363	12	america	america	_	_	_	_	_	linguistic	_	ContainsVariation=No	_	_	_	_	_	_
363-13	PKP130	363	13	infatti	infatti	_	_	_	_	_	linguistic	_	ContainsVariation=No	_	_	_	_	_	_
363-14	PKP130	363	14	andò	andò	_	_	_	_	_	linguistic	_	ContainsVariation=No	_	_	_	_	_	_
363-15	PKP130	363	15	la	la	_	_	_	_	_	linguistic	_	ContainsVariation=No	_	_	_	_	_	_
363-16	PKP130	363	16	mamma	mamma	_	_	_	_	_	linguistic	_	ContainsVariation=No	_	_	_	_	_	_
363-17	PKP130	363	17	al	al	_	_	_	_	_	linguistic	_	ContainsVariation=No	_	_	_	_	_	_
363-18	PKP130	363	18	provveditorato	provveditorato	_	_	_	_	_	linguistic	_	ContainsVariation=No	_	End=789.082	_	_	_	_
364-0	PKP130	364	0	perché	perché	_	_	_	_	_	linguistic	_	ContainsVariation=No	_	Begin=789.195	_	_	_	_
364-1	PKP130	364	1	poi	poi	_	_	_	_	_	linguistic	_	ContainsVariation=No	_	_	_	_	_	_
364-2	PKP130	364	2	non	non	_	_	_	_	_	linguistic	_	ContainsVariation=No	_	_	_	_	_	_
364-3	PKP130	364	3	era	era	_	_	_	_	_	linguistic	_	ContainsVariation=No	_	_	_	_	_	_
364-4	PKP130	364	4	capito	capito	_	_	_	_	_	linguistic	_	ContainsVariation=No	_	_	_	_	_	_
364-5	PKP130	364	5	ormai	ormai	_	_	_	_	_	linguistic	_	ContainsVariation=No	_	_	_	_	_	_
364-6	PKP130	364	6	è	è	_	_	_	_	_	linguistic	_	ContainsVariation=No	_	_	_	_	_	_
364-7	PKP130	364	7	stato	stato	_	_	_	_	_	linguistic	_	ContainsVariation=No	_	_	_	_	_	_
364-8	PKP130	364	8	tutto	tutto	_	_	_	_	_	linguistic	_	ContainsVariation=No	_	_	_	_	_	_
364-9	PKP130	364	9	<informatizzato>	informatizzato	_	_	_	_	_	linguistic	_	ContainsVariation=No	_	End=791.741	_	Slow=0-14(0)	_	_
365-0	PKP125	365	0	m:h	mh	_	_	_	_	_	linguistic	_	ContainsVariation=No	_	Begin=791.904|End=792.186	0x1	_	_	_
366-0	PKP130	366	0	e:	e	_	_	_	_	_	linguistic	_	ContainsVariation=No	_	Begin=792.936	0x1	_	_	_
366-1	PKP130	366	1	m:::h	mh	_	_	_	_	_	linguistic	_	ContainsVariation=No	_	End=794.309	0x3	_	_	_
367-0	PKP130	367	0	e	e	_	_	_	_	_	linguistic	_	ContainsVariation=No	_	Begin=795.49	_	_	_	_
367-1	PKP130	367	1	quindi:	quindi	_	_	_	_	_	linguistic	_	ContainsVariation=No	_	_	5x1	_	_	_
367-2	PKP130	367	2	questo	questo	_	_	_	_	_	linguistic	_	ContainsVariation=No	_	End=796.927	_	_	_	_
368-0	PKP130	368	0	e::	e	_	_	_	_	_	linguistic	_	ContainsVariation=No	_	Begin=797.985	0x2	_	_	_
368-1	PKP130	368	1	andò	andò	_	_	_	_	_	linguistic	_	ContainsVariation=No	_	_	_	_	_	_
368-2	PKP130	368	2	LA	la	_	_	_	_	_	linguistic	_	ContainsVariation=No	Volume=high	_	_	_	_	_
368-3	PKP130	368	3	MAMMA	mamma	_	_	_	_	_	linguistic	_	ContainsVariation=No	Volume=high	End=799.113	_	_	_	_
369-0	PKP125	369	0	mh	mh	_	_	_	_	_	linguistic	_	ContainsVariation=No	_	Begin=800.617|End=800.763	_	_	_	_
370-0	PKP125	370	0	°ah°	ah	_	_	_	_	_	linguistic	_	ContainsVariation=No	Volume=low	Begin=803.104|End=803.249	_	_	_	_
371-0	PKP125	371	0	non	non	_	_	_	_	_	linguistic	_	ContainsVariation=No	_	Begin=804.535	_	_	_	_
371-1	PKP125	371	1	so	so	_	_	_	_	_	linguistic	_	ContainsVariation=No	_	End=804.944	_	_	_	_
372-0	PKP125	372	0	beh	beh	_	_	_	_	_	linguistic	_	ContainsVariation=No	_	Begin=805.498	_	_	_	_
372-1	PKP125	372	1	se	se	_	_	_	_	_	linguistic	_	ContainsVariation=No	_	_	_	_	_	_
372-2	PKP125	372	2	lui	lui	_	_	_	_	_	linguistic	_	ContainsVariation=No	_	_	_	_	_	_
372-3	PKP125	372	3	non	non	_	_	_	_	_	linguistic	_	ContainsVariation=No	_	_	_	_	_	_
372-4	PKP125	372	4	è	è	_	_	_	_	_	linguistic	_	ContainsVariation=No	_	_	_	_	_	_
372-5	PKP125	372	5	voluto	voluto	_	_	_	_	_	linguistic	_	ContainsVariation=No	_	_	_	_	_	_
372-6	PKP125	372	6	restare,	restare	_	_	_	_	_	linguistic	_	ContainsVariation=No	Intonation=WeaklyRising	End=807.134	_	_	_	_
373-0	PKP130	373	0	no:	no	_	_	_	_	_	linguistic	_	ContainsVariation=No	_	Begin=807.539	1x1	_	_	_
373-1	PKP130	373	1	lui	lui	_	_	_	_	_	linguistic	_	ContainsVariation=No	_	_	_	_	_	_
373-2	PKP130	373	2	disse	disse	_	_	_	_	_	linguistic	_	ContainsVariation=No	_	_	_	_	_	_
373-3	PKP130	373	3	di	di	_	_	_	_	_	linguistic	_	ContainsVariation=No	_	_	_	_	_	_
373-4	PKP130	373	4	no	no	_	_	_	_	_	linguistic	_	ContainsVariation=No	_	End=808.493	_	_	_	_
374-0	PKP125	374	0	la	la	_	_	_	_	_	linguistic	_	ContainsVariation=No	_	Begin=810.239	_	_	_	_
374-1	PKP125	374	1	francesca	francesca	_	_	_	_	_	linguistic	_	ContainsVariation=No	_	_	_	_	_	_
374-2	PKP125	374	2	non	non	_	_	_	_	_	linguistic	_	ContainsVariation=No	_	_	_	_	_	_
374-3	PKP125	374	3	aveva	aveva	_	_	_	_	_	linguistic	_	ContainsVariation=No	_	_	_	_	_	_
374-4	PKP125	374	4	chiesto	chiesto	_	_	_	_	_	linguistic	_	ContainsVariation=No	_	_	_	_	_	_
374-5	PKP125	374	5	la	la	_	_	_	_	_	linguistic	_	ContainsVariation=No	_	_	_	_	_	_
374-6	PKP125	374	6	cattedra	cattedra	_	_	_	_	_	linguistic	_	ContainsVariation=No	_	_	_	_	_	_
374-7	PKP125	374	7	a	a	_	_	_	_	_	linguistic	_	ContainsVariation=No	_	_	_	_	_	_
374-8	PKP125	374	8	FIRENZE?	firenze	_	_	_	_	_	linguistic	_	ContainsVariation=No	Intonation=Rising|Volume=high	End=812.784	_	_	_	_
375-0	PKP125	375	0	no:?	no	_	_	_	_	_	linguistic	_	ContainsVariation=No	Intonation=Rising	Begin=813.143|End=813.488	1x1	_	_	_
376-0	PKP130	376	0	ha	ha	_	_	_	_	_	linguistic	_	ContainsVariation=No	_	Begin=813.656	_	_	_	_
376-1	PKP130	376	1	fatto	fatto	_	_	_	_	_	linguistic	_	ContainsVariation=No	_	_	_	_	_	_
376-2	PKP130	376	2	le:	le	_	_	_	_	_	linguistic	_	ContainsVariation=No	_	_	1x1	_	_	_
376-3	PKP130	376	3	m:h	mh	_	_	_	_	_	linguistic	_	ContainsVariation=No	_	End=814.71	0x1	_	_	_
377-0	PKP130	377	0	ha	ha	_	_	_	_	_	linguistic	_	ContainsVariation=No	_	Begin=815.47	_	_	_	_
377-1	PKP130	377	1	fatto	fatto	_	_	_	_	_	linguistic	_	ContainsVariation=No	_	_	_	_	_	_
377-2	PKP130	377	2	le:	le	_	_	_	_	_	linguistic	_	ContainsVariation=No	_	_	1x1	_	_	_
377-3	PKP130	377	3	m:h	mh	_	_	_	_	_	linguistic	_	ContainsVariation=No	_	_	0x1	_	_	_
377-4	PKP130	377	4	le	le	_	_	_	_	_	linguistic	_	ContainsVariation=No	_	_	_	_	_	_
377-5	PKP130	377	5	<SUPPLENZE>	supplenze	_	_	_	_	_	linguistic	_	ContainsVariation=No	Volume=high	_	_	Slow=0-9(0)	_	_
377-6	PKP130	377	6	sì	sì	_	_	_	_	_	linguistic	_	ContainsVariation=No	_	End=818.034	_	_	_	_
378-0	PKP125	378	0	mh	mh	_	_	_	_	_	linguistic	_	ContainsVariation=No	_	Begin=818.075|End=818.22	_	_	_	_
379-0	PKP130	379	0	ha	ha	_	_	_	_	_	linguistic	_	ContainsVariation=No	_	Begin=818.297	_	_	_	_
379-1	PKP130	379	1	fatto	fatto	_	_	_	_	_	linguistic	_	ContainsVariation=No	_	_	_	_	_	_
379-2	PKP130	379	2	le	le	_	_	_	_	_	linguistic	_	ContainsVariation=No	_	_	_	_	_	_
379-3	PKP130	379	3	SUPPLENZE	supplenze	_	_	_	_	_	linguistic	_	ContainsVariation=No	Volume=high	_	_	_	_	_
379-4	PKP130	379	4	e	e	_	_	_	_	_	linguistic	_	ContainsVariation=No	_	_	_	_	_	_
379-5	PKP130	379	5	prima	prima	_	_	_	_	_	linguistic	_	ContainsVariation=No	_	_	_	_	_	_
379-6	PKP130	379	6	che	che	_	_	_	_	_	linguistic	_	ContainsVariation=No	_	_	_	_	_	_
379-7	PKP130	379	7	entrasse	entrasse	_	_	_	_	_	linguistic	_	ContainsVariation=No	_	_	_	_	_	_
379-8	PKP130	379	8	di	di	_	_	_	_	_	linguistic	_	ContainsVariation=No	_	_	_	_	_	_
379-9	PKP130	379	9	ruolo	ruolo	_	_	_	_	_	linguistic	_	ContainsVariation=No	_	_	_	_	_	_
379-10	PKP130	379	10	tanti	tanti	_	_	_	_	_	linguistic	_	ContainsVariation=No	_	_	_	_	_	_
379-11	PKP130	379	11	anni	anni	_	_	_	_	_	linguistic	_	ContainsVariation=No	_	_	_	_	_	_
379-12	PKP130	379	12	prima	prima	_	_	_	_	_	linguistic	_	ContainsVariation=No	_	_	_	_	_	_
379-13	PKP130	379	13	andava	andava	_	_	_	_	_	linguistic	_	ContainsVariation=No	_	_	_	_	_	_
379-14	PKP130	379	14	a	a	_	_	_	_	_	linguistic	_	ContainsVariation=No	_	_	_	_	_	_
379-15	PKP130	379	15	fare	fare	_	_	_	_	_	linguistic	_	ContainsVariation=No	_	_	_	_	_	_
379-16	PKP130	379	16	pure	pure	_	_	_	_	_	linguistic	_	ContainsVariation=No	_	_	_	_	_	_
379-17	PKP130	379	17	la:	la	_	_	_	_	_	linguistic	_	ContainsVariation=No	_	_	1x1	_	_	_
379-18	PKP130	379	18	m::h	mh	_	_	_	_	_	linguistic	_	ContainsVariation=No	_	End=823.033	0x2	_	_	_
380-0	PKP130	380	0	andava	andava	_	_	_	_	_	linguistic	_	ContainsVariation=No	_	Begin=823.47	_	_	_	_
380-1	PKP130	380	1	a	a	_	_	_	_	_	linguistic	_	ContainsVariation=No	_	_	_	_	_	_
380-2	PKP130	380	2	fare	fare	_	_	_	_	_	linguistic	_	ContainsVariation=No	_	_	_	_	_	_
380-3	PKP130	380	3	i	i	_	_	_	_	_	linguistic	_	ContainsVariation=No	_	_	_	_	_	_
380-4	PKP130	380	4	corsi	corsi	_	_	_	_	_	linguistic	_	ContainsVariation=No	_	_	_	_	_	_
380-5	PKP130	380	5	di	di	_	_	_	_	_	linguistic	_	ContainsVariation=No	_	_	_	_	_	_
380-6	PKP130	380	6	recupero	recupero	_	_	_	_	_	linguistic	_	ContainsVariation=No	_	End=825.006	_	_	_	_
381-0	PKP125	381	0	m:h	mh	_	_	_	_	_	linguistic	_	ContainsVariation=No	_	Begin=825.961|End=826.306	0x1	_	_	_
382-0	PKP130	382	0	i	i	_	_	_	_	_	linguistic	_	ContainsVariation=No	_	Begin=826.427	_	_	_	_
382-1	PKP130	382	1	corsi	corsi	_	_	_	_	_	linguistic	_	ContainsVariation=No	_	_	_	_	_	_
382-2	PKP130	382	2	di	di	_	_	_	_	_	linguistic	_	ContainsVariation=No	_	_	_	_	_	_
382-3	PKP130	382	3	recupero	recupero	_	_	_	_	_	linguistic	_	ContainsVariation=No	_	_	_	_	_	_
382-4	PKP130	382	4	oltretutto	oltretutto	_	_	_	_	_	linguistic	_	ContainsVariation=No	_	_	_	_	_	_
382-5	PKP130	382	5	il	il	_	_	_	_	_	linguistic	_	ContainsVariation=No	_	_	_	_	_	_
382-6	PKP130	382	6	pon	pon	_	_	_	_	_	linguistic	_	ContainsVariation=No	_	_	_	_	_	_
382-7	PKP130	382	7	a	a	_	_	_	_	_	linguistic	_	ContainsVariation=No	_	_	_	_	_	_
382-8	PKP130	382	8	me	me	_	_	_	_	_	linguistic	_	ContainsVariation=No	_	_	_	_	_	_
382-9	PKP130	382	9	ancora	ancora	_	_	_	_	_	linguistic	_	ContainsVariation=No	_	_	_	_	_	_
382-10	PKP130	382	10	non	non	_	_	_	_	_	linguistic	_	ContainsVariation=No	_	_	_	_	_	_
382-11	PKP130	382	11	è	è	_	_	_	_	_	linguistic	_	ContainsVariation=No	_	_	_	_	_	_
382-12	PKP130	382	12	stato	stato	_	_	_	_	_	linguistic	_	ContainsVariation=No	_	_	_	_	_	_
382-13	PKP130	382	13	pagato	pagato	_	_	_	_	_	linguistic	_	ContainsVariation=No	_	_	_	_	_	_
382-14	PKP130	382	14	TU	tu	_	_	_	_	_	linguistic	_	ContainsVariation=No	Volume=high	_	_	_	_	_
382-15	PKP130	382	15	LO	lo	_	_	_	_	_	linguistic	_	ContainsVariation=No	Volume=high	_	_	_	_	_
382-16	PKP130	382	16	SAI?	sai	_	_	_	_	_	linguistic	_	ContainsVariation=No	Intonation=Rising|Volume=high	End=830.037	_	_	_	_
383-0	PKP125	383	0	quale	quale	_	_	_	_	_	linguistic	_	ContainsVariation=No	_	Begin=830.583	_	_	_	_
383-1	PKP125	383	1	pon?	pon	_	_	_	_	_	linguistic	_	ContainsVariation=No	Intonation=Rising	End=831.038	_	_	_	_
384-0	PKP130	384	0	il	il	_	_	_	_	_	linguistic	_	ContainsVariation=No	_	Begin=831.251	_	_	_	_
384-1	PKP130	384	1	pon	pon	_	_	_	_	_	linguistic	_	ContainsVariation=No	_	_	_	_	_	_
384-2	PKP130	384	2	c~	c~	_	_	_	_	_	linguistic	_	ContainsVariation=No	Interrupted=Yes	_	_	_	_	_
384-3	PKP130	384	3	che	che	_	_	_	_	_	linguistic	_	ContainsVariation=No	_	_	_	_	_	_
384-4	PKP130	384	4	l'	l'	_	_	_	_	_	linguistic	_	ContainsVariation=No	SpaceAfter=No	_	_	_	_	_
384-5	PKP130	384	5	anno	anno	_	_	_	_	_	linguistic	_	ContainsVariation=No	_	_	_	_	_	_
384-6	PKP130	384	6	scorso	scorso	_	_	_	_	_	linguistic	_	ContainsVariation=No	_	_	_	_	_	_
384-7	PKP130	384	7	feci	feci	_	_	_	_	_	linguistic	_	ContainsVariation=No	_	_	_	_	_	_
384-8	PKP130	384	8	<allo	allo	_	_	_	_	_	linguistic	_	ContainsVariation=No	_	_	_	Slow=0-4(0)	_	_
384-9	PKP130	384	9	stefanelli>	stefanelli	_	_	_	_	_	linguistic	_	ContainsVariation=No	_	_	_	Slow=0-10(0)|Fast=9-10(0)	_	_
384-10	PKP130	384	10	[che	che	_	_	_	_	_	linguistic	_	ContainsVariation=No	_	_	_	Fast=0-3(0)	_	0-3(36)
384-11	PKP130	384	11	ho	ho	_	_	_	_	_	linguistic	_	ContainsVariation=No	_	_	_	Fast=0-2(0)	_	0-2(36)
384-12	PKP130	384	12	fi]nito	finito	_	_	_	_	_	linguistic	_	ContainsVariation=No	_	_	_	Fast=0-6(0)	_	0-2(36)
384-13	PKP130	384	13	il	il	_	_	_	_	_	linguistic	_	ContainsVariation=No	_	_	_	Fast=0-2(0)	_	_
384-14	PKP130	384	14	trentuno	trentuno	_	_	_	_	_	linguistic	_	ContainsVariation=No	_	_	_	Fast=0-8(0)	_	_
384-15	PKP130	384	15	agosto	agosto	_	_	_	_	_	linguistic	_	ContainsVariation=No	_	_	_	Fast=0-6(0)	_	_
384-16	PKP130	384	16	<nien[te>]	niente	_	_	_	_	_	linguistic	_	ContainsVariation=No	_	End=835.569	_	Slow=0-6(1)	_	3-6(37)
385-0	PKP125	385	0	[no:]?	no	_	_	_	_	_	linguistic	_	ContainsVariation=No	Intonation=Rising	Begin=833.569|End=834.051	1x1	_	_	0-2(36)
386-0	PKP125	386	0	[a::h]	ah	_	_	_	_	_	linguistic	_	ContainsVariation=No	_	Begin=835.224|End=835.56	0x2	_	_	0-2(37)
387-0	PKP125	387	0	(con	con	_	_	_	_	_	linguistic	_	ContainsVariation=No	_	Begin=838.369	_	_	0-3(0)	_
387-1	PKP125	387	1	gli	gli	_	_	_	_	_	linguistic	_	ContainsVariation=No	_	_	_	_	0-3(0)	_
387-2	PKP125	387	2	stessi)	stessi	_	_	_	_	_	linguistic	_	ContainsVariation=No	_	_	_	_	0-6(0)	_
387-3	PKP125	387	3	contratti	contratti	_	_	_	_	_	linguistic	_	ContainsVariation=No	_	_	_	_	_	_
387-4	PKP125	387	4	quei:::	quei	_	_	_	_	_	linguistic	_	ContainsVariation=No	_	_	3x3	_	_	_
387-5	PKP125	387	5	[con	con	_	_	_	_	_	linguistic	_	ContainsVariation=No	_	_	_	_	_	0-3(38)
387-6	PKP125	387	6	i	i	_	_	_	_	_	linguistic	_	ContainsVariation=No	_	_	_	_	_	0-1(38)
387-7	PKP125	387	7	fogli	fogli	_	_	_	_	_	linguistic	_	ContainsVariation=No	_	_	_	_	_	0-5(38)
387-8	PKP125	387	8	europei],	europei	_	_	_	_	_	linguistic	_	ContainsVariation=No	Intonation=WeaklyRising	End=841.442	_	_	_	0-7(38)
388-0	PKP130	388	0	[guarda	guarda	_	_	_	_	_	linguistic	_	ContainsVariation=No	_	Begin=840.537	_	_	_	0-6(38)
388-1	PKP130	388	1	che	che	_	_	_	_	_	linguistic	_	ContainsVariation=No	_	_	_	_	_	0-3(38)
388-2	PKP130	388	2	schifo]	schifo	_	_	_	_	_	linguistic	_	ContainsVariation=No	_	_	_	_	_	0-6(38)
388-3	PKP130	388	3	questa	questa	_	_	_	_	_	linguistic	_	ContainsVariation=No	_	_	_	_	_	_
388-4	PKP130	388	4	pa~	pa~	_	_	_	_	_	linguistic	_	ContainsVariation=No	Interrupted=Yes	_	_	_	_	_
388-5	PKP130	388	5	pon	pon	_	_	_	_	_	linguistic	_	ContainsVariation=No	_	_	_	_	_	_
388-6	PKP130	388	6	EH	eh	_	_	_	_	_	linguistic	_	ContainsVariation=No	PauseAfter=Yes|Volume=high	_	_	_	_	_
388-7	PKP130	388	7	(.)	(.)	_	_	_	_	_	shortpause	_	ContainsVariation=No	_	_	_	_	_	_
388-8	PKP130	388	8	infatti	infatti	_	_	_	_	_	linguistic	_	ContainsVariation=No	_	_	_	_	_	_
388-9	PKP130	388	9	voglio:	voglio	_	_	_	_	_	linguistic	_	ContainsVariation=No	_	_	5x1	_	_	_
388-10	PKP130	388	10	voglio	voglio	_	_	_	_	_	linguistic	_	ContainsVariation=No	_	_	_	_	_	_
388-11	PKP130	388	11	protestare	protestare	_	_	_	_	_	linguistic	_	ContainsVariation=No	_	_	_	_	_	_
388-12	PKP130	388	12	comunque	comunque	_	_	_	_	_	linguistic	_	ContainsVariation=No	_	_	_	_	_	_
388-13	PKP130	388	13	è	è	_	_	_	_	_	linguistic	_	ContainsVariation=No	_	_	_	_	_	_
388-14	PKP130	388	14	un	un	_	_	_	_	_	linguistic	_	ContainsVariation=No	_	_	_	_	_	_
388-15	PKP130	388	15	anno:	anno	_	_	_	_	_	linguistic	_	ContainsVariation=No	_	End=845.27	3x1	_	_	_
389-0	PKP125	389	0	sono	sono	_	_	_	_	_	linguistic	_	ContainsVariation=No	_	Begin=845.348	_	_	_	_
389-1	PKP125	389	1	tutti	tutti	_	_	_	_	_	linguistic	_	ContainsVariation=No	_	_	_	_	_	_
389-2	PKP125	389	2	così?	così	_	_	_	_	_	linguistic	_	ContainsVariation=No	Intonation=Rising	End=846.43	_	_	_	_
390-0	PKP130	390	0	e:h	eh	_	_	_	_	_	linguistic	_	ContainsVariation=No	_	Begin=847.303|End=847.748	0x1	_	_	_
391-0	PKP130	391	0	stavo:	stavo	_	_	_	_	_	linguistic	_	ContainsVariation=No	_	Begin=851.084	4x1	_	_	_
391-1	PKP130	391	1	prima	prima	_	_	_	_	_	linguistic	_	ContainsVariation=No	_	_	_	_	_	_
391-2	PKP130	391	2	sfogliando	sfogliando	_	_	_	_	_	linguistic	_	ContainsVariation=No	_	_	_	_	_	_
391-3	PKP130	391	3	a	a	_	_	_	_	_	linguistic	_	ContainsVariation=No	_	_	_	_	_	_
391-4	PKP130	391	4	casa	casa	_	_	_	_	_	linguistic	_	ContainsVariation=No	_	_	_	_	_	_
391-5	PKP130	391	5	il	il	_	_	_	_	_	linguistic	_	ContainsVariation=No	_	_	_	_	_	_
391-6	PKP130	391	6	romanzo	romanzo	_	_	_	_	_	linguistic	_	ContainsVariation=No	_	_	_	_	_	_
391-7	PKP130	391	7	follia	follia	_	_	_	_	_	linguistic	_	ContainsVariation=No	_	_	_	_	_	_
391-8	PKP130	391	8	l'	l'	_	_	_	_	_	linguistic	_	ContainsVariation=No	SpaceAfter=No	_	_	_	_	_
391-9	PKP130	391	9	hai	hai	_	_	_	_	_	linguistic	_	ContainsVariation=No	_	_	_	_	_	_
391-10	PKP130	391	10	mai	mai	_	_	_	_	_	linguistic	_	ContainsVariation=No	_	_	_	_	_	_
391-11	PKP130	391	11	letto	letto	_	_	_	_	_	linguistic	_	ContainsVariation=No	_	_	_	_	_	_
391-12	PKP130	391	12	TU:?	tu	_	_	_	_	_	linguistic	_	ContainsVariation=No	Intonation=Rising|Volume=high	End=854.102	1x1	_	_	_
392-0	PKP125	392	0	((ride))	((ride))	_	_	_	_	_	nonverbalbehavior	_	ContainsVariation=No	_	Begin=854.652	_	_	_	_
392-1	PKP125	392	1	°no°	no	_	_	_	_	_	linguistic	_	ContainsVariation=No	Volume=low	End=855.407	_	_	_	_
393-0	PKP130	393	0	no:?	no	_	_	_	_	_	linguistic	_	ContainsVariation=No	Intonation=Rising	Begin=855.488|End=855.824	1x1	_	_	_
394-0	PKP125	394	0	[di	di	_	_	_	_	_	linguistic	_	ContainsVariation=No	_	Begin=855.869	_	_	_	0-2(39)
394-1	PKP125	394	1	chi	chi	_	_	_	_	_	linguistic	_	ContainsVariation=No	_	_	_	_	_	0-3(39)
394-2	PKP125	394	2	è]?	è	_	_	_	_	_	linguistic	_	ContainsVariation=No	Intonation=Rising	End=856.733	_	_	_	0-1(39)
395-0	PKP130	395	0	[ma	ma	_	_	_	_	_	linguistic	_	ContainsVariation=No	_	Begin=855.87	_	_	_	0-2(39)
395-1	PKP130	395	1	è	è	_	_	_	_	_	linguistic	_	ContainsVariation=No	_	_	_	_	_	0-1(39)
395-2	PKP130	395	2	bello:]	bello	_	_	_	_	_	linguistic	_	ContainsVariation=No	_	End=856.733	4x1	_	_	0-5(39)
396-0	PKP130	396	0	>lo	lo	_	_	_	_	_	linguistic	_	ContainsVariation=No	_	Begin=857.796	_	Fast=0-2(0)	_	_
396-1	PKP130	396	1	pagai<	pagai	_	_	_	_	_	linguistic	_	ContainsVariation=No	_	_	_	Fast=0-5(0)	_	_
396-2	PKP130	396	2	cinque	cinque	_	_	_	_	_	linguistic	_	ContainsVariation=No	_	_	_	_	_	_
396-3	PKP130	396	3	euro	euro	_	_	_	_	_	linguistic	_	ContainsVariation=No	_	_	_	_	_	_
396-4	PKP130	396	4	di	di	_	_	_	_	_	linguistic	_	ContainsVariation=No	_	_	_	_	_	_
396-5	PKP130	396	5	patrick:	patrick	_	_	_	_	_	linguistic	_	ContainsVariation=No	_	_	6x1	_	_	_
396-6	PKP130	396	6	e:::h	eh	_	_	_	_	_	linguistic	_	ContainsVariation=No	_	End=860.56	0x3	_	_	_
397-0	PKP130	397	0	aspetta	aspetta	_	_	_	_	_	linguistic	_	ContainsVariation=No	_	Begin=861.392	_	_	_	_
397-1	PKP130	397	1	[come	come	_	_	_	_	_	linguistic	_	ContainsVariation=No	_	_	_	_	_	0-4(40)
397-2	PKP130	397	2	si	si	_	_	_	_	_	linguistic	_	ContainsVariation=No	_	_	_	_	_	0-2(40)
397-3	PKP130	397	3	chiama],	chiama	_	_	_	_	_	linguistic	_	ContainsVariation=No	Intonation=WeaklyRising	End=862.355	_	_	_	0-6(40)
398-0	PKP125	398	0	[>quello	quello	_	_	_	_	_	linguistic	_	ContainsVariation=No	_	Begin=861.832	_	Fast=0-6(0)	_	0-6(40)
398-1	PKP125	398	1	che<]	che	_	_	_	_	_	linguistic	_	ContainsVariation=No	_	_	_	Fast=0-3(0)	_	0-3(40)
398-2	PKP125	398	2	scrive	scrive	_	_	_	_	_	linguistic	_	ContainsVariation=No	_	_	_	_	_	_
398-3	PKP125	398	3	i	i	_	_	_	_	_	linguistic	_	ContainsVariation=No	_	_	_	_	_	_
398-4	PKP125	398	4	romanzi:	romanzi	_	_	_	_	_	linguistic	_	ContainsVariation=No	_	_	6x1	_	_	_
398-5	PKP125	398	5	m::h	mh	_	_	_	_	_	linguistic	_	ContainsVariation=No	_	End=863.45	0x2	_	_	_
399-0	PKP130	399	0	no	no	_	_	_	_	_	linguistic	_	ContainsVariation=No	_	Begin=864.036	_	_	_	_
399-1	PKP130	399	1	è	è	_	_	_	_	_	linguistic	_	ContainsVariation=No	_	_	_	_	_	_
399-2	PKP130	399	2	BELLO	bello	_	_	_	_	_	linguistic	_	ContainsVariation=No	Volume=high	_	_	_	_	_
399-3	PKP130	399	3	è	è	_	_	_	_	_	linguistic	_	ContainsVariation=No	_	_	_	_	_	_
399-4	PKP130	399	4	della::	della	_	_	_	_	_	linguistic	_	ContainsVariation=No	_	_	4x2	_	_	_
399-5	PKP130	399	5	m:h	mh	_	_	_	_	_	linguistic	_	ContainsVariation=No	_	_	0x1	_	_	_
399-6	PKP130	399	6	ADELPHI	adelphi	_	_	_	_	_	linguistic	_	ContainsVariation=No	Volume=high	_	_	_	_	_
399-7	PKP130	399	7	quindi	quindi	_	_	_	_	_	linguistic	_	ContainsVariation=No	_	_	_	_	_	_
399-8	PKP130	399	8	non	non	_	_	_	_	_	linguistic	_	ContainsVariation=No	_	_	_	_	_	_
399-9	PKP130	399	9	è	è	_	_	_	_	_	linguistic	_	ContainsVariation=No	_	_	_	_	_	_
399-10	PKP130	399	10	un	un	_	_	_	_	_	linguistic	_	ContainsVariation=No	_	_	_	_	_	_
399-11	PKP130	399	11	romanzetto	romanzetto	_	_	_	_	_	linguistic	_	ContainsVariation=No	_	End=867.936	_	_	_	_
400-0	PKP130	400	0	>praticamente<	praticamente	_	_	_	_	_	linguistic	_	ContainsVariation=No	_	Begin=868.327	_	Fast=0-12(0)	_	_
400-1	PKP130	400	1	lo	lo	_	_	_	_	_	linguistic	_	ContainsVariation=No	_	_	_	_	_	_
400-2	PKP130	400	2	vidi	vidi	_	_	_	_	_	linguistic	_	ContainsVariation=No	_	_	_	_	_	_
400-3	PKP130	400	3	a	a	_	_	_	_	_	linguistic	_	ContainsVariation=No	_	_	_	_	_	_
400-4	PKP130	400	4	quarto	quarto	_	_	_	_	_	linguistic	_	ContainsVariation=No	_	_	_	_	_	_
400-5	PKP130	400	5	in	in	_	_	_	_	_	linguistic	_	ContainsVariation=No	_	_	_	_	_	_
400-6	PKP130	400	6	libreria	libreria	_	_	_	_	_	linguistic	_	ContainsVariation=No	_	_	_	_	_	_
400-7	PKP130	400	7	costava	costava	_	_	_	_	_	linguistic	_	ContainsVariation=No	_	_	_	_	_	_
400-8	PKP130	400	8	diciassette	diciassette	_	_	_	_	_	linguistic	_	ContainsVariation=No	_	_	_	_	_	_
400-9	PKP130	400	9	euro	euro	_	_	_	_	_	linguistic	_	ContainsVariation=No	_	_	_	_	_	_
400-10	PKP130	400	10	p(er)ché	perché	_	_	_	_	_	linguistic	_	ContainsVariation=No	Reduced=Yes	_	_	_	_	_
400-11	PKP130	400	11	tu	tu	_	_	_	_	_	linguistic	_	ContainsVariation=No	_	_	_	_	_	_
400-12	PKP130	400	12	sai	sai	_	_	_	_	_	linguistic	_	ContainsVariation=No	_	_	_	_	_	_
400-13	PKP130	400	13	che	che	_	_	_	_	_	linguistic	_	ContainsVariation=No	_	_	_	_	_	_
400-14	PKP130	400	14	le	le	_	_	_	_	_	linguistic	_	ContainsVariation=No	_	_	_	_	_	_
400-15	PKP130	400	15	edizioni	edizioni	_	_	_	_	_	linguistic	_	ContainsVariation=No	_	_	_	_	_	_
400-16	PKP130	400	16	adelphi	adelphi	_	_	_	_	_	linguistic	_	ContainsVariation=No	_	_	_	_	_	_
400-17	PKP130	400	17	sono	sono	_	_	_	_	_	linguistic	_	ContainsVariation=No	_	_	_	_	_	_
400-18	PKP130	400	18	<carissime>	carissime	_	_	_	_	_	linguistic	_	ContainsVariation=No	_	End=873.609	_	Slow=0-9(0)	_	_
401-0	PKP130	401	0	e:	e	_	_	_	_	_	linguistic	_	ContainsVariation=No	_	Begin=874.2	0x1	_	_	_
401-1	PKP130	401	1	sempre	sempre	_	_	_	_	_	linguistic	_	ContainsVariation=No	_	_	_	_	_	_
401-2	PKP130	401	2	a	a	_	_	_	_	_	linguistic	_	ContainsVariation=No	_	_	_	_	_	_
401-3	PKP130	401	3	quarto	quarto	_	_	_	_	_	linguistic	_	ContainsVariation=No	_	_	_	_	_	_
401-4	PKP130	401	4	lo	lo	_	_	_	_	_	linguistic	_	ContainsVariation=No	_	_	_	_	_	_
401-5	PKP130	401	5	stesso	stesso	_	_	_	_	_	linguistic	_	ContainsVariation=No	_	_	_	_	_	_
401-6	PKP130	401	6	giorno	giorno	_	_	_	_	_	linguistic	_	ContainsVariation=No	PauseAfter=Yes	_	_	_	_	_
401-7	PKP130	401	7	(.)	(.)	_	_	_	_	_	shortpause	_	ContainsVariation=No	_	_	_	_	_	_
401-8	PKP130	401	8	lo	lo	_	_	_	_	_	linguistic	_	ContainsVariation=No	_	_	_	_	_	_
401-9	PKP130	401	9	vendeva	vendeva	_	_	_	_	_	linguistic	_	ContainsVariation=No	_	_	_	_	_	_
401-10	PKP130	401	10	quello	quello	_	_	_	_	_	linguistic	_	ContainsVariation=No	_	_	_	_	_	_
401-11	PKP130	401	11	là	là	_	_	_	_	_	linguistic	_	ContainsVariation=No	_	_	_	_	_	_
401-12	PKP130	401	12	dei	dei	_	_	_	_	_	linguistic	_	ContainsVariation=No	_	_	_	_	_	_
401-13	PKP130	401	13	libri	libri	_	_	_	_	_	linguistic	_	ContainsVariation=No	_	End=877.954	_	_	_	_
402-0	PKP130	402	0	>hai	hai	_	_	_	_	_	linguistic	_	ContainsVariation=No	_	Begin=878.0	_	Fast=0-3(0)	_	_
402-1	PKP130	402	1	[capito<]	capito	_	_	_	_	_	linguistic	_	ContainsVariation=No	_	_	_	Fast=0-6(0)	_	0-6(41)
402-2	PKP130	402	2	quello	quello	_	_	_	_	_	linguistic	_	ContainsVariation=No	_	_	_	_	_	_
402-3	PKP130	402	3	là	là	_	_	_	_	_	linguistic	_	ContainsVariation=No	_	_	_	_	_	_
402-4	PKP130	402	4	che	che	_	_	_	_	_	linguistic	_	ContainsVariation=No	_	_	_	_	_	_
402-5	PKP130	402	5	si	si	_	_	_	_	_	linguistic	_	ContainsVariation=No	_	_	_	_	_	_
402-6	PKP130	402	6	mette	mette	_	_	_	_	_	linguistic	_	ContainsVariation=No	_	_	_	_	_	_
402-7	PKP130	402	7	a	a	_	_	_	_	_	linguistic	_	ContainsVariation=No	_	_	_	_	_	_
402-8	PKP130	402	8	quarto	quarto	_	_	_	_	_	linguistic	_	ContainsVariation=No	_	_	_	_	_	_
402-9	PKP130	402	9	e	e	_	_	_	_	_	linguistic	_	ContainsVariation=No	_	_	_	_	_	_
402-10	PKP130	402	10	mi	mi	_	_	_	_	_	linguistic	_	ContainsVariation=No	_	_	_	_	_	_
402-11	PKP130	402	11	e:h	eh	_	_	_	_	_	linguistic	_	ContainsVariation=No	_	End=879.95	0x1	_	_	_
403-0	PKP125	403	0	m:h	mh	_	_	_	_	_	linguistic	_	ContainsVariation=No	_	Begin=878.17|End=878.47	0x1	_	_	_
404-0	PKP130	404	0	lo	lo	_	_	_	_	_	linguistic	_	ContainsVariation=No	_	Begin=879.98	_	_	_	_
404-1	PKP130	404	1	sai	sai	_	_	_	_	_	linguistic	_	ContainsVariation=No	_	_	_	_	_	_
404-2	PKP130	404	2	quanto	quanto	_	_	_	_	_	linguistic	_	ContainsVariation=No	_	_	_	_	_	_
404-3	PKP130	404	3	l'	l'	_	_	_	_	_	linguistic	_	ContainsVariation=No	SpaceAfter=No	_	_	_	_	_
404-4	PKP130	404	4	ho	ho	_	_	_	_	_	linguistic	_	ContainsVariation=No	_	_	_	_	_	_
404-5	PKP130	404	5	pagato?	pagato	_	_	_	_	_	linguistic	_	ContainsVariation=No	Intonation=Rising	End=881.039	_	_	_	_
405-0	PKP130	405	0	cinque	cinque	_	_	_	_	_	linguistic	_	ContainsVariation=No	_	Begin=881.111	_	_	_	_
405-1	PKP130	405	1	euro	euro	_	_	_	_	_	linguistic	_	ContainsVariation=No	_	End=882.03	_	_	_	_
406-0	PKP125	406	0	mh	mh	_	_	_	_	_	linguistic	_	ContainsVariation=No	_	Begin=882.088|End=882.243	_	_	_	_
407-0	PKP130	407	0	<patrick	patrick	_	_	_	_	_	linguistic	_	ContainsVariation=No	_	Begin=882.506	_	Slow=0-7(0)	_	_
407-1	PKP130	407	1	mcgrath>	mcgrath	_	_	_	_	_	linguistic	_	ContainsVariation=No	_	End=884.006	_	Slow=0-7(0)	_	_
408-0	PKP130	408	0	ambientato	ambientato	_	_	_	_	_	linguistic	_	ContainsVariation=No	_	Begin=884.833	_	_	_	_
408-1	PKP130	408	1	nel	nel	_	_	_	_	_	linguistic	_	ContainsVariation=No	_	_	_	_	_	_
408-2	PKP130	408	2	cinquantanove	cinquantanove	_	_	_	_	_	linguistic	_	ContainsVariation=No	_	_	_	_	_	_
408-3	PKP130	408	3	in	in	_	_	_	_	_	linguistic	_	ContainsVariation=No	_	_	_	_	_	_
408-4	PKP130	408	4	inghilterra	inghilterra	_	_	_	_	_	linguistic	_	ContainsVariation=No	_	_	_	_	_	_
408-5	PKP130	408	5	la	la	_	_	_	_	_	linguistic	_	ContainsVariation=No	_	_	_	_	_	_
408-6	PKP130	408	6	storia	storia	_	_	_	_	_	linguistic	_	ContainsVariation=No	_	_	_	_	_	_
408-7	PKP130	408	7	di	di	_	_	_	_	_	linguistic	_	ContainsVariation=No	_	_	_	_	_	_
408-8	PKP130	408	8	un'	un'	_	_	_	_	_	linguistic	_	ContainsVariation=No	SpaceAfter=No	_	_	_	_	_
408-9	PKP130	408	9	ossessione	ossessione	_	_	_	_	_	linguistic	_	ContainsVariation=No	_	_	_	_	_	_
408-10	PKP130	408	10	ses[suale]	sessuale	_	_	_	_	_	linguistic	_	ContainsVariation=No	_	End=888.67	_	_	_	2-8(42)
409-0	PKP125	409	0	[m:h]	mh	_	_	_	_	_	linguistic	_	ContainsVariation=No	_	Begin=888.256|End=888.656	0x1	_	_	0-2(42)
410-0	PKP130	410	0	è	è	_	_	_	_	_	linguistic	_	ContainsVariation=No	_	Begin=888.961	_	_	_	_
410-1	PKP130	410	1	bello	bello	_	_	_	_	_	linguistic	_	ContainsVariation=No	_	End=889.47	_	_	_	_
411-0	PKP125	411	0	a	a	_	_	_	_	_	linguistic	_	ContainsVariation=No	_	Begin=890.074	_	_	_	_
411-1	PKP125	411	1	me	me	_	_	_	_	_	linguistic	_	ContainsVariation=No	_	_	_	_	_	_
411-2	PKP125	411	2	hanno	hanno	_	_	_	_	_	linguistic	_	ContainsVariation=No	_	_	_	_	_	_
411-3	PKP125	411	3	regalato:	regalato	_	_	_	_	_	linguistic	_	ContainsVariation=No	_	_	7x1	_	_	_
411-4	PKP125	411	4	m::h	mh	_	_	_	_	_	linguistic	_	ContainsVariation=No	_	_	0x2	_	_	_
411-5	PKP125	411	5	per	per	_	_	_	_	_	linguistic	_	ContainsVariation=No	_	_	_	_	_	_
411-6	PKP125	411	6	il	il	_	_	_	_	_	linguistic	_	ContainsVariation=No	_	_	_	_	_	_
411-7	PKP125	411	7	mio	mio	_	_	_	_	_	linguistic	_	ContainsVariation=No	_	_	_	_	_	_
411-8	PKP125	411	8	compleanno:	compleanno	_	_	_	_	_	linguistic	_	ContainsVariation=No	_	End=892.92	9x1	_	_	_
412-0	PKP130	412	0	m:h	mh	_	_	_	_	_	linguistic	_	ContainsVariation=No	_	Begin=892.974	0x1	_	_	_
412-1	PKP130	412	1	libri?	libri	_	_	_	_	_	linguistic	_	ContainsVariation=No	Intonation=Rising	End=893.947	_	_	_	_
413-0	PKP125	413	0	ca~	ca~	_	_	_	_	_	linguistic	_	ContainsVariation=No	Interrupted=Yes	Begin=895.101	_	_	_	_
413-1	PKP125	413	1	ca~	ca~	_	_	_	_	_	linguistic	_	ContainsVariation=No	Interrupted=Yes	End=895.719	_	_	_	_
414-0	PKP125	414	0	car~	car~	_	_	_	_	_	linguistic	_	ContainsVariation=No	Interrupted=Yes	Begin=896.478	_	_	_	_
414-1	PKP125	414	1	ca~	ca~	_	_	_	_	_	linguistic	_	ContainsVariation=No	Interrupted=Yes	_	_	_	_	_
414-2	PKP125	414	2	caro~	caro~	_	_	_	_	_	linguistic	_	ContainsVariation=No	Interrupted=Yes	End=897.769	_	_	_	_
415-0	PKP130	415	0	# la	la	_	_	_	_	_	linguistic	_	ContainsVariation=Yes|Code=Underspecified	_	Begin=898.596	_	_	_	_
415-1	PKP130	415	1	mia	mia	_	_	_	_	_	linguistic	_	ContainsVariation=Yes|Code=Underspecified	_	_	_	_	_	_
415-2	PKP130	415	2	vita	vita	_	_	_	_	_	linguistic	_	ContainsVariation=Yes|Code=Underspecified	_	_	_	_	_	_
415-3	PKP130	415	3	con:	con	_	_	_	_	_	linguistic	_	ContainsVariation=Yes|Code=Underspecified	_	_	2x1	_	_	_
415-4	PKP130	415	4	come	come	_	_	_	_	_	linguistic	_	ContainsVariation=Yes|Code=Underspecified	_	_	_	_	_	_
415-5	PKP130	415	5	s'	s'	_	_	_	_	_	linguistic	_	ContainsVariation=Yes|Code=Underspecified	Truncated=Yes	_	_	_	_	_
415-6	PKP130	415	6	chiamav	chiamav	_	_	_	_	_	linguistic	_	ContainsVariation=Yes|Code=Underspecified	_	_	_	_	_	_
415-7	PKP130	415	7	>chillu	chillu	_	_	_	_	_	linguistic	_	ContainsVariation=Yes|Code=Underspecified	_	_	_	Fast=0-6(0)	_	_
415-8	PKP130	415	8	gatt'<	gatt'	_	_	_	_	_	linguistic	_	ContainsVariation=Yes|Code=Underspecified	Truncated=Yes	End=900.496	_	Fast=0-5(0)	_	_
416-0	PKP125	416	0	((ride))	((ride))	_	_	_	_	_	nonverbalbehavior	_	ContainsVariation=No	_	Begin=899.369|End=900.423	_	_	_	_
417-0	PKP130	417	0	È	è	_	_	_	_	_	linguistic	_	ContainsVariation=No	Volume=high	Begin=901.323	_	_	_	_
417-1	PKP130	417	1	MORTO	morto	_	_	_	_	_	linguistic	_	ContainsVariation=No	Volume=high	_	_	_	_	_
417-2	PKP130	417	2	quel	quel	_	_	_	_	_	linguistic	_	ContainsVariation=No	_	_	_	_	_	_
417-3	PKP130	417	3	gatto::	gatto	_	_	_	_	_	linguistic	_	ContainsVariation=No	_	End=902.905	4x2	_	_	_
418-0	PKP125	418	0	ma	ma	_	_	_	_	_	linguistic	_	ContainsVariation=No	_	Begin=903.273	_	_	_	_
418-1	PKP125	418	1	quale	quale	_	_	_	_	_	linguistic	_	ContainsVariation=No	_	_	_	_	_	_
418-2	PKP125	418	2	gatto?	gatto	_	_	_	_	_	linguistic	_	ContainsVariation=No	Intonation=Rising	End=904.046	_	_	_	_
419-0	PKP130	419	0	eh	eh	_	_	_	_	_	linguistic	_	ContainsVariation=No	_	Begin=904.554	_	_	_	_
419-1	PKP130	419	1	quello	quello	_	_	_	_	_	linguistic	_	ContainsVariation=No	_	_	_	_	_	_
419-2	PKP130	419	2	là:::	là	_	_	_	_	_	linguistic	_	ContainsVariation=No	_	End=905.707	1x3	_	_	_
420-0	PKP130	420	0	come	come	_	_	_	_	_	linguistic	_	ContainsVariation=No	_	Begin=905.763	_	_	_	_
420-1	PKP130	420	1	si	si	_	_	_	_	_	linguistic	_	ContainsVariation=No	_	_	_	_	_	_
420-2	PKP130	420	2	chiama?	chiama	_	_	_	_	_	linguistic	_	ContainsVariation=No	Intonation=Rising	_	_	_	_	_
420-3	PKP130	420	3	x	x	_	_	_	_	_	unknown	_	ContainsVariation=No	Syllables=1	End=906.49	_	_	_	_
421-0	PKP130	421	0	quel	quel	_	_	_	_	_	linguistic	_	ContainsVariation=No	_	Begin=909.421	_	_	_	_
421-1	PKP130	421	1	gatto::	gatto	_	_	_	_	_	linguistic	_	ContainsVariation=No	_	End=910.403	4x2	_	_	_
422-0	PKP125	422	0	°quale	quale	_	_	_	_	_	linguistic	_	ContainsVariation=No	Volume=low	Begin=912.489	_	_	_	_
422-1	PKP125	422	1	gatto?°	gatto	_	_	_	_	_	linguistic	_	ContainsVariation=No	Intonation=Rising|Volume=low	End=912.853	_	_	_	_
423-0	PKP130	423	0	# e::h	eh	_	_	_	_	_	linguistic	_	ContainsVariation=Yes|Code=Underspecified	_	Begin=913.43	0x2	_	_	_
423-1	PKP130	423	1	u	u	_	_	_	_	_	linguistic	_	ContainsVariation=Yes|Code=Underspecified	_	_	_	_	_	_
423-2	PKP130	423	2	gatt	gatt	_	_	_	_	_	linguistic	_	ContainsVariation=Yes|Code=Underspecified	_	End=914.185	_	_	_	_
424-0	PKP130	424	0	il	il	_	_	_	_	_	linguistic	_	ContainsVariation=No	_	Begin=923.937	_	_	_	_
424-1	PKP130	424	1	gatto::	gatto	_	_	_	_	_	linguistic	_	ContainsVariation=No	_	_	4x2	_	_	_
424-2	PKP130	424	2	che	che	_	_	_	_	_	linguistic	_	ContainsVariation=No	_	_	_	_	_	_
424-3	PKP130	424	3	portasti	portasti	_	_	_	_	_	linguistic	_	ContainsVariation=No	_	_	_	_	_	_
424-4	PKP130	424	4	<indietro>	indietro	_	_	_	_	_	linguistic	_	ContainsVariation=No	_	End=926.355	_	Slow=0-8(0)	_	_
425-0	PKP125	425	0	io	io	_	_	_	_	_	linguistic	_	ContainsVariation=No	_	Begin=928.632	_	_	_	_
425-1	PKP125	425	1	portai	portai	_	_	_	_	_	linguistic	_	ContainsVariation=No	_	_	_	_	_	_
425-2	PKP125	425	2	indietro?	indietro	_	_	_	_	_	linguistic	_	ContainsVariation=No	Intonation=Rising	End=929.669	_	_	_	_
426-0	PKP130	426	0	maronna	maronna	_	_	_	_	_	linguistic	_	ContainsVariation=No	_	Begin=929.709	_	_	_	_
426-1	PKP130	426	1	mi:j	mij	_	_	_	_	_	linguistic	_	ContainsVariation=No	_	End=930.6	1x1	_	_	_
427-0	PKP130	427	0	quel	quel	_	_	_	_	_	linguistic	_	ContainsVariation=No	_	Begin=930.668	_	_	_	_
427-1	PKP130	427	1	<GATTO>	gatto	_	_	_	_	_	linguistic	_	ContainsVariation=No	Volume=high	_	_	Slow=0-5(0)	_	_
427-2	PKP130	427	2	di	di	_	_	_	_	_	linguistic	_	ContainsVariation=No	_	_	_	_	_	_
427-3	PKP130	427	3	quel~	quel~	_	_	_	_	_	linguistic	_	ContainsVariation=No	Interrupted=Yes	_	_	_	_	_
427-4	PKP130	427	4	quello	quello	_	_	_	_	_	linguistic	_	ContainsVariation=No	_	_	_	_	_	_
427-5	PKP130	427	5	là	là	_	_	_	_	_	linguistic	_	ContainsVariation=No	_	_	_	_	_	_
427-6	PKP130	427	6	il	il	_	_	_	_	_	linguistic	_	ContainsVariation=No	_	_	_	_	_	_
427-7	PKP130	427	7	proprietario	proprietario	_	_	_	_	_	linguistic	_	ContainsVariation=No	_	End=932.904	_	_	_	_
428-0	PKP130	428	0	era	era	_	_	_	_	_	linguistic	_	ContainsVariation=No	_	Begin=933.236	_	_	_	_
428-1	PKP130	428	1	un	un	_	_	_	_	_	linguistic	_	ContainsVariation=No	_	_	_	_	_	_
428-2	PKP130	428	2	tossicope~	tossicope~	_	_	_	_	_	linguistic	_	ContainsVariation=No	Interrupted=Yes	_	_	_	_	_
428-3	PKP130	428	3	>dipe~<	dipe~	_	_	_	_	_	linguistic	_	ContainsVariation=No	Interrupted=Yes	_	_	Fast=0-5(0)	_	_
428-4	PKP130	428	4	tossicodipendente	tossicodipendente	_	_	_	_	_	linguistic	_	ContainsVariation=No	_	_	_	_	_	_
428-5	PKP130	428	5	il	il	_	_	_	_	_	linguistic	_	ContainsVariation=No	_	_	_	_	_	_
428-6	PKP130	428	6	gatto	gatto	_	_	_	_	_	linguistic	_	ContainsVariation=No	_	_	_	_	_	_
428-7	PKP130	428	7	lo	lo	_	_	_	_	_	linguistic	_	ContainsVariation=No	_	_	_	_	_	_
428-8	PKP130	428	8	aiutò.	aiutò	_	_	_	_	_	linguistic	_	ContainsVariation=No	Intonation=Falling	End=936.572	_	_	_	_
429-0	PKP130	429	0	<MAMMA	mamma	_	_	_	_	_	linguistic	_	ContainsVariation=No	Volume=high	Begin=936.645	_	Slow=0-5(0)	_	_
429-1	PKP130	429	1	[MIA>]	mia	_	_	_	_	_	linguistic	_	ContainsVariation=No	Volume=high	End=937.527	_	Slow=0-3(0)	_	0-3(44)
430-0	PKP125	430	0	[la]	la	_	_	_	_	_	linguistic	_	ContainsVariation=No	_	Begin=937.209	_	_	_	0-2(44)
430-1	PKP125	430	1	mia	mia	_	_	_	_	_	linguistic	_	ContainsVariation=No	_	_	_	_	_	_
430-2	PKP125	430	2	(vita)	vita	_	_	_	_	_	linguistic	_	ContainsVariation=No	_	_	_	_	0-4(0)	_
430-3	PKP125	430	3	ca~	ca~	_	_	_	_	_	linguistic	_	ContainsVariation=No	Interrupted=Yes	_	_	_	_	_
430-4	PKP125	430	4	con	con	_	_	_	_	_	linguistic	_	ContainsVariation=No	_	_	_	_	_	_
430-5	PKP125	430	5	bob	bob	_	_	_	_	_	linguistic	_	ContainsVariation=No	_	_	_	_	_	_
430-6	PKP125	430	6	e:h	eh	_	_	_	_	_	linguistic	_	ContainsVariation=No	_	_	0x1	_	_	_
430-7	PKP125	430	7	[ma::],	ma	_	_	_	_	_	linguistic	_	ContainsVariation=No	Intonation=WeaklyRising	End=939.936	1x2	_	_	0-2(45)
431-0	PKP130	431	0	((sussulto))	((sussulto))	_	_	_	_	_	nonverbalbehavior	_	ContainsVariation=No	_	Begin=937.618|End=938.372	_	_	_	_
432-0	PKP130	432	0	E:H	eh	_	_	_	_	_	linguistic	_	ContainsVariation=No	Volume=high	Begin=939.358|End=940.004	0x1	_	_	_
433-0	PKP130	433	0	bo:b	bob	_	_	_	_	_	linguistic	_	ContainsVariation=No	_	Begin=940.422|End=940.922	1x1	_	_	_
434-0	PKP125	434	0	che	che	_	_	_	_	_	linguistic	_	ContainsVariation=No	_	Begin=941.022	_	_	_	_
434-1	PKP125	434	1	poi	poi	_	_	_	_	_	linguistic	_	ContainsVariation=No	_	_	_	_	_	_
434-2	PKP125	434	2	mi	mi	_	_	_	_	_	linguistic	_	ContainsVariation=No	_	_	_	_	_	_
434-3	PKP125	434	3	pres[i::]	presi	_	_	_	_	_	linguistic	_	ContainsVariation=No	_	End=942.022	4x2	_	_	4-5(47)
435-0	PKP130	435	0	[LA	la	_	_	_	_	_	linguistic	_	ContainsVariation=No	Volume=high	Begin=941.89	_	_	_	0-2(47)
435-1	PKP130	435	1	MIA]	mia	_	_	_	_	_	linguistic	_	ContainsVariation=No	Volume=high	_	_	_	_	0-3(47)
435-2	PKP130	435	2	VITA	vita	_	_	_	_	_	linguistic	_	ContainsVariation=No	Volume=high	_	_	_	_	_
435-3	PKP130	435	3	con	con	_	_	_	_	_	linguistic	_	ContainsVariation=No	_	_	_	_	_	_
435-4	PKP130	435	4	bob	bob	_	_	_	_	_	linguistic	_	ContainsVariation=No	_	_	_	_	_	_
435-5	PKP130	435	5	sì	sì	_	_	_	_	_	linguistic	_	ContainsVariation=No	_	End=943.344	_	_	_	_
436-0	PKP125	436	0	elena	elena	_	_	_	_	_	linguistic	_	ContainsVariation=No	_	Begin=943.476	_	_	_	_
436-1	PKP125	436	1	ferrante,	ferrante	_	_	_	_	_	linguistic	_	ContainsVariation=No	Intonation=WeaklyRising	End=944.531	_	_	_	_
437-0	PKP130	437	0	e:h	eh	_	_	_	_	_	linguistic	_	ContainsVariation=No	_	Begin=944.844|End=945.171	0x1	_	_	_
438-0	PKP125	438	0	# che	che	_	_	_	_	_	linguistic	_	ContainsVariation=Yes|Code=Underspecified	_	Begin=945.421	_	_	_	_
438-1	PKP125	438	1	coracc	coracc	_	_	_	_	_	linguistic	_	ContainsVariation=Yes|Code=Underspecified	_	_	_	_	_	_
438-2	PKP125	438	2	che:	che	_	_	_	_	_	linguistic	_	ContainsVariation=Yes|Code=Underspecified	_	End=947.03	2x1	_	_	_
439-0	PKP130	439	0	è	è	_	_	_	_	_	linguistic	_	ContainsVariation=No	_	Begin=948.266	_	_	_	_
439-1	PKP130	439	1	pessimo	pessimo	_	_	_	_	_	linguistic	_	ContainsVariation=No	_	_	_	_	_	_
439-2	PKP130	439	2	io	io	_	_	_	_	_	linguistic	_	ContainsVariation=No	_	_	_	_	_	_
439-3	PKP130	439	3	l'	l'	_	_	_	_	_	linguistic	_	ContainsVariation=No	SpaceAfter=No	_	_	_	_	_
439-4	PKP130	439	4	ho	ho	_	_	_	_	_	linguistic	_	ContainsVariation=No	_	_	_	_	_	_
439-5	PKP130	439	5	let[to]	letto	_	_	_	_	_	linguistic	_	ContainsVariation=No	_	End=949.948	_	_	_	2-5(48)
440-0	PKP125	440	0	l'	l'	_	_	_	_	_	linguistic	_	ContainsVariation=No	SpaceAfter=No	Begin=949.502	_	_	_	_
440-1	PKP125	440	1	hai	hai	_	_	_	_	_	linguistic	_	ContainsVariation=No	_	_	_	_	_	_
440-2	PKP125	440	2	letto:?	letto	_	_	_	_	_	linguistic	_	ContainsVariation=No	Intonation=Rising	End=950.265	4x1	_	_	_
441-0	PKP130	441	0	>sono	sono	_	_	_	_	_	linguistic	_	ContainsVariation=No	_	Begin=950.284	_	Fast=0-4(0)	_	_
441-1	PKP130	441	1	andata<	andata	_	_	_	_	_	linguistic	_	ContainsVariation=No	_	_	_	Fast=0-6(0)	_	_
441-2	PKP130	441	2	al	al	_	_	_	_	_	linguistic	_	ContainsVariation=No	_	_	_	_	_	_
441-3	PKP130	441	3	cinema	cinema	_	_	_	_	_	linguistic	_	ContainsVariation=No	_	_	_	_	_	_
441-4	PKP130	441	4	a	a	_	_	_	_	_	linguistic	_	ContainsVariation=No	_	_	_	_	_	_
441-5	PKP130	441	5	vederlo	vederlo	_	_	_	_	_	linguistic	_	ContainsVariation=No	_	_	_	_	_	_
441-6	PKP130	441	6	delle	delle	_	_	_	_	_	linguistic	_	ContainsVariation=No	_	_	_	_	_	_
441-7	PKP130	441	7	scene	scene	_	_	_	_	_	linguistic	_	ContainsVariation=No	_	_	_	_	_	_
441-8	PKP130	441	8	imbarazzanti:.	imbarazzanti	_	_	_	_	_	linguistic	_	ContainsVariation=No	Intonation=Falling	End=953.348	11x1	_	_	_
442-0	PKP130	442	0	e::h	eh	_	_	_	_	_	linguistic	_	ContainsVariation=No	_	Begin=954.275	0x2	_	_	_
442-1	PKP130	442	1	andammo	andammo	_	_	_	_	_	linguistic	_	ContainsVariation=No	_	_	_	_	_	_
442-2	PKP130	442	2	io	io	_	_	_	_	_	linguistic	_	ContainsVariation=No	_	_	_	_	_	_
442-3	PKP130	442	3	e	e	_	_	_	_	_	linguistic	_	ContainsVariation=No	_	_	_	_	_	_
442-4	PKP130	442	4	antonio	antonio	_	_	_	_	_	linguistic	_	ContainsVariation=No	_	_	_	_	_	_
442-5	PKP130	442	5	stavamo	stavamo	_	_	_	_	_	linguistic	_	ContainsVariation=No	_	_	_	_	_	_
442-6	PKP130	442	6	io	io	_	_	_	_	_	linguistic	_	ContainsVariation=No	_	_	_	_	_	_
442-7	PKP130	442	7	e	e	_	_	_	_	_	linguistic	_	ContainsVariation=No	_	_	_	_	_	_
442-8	PKP130	442	8	antonio	antonio	_	_	_	_	_	linguistic	_	ContainsVariation=No	_	_	_	_	_	_
442-9	PKP130	442	9	solo	solo	_	_	_	_	_	linguistic	_	ContainsVariation=No	_	_	_	_	_	_
442-10	PKP130	442	10	nel	nel	_	_	_	_	_	linguistic	_	ContainsVariation=No	_	_	_	_	_	_
442-11	PKP130	442	11	cinema	cinema	_	_	_	_	_	linguistic	_	ContainsVariation=No	_	End=957.357	_	_	_	_
443-0	PKP130	443	0	NO::	no	_	_	_	_	_	linguistic	_	ContainsVariation=No	Volume=high	Begin=958.184	1x2	_	_	_
443-1	PKP130	443	1	>no<	no	_	_	_	_	_	linguistic	_	ContainsVariation=No	_	_	_	Fast=0-2(0)	_	_
443-2	PKP130	443	2	non	non	_	_	_	_	_	linguistic	_	ContainsVariation=No	_	_	_	_	_	_
443-3	PKP130	443	3	mi	mi	_	_	_	_	_	linguistic	_	ContainsVariation=No	_	_	_	_	_	_
443-4	PKP130	443	4	piace	piace	_	_	_	_	_	linguistic	_	ContainsVariation=No	_	_	_	_	_	_
443-5	PKP130	443	5	questo	questo	_	_	_	_	_	linguistic	_	ContainsVariation=No	_	_	_	_	_	_
443-6	PKP130	443	6	[tipo	tipo	_	_	_	_	_	linguistic	_	ContainsVariation=No	_	_	_	_	_	0-4(49)
443-7	PKP130	443	7	di	di	_	_	_	_	_	linguistic	_	ContainsVariation=No	_	_	_	_	_	0-2(49)
443-8	PKP130	443	8	letteratura]	letteratura	_	_	_	_	_	linguistic	_	ContainsVariation=No	_	End=960.757	_	_	_	0-11(49)
444-0	PKP125	444	0	[(on	on	_	_	_	_	_	linguistic	_	ContainsVariation=No	_	Begin=959.493	_	_	0-2(0)	0-2(49)
444-1	PKP125	444	1	the	the	_	_	_	_	_	linguistic	_	ContainsVariation=No	_	_	_	_	0-3(0)	0-3(49)
444-2	PKP125	444	2	road)]	road	_	_	_	_	_	linguistic	_	ContainsVariation=No	_	End=960.765	_	_	0-4(0)	0-4(49)
445-0	PKP125	445	0	neanche	neanche	_	_	_	_	_	linguistic	_	ContainsVariation=No	_	Begin=961.143	_	_	_	_
445-1	PKP125	445	1	a	a	_	_	_	_	_	linguistic	_	ContainsVariation=No	_	_	_	_	_	_
445-2	PKP125	445	2	[me	me	_	_	_	_	_	linguistic	_	ContainsVariation=No	_	_	_	_	_	0-2(?)
445-3	PKP125	445	3	però	però	_	_	_	_	_	linguistic	_	ContainsVariation=No	_	_	_	_	_	0-4(?)
445-4	PKP125	445	4	me	me	_	_	_	_	_	linguistic	_	ContainsVariation=No	_	_	_	_	_	0-2(?)
445-5	PKP125	445	5	l'	l'	_	_	_	_	_	linguistic	_	ContainsVariation=No	SpaceAfter=No	_	_	_	_	0-2(?)
445-6	PKP125	445	6	hanno	hanno	_	_	_	_	_	linguistic	_	ContainsVariation=No	_	_	_	_	_	0-5(?)
445-7	PKP125	445	7	regalato]	regalato	_	_	_	_	_	linguistic	_	ContainsVariation=No	_	End=963.734	_	_	_	0-8(?)
446-0	PKP130	446	0	[°no:°]	no	_	_	_	_	_	linguistic	_	ContainsVariation=No	Volume=low	Begin=961.77|End=962.07	1x1	_	_	0-2(51)
447-0	PKP130	447	0	[ah	ah	_	_	_	_	_	linguistic	_	ContainsVariation=No	_	Begin=962.143	_	_	_	0-2(52)
447-1	PKP130	447	1	ma	ma	_	_	_	_	_	linguistic	_	ContainsVariation=No	_	_	_	_	_	0-2(52)
447-2	PKP130	447	2	in	in	_	_	_	_	_	linguistic	_	ContainsVariation=No	_	_	_	_	_	0-2(52)
447-3	PKP130	447	3	<inglese>]?	inglese	_	_	_	_	_	linguistic	_	ContainsVariation=No	Intonation=Rising	End=963.506	_	Slow=0-7(0)	_	0-7(52)
448-0	PKP130	448	0	((sbuffa))	((sbuffa))	_	_	_	_	_	nonverbalbehavior	_	ContainsVariation=No	_	Begin=963.592|End=963.865	_	_	_	_
449-0	PKP130	449	0	no::	no	_	_	_	_	_	linguistic	_	ContainsVariation=No	_	Begin=964.787	1x2	_	_	_
449-1	PKP130	449	1	no	no	_	_	_	_	_	linguistic	_	ContainsVariation=No	_	_	_	_	_	_
449-2	PKP130	449	2	no]	no	_	_	_	_	_	linguistic	_	ContainsVariation=No	_	End=965.533	_	_	_	_
450-0	PKP125	450	0	[però	però	_	_	_	_	_	linguistic	_	ContainsVariation=No	_	Begin=965.01	_	_	_	0-4(53)
450-1	PKP125	450	1	è	è	_	_	_	_	_	linguistic	_	ContainsVariation=No	_	_	_	_	_	0-1(53)
450-2	PKP125	450	2	stato]	stato	_	_	_	_	_	linguistic	_	ContainsVariation=No	_	_	_	_	_	0-5(53)
450-3	PKP125	450	3	un	un	_	_	_	_	_	linguistic	_	ContainsVariation=No	_	_	_	_	_	_
450-4	PKP125	450	4	bel	bel	_	_	_	_	_	linguistic	_	ContainsVariation=No	_	_	_	_	_	_
450-5	PKP125	450	5	gesto	gesto	_	_	_	_	_	linguistic	_	ContainsVariation=No	_	_	_	_	_	_
450-6	PKP125	450	6	un	un	_	_	_	_	_	linguistic	_	ContainsVariation=No	_	_	_	_	_	_
450-7	PKP125	450	7	libro	libro	_	_	_	_	_	linguistic	_	ContainsVariation=No	_	_	_	_	_	_
450-8	PKP125	450	8	in	in	_	_	_	_	_	linguistic	_	ContainsVariation=No	_	_	_	_	_	_
450-9	PKP125	450	9	inglese	inglese	_	_	_	_	_	linguistic	_	ContainsVariation=No	_	End=967.655	_	_	_	_
451-0	PKP130	451	0	it	it	_	_	_	_	_	linguistic	_	ContainsVariation=No	_	Begin=968.491	_	_	_	_
451-1	PKP130	451	1	changed	changed	_	_	_	_	_	linguistic	_	ContainsVariation=No	_	_	_	_	_	_
451-2	PKP130	451	2	my	my	_	_	_	_	_	linguistic	_	ContainsVariation=No	_	_	_	_	_	_
451-3	PKP130	451	3	life	life	_	_	_	_	_	linguistic	_	ContainsVariation=No	_	_	_	_	_	_
451-4	PKP130	451	4	ma	ma	_	_	_	_	_	linguistic	_	ContainsVariation=No	_	_	_	_	_	_
451-5	PKP130	451	5	che:	che	_	_	_	_	_	linguistic	_	ContainsVariation=No	_	_	2x1	_	_	_
451-6	PKP130	451	6	chi	chi	_	_	_	_	_	linguistic	_	ContainsVariation=No	_	_	_	_	_	_
451-7	PKP130	451	7	>chi	chi	_	_	_	_	_	linguistic	_	ContainsVariation=No	_	_	_	Fast=0-3(0)	_	_
451-8	PKP130	451	8	è	è	_	_	_	_	_	linguistic	_	ContainsVariation=No	_	_	_	Fast=0-1(0)	_	_
451-9	PKP130	451	9	che<	che	_	_	_	_	_	linguistic	_	ContainsVariation=No	_	_	_	Fast=0-3(0)	_	_
451-10	PKP130	451	10	te	te	_	_	_	_	_	linguistic	_	ContainsVariation=No	_	_	_	_	_	_
451-11	PKP130	451	11	l'	l'	_	_	_	_	_	linguistic	_	ContainsVariation=No	SpaceAfter=No	_	_	_	_	_
451-12	PKP130	451	12	ha	ha	_	_	_	_	_	linguistic	_	ContainsVariation=No	_	_	_	_	_	_
451-13	PKP130	451	13	regala~	regala~	_	_	_	_	_	linguistic	_	ContainsVariation=No	Interrupted=Yes	End=971.037	_	_	_	_
452-0	PKP130	452	0	ma	ma	_	_	_	_	_	linguistic	_	ContainsVariation=No	_	Begin=971.123	_	_	_	_
452-1	PKP130	452	1	certo:	certo	_	_	_	_	_	linguistic	_	ContainsVariation=No	_	End=971.432	4x1	_	_	_
453-0	PKP125	453	0	nadia	nadia	_	_	_	_	_	linguistic	_	ContainsVariation=No	_	Begin=971.491	_	_	_	_
453-1	PKP125	453	1	chiara	chiara	_	_	_	_	_	linguistic	_	ContainsVariation=No	_	_	_	_	_	_
453-2	PKP125	453	2	e:::	e	_	_	_	_	_	linguistic	_	ContainsVariation=No	_	End=973.009	0x3	_	_	_
454-0	PKP130	454	0	ah	ah	_	_	_	_	_	linguistic	_	ContainsVariation=No	_	Begin=973.155	_	_	_	_
454-1	PKP130	454	1	sì?	sì	_	_	_	_	_	linguistic	_	ContainsVariation=No	Intonation=Rising	End=973.755	_	_	_	_
455-0	PKP125	455	0	boh	boh	_	_	_	_	_	linguistic	_	ContainsVariation=No	_	Begin=974.678|End=974.969	_	_	_	_
456-0	PKP130	456	0	>si	si	_	_	_	_	_	linguistic	_	ContainsVariation=No	_	Begin=975.028	_	Fast=0-2(0)	_	_
456-1	PKP130	456	1	dice<	dice	_	_	_	_	_	linguistic	_	ContainsVariation=No	_	_	_	Fast=0-4(0)	_	_
456-2	PKP130	456	2	chi	chi	_	_	_	_	_	linguistic	_	ContainsVariation=No	_	_	_	_	_	_
456-3	PKP130	456	3	ti	ti	_	_	_	_	_	linguistic	_	ContainsVariation=No	_	_	_	_	_	_
456-4	PKP130	456	4	ama	ama	_	_	_	_	_	linguistic	_	ContainsVariation=No	_	_	_	_	_	_
456-5	PKP130	456	5	ti	ti	_	_	_	_	_	linguistic	_	ContainsVariation=No	_	_	_	_	_	_
456-6	PKP130	456	6	regala	regala	_	_	_	_	_	linguistic	_	ContainsVariation=No	_	_	_	_	_	_
456-7	PKP130	456	7	libri	libri	_	_	_	_	_	linguistic	_	ContainsVariation=No	_	End=976.709	_	_	_	_
457-0	PKP125	457	0	beh	beh	_	_	_	_	_	linguistic	_	ContainsVariation=No	_	Begin=977.954	_	_	_	_
457-1	PKP125	457	1	almeno:	almeno	_	_	_	_	_	linguistic	_	ContainsVariation=No	_	_	5x1	_	_	_
457-2	PKP125	457	2	e:h	eh	_	_	_	_	_	linguistic	_	ContainsVariation=No	_	_	0x1	_	_	_
457-3	PKP125	457	3	loro	loro	_	_	_	_	_	linguistic	_	ContainsVariation=No	_	_	_	_	_	_
457-4	PKP125	457	4	mi	mi	_	_	_	_	_	linguistic	_	ContainsVariation=No	_	_	_	_	_	_
457-5	PKP125	457	5	regalano	regalano	_	_	_	_	_	linguistic	_	ContainsVariation=No	_	_	_	_	_	_
457-6	PKP125	457	6	in	in	_	_	_	_	_	linguistic	_	ContainsVariation=No	_	_	_	_	_	_
457-7	PKP125	457	7	genere	genere	_	_	_	_	_	linguistic	_	ContainsVariation=No	_	_	_	_	_	_
457-8	PKP125	457	8	sempre	sempre	_	_	_	_	_	linguistic	_	ContainsVariation=No	_	_	_	_	_	_
457-9	PKP125	457	9	bracciali	bracciali	_	_	_	_	_	linguistic	_	ContainsVariation=No	_	_	_	_	_	_
457-10	PKP125	457	10	braccialetti	braccialetti	_	_	_	_	_	linguistic	_	ContainsVariation=No	_	_	_	_	_	_
457-11	PKP125	457	11	n~	n~	_	_	_	_	_	linguistic	_	ContainsVariation=No	Interrupted=Yes	_	_	_	_	_
457-12	PKP125	457	12	[<bruttissimi>]	bruttissimi	_	_	_	_	_	linguistic	_	ContainsVariation=No	_	End=982.2	_	Slow=0-11(0)	_	0-11(54)
458-0	PKP130	458	0	[però]	però	_	_	_	_	_	linguistic	_	ContainsVariation=No	_	Begin=981.9	_	_	_	0-4(54)
458-1	PKP130	458	1	ti	ti	_	_	_	_	_	linguistic	_	ContainsVariation=No	_	_	_	_	_	_
458-2	PKP130	458	2	fanno	fanno	_	_	_	_	_	linguistic	_	ContainsVariation=No	_	_	_	_	_	_
458-3	PKP130	458	3	sempre	sempre	_	_	_	_	_	linguistic	_	ContainsVariation=No	_	_	_	_	_	_
458-4	PKP130	458	4	il	il	_	_	_	_	_	linguistic	_	ContainsVariation=No	_	_	_	_	_	_
458-5	PKP130	458	5	regalo	regalo	_	_	_	_	_	linguistic	_	ContainsVariation=No	_	_	_	_	_	_
458-6	PKP130	458	6	E:H	eh	_	_	_	_	_	linguistic	_	ContainsVariation=No	Volume=high	End=983.7	0x1	_	_	_
459-0	PKP125	459	0	sì	sì	_	_	_	_	_	linguistic	_	ContainsVariation=No	_	Begin=983.986|End=984.432	_	_	_	_
460-0	PKP130	460	0	ma	ma	_	_	_	_	_	linguistic	_	ContainsVariation=No	_	Begin=984.804	_	_	_	_
460-1	PKP130	460	1	quel	quel	_	_	_	_	_	linguistic	_	ContainsVariation=No	_	_	_	_	_	_
460-2	PKP130	460	2	bracciale	bracciale	_	_	_	_	_	linguistic	_	ContainsVariation=No	_	_	_	_	_	_
460-3	PKP130	460	3	di	di	_	_	_	_	_	linguistic	_	ContainsVariation=No	_	_	_	_	_	_
460-4	PKP130	460	4	donatella	donatella	_	_	_	_	_	linguistic	_	ContainsVariation=No	_	_	_	_	_	_
460-5	PKP130	460	5	poi	poi	_	_	_	_	_	linguistic	_	ContainsVariation=No	_	_	_	_	_	_
460-6	PKP130	460	6	si	si	_	_	_	_	_	linguistic	_	ContainsVariation=No	_	_	_	_	_	_
460-7	PKP130	460	7	è	è	_	_	_	_	_	linguistic	_	ContainsVariation=No	_	_	_	_	_	_
460-8	PKP130	460	8	rotto	rotto	_	_	_	_	_	linguistic	_	ContainsVariation=No	_	_	_	_	_	_
460-9	PKP130	460	9	definitivamente?	definitivamente	_	_	_	_	_	linguistic	_	ContainsVariation=No	Intonation=Rising	End=987.823	_	_	_	_
461-0	PKP125	461	0	(ve~	ve~	_	_	_	_	_	linguistic	_	ContainsVariation=No	Interrupted=Yes	Begin=988.518	_	_	0-3(0)	_
461-1	PKP125	461	1	jà)	jà	_	_	_	_	_	linguistic	_	ContainsVariation=No	_	_	_	_	0-2(0)	_
461-2	PKP125	461	2	ci	ci	_	_	_	_	_	linguistic	_	ContainsVariation=No	_	_	_	_	_	_
461-3	PKP125	461	3	vorrebbe	vorrebbe	_	_	_	_	_	linguistic	_	ContainsVariation=No	_	_	_	_	_	_
461-4	PKP125	461	4	un	un	_	_	_	_	_	linguistic	_	ContainsVariation=No	_	_	_	_	_	_
461-5	PKP125	461	5	filo:	filo	_	_	_	_	_	linguistic	_	ContainsVariation=No	_	_	3x1	_	_	_
461-6	PKP125	461	6	o	o	_	_	_	_	_	linguistic	_	ContainsVariation=No	_	_	_	_	_	_
461-7	PKP125	461	7	un	un	_	_	_	_	_	linguistic	_	ContainsVariation=No	_	_	_	_	_	_
461-8	PKP125	461	8	filo	filo	_	_	_	_	_	linguistic	_	ContainsVariation=No	_	_	_	_	_	_
461-9	PKP125	461	9	<cerato>	cerato	_	_	_	_	_	linguistic	_	ContainsVariation=No	_	End=991.363	_	Slow=0-6(0)	_	_
462-0	PKP125	462	0	sottile	sottile	_	_	_	_	_	linguistic	_	ContainsVariation=No	_	Begin=991.663	_	_	_	_
462-1	PKP125	462	1	sottile	sottile	_	_	_	_	_	linguistic	_	ContainsVariation=No	_	End=992.954	_	_	_	_
463-0	PKP130	463	0	e:h	eh	_	_	_	_	_	linguistic	_	ContainsVariation=No	_	Begin=993.167	0x1	_	_	_
463-1	PKP130	463	1	ma	ma	_	_	_	_	_	linguistic	_	ContainsVariation=No	_	_	_	_	_	_
463-2	PKP130	463	2	tu	tu	_	_	_	_	_	linguistic	_	ContainsVariation=No	_	_	_	_	_	_
463-3	PKP130	463	3	lo	lo	_	_	_	_	_	linguistic	_	ContainsVariation=No	_	_	_	_	_	_
463-4	PKP130	463	4	sai	sai	_	_	_	_	_	linguistic	_	ContainsVariation=No	_	_	_	_	_	_
463-5	PKP130	463	5	fare	fare	_	_	_	_	_	linguistic	_	ContainsVariation=No	_	_	_	_	_	_
463-6	PKP130	463	6	va'	va'	_	_	_	_	_	linguistic	_	ContainsVariation=No	Truncated=Yes	_	_	_	_	_
463-7	PKP130	463	7	dal	dal	_	_	_	_	_	linguistic	_	ContainsVariation=No	_	_	_	_	_	_
463-8	PKP130	463	8	cinese	cinese	_	_	_	_	_	linguistic	_	ContainsVariation=No	_	_	_	_	_	_
463-9	PKP130	463	9	e	e	_	_	_	_	_	linguistic	_	ContainsVariation=No	_	_	_	_	_	_
463-10	PKP130	463	10	prendilo	prendilo	_	_	_	_	_	linguistic	_	ContainsVariation=No	_	End=995.494	_	_	_	_
464-0	PKP125	464	0	eh	eh	_	_	_	_	_	linguistic	_	ContainsVariation=No	_	Begin=995.589	_	_	_	_
464-1	PKP125	464	1	dovrei	dovrei	_	_	_	_	_	linguistic	_	ContainsVariation=No	_	_	_	_	_	_
464-2	PKP125	464	2	andare	andare	_	_	_	_	_	linguistic	_	ContainsVariation=No	_	_	_	_	_	_
464-3	PKP125	464	3	dal	dal	_	_	_	_	_	linguistic	_	ContainsVariation=No	_	_	_	_	_	_
464-4	PKP125	464	4	ci~	ci~	_	_	_	_	_	linguistic	_	ContainsVariation=No	Interrupted=Yes	_	_	_	_	_
464-5	PKP125	464	5	però	però	_	_	_	_	_	linguistic	_	ContainsVariation=No	_	_	_	_	_	_
464-6	PKP125	464	6	poi	poi	_	_	_	_	_	linguistic	_	ContainsVariation=No	_	_	_	_	_	_
464-7	PKP125	464	7	il	il	_	_	_	_	_	linguistic	_	ContainsVariation=No	_	_	_	_	_	_
464-8	PKP125	464	8	gancetto	gancetto	_	_	_	_	_	linguistic	_	ContainsVariation=No	_	_	_	_	_	_
464-9	PKP125	464	9	poi	poi	_	_	_	_	_	linguistic	_	ContainsVariation=No	_	_	_	_	_	_
464-10	PKP125	464	10	dovrei	dovrei	_	_	_	_	_	linguistic	_	ContainsVariation=No	_	_	_	_	_	_
464-11	PKP125	464	11	fare	fare	_	_	_	_	_	linguistic	_	ContainsVariation=No	_	_	_	_	_	_
464-12	PKP125	464	12	il	il	_	_	_	_	_	linguistic	_	ContainsVariation=No	_	_	_	_	_	_
464-13	PKP125	464	13	<nodo>	nodo	_	_	_	_	_	linguistic	_	ContainsVariation=No	_	End=998.98	_	Slow=0-4(0)	_	_
465-0	PKP130	465	0	°che	che	_	_	_	_	_	linguistic	_	ContainsVariation=No	Volume=low	Begin=999.47	_	_	_	_
465-1	PKP130	465	1	fa:°	fa	_	_	_	_	_	linguistic	_	ContainsVariation=No	Volume=low	End=1000.089	1x1	_	_	_
466-0	PKP125	466	0	dovrei	dovrei	_	_	_	_	_	linguistic	_	ContainsVariation=No	_	Begin=1000.693	_	_	_	_
466-1	PKP125	466	1	andare	andare	_	_	_	_	_	linguistic	_	ContainsVariation=No	_	_	_	_	_	_
466-2	PKP125	466	2	dal	dal	_	_	_	_	_	linguistic	_	ContainsVariation=No	_	_	_	_	_	_
466-3	PKP125	466	3	cinese	cinese	_	_	_	_	_	linguistic	_	ContainsVariation=No	_	_	_	_	_	_
466-4	PKP125	466	4	quello	quello	_	_	_	_	_	linguistic	_	ContainsVariation=No	_	_	_	_	_	_
466-5	PKP125	466	5	là	là	_	_	_	_	_	linguistic	_	ContainsVariation=No	_	_	_	_	_	_
466-6	PKP125	466	6	al	al	_	_	_	_	_	linguistic	_	ContainsVariation=No	_	_	_	_	_	_
466-7	PKP125	466	7	<VILLAGGIO>	villaggio	_	_	_	_	_	linguistic	_	ContainsVariation=No	Volume=high	End=1002.884	_	Slow=0-9(0)	_	_
467-0	PKP130	467	0	no:	no	_	_	_	_	_	linguistic	_	ContainsVariation=No	_	Begin=1004.393	1x1	_	_	_
467-1	PKP130	467	1	non	non	_	_	_	_	_	linguistic	_	ContainsVariation=No	_	_	_	_	_	_
467-2	PKP130	467	2	mi	mi	_	_	_	_	_	linguistic	_	ContainsVariation=No	_	_	_	_	_	_
467-3	PKP130	467	3	piace	piace	_	_	_	_	_	linguistic	_	ContainsVariation=No	_	_	_	_	_	_
467-4	PKP130	467	4	questa	questa	_	_	_	_	_	linguistic	_	ContainsVariation=No	_	_	_	_	_	_
467-5	PKP130	467	5	è	è	_	_	_	_	_	linguistic	_	ContainsVariation=No	_	_	_	_	_	_
467-6	PKP130	467	6	la	la	_	_	_	_	_	linguistic	_	ContainsVariation=No	_	_	_	_	_	_
467-7	PKP130	467	7	letteratura	letteratura	_	_	_	_	_	linguistic	_	ContainsVariation=No	_	_	_	_	_	_
467-8	PKP130	467	8	come	come	_	_	_	_	_	linguistic	_	ContainsVariation=No	_	_	_	_	_	_
467-9	PKP130	467	9	quella	quella	_	_	_	_	_	linguistic	_	ContainsVariation=No	_	_	_	_	_	_
467-10	PKP130	467	10	di	di	_	_	_	_	_	linguistic	_	ContainsVariation=No	_	_	_	_	_	_
467-11	PKP130	467	11	ferlinghetti.	ferlinghetti	_	_	_	_	_	linguistic	_	ContainsVariation=No	Intonation=Falling	End=1007.913	_	_	_	_
468-0	PKP130	468	0	e:::h	eh	_	_	_	_	_	linguistic	_	ContainsVariation=No	_	Begin=1007.98|End=1008.73	0x3	_	_	_
469-0	PKP130	469	0	e:h	eh	_	_	_	_	_	linguistic	_	ContainsVariation=No	_	Begin=1009.472	0x1	_	_	_
469-1	PKP130	469	1	il	il	_	_	_	_	_	linguistic	_	ContainsVariation=No	_	_	_	_	_	_
469-2	PKP130	469	2	<poeta>	poeta	_	_	_	_	_	linguistic	_	ContainsVariation=No	_	_	_	Slow=0-5(0)	_	_
469-3	PKP130	469	3	là:	là	_	_	_	_	_	linguistic	_	ContainsVariation=No	_	_	1x1	_	_	_
469-4	PKP130	469	4	>come	come	_	_	_	_	_	linguistic	_	ContainsVariation=No	_	_	_	Fast=0-4(0)	_	_
469-5	PKP130	469	5	si	si	_	_	_	_	_	linguistic	_	ContainsVariation=No	_	_	_	Fast=0-2(0)	_	_
469-6	PKP130	469	6	chiama<	chiama	_	_	_	_	_	linguistic	_	ContainsVariation=No	_	_	_	Fast=0-6(0)	_	_
469-7	PKP130	469	7	quella:	quella	_	_	_	_	_	linguistic	_	ContainsVariation=No	_	_	5x1	_	_	_
469-8	PKP130	469	8	quella	quella	_	_	_	_	_	linguistic	_	ContainsVariation=No	_	_	_	_	_	_
469-9	PKP130	469	9	libreria	libreria	_	_	_	_	_	linguistic	_	ContainsVariation=No	_	_	_	_	_	_
469-10	PKP130	469	10	che	che	_	_	_	_	_	linguistic	_	ContainsVariation=No	_	_	_	_	_	_
469-11	PKP130	469	11	sta	sta	_	_	_	_	_	linguistic	_	ContainsVariation=No	PauseAfter=Yes	_	_	_	_	_
469-12	PKP130	469	12	(.)	(.)	_	_	_	_	_	shortpause	_	ContainsVariation=No	_	_	_	_	_	_
469-13	PKP130	469	13	a	a	_	_	_	_	_	linguistic	_	ContainsVariation=No	_	_	_	_	_	_
469-14	PKP130	469	14	san	san	_	_	_	_	_	linguistic	_	ContainsVariation=No	_	_	_	_	_	_
469-15	PKP130	469	15	francisco	francisco	_	_	_	_	_	linguistic	_	ContainsVariation=No	_	_	_	_	_	_
469-16	PKP130	469	16	la::	la	_	_	_	_	_	linguistic	_	ContainsVariation=No	PauseAfter=Yes	_	1x2	_	_	_
469-17	PKP130	469	17	(.)	(.)	_	_	_	_	_	shortpause	_	ContainsVariation=No	_	_	_	_	_	_
469-18	PKP130	469	18	city	city	_	_	_	_	_	linguistic	_	ContainsVariation=No	_	_	_	_	_	_
469-19	PKP130	469	19	lights	lights	_	_	_	_	_	linguistic	_	ContainsVariation=No	_	_	_	_	_	_
469-20	PKP130	469	20	la	la	_	_	_	_	_	linguistic	_	ContainsVariation=No	_	_	_	_	_	_
469-21	PKP130	469	21	libreria	libreria	_	_	_	_	_	linguistic	_	ContainsVariation=No	_	_	_	_	_	_
469-22	PKP130	469	22	famosa	famosa	_	_	_	_	_	linguistic	_	ContainsVariation=No	_	_	_	_	_	_
469-23	PKP130	469	23	di	di	_	_	_	_	_	linguistic	_	ContainsVariation=No	_	_	_	_	_	_
469-24	PKP130	469	24	city	city	_	_	_	_	_	linguistic	_	ContainsVariation=No	_	_	_	_	_	_
469-25	PKP130	469	25	lights	lights	_	_	_	_	_	linguistic	_	ContainsVariation=No	_	End=1018.341	_	_	_	_
470-0	PKP130	470	0	quella	quella	_	_	_	_	_	linguistic	_	ContainsVariation=No	_	Begin=1018.378	_	_	_	_
470-1	PKP130	470	1	è	è	_	_	_	_	_	linguistic	_	ContainsVariation=No	_	_	_	_	_	_
470-2	PKP130	470	2	tutta	tutta	_	_	_	_	_	linguistic	_	ContainsVariation=No	_	_	_	_	_	_
470-3	PKP130	470	3	una	una	_	_	_	_	_	linguistic	_	ContainsVariation=No	_	_	_	_	_	_
470-4	PKP130	470	4	generazione	generazione	_	_	_	_	_	linguistic	_	ContainsVariation=No	_	_	_	_	_	_
470-5	PKP130	470	5	di	di	_	_	_	_	_	linguistic	_	ContainsVariation=No	_	_	_	_	_	_
470-6	PKP130	470	6	poeti	poeti	_	_	_	_	_	linguistic	_	ContainsVariation=No	_	_	_	_	_	_
470-7	PKP130	470	7	che	che	_	_	_	_	_	linguistic	_	ContainsVariation=No	_	_	_	_	_	_
470-8	PKP130	470	8	si	si	_	_	_	_	_	linguistic	_	ContainsVariation=No	_	_	_	_	_	_
470-9	PKP130	470	9	muovevano	muovevano	_	_	_	_	_	linguistic	_	ContainsVariation=No	_	_	_	_	_	_
470-10	PKP130	470	10	intorno	intorno	_	_	_	_	_	linguistic	_	ContainsVariation=No	_	_	_	_	_	_
470-11	PKP130	470	11	a	a	_	_	_	_	_	linguistic	_	ContainsVariation=No	_	_	_	_	_	_
470-12	PKP130	470	12	questa	questa	_	_	_	_	_	linguistic	_	ContainsVariation=No	_	_	_	_	_	_
470-13	PKP130	470	13	libreria	libreria	_	_	_	_	_	linguistic	_	ContainsVariation=No	_	_	_	_	_	_
470-14	PKP130	470	14	<che	che	_	_	_	_	_	linguistic	_	ContainsVariation=No	_	_	_	Slow=0-3(0)	_	_
470-15	PKP130	470	15	ho	ho	_	_	_	_	_	linguistic	_	ContainsVariation=No	_	_	_	Slow=0-2(0)	_	_
470-16	PKP130	470	16	visitato>	visitato	_	_	_	_	_	linguistic	_	ContainsVariation=No	_	_	_	Slow=0-8(0)	_	_
470-17	PKP130	470	17	a	a	_	_	_	_	_	linguistic	_	ContainsVariation=No	_	_	_	_	_	_
470-18	PKP130	470	18	san	san	_	_	_	_	_	linguistic	_	ContainsVariation=No	_	_	_	_	_	_
470-19	PKP130	470	19	francisco	francisco	_	_	_	_	_	linguistic	_	ContainsVariation=No	_	End=1023.711	_	_	_	_
471-0	PKP130	471	0	capito:?	capito	_	_	_	_	_	linguistic	_	ContainsVariation=No	Intonation=Rising	Begin=1023.973|End=1024.579	5x1	_	_	_
472-0	PKP130	472	0	ferlinghetti::	ferlinghetti	_	_	_	_	_	linguistic	_	ContainsVariation=No	_	Begin=1024.621	11x2	_	_	_
472-1	PKP130	472	1	lui::	lui	_	_	_	_	_	linguistic	_	ContainsVariation=No	_	_	2x2	_	_	_
472-2	PKP130	472	2	tutti	tutti	_	_	_	_	_	linguistic	_	ContainsVariation=No	_	_	_	_	_	_
472-3	PKP130	472	3	questi	questi	_	_	_	_	_	linguistic	_	ContainsVariation=No	_	_	_	_	_	_
472-4	PKP130	472	4	qua.	qua	_	_	_	_	_	linguistic	_	ContainsVariation=No	Intonation=Falling	End=1027.781	_	_	_	_
473-0	PKP125	473	0	non	non	_	_	_	_	_	linguistic	_	ContainsVariation=No	_	Begin=1027.863	_	_	_	_
473-1	PKP125	473	1	lo	lo	_	_	_	_	_	linguistic	_	ContainsVariation=No	_	_	_	_	_	_
473-2	PKP125	473	2	so	so	_	_	_	_	_	linguistic	_	ContainsVariation=No	_	_	_	_	_	_
473-3	PKP125	473	3	ho	ho	_	_	_	_	_	linguistic	_	ContainsVariation=No	_	_	_	_	_	_
473-4	PKP125	473	4	letto	letto	_	_	_	_	_	linguistic	_	ContainsVariation=No	_	_	_	_	_	_
473-5	PKP125	473	5	la	la	_	_	_	_	_	linguistic	_	ContainsVariation=No	_	_	_	_	_	_
473-6	PKP125	473	6	prima	prima	_	_	_	_	_	linguistic	_	ContainsVariation=No	_	_	_	_	_	_
473-7	PKP125	473	7	pagina:	pagina	_	_	_	_	_	linguistic	_	ContainsVariation=No	_	_	5x1	_	_	_
473-8	PKP125	473	8	e	e	_	_	_	_	_	linguistic	_	ContainsVariation=No	_	_	_	_	_	_
473-9	PKP125	473	9	ho	ho	_	_	_	_	_	linguistic	_	ContainsVariation=No	_	_	_	_	_	_
473-10	PKP125	473	10	detto	detto	_	_	_	_	_	linguistic	_	ContainsVariation=No	_	_	_	_	_	_
473-11	PKP125	473	11	maronn	maronn	_	_	_	_	_	linguistic	_	ContainsVariation=No	_	_	_	_	_	_
473-12	PKP125	473	12	che	che	_	_	_	_	_	linguistic	_	ContainsVariation=No	_	_	_	_	_	_
473-13	PKP125	473	13	[(esperienza)]	esperienza	_	_	_	_	_	linguistic	_	ContainsVariation=No	_	End=1031.319	_	_	0-10(0)	0-10(55)
474-0	PKP130	474	0	[MA	ma	_	_	_	_	_	linguistic	_	ContainsVariation=No	Volume=high	Begin=1030.56	_	_	_	0-2(55)
474-1	PKP130	474	1	NON	non	_	_	_	_	_	linguistic	_	ContainsVariation=No	Volume=high	_	_	_	_	0-3(55)
474-2	PKP130	474	2	HAI	hai	_	_	_	_	_	linguistic	_	ContainsVariation=No	Volume=high	_	_	_	_	0-3(55)
474-3	PKP130	474	3	LETTO]	letto	_	_	_	_	_	linguistic	_	ContainsVariation=No	Volume=high	_	_	_	_	0-5(55)
474-4	PKP130	474	4	l'	l'	_	_	_	_	_	linguistic	_	ContainsVariation=No	SpaceAfter=No	_	_	_	_	_
474-5	PKP130	474	5	introduzione?	introduzione	_	_	_	_	_	linguistic	_	ContainsVariation=No	Intonation=Rising	End=1032.271	_	_	_	_
475-0	PKP130	475	0	no	no	_	_	_	_	_	linguistic	_	ContainsVariation=No	_	Begin=1032.31	_	_	_	_
475-1	PKP130	475	1	no	no	_	_	_	_	_	linguistic	_	ContainsVariation=No	_	_	_	_	_	_
475-2	PKP130	475	2	io	io	_	_	_	_	_	linguistic	_	ContainsVariation=No	_	_	_	_	_	_
475-3	PKP130	475	3	non	non	_	_	_	_	_	linguistic	_	ContainsVariation=No	_	_	_	_	_	_
475-4	PKP130	475	4	l'	l'	_	_	_	_	_	linguistic	_	ContainsVariation=No	SpaceAfter=No	_	_	_	_	_
475-5	PKP130	475	5	ho	ho	_	_	_	_	_	linguistic	_	ContainsVariation=No	_	_	_	_	_	_
475-6	PKP130	475	6	mai	mai	_	_	_	_	_	linguistic	_	ContainsVariation=No	_	_	_	_	_	_
475-7	PKP130	475	7	voluto	voluto	_	_	_	_	_	linguistic	_	ContainsVariation=No	_	_	_	_	_	_
475-8	PKP130	475	8	leggere	leggere	_	_	_	_	_	linguistic	_	ContainsVariation=No	_	End=1033.843	_	_	_	_
476-0	PKP130	476	0	SICURAMENTE	sicuramente	_	_	_	_	_	linguistic	_	ContainsVariation=No	Volume=high	Begin=1033.883	_	_	_	_
476-1	PKP130	476	1	è	è	_	_	_	_	_	linguistic	_	ContainsVariation=No	_	_	_	_	_	_
476-2	PKP130	476	2	un	un	_	_	_	_	_	linguistic	_	ContainsVariation=No	_	_	_	_	_	_
476-3	PKP130	476	3	classico	classico	_	_	_	_	_	linguistic	_	ContainsVariation=No	_	_	_	_	_	_
476-4	PKP130	476	4	ma	ma	_	_	_	_	_	linguistic	_	ContainsVariation=No	_	_	_	_	_	_
476-5	PKP130	476	5	di	di	_	_	_	_	_	linguistic	_	ContainsVariation=No	_	_	_	_	_	_
476-6	PKP130	476	6	certo	certo	_	_	_	_	_	linguistic	_	ContainsVariation=No	_	_	_	_	_	_
476-7	PKP130	476	7	non	non	_	_	_	_	_	linguistic	_	ContainsVariation=No	_	_	_	_	_	_
476-8	PKP130	476	8	lo	lo	_	_	_	_	_	linguistic	_	ContainsVariation=No	_	_	_	_	_	_
476-9	PKP130	476	9	leggerei	leggerei	_	_	_	_	_	linguistic	_	ContainsVariation=No	_	_	_	_	_	_
476-10	PKP130	476	10	in	in	_	_	_	_	_	linguistic	_	ContainsVariation=No	_	_	_	_	_	_
476-11	PKP130	476	11	ingle:se	inglese	_	_	_	_	_	linguistic	_	ContainsVariation=No	_	End=1036.627	4x1	_	_	_
477-0	PKP125	477	0	NO	no	_	_	_	_	_	linguistic	_	ContainsVariation=No	Volume=high	Begin=1037.934	_	_	_	_
477-1	PKP125	477	1	non	non	_	_	_	_	_	linguistic	_	ContainsVariation=No	_	_	_	_	_	_
477-2	PKP125	477	2	è	è	_	_	_	_	_	linguistic	_	ContainsVariation=No	_	_	_	_	_	_
477-3	PKP125	477	3	sc~	sc~	_	_	_	_	_	linguistic	_	ContainsVariation=No	Interrupted=Yes	_	_	_	_	_
477-4	PKP125	477	4	non	non	_	_	_	_	_	linguistic	_	ContainsVariation=No	_	_	_	_	_	_
477-5	PKP125	477	5	è	è	_	_	_	_	_	linguistic	_	ContainsVariation=No	_	_	_	_	_	_
477-6	PKP125	477	6	diffi~	diffi~	_	_	_	_	_	linguistic	_	ContainsVariation=No	Interrupted=Yes	_	_	_	_	_
477-7	PKP125	477	7	è	è	_	_	_	_	_	linguistic	_	ContainsVariation=No	_	_	_	_	_	_
477-8	PKP125	477	8	molto:	molto	_	_	_	_	_	linguistic	_	ContainsVariation=No	_	_	4x1	_	_	_
477-9	PKP125	477	9	scorrevole	scorrevole	_	_	_	_	_	linguistic	_	ContainsVariation=No	_	_	_	_	_	_
477-10	PKP125	477	10	eh	eh	_	_	_	_	_	linguistic	_	ContainsVariation=No	_	End=1040.608	_	_	_	_
478-0	PKP130	478	0	E:H	eh	_	_	_	_	_	linguistic	_	ContainsVariation=No	Volume=high	Begin=1040.656	0x1	_	_	_
478-1	PKP130	478	1	sì	sì	_	_	_	_	_	linguistic	_	ContainsVariation=No	_	_	_	_	_	_
478-2	PKP130	478	2	infatti	infatti	_	_	_	_	_	linguistic	_	ContainsVariation=No	_	_	_	_	_	_
478-3	PKP130	478	3	si	si	_	_	_	_	_	linguistic	_	ContainsVariation=No	_	_	_	_	_	_
478-4	PKP130	478	4	vede	vede	_	_	_	_	_	linguistic	_	ContainsVariation=No	_	End=1042.258	_	_	_	_
479-0	PKP130	479	0	lui	lui	_	_	_	_	_	linguistic	_	ContainsVariation=No	_	Begin=1042.337	_	_	_	_
479-1	PKP130	479	1	[lo	lo	_	_	_	_	_	linguistic	_	ContainsVariation=No	_	_	_	_	_	0-2(56)
479-2	PKP130	479	2	scrisse]	scrisse	_	_	_	_	_	linguistic	_	ContainsVariation=No	_	End=1042.962	_	_	_	0-7(56)
480-0	PKP125	480	0	non	non	_	_	_	_	_	linguistic	_	ContainsVariation=No	_	Begin=1042.519	_	_	_	_
480-1	PKP125	480	1	è:::	è	_	_	_	_	_	linguistic	_	ContainsVariation=No	_	_	0x3	_	_	_
480-2	PKP125	480	2	mh	mh	_	_	_	_	_	linguistic	_	ContainsVariation=No	_	End=1043.56	_	_	_	_
481-0	PKP130	481	0	io	io	_	_	_	_	_	linguistic	_	ContainsVariation=No	_	Begin=1043.769	_	_	_	_
481-1	PKP130	481	1	andai	andai	_	_	_	_	_	linguistic	_	ContainsVariation=No	_	_	_	_	_	_
481-2	PKP130	481	2	a	a	_	_	_	_	_	linguistic	_	ContainsVariation=No	_	_	_	_	_	_
481-3	PKP130	481	3	vedere	vedere	_	_	_	_	_	linguistic	_	ContainsVariation=No	_	_	_	_	_	_
481-4	PKP130	481	4	il	il	_	_	_	_	_	linguistic	_	ContainsVariation=No	_	_	_	_	_	_
481-5	PKP130	481	5	film	film	_	_	_	_	_	linguistic	_	ContainsVariation=No	_	End=1044.977	_	_	_	_
482-0	PKP130	482	0	è	è	_	_	_	_	_	linguistic	_	ContainsVariation=No	_	Begin=1046.992	_	_	_	_
482-1	PKP130	482	1	questa	questa	_	_	_	_	_	linguistic	_	ContainsVariation=No	_	_	_	_	_	_
482-2	PKP130	482	2	vita	vita	_	_	_	_	_	linguistic	_	ContainsVariation=No	_	_	_	_	_	_
482-3	PKP130	482	3	un	un	_	_	_	_	_	linguistic	_	ContainsVariation=No	_	_	_	_	_	_
482-4	PKP130	482	4	po'	po'	_	_	_	_	_	linguistic	_	ContainsVariation=No	_	_	_	_	_	_
482-5	PKP130	482	5	hippy	hippy	_	_	_	_	_	linguistic	_	ContainsVariation=No	_	_	_	_	_	_
482-6	PKP130	482	6	un	un	_	_	_	_	_	linguistic	_	ContainsVariation=No	_	_	_	_	_	_
482-7	PKP130	482	7	po:'	po'	_	_	_	_	_	linguistic	_	ContainsVariation=No	_	_	1x1	_	_	_
482-8	PKP130	482	8	[<particolare>]	particolare	_	_	_	_	_	linguistic	_	ContainsVariation=No	_	End=1049.86	_	Slow=0-11(0)	_	0-11(57)
483-0	PKP125	483	0	[e:h]	eh	_	_	_	_	_	linguistic	_	ContainsVariation=No	_	Begin=1049.281	0x1	_	_	0-2(57)
483-1	PKP125	483	1	sì	sì	_	_	_	_	_	linguistic	_	ContainsVariation=No	_	_	_	_	_	_
483-2	PKP125	483	2	così	così	_	_	_	_	_	linguistic	_	ContainsVariation=No	_	End=1050.447	_	_	_	_
484-0	PKP125	484	0	a	a	_	_	_	_	_	linguistic	_	ContainsVariation=No	_	Begin=1051.009	_	_	_	_
484-1	PKP125	484	1	nadia	nadia	_	_	_	_	_	linguistic	_	ContainsVariation=No	_	_	_	_	_	_
484-2	PKP125	484	2	[ho	ho	_	_	_	_	_	linguistic	_	ContainsVariation=No	_	_	_	_	_	0-2(58)
484-3	PKP125	484	3	detto]	detto	_	_	_	_	_	linguistic	_	ContainsVariation=No	_	_	_	_	_	0-5(58)
484-4	PKP125	484	4	ma	ma	_	_	_	_	_	linguistic	_	ContainsVariation=No	_	_	_	_	_	_
484-5	PKP125	484	5	tu	tu	_	_	_	_	_	linguistic	_	ContainsVariation=No	_	_	_	_	_	_
484-6	PKP125	484	6	l'	l'	_	_	_	_	_	linguistic	_	ContainsVariation=No	SpaceAfter=No	_	_	_	_	_
484-7	PKP125	484	7	hai	hai	_	_	_	_	_	linguistic	_	ContainsVariation=No	_	_	_	_	_	_
484-8	PKP125	484	8	letto	letto	_	_	_	_	_	linguistic	_	ContainsVariation=No	_	_	_	_	_	_
484-9	PKP125	484	9	na'	na'	_	_	_	_	_	linguistic	_	ContainsVariation=No	Truncated=Yes	_	_	_	_	_
484-10	PKP125	484	10	e	e	_	_	_	_	_	linguistic	_	ContainsVariation=No	_	_	_	_	_	_
484-11	PKP125	484	11	lei	lei	_	_	_	_	_	linguistic	_	ContainsVariation=No	_	_	_	_	_	_
484-12	PKP125	484	12	[impossi~]	impossi~	_	_	_	_	_	linguistic	_	ContainsVariation=No	Interrupted=Yes	End=1052.976	_	_	_	0-8(59)
485-0	PKP130	485	0	[VEDI]	vedi	_	_	_	_	_	linguistic	_	ContainsVariation=No	Volume=high	Begin=1051.24|End=1051.64	_	_	_	0-4(58)
486-0	PKP130	486	0	[la::]	la	_	_	_	_	_	linguistic	_	ContainsVariation=No	_	Begin=1052.927	1x2	_	_	0-2(59)
486-1	PKP130	486	1	la	la	_	_	_	_	_	linguistic	_	ContainsVariation=No	_	_	_	_	_	_
486-2	PKP130	486	2	<BEAT>	beat	_	_	_	_	_	linguistic	_	ContainsVariation=No	Volume=high	End=1053.877	_	Slow=0-4(0)	_	_
487-0	PKP130	487	0	la:	la	_	_	_	_	_	linguistic	_	ContainsVariation=No	_	Begin=1053.947	1x1	_	_	_
487-1	PKP130	487	1	generazione	generazione	_	_	_	_	_	linguistic	_	ContainsVariation=No	_	_	_	_	_	_
487-2	PKP130	487	2	<beat>	beat	_	_	_	_	_	linguistic	_	ContainsVariation=No	_	End=1055.456	_	Slow=0-4(0)	_	_
488-0	PKP130	488	0	capito?	capito	_	_	_	_	_	linguistic	_	ContainsVariation=No	Intonation=Rising	Begin=1055.746|End=1056.271	_	_	_	_
489-0	PKP130	489	0	walt	walt	_	_	_	_	_	linguistic	_	ContainsVariation=No	_	Begin=1057.028	_	_	_	_
489-1	PKP130	489	1	whitman	whitman	_	_	_	_	_	linguistic	_	ContainsVariation=No	_	_	_	_	_	_
489-2	PKP130	489	2	scott	scott	_	_	_	_	_	linguistic	_	ContainsVariation=No	_	_	_	_	_	_
489-3	PKP130	489	3	ə::h	əh	_	_	_	_	_	linguistic	_	ContainsVariation=No	_	_	0x2	_	_	_
489-4	PKP130	489	4	scott	scott	_	_	_	_	_	linguistic	_	ContainsVariation=No	_	_	_	_	_	_
489-5	PKP130	489	5	fitzgerald	fitzgerald	_	_	_	_	_	linguistic	_	ContainsVariation=No	_	End=1060.045	_	_	_	_
490-0	PKP130	490	0	no	no	_	_	_	_	_	linguistic	_	ContainsVariation=No	_	Begin=1060.281	_	_	_	_
490-1	PKP130	490	1	però	però	_	_	_	_	_	linguistic	_	ContainsVariation=No	_	_	_	_	_	_
490-2	PKP130	490	2	non	non	_	_	_	_	_	linguistic	_	ContainsVariation=No	_	_	_	_	_	_
490-3	PKP130	490	3	è:	è	_	_	_	_	_	linguistic	_	ContainsVariation=No	_	_	0x1	_	_	_
490-4	PKP130	490	4	no	no	_	_	_	_	_	linguistic	_	ContainsVariation=No	_	_	_	_	_	_
490-5	PKP130	490	5	non	non	_	_	_	_	_	linguistic	_	ContainsVariation=No	_	_	_	_	_	_
490-6	PKP130	490	6	c'	c'	_	_	_	_	_	linguistic	_	ContainsVariation=No	SpaceAfter=No	_	_	_	_	_
490-7	PKP130	490	7	erano	erano	_	_	_	_	_	linguistic	_	ContainsVariation=No	_	_	_	_	_	_
490-8	PKP130	490	8	questi	questi	_	_	_	_	_	linguistic	_	ContainsVariation=No	_	_	_	_	_	_
490-9	PKP130	490	9	c'	c'	_	_	_	_	_	linguistic	_	ContainsVariation=No	SpaceAfter=No	_	_	_	_	_
490-10	PKP130	490	10	era	era	_	_	_	_	_	linguistic	_	ContainsVariation=No	_	_	_	_	_	_
490-11	PKP130	490	11	FERLINGHETTI	ferlinghetti	_	_	_	_	_	linguistic	_	ContainsVariation=No	Volume=high	_	_	_	_	_
490-12	PKP130	490	12	e	e	_	_	_	_	_	linguistic	_	ContainsVariation=No	_	_	_	_	_	_
490-13	PKP130	490	13	poi	poi	_	_	_	_	_	linguistic	_	ContainsVariation=No	_	_	_	_	_	_
490-14	PKP130	490	14	chi	chi	_	_	_	_	_	linguistic	_	ContainsVariation=No	_	_	_	_	_	_
490-15	PKP130	490	15	altro	altro	_	_	_	_	_	linguistic	_	ContainsVariation=No	_	End=1064.406	_	_	_	_
491-0	PKP130	491	0	(steve	steve	_	_	_	_	_	linguistic	_	ContainsVariation=No	_	Begin=1065.622	_	_	0-5(0)	_
491-1	PKP130	491	1	lights)	lights	_	_	_	_	_	linguistic	_	ContainsVariation=No	_	End=1066.155	_	_	0-6(0)	_
492-0	PKP130	492	0	ma	ma	_	_	_	_	_	linguistic	_	ContainsVariation=No	_	Begin=1066.483	_	_	_	_
492-1	PKP130	492	1	NADIA?	nadia	_	_	_	_	_	linguistic	_	ContainsVariation=No	Intonation=Rising|Volume=high	End=1067.142	_	_	_	_
493-0	PKP130	493	0	il	il	_	_	_	_	_	linguistic	_	ContainsVariation=No	_	Begin=1067.224	_	_	_	_
493-1	PKP130	493	1	dottorato?	dottorato	_	_	_	_	_	linguistic	_	ContainsVariation=No	Intonation=Rising	End=1067.866	_	_	_	_
494-0	PKP130	494	0	non	non	_	_	_	_	_	linguistic	_	ContainsVariation=No	_	Begin=1067.924	_	_	_	_
494-1	PKP130	494	1	è	è	_	_	_	_	_	linguistic	_	ContainsVariation=No	_	_	_	_	_	_
494-2	PKP130	494	2	riuscita?	riuscita	_	_	_	_	_	linguistic	_	ContainsVariation=No	Intonation=Rising	End=1068.891	_	_	_	_
495-0	PKP125	495	0	a	a	_	_	_	_	_	linguistic	_	ContainsVariation=No	_	Begin=1070.482	_	_	_	_
495-1	PKP125	495	1	quanto	quanto	_	_	_	_	_	linguistic	_	ContainsVariation=No	_	_	_	_	_	_
495-2	PKP125	495	2	pare	pare	_	_	_	_	_	linguistic	_	ContainsVariation=No	_	_	_	_	_	_
495-3	PKP125	495	3	NO	no	_	_	_	_	_	linguistic	_	ContainsVariation=No	Volume=high	End=1071.149	_	_	_	_
496-0	PKP130	496	0	°ah°	ah	_	_	_	_	_	linguistic	_	ContainsVariation=No	Volume=low	Begin=1071.852|End=1072.177	_	_	_	_
497-0	PKP130	497	0	e	e	_	_	_	_	_	linguistic	_	ContainsVariation=No	_	Begin=1072.243	_	_	_	_
497-1	PKP130	497	1	ora	ora	_	_	_	_	_	linguistic	_	ContainsVariation=No	_	_	_	_	_	_
497-2	PKP130	497	2	che	che	_	_	_	_	_	linguistic	_	ContainsVariation=No	_	_	_	_	_	_
497-3	PKP130	497	3	deve	deve	_	_	_	_	_	linguistic	_	ContainsVariation=No	_	_	_	_	_	_
497-4	PKP130	497	4	fare	fare	_	_	_	_	_	linguistic	_	ContainsVariation=No	_	_	_	_	_	_
497-5	PKP130	497	5	il	il	_	_	_	_	_	linguistic	_	ContainsVariation=No	_	_	_	_	_	_
497-6	PKP130	497	6	concorso?	concorso	_	_	_	_	_	linguistic	_	ContainsVariation=No	Intonation=Rising	End=1073.659	_	_	_	_
498-0	PKP125	498	0	a	a	_	_	_	_	_	linguistic	_	ContainsVariation=No	_	Begin=1074.613	_	_	_	_
498-1	PKP125	498	1	quanto	quanto	_	_	_	_	_	linguistic	_	ContainsVariation=No	_	_	_	_	_	_
498-2	PKP125	498	2	pare	pare	_	_	_	_	_	linguistic	_	ContainsVariation=No	_	_	_	_	_	_
498-3	PKP125	498	3	sì	sì	_	_	_	_	_	linguistic	_	ContainsVariation=No	_	End=1075.513	_	_	_	_
499-0	PKP125	499	0	sia	sia	_	_	_	_	_	linguistic	_	ContainsVariation=No	_	Begin=1075.767	_	_	_	_
499-1	PKP125	499	1	lei	lei	_	_	_	_	_	linguistic	_	ContainsVariation=No	_	_	_	_	_	_
499-2	PKP125	499	2	che	che	_	_	_	_	_	linguistic	_	ContainsVariation=No	_	_	_	_	_	_
499-3	PKP125	499	3	chiara	chiara	_	_	_	_	_	linguistic	_	ContainsVariation=No	_	End=1076.675	_	_	_	_
500-0	PKP130	500	0	eh	eh	_	_	_	_	_	linguistic	_	ContainsVariation=No	_	Begin=1077.125	_	_	_	_
500-1	PKP130	500	1	ah	ah	_	_	_	_	_	linguistic	_	ContainsVariation=No	_	_	_	_	_	_
500-2	PKP130	500	2	beh	beh	_	_	_	_	_	linguistic	_	ContainsVariation=No	_	_	_	_	_	_
500-3	PKP130	500	3	albe'	albe'	_	_	_	_	_	linguistic	_	ContainsVariation=No	Truncated=Yes	_	_	_	_	_
500-4	PKP130	500	4	ma::	ma	_	_	_	_	_	linguistic	_	ContainsVariation=No	_	End=1078.05	1x2	_	_	_
501-0	PKP130	501	0	eh	eh	_	_	_	_	_	linguistic	_	ContainsVariation=No	_	Begin=1078.557|End=1078.832	_	_	_	_
502-0	PKP125	502	0	chiara	chiara	_	_	_	_	_	linguistic	_	ContainsVariation=No	_	Begin=1080.698	_	_	_	_
502-1	PKP125	502	1	ha	ha	_	_	_	_	_	linguistic	_	ContainsVariation=No	_	_	_	_	_	_
502-2	PKP125	502	2	detto	detto	_	_	_	_	_	linguistic	_	ContainsVariation=No	_	_	_	_	_	_
502-3	PKP125	502	3	che::	che	_	_	_	_	_	linguistic	_	ContainsVariation=No	_	End=1082.073	2x2	_	_	_
503-0	PKP125	503	0	viene:	viene	_	_	_	_	_	linguistic	_	ContainsVariation=No	_	Begin=1082.755	4x1	_	_	_
503-1	PKP125	503	1	a	a	_	_	_	_	_	linguistic	_	ContainsVariation=No	_	_	_	_	_	_
503-2	PKP125	503	2	casa	casa	_	_	_	_	_	linguistic	_	ContainsVariation=No	_	End=1083.855	_	_	_	_
504-0	PKP130	504	0	m:h	mh	_	_	_	_	_	linguistic	_	ContainsVariation=No	_	Begin=1084.259|End=1084.642	0x1	_	_	_
505-0	PKP125	505	0	a	a	_	_	_	_	_	linguistic	_	ContainsVariation=No	_	Begin=1084.712	_	_	_	_
505-1	PKP125	505	1	farsi	farsi	_	_	_	_	_	linguistic	_	ContainsVariation=No	_	_	_	_	_	_
505-2	PKP125	505	2	aiutare	aiutare	_	_	_	_	_	linguistic	_	ContainsVariation=No	_	_	_	_	_	_
505-3	PKP125	505	3	per	per	_	_	_	_	_	linguistic	_	ContainsVariation=No	_	_	_	_	_	_
505-4	PKP125	505	4	la	la	_	_	_	_	_	linguistic	_	ContainsVariation=No	_	_	_	_	_	_
505-5	PKP125	505	5	prova	prova	_	_	_	_	_	linguistic	_	ContainsVariation=No	_	_	_	_	_	_
505-6	PKP125	505	6	in	in	_	_	_	_	_	linguistic	_	ContainsVariation=No	_	_	_	_	_	_
505-7	PKP125	505	7	inglese	inglese	_	_	_	_	_	linguistic	_	ContainsVariation=No	_	End=1086.654	_	_	_	_
506-0	PKP130	506	0	ma	ma	_	_	_	_	_	linguistic	_	ContainsVariation=No	_	Begin=1086.92	_	_	_	_
506-1	PKP130	506	1	del	del	_	_	_	_	_	linguistic	_	ContainsVariation=No	_	_	_	_	_	_
506-2	PKP130	506	2	concorso?	concorso	_	_	_	_	_	linguistic	_	ContainsVariation=No	Intonation=Rising	End=1088.012	_	_	_	_
507-0	PKP125	507	0	no:	no	_	_	_	_	_	linguistic	_	ContainsVariation=No	_	Begin=1088.795|End=1089.228	1x1	_	_	_
508-0	PKP125	508	0	della	della	_	_	_	_	_	linguistic	_	ContainsVariation=No	_	Begin=1089.781	_	_	_	_
508-1	PKP125	508	1	prova::	prova	_	_	_	_	_	linguistic	_	ContainsVariation=No	_	_	4x2	_	_	_
508-2	PKP125	508	2	del	del	_	_	_	_	_	linguistic	_	ContainsVariation=No	_	_	_	_	_	_
508-3	PKP125	508	3	colloquio	colloquio	_	_	_	_	_	linguistic	_	ContainsVariation=No	_	_	_	_	_	_
508-4	PKP125	508	4	di	di	_	_	_	_	_	linguistic	_	ContainsVariation=No	_	_	_	_	_	_
508-5	PKP125	508	5	dottorato	dottorato	_	_	_	_	_	linguistic	_	ContainsVariation=No	_	End=1091.8	_	_	_	_
509-0	PKP125	509	0	loro	loro	_	_	_	_	_	linguistic	_	ContainsVariation=No	_	Begin=1091.922	_	_	_	_
509-1	PKP125	509	1	devono	devono	_	_	_	_	_	linguistic	_	ContainsVariation=No	_	_	_	_	_	_
509-2	PKP125	509	2	tradurre	tradurre	_	_	_	_	_	linguistic	_	ContainsVariation=No	_	_	_	_	_	_
509-3	PKP125	509	3	un	un	_	_	_	_	_	linguistic	_	ContainsVariation=No	_	_	_	_	_	_
509-4	PKP125	509	4	bra:no	brano	_	_	_	_	_	linguistic	_	ContainsVariation=No	_	_	2x1	_	_	_
509-5	PKP125	509	5	forse	forse	_	_	_	_	_	linguistic	_	ContainsVariation=No	_	End=1094.155	_	_	_	_
510-0	PKP130	510	0	°e:h°	eh	_	_	_	_	_	linguistic	_	ContainsVariation=No	Volume=low	Begin=1094.6	0x1	_	_	_
510-1	PKP130	510	1	ma	ma	_	_	_	_	_	linguistic	_	ContainsVariation=No	_	_	_	_	_	_
510-2	PKP130	510	2	il	il	_	_	_	_	_	linguistic	_	ContainsVariation=No	_	_	_	_	_	_
510-3	PKP130	510	3	dottorato	dottorato	_	_	_	_	_	linguistic	_	ContainsVariation=No	_	_	_	_	_	_
510-4	PKP130	510	4	di	di	_	_	_	_	_	linguistic	_	ContainsVariation=No	_	_	_	_	_	_
510-5	PKP130	510	5	chiara:	chiara	_	_	_	_	_	linguistic	_	ContainsVariation=No	_	_	5x1	_	_	_
510-6	PKP130	510	6	chiara	chiara	_	_	_	_	_	linguistic	_	ContainsVariation=No	_	_	_	_	_	_
510-7	PKP130	510	7	arriverà	arriverà	_	_	_	_	_	linguistic	_	ContainsVariation=No	_	_	_	_	_	_
510-8	PKP130	510	8	a	a	_	_	_	_	_	linguistic	_	ContainsVariation=No	_	_	_	_	_	_
510-9	PKP130	510	9	trent'	trent'	_	_	_	_	_	linguistic	_	ContainsVariation=No	SpaceAfter=No	_	_	_	_	_
510-10	PKP130	510	10	anni	anni	_	_	_	_	_	linguistic	_	ContainsVariation=No	_	_	_	_	_	_
510-11	PKP130	510	11	e	e	_	_	_	_	_	linguistic	_	ContainsVariation=No	_	_	_	_	_	_
510-12	PKP130	510	12	sarà	sarà	_	_	_	_	_	linguistic	_	ContainsVariation=No	_	_	_	_	_	_
510-13	PKP130	510	13	più	più	_	_	_	_	_	linguistic	_	ContainsVariation=No	_	_	_	_	_	_
510-14	PKP130	510	14	disoccupata	disoccupata	_	_	_	_	_	linguistic	_	ContainsVariation=No	_	_	_	_	_	_
510-15	PKP130	510	15	di	di	_	_	_	_	_	linguistic	_	ContainsVariation=No	_	_	_	_	_	_
510-16	PKP130	510	16	me	me	_	_	_	_	_	linguistic	_	ContainsVariation=No	_	End=1098.733	_	_	_	_
511-0	PKP125	511	0	((ride))	((ride))	_	_	_	_	_	nonverbalbehavior	_	ContainsVariation=No	_	Begin=1098.936|End=1099.328	_	_	_	_
512-0	PKP125	512	0	no	no	_	_	_	_	_	linguistic	_	ContainsVariation=No	_	Begin=1099.711	_	_	_	_
512-1	PKP125	512	1	ma	ma	_	_	_	_	_	linguistic	_	ContainsVariation=No	_	_	_	_	_	_
512-2	PKP125	512	2	chiara	chiara	_	_	_	_	_	linguistic	_	ContainsVariation=No	_	_	_	_	_	_
512-3	PKP125	512	3	marce'	marce'	_	_	_	_	_	linguistic	_	ContainsVariation=No	Truncated=Yes	_	_	_	_	_
512-4	PKP125	512	4	punta	punta	_	_	_	_	_	linguistic	_	ContainsVariation=No	_	_	_	_	_	_
512-5	PKP125	512	5	più	più	_	_	_	_	_	linguistic	_	ContainsVariation=No	_	_	_	_	_	_
512-6	PKP125	512	6	sull'	sull'	_	_	_	_	_	linguistic	_	ContainsVariation=No	SpaceAfter=No	_	_	_	_	_
512-7	PKP125	512	7	insegnamento	insegnamento	_	_	_	_	_	linguistic	_	ContainsVariation=No	_	End=1102.194	_	_	_	_
513-0	PKP125	513	0	però:	però	_	_	_	_	_	linguistic	_	ContainsVariation=No	_	Begin=1102.247	3x1	_	_	_
513-1	PKP125	513	1	ha	ha	_	_	_	_	_	linguistic	_	ContainsVariation=No	_	_	_	_	_	_
513-2	PKP125	513	2	detto	detto	_	_	_	_	_	linguistic	_	ContainsVariation=No	_	_	_	_	_	_
513-3	PKP125	513	3	vabbè	vabbè	_	_	_	_	_	linguistic	_	ContainsVariation=No	_	_	_	_	_	_
513-4	PKP125	513	4	ci	ci	_	_	_	_	_	linguistic	_	ContainsVariation=No	_	_	_	_	_	_
513-5	PKP125	513	5	voglio	voglio	_	_	_	_	_	linguistic	_	ContainsVariation=No	_	_	_	_	_	_
513-6	PKP125	513	6	provare:.	provare	_	_	_	_	_	linguistic	_	ContainsVariation=No	Intonation=Falling	End=1104.597	6x1	_	_	_
514-0	PKP125	514	0	anche	anche	_	_	_	_	_	linguistic	_	ContainsVariation=No	_	Begin=1105.584	_	_	_	_
514-1	PKP125	514	1	con	con	_	_	_	_	_	linguistic	_	ContainsVariation=No	_	_	_	_	_	_
514-2	PKP125	514	2	il	il	_	_	_	_	_	linguistic	_	ContainsVariation=No	_	_	_	_	_	_
514-3	PKP125	514	3	dottorato:.	dottorato	_	_	_	_	_	linguistic	_	ContainsVariation=No	Intonation=Falling	End=1107.134	8x1	_	_	_
515-0	PKP125	515	0	>marce'<	marce'	_	_	_	_	_	linguistic	_	ContainsVariation=No	Truncated=Yes	Begin=1110.538	_	Fast=0-6(0)	_	_
515-1	PKP125	515	1	o	o	_	_	_	_	_	linguistic	_	ContainsVariation=No	_	_	_	_	_	_
515-2	PKP125	515	2	provi	provi	_	_	_	_	_	linguistic	_	ContainsVariation=No	_	_	_	_	_	_
515-3	PKP125	515	3	mo	mo	_	_	_	_	_	linguistic	_	ContainsVariation=No	_	_	_	_	_	_
515-4	PKP125	515	4	o	o	_	_	_	_	_	linguistic	_	ContainsVariation=No	_	_	_	_	_	_
515-5	PKP125	515	5	non	non	_	_	_	_	_	linguistic	_	ContainsVariation=No	_	_	_	_	_	_
515-6	PKP125	515	6	provi	provi	_	_	_	_	_	linguistic	_	ContainsVariation=No	_	_	_	_	_	_
515-7	PKP125	515	7	più	più	_	_	_	_	_	linguistic	_	ContainsVariation=No	_	End=1112.229	_	_	_	_
516-0	PKP130	516	0	SÌ	sì	_	_	_	_	_	linguistic	_	ContainsVariation=No	Volume=high	Begin=1112.82	_	_	_	_
516-1	PKP130	516	1	infatti	infatti	_	_	_	_	_	linguistic	_	ContainsVariation=No	_	_	_	_	_	_
516-2	PKP130	516	2	p(er)ché	perché	_	_	_	_	_	linguistic	_	ContainsVariation=No	Reduced=Yes	_	_	_	_	_
516-3	PKP130	516	3	se	se	_	_	_	_	_	linguistic	_	ContainsVariation=No	_	_	_	_	_	_
516-4	PKP130	516	4	no	no	_	_	_	_	_	linguistic	_	ContainsVariation=No	_	_	_	_	_	_
516-5	PKP130	516	5	poi	poi	_	_	_	_	_	linguistic	_	ContainsVariation=No	_	_	_	_	_	_
516-6	PKP130	516	6	ti	ti	_	_	_	_	_	linguistic	_	ContainsVariation=No	_	_	_	_	_	_
516-7	PKP130	516	7	metti	metti	_	_	_	_	_	linguistic	_	ContainsVariation=No	_	_	_	_	_	_
516-8	PKP130	516	8	in	in	_	_	_	_	_	linguistic	_	ContainsVariation=No	_	_	_	_	_	_
516-9	PKP130	516	9	altre	altre	_	_	_	_	_	linguistic	_	ContainsVariation=No	_	_	_	_	_	_
516-10	PKP130	516	10	situazioni	situazioni	_	_	_	_	_	linguistic	_	ContainsVariation=No	_	_	_	_	_	_
516-11	PKP130	516	11	>ti	ti	_	_	_	_	_	linguistic	_	ContainsVariation=No	_	_	_	Fast=0-2(0)	_	_
516-12	PKP130	516	12	ri[peto<]	ripeto	_	_	_	_	_	linguistic	_	ContainsVariation=No	_	_	_	Fast=0-6(0)	_	2-6(60)
516-13	PKP130	516	13	se	se	_	_	_	_	_	linguistic	_	ContainsVariation=No	_	_	_	_	_	_
516-14	PKP130	516	14	tornassi	tornassi	_	_	_	_	_	linguistic	_	ContainsVariation=No	_	_	_	_	_	_
516-15	PKP130	516	15	indietro	indietro	_	_	_	_	_	linguistic	_	ContainsVariation=No	_	_	_	_	_	_
516-16	PKP130	516	16	lo	lo	_	_	_	_	_	linguistic	_	ContainsVariation=No	_	_	_	_	_	_
516-17	PKP130	516	17	farei	farei	_	_	_	_	_	linguistic	_	ContainsVariation=No	_	_	_	_	_	_
516-18	PKP130	516	18	[sub~]	sub~	_	_	_	_	_	linguistic	_	ContainsVariation=No	Interrupted=Yes	End=1117.952	_	_	_	0-4(61)
517-0	PKP125	517	0	[e::h]	eh	_	_	_	_	_	linguistic	_	ContainsVariation=No	_	Begin=1115.985|End=1116.501	0x2	_	_	0-2(60)
518-0	PKP125	518	0	[a	a	_	_	_	_	_	linguistic	_	ContainsVariation=No	_	Begin=1117.38	_	_	_	0-1(?)
518-1	PKP125	518	1	TRENT'	trent'	_	_	_	_	_	linguistic	_	ContainsVariation=No	SpaceAfter=No|Volume=high	_	_	_	_	0-6(?)
518-2	PKP125	518	2	ANNI]	anni	_	_	_	_	_	linguistic	_	ContainsVariation=No	Volume=high	End=1118.43	_	_	_	0-4(?)
519-0	PKP130	519	0	[ANCHE]	anche	_	_	_	_	_	linguistic	_	ContainsVariation=No	Volume=high	Begin=1117.998	_	_	_	0-5(62)
519-1	PKP130	519	1	PERCHÈ	perchè	_	_	_	_	_	linguistic	_	ContainsVariation=No	Volume=high	_	_	_	_	_
519-2	PKP130	519	2	avevo	avevo	_	_	_	_	_	linguistic	_	ContainsVariation=No	_	_	_	_	_	_
519-3	PKP130	519	3	la	la	_	_	_	_	_	linguistic	_	ContainsVariation=No	_	_	_	_	_	_
519-4	PKP130	519	4	loro	loro	_	_	_	_	_	linguistic	_	ContainsVariation=No	_	_	_	_	_	_
519-5	PKP130	519	5	età	età	_	_	_	_	_	linguistic	_	ContainsVariation=No	_	End=1119.615	_	_	_	_
520-0	PKP130	520	0	io	io	_	_	_	_	_	linguistic	_	ContainsVariation=No	_	Begin=1120.126	_	_	_	_
520-1	PKP130	520	1	avevo:::	avevo	_	_	_	_	_	linguistic	_	ContainsVariation=No	_	_	4x3	_	_	_
520-2	PKP130	520	2	IO	io	_	_	_	_	_	linguistic	_	ContainsVariation=No	Volume=high	_	_	_	_	_
520-3	PKP130	520	3	ero	ero	_	_	_	_	_	linguistic	_	ContainsVariation=No	_	_	_	_	_	_
520-4	PKP130	520	4	più	più	_	_	_	_	_	linguistic	_	ContainsVariation=No	_	_	_	_	_	_
520-5	PKP130	520	5	giovane	giovane	_	_	_	_	_	linguistic	_	ContainsVariation=No	_	_	_	_	_	_
520-6	PKP130	520	6	pure	pure	_	_	_	_	_	linguistic	_	ContainsVariation=No	_	_	_	_	_	_
520-7	PKP130	520	7	loro	loro	_	_	_	_	_	linguistic	_	ContainsVariation=No	_	_	_	_	_	_
520-8	PKP130	520	8	quanti	quanti	_	_	_	_	_	linguistic	_	ContainsVariation=No	_	_	_	_	_	_
520-9	PKP130	520	9	anni	anni	_	_	_	_	_	linguistic	_	ContainsVariation=No	_	_	_	_	_	_
520-10	PKP130	520	10	hanno	hanno	_	_	_	_	_	linguistic	_	ContainsVariation=No	_	_	_	_	_	_
520-11	PKP130	520	11	ventisei	ventisei	_	_	_	_	_	linguistic	_	ContainsVariation=No	_	_	_	_	_	_
520-12	PKP130	520	12	<compiuti>?	compiuti	_	_	_	_	_	linguistic	_	ContainsVariation=No	Intonation=Rising	End=1124.11	_	Slow=0-8(0)	_	_
521-0	PKP125	521	0	ventisei	ventisei	_	_	_	_	_	linguistic	_	ContainsVariation=No	_	Begin=1124.638	_	_	_	_
521-1	PKP125	521	1	sì	sì	_	_	_	_	_	linguistic	_	ContainsVariation=No	_	End=1125.23	_	_	_	_
522-0	PKP130	522	0	ventisei	ventisei	_	_	_	_	_	linguistic	_	ContainsVariation=No	_	Begin=1125.271	_	_	_	_
522-1	PKP130	522	1	io	io	_	_	_	_	_	linguistic	_	ContainsVariation=No	_	_	_	_	_	_
522-2	PKP130	522	2	ne	ne	_	_	_	_	_	linguistic	_	ContainsVariation=No	_	_	_	_	_	_
522-3	PKP130	522	3	avevo	avevo	_	_	_	_	_	linguistic	_	ContainsVariation=No	_	_	_	_	_	_
522-4	PKP130	522	4	venticinque	venticinque	_	_	_	_	_	linguistic	_	ContainsVariation=No	_	End=1126.996	_	_	_	_
523-0	PKP130	523	0	che	che	_	_	_	_	_	linguistic	_	ContainsVariation=No	_	Begin=1127.295	_	_	_	_
523-1	PKP130	523	1	avendo	avendo	_	_	_	_	_	linguistic	_	ContainsVariation=No	_	_	_	_	_	_
523-2	PKP130	523	2	fatto	fatto	_	_	_	_	_	linguistic	_	ContainsVariation=No	_	_	_	_	_	_
523-3	PKP130	523	3	la	la	_	_	_	_	_	linguistic	_	ContainsVariation=No	_	_	_	_	_	_
523-4	PKP130	523	4	primina:	primina	_	_	_	_	_	linguistic	_	ContainsVariation=No	_	End=1128.595	6x1	_	_	_
524-0	PKP130	524	0	NO:	no	_	_	_	_	_	linguistic	_	ContainsVariation=No	Volume=high	Begin=1128.649|End=1128.949	1x1	_	_	_
525-0	PKP130	525	0	non	non	_	_	_	_	_	linguistic	_	ContainsVariation=No	_	Begin=1129.578	_	_	_	_
525-1	PKP130	525	1	c'	c'	_	_	_	_	_	linguistic	_	ContainsVariation=No	SpaceAfter=No	_	_	_	_	_
525-2	PKP130	525	2	entra	entra	_	_	_	_	_	linguistic	_	ContainsVariation=No	_	End=1130.428	_	_	_	_
526-0	PKP130	526	0	io	io	_	_	_	_	_	linguistic	_	ContainsVariation=No	_	Begin=1130.498	_	_	_	_
526-1	PKP130	526	1	ho	ho	_	_	_	_	_	linguistic	_	ContainsVariation=No	_	_	_	_	_	_
526-2	PKP130	526	2	fatto	fatto	_	_	_	_	_	linguistic	_	ContainsVariation=No	_	_	_	_	_	_
526-3	PKP130	526	3	comunque	comunque	_	_	_	_	_	linguistic	_	ContainsVariation=No	_	_	_	_	_	_
526-4	PKP130	526	4	prima	prima	_	_	_	_	_	linguistic	_	ContainsVariation=No	_	_	_	_	_	_
526-5	PKP130	526	5	di	di	_	_	_	_	_	linguistic	_	ContainsVariation=No	_	_	_	_	_	_
526-6	PKP130	526	6	<loro>	loro	_	_	_	_	_	linguistic	_	ContainsVariation=No	_	End=1131.99	_	Slow=0-4(0)	_	_
527-0	PKP130	527	0	perché	perché	_	_	_	_	_	linguistic	_	ContainsVariation=No	_	Begin=1132.714	_	_	_	_
527-1	PKP130	527	1	ho	ho	_	_	_	_	_	linguistic	_	ContainsVariation=No	_	_	_	_	_	_
527-2	PKP130	527	2	fatto	fatto	_	_	_	_	_	linguistic	_	ContainsVariation=No	_	_	_	_	_	_
527-3	PKP130	527	3	la	la	_	_	_	_	_	linguistic	_	ContainsVariation=No	_	_	_	_	_	_
527-4	PKP130	527	4	primina	primina	_	_	_	_	_	linguistic	_	ContainsVariation=No	_	_	_	_	_	_
527-5	PKP130	527	5	però	però	_	_	_	_	_	linguistic	_	ContainsVariation=No	_	_	_	_	_	_
527-6	PKP130	527	6	ho	ho	_	_	_	_	_	linguistic	_	ContainsVariation=No	_	_	_	_	_	_
527-7	PKP130	527	7	lasciato	lasciato	_	_	_	_	_	linguistic	_	ContainsVariation=No	_	_	_	_	_	_
527-8	PKP130	527	8	<un	un	_	_	_	_	_	linguistic	_	ContainsVariation=No	_	_	_	Slow=0-2(0)	_	_
527-9	PKP130	527	9	anno>	anno	_	_	_	_	_	linguistic	_	ContainsVariation=No	_	End=1134.831	_	Slow=0-4(0)	_	_
528-0	PKP130	528	0	io	io	_	_	_	_	_	linguistic	_	ContainsVariation=No	_	Begin=1134.884	_	_	_	_
528-1	PKP130	528	1	ho	ho	_	_	_	_	_	linguistic	_	ContainsVariation=No	_	_	_	_	_	_
528-2	PKP130	528	2	finito	finito	_	_	_	_	_	linguistic	_	ContainsVariation=No	_	_	_	_	_	_
528-3	PKP130	528	3	a	a	_	_	_	_	_	linguistic	_	ContainsVariation=No	_	_	_	_	_	_
528-4	PKP130	528	4	venticinque	venticinque	_	_	_	_	_	linguistic	_	ContainsVariation=No	_	_	_	_	_	_
528-5	PKP130	528	5	<anni>	anni	_	_	_	_	_	linguistic	_	ContainsVariation=No	_	End=1136.317	_	Slow=0-4(0)	_	_
529-0	PKP130	529	0	ventisei	ventisei	_	_	_	_	_	linguistic	_	ContainsVariation=No	_	Begin=1136.954	_	_	_	_
529-1	PKP130	529	1	li	li	_	_	_	_	_	linguistic	_	ContainsVariation=No	_	_	_	_	_	_
529-2	PKP130	529	2	ho	ho	_	_	_	_	_	linguistic	_	ContainsVariation=No	_	_	_	_	_	_
529-3	PKP130	529	3	compiuti	compiuti	_	_	_	_	_	linguistic	_	ContainsVariation=No	_	_	_	_	_	_
529-4	PKP130	529	4	l'	l'	_	_	_	_	_	linguistic	_	ContainsVariation=No	SpaceAfter=No	_	_	_	_	_
529-5	PKP130	529	5	anno	anno	_	_	_	_	_	linguistic	_	ContainsVariation=No	_	_	_	_	_	_
529-6	PKP130	529	6	dopo	dopo	_	_	_	_	_	linguistic	_	ContainsVariation=No	_	End=1138.554	_	_	_	_
530-0	PKP130	530	0	vabbè	vabbè	_	_	_	_	_	linguistic	_	ContainsVariation=No	_	Begin=1138.649	_	_	_	_
530-1	PKP130	530	1	ja	ja	_	_	_	_	_	linguistic	_	ContainsVariation=No	_	_	_	_	_	_
530-2	PKP130	530	2	ventisei	ventisei	_	_	_	_	_	linguistic	_	ContainsVariation=No	_	_	_	_	_	_
530-3	PKP130	530	3	venticinque	venticinque	_	_	_	_	_	linguistic	_	ContainsVariation=No	_	_	_	_	_	_
530-4	PKP130	530	4	e	e	_	_	_	_	_	linguistic	_	ContainsVariation=No	_	_	_	_	_	_
530-5	PKP130	530	5	mezzo	mezzo	_	_	_	_	_	linguistic	_	ContainsVariation=No	_	End=1140.716	_	_	_	_
531-0	PKP125	531	0	vabbè	vabbè	_	_	_	_	_	linguistic	_	ContainsVariation=No	_	Begin=1140.769	_	_	_	_
531-1	PKP125	531	1	quello	quello	_	_	_	_	_	linguistic	_	ContainsVariation=No	_	_	_	_	_	_
531-2	PKP125	531	2	avevate	avevate	_	_	_	_	_	linguistic	_	ContainsVariation=No	_	End=1141.586	_	_	_	_
532-0	PKP125	532	0	su	su	_	_	_	_	_	linguistic	_	ContainsVariation=No	_	Begin=1141.956|End=1142.106	_	_	_	_
533-0	PKP130	533	0	vabbè	vabbè	_	_	_	_	_	linguistic	_	ContainsVariation=No	_	Begin=1145.665	_	_	_	_
533-1	PKP130	533	1	e::h	eh	_	_	_	_	_	linguistic	_	ContainsVariation=No	_	End=1146.515	0x2	_	_	_
534-0	PKP130	534	0	loro	loro	_	_	_	_	_	linguistic	_	ContainsVariation=No	_	Begin=1146.577	_	_	_	_
534-1	PKP130	534	1	fanno	fanno	_	_	_	_	_	linguistic	_	ContainsVariation=No	_	_	_	_	_	_
534-2	PKP130	534	2	fanno	fanno	_	_	_	_	_	linguistic	_	ContainsVariation=No	_	_	_	_	_	_
534-3	PKP130	534	3	bene	bene	_	_	_	_	_	linguistic	_	ContainsVariation=No	_	_	_	_	_	_
534-4	PKP130	534	4	hanno	hanno	_	_	_	_	_	linguistic	_	ContainsVariation=No	_	_	_	_	_	_
534-5	PKP130	534	5	la	la	_	_	_	_	_	linguistic	_	ContainsVariation=No	_	_	_	_	_	_
534-6	PKP130	534	6	l~	l~	_	_	_	_	_	linguistic	_	ContainsVariation=No	Interrupted=Yes	_	_	_	_	_
534-7	PKP130	534	7	la	la	_	_	_	_	_	linguistic	_	ContainsVariation=No	_	_	_	_	_	_
534-8	PKP130	534	8	mia	mia	_	_	_	_	_	linguistic	_	ContainsVariation=No	_	_	_	_	_	_
534-9	PKP130	534	9	approvazione	approvazione	_	_	_	_	_	linguistic	_	ContainsVariation=No	_	End=1148.71	_	_	_	_
535-0	PKP125	535	0	MA	ma	_	_	_	_	_	linguistic	_	ContainsVariation=No	Volume=high	Begin=1148.744	_	_	_	_
535-1	PKP125	535	1	sono:	sono	_	_	_	_	_	linguistic	_	ContainsVariation=No	_	_	3x1	_	_	_
535-2	PKP125	535	2	dottorati	dottorati	_	_	_	_	_	linguistic	_	ContainsVariation=No	_	_	_	_	_	_
535-3	PKP125	535	3	in	in	_	_	_	_	_	linguistic	_	ContainsVariation=No	_	_	_	_	_	_
535-4	PKP125	535	4	<letteratura>	letteratura	_	_	_	_	_	linguistic	_	ContainsVariation=No	_	_	_	Slow=0-11(0)	_	_
535-5	PKP125	535	5	roba:	roba	_	_	_	_	_	linguistic	_	ContainsVariation=No	_	End=1151.244	3x1	_	_	_
536-0	PKP125	536	0	no	no	_	_	_	_	_	linguistic	_	ContainsVariation=No	_	Begin=1151.306	_	_	_	_
536-1	PKP125	536	1	be:h	beh	_	_	_	_	_	linguistic	_	ContainsVariation=No	_	_	1x1	_	_	_
536-2	PKP125	536	2	chiara	chiara	_	_	_	_	_	linguistic	_	ContainsVariation=No	_	_	_	_	_	_
536-3	PKP125	536	3	in:	in	_	_	_	_	_	linguistic	_	ContainsVariation=No	_	_	1x1	_	_	_
536-4	PKP125	536	4	hm::	hm	_	_	_	_	_	linguistic	_	ContainsVariation=No	_	End=1153.298	1x2	_	_	_
537-0	PKP125	537	0	in:	in	_	_	_	_	_	linguistic	_	ContainsVariation=No	_	Begin=1155.347	1x1	_	_	_
537-1	PKP125	537	1	e::h	eh	_	_	_	_	_	linguistic	_	ContainsVariation=No	_	End=1156.439	0x2	_	_	_
538-0	PKP125	538	0	filologia,	filologia	_	_	_	_	_	linguistic	_	ContainsVariation=No	Intonation=WeaklyRising	Begin=1158.488|End=1159.313	_	_	_	_
539-0	PKP130	539	0	m::h	mh	_	_	_	_	_	linguistic	_	ContainsVariation=No	_	Begin=1159.679|End=1160.445	0x2	_	_	_
540-0	PKP125	540	0	o	o	_	_	_	_	_	linguistic	_	ContainsVariation=No	_	Begin=1161.282	_	_	_	_
540-1	PKP125	540	1	no?	no	_	_	_	_	_	linguistic	_	ContainsVariation=No	Intonation=Rising	End=1161.724	_	_	_	_
541-0	PKP125	541	0	o	o	_	_	_	_	_	linguistic	_	ContainsVariation=No	_	Begin=1161.848	_	_	_	_
541-1	PKP125	541	1	<PALEOGRAFIA>,	paleografia	_	_	_	_	_	linguistic	_	ContainsVariation=No	Intonation=WeaklyRising|Volume=high	End=1163.023	_	Slow=0-11(0)	_	_
542-0	PKP130	542	0	eh	eh	_	_	_	_	_	linguistic	_	ContainsVariation=No	_	Begin=1163.822	_	_	_	_
542-1	PKP130	542	1	ma	ma	_	_	_	_	_	linguistic	_	ContainsVariation=No	_	_	_	_	_	_
542-2	PKP130	542	2	a	a	_	_	_	_	_	linguistic	_	ContainsVariation=No	_	_	_	_	_	_
542-3	PKP130	542	3	che	che	_	_	_	_	_	linguistic	_	ContainsVariation=No	_	_	_	_	_	_
542-4	PKP130	542	4	ti	ti	_	_	_	_	_	linguistic	_	ContainsVariation=No	_	_	_	_	_	_
542-5	PKP130	542	5	servirà	servirà	_	_	_	_	_	linguistic	_	ContainsVariation=No	_	_	_	_	_	_
542-6	PKP130	542	6	poi	poi	_	_	_	_	_	linguistic	_	ContainsVariation=No	_	_	_	_	_	_
542-7	PKP130	542	7	all'	all'	_	_	_	_	_	linguistic	_	ContainsVariation=No	SpaceAfter=No	_	_	_	_	_
542-8	PKP130	542	8	insegnamento	insegnamento	_	_	_	_	_	linguistic	_	ContainsVariation=No	_	_	_	_	_	_
542-9	PKP130	542	9	universitario?	universitario	_	_	_	_	_	linguistic	_	ContainsVariation=No	Intonation=Rising	End=1166.251	_	_	_	_
543-0	PKP130	543	0	vogliono	vogliono	_	_	_	_	_	linguistic	_	ContainsVariation=No	_	Begin=1166.309	_	_	_	_
543-1	PKP130	543	1	puntare	puntare	_	_	_	_	_	linguistic	_	ContainsVariation=No	_	_	_	_	_	_
543-2	PKP130	543	2	a	a	_	_	_	_	_	linguistic	_	ContainsVariation=No	_	_	_	_	_	_
543-3	PKP130	543	3	QUELLO?	quello	_	_	_	_	_	linguistic	_	ContainsVariation=No	Intonation=Rising|Volume=high	End=1167.567	_	_	_	_
544-0	PKP125	544	0	penso	penso	_	_	_	_	_	linguistic	_	ContainsVariation=No	_	Begin=1168.35	_	_	_	_
544-1	PKP125	544	1	di	di	_	_	_	_	_	linguistic	_	ContainsVariation=No	_	_	_	_	_	_
544-2	PKP125	544	2	sì,	sì	_	_	_	_	_	linguistic	_	ContainsVariation=No	Intonation=WeaklyRising	End=1169.108	_	_	_	_
545-0	PKP125	545	0	la	la	_	_	_	_	_	linguistic	_	ContainsVariation=No	_	Begin=1170.691	_	_	_	_
545-1	PKP125	545	1	ricerca	ricerca	_	_	_	_	_	linguistic	_	ContainsVariation=No	_	_	_	_	_	_
545-2	PKP125	545	2	non	non	_	_	_	_	_	linguistic	_	ContainsVariation=No	_	_	_	_	_	_
545-3	PKP125	545	3	so	so	_	_	_	_	_	linguistic	_	ContainsVariation=No	_	End=1171.758	_	_	_	_
546-0	PKP125	546	0	penso	penso	_	_	_	_	_	linguistic	_	ContainsVariation=No	_	Begin=1172.353	_	_	_	_
546-1	PKP125	546	1	di	di	_	_	_	_	_	linguistic	_	ContainsVariation=No	_	_	_	_	_	_
546-2	PKP125	546	2	sì	sì	_	_	_	_	_	linguistic	_	ContainsVariation=No	_	End=1173.078	_	_	_	_
547-0	PKP130	547	0	alla	alla	_	_	_	_	_	linguistic	_	ContainsVariation=No	_	Begin=1173.594	_	_	_	_
547-1	PKP130	547	1	ricer[ca]?	ricerca	_	_	_	_	_	linguistic	_	ContainsVariation=No	Intonation=Rising	End=1174.185	_	_	_	5-7(63)
548-0	PKP125	548	0	[IL]	il	_	_	_	_	_	linguistic	_	ContainsVariation=No	Volume=high	Begin=1174.134	_	_	_	0-2(63)
548-1	PKP125	548	1	CONCORSO	concorso	_	_	_	_	_	linguistic	_	ContainsVariation=No	Volume=high	_	_	_	_	_
548-2	PKP125	548	2	loro	loro	_	_	_	_	_	linguistic	_	ContainsVariation=No	_	_	_	_	_	_
548-3	PKP125	548	3	hanno	hanno	_	_	_	_	_	linguistic	_	ContainsVariation=No	_	_	_	_	_	_
548-4	PKP125	548	4	detto	detto	_	_	_	_	_	linguistic	_	ContainsVariation=No	_	_	_	_	_	_
548-5	PKP125	548	5	entrambe	entrambe	_	_	_	_	_	linguistic	_	ContainsVariation=No	_	_	_	_	_	_
548-6	PKP125	548	6	che	che	_	_	_	_	_	linguistic	_	ContainsVariation=No	_	_	_	_	_	_
548-7	PKP125	548	7	l'	l'	_	_	_	_	_	linguistic	_	ContainsVariation=No	SpaceAfter=No	_	_	_	_	_
548-8	PKP125	548	8	avrebbero	avrebbero	_	_	_	_	_	linguistic	_	ContainsVariation=No	_	_	_	_	_	_
548-9	PKP125	548	9	fa:tto	fatto	_	_	_	_	_	linguistic	_	ContainsVariation=No	_	End=1176.793	1x1	_	_	_
549-0	PKP130	549	0	MA	ma	_	_	_	_	_	linguistic	_	ContainsVariation=No	Volume=high	Begin=1176.85	_	_	_	_
549-1	PKP130	549	1	DEVONO	devono	_	_	_	_	_	linguistic	_	ContainsVariation=No	Volume=high	_	_	_	_	_
549-2	PKP130	549	2	farlo	farlo	_	_	_	_	_	linguistic	_	ContainsVariation=No	_	_	_	_	_	_
549-3	PKP130	549	3	ma	ma	_	_	_	_	_	linguistic	_	ContainsVariation=No	_	_	_	_	_	_
549-4	PKP130	549	4	si	si	_	_	_	_	_	linguistic	_	ContainsVariation=No	_	_	_	_	_	_
549-5	PKP130	549	5	sono	sono	_	_	_	_	_	linguistic	_	ContainsVariation=No	_	_	_	_	_	_
549-6	PKP130	549	6	inserite	inserite	_	_	_	_	_	linguistic	_	ContainsVariation=No	_	_	_	_	_	_
549-7	PKP130	549	7	pure	pure	_	_	_	_	_	linguistic	_	ContainsVariation=No	_	_	_	_	_	_
549-8	PKP130	549	8	in	in	_	_	_	_	_	linguistic	_	ContainsVariation=No	_	_	_	_	_	_
549-9	PKP130	549	9	graduatoria	graduatoria	_	_	_	_	_	linguistic	_	ContainsVariation=No	_	_	_	_	_	_
549-10	PKP130	549	10	nel	nel	_	_	_	_	_	linguistic	_	ContainsVariation=No	_	_	_	_	_	_
549-11	PKP130	549	11	gps?	gps	_	_	_	_	_	linguistic	_	ContainsVariation=No	Intonation=Rising	End=1180.85	_	_	_	_
550-0	PKP130	550	0	[che	che	_	_	_	_	_	linguistic	_	ContainsVariation=No	_	Begin=1181.187	_	_	_	0-3(64)
550-1	PKP130	550	1	gli]	gli	_	_	_	_	_	linguistic	_	ContainsVariation=No	_	_	_	_	_	0-3(64)
550-2	PKP130	550	2	costava?	costava	_	_	_	_	_	linguistic	_	ContainsVariation=No	Intonation=Rising	End=1182.029	_	_	_	_
551-0	PKP125	551	0	[°eh	eh	_	_	_	_	_	linguistic	_	ContainsVariation=No	Volume=low	Begin=1181.203	_	_	_	0-2(64)
551-1	PKP125	551	1	m:h°]	mh	_	_	_	_	_	linguistic	_	ContainsVariation=No	Volume=low	End=1181.712	0x1	_	_	0-2(64)
552-0	PKP130	552	0	hanno	hanno	_	_	_	_	_	linguistic	_	ContainsVariation=No	_	Begin=1182.286	_	_	_	_
552-1	PKP130	552	1	avuto	avuto	_	_	_	_	_	linguistic	_	ContainsVariation=No	_	_	_	_	_	_
552-2	PKP130	552	2	queste	queste	_	_	_	_	_	linguistic	_	ContainsVariation=No	_	_	_	_	_	_
552-3	PKP130	552	3	nuove	nuove	_	_	_	_	_	linguistic	_	ContainsVariation=No	_	_	_	_	_	_
552-4	PKP130	552	4	generazioni	generazioni	_	_	_	_	_	linguistic	_	ContainsVariation=No	_	_	_	_	_	_
552-5	PKP130	552	5	hanno	hanno	_	_	_	_	_	linguistic	_	ContainsVariation=No	_	_	_	_	_	_
552-6	PKP130	552	6	avuto	avuto	_	_	_	_	_	linguistic	_	ContainsVariation=No	_	_	_	_	_	_
552-7	PKP130	552	7	la	la	_	_	_	_	_	linguistic	_	ContainsVariation=No	_	_	_	_	_	_
552-8	PKP130	552	8	fortuna	fortuna	_	_	_	_	_	linguistic	_	ContainsVariation=No	_	_	_	_	_	_
552-9	PKP130	552	9	di	di	_	_	_	_	_	linguistic	_	ContainsVariation=No	_	_	_	_	_	_
552-10	PKP130	552	10	evitare	evitare	_	_	_	_	_	linguistic	_	ContainsVariation=No	_	_	_	_	_	_
552-11	PKP130	552	11	la	la	_	_	_	_	_	linguistic	_	ContainsVariation=No	_	_	_	_	_	_
552-12	PKP130	552	12	domanda	domanda	_	_	_	_	_	linguistic	_	ContainsVariation=No	_	_	_	_	_	_
552-13	PKP130	552	13	<cartacea>.	cartacea	_	_	_	_	_	linguistic	_	ContainsVariation=No	Intonation=Falling	End=1187.252	_	Slow=0-8(0)	_	_
553-0	PKP130	553	0	che	che	_	_	_	_	_	linguistic	_	ContainsVariation=No	_	Begin=1187.614	_	_	_	_
553-1	PKP130	553	1	è	è	_	_	_	_	_	linguistic	_	ContainsVariation=No	_	_	_	_	_	_
553-2	PKP130	553	2	stato	stato	_	_	_	_	_	linguistic	_	ContainsVariation=No	_	_	_	_	_	_
553-3	PKP130	553	3	ma	ma	_	_	_	_	_	linguistic	_	ContainsVariation=No	_	_	_	_	_	_
553-4	PKP130	553	4	tu	tu	_	_	_	_	_	linguistic	_	ContainsVariation=No	_	_	_	_	_	_
553-5	PKP130	553	5	ti	ti	_	_	_	_	_	linguistic	_	ContainsVariation=No	_	_	_	_	_	_
553-6	PKP130	553	6	ricordi	ricordi	_	_	_	_	_	linguistic	_	ContainsVariation=No	_	_	_	_	_	_
553-7	PKP130	553	7	io	io	_	_	_	_	_	linguistic	_	ContainsVariation=No	_	_	_	_	_	_
553-8	PKP130	553	8	quante	quante	_	_	_	_	_	linguistic	_	ContainsVariation=No	_	_	_	_	_	_
553-9	PKP130	553	9	domande	domande	_	_	_	_	_	linguistic	_	ContainsVariation=No	_	_	_	_	_	_
553-10	PKP130	553	10	stampavo	stampavo	_	_	_	_	_	linguistic	_	ContainsVariation=No	_	_	_	_	_	_
553-11	PKP130	553	11	quanta	quanta	_	_	_	_	_	linguistic	_	ContainsVariation=No	_	_	_	_	_	_
553-12	PKP130	553	12	carta	carta	_	_	_	_	_	linguistic	_	ContainsVariation=No	_	_	_	_	_	_
553-13	PKP130	553	13	[riciclavo].	riciclavo	_	_	_	_	_	linguistic	_	ContainsVariation=No	Intonation=Falling	End=1191.722	_	_	_	0-9(65)
554-0	PKP125	554	0	[m:h]	mh	_	_	_	_	_	linguistic	_	ContainsVariation=No	_	Begin=1191.197|End=1191.655	0x1	_	_	0-2(65)
555-0	PKP130	555	0	TI	ti	_	_	_	_	_	linguistic	_	ContainsVariation=No	Volume=high	Begin=1191.797	_	_	_	_
555-1	PKP130	555	1	RICORDI:?	ricordi	_	_	_	_	_	linguistic	_	ContainsVariation=No	Intonation=Rising|Volume=high	End=1192.422	6x1	_	_	_
556-0	PKP130	556	0	in	in	_	_	_	_	_	linguistic	_	ContainsVariation=No	_	Begin=1192.463	_	_	_	_
556-1	PKP130	556	1	due	due	_	_	_	_	_	linguistic	_	ContainsVariation=No	_	_	_	_	_	_
556-2	PKP130	556	2	tutte	tutte	_	_	_	_	_	linguistic	_	ContainsVariation=No	_	_	_	_	_	_
556-3	PKP130	556	3	e	e	_	_	_	_	_	linguistic	_	ContainsVariation=No	_	_	_	_	_	_
556-4	PKP130	556	4	[due	due	_	_	_	_	_	linguistic	_	ContainsVariation=No	_	_	_	_	_	0-3(66)
556-5	PKP130	556	5	le	le	_	_	_	_	_	linguistic	_	ContainsVariation=No	_	_	_	_	_	0-2(66)
556-6	PKP130	556	6	volte:].	volte	_	_	_	_	_	linguistic	_	ContainsVariation=No	Intonation=Falling	End=1194.205	4x1	_	_	0-5(66)
557-0	PKP125	557	0	[le	le	_	_	_	_	_	linguistic	_	ContainsVariation=No	_	Begin=1193.121	_	_	_	0-2(66)
557-1	PKP125	557	1	<mad>	mad	_	_	_	_	_	linguistic	_	ContainsVariation=No	_	_	_	Slow=0-3(0)	_	0-3(66)
557-2	PKP125	557	2	così	così	_	_	_	_	_	linguistic	_	ContainsVariation=No	_	_	_	_	_	0-4(66)
557-3	PKP125	557	3	le	le	_	_	_	_	_	linguistic	_	ContainsVariation=No	_	_	_	_	_	0-2(66)
557-4	PKP125	557	4	devi	devi	_	_	_	_	_	linguistic	_	ContainsVariation=No	_	_	_	_	_	0-4(66)
557-5	PKP125	557	5	rifare]?	rifare	_	_	_	_	_	linguistic	_	ContainsVariation=No	Intonation=Rising	End=1194.338	_	_	_	0-6(66)
558-0	PKP130	558	0	che	che	_	_	_	_	_	linguistic	_	ContainsVariation=No	_	Begin=1194.379	_	_	_	_
558-1	PKP130	558	1	COSA:?	cosa	_	_	_	_	_	linguistic	_	ContainsVariation=No	Intonation=Rising|Volume=high	End=1195.371	3x1	_	_	_
559-0	PKP125	559	0	le	le	_	_	_	_	_	linguistic	_	ContainsVariation=No	_	Begin=1195.499	_	_	_	_
559-1	PKP125	559	1	mad	mad	_	_	_	_	_	linguistic	_	ContainsVariation=No	_	_	_	_	_	_
559-2	PKP125	559	2	così	così	_	_	_	_	_	linguistic	_	ContainsVariation=No	_	_	_	_	_	_
559-3	PKP125	559	3	le	le	_	_	_	_	_	linguistic	_	ContainsVariation=No	_	_	_	_	_	_
559-4	PKP125	559	4	fai	fai	_	_	_	_	_	linguistic	_	ContainsVariation=No	_	End=1196.224	_	_	_	_
560-0	PKP130	560	0	no:	no	_	_	_	_	_	linguistic	_	ContainsVariation=No	_	Begin=1196.281	1x1	_	_	_
560-1	PKP130	560	1	le	le	_	_	_	_	_	linguistic	_	ContainsVariation=No	_	_	_	_	_	_
560-2	PKP130	560	2	mad	mad	_	_	_	_	_	linguistic	_	ContainsVariation=No	_	_	_	_	_	_
560-3	PKP130	560	3	le:	le	_	_	_	_	_	linguistic	_	ContainsVariation=No	_	_	1x1	_	_	_
560-4	PKP130	560	4	la:	la	_	_	_	_	_	linguistic	_	ContainsVariation=No	_	_	1x1	_	_	_
560-5	PKP130	560	5	proprio:	proprio	_	_	_	_	_	linguistic	_	ContainsVariation=No	_	_	6x1	_	_	_
560-6	PKP130	560	6	la	la	_	_	_	_	_	linguistic	_	ContainsVariation=No	_	_	_	_	_	_
560-7	PKP130	560	7	GRADUATORIA	graduatoria	_	_	_	_	_	linguistic	_	ContainsVariation=No	Volume=high	_	_	_	_	_
560-8	PKP130	560	8	l'	l'	_	_	_	_	_	linguistic	_	ContainsVariation=No	SpaceAfter=No	_	_	_	_	_
560-9	PKP130	560	9	inserimento	inserimento	_	_	_	_	_	linguistic	_	ContainsVariation=No	_	_	_	_	_	_
560-10	PKP130	560	10	in	in	_	_	_	_	_	linguistic	_	ContainsVariation=No	_	_	_	_	_	_
560-11	PKP130	560	11	graduatoria	graduatoria	_	_	_	_	_	linguistic	_	ContainsVariation=No	_	End=1200.54	_	_	_	_
561-0	PKP130	561	0	capito	capito	_	_	_	_	_	linguistic	_	ContainsVariation=No	_	Begin=1200.722	_	_	_	_
561-1	PKP130	561	1	no	no	_	_	_	_	_	linguistic	_	ContainsVariation=No	_	_	_	_	_	_
561-2	PKP130	561	2	[le	le	_	_	_	_	_	linguistic	_	ContainsVariation=No	_	_	_	_	_	0-2(67)
561-3	PKP130	561	3	mad]	mad	_	_	_	_	_	linguistic	_	ContainsVariation=No	_	_	_	_	_	0-3(67)
561-4	PKP130	561	4	lascia	lascia	_	_	_	_	_	linguistic	_	ContainsVariation=No	_	_	_	_	_	_
561-5	PKP130	561	5	stare	stare	_	_	_	_	_	linguistic	_	ContainsVariation=No	_	_	_	_	_	_
561-6	PKP130	561	6	le	le	_	_	_	_	_	linguistic	_	ContainsVariation=No	_	_	_	_	_	_
561-7	PKP130	561	7	mad	mad	_	_	_	_	_	linguistic	_	ContainsVariation=No	_	End=1203.064	_	_	_	_
562-0	PKP125	562	0	[m:h]	mh	_	_	_	_	_	linguistic	_	ContainsVariation=No	_	Begin=1201.304|End=1201.679	0x1	_	_	0-2(67)
563-0	PKP130	563	0	l'	l'	_	_	_	_	_	linguistic	_	ContainsVariation=No	SpaceAfter=No	Begin=1203.578	_	_	_	_
563-1	PKP130	563	1	inserimento	inserimento	_	_	_	_	_	linguistic	_	ContainsVariation=No	_	_	_	_	_	_
563-2	PKP130	563	2	in	in	_	_	_	_	_	linguistic	_	ContainsVariation=No	_	_	_	_	_	_
563-3	PKP130	563	3	graduatoria	graduatoria	_	_	_	_	_	linguistic	_	ContainsVariation=No	_	End=1205.178	_	_	_	_
564-0	PKP125	564	0	e	e	_	_	_	_	_	linguistic	_	ContainsVariation=No	_	Begin=1206.782	_	_	_	_
564-1	PKP125	564	1	dovevi	dovevi	_	_	_	_	_	linguistic	_	ContainsVariation=No	_	_	_	_	_	_
564-2	PKP125	564	2	farla	farla	_	_	_	_	_	linguistic	_	ContainsVariation=No	_	_	_	_	_	_
564-3	PKP125	564	3	cartacea?	cartacea	_	_	_	_	_	linguistic	_	ContainsVariation=No	Intonation=Rising	End=1208.215	_	_	_	_
565-0	PKP130	565	0	tutto	tutto	_	_	_	_	_	linguistic	_	ContainsVariation=No	_	Begin=1208.285	_	_	_	_
565-1	PKP130	565	1	cartaceo	cartaceo	_	_	_	_	_	linguistic	_	ContainsVariation=No	_	End=1209.377	_	_	_	_
566-0	PKP130	566	0	PO:I	poi	_	_	_	_	_	linguistic	_	ContainsVariation=No	Volume=high	Begin=1209.426	1x1	_	_	_
566-1	PKP130	566	1	sbaglia~	sbaglia~	_	_	_	_	_	linguistic	_	ContainsVariation=No	Interrupted=Yes	_	_	_	_	_
566-2	PKP130	566	2	io	io	_	_	_	_	_	linguistic	_	ContainsVariation=No	_	_	_	_	_	_
566-3	PKP130	566	3	poi	poi	_	_	_	_	_	linguistic	_	ContainsVariation=No	_	_	_	_	_	_
566-4	PKP130	566	4	ero	ero	_	_	_	_	_	linguistic	_	ContainsVariation=No	_	_	_	_	_	_
566-5	PKP130	566	5	fissa:ta	fissata	_	_	_	_	_	linguistic	_	ContainsVariation=No	_	_	4x1	_	_	_
566-6	PKP130	566	6	poi	poi	_	_	_	_	_	linguistic	_	ContainsVariation=No	_	_	_	_	_	_
566-7	PKP130	566	7	ovviamente	ovviamente	_	_	_	_	_	linguistic	_	ContainsVariation=No	_	_	_	_	_	_
566-8	PKP130	566	8	l'	l'	_	_	_	_	_	linguistic	_	ContainsVariation=No	SpaceAfter=No	_	_	_	_	_
566-9	PKP130	566	9	inesperienza	inesperienza	_	_	_	_	_	linguistic	_	ContainsVariation=No	_	_	_	_	_	_
566-10	PKP130	566	10	sbagliavi	sbagliavi	_	_	_	_	_	linguistic	_	ContainsVariation=No	_	_	_	_	_	_
566-11	PKP130	566	11	una	una	_	_	_	_	_	linguistic	_	ContainsVariation=No	_	_	_	_	_	_
566-12	PKP130	566	12	virgola?	virgola	_	_	_	_	_	linguistic	_	ContainsVariation=No	Intonation=Rising	End=1213.88	_	_	_	_
567-0	PKP130	567	0	maronna	maronna	_	_	_	_	_	linguistic	_	ContainsVariation=No	_	Begin=1213.922	_	_	_	_
567-1	PKP130	567	1	devo	devo	_	_	_	_	_	linguistic	_	ContainsVariation=No	_	_	_	_	_	_
567-2	PKP130	567	2	ristampare	ristampare	_	_	_	_	_	linguistic	_	ContainsVariation=No	_	End=1215.347	_	_	_	_
568-0	PKP130	568	0	comunque	comunque	_	_	_	_	_	linguistic	_	ContainsVariation=No	_	Begin=1215.688	_	_	_	_
568-1	PKP130	568	1	io	io	_	_	_	_	_	linguistic	_	ContainsVariation=No	_	_	_	_	_	_
568-2	PKP130	568	2	elisabetta	elisabetta	_	_	_	_	_	linguistic	_	ContainsVariation=No	_	_	_	_	_	_
568-3	PKP130	568	3	sa:ra.	sara	_	_	_	_	_	linguistic	_	ContainsVariation=No	Intonation=Falling	End=1217.588	1x1	_	_	_
569-0	PKP130	569	0	tutte	tutte	_	_	_	_	_	linguistic	_	ContainsVariation=No	_	Begin=1217.625	_	_	_	_
569-1	PKP130	569	1	quelle	quelle	_	_	_	_	_	linguistic	_	ContainsVariation=No	_	_	_	_	_	_
569-2	PKP130	569	2	che	che	_	_	_	_	_	linguistic	_	ContainsVariation=No	_	_	_	_	_	_
569-3	PKP130	569	3	facevano	facevano	_	_	_	_	_	linguistic	_	ContainsVariation=No	_	_	_	_	_	_
569-4	PKP130	569	4	la	la	_	_	_	_	_	linguistic	_	ContainsVariation=No	_	_	_	_	_	_
569-5	PKP130	569	5	<DOMANDA>	domanda	_	_	_	_	_	linguistic	_	ContainsVariation=No	Volume=high	End=1219.608	_	Slow=0-7(0)	_	_
570-0	PKP130	570	0	sprecavamo:	sprecavamo	_	_	_	_	_	linguistic	_	ContainsVariation=No	_	Begin=1219.84|End=1220.79	9x1	_	_	_
571-0	PKP130	571	0	guarda	guarda	_	_	_	_	_	linguistic	_	ContainsVariation=No	_	Begin=1220.916	_	_	_	_
571-1	PKP130	571	1	veramente	veramente	_	_	_	_	_	linguistic	_	ContainsVariation=No	_	_	_	_	_	_
571-2	PKP130	571	2	distruggevamo	distruggevamo	_	_	_	_	_	linguistic	_	ContainsVariation=No	_	_	_	_	_	_
571-3	PKP130	571	3	metà	metà	_	_	_	_	_	linguistic	_	ContainsVariation=No	_	_	_	_	_	_
571-4	PKP130	571	4	dell'	dell'	_	_	_	_	_	linguistic	_	ContainsVariation=No	SpaceAfter=No	_	_	_	_	_
571-5	PKP130	571	5	amazzonia	amazzonia	_	_	_	_	_	linguistic	_	ContainsVariation=No	_	End=1223.507	_	_	_	_
572-0	PKP130	572	0	questa	questa	_	_	_	_	_	linguistic	_	ContainsVariation=No	_	Begin=1223.573	_	_	_	_
572-1	PKP130	572	1	è	è	_	_	_	_	_	linguistic	_	ContainsVariation=No	_	_	_	_	_	_
572-2	PKP130	572	2	stata	stata	_	_	_	_	_	linguistic	_	ContainsVariation=No	_	_	_	_	_	_
572-3	PKP130	572	3	<comodissima>	comodissima	_	_	_	_	_	linguistic	_	ContainsVariation=No	_	End=1224.923	_	Slow=0-11(0)	_	_
573-0	PKP130	573	0	mo	mo	_	_	_	_	_	linguistic	_	ContainsVariation=No	_	Begin=1224.99	_	_	_	_
573-1	PKP130	573	1	lascia	lascia	_	_	_	_	_	linguistic	_	ContainsVariation=No	_	_	_	_	_	_
573-2	PKP130	573	2	stare	stare	_	_	_	_	_	linguistic	_	ContainsVariation=No	_	_	_	_	_	_
573-3	PKP130	573	3	gli	gli	_	_	_	_	_	linguistic	_	ContainsVariation=No	_	_	_	_	_	_
573-4	PKP130	573	4	errori	errori	_	_	_	_	_	linguistic	_	ContainsVariation=No	_	_	_	_	_	_
573-5	PKP130	573	5	che	che	_	_	_	_	_	linguistic	_	ContainsVariation=No	_	_	_	_	_	_
573-6	PKP130	573	6	ci	ci	_	_	_	_	_	linguistic	_	ContainsVariation=No	_	_	_	_	_	_
573-7	PKP130	573	7	saranno	saranno	_	_	_	_	_	linguistic	_	ContainsVariation=No	_	_	_	_	_	_
573-8	PKP130	573	8	ma	ma	_	_	_	_	_	linguistic	_	ContainsVariation=No	_	_	_	_	_	_
573-9	PKP130	573	9	gli	gli	_	_	_	_	_	linguistic	_	ContainsVariation=No	_	_	_	_	_	_
573-10	PKP130	573	10	errori	errori	_	_	_	_	_	linguistic	_	ContainsVariation=No	_	_	_	_	_	_
573-11	PKP130	573	11	li	li	_	_	_	_	_	linguistic	_	ContainsVariation=No	_	_	_	_	_	_
573-12	PKP130	573	12	fanno	fanno	_	_	_	_	_	linguistic	_	ContainsVariation=No	_	_	_	_	_	_
573-13	PKP130	573	13	pure	pure	_	_	_	_	_	linguistic	_	ContainsVariation=No	_	_	_	_	_	_
573-14	PKP130	573	14	in	in	_	_	_	_	_	linguistic	_	ContainsVariation=No	_	_	_	_	_	_
573-15	PKP130	573	15	modalità	modalità	_	_	_	_	_	linguistic	_	ContainsVariation=No	_	_	_	_	_	_
573-16	PKP130	573	16	cartacea	cartacea	_	_	_	_	_	linguistic	_	ContainsVariation=No	_	End=1228.69	_	_	_	_
574-0	PKP130	574	0	io	io	_	_	_	_	_	linguistic	_	ContainsVariation=No	_	Begin=1230.082	_	_	_	_
574-1	PKP130	574	1	l'	l'	_	_	_	_	_	linguistic	_	ContainsVariation=No	SpaceAfter=No	_	_	_	_	_
574-2	PKP130	574	2	ultima	ultima	_	_	_	_	_	linguistic	_	ContainsVariation=No	_	_	_	_	_	_
574-3	PKP130	574	3	domanda	domanda	_	_	_	_	_	linguistic	_	ContainsVariation=No	_	_	_	_	_	_
574-4	PKP130	574	4	[carta]cea	cartacea	_	_	_	_	_	linguistic	_	ContainsVariation=No	_	_	_	_	_	0-5(68)
574-5	PKP130	574	5	l'	l'	_	_	_	_	_	linguistic	_	ContainsVariation=No	SpaceAfter=No	_	_	_	_	_
574-6	PKP130	574	6	ho	ho	_	_	_	_	_	linguistic	_	ContainsVariation=No	_	_	_	Slow=1-2(0)	_	_
574-7	PKP130	574	7	<FATTA>,	fatta	_	_	_	_	_	linguistic	_	ContainsVariation=No	Intonation=WeaklyRising|Volume=high	End=1232.757	_	Slow=0-4(0)	_	_
575-0	PKP125	575	0	(bello)	bello	_	_	_	_	_	linguistic	_	ContainsVariation=No	_	Begin=1230.849|End=1231.166	_	_	0-5(0)	_
576-0	PKP130	576	0	l'	l'	_	_	_	_	_	linguistic	_	ContainsVariation=No	SpaceAfter=No	Begin=1232.991	_	_	_	_
576-1	PKP130	576	1	ho	ho	_	_	_	_	_	linguistic	_	ContainsVariation=No	_	_	_	_	_	_
576-2	PKP130	576	2	<FATTA>	fatta	_	_	_	_	_	linguistic	_	ContainsVariation=No	Volume=high	_	_	Slow=0-5(0)|Fast=4-5(0)	_	_
576-3	PKP130	576	3	nel	nel	_	_	_	_	_	linguistic	_	ContainsVariation=No	_	_	_	Fast=0-3(0)	_	_
576-4	PKP130	576	4	duemilaqui~	duemilaqui~	_	_	_	_	_	linguistic	_	ContainsVariation=No	Interrupted=Yes	_	_	Fast=0-11(0)	_	_
576-5	PKP130	576	5	diciassette	diciassette	_	_	_	_	_	linguistic	_	ContainsVariation=No	_	_	_	Fast=0-11(0)	_	_
576-6	PKP130	576	6	un	un	_	_	_	_	_	linguistic	_	ContainsVariation=No	_	_	_	Fast=0-2(0)	_	_
576-7	PKP130	576	7	mese	mese	_	_	_	_	_	linguistic	_	ContainsVariation=No	_	_	_	Fast=0-4(0)	_	_
576-8	PKP130	576	8	prima	prima	_	_	_	_	_	linguistic	_	ContainsVariation=No	_	_	_	Fast=0-5(0)	_	_
576-9	PKP130	576	9	di	di	_	_	_	_	_	linguistic	_	ContainsVariation=No	_	_	_	Fast=0-2(0)	_	_
576-10	PKP130	576	10	cominciare	cominciare	_	_	_	_	_	linguistic	_	ContainsVariation=No	_	_	_	Fast=0-10(0)	_	_
576-11	PKP130	576	11	il	il	_	_	_	_	_	linguistic	_	ContainsVariation=No	_	_	_	Fast=0-2(0)	_	_
576-12	PKP130	576	12	<(selta)>	selta	_	_	_	_	_	linguistic	_	ContainsVariation=No	_	End=1237.091	_	Slow=0-5(1)	0-5(0)	_
577-0	PKP130	577	0	e	e	_	_	_	_	_	linguistic	_	ContainsVariation=No	_	Begin=1237.224	_	_	_	_
577-1	PKP130	577	1	poi	poi	_	_	_	_	_	linguistic	_	ContainsVariation=No	_	_	_	_	_	_
577-2	PKP130	577	2	è	è	_	_	_	_	_	linguistic	_	ContainsVariation=No	_	_	_	_	_	_
577-3	PKP130	577	3	uscito	uscito	_	_	_	_	_	linguistic	_	ContainsVariation=No	_	_	_	_	_	_
577-4	PKP130	577	4	il	il	_	_	_	_	_	linguistic	_	ContainsVariation=No	_	_	_	_	_	_
577-5	PKP130	577	5	MODELLO	modello	_	_	_	_	_	linguistic	_	ContainsVariation=No	Volume=high	_	_	_	_	_
577-6	PKP130	577	6	B	b	_	_	_	_	_	linguistic	_	ContainsVariation=No	Volume=high	_	_	_	_	_
577-7	PKP130	577	7	che	che	_	_	_	_	_	linguistic	_	ContainsVariation=No	_	_	_	_	_	_
577-8	PKP130	577	8	però	però	_	_	_	_	_	linguistic	_	ContainsVariation=No	_	_	_	_	_	_
577-9	PKP130	577	9	era	era	_	_	_	_	_	linguistic	_	ContainsVariation=No	_	_	_	_	_	_
577-10	PKP130	577	10	online.	online	_	_	_	_	_	linguistic	_	ContainsVariation=No	Intonation=Falling	End=1239.952	_	_	_	_
578-0	PKP130	578	0	durante	durante	_	_	_	_	_	linguistic	_	ContainsVariation=No	_	Begin=1240.049	_	_	_	_
578-1	PKP130	578	1	il	il	_	_	_	_	_	linguistic	_	ContainsVariation=No	_	_	_	_	_	_
578-2	PKP130	578	2	selta	selta	_	_	_	_	_	linguistic	_	ContainsVariation=No	_	_	_	_	_	_
578-3	PKP130	578	3	di	di	_	_	_	_	_	linguistic	_	ContainsVariation=No	_	_	_	_	_	_
578-4	PKP130	578	4	quel	quel	_	_	_	_	_	linguistic	_	ContainsVariation=No	_	_	_	_	_	_
578-5	PKP130	578	5	ventidue	ventidue	_	_	_	_	_	linguistic	_	ContainsVariation=No	_	_	_	_	_	_
578-6	PKP130	578	6	luglio	luglio	_	_	_	_	_	linguistic	_	ContainsVariation=No	_	End=1242.315	_	_	_	_
579-0	PKP130	579	0	e	e	_	_	_	_	_	linguistic	_	ContainsVariation=No	_	Begin=1242.648	_	_	_	_
579-1	PKP130	579	1	la	la	_	_	_	_	_	linguistic	_	ContainsVariation=No	_	_	_	_	_	_
579-2	PKP130	579	2	<domanda	domanda	_	_	_	_	_	linguistic	_	ContainsVariation=No	_	_	_	Slow=0-7(0)	_	_
579-3	PKP130	579	3	cartacea>	cartacea	_	_	_	_	_	linguistic	_	ContainsVariation=No	_	_	_	Slow=0-8(0)	_	_
579-4	PKP130	579	4	il	il	_	_	_	_	_	linguistic	_	ContainsVariation=No	_	_	_	_	_	_
579-5	PKP130	579	5	liceo	liceo	_	_	_	_	_	linguistic	_	ContainsVariation=No	_	_	_	_	_	_
579-6	PKP130	579	6	scientifico	scientifico	_	_	_	_	_	linguistic	_	ContainsVariation=No	_	_	_	_	_	_
579-7	PKP130	579	7	di	di	_	_	_	_	_	linguistic	_	ContainsVariation=No	_	_	_	_	_	_
579-8	PKP130	579	8	mondragone	mondragone	_	_	_	_	_	linguistic	_	ContainsVariation=No	_	_	_	_	_	_
579-9	PKP130	579	9	mi	mi	_	_	_	_	_	linguistic	_	ContainsVariation=No	_	_	_	_	_	_
579-10	PKP130	579	10	attribuì	attribuì	_	_	_	_	_	linguistic	_	ContainsVariation=No	_	_	_	_	_	_
579-11	PKP130	579	11	e:h	eh	_	_	_	_	_	linguistic	_	ContainsVariation=No	_	End=1246.565	0x1	_	_	_
580-0	PKP130	580	0	mi	mi	_	_	_	_	_	linguistic	_	ContainsVariation=No	_	Begin=1246.798	_	_	_	_
580-1	PKP130	580	1	attribuì	attribuì	_	_	_	_	_	linguistic	_	ContainsVariation=No	PauseAfter=Yes	_	_	_	_	_
580-2	PKP130	580	2	(.)	(.)	_	_	_	_	_	shortpause	_	ContainsVariation=No	_	_	_	_	_	_
580-3	PKP130	580	3	dieci	dieci	_	_	_	_	_	linguistic	_	ContainsVariation=No	_	_	_	_	_	_
580-4	PKP130	580	4	punti	punti	_	_	_	_	_	linguistic	_	ContainsVariation=No	_	_	_	_	_	_
580-5	PKP130	580	5	in	in	_	_	_	_	_	linguistic	_	ContainsVariation=No	_	_	_	_	_	_
580-6	PKP130	580	6	più	più	_	_	_	_	_	linguistic	_	ContainsVariation=No	_	End=1248.54	_	_	_	_
581-0	PKP130	581	0	al	al	_	_	_	_	_	linguistic	_	ContainsVariation=No	_	Begin=1249.057	_	_	_	_
581-1	PKP130	581	1	posto	posto	_	_	_	_	_	linguistic	_	ContainsVariation=No	_	_	_	_	_	_
581-2	PKP130	581	2	di	di	_	_	_	_	_	linguistic	_	ContainsVariation=No	_	_	_	_	_	_
581-3	PKP130	581	3	centodiciotto	centodiciotto	_	_	_	_	_	linguistic	_	ContainsVariation=No	_	_	_	_	_	_
581-4	PKP130	581	4	punti	punti	_	_	_	_	_	linguistic	_	ContainsVariation=No	_	_	_	_	_	_
581-5	PKP130	581	5	centoventotto	centoventotto	_	_	_	_	_	linguistic	_	ContainsVariation=No	_	End=1251.816	_	_	_	_
582-0	PKP125	582	0	eh	eh	_	_	_	_	_	linguistic	_	ContainsVariation=No	_	Begin=1253.098	_	_	_	_
582-1	PKP125	582	1	che	che	_	_	_	_	_	linguistic	_	ContainsVariation=No	_	_	_	_	_	_
582-2	PKP125	582	2	tu	tu	_	_	_	_	_	linguistic	_	ContainsVariation=No	_	_	_	_	_	_
582-3	PKP125	582	3	dovesti:	dovesti	_	_	_	_	_	linguistic	_	ContainsVariation=No	_	_	6x1	_	_	_
582-4	PKP125	582	4	segnalarlo	segnalarlo	_	_	_	_	_	linguistic	_	ContainsVariation=No	_	_	_	_	_	_
582-5	PKP125	582	5	NO?	no	_	_	_	_	_	linguistic	_	ContainsVariation=No	Intonation=Rising|Volume=high	End=1254.902	_	_	_	_
583-0	PKP130	583	0	eh	eh	_	_	_	_	_	linguistic	_	ContainsVariation=No	_	Begin=1254.952	_	_	_	_
583-1	PKP130	583	1	certo	certo	_	_	_	_	_	linguistic	_	ContainsVariation=No	_	End=1255.399	_	_	_	_
584-0	PKP130	584	0	# sta	sta	_	_	_	_	_	linguistic	_	ContainsVariation=Yes|Code=Underspecified	_	Begin=1255.449	_	_	_	_
584-1	PKP130	584	1	pur'	pur'	_	_	_	_	_	linguistic	_	ContainsVariation=Yes|Code=Underspecified	Truncated=Yes	_	_	_	_	_
584-2	PKP130	584	2	chi	chi	_	_	_	_	_	linguistic	_	ContainsVariation=Yes|Code=Underspecified	_	_	_	_	_	_
584-3	PKP130	584	3	s'	s'	_	_	_	_	_	linguistic	_	ContainsVariation=Yes|Code=Underspecified	Truncated=Yes	_	_	_	_	_
584-4	PKP130	584	4	sta	sta	_	_	_	_	_	linguistic	_	ContainsVariation=Yes|Code=Underspecified	_	_	_	_	_	_
584-5	PKP130	584	5	zitt'	zitt'	_	_	_	_	_	linguistic	_	ContainsVariation=Yes|Code=Underspecified	Truncated=Yes	_	_	_	_	_
584-6	PKP130	584	6	però	però	_	_	_	_	_	linguistic	_	ContainsVariation=Yes|Code=Underspecified	_	End=1257.074	_	_	_	_
585-0	PKP130	585	0	però	però	_	_	_	_	_	linguistic	_	ContainsVariation=No	_	Begin=1257.115	_	_	_	_
585-1	PKP130	585	1	se	se	_	_	_	_	_	linguistic	_	ContainsVariation=No	_	_	_	_	_	_
585-2	PKP130	585	2	qualcuno	qualcuno	_	_	_	_	_	linguistic	_	ContainsVariation=No	_	_	_	_	_	_
585-3	PKP130	585	3	[poi]	poi	_	_	_	_	_	linguistic	_	ContainsVariation=No	_	_	_	_	_	0-3(69)
585-4	PKP130	585	4	fa	fa	_	_	_	_	_	linguistic	_	ContainsVariation=No	_	_	_	_	_	_
585-5	PKP130	585	5	l'	l'	_	_	_	_	_	linguistic	_	ContainsVariation=No	SpaceAfter=No	_	_	_	_	_
585-6	PKP130	585	6	accesso	accesso	_	_	_	_	_	linguistic	_	ContainsVariation=No	_	_	_	_	_	_
585-7	PKP130	585	7	agli	agli	_	_	_	_	_	linguistic	_	ContainsVariation=No	_	_	_	_	_	_
585-8	PKP130	585	8	atti	atti	_	_	_	_	_	linguistic	_	ContainsVariation=No	_	_	_	_	_	_
585-9	PKP130	585	9	rischi	rischi	_	_	_	_	_	linguistic	_	ContainsVariation=No	_	_	_	_	_	_
585-10	PKP130	585	10	il	il	_	_	_	_	_	linguistic	_	ContainsVariation=No	_	_	_	_	_	_
585-11	PKP130	585	11	penale	penale	_	_	_	_	_	linguistic	_	ContainsVariation=No	_	End=1259.84	_	_	_	_
586-0	PKP125	586	0	[e:h]	eh	_	_	_	_	_	linguistic	_	ContainsVariation=No	_	Begin=1257.974|End=1258.257	0x1	_	_	0-2(69)
587-0	PKP130	587	0	# tanto	tanto	_	_	_	_	_	linguistic	_	ContainsVariation=Yes|Code=Underspecified	_	Begin=1260.216	_	_	_	_
587-1	PKP130	587	1	che	che	_	_	_	_	_	linguistic	_	ContainsVariation=Yes|Code=Underspecified	_	_	_	_	_	_
587-2	PKP130	587	2	lei	lei	_	_	_	_	_	linguistic	_	ContainsVariation=Yes|Code=Underspecified	_	_	_	_	_	_
587-3	PKP130	587	3	fece	fece	_	_	_	_	_	linguistic	_	ContainsVariation=Yes|Code=Underspecified	_	_	_	_	_	_
587-4	PKP130	587	4	la	la	_	_	_	_	_	linguistic	_	ContainsVariation=Yes|Code=Underspecified	_	_	_	_	_	_
587-5	PKP130	587	5	battuta	battuta	_	_	_	_	_	linguistic	_	ContainsVariation=Yes|Code=Underspecified	_	_	_	_	_	_
587-6	PKP130	587	6	>ricett<	ricett	_	_	_	_	_	linguistic	_	ContainsVariation=Yes|Code=Underspecified	_	_	_	Fast=0-6(0)	_	_
587-7	PKP130	587	7	professoressa	professoressa	_	_	_	_	_	linguistic	_	ContainsVariation=Yes|Code=Underspecified	_	_	_	Slow=0-13(0)	_	_
587-8	PKP130	587	8	e	e	_	_	_	_	_	linguistic	_	ContainsVariation=Yes|Code=Underspecified	_	_	_	Slow=0-1(0)	_	_
587-9	PKP130	587	9	non	non	_	_	_	_	_	linguistic	_	ContainsVariation=Yes|Code=Underspecified	_	_	_	Slow=0-3(0)	_	_
587-10	PKP130	587	10	li	li	_	_	_	_	_	linguistic	_	ContainsVariation=Yes|Code=Underspecified	_	_	_	Slow=0-2(0)	_	_
587-11	PKP130	587	11	vuole	vuole	_	_	_	_	_	linguistic	_	ContainsVariation=Yes|Code=Underspecified	_	_	_	Slow=0-5(0)	_	_
587-12	PKP130	587	12	questi	questi	_	_	_	_	_	linguistic	_	ContainsVariation=Yes|Code=Underspecified	_	_	_	Slow=0-6(0)	_	_
587-13	PKP130	587	13	dieci	dieci	_	_	_	_	_	linguistic	_	ContainsVariation=Yes|Code=Underspecified	_	_	_	Slow=0-5(0)	_	_
587-14	PKP130	587	14	>eh<	eh	_	_	_	_	_	linguistic	_	ContainsVariation=Yes|Code=Underspecified	_	_	_	Fast=0-2(1)	_	_
587-15	PKP130	587	15	dieci	dieci	_	_	_	_	_	linguistic	_	ContainsVariation=Yes|Code=Underspecified	_	_	_	_	_	_
587-16	PKP130	587	16	punti	punti	_	_	_	_	_	linguistic	_	ContainsVariation=Yes|Code=Underspecified	_	_	_	_	_	_
587-17	PKP130	587	17	in	in	_	_	_	_	_	linguistic	_	ContainsVariation=Yes|Code=Underspecified	_	_	_	_	_	_
587-18	PKP130	587	18	più	più	_	_	_	_	_	linguistic	_	ContainsVariation=Yes|Code=Underspecified	_	_	_	_	_	_
587-19	PKP130	587	19	dissi	dissi	_	_	_	_	_	linguistic	_	ContainsVariation=Yes|Code=Underspecified	_	_	_	_	_	_
587-20	PKP130	587	20	io	io	_	_	_	_	_	linguistic	_	ContainsVariation=Yes|Code=Underspecified	_	_	_	_	_	_
587-21	PKP130	587	21	li	li	_	_	_	_	_	linguistic	_	ContainsVariation=Yes|Code=Underspecified	_	_	_	_	_	_
587-22	PKP130	587	22	vorrei	vorrei	_	_	_	_	_	linguistic	_	ContainsVariation=Yes|Code=Underspecified	_	_	_	_	_	_
587-23	PKP130	587	23	anche	anche	_	_	_	_	_	linguistic	_	ContainsVariation=Yes|Code=Underspecified	_	_	_	_	_	_
587-24	PKP130	587	24	[ma	ma	_	_	_	_	_	linguistic	_	ContainsVariation=Yes|Code=Underspecified	_	_	_	_	_	0-2(70)
587-25	PKP130	587	25	non	non	_	_	_	_	_	linguistic	_	ContainsVariation=Yes|Code=Underspecified	_	_	_	_	_	0-3(70)
587-26	PKP130	587	26	posso]	posso	_	_	_	_	_	linguistic	_	ContainsVariation=Yes|Code=Underspecified	_	End=1265.574	_	_	_	0-5(70)
588-0	PKP125	588	0	[li	li	_	_	_	_	_	linguistic	_	ContainsVariation=No	_	Begin=1264.974	_	_	_	0-2(70)
588-1	PKP125	588	1	vorrei]	vorrei	_	_	_	_	_	linguistic	_	ContainsVariation=No	_	End=1265.574	_	_	_	0-6(70)
589-0	PKP125	589	0	anche	anche	_	_	_	_	_	linguistic	_	ContainsVariation=No	_	Begin=1265.624	_	_	_	_
589-1	PKP125	589	1	perché	perché	_	_	_	_	_	linguistic	_	ContainsVariation=No	_	_	_	_	_	_
589-2	PKP125	589	2	dieci	dieci	_	_	_	_	_	linguistic	_	ContainsVariation=No	_	_	_	_	_	_
589-3	PKP125	589	3	punti	punti	_	_	_	_	_	linguistic	_	ContainsVariation=No	_	_	_	_	_	_
589-4	PKP125	589	4	sono:	sono	_	_	_	_	_	linguistic	_	ContainsVariation=No	_	End=1267.265	3x1	_	_	_
590-0	PKP130	590	0	dieci	dieci	_	_	_	_	_	linguistic	_	ContainsVariation=No	_	Begin=1267.341	_	_	_	_
590-1	PKP130	590	1	punti	punti	_	_	_	_	_	linguistic	_	ContainsVariation=No	_	_	_	_	_	_
590-2	PKP130	590	2	in	in	_	_	_	_	_	linguistic	_	ContainsVariation=No	_	_	_	_	_	_
590-3	PKP130	590	3	più	più	_	_	_	_	_	linguistic	_	ContainsVariation=No	_	_	_	_	_	_
590-4	PKP130	590	4	e:h	eh	_	_	_	_	_	linguistic	_	ContainsVariation=No	_	_	0x1	_	_	_
590-5	PKP130	590	5	[fa]	fa	_	_	_	_	_	linguistic	_	ContainsVariation=No	_	End=1268.541	_	_	_	0-2(71)
591-0	PKP125	591	0	[se]i::	sei	_	_	_	_	_	linguistic	_	ContainsVariation=No	_	Begin=1268.324|End=1269.274	2x2	_	_	0-2(71)
592-0	PKP130	592	0	capito?	capito	_	_	_	_	_	linguistic	_	ContainsVariation=No	Intonation=Rising	Begin=1269.599|End=1270.082	_	_	_	_
593-0	PKP125	593	0	dieci	dieci	_	_	_	_	_	linguistic	_	ContainsVariation=No	_	Begin=1273.457	_	_	_	_
593-1	PKP125	593	1	punti	punti	_	_	_	_	_	linguistic	_	ContainsVariation=No	_	_	_	_	_	_
593-2	PKP125	593	2	in	in	_	_	_	_	_	linguistic	_	ContainsVariation=No	_	_	_	_	_	_
593-3	PKP125	593	3	più	più	_	_	_	_	_	linguistic	_	ContainsVariation=No	_	_	_	_	_	_
593-4	PKP125	593	4	son	son	_	_	_	_	_	linguistic	_	ContainsVariation=No	_	_	_	_	_	_
593-5	PKP125	593	5	tanti	tanti	_	_	_	_	_	linguistic	_	ContainsVariation=No	_	_	_	_	_	_
593-6	PKP125	593	6	eh,	eh	_	_	_	_	_	linguistic	_	ContainsVariation=No	Intonation=WeaklyRising	End=1275.657	_	_	_	_
594-0	PKP125	594	0	ma	ma	_	_	_	_	_	linguistic	_	ContainsVariation=No	_	Begin=1279.415	_	_	_	_
594-1	PKP125	594	1	guarda	guarda	_	_	_	_	_	linguistic	_	ContainsVariation=No	_	_	_	_	_	_
594-2	PKP125	594	2	questa	questa	_	_	_	_	_	linguistic	_	ContainsVariation=No	_	_	_	_	_	_
594-3	PKP125	594	3	crema	crema	_	_	_	_	_	linguistic	_	ContainsVariation=No	_	_	_	_	_	_
594-4	PKP125	594	4	depilatoria	depilatoria	_	_	_	_	_	linguistic	_	ContainsVariation=No	_	_	_	_	_	_
594-5	PKP125	594	5	che	che	_	_	_	_	_	linguistic	_	ContainsVariation=No	_	_	_	_	_	_
594-6	PKP125	594	6	schifo	schifo	_	_	_	_	_	linguistic	_	ContainsVariation=No	_	End=1281.632	_	_	_	_
595-0	PKP130	595	0	# ma	ma	_	_	_	_	_	linguistic	_	ContainsVariation=Yes|Code=Underspecified	_	Begin=1282.474	_	_	_	_
595-1	PKP130	595	1	p'	p'	_	_	_	_	_	linguistic	_	ContainsVariation=Yes|Code=Underspecified	SpaceAfter=No	_	_	_	_	_
595-2	PKP130	595	2	cchè	cchè	_	_	_	_	_	linguistic	_	ContainsVariation=Yes|Code=Underspecified	_	_	_	_	_	_
595-3	PKP130	595	3	n'	n'	_	_	_	_	_	linguistic	_	ContainsVariation=Yes|Code=Underspecified	SpaceAfter=No	_	_	_	_	_
595-4	PKP130	595	4	te	te	_	_	_	_	_	linguistic	_	ContainsVariation=Yes|Code=Underspecified	_	_	_	_	_	_
595-5	PKP130	595	5	fai	fai	_	_	_	_	_	linguistic	_	ContainsVariation=Yes|Code=Underspecified	_	_	_	_	_	_
595-6	PKP130	595	6	'a	'a	_	_	_	_	_	linguistic	_	ContainsVariation=Yes|Code=Underspecified	Truncated=Yes	_	_	_	_	_
595-7	PKP130	595	7	cerett	cerett	_	_	_	_	_	linguistic	_	ContainsVariation=Yes|Code=Underspecified	_	_	_	_	_	_
595-8	PKP130	595	8	albe'?	albe'	_	_	_	_	_	linguistic	_	ContainsVariation=Yes|Code=Underspecified	Intonation=Rising|Truncated=Yes	End=1284.207	_	_	_	_
596-0	PKP130	596	0	maronn	maronn	_	_	_	_	_	linguistic	_	ContainsVariation=No	_	Begin=1285.182	_	_	_	_
596-1	PKP130	596	1	mij	mij	_	_	_	_	_	linguistic	_	ContainsVariation=No	_	_	_	_	_	_
596-2	PKP130	596	2	ti	ti	_	_	_	_	_	linguistic	_	ContainsVariation=No	_	_	_	_	_	_
596-3	PKP130	596	3	sei	sei	_	_	_	_	_	linguistic	_	ContainsVariation=No	_	_	_	_	_	_
596-4	PKP130	596	4	rovina:to	rovinato	_	_	_	_	_	linguistic	_	ContainsVariation=No	_	_	5x1	_	_	_
596-5	PKP130	596	5	guarda	guarda	_	_	_	_	_	linguistic	_	ContainsVariation=No	_	_	_	_	_	_
596-6	PKP130	596	6	non	non	_	_	_	_	_	linguistic	_	ContainsVariation=No	_	_	_	_	_	_
596-7	PKP130	596	7	capisco	capisco	_	_	_	_	_	linguistic	_	ContainsVariation=No	_	_	_	_	_	_
596-8	PKP130	596	8	questo	questo	_	_	_	_	_	linguistic	_	ContainsVariation=No	_	_	_	_	_	_
596-9	PKP130	596	9	tuo	tuo	_	_	_	_	_	linguistic	_	ContainsVariation=No	_	_	_	_	_	_
596-10	PKP130	596	10	atteggiamento	atteggiamento	_	_	_	_	_	linguistic	_	ContainsVariation=No	_	End=1289.074	_	_	_	_
597-0	PKP125	597	0	GUARDA	guarda	_	_	_	_	_	linguistic	_	ContainsVariation=No	Volume=high	Begin=1289.349	_	_	_	_
597-1	PKP125	597	1	QUA	qua	_	_	_	_	_	linguistic	_	ContainsVariation=No	Volume=high	_	_	_	_	_
597-2	PKP125	597	2	sembra	sembra	_	_	_	_	_	linguistic	_	ContainsVariation=No	_	_	_	_	_	_
597-3	PKP125	597	3	che	che	_	_	_	_	_	linguistic	_	ContainsVariation=No	_	_	_	_	_	_
597-4	PKP125	597	4	il	il	_	_	_	_	_	linguistic	_	ContainsVariation=No	_	_	_	_	_	_
597-5	PKP125	597	5	gatto	gatto	_	_	_	_	_	linguistic	_	ContainsVariation=No	_	_	_	_	_	_
597-6	PKP125	597	6	mi	mi	_	_	_	_	_	linguistic	_	ContainsVariation=No	_	_	_	_	_	_
597-7	PKP125	597	7	ha	ha	_	_	_	_	_	linguistic	_	ContainsVariation=No	_	_	_	_	_	_
597-8	PKP125	597	8	graffiato	graffiato	_	_	_	_	_	linguistic	_	ContainsVariation=No	_	End=1291.365	_	_	_	_
598-0	PKP130	598	0	ma	ma	_	_	_	_	_	linguistic	_	ContainsVariation=No	PauseAfter=Yes	Begin=1292.365	_	_	_	_
598-1	PKP130	598	1	(.)	(.)	_	_	_	_	_	shortpause	_	ContainsVariation=No	_	_	_	_	_	_
598-2	PKP130	598	2	la	la	_	_	_	_	_	linguistic	_	ContainsVariation=No	_	_	_	_	_	_
598-3	PKP130	598	3	crema	crema	_	_	_	_	_	linguistic	_	ContainsVariation=No	_	_	_	_	_	_
598-4	PKP130	598	4	depilatoria	depilatoria	_	_	_	_	_	linguistic	_	ContainsVariation=No	_	_	_	_	_	_
598-5	PKP130	598	5	lo	lo	_	_	_	_	_	linguistic	_	ContainsVariation=No	_	_	_	_	_	_
598-6	PKP130	598	6	sai	sai	_	_	_	_	_	linguistic	_	ContainsVariation=No	_	_	_	_	_	_
598-7	PKP130	598	7	che	che	_	_	_	_	_	linguistic	_	ContainsVariation=No	_	_	_	_	_	_
598-8	PKP130	598	8	è	è	_	_	_	_	_	linguistic	_	ContainsVariation=No	_	_	_	_	_	_
598-9	PKP130	598	9	come	come	_	_	_	_	_	linguistic	_	ContainsVariation=No	_	_	_	_	_	_
598-10	PKP130	598	10	la	la	_	_	_	_	_	linguistic	_	ContainsVariation=No	_	_	_	_	_	_
598-11	PKP130	598	11	ceretta?	ceretta	_	_	_	_	_	linguistic	_	ContainsVariation=No	Intonation=Rising	End=1294.765	_	_	_	_
599-0	PKP130	599	0	è	è	_	_	_	_	_	linguistic	_	ContainsVariation=No	_	Begin=1295.099	_	_	_	_
599-1	PKP130	599	1	sc~	sc~	_	_	_	_	_	linguistic	_	ContainsVariation=No	Interrupted=Yes	_	_	_	_	_
599-2	PKP130	599	2	è	è	_	_	_	_	_	linguistic	_	ContainsVariation=No	_	_	_	_	_	_
599-3	PKP130	599	3	come	come	_	_	_	_	_	linguistic	_	ContainsVariation=No	_	_	_	_	_	_
599-4	PKP130	599	4	LA	la	_	_	_	_	_	linguistic	_	ContainsVariation=No	Volume=high	_	_	_	_	_
599-5	PKP130	599	5	LAMETTA	lametta	_	_	_	_	_	linguistic	_	ContainsVariation=No	Volume=high	End=1296.441	_	_	_	_
600-0	PKP125	600	0	[fa	fa	_	_	_	_	_	linguistic	_	ContainsVariation=No	_	Begin=1296.691	_	_	_	0-2(72)
600-1	PKP125	600	1	più]	più	_	_	_	_	_	linguistic	_	ContainsVariation=No	_	_	_	_	_	0-3(72)
600-2	PKP125	600	2	FA	fa	_	_	_	_	_	linguistic	_	ContainsVariation=No	Volume=high	_	_	_	_	_
600-3	PKP125	600	3	PIÙ	più	_	_	_	_	_	linguistic	_	ContainsVariation=No	Volume=high	_	_	_	_	_
600-4	PKP125	600	4	SCHIFO	schifo	_	_	_	_	_	linguistic	_	ContainsVariation=No	Volume=high	_	_	_	_	_
600-5	PKP125	600	5	[al~]	al~	_	_	_	_	_	linguistic	_	ContainsVariation=No	Interrupted=Yes	End=1298.191	_	_	_	0-3(73)
601-0	PKP130	601	0	[non	non	_	_	_	_	_	linguistic	_	ContainsVariation=No	_	Begin=1296.699	_	_	_	0-3(72)
601-1	PKP130	601	1	concludi]	concludi	_	_	_	_	_	linguistic	_	ContainsVariation=No	_	End=1297.291	_	_	_	0-8(72)
602-0	PKP130	602	0	[fa]	fa	_	_	_	_	_	linguistic	_	ContainsVariation=No	_	Begin=1298.141	_	_	_	0-2(73)
602-1	PKP130	602	1	più	più	_	_	_	_	_	linguistic	_	ContainsVariation=No	_	_	_	_	_	_
602-2	PKP130	602	2	<schifo>	schifo	_	_	_	_	_	linguistic	_	ContainsVariation=No	_	_	_	Slow=0-6(0)	_	_
602-3	PKP130	602	3	io	io	_	_	_	_	_	linguistic	_	ContainsVariation=No	_	_	_	_	_	_
602-4	PKP130	602	4	mi	mi	_	_	_	_	_	linguistic	_	ContainsVariation=No	_	_	_	_	_	_
602-5	PKP130	602	5	sono	sono	_	_	_	_	_	linguistic	_	ContainsVariation=No	_	_	_	_	_	_
602-6	PKP130	602	6	sempre	sempre	_	_	_	_	_	linguistic	_	ContainsVariation=No	_	_	_	_	_	_
602-7	PKP130	602	7	bruciata	bruciata	_	_	_	_	_	linguistic	_	ContainsVariation=No	_	End=1300.001	_	_	_	_
603-0	PKP130	603	0	una	una	_	_	_	_	_	linguistic	_	ContainsVariation=No	_	Begin=1300.074	_	_	_	_
603-1	PKP130	603	1	volta	volta	_	_	_	_	_	linguistic	_	ContainsVariation=No	_	_	_	_	_	_
603-2	PKP130	603	2	lo	lo	_	_	_	_	_	linguistic	_	ContainsVariation=No	_	_	_	_	_	_
603-3	PKP130	603	3	sai	sai	_	_	_	_	_	linguistic	_	ContainsVariation=No	_	_	_	_	_	_
603-4	PKP130	603	4	mi	mi	_	_	_	_	_	linguistic	_	ContainsVariation=No	_	_	_	_	_	_
603-5	PKP130	603	5	bruciai	bruciai	_	_	_	_	_	linguistic	_	ContainsVariation=No	_	_	_	_	_	_
603-6	PKP130	603	6	il	il	_	_	_	_	_	linguistic	_	ContainsVariation=No	_	_	_	_	_	_
603-7	PKP130	603	7	BAFFO?	baffo	_	_	_	_	_	linguistic	_	ContainsVariation=No	Intonation=Rising|Volume=high	End=1301.857	_	_	_	_
604-0	PKP130	604	0	[era	era	_	_	_	_	_	linguistic	_	ContainsVariation=No	_	Begin=1302.599	_	_	_	0-3(74)
604-1	PKP130	604	1	una]	una	_	_	_	_	_	linguistic	_	ContainsVariation=No	_	End=1303.065	_	_	_	0-3(74)
605-0	PKP125	605	0	[ma	ma	_	_	_	_	_	linguistic	_	ContainsVariation=No	_	Begin=1302.607	_	_	_	0-2(74)
605-1	PKP125	605	1	tu]	tu	_	_	_	_	_	linguistic	_	ContainsVariation=No	_	_	_	_	_	0-2(74)
605-2	PKP125	605	2	devi	devi	_	_	_	_	_	linguistic	_	ContainsVariation=No	_	_	_	_	_	_
605-3	PKP125	605	3	usare	usare	_	_	_	_	_	linguistic	_	ContainsVariation=No	_	_	_	_	_	_
605-4	PKP125	605	4	quella	quella	_	_	_	_	_	linguistic	_	ContainsVariation=No	_	_	_	_	_	_
605-5	PKP125	605	5	per	per	_	_	_	_	_	linguistic	_	ContainsVariation=No	_	_	_	_	_	_
605-6	PKP125	605	6	il	il	_	_	_	_	_	linguistic	_	ContainsVariation=No	_	_	_	_	_	_
605-7	PKP125	605	7	<VISO>	viso	_	_	_	_	_	linguistic	_	ContainsVariation=No	Volume=high	End=1304.482	_	Slow=0-4(0)	_	_
606-0	PKP125	606	0	non	non	_	_	_	_	_	linguistic	_	ContainsVariation=No	_	Begin=1304.549	_	_	_	_
606-1	PKP125	606	1	puoi	puoi	_	_	_	_	_	linguistic	_	ContainsVariation=No	_	_	_	_	_	_
606-2	PKP125	606	2	usare	usare	_	_	_	_	_	linguistic	_	ContainsVariation=No	_	_	_	_	_	_
606-3	PKP125	606	3	u::na	una	_	_	_	_	_	linguistic	_	ContainsVariation=No	_	End=1305.982	0x2	_	_	_
607-0	PKP125	607	0	non	non	_	_	_	_	_	linguistic	_	ContainsVariation=No	_	Begin=1309.066	_	_	_	_
607-1	PKP125	607	1	ho	ho	_	_	_	_	_	linguistic	_	ContainsVariation=No	_	_	_	_	_	_
607-2	PKP125	607	2	mai	mai	_	_	_	_	_	linguistic	_	ContainsVariation=No	_	_	_	_	_	_
607-3	PKP125	607	3	[°xxx°]	xxx	_	_	_	_	_	unknown	_	ContainsVariation=No	Volume=low|Syllables=3	End=1309.857	_	_	_	0-3(75)
608-0	PKP130	608	0	no	no	_	_	_	_	_	linguistic	_	ContainsVariation=No	_	Begin=1309.457	_	_	_	_
608-1	PKP130	608	1	ma	ma	_	_	_	_	_	linguistic	_	ContainsVariation=No	_	_	_	_	_	_
608-2	PKP130	608	2	se	se	_	_	_	_	_	linguistic	_	ContainsVariation=No	_	_	_	_	_	_
608-3	PKP130	608	3	io	io	_	_	_	_	_	linguistic	_	ContainsVariation=No	_	_	_	_	_	_
608-4	PKP130	608	4	avessi	avessi	_	_	_	_	_	linguistic	_	ContainsVariation=No	_	_	_	_	_	_
608-5	PKP130	608	5	una	una	_	_	_	_	_	linguistic	_	ContainsVariation=No	_	_	_	_	_	_
608-6	PKP130	608	6	figlia	figlia	_	_	_	_	_	linguistic	_	ContainsVariation=No	_	_	_	_	_	_
608-7	PKP130	608	7	femmina::	femmina	_	_	_	_	_	linguistic	_	ContainsVariation=No	_	End=1311.166	6x2	_	_	_
609-0	PKP130	609	0	la	la	_	_	_	_	_	linguistic	_	ContainsVariation=No	_	Begin=1312.107	_	_	_	_
609-1	PKP130	609	1	ceretta	ceretta	_	_	_	_	_	linguistic	_	ContainsVariation=No	_	_	_	_	_	_
609-2	PKP130	609	2	a	a	_	_	_	_	_	linguistic	_	ContainsVariation=No	_	_	_	_	_	_
609-3	PKP130	609	3	sette	sette	_	_	_	_	_	linguistic	_	ContainsVariation=No	_	_	_	_	_	_
609-4	PKP130	609	4	otto	otto	_	_	_	_	_	linguistic	_	ContainsVariation=No	_	_	_	_	_	_
609-5	PKP130	609	5	anni	anni	_	_	_	_	_	linguistic	_	ContainsVariation=No	_	End=1313.882	_	_	_	_
610-0	PKP125	610	0	((ride))	((ride))	_	_	_	_	_	nonverbalbehavior	_	ContainsVariation=No	_	Begin=1314.374|End=1314.94	_	_	_	_
611-0	PKP130	611	0	no:	no	_	_	_	_	_	linguistic	_	ContainsVariation=No	_	Begin=1315.007	1x1	_	_	_
611-1	PKP130	611	1	eh	eh	_	_	_	_	_	linguistic	_	ContainsVariation=No	_	_	_	_	_	_
611-2	PKP130	611	2	albe'	albe'	_	_	_	_	_	linguistic	_	ContainsVariation=No	Truncated=Yes	_	_	_	_	_
611-3	PKP130	611	3	[se]	se	_	_	_	_	_	linguistic	_	ContainsVariation=No	_	End=1315.782	_	_	_	0-2(76)
612-0	PKP125	612	0	[non]	non	_	_	_	_	_	linguistic	_	ContainsVariation=No	_	Begin=1315.657	_	_	_	0-3(76)
612-1	PKP125	612	1	è	è	_	_	_	_	_	linguistic	_	ContainsVariation=No	_	_	_	_	_	_
612-2	PKP125	612	2	un	un	_	_	_	_	_	linguistic	_	ContainsVariation=No	_	_	_	_	_	_
612-3	PKP125	612	3	po'	po'	_	_	_	_	_	linguistic	_	ContainsVariation=No	_	_	_	_	_	_
612-4	PKP125	612	4	presto?	presto	_	_	_	_	_	linguistic	_	ContainsVariation=No	Intonation=Rising	End=1316.657	_	_	_	_
613-0	PKP130	613	0	no:	no	_	_	_	_	_	linguistic	_	ContainsVariation=No	_	Begin=1316.766	1x1	_	_	_
613-1	PKP130	613	1	non	non	_	_	_	_	_	linguistic	_	ContainsVariation=No	_	_	_	_	_	_
613-2	PKP130	613	2	è	è	_	_	_	_	_	linguistic	_	ContainsVariation=No	_	_	_	_	_	_
613-3	PKP130	613	3	presto	presto	_	_	_	_	_	linguistic	_	ContainsVariation=No	_	_	_	_	_	_
613-4	PKP130	613	4	perché	perché	_	_	_	_	_	linguistic	_	ContainsVariation=No	_	_	_	_	_	_
613-5	PKP130	613	5	tu	tu	_	_	_	_	_	linguistic	_	ContainsVariation=No	_	_	_	_	_	_
613-6	PKP130	613	6	li	li	_	_	_	_	_	linguistic	_	ContainsVariation=No	_	_	_	_	_	_
613-7	PKP130	613	7	distruggi	distruggi	_	_	_	_	_	linguistic	_	ContainsVariation=No	_	_	_	_	_	_
613-8	PKP130	613	8	capito?	capito	_	_	_	_	_	linguistic	_	ContainsVariation=No	Intonation=Rising	End=1319.632	_	_	_	_
614-0	PKP125	614	0	e:h	eh	_	_	_	_	_	linguistic	_	ContainsVariation=No	_	Begin=1320.515|End=1320.673	0x1	_	_	_
615-0	PKP130	615	0	e:h	eh	_	_	_	_	_	linguistic	_	ContainsVariation=No	_	Begin=1321.09	0x1	_	_	_
615-1	PKP130	615	1	li	li	_	_	_	_	_	linguistic	_	ContainsVariation=No	_	_	_	_	_	_
615-2	PKP130	615	2	distruggi	distruggi	_	_	_	_	_	linguistic	_	ContainsVariation=No	_	_	_	_	_	_
615-3	PKP130	615	3	infatti	infatti	_	_	_	_	_	linguistic	_	ContainsVariation=No	_	_	_	_	_	_
615-4	PKP130	615	4	[non	non	_	_	_	_	_	linguistic	_	ContainsVariation=No	_	_	_	_	_	0-3(77)
615-5	PKP130	615	5	capisco::	capisco	_	_	_	_	_	linguistic	_	ContainsVariation=No	_	_	6x2	_	_	0-7(77)
615-6	PKP130	615	6	non	non	_	_	_	_	_	linguistic	_	ContainsVariation=No	_	_	_	_	_	0-3(77)
615-7	PKP130	615	7	so]	so	_	_	_	_	_	linguistic	_	ContainsVariation=No	_	_	_	_	_	0-2(77)
615-8	PKP130	615	8	se	se	_	_	_	_	_	linguistic	_	ContainsVariation=No	_	_	_	_	_	_
615-9	PKP130	615	9	federica:::	federica	_	_	_	_	_	linguistic	_	ContainsVariation=No	_	End=1325.59	7x3	_	_	_
616-0	PKP125	616	0	[ma	ma	_	_	_	_	_	linguistic	_	ContainsVariation=No	_	Begin=1322.307	_	_	_	0-2(77)
616-1	PKP125	616	1	tieni	tieni	_	_	_	_	_	linguistic	_	ContainsVariation=No	_	_	_	_	_	0-5(77)
616-2	PKP125	616	2	la	la	_	_	_	_	_	linguistic	_	ContainsVariation=No	_	_	_	_	_	0-2(77)
616-3	PKP125	616	3	peluria	peluria	_	_	_	_	_	linguistic	_	ContainsVariation=No	_	_	_	_	_	0-7(77)
616-4	PKP125	616	4	che	che	_	_	_	_	_	linguistic	_	ContainsVariation=No	_	_	_	_	_	0-3(77)
616-5	PKP125	616	5	tieni]	tieni	_	_	_	_	_	linguistic	_	ContainsVariation=No	_	End=1323.907	_	_	_	0-5(77)
617-0	PKP130	617	0	e:h	eh	_	_	_	_	_	linguistic	_	ContainsVariation=No	_	Begin=1327.741	0x1	_	_	_
617-1	PKP130	617	1	la	la	_	_	_	_	_	linguistic	_	ContainsVariation=No	_	_	_	_	_	_
617-2	PKP130	617	2	peluria	peluria	_	_	_	_	_	linguistic	_	ContainsVariation=No	_	End=1328.766	_	_	_	_
618-0	PKP130	618	0	DIPENDE	dipende	_	_	_	_	_	linguistic	_	ContainsVariation=No	PauseAfter=Yes|Volume=high	Begin=1328.807	_	_	_	_
618-1	PKP130	618	1	(.)	(.)	_	_	_	_	_	shortpause	_	ContainsVariation=No	_	_	_	_	_	_
618-2	PKP130	618	2	IO:	io	_	_	_	_	_	linguistic	_	ContainsVariation=No	Volume=high	_	1x1	_	_	_
618-3	PKP130	618	3	per	per	_	_	_	_	_	linguistic	_	ContainsVariation=No	_	_	_	_	_	_
618-4	PKP130	618	4	me	me	_	_	_	_	_	linguistic	_	ContainsVariation=No	_	_	_	_	_	_
618-5	PKP130	618	5	è	è	_	_	_	_	_	linguistic	_	ContainsVariation=No	_	_	_	_	_	_
618-6	PKP130	618	6	la	la	_	_	_	_	_	linguistic	_	ContainsVariation=No	_	_	_	_	_	_
618-7	PKP130	618	7	peluria:	peluria	_	_	_	_	_	linguistic	_	ContainsVariation=No	_	_	6x1	_	_	_
618-8	PKP130	618	8	eh	eh	_	_	_	_	_	linguistic	_	ContainsVariation=No	_	_	_	_	_	_
618-9	PKP130	618	9	io	io	_	_	_	_	_	linguistic	_	ContainsVariation=No	_	_	_	_	_	_
618-10	PKP130	618	10	non	non	_	_	_	_	_	linguistic	_	ContainsVariation=No	_	_	_	_	_	_
618-11	PKP130	618	11	li	li	_	_	_	_	_	linguistic	_	ContainsVariation=No	_	_	_	_	_	_
618-12	PKP130	618	12	avevo	avevo	_	_	_	_	_	linguistic	_	ContainsVariation=No	_	_	_	_	_	_
618-13	PKP130	618	13	non	non	_	_	_	_	_	linguistic	_	ContainsVariation=No	_	_	_	_	_	_
618-14	PKP130	618	14	li	li	_	_	_	_	_	linguistic	_	ContainsVariation=No	_	_	_	_	_	_
618-15	PKP130	618	15	ho	ho	_	_	_	_	_	linguistic	_	ContainsVariation=No	_	_	_	_	_	_
618-16	PKP130	618	16	ora:	ora	_	_	_	_	_	linguistic	_	ContainsVariation=No	_	End=1332.824	2x1	_	_	_
619-0	PKP130	619	0	però	però	_	_	_	_	_	linguistic	_	ContainsVariation=No	_	Begin=1332.874	_	_	_	_
619-1	PKP130	619	1	pensa	pensa	_	_	_	_	_	linguistic	_	ContainsVariation=No	_	_	_	_	_	_
619-2	PKP130	619	2	federica	federica	_	_	_	_	_	linguistic	_	ContainsVariation=No	_	_	_	_	_	_
619-3	PKP130	619	3	com'	com'	_	_	_	_	_	linguistic	_	ContainsVariation=No	SpaceAfter=No	_	_	_	_	_
619-4	PKP130	619	4	è	è	_	_	_	_	_	linguistic	_	ContainsVariation=No	_	_	_	_	_	_
619-5	PKP130	619	5	scura	scura	_	_	_	_	_	linguistic	_	ContainsVariation=No	_	_	_	_	_	_
619-6	PKP130	619	6	i	i	_	_	_	_	_	linguistic	_	ContainsVariation=No	_	_	_	_	_	_
619-7	PKP130	619	7	BAFFI	baffi	_	_	_	_	_	linguistic	_	ContainsVariation=No	Volume=high	_	_	_	_	_
619-8	PKP130	619	8	le	le	_	_	_	_	_	linguistic	_	ContainsVariation=No	_	_	_	_	_	_
619-9	PKP130	619	9	sopracciglia	sopracciglia	_	_	_	_	_	linguistic	_	ContainsVariation=No	_	_	_	_	_	_
619-10	PKP130	619	10	non	non	_	_	_	_	_	linguistic	_	ContainsVariation=No	_	_	_	_	_	_
619-11	PKP130	619	11	è	è	_	_	_	_	_	linguistic	_	ContainsVariation=No	_	_	_	_	_	_
619-12	PKP130	619	12	peluria	peluria	_	_	_	_	_	linguistic	_	ContainsVariation=No	_	_	_	_	_	_
619-13	PKP130	619	13	sono	sono	_	_	_	_	_	linguistic	_	ContainsVariation=No	_	_	_	_	_	_
619-14	PKP130	619	14	peli	peli	_	_	_	_	_	linguistic	_	ContainsVariation=No	_	End=1337.065	_	_	_	_
620-0	PKP130	620	0	cioè	cioè	_	_	_	_	_	linguistic	_	ContainsVariation=No	_	Begin=1337.29	_	_	_	_
620-1	PKP130	620	1	dipende	dipende	_	_	_	_	_	linguistic	_	ContainsVariation=No	_	_	_	_	_	_
620-2	PKP130	620	2	dalla	dalla	_	_	_	_	_	linguistic	_	ContainsVariation=No	_	_	_	_	_	_
620-3	PKP130	620	3	<BRUNEZZA>	brunezza	_	_	_	_	_	linguistic	_	ContainsVariation=No	Volume=high	End=1338.965	_	Slow=0-8(0)	_	_
621-0	PKP125	621	0	>cioè<	cioè	_	_	_	_	_	linguistic	_	ContainsVariation=No	_	Begin=1339.215	_	Fast=0-4(0)	_	_
621-1	PKP125	621	1	guarda	guarda	_	_	_	_	_	linguistic	_	ContainsVariation=No	_	_	_	_	_	_
621-2	PKP125	621	2	arianna	arianna	_	_	_	_	_	linguistic	_	ContainsVariation=No	_	End=1340.407	_	_	_	_
622-0	PKP130	622	0	maronn	maronn	_	_	_	_	_	linguistic	_	ContainsVariation=No	_	Begin=1340.807	_	_	_	_
622-1	PKP130	622	1	mij	mij	_	_	_	_	_	linguistic	_	ContainsVariation=No	_	End=1341.832	_	_	_	_
623-0	PKP130	623	0	ma	ma	_	_	_	_	_	linguistic	_	ContainsVariation=No	_	Begin=1341.882	_	_	_	_
623-1	PKP130	623	1	arianna	arianna	_	_	_	_	_	linguistic	_	ContainsVariation=No	_	_	_	_	_	_
623-2	PKP130	623	2	continuava:	continuava	_	_	_	_	_	linguistic	_	ContainsVariation=No	_	End=1343.315	9x1	_	_	_
624-0	PKP130	624	0	però	però	_	_	_	_	_	linguistic	_	ContainsVariation=No	_	Begin=1343.748	_	_	_	_
624-1	PKP130	624	1	mi	mi	_	_	_	_	_	linguistic	_	ContainsVariation=No	_	_	_	_	_	_
624-2	PKP130	624	2	mancano	mancano	_	_	_	_	_	linguistic	_	ContainsVariation=No	_	_	_	_	_	_
624-3	PKP130	624	3	quelle	quelle	_	_	_	_	_	linguistic	_	ContainsVariation=No	_	_	_	_	_	_
624-4	PKP130	624	4	bambine	bambine	_	_	_	_	_	linguistic	_	ContainsVariation=No	_	_	_	_	_	_
624-5	PKP130	624	5	lo	lo	_	_	_	_	_	linguistic	_	ContainsVariation=No	_	_	_	_	_	_
624-6	PKP130	624	6	SAI?	sai	_	_	_	_	_	linguistic	_	ContainsVariation=No	Intonation=Rising|Volume=high	End=1345.682	_	_	_	_
625-0	PKP125	625	0	erano	erano	_	_	_	_	_	linguistic	_	ContainsVariation=No	_	Begin=1345.715	_	_	_	_
625-1	PKP125	625	1	carine	carine	_	_	_	_	_	linguistic	_	ContainsVariation=No	_	_	_	_	_	_
625-2	PKP125	625	2	eh?	eh	_	_	_	_	_	linguistic	_	ContainsVariation=No	Intonation=Rising	End=1346.532	_	_	_	_
626-0	PKP130	626	0	ieri	ieri	_	_	_	_	_	linguistic	_	ContainsVariation=No	_	Begin=1346.874	_	_	_	_
626-1	PKP130	626	1	(stefano)	stefano	_	_	_	_	_	linguistic	_	ContainsVariation=No	_	_	_	_	0-7(0)	_
626-2	PKP130	626	2	so'	so'	_	_	_	_	_	linguistic	_	ContainsVariation=No	Truncated=Yes	_	_	_	_	_
626-3	PKP130	626	3	andati	andati	_	_	_	_	_	linguistic	_	ContainsVariation=No	_	_	_	_	_	_
626-4	PKP130	626	4	al	al	_	_	_	_	_	linguistic	_	ContainsVariation=No	_	_	_	_	_	_
626-5	PKP130	626	5	battesimo	battesimo	_	_	_	_	_	linguistic	_	ContainsVariation=No	_	_	_	_	_	_
626-6	PKP130	626	6	di:	di	_	_	_	_	_	linguistic	_	ContainsVariation=No	_	End=1348.949	1x1	_	_	_
627-0	PKP130	627	0	# stann	stann	_	_	_	_	_	linguistic	_	ContainsVariation=Yes|Code=Underspecified	_	Begin=1349.016	_	_	_	_
627-1	PKP130	627	1	pop'	pop'	_	_	_	_	_	linguistic	_	ContainsVariation=Yes|Code=Underspecified	Truncated=Yes	_	_	_	_	_
627-2	PKP130	627	2	bell'	bell'	_	_	_	_	_	linguistic	_	ContainsVariation=Yes|Code=Underspecified	Truncated=Yes	_	_	_	_	_
627-3	PKP130	627	3	marò	marò	_	_	_	_	_	linguistic	_	ContainsVariation=Yes|Code=Underspecified	_	_	_	_	_	_
627-4	PKP130	627	4	comm	comm	_	_	_	_	_	linguistic	_	ContainsVariation=Yes|Code=Underspecified	_	_	_	_	_	_
627-5	PKP130	627	5	so	so	_	_	_	_	_	linguistic	_	ContainsVariation=Yes|Code=Underspecified	_	_	_	_	_	_
627-6	PKP130	627	6	crisciuti	crisciuti	_	_	_	_	_	linguistic	_	ContainsVariation=Yes|Code=Underspecified	_	_	_	_	_	_
627-7	PKP130	627	7	i	i	_	_	_	_	_	linguistic	_	ContainsVariation=Yes|Code=Underspecified	_	_	_	_	_	_
627-8	PKP130	627	8	<figli>	figli	_	_	_	_	_	linguistic	_	ContainsVariation=Yes|Code=Underspecified	_	End=1351.757	_	Slow=0-5(0)	_	_
628-0	PKP125	628	0	ma	ma	_	_	_	_	_	linguistic	_	ContainsVariation=No	_	Begin=1351.866	_	_	_	_
628-1	PKP125	628	1	chi	chi	_	_	_	_	_	linguistic	_	ContainsVariation=No	_	_	_	_	_	_
628-2	PKP125	628	2	gior[gio]?	giorgio	_	_	_	_	_	linguistic	_	ContainsVariation=No	Intonation=Rising	End=1352.557	_	_	_	4-7(78)
629-0	PKP130	629	0	[gior]gio	giorgio	_	_	_	_	_	linguistic	_	ContainsVariation=No	_	Begin=1352.324	_	_	_	0-4(78)
629-1	PKP130	629	1	s'	s'	_	_	_	_	_	linguistic	_	ContainsVariation=No	SpaceAfter=No	_	_	_	_	_
629-2	PKP130	629	2	è	è	_	_	_	_	_	linguistic	_	ContainsVariation=No	_	_	_	_	_	_
629-3	PKP130	629	3	fatto	fatto	_	_	_	_	_	linguistic	_	ContainsVariation=No	_	End=1352.832	_	_	_	_
630-0	PKP130	630	0	# E:H	eh	_	_	_	_	_	linguistic	_	ContainsVariation=Yes|Code=Underspecified	Volume=high	Begin=1352.932	0x1	_	_	_
630-1	PKP130	630	1	hanno	hanno	_	_	_	_	_	linguistic	_	ContainsVariation=Yes|Code=Underspecified	_	_	_	_	_	_
630-2	PKP130	630	2	fatto	fatto	_	_	_	_	_	linguistic	_	ContainsVariation=Yes|Code=Underspecified	_	_	_	_	_	_
630-3	PKP130	630	3	il	il	_	_	_	_	_	linguistic	_	ContainsVariation=Yes|Code=Underspecified	_	_	_	_	_	_
630-4	PKP130	630	4	battesimo	battesimo	_	_	_	_	_	linguistic	_	ContainsVariation=Yes|Code=Underspecified	_	_	_	_	_	_
630-5	PKP130	630	5	di	di	_	_	_	_	_	linguistic	_	ContainsVariation=Yes|Code=Underspecified	_	_	_	_	_	_
630-6	PKP130	630	6	elena	elena	_	_	_	_	_	linguistic	_	ContainsVariation=Yes|Code=Underspecified	_	_	_	_	_	_
630-7	PKP130	630	7	'o	'o	_	_	_	_	_	linguistic	_	ContainsVariation=Yes|Code=Underspecified	Truncated=Yes	_	_	_	_	_
630-8	PKP130	630	8	vuò	vuò	_	_	_	_	_	linguistic	_	ContainsVariation=Yes|Code=Underspecified	_	_	_	_	_	_
630-9	PKP130	630	9	v'	v'	_	_	_	_	_	linguistic	_	ContainsVariation=Yes|Code=Underspecified	SpaceAfter=No	_	_	_	_	_
630-10	PKP130	630	10	rè?	rè	_	_	_	_	_	linguistic	_	ContainsVariation=Yes|Code=Underspecified	Intonation=Rising	End=1355.34	_	_	_	_
631-0	PKP130	631	0	giorgio	giorgio	_	_	_	_	_	linguistic	_	ContainsVariation=No	_	Begin=1355.399	_	_	_	_
631-1	PKP130	631	1	è	è	_	_	_	_	_	linguistic	_	ContainsVariation=No	_	_	_	_	_	_
631-2	PKP130	631	2	cresciuto	cresciuto	_	_	_	_	_	linguistic	_	ContainsVariation=No	_	_	_	_	_	_
631-3	PKP130	631	3	proprio	proprio	_	_	_	_	_	linguistic	_	ContainsVariation=No	_	_	_	_	_	_
631-4	PKP130	631	4	assai	assai	_	_	_	_	_	linguistic	_	ContainsVariation=No	_	End=1357.174	_	_	_	_
632-0	PKP125	632	0	elena::	elena	_	_	_	_	_	linguistic	_	ContainsVariation=No	_	Begin=1357.366	4x2	_	_	_
632-1	PKP125	632	1	elena	elena	_	_	_	_	_	linguistic	_	ContainsVariation=No	_	_	_	_	_	_
632-2	PKP125	632	2	la	la	_	_	_	_	_	linguistic	_	ContainsVariation=No	_	_	_	_	_	_
632-3	PKP125	632	3	cu[gina]	cugina	_	_	_	_	_	linguistic	_	ContainsVariation=No	_	End=1359.232	_	_	_	2-6(79)
633-0	PKP130	633	0	[eh	eh	_	_	_	_	_	linguistic	_	ContainsVariation=No	PauseAfter=Yes	Begin=1358.648	_	_	_	0-2(79)
633-1	PKP130	633	1	(.)	(.)	_	_	_	_	_	shortpause	_	ContainsVariation=No	_	_	_	_	_	X(79)
633-2	PKP130	633	2	la]	la	_	_	_	_	_	linguistic	_	ContainsVariation=No	_	_	_	_	_	0-2(79)
633-3	PKP130	633	3	seconda	seconda	_	_	_	_	_	linguistic	_	ContainsVariation=No	_	_	_	_	_	_
633-4	PKP130	633	4	figlia	figlia	_	_	_	_	_	linguistic	_	ContainsVariation=No	_	_	_	_	_	_
633-5	PKP130	633	5	però	però	_	_	_	_	_	linguistic	_	ContainsVariation=No	_	_	_	_	_	_
633-6	PKP130	633	6	EH	eh	_	_	_	_	_	linguistic	_	ContainsVariation=No	Volume=high	End=1360.49	_	_	_	_
634-0	PKP130	634	0	elena	elena	_	_	_	_	_	linguistic	_	ContainsVariation=No	_	Begin=1360.69	_	_	_	_
634-1	PKP130	634	1	ha	ha	_	_	_	_	_	linguistic	_	ContainsVariation=No	_	_	_	_	_	_
634-2	PKP130	634	2	avuto	avuto	_	_	_	_	_	linguistic	_	ContainsVariation=No	_	_	_	_	_	_
634-3	PKP130	634	3	[un'	un'	_	_	_	_	_	linguistic	_	ContainsVariation=No	SpaceAfter=No	_	_	_	_	0-3(80)
634-4	PKP130	634	4	altra	altra	_	_	_	_	_	linguistic	_	ContainsVariation=No	_	_	_	_	_	0-5(80)
634-5	PKP130	634	5	bambina]	bambina	_	_	_	_	_	linguistic	_	ContainsVariation=No	_	End=1362.254	_	_	_	0-7(80)
635-0	PKP125	635	0	[un'	un'	_	_	_	_	_	linguistic	_	ContainsVariation=No	SpaceAfter=No	Begin=1361.265	_	_	_	0-3(80)
635-1	PKP125	635	1	<altra>]?	altra	_	_	_	_	_	linguistic	_	ContainsVariation=No	Intonation=Rising	End=1362.048	_	Slow=0-5(0)	_	0-5(80)
636-0	PKP130	636	0	# e::h	eh	_	_	_	_	_	linguistic	_	ContainsVariation=Yes|Code=Underspecified	_	Begin=1362.424	0x2	_	_	_
636-1	PKP130	636	1	chest'	chest'	_	_	_	_	_	linguistic	_	ContainsVariation=Yes|Code=Underspecified	Truncated=Yes	_	_	_	_	_
636-2	PKP130	636	2	è	è	_	_	_	_	_	linguistic	_	ContainsVariation=Yes|Code=Underspecified	_	_	_	_	_	_
636-3	PKP130	636	3	'A	'a	_	_	_	_	_	linguistic	_	ContainsVariation=Yes|Code=Underspecified	Truncated=Yes|Volume=high	_	_	_	_	_
636-4	PKP130	636	4	PRIMMA	primma	_	_	_	_	_	linguistic	_	ContainsVariation=Yes|Code=Underspecified	Volume=high	_	_	_	_	_
636-5	PKP130	636	5	FIGLIA	figlia	_	_	_	_	_	linguistic	_	ContainsVariation=Yes|Code=Underspecified	Volume=high	_	_	_	_	_
636-6	PKP130	636	6	e	e	_	_	_	_	_	linguistic	_	ContainsVariation=Yes|Code=Underspecified	_	_	_	_	_	_
636-7	PKP130	636	7	mo	mo	_	_	_	_	_	linguistic	_	ContainsVariation=Yes|Code=Underspecified	_	_	_	_	_	_
636-8	PKP130	636	8	a	a	_	_	_	_	_	linguistic	_	ContainsVariation=Yes|Code=Underspecified	_	_	_	_	_	_
636-9	PKP130	636	9	stà	stà	_	_	_	_	_	linguistic	_	ContainsVariation=Yes|Code=Underspecified	_	_	_	_	_	_
636-10	PKP130	636	10	battezzann	battezzann	_	_	_	_	_	linguistic	_	ContainsVariation=Yes|Code=Underspecified	_	_	_	_	_	_
636-11	PKP130	636	11	che	che	_	_	_	_	_	linguistic	_	ContainsVariation=Yes|Code=Underspecified	_	_	_	_	_	_
636-12	PKP130	636	12	caspita,	caspita	_	_	_	_	_	linguistic	_	ContainsVariation=Yes|Code=Underspecified	Intonation=WeaklyRising	End=1365.649	_	_	_	_
637-0	PKP130	637	0	questa	questa	_	_	_	_	_	linguistic	_	ContainsVariation=No	_	Begin=1366.374	_	_	_	_
637-1	PKP130	637	1	è	è	_	_	_	_	_	linguistic	_	ContainsVariation=No	_	_	_	_	_	_
637-2	PKP130	637	2	la	la	_	_	_	_	_	linguistic	_	ContainsVariation=No	_	_	_	_	_	_
637-3	PKP130	637	3	seconda	seconda	_	_	_	_	_	linguistic	_	ContainsVariation=No	_	_	_	_	_	_
637-4	PKP130	637	4	figlia	figlia	_	_	_	_	_	linguistic	_	ContainsVariation=No	_	End=1367.674	_	_	_	_
638-0	PKP125	638	0	ma	ma	_	_	_	_	_	linguistic	_	ContainsVariation=No	_	Begin=1369.065	_	_	_	_
638-1	PKP125	638	1	veramen[te]?	veramente	_	_	_	_	_	linguistic	_	ContainsVariation=No	Intonation=Rising	End=1369.757	_	_	_	7-9(81)
639-0	PKP130	639	0	[mh]	mh	_	_	_	_	_	linguistic	_	ContainsVariation=No	_	Begin=1369.557	_	_	_	0-2(81)
639-1	PKP130	639	1	mh	mh	_	_	_	_	_	linguistic	_	ContainsVariation=No	_	End=1369.991	_	_	_	_
640-0	PKP125	640	0	c'	c'	_	_	_	_	_	linguistic	_	ContainsVariation=No	SpaceAfter=No	Begin=1370.066	_	_	_	_
640-1	PKP125	640	1	è	è	_	_	_	_	_	linguistic	_	ContainsVariation=No	_	_	_	_	_	_
640-2	PKP125	640	2	ne	ne	_	_	_	_	_	linguistic	_	ContainsVariation=No	_	_	_	_	_	_
640-3	PKP125	640	3	ha	ha	_	_	_	_	_	linguistic	_	ContainsVariation=No	_	_	_	_	_	_
640-4	PKP125	640	4	fatta	fatta	_	_	_	_	_	linguistic	_	ContainsVariation=No	_	_	_	_	_	_
640-5	PKP125	640	5	una	una	_	_	_	_	_	linguistic	_	ContainsVariation=No	_	_	_	_	_	_
640-6	PKP125	640	6	appresso	appresso	_	_	_	_	_	linguistic	_	ContainsVariation=No	_	_	_	_	_	_
640-7	PKP125	640	7	all'	all'	_	_	_	_	_	linguistic	_	ContainsVariation=No	SpaceAfter=No	_	_	_	_	3-4(82)
640-8	PKP125	640	8	[altra]?	altra	_	_	_	_	_	linguistic	_	ContainsVariation=No	Intonation=Rising	End=1371.024	_	_	_	0-4(82)
641-0	PKP130	641	0	[ne	ne	_	_	_	_	_	linguistic	_	ContainsVariation=No	_	Begin=1370.823	_	_	_	0-2(82)
641-1	PKP130	641	1	ha]	ha	_	_	_	_	_	linguistic	_	ContainsVariation=No	_	_	_	_	_	0-2(82)
641-2	PKP130	641	2	fatta	fatta	_	_	_	_	_	linguistic	_	ContainsVariation=No	_	_	_	_	_	_
641-3	PKP130	641	3	una	una	_	_	_	_	_	linguistic	_	ContainsVariation=No	_	_	_	_	_	_
641-4	PKP130	641	4	dietr~	dietr~	_	_	_	_	_	linguistic	_	ContainsVariation=No	Interrupted=Yes	_	_	_	_	_
641-5	PKP130	641	5	guarda	guarda	_	_	_	_	_	linguistic	_	ContainsVariation=No	_	_	_	_	_	_
641-6	PKP130	641	6	qua	qua	_	_	_	_	_	linguistic	_	ContainsVariation=No	_	_	_	_	_	_
641-7	PKP130	641	7	è	è	_	_	_	_	_	linguistic	_	ContainsVariation=No	_	_	_	_	_	_
641-8	PKP130	641	8	identica	identica	_	_	_	_	_	linguistic	_	ContainsVariation=No	_	_	_	_	_	_
641-9	PKP130	641	9	a	a	_	_	_	_	_	linguistic	_	ContainsVariation=No	_	_	_	_	_	_
641-10	PKP130	641	10	marialba	marialba	_	_	_	_	_	linguistic	_	ContainsVariation=No	_	_	_	_	_	_
641-11	PKP130	641	11	VEDI?	vedi	_	_	_	_	_	linguistic	_	ContainsVariation=No	Intonation=Rising|Volume=high	End=1373.44	_	_	_	_
642-0	PKP130	642	0	identi[ca]	identica	_	_	_	_	_	linguistic	_	ContainsVariation=No	_	Begin=1373.916|End=1374.599	_	_	_	6-8(83)
643-0	PKP125	643	0	[è]	è	_	_	_	_	_	linguistic	_	ContainsVariation=No	_	Begin=1374.457	_	_	_	0-1(83)
643-1	PKP125	643	1	sempre	sempre	_	_	_	_	_	linguistic	_	ContainsVariation=No	_	_	_	_	_	_
643-2	PKP125	643	2	uguale	uguale	_	_	_	_	_	linguistic	_	ContainsVariation=No	_	_	_	_	_	_
643-3	PKP125	643	3	[eh]?	eh	_	_	_	_	_	linguistic	_	ContainsVariation=No	Intonation=Rising	End=1375.599	_	_	_	0-2(84)
644-0	PKP130	644	0	[sem]pre	sempre	_	_	_	_	_	linguistic	_	ContainsVariation=No	_	Begin=1375.307	_	_	_	0-3(84)
644-1	PKP130	644	1	uguale	uguale	_	_	_	_	_	linguistic	_	ContainsVariation=No	_	_	_	_	_	_
644-2	PKP130	644	2	sì	sì	_	_	_	_	_	linguistic	_	ContainsVariation=No	_	_	_	_	_	_
644-3	PKP130	644	3	ne	ne	_	_	_	_	_	linguistic	_	ContainsVariation=No	_	_	_	_	_	_
644-4	PKP130	644	4	ha	ha	_	_	_	_	_	linguistic	_	ContainsVariation=No	_	_	_	_	_	_
644-5	PKP130	644	5	fatta	fatta	_	_	_	_	_	linguistic	_	ContainsVariation=No	_	_	_	_	_	_
644-6	PKP130	644	6	NO	no	_	_	_	_	_	linguistic	_	ContainsVariation=No	Volume=high	_	_	_	_	_
644-7	PKP130	644	7	EH	eh	_	_	_	_	_	linguistic	_	ContainsVariation=No	Volume=high	_	_	_	_	_
644-8	PKP130	644	8	MA::	ma	_	_	_	_	_	linguistic	_	ContainsVariation=No	Volume=high	_	1x2	_	_	_
644-9	PKP130	644	9	non	non	_	_	_	_	_	linguistic	_	ContainsVariation=No	_	_	_	_	_	_
644-10	PKP130	644	10	tanto	tanto	_	_	_	_	_	linguistic	_	ContainsVariation=No	_	_	_	_	_	_
644-11	PKP130	644	11	dietro	dietro	_	_	_	_	_	linguistic	_	ContainsVariation=No	_	_	_	_	_	_
644-12	PKP130	644	12	l'	l'	_	_	_	_	_	linguistic	_	ContainsVariation=No	SpaceAfter=No	_	_	_	_	_
644-13	PKP130	644	13	altra	altra	_	_	_	_	_	linguistic	_	ContainsVariation=No	_	_	_	_	_	_
644-14	PKP130	644	14	tre	tre	_	_	_	_	_	linguistic	_	ContainsVariation=No	_	_	_	_	_	_
644-15	PKP130	644	15	anni	anni	_	_	_	_	_	linguistic	_	ContainsVariation=No	_	_	_	_	_	_
644-16	PKP130	644	16	albe'	albe'	_	_	_	_	_	linguistic	_	ContainsVariation=No	Truncated=Yes	End=1379.815	_	_	_	_
645-0	PKP125	645	0	eh	eh	_	_	_	_	_	linguistic	_	ContainsVariation=No	_	Begin=1380.249|End=1380.491	_	_	_	_
646-0	PKP130	646	0	mh	mh	_	_	_	_	_	linguistic	_	ContainsVariation=No	_	Begin=1380.782|End=1381.073	_	_	_	_
647-0	PKP125	647	0	vabbè	vabbè	_	_	_	_	_	linguistic	_	ContainsVariation=No	_	Begin=1381.148	_	_	_	_
647-1	PKP125	647	1	per	per	_	_	_	_	_	linguistic	_	ContainsVariation=No	_	_	_	_	_	_
647-2	PKP125	647	2	me	me	_	_	_	_	_	linguistic	_	ContainsVariation=No	_	_	_	_	_	_
647-3	PKP125	647	3	capito	capito	_	_	_	_	_	linguistic	_	ContainsVariation=No	_	_	_	_	_	_
647-4	PKP125	647	4	[è::]	è	_	_	_	_	_	linguistic	_	ContainsVariation=No	_	End=1382.823	0x2	_	_	0-1(85)
648-0	PKP130	648	0	[EH]	eh	_	_	_	_	_	linguistic	_	ContainsVariation=No	Volume=high	Begin=1382.405	_	_	_	0-2(85)
648-1	PKP130	648	1	per	per	_	_	_	_	_	linguistic	_	ContainsVariation=No	_	_	_	_	_	_
648-2	PKP130	648	2	te	te	_	_	_	_	_	linguistic	_	ContainsVariation=No	_	_	_	_	_	_
648-3	PKP130	648	3	sì:	sì	_	_	_	_	_	linguistic	_	ContainsVariation=No	_	End=1383.564	1x1	_	_	_
649-0	PKP130	649	0	eleonora	eleonora	_	_	_	_	_	linguistic	_	ContainsVariation=No	_	Begin=1383.638	_	_	_	_
649-1	PKP130	649	1	mi	mi	_	_	_	_	_	linguistic	_	ContainsVariation=No	_	_	_	_	_	_
649-2	PKP130	649	2	pare	pare	_	_	_	_	_	linguistic	_	ContainsVariation=No	_	_	_	_	_	_
649-3	PKP130	649	3	si	si	_	_	_	_	_	linguistic	_	ContainsVariation=No	_	_	_	_	_	_
649-4	PKP130	649	4	chiami,	chiami	_	_	_	_	_	linguistic	_	ContainsVariation=No	Intonation=WeaklyRising	End=1385.379	_	_	_	_
650-0	PKP125	650	0	>vivià<	vivià	_	_	_	_	_	linguistic	_	ContainsVariation=No	_	Begin=1386.171	_	Fast=0-5(0)	_	_
650-1	PKP125	650	1	l'	l'	_	_	_	_	_	linguistic	_	ContainsVariation=No	SpaceAfter=No	_	_	_	_	_
650-2	PKP125	650	2	ultima	ultima	_	_	_	_	_	linguistic	_	ContainsVariation=No	_	_	_	_	_	_
650-3	PKP125	650	3	lei	lei	_	_	_	_	_	linguistic	_	ContainsVariation=No	_	_	_	_	_	_
650-4	PKP125	650	4	l'	l'	_	_	_	_	_	linguistic	_	ContainsVariation=No	SpaceAfter=No	_	_	_	_	_
650-5	PKP125	650	5	ha	ha	_	_	_	_	_	linguistic	_	ContainsVariation=No	_	_	_	_	_	_
650-6	PKP125	650	6	fatta	fatta	_	_	_	_	_	linguistic	_	ContainsVariation=No	_	_	_	_	_	_
650-7	PKP125	650	7	nel	nel	_	_	_	_	_	linguistic	_	ContainsVariation=No	_	_	_	_	_	_
650-8	PKP125	650	8	duemila	duemila	_	_	_	_	_	linguistic	_	ContainsVariation=No	_	_	_	_	_	_
650-9	PKP125	650	9	e	e	_	_	_	_	_	linguistic	_	ContainsVariation=No	_	_	_	_	_	_
650-10	PKP125	650	10	diciotto	diciotto	_	_	_	_	_	linguistic	_	ContainsVariation=No	_	End=1388.454	_	_	_	_
651-0	PKP130	651	0	[<diciassette>]	diciassette	_	_	_	_	_	linguistic	_	ContainsVariation=No	_	Begin=1388.886|End=1390.136	_	Slow=0-11(0)	_	0-11(86)
652-0	PKP125	652	0	[o	o	_	_	_	_	_	linguistic	_	ContainsVariation=No	_	Begin=1388.949	_	_	_	0-1(86)
652-1	PKP125	652	1	diciassette]	diciassette	_	_	_	_	_	linguistic	_	ContainsVariation=No	_	End=1389.832	_	_	_	0-11(86)
653-0	PKP130	653	0	quando	quando	_	_	_	_	_	linguistic	_	ContainsVariation=No	_	Begin=1390.206	_	_	_	_
653-1	PKP130	653	1	gina:	gina	_	_	_	_	_	linguistic	_	ContainsVariation=No	_	_	3x1	_	_	_
653-2	PKP130	653	2	quando	quando	_	_	_	_	_	linguistic	_	ContainsVariation=No	_	_	_	_	_	_
653-3	PKP130	653	3	io	io	_	_	_	_	_	linguistic	_	ContainsVariation=No	_	_	_	_	_	_
653-4	PKP130	653	4	[mi	mi	_	_	_	_	_	linguistic	_	ContainsVariation=No	_	_	_	_	_	0-2(87)
653-5	PKP130	653	5	<sposai>]	sposai	_	_	_	_	_	linguistic	_	ContainsVariation=No	_	_	_	Slow=0-6(0)	_	0-6(87)
653-6	PKP130	653	6	eh	eh	_	_	_	_	_	linguistic	_	ContainsVariation=No	_	End=1392.34	_	_	_	_
654-0	PKP125	654	0	[diciassette]	diciassette	_	_	_	_	_	linguistic	_	ContainsVariation=No	_	Begin=1391.11|End=1391.977	_	_	_	0-11(87)
655-0	PKP130	655	0	vedi	vedi	_	_	_	_	_	linguistic	_	ContainsVariation=No	_	Begin=1393.005	_	_	_	_
655-1	PKP130	655	1	questa	questa	_	_	_	_	_	linguistic	_	ContainsVariation=No	_	_	_	_	_	_
655-2	PKP130	655	2	è	è	_	_	_	_	_	linguistic	_	ContainsVariation=No	_	End=1393.805	_	_	_	_
656-0	PKP130	656	0	tale	tale	_	_	_	_	_	linguistic	_	ContainsVariation=No	_	Begin=1393.9	_	_	_	_
656-1	PKP130	656	1	e~	e~	_	_	_	_	_	linguistic	_	ContainsVariation=No	Interrupted=Yes	_	_	_	_	_
656-2	PKP130	656	2	IDENTICA:	identica	_	_	_	_	_	linguistic	_	ContainsVariation=No	Volume=high	End=1394.992	7x1	_	_	_
657-0	PKP125	657	0	((ride))	((ride))	_	_	_	_	_	nonverbalbehavior	_	ContainsVariation=No	_	Begin=1395.141|End=1395.258	_	_	_	_
658-0	PKP130	658	0	elena	elena	_	_	_	_	_	linguistic	_	ContainsVariation=No	_	Begin=1395.569	_	_	_	_
658-1	PKP130	658	1	sempre	sempre	_	_	_	_	_	linguistic	_	ContainsVariation=No	_	_	_	_	_	_
658-2	PKP130	658	2	uguale	uguale	_	_	_	_	_	linguistic	_	ContainsVariation=No	_	_	_	_	_	_
658-3	PKP130	658	3	[identica	identica	_	_	_	_	_	linguistic	_	ContainsVariation=No	_	_	_	_	_	0-8(88)
658-4	PKP130	658	4	a	a	_	_	_	_	_	linguistic	_	ContainsVariation=No	_	_	_	_	_	0-1(88)
658-5	PKP130	658	5	marialba]	marialba	_	_	_	_	_	linguistic	_	ContainsVariation=No	_	End=1397.669	_	_	_	0-8(88)
659-0	PKP125	659	0	[e	e	_	_	_	_	_	linguistic	_	ContainsVariation=No	_	Begin=1396.673	_	_	_	0-1(88)
659-1	PKP125	659	1	due	due	_	_	_	_	_	linguistic	_	ContainsVariation=No	_	_	_	_	_	0-3(88)
659-2	PKP125	659	2	femmine	femmine	_	_	_	_	_	linguistic	_	ContainsVariation=No	_	_	_	_	_	0-7(88)
659-3	PKP125	659	3	ha	ha	_	_	_	_	_	linguistic	_	ContainsVariation=No	_	_	_	_	_	0-2(88)
659-4	PKP125	659	4	fatto]?	fatto	_	_	_	_	_	linguistic	_	ContainsVariation=No	Intonation=Rising	End=1397.681	_	_	_	0-5(88)
660-0	PKP130	660	0	due	due	_	_	_	_	_	linguistic	_	ContainsVariation=No	_	Begin=1397.723	_	_	_	_
660-1	PKP130	660	1	femmine	femmine	_	_	_	_	_	linguistic	_	ContainsVariation=No	_	_	_	_	_	_
660-2	PKP130	660	2	sì	sì	_	_	_	_	_	linguistic	_	ContainsVariation=No	_	End=1398.548	_	_	_	_
661-0	PKP125	661	0	brava	brava	_	_	_	_	_	linguistic	_	ContainsVariation=No	_	Begin=1400.597	_	_	_	_
661-1	PKP125	661	1	ragaz:za	ragazza	_	_	_	_	_	linguistic	_	ContainsVariation=No	_	End=1401.489	4x1	_	_	_
662-0	PKP130	662	0	vedi	vedi	_	_	_	_	_	linguistic	_	ContainsVariation=No	_	Begin=1401.522	_	_	_	_
662-1	PKP130	662	1	alice?	alice	_	_	_	_	_	linguistic	_	ContainsVariation=No	Intonation=Rising	End=1402.305	_	_	_	_
663-0	PKP130	663	0	alice	alice	_	_	_	_	_	linguistic	_	ContainsVariation=No	_	Begin=1402.35	_	_	_	_
663-1	PKP130	663	1	si	si	_	_	_	_	_	linguistic	_	ContainsVariation=No	_	_	_	_	_	_
663-2	PKP130	663	2	è	è	_	_	_	_	_	linguistic	_	ContainsVariation=No	_	_	_	_	_	_
663-3	PKP130	663	3	fatta	fatta	_	_	_	_	_	linguistic	_	ContainsVariation=No	_	_	_	_	_	_
663-4	PKP130	663	4	bellina	bellina	_	_	_	_	_	linguistic	_	ContainsVariation=No	_	End=1403.467	_	_	_	_
664-0	PKP125	664	0	è	è	_	_	_	_	_	linguistic	_	ContainsVariation=No	_	Begin=1404.517	_	_	_	_
664-1	PKP125	664	1	dimagrita	dimagrita	_	_	_	_	_	linguistic	_	ContainsVariation=No	_	_	_	_	_	_
664-2	PKP125	664	2	[anche]	anche	_	_	_	_	_	linguistic	_	ContainsVariation=No	_	End=1405.692	_	_	_	0-5(89)
665-0	PKP130	665	0	[luciana]	luciana	_	_	_	_	_	linguistic	_	ContainsVariation=No	_	Begin=1405.066	_	_	_	0-7(89)
665-1	PKP130	665	1	è	è	_	_	_	_	_	linguistic	_	ContainsVariation=No	_	_	_	_	_	_
665-2	PKP130	665	2	cresciuta	cresciuta	_	_	_	_	_	linguistic	_	ContainsVariation=No	_	_	_	_	_	_
665-3	PKP130	665	3	assa:i	assai	_	_	_	_	_	linguistic	_	ContainsVariation=No	_	End=1406.483	3x1	_	_	_
666-0	PKP125	666	0	# [fa	fa	_	_	_	_	_	linguistic	_	ContainsVariation=Yes|Code=Underspecified	_	Begin=1406.753	_	_	_	0-2(90)
666-1	PKP125	666	1	vrè	vrè	_	_	_	_	_	linguistic	_	ContainsVariation=Yes|Code=Underspecified	_	_	_	_	_	0-3(90)
666-2	PKP125	666	2	lucian]	lucian	_	_	_	_	_	linguistic	_	ContainsVariation=Yes|Code=Underspecified	_	End=1407.711	_	_	_	0-6(90)
667-0	PKP130	667	0	[xxx:]	xxx	_	_	_	_	_	linguistic	_	ContainsVariation=No	_	Begin=1406.753|End=1407.711	2x1	_	_	0-3(90)
668-0	PKP130	668	0	carolina	carolina	_	_	_	_	_	linguistic	_	ContainsVariation=No	_	Begin=1407.994	_	_	_	_
668-1	PKP130	668	1	c'	c'	_	_	_	_	_	linguistic	_	ContainsVariation=No	SpaceAfter=No	_	_	_	_	_
668-2	PKP130	668	2	è	è	_	_	_	_	_	linguistic	_	ContainsVariation=No	_	_	_	_	_	_
668-3	PKP130	668	3	una	una	_	_	_	_	_	linguistic	_	ContainsVariation=No	_	_	_	_	_	_
668-4	PKP130	668	4	foto	foto	_	_	_	_	_	linguistic	_	ContainsVariation=No	_	_	_	_	_	_
668-5	PKP130	668	5	più	più	_	_	_	_	_	linguistic	_	ContainsVariation=No	_	_	_	_	_	_
668-6	PKP130	668	6	xxx	xxx	_	_	_	_	_	unknown	_	ContainsVariation=No	Syllables=3	_	_	_	_	_
668-7	PKP130	668	7	a	a	_	_	_	_	_	linguistic	_	ContainsVariation=No	_	_	_	_	_	_
668-8	PKP130	668	8	luciana	luciana	_	_	_	_	_	linguistic	_	ContainsVariation=No	_	End=1410.102	_	_	_	_
669-0	PKP125	669	0	°eh°	eh	_	_	_	_	_	linguistic	_	ContainsVariation=No	PauseAfter=Yes|Volume=low	Begin=1410.227	_	_	_	_
669-1	PKP125	669	1	(.)	(.)	_	_	_	_	_	shortpause	_	ContainsVariation=No	_	_	_	_	_	_
669-2	PKP125	669	2	ma	ma	_	_	_	_	_	linguistic	_	ContainsVariation=No	_	_	_	_	_	_
669-3	PKP125	669	3	luciana	luciana	_	_	_	_	_	linguistic	_	ContainsVariation=No	_	_	_	_	_	_
669-4	PKP125	669	4	già	già	_	_	_	_	_	linguistic	_	ContainsVariation=No	_	_	_	_	_	_
669-5	PKP125	669	5	[era	era	_	_	_	_	_	linguistic	_	ContainsVariation=No	_	_	_	_	_	0-3(91)
669-6	PKP125	669	6	cresciuta]	cresciuta	_	_	_	_	_	linguistic	_	ContainsVariation=No	_	End=1412.293	_	_	_	0-9(91)
670-0	PKP130	670	0	[donatella:]	donatella	_	_	_	_	_	linguistic	_	ContainsVariation=No	_	Begin=1411.389	8x1	_	_	0-9(91)
670-1	PKP130	670	1	no	no	_	_	_	_	_	linguistic	_	ContainsVariation=No	_	_	_	_	_	_
670-2	PKP130	670	2	questa	questa	_	_	_	_	_	linguistic	_	ContainsVariation=No	_	_	_	_	_	_
670-3	PKP130	670	3	non	non	_	_	_	_	_	linguistic	_	ContainsVariation=No	_	_	_	_	_	_
670-4	PKP130	670	4	è	è	_	_	_	_	_	linguistic	_	ContainsVariation=No	_	_	_	_	_	_
670-5	PKP130	670	5	donatel[la]	donatella	_	_	_	_	_	linguistic	_	ContainsVariation=No	_	End=1413.242	_	_	_	7-9(92)
671-0	PKP125	671	0	[io]	io	_	_	_	_	_	linguistic	_	ContainsVariation=No	_	Begin=1413.052	_	_	_	0-2(92)
671-1	PKP125	671	1	luciana	luciana	_	_	_	_	_	linguistic	_	ContainsVariation=No	_	_	_	_	_	_
671-2	PKP125	671	2	l'	l'	_	_	_	_	_	linguistic	_	ContainsVariation=No	SpaceAfter=No	_	_	_	_	_
671-3	PKP125	671	3	ho	ho	_	_	_	_	_	linguistic	_	ContainsVariation=No	_	_	_	_	_	_
671-4	PKP125	671	4	vista:	vista	_	_	_	_	_	linguistic	_	ContainsVariation=No	_	_	4x1	_	_	_
671-5	PKP125	671	5	a	a	_	_	_	_	_	linguistic	_	ContainsVariation=No	_	_	_	_	_	_
671-6	PKP125	671	6	<dicembre>	dicembre	_	_	_	_	_	linguistic	_	ContainsVariation=No	_	End=1414.902	_	Slow=0-8(0)	_	_
672-0	PKP125	672	0	quando	quando	_	_	_	_	_	linguistic	_	ContainsVariation=No	_	Begin=1415.772	_	_	_	_
672-1	PKP125	672	1	sono	sono	_	_	_	_	_	linguistic	_	ContainsVariation=No	_	_	_	_	_	_
672-2	PKP125	672	2	venut[o::]	venuto	_	_	_	_	_	linguistic	_	ContainsVariation=No	_	End=1417.047	5x2	_	_	5-6(93)
673-0	PKP130	673	0	[eh]	eh	_	_	_	_	_	linguistic	_	ContainsVariation=No	_	Begin=1416.738|End=1417.054	_	_	_	0-2(93)
674-0	PKP130	674	0	vedi	vedi	_	_	_	_	_	linguistic	_	ContainsVariation=No	_	Begin=1417.479	_	_	_	_
674-1	PKP130	674	1	a	a	_	_	_	_	_	linguistic	_	ContainsVariation=No	_	_	_	_	_	_
674-2	PKP130	674	2	giorgio,	giorgio	_	_	_	_	_	linguistic	_	ContainsVariation=No	Intonation=WeaklyRising	End=1418.496	_	_	_	_
675-0	PKP125	675	0	mh	mh	_	_	_	_	_	linguistic	_	ContainsVariation=No	_	Begin=1419.907|End=1420.124	_	_	_	_
676-0	PKP130	676	0	si	si	_	_	_	_	_	linguistic	_	ContainsVariation=No	_	Begin=1422.477	_	_	_	_
676-1	PKP130	676	1	è	è	_	_	_	_	_	linguistic	_	ContainsVariation=No	_	_	_	_	_	_
676-2	PKP130	676	2	fatto	fatto	_	_	_	_	_	linguistic	_	ContainsVariation=No	_	_	_	_	_	_
676-3	PKP130	676	3	bellino	bellino	_	_	_	_	_	linguistic	_	ContainsVariation=No	_	End=1423.269	_	_	_	_
677-0	PKP130	677	0	>e	e	_	_	_	_	_	linguistic	_	ContainsVariation=No	_	Begin=1425.152	_	Fast=0-1(0)	_	_
677-1	PKP130	677	1	poi	poi	_	_	_	_	_	linguistic	_	ContainsVariation=No	_	_	_	Fast=0-3(0)	_	_
677-2	PKP130	677	2	c'	c'	_	_	_	_	_	linguistic	_	ContainsVariation=No	SpaceAfter=No	_	_	Fast=0-2(0)	_	_
677-3	PKP130	677	3	è<	è	_	_	_	_	_	linguistic	_	ContainsVariation=No	_	_	_	Fast=0-1(0)	_	_
677-4	PKP130	677	4	una	una	_	_	_	_	_	linguistic	_	ContainsVariation=No	_	_	_	_	_	_
677-5	PKP130	677	5	nipote	nipote	_	_	_	_	_	linguistic	_	ContainsVariation=No	_	_	_	_	_	_
677-6	PKP130	677	6	di	di	_	_	_	_	_	linguistic	_	ContainsVariation=No	_	_	_	_	_	_
677-7	PKP130	677	7	stefano	stefano	_	_	_	_	_	linguistic	_	ContainsVariation=No	_	_	_	_	_	_
677-8	PKP130	677	8	che	che	_	_	_	_	_	linguistic	_	ContainsVariation=No	_	_	_	_	_	_
677-9	PKP130	677	9	secondo	secondo	_	_	_	_	_	linguistic	_	ContainsVariation=No	_	_	_	_	_	_
677-10	PKP130	677	10	me	me	_	_	_	_	_	linguistic	_	ContainsVariation=No	_	_	_	_	_	_
677-11	PKP130	677	11	è	è	_	_	_	_	_	linguistic	_	ContainsVariation=No	_	_	_	_	_	_
677-12	PKP130	677	12	<QUESTA>	questa	_	_	_	_	_	linguistic	_	ContainsVariation=No	Volume=high	End=1427.96	_	Slow=0-6(0)	_	_
678-0	PKP130	678	0	che	che	_	_	_	_	_	linguistic	_	ContainsVariation=No	_	Begin=1428.46	_	_	_	_
678-1	PKP130	678	1	tipo	tipo	_	_	_	_	_	linguistic	_	ContainsVariation=No	_	_	_	_	_	_
678-2	PKP130	678	2	si	si	_	_	_	_	_	linguistic	_	ContainsVariation=No	_	_	_	_	_	_
678-3	PKP130	678	3	è	è	_	_	_	_	_	linguistic	_	ContainsVariation=No	_	_	_	_	_	_
678-4	PKP130	678	4	messa	messa	_	_	_	_	_	linguistic	_	ContainsVariation=No	_	_	_	_	_	_
678-5	PKP130	678	5	con	con	_	_	_	_	_	linguistic	_	ContainsVariation=No	_	_	_	_	_	_
678-6	PKP130	678	6	un	un	_	_	_	_	_	linguistic	_	ContainsVariation=No	_	_	_	_	_	_
678-7	PKP130	678	7	uomo	uomo	_	_	_	_	_	linguistic	_	ContainsVariation=No	_	_	_	_	_	_
678-8	PKP130	678	8	tipo	tipo	_	_	_	_	_	linguistic	_	ContainsVariation=No	_	_	_	_	_	_
678-9	PKP130	678	9	di	di	_	_	_	_	_	linguistic	_	ContainsVariation=No	_	_	_	_	_	_
678-10	PKP130	678	10	vent'	vent'	_	_	_	_	_	linguistic	_	ContainsVariation=No	SpaceAfter=No	_	_	_	_	_
678-11	PKP130	678	11	anni	anni	_	_	_	_	_	linguistic	_	ContainsVariation=No	_	_	_	_	_	_
678-12	PKP130	678	12	più	più	_	_	_	_	_	linguistic	_	ContainsVariation=No	_	_	_	_	_	_
678-13	PKP130	678	13	<GRANDE>	grande	_	_	_	_	_	linguistic	_	ContainsVariation=No	Volume=high	End=1431.601	_	Slow=0-6(0)	_	_
679-0	PKP130	679	0	e	e	_	_	_	_	_	linguistic	_	ContainsVariation=No	_	Begin=1432.384	_	_	_	_
679-1	PKP130	679	1	a	a	_	_	_	_	_	linguistic	_	ContainsVariation=No	_	_	_	_	_	_
679-2	PKP130	679	2	luciana	luciana	_	_	_	_	_	linguistic	_	ContainsVariation=No	_	End=1433.192	_	_	_	_
680-0	PKP130	680	0	bella	bella	_	_	_	_	_	linguistic	_	ContainsVariation=No	_	Begin=1433.333	_	_	_	_
680-1	PKP130	680	1	luciana	luciana	_	_	_	_	_	linguistic	_	ContainsVariation=No	_	_	_	_	_	_
680-2	PKP130	680	2	eh?	eh	_	_	_	_	_	linguistic	_	ContainsVariation=No	Intonation=Rising	End=1434.325	_	_	_	_
681-0	PKP130	681	0	# assomigl'	assomigl'	_	_	_	_	_	linguistic	_	ContainsVariation=Yes|Code=Underspecified	Truncated=Yes	Begin=1434.384	_	_	_	_
681-1	PKP130	681	1	'u	'u	_	_	_	_	_	linguistic	_	ContainsVariation=Yes|Code=Underspecified	Truncated=Yes	_	_	_	_	_
681-2	PKP130	681	2	padre	padre	_	_	_	_	_	linguistic	_	ContainsVariation=Yes|Code=Underspecified	_	_	_	_	_	_
681-3	PKP130	681	3	GUARDA,	guarda	_	_	_	_	_	linguistic	_	ContainsVariation=Yes|Code=Underspecified	Intonation=WeaklyRising|Volume=high	End=1435.55	_	_	_	_
682-0	PKP125	682	0	e:h	eh	_	_	_	_	_	linguistic	_	ContainsVariation=No	_	Begin=1438.362	0x1	_	_	_
682-1	PKP125	682	1	i	i	_	_	_	_	_	linguistic	_	ContainsVariation=No	_	_	_	_	_	_
682-2	PKP125	682	2	colo~	colo~	_	_	_	_	_	linguistic	_	ContainsVariation=No	Interrupted=Yes	_	_	_	_	_
682-3	PKP125	682	3	i	i	_	_	_	_	_	linguistic	_	ContainsVariation=No	_	_	_	_	_	_
682-4	PKP125	682	4	colori	colori	_	_	_	_	_	linguistic	_	ContainsVariation=No	_	_	_	_	_	_
682-5	PKP125	682	5	però	però	_	_	_	_	_	linguistic	_	ContainsVariation=No	_	_	_	_	_	_
682-6	PKP125	682	6	hanno	hanno	_	_	_	_	_	linguistic	_	ContainsVariation=No	_	_	_	_	_	_
682-7	PKP125	682	7	tutti	tutti	_	_	_	_	_	linguistic	_	ContainsVariation=No	_	_	_	_	_	_
682-8	PKP125	682	8	e	e	_	_	_	_	_	linguistic	_	ContainsVariation=No	_	_	_	_	_	_
682-9	PKP125	682	9	tre	tre	_	_	_	_	_	linguistic	_	ContainsVariation=No	_	_	_	_	_	_
682-10	PKP125	682	10	i	i	_	_	_	_	_	linguistic	_	ContainsVariation=No	_	_	_	_	_	_
682-11	PKP125	682	11	[colori	colori	_	_	_	_	_	linguistic	_	ContainsVariation=No	_	_	_	_	_	0-6(94)
682-12	PKP125	682	12	di:	di	_	_	_	_	_	linguistic	_	ContainsVariation=No	_	_	1x1	_	_	0-2(94)
682-13	PKP125	682	13	di	di	_	_	_	_	_	linguistic	_	ContainsVariation=No	_	_	_	_	_	0-2(94)
682-14	PKP125	682	14	<MARIALBA>]	marialba	_	_	_	_	_	linguistic	_	ContainsVariation=No	Volume=high	End=1441.912	_	Slow=0-8(0)	_	0-8(94)
683-0	PKP130	683	0	[no	no	_	_	_	_	_	linguistic	_	ContainsVariation=No	_	Begin=1440.382	_	_	_	0-2(94)
683-1	PKP130	683	1	non	non	_	_	_	_	_	linguistic	_	ContainsVariation=No	_	_	_	_	_	0-3(94)
683-2	PKP130	683	2	è	è	_	_	_	_	_	linguistic	_	ContainsVariation=No	_	_	_	_	_	0-1(94)
683-3	PKP130	683	3	ques:to]	questo	_	_	_	_	_	linguistic	_	ContainsVariation=No	_	End=1441.857	3x1	_	_	0-6(94)
684-0	PKP130	684	0	SÌ:	sì	_	_	_	_	_	linguistic	_	ContainsVariation=No	Volume=high	Begin=1442.023|End=1442.431	1x1	_	_	_
685-0	PKP130	685	0	>PERÒ<	però	_	_	_	_	_	linguistic	_	ContainsVariation=No	Volume=high	Begin=1443.231	_	Fast=0-4(0)	_	_
685-1	PKP130	685	1	nessuno	nessuno	_	_	_	_	_	linguistic	_	ContainsVariation=No	_	_	_	_	_	_
685-2	PKP130	685	2	ha	ha	_	_	_	_	_	linguistic	_	ContainsVariation=No	_	_	_	_	_	_
685-3	PKP130	685	3	gli	gli	_	_	_	_	_	linguistic	_	ContainsVariation=No	_	_	_	_	_	_
685-4	PKP130	685	4	occhi	occhi	_	_	_	_	_	linguistic	_	ContainsVariation=No	_	_	_	_	_	_
685-5	PKP130	685	5	azzurri	azzurri	_	_	_	_	_	linguistic	_	ContainsVariation=No	_	_	_	_	_	_
685-6	PKP130	685	6	come	come	_	_	_	_	_	linguistic	_	ContainsVariation=No	_	_	_	_	_	_
685-7	PKP130	685	7	a	a	_	_	_	_	_	linguistic	_	ContainsVariation=No	_	_	_	_	_	_
685-8	PKP130	685	8	marialba	marialba	_	_	_	_	_	linguistic	_	ContainsVariation=No	_	End=1445.781	_	_	_	_
686-0	PKP130	686	0	ah	ah	_	_	_	_	_	linguistic	_	ContainsVariation=No	_	Begin=1446.401	_	_	_	_
686-1	PKP130	686	1	no	no	_	_	_	_	_	linguistic	_	ContainsVariation=No	_	_	_	_	_	_
686-2	PKP130	686	2	non	non	_	_	_	_	_	linguistic	_	ContainsVariation=No	_	_	_	_	_	_
686-3	PKP130	686	3	è	è	_	_	_	_	_	linguistic	_	ContainsVariation=No	_	_	_	_	_	_
686-4	PKP130	686	4	<questa>	questa	_	_	_	_	_	linguistic	_	ContainsVariation=No	_	_	_	Slow=0-6(0)	_	_
686-5	PKP130	686	5	perché	perché	_	_	_	_	_	linguistic	_	ContainsVariation=No	_	_	_	_	_	_
686-6	PKP130	686	6	questa	questa	_	_	_	_	_	linguistic	_	ContainsVariation=No	_	_	_	_	_	_
686-7	PKP130	686	7	c'	c'	_	_	_	_	_	linguistic	_	ContainsVariation=No	SpaceAfter=No	_	_	_	_	_
686-8	PKP130	686	8	ha	ha	_	_	_	_	_	linguistic	_	ContainsVariation=No	_	_	_	_	_	_
686-9	PKP130	686	9	due	due	_	_	_	_	_	linguistic	_	ContainsVariation=No	_	_	_	_	_	_
686-10	PKP130	686	10	figli	figli	_	_	_	_	_	linguistic	_	ContainsVariation=No	_	_	_	_	_	_
686-11	PKP130	686	11	>questa<	questa	_	_	_	_	_	linguistic	_	ContainsVariation=No	_	_	_	Fast=0-6(0)	_	_
686-12	PKP130	686	12	sarà	sarà	_	_	_	_	_	linguistic	_	ContainsVariation=No	_	_	_	_	_	_
686-13	PKP130	686	13	un'	un'	_	_	_	_	_	linguistic	_	ContainsVariation=No	SpaceAfter=No	_	_	_	_	_
686-14	PKP130	686	14	altra	altra	_	_	_	_	_	linguistic	_	ContainsVariation=No	_	_	_	_	_	_
686-15	PKP130	686	15	nipote	nipote	_	_	_	_	_	linguistic	_	ContainsVariation=No	PauseAfter=Yes	_	_	_	_	_
686-16	PKP130	686	16	(.)	(.)	_	_	_	_	_	shortpause	_	ContainsVariation=No	_	_	_	_	_	_
686-17	PKP130	686	17	hanno	hanno	_	_	_	_	_	linguistic	_	ContainsVariation=No	_	_	_	_	_	_
686-18	PKP130	686	18	fatto	fatto	_	_	_	_	_	linguistic	_	ContainsVariation=No	_	_	_	_	_	_
686-19	PKP130	686	19	la	la	_	_	_	_	_	linguistic	_	ContainsVariation=No	_	_	_	_	_	_
686-20	PKP130	686	20	giornata	giornata	_	_	_	_	_	linguistic	_	ContainsVariation=No	_	_	_	_	_	_
686-21	PKP130	686	21	tipo	tipo	_	_	_	_	_	linguistic	_	ContainsVariation=No	_	_	_	_	_	_
686-22	PKP130	686	22	in	in	_	_	_	_	_	linguistic	_	ContainsVariation=No	_	_	_	_	_	_
686-23	PKP130	686	23	barca	barca	_	_	_	_	_	linguistic	_	ContainsVariation=No	_	End=1451.426	_	_	_	_
687-0	PKP130	687	0	vedi	vedi	_	_	_	_	_	linguistic	_	ContainsVariation=No	_	Begin=1451.525	_	_	_	_
687-1	PKP130	687	1	che	che	_	_	_	_	_	linguistic	_	ContainsVariation=No	_	_	_	_	_	_
687-2	PKP130	687	2	bella	bella	_	_	_	_	_	linguistic	_	ContainsVariation=No	_	_	_	_	_	_
687-3	PKP130	687	3	struttura?	struttura	_	_	_	_	_	linguistic	_	ContainsVariation=No	Intonation=Rising	End=1452.608	_	_	_	_
688-0	PKP125	688	0	sì	sì	_	_	_	_	_	linguistic	_	ContainsVariation=No	_	Begin=1452.945	_	_	_	_
688-1	PKP125	688	1	ma	ma	_	_	_	_	_	linguistic	_	ContainsVariation=No	_	_	_	_	_	_
688-2	PKP125	688	2	sono	sono	_	_	_	_	_	linguistic	_	ContainsVariation=No	_	_	_	_	_	_
688-3	PKP125	688	3	in	in	_	_	_	_	_	linguistic	_	ContainsVariation=No	_	_	_	_	_	_
688-4	PKP125	688	4	vacanza	vacanza	_	_	_	_	_	linguistic	_	ContainsVariation=No	_	_	_	_	_	_
688-5	PKP125	688	5	da	da	_	_	_	_	_	linguistic	_	ContainsVariation=No	_	_	_	_	_	_
688-6	PKP125	688	6	un	un	_	_	_	_	_	linguistic	_	ContainsVariation=No	_	_	_	_	_	_
688-7	PKP125	688	7	bel	bel	_	_	_	_	_	linguistic	_	ContainsVariation=No	_	_	_	_	_	_
688-8	PKP125	688	8	po'	po'	_	_	_	_	_	linguistic	_	ContainsVariation=No	_	_	_	_	_	_
688-9	PKP125	688	9	io	io	_	_	_	_	_	linguistic	_	ContainsVariation=No	_	_	_	_	_	_
688-10	PKP125	688	10	le	le	_	_	_	_	_	linguistic	_	ContainsVariation=No	_	_	_	_	_	_
688-11	PKP125	688	11	vedo	vedo	_	_	_	_	_	linguistic	_	ContainsVariation=No	_	_	_	_	_	_
688-12	PKP125	688	12	le	le	_	_	_	_	_	linguistic	_	ContainsVariation=No	_	_	_	_	_	_
688-13	PKP125	688	13	storie	storie	_	_	_	_	_	linguistic	_	ContainsVariation=No	_	_	_	_	_	_
688-14	PKP125	688	14	[di	di	_	_	_	_	_	linguistic	_	ContainsVariation=No	_	_	_	_	_	0-2(95)
688-15	PKP125	688	15	ste]fano	stefano	_	_	_	_	_	linguistic	_	ContainsVariation=No	_	_	_	_	_	0-3(95)
688-16	PKP125	688	16	EH	eh	_	_	_	_	_	linguistic	_	ContainsVariation=No	Volume=high	End=1456.403	_	_	_	_
689-0	PKP130	689	0	[eh	eh	_	_	_	_	_	linguistic	_	ContainsVariation=No	_	Begin=1455.394	_	_	_	0-2(95)
689-1	PKP130	689	1	eh]	eh	_	_	_	_	_	linguistic	_	ContainsVariation=No	_	End=1456.003	_	_	_	0-2(95)
690-0	PKP130	690	0	[su	su	_	_	_	_	_	linguistic	_	ContainsVariation=No	_	Begin=1456.884	_	_	_	0-2(96)
690-1	PKP130	690	1	<instagram>]	instagram	_	_	_	_	_	linguistic	_	ContainsVariation=No	_	_	_	Slow=0-9(0)	_	0-9(96)
690-2	PKP130	690	2	ce	ce	_	_	_	_	_	linguistic	_	ContainsVariation=No	_	_	_	_	_	_
690-3	PKP130	690	3	l'	l'	_	_	_	_	_	linguistic	_	ContainsVariation=No	SpaceAfter=No	_	_	_	_	_
690-4	PKP130	690	4	hai	hai	_	_	_	_	_	linguistic	_	ContainsVariation=No	_	End=1458.434	_	_	_	_
691-0	PKP125	691	0	[ma	ma	_	_	_	_	_	linguistic	_	ContainsVariation=No	_	Begin=1456.885	_	_	_	0-2(96)
691-1	PKP125	691	1	io	io	_	_	_	_	_	linguistic	_	ContainsVariation=No	_	_	_	_	_	0-2(96)
691-2	PKP125	691	2	non	non	_	_	_	_	_	linguistic	_	ContainsVariation=No	_	_	_	_	_	0-3(96)
691-3	PKP125	691	3	so	so	_	_	_	_	_	linguistic	_	ContainsVariation=No	_	_	_	_	_	0-2(96)
691-4	PKP125	691	4	se:]	se	_	_	_	_	_	linguistic	_	ContainsVariation=No	_	End=1457.61	1x1	_	_	0-2(96)
692-0	PKP125	692	0	su	su	_	_	_	_	_	linguistic	_	ContainsVariation=No	_	Begin=1459.071	_	_	_	_
692-1	PKP125	692	1	whatsapp	whatsapp	_	_	_	_	_	linguistic	_	ContainsVariation=No	_	End=1459.588	_	_	_	_
693-0	PKP130	693	0	su	su	_	_	_	_	_	linguistic	_	ContainsVariation=No	_	Begin=1459.774	_	_	_	_
693-1	PKP130	693	1	what~	what~	_	_	_	_	_	linguistic	_	ContainsVariation=No	Interrupted=Yes	End=1460.083	_	_	_	_
694-0	PKP130	694	0	a:h	ah	_	_	_	_	_	linguistic	_	ContainsVariation=No	_	Begin=1460.348	0x1	_	_	_
694-1	PKP130	694	1	su	su	_	_	_	_	_	linguistic	_	ContainsVariation=No	_	_	_	_	_	_
694-2	PKP130	694	2	whatsapp	whatsapp	_	_	_	_	_	linguistic	_	ContainsVariation=No	_	_	_	_	_	_
694-3	PKP130	694	3	sì	sì	_	_	_	_	_	linguistic	_	ContainsVariation=No	_	End=1461.44	_	_	_	_
695-0	PKP125	695	0	no	no	_	_	_	_	_	linguistic	_	ContainsVariation=No	_	Begin=1461.739	_	_	_	_
695-1	PKP125	695	1	io	io	_	_	_	_	_	linguistic	_	ContainsVariation=No	_	_	_	_	_	_
695-2	PKP125	695	2	non	non	_	_	_	_	_	linguistic	_	ContainsVariation=No	_	_	_	_	_	_
695-3	PKP125	695	3	ce	ce	_	_	_	_	_	linguistic	_	ContainsVariation=No	_	_	_	_	_	_
695-4	PKP125	695	4	l'	l'	_	_	_	_	_	linguistic	_	ContainsVariation=No	SpaceAfter=No	_	_	_	_	_
695-5	PKP125	695	5	ho	ho	_	_	_	_	_	linguistic	_	ContainsVariation=No	_	_	_	_	_	_
695-6	PKP125	695	6	mi	mi	_	_	_	_	_	linguistic	_	ContainsVariation=No	_	_	_	_	_	_
695-7	PKP125	695	7	sa	sa	_	_	_	_	_	linguistic	_	ContainsVariation=No	_	_	_	_	_	_
695-8	PKP125	695	8	ne	ne	_	_	_	_	_	linguistic	_	ContainsVariation=No	_	_	_	_	_	_
695-9	PKP125	695	9	su	su	_	_	_	_	_	linguistic	_	ContainsVariation=No	_	_	_	_	_	_
695-10	PKP125	695	10	e::h	eh	_	_	_	_	_	linguistic	_	ContainsVariation=No	_	_	0x2	_	_	_
695-11	PKP125	695	11	facebook	facebook	_	_	_	_	_	linguistic	_	ContainsVariation=No	_	End=1464.243	_	_	_	_
696-0	PKP130	696	0	io	io	_	_	_	_	_	linguistic	_	ContainsVariation=No	_	Begin=1464.32	_	_	_	_
696-1	PKP130	696	1	ho	ho	_	_	_	_	_	linguistic	_	ContainsVariation=No	_	_	_	_	_	_
696-2	PKP130	696	2	solta~	solta~	_	_	_	_	_	linguistic	_	ContainsVariation=No	Interrupted=Yes	_	_	_	_	_
696-3	PKP130	696	3	ho	ho	_	_	_	_	_	linguistic	_	ContainsVariation=No	_	_	_	_	_	_
696-4	PKP130	696	4	marialba	marialba	_	_	_	_	_	linguistic	_	ContainsVariation=No	_	_	_	_	_	_
696-5	PKP130	696	5	e	e	_	_	_	_	_	linguistic	_	ContainsVariation=No	_	_	_	_	_	_
696-6	PKP130	696	6	ho	ho	_	_	_	_	_	linguistic	_	ContainsVariation=No	_	_	_	_	_	_
696-7	PKP130	696	7	pure	pure	_	_	_	_	_	linguistic	_	ContainsVariation=No	_	_	_	_	_	_
696-8	PKP130	696	8	stefano	stefano	_	_	_	_	_	linguistic	_	ContainsVariation=No	_	_	_	_	_	_
696-9	PKP130	696	9	e	e	_	_	_	_	_	linguistic	_	ContainsVariation=No	_	_	_	_	_	_
696-10	PKP130	696	10	poi	poi	_	_	_	_	_	linguistic	_	ContainsVariation=No	_	_	_	_	_	_
696-11	PKP130	696	11	i	i	_	_	_	_	_	linguistic	_	ContainsVariation=No	_	_	_	_	_	_
696-12	PKP130	696	12	tre	tre	_	_	_	_	_	linguistic	_	ContainsVariation=No	_	_	_	_	_	_
696-13	PKP130	696	13	figli	figli	_	_	_	_	_	linguistic	_	ContainsVariation=No	_	_	_	_	_	_
696-14	PKP130	696	14	no::	no	_	_	_	_	_	linguistic	_	ContainsVariation=No	_	_	1x2	_	_	_
696-15	PKP130	696	15	tre~	tre~	_	_	_	_	_	linguistic	_	ContainsVariation=No	Interrupted=Yes	_	_	_	_	_
696-16	PKP130	696	16	su	su	_	_	_	_	_	linguistic	_	ContainsVariation=No	_	_	_	_	_	_
696-17	PKP130	696	17	instagram	instagram	_	_	_	_	_	linguistic	_	ContainsVariation=No	_	_	_	_	_	_
696-18	PKP130	696	18	ho	ho	_	_	_	_	_	linguistic	_	ContainsVariation=No	_	_	_	_	_	_
696-19	PKP130	696	19	soltanto:	soltanto	_	_	_	_	_	linguistic	_	ContainsVariation=No	_	_	7x1	_	_	_
696-20	PKP130	696	20	comm'	comm'	_	_	_	_	_	linguistic	_	ContainsVariation=No	Truncated=Yes	_	_	_	_	_
696-21	PKP130	696	21	si	si	_	_	_	_	_	linguistic	_	ContainsVariation=No	_	_	_	_	_	_
696-22	PKP130	696	22	chiama	chiama	_	_	_	_	_	linguistic	_	ContainsVariation=No	_	_	_	_	_	_
696-23	PKP130	696	23	luciana	luciana	_	_	_	_	_	linguistic	_	ContainsVariation=No	_	End=1470.594	_	_	_	_
697-0	PKP130	697	0	che	che	_	_	_	_	_	linguistic	_	ContainsVariation=No	_	Begin=1470.719	_	_	_	_
697-1	PKP130	697	1	mi	mi	_	_	_	_	_	linguistic	_	ContainsVariation=No	_	_	_	_	_	_
697-2	PKP130	697	2	gua:rda	guarda	_	_	_	_	_	linguistic	_	ContainsVariation=No	_	_	2x1	_	_	_
697-3	PKP130	697	3	e	e	_	_	_	_	_	linguistic	_	ContainsVariation=No	_	_	_	_	_	_
697-4	PKP130	697	4	mi	mi	_	_	_	_	_	linguistic	_	ContainsVariation=No	_	_	_	_	_	_
697-5	PKP130	697	5	commenta	commenta	_	_	_	_	_	linguistic	_	ContainsVariation=No	_	_	_	_	_	_
697-6	PKP130	697	6	ogni	ogni	_	_	_	_	_	linguistic	_	ContainsVariation=No	_	_	_	_	_	_
697-7	PKP130	697	7	tanto	tanto	_	_	_	_	_	linguistic	_	ContainsVariation=No	_	End=1472.452	_	_	_	_
698-0	PKP125	698	0	no	no	_	_	_	_	_	linguistic	_	ContainsVariation=No	_	Begin=1473.172	_	_	_	_
698-1	PKP125	698	1	su	su	_	_	_	_	_	linguistic	_	ContainsVariation=No	_	_	_	_	_	_
698-2	PKP125	698	2	instagra[m:]	instagram	_	_	_	_	_	linguistic	_	ContainsVariation=No	_	End=1474.18	8x1	_	_	8-9(97)
699-0	PKP130	699	0	[MA:::]	ma	_	_	_	_	_	linguistic	_	ContainsVariation=No	Volume=high	Begin=1473.905	1x3	_	_	0-2(97)
699-1	PKP130	699	1	°m:h°	mh	_	_	_	_	_	linguistic	_	ContainsVariation=No	Volume=low	End=1475.196	0x1	_	_	_
700-0	PKP130	700	0	c'	c'	_	_	_	_	_	linguistic	_	ContainsVariation=No	SpaceAfter=No	Begin=1475.895	_	_	_	_
700-1	PKP130	700	1	è	è	_	_	_	_	_	linguistic	_	ContainsVariation=No	_	_	_	_	_	_
700-2	PKP130	700	2	da	da	_	_	_	_	_	linguistic	_	ContainsVariation=No	_	_	_	_	_	_
700-3	PKP130	700	3	dire:	dire	_	_	_	_	_	linguistic	_	ContainsVariation=No	_	_	3x1	_	_	_
700-4	PKP130	700	4	[io	io	_	_	_	_	_	linguistic	_	ContainsVariation=No	_	_	_	_	_	0-2(98)
700-5	PKP130	700	5	non	non	_	_	_	_	_	linguistic	_	ContainsVariation=No	_	_	_	_	_	0-3(98)
700-6	PKP130	700	6	so	so	_	_	_	_	_	linguistic	_	ContainsVariation=No	_	_	_	_	_	0-2(98)
700-7	PKP130	700	7	neanche]	neanche	_	_	_	_	_	linguistic	_	ContainsVariation=No	_	_	_	_	_	0-7(98)
700-8	PKP130	700	8	se	se	_	_	_	_	_	linguistic	_	ContainsVariation=No	_	_	_	_	_	_
700-9	PKP130	700	9	gli	gli	_	_	_	_	_	linguistic	_	ContainsVariation=No	_	_	_	_	_	_
700-10	PKP130	700	10	ho	ho	_	_	_	_	_	linguistic	_	ContainsVariation=No	_	_	_	_	_	_
700-11	PKP130	700	11	messo	messo	_	_	_	_	_	linguistic	_	ContainsVariation=No	_	_	_	_	_	_
700-12	PKP130	700	12	gli	gli	_	_	_	_	_	linguistic	_	ContainsVariation=No	_	_	_	_	_	_
700-13	PKP130	700	13	ho	ho	_	_	_	_	_	linguistic	_	ContainsVariation=No	_	_	_	_	_	_
700-14	PKP130	700	14	dato	dato	_	_	_	_	_	linguistic	_	ContainsVariation=No	_	_	_	_	_	_
700-15	PKP130	700	15	la	la	_	_	_	_	_	linguistic	_	ContainsVariation=No	_	_	_	_	_	_
700-16	PKP130	700	16	bomboniera	bomboniera	_	_	_	_	_	linguistic	_	ContainsVariation=No	_	_	_	_	_	_
700-17	PKP130	700	17	del	del	_	_	_	_	_	linguistic	_	ContainsVariation=No	_	_	_	_	_	_
700-18	PKP130	700	18	battesimo	battesimo	_	_	_	_	_	linguistic	_	ContainsVariation=No	_	End=1480.17	_	_	_	_
701-0	PKP125	701	0	[xxxx]	xxxx	_	_	_	_	_	unknown	_	ContainsVariation=No	Syllables=4	Begin=1476.436|End=1477.227	_	_	_	0-4(98)
702-0	PKP125	702	0	[no:]?	no	_	_	_	_	_	linguistic	_	ContainsVariation=No	Intonation=Rising	Begin=1480.769|End=1481.019	1x1	_	_	0-2(?)
703-0	PKP125	703	0	marò	marò	_	_	_	_	_	linguistic	_	ContainsVariation=No	_	Begin=1481.473	_	_	_	_
703-1	PKP125	703	1	c'	c'	_	_	_	_	_	linguistic	_	ContainsVariation=No	SpaceAfter=No	_	_	_	_	_
703-2	PKP125	703	2	è	è	_	_	_	_	_	linguistic	_	ContainsVariation=No	_	End=1481.989	_	_	_	_
704-0	PKP125	704	0	ma	ma	_	_	_	_	_	linguistic	_	ContainsVariation=No	_	Begin=1482.66	_	_	_	_
704-1	PKP125	704	1	io	io	_	_	_	_	_	linguistic	_	ContainsVariation=No	_	_	_	_	_	_
704-2	PKP125	704	2	devo	devo	_	_	_	_	_	linguistic	_	ContainsVariation=No	_	_	_	_	_	_
704-3	PKP125	704	3	portare:::	portare	_	_	_	_	_	linguistic	_	ContainsVariation=No	_	_	6x3	_	_	_
704-4	PKP125	704	4	devo	devo	_	_	_	_	_	linguistic	_	ContainsVariation=No	_	_	_	_	_	_
704-5	PKP125	704	5	portare	portare	_	_	_	_	_	linguistic	_	ContainsVariation=No	_	_	_	_	_	_
704-6	PKP125	704	6	[la::]	la	_	_	_	_	_	linguistic	_	ContainsVariation=No	_	End=1485.501	1x2	_	_	0-2(99)
705-0	PKP130	705	0	[va	va	_	_	_	_	_	linguistic	_	ContainsVariation=No	_	Begin=1484.975	_	_	_	0-2(99)
705-1	PKP130	705	1	beh]	beh	_	_	_	_	_	linguistic	_	ContainsVariation=No	_	_	_	_	_	0-3(99)
705-2	PKP130	705	2	ma	ma	_	_	_	_	_	linguistic	_	ContainsVariation=No	_	_	_	_	_	_
705-3	PKP130	705	3	nemmeno	nemmeno	_	_	_	_	_	linguistic	_	ContainsVariation=No	_	_	_	_	_	_
705-4	PKP130	705	4	io	io	_	_	_	_	_	linguistic	_	ContainsVariation=No	_	_	_	_	_	_
705-5	PKP130	705	5	la	la	_	_	_	_	_	linguistic	_	ContainsVariation=No	_	_	_	_	_	_
705-6	PKP130	705	6	faccio	faccio	_	_	_	_	_	linguistic	_	ContainsVariation=No	_	_	_	_	_	_
705-7	PKP130	705	7	uscire	uscire	_	_	_	_	_	linguistic	_	ContainsVariation=No	_	_	_	_	_	_
705-8	PKP130	705	8	una	una	_	_	_	_	_	linguistic	_	ContainsVariation=No	_	_	_	_	_	_
705-9	PKP130	705	9	p(er)ché	perché	_	_	_	_	_	linguistic	_	ContainsVariation=No	Reduced=Yes	_	_	_	_	_
705-10	PKP130	705	10	figurati	figurati	_	_	_	_	_	linguistic	_	ContainsVariation=No	_	End=1487.9	_	_	_	_
706-0	PKP125	706	0	ad	ad	_	_	_	_	_	linguistic	_	ContainsVariation=No	_	Begin=1489.616	_	_	_	_
706-1	PKP125	706	1	antonietta	antonietta	_	_	_	_	_	linguistic	_	ContainsVariation=No	_	_	_	_	_	_
706-2	PKP125	706	2	la	la	_	_	_	_	_	linguistic	_	ContainsVariation=No	_	_	_	_	_	_
706-3	PKP125	706	3	devo	devo	_	_	_	_	_	linguistic	_	ContainsVariation=No	_	_	_	_	_	_
706-4	PKP125	706	4	portare	portare	_	_	_	_	_	linguistic	_	ContainsVariation=No	_	End=1491.232	_	_	_	_
707-0	PKP130	707	0	ma	ma	_	_	_	_	_	linguistic	_	ContainsVariation=No	_	Begin=1492.094	_	_	_	_
707-1	PKP130	707	1	quale?	quale	_	_	_	_	_	linguistic	_	ContainsVariation=No	Intonation=Rising	End=1492.669	_	_	_	_
708-0	PKP125	708	0	((ride))	((ride))	_	_	_	_	_	nonverbalbehavior	_	ContainsVariation=No	_	Begin=1492.96	_	_	_	_
708-1	PKP125	708	1	quella	quella	_	_	_	_	_	linguistic	_	ContainsVariation=No	_	_	_	_	_	_
708-2	PKP125	708	2	del	del	_	_	_	_	_	linguistic	_	ContainsVariation=No	_	_	_	_	_	_
708-3	PKP125	708	3	batte~	batte~	_	_	_	_	_	linguistic	_	ContainsVariation=No	Interrupted=Yes	_	_	_	_	_
708-4	PKP125	708	4	quella	quella	_	_	_	_	_	linguistic	_	ContainsVariation=No	_	_	_	_	_	_
708-5	PKP125	708	5	della	della	_	_	_	_	_	linguistic	_	ContainsVariation=No	_	_	_	_	_	_
708-6	PKP125	708	6	nascita	nascita	_	_	_	_	_	linguistic	_	ContainsVariation=No	_	End=1495.793	_	_	_	_
709-0	PKP130	709	0	ma	ma	_	_	_	_	_	linguistic	_	ContainsVariation=No	_	Begin=1495.421	_	_	_	_
709-1	PKP130	709	1	non	non	_	_	_	_	_	linguistic	_	ContainsVariation=No	_	_	_	_	_	_
709-2	PKP130	709	2	gliel'	gliel'	_	_	_	_	_	linguistic	_	ContainsVariation=No	SpaceAfter=No	_	_	_	_	_
709-3	PKP130	709	3	hai	hai	_	_	_	_	_	linguistic	_	ContainsVariation=No	_	_	_	_	_	_
709-4	PKP130	709	4	portata?	portata	_	_	_	_	_	linguistic	_	ContainsVariation=No	Intonation=Rising	End=1496.588	_	_	_	_
710-0	PKP125	710	0	((ride))	((ride))	_	_	_	_	_	nonverbalbehavior	_	ContainsVariation=No	_	Begin=1496.858|End=1499.674	_	_	_	_
711-0	PKP130	711	0	maronn'	maronn'	_	_	_	_	_	linguistic	_	ContainsVariation=No	Truncated=Yes	Begin=1497.261	_	_	_	_
711-1	PKP130	711	1	fai	fai	_	_	_	_	_	linguistic	_	ContainsVariation=No	_	_	_	_	_	_
711-2	PKP130	711	2	schif'	schif'	_	_	_	_	_	linguistic	_	ContainsVariation=No	Truncated=Yes	_	_	_	_	_
711-3	PKP130	711	3	mi	mi	_	_	_	_	_	linguistic	_	ContainsVariation=No	_	_	_	_	_	_
711-4	PKP130	711	4	fai	fai	_	_	_	_	_	linguistic	_	ContainsVariation=No	_	_	_	_	_	_
711-5	PKP130	711	5	fà	fà	_	_	_	_	_	linguistic	_	ContainsVariation=No	_	_	_	_	_	_
711-6	PKP130	711	6	le	le	_	_	_	_	_	linguistic	_	ContainsVariation=No	_	_	_	_	_	_
711-7	PKP130	711	7	<FIGURACCE>	figuracce	_	_	_	_	_	linguistic	_	ContainsVariation=No	Volume=high	End=1499.736	_	Slow=0-9(0)	_	_
712-0	PKP130	712	0	perché	perché	_	_	_	_	_	linguistic	_	ContainsVariation=No	_	Begin=1500.282	_	_	_	_
712-1	PKP130	712	1	non	non	_	_	_	_	_	linguistic	_	ContainsVariation=No	_	_	_	_	_	_
712-2	PKP130	712	2	gliel'	gliel'	_	_	_	_	_	linguistic	_	ContainsVariation=No	SpaceAfter=No	_	_	_	_	_
712-3	PKP130	712	3	hai	hai	_	_	_	_	_	linguistic	_	ContainsVariation=No	_	_	_	_	_	_
712-4	PKP130	712	4	portata:?	portata	_	_	_	_	_	linguistic	_	ContainsVariation=No	Intonation=Rising	End=1501.607	6x1	_	_	_
713-0	PKP125	713	0	>marce'<	marce'	_	_	_	_	_	linguistic	_	ContainsVariation=No	Truncated=Yes	Begin=1501.831	_	Fast=0-6(0)	_	_
713-1	PKP125	713	1	perché	perché	_	_	_	_	_	linguistic	_	ContainsVariation=No	_	_	_	_	_	_
713-2	PKP125	713	2	mi	mi	_	_	_	_	_	linguistic	_	ContainsVariation=No	_	_	_	_	_	_
713-3	PKP125	713	3	DIME:NTICO	dimentico	_	_	_	_	_	linguistic	_	ContainsVariation=No	Volume=high	End=1503.023	3x1	_	_	_
714-0	PKP125	714	0	ogni	ogni	_	_	_	_	_	linguistic	_	ContainsVariation=No	_	Begin=1503.097	_	_	_	_
714-1	PKP125	714	1	mattina	mattina	_	_	_	_	_	linguistic	_	ContainsVariation=No	_	_	_	_	_	_
714-2	PKP125	714	2	mi	mi	_	_	_	_	_	linguistic	_	ContainsVariation=No	_	_	_	_	_	_
714-3	PKP125	714	3	sveglio	sveglio	_	_	_	_	_	linguistic	_	ContainsVariation=No	_	_	_	_	_	_
714-4	PKP125	714	4	e	e	_	_	_	_	_	linguistic	_	ContainsVariation=No	_	_	_	_	_	_
714-5	PKP125	714	5	devo	devo	_	_	_	_	_	linguistic	_	ContainsVariation=No	_	_	_	_	_	_
714-6	PKP125	714	6	correre	correre	_	_	_	_	_	linguistic	_	ContainsVariation=No	_	_	_	_	_	_
714-7	PKP125	714	7	là	là	_	_	_	_	_	linguistic	_	ContainsVariation=No	_	_	_	_	_	_
714-8	PKP125	714	8	e	e	_	_	_	_	_	linguistic	_	ContainsVariation=No	_	_	_	_	_	_
714-9	PKP125	714	9	mi	mi	_	_	_	_	_	linguistic	_	ContainsVariation=No	_	_	_	_	_	_
714-10	PKP125	714	10	dimentico	dimentico	_	_	_	_	_	linguistic	_	ContainsVariation=No	_	End=1506.314	_	_	_	_
715-0	PKP130	715	0	MA	ma	_	_	_	_	_	linguistic	_	ContainsVariation=No	PauseAfter=Yes|Volume=high	Begin=1506.65	_	_	_	_
715-1	PKP130	715	1	(.)	(.)	_	_	_	_	_	shortpause	_	ContainsVariation=No	_	_	_	_	_	_
715-2	PKP130	715	2	mamma	mamma	_	_	_	_	_	linguistic	_	ContainsVariation=No	_	_	_	_	_	_
715-3	PKP130	715	3	ha	ha	_	_	_	_	_	linguistic	_	ContainsVariation=No	_	_	_	_	_	_
715-4	PKP130	715	4	detto	detto	_	_	_	_	_	linguistic	_	ContainsVariation=No	_	_	_	_	_	_
715-5	PKP130	715	5	che	che	_	_	_	_	_	linguistic	_	ContainsVariation=No	_	_	_	_	_	_
715-6	PKP130	715	6	te	te	_	_	_	_	_	linguistic	_	ContainsVariation=No	_	_	_	_	_	_
715-7	PKP130	715	7	l'	l'	_	_	_	_	_	linguistic	_	ContainsVariation=No	SpaceAfter=No	_	_	_	_	_
715-8	PKP130	715	8	aveva	aveva	_	_	_	_	_	linguistic	_	ContainsVariation=No	_	_	_	_	_	_
715-9	PKP130	715	9	data	data	_	_	_	_	_	linguistic	_	ContainsVariation=No	_	End=1508.45	_	_	_	_
716-0	PKP125	716	0	eh	eh	_	_	_	_	_	linguistic	_	ContainsVariation=No	_	Begin=1508.762	_	_	_	_
716-1	PKP125	716	1	mi	mi	_	_	_	_	_	linguistic	_	ContainsVariation=No	_	_	_	_	_	_
716-2	PKP125	716	2	ha	ha	_	_	_	_	_	linguistic	_	ContainsVariation=No	_	_	_	_	_	_
716-3	PKP125	716	3	dato	dato	_	_	_	_	_	linguistic	_	ContainsVariation=No	_	_	_	_	_	_
716-4	PKP125	716	4	la	la	_	_	_	_	_	linguistic	_	ContainsVariation=No	_	_	_	_	_	_
716-5	PKP125	716	5	sua	sua	_	_	_	_	_	linguistic	_	ContainsVariation=No	_	_	_	_	_	_
716-6	PKP125	716	6	perché::	perché	_	_	_	_	_	linguistic	_	ContainsVariation=No	_	End=1510.495	5x2	_	_	_
717-0	PKP125	717	0	non	non	_	_	_	_	_	linguistic	_	ContainsVariation=No	_	Begin=1512.598	_	_	_	_
717-1	PKP125	717	1	la	la	_	_	_	_	_	linguistic	_	ContainsVariation=No	_	_	_	_	_	_
717-2	PKP125	717	2	trovo	trovo	_	_	_	_	_	linguistic	_	ContainsVariation=No	_	_	_	_	_	_
717-3	PKP125	717	3	più	più	_	_	_	_	_	linguistic	_	ContainsVariation=No	_	End=1513.332	_	_	_	_
718-0	PKP130	718	0	EH	eh	_	_	_	_	_	linguistic	_	ContainsVariation=No	Volume=high	Begin=1515.277	_	_	_	_
718-1	PKP130	718	1	e	e	_	_	_	_	_	linguistic	_	ContainsVariation=No	_	_	_	_	_	_
718-2	PKP130	718	2	ho	ho	_	_	_	_	_	linguistic	_	ContainsVariation=No	_	_	_	_	_	_
718-3	PKP130	718	3	capito	capito	_	_	_	_	_	linguistic	_	ContainsVariation=No	_	_	_	_	_	_
718-4	PKP130	718	4	e	e	_	_	_	_	_	linguistic	_	ContainsVariation=No	_	_	_	_	_	_
718-5	PKP130	718	5	non	non	_	_	_	_	_	linguistic	_	ContainsVariation=No	_	_	_	_	_	_
718-6	PKP130	718	6	non	non	_	_	_	_	_	linguistic	_	ContainsVariation=No	_	_	_	_	_	_
718-7	PKP130	718	7	gliel'	gliel'	_	_	_	_	_	linguistic	_	ContainsVariation=No	SpaceAfter=No	_	_	_	_	_
718-8	PKP130	718	8	hai	hai	_	_	_	_	_	linguistic	_	ContainsVariation=No	_	_	_	_	_	_
718-9	PKP130	718	9	data?	data	_	_	_	_	_	linguistic	_	ContainsVariation=No	Intonation=Rising	End=1517.385	_	_	_	_
719-0	PKP125	719	0	domani	domani	_	_	_	_	_	linguistic	_	ContainsVariation=No	_	Begin=1518.151	_	_	_	_
719-1	PKP125	719	1	gliela	gliela	_	_	_	_	_	linguistic	_	ContainsVariation=No	_	_	_	_	_	_
719-2	PKP125	719	2	dò	dò	_	_	_	_	_	linguistic	_	ContainsVariation=No	_	End=1518.851	_	_	_	_
720-0	PKP125	720	0	°te	te	_	_	_	_	_	linguistic	_	ContainsVariation=No	Volume=low	Begin=1518.905	_	_	_	_
720-1	PKP125	720	1	l~	l~	_	_	_	_	_	linguistic	_	ContainsVariation=No	Interrupted=Yes|Volume=low	_	_	_	_	_
720-2	PKP125	720	2	ti	ti	_	_	_	_	_	linguistic	_	ContainsVariation=No	Volume=low	_	_	_	_	_
720-3	PKP125	720	3	sto	sto	_	_	_	_	_	linguistic	_	ContainsVariation=No	Volume=low	_	_	_	_	_
720-4	PKP125	720	4	dicendo°	dicendo	_	_	_	_	_	linguistic	_	ContainsVariation=No	Volume=low	End=1519.838	_	_	_	_
721-0	PKP130	721	0	va	va	_	_	_	_	_	linguistic	_	ContainsVariation=No	_	Begin=1522.966	_	_	_	_
721-1	PKP130	721	1	[beh]	beh	_	_	_	_	_	linguistic	_	ContainsVariation=No	_	End=1523.391	_	_	_	0-3(102)
722-0	PKP125	722	0	# [(ij	ij	_	_	_	_	_	linguistic	_	ContainsVariation=Yes|Code=Underspecified	_	Begin=1523.215	_	_	0-2(0)	0-2(102)
722-1	PKP125	722	1	teng]	teng	_	_	_	_	_	linguistic	_	ContainsVariation=Yes|Code=Underspecified	_	_	_	_	0-4(0)	0-4(102)
722-2	PKP125	722	2	in	in	_	_	_	_	_	linguistic	_	ContainsVariation=Yes|Code=Underspecified	_	_	_	_	0-2(0)	_
722-3	PKP125	722	3	cap'	cap'	_	_	_	_	_	linguistic	_	ContainsVariation=Yes|Code=Underspecified	Truncated=Yes	_	_	_	0-4(0)	_
722-4	PKP125	722	4	solo)	solo	_	_	_	_	_	linguistic	_	ContainsVariation=Yes|Code=Underspecified	_	_	_	_	0-4(0)	_
722-5	PKP125	722	5	xxxx	xxxx	_	_	_	_	_	unknown	_	ContainsVariation=Yes	Syllables=4	End=1524.457	_	_	_	_
723-0	PKP130	723	0	(°ancor(a)	ancora	_	_	_	_	_	linguistic	_	ContainsVariation=No	Volume=low	Begin=1525.698	_	_	_	_
723-1	PKP130	723	1	al[be'°)]	albe'	_	_	_	_	_	linguistic	_	ContainsVariation=No	Truncated=Yes|Volume=low	End=1526.14	_	_	_	2-5(103)
724-0	PKP125	724	0	(°il	il	_	_	_	_	_	linguistic	_	ContainsVariation=No	Volume=low	Begin=1526.023	_	_	0-2(0)	_
724-1	PKP125	724	1	proble~	proble~	_	_	_	_	_	linguistic	_	ContainsVariation=No	Interrupted=Yes|Volume=low	_	_	_	0-7(0)	_
724-2	PKP125	724	2	è	è	_	_	_	_	_	linguistic	_	ContainsVariation=No	Volume=low	_	_	_	0-1(0)	_
724-3	PKP125	724	3	che	che	_	_	_	_	_	linguistic	_	ContainsVariation=No	Volume=low	_	_	_	0-3(0)	_
724-4	PKP125	724	4	non	non	_	_	_	_	_	linguistic	_	ContainsVariation=No	Volume=low	_	_	_	0-3(0)	_
724-5	PKP125	724	5	xxx°)	xxx	_	_	_	_	_	unknown	_	ContainsVariation=No	Volume=low|Syllables=3	End=1526.714	_	_	0-3(0)	_
725-0	PKP125	725	0	ma	ma	_	_	_	_	_	linguistic	_	ContainsVariation=No	_	Begin=1528.265	_	_	_	_
725-1	PKP125	725	1	non	non	_	_	_	_	_	linguistic	_	ContainsVariation=No	_	_	_	_	_	_
725-2	PKP125	725	2	lo	lo	_	_	_	_	_	linguistic	_	ContainsVariation=No	_	_	_	_	_	_
725-3	PKP125	725	3	leggerò	leggerò	_	_	_	_	_	linguistic	_	ContainsVariation=No	_	_	_	_	_	_
725-4	PKP125	725	4	<mai>	mai	_	_	_	_	_	linguistic	_	ContainsVariation=No	_	_	_	Slow=0-3(0)	_	_
725-5	PKP125	725	5	questo	questo	_	_	_	_	_	linguistic	_	ContainsVariation=No	_	_	_	_	_	_
725-6	PKP125	725	6	libro	libro	_	_	_	_	_	linguistic	_	ContainsVariation=No	_	End=1529.681	_	_	_	_
726-0	PKP125	726	0	[mi	mi	_	_	_	_	_	linguistic	_	ContainsVariation=No	_	Begin=1530.635	_	_	_	0-2(104)
726-1	PKP125	726	1	dispia:ce	dispiace	_	_	_	_	_	linguistic	_	ContainsVariation=No	_	_	5x1	_	_	0-8(104)
726-2	PKP125	726	2	però]	però	_	_	_	_	_	linguistic	_	ContainsVariation=No	_	End=1531.659	_	_	_	0-4(104)
727-0	PKP130	727	0	[va	va	_	_	_	_	_	linguistic	_	ContainsVariation=No	_	Begin=1530.635	_	_	_	0-2(104)
727-1	PKP130	727	1	beh	beh	_	_	_	_	_	linguistic	_	ContainsVariation=No	_	_	_	_	_	0-3(104)
727-2	PKP130	727	2	comunque	comunque	_	_	_	_	_	linguistic	_	ContainsVariation=No	_	_	_	_	_	0-8(104)
727-3	PKP130	727	3	è	è	_	_	_	_	_	linguistic	_	ContainsVariation=No	_	_	_	_	_	0-1(104)
727-4	PKP130	727	4	da	da	_	_	_	_	_	linguistic	_	ContainsVariation=No	_	_	_	_	_	0-2(104)
727-5	PKP130	727	5	av~]	av~	_	_	_	_	_	linguistic	_	ContainsVariation=No	Interrupted=Yes	_	_	_	_	0-3(104)
727-6	PKP130	727	6	è	è	_	_	_	_	_	linguistic	_	ContainsVariation=No	_	_	_	_	_	_
727-7	PKP130	727	7	da	da	_	_	_	_	_	linguistic	_	ContainsVariation=No	_	_	_	_	_	_
727-8	PKP130	727	8	avere	avere	_	_	_	_	_	linguistic	_	ContainsVariation=No	_	_	_	_	_	_
727-9	PKP130	727	9	in	in	_	_	_	_	_	linguistic	_	ContainsVariation=No	_	_	_	_	_	_
727-10	PKP130	727	10	libreria	libreria	_	_	_	_	_	linguistic	_	ContainsVariation=No	_	_	_	_	_	_
727-11	PKP130	727	11	però:	però	_	_	_	_	_	linguistic	_	ContainsVariation=No	_	_	3x1	_	_	_
727-12	PKP130	727	12	no	no	_	_	_	_	_	linguistic	_	ContainsVariation=No	_	_	_	_	_	_
727-13	PKP130	727	13	non	non	_	_	_	_	_	linguistic	_	ContainsVariation=No	_	_	_	_	_	_
727-14	PKP130	727	14	è	è	_	_	_	_	_	linguistic	_	ContainsVariation=No	_	_	_	_	_	_
727-15	PKP130	727	15	un	un	_	_	_	_	_	linguistic	_	ContainsVariation=No	_	_	_	_	_	_
727-16	PKP130	727	16	tipo	tipo	_	_	_	_	_	linguistic	_	ContainsVariation=No	_	_	_	_	_	_
727-17	PKP130	727	17	di	di	_	_	_	_	_	linguistic	_	ContainsVariation=No	_	_	_	_	_	_
727-18	PKP130	727	18	letteratura	letteratura	_	_	_	_	_	linguistic	_	ContainsVariation=No	_	End=1534.61	_	_	_	_
728-0	PKP130	728	0	io	io	_	_	_	_	_	linguistic	_	ContainsVariation=No	_	Begin=1534.675	_	_	_	_
728-1	PKP130	728	1	sto	sto	_	_	_	_	_	linguistic	_	ContainsVariation=No	_	_	_	_	_	_
728-2	PKP130	728	2	leggendo	leggendo	_	_	_	_	_	linguistic	_	ContainsVariation=No	_	_	_	_	_	_
728-3	PKP130	728	3	ancora	ancora	_	_	_	_	_	linguistic	_	ContainsVariation=No	_	_	_	_	_	_
728-4	PKP130	728	4	quello	quello	_	_	_	_	_	linguistic	_	ContainsVariation=No	_	_	_	_	_	_
728-5	PKP130	728	5	sul~	sul~	_	_	_	_	_	linguistic	_	ContainsVariation=No	Interrupted=Yes	_	_	_	_	_
728-6	PKP130	728	6	sulle	sulle	_	_	_	_	_	linguistic	_	ContainsVariation=No	_	_	_	_	_	_
728-7	PKP130	728	7	donne	donne	_	_	_	_	_	linguistic	_	ContainsVariation=No	_	_	_	_	_	_
728-8	PKP130	728	8	che	che	_	_	_	_	_	linguistic	_	ContainsVariation=No	_	_	_	_	_	_
728-9	PKP130	728	9	sta	sta	_	_	_	_	_	linguistic	_	ContainsVariation=No	_	_	_	_	_	_
728-10	PKP130	728	10	diventando	diventando	_	_	_	_	_	linguistic	_	ContainsVariation=No	_	_	_	_	_	_
728-11	PKP130	728	11	molto	molto	_	_	_	_	_	linguistic	_	ContainsVariation=No	_	_	_	_	_	_
728-12	PKP130	728	12	interessa:nte	interessante	_	_	_	_	_	linguistic	_	ContainsVariation=No	_	_	8x1	_	_	_
728-13	PKP130	728	13	e:h	eh	_	_	_	_	_	linguistic	_	ContainsVariation=No	_	End=1538.384	0x1	_	_	_
729-0	PKP130	729	0	e	e	_	_	_	_	_	linguistic	_	ContainsVariation=No	_	Begin=1538.449	_	_	_	_
729-1	PKP130	729	1	ho	ho	_	_	_	_	_	linguistic	_	ContainsVariation=No	_	_	_	_	_	_
729-2	PKP130	729	2	scoperto	scoperto	_	_	_	_	_	linguistic	_	ContainsVariation=No	_	_	_	_	_	_
729-3	PKP130	729	3	che	che	_	_	_	_	_	linguistic	_	ContainsVariation=No	_	_	_	_	_	_
729-4	PKP130	729	4	hanno	hanno	_	_	_	_	_	linguistic	_	ContainsVariation=No	_	_	_	_	_	_
729-5	PKP130	729	5	fatto	fatto	_	_	_	_	_	linguistic	_	ContainsVariation=No	_	_	_	_	_	_
729-6	PKP130	729	6	le	le	_	_	_	_	_	linguistic	_	ContainsVariation=No	_	_	_	_	_	_
729-7	PKP130	729	7	olimpiadi	olimpiadi	_	_	_	_	_	linguistic	_	ContainsVariation=No	_	_	_	_	_	_
729-8	PKP130	729	8	per	per	_	_	_	_	_	linguistic	_	ContainsVariation=No	_	_	_	_	_	_
729-9	PKP130	729	9	le	le	_	_	_	_	_	linguistic	_	ContainsVariation=No	_	_	_	_	_	_
729-10	PKP130	729	10	donne	donne	_	_	_	_	_	linguistic	_	ContainsVariation=No	_	_	_	_	_	_
729-11	PKP130	729	11	islamiche	islamiche	_	_	_	_	_	linguistic	_	ContainsVariation=No	_	_	_	_	_	_
729-12	PKP130	729	12	lo	lo	_	_	_	_	_	linguistic	_	ContainsVariation=No	_	_	_	_	_	_
729-13	PKP130	729	13	sapevi	sapevi	_	_	_	_	_	linguistic	_	ContainsVariation=No	_	_	_	_	_	_
729-14	PKP130	729	14	tu?	tu	_	_	_	_	_	linguistic	_	ContainsVariation=No	Intonation=Rising	End=1541.874	_	_	_	_
730-0	PKP125	730	0	ah	ah	_	_	_	_	_	linguistic	_	ContainsVariation=No	_	Begin=1541.899	_	_	_	_
730-1	PKP125	730	1	sì?	sì	_	_	_	_	_	linguistic	_	ContainsVariation=No	Intonation=Rising	End=1542.174	_	_	_	_
731-0	PKP125	731	0	dove	dove	_	_	_	_	_	linguistic	_	ContainsVariation=No	_	Begin=1543.515	_	_	_	_
731-1	PKP125	731	1	so[no]?	sono	_	_	_	_	_	linguistic	_	ContainsVariation=No	Intonation=Rising	End=1544.081	_	_	_	2-4(105)
732-0	PKP130	732	0	[però]	però	_	_	_	_	_	linguistic	_	ContainsVariation=No	_	Begin=1543.843	_	_	_	0-4(105)
732-1	PKP130	732	1	purtroppo	purtroppo	_	_	_	_	_	linguistic	_	ContainsVariation=No	_	_	_	_	_	_
732-2	PKP130	732	2	la	la	_	_	_	_	_	linguistic	_	ContainsVariation=No	_	_	_	_	_	_
732-3	PKP130	732	3	cosa	cosa	_	_	_	_	_	linguistic	_	ContainsVariation=No	_	_	_	_	_	_
732-4	PKP130	732	4	che	che	_	_	_	_	_	linguistic	_	ContainsVariation=No	_	_	_	_	_	_
732-5	PKP130	732	5	non	non	_	_	_	_	_	linguistic	_	ContainsVariation=No	_	_	_	_	_	_
732-6	PKP130	732	6	mi	mi	_	_	_	_	_	linguistic	_	ContainsVariation=No	_	_	_	_	_	_
732-7	PKP130	732	7	piace	piace	_	_	_	_	_	linguistic	_	ContainsVariation=No	_	_	_	_	_	_
732-8	PKP130	732	8	di	di	_	_	_	_	_	linguistic	_	ContainsVariation=No	_	_	_	_	_	_
732-9	PKP130	732	9	quel	quel	_	_	_	_	_	linguistic	_	ContainsVariation=No	_	_	_	_	_	_
732-10	PKP130	732	10	<libro>	libro	_	_	_	_	_	linguistic	_	ContainsVariation=No	_	_	_	Slow=0-5(0)	_	_
732-11	PKP130	732	11	è	è	_	_	_	_	_	linguistic	_	ContainsVariation=No	_	_	_	_	_	_
732-12	PKP130	732	12	il	il	_	_	_	_	_	linguistic	_	ContainsVariation=No	_	_	_	_	_	_
732-13	PKP130	732	13	fatto	fatto	_	_	_	_	_	linguistic	_	ContainsVariation=No	_	_	_	_	_	_
732-14	PKP130	732	14	è	è	_	_	_	_	_	linguistic	_	ContainsVariation=No	_	_	_	_	_	_
732-15	PKP130	732	15	che	che	_	_	_	_	_	linguistic	_	ContainsVariation=No	_	_	_	_	_	_
732-16	PKP130	732	16	è	è	_	_	_	_	_	linguistic	_	ContainsVariation=No	_	_	_	_	_	_
732-17	PKP130	732	17	comunque	comunque	_	_	_	_	_	linguistic	_	ContainsVariation=No	_	_	_	_	_	_
732-18	PKP130	732	18	un	un	_	_	_	_	_	linguistic	_	ContainsVariation=No	_	_	_	_	_	_
732-19	PKP130	732	19	libro	libro	_	_	_	_	_	linguistic	_	ContainsVariation=No	_	_	_	_	_	_
732-20	PKP130	732	20	un	un	_	_	_	_	_	linguistic	_	ContainsVariation=No	_	_	_	_	_	_
732-21	PKP130	732	21	po'	po'	_	_	_	_	_	linguistic	_	ContainsVariation=No	_	_	_	_	_	_
732-22	PKP130	732	22	vecchio	vecchio	_	_	_	_	_	linguistic	_	ContainsVariation=No	_	End=1548.71	_	_	_	_
733-0	PKP130	733	0	quindi	quindi	_	_	_	_	_	linguistic	_	ContainsVariation=No	_	Begin=1548.771	_	_	_	_
733-1	PKP130	733	1	non	non	_	_	_	_	_	linguistic	_	ContainsVariation=No	_	_	_	_	_	_
733-2	PKP130	733	2	so	so	_	_	_	_	_	linguistic	_	ContainsVariation=No	_	_	_	_	_	_
733-3	PKP130	733	3	se	se	_	_	_	_	_	linguistic	_	ContainsVariation=No	_	_	_	_	_	_
733-4	PKP130	733	4	quelle	quelle	_	_	_	_	_	linguistic	_	ContainsVariation=No	_	_	_	_	_	_
733-5	PKP130	733	5	INFORMAZIONI:	informazioni	_	_	_	_	_	linguistic	_	ContainsVariation=No	Volume=high	End=1550.863	11x1	_	_	_
734-0	PKP130	734	0	perché	perché	_	_	_	_	_	linguistic	_	ContainsVariation=No	_	Begin=1551.262	_	_	_	_
734-1	PKP130	734	1	è	è	_	_	_	_	_	linguistic	_	ContainsVariation=No	_	_	_	_	_	_
734-2	PKP130	734	2	comunque	comunque	_	_	_	_	_	linguistic	_	ContainsVariation=No	_	_	_	_	_	_
734-3	PKP130	734	3	un	un	_	_	_	_	_	linguistic	_	ContainsVariation=No	_	_	_	_	_	_
734-4	PKP130	734	4	libro	libro	_	_	_	_	_	linguistic	_	ContainsVariation=No	_	_	_	_	_	_
734-5	PKP130	734	5	del	del	_	_	_	_	_	linguistic	_	ContainsVariation=No	_	_	_	_	_	_
734-6	PKP130	734	6	duemilasette	duemilasette	_	_	_	_	_	linguistic	_	ContainsVariation=No	_	End=1553.096	_	_	_	_
735-0	PKP125	735	0	e:h	eh	_	_	_	_	_	linguistic	_	ContainsVariation=No	_	Begin=1553.583|End=1553.891	0x1	_	_	_
736-0	PKP130	736	0	quindi	quindi	_	_	_	_	_	linguistic	_	ContainsVariation=No	_	Begin=1554.349	_	_	_	_
736-1	PKP130	736	1	quelle	quelle	_	_	_	_	_	linguistic	_	ContainsVariation=No	_	_	_	_	_	_
736-2	PKP130	736	2	informazioni	informazioni	_	_	_	_	_	linguistic	_	ContainsVariation=No	_	_	_	_	_	_
736-3	PKP130	736	3	non	non	_	_	_	_	_	linguistic	_	ContainsVariation=No	_	_	_	_	_	_
736-4	PKP130	736	4	so	so	_	_	_	_	_	linguistic	_	ContainsVariation=No	_	_	_	_	_	_
736-5	PKP130	736	5	se	se	_	_	_	_	_	linguistic	_	ContainsVariation=No	_	_	_	_	_	_
736-6	PKP130	736	6	sono:::	sono	_	_	_	_	_	linguistic	_	ContainsVariation=No	_	_	3x3	_	_	_
736-7	PKP130	736	7	>capito<	capito	_	_	_	_	_	linguistic	_	ContainsVariation=No	_	_	_	Fast=0-6(0)	_	_
736-8	PKP130	736	8	attendibili	attendibili	_	_	_	_	_	linguistic	_	ContainsVariation=No	_	_	_	_	_	_
736-9	PKP130	736	9	o	o	_	_	_	_	_	linguistic	_	ContainsVariation=No	_	_	_	_	_	_
736-10	PKP130	736	10	meno	meno	_	_	_	_	_	linguistic	_	ContainsVariation=No	_	End=1558.649	_	_	_	_
737-0	PKP125	737	0	ai	ai	_	_	_	_	_	linguistic	_	ContainsVariation=No	_	Begin=1559.003	_	_	_	_
737-1	PKP125	737	1	giorni	giorni	_	_	_	_	_	linguistic	_	ContainsVariation=No	_	_	_	_	_	_
737-2	PKP125	737	2	[nostri]	nostri	_	_	_	_	_	linguistic	_	ContainsVariation=No	_	_	_	_	_	0-6(106)
737-3	PKP125	737	3	sì	sì	_	_	_	_	_	linguistic	_	ContainsVariation=No	_	_	_	_	_	_
737-4	PKP125	737	4	sono:	sono	_	_	_	_	_	linguistic	_	ContainsVariation=No	_	_	3x1	_	_	_
737-5	PKP125	737	5	°e:h°	eh	_	_	_	_	_	linguistic	_	ContainsVariation=No	Volume=low	_	0x1	_	_	_
737-6	PKP125	737	6	vecchio	vecchio	_	_	_	_	_	linguistic	_	ContainsVariation=No	_	End=1561.394	_	_	_	_
738-0	PKP130	738	0	[dico::]	dico	_	_	_	_	_	linguistic	_	ContainsVariation=No	_	Begin=1559.202|End=1559.793	3x2	_	_	0-4(106)
739-0	PKP125	739	0	°vecchissimo°	vecchissimo	_	_	_	_	_	linguistic	_	ContainsVariation=No	Volume=low	Begin=1561.785|End=1562.185	_	_	_	_
740-0	PKP130	740	0	e:h	eh	_	_	_	_	_	linguistic	_	ContainsVariation=No	_	Begin=1562.464	0x1	_	_	_
740-1	PKP130	740	1	capito	capito	_	_	_	_	_	linguistic	_	ContainsVariation=No	_	_	_	_	_	_
740-2	PKP130	740	2	infatti	infatti	_	_	_	_	_	linguistic	_	ContainsVariation=No	_	_	_	_	_	_
740-3	PKP130	740	3	questo	questo	_	_	_	_	_	linguistic	_	ContainsVariation=No	_	_	_	_	_	_
740-4	PKP130	740	4	dico	dico	_	_	_	_	_	linguistic	_	ContainsVariation=No	_	End=1564.197	_	_	_	_
741-0	PKP130	741	0	lo	lo	_	_	_	_	_	linguistic	_	ContainsVariation=No	_	Begin=1564.259	_	_	_	_
741-1	PKP130	741	1	sto	sto	_	_	_	_	_	linguistic	_	ContainsVariation=No	_	_	_	_	_	_
741-2	PKP130	741	2	leggendo	leggendo	_	_	_	_	_	linguistic	_	ContainsVariation=No	_	_	_	_	_	_
741-3	PKP130	741	3	però	però	_	_	_	_	_	linguistic	_	ContainsVariation=No	_	_	_	_	_	_
741-4	PKP130	741	4	non::	non	_	_	_	_	_	linguistic	_	ContainsVariation=No	_	_	2x2	_	_	_
741-5	PKP130	741	5	non	non	_	_	_	_	_	linguistic	_	ContainsVariation=No	_	_	_	_	_	_
741-6	PKP130	741	6	so	so	_	_	_	_	_	linguistic	_	ContainsVariation=No	_	End=1566.434	_	_	_	_
742-0	PKP130	742	0	però	però	_	_	_	_	_	linguistic	_	ContainsVariation=No	_	Begin=1566.75	_	_	_	_
742-1	PKP130	742	1	comunque	comunque	_	_	_	_	_	linguistic	_	ContainsVariation=No	_	_	_	_	_	_
742-2	PKP130	742	2	le	le	_	_	_	_	_	linguistic	_	ContainsVariation=No	_	_	_	_	_	_
742-3	PKP130	742	3	olimpiadi	olimpiadi	_	_	_	_	_	linguistic	_	ContainsVariation=No	_	_	_	_	_	_
742-4	PKP130	742	4	delle	delle	_	_	_	_	_	linguistic	_	ContainsVariation=No	_	_	_	_	_	_
742-5	PKP130	742	5	donne	donne	_	_	_	_	_	linguistic	_	ContainsVariation=No	_	_	_	_	_	_
742-6	PKP130	742	6	<ISLAMICHE>	islamiche	_	_	_	_	_	linguistic	_	ContainsVariation=No	Volume=high	_	_	Slow=0-9(0)	_	_
742-7	PKP130	742	7	è	è	_	_	_	_	_	linguistic	_	ContainsVariation=No	_	_	_	_	_	_
742-8	PKP130	742	8	un	un	_	_	_	_	_	linguistic	_	ContainsVariation=No	_	_	_	_	_	_
742-9	PKP130	742	9	fatto	fatto	_	_	_	_	_	linguistic	_	ContainsVariation=No	_	_	_	_	_	_
742-10	PKP130	742	10	che	che	_	_	_	_	_	linguistic	_	ContainsVariation=No	_	_	_	_	_	_
742-11	PKP130	742	11	non	non	_	_	_	_	_	linguistic	_	ContainsVariation=No	_	_	_	_	_	_
742-12	PKP130	742	12	sapevo.	sapevo	_	_	_	_	_	linguistic	_	ContainsVariation=No	Intonation=Falling	End=1570.466	_	_	_	_
743-0	PKP130	743	0	poi	poi	_	_	_	_	_	linguistic	_	ContainsVariation=No	_	Begin=1570.52	_	_	_	_
743-1	PKP130	743	1	il	il	_	_	_	_	_	linguistic	_	ContainsVariation=No	_	_	_	_	_	_
743-2	PKP130	743	2	fatto	fatto	_	_	_	_	_	linguistic	_	ContainsVariation=No	_	_	_	_	_	_
743-3	PKP130	743	3	della::	della	_	_	_	_	_	linguistic	_	ContainsVariation=No	_	End=1571.578	4x2	_	_	_
744-0	PKP130	744	0	la	la	_	_	_	_	_	linguistic	_	ContainsVariation=No	_	Begin=1572.328	_	_	_	_
744-1	PKP130	744	1	<sharia>	sharia	_	_	_	_	_	linguistic	_	ContainsVariation=No	_	_	_	Slow=0-6(0)	_	_
744-2	PKP130	744	2	sai	sai	_	_	_	_	_	linguistic	_	ContainsVariation=No	_	_	_	Fast=0-3(0)	_	_
744-3	PKP130	744	3	tutte	tutte	_	_	_	_	_	linguistic	_	ContainsVariation=No	_	_	_	Fast=0-5(0)	_	_
744-4	PKP130	744	4	queste	queste	_	_	_	_	_	linguistic	_	ContainsVariation=No	_	_	_	Fast=0-6(0)	_	_
744-5	PKP130	744	5	cose	cose	_	_	_	_	_	linguistic	_	ContainsVariation=No	_	_	_	Fast=0-4(0)	_	_
744-6	PKP130	744	6	del	del	_	_	_	_	_	linguistic	_	ContainsVariation=No	_	_	_	Fast=0-3(0)	_	_
744-7	PKP130	744	7	<corano>.	corano	_	_	_	_	_	linguistic	_	ContainsVariation=No	Intonation=Falling	End=1574.995	_	Slow=0-6(1)	_	_
745-0	PKP130	745	0	[ma]	ma	_	_	_	_	_	linguistic	_	ContainsVariation=No	_	Begin=1575.801	_	_	_	0-2(107)
745-1	PKP130	745	1	io	io	_	_	_	_	_	linguistic	_	ContainsVariation=No	_	_	_	_	_	_
745-2	PKP130	745	2	avrò	avrò	_	_	_	_	_	linguistic	_	ContainsVariation=No	_	_	_	_	_	_
745-3	PKP130	745	3	pagato	pagato	_	_	_	_	_	linguistic	_	ContainsVariation=No	_	_	_	_	_	_
745-4	PKP130	745	4	un	un	_	_	_	_	_	linguistic	_	ContainsVariation=No	_	_	_	_	_	_
745-5	PKP130	745	5	euro	euro	_	_	_	_	_	linguistic	_	ContainsVariation=No	_	_	_	_	_	_
745-6	PKP130	745	6	eh	eh	_	_	_	_	_	linguistic	_	ContainsVariation=No	_	End=1577.209	_	_	_	_
746-0	PKP125	746	0	[mh]	mh	_	_	_	_	_	linguistic	_	ContainsVariation=No	_	Begin=1575.831|End=1575.998	_	_	_	0-2(107)
747-0	PKP130	747	0	cioè	cioè	_	_	_	_	_	linguistic	_	ContainsVariation=No	_	Begin=1577.534	_	_	_	_
747-1	PKP130	747	1	non	non	_	_	_	_	_	linguistic	_	ContainsVariation=No	_	_	_	_	_	_
747-2	PKP130	747	2	è	è	_	_	_	_	_	linguistic	_	ContainsVariation=No	_	_	_	_	_	_
747-3	PKP130	747	3	che::	che	_	_	_	_	_	linguistic	_	ContainsVariation=No	_	_	2x2	_	_	_
747-4	PKP130	747	4	è	è	_	_	_	_	_	linguistic	_	ContainsVariation=No	_	_	_	_	_	_
747-5	PKP130	747	5	un	un	_	_	_	_	_	linguistic	_	ContainsVariation=No	_	_	_	_	_	_
747-6	PKP130	747	6	libro	libro	_	_	_	_	_	linguistic	_	ContainsVariation=No	_	_	_	_	_	_
747-7	PKP130	747	7	che	che	_	_	_	_	_	linguistic	_	ContainsVariation=No	_	_	_	_	_	_
747-8	PKP130	747	8	comunque	comunque	_	_	_	_	_	linguistic	_	ContainsVariation=No	_	_	_	_	_	_
747-9	PKP130	747	9	vendono	vendono	_	_	_	_	_	linguistic	_	ContainsVariation=No	_	_	_	_	_	_
747-10	PKP130	747	10	ancora	ancora	_	_	_	_	_	linguistic	_	ContainsVariation=No	_	End=1580.267	_	_	_	_
748-0	PKP130	748	0	c'	c'	_	_	_	_	_	linguistic	_	ContainsVariation=No	SpaceAfter=No	Begin=1580.337	_	_	_	_
748-1	PKP130	748	1	è	è	_	_	_	_	_	linguistic	_	ContainsVariation=No	_	_	_	_	_	_
748-2	PKP130	748	2	se	se	_	_	_	_	_	linguistic	_	ContainsVariation=No	_	_	_	_	_	_
748-3	PKP130	748	3	tu	tu	_	_	_	_	_	linguistic	_	ContainsVariation=No	_	_	_	_	_	_
748-4	PKP130	748	4	digiti	digiti	_	_	_	_	_	linguistic	_	ContainsVariation=No	_	_	_	_	_	_
748-5	PKP130	748	5	su	su	_	_	_	_	_	linguistic	_	ContainsVariation=No	_	_	_	_	_	_
748-6	PKP130	748	6	amazon	amazon	_	_	_	_	_	linguistic	_	ContainsVariation=No	_	_	_	_	_	_
748-7	PKP130	748	7	lo	lo	_	_	_	_	_	linguistic	_	ContainsVariation=No	_	_	_	_	_	_
748-8	PKP130	748	8	vendono	vendono	_	_	_	_	_	linguistic	_	ContainsVariation=No	_	_	_	_	_	_
748-9	PKP130	748	9	an[cora]	ancora	_	_	_	_	_	linguistic	_	ContainsVariation=No	_	_	_	_	_	1-6(108)
748-10	PKP130	748	10	a	a	_	_	_	_	_	linguistic	_	ContainsVariation=No	_	_	_	_	_	_
748-11	PKP130	748	11	ventiquattro	ventiquattro	_	_	_	_	_	linguistic	_	ContainsVariation=No	_	_	_	_	_	_
748-12	PKP130	748	12	e	e	_	_	_	_	_	linguistic	_	ContainsVariation=No	_	_	_	_	_	_
748-13	PKP130	748	13	cinquanta	cinquanta	_	_	_	_	_	linguistic	_	ContainsVariation=No	_	End=1583.604	_	_	_	_
749-0	PKP125	749	0	[m:h]	mh	_	_	_	_	_	linguistic	_	ContainsVariation=No	_	Begin=1582.14|End=1582.424	0x1	_	_	0-2(108)
750-0	PKP130	750	0	quindi:	quindi	_	_	_	_	_	linguistic	_	ContainsVariation=No	_	Begin=1584.39|End=1584.874	5x1	_	_	_
751-0	PKP125	751	0	ma	ma	_	_	_	_	_	linguistic	_	ContainsVariation=No	_	Begin=1585.327	_	_	_	_
751-1	PKP125	751	1	di	di	_	_	_	_	_	linguistic	_	ContainsVariation=No	_	_	_	_	_	_
751-2	PKP125	751	2	che	che	_	_	_	_	_	linguistic	_	ContainsVariation=No	_	_	_	_	_	_
751-3	PKP125	751	3	cosa	cosa	_	_	_	_	_	linguistic	_	ContainsVariation=No	_	_	_	_	_	_
751-4	PKP125	751	4	parla:?	parla	_	_	_	_	_	linguistic	_	ContainsVariation=No	Intonation=Rising	End=1586.427	4x1	_	_	_
752-0	PKP130	752	0	È	è	_	_	_	_	_	linguistic	_	ContainsVariation=No	Volume=high	Begin=1586.547	_	_	_	_
752-1	PKP130	752	1	UN:	un	_	_	_	_	_	linguistic	_	ContainsVariation=No	Volume=high	_	1x1	_	_	_
752-2	PKP130	752	2	EM:H	emh	_	_	_	_	_	linguistic	_	ContainsVariation=No	Volume=high	_	1x1	_	_	_
752-3	PKP130	752	3	è	è	_	_	_	_	_	linguistic	_	ContainsVariation=No	_	_	_	_	_	_
752-4	PKP130	752	4	[una	una	_	_	_	_	_	linguistic	_	ContainsVariation=No	_	_	_	_	_	0-3(109)
752-5	PKP130	752	5	serie]	serie	_	_	_	_	_	linguistic	_	ContainsVariation=No	_	_	_	_	_	0-5(109)
752-6	PKP130	752	6	praticamente	praticamente	_	_	_	_	_	linguistic	_	ContainsVariation=No	_	_	_	_	_	_
752-7	PKP130	752	7	di	di	_	_	_	_	_	linguistic	_	ContainsVariation=No	_	_	_	_	_	_
752-8	PKP130	752	8	<INTERVISTE>	interviste	_	_	_	_	_	linguistic	_	ContainsVariation=No	Volume=high	End=1589.706	_	Slow=0-10(0)	_	_
753-0	PKP125	753	0	[le	le	_	_	_	_	_	linguistic	_	ContainsVariation=No	_	Begin=1587.489	_	_	_	0-2(109)
753-1	PKP125	753	1	donn~]	donn~	_	_	_	_	_	linguistic	_	ContainsVariation=No	Interrupted=Yes	End=1587.897	_	_	_	0-5(109)
754-0	PKP130	754	0	ə:h	əh	_	_	_	_	_	linguistic	_	ContainsVariation=No	_	Begin=1590.013	0x1	_	_	_
754-1	PKP130	754	1	di	di	_	_	_	_	_	linguistic	_	ContainsVariation=No	_	_	_	_	_	_
754-2	PKP130	754	2	interviste	interviste	_	_	_	_	_	linguistic	_	ContainsVariation=No	_	_	_	_	_	_
754-3	PKP130	754	3	di	di	_	_	_	_	_	linguistic	_	ContainsVariation=No	_	_	_	_	_	_
754-4	PKP130	754	4	<SAGGI	saggi	_	_	_	_	_	linguistic	_	ContainsVariation=No	Volume=high	_	_	Slow=0-5(0)	_	_
754-5	PKP130	754	5	soprattutto>.	soprattutto	_	_	_	_	_	linguistic	_	ContainsVariation=No	Intonation=Falling	End=1592.995	_	Slow=0-11(0)	_	_
755-0	PKP130	755	0	e:h	eh	_	_	_	_	_	linguistic	_	ContainsVariation=No	_	Begin=1593.149	0x1	_	_	_
755-1	PKP130	755	1	che	che	_	_	_	_	_	linguistic	_	ContainsVariation=No	_	_	_	_	_	_
755-2	PKP130	755	2	parlano	parlano	_	_	_	_	_	linguistic	_	ContainsVariation=No	_	_	_	_	_	_
755-3	PKP130	755	3	della	della	_	_	_	_	_	linguistic	_	ContainsVariation=No	_	_	_	_	_	_
755-4	PKP130	755	4	condizione	condizione	_	_	_	_	_	linguistic	_	ContainsVariation=No	_	_	_	_	_	_
755-5	PKP130	755	5	della	della	_	_	_	_	_	linguistic	_	ContainsVariation=No	_	_	_	_	_	_
755-6	PKP130	755	6	donna	donna	_	_	_	_	_	linguistic	_	ContainsVariation=No	_	End=1595.449	_	_	_	_
756-0	PKP130	756	0	ed	ed	_	_	_	_	_	linguistic	_	ContainsVariation=No	_	Begin=1595.803	_	_	_	_
756-1	PKP130	756	1	è	è	_	_	_	_	_	linguistic	_	ContainsVariation=No	_	_	_	_	_	_
756-2	PKP130	756	2	divis~	divis~	_	_	_	_	_	linguistic	_	ContainsVariation=No	Interrupted=Yes	_	_	_	_	_
756-3	PKP130	756	3	°ah°	ah	_	_	_	_	_	linguistic	_	ContainsVariation=No	Volume=low	End=1596.544	_	_	_	_
757-0	PKP130	757	0	°ahia°	ahia	_	_	_	_	_	linguistic	_	ContainsVariation=No	Volume=low	Begin=1596.735|End=1597.152	_	_	_	_
758-0	PKP130	758	0	diviso	diviso	_	_	_	_	_	linguistic	_	ContainsVariation=No	_	Begin=1598.213	_	_	_	_
758-1	PKP130	758	1	in	in	_	_	_	_	_	linguistic	_	ContainsVariation=No	_	_	_	_	_	_
758-2	PKP130	758	2	<quattro	quattro	_	_	_	_	_	linguistic	_	ContainsVariation=No	_	_	_	Slow=0-7(0)	_	_
758-3	PKP130	758	3	parti>	parti	_	_	_	_	_	linguistic	_	ContainsVariation=No	_	_	_	Slow=0-5(0)	_	_
758-4	PKP130	758	4	libertà	libertà	_	_	_	_	_	linguistic	_	ContainsVariation=No	_	_	_	_	_	_
758-5	PKP130	758	5	integrità	integrità	_	_	_	_	_	linguistic	_	ContainsVariation=No	_	_	_	_	_	_
758-6	PKP130	758	6	dignità.	dignità	_	_	_	_	_	linguistic	_	ContainsVariation=No	Intonation=Falling	End=1601.522	_	_	_	_
759-0	PKP130	759	0	integrità	integrità	_	_	_	_	_	linguistic	_	ContainsVariation=No	_	Begin=1602.754	_	_	_	_
759-1	PKP130	759	1	libertà	libertà	_	_	_	_	_	linguistic	_	ContainsVariation=No	_	End=1604.404	_	_	_	_
760-0	PKP130	760	0	dignità	dignità	_	_	_	_	_	linguistic	_	ContainsVariation=No	_	Begin=1604.866	_	_	_	_
760-1	PKP130	760	1	e	e	_	_	_	_	_	linguistic	_	ContainsVariation=No	_	_	_	_	_	_
760-2	PKP130	760	2	un'	un'	_	_	_	_	_	linguistic	_	ContainsVariation=No	SpaceAfter=No	_	_	_	_	_
760-3	PKP130	760	3	altra	altra	_	_	_	_	_	linguistic	_	ContainsVariation=No	_	_	_	_	_	_
760-4	PKP130	760	4	parte	parte	_	_	_	_	_	linguistic	_	ContainsVariation=No	_	_	_	_	_	_
760-5	PKP130	760	5	che	che	_	_	_	_	_	linguistic	_	ContainsVariation=No	_	_	_	_	_	_
760-6	PKP130	760	6	dim~	dim~	_	_	_	_	_	linguistic	_	ContainsVariation=No	Interrupted=Yes	End=1606.941	_	_	_	_
761-0	PKP130	761	0	non	non	_	_	_	_	_	linguistic	_	ContainsVariation=No	_	Begin=1607.215	_	_	_	_
761-1	PKP130	761	1	ricordo	ricordo	_	_	_	_	_	linguistic	_	ContainsVariation=No	_	End=1608.082	_	_	_	_
762-0	PKP125	762	0	m:h	mh	_	_	_	_	_	linguistic	_	ContainsVariation=No	_	Begin=1608.518|End=1608.835	0x1	_	_	_
763-0	PKP125	763	0	è	è	_	_	_	_	_	linguistic	_	ContainsVariation=No	_	Begin=1610.113	_	_	_	_
763-1	PKP125	763	1	un	un	_	_	_	_	_	linguistic	_	ContainsVariation=No	_	_	_	_	_	_
763-2	PKP125	763	2	po'	po'	_	_	_	_	_	linguistic	_	ContainsVariation=No	_	_	_	_	_	_
763-3	PKP125	763	3	<femminista>	femminista	_	_	_	_	_	linguistic	_	ContainsVariation=No	_	_	_	Slow=0-10(0)	_	_
763-4	PKP125	763	4	come	come	_	_	_	_	_	linguistic	_	ContainsVariation=No	_	_	_	_	_	_
763-5	PKP125	763	5	libro	libro	_	_	_	_	_	linguistic	_	ContainsVariation=No	_	_	_	_	_	_
763-6	PKP125	763	6	dai	dai	_	_	_	_	_	linguistic	_	ContainsVariation=No	_	End=1612.171	_	_	_	_
764-0	PKP130	764	0	e:h	eh	_	_	_	_	_	linguistic	_	ContainsVariation=No	_	Begin=1612.437|End=1612.754	0x1	_	_	_
765-0	PKP125	765	0	(taglio?)	taglio	_	_	_	_	_	linguistic	_	ContainsVariation=No	Intonation=Rising	Begin=1616.141|End=1616.407	_	_	0-6(0)	_
766-0	PKP130	766	0	e	e	_	_	_	_	_	linguistic	_	ContainsVariation=No	_	Begin=1620.428	_	_	_	_
766-1	PKP130	766	1	quindi	quindi	_	_	_	_	_	linguistic	_	ContainsVariation=No	_	_	_	_	_	_
766-2	PKP130	766	2	sì	sì	_	_	_	_	_	linguistic	_	ContainsVariation=No	_	End=1621.319	_	_	_	_
767-0	PKP130	767	0	e::h[m:::]	ehm	_	_	_	_	_	linguistic	_	ContainsVariation=No	_	Begin=1621.968|End=1622.852	0x2,2x3	_	_	2-3(110)
768-0	PKP125	768	0	[lo]	lo	_	_	_	_	_	linguistic	_	ContainsVariation=No	_	Begin=1622.664	_	_	_	0-2(110)
768-1	PKP125	768	1	vediamo?	vediamo	_	_	_	_	_	linguistic	_	ContainsVariation=No	Intonation=Rising	End=1623.305	_	_	_	_
769-0	PKP130	769	0	no	no	_	_	_	_	_	linguistic	_	ContainsVariation=No	_	Begin=1623.546	_	_	_	_
769-1	PKP130	769	1	è:	è	_	_	_	_	_	linguistic	_	ContainsVariation=No	_	_	0x1	_	_	_
769-2	PKP130	769	2	INTERESSANTE	interessante	_	_	_	_	_	linguistic	_	ContainsVariation=No	Volume=high	End=1624.821	_	_	_	_
770-0	PKP130	770	0	ora	ora	_	_	_	_	_	linguistic	_	ContainsVariation=No	_	Begin=1624.895	_	_	_	_
770-1	PKP130	770	1	sto	sto	_	_	_	_	_	linguistic	_	ContainsVariation=No	_	_	_	_	_	_
770-2	PKP130	770	2	leggendo	leggendo	_	_	_	_	_	linguistic	_	ContainsVariation=No	_	_	_	_	_	_
770-3	PKP130	770	3	la	la	_	_	_	_	_	linguistic	_	ContainsVariation=No	_	_	_	_	_	_
770-4	PKP130	770	4	storia	storia	_	_	_	_	_	linguistic	_	ContainsVariation=No	_	_	_	_	_	_
770-5	PKP130	770	5	di	di	_	_	_	_	_	linguistic	_	ContainsVariation=No	_	_	_	_	_	_
770-6	PKP130	770	6	queste::	queste	_	_	_	_	_	linguistic	_	ContainsVariation=No	_	_	5x2	_	_	_
770-7	PKP130	770	7	olimpiadi	olimpiadi	_	_	_	_	_	linguistic	_	ContainsVariation=No	_	End=1627.837	_	_	_	_
771-0	PKP125	771	0	tre	tre	_	_	_	_	_	linguistic	_	ContainsVariation=No	_	Begin=1628.836	_	_	_	_
771-1	PKP125	771	1	minuti	minuti	_	_	_	_	_	linguistic	_	ContainsVariation=No	_	_	_	_	_	_
771-2	PKP125	771	2	ja	ja	_	_	_	_	_	linguistic	_	ContainsVariation=No	_	_	_	_	_	_
771-3	PKP125	771	3	marci	marci	_	_	_	_	_	linguistic	_	ContainsVariation=No	_	End=1629.87	_	_	_	_
772-0	PKP130	772	0	°eh°	eh	_	_	_	_	_	linguistic	_	ContainsVariation=No	Volume=low	Begin=1630.181|End=1630.431	_	_	_	_
773-0	PKP130	773	0	°va	va	_	_	_	_	_	linguistic	_	ContainsVariation=No	Volume=low	Begin=1630.651	_	_	_	_
773-1	PKP130	773	1	beh°	beh	_	_	_	_	_	linguistic	_	ContainsVariation=No	Volume=low	End=1630.876	_	_	_	_
774-0	PKP130	774	0	E::HM:::	ehm	_	_	_	_	_	linguistic	_	ContainsVariation=No	Volume=high	Begin=1631.382|End=1632.74	0x2,2x3	_	_	_
775-0	PKP130	775	0	e	e	_	_	_	_	_	linguistic	_	ContainsVariation=No	_	Begin=1633.398	_	_	_	_
775-1	PKP130	775	1	parla	parla	_	_	_	_	_	linguistic	_	ContainsVariation=No	_	_	_	_	_	_
775-2	PKP130	775	2	di	di	_	_	_	_	_	linguistic	_	ContainsVariation=No	_	_	_	_	_	_
775-3	PKP130	775	3	queste	queste	_	_	_	_	_	linguistic	_	ContainsVariation=No	_	_	_	_	_	_
775-4	PKP130	775	4	olimpiadi	olimpiadi	_	_	_	_	_	linguistic	_	ContainsVariation=No	_	_	_	_	_	_
775-5	PKP130	775	5	>po(i)<	poi	_	_	_	_	_	linguistic	_	ContainsVariation=No	_	_	_	Fast=0-3(0)	2-3(0)	_
775-6	PKP130	775	6	parla	parla	_	_	_	_	_	linguistic	_	ContainsVariation=No	_	_	_	_	_	_
775-7	PKP130	775	7	della	della	_	_	_	_	_	linguistic	_	ContainsVariation=No	_	_	_	_	_	_
775-8	PKP130	775	8	condizione	condizione	_	_	_	_	_	linguistic	_	ContainsVariation=No	_	_	_	_	_	_
775-9	PKP130	775	9	delle	delle	_	_	_	_	_	linguistic	_	ContainsVariation=No	_	_	_	_	_	_
775-10	PKP130	775	10	donne	donne	_	_	_	_	_	linguistic	_	ContainsVariation=No	_	_	_	_	_	_
775-11	PKP130	775	11	<INDIANE>	indiane	_	_	_	_	_	linguistic	_	ContainsVariation=No	Volume=high	End=1636.481	_	Slow=0-7(0)	_	_
776-0	PKP130	776	0	il	il	_	_	_	_	_	linguistic	_	ContainsVariation=No	_	Begin=1636.551	_	_	_	_
776-1	PKP130	776	1	fatto	fatto	_	_	_	_	_	linguistic	_	ContainsVariation=No	_	_	_	_	_	_
776-2	PKP130	776	2	che	che	_	_	_	_	_	linguistic	_	ContainsVariation=No	_	_	_	_	_	_
776-3	PKP130	776	3	in	in	_	_	_	_	_	linguistic	_	ContainsVariation=No	_	_	_	_	_	_
776-4	PKP130	776	4	<india>	india	_	_	_	_	_	linguistic	_	ContainsVariation=No	_	_	_	Slow=0-5(0)	_	_
776-5	PKP130	776	5	il	il	_	_	_	_	_	linguistic	_	ContainsVariation=No	_	_	_	_	_	_
776-6	PKP130	776	6	divorzio	divorzio	_	_	_	_	_	linguistic	_	ContainsVariation=No	_	_	_	_	_	_
776-7	PKP130	776	7	sai	sai	_	_	_	_	_	linguistic	_	ContainsVariation=No	_	_	_	_	_	_
776-8	PKP130	776	8	prima	prima	_	_	_	_	_	linguistic	_	ContainsVariation=No	_	_	_	_	_	_
776-9	PKP130	776	9	come	come	_	_	_	_	_	linguistic	_	ContainsVariation=No	_	_	_	_	_	_
776-10	PKP130	776	10	veniva	veniva	_	_	_	_	_	linguistic	_	ContainsVariation=No	_	_	_	_	_	_
776-11	PKP130	776	11	va	va	_	_	_	_	_	linguistic	_	ContainsVariation=No	_	_	_	_	_	_
776-12	PKP130	776	12	sancito?	sancito	_	_	_	_	_	linguistic	_	ContainsVariation=No	Intonation=Rising	End=1640.126	_	_	_	_
777-0	PKP125	777	0	co:[me]?	come	_	_	_	_	_	linguistic	_	ContainsVariation=No	Intonation=Rising	Begin=1640.342|End=1640.717	1x1	_	_	2-4(111)
778-0	PKP130	778	0	[il	il	_	_	_	_	_	linguistic	_	ContainsVariation=No	_	Begin=1640.516	_	_	_	0-2(111)
778-1	PKP130	778	1	ma]rito	marito	_	_	_	_	_	linguistic	_	ContainsVariation=No	_	_	_	_	_	0-2(111)
778-2	PKP130	778	2	diceva	diceva	_	_	_	_	_	linguistic	_	ContainsVariation=No	_	_	_	_	_	_
778-3	PKP130	778	3	tre	tre	_	_	_	_	_	linguistic	_	ContainsVariation=No	_	_	_	_	_	_
778-4	PKP130	778	4	volte	volte	_	_	_	_	_	linguistic	_	ContainsVariation=No	PauseAfter=Yes	_	_	_	_	_
778-5	PKP130	778	5	(.)	(.)	_	_	_	_	_	shortpause	_	ContainsVariation=No	_	_	_	_	_	_
778-6	PKP130	778	6	voglio	voglio	_	_	_	_	_	linguistic	_	ContainsVariation=No	_	_	_	_	_	_
778-7	PKP130	778	7	divorziare	divorziare	_	_	_	_	_	linguistic	_	ContainsVariation=No	_	_	_	_	_	_
778-8	PKP130	778	8	voglio	voglio	_	_	_	_	_	linguistic	_	ContainsVariation=No	_	_	_	_	_	_
778-9	PKP130	778	9	divorziare	divorziare	_	_	_	_	_	linguistic	_	ContainsVariation=No	_	_	_	_	_	_
778-10	PKP130	778	10	voglio	voglio	_	_	_	_	_	linguistic	_	ContainsVariation=No	_	_	_	_	_	_
778-11	PKP130	778	11	divorziare.	divorziare	_	_	_	_	_	linguistic	_	ContainsVariation=No	Intonation=Falling	End=1644.741	_	_	_	_
779-0	PKP130	779	0	poi	poi	_	_	_	_	_	linguistic	_	ContainsVariation=No	_	Begin=1645.332	_	_	_	_
779-1	PKP130	779	1	questo	questo	_	_	_	_	_	linguistic	_	ContainsVariation=No	_	_	_	_	_	_
779-2	PKP130	779	2	fatto	fatto	_	_	_	_	_	linguistic	_	ContainsVariation=No	_	_	_	_	_	_
779-3	PKP130	779	3	che	che	_	_	_	_	_	linguistic	_	ContainsVariation=No	_	_	_	_	_	_
779-4	PKP130	779	4	in	in	_	_	_	_	_	linguistic	_	ContainsVariation=No	_	_	_	_	_	_
779-5	PKP130	779	5	india	india	_	_	_	_	_	linguistic	_	ContainsVariation=No	_	_	_	_	_	_
779-6	PKP130	779	6	non	non	_	_	_	_	_	linguistic	_	ContainsVariation=No	_	_	_	_	_	_
779-7	PKP130	779	7	si	si	_	_	_	_	_	linguistic	_	ContainsVariation=No	_	_	_	_	_	_
779-8	PKP130	779	8	riesce	riesce	_	_	_	_	_	linguistic	_	ContainsVariation=No	_	_	_	_	_	_
779-9	PKP130	779	9	comunque	comunque	_	_	_	_	_	linguistic	_	ContainsVariation=No	_	_	_	_	_	_
779-10	PKP130	779	10	ad	ad	_	_	_	_	_	linguistic	_	ContainsVariation=No	_	_	_	_	_	_
779-11	PKP130	779	11	avere	avere	_	_	_	_	_	linguistic	_	ContainsVariation=No	_	_	_	_	_	_
779-12	PKP130	779	12	un	un	_	_	_	_	_	linguistic	_	ContainsVariation=No	_	_	_	_	_	_
779-13	PKP130	779	13	codice	codice	_	_	_	_	_	linguistic	_	ContainsVariation=No	_	_	_	_	_	_
779-14	PKP130	779	14	unificato	unificato	_	_	_	_	_	linguistic	_	ContainsVariation=No	_	_	_	_	_	_
779-15	PKP130	779	15	di	di	_	_	_	_	_	linguistic	_	ContainsVariation=No	_	_	_	_	_	_
779-16	PKP130	779	16	<LEGGI>	leggi	_	_	_	_	_	linguistic	_	ContainsVariation=No	Volume=high	_	_	Slow=0-5(0)	_	_
779-17	PKP130	779	17	perché	perché	_	_	_	_	_	linguistic	_	ContainsVariation=No	_	_	_	_	_	_
779-18	PKP130	779	18	sono	sono	_	_	_	_	_	linguistic	_	ContainsVariation=No	_	_	_	_	_	_
779-19	PKP130	779	19	troppe	troppe	_	_	_	_	_	linguistic	_	ContainsVariation=No	_	_	_	_	_	_
779-20	PKP130	779	20	persone	persone	_	_	_	_	_	linguistic	_	ContainsVariation=No	_	_	_	_	_	_
779-21	PKP130	779	21	troppe	troppe	_	_	_	_	_	linguistic	_	ContainsVariation=No	_	_	_	_	_	_
779-22	PKP130	779	22	religioni	religioni	_	_	_	_	_	linguistic	_	ContainsVariation=No	_	_	_	_	_	_
779-23	PKP130	779	23	troppe	troppe	_	_	_	_	_	linguistic	_	ContainsVariation=No	_	_	_	_	_	_
779-24	PKP130	779	24	etnie:.	etnie	_	_	_	_	_	linguistic	_	ContainsVariation=No	Intonation=Falling	End=1652.465	4x1	_	_	_
780-0	PKP130	780	0	e	e	_	_	_	_	_	linguistic	_	ContainsVariation=No	_	Begin=1652.765	_	_	_	_
780-1	PKP130	780	1	questo	questo	_	_	_	_	_	linguistic	_	ContainsVariation=No	_	End=1653.581	_	_	_	_
781-0	PKP130	781	0	mo::	mo	_	_	_	_	_	linguistic	_	ContainsVariation=No	_	Begin=1653.971	1x2	_	_	_
781-1	PKP130	781	1	poi	poi	_	_	_	_	_	linguistic	_	ContainsVariation=No	_	_	_	_	_	_
781-2	PKP130	781	2	parla	parla	_	_	_	_	_	linguistic	_	ContainsVariation=No	_	_	_	_	_	_
781-3	PKP130	781	3	della	della	_	_	_	_	_	linguistic	_	ContainsVariation=No	_	_	_	_	_	_
781-4	PKP130	781	4	condizione	condizione	_	_	_	_	_	linguistic	_	ContainsVariation=No	_	_	_	_	_	_
781-5	PKP130	781	5	degli	degli	_	_	_	_	_	linguistic	_	ContainsVariation=No	_	_	_	_	_	_
781-6	PKP130	781	6	stupri	stupri	_	_	_	_	_	linguistic	_	ContainsVariation=No	_	_	_	_	_	_
781-7	PKP130	781	7	come	come	_	_	_	_	_	linguistic	_	ContainsVariation=No	_	_	_	_	_	_
781-8	PKP130	781	8	arma	arma	_	_	_	_	_	linguistic	_	ContainsVariation=No	_	_	_	_	_	_
781-9	PKP130	781	9	di	di	_	_	_	_	_	linguistic	_	ContainsVariation=No	_	_	_	_	_	_
781-10	PKP130	781	10	<GUERRA>.	guerra	_	_	_	_	_	linguistic	_	ContainsVariation=No	Intonation=Falling|Volume=high	End=1657.941	_	Slow=0-6(0)	_	_
782-0	PKP130	782	0	sai	sai	_	_	_	_	_	linguistic	_	ContainsVariation=No	_	Begin=1657.974	_	_	_	_
782-1	PKP130	782	1	gli	gli	_	_	_	_	_	linguistic	_	ContainsVariation=No	_	_	_	_	_	_
782-2	PKP130	782	2	stupri	stupri	_	_	_	_	_	linguistic	_	ContainsVariation=No	_	_	_	_	_	_
782-3	PKP130	782	3	che	che	_	_	_	_	_	linguistic	_	ContainsVariation=No	_	_	_	_	_	_
782-4	PKP130	782	4	sono	sono	_	_	_	_	_	linguistic	_	ContainsVariation=No	_	_	_	_	_	_
782-5	PKP130	782	5	sempre	sempre	_	_	_	_	_	linguistic	_	ContainsVariation=No	_	_	_	_	_	_
782-6	PKP130	782	6	<accaduti>.	accaduti	_	_	_	_	_	linguistic	_	ContainsVariation=No	Intonation=Falling	End=1660.415	_	Slow=0-8(0)	_	_
783-0	PKP130	783	0	la	la	_	_	_	_	_	linguistic	_	ContainsVariation=No	_	Begin=1660.481	_	_	_	_
783-1	PKP130	783	1	guerra	guerra	_	_	_	_	_	linguistic	_	ContainsVariation=No	_	_	_	_	_	_
783-2	PKP130	783	2	tra	tra	_	_	_	_	_	linguistic	_	ContainsVariation=No	_	_	_	_	_	_
783-3	PKP130	783	3	i	i	_	_	_	_	_	linguistic	_	ContainsVariation=No	_	_	_	_	_	_
783-4	PKP130	783	4	tuzzi	tuzzi	_	_	_	_	_	linguistic	_	ContainsVariation=No	_	_	_	_	_	_
783-5	PKP130	783	5	e	e	_	_	_	_	_	linguistic	_	ContainsVariation=No	_	_	_	_	_	_
783-6	PKP130	783	6	gli:	gli	_	_	_	_	_	linguistic	_	ContainsVariation=No	_	_	2x1	_	_	_
783-7	PKP130	783	7	ehm::	ehm	_	_	_	_	_	linguistic	_	ContainsVariation=No	_	_	2x2	_	_	_
783-8	PKP130	783	8	come	come	_	_	_	_	_	linguistic	_	ContainsVariation=No	_	_	_	_	_	_
783-9	PKP130	783	9	si	si	_	_	_	_	_	linguistic	_	ContainsVariation=No	_	_	_	_	_	_
783-10	PKP130	783	10	chiamavano	chiamavano	_	_	_	_	_	linguistic	_	ContainsVariation=No	_	_	_	_	_	_
783-11	PKP130	783	11	quelli?	quelli	_	_	_	_	_	linguistic	_	ContainsVariation=No	Intonation=Rising	End=1663.498	_	_	_	_
784-0	PKP125	784	0	ah	ah	_	_	_	_	_	linguistic	_	ContainsVariation=No	_	Begin=1663.809	_	_	_	_
784-1	PKP125	784	1	i	i	_	_	_	_	_	linguistic	_	ContainsVariation=No	_	_	_	_	_	_
784-2	PKP125	784	2	tuzzi	tuzzi	_	_	_	_	_	linguistic	_	ContainsVariation=No	_	_	_	_	_	_
784-3	PKP125	784	3	io	io	_	_	_	_	_	linguistic	_	ContainsVariation=No	_	_	_	_	_	_
784-4	PKP125	784	4	ho	ho	_	_	_	_	_	linguistic	_	ContainsVariation=No	_	_	_	_	_	_
784-5	PKP125	784	5	fatto	fatto	_	_	_	_	_	linguistic	_	ContainsVariation=No	_	_	_	_	_	_
784-6	PKP125	784	6	l'	l'	_	_	_	_	_	linguistic	_	ContainsVariation=No	SpaceAfter=No	_	_	_	_	_
784-7	PKP125	784	7	ESAME	esame	_	_	_	_	_	linguistic	_	ContainsVariation=No	Volume=high	_	_	_	_	_
784-8	PKP125	784	8	[su::]	su	_	_	_	_	_	linguistic	_	ContainsVariation=No	_	_	1x2	_	_	0-2(112)
784-9	PKP125	784	9	i	i	_	_	_	_	_	linguistic	_	ContainsVariation=No	_	_	_	_	_	_
784-10	PKP125	784	10	tuzzi::	tuzzi	_	_	_	_	_	linguistic	_	ContainsVariation=No	_	End=1667.376	4x2	_	_	_
785-0	PKP130	785	0	[E:H]	eh	_	_	_	_	_	linguistic	_	ContainsVariation=No	Volume=high	Begin=1665.237|End=1665.604	0x1	_	_	0-2(112)
786-0	PKP130	786	0	gl~	gl~	_	_	_	_	_	linguistic	_	ContainsVariation=No	Interrupted=Yes	Begin=1667.712|End=1668.029	_	_	_	_
787-0	PKP130	787	0	gli	gli	_	_	_	_	_	linguistic	_	ContainsVariation=No	_	Begin=1668.474	_	_	_	_
787-1	PKP130	787	1	ati	ati	_	_	_	_	_	linguistic	_	ContainsVariation=No	_	_	_	_	_	_
787-2	PKP130	787	2	u[ti]	uti	_	_	_	_	_	linguistic	_	ContainsVariation=No	_	End=1669.657	_	_	_	1-3(113)
788-0	PKP125	788	0	[°m:h°]	mh	_	_	_	_	_	linguistic	_	ContainsVariation=No	Volume=low	Begin=1669.369|End=1669.677	0x1	_	_	0-2(113)
789-0	PKP125	789	0	gli	gli	_	_	_	_	_	linguistic	_	ContainsVariation=No	_	Begin=1669.885	_	_	_	_
789-1	PKP125	789	1	<uti>	uti	_	_	_	_	_	linguistic	_	ContainsVariation=No	_	End=1670.36	_	Slow=0-3(0)	_	_
790-0	PKP125	790	0	mi	mi	_	_	_	_	_	linguistic	_	ContainsVariation=No	_	Begin=1670.534	_	_	_	_
790-1	PKP125	790	1	[sa]	sa	_	_	_	_	_	linguistic	_	ContainsVariation=No	_	End=1671.142	_	_	_	0-2(114)
791-0	PKP130	791	0	[gli	gli	_	_	_	_	_	linguistic	_	ContainsVariation=No	_	Begin=1670.833	_	_	_	0-3(114)
791-1	PKP130	791	1	uti]	uti	_	_	_	_	_	linguistic	_	ContainsVariation=No	_	End=1671.175	_	_	_	0-3(114)
792-0	PKP125	792	0	però	però	_	_	_	_	_	linguistic	_	ContainsVariation=No	_	Begin=1671.625	_	_	_	_
792-1	PKP125	792	1	non	non	_	_	_	_	_	linguistic	_	ContainsVariation=No	_	_	_	_	_	_
792-2	PKP125	792	2	ne	ne	_	_	_	_	_	linguistic	_	ContainsVariation=No	_	_	_	_	_	_
792-3	PKP125	792	3	sono	sono	_	_	_	_	_	linguistic	_	ContainsVariation=No	_	_	_	_	_	_
792-4	PKP125	792	4	si[curo]	sicuro	_	_	_	_	_	linguistic	_	ContainsVariation=No	_	_	_	_	_	2-6(115)
792-5	PKP125	792	5	io	io	_	_	_	_	_	linguistic	_	ContainsVariation=No	_	_	_	_	_	_
792-6	PKP125	792	6	ho	ho	_	_	_	_	_	linguistic	_	ContainsVariation=No	_	_	_	_	_	_
792-7	PKP125	792	7	fatto	fatto	_	_	_	_	_	linguistic	_	ContainsVariation=No	_	_	_	_	_	_
792-8	PKP125	792	8	l'	l'	_	_	_	_	_	linguistic	_	ContainsVariation=No	SpaceAfter=No	_	_	_	_	_
792-9	PKP125	792	9	esame	esame	_	_	_	_	_	linguistic	_	ContainsVariation=No	_	_	_	_	_	_
792-10	PKP125	792	10	su:	su	_	_	_	_	_	linguistic	_	ContainsVariation=No	_	_	1x1	_	_	_
792-11	PKP125	792	11	[i	i	_	_	_	_	_	linguistic	_	ContainsVariation=No	_	_	_	_	_	0-1(116)
792-12	PKP125	792	12	genocidi]	genocidi	_	_	_	_	_	linguistic	_	ContainsVariation=No	_	End=1674.5	_	_	_	0-8(116)
793-0	PKP130	793	0	[e:h]	eh	_	_	_	_	_	linguistic	_	ContainsVariation=No	_	Begin=1672.566|End=1672.866	0x1	_	_	0-2(115)
794-0	PKP130	794	0	[tipo	tipo	_	_	_	_	_	linguistic	_	ContainsVariation=No	_	Begin=1673.761	_	_	_	0-4(116)
794-1	PKP130	794	1	la	la	_	_	_	_	_	linguistic	_	ContainsVariation=No	_	_	_	_	_	0-2(116)
794-2	PKP130	794	2	strage]	strage	_	_	_	_	_	linguistic	_	ContainsVariation=No	_	_	_	_	_	0-6(116)
794-3	PKP130	794	3	dei	dei	_	_	_	_	_	linguistic	_	ContainsVariation=No	_	_	_	_	_	_
794-4	PKP130	794	4	<curdi>	curdi	_	_	_	_	_	linguistic	_	ContainsVariation=No	_	_	_	Slow=0-5(0)	_	_
794-5	PKP130	794	5	da	da	_	_	_	_	_	linguistic	_	ContainsVariation=No	_	_	_	Fast=0-2(0)	_	_
794-6	PKP130	794	6	parte	parte	_	_	_	_	_	linguistic	_	ContainsVariation=No	_	_	_	Fast=0-5(0)	_	_
794-7	PKP130	794	7	di	di	_	_	_	_	_	linguistic	_	ContainsVariation=No	_	_	_	Fast=0-2(0)	_	_
794-8	PKP130	794	8	saddam	saddam	_	_	_	_	_	linguistic	_	ContainsVariation=No	_	_	_	Fast=0-6(0)	_	_
794-9	PKP130	794	9	<hussein>.	hussein	_	_	_	_	_	linguistic	_	ContainsVariation=No	Intonation=Falling	End=1676.82	_	Slow=0-7(1)	_	_
795-0	PKP130	795	0	il	il	_	_	_	_	_	linguistic	_	ContainsVariation=No	_	Begin=1676.877	_	_	_	_
795-1	PKP130	795	1	genocidio	genocidio	_	_	_	_	_	linguistic	_	ContainsVariation=No	_	_	_	_	_	_
795-2	PKP130	795	2	dei	dei	_	_	_	_	_	linguistic	_	ContainsVariation=No	_	_	_	_	_	_
795-3	PKP130	795	3	<curdi>.	curdi	_	_	_	_	_	linguistic	_	ContainsVariation=No	Intonation=Falling	End=1678.419	_	Slow=0-5(0)	_	_
796-0	PKP130	796	0	le	le	_	_	_	_	_	linguistic	_	ContainsVariation=No	_	Begin=1679.093	_	_	_	_
796-1	PKP130	796	1	infibulazio:ni.	infibulazioni	_	_	_	_	_	linguistic	_	ContainsVariation=No	Intonation=Falling	End=1680.877	10x1	_	_	_
797-0	PKP130	797	0	le:	le	_	_	_	_	_	linguistic	_	ContainsVariation=No	_	Begin=1681.564	1x1	_	_	_
797-1	PKP130	797	1	<infibulazioni>	infibulazioni	_	_	_	_	_	linguistic	_	ContainsVariation=No	_	_	_	Slow=0-13(0)	_	_
797-2	PKP130	797	2	che	che	_	_	_	_	_	linguistic	_	ContainsVariation=No	_	_	_	_	_	_
797-3	PKP130	797	3	avvengono	avvengono	_	_	_	_	_	linguistic	_	ContainsVariation=No	_	_	_	_	_	_
797-4	PKP130	797	4	pure::	pure	_	_	_	_	_	linguistic	_	ContainsVariation=No	_	End=1683.647	3x2	_	_	_
798-0	PKP130	798	0	che	che	_	_	_	_	_	linguistic	_	ContainsVariation=No	_	Begin=1683.692	_	_	_	_
798-1	PKP130	798	1	poi	poi	_	_	_	_	_	linguistic	_	ContainsVariation=No	_	_	_	_	_	_
798-2	PKP130	798	2	in	in	_	_	_	_	_	linguistic	_	ContainsVariation=No	_	_	_	_	_	_
798-3	PKP130	798	3	realtà	realtà	_	_	_	_	_	linguistic	_	ContainsVariation=No	_	_	_	_	_	_
798-4	PKP130	798	4	non:	non	_	_	_	_	_	linguistic	_	ContainsVariation=No	_	End=1684.909	2x1	_	_	_
799-0	PKP125	799	0	MAMMA	mamma	_	_	_	_	_	linguistic	_	ContainsVariation=No	Volume=high	Begin=1685.137	_	_	_	_
799-1	PKP125	799	1	GLIELO	glielo	_	_	_	_	_	linguistic	_	ContainsVariation=No	Volume=high	_	_	_	_	_
799-2	PKP125	799	2	CHIESE	chiese	_	_	_	_	_	linguistic	_	ContainsVariation=No	Volume=high	_	_	_	_	_
799-3	PKP125	799	3	a	a	_	_	_	_	_	linguistic	_	ContainsVariation=No	_	_	_	_	_	_
799-4	PKP125	799	4	chiara	chiara	_	_	_	_	_	linguistic	_	ContainsVariation=No	_	_	_	_	_	_
799-5	PKP125	799	5	[dell'	dell'	_	_	_	_	_	linguistic	_	ContainsVariation=No	SpaceAfter=No	_	_	_	_	0-5(117)
799-6	PKP125	799	6	]infibulazione	infibulazione	_	_	_	_	_	linguistic	_	ContainsVariation=No	_	End=1687.804	_	_	_	_
800-0	PKP130	800	0	SÌ:	sì	_	_	_	_	_	linguistic	_	ContainsVariation=No	Volume=high	Begin=1686.59|End=1686.999	1x1	_	_	_
801-0	PKP130	801	0	e	e	_	_	_	_	_	linguistic	_	ContainsVariation=No	_	Begin=1687.824	_	_	_	_
801-1	PKP130	801	1	ch'	ch'	_	_	_	_	_	linguistic	_	ContainsVariation=No	SpaceAfter=No	_	_	_	_	_
801-2	PKP130	801	2	e	e	_	_	_	_	_	linguistic	_	ContainsVariation=No	_	_	_	_	_	_
801-3	PKP130	801	3	[ritt]?	ritt	_	_	_	_	_	linguistic	_	ContainsVariation=No	Intonation=Rising	End=1688.365	_	_	_	0-4(118)
802-0	PKP125	802	0	[mi	mi	_	_	_	_	_	linguistic	_	ContainsVariation=No	_	Begin=1688.214	_	_	_	0-2(118)
802-1	PKP125	802	1	sa]	sa	_	_	_	_	_	linguistic	_	ContainsVariation=No	_	_	_	_	_	0-2(118)
802-2	PKP125	802	2	che	che	_	_	_	_	_	linguistic	_	ContainsVariation=No	_	_	_	_	_	_
802-3	PKP125	802	3	gliel'	gliel'	_	_	_	_	_	linguistic	_	ContainsVariation=No	SpaceAfter=No	_	_	_	_	_
802-4	PKP125	802	4	hanno	hanno	_	_	_	_	_	linguistic	_	ContainsVariation=No	_	_	_	_	_	_
802-5	PKP125	802	5	<fatta>	fatta	_	_	_	_	_	linguistic	_	ContainsVariation=No	_	_	_	Slow=0-5(0)	_	_
802-6	PKP125	802	6	dice	dice	_	_	_	_	_	linguistic	_	ContainsVariation=No	_	_	_	_	_	_
802-7	PKP125	802	7	che::	che	_	_	_	_	_	linguistic	_	ContainsVariation=No	_	End=1689.989	2x2	_	_	_
803-0	PKP130	803	0	((fa_un_verso_di_dolore))	((fa_un_verso_di_dolore))	_	_	_	_	_	nonverbalbehavior	_	ContainsVariation=No	_	Begin=1689.296|End=1689.671	_	_	_	_
804-0	PKP125	804	0	SI	si	_	_	_	_	_	linguistic	_	ContainsVariation=No	Volume=high	Begin=1690.67	_	_	_	_
804-1	PKP125	804	1	FA	fa	_	_	_	_	_	linguistic	_	ContainsVariation=No	Volume=high	_	_	_	_	_
804-2	PKP125	804	2	è	è	_	_	_	_	_	linguistic	_	ContainsVariation=No	_	_	_	_	_	_
804-3	PKP125	804	3	una:	una	_	_	_	_	_	linguistic	_	ContainsVariation=No	_	_	2x1	_	_	_
804-4	PKP125	804	4	loro	loro	_	_	_	_	_	linguistic	_	ContainsVariation=No	_	_	_	_	_	_
804-5	PKP125	804	5	tradizione	tradizione	_	_	_	_	_	linguistic	_	ContainsVariation=No	_	_	_	_	_	_
804-6	PKP125	804	6	per[ò::]	però	_	_	_	_	_	linguistic	_	ContainsVariation=No	_	End=1693.756	3x2	_	_	3-4(120)
805-0	PKP130	805	0	[glie]lo	glielo	_	_	_	_	_	linguistic	_	ContainsVariation=No	_	Begin=1693.483	_	_	_	0-4(120)
805-1	PKP130	805	1	voglio	voglio	_	_	_	_	_	linguistic	_	ContainsVariation=No	_	_	_	_	_	_
805-2	PKP130	805	2	chiedere	chiedere	_	_	_	_	_	linguistic	_	ContainsVariation=No	_	_	_	_	_	_
805-3	PKP130	805	3	a	a	_	_	_	_	_	linguistic	_	ContainsVariation=No	_	_	_	_	_	_
805-4	PKP130	805	4	chiara	chiara	_	_	_	_	_	linguistic	_	ContainsVariation=No	_	End=1695.058	_	_	_	_
806-0	PKP125	806	0	anche::::	anche	_	_	_	_	_	linguistic	_	ContainsVariation=No	_	Begin=1695.915	4x4	_	_	_
806-1	PKP125	806	1	anche	anche	_	_	_	_	_	linguistic	_	ContainsVariation=No	_	_	_	_	_	_
806-2	PKP125	806	2	l~	l~	_	_	_	_	_	linguistic	_	ContainsVariation=No	Interrupted=Yes	_	_	_	_	_
806-3	PKP125	806	3	eh	eh	_	_	_	_	_	linguistic	_	ContainsVariation=No	_	_	_	_	_	_
806-4	PKP125	806	4	anche	anche	_	_	_	_	_	linguistic	_	ContainsVariation=No	_	_	_	_	_	_
806-5	PKP125	806	5	i	i	_	_	_	_	_	linguistic	_	ContainsVariation=No	_	_	_	_	_	_
806-6	PKP125	806	6	bambini	bambini	_	_	_	_	_	linguistic	_	ContainsVariation=No	_	_	_	_	_	_
806-7	PKP125	806	7	lo	lo	_	_	_	_	_	linguistic	_	ContainsVariation=No	_	_	_	_	_	_
806-8	PKP125	806	8	fanno	fanno	_	_	_	_	_	linguistic	_	ContainsVariation=No	_	_	_	_	_	_
806-9	PKP125	806	9	però	però	_	_	_	_	_	linguistic	_	ContainsVariation=No	_	_	_	_	_	_
806-10	PKP125	806	10	quello	quello	_	_	_	_	_	linguistic	_	ContainsVariation=No	_	_	_	_	_	_
806-11	PKP125	806	11	è	è	_	_	_	_	_	linguistic	_	ContainsVariation=No	_	_	_	_	_	_
806-12	PKP125	806	12	la	la	_	_	_	_	_	linguistic	_	ContainsVariation=No	_	_	_	_	_	_
806-13	PKP125	806	13	circoncisione	circoncisione	_	_	_	_	_	linguistic	_	ContainsVariation=No	_	End=1700.824	_	_	_	_
807-0	PKP125	807	0	che	che	_	_	_	_	_	linguistic	_	ContainsVariation=No	_	Begin=1700.923	_	_	_	_
807-1	PKP125	807	1	non	non	_	_	_	_	_	linguistic	_	ContainsVariation=No	_	_	_	_	_	_
807-2	PKP125	807	2	è	è	_	_	_	_	_	linguistic	_	ContainsVariation=No	_	_	_	_	_	_
807-3	PKP125	807	3	b~	b~	_	_	_	_	_	linguistic	_	ContainsVariation=No	Interrupted=Yes	End=1701.673	_	_	_	_
808-0	PKP125	808	0	non	non	_	_	_	_	_	linguistic	_	ContainsVariation=No	_	Begin=1702.235	_	_	_	_
808-1	PKP125	808	1	è	è	_	_	_	_	_	linguistic	_	ContainsVariation=No	_	_	_	_	_	_
808-2	PKP125	808	2	una	una	_	_	_	_	_	linguistic	_	ContainsVariation=No	_	_	_	_	_	_
808-3	PKP125	808	3	[<barbarie>	barbarie	_	_	_	_	_	linguistic	_	ContainsVariation=No	_	_	_	Slow=0-8(0)	_	0-8(121)
808-4	PKP125	808	4	come	come	_	_	_	_	_	linguistic	_	ContainsVariation=No	_	_	_	_	_	0-4(121)
808-5	PKP125	808	5	°l'	l'	_	_	_	_	_	linguistic	_	ContainsVariation=No	SpaceAfter=No|Volume=low	_	_	_	_	0-2(121)
808-6	PKP125	808	6	infibulazione°]	infibulazione	_	_	_	_	_	linguistic	_	ContainsVariation=No	Volume=low	End=1704.993	_	_	_	0-13(121)
809-0	PKP130	809	0	[no	no	_	_	_	_	_	linguistic	_	ContainsVariation=No	_	Begin=1702.651	_	_	_	0-2(121)
809-1	PKP130	809	1	vabbè	vabbè	_	_	_	_	_	linguistic	_	ContainsVariation=No	_	_	_	_	_	0-5(121)
809-2	PKP130	809	2	la	la	_	_	_	_	_	linguistic	_	ContainsVariation=No	_	_	_	_	_	0-2(121)
809-3	PKP130	809	3	circoncisione	circoncisione	_	_	_	_	_	linguistic	_	ContainsVariation=No	_	_	_	_	_	0-13(121)
809-4	PKP130	809	4	è	è	_	_	_	_	_	linguistic	_	ContainsVariation=No	_	_	_	_	_	0-1(121)
809-5	PKP130	809	5	pure	pure	_	_	_	_	_	linguistic	_	ContainsVariation=No	_	_	_	_	_	0-4(121)
809-6	PKP130	809	6	una]	una	_	_	_	_	_	linguistic	_	ContainsVariation=No	_	_	_	_	_	0-3(121)
809-7	PKP130	809	7	cosa	cosa	_	_	_	_	_	linguistic	_	ContainsVariation=No	_	_	_	_	_	_
809-8	PKP130	809	8	medica	medica	_	_	_	_	_	linguistic	_	ContainsVariation=No	_	End=1705.209	_	_	_	_
810-0	PKP130	810	0	a	a	_	_	_	_	_	linguistic	_	ContainsVariation=No	_	Begin=1705.25	_	_	_	_
810-1	PKP130	810	1	meno	meno	_	_	_	_	_	linguistic	_	ContainsVariation=No	_	_	_	_	_	_
810-2	PKP130	810	2	che	che	_	_	_	_	_	linguistic	_	ContainsVariation=No	_	_	_	_	_	_
810-3	PKP130	810	3	non	non	_	_	_	_	_	linguistic	_	ContainsVariation=No	_	_	_	_	_	_
810-4	PKP130	810	4	è	è	_	_	_	_	_	linguistic	_	ContainsVariation=No	_	_	_	_	_	_
810-5	PKP130	810	5	una	una	_	_	_	_	_	linguistic	_	ContainsVariation=No	_	_	_	_	_	_
810-6	PKP130	810	6	cosa	cosa	_	_	_	_	_	linguistic	_	ContainsVariation=No	_	_	_	_	_	_
810-7	PKP130	810	7	religio:sa	religiosa	_	_	_	_	_	linguistic	_	ContainsVariation=No	_	_	6x1	_	_	_
810-8	PKP130	810	8	per::	per	_	_	_	_	_	linguistic	_	ContainsVariation=No	_	_	2x2	_	_	_
810-9	PKP130	810	9	e:h	eh	_	_	_	_	_	linguistic	_	ContainsVariation=No	_	End=1707.6	0x1	_	_	_
811-0	PKP125	811	0	no	no	_	_	_	_	_	linguistic	_	ContainsVariation=No	_	Begin=1707.916	_	_	_	_
811-1	PKP125	811	1	loro	loro	_	_	_	_	_	linguistic	_	ContainsVariation=No	_	_	_	_	_	_
811-2	PKP125	811	2	lo	lo	_	_	_	_	_	linguistic	_	ContainsVariation=No	_	_	_	_	_	_
811-3	PKP125	811	3	[fanno	fanno	_	_	_	_	_	linguistic	_	ContainsVariation=No	_	_	_	_	_	0-5(122)
811-4	PKP125	811	4	per	per	_	_	_	_	_	linguistic	_	ContainsVariation=No	_	_	_	_	_	0-3(122)
811-5	PKP125	811	5	la	la	_	_	_	_	_	linguistic	_	ContainsVariation=No	_	_	_	_	_	0-2(122)
811-6	PKP125	811	6	<religione>]	religione	_	_	_	_	_	linguistic	_	ContainsVariation=No	_	_	_	Slow=0-9(0)	_	0-9(122)
811-7	PKP125	811	7	perché	perché	_	_	_	_	_	linguistic	_	ContainsVariation=No	_	_	_	_	_	_
811-8	PKP125	811	8	sono:	sono	_	_	_	_	_	linguistic	_	ContainsVariation=No	_	_	3x1	_	_	_
811-9	PKP125	811	9	musulmani	musulmani	_	_	_	_	_	linguistic	_	ContainsVariation=No	_	End=1711.108	_	_	_	_
812-0	PKP130	812	0	[per	per	_	_	_	_	_	linguistic	_	ContainsVariation=No	_	Begin=1708.454	_	_	_	0-3(122)
812-1	PKP130	812	1	gli	gli	_	_	_	_	_	linguistic	_	ContainsVariation=No	_	_	_	_	_	0-3(122)
812-2	PKP130	812	2	ebrei]	ebrei	_	_	_	_	_	linguistic	_	ContainsVariation=No	_	End=1709.487	_	_	_	0-5(122)
813-0	PKP125	813	0	PERÒ	però	_	_	_	_	_	linguistic	_	ContainsVariation=No	Volume=high	Begin=1711.775	_	_	_	_
813-1	PKP125	813	1	dice	dice	_	_	_	_	_	linguistic	_	ContainsVariation=No	_	_	_	_	_	_
813-2	PKP125	813	2	ch[e::]	che	_	_	_	_	_	linguistic	_	ContainsVariation=No	_	End=1712.916	2x2	_	_	2-3(123)
814-0	PKP130	814	0	[ma:]	ma	_	_	_	_	_	linguistic	_	ContainsVariation=No	_	Begin=1712.383	1x1	_	_	0-2(123)
814-1	PKP130	814	1	la	la	_	_	_	_	_	linguistic	_	ContainsVariation=No	_	_	_	_	_	_
814-2	PKP130	814	2	circ~	circ~	_	_	_	_	_	linguistic	_	ContainsVariation=No	Interrupted=Yes	_	_	_	_	_
814-3	PKP130	814	3	circoncisione	circoncisione	_	_	_	_	_	linguistic	_	ContainsVariation=No	_	_	_	_	_	_
814-4	PKP130	814	4	non	non	_	_	_	_	_	linguistic	_	ContainsVariation=No	_	_	_	_	_	_
814-5	PKP130	814	5	è	è	_	_	_	_	_	linguistic	_	ContainsVariation=No	_	_	_	_	_	_
814-6	PKP130	814	6	BARBARA	barbara	_	_	_	_	_	linguistic	_	ContainsVariation=No	Volume=high	_	_	_	_	_
814-7	PKP130	814	7	quanto	quanto	_	_	_	_	_	linguistic	_	ContainsVariation=No	_	_	_	_	_	_
814-8	PKP130	814	8	l'	l'	_	_	_	_	_	linguistic	_	ContainsVariation=No	SpaceAfter=No	_	_	_	_	_
814-9	PKP130	814	9	infibu[la]zione:	infibulazione	_	_	_	_	_	linguistic	_	ContainsVariation=No	_	End=1716.666	12x1	_	_	5-8(124)
815-0	PKP125	815	0	[no:]	no	_	_	_	_	_	linguistic	_	ContainsVariation=No	_	Begin=1715.728|End=1715.962	1x1	_	_	0-2(124)
816-0	PKP125	816	0	è	è	_	_	_	_	_	linguistic	_	ContainsVariation=No	_	Begin=1716.816	_	_	_	_
816-1	PKP125	816	1	pericolosa	pericolosa	_	_	_	_	_	linguistic	_	ContainsVariation=No	_	_	_	_	_	_
816-2	PKP125	816	2	perché	perché	_	_	_	_	_	linguistic	_	ContainsVariation=No	_	_	_	_	_	_
816-3	PKP125	816	3	la	la	_	_	_	_	_	linguistic	_	ContainsVariation=No	_	_	_	_	_	_
816-4	PKP125	816	4	fan[no]	fanno	_	_	_	_	_	linguistic	_	ContainsVariation=No	_	_	_	_	_	3-5(125)
816-5	PKP125	816	5	in	in	_	_	_	_	_	linguistic	_	ContainsVariation=No	_	_	_	_	_	_
816-6	PKP125	816	6	maniera:::	maniera	_	_	_	_	_	linguistic	_	ContainsVariation=No	_	End=1719.991	6x3	_	_	_
817-0	PKP130	817	0	[sì:]	sì	_	_	_	_	_	linguistic	_	ContainsVariation=No	_	Begin=1718.066|End=1718.341	1x1	_	_	0-2(125)
818-0	PKP130	818	0	tu	tu	_	_	_	_	_	linguistic	_	ContainsVariation=No	_	Begin=1720.174	_	_	_	_
818-1	PKP130	818	1	sai	sai	_	_	_	_	_	linguistic	_	ContainsVariation=No	_	_	_	_	_	_
818-2	PKP130	818	2	che::	che	_	_	_	_	_	linguistic	_	ContainsVariation=No	_	_	2x2	_	_	_
818-3	PKP130	818	3	amir	amir	_	_	_	_	_	linguistic	_	ContainsVariation=No	_	_	_	_	_	_
818-4	PKP130	818	4	stava	stava	_	_	_	_	_	linguistic	_	ContainsVariation=No	_	_	_	_	_	_
818-5	PKP130	818	5	MORENDO?	morendo	_	_	_	_	_	linguistic	_	ContainsVariation=No	Intonation=Rising|Volume=high	End=1722.066	_	_	_	_
819-0	PKP125	819	0	e:h	eh	_	_	_	_	_	linguistic	_	ContainsVariation=No	_	Begin=1722.208|End=1722.624	0x1	_	_	_
820-0	PKP125	820	0	me	me	_	_	_	_	_	linguistic	_	ContainsVariation=No	_	Begin=1722.895	_	_	_	_
820-1	PKP125	820	1	lo	lo	_	_	_	_	_	linguistic	_	ContainsVariation=No	_	_	_	_	_	_
820-2	PKP125	820	2	disse	disse	_	_	_	_	_	linguistic	_	ContainsVariation=No	_	_	_	_	_	_
820-3	PKP125	820	3	m[a::]	ma	_	_	_	_	_	linguistic	_	ContainsVariation=No	_	End=1723.654	1x2	_	_	1-2(126)
821-0	PKP130	821	0	[e:h]	eh	_	_	_	_	_	linguistic	_	ContainsVariation=No	_	Begin=1723.578|End=1723.97	0x1	_	_	0-2(126)
822-0	PKP125	822	0	mamma	mamma	_	_	_	_	_	linguistic	_	ContainsVariation=No	_	Begin=1725.52	_	_	_	_
822-1	PKP125	822	1	mia	mia	_	_	_	_	_	linguistic	_	ContainsVariation=No	_	End=1725.887	_	_	_	_
823-0	PKP125	823	0	ma	ma	_	_	_	_	_	linguistic	_	ContainsVariation=No	_	Begin=1726.941	_	_	_	_
823-1	PKP125	823	1	tu	tu	_	_	_	_	_	linguistic	_	ContainsVariation=No	_	_	_	_	_	_
823-2	PKP125	823	2	devi	devi	_	_	_	_	_	linguistic	_	ContainsVariation=No	_	_	_	_	_	_
823-3	PKP125	823	3	andare	andare	_	_	_	_	_	linguistic	_	ContainsVariation=No	_	_	_	_	_	_
823-4	PKP125	823	4	in	in	_	_	_	_	_	linguistic	_	ContainsVariation=No	_	_	_	_	_	_
823-5	PKP125	823	5	ospedale	ospedale	_	_	_	_	_	linguistic	_	ContainsVariation=No	_	_	_	_	_	_
823-6	PKP125	823	6	>e	e	_	_	_	_	_	linguistic	_	ContainsVariation=No	_	_	_	Fast=0-1(0)	_	_
823-7	PKP125	823	7	la	la	_	_	_	_	_	linguistic	_	ContainsVariation=No	_	_	_	Fast=0-2(0)	_	_
823-8	PKP125	823	8	fai<	fai	_	_	_	_	_	linguistic	_	ContainsVariation=No	_	End=1728.207	_	Fast=0-3(0)	_	_
824-0	PKP125	824	0	comunque	comunque	_	_	_	_	_	linguistic	_	ContainsVariation=No	_	Begin=1728.307	_	_	_	_
824-1	PKP125	824	1	l'	l'	_	_	_	_	_	linguistic	_	ContainsVariation=No	SpaceAfter=No	_	_	_	_	_
824-2	PKP125	824	2	infibulazione	infibulazione	_	_	_	_	_	linguistic	_	ContainsVariation=No	_	_	_	_	_	_
824-3	PKP125	824	3	invece::	invece	_	_	_	_	_	linguistic	_	ContainsVariation=No	_	End=1730.249	5x2	_	_	_
825-0	PKP125	825	0	mi	mi	_	_	_	_	_	linguistic	_	ContainsVariation=No	_	Begin=1731.057	_	_	_	_
825-1	PKP125	825	1	pa::re	pare	_	_	_	_	_	linguistic	_	ContainsVariation=No	PauseAfter=Yes	_	1x2	_	_	_
825-2	PKP125	825	2	(.)	(.)	_	_	_	_	_	shortpause	_	ContainsVariation=No	_	_	_	_	_	_
825-3	PKP125	825	3	che	che	_	_	_	_	_	linguistic	_	ContainsVariation=No	_	_	_	_	_	_
825-4	PKP125	825	4	a	a	_	_	_	_	_	linguistic	_	ContainsVariation=No	_	_	_	_	_	_
825-5	PKP125	825	5	lei	lei	_	_	_	_	_	linguistic	_	ContainsVariation=No	_	_	_	_	_	_
825-6	PKP125	825	6	gliel'	gliel'	_	_	_	_	_	linguistic	_	ContainsVariation=No	SpaceAfter=No	_	_	_	_	_
825-7	PKP125	825	7	hanno	hanno	_	_	_	_	_	linguistic	_	ContainsVariation=No	_	_	_	_	_	_
825-8	PKP125	825	8	fatt:a	fatta	_	_	_	_	_	linguistic	_	ContainsVariation=No	_	_	3x1	_	_	_
825-9	PKP125	825	9	la	la	_	_	_	_	_	linguistic	_	ContainsVariation=No	_	_	_	_	_	_
825-10	PKP125	825	10	volevano	volevano	_	_	_	_	_	linguistic	_	ContainsVariation=No	_	_	_	_	_	_
825-11	PKP125	825	11	far	far	_	_	_	_	_	linguistic	_	ContainsVariation=No	_	_	_	_	_	_
825-12	PKP125	825	12	fare	fare	_	_	_	_	_	linguistic	_	ContainsVariation=No	_	_	_	_	_	_
825-13	PKP125	825	13	anche	anche	_	_	_	_	_	linguistic	_	ContainsVariation=No	_	_	_	_	_	_
825-14	PKP125	825	14	alle	alle	_	_	_	_	_	linguistic	_	ContainsVariation=No	_	_	_	_	_	_
825-15	PKP125	825	15	figlie	figlie	_	_	_	_	_	linguistic	_	ContainsVariation=No	_	_	_	_	_	_
825-16	PKP125	825	16	ma:	ma	_	_	_	_	_	linguistic	_	ContainsVariation=No	_	_	1x1	_	_	_
825-17	PKP125	825	17	hanno	hanno	_	_	_	_	_	linguistic	_	ContainsVariation=No	_	_	_	_	_	_
825-18	PKP125	825	18	detto	detto	_	_	_	_	_	linguistic	_	ContainsVariation=No	_	_	_	_	_	_
825-19	PKP125	825	19	di	di	_	_	_	_	_	linguistic	_	ContainsVariation=No	_	_	_	_	_	_
825-20	PKP125	825	20	no	no	_	_	_	_	_	linguistic	_	ContainsVariation=No	_	End=1736.571	_	_	_	_
826-0	PKP125	826	0	lei	lei	_	_	_	_	_	linguistic	_	ContainsVariation=No	_	Begin=1736.618	_	_	_	_
826-1	PKP125	826	1	ha	ha	_	_	_	_	_	linguistic	_	ContainsVariation=No	_	_	_	_	_	_
826-2	PKP125	826	2	detto	detto	_	_	_	_	_	linguistic	_	ContainsVariation=No	_	_	_	_	_	_
826-3	PKP125	826	3	di	di	_	_	_	_	_	linguistic	_	ContainsVariation=No	_	_	_	_	_	_
826-4	PKP125	826	4	no	no	_	_	_	_	_	linguistic	_	ContainsVariation=No	_	End=1737.543	_	_	_	_
827-0	PKP125	827	0	perché	perché	_	_	_	_	_	linguistic	_	ContainsVariation=No	_	Begin=1740.018	_	_	_	_
827-1	PKP125	827	1	faceva	faceva	_	_	_	_	_	linguistic	_	ContainsVariation=No	_	_	_	_	_	_
827-2	PKP125	827	2	<male>	male	_	_	_	_	_	linguistic	_	ContainsVariation=No	_	_	_	Slow=0-4(0)	_	_
827-3	PKP125	827	3	[e::]	e	_	_	_	_	_	linguistic	_	ContainsVariation=No	_	End=1741.918	0x2	_	_	0-1(127)
828-0	PKP130	828	0	[quindi]	quindi	_	_	_	_	_	linguistic	_	ContainsVariation=No	_	Begin=1741.572	_	_	_	0-6(127)
828-1	PKP130	828	1	chiara	chiara	_	_	_	_	_	linguistic	_	ContainsVariation=No	_	_	_	_	_	_
828-2	PKP130	828	2	ce	ce	_	_	_	_	_	linguistic	_	ContainsVariation=No	_	_	_	_	_	_
828-3	PKP130	828	3	l'	l'	_	_	_	_	_	linguistic	_	ContainsVariation=No	SpaceAfter=No	_	_	_	_	_
828-4	PKP130	828	4	ha?	ha	_	_	_	_	_	linguistic	_	ContainsVariation=No	Intonation=Rising	End=1742.614	_	_	_	_
829-0	PKP125	829	0	mi	mi	_	_	_	_	_	linguistic	_	ContainsVariation=No	_	Begin=1743.181	_	_	_	_
829-1	PKP125	829	1	sa	sa	_	_	_	_	_	linguistic	_	ContainsVariation=No	_	_	_	_	_	_
829-2	PKP125	829	2	di	di	_	_	_	_	_	linguistic	_	ContainsVariation=No	_	_	_	_	_	_
829-3	PKP125	829	3	sì	sì	_	_	_	_	_	linguistic	_	ContainsVariation=No	_	End=1743.897	_	_	_	_
830-0	PKP125	830	0	e	e	_	_	_	_	_	linguistic	_	ContainsVariation=No	_	Begin=1744.802	_	_	_	_
830-1	PKP125	830	1	to~	to~	_	_	_	_	_	linguistic	_	ContainsVariation=No	Interrupted=Yes	_	_	_	_	_
830-2	PKP125	830	2	tutti	tutti	_	_	_	_	_	linguistic	_	ContainsVariation=No	_	_	_	_	_	_
830-3	PKP125	830	3	la	la	_	_	_	_	_	linguistic	_	ContainsVariation=No	_	_	_	_	_	_
830-4	PKP125	830	4	<fanno>	fanno	_	_	_	_	_	linguistic	_	ContainsVariation=No	_	End=1746.177	_	Slow=0-5(0)	_	_
831-0	PKP130	831	0	e	e	_	_	_	_	_	linguistic	_	ContainsVariation=No	_	Begin=1746.343	_	_	_	_
831-1	PKP130	831	1	mamma	mamma	_	_	_	_	_	linguistic	_	ContainsVariation=No	_	_	_	_	_	_
831-2	PKP130	831	2	che	che	_	_	_	_	_	linguistic	_	ContainsVariation=No	_	_	_	_	_	_
831-3	PKP130	831	3	cosa	cosa	_	_	_	_	_	linguistic	_	ContainsVariation=No	_	_	_	_	_	_
831-4	PKP130	831	4	le	le	_	_	_	_	_	linguistic	_	ContainsVariation=No	_	_	_	_	_	_
831-5	PKP130	831	5	ha	ha	_	_	_	_	_	linguistic	_	ContainsVariation=No	_	_	_	_	_	_
831-6	PKP130	831	6	chiesto?	chiesto	_	_	_	_	_	linguistic	_	ContainsVariation=No	Intonation=Rising	End=1747.902	_	_	_	_
832-0	PKP125	832	0	>e	e	_	_	_	_	_	linguistic	_	ContainsVariation=No	_	Begin=1749.11	_	Fast=0-1(0)	_	_
832-1	PKP125	832	1	non	non	_	_	_	_	_	linguistic	_	ContainsVariation=No	_	_	_	Fast=0-3(0)	_	_
832-2	PKP125	832	2	lo	lo	_	_	_	_	_	linguistic	_	ContainsVariation=No	_	_	_	Fast=0-2(0)	_	_
832-3	PKP125	832	3	so<	so	_	_	_	_	_	linguistic	_	ContainsVariation=No	_	_	_	Fast=0-2(0)	_	_
832-4	PKP125	832	4	perché	perché	_	_	_	_	_	linguistic	_	ContainsVariation=No	_	_	_	_	_	_
832-5	PKP125	832	5	io	io	_	_	_	_	_	linguistic	_	ContainsVariation=No	_	_	_	_	_	_
832-6	PKP125	832	6	le	le	_	_	_	_	_	linguistic	_	ContainsVariation=No	_	_	_	_	_	_
832-7	PKP125	832	7	ho	ho	_	_	_	_	_	linguistic	_	ContainsVariation=No	_	_	_	_	_	_
832-8	PKP125	832	8	trovate	trovate	_	_	_	_	_	linguistic	_	ContainsVariation=No	_	_	_	_	_	_
832-9	PKP125	832	9	che	che	_	_	_	_	_	linguistic	_	ContainsVariation=No	_	_	_	_	_	_
832-10	PKP125	832	10	stavano	stavano	_	_	_	_	_	linguistic	_	ContainsVariation=No	_	_	_	_	_	_
832-11	PKP125	832	11	parlando	parlando	_	_	_	_	_	linguistic	_	ContainsVariation=No	_	_	_	_	_	_
832-12	PKP125	832	12	di	di	_	_	_	_	_	linguistic	_	ContainsVariation=No	_	_	_	_	_	_
832-13	PKP125	832	13	questa:	questa	_	_	_	_	_	linguistic	_	ContainsVariation=No	_	_	5x1	_	_	_
832-14	PKP125	832	14	di	di	_	_	_	_	_	linguistic	_	ContainsVariation=No	_	_	_	_	_	_
832-15	PKP125	832	15	questo	questo	_	_	_	_	_	linguistic	_	ContainsVariation=No	_	_	_	_	_	_
832-16	PKP125	832	16	ar[gomento::]	argomento	_	_	_	_	_	linguistic	_	ContainsVariation=No	_	End=1752.868	8x2	_	_	2-9(128)
833-0	PKP130	833	0	[no:	no	_	_	_	_	_	linguistic	_	ContainsVariation=No	_	Begin=1752.335	1x1	_	_	0-2(128)
833-1	PKP130	833	1	glielo]	glielo	_	_	_	_	_	linguistic	_	ContainsVariation=No	_	_	_	_	_	0-6(128)
833-2	PKP130	833	2	devo	devo	_	_	_	_	_	linguistic	_	ContainsVariation=No	_	_	_	_	_	_
833-3	PKP130	833	3	chiedere	chiedere	_	_	_	_	_	linguistic	_	ContainsVariation=No	_	End=1753.777	_	_	_	_
834-0	PKP125	834	0	di	di	_	_	_	_	_	linguistic	_	ContainsVariation=No	_	Begin=1754.352	_	_	_	_
834-1	PKP125	834	1	questo	questo	_	_	_	_	_	linguistic	_	ContainsVariation=No	_	_	_	_	_	_
834-2	PKP125	834	2	argomento	argomento	_	_	_	_	_	linguistic	_	ContainsVariation=No	_	_	_	_	_	_
834-3	PKP125	834	3	mia	mia	_	_	_	_	_	linguistic	_	ContainsVariation=No	_	_	_	_	_	_
834-4	PKP125	834	4	mamma	mamma	_	_	_	_	_	linguistic	_	ContainsVariation=No	_	_	_	_	_	_
834-5	PKP125	834	5	diceva	diceva	_	_	_	_	_	linguistic	_	ContainsVariation=No	_	_	_	_	_	_
834-6	PKP125	834	6	ah	ah	_	_	_	_	_	linguistic	_	ContainsVariation=No	_	_	_	_	_	_
834-7	PKP125	834	7	te	te	_	_	_	_	_	linguistic	_	ContainsVariation=No	_	_	_	_	_	_
834-8	PKP125	834	8	l'	l'	_	_	_	_	_	linguistic	_	ContainsVariation=No	SpaceAfter=No	_	_	_	_	_
834-9	PKP125	834	9	hanno	hanno	_	_	_	_	_	linguistic	_	ContainsVariation=No	_	_	_	_	_	_
834-10	PKP125	834	10	fatta	fatta	_	_	_	_	_	linguistic	_	ContainsVariation=No	_	_	_	_	_	_
834-11	PKP125	834	11	l'	l'	_	_	_	_	_	linguistic	_	ContainsVariation=No	SpaceAfter=No	_	_	_	_	_
834-12	PKP125	834	12	infibulazione?	infibulazione	_	_	_	_	_	linguistic	_	ContainsVariation=No	Intonation=Rising	End=1757.994	_	_	_	_
835-0	PKP125	835	0	eh	eh	_	_	_	_	_	linguistic	_	ContainsVariation=No	_	Begin=1758.077	_	_	_	_
835-1	PKP125	835	1	e::h	eh	_	_	_	_	_	linguistic	_	ContainsVariation=No	_	End=1758.894	0x2	_	_	_
836-0	PKP125	836	0	diceva	diceva	_	_	_	_	_	linguistic	_	ContainsVariation=No	_	Begin=1759.939	_	_	_	_
836-1	PKP125	836	1	sì	sì	_	_	_	_	_	linguistic	_	ContainsVariation=No	_	_	_	_	_	_
836-2	PKP125	836	2	a:h	ah	_	_	_	_	_	linguistic	_	ContainsVariation=No	_	_	0x1	_	_	_
836-3	PKP125	836	3	è	è	_	_	_	_	_	linguistic	_	ContainsVariation=No	_	_	_	_	_	_
836-4	PKP125	836	4	una	una	_	_	_	_	_	linguistic	_	ContainsVariation=No	_	_	_	_	_	_
836-5	PKP125	836	5	cosa	cosa	_	_	_	_	_	linguistic	_	ContainsVariation=No	_	_	_	_	_	_
836-6	PKP125	836	6	tradizionale	tradizionale	_	_	_	_	_	linguistic	_	ContainsVariation=No	_	_	_	_	_	_
836-7	PKP125	836	7	che	che	_	_	_	_	_	linguistic	_	ContainsVariation=No	_	_	_	_	_	_
836-8	PKP125	836	8	noi	noi	_	_	_	_	_	linguistic	_	ContainsVariation=No	_	_	_	_	_	_
836-9	PKP125	836	9	facciamo.	facciamo	_	_	_	_	_	linguistic	_	ContainsVariation=No	Intonation=Falling	End=1763.264	_	_	_	_
837-0	PKP125	837	0	e::::	e	_	_	_	_	_	linguistic	_	ContainsVariation=No	_	Begin=1765.597|End=1767.23	0x4	_	_	_
838-0	PKP125	838	0	però	però	_	_	_	_	_	linguistic	_	ContainsVariation=No	_	Begin=1767.367	_	_	_	_
838-1	PKP125	838	1	è	è	_	_	_	_	_	linguistic	_	ContainsVariation=No	_	_	_	_	_	_
838-2	PKP125	838	2	pericolosa	pericolosa	_	_	_	_	_	linguistic	_	ContainsVariation=No	_	_	_	_	_	_
838-3	PKP125	838	3	fa	fa	_	_	_	_	_	linguistic	_	ContainsVariation=No	_	_	_	_	_	_
838-4	PKP125	838	4	male	male	_	_	_	_	_	linguistic	_	ContainsVariation=No	_	_	_	_	_	_
838-5	PKP125	838	5	alle	alle	_	_	_	_	_	linguistic	_	ContainsVariation=No	_	_	_	_	_	_
838-6	PKP125	838	6	bambine	bambine	_	_	_	_	_	linguistic	_	ContainsVariation=No	_	End=1769.701	_	_	_	_
839-0	PKP125	839	0	infatti	infatti	_	_	_	_	_	linguistic	_	ContainsVariation=No	_	Begin=1769.805	_	_	_	_
839-1	PKP125	839	1	le	le	_	_	_	_	_	linguistic	_	ContainsVariation=No	_	_	_	_	_	_
839-2	PKP125	839	2	bambine	bambine	_	_	_	_	_	linguistic	_	ContainsVariation=No	_	End=1770.738	_	_	_	_
840-0	PKP125	840	0	no	no	_	_	_	_	_	linguistic	_	ContainsVariation=No	_	Begin=1770.809	_	_	_	_
840-1	PKP125	840	1	perché	perché	_	_	_	_	_	linguistic	_	ContainsVariation=No	_	_	_	_	_	_
840-2	PKP125	840	2	mamma	mamma	_	_	_	_	_	linguistic	_	ContainsVariation=No	_	_	_	_	_	_
840-3	PKP125	840	3	aveva	aveva	_	_	_	_	_	linguistic	_	ContainsVariation=No	_	_	_	_	_	_
840-4	PKP125	840	4	visto	visto	_	_	_	_	_	linguistic	_	ContainsVariation=No	_	_	_	_	_	_
840-5	PKP125	840	5	un	un	_	_	_	_	_	linguistic	_	ContainsVariation=No	_	_	_	_	_	_
840-6	PKP125	840	6	documenta:rio,	documentario	_	_	_	_	_	linguistic	_	ContainsVariation=No	Intonation=WeaklyRising	End=1773.075	8x1	_	_	_
841-0	PKP130	841	0	[m:h]	mh	_	_	_	_	_	linguistic	_	ContainsVariation=No	_	Begin=1773.666|End=1774.083	0x1	_	_	0-2(129)
842-0	PKP125	842	0	[la]	la	_	_	_	_	_	linguistic	_	ContainsVariation=No	_	Begin=1773.975	_	_	_	0-2(129)
842-1	PKP125	842	1	sera	sera	_	_	_	_	_	linguistic	_	ContainsVariation=No	_	_	_	_	_	_
842-2	PKP125	842	2	prima	prima	_	_	_	_	_	linguistic	_	ContainsVariation=No	_	_	_	_	_	_
842-3	PKP125	842	3	che	che	_	_	_	_	_	linguistic	_	ContainsVariation=No	_	_	_	_	_	_
842-4	PKP125	842	4	parlava	parlava	_	_	_	_	_	linguistic	_	ContainsVariation=No	_	_	_	_	_	_
842-5	PKP125	842	5	dell'	dell'	_	_	_	_	_	linguistic	_	ContainsVariation=No	SpaceAfter=No	_	_	_	_	_
842-6	PKP125	842	6	infibulazione	infibulazione	_	_	_	_	_	linguistic	_	ContainsVariation=No	_	_	_	_	_	_
842-7	PKP125	842	7	in	in	_	_	_	_	_	linguistic	_	ContainsVariation=No	_	_	_	_	_	_
842-8	PKP125	842	8	[africa]	africa	_	_	_	_	_	linguistic	_	ContainsVariation=No	_	End=1776.8	_	_	_	0-6(130)
843-0	PKP130	843	0	[infatti]	infatti	_	_	_	_	_	linguistic	_	ContainsVariation=No	_	Begin=1776.291	_	_	_	0-7(130)
843-1	PKP130	843	1	mi	mi	_	_	_	_	_	linguistic	_	ContainsVariation=No	_	_	_	_	_	_
843-2	PKP130	843	2	sto	sto	_	_	_	_	_	linguistic	_	ContainsVariation=No	_	_	_	_	_	_
843-3	PKP130	843	3	chiedendo	chiedendo	_	_	_	_	_	linguistic	_	ContainsVariation=No	_	_	_	_	_	_
843-4	PKP130	843	4	come::	come	_	_	_	_	_	linguistic	_	ContainsVariation=No	_	_	3x2	_	_	_
843-5	PKP130	843	5	sapesse	sapesse	_	_	_	_	_	linguistic	_	ContainsVariation=No	_	_	_	_	_	_
843-6	PKP130	843	6	di	di	_	_	_	_	_	linguistic	_	ContainsVariation=No	_	_	_	_	_	_
843-7	PKP130	843	7	questa	questa	_	_	_	_	_	linguistic	_	ContainsVariation=No	_	_	_	_	_	_
843-8	PKP130	843	8	cosa	cosa	_	_	_	_	_	linguistic	_	ContainsVariation=No	_	End=1779.508	_	_	_	_
844-0	PKP125	844	0	e	e	_	_	_	_	_	linguistic	_	ContainsVariation=No	_	Begin=1780.728	_	_	_	_
844-1	PKP125	844	1	lei	lei	_	_	_	_	_	linguistic	_	ContainsVariation=No	_	_	_	_	_	_
844-2	PKP125	844	2	il	il	_	_	_	_	_	linguistic	_	ContainsVariation=No	_	_	_	_	_	_
844-3	PKP125	844	3	giorno	giorno	_	_	_	_	_	linguistic	_	ContainsVariation=No	_	_	_	_	_	_
844-4	PKP125	844	4	dopo	dopo	_	_	_	_	_	linguistic	_	ContainsVariation=No	_	_	_	_	_	_
844-5	PKP125	844	5	è	è	_	_	_	_	_	linguistic	_	ContainsVariation=No	_	_	_	_	_	_
844-6	PKP125	844	6	venuta	venuta	_	_	_	_	_	linguistic	_	ContainsVariation=No	_	_	_	_	_	_
844-7	PKP125	844	7	<chiara>	chiara	_	_	_	_	_	linguistic	_	ContainsVariation=No	_	_	_	Slow=0-6(0)	_	_
844-8	PKP125	844	8	e	e	_	_	_	_	_	linguistic	_	ContainsVariation=No	_	_	_	_	_	_
844-9	PKP125	844	9	le	le	_	_	_	_	_	linguistic	_	ContainsVariation=No	_	_	_	_	_	_
844-10	PKP125	844	10	ha	ha	_	_	_	_	_	linguistic	_	ContainsVariation=No	_	_	_	_	_	_
844-11	PKP125	844	11	chiesto	chiesto	_	_	_	_	_	linguistic	_	ContainsVariation=No	_	_	_	_	_	_
844-12	PKP125	844	12	ma:	ma	_	_	_	_	_	linguistic	_	ContainsVariation=No	_	_	1x1	_	_	_
844-13	PKP125	844	13	da	da	_	_	_	_	_	linguistic	_	ContainsVariation=No	_	_	_	_	_	_
844-14	PKP125	844	14	voi	voi	_	_	_	_	_	linguistic	_	ContainsVariation=No	_	_	_	_	_	_
844-15	PKP125	844	15	in	in	_	_	_	_	_	linguistic	_	ContainsVariation=No	_	_	_	_	_	_
844-16	PKP125	844	16	mali	mali	_	_	_	_	_	linguistic	_	ContainsVariation=No	_	_	_	_	_	_
844-17	PKP125	844	17	lo	lo	_	_	_	_	_	linguistic	_	ContainsVariation=No	_	_	_	_	_	_
844-18	PKP125	844	18	fanno?	fanno	_	_	_	_	_	linguistic	_	ContainsVariation=No	Intonation=Rising	End=1784.545	_	_	_	_
845-0	PKP125	845	0	>lei	lei	_	_	_	_	_	linguistic	_	ContainsVariation=No	_	Begin=1784.607	_	Fast=0-3(0)	_	_
845-1	PKP125	845	1	ha	ha	_	_	_	_	_	linguistic	_	ContainsVariation=No	_	_	_	Fast=0-2(0)	_	_
845-2	PKP125	845	2	detto<	detto	_	_	_	_	_	linguistic	_	ContainsVariation=No	_	_	_	Fast=0-5(0)	_	_
845-3	PKP125	845	3	no	no	_	_	_	_	_	linguistic	_	ContainsVariation=No	_	_	_	_	_	_
845-4	PKP125	845	4	non	non	_	_	_	_	_	linguistic	_	ContainsVariation=No	_	_	_	_	_	_
845-5	PKP125	845	5	solo	solo	_	_	_	_	_	linguistic	_	ContainsVariation=No	_	_	_	_	_	_
845-6	PKP125	845	6	in	in	_	_	_	_	_	linguistic	_	ContainsVariation=No	_	_	_	_	_	_
845-7	PKP125	845	7	<mali>	mali	_	_	_	_	_	linguistic	_	ContainsVariation=No	_	_	_	Slow=0-4(0)	_	_
845-8	PKP125	845	8	lo	lo	_	_	_	_	_	linguistic	_	ContainsVariation=No	_	_	_	_	_	_
845-9	PKP125	845	9	fanno:	fanno	_	_	_	_	_	linguistic	_	ContainsVariation=No	_	_	4x1	_	_	_
845-10	PKP125	845	10	in	in	_	_	_	_	_	linguistic	_	ContainsVariation=No	_	_	_	_	_	_
845-11	PKP125	845	11	molt~	molt~	_	_	_	_	_	linguistic	_	ContainsVariation=No	Interrupted=Yes	End=1786.907	_	_	_	_
846-0	PKP130	846	0	[sì	sì	_	_	_	_	_	linguistic	_	ContainsVariation=No	_	Begin=1786.311	_	_	_	0-2(?)
846-1	PKP130	846	1	lo	lo	_	_	_	_	_	linguistic	_	ContainsVariation=No	_	_	_	_	_	0-2(?)
846-2	PKP130	846	2	fanno	fanno	_	_	_	_	_	linguistic	_	ContainsVariation=No	_	_	_	_	_	0-5(?)
846-3	PKP130	846	3	an~	an~	_	_	_	_	_	linguistic	_	ContainsVariation=No	Interrupted=Yes	_	_	_	_	0-3(?)
846-4	PKP130	846	4	nell'	nell'	_	_	_	_	_	linguistic	_	ContainsVariation=No	SpaceAfter=No	_	_	_	_	0-5(?)
846-5	PKP130	846	5	africa	africa	_	_	_	_	_	linguistic	_	ContainsVariation=No	_	_	_	_	_	0-6(?)
846-6	PKP130	846	6	SUBSAHARIANA]	subsahariana	_	_	_	_	_	linguistic	_	ContainsVariation=No	Volume=high	_	_	_	_	0-12(?)
846-7	PKP130	846	7	è	è	_	_	_	_	_	linguistic	_	ContainsVariation=No	_	_	_	_	_	_
846-8	PKP130	846	8	molto	molto	_	_	_	_	_	linguistic	_	ContainsVariation=No	_	_	_	_	_	_
846-9	PKP130	846	9	diffuso	diffuso	_	_	_	_	_	linguistic	_	ContainsVariation=No	_	End=1789.72	_	_	_	_
847-0	PKP125	847	0	[MA	ma	_	_	_	_	_	linguistic	_	ContainsVariation=No	Volume=high	Begin=1787.328	_	_	_	0-2(132)
847-1	PKP125	847	1	ANCHE]	anche	_	_	_	_	_	linguistic	_	ContainsVariation=No	Volume=high	End=1788.244	_	_	_	0-5(132)
848-0	PKP125	848	0	ma	ma	_	_	_	_	_	linguistic	_	ContainsVariation=No	_	Begin=1789.761	_	_	_	_
848-1	PKP125	848	1	[anche]	anche	_	_	_	_	_	linguistic	_	ContainsVariation=No	_	_	_	_	_	0-5(133)
848-2	PKP125	848	2	la	la	_	_	_	_	_	linguistic	_	ContainsVariation=No	_	_	_	_	_	_
848-3	PKP125	848	3	madre	madre	_	_	_	_	_	linguistic	_	ContainsVariation=No	_	_	_	_	_	_
848-4	PKP125	848	4	di	di	_	_	_	_	_	linguistic	_	ContainsVariation=No	_	_	_	_	_	_
848-5	PKP125	848	5	<(ariel)>	ariel	_	_	_	_	_	linguistic	_	ContainsVariation=No	_	_	_	Slow=0-5(0)	0-5(0)	_
848-6	PKP125	848	6	che	che	_	_	_	_	_	linguistic	_	ContainsVariation=No	_	_	_	_	_	_
848-7	PKP125	848	7	(ariel)	ariel	_	_	_	_	_	linguistic	_	ContainsVariation=No	_	_	_	_	0-5(1)	_
848-8	PKP125	848	8	°comunque	comunque	_	_	_	_	_	linguistic	_	ContainsVariation=No	Volume=low	_	_	_	_	_
848-9	PKP125	848	9	più	più	_	_	_	_	_	linguistic	_	ContainsVariation=No	Volume=low	_	_	_	_	_
848-10	PKP125	848	10	o	o	_	_	_	_	_	linguistic	_	ContainsVariation=No	Volume=low	_	_	_	_	_
848-11	PKP125	848	11	meno	meno	_	_	_	_	_	linguistic	_	ContainsVariation=No	Volume=low	_	_	_	_	_
848-12	PKP125	848	12	è	è	_	_	_	_	_	linguistic	_	ContainsVariation=No	Volume=low	_	_	_	_	_
848-13	PKP125	848	13	[anche]°	anche	_	_	_	_	_	linguistic	_	ContainsVariation=No	Volume=low	End=1793.111	_	_	_	0-5(134)
849-0	PKP130	849	0	[ANC~]	anc~	_	_	_	_	_	linguistic	_	ContainsVariation=No	Interrupted=Yes|Volume=high	Begin=1789.957|End=1790.374	_	_	_	0-4(133)
850-0	PKP130	850	0	[E:H]	eh	_	_	_	_	_	linguistic	_	ContainsVariation=No	Volume=high	Begin=1792.615|End=1793.115	0x1	_	_	0-2(134)
851-0	PKP125	851	0	lei	lei	_	_	_	_	_	linguistic	_	ContainsVariation=No	_	Begin=1793.819	_	_	_	_
851-1	PKP125	851	1	è	è	_	_	_	_	_	linguistic	_	ContainsVariation=No	_	End=1794.378	_	_	_	_
852-0	PKP125	852	0	e:h	eh	_	_	_	_	_	linguistic	_	ContainsVariation=No	_	Begin=1794.702	0x1	_	_	_
852-1	PKP125	852	1	<nigeriana>	nigeriana	_	_	_	_	_	linguistic	_	ContainsVariation=No	_	End=1795.711	_	Slow=0-9(0)	_	_
853-0	PKP130	853	0	e:h	eh	_	_	_	_	_	linguistic	_	ContainsVariation=No	_	Begin=1795.952|End=1796.294	0x1	_	_	_
854-0	PKP125	854	0	e::	e	_	_	_	_	_	linguistic	_	ContainsVariation=No	_	Begin=1797.978	0x2	_	_	_
854-1	PKP125	854	1	[lei	lei	_	_	_	_	_	linguistic	_	ContainsVariation=No	_	_	_	_	_	0-3(135)
854-2	PKP125	854	2	pure	pure	_	_	_	_	_	linguistic	_	ContainsVariation=No	_	_	_	_	_	0-4(135)
854-3	PKP125	854	3	l'	l'	_	_	_	_	_	linguistic	_	ContainsVariation=No	SpaceAfter=No	_	_	_	_	0-2(135)
854-4	PKP125	854	4	aveva]	aveva	_	_	_	_	_	linguistic	_	ContainsVariation=No	_	End=1799.07	_	_	_	0-5(135)
855-0	PKP130	855	0	[e	e	_	_	_	_	_	linguistic	_	ContainsVariation=No	_	Begin=1798.316	_	_	_	0-1(135)
855-1	PKP130	855	1	l'	l'	_	_	_	_	_	linguistic	_	ContainsVariation=No	SpaceAfter=No	_	_	_	_	0-2(135)
855-2	PKP130	855	2	ha	ha	_	_	_	_	_	linguistic	_	ContainsVariation=No	_	_	_	_	_	0-2(135)
855-3	PKP130	855	3	SUBITA]	subita	_	_	_	_	_	linguistic	_	ContainsVariation=No	Volume=high	_	_	_	_	0-6(135)
855-4	PKP130	855	4	o	o	_	_	_	_	_	linguistic	_	ContainsVariation=No	_	_	_	_	_	_
855-5	PKP130	855	5	la	la	_	_	_	_	_	linguistic	_	ContainsVariation=No	_	_	_	_	_	_
855-6	PKP130	855	6	faceva?	faceva	_	_	_	_	_	linguistic	_	ContainsVariation=No	Intonation=Rising	End=1799.799	_	_	_	_
856-0	PKP125	856	0	no	no	_	_	_	_	_	linguistic	_	ContainsVariation=No	_	Begin=1799.895	_	_	_	_
856-1	PKP125	856	1	no	no	_	_	_	_	_	linguistic	_	ContainsVariation=No	_	_	_	_	_	_
856-2	PKP125	856	2	gliel'	gliel'	_	_	_	_	_	linguistic	_	ContainsVariation=No	SpaceAfter=No	_	_	_	_	_
856-3	PKP125	856	3	hanno	hanno	_	_	_	_	_	linguistic	_	ContainsVariation=No	_	_	_	_	_	_
856-4	PKP125	856	4	<fatta>	fatta	_	_	_	_	_	linguistic	_	ContainsVariation=No	_	_	_	Slow=0-5(0)	_	_
856-5	PKP125	856	5	a	a	_	_	_	_	_	linguistic	_	ContainsVariation=No	_	_	_	_	_	_
856-6	PKP125	856	6	lei	lei	_	_	_	_	_	linguistic	_	ContainsVariation=No	_	End=1801.578	_	_	_	_
857-0	PKP130	857	0	eh	eh	_	_	_	_	_	linguistic	_	ContainsVariation=No	_	Begin=1801.778	_	_	_	_
857-1	PKP130	857	1	ma	ma	_	_	_	_	_	linguistic	_	ContainsVariation=No	_	_	_	_	_	_
857-2	PKP130	857	2	poi	poi	_	_	_	_	_	linguistic	_	ContainsVariation=No	_	_	_	_	_	_
857-3	PKP130	857	3	riescono	riescono	_	_	_	_	_	linguistic	_	ContainsVariation=No	_	_	_	_	_	_
857-4	PKP130	857	4	a	a	_	_	_	_	_	linguistic	_	ContainsVariation=No	_	_	_	_	_	_
857-5	PKP130	857	5	partorire	partorire	_	_	_	_	_	linguistic	_	ContainsVariation=No	_	_	_	_	_	_
857-6	PKP130	857	6	queste	queste	_	_	_	_	_	linguistic	_	ContainsVariation=No	_	_	_	_	_	_
857-7	PKP130	857	7	donne?	donne	_	_	_	_	_	linguistic	_	ContainsVariation=No	Intonation=Rising	End=1803.978	_	_	_	_
858-0	PKP125	858	0	sì	sì	_	_	_	_	_	linguistic	_	ContainsVariation=No	_	Begin=1804.08	_	_	_	_
858-1	PKP125	858	1	(marce')	marce'	_	_	_	_	_	linguistic	_	ContainsVariation=No	Truncated=Yes	_	_	_	0-6(0)	_
858-2	PKP125	858	2	loro	loro	_	_	_	_	_	linguistic	_	ContainsVariation=No	_	_	_	_	_	_
858-3	PKP125	858	3	tagl:iano	tagliano	_	_	_	_	_	linguistic	_	ContainsVariation=No	_	_	3x1	_	_	_
858-4	PKP125	858	4	solamente	solamente	_	_	_	_	_	linguistic	_	ContainsVariation=No	_	_	_	_	_	_
858-5	PKP125	858	5	il	il	_	_	_	_	_	linguistic	_	ContainsVariation=No	_	_	_	_	_	_
858-6	PKP125	858	6	clitoride	clitoride	_	_	_	_	_	linguistic	_	ContainsVariation=No	_	End=1806.582	_	_	_	_
859-0	PKP130	859	0	°maronna	maronna	_	_	_	_	_	linguistic	_	ContainsVariation=No	Volume=low	Begin=1806.901	_	_	_	_
859-1	PKP130	859	1	mij°	mij	_	_	_	_	_	linguistic	_	ContainsVariation=No	Volume=low	_	_	_	_	_
859-2	PKP130	859	2	però	però	_	_	_	_	_	linguistic	_	ContainsVariation=No	_	_	_	_	_	_
859-3	PKP130	859	3	ci	ci	_	_	_	_	_	linguistic	_	ContainsVariation=No	_	_	_	_	_	_
859-4	PKP130	859	4	[sono:]	sono	_	_	_	_	_	linguistic	_	ContainsVariation=No	_	End=1808.343	3x1	_	_	0-4(136)
860-0	PKP125	860	0	[è	è	_	_	_	_	_	linguistic	_	ContainsVariation=No	_	Begin=1808.184	_	_	_	0-1(136)
860-1	PKP125	860	1	so]lamente	solamente	_	_	_	_	_	linguistic	_	ContainsVariation=No	_	_	_	_	_	0-2(136)
860-2	PKP125	860	2	perché	perché	_	_	_	_	_	linguistic	_	ContainsVariation=No	_	_	_	_	_	_
860-3	PKP125	860	3	[tu	tu	_	_	_	_	_	linguistic	_	ContainsVariation=No	_	_	_	_	_	0-2(137)
860-4	PKP125	860	4	non:]	non	_	_	_	_	_	linguistic	_	ContainsVariation=No	_	End=1809.634	2x1	_	_	0-3(137)
861-0	PKP130	861	0	[però]	però	_	_	_	_	_	linguistic	_	ContainsVariation=No	_	Begin=1809.388	_	_	_	0-4(137)
861-1	PKP130	861	1	ci	ci	_	_	_	_	_	linguistic	_	ContainsVariation=No	_	_	_	_	_	_
861-2	PKP130	861	2	sono	sono	_	_	_	_	_	linguistic	_	ContainsVariation=No	_	_	_	_	_	_
861-3	PKP130	861	3	due	due	_	_	_	_	_	linguistic	_	ContainsVariation=No	_	_	_	_	_	_
861-4	PKP130	861	4	tipi	tipi	_	_	_	_	_	linguistic	_	ContainsVariation=No	_	_	_	_	_	_
861-5	PKP130	861	5	diversi	diversi	_	_	_	_	_	linguistic	_	ContainsVariation=No	_	_	_	_	_	_
861-6	PKP130	861	6	l'	l'	_	_	_	_	_	linguistic	_	ContainsVariation=No	SpaceAfter=No	_	_	_	_	_
861-7	PKP130	861	7	infibulazione	infibulazione	_	_	_	_	_	linguistic	_	ContainsVariation=No	_	_	_	_	_	_
861-8	PKP130	861	8	e	e	_	_	_	_	_	linguistic	_	ContainsVariation=No	_	_	_	_	_	_
861-9	PKP130	861	9	l'	l'	_	_	_	_	_	linguistic	_	ContainsVariation=No	SpaceAfter=No	_	_	_	_	_
861-10	PKP130	861	10	escissio:ne	escissione	_	_	_	_	_	linguistic	_	ContainsVariation=No	_	_	7x1	_	_	_
861-11	PKP130	861	11	ho	ho	_	_	_	_	_	linguistic	_	ContainsVariation=No	_	_	_	_	_	_
861-12	PKP130	861	12	letto.	letto	_	_	_	_	_	linguistic	_	ContainsVariation=No	Intonation=Falling	End=1813.088	_	_	_	_
862-0	PKP130	862	0	l'	l'	_	_	_	_	_	linguistic	_	ContainsVariation=No	SpaceAfter=No	Begin=1813.105	_	_	_	_
862-1	PKP130	862	1	infibulazione	infibulazione	_	_	_	_	_	linguistic	_	ContainsVariation=No	_	_	_	_	_	_
862-2	PKP130	862	2	è	è	_	_	_	_	_	linguistic	_	ContainsVariation=No	_	_	_	_	_	_
862-3	PKP130	862	3	il	il	_	_	_	_	_	linguistic	_	ContainsVariation=No	_	_	_	_	_	_
862-4	PKP130	862	4	taglio	taglio	_	_	_	_	_	linguistic	_	ContainsVariation=No	_	_	_	_	_	_
862-5	PKP130	862	5	del:	del	_	_	_	_	_	linguistic	_	ContainsVariation=No	_	_	2x1	_	_	_
862-6	PKP130	862	6	clitoride	clitoride	_	_	_	_	_	linguistic	_	ContainsVariation=No	_	_	_	_	_	_
862-7	PKP130	862	7	e	e	_	_	_	_	_	linguistic	_	ContainsVariation=No	_	_	_	_	_	_
862-8	PKP130	862	8	delle	delle	_	_	_	_	_	linguistic	_	ContainsVariation=No	_	_	_	_	_	_
862-9	PKP130	862	9	piccole	piccole	_	_	_	_	_	linguistic	_	ContainsVariation=No	_	_	_	_	_	_
862-10	PKP130	862	10	e	e	_	_	_	_	_	linguistic	_	ContainsVariation=No	_	_	_	_	_	_
862-11	PKP130	862	11	delle	delle	_	_	_	_	_	linguistic	_	ContainsVariation=No	_	_	_	_	_	_
862-12	PKP130	862	12	grandi	grandi	_	_	_	_	_	linguistic	_	ContainsVariation=No	_	_	_	_	_	_
862-13	PKP130	862	13	labbra	labbra	_	_	_	_	_	linguistic	_	ContainsVariation=No	_	End=1817.125	_	_	_	_
863-0	PKP125	863	0	piccole	piccole	_	_	_	_	_	linguistic	_	ContainsVariation=No	_	Begin=1817.194	_	_	_	_
863-1	PKP125	863	1	e	e	_	_	_	_	_	linguistic	_	ContainsVariation=No	_	_	_	_	_	_
863-2	PKP125	863	2	gra~	gra~	_	_	_	_	_	linguistic	_	ContainsVariation=No	Interrupted=Yes	End=1817.752	_	_	_	_
864-0	PKP125	864	0	perché	perché	_	_	_	_	_	linguistic	_	ContainsVariation=No	_	Begin=1817.977	_	_	_	_
864-1	PKP125	864	1	tu	tu	_	_	_	_	_	linguistic	_	ContainsVariation=No	_	_	_	_	_	_
864-2	PKP125	864	2	non	non	_	_	_	_	_	linguistic	_	ContainsVariation=No	_	_	_	_	_	_
864-3	PKP125	864	3	devi	devi	_	_	_	_	_	linguistic	_	ContainsVariation=No	_	_	_	_	_	_
864-4	PKP125	864	4	sentire	sentire	_	_	_	_	_	linguistic	_	ContainsVariation=No	_	_	_	_	_	_
864-5	PKP125	864	5	piacere	piacere	_	_	_	_	_	linguistic	_	ContainsVariation=No	_	_	_	_	_	_
864-6	PKP125	864	6	quando	quando	_	_	_	_	_	linguistic	_	ContainsVariation=No	_	_	_	_	_	_
864-7	PKP125	864	7	fai	fai	_	_	_	_	_	linguistic	_	ContainsVariation=No	_	_	_	_	_	_
864-8	PKP125	864	8	sesso	sesso	_	_	_	_	_	linguistic	_	ContainsVariation=No	_	End=1820.318	_	_	_	_
865-0	PKP125	865	0	quella	quella	_	_	_	_	_	linguistic	_	ContainsVariation=No	_	Begin=1820.409	_	_	_	_
865-1	PKP125	865	1	è	è	_	_	_	_	_	linguistic	_	ContainsVariation=No	_	_	_	_	_	_
865-2	PKP125	865	2	la	la	_	_	_	_	_	linguistic	_	ContainsVariation=No	_	_	_	_	_	_
865-3	PKP125	865	3	la:	la	_	_	_	_	_	linguistic	_	ContainsVariation=No	_	End=1821.251	1x1	_	_	_
866-0	PKP130	866	0	la	la	_	_	_	_	_	linguistic	_	ContainsVariation=No	_	Begin=1821.417	_	_	_	_
866-1	PKP130	866	1	loro	loro	_	_	_	_	_	linguistic	_	ContainsVariation=No	_	_	_	_	_	_
866-2	PKP130	866	2	co~	co~	_	_	_	_	_	linguistic	_	ContainsVariation=No	Interrupted=Yes	_	_	_	_	_
866-3	PKP130	866	3	teoria	teoria	_	_	_	_	_	linguistic	_	ContainsVariation=No	PauseAfter=Yes	_	_	_	_	_
866-4	PKP130	866	4	(.)	(.)	_	_	_	_	_	shortpause	_	ContainsVariation=No	_	_	_	_	_	_
866-5	PKP130	866	5	perché	perché	_	_	_	_	_	linguistic	_	ContainsVariation=No	_	_	_	_	_	_
866-6	PKP130	866	6	[le	le	_	_	_	_	_	linguistic	_	ContainsVariation=No	_	_	_	_	_	0-2(138)
866-7	PKP130	866	7	donne]	donne	_	_	_	_	_	linguistic	_	ContainsVariation=No	_	_	_	_	_	0-5(138)
866-8	PKP130	866	8	vanno	vanno	_	_	_	_	_	linguistic	_	ContainsVariation=No	_	_	_	_	_	_
866-9	PKP130	866	9	<calmate>	calmate	_	_	_	_	_	linguistic	_	ContainsVariation=No	_	_	_	Slow=0-7(0)	_	_
866-10	PKP130	866	10	dice[vano]	dicevano	_	_	_	_	_	linguistic	_	ContainsVariation=No	_	End=1824.483	_	_	_	4-8(139)
867-0	PKP125	867	0	[°marò:°]	marò	_	_	_	_	_	linguistic	_	ContainsVariation=No	Volume=low	Begin=1822.554|End=1822.987	3x1	_	_	0-4(138)
868-0	PKP125	868	0	[PERÒ	però	_	_	_	_	_	linguistic	_	ContainsVariation=No	Volume=high	Begin=1823.979	_	_	_	0-4(139)
868-1	PKP125	868	1	AH]	ah	_	_	_	_	_	linguistic	_	ContainsVariation=No	Volume=high	_	_	_	_	0-2(139)
868-2	PKP125	868	2	però	però	_	_	_	_	_	linguistic	_	ContainsVariation=No	_	_	_	_	_	_
868-3	PKP125	868	3	ha	ha	_	_	_	_	_	linguistic	_	ContainsVariation=No	_	_	_	_	_	_
868-4	PKP125	868	4	detto	detto	_	_	_	_	_	linguistic	_	ContainsVariation=No	_	_	_	_	_	_
868-5	PKP125	868	5	chiara	chiara	_	_	_	_	_	linguistic	_	ContainsVariation=No	_	_	_	_	_	_
868-6	PKP125	868	6	che	che	_	_	_	_	_	linguistic	_	ContainsVariation=No	_	_	_	_	_	_
868-7	PKP125	868	7	a	a	_	_	_	_	_	linguistic	_	ContainsVariation=No	_	_	_	_	_	_
868-8	PKP125	868	8	<loro>	loro	_	_	_	_	_	linguistic	_	ContainsVariation=No	_	_	_	Slow=0-4(0)	_	_
868-9	PKP125	868	9	lo	lo	_	_	_	_	_	linguistic	_	ContainsVariation=No	_	_	_	Fast=0-2(0)	_	_
868-10	PKP125	868	10	<fanno>,	fanno	_	_	_	_	_	linguistic	_	ContainsVariation=No	Intonation=WeaklyRising	End=1827.254	_	Slow=0-5(1)	_	_
869-0	PKP125	869	0	hanno	hanno	_	_	_	_	_	linguistic	_	ContainsVariation=No	_	Begin=1828.261	_	_	_	_
869-1	PKP125	869	1	una	una	_	_	_	_	_	linguistic	_	ContainsVariation=No	_	_	_	_	_	_
869-2	PKP125	869	2	scusa	scusa	_	_	_	_	_	linguistic	_	ContainsVariation=No	_	_	_	_	_	_
869-3	PKP125	869	3	per	per	_	_	_	_	_	linguistic	_	ContainsVariation=No	_	_	_	_	_	_
869-4	PKP125	869	4	farlo	farlo	_	_	_	_	_	linguistic	_	ContainsVariation=No	_	End=1829.886	_	_	_	_
870-0	PKP125	870	0	cioè	cioè	_	_	_	_	_	linguistic	_	ContainsVariation=No	_	Begin=1829.952	_	_	_	_
870-1	PKP125	870	1	non	non	_	_	_	_	_	linguistic	_	ContainsVariation=No	_	_	_	_	_	_
870-2	PKP125	870	2	dicono	dicono	_	_	_	_	_	linguistic	_	ContainsVariation=No	_	_	_	_	_	_
870-3	PKP125	870	3	che	che	_	_	_	_	_	linguistic	_	ContainsVariation=No	_	_	_	_	_	_
870-4	PKP125	870	4	è	è	_	_	_	_	_	linguistic	_	ContainsVariation=No	_	_	_	_	_	_
870-5	PKP125	870	5	per	per	_	_	_	_	_	linguistic	_	ContainsVariation=No	_	_	_	_	_	_
870-6	PKP125	870	6	evitare	evitare	_	_	_	_	_	linguistic	_	ContainsVariation=No	_	_	_	_	_	_
870-7	PKP125	870	7	di	di	_	_	_	_	_	linguistic	_	ContainsVariation=No	_	_	_	_	_	_
870-8	PKP125	870	8	sentire	sentire	_	_	_	_	_	linguistic	_	ContainsVariation=No	_	_	_	_	_	_
870-9	PKP125	870	9	il	il	_	_	_	_	_	linguistic	_	ContainsVariation=No	_	_	_	_	_	_
870-10	PKP125	870	10	piacere	piacere	_	_	_	_	_	linguistic	_	ContainsVariation=No	_	_	_	_	_	_
870-11	PKP125	870	11	m[a:]	ma	_	_	_	_	_	linguistic	_	ContainsVariation=No	_	End=1832.618	1x1	_	_	1-2(140)
871-0	PKP130	871	0	[perché]	perché	_	_	_	_	_	linguistic	_	ContainsVariation=No	_	Begin=1832.489	_	_	_	0-6(140)
871-1	PKP130	871	1	le	le	_	_	_	_	_	linguistic	_	ContainsVariation=No	_	_	_	_	_	_
871-2	PKP130	871	2	donne	donne	_	_	_	_	_	linguistic	_	ContainsVariation=No	_	_	_	_	_	_
871-3	PKP130	871	3	vanno	vanno	_	_	_	_	_	linguistic	_	ContainsVariation=No	_	_	_	_	_	_
871-4	PKP130	871	4	calmate	calmate	_	_	_	_	_	linguistic	_	ContainsVariation=No	_	End=1834.264	_	_	_	_
872-0	PKP130	872	0	# ric	ric	_	_	_	_	_	linguistic	_	ContainsVariation=Yes|Code=Underspecified	_	Begin=1834.355	_	_	_	_
872-1	PKP130	872	1	[perché	perché	_	_	_	_	_	linguistic	_	ContainsVariation=Yes|Code=Underspecified	_	_	_	_	_	0-6(141)
872-2	PKP130	872	2	altrimenti]	altrimenti	_	_	_	_	_	linguistic	_	ContainsVariation=Yes|Code=Underspecified	_	_	_	_	_	0-10(141)
872-3	PKP130	872	3	gli	gli	_	_	_	_	_	linguistic	_	ContainsVariation=Yes|Code=Underspecified	_	_	_	_	_	_
872-4	PKP130	872	4	<ormoni	ormoni	_	_	_	_	_	linguistic	_	ContainsVariation=Yes|Code=Underspecified	_	_	_	Slow=0-6(0)	_	_
872-5	PKP130	872	5	delle	delle	_	_	_	_	_	linguistic	_	ContainsVariation=Yes|Code=Underspecified	_	_	_	Slow=0-5(0)	_	_
872-6	PKP130	872	6	donne>	donne	_	_	_	_	_	linguistic	_	ContainsVariation=Yes|Code=Underspecified	_	_	_	Slow=0-5(0)	_	_
872-7	PKP130	872	7	[le	le	_	_	_	_	_	linguistic	_	ContainsVariation=Yes|Code=Underspecified	_	_	_	_	_	0-2(142)
872-8	PKP130	872	8	rendono	rendono	_	_	_	_	_	linguistic	_	ContainsVariation=Yes|Code=Underspecified	_	_	_	_	_	0-7(142)
872-9	PKP130	872	9	infe]deli	infedeli	_	_	_	_	_	linguistic	_	ContainsVariation=Yes|Code=Underspecified	_	End=1837.305	_	_	_	0-4(142)
873-0	PKP125	873	0	[ma	ma	_	_	_	_	_	linguistic	_	ContainsVariation=No	_	Begin=1834.592	_	_	_	0-2(141)
873-1	PKP125	873	1	n:on	non	_	_	_	_	_	linguistic	_	ContainsVariation=No	_	_	0x1	_	_	0-3(141)
873-2	PKP125	873	2	è:]	è	_	_	_	_	_	linguistic	_	ContainsVariation=No	_	End=1835.267	0x1	_	_	0-1(141)
874-0	PKP125	874	0	[se	se	_	_	_	_	_	linguistic	_	ContainsVariation=No	_	Begin=1836.124	_	_	_	0-2(142)
874-1	PKP125	874	1	no::]	no	_	_	_	_	_	linguistic	_	ContainsVariation=No	_	End=1836.958	1x2	_	_	0-2(142)
875-0	PKP125	875	0	comunque	comunque	_	_	_	_	_	linguistic	_	ContainsVariation=No	_	Begin=1837.45	_	_	_	_
875-1	PKP125	875	1	è	è	_	_	_	_	_	linguistic	_	ContainsVariation=No	_	_	_	_	_	_
875-2	PKP125	875	2	una	una	_	_	_	_	_	linguistic	_	ContainsVariation=No	_	_	_	_	_	_
875-3	PKP125	875	3	una	una	_	_	_	_	_	linguistic	_	ContainsVariation=No	_	_	_	_	_	_
875-4	PKP125	875	4	una	una	_	_	_	_	_	linguistic	_	ContainsVariation=No	_	_	_	_	_	_
875-5	PKP125	875	5	una::	una	_	_	_	_	_	linguistic	_	ContainsVariation=No	_	End=1839.092	2x2	_	_	_
876-0	PKP125	876	0	una	una	_	_	_	_	_	linguistic	_	ContainsVariation=No	_	Begin=1840.173	_	_	_	_
876-1	PKP125	876	1	diciamo:	diciamo	_	_	_	_	_	linguistic	_	ContainsVariation=No	_	_	6x1	_	_	_
876-2	PKP125	876	2	teoria	teoria	_	_	_	_	_	linguistic	_	ContainsVariation=No	_	_	_	_	_	_
876-3	PKP125	876	3	e::h	eh	_	_	_	_	_	linguistic	_	ContainsVariation=No	_	_	0x2	_	_	_
876-4	PKP125	876	4	teoria	teoria	_	_	_	_	_	linguistic	_	ContainsVariation=No	_	_	_	_	_	_
876-5	PKP125	876	5	pseudoscientifica	pseudoscientifica	_	_	_	_	_	linguistic	_	ContainsVariation=No	_	_	_	_	_	_
876-6	PKP125	876	6	secondo	secondo	_	_	_	_	_	linguistic	_	ContainsVariation=No	_	_	_	_	_	_
876-7	PKP125	876	7	la	la	_	_	_	_	_	linguistic	_	ContainsVariation=No	_	_	_	_	_	_
876-8	PKP125	876	8	quale	quale	_	_	_	_	_	linguistic	_	ContainsVariation=No	_	_	_	_	_	_
876-9	PKP125	876	9	vanno	vanno	_	_	_	_	_	linguistic	_	ContainsVariation=No	_	_	_	_	_	_
876-10	PKP125	876	10	taglia~	taglia~	_	_	_	_	_	linguistic	_	ContainsVariation=No	Interrupted=Yes	_	_	_	_	_
876-11	PKP125	876	11	vanno	vanno	_	_	_	_	_	linguistic	_	ContainsVariation=No	_	_	_	_	_	_
876-12	PKP125	876	12	rimossi	rimossi	_	_	_	_	_	linguistic	_	ContainsVariation=No	_	_	_	_	_	_
876-13	PKP125	876	13	questi	questi	_	_	_	_	_	linguistic	_	ContainsVariation=No	_	_	_	_	_	_
876-14	PKP125	876	14	organi	organi	_	_	_	_	_	linguistic	_	ContainsVariation=No	_	_	_	_	_	_
876-15	PKP125	876	15	perché	perché	_	_	_	_	_	linguistic	_	ContainsVariation=No	_	_	_	_	_	_
876-16	PKP125	876	16	non:	non	_	_	_	_	_	linguistic	_	ContainsVariation=No	_	_	2x1	_	_	_
876-17	PKP125	876	17	°sono	sono	_	_	_	_	_	linguistic	_	ContainsVariation=No	Volume=low	_	_	_	_	_
876-18	PKP125	876	18	buoni	buoni	_	_	_	_	_	linguistic	_	ContainsVariation=No	Volume=low	_	_	_	_	_
876-19	PKP125	876	19	non:°	non	_	_	_	_	_	linguistic	_	ContainsVariation=No	Volume=low	End=1847.84	2x1	_	_	_
877-0	PKP125	877	0	non	non	_	_	_	_	_	linguistic	_	ContainsVariation=No	_	Begin=1848.818	_	_	_	_
877-1	PKP125	877	1	servono	servono	_	_	_	_	_	linguistic	_	ContainsVariation=No	_	End=1849.876	_	_	_	_
878-0	PKP125	878	0	non	non	_	_	_	_	_	linguistic	_	ContainsVariation=No	_	Begin=1850.251	_	_	_	_
878-1	PKP125	878	1	lo	lo	_	_	_	_	_	linguistic	_	ContainsVariation=No	_	_	_	_	_	_
878-2	PKP125	878	2	so	so	_	_	_	_	_	linguistic	_	ContainsVariation=No	_	End=1850.609	_	_	_	_
879-0	PKP130	879	0	e	e	_	_	_	_	_	linguistic	_	ContainsVariation=No	_	Begin=1850.767	_	_	_	_
879-1	PKP130	879	1	chiara	chiara	_	_	_	_	_	linguistic	_	ContainsVariation=No	_	_	_	_	_	_
879-2	PKP130	879	2	crede	crede	_	_	_	_	_	linguistic	_	ContainsVariation=No	_	_	_	_	_	_
879-3	PKP130	879	3	in	in	_	_	_	_	_	linguistic	_	ContainsVariation=No	_	_	_	_	_	_
879-4	PKP130	879	4	questa	questa	_	_	_	_	_	linguistic	_	ContainsVariation=No	_	_	_	_	_	_
879-5	PKP130	879	5	cosa?	cosa	_	_	_	_	_	linguistic	_	ContainsVariation=No	Intonation=Rising	End=1852.325	_	_	_	_
880-0	PKP125	880	0	NO	no	_	_	_	_	_	linguistic	_	ContainsVariation=No	Volume=high	Begin=1853.075	_	_	_	_
880-1	PKP125	880	1	chiara	chiara	_	_	_	_	_	linguistic	_	ContainsVariation=No	_	_	_	_	_	_
880-2	PKP125	880	2	dice	dice	_	_	_	_	_	linguistic	_	ContainsVariation=No	_	_	_	_	_	_
880-3	PKP125	880	3	È	è	_	_	_	_	_	linguistic	_	ContainsVariation=No	Volume=high	_	_	_	_	_
880-4	PKP125	880	4	BARBARA	barbara	_	_	_	_	_	linguistic	_	ContainsVariation=No	Volume=high	_	_	_	_	_
880-5	PKP125	880	5	però	però	_	_	_	_	_	linguistic	_	ContainsVariation=No	_	_	_	_	_	_
880-6	PKP125	880	6	è	è	_	_	_	_	_	linguistic	_	ContainsVariation=No	_	_	_	_	_	_
880-7	PKP125	880	7	la	la	_	_	_	_	_	linguistic	_	ContainsVariation=No	_	_	_	_	_	_
880-8	PKP125	880	8	nostra	nostra	_	_	_	_	_	linguistic	_	ContainsVariation=No	_	_	_	_	_	_
880-9	PKP125	880	9	tr~	tr~	_	_	_	_	_	linguistic	_	ContainsVariation=No	Interrupted=Yes	End=1855.383	_	_	_	_
881-0	PKP125	881	0	è	è	_	_	_	_	_	linguistic	_	ContainsVariation=No	_	Begin=1855.491	_	_	_	_
881-1	PKP125	881	1	barbara	barbara	_	_	_	_	_	linguistic	_	ContainsVariation=No	_	End=1855.991	_	_	_	_
882-0	PKP125	882	0	°no	no	_	_	_	_	_	linguistic	_	ContainsVariation=No	Volume=low	Begin=1856.086	_	_	_	_
882-1	PKP125	882	1	non	non	_	_	_	_	_	linguistic	_	ContainsVariation=No	Volume=low	_	_	_	_	_
882-2	PKP125	882	2	è	è	_	_	_	_	_	linguistic	_	ContainsVariation=No	Volume=low	_	_	_	_	_
882-3	PKP125	882	3	barbara°	barbara	_	_	_	_	_	linguistic	_	ContainsVariation=No	Volume=low	End=1856.636	_	_	_	_
883-0	PKP125	883	0	è::::	è	_	_	_	_	_	linguistic	_	ContainsVariation=No	_	Begin=1857.19	0x4	_	_	_
883-1	PKP125	883	1	fa	fa	_	_	_	_	_	linguistic	_	ContainsVariation=No	_	_	_	_	_	_
883-2	PKP125	883	2	male:	male	_	_	_	_	_	linguistic	_	ContainsVariation=No	_	_	3x1	_	_	_
883-3	PKP125	883	3	è	è	_	_	_	_	_	linguistic	_	ContainsVariation=No	_	_	_	_	_	_
883-4	PKP125	883	4	brutta::	brutta	_	_	_	_	_	linguistic	_	ContainsVariation=No	_	_	5x2	_	_	_
883-5	PKP125	883	5	non	non	_	_	_	_	_	linguistic	_	ContainsVariation=No	_	_	_	_	_	_
883-6	PKP125	883	6	mi	mi	_	_	_	_	_	linguistic	_	ContainsVariation=No	_	_	_	_	_	_
883-7	PKP125	883	7	piace	piace	_	_	_	_	_	linguistic	_	ContainsVariation=No	_	_	_	_	_	_
883-8	PKP125	883	8	però	però	_	_	_	_	_	linguistic	_	ContainsVariation=No	_	_	_	_	_	_
883-9	PKP125	883	9	è	è	_	_	_	_	_	linguistic	_	ContainsVariation=No	_	_	_	_	_	_
883-10	PKP125	883	10	la	la	_	_	_	_	_	linguistic	_	ContainsVariation=No	_	_	_	_	_	_
883-11	PKP125	883	11	nostra	nostra	_	_	_	_	_	linguistic	_	ContainsVariation=No	_	_	_	_	_	_
883-12	PKP125	883	12	tradizione	tradizione	_	_	_	_	_	linguistic	_	ContainsVariation=No	_	_	_	_	_	_
883-13	PKP125	883	13	sono	sono	_	_	_	_	_	linguistic	_	ContainsVariation=No	_	_	_	_	_	_
883-14	PKP125	883	14	cose	cose	_	_	_	_	_	linguistic	_	ContainsVariation=No	_	_	_	_	_	_
883-15	PKP125	883	15	che	che	_	_	_	_	_	linguistic	_	ContainsVariation=No	_	_	_	_	_	_
883-16	PKP125	883	16	facciamo	facciamo	_	_	_	_	_	linguistic	_	ContainsVariation=No	_	_	_	_	_	_
883-17	PKP125	883	17	da	da	_	_	_	_	_	linguistic	_	ContainsVariation=No	_	_	_	_	_	_
883-18	PKP125	883	18	sempre.	sempre	_	_	_	_	_	linguistic	_	ContainsVariation=No	Intonation=Falling	End=1865.123	_	_	_	_
884-0	PKP125	884	0	e:::	e	_	_	_	_	_	linguistic	_	ContainsVariation=No	_	Begin=1865.906|End=1866.814	0x3	_	_	_
885-0	PKP125	885	0	# >c'	c'	_	_	_	_	_	linguistic	_	ContainsVariation=Yes|Code=Underspecified	SpaceAfter=No	Begin=1870.464	_	Fast=0-2(0)	_	_
885-1	PKP125	885	1	adda	adda	_	_	_	_	_	linguistic	_	ContainsVariation=Yes|Code=Underspecified	_	_	_	Fast=0-4(0)	_	_
885-2	PKP125	885	2	fà<	fà	_	_	_	_	_	linguistic	_	ContainsVariation=Yes|Code=Underspecified	_	End=1870.687	_	Fast=0-2(0)	_	_
886-0	PKP125	886	0	quello	quello	_	_	_	_	_	linguistic	_	ContainsVariation=No	_	Begin=1872.194	_	_	_	_
886-1	PKP125	886	1	dappertutto	dappertutto	_	_	_	_	_	linguistic	_	ContainsVariation=No	_	_	_	_	_	_
886-2	PKP125	886	2	lo	lo	_	_	_	_	_	linguistic	_	ContainsVariation=No	_	_	_	_	_	_
886-3	PKP125	886	3	fà	fà	_	_	_	_	_	linguistic	_	ContainsVariation=No	_	End=1873.317	_	_	_	_
887-0	PKP125	887	0	PERÒ	però	_	_	_	_	_	linguistic	_	ContainsVariation=No	Volume=high	Begin=1873.366	_	_	_	_
887-1	PKP125	887	1	ha	ha	_	_	_	_	_	linguistic	_	ContainsVariation=No	_	_	_	_	_	_
887-2	PKP125	887	2	detto	detto	_	_	_	_	_	linguistic	_	ContainsVariation=No	_	_	_	_	_	_
887-3	PKP125	887	3	pure	pure	_	_	_	_	_	linguistic	_	ContainsVariation=No	_	_	_	_	_	_
887-4	PKP125	887	4	in	in	_	_	_	_	_	linguistic	_	ContainsVariation=No	_	_	_	_	_	_
887-5	PKP125	887	5	a~	a~	_	_	_	_	_	linguistic	_	ContainsVariation=No	Interrupted=Yes	_	_	_	_	_
887-6	PKP125	887	6	in	in	_	_	_	_	_	linguistic	_	ContainsVariation=No	_	_	_	_	_	_
887-7	PKP125	887	7	af~	af~	_	_	_	_	_	linguistic	_	ContainsVariation=No	Interrupted=Yes	_	_	_	_	_
887-8	PKP125	887	8	e:h	eh	_	_	_	_	_	linguistic	_	ContainsVariation=No	_	_	0x1	_	_	_
887-9	PKP125	887	9	in:	in	_	_	_	_	_	linguistic	_	ContainsVariation=No	_	_	1x1	_	_	_
887-10	PKP125	887	10	in	in	_	_	_	_	_	linguistic	_	ContainsVariation=No	_	_	_	_	_	_
887-11	PKP125	887	11	marocco.	marocco	_	_	_	_	_	linguistic	_	ContainsVariation=No	Intonation=Falling	End=1875.989	_	_	_	_
888-0	PKP125	888	0	ma	ma	_	_	_	_	_	linguistic	_	ContainsVariation=No	_	Begin=1876.058	_	_	_	_
888-1	PKP125	888	1	io	io	_	_	_	_	_	linguistic	_	ContainsVariation=No	_	_	_	_	_	_
888-2	PKP125	888	2	non	non	_	_	_	_	_	linguistic	_	ContainsVariation=No	_	_	_	_	_	_
888-3	PKP125	888	3	penso	penso	_	_	_	_	_	linguistic	_	ContainsVariation=No	_	_	_	_	_	_
888-4	PKP125	888	4	che	che	_	_	_	_	_	linguistic	_	ContainsVariation=No	_	_	_	_	_	_
888-5	PKP125	888	5	tra	tra	_	_	_	_	_	linguistic	_	ContainsVariation=No	_	_	_	_	_	_
888-6	PKP125	888	6	t~	t~	_	_	_	_	_	linguistic	_	ContainsVariation=No	Interrupted=Yes	_	_	_	_	_
888-7	PKP125	888	7	tra	tra	_	_	_	_	_	linguistic	_	ContainsVariation=No	_	_	_	_	_	_
888-8	PKP125	888	8	tutti::	tutti	_	_	_	_	_	linguistic	_	ContainsVariation=No	_	End=1878.558	4x2	_	_	_
889-0	PKP125	889	0	non	non	_	_	_	_	_	linguistic	_	ContainsVariation=No	_	Begin=1879.019	_	_	_	_
889-1	PKP125	889	1	è	è	_	_	_	_	_	linguistic	_	ContainsVariation=No	_	_	_	_	_	_
889-2	PKP125	889	2	una::	una	_	_	_	_	_	linguistic	_	ContainsVariation=No	_	_	2x2	_	_	_
889-3	PKP125	889	3	m:h	mh	_	_	_	_	_	linguistic	_	ContainsVariation=No	_	_	0x1	_	_	_
889-4	PKP125	889	4	non	non	_	_	_	_	_	linguistic	_	ContainsVariation=No	_	_	_	_	_	_
889-5	PKP125	889	5	si	si	_	_	_	_	_	linguistic	_	ContainsVariation=No	_	_	_	_	_	_
889-6	PKP125	889	6	fa	fa	_	_	_	_	_	linguistic	_	ContainsVariation=No	_	_	_	_	_	_
889-7	PKP125	889	7	[nei	nei	_	_	_	_	_	linguistic	_	ContainsVariation=No	_	_	_	_	_	0-3(143)
889-8	PKP125	889	8	paesi	paesi	_	_	_	_	_	linguistic	_	ContainsVariation=No	_	_	_	_	_	0-5(143)
889-9	PKP125	889	9	islamici]	islamici	_	_	_	_	_	linguistic	_	ContainsVariation=No	_	End=1882.042	_	_	_	0-8(143)
890-0	PKP130	890	0	[una	una	_	_	_	_	_	linguistic	_	ContainsVariation=No	_	Begin=1880.664	_	_	_	0-3(143)
890-1	PKP130	890	1	xxx	xxx	_	_	_	_	_	unknown	_	ContainsVariation=No	Syllables=3	_	_	_	_	0-3(143)
890-2	PKP130	890	2	marocchina]	marocchina	_	_	_	_	_	linguistic	_	ContainsVariation=No	_	End=1881.68	_	_	_	0-10(143)
891-0	PKP125	891	0	vabbè	vabbè	_	_	_	_	_	linguistic	_	ContainsVariation=No	_	Begin=1883.434	_	_	_	_
891-1	PKP125	891	1	n~	n~	_	_	_	_	_	linguistic	_	ContainsVariation=No	Interrupted=Yes	_	_	_	_	_
891-2	PKP125	891	2	anche:	anche	_	_	_	_	_	linguistic	_	ContainsVariation=No	_	_	4x1	_	_	_
891-3	PKP125	891	3	quello	quello	_	_	_	_	_	linguistic	_	ContainsVariation=No	_	_	_	_	_	_
891-4	PKP125	891	4	è	è	_	_	_	_	_	linguistic	_	ContainsVariation=No	_	_	_	_	_	_
891-5	PKP125	891	5	islamico	islamico	_	_	_	_	_	linguistic	_	ContainsVariation=No	_	_	_	_	_	_
891-6	PKP125	891	6	però	però	_	_	_	_	_	linguistic	_	ContainsVariation=No	_	_	_	_	_	_
891-7	PKP125	891	7	n~	n~	_	_	_	_	_	linguistic	_	ContainsVariation=No	Interrupted=Yes	_	_	_	_	_
891-8	PKP125	891	8	[<NEL	nel	_	_	_	_	_	linguistic	_	ContainsVariation=No	Volume=high	_	_	Slow=0-3(0)	_	0-3(144)
891-9	PKP125	891	9	MAGHREB>]	maghreb	_	_	_	_	_	linguistic	_	ContainsVariation=No	Volume=high	End=1886.811	_	Slow=0-7(0)	_	0-7(144)
892-0	PKP130	892	0	[va	va	_	_	_	_	_	linguistic	_	ContainsVariation=No	_	Begin=1885.118	_	_	_	0-2(144)
892-1	PKP130	892	1	beh	beh	_	_	_	_	_	linguistic	_	ContainsVariation=No	_	_	_	_	_	0-3(144)
892-2	PKP130	892	2	però	però	_	_	_	_	_	linguistic	_	ContainsVariation=No	_	_	_	_	_	0-4(144)
892-3	PKP130	892	3	(il	il	_	_	_	_	_	linguistic	_	ContainsVariation=No	_	_	_	_	0-2(0)	0-2(144)
892-4	PKP130	892	4	mali)	mali	_	_	_	_	_	linguistic	_	ContainsVariation=No	_	_	_	_	0-4(0)	0-4(144)
892-5	PKP130	892	5	chiara:]	chiara	_	_	_	_	_	linguistic	_	ContainsVariation=No	_	End=1886.872	5x1	_	_	0-6(144)
893-0	PKP130	893	0	NEL	nel	_	_	_	_	_	linguistic	_	ContainsVariation=No	Volume=high	Begin=1887.703	_	_	_	_
893-1	PKP130	893	1	MAGHRE[B:].	maghreb	_	_	_	_	_	linguistic	_	ContainsVariation=No	Intonation=Falling|Volume=high	End=1888.826	6x1	_	_	6-7(145)
894-0	PKP125	894	0	[chiara]	chiara	_	_	_	_	_	linguistic	_	ContainsVariation=No	_	Begin=1888.375	_	_	_	0-6(145)
894-1	PKP125	894	1	non	non	_	_	_	_	_	linguistic	_	ContainsVariation=No	_	_	_	_	_	_
894-2	PKP125	894	2	è	è	_	_	_	_	_	linguistic	_	ContainsVariation=No	_	_	_	_	_	_
894-3	PKP125	894	3	maghreb	maghreb	_	_	_	_	_	linguistic	_	ContainsVariation=No	_	_	_	_	_	_
894-4	PKP125	894	4	è:	è	_	_	_	_	_	linguistic	_	ContainsVariation=No	_	_	0x1	_	_	_
894-5	PKP125	894	5	subsahariana	subsahariana	_	_	_	_	_	linguistic	_	ContainsVariation=No	_	End=1890.783	_	_	_	_
895-0	PKP130	895	0	EH	eh	_	_	_	_	_	linguistic	_	ContainsVariation=No	Volume=high	Begin=1890.844|End=1891.167	_	_	_	_
896-0	PKP130	896	0	il	il	_	_	_	_	_	linguistic	_	ContainsVariation=No	_	Begin=1891.367	_	_	_	_
896-1	PKP130	896	1	maghreb	maghreb	_	_	_	_	_	linguistic	_	ContainsVariation=No	_	_	_	_	_	_
896-2	PKP130	896	2	proprio	proprio	_	_	_	_	_	linguistic	_	ContainsVariation=No	_	_	_	_	_	_
896-3	PKP130	896	3	ieri	ieri	_	_	_	_	_	linguistic	_	ContainsVariation=No	_	_	_	_	_	_
896-4	PKP130	896	4	stavo	stavo	_	_	_	_	_	linguistic	_	ContainsVariation=No	_	_	_	_	_	_
896-5	PKP130	896	5	leggendo	leggendo	_	_	_	_	_	linguistic	_	ContainsVariation=No	_	_	_	_	_	_
896-6	PKP130	896	6	l'	l'	_	_	_	_	_	linguistic	_	ContainsVariation=No	SpaceAfter=No	_	_	_	_	_
896-7	PKP130	896	7	enigma	enigma	_	_	_	_	_	linguistic	_	ContainsVariation=No	_	_	_	_	_	_
896-8	PKP130	896	8	delle	delle	_	_	_	_	_	linguistic	_	ContainsVariation=No	_	_	_	_	_	_
896-9	PKP130	896	9	donne	donne	_	_	_	_	_	linguistic	_	ContainsVariation=No	_	_	_	_	_	_
896-10	PKP130	896	10	maghreb~	maghreb~	_	_	_	_	_	linguistic	_	ContainsVariation=No	Interrupted=Yes	_	_	_	_	_
896-11	PKP130	896	11	<maghrebine>	maghrebine	_	_	_	_	_	linguistic	_	ContainsVariation=No	_	End=1896.06	_	Slow=0-10(0)	_	_
897-0	PKP130	897	0	che	che	_	_	_	_	_	linguistic	_	ContainsVariation=No	_	Begin=1896.545	_	_	_	_
897-1	PKP130	897	1	praticamente	praticamente	_	_	_	_	_	linguistic	_	ContainsVariation=No	_	_	_	_	_	_
897-2	PKP130	897	2	dice	dice	_	_	_	_	_	linguistic	_	ContainsVariation=No	_	_	_	_	_	_
897-3	PKP130	897	3	che	che	_	_	_	_	_	linguistic	_	ContainsVariation=No	_	_	_	_	_	_
897-4	PKP130	897	4	comunque	comunque	_	_	_	_	_	linguistic	_	ContainsVariation=No	_	_	_	_	_	_
897-5	PKP130	897	5	nonostante	nonostante	_	_	_	_	_	linguistic	_	ContainsVariation=No	_	_	_	_	_	_
897-6	PKP130	897	6	le	le	_	_	_	_	_	linguistic	_	ContainsVariation=No	_	_	_	_	_	_
897-7	PKP130	897	7	cose	cose	_	_	_	_	_	linguistic	_	ContainsVariation=No	_	_	_	_	_	_
897-8	PKP130	897	8	queste	queste	_	_	_	_	_	linguistic	_	ContainsVariation=No	_	_	_	_	_	_
897-9	PKP130	897	9	donne	donne	_	_	_	_	_	linguistic	_	ContainsVariation=No	_	_	_	_	_	_
897-10	PKP130	897	10	comunque	comunque	_	_	_	_	_	linguistic	_	ContainsVariation=No	_	_	_	_	_	_
897-11	PKP130	897	11	continuano	continuano	_	_	_	_	_	linguistic	_	ContainsVariation=No	_	_	_	_	_	_
897-12	PKP130	897	12	a	a	_	_	_	_	_	linguistic	_	ContainsVariation=No	_	_	_	_	_	_
897-13	PKP130	897	13	non	non	_	_	_	_	_	linguistic	_	ContainsVariation=No	_	_	_	_	_	_
897-14	PKP130	897	14	avere:	avere	_	_	_	_	_	linguistic	_	ContainsVariation=No	_	_	4x1	_	_	_
897-15	PKP130	897	15	eguaglianza	eguaglianza	_	_	_	_	_	linguistic	_	ContainsVariation=No	_	_	_	_	_	_
897-16	PKP130	897	16	tra	tra	_	_	_	_	_	linguistic	_	ContainsVariation=No	_	_	_	_	_	_
897-17	PKP130	897	17	uomo	uomo	_	_	_	_	_	linguistic	_	ContainsVariation=No	_	_	_	_	_	_
897-18	PKP130	897	18	e	e	_	_	_	_	_	linguistic	_	ContainsVariation=No	_	_	_	_	_	_
897-19	PKP130	897	19	donna.	donna	_	_	_	_	_	linguistic	_	ContainsVariation=No	Intonation=Falling	End=1903.179	_	_	_	_
898-0	PKP125	898	0	e::h	eh	_	_	_	_	_	linguistic	_	ContainsVariation=No	_	Begin=1901.639|End=1902.316	0x2	_	_	_
899-0	PKP130	899	0	sai	sai	_	_	_	_	_	linguistic	_	ContainsVariation=No	_	Begin=1903.258	_	_	_	_
899-1	PKP130	899	1	tutte	tutte	_	_	_	_	_	linguistic	_	ContainsVariation=No	_	_	_	_	_	_
899-2	PKP130	899	2	queste	queste	_	_	_	_	_	linguistic	_	ContainsVariation=No	_	_	_	_	_	_
899-3	PKP130	899	3	cose	cose	_	_	_	_	_	linguistic	_	ContainsVariation=No	_	_	_	_	_	_
899-4	PKP130	899	4	qua	qua	_	_	_	_	_	linguistic	_	ContainsVariation=No	_	End=1904.412	_	_	_	_
900-0	PKP125	900	0	mica	mica	_	_	_	_	_	linguistic	_	ContainsVariation=No	_	Begin=1905.704	_	_	_	_
900-1	PKP125	900	1	solo	solo	_	_	_	_	_	linguistic	_	ContainsVariation=No	_	_	_	_	_	_
900-2	PKP125	900	2	le	le	_	_	_	_	_	linguistic	_	ContainsVariation=No	_	_	_	_	_	_
900-3	PKP125	900	3	donne	donne	_	_	_	_	_	linguistic	_	ContainsVariation=No	_	_	_	_	_	_
900-4	PKP125	900	4	maghre[bine]	maghrebine	_	_	_	_	_	linguistic	_	ContainsVariation=No	_	End=1907.351	_	_	_	6-10(147)
901-0	PKP130	901	0	[e::h	eh	_	_	_	_	_	linguistic	_	ContainsVariation=No	_	Begin=1906.923	0x2	_	_	0-2(?)
901-1	PKP130	901	1	questo	questo	_	_	_	_	_	linguistic	_	ContainsVariation=No	_	_	_	_	_	0-6(?)
901-2	PKP130	901	2	è]	è	_	_	_	_	_	linguistic	_	ContainsVariation=No	_	End=1908.077	_	_	_	0-1(?)
902-0	PKP125	902	0	[tutte	tutte	_	_	_	_	_	linguistic	_	ContainsVariation=No	_	Begin=1907.674	_	_	_	0-5(148)
902-1	PKP125	902	1	le	le	_	_	_	_	_	linguistic	_	ContainsVariation=No	_	_	_	_	_	0-2(148)
902-2	PKP125	902	2	do]nne	donne	_	_	_	_	_	linguistic	_	ContainsVariation=No	_	_	_	_	_	0-2(148)
902-3	PKP125	902	3	nel	nel	_	_	_	_	_	linguistic	_	ContainsVariation=No	_	_	_	_	_	_
902-4	PKP125	902	4	mo~	mo~	_	_	_	_	_	linguistic	_	ContainsVariation=No	Interrupted=Yes	End=1908.544	_	_	_	_
903-0	PKP130	903	0	poi	poi	_	_	_	_	_	linguistic	_	ContainsVariation=No	_	Begin=1908.758	_	_	_	_
903-1	PKP130	903	1	sono	sono	_	_	_	_	_	linguistic	_	ContainsVariation=No	_	_	_	_	_	_
903-2	PKP130	903	2	passata::	passata	_	_	_	_	_	linguistic	_	ContainsVariation=No	_	_	6x2	_	_	_
903-3	PKP130	903	3	m:h	mh	_	_	_	_	_	linguistic	_	ContainsVariation=No	_	End=1910.573	0x1	_	_	_
904-0	PKP130	904	0	sono	sono	_	_	_	_	_	linguistic	_	ContainsVariation=No	_	Begin=1912.03	_	_	_	_
904-1	PKP130	904	1	passata	passata	_	_	_	_	_	linguistic	_	ContainsVariation=No	_	_	_	_	_	_
904-2	PKP130	904	2	a	a	_	_	_	_	_	linguistic	_	ContainsVariation=No	_	_	_	_	_	_
904-3	PKP130	904	3	che	che	_	_	_	_	_	linguistic	_	ContainsVariation=No	_	_	_	_	_	_
904-4	PKP130	904	4	cosa?	cosa	_	_	_	_	_	linguistic	_	ContainsVariation=No	Intonation=Rising	End=1913.592	_	_	_	_
905-0	PKP130	905	0	°(com'	com'	_	_	_	_	_	linguistic	_	ContainsVariation=No	SpaceAfter=No|Volume=low	Begin=1914.707	_	_	0-4(0)	_
905-1	PKP130	905	1	è	è	_	_	_	_	_	linguistic	_	ContainsVariation=No	Volume=low	_	_	_	0-1(0)	_
905-2	PKP130	905	2	che	che	_	_	_	_	_	linguistic	_	ContainsVariation=No	Volume=low	_	_	_	0-3(0)	_
905-3	PKP130	905	3	è	è	_	_	_	_	_	linguistic	_	ContainsVariation=No	Volume=low	_	_	_	0-1(0)	_
905-4	PKP130	905	4	di	di	_	_	_	_	_	linguistic	_	ContainsVariation=No	Volume=low	_	_	_	0-2(0)	_
905-5	PKP130	905	5	nuovo	nuovo	_	_	_	_	_	linguistic	_	ContainsVariation=No	Volume=low	_	_	_	0-5(0)	_
905-6	PKP130	905	6	sto)	sto	_	_	_	_	_	linguistic	_	ContainsVariation=No	Volume=low	_	_	_	0-3(0)	_
905-7	PKP130	905	7	xx°	xx	_	_	_	_	_	unknown	_	ContainsVariation=No	Volume=low|Syllables=2	End=1915.661	_	_	_	_
906-0	PKP130	906	0	sono	sono	_	_	_	_	_	linguistic	_	ContainsVariation=No	_	Begin=1916.215	_	_	_	_
906-1	PKP130	906	1	passata:	passata	_	_	_	_	_	linguistic	_	ContainsVariation=No	_	_	6x1	_	_	_
906-2	PKP130	906	2	m:h	mh	_	_	_	_	_	linguistic	_	ContainsVariation=No	_	_	0x1	_	_	_
906-3	PKP130	906	3	non	non	_	_	_	_	_	linguistic	_	ContainsVariation=No	_	_	_	_	_	_
906-4	PKP130	906	4	sò	sò	_	_	_	_	_	linguistic	_	ContainsVariation=No	_	_	_	_	_	_
906-5	PKP130	906	5	alle	alle	_	_	_	_	_	linguistic	_	ContainsVariation=No	_	_	_	_	_	_
906-6	PKP130	906	6	donne	donne	_	_	_	_	_	linguistic	_	ContainsVariation=No	_	_	_	_	_	_
906-7	PKP130	906	7	INDIANE.	indiane	_	_	_	_	_	linguistic	_	ContainsVariation=No	Intonation=Falling|Volume=high	End=1918.707	_	_	_	_
907-0	PKP130	907	0	e	e	_	_	_	_	_	linguistic	_	ContainsVariation=No	_	Begin=1919.149	_	_	_	_
907-1	PKP130	907	1	poi	poi	_	_	_	_	_	linguistic	_	ContainsVariation=No	_	_	_	_	_	_
907-2	PKP130	907	2	ora	ora	_	_	_	_	_	linguistic	_	ContainsVariation=No	_	_	_	_	_	_
907-3	PKP130	907	3	sto	sto	_	_	_	_	_	linguistic	_	ContainsVariation=No	_	_	_	_	_	_
907-4	PKP130	907	4	leggendo	leggendo	_	_	_	_	_	linguistic	_	ContainsVariation=No	_	_	_	_	_	_
907-5	PKP130	907	5	queste	queste	_	_	_	_	_	linguistic	_	ContainsVariation=No	_	_	_	_	_	_
907-6	PKP130	907	6	olimpiadi	olimpiadi	_	_	_	_	_	linguistic	_	ContainsVariation=No	_	End=1921.288	_	_	_	_
908-0	PKP125	908	0	ma	ma	_	_	_	_	_	linguistic	_	ContainsVariation=No	_	Begin=1921.484	_	_	_	_
908-1	PKP125	908	1	tu	tu	_	_	_	_	_	linguistic	_	ContainsVariation=No	_	_	_	_	_	_
908-2	PKP125	908	2	l'	l'	_	_	_	_	_	linguistic	_	ContainsVariation=No	SpaceAfter=No	_	_	_	_	_
908-3	PKP125	908	3	hai	hai	_	_	_	_	_	linguistic	_	ContainsVariation=No	_	_	_	_	_	_
908-4	PKP125	908	4	mai	mai	_	_	_	_	_	linguistic	_	ContainsVariation=No	_	_	_	_	_	_
908-5	PKP125	908	5	fatto	fatto	_	_	_	_	_	linguistic	_	ContainsVariation=No	_	_	_	_	_	_
908-6	PKP125	908	6	l'	l'	_	_	_	_	_	linguistic	_	ContainsVariation=No	SpaceAfter=No	_	_	_	_	_
908-7	PKP125	908	7	esame	esame	_	_	_	_	_	linguistic	_	ContainsVariation=No	_	_	_	_	_	_
908-8	PKP125	908	8	con	con	_	_	_	_	_	linguistic	_	ContainsVariation=No	_	_	_	_	_	_
908-9	PKP125	908	9	la	la	_	_	_	_	_	linguistic	_	ContainsVariation=No	_	_	_	_	_	_
908-10	PKP125	908	10	rossi	rossi	_	_	_	_	_	linguistic	_	ContainsVariation=No	_	_	_	_	_	_
908-11	PKP125	908	11	sulle	sulle	_	_	_	_	_	linguistic	_	ContainsVariation=No	_	_	_	_	_	_
908-12	PKP125	908	12	donne	donne	_	_	_	_	_	linguistic	_	ContainsVariation=No	_	_	_	_	_	_
908-13	PKP125	908	13	sull~	sull~	_	_	_	_	_	linguistic	_	ContainsVariation=No	Interrupted=Yes	_	_	_	_	_
908-14	PKP125	908	14	sull'	sull'	_	_	_	_	_	linguistic	_	ContainsVariation=No	SpaceAfter=No	_	_	Slow=3-5(0)	_	_
908-15	PKP125	908	15	<india>?	india	_	_	_	_	_	linguistic	_	ContainsVariation=No	Intonation=Rising	End=1925.145	_	Slow=0-3(0)	_	_
909-0	PKP125	909	0	no:	no	_	_	_	_	_	linguistic	_	ContainsVariation=No	_	Begin=1926.425	1x1	_	_	_
909-1	PKP125	909	1	la	la	_	_	_	_	_	linguistic	_	ContainsVariation=No	_	_	_	_	_	_
909-2	PKP125	909	2	letteratura	letteratura	_	_	_	_	_	linguistic	_	ContainsVariation=No	_	_	_	_	_	_
909-3	PKP125	909	3	indiana	indiana	_	_	_	_	_	linguistic	_	ContainsVariation=No	_	_	_	_	_	_
909-4	PKP125	909	4	non	non	_	_	_	_	_	linguistic	_	ContainsVariation=No	_	_	_	_	_	_
909-5	PKP125	909	5	ve	ve	_	_	_	_	_	linguistic	_	ContainsVariation=No	_	_	_	_	_	_
909-6	PKP125	909	6	l'	l'	_	_	_	_	_	linguistic	_	ContainsVariation=No	SpaceAfter=No	_	_	_	_	_
909-7	PKP125	909	7	ha	ha	_	_	_	_	_	linguistic	_	ContainsVariation=No	_	_	_	_	_	_
909-8	PKP125	909	8	mai	mai	_	_	_	_	_	linguistic	_	ContainsVariation=No	_	_	_	_	_	_
909-9	PKP125	909	9	fatta	fatta	_	_	_	_	_	linguistic	_	ContainsVariation=No	_	_	_	_	_	_
909-10	PKP125	909	10	fa[re]?	fare	_	_	_	_	_	linguistic	_	ContainsVariation=No	Intonation=Rising	End=1928.632	_	_	_	1-4(149)
910-0	PKP130	910	0	[sì:]	sì	_	_	_	_	_	linguistic	_	ContainsVariation=No	_	Begin=1928.447	1x1	_	_	0-2(149)
910-1	PKP130	910	1	l'	l'	_	_	_	_	_	linguistic	_	ContainsVariation=No	SpaceAfter=No	_	_	_	_	_
910-2	PKP130	910	2	ho	ho	_	_	_	_	_	linguistic	_	ContainsVariation=No	_	_	_	_	_	_
910-3	PKP130	910	3	fatto:	fatto	_	_	_	_	_	linguistic	_	ContainsVariation=No	_	End=1929.816	4x1	_	_	_
911-0	PKP125	911	0	[sì]?	sì	_	_	_	_	_	linguistic	_	ContainsVariation=No	Intonation=Rising	Begin=1930.419|End=1930.658	_	_	_	0-2(150)
912-0	PKP130	912	0	[la::]	la	_	_	_	_	_	linguistic	_	ContainsVariation=No	_	Begin=1930.434	1x2	_	_	0-2(150)
912-1	PKP130	912	1	letteratura	letteratura	_	_	_	_	_	linguistic	_	ContainsVariation=No	_	_	_	_	_	_
912-2	PKP130	912	2	anglo-indiana	anglo-indiana	_	_	_	_	_	linguistic	_	ContainsVariation=No	_	_	_	_	_	_
912-3	PKP130	912	3	sì	sì	_	_	_	_	_	linguistic	_	ContainsVariation=No	_	_	_	_	_	_
912-4	PKP130	912	4	l'	l'	_	_	_	_	_	linguistic	_	ContainsVariation=No	SpaceAfter=No	_	_	_	_	_
912-5	PKP130	912	5	ho	ho	_	_	_	_	_	linguistic	_	ContainsVariation=No	_	_	_	_	_	_
912-6	PKP130	912	6	fatto	fatto	_	_	_	_	_	linguistic	_	ContainsVariation=No	_	_	_	_	_	_
912-7	PKP130	912	7	a	a	_	_	_	_	_	linguistic	_	ContainsVariation=No	_	_	_	_	_	_
912-8	PKP130	912	8	giugno	giugno	_	_	_	_	_	linguistic	_	ContainsVariation=No	_	_	_	_	_	_
912-9	PKP130	912	9	del	del	_	_	_	_	_	linguistic	_	ContainsVariation=No	_	_	_	_	_	_
912-10	PKP130	912	10	duemila	duemila	_	_	_	_	_	linguistic	_	ContainsVariation=No	_	_	_	_	_	_
912-11	PKP130	912	11	e	e	_	_	_	_	_	linguistic	_	ContainsVariation=No	_	_	_	_	_	_
912-12	PKP130	912	12	dieci	dieci	_	_	_	_	_	linguistic	_	ContainsVariation=No	_	End=1933.788	_	_	_	_
913-0	PKP130	913	0	con:	con	_	_	_	_	_	linguistic	_	ContainsVariation=No	_	Begin=1933.961	2x1	_	_	_
913-1	PKP130	913	1	i	i	_	_	_	_	_	linguistic	_	ContainsVariation=No	_	_	_	_	_	_
913-2	PKP130	913	2	libri	libri	_	_	_	_	_	linguistic	_	ContainsVariation=No	_	_	_	_	_	_
913-3	PKP130	913	3	che	che	_	_	_	_	_	linguistic	_	ContainsVariation=No	_	_	_	_	_	_
913-4	PKP130	913	4	prestai	prestai	_	_	_	_	_	linguistic	_	ContainsVariation=No	_	_	_	_	_	_
913-5	PKP130	913	5	pure	pure	_	_	_	_	_	linguistic	_	ContainsVariation=No	_	_	_	_	_	_
913-6	PKP130	913	6	a	a	_	_	_	_	_	linguistic	_	ContainsVariation=No	_	_	_	_	_	_
913-7	PKP130	913	7	<MATTEO>	matteo	_	_	_	_	_	linguistic	_	ContainsVariation=No	Volume=high	End=1936.069	_	Slow=0-6(0)	_	_
914-0	PKP125	914	0	[ah	ah	_	_	_	_	_	linguistic	_	ContainsVariation=No	_	Begin=1936.126	_	_	_	0-2(151)
914-1	PKP125	914	1	sì]	sì	_	_	_	_	_	linguistic	_	ContainsVariation=No	_	End=1936.511	_	_	_	0-2(151)
915-0	PKP130	915	0	che	che	_	_	_	_	_	linguistic	_	ContainsVariation=No	_	Begin=1936.137	_	_	_	_
915-1	PKP130	915	1	voleva	voleva	_	_	_	_	_	linguistic	_	ContainsVariation=No	_	_	_	_	_	_
915-2	PKP130	915	2	pure	pure	_	_	_	_	_	linguistic	_	ContainsVariation=No	_	_	_	_	_	_
915-3	PKP130	915	3	<matteo>	matteo	_	_	_	_	_	linguistic	_	ContainsVariation=No	_	_	_	Slow=0-6(0)	_	_
915-4	PKP130	915	4	the	the	_	_	_	_	_	linguistic	_	ContainsVariation=No	_	_	_	_	_	_
915-5	PKP130	915	5	inheritance	inheritance	_	_	_	_	_	linguistic	_	ContainsVariation=No	_	_	_	_	_	_
915-6	PKP130	915	6	of	of	_	_	_	_	_	linguistic	_	ContainsVariation=No	_	_	_	_	_	_
915-7	PKP130	915	7	loss	loss	_	_	_	_	_	linguistic	_	ContainsVariation=No	_	_	_	_	_	_
915-8	PKP130	915	8	white	white	_	_	_	_	_	linguistic	_	ContainsVariation=No	_	_	_	_	_	_
915-9	PKP130	915	9	tiger.	tiger	_	_	_	_	_	linguistic	_	ContainsVariation=No	Intonation=Falling	End=1939.391	_	_	_	_
916-0	PKP125	916	0	m:h	mh	_	_	_	_	_	linguistic	_	ContainsVariation=No	_	Begin=1939.937|End=1940.245	0x1	_	_	_
917-0	PKP130	917	0	e	e	_	_	_	_	_	linguistic	_	ContainsVariation=No	_	Begin=1940.372	_	_	_	_
917-1	PKP130	917	1	po'	po'	_	_	_	_	_	linguistic	_	ContainsVariation=No	_	_	_	_	_	_
917-2	PKP130	917	2	tutto	tutto	_	_	_	_	_	linguistic	_	ContainsVariation=No	_	_	_	_	_	_
917-3	PKP130	917	3	il	il	_	_	_	_	_	linguistic	_	ContainsVariation=No	_	_	_	_	_	_
917-4	PKP130	917	4	libro	libro	_	_	_	_	_	linguistic	_	ContainsVariation=No	_	_	_	_	_	_
917-5	PKP130	917	5	un	un	_	_	_	_	_	linguistic	_	ContainsVariation=No	_	_	_	_	_	_
917-6	PKP130	917	6	libro	libro	_	_	_	_	_	linguistic	_	ContainsVariation=No	_	_	_	_	_	_
917-7	PKP130	917	7	di	di	_	_	_	_	_	linguistic	_	ContainsVariation=No	_	_	_	_	_	_
917-8	PKP130	917	8	em:h	emh	_	_	_	_	_	linguistic	_	ContainsVariation=No	_	_	1x1	_	_	_
917-9	PKP130	917	9	praticamente::	praticamente	_	_	_	_	_	linguistic	_	ContainsVariation=No	_	End=1943.964	11x2	_	_	_
918-0	PKP130	918	0	un	un	_	_	_	_	_	linguistic	_	ContainsVariation=No	_	Begin=1944.433	_	_	_	_
918-1	PKP130	918	1	libro	libro	_	_	_	_	_	linguistic	_	ContainsVariation=No	_	_	_	_	_	_
918-2	PKP130	918	2	di:	di	_	_	_	_	_	linguistic	_	ContainsVariation=No	_	_	1x1	_	_	_
918-3	PKP130	918	3	cultura	cultura	_	_	_	_	_	linguistic	_	ContainsVariation=No	_	_	_	_	_	_
918-4	PKP130	918	4	C'	c'	_	_	_	_	_	linguistic	_	ContainsVariation=No	Truncated=Yes|Volume=high	_	_	_	_	_
918-5	PKP130	918	5	È	è	_	_	_	_	_	linguistic	_	ContainsVariation=No	Volume=high	_	_	_	_	_
918-6	PKP130	918	6	NO	no	_	_	_	_	_	linguistic	_	ContainsVariation=No	Volume=high	_	_	_	_	_
918-7	PKP130	918	7	di	di	_	_	_	_	_	linguistic	_	ContainsVariation=No	_	_	_	_	_	_
918-8	PKP130	918	8	cultura	cultura	_	_	_	_	_	linguistic	_	ContainsVariation=No	_	_	_	_	_	_
918-9	PKP130	918	9	un	un	_	_	_	_	_	linguistic	_	ContainsVariation=No	_	_	_	_	_	_
918-10	PKP130	918	10	libro	libro	_	_	_	_	_	linguistic	_	ContainsVariation=No	_	_	_	_	_	_
918-11	PKP130	918	11	di	di	_	_	_	_	_	linguistic	_	ContainsVariation=No	_	_	_	_	_	_
918-12	PKP130	918	12	<STORIA>.	storia	_	_	_	_	_	linguistic	_	ContainsVariation=No	Intonation=Falling|Volume=high	End=1947.887	_	Slow=0-6(0)	_	_
919-0	PKP130	919	0	questo	questo	_	_	_	_	_	linguistic	_	ContainsVariation=No	_	Begin=1948.225	_	_	_	_
919-1	PKP130	919	1	libro	libro	_	_	_	_	_	linguistic	_	ContainsVariation=No	_	_	_	_	_	_
919-2	PKP130	919	2	di	di	_	_	_	_	_	linguistic	_	ContainsVariation=No	_	_	_	_	_	_
919-3	PKP130	919	3	storia::	storia	_	_	_	_	_	linguistic	_	ContainsVariation=No	_	_	5x2	_	_	_
919-4	PKP130	919	4	m::h.	mh	_	_	_	_	_	linguistic	_	ContainsVariation=No	Intonation=Falling	End=1950.587	0x2	_	_	_
920-0	PKP130	920	0	questo	questo	_	_	_	_	_	linguistic	_	ContainsVariation=No	_	Begin=1952.31	_	_	_	_
920-1	PKP130	920	1	libro	libro	_	_	_	_	_	linguistic	_	ContainsVariation=No	_	_	_	_	_	_
920-2	PKP130	920	2	di	di	_	_	_	_	_	linguistic	_	ContainsVariation=No	_	_	_	_	_	_
920-3	PKP130	920	3	storia::	storia	_	_	_	_	_	linguistic	_	ContainsVariation=No	_	_	5x2	_	_	_
920-4	PKP130	920	4	m:h	mh	_	_	_	_	_	linguistic	_	ContainsVariation=No	_	End=1954.225	0x1	_	_	_
921-0	PKP130	921	0	che	che	_	_	_	_	_	linguistic	_	ContainsVariation=No	_	Begin=1954.968	_	_	_	_
921-1	PKP130	921	1	parla	parla	_	_	_	_	_	linguistic	_	ContainsVariation=No	_	_	_	_	_	_
921-2	PKP130	921	2	di	di	_	_	_	_	_	linguistic	_	ContainsVariation=No	_	_	_	_	_	_
921-3	PKP130	921	3	tutta	tutta	_	_	_	_	_	linguistic	_	ContainsVariation=No	_	_	_	_	_	_
921-4	PKP130	921	4	la:	la	_	_	_	_	_	linguistic	_	ContainsVariation=No	_	_	1x1	_	_	_
921-5	PKP130	921	5	c'	c'	_	_	_	_	_	linguistic	_	ContainsVariation=No	SpaceAfter=No	_	_	_	_	_
921-6	PKP130	921	6	è	è	_	_	_	_	_	linguistic	_	ContainsVariation=No	_	_	_	_	_	_
921-7	PKP130	921	7	praticamente	praticamente	_	_	_	_	_	linguistic	_	ContainsVariation=No	_	_	_	_	_	_
921-8	PKP130	921	8	la	la	_	_	_	_	_	linguistic	_	ContainsVariation=No	_	_	_	_	_	_
921-9	PKP130	921	9	storia	storia	_	_	_	_	_	linguistic	_	ContainsVariation=No	PauseAfter=Yes	_	_	_	_	_
921-10	PKP130	921	10	(.)	(.)	_	_	_	_	_	shortpause	_	ContainsVariation=No	_	_	_	_	_	_
921-11	PKP130	921	11	coloniale	coloniale	_	_	_	_	_	linguistic	_	ContainsVariation=No	PauseAfter=Yes	_	_	_	_	_
921-12	PKP130	921	12	(.)	(.)	_	_	_	_	_	shortpause	_	ContainsVariation=No	_	_	_	_	_	_
921-13	PKP130	921	13	inglese	inglese	_	_	_	_	_	linguistic	_	ContainsVariation=No	_	_	_	_	_	_
921-14	PKP130	921	14	e:h	eh	_	_	_	_	_	linguistic	_	ContainsVariation=No	_	_	0x1	_	_	_
921-15	PKP130	921	15	m::h	mh	_	_	_	_	_	linguistic	_	ContainsVariation=No	_	_	0x2	_	_	_
921-16	PKP130	921	16	britannica	britannica	_	_	_	_	_	linguistic	_	ContainsVariation=No	_	_	_	_	_	_
921-17	PKP130	921	17	in	in	_	_	_	_	_	linguistic	_	ContainsVariation=No	_	_	_	_	_	_
921-18	PKP130	921	18	africa	africa	_	_	_	_	_	linguistic	_	ContainsVariation=No	_	_	_	_	_	_
921-19	PKP130	921	19	jà	jà	_	_	_	_	_	linguistic	_	ContainsVariation=No	_	End=1961.185	_	_	_	_
922-0	PKP130	922	0	com'	com'	_	_	_	_	_	linguistic	_	ContainsVariation=No	SpaceAfter=No	Begin=1961.264	_	_	_	_
922-1	PKP130	922	1	è	è	_	_	_	_	_	linguistic	_	ContainsVariation=No	_	_	_	_	_	_
922-2	PKP130	922	2	partita	partita	_	_	_	_	_	linguistic	_	ContainsVariation=No	_	_	_	_	_	_
922-3	PKP130	922	3	com'	com'	_	_	_	_	_	linguistic	_	ContainsVariation=No	SpaceAfter=No	_	_	_	_	_
922-4	PKP130	922	4	è	è	_	_	_	_	_	linguistic	_	ContainsVariation=No	_	_	_	_	_	_
922-5	PKP130	922	5	cominciata	cominciata	_	_	_	_	_	linguistic	_	ContainsVariation=No	_	_	_	_	_	_
922-6	PKP130	922	6	e	e	_	_	_	_	_	linguistic	_	ContainsVariation=No	_	_	_	_	_	_
922-7	PKP130	922	7	così	così	_	_	_	_	_	linguistic	_	ContainsVariation=No	_	_	_	_	_	_
922-8	PKP130	922	8	via	via	_	_	_	_	_	linguistic	_	ContainsVariation=No	_	End=1963.541	_	_	_	_
923-0	PKP125	923	0	m:h	mh	_	_	_	_	_	linguistic	_	ContainsVariation=No	_	Begin=1964.075|End=1964.521	0x1	_	_	_
924-0	PKP130	924	0	(capì?)	capì	_	_	_	_	_	linguistic	_	ContainsVariation=No	Intonation=Rising	Begin=1966.409|End=1966.748	_	_	0-4(0)	_
925-0	PKP125	925	0	m:h	mh	_	_	_	_	_	linguistic	_	ContainsVariation=No	_	Begin=1966.92|End=1967.22	0x1	_	_	_
926-0	PKP130	926	0	e	e	_	_	_	_	_	linguistic	_	ContainsVariation=No	_	Begin=1967.328	_	_	_	_
926-1	PKP130	926	1	tutto	tutto	_	_	_	_	_	linguistic	_	ContainsVariation=No	_	_	_	_	_	_
926-2	PKP130	926	2	questo	questo	_	_	_	_	_	linguistic	_	ContainsVariation=No	_	_	_	_	_	_
926-3	PKP130	926	3	ebbi	ebbi	_	_	_	_	_	linguistic	_	ContainsVariation=No	_	_	_	_	_	_
926-4	PKP130	926	4	TRENTA	trenta	_	_	_	_	_	linguistic	_	ContainsVariation=No	Volume=high	_	_	_	_	_
926-5	PKP130	926	5	o	o	_	_	_	_	_	linguistic	_	ContainsVariation=No	_	_	_	_	_	_
926-6	PKP130	926	6	trenta	trenta	_	_	_	_	_	linguistic	_	ContainsVariation=No	_	_	_	_	_	_
926-7	PKP130	926	7	e	e	_	_	_	_	_	linguistic	_	ContainsVariation=No	_	_	_	_	_	_
926-8	PKP130	926	8	lode	lode	_	_	_	_	_	linguistic	_	ContainsVariation=No	_	_	_	_	_	_
926-9	PKP130	926	9	no	no	_	_	_	_	_	linguistic	_	ContainsVariation=No	_	_	_	_	_	_
926-10	PKP130	926	10	trenta	trenta	_	_	_	_	_	linguistic	_	ContainsVariation=No	_	_	_	_	_	_
926-11	PKP130	926	11	[lo	lo	_	_	_	_	_	linguistic	_	ContainsVariation=No	_	_	_	_	_	0-2(152)
926-12	PKP130	926	12	feci]	feci	_	_	_	_	_	linguistic	_	ContainsVariation=No	_	_	_	_	_	0-4(152)
926-13	PKP130	926	13	a	a	_	_	_	_	_	linguistic	_	ContainsVariation=No	_	_	_	_	_	_
926-14	PKP130	926	14	giugno	giugno	_	_	_	_	_	linguistic	_	ContainsVariation=No	_	_	_	_	_	_
926-15	PKP130	926	15	lo	lo	_	_	_	_	_	linguistic	_	ContainsVariation=No	_	_	_	_	_	_
926-16	PKP130	926	16	feci	feci	_	_	_	_	_	linguistic	_	ContainsVariation=No	_	_	_	_	_	_
926-17	PKP130	926	17	IL	il	_	_	_	_	_	linguistic	_	ContainsVariation=No	Volume=high	_	_	_	_	_
926-18	PKP130	926	18	GIORNO	giorno	_	_	_	_	_	linguistic	_	ContainsVariation=No	Volume=high	_	_	_	_	_
926-19	PKP130	926	19	PRIMA	prima	_	_	_	_	_	linguistic	_	ContainsVariation=No	Volume=high	_	_	_	_	_
926-20	PKP130	926	20	DEL	del	_	_	_	_	_	linguistic	_	ContainsVariation=No	Volume=high	_	_	_	_	_
926-21	PKP130	926	21	MATIRMONIO	matirmonio	_	_	_	_	_	linguistic	_	ContainsVariation=No	Volume=high	_	_	_	_	_
926-22	PKP130	926	22	DI	di	_	_	_	_	_	linguistic	_	ContainsVariation=No	Volume=high	_	_	_	_	_
926-23	PKP130	926	23	ANTONIETTA	antonietta	_	_	_	_	_	linguistic	_	ContainsVariation=No	Volume=high	End=1973.32	_	_	_	_
927-0	PKP125	927	0	[ma]	ma	_	_	_	_	_	linguistic	_	ContainsVariation=No	_	Begin=1970.335|End=1970.597	_	_	_	0-2(152)
928-0	PKP130	928	0	che	che	_	_	_	_	_	linguistic	_	ContainsVariation=No	_	Begin=1973.844	_	_	_	_
928-1	PKP130	928	1	MAMMA	mamma	_	_	_	_	_	linguistic	_	ContainsVariation=No	Volume=high	_	_	_	_	_
928-2	PKP130	928	2	venne	venne	_	_	_	_	_	linguistic	_	ContainsVariation=No	_	_	_	_	_	_
928-3	PKP130	928	3	con	con	_	_	_	_	_	linguistic	_	ContainsVariation=No	_	_	_	_	_	_
928-4	PKP130	928	4	ME:	me	_	_	_	_	_	linguistic	_	ContainsVariation=No	Volume=high	_	1x1	_	_	_
928-5	PKP130	928	5	ci	ci	_	_	_	_	_	linguistic	_	ContainsVariation=No	_	_	_	_	_	_
928-6	PKP130	928	6	andammo	andammo	_	_	_	_	_	linguistic	_	ContainsVariation=No	_	_	_	_	_	_
928-7	PKP130	928	7	a	a	_	_	_	_	_	linguistic	_	ContainsVariation=No	_	_	_	_	_	_
928-8	PKP130	928	8	mangiare	mangiare	_	_	_	_	_	linguistic	_	ContainsVariation=No	_	_	_	_	_	_
928-9	PKP130	928	9	una	una	_	_	_	_	_	linguistic	_	ContainsVariation=No	_	_	_	_	_	_
928-10	PKP130	928	10	pizza	pizza	_	_	_	_	_	linguistic	_	ContainsVariation=No	_	_	_	_	_	_
928-11	PKP130	928	11	a	a	_	_	_	_	_	linguistic	_	ContainsVariation=No	_	_	_	_	_	_
928-12	PKP130	928	12	NAPOLI.	napoli	_	_	_	_	_	linguistic	_	ContainsVariation=No	Intonation=Falling|Volume=high	End=1977.344	_	_	_	_
929-0	PKP130	929	0	e	e	_	_	_	_	_	linguistic	_	ContainsVariation=No	_	Begin=1977.867	_	_	_	_
929-1	PKP130	929	1	e::hm	ehm	_	_	_	_	_	linguistic	_	ContainsVariation=No	_	_	0x2	_	_	_
929-2	PKP130	929	2	e	e	_	_	_	_	_	linguistic	_	ContainsVariation=No	_	_	_	_	_	_
929-3	PKP130	929	3	poi	poi	_	_	_	_	_	linguistic	_	ContainsVariation=No	_	_	_	_	_	_
929-4	PKP130	929	4	ritirammo	ritirammo	_	_	_	_	_	linguistic	_	ContainsVariation=No	_	_	_	_	_	_
929-5	PKP130	929	5	i	i	_	_	_	_	_	linguistic	_	ContainsVariation=No	_	_	_	_	_	_
929-6	PKP130	929	6	<vestiti>	vestiti	_	_	_	_	_	linguistic	_	ContainsVariation=No	_	End=1980.398	_	Slow=0-7(0)	_	_
930-0	PKP130	930	0	era	era	_	_	_	_	_	linguistic	_	ContainsVariation=No	_	Begin=1980.805	_	_	_	_
930-1	PKP130	930	1	tipo	tipo	_	_	_	_	_	linguistic	_	ContainsVariation=No	_	_	_	_	_	_
930-2	PKP130	930	2	il	il	_	_	_	_	_	linguistic	_	ContainsVariation=No	_	_	_	_	_	_
930-3	PKP130	930	3	nove	nove	_	_	_	_	_	linguistic	_	ContainsVariation=No	_	_	_	_	_	_
930-4	PKP130	930	4	dieci	dieci	_	_	_	_	_	linguistic	_	ContainsVariation=No	_	_	_	_	_	_
930-5	PKP130	930	5	giugno	giugno	_	_	_	_	_	linguistic	_	ContainsVariation=No	_	_	_	_	_	_
930-6	PKP130	930	6	antonietta	antonietta	_	_	_	_	_	linguistic	_	ContainsVariation=No	_	_	_	_	_	_
930-7	PKP130	930	7	si	si	_	_	_	_	_	linguistic	_	ContainsVariation=No	_	_	_	_	_	_
930-8	PKP130	930	8	è	è	_	_	_	_	_	linguistic	_	ContainsVariation=No	_	_	_	_	_	_
930-9	PKP130	930	9	sposata	sposata	_	_	_	_	_	linguistic	_	ContainsVariation=No	_	_	_	_	_	_
930-10	PKP130	930	10	poi	poi	_	_	_	_	_	linguistic	_	ContainsVariation=No	_	_	_	_	_	_
930-11	PKP130	930	11	l'	l'	_	_	_	_	_	linguistic	_	ContainsVariation=No	SpaceAfter=No	_	_	_	_	_
930-12	PKP130	930	12	undici	undici	_	_	_	_	_	linguistic	_	ContainsVariation=No	_	End=1984.128	_	_	_	_
931-0	PKP130	931	0	m:h	mh	_	_	_	_	_	linguistic	_	ContainsVariation=No	_	Begin=1984.5|End=1984.739	0x1	_	_	_
932-0	PKP130	932	0	infatti	infatti	_	_	_	_	_	linguistic	_	ContainsVariation=No	_	Begin=1984.969	_	_	_	_
932-1	PKP130	932	1	ritirammo	ritirammo	_	_	_	_	_	linguistic	_	ContainsVariation=No	_	_	_	_	_	_
932-2	PKP130	932	2	i	i	_	_	_	_	_	linguistic	_	ContainsVariation=No	_	_	_	_	_	_
932-3	PKP130	932	3	vestiti	vestiti	_	_	_	_	_	linguistic	_	ContainsVariation=No	_	_	_	_	_	_
932-4	PKP130	932	4	il	il	_	_	_	_	_	linguistic	_	ContainsVariation=No	_	_	_	_	_	_
932-5	PKP130	932	5	giorno	giorno	_	_	_	_	_	linguistic	_	ContainsVariation=No	_	_	_	_	_	_
932-6	PKP130	932	6	stesso	stesso	_	_	_	_	_	linguistic	_	ContainsVariation=No	_	End=1987.184	_	_	_	_
933-0	PKP125	933	0	ma	ma	_	_	_	_	_	linguistic	_	ContainsVariation=No	_	Begin=1987.361	_	_	_	_
933-1	PKP125	933	1	lei	lei	_	_	_	_	_	linguistic	_	ContainsVariation=No	_	_	_	_	_	_
933-2	PKP125	933	2	è	è	_	_	_	_	_	linguistic	_	ContainsVariation=No	_	_	_	_	_	_
933-3	PKP125	933	3	brava	brava	_	_	_	_	_	linguistic	_	ContainsVariation=No	_	_	_	_	_	_
933-4	PKP125	933	4	agli	agli	_	_	_	_	_	linguistic	_	ContainsVariation=No	_	_	_	_	_	_
933-5	PKP125	933	5	esami	esami	_	_	_	_	_	linguistic	_	ContainsVariation=No	_	_	_	_	_	_
933-6	PKP125	933	6	mette	mette	_	_	_	_	_	linguistic	_	ContainsVariation=No	_	_	_	_	_	_
933-7	PKP125	933	7	sempre	sempre	_	_	_	_	_	linguistic	_	ContainsVariation=No	_	_	_	_	_	_
933-8	PKP125	933	8	voti	voti	_	_	_	_	_	linguistic	_	ContainsVariation=No	_	_	_	_	_	_
933-9	PKP125	933	9	al[ti]	alti	_	_	_	_	_	linguistic	_	ContainsVariation=No	_	End=1989.761	_	_	_	2-4(153)
934-0	PKP130	934	0	[sì:]	sì	_	_	_	_	_	linguistic	_	ContainsVariation=No	_	Begin=1989.753|End=1989.96	1x1	_	_	0-2(154)
935-0	PKP125	935	0	[pu]re	pure	_	_	_	_	_	linguistic	_	ContainsVariation=No	_	Begin=1989.945	_	_	_	0-2(154)
935-1	PKP125	935	1	matteo:	matteo	_	_	_	_	_	linguistic	_	ContainsVariation=No	_	_	5x1	_	_	_
935-2	PKP125	935	2	matteo	matteo	_	_	_	_	_	linguistic	_	ContainsVariation=No	_	_	_	_	_	_
935-3	PKP125	935	3	non	non	_	_	_	_	_	linguistic	_	ContainsVariation=No	_	_	_	_	_	_
935-4	PKP125	935	4	studiava	studiava	_	_	_	_	_	linguistic	_	ContainsVariation=No	_	_	_	_	_	_
935-5	PKP125	935	5	manco	manco	_	_	_	_	_	linguistic	_	ContainsVariation=No	_	End=1991.93	_	_	_	_
936-0	PKP130	936	0	e:h	eh	_	_	_	_	_	linguistic	_	ContainsVariation=No	_	Begin=1991.979	0x1	_	_	_
936-1	PKP130	936	1	me	me	_	_	_	_	_	linguistic	_	ContainsVariation=No	_	_	_	_	_	_
936-2	PKP130	936	2	lo	lo	_	_	_	_	_	linguistic	_	ContainsVariation=No	_	_	_	_	_	_
936-3	PKP130	936	3	disse	disse	_	_	_	_	_	linguistic	_	ContainsVariation=No	_	_	_	_	_	_
936-4	PKP130	936	4	[matteo	matteo	_	_	_	_	_	linguistic	_	ContainsVariation=No	_	_	_	_	_	0-6(155)
936-5	PKP130	936	5	no	no	_	_	_	_	_	linguistic	_	ContainsVariation=No	_	_	_	_	_	0-2(155)
936-6	PKP130	936	6	io]	io	_	_	_	_	_	linguistic	_	ContainsVariation=No	_	_	_	_	_	0-2(155)
936-7	PKP130	936	7	studiavo	studiavo	_	_	_	_	_	linguistic	_	ContainsVariation=No	_	End=1994.156	_	_	_	_
937-0	PKP125	937	0	[leggeva	leggeva	_	_	_	_	_	linguistic	_	ContainsVariation=No	_	Begin=1992.878	_	_	_	0-7(155)
937-1	PKP125	937	1	i	i	_	_	_	_	_	linguistic	_	ContainsVariation=No	_	_	_	_	_	0-1(155)
937-2	PKP125	937	2	libri]	libri	_	_	_	_	_	linguistic	_	ContainsVariation=No	_	End=1993.701	_	_	_	0-5(155)
938-0	PKP130	938	0	ma	ma	_	_	_	_	_	linguistic	_	ContainsVariation=No	_	Begin=1994.285	_	_	_	_
938-1	PKP130	938	1	quella	quella	_	_	_	_	_	linguistic	_	ContainsVariation=No	_	_	_	_	_	_
938-2	PKP130	938	2	la	la	_	_	_	_	_	linguistic	_	ContainsVariation=No	_	_	_	_	_	_
938-3	PKP130	938	3	figlia	figlia	_	_	_	_	_	linguistic	_	ContainsVariation=No	_	_	_	_	_	_
938-4	PKP130	938	4	lo	lo	_	_	_	_	_	linguistic	_	ContainsVariation=No	_	_	_	_	_	_
938-5	PKP130	938	5	sai	sai	_	_	_	_	_	linguistic	_	ContainsVariation=No	_	_	_	_	_	_
938-6	PKP130	938	6	sta	sta	_	_	_	_	_	linguistic	_	ContainsVariation=No	_	_	_	_	_	_
938-7	PKP130	938	7	facendo	facendo	_	_	_	_	_	linguistic	_	ContainsVariation=No	_	_	_	_	_	_
938-8	PKP130	938	8	il	il	_	_	_	_	_	linguistic	_	ContainsVariation=No	_	_	_	_	_	_
938-9	PKP130	938	9	dottorato?	dottorato	_	_	_	_	_	linguistic	_	ContainsVariation=No	Intonation=Rising	End=1996.139	_	_	_	_
939-0	PKP130	939	0	m:h	mh	_	_	_	_	_	linguistic	_	ContainsVariation=No	_	Begin=1996.362	0x1	_	_	_
939-1	PKP130	939	1	eh	eh	_	_	_	_	_	linguistic	_	ContainsVariation=No	_	End=1996.87	_	_	_	_
940-0	PKP130	940	0	e	e	_	_	_	_	_	linguistic	_	ContainsVariation=No	_	Begin=1997.243	_	_	_	_
940-1	PKP130	940	1	il	il	_	_	_	_	_	linguistic	_	ContainsVariation=No	_	_	_	_	_	_
940-2	PKP130	940	2	dottorato	dottorato	_	_	_	_	_	linguistic	_	ContainsVariation=No	_	_	_	_	_	_
940-3	PKP130	940	3	mi	mi	_	_	_	_	_	linguistic	_	ContainsVariation=No	_	_	_	_	_	_
940-4	PKP130	940	4	pare	pare	_	_	_	_	_	linguistic	_	ContainsVariation=No	_	_	_	_	_	_
940-5	PKP130	940	5	che	che	_	_	_	_	_	linguistic	_	ContainsVariation=No	_	_	_	_	_	_
940-6	PKP130	940	6	l'	l'	_	_	_	_	_	linguistic	_	ContainsVariation=No	SpaceAfter=No	_	_	_	_	_
940-7	PKP130	940	7	abbia	abbia	_	_	_	_	_	linguistic	_	ContainsVariation=No	_	_	_	_	_	_
940-8	PKP130	940	8	pure	pure	_	_	_	_	_	linguistic	_	ContainsVariation=No	_	_	_	_	_	_
940-9	PKP130	940	9	finito	finito	_	_	_	_	_	linguistic	_	ContainsVariation=No	_	_	_	_	_	_
940-10	PKP130	940	10	angelica	angelica	_	_	_	_	_	linguistic	_	ContainsVariation=No	_	_	_	_	_	_
940-11	PKP130	940	11	si	si	_	_	_	_	_	linguistic	_	ContainsVariation=No	_	_	_	_	_	_
940-12	PKP130	940	12	chiama	chiama	_	_	_	_	_	linguistic	_	ContainsVariation=No	_	_	_	_	_	_
940-13	PKP130	940	13	la	la	_	_	_	_	_	linguistic	_	ContainsVariation=No	_	_	_	_	_	_
940-14	PKP130	940	14	figlia	figlia	_	_	_	_	_	linguistic	_	ContainsVariation=No	_	End=2000.566	_	_	_	_
941-0	PKP130	941	0	xxx	xxx	_	_	_	_	_	unknown	_	ContainsVariation=No	Syllables=3	Begin=2001.277	_	_	_	_
941-1	PKP130	941	1	l'	l'	_	_	_	_	_	linguistic	_	ContainsVariation=No	SpaceAfter=No	_	_	_	_	_
941-2	PKP130	941	2	ha	ha	_	_	_	_	_	linguistic	_	ContainsVariation=No	_	_	_	_	_	_
941-3	PKP130	941	3	fatto	fatto	_	_	_	_	_	linguistic	_	ContainsVariation=No	_	_	_	_	_	_
941-4	PKP130	941	4	su	su	_	_	_	_	_	linguistic	_	ContainsVariation=No	_	_	_	_	_	_
941-5	PKP130	941	5	un	un	_	_	_	_	_	linguistic	_	ContainsVariation=No	_	_	_	_	_	_
941-6	PKP130	941	6	campo::	campo	_	_	_	_	_	linguistic	_	ContainsVariation=No	_	End=2002.846	4x2	_	_	_
942-0	PKP130	942	0	vabbè	vabbè	_	_	_	_	_	linguistic	_	ContainsVariation=No	PauseAfter=Yes	Begin=2002.988	_	_	_	_
942-1	PKP130	942	1	(.)	(.)	_	_	_	_	_	shortpause	_	ContainsVariation=No	_	_	_	_	_	_
942-2	PKP130	942	2	co(n)	con	_	_	_	_	_	linguistic	_	ContainsVariation=No	_	_	_	_	2-3(0)	_
942-3	PKP130	942	3	una	una	_	_	_	_	_	linguistic	_	ContainsVariation=No	_	_	_	_	_	_
942-4	PKP130	942	4	mamma	mamma	_	_	_	_	_	linguistic	_	ContainsVariation=No	_	_	_	_	_	_
942-5	PKP130	942	5	del	del	_	_	_	_	_	linguistic	_	ContainsVariation=No	_	_	_	_	_	_
942-6	PKP130	942	6	gene[re]	genere	_	_	_	_	_	linguistic	_	ContainsVariation=No	_	End=2004.426	_	_	_	4-6(156)
943-0	PKP125	943	0	[ma]	ma	_	_	_	_	_	linguistic	_	ContainsVariation=No	_	Begin=2004.318	_	_	_	0-2(?)
943-1	PKP125	943	1	sempre	sempre	_	_	_	_	_	linguistic	_	ContainsVariation=No	_	_	_	_	_	_
943-2	PKP125	943	2	in	in	_	_	_	_	_	linguistic	_	ContainsVariation=No	_	_	_	_	_	_
943-3	PKP125	943	3	letteratu~	letteratu~	_	_	_	_	_	linguistic	_	ContainsVariation=No	Interrupted=Yes	_	_	_	_	_
943-4	PKP125	943	4	sempre:	sempre	_	_	_	_	_	linguistic	_	ContainsVariation=No	_	_	5x1	_	_	_
943-5	PKP125	943	5	in	in	_	_	_	_	_	linguistic	_	ContainsVariation=No	_	_	_	_	_	_
943-6	PKP125	943	6	inglese	inglese	_	_	_	_	_	linguistic	_	ContainsVariation=No	_	_	_	_	_	_
943-7	PKP125	943	7	xxxxx	xxxxx	_	_	_	_	_	unknown	_	ContainsVariation=No	Syllables=5	End=2006.788	_	_	_	_
944-0	PKP130	944	0	[sì]	sì	_	_	_	_	_	linguistic	_	ContainsVariation=No	_	Begin=2005.187|End=2005.572	_	_	_	0-2(157)
945-0	PKP130	945	0	[sempre	sempre	_	_	_	_	_	linguistic	_	ContainsVariation=No	_	Begin=2005.829	_	_	_	0-6(158)
945-1	PKP130	945	1	letteratura]	letteratura	_	_	_	_	_	linguistic	_	ContainsVariation=No	_	_	_	_	_	0-11(158)
945-2	PKP130	945	2	sì	sì	_	_	_	_	_	linguistic	_	ContainsVariation=No	_	_	_	_	_	_
945-3	PKP130	945	3	sì	sì	_	_	_	_	_	linguistic	_	ContainsVariation=No	_	_	_	_	_	_
945-4	PKP130	945	4	sì	sì	_	_	_	_	_	linguistic	_	ContainsVariation=No	_	End=2007.625	_	_	_	_
946-0	PKP125	946	0	chissà	chissà	_	_	_	_	_	linguistic	_	ContainsVariation=No	_	Begin=2007.702	_	_	_	_
946-1	PKP125	946	1	dove	dove	_	_	_	_	_	linguistic	_	ContainsVariation=No	_	_	_	_	_	_
946-2	PKP125	946	2	ha	ha	_	_	_	_	_	linguistic	_	ContainsVariation=No	_	_	_	_	_	_
946-3	PKP125	946	3	studiato	studiato	_	_	_	_	_	linguistic	_	ContainsVariation=No	_	_	_	_	_	_
946-4	PKP125	946	4	se	se	_	_	_	_	_	linguistic	_	ContainsVariation=No	_	_	_	_	_	_
946-5	PKP125	946	5	ha	ha	_	_	_	_	_	linguistic	_	ContainsVariation=No	_	_	_	_	_	_
946-6	PKP125	946	6	studiato	studiato	_	_	_	_	_	linguistic	_	ContainsVariation=No	_	_	_	_	_	_
946-7	PKP125	946	7	all'	all'	_	_	_	_	_	linguistic	_	ContainsVariation=No	SpaceAfter=No	_	_	_	_	_
946-8	PKP125	946	8	orientale	orientale	_	_	_	_	_	linguistic	_	ContainsVariation=No	_	_	_	_	_	_
946-9	PKP125	946	9	[pure	pure	_	_	_	_	_	linguistic	_	ContainsVariation=No	_	_	_	_	_	0-4(159)
946-10	PKP125	946	10	lei]	lei	_	_	_	_	_	linguistic	_	ContainsVariation=No	_	End=2010.548	_	_	_	0-3(159)
947-0	PKP130	947	0	all'	all'	_	_	_	_	_	linguistic	_	ContainsVariation=No	SpaceAfter=No	Begin=2009.875	_	_	_	_
947-1	PKP130	947	1	orienta:le	orientale	_	_	_	_	_	linguistic	_	ContainsVariation=No	_	_	6x1	_	_	_
947-2	PKP130	947	2	sì	sì	_	_	_	_	_	linguistic	_	ContainsVariation=No	_	_	_	_	_	_
947-3	PKP130	947	3	all'	all'	_	_	_	_	_	linguistic	_	ContainsVariation=No	SpaceAfter=No	_	_	_	_	_
947-4	PKP130	947	4	orientale	orientale	_	_	_	_	_	linguistic	_	ContainsVariation=No	_	End=2011.613	_	_	_	_
948-0	PKP130	948	0	angelica	angelica	_	_	_	_	_	linguistic	_	ContainsVariation=No	_	Begin=2011.709	_	_	_	_
948-1	PKP130	948	1	ha	ha	_	_	_	_	_	linguistic	_	ContainsVariation=No	_	_	_	_	_	_
948-2	PKP130	948	2	m:h	mh	_	_	_	_	_	linguistic	_	ContainsVariation=No	_	_	0x1	_	_	_
948-3	PKP130	948	3	ha	ha	_	_	_	_	_	linguistic	_	ContainsVariation=No	_	_	_	_	_	_
948-4	PKP130	948	4	la	la	_	_	_	_	_	linguistic	_	ContainsVariation=No	_	_	_	_	_	_
948-5	PKP130	948	5	mià	mià	_	_	_	_	_	linguistic	_	ContainsVariation=No	_	_	_	_	_	_
948-6	PKP130	948	6	eta	eta	_	_	_	_	_	linguistic	_	ContainsVariation=No	_	_	_	_	_	_
948-7	PKP130	948	7	penso	penso	_	_	_	_	_	linguistic	_	ContainsVariation=No	_	_	_	_	_	_
948-8	PKP130	948	8	forse	forse	_	_	_	_	_	linguistic	_	ContainsVariation=No	_	_	_	_	_	_
948-9	PKP130	948	9	un	un	_	_	_	_	_	linguistic	_	ContainsVariation=No	_	_	_	_	_	_
948-10	PKP130	948	10	po'	po'	_	_	_	_	_	linguistic	_	ContainsVariation=No	_	_	_	_	_	_
948-11	PKP130	948	11	più	più	_	_	_	_	_	linguistic	_	ContainsVariation=No	_	_	_	_	_	_
948-12	PKP130	948	12	piccola	piccola	_	_	_	_	_	linguistic	_	ContainsVariation=No	_	End=2014.932	_	_	_	_
949-0	PKP130	949	0	albi	albi	_	_	_	_	_	linguistic	_	ContainsVariation=No	_	Begin=2015.762	_	_	_	_
949-1	PKP130	949	1	ma::	ma	_	_	_	_	_	linguistic	_	ContainsVariation=No	_	_	1x2	_	_	_
949-2	PKP130	949	2	il	il	_	_	_	_	_	linguistic	_	ContainsVariation=No	_	_	_	_	_	_
949-3	PKP130	949	3	telefono	telefono	_	_	_	_	_	linguistic	_	ContainsVariation=No	_	_	_	_	_	_
949-4	PKP130	949	4	non	non	_	_	_	_	_	linguistic	_	ContainsVariation=No	_	_	_	_	_	_
949-5	PKP130	949	5	è	è	_	_	_	_	_	linguistic	_	ContainsVariation=No	_	_	_	_	_	_
949-6	PKP130	949	6	stato	stato	_	_	_	_	_	linguistic	_	ContainsVariation=No	_	_	_	_	_	_
949-7	PKP130	949	7	trovato?	trovato	_	_	_	_	_	linguistic	_	ContainsVariation=No	Intonation=Rising	End=2018.085	_	_	_	_
950-0	PKP125	950	0	no::	no	_	_	_	_	_	linguistic	_	ContainsVariation=No	_	Begin=2018.827|End=2019.204	1x2	_	_	_
951-0	PKP130	951	0	ma	ma	_	_	_	_	_	linguistic	_	ContainsVariation=No	_	Begin=2019.726	_	_	_	_
951-1	PKP130	951	1	non	non	_	_	_	_	_	linguistic	_	ContainsVariation=No	_	_	_	_	_	_
951-2	PKP130	951	2	ricordi	ricordi	_	_	_	_	_	linguistic	_	ContainsVariation=No	_	_	_	_	_	_
951-3	PKP130	951	3	proprio?	proprio	_	_	_	_	_	linguistic	_	ContainsVariation=No	Intonation=Rising	End=2020.919	_	_	_	_
952-0	PKP125	952	0	eh	eh	_	_	_	_	_	linguistic	_	ContainsVariation=No	_	Begin=2021.895	_	_	_	_
952-1	PKP125	952	1	marci	marci	_	_	_	_	_	linguistic	_	ContainsVariation=No	_	_	_	_	_	_
952-2	PKP125	952	2	io	io	_	_	_	_	_	linguistic	_	ContainsVariation=No	_	_	_	_	_	_
952-3	PKP125	952	3	non	non	_	_	_	_	_	linguistic	_	ContainsVariation=No	_	_	_	_	_	_
952-4	PKP125	952	4	lo	lo	_	_	_	_	_	linguistic	_	ContainsVariation=No	_	_	_	_	_	_
952-5	PKP125	952	5	sò	sò	_	_	_	_	_	linguistic	_	ContainsVariation=No	_	_	_	_	_	_
952-6	PKP125	952	6	dove	dove	_	_	_	_	_	linguistic	_	ContainsVariation=No	_	_	_	_	_	_
952-7	PKP125	952	7	l'	l'	_	_	_	_	_	linguistic	_	ContainsVariation=No	SpaceAfter=No	_	_	_	_	_
952-8	PKP125	952	8	ho	ho	_	_	_	_	_	linguistic	_	ContainsVariation=No	_	_	_	_	_	_
952-9	PKP125	952	9	m:~	m~	_	_	_	_	_	linguistic	_	ContainsVariation=No	Interrupted=Yes	_	0x1	_	_	_
952-10	PKP125	952	10	[dove	dove	_	_	_	_	_	linguistic	_	ContainsVariation=No	_	_	_	_	_	0-4(160)
952-11	PKP125	952	11	l'	l'	_	_	_	_	_	linguistic	_	ContainsVariation=No	SpaceAfter=No	_	_	_	_	0-2(160)
952-12	PKP125	952	12	hanno	hanno	_	_	_	_	_	linguistic	_	ContainsVariation=No	_	_	_	_	_	0-5(160)
952-13	PKP125	952	13	messo]	messo	_	_	_	_	_	linguistic	_	ContainsVariation=No	_	End=2024.618	_	_	_	0-4(160)
953-0	PKP130	953	0	[io	io	_	_	_	_	_	linguistic	_	ContainsVariation=No	_	Begin=2023.567	_	_	_	0-2(160)
953-1	PKP130	953	1	mi	mi	_	_	_	_	_	linguistic	_	ContainsVariation=No	_	_	_	_	_	0-2(160)
953-2	PKP130	953	2	ricordo	ricordo	_	_	_	_	_	linguistic	_	ContainsVariation=No	_	_	_	_	_	0-7(160)
953-3	PKP130	953	3	che	che	_	_	_	_	_	linguistic	_	ContainsVariation=No	_	_	_	_	_	0-3(160)
953-4	PKP130	953	4	tu]	tu	_	_	_	_	_	linguistic	_	ContainsVariation=No	_	_	_	_	_	0-2(160)
953-5	PKP130	953	5	mi	mi	_	_	_	_	_	linguistic	_	ContainsVariation=No	_	_	_	_	_	_
953-6	PKP130	953	6	chiedesti	chiedesti	_	_	_	_	_	linguistic	_	ContainsVariation=No	_	_	_	_	_	_
953-7	PKP130	953	7	che:	che	_	_	_	_	_	linguistic	_	ContainsVariation=No	_	_	2x1	_	_	_
953-8	PKP130	953	8	che	che	_	_	_	_	_	linguistic	_	ContainsVariation=No	_	_	_	_	_	_
953-9	PKP130	953	9	volevi	volevi	_	_	_	_	_	linguistic	_	ContainsVariation=No	_	_	_	_	_	_
953-10	PKP130	953	10	cancellare	cancellare	_	_	_	_	_	linguistic	_	ContainsVariation=No	_	_	_	_	_	_
953-11	PKP130	953	11	i	i	_	_	_	_	_	linguistic	_	ContainsVariation=No	_	_	_	_	_	_
953-12	PKP130	953	12	messaggi	messaggi	_	_	_	_	_	linguistic	_	ContainsVariation=No	_	_	_	_	_	_
953-13	PKP130	953	13	i	i	_	_	_	_	_	linguistic	_	ContainsVariation=No	_	_	_	_	_	_
953-14	PKP130	953	14	numeri	numeri	_	_	_	_	_	linguistic	_	ContainsVariation=No	_	_	_	_	_	_
953-15	PKP130	953	15	e	e	_	_	_	_	_	linguistic	_	ContainsVariation=No	_	_	_	_	_	_
953-16	PKP130	953	16	poi?	poi	_	_	_	_	_	linguistic	_	ContainsVariation=No	Intonation=Rising	End=2028.156	_	_	_	_
954-0	PKP125	954	0	ma	ma	_	_	_	_	_	linguistic	_	ContainsVariation=No	_	Begin=2028.742	_	_	_	_
954-1	PKP125	954	1	stiamo	stiamo	_	_	_	_	_	linguistic	_	ContainsVariation=No	_	_	_	_	_	_
954-2	PKP125	954	2	parlando	parlando	_	_	_	_	_	linguistic	_	ContainsVariation=No	_	_	_	_	_	_
954-3	PKP125	954	3	di	di	_	_	_	_	_	linguistic	_	ContainsVariation=No	_	_	_	_	_	_
954-4	PKP125	954	4	anni	anni	_	_	_	_	_	linguistic	_	ContainsVariation=No	_	_	_	_	_	_
954-5	PKP125	954	5	fa::	fa	_	_	_	_	_	linguistic	_	ContainsVariation=No	_	_	1x2	_	_	_
954-6	PKP125	954	6	io	io	_	_	_	_	_	linguistic	_	ContainsVariation=No	_	_	_	_	_	_
954-7	PKP125	954	7	non:	non	_	_	_	_	_	linguistic	_	ContainsVariation=No	_	End=2031.334	2x1	_	_	_
955-0	PKP125	955	0	io	io	_	_	_	_	_	linguistic	_	ContainsVariation=No	_	Begin=2031.934	_	_	_	_
955-1	PKP125	955	1	non	non	_	_	_	_	_	linguistic	_	ContainsVariation=No	_	_	_	_	_	_
955-2	PKP125	955	2	lo	lo	_	_	_	_	_	linguistic	_	ContainsVariation=No	_	_	_	_	_	_
955-3	PKP125	955	3	uso	uso	_	_	_	_	_	linguistic	_	ContainsVariation=No	_	_	_	_	_	_
955-4	PKP125	955	4	da	da	_	_	_	_	_	linguistic	_	ContainsVariation=No	_	_	_	_	_	_
955-5	PKP125	955	5	anni	anni	_	_	_	_	_	linguistic	_	ContainsVariation=No	_	_	_	_	_	_
955-6	PKP125	955	6	quel	quel	_	_	_	_	_	linguistic	_	ContainsVariation=No	_	_	_	_	_	_
955-7	PKP125	955	7	telefono	telefono	_	_	_	_	_	linguistic	_	ContainsVariation=No	_	End=2033.349	_	_	_	_
956-0	PKP125	956	0	ma	ma	_	_	_	_	_	linguistic	_	ContainsVariation=No	_	Begin=2033.38	_	_	_	_
956-1	PKP125	956	1	a	a	_	_	_	_	_	linguistic	_	ContainsVariation=No	_	_	_	_	_	_
956-2	PKP125	956	2	me	me	_	_	_	_	_	linguistic	_	ContainsVariation=No	_	_	_	_	_	_
956-3	PKP125	956	3	sembra	sembra	_	_	_	_	_	linguistic	_	ContainsVariation=No	_	_	_	_	_	_
956-4	PKP125	956	4	che	che	_	_	_	_	_	linguistic	_	ContainsVariation=No	_	_	_	_	_	_
956-5	PKP125	956	5	forse	forse	_	_	_	_	_	linguistic	_	ContainsVariation=No	_	_	_	_	_	_
956-6	PKP125	956	6	mario	mario	_	_	_	_	_	linguistic	_	ContainsVariation=No	_	_	_	_	_	_
956-7	PKP125	956	7	l'	l'	_	_	_	_	_	linguistic	_	ContainsVariation=No	SpaceAfter=No	_	_	_	_	_
956-8	PKP125	956	8	aveva	aveva	_	_	_	_	_	linguistic	_	ContainsVariation=No	_	_	_	_	_	_
956-9	PKP125	956	9	preso,	preso	_	_	_	_	_	linguistic	_	ContainsVariation=No	Intonation=WeaklyRising	End=2035.895	_	_	_	_
957-0	PKP130	957	0	no::	no	_	_	_	_	_	linguistic	_	ContainsVariation=No	_	Begin=2036.725	1x2	_	_	_
957-1	PKP130	957	1	[jà]	jà	_	_	_	_	_	linguistic	_	ContainsVariation=No	_	End=2037.325	_	_	_	0-2(161)
958-0	PKP125	958	0	[ma	ma	_	_	_	_	_	linguistic	_	ContainsVariation=No	_	Begin=2036.798	_	_	_	0-2(161)
958-1	PKP125	958	1	io]	io	_	_	_	_	_	linguistic	_	ContainsVariation=No	_	_	_	_	_	0-2(161)
958-2	PKP125	958	2	non	non	_	_	_	_	_	linguistic	_	ContainsVariation=No	_	_	_	_	_	_
958-3	PKP125	958	3	mi	mi	_	_	_	_	_	linguistic	_	ContainsVariation=No	_	_	_	_	_	_
958-4	PKP125	958	4	ricordo	ricordo	_	_	_	_	_	linguistic	_	ContainsVariation=No	_	_	_	_	_	_
958-5	PKP125	958	5	ma~	ma~	_	_	_	_	_	linguistic	_	ContainsVariation=No	Interrupted=Yes	_	_	_	_	_
958-6	PKP125	958	6	ma	ma	_	_	_	_	_	linguistic	_	ContainsVariation=No	_	_	_	_	_	_
958-7	PKP125	958	7	neanche	neanche	_	_	_	_	_	linguistic	_	ContainsVariation=No	_	_	_	_	_	_
958-8	PKP125	958	8	il	il	_	_	_	_	_	linguistic	_	ContainsVariation=No	_	_	_	_	_	_
958-9	PKP125	958	9	mio	mio	_	_	_	_	_	linguistic	_	ContainsVariation=No	_	_	_	_	_	_
958-10	PKP125	958	10	enne	enne	_	_	_	_	_	linguistic	_	ContainsVariation=No	_	_	_	_	_	_
958-11	PKP125	958	11	settantatre	settantatre	_	_	_	_	_	linguistic	_	ContainsVariation=No	_	_	_	_	_	_
958-12	PKP125	958	12	si	si	_	_	_	_	_	linguistic	_	ContainsVariation=No	_	_	_	_	_	_
958-13	PKP125	958	13	trova	trova	_	_	_	_	_	linguistic	_	ContainsVariation=No	_	_	_	_	_	_
958-14	PKP125	958	14	più:	più	_	_	_	_	_	linguistic	_	ContainsVariation=No	_	_	2x1	_	_	_
958-15	PKP125	958	15	e:h	eh	_	_	_	_	_	linguistic	_	ContainsVariation=No	_	_	0x1	_	_	_
958-16	PKP125	958	16	non::	non	_	_	_	_	_	linguistic	_	ContainsVariation=No	_	End=2041.332	2x2	_	_	_
959-0	PKP125	959	0	ci	ci	_	_	_	_	_	linguistic	_	ContainsVariation=No	_	Begin=2041.415	_	_	_	_
959-1	PKP125	959	1	sono	sono	_	_	_	_	_	linguistic	_	ContainsVariation=No	_	_	_	_	_	_
959-2	PKP125	959	2	vari	vari	_	_	_	_	_	linguistic	_	ContainsVariation=No	_	_	_	_	_	_
959-3	PKP125	959	3	telefoni	telefoni	_	_	_	_	_	linguistic	_	ContainsVariation=No	_	_	_	_	_	_
959-4	PKP125	959	4	che	che	_	_	_	_	_	linguistic	_	ContainsVariation=No	_	_	_	_	_	_
959-5	PKP125	959	5	mancano	mancano	_	_	_	_	_	linguistic	_	ContainsVariation=No	_	_	_	_	_	_
959-6	PKP125	959	6	all'	all'	_	_	_	_	_	linguistic	_	ContainsVariation=No	SpaceAfter=No	_	_	_	_	_
959-7	PKP125	959	7	appello	appello	_	_	_	_	_	linguistic	_	ContainsVariation=No	_	End=2043.961	_	_	_	_
960-0	PKP130	960	0	tu	tu	_	_	_	_	_	linguistic	_	ContainsVariation=No	_	Begin=2044.584	_	_	_	_
960-1	PKP130	960	1	dici	dici	_	_	_	_	_	linguistic	_	ContainsVariation=No	_	_	_	_	_	_
960-2	PKP130	960	2	che	che	_	_	_	_	_	linguistic	_	ContainsVariation=No	_	_	_	_	_	_
960-3	PKP130	960	3	mario	mario	_	_	_	_	_	linguistic	_	ContainsVariation=No	_	_	_	_	_	_
960-4	PKP130	960	4	li	li	_	_	_	_	_	linguistic	_	ContainsVariation=No	_	_	_	_	_	_
960-5	PKP130	960	5	ha	ha	_	_	_	_	_	linguistic	_	ContainsVariation=No	_	_	_	_	_	_
960-6	PKP130	960	6	venduti?	venduti	_	_	_	_	_	linguistic	_	ContainsVariation=No	Intonation=Rising	End=2045.93	_	_	_	_
961-0	PKP125	961	0	ma	ma	_	_	_	_	_	linguistic	_	ContainsVariation=No	_	Begin=2046.891	_	_	_	_
961-1	PKP125	961	1	non	non	_	_	_	_	_	linguistic	_	ContainsVariation=No	_	_	_	_	_	_
961-2	PKP125	961	2	credo	credo	_	_	_	_	_	linguistic	_	ContainsVariation=No	_	End=2047.545	_	_	_	_
962-0	PKP130	962	0	# (e	e	_	_	_	_	_	linguistic	_	ContainsVariation=Yes|Code=Underspecified	_	Begin=2048.099	_	_	0-1(0)	_
962-1	PKP130	962	1	chi:	chi	_	_	_	_	_	linguistic	_	ContainsVariation=Yes|Code=Underspecified	_	_	2x1	_	0-3(0)	_
962-2	PKP130	962	2	che	che	_	_	_	_	_	linguistic	_	ContainsVariation=Yes|Code=Underspecified	_	_	_	_	0-3(0)	_
962-3	PKP130	962	3	tinia	tinia	_	_	_	_	_	linguistic	_	ContainsVariation=Yes|Code=Underspecified	_	_	_	_	0-5(0)	_
962-4	PKP130	962	4	'a	'a	_	_	_	_	_	linguistic	_	ContainsVariation=Yes|Code=Underspecified	Truncated=Yes	_	_	_	0-2(0)	_
962-5	PKP130	962	5	fà	fà	_	_	_	_	_	linguistic	_	ContainsVariation=Yes|Code=Underspecified	_	_	_	_	0-2(0)	_
962-6	PKP130	962	6	chill	chill	_	_	_	_	_	linguistic	_	ContainsVariation=Yes|Code=Underspecified	_	_	_	_	0-5(0)	_
962-7	PKP130	962	7	ch'	ch'	_	_	_	_	_	linguistic	_	ContainsVariation=Yes|Code=Underspecified	SpaceAfter=No	_	_	_	0-3(0)	_
962-8	PKP130	962	8	i	i	_	_	_	_	_	linguistic	_	ContainsVariation=Yes|Code=Underspecified	_	_	_	_	0-1(0)	_
962-9	PKP130	962	9	telefn'?)	telefn'	_	_	_	_	_	linguistic	_	ContainsVariation=Yes|Code=Underspecified	Intonation=Rising|Truncated=Yes	End=2049.591	_	_	0-7(0)	_
963-0	PKP130	963	0	quello	quello	_	_	_	_	_	linguistic	_	ContainsVariation=No	_	Begin=2050.164	_	_	_	_
963-1	PKP130	963	1	là	là	_	_	_	_	_	linguistic	_	ContainsVariation=No	_	_	_	_	_	_
963-2	PKP130	963	2	di	di	_	_	_	_	_	linguistic	_	ContainsVariation=No	_	_	_	_	_	_
963-3	PKP130	963	3	marianna	marianna	_	_	_	_	_	linguistic	_	ContainsVariation=No	_	_	_	_	_	_
963-4	PKP130	963	4	ho	ho	_	_	_	_	_	linguistic	_	ContainsVariation=No	_	_	_	_	_	_
963-5	PKP130	963	5	spiegato	spiegato	_	_	_	_	_	linguistic	_	ContainsVariation=No	_	_	_	_	_	_
963-6	PKP130	963	6	era	era	_	_	_	_	_	linguistic	_	ContainsVariation=No	_	_	_	_	_	_
963-7	PKP130	963	7	quello	quello	_	_	_	_	_	linguistic	_	ContainsVariation=No	_	_	_	_	_	_
963-8	PKP130	963	8	là	là	_	_	_	_	_	linguistic	_	ContainsVariation=No	_	_	_	_	_	_
963-9	PKP130	963	9	che	che	_	_	_	_	_	linguistic	_	ContainsVariation=No	_	_	_	_	_	_
963-10	PKP130	963	10	mi	mi	_	_	_	_	_	linguistic	_	ContainsVariation=No	_	_	_	_	_	_
963-11	PKP130	963	11	aveva	aveva	_	_	_	_	_	linguistic	_	ContainsVariation=No	_	_	_	_	_	_
963-12	PKP130	963	12	regalato	regalato	_	_	_	_	_	linguistic	_	ContainsVariation=No	_	_	_	_	_	_
963-13	PKP130	963	13	aldo	aldo	_	_	_	_	_	linguistic	_	ContainsVariation=No	_	End=2053.81	_	_	_	_
964-0	PKP130	964	0	me	me	_	_	_	_	_	linguistic	_	ContainsVariation=No	_	Begin=2054.313	_	_	_	_
964-1	PKP130	964	1	l'	l'	_	_	_	_	_	linguistic	_	ContainsVariation=No	SpaceAfter=No	_	_	_	_	_
964-2	PKP130	964	2	aveva	aveva	_	_	_	_	_	linguistic	_	ContainsVariation=No	_	_	_	_	_	_
964-3	PKP130	964	3	regalato	regalato	_	_	_	_	_	linguistic	_	ContainsVariation=No	_	_	_	_	_	_
964-4	PKP130	964	4	si	si	_	_	_	_	_	linguistic	_	ContainsVariation=No	_	_	_	_	_	_
964-5	PKP130	964	5	era	era	_	_	_	_	_	linguistic	_	ContainsVariation=No	_	_	_	_	_	_
964-6	PKP130	964	6	rotto	rotto	_	_	_	_	_	linguistic	_	ContainsVariation=No	_	_	_	_	_	_
964-7	PKP130	964	7	io	io	_	_	_	_	_	linguistic	_	ContainsVariation=No	_	_	_	_	_	_
964-8	PKP130	964	8	avevo	avevo	_	_	_	_	_	linguistic	_	ContainsVariation=No	_	_	_	_	_	_
964-9	PKP130	964	9	rimesso	rimesso	_	_	_	_	_	linguistic	_	ContainsVariation=No	_	_	_	_	_	_
964-10	PKP130	964	10	in	in	_	_	_	_	_	linguistic	_	ContainsVariation=No	_	_	_	_	_	_
964-11	PKP130	964	11	moto	moto	_	_	_	_	_	linguistic	_	ContainsVariation=No	_	_	_	_	_	_
964-12	PKP130	964	12	il	il	_	_	_	_	_	linguistic	_	ContainsVariation=No	_	_	_	_	_	_
964-13	PKP130	964	13	mio:	mio	_	_	_	_	_	linguistic	_	ContainsVariation=No	_	_	2x1	_	_	_
964-14	PKP130	964	14	il	il	_	_	_	_	_	linguistic	_	ContainsVariation=No	_	_	_	_	_	_
964-15	PKP130	964	15	mio	mio	_	_	_	_	_	linguistic	_	ContainsVariation=No	_	_	_	_	_	_
964-16	PKP130	964	16	motorola.	motorola	_	_	_	_	_	linguistic	_	ContainsVariation=No	Intonation=Falling	End=2059.152	_	_	_	_
965-0	PKP130	965	0	quando	quando	_	_	_	_	_	linguistic	_	ContainsVariation=No	_	Begin=2059.445	_	_	_	_
965-1	PKP130	965	1	mi	mi	_	_	_	_	_	linguistic	_	ContainsVariation=No	_	_	_	_	_	_
965-2	PKP130	965	2	andai	andai	_	_	_	_	_	linguistic	_	ContainsVariation=No	_	_	_	_	_	_
965-3	PKP130	965	3	a	a	_	_	_	_	_	linguistic	_	ContainsVariation=No	_	_	_	_	_	_
965-4	PKP130	965	4	comprare	comprare	_	_	_	_	_	linguistic	_	ContainsVariation=No	_	_	_	_	_	_
965-5	PKP130	965	5	il	il	_	_	_	_	_	linguistic	_	ContainsVariation=No	_	_	_	_	_	_
965-6	PKP130	965	6	primo:	primo	_	_	_	_	_	linguistic	_	ContainsVariation=No	_	_	4x1	_	_	_
965-7	PKP130	965	7	iphone	iphone	_	_	_	_	_	linguistic	_	ContainsVariation=No	_	_	_	_	_	_
965-8	PKP130	965	8	quattro	quattro	_	_	_	_	_	linguistic	_	ContainsVariation=No	_	_	_	_	_	_
965-9	PKP130	965	9	nel	nel	_	_	_	_	_	linguistic	_	ContainsVariation=No	_	_	_	_	_	_
965-10	PKP130	965	10	duemilaundici	duemilaundici	_	_	_	_	_	linguistic	_	ContainsVariation=No	_	_	_	_	_	_
965-11	PKP130	965	11	dissi	dissi	_	_	_	_	_	linguistic	_	ContainsVariation=No	_	_	_	_	_	_
965-12	PKP130	965	12	ad	ad	_	_	_	_	_	linguistic	_	ContainsVariation=No	_	_	_	_	_	_
965-13	PKP130	965	13	alessandro	alessandro	_	_	_	_	_	linguistic	_	ContainsVariation=No	_	_	_	_	_	_
965-14	PKP130	965	14	il	il	_	_	_	_	_	linguistic	_	ContainsVariation=No	_	_	_	_	_	_
965-15	PKP130	965	15	cugino	cugino	_	_	_	_	_	linguistic	_	ContainsVariation=No	_	_	_	_	_	_
965-16	PKP130	965	16	di:	di	_	_	_	_	_	linguistic	_	ContainsVariation=No	_	_	1x1	_	_	_
965-17	PKP130	965	17	eh	eh	_	_	_	_	_	linguistic	_	ContainsVariation=No	_	_	_	_	_	_
965-18	PKP130	965	18	andrea	andrea	_	_	_	_	_	linguistic	_	ContainsVariation=No	_	_	_	_	_	_
965-19	PKP130	965	19	dissi	dissi	_	_	_	_	_	linguistic	_	ContainsVariation=No	_	_	_	_	_	_
965-20	PKP130	965	20	senti	senti	_	_	_	_	_	linguistic	_	ContainsVariation=No	_	_	_	_	_	_
965-21	PKP130	965	21	me	me	_	_	_	_	_	linguistic	_	ContainsVariation=No	_	_	_	_	_	_
965-22	PKP130	965	22	lo	lo	_	_	_	_	_	linguistic	_	ContainsVariation=No	_	_	_	_	_	_
965-23	PKP130	965	23	posso	posso	_	_	_	_	_	linguistic	_	ContainsVariation=No	_	_	_	_	_	_
965-24	PKP130	965	24	vendere?	vendere	_	_	_	_	_	linguistic	_	ContainsVariation=No	Intonation=Rising	End=2066.214	_	_	_	_
966-0	PKP130	966	0	# ricett	ricett	_	_	_	_	_	linguistic	_	ContainsVariation=Yes|Code=Underspecified	_	Begin=2066.467	_	_	_	_
966-1	PKP130	966	1	ma	ma	_	_	_	_	_	linguistic	_	ContainsVariation=Yes|Code=Underspecified	_	_	_	_	_	_
966-2	PKP130	966	2	che	che	_	_	_	_	_	linguistic	_	ContainsVariation=Yes|Code=Underspecified	_	_	_	_	_	_
966-3	PKP130	966	3	ti	ti	_	_	_	_	_	linguistic	_	ContainsVariation=Yes|Code=Underspecified	_	_	_	_	_	_
966-4	PKP130	966	4	do	do	_	_	_	_	_	linguistic	_	ContainsVariation=Yes|Code=Underspecified	_	_	_	_	_	_
966-5	PKP130	966	5	quaranta	quaranta	_	_	_	_	_	linguistic	_	ContainsVariation=Yes|Code=Underspecified	_	_	_	_	_	_
966-6	PKP130	966	6	euro	euro	_	_	_	_	_	linguistic	_	ContainsVariation=Yes|Code=Underspecified	_	_	_	_	_	_
966-7	PKP130	966	7	ricett	ricett	_	_	_	_	_	linguistic	_	ContainsVariation=Yes|Code=Underspecified	_	_	_	_	_	_
966-8	PKP130	966	8	basta	basta	_	_	_	_	_	linguistic	_	ContainsVariation=Yes|Code=Underspecified	_	_	_	_	_	_
966-9	PKP130	966	9	che	che	_	_	_	_	_	linguistic	_	ContainsVariation=Yes|Code=Underspecified	_	_	_	_	_	_
966-10	PKP130	966	10	me	me	_	_	_	_	_	linguistic	_	ContainsVariation=Yes|Code=Underspecified	_	_	_	_	_	_
966-11	PKP130	966	11	lo	lo	_	_	_	_	_	linguistic	_	ContainsVariation=Yes|Code=Underspecified	_	_	_	_	_	_
966-12	PKP130	966	12	togli	togli	_	_	_	_	_	linguistic	_	ContainsVariation=Yes|Code=Underspecified	_	_	_	_	_	_
966-13	PKP130	966	13	davanti	davanti	_	_	_	_	_	linguistic	_	ContainsVariation=Yes|Code=Underspecified	_	_	_	_	_	_
966-14	PKP130	966	14	p(er)ché	perché	_	_	_	_	_	linguistic	_	ContainsVariation=Yes|Code=Underspecified	Reduced=Yes	_	_	_	_	_
966-15	PKP130	966	15	io	io	_	_	_	_	_	linguistic	_	ContainsVariation=Yes|Code=Underspecified	_	_	_	_	_	_
966-16	PKP130	966	16	non	non	_	_	_	_	_	linguistic	_	ContainsVariation=Yes|Code=Underspecified	_	_	_	_	_	_
966-17	PKP130	966	17	so	so	_	_	_	_	_	linguistic	_	ContainsVariation=Yes|Code=Underspecified	_	_	_	_	_	_
966-18	PKP130	966	18	che	che	_	_	_	_	_	linguistic	_	ContainsVariation=Yes|Code=Underspecified	_	_	_	_	_	_
966-19	PKP130	966	19	farmene.	farmene	_	_	_	_	_	linguistic	_	ContainsVariation=Yes|Code=Underspecified	Intonation=Falling	End=2070.976	_	_	_	_
967-0	PKP130	967	0	e	e	_	_	_	_	_	linguistic	_	ContainsVariation=No	_	Begin=2071.141	_	_	_	_
967-1	PKP130	967	1	infatti	infatti	_	_	_	_	_	linguistic	_	ContainsVariation=No	_	_	_	_	_	_
967-2	PKP130	967	2	mi	mi	_	_	_	_	_	linguistic	_	ContainsVariation=No	_	_	_	_	_	_
967-3	PKP130	967	3	diede	diede	_	_	_	_	_	linguistic	_	ContainsVariation=No	_	_	_	_	_	_
967-4	PKP130	967	4	o	o	_	_	_	_	_	linguistic	_	ContainsVariation=No	_	_	_	_	_	_
967-5	PKP130	967	5	quaranta	quaranta	_	_	_	_	_	linguistic	_	ContainsVariation=No	_	_	_	_	_	_
967-6	PKP130	967	6	o	o	_	_	_	_	_	linguistic	_	ContainsVariation=No	_	_	_	_	_	_
967-7	PKP130	967	7	cinquanta	cinquanta	_	_	_	_	_	linguistic	_	ContainsVariation=No	_	_	_	_	_	_
967-8	PKP130	967	8	euro	euro	_	_	_	_	_	linguistic	_	ContainsVariation=No	_	_	_	_	_	_
967-9	PKP130	967	9	ALTRIMENTI	altrimenti	_	_	_	_	_	linguistic	_	ContainsVariation=No	Volume=high	End=2074.156	_	_	_	_
968-0	PKP130	968	0	sarebbe	sarebbe	_	_	_	_	_	linguistic	_	ContainsVariation=No	_	Begin=2074.42	_	_	_	_
968-1	PKP130	968	1	stato	stato	_	_	_	_	_	linguistic	_	ContainsVariation=No	_	_	_	_	_	_
968-2	PKP130	968	2	un	un	_	_	_	_	_	linguistic	_	ContainsVariation=No	_	_	_	_	_	_
968-3	PKP130	968	3	altro	altro	_	_	_	_	_	linguistic	_	ContainsVariation=No	_	_	_	_	_	_
968-4	PKP130	968	4	telefono	telefono	_	_	_	_	_	linguistic	_	ContainsVariation=No	_	_	_	_	_	_
968-5	PKP130	968	5	buttato	buttato	_	_	_	_	_	linguistic	_	ContainsVariation=No	_	_	_	_	_	_
968-6	PKP130	968	6	tra	tra	_	_	_	_	_	linguistic	_	ContainsVariation=No	_	_	_	_	_	_
968-7	PKP130	968	7	quelli	quelli	_	_	_	_	_	linguistic	_	ContainsVariation=No	_	_	_	_	_	_
968-8	PKP130	968	8	che	che	_	_	_	_	_	linguistic	_	ContainsVariation=No	_	_	_	_	_	_
968-9	PKP130	968	9	stanno	stanno	_	_	_	_	_	linguistic	_	ContainsVariation=No	_	_	_	_	_	_
968-10	PKP130	968	10	giù	giù	_	_	_	_	_	linguistic	_	ContainsVariation=No	_	_	_	_	_	_
968-11	PKP130	968	11	al	al	_	_	_	_	_	linguistic	_	ContainsVariation=No	_	_	_	_	_	_
968-12	PKP130	968	12	garage	garage	_	_	_	_	_	linguistic	_	ContainsVariation=No	_	_	_	_	_	_
968-13	PKP130	968	13	nel	nel	_	_	_	_	_	linguistic	_	ContainsVariation=No	_	_	_	_	_	_
968-14	PKP130	968	14	cimitero	cimitero	_	_	_	_	_	linguistic	_	ContainsVariation=No	_	_	_	_	_	_
968-15	PKP130	968	15	dei	dei	_	_	_	_	_	linguistic	_	ContainsVariation=No	_	_	_	_	_	_
968-16	PKP130	968	16	telefoni	telefoni	_	_	_	_	_	linguistic	_	ContainsVariation=No	_	End=2078.906	_	_	_	_
969-0	PKP125	969	0	perché	perché	_	_	_	_	_	linguistic	_	ContainsVariation=No	_	Begin=2079.551	_	_	_	_
969-1	PKP125	969	1	l'	l'	_	_	_	_	_	linguistic	_	ContainsVariation=No	SpaceAfter=No	_	_	_	_	_
969-2	PKP125	969	2	iphone:	iphone	_	_	_	_	_	linguistic	_	ContainsVariation=No	_	_	5x1	_	_	_
969-3	PKP125	969	3	quattro	quattro	_	_	_	_	_	linguistic	_	ContainsVariation=No	_	_	_	_	_	_
969-4	PKP125	969	4	tuo	tuo	_	_	_	_	_	linguistic	_	ContainsVariation=No	_	_	_	_	_	_
969-5	PKP125	969	5	dov'	dov'	_	_	_	_	_	linguistic	_	ContainsVariation=No	SpaceAfter=No	_	_	_	_	_
969-6	PKP125	969	6	è?	è	_	_	_	_	_	linguistic	_	ContainsVariation=No	Intonation=Rising	End=2081.551	_	_	_	_
970-0	PKP130	970	0	pure	pure	_	_	_	_	_	linguistic	_	ContainsVariation=No	_	Begin=2082.554	_	_	_	_
970-1	PKP130	970	1	là	là	_	_	_	_	_	linguistic	_	ContainsVariation=No	_	_	_	_	_	_
970-2	PKP130	970	2	sta	sta	_	_	_	_	_	linguistic	_	ContainsVariation=No	_	End=2083.208	_	_	_	_
971-0	PKP125	971	0	NO	no	_	_	_	_	_	linguistic	_	ContainsVariation=No	Volume=high	Begin=2083.801	_	_	_	_
971-1	PKP125	971	1	non:	non	_	_	_	_	_	linguistic	_	ContainsVariation=No	_	_	2x1	_	_	_
971-2	PKP125	971	2	non	non	_	_	_	_	_	linguistic	_	ContainsVariation=No	_	_	_	_	_	_
971-3	PKP125	971	3	c'	c'	_	_	_	_	_	linguistic	_	ContainsVariation=No	SpaceAfter=No	_	_	_	_	_
971-4	PKP125	971	4	è	è	_	_	_	_	_	linguistic	_	ContainsVariation=No	_	_	_	_	_	_
971-5	PKP125	971	5	più	più	_	_	_	_	_	linguistic	_	ContainsVariation=No	PauseAfter=Yes	_	_	_	_	_
971-6	PKP125	971	6	(.)	(.)	_	_	_	_	_	shortpause	_	ContainsVariation=No	_	_	_	_	_	_
971-7	PKP125	971	7	[quello]	quello	_	_	_	_	_	linguistic	_	ContainsVariation=No	_	_	_	_	_	0-6(162)
971-8	PKP125	971	8	però	però	_	_	_	_	_	linguistic	_	ContainsVariation=No	_	_	_	_	_	_
971-9	PKP125	971	9	non	non	_	_	_	_	_	linguistic	_	ContainsVariation=No	_	_	_	_	_	_
971-10	PKP125	971	10	funzionava	funzionava	_	_	_	_	_	linguistic	_	ContainsVariation=No	_	_	_	_	_	_
971-11	PKP125	971	11	pi[ù]	più	_	_	_	_	_	linguistic	_	ContainsVariation=No	_	End=2086.751	_	_	_	1-3(163)
972-0	PKP130	972	0	[no:]	no	_	_	_	_	_	linguistic	_	ContainsVariation=No	_	Begin=2084.956|End=2085.357	1x1	_	_	0-2(162)
973-0	PKP130	973	0	[no:]	no	_	_	_	_	_	linguistic	_	ContainsVariation=No	_	Begin=2086.464|End=2086.803	1x1	_	_	0-2(163)
974-0	PKP125	974	0	[ma	ma	_	_	_	_	_	linguistic	_	ContainsVariation=No	_	Begin=2086.956	_	_	_	0-2(164)
974-1	PKP125	974	1	quello	quello	_	_	_	_	_	linguistic	_	ContainsVariation=No	_	_	_	_	_	0-6(164)
974-2	PKP125	974	2	effettivamente]	effettivamente	_	_	_	_	_	linguistic	_	ContainsVariation=No	_	End=2088.272	_	_	_	0-14(164)
975-0	PKP130	975	0	neanche	neanche	_	_	_	_	_	linguistic	_	ContainsVariation=No	_	Begin=2086.967	_	_	_	_
975-1	PKP130	975	1	l'	l'	_	_	_	_	_	linguistic	_	ContainsVariation=No	SpaceAfter=No	_	_	_	_	_
975-2	PKP130	975	2	iphone	iphone	_	_	_	_	_	linguistic	_	ContainsVariation=No	_	_	_	_	_	_
975-3	PKP130	975	3	sei	sei	_	_	_	_	_	linguistic	_	ContainsVariation=No	_	End=2088.266	_	_	_	_
976-0	PKP130	976	0	vabbè	vabbè	_	_	_	_	_	linguistic	_	ContainsVariation=No	_	Begin=2088.702	_	_	_	_
976-1	PKP130	976	1	l'	l'	_	_	_	_	_	linguistic	_	ContainsVariation=No	SpaceAfter=No	_	_	_	_	_
976-2	PKP130	976	2	iphone	iphone	_	_	_	_	_	linguistic	_	ContainsVariation=No	_	_	_	_	_	_
976-3	PKP130	976	3	quattro	quattro	_	_	_	_	_	linguistic	_	ContainsVariation=No	_	_	_	_	_	_
976-4	PKP130	976	4	[duemilaundici	duemilaundici	_	_	_	_	_	linguistic	_	ContainsVariation=No	_	_	_	_	_	0-13(165)
976-5	PKP130	976	5	robbè]	robbè	_	_	_	_	_	linguistic	_	ContainsVariation=No	_	End=2091.156	_	_	_	0-5(165)
977-0	PKP125	977	0	[l'	l'	_	_	_	_	_	linguistic	_	ContainsVariation=No	SpaceAfter=No	Begin=2089.833	_	_	_	0-2(165)
977-1	PKP125	977	1	iphone	iphone	_	_	_	_	_	linguistic	_	ContainsVariation=No	_	_	_	_	_	0-6(165)
977-2	PKP125	977	2	quattro	quattro	_	_	_	_	_	linguistic	_	ContainsVariation=No	_	_	_	_	_	0-7(165)
977-3	PKP125	977	3	mamma	mamma	_	_	_	_	_	linguistic	_	ContainsVariation=No	_	_	_	_	_	0-5(165)
977-4	PKP125	977	4	mia]	mia	_	_	_	_	_	linguistic	_	ContainsVariation=No	_	End=2091.17	_	_	_	0-3(165)
978-0	PKP125	978	0	# ne	ne	_	_	_	_	_	linguistic	_	ContainsVariation=Yes|Code=Underspecified	_	Begin=2091.235	_	_	_	_
978-1	PKP125	978	1	ha	ha	_	_	_	_	_	linguistic	_	ContainsVariation=Yes|Code=Underspecified	_	_	_	_	_	_
978-2	PKP125	978	2	fatt'	fatt'	_	_	_	_	_	linguistic	_	ContainsVariation=Yes|Code=Underspecified	Truncated=Yes	_	_	_	_	_
978-3	PKP125	978	3	'i	'i	_	_	_	_	_	linguistic	_	ContainsVariation=Yes|Code=Underspecified	Truncated=Yes	_	_	_	_	_
978-4	PKP125	978	4	battagl'	battagl'	_	_	_	_	_	linguistic	_	ContainsVariation=Yes|Code=Underspecified	Truncated=Yes	_	_	_	_	_
978-5	PKP125	978	5	eh?	eh	_	_	_	_	_	linguistic	_	ContainsVariation=Yes|Code=Underspecified	Intonation=Rising	End=2092.297	_	_	_	_
979-0	PKP130	979	0	duemilaundi[ci]	duemilaundici	_	_	_	_	_	linguistic	_	ContainsVariation=No	_	Begin=2092.406|End=2093.159	_	_	_	11-13(166)
980-0	PKP125	980	0	[que]llo	quello	_	_	_	_	_	linguistic	_	ContainsVariation=No	_	Begin=2093.047	_	_	_	0-3(166)
980-1	PKP125	980	1	l'	l'	_	_	_	_	_	linguistic	_	ContainsVariation=No	SpaceAfter=No	_	_	_	_	_
980-2	PKP125	980	2	hai	hai	_	_	_	_	_	linguistic	_	ContainsVariation=No	_	_	_	_	_	_
980-3	PKP125	980	3	usato	usato	_	_	_	_	_	linguistic	_	ContainsVariation=No	_	_	_	_	_	_
980-4	PKP125	980	4	tu	tu	_	_	_	_	_	linguistic	_	ContainsVariation=No	_	_	_	_	_	_
980-5	PKP125	980	5	quattro	quattro	_	_	_	_	_	linguistic	_	ContainsVariation=No	_	_	_	_	_	_
980-6	PKP125	980	6	<anni>.	anni	_	_	_	_	_	linguistic	_	ContainsVariation=No	Intonation=Falling	End=2095.248	_	Slow=0-4(0)	_	_
981-0	PKP125	981	0	io	io	_	_	_	_	_	linguistic	_	ContainsVariation=No	_	Begin=2095.359	_	_	_	_
981-1	PKP125	981	1	un	un	_	_	_	_	_	linguistic	_	ContainsVariation=No	_	_	_	_	_	_
981-2	PKP125	981	2	paio	paio	_	_	_	_	_	linguistic	_	ContainsVariation=No	_	_	_	_	_	_
981-3	PKP125	981	3	d'	d'	_	_	_	_	_	linguistic	_	ContainsVariation=No	SpaceAfter=No	_	_	_	_	_
981-4	PKP125	981	4	<anni>.	anni	_	_	_	_	_	linguistic	_	ContainsVariation=No	Intonation=Falling	End=2096.652	_	Slow=0-4(0)	_	_
982-0	PKP130	982	0	come	come	_	_	_	_	_	linguistic	_	ContainsVariation=No	_	Begin=2097.032	_	_	_	_
982-1	PKP130	982	1	l'	l'	_	_	_	_	_	linguistic	_	ContainsVariation=No	SpaceAfter=No	_	_	_	_	_
982-2	PKP130	982	2	iphone:	iphone	_	_	_	_	_	linguistic	_	ContainsVariation=No	_	_	5x1	_	_	_
982-3	PKP130	982	3	sei	sei	_	_	_	_	_	linguistic	_	ContainsVariation=No	_	End=2098.316	_	_	_	_
983-0	PKP130	983	0	l'	l'	_	_	_	_	_	linguistic	_	ContainsVariation=No	SpaceAfter=No	Begin=2098.683	_	_	_	_
983-1	PKP130	983	1	iphone	iphone	_	_	_	_	_	linguistic	_	ContainsVariation=No	_	_	_	_	_	_
983-2	PKP130	983	2	sei	sei	_	_	_	_	_	linguistic	_	ContainsVariation=No	_	_	_	_	_	_
983-3	PKP130	983	3	l'	l'	_	_	_	_	_	linguistic	_	ContainsVariation=No	SpaceAfter=No	_	_	_	_	_
983-4	PKP130	983	4	usato	usato	_	_	_	_	_	linguistic	_	ContainsVariation=No	_	_	_	_	_	_
983-5	PKP130	983	5	io	io	_	_	_	_	_	linguistic	_	ContainsVariation=No	_	_	_	_	_	_
983-6	PKP130	983	6	dal	dal	_	_	_	_	_	linguistic	_	ContainsVariation=No	_	_	_	_	_	_
983-7	PKP130	983	7	duemila:	duemila	_	_	_	_	_	linguistic	_	ContainsVariation=No	_	End=2100.68	6x1	_	_	_
984-0	PKP130	984	0	io	io	_	_	_	_	_	linguistic	_	ContainsVariation=No	_	Begin=2100.725	_	_	_	_
984-1	PKP130	984	1	l'	l'	_	_	_	_	_	linguistic	_	ContainsVariation=No	SpaceAfter=No	_	_	_	_	_
984-2	PKP130	984	2	ho	ho	_	_	_	_	_	linguistic	_	ContainsVariation=No	_	_	_	_	_	_
984-3	PKP130	984	3	comprato	comprato	_	_	_	_	_	linguistic	_	ContainsVariation=No	_	_	_	_	_	_
984-4	PKP130	984	4	nel	nel	_	_	_	_	_	linguistic	_	ContainsVariation=No	_	_	_	_	_	_
984-5	PKP130	984	5	duemilaquattordici	duemilaquattordici	_	_	_	_	_	linguistic	_	ContainsVariation=No	_	_	_	_	_	_
984-6	PKP130	984	6	quando	quando	_	_	_	_	_	linguistic	_	ContainsVariation=No	_	_	_	_	_	_
984-7	PKP130	984	7	feci	feci	_	_	_	_	_	linguistic	_	ContainsVariation=No	_	_	_	_	_	_
984-8	PKP130	984	8	il	il	_	_	_	_	_	linguistic	_	ContainsVariation=No	_	_	_	_	_	_
984-9	PKP130	984	9	tfa	tfa	_	_	_	_	_	linguistic	_	ContainsVariation=No	_	End=2103.66	_	_	_	_
985-0	PKP130	985	0	l'	l'	_	_	_	_	_	linguistic	_	ContainsVariation=No	SpaceAfter=No	Begin=2103.7	_	_	_	_
985-1	PKP130	985	1	ho	ho	_	_	_	_	_	linguistic	_	ContainsVariation=No	_	_	_	_	_	_
985-2	PKP130	985	2	usato	usato	_	_	_	_	_	linguistic	_	ContainsVariation=No	_	_	_	_	_	_
985-3	PKP130	985	3	nel	nel	_	_	_	_	_	linguistic	_	ContainsVariation=No	_	_	_	_	_	_
985-4	PKP130	985	4	duemilaquattordici	duemilaquattordici	_	_	_	_	_	linguistic	_	ContainsVariation=No	_	_	_	_	_	_
985-5	PKP130	985	5	fino	fino	_	_	_	_	_	linguistic	_	ContainsVariation=No	_	_	_	_	_	_
985-6	PKP130	985	6	al	al	_	_	_	_	_	linguistic	_	ContainsVariation=No	_	_	_	_	_	_
985-7	PKP130	985	7	DUEMILA	duemila	_	_	_	_	_	linguistic	_	ContainsVariation=No	Volume=high	_	_	_	_	_
985-8	PKP130	985	8	E,	e	_	_	_	_	_	linguistic	_	ContainsVariation=No	Intonation=WeaklyRising|Volume=high	End=2106.753	_	_	_	_
986-0	PKP130	986	0	diciannove	diciannove	_	_	_	_	_	linguistic	_	ContainsVariation=No	_	Begin=2106.914|End=2107.614	_	_	_	_
987-0	PKP130	987	0	CINQUE	cinque	_	_	_	_	_	linguistic	_	ContainsVariation=No	Volume=high	Begin=2108.306	_	_	_	_
987-1	PKP130	987	1	ANNI	anni	_	_	_	_	_	linguistic	_	ContainsVariation=No	Volume=high	_	_	_	_	_
987-2	PKP130	987	2	l'	l'	_	_	_	_	_	linguistic	_	ContainsVariation=No	SpaceAfter=No	_	_	_	_	_
987-3	PKP130	987	3	iphone:	iphone	_	_	_	_	_	linguistic	_	ContainsVariation=No	_	_	5x1	_	_	_
987-4	PKP130	987	4	sei	sei	_	_	_	_	_	linguistic	_	ContainsVariation=No	_	End=2110.129	_	_	_	_
988-0	PKP130	988	0	UN	un	_	_	_	_	_	linguistic	_	ContainsVariation=No	Volume=high	Begin=2110.376	_	_	_	_
988-1	PKP130	988	1	ALTRO	altro	_	_	_	_	_	linguistic	_	ContainsVariation=No	Volume=high	_	_	_	_	_
988-2	PKP130	988	2	ANNO	anno	_	_	_	_	_	linguistic	_	ContainsVariation=No	Volume=high	_	_	_	_	_
988-3	PKP130	988	3	E	e	_	_	_	_	_	linguistic	_	ContainsVariation=No	Volume=high	_	_	_	_	_
988-4	PKP130	988	4	MEZZO	mezzo	_	_	_	_	_	linguistic	_	ContainsVariation=No	Volume=high	_	_	_	_	_
988-5	PKP130	988	5	l'	l'	_	_	_	_	_	linguistic	_	ContainsVariation=No	SpaceAfter=No	_	_	_	_	_
988-6	PKP130	988	6	ha	ha	_	_	_	_	_	linguistic	_	ContainsVariation=No	_	_	_	_	_	_
988-7	PKP130	988	7	usato	usato	_	_	_	_	_	linguistic	_	ContainsVariation=No	_	_	_	_	_	_
988-8	PKP130	988	8	andrea	andrea	_	_	_	_	_	linguistic	_	ContainsVariation=No	_	_	_	_	_	_
988-9	PKP130	988	9	fino	fino	_	_	_	_	_	linguistic	_	ContainsVariation=No	_	_	_	_	_	_
988-10	PKP130	988	10	a	a	_	_	_	_	_	linguistic	_	ContainsVariation=No	_	_	_	_	_	_
988-11	PKP130	988	11	quando	quando	_	_	_	_	_	linguistic	_	ContainsVariation=No	_	_	_	_	_	_
988-12	PKP130	988	12	non	non	_	_	_	_	_	linguistic	_	ContainsVariation=No	_	_	_	_	_	_
988-13	PKP130	988	13	si	si	_	_	_	_	_	linguistic	_	ContainsVariation=No	_	_	_	_	_	_
988-14	PKP130	988	14	è	è	_	_	_	_	_	linguistic	_	ContainsVariation=No	_	_	_	_	_	_
988-15	PKP130	988	15	rotto	rotto	_	_	_	_	_	linguistic	_	ContainsVariation=No	_	_	_	_	_	_
988-16	PKP130	988	16	ora.	ora	_	_	_	_	_	linguistic	_	ContainsVariation=No	Intonation=Falling	End=2114.66	_	_	_	_
989-0	PKP130	989	0	che	che	_	_	_	_	_	linguistic	_	ContainsVariation=No	_	Begin=2114.768	_	_	_	_
989-1	PKP130	989	1	è	è	_	_	_	_	_	linguistic	_	ContainsVariation=No	_	_	_	_	_	_
989-2	PKP130	989	2	quasi:	quasi	_	_	_	_	_	linguistic	_	ContainsVariation=No	_	_	4x1	_	_	_
989-3	PKP130	989	3	quasi	quasi	_	_	_	_	_	linguistic	_	ContainsVariation=No	_	_	_	_	_	_
989-4	PKP130	989	4	finito	finito	_	_	_	_	_	linguistic	_	ContainsVariation=No	_	_	_	_	_	_
989-5	PKP130	989	5	l'	l'	_	_	_	_	_	linguistic	_	ContainsVariation=No	SpaceAfter=No	_	_	_	_	_
989-6	PKP130	989	6	anno	anno	_	_	_	_	_	linguistic	_	ContainsVariation=No	_	_	_	_	_	_
989-7	PKP130	989	7	se	se	_	_	_	_	_	linguistic	_	ContainsVariation=No	_	_	_	_	_	_
989-8	PKP130	989	8	(guarisce)	guarisce	_	_	_	_	_	linguistic	_	ContainsVariation=No	_	End=2116.668	_	_	0-8(0)	_
990-0	PKP125	990	0	però	però	_	_	_	_	_	linguistic	_	ContainsVariation=No	_	Begin=2116.976	_	_	_	_
990-1	PKP125	990	1	quello:	quello	_	_	_	_	_	linguistic	_	ContainsVariation=No	_	_	5x1	_	_	_
990-2	PKP125	990	2	il	il	_	_	_	_	_	linguistic	_	ContainsVariation=No	_	_	_	_	_	_
990-3	PKP125	990	3	quattro	quattro	_	_	_	_	_	linguistic	_	ContainsVariation=No	_	_	_	_	_	_
990-4	PKP125	990	4	quanto	quanto	_	_	_	_	_	linguistic	_	ContainsVariation=No	_	_	_	_	_	_
990-5	PKP125	990	5	era	era	_	_	_	_	_	linguistic	_	ContainsVariation=No	_	_	_	_	_	_
990-6	PKP125	990	6	bello	bello	_	_	_	_	_	linguistic	_	ContainsVariation=No	_	_	_	_	_	_
990-7	PKP125	990	7	quel	quel	_	_	_	_	_	linguistic	_	ContainsVariation=No	_	_	_	_	_	_
990-8	PKP125	990	8	telefo[no	telefono	_	_	_	_	_	linguistic	_	ContainsVariation=No	_	_	_	_	_	6-8(167)
990-9	PKP125	990	9	diceva]	diceva	_	_	_	_	_	linguistic	_	ContainsVariation=No	_	_	_	_	_	0-6(167)
990-10	PKP125	990	10	<tantissimo>	tantissimo	_	_	_	_	_	linguistic	_	ContainsVariation=No	_	End=2120.683	_	Slow=0-10(0)	_	_
991-0	PKP130	991	0	[e::h]	eh	_	_	_	_	_	linguistic	_	ContainsVariation=No	_	Begin=2119.202|End=2119.579	0x2	_	_	0-2(167)
992-0	PKP125	992	0	perché	perché	_	_	_	_	_	linguistic	_	ContainsVariation=No	_	Begin=2120.814	_	_	_	_
992-1	PKP125	992	1	era	era	_	_	_	_	_	linguistic	_	ContainsVariation=No	_	_	_	_	_	_
992-2	PKP125	992	2	piccolo:	piccolo	_	_	_	_	_	linguistic	_	ContainsVariation=No	_	End=2121.706	6x1	_	_	_
993-0	PKP130	993	0	era	era	_	_	_	_	_	linguistic	_	ContainsVariation=No	_	Begin=2121.729	_	_	_	_
993-1	PKP130	993	1	piccolo	piccolo	_	_	_	_	_	linguistic	_	ContainsVariation=No	_	_	_	_	_	_
993-2	PKP130	993	2	sì	sì	_	_	_	_	_	linguistic	_	ContainsVariation=No	_	End=2122.783	_	_	_	_
994-0	PKP125	994	0	ma	ma	_	_	_	_	_	linguistic	_	ContainsVariation=No	_	Begin=2124.218	_	_	_	_
994-1	PKP125	994	1	poi	poi	_	_	_	_	_	linguistic	_	ContainsVariation=No	_	_	_	_	_	_
994-2	PKP125	994	2	non	non	_	_	_	_	_	linguistic	_	ContainsVariation=No	_	_	_	_	_	_
994-3	PKP125	994	3	si	si	_	_	_	_	_	linguistic	_	ContainsVariation=No	_	_	_	_	_	_
994-4	PKP125	994	4	rompeva	rompeva	_	_	_	_	_	linguistic	_	ContainsVariation=No	_	_	_	_	_	_
994-5	PKP125	994	5	mai	mai	_	_	_	_	_	linguistic	_	ContainsVariation=No	_	_	_	_	_	_
994-6	PKP125	994	6	mai	mai	_	_	_	_	_	linguistic	_	ContainsVariation=No	_	_	_	_	_	_
994-7	PKP125	994	7	bloccato	bloccato	_	_	_	_	_	linguistic	_	ContainsVariation=No	_	_	_	_	_	_
994-8	PKP125	994	8	<mai>	mai	_	_	_	_	_	linguistic	_	ContainsVariation=No	_	_	_	Slow=0-3(0)	_	_
994-9	PKP125	994	9	[batte]ria:	batteria	_	_	_	_	_	linguistic	_	ContainsVariation=No	_	End=2127.747	7x1	_	_	0-5(168)
995-0	PKP130	995	0	([nemmeno	nemmeno	_	_	_	_	_	linguistic	_	ContainsVariation=No	_	Begin=2126.54	_	_	0-7(0)	0-7(168)
995-1	PKP130	995	1	a	a	_	_	_	_	_	linguistic	_	ContainsVariation=No	_	_	_	_	0-1(0)	0-1(168)
995-2	PKP130	995	2	me])	me	_	_	_	_	_	linguistic	_	ContainsVariation=No	_	End=2127.493	_	_	0-2(0)	0-2(168)
996-0	PKP125	996	0	mamma	mamma	_	_	_	_	_	linguistic	_	ContainsVariation=No	_	Begin=2128.681	_	_	_	_
996-1	PKP125	996	1	mia	mia	_	_	_	_	_	linguistic	_	ContainsVariation=No	_	_	_	_	_	_
996-2	PKP125	996	2	ma	ma	_	_	_	_	_	linguistic	_	ContainsVariation=No	_	_	_	_	_	_
996-3	PKP125	996	3	non	non	_	_	_	_	_	linguistic	_	ContainsVariation=No	_	_	_	_	_	_
996-4	PKP125	996	4	sono	sono	_	_	_	_	_	linguistic	_	ContainsVariation=No	_	_	_	_	_	_
996-5	PKP125	996	5	più	più	_	_	_	_	_	linguistic	_	ContainsVariation=No	_	_	_	_	_	_
996-6	PKP125	996	6	così	così	_	_	_	_	_	linguistic	_	ContainsVariation=No	_	_	_	_	_	_
996-7	PKP125	996	7	gli	gli	_	_	_	_	_	linguistic	_	ContainsVariation=No	_	_	_	_	_	_
996-8	PKP125	996	8	iphone	iphone	_	_	_	_	_	linguistic	_	ContainsVariation=No	_	_	_	_	_	_
996-9	PKP125	996	9	eh	eh	_	_	_	_	_	linguistic	_	ContainsVariation=No	_	_	_	_	_	_
996-10	PKP125	996	10	comunque	comunque	_	_	_	_	_	linguistic	_	ContainsVariation=No	_	_	_	_	_	_
996-11	PKP125	996	11	non	non	_	_	_	_	_	linguistic	_	ContainsVariation=No	_	_	_	_	_	_
996-12	PKP125	996	12	sono	sono	_	_	_	_	_	linguistic	_	ContainsVariation=No	_	_	_	_	_	_
996-13	PKP125	996	13	[così	così	_	_	_	_	_	linguistic	_	ContainsVariation=No	_	_	_	_	_	0-4(169)
996-14	PKP125	996	14	resiste:nti]	resistenti	_	_	_	_	_	linguistic	_	ContainsVariation=No	_	End=2132.95	6x1	_	_	0-10(169)
997-0	PKP130	997	0	[e::h	eh	_	_	_	_	_	linguistic	_	ContainsVariation=No	_	Begin=2131.819	0x2	_	_	_
997-1	PKP130	997	1	albe'	albe'	_	_	_	_	_	linguistic	_	ContainsVariation=No	Truncated=Yes	_	_	_	_	_
997-2	PKP130	997	2	ma	ma	_	_	_	_	_	linguistic	_	ContainsVariation=No	_	_	_	_	_	_
997-3	PKP130	997	3	tu	tu	_	_	_	_	_	linguistic	_	ContainsVariation=No	_	_	_	_	_	_
997-4	PKP130	997	4	ti	ti	_	_	_	_	_	linguistic	_	ContainsVariation=No	_	_	_	_	_	_
997-5	PKP130	997	5	ricordi	ricordi	_	_	_	_	_	linguistic	_	ContainsVariation=No	_	_	_	_	_	_
997-6	PKP130	997	6	che	che	_	_	_	_	_	linguistic	_	ContainsVariation=No	_	_	_	_	_	_
997-7	PKP130	997	7	all'	all'	_	_	_	_	_	linguistic	_	ContainsVariation=No	SpaceAfter=No	_	_	_	_	_
997-8	PKP130	997	8	improvviso	improvviso	_	_	_	_	_	linguistic	_	ContainsVariation=No	_	_	_	_	_	_
997-9	PKP130	997	9	si	si	_	_	_	_	_	linguistic	_	ContainsVariation=No	_	_	_	_	_	_
997-10	PKP130	997	10	bloccò	bloccò	_	_	_	_	_	linguistic	_	ContainsVariation=No	_	_	_	_	_	_
997-11	PKP130	997	11	nel	nel	_	_	_	_	_	linguistic	_	ContainsVariation=No	_	_	_	_	_	_
997-12	PKP130	997	12	deumilatredici	deumilatredici	_	_	_	_	_	linguistic	_	ContainsVariation=No	_	_	_	_	_	_
997-13	PKP130	997	13	dovetti	dovetti	_	_	_	_	_	linguistic	_	ContainsVariation=No	_	_	_	_	_	_
997-14	PKP130	997	14	cambiare	cambiare	_	_	_	_	_	linguistic	_	ContainsVariation=No	_	_	_	_	_	_
997-15	PKP130	997	15	un	un	_	_	_	_	_	linguistic	_	ContainsVariation=No	_	_	_	_	_	_
997-16	PKP130	997	16	sacco	sacco	_	_	_	_	_	linguistic	_	ContainsVariation=No	_	_	_	_	_	_
997-17	PKP130	997	17	di	di	_	_	_	_	_	linguistic	_	ContainsVariation=No	_	_	_	_	_	_
997-18	PKP130	997	18	volte	volte	_	_	_	_	_	linguistic	_	ContainsVariation=No	_	_	_	_	_	_
997-19	PKP130	997	19	scheda:	scheda	_	_	_	_	_	linguistic	_	ContainsVariation=No	_	End=2137.661	5x1	_	_	_
998-0	PKP125	998	0	il	il	_	_	_	_	_	linguistic	_	ContainsVariation=No	_	Begin=2137.799	_	_	_	_
998-1	PKP125	998	1	no~	no~	_	_	_	_	_	linguistic	_	ContainsVariation=No	Interrupted=Yes	_	_	_	_	_
998-2	PKP125	998	2	il	il	_	_	_	_	_	linguistic	_	ContainsVariation=No	_	_	_	_	_	_
998-3	PKP125	998	3	SEI	sei	_	_	_	_	_	linguistic	_	ContainsVariation=No	Volume=high	_	_	_	_	_
998-4	PKP125	998	4	PERÒ	però	_	_	_	_	_	linguistic	_	ContainsVariation=No	Volume=high	End=2138.76	_	_	_	_
999-0	PKP130	999	0	era	era	_	_	_	_	_	linguistic	_	ContainsVariation=No	_	Begin=2138.825	_	_	_	_
999-1	PKP130	999	1	il	il	_	_	_	_	_	linguistic	_	ContainsVariation=No	_	_	_	_	_	_
999-2	PKP130	999	2	quattro:	quattro	_	_	_	_	_	linguistic	_	ContainsVariation=No	_	End=2139.933	6x1	_	_	_
1000-0	PKP130	1000	0	perché	perché	_	_	_	_	_	linguistic	_	ContainsVariation=No	_	Begin=2140.053	_	_	_	_
1000-1	PKP130	1000	1	<alessandro>	alessandro	_	_	_	_	_	linguistic	_	ContainsVariation=No	_	_	_	Slow=0-10(0)	_	_
1000-2	PKP130	1000	2	poi	poi	_	_	_	_	_	linguistic	_	ContainsVariation=No	_	_	_	Fast=0-3(0)	_	_
1000-3	PKP130	1000	3	secondo	secondo	_	_	_	_	_	linguistic	_	ContainsVariation=No	_	_	_	Fast=0-7(0)	_	_
1000-4	PKP130	1000	4	me	me	_	_	_	_	_	linguistic	_	ContainsVariation=No	_	_	_	Fast=0-2(0)	_	_
1000-5	PKP130	1000	5	alessandro	alessandro	_	_	_	_	_	linguistic	_	ContainsVariation=No	_	_	_	Fast=0-10(0)	_	_
1000-6	PKP130	1000	6	me	me	_	_	_	_	_	linguistic	_	ContainsVariation=No	_	_	_	Fast=0-2(0)	_	_
1000-7	PKP130	1000	7	lo	lo	_	_	_	_	_	linguistic	_	ContainsVariation=No	_	_	_	Fast=0-2(0)	_	_
1000-8	PKP130	1000	8	comprò	comprò	_	_	_	_	_	linguistic	_	ContainsVariation=No	_	_	_	Fast=0-6(0)	_	_
1000-9	PKP130	1000	9	sottomano	sottomano	_	_	_	_	_	linguistic	_	ContainsVariation=No	_	_	_	Fast=0-9(0)	_	_
1000-10	PKP130	1000	10	me	me	_	_	_	_	_	linguistic	_	ContainsVariation=No	_	_	_	Fast=0-2(0)	_	_
1000-11	PKP130	1000	11	lo	lo	_	_	_	_	_	linguistic	_	ContainsVariation=No	_	_	_	Fast=0-2(0)	_	_
1000-12	PKP130	1000	12	comprò	comprò	_	_	_	_	_	linguistic	_	ContainsVariation=No	_	_	_	Fast=0-6(0)	_	_
1000-13	PKP130	1000	13	per	per	_	_	_	_	_	linguistic	_	ContainsVariation=No	_	_	_	Fast=0-3(0)	_	_
1000-14	PKP130	1000	14	vie	vie	_	_	_	_	_	linguistic	_	ContainsVariation=No	_	_	_	Fast=0-3(0)	_	_
1000-15	PKP130	1000	15	non	non	_	_	_	_	_	linguistic	_	ContainsVariation=No	_	_	_	Fast=0-3(0)	_	_
1000-16	PKP130	1000	16	tanto	tanto	_	_	_	_	_	linguistic	_	ContainsVariation=No	_	_	_	Fast=0-5(0)	_	_
1000-17	PKP130	1000	17	<LEGALI>	legali	_	_	_	_	_	linguistic	_	ContainsVariation=No	Volume=high	End=2145.068	_	Slow=0-6(1)	_	_
1001-0	PKP130	1001	0	e	e	_	_	_	_	_	linguistic	_	ContainsVariation=No	_	Begin=2145.314	_	_	_	_
1001-1	PKP130	1001	1	secondo	secondo	_	_	_	_	_	linguistic	_	ContainsVariation=No	_	_	_	_	_	_
1001-2	PKP130	1001	2	me:	me	_	_	_	_	_	linguistic	_	ContainsVariation=No	_	_	1x1	_	_	_
1001-3	PKP130	1001	3	dovettero	dovettero	_	_	_	_	_	linguistic	_	ContainsVariation=No	_	_	_	_	_	_
1001-4	PKP130	1001	4	bloccarlo	bloccarlo	_	_	_	_	_	linguistic	_	ContainsVariation=No	_	_	_	_	_	_
1001-5	PKP130	1001	5	dal::	dal	_	_	_	_	_	linguistic	_	ContainsVariation=No	_	_	2x2	_	_	_
1001-6	PKP130	1001	6	mh	mh	_	_	_	_	_	linguistic	_	ContainsVariation=No	_	_	_	_	_	_
1001-7	PKP130	1001	7	dalla	dalla	_	_	_	_	_	linguistic	_	ContainsVariation=No	_	_	_	_	_	_
1001-8	PKP130	1001	8	casa	casa	_	_	_	_	_	linguistic	_	ContainsVariation=No	_	_	_	_	_	_
1001-9	PKP130	1001	9	ma[dre]	madre	_	_	_	_	_	linguistic	_	ContainsVariation=No	_	End=2149.067	_	_	_	2-5(170)
1002-0	PKP125	1002	0	[sì]?	sì	_	_	_	_	_	linguistic	_	ContainsVariation=No	Intonation=Rising	Begin=2148.301|End=2148.786	_	_	_	0-2(170)
1003-0	PKP130	1003	0	secondo	secondo	_	_	_	_	_	linguistic	_	ContainsVariation=No	_	Begin=2149.116	_	_	_	_
1003-1	PKP130	1003	1	me	me	_	_	_	_	_	linguistic	_	ContainsVariation=No	_	_	_	_	_	_
1003-2	PKP130	1003	2	sì	sì	_	_	_	_	_	linguistic	_	ContainsVariation=No	_	_	_	_	_	_
1003-3	PKP130	1003	3	albe'	albe'	_	_	_	_	_	linguistic	_	ContainsVariation=No	Truncated=Yes	_	_	_	_	_
1003-4	PKP130	1003	4	io	io	_	_	_	_	_	linguistic	_	ContainsVariation=No	_	_	_	_	_	_
1003-5	PKP130	1003	5	stetti	stetti	_	_	_	_	_	linguistic	_	ContainsVariation=No	_	_	_	_	_	_
1003-6	PKP130	1003	6	poi	poi	_	_	_	_	_	linguistic	_	ContainsVariation=No	_	_	_	_	_	_
1003-7	PKP130	1003	7	lo	lo	_	_	_	_	_	linguistic	_	ContainsVariation=No	_	_	_	_	_	_
1003-8	PKP130	1003	8	pagai	pagai	_	_	_	_	_	linguistic	_	ContainsVariation=No	_	_	_	_	_	_
1003-9	PKP130	1003	9	settanta	settanta	_	_	_	_	_	linguistic	_	ContainsVariation=No	_	_	_	_	_	_
1003-10	PKP130	1003	10	euro	euro	_	_	_	_	_	linguistic	_	ContainsVariation=No	_	End=2152.008	_	_	_	_
1004-0	PKP130	1004	0	mi	mi	_	_	_	_	_	linguistic	_	ContainsVariation=No	_	Begin=2152.337	_	_	_	_
1004-1	PKP130	1004	1	fece	fece	_	_	_	_	_	linguistic	_	ContainsVariation=No	_	_	_	_	_	_
1004-2	PKP130	1004	2	comprare	comprare	_	_	_	_	_	linguistic	_	ContainsVariation=No	_	_	_	_	_	_
1004-3	PKP130	1004	3	prima	prima	_	_	_	_	_	linguistic	_	ContainsVariation=No	_	_	_	_	_	_
1004-4	PKP130	1004	4	dieci	dieci	_	_	_	_	_	linguistic	_	ContainsVariation=No	_	_	_	_	_	_
1004-5	PKP130	1004	5	schede	schede	_	_	_	_	_	linguistic	_	ContainsVariation=No	_	_	_	_	_	_
1004-6	PKP130	1004	6	cambiai	cambiai	_	_	_	_	_	linguistic	_	ContainsVariation=No	_	_	_	_	_	_
1004-7	PKP130	1004	7	diecimila	diecimila	_	_	_	_	_	linguistic	_	ContainsVariation=No	_	_	_	_	_	_
1004-8	PKP130	1004	8	operatori	operatori	_	_	_	_	_	linguistic	_	ContainsVariation=No	_	_	_	_	_	_
1004-9	PKP130	1004	9	rimasi	rimasi	_	_	_	_	_	linguistic	_	ContainsVariation=No	_	_	_	_	_	_
1004-10	PKP130	1004	10	[senza	senza	_	_	_	_	_	linguistic	_	ContainsVariation=No	_	_	_	_	_	0-5(171)
1004-11	PKP130	1004	11	telefono]	telefono	_	_	_	_	_	linguistic	_	ContainsVariation=No	_	_	_	_	_	0-8(171)
1004-12	PKP130	1004	12	per	per	_	_	_	_	_	linguistic	_	ContainsVariation=No	_	_	_	_	_	_
1004-13	PKP130	1004	13	un	un	_	_	_	_	_	linguistic	_	ContainsVariation=No	_	_	_	_	_	_
1004-14	PKP130	1004	14	MESE.	mese	_	_	_	_	_	linguistic	_	ContainsVariation=No	Intonation=Falling|Volume=high	End=2157.468	_	_	_	_
1005-0	PKP125	1005	0	[m::h]	mh	_	_	_	_	_	linguistic	_	ContainsVariation=No	_	Begin=2155.99|End=2156.798	0x2	_	_	0-2(171)
1006-0	PKP125	1006	0	devi	devi	_	_	_	_	_	linguistic	_	ContainsVariation=No	_	Begin=2163.037	_	_	_	_
1006-1	PKP125	1006	1	andare	andare	_	_	_	_	_	linguistic	_	ContainsVariation=No	_	_	_	_	_	_
1006-2	PKP125	1006	2	a	a	_	_	_	_	_	linguistic	_	ContainsVariation=No	_	_	_	_	_	_
1006-3	PKP125	1006	3	vedere	vedere	_	_	_	_	_	linguistic	_	ContainsVariation=No	_	_	_	_	_	_
1006-4	PKP125	1006	4	daniele?	daniele	_	_	_	_	_	linguistic	_	ContainsVariation=No	Intonation=Rising	End=2164.629	_	_	_	_
1007-0	PKP130	1007	0	no	no	_	_	_	_	_	linguistic	_	ContainsVariation=No	_	Begin=2165.467|End=2165.698	_	_	_	_
1008-0	PKP125	1008	0	°a	a	_	_	_	_	_	linguistic	_	ContainsVariation=No	Volume=low	Begin=2167.847	_	_	_	_
1008-1	PKP125	1008	1	quanto	quanto	_	_	_	_	_	linguistic	_	ContainsVariation=No	Volume=low	_	_	_	_	_
1008-2	PKP125	1008	2	siamo	siamo	_	_	_	_	_	linguistic	_	ContainsVariation=No	Volume=low	_	_	_	_	_
1008-3	PKP125	1008	3	[arrivati]°	arrivati	_	_	_	_	_	linguistic	_	ContainsVariation=No	Volume=low	End=2169.032	_	_	_	0-8(172)
1009-0	PKP130	1009	0	potrei	potrei	_	_	_	_	_	linguistic	_	ContainsVariation=No	_	Begin=2168.727	_	_	_	_
1009-1	PKP130	1009	1	andare	andare	_	_	_	_	_	linguistic	_	ContainsVariation=No	_	_	_	_	_	_
1009-2	PKP130	1009	2	al	al	_	_	_	_	_	linguistic	_	ContainsVariation=No	_	_	_	_	_	_
1009-3	PKP130	1009	3	ma~	ma~	_	_	_	_	_	linguistic	_	ContainsVariation=No	Interrupted=Yes	_	_	_	_	_
1009-4	PKP130	1009	4	ma	ma	_	_	_	_	_	linguistic	_	ContainsVariation=No	_	_	_	_	_	_
1009-5	PKP130	1009	5	tu	tu	_	_	_	_	_	linguistic	_	ContainsVariation=No	_	_	_	_	_	_
1009-6	PKP130	1009	6	non	non	_	_	_	_	_	linguistic	_	ContainsVariation=No	_	_	_	_	_	_
1009-7	PKP130	1009	7	vieni	vieni	_	_	_	_	_	linguistic	_	ContainsVariation=No	_	_	_	_	_	_
1009-8	PKP130	1009	8	al	al	_	_	_	_	_	linguistic	_	ContainsVariation=No	_	_	_	_	_	_
1009-9	PKP130	1009	9	mare	mare	_	_	_	_	_	linguistic	_	ContainsVariation=No	_	_	_	_	_	_
1009-10	PKP130	1009	10	questa	questa	_	_	_	_	_	linguistic	_	ContainsVariation=No	_	_	_	_	_	_
1009-11	PKP130	1009	11	settimana?	settimana	_	_	_	_	_	linguistic	_	ContainsVariation=No	Intonation=Rising	End=2171.097	_	_	_	_
1010-0	PKP125	1010	0	sì	sì	_	_	_	_	_	linguistic	_	ContainsVariation=No	_	Begin=2171.854	_	_	_	_
1010-1	PKP125	1010	1	marce'	marce'	_	_	_	_	_	linguistic	_	ContainsVariation=No	Truncated=Yes	_	_	_	_	_
1010-2	PKP125	1010	2	voglio	voglio	_	_	_	_	_	linguistic	_	ContainsVariation=No	_	_	_	_	_	_
1010-3	PKP125	1010	3	venire	venire	_	_	_	_	_	linguistic	_	ContainsVariation=No	_	_	_	_	_	_
1010-4	PKP125	1010	4	un	un	_	_	_	_	_	linguistic	_	ContainsVariation=No	_	_	_	_	_	_
1010-5	PKP125	1010	5	po':	po'	_	_	_	_	_	linguistic	_	ContainsVariation=No	_	End=2173.377	1x1	_	_	_
1011-0	PKP130	1011	0	vogliamo	vogliamo	_	_	_	_	_	linguistic	_	ContainsVariation=No	_	Begin=2173.426	_	_	_	_
1011-1	PKP130	1011	1	andare	andare	_	_	_	_	_	linguistic	_	ContainsVariation=No	_	_	_	_	_	_
1011-2	PKP130	1011	2	mercoledì	mercoledì	_	_	_	_	_	linguistic	_	ContainsVariation=No	_	_	_	_	_	_
1011-3	PKP130	1011	3	pomeriggio	pomeriggio	_	_	_	_	_	linguistic	_	ContainsVariation=No	_	_	_	_	_	_
1011-4	PKP130	1011	4	all'	all'	_	_	_	_	_	linguistic	_	ContainsVariation=No	SpaceAfter=No	_	_	_	_	_
1011-5	PKP130	1011	5	uise?	uise	_	_	_	_	_	linguistic	_	ContainsVariation=No	Intonation=Rising	End=2175.388	_	_	_	_
1012-0	PKP125	1012	0	e	e	_	_	_	_	_	linguistic	_	ContainsVariation=No	_	Begin=2176.08	_	_	_	_
1012-1	PKP125	1012	1	vai	vai	_	_	_	_	_	linguistic	_	ContainsVariation=No	_	_	_	_	_	_
1012-2	PKP125	1012	2	jà	jà	_	_	_	_	_	linguistic	_	ContainsVariation=No	_	End=2176.765	_	_	_	_
1013-0	PKP125	1013	0	[>sì	sì	_	_	_	_	_	linguistic	_	ContainsVariation=No	_	Begin=2177.676	_	Fast=0-2(0)	_	0-2(173)
1013-1	PKP125	1013	1	anche	anche	_	_	_	_	_	linguistic	_	ContainsVariation=No	_	_	_	Fast=0-5(0)	_	0-5(173)
1013-2	PKP125	1013	2	perché<]	perché	_	_	_	_	_	linguistic	_	ContainsVariation=No	_	End=2178.43	_	Fast=0-6(0)	_	0-6(173)
1014-0	PKP130	1014	0	[PERÒ::]	però	_	_	_	_	_	linguistic	_	ContainsVariation=No	Volume=high	Begin=2177.68	3x2	_	_	0-4(173)
1014-1	PKP130	1014	1	ce	ce	_	_	_	_	_	linguistic	_	ContainsVariation=No	_	_	_	_	_	_
1014-2	PKP130	1014	2	ne	ne	_	_	_	_	_	linguistic	_	ContainsVariation=No	_	_	_	_	_	_
1014-3	PKP130	1014	3	dobbiamo	dobbiamo	_	_	_	_	_	linguistic	_	ContainsVariation=No	_	_	_	_	_	_
1014-4	PKP130	1014	4	andare	andare	_	_	_	_	_	linguistic	_	ContainsVariation=No	_	_	_	_	_	_
1014-5	PKP130	1014	5	alle	alle	_	_	_	_	_	linguistic	_	ContainsVariation=No	_	_	_	_	_	_
1014-6	PKP130	1014	6	due.	due	_	_	_	_	_	linguistic	_	ContainsVariation=No	Intonation=Falling	End=2180.08	_	_	_	_
1015-0	PKP125	1015	0	°ma	ma	_	_	_	_	_	linguistic	_	ContainsVariation=No	Volume=low	Begin=2180.411	_	_	_	_
1015-1	PKP125	1015	1	anche	anche	_	_	_	_	_	linguistic	_	ContainsVariation=No	Volume=low	_	_	_	_	_
1015-2	PKP125	1015	2	prima	prima	_	_	_	_	_	linguistic	_	ContainsVariation=No	Volume=low	_	_	_	_	_
1015-3	PKP125	1015	3	marce'	marce'	_	_	_	_	_	linguistic	_	ContainsVariation=No	Truncated=Yes|Volume=low	_	_	_	_	_
1015-4	PKP125	1015	4	[possiamo	possiamo	_	_	_	_	_	linguistic	_	ContainsVariation=No	Volume=low	_	_	_	_	0-8(174)
1015-5	PKP125	1015	5	fare	fare	_	_	_	_	_	linguistic	_	ContainsVariation=No	Volume=low	_	_	_	_	0-4(174)
1015-6	PKP125	1015	6	anche	anche	_	_	_	_	_	linguistic	_	ContainsVariation=No	Volume=low	_	_	_	_	0-5(174)
1015-7	PKP125	1015	7	la	la	_	_	_	_	_	linguistic	_	ContainsVariation=No	Volume=low	_	_	_	_	0-2(174)
1015-8	PKP125	1015	8	giornata]°	giornata	_	_	_	_	_	linguistic	_	ContainsVariation=No	Volume=low	End=2183.057	_	_	_	0-8(174)
1016-0	PKP130	1016	0	[ALLE	alle	_	_	_	_	_	linguistic	_	ContainsVariation=No	Volume=high	Begin=2181.461	_	_	_	0-4(174)
1016-1	PKP130	1016	1	DUE:	due	_	_	_	_	_	linguistic	_	ContainsVariation=No	Volume=high	_	2x1	_	_	0-3(174)
1016-2	PKP130	1016	2	poss~]	poss~	_	_	_	_	_	linguistic	_	ContainsVariation=No	Interrupted=Yes	End=2182.868	_	_	_	0-5(174)
1017-0	PKP130	1017	0	possiamo	possiamo	_	_	_	_	_	linguistic	_	ContainsVariation=No	_	Begin=2183.268	_	_	_	_
1017-1	PKP130	1017	1	fare	fare	_	_	_	_	_	linguistic	_	ContainsVariation=No	_	_	_	_	_	_
1017-2	PKP130	1017	2	NO:	no	_	_	_	_	_	linguistic	_	ContainsVariation=No	Volume=high	_	1x1	_	_	_
1017-3	PKP130	1017	3	merc~	merc~	_	_	_	_	_	linguistic	_	ContainsVariation=No	Interrupted=Yes	_	_	_	_	_
1017-4	PKP130	1017	4	no	no	_	_	_	_	_	linguistic	_	ContainsVariation=No	_	_	_	_	_	_
1017-5	PKP130	1017	5	albe'	albe'	_	_	_	_	_	linguistic	_	ContainsVariation=No	Truncated=Yes	_	_	_	_	_
1017-6	PKP130	1017	6	la	la	_	_	_	_	_	linguistic	_	ContainsVariation=No	_	_	_	_	_	_
1017-7	PKP130	1017	7	giornata	giornata	_	_	_	_	_	linguistic	_	ContainsVariation=No	_	_	_	_	_	_
1017-8	PKP130	1017	8	io	io	_	_	_	_	_	linguistic	_	ContainsVariation=No	_	_	_	_	_	_
1017-9	PKP130	1017	9	domani	domani	_	_	_	_	_	linguistic	_	ContainsVariation=No	_	_	_	_	_	_
1017-10	PKP130	1017	10	torno	torno	_	_	_	_	_	linguistic	_	ContainsVariation=No	_	_	_	_	_	_
1017-11	PKP130	1017	11	dal	dal	_	_	_	_	_	linguistic	_	ContainsVariation=No	_	_	_	_	_	_
1017-12	PKP130	1017	12	matrimonio	matrimonio	_	_	_	_	_	linguistic	_	ContainsVariation=No	_	_	_	_	_	_
1017-13	PKP130	1017	13	<tardi>	tardi	_	_	_	_	_	linguistic	_	ContainsVariation=No	_	End=2187.853	_	Slow=0-5(0)	_	_
1018-0	PKP130	1018	0	ce	ce	_	_	_	_	_	linguistic	_	ContainsVariation=No	_	Begin=2188.283	_	_	_	_
1018-1	PKP130	1018	1	ne	ne	_	_	_	_	_	linguistic	_	ContainsVariation=No	_	_	_	_	_	_
1018-2	PKP130	1018	2	andiamo	andiamo	_	_	_	_	_	linguistic	_	ContainsVariation=No	_	_	_	_	_	_
1018-3	PKP130	1018	3	via	via	_	_	_	_	_	linguistic	_	ContainsVariation=No	_	_	_	_	_	_
1018-4	PKP130	1018	4	all'	all'	_	_	_	_	_	linguistic	_	ContainsVariation=No	SpaceAfter=No	_	_	_	_	_
1018-5	PKP130	1018	5	una	una	_	_	_	_	_	linguistic	_	ContainsVariation=No	_	_	_	_	_	_
1018-6	PKP130	1018	6	e	e	_	_	_	_	_	linguistic	_	ContainsVariation=No	_	_	_	_	_	_
1018-7	PKP130	1018	7	mezza	mezza	_	_	_	_	_	linguistic	_	ContainsVariation=No	_	_	_	_	_	_
1018-8	PKP130	1018	8	due	due	_	_	_	_	_	linguistic	_	ContainsVariation=No	_	_	_	_	_	_
1018-9	PKP130	1018	9	il	il	_	_	_	_	_	linguistic	_	ContainsVariation=No	_	_	_	_	_	_
1018-10	PKP130	1018	10	tempo	tempo	_	_	_	_	_	linguistic	_	ContainsVariation=No	_	_	_	_	_	_
1018-11	PKP130	1018	11	che	che	_	_	_	_	_	linguistic	_	ContainsVariation=No	_	_	_	_	_	_
1018-12	PKP130	1018	12	ho	ho	_	_	_	_	_	linguistic	_	ContainsVariation=No	_	_	_	_	_	_
1018-13	PKP130	1018	13	fatto	fatto	_	_	_	_	_	linguistic	_	ContainsVariation=No	_	_	_	_	_	_
1018-14	PKP130	1018	14	mangiare	mangiare	_	_	_	_	_	linguistic	_	ContainsVariation=No	_	_	_	_	_	_
1018-15	PKP130	1018	15	<DANIELE>	daniele	_	_	_	_	_	linguistic	_	ContainsVariation=No	Volume=high	_	_	Slow=0-7(0)	_	_
1018-16	PKP130	1018	16	e	e	_	_	_	_	_	linguistic	_	ContainsVariation=No	_	_	_	_	_	_
1018-17	PKP130	1018	17	poi	poi	_	_	_	_	_	linguistic	_	ContainsVariation=No	_	_	_	_	_	_
1018-18	PKP130	1018	18	dobbiamo	dobbiamo	_	_	_	_	_	linguistic	_	ContainsVariation=No	_	_	_	_	_	_
1018-19	PKP130	1018	19	tornare	tornare	_	_	_	_	_	linguistic	_	ContainsVariation=No	_	_	_	_	_	_
1018-20	PKP130	1018	20	verso	verso	_	_	_	_	_	linguistic	_	ContainsVariation=No	_	_	_	_	_	_
1018-21	PKP130	1018	21	le	le	_	_	_	_	_	linguistic	_	ContainsVariation=No	_	_	_	_	_	_
1018-22	PKP130	1018	22	sei	sei	_	_	_	_	_	linguistic	_	ContainsVariation=No	_	_	_	_	_	_
1018-23	PKP130	1018	23	perché	perché	_	_	_	_	_	linguistic	_	ContainsVariation=No	_	_	_	_	_	_
1018-24	PKP130	1018	24	deve	deve	_	_	_	_	_	linguistic	_	ContainsVariation=No	_	_	_	_	_	_
1018-25	PKP130	1018	25	venire	venire	_	_	_	_	_	linguistic	_	ContainsVariation=No	_	_	_	_	_	_
1018-26	PKP130	1018	26	tatiana	tatiana	_	_	_	_	_	linguistic	_	ContainsVariation=No	_	End=2194.691	_	_	_	_
1019-0	PKP130	1019	0	alle	alle	_	_	_	_	_	linguistic	_	ContainsVariation=No	_	Begin=2195.221	_	_	_	_
1019-1	PKP130	1019	1	<sei	sei	_	_	_	_	_	linguistic	_	ContainsVariation=No	_	_	_	Slow=0-3(0)	_	_
1019-2	PKP130	1019	2	e	e	_	_	_	_	_	linguistic	_	ContainsVariation=No	_	_	_	Slow=0-1(0)	_	_
1019-3	PKP130	1019	3	un	un	_	_	_	_	_	linguistic	_	ContainsVariation=No	_	_	_	Slow=0-2(0)	_	_
1019-4	PKP130	1019	4	quarto>	quarto	_	_	_	_	_	linguistic	_	ContainsVariation=No	_	_	_	Slow=0-6(0)	_	_
1019-5	PKP130	1019	5	massimo	massimo	_	_	_	_	_	linguistic	_	ContainsVariation=No	_	_	_	_	_	_
1019-6	PKP130	1019	6	a	a	_	_	_	_	_	linguistic	_	ContainsVariation=No	_	_	_	_	_	_
1019-7	PKP130	1019	7	casa	casa	_	_	_	_	_	linguistic	_	ContainsVariation=No	_	End=2197.406	_	_	_	_
1020-0	PKP130	1020	0	perché	perché	_	_	_	_	_	linguistic	_	ContainsVariation=No	_	Begin=2197.44	_	_	_	_
1020-1	PKP130	1020	1	poi	poi	_	_	_	_	_	linguistic	_	ContainsVariation=No	_	_	_	_	_	_
1020-2	PKP130	1020	2	deve	deve	_	_	_	_	_	linguistic	_	ContainsVariation=No	_	_	_	_	_	_
1020-3	PKP130	1020	3	venire	venire	_	_	_	_	_	linguistic	_	ContainsVariation=No	_	_	_	_	_	_
1020-4	PKP130	1020	4	questa	questa	_	_	_	_	_	linguistic	_	ContainsVariation=No	_	_	_	_	_	_
1020-5	PKP130	1020	5	ragazza	ragazza	_	_	_	_	_	linguistic	_	ContainsVariation=No	_	_	_	_	_	_
1020-6	PKP130	1020	6	devo	devo	_	_	_	_	_	linguistic	_	ContainsVariation=No	_	_	_	_	_	_
1020-7	PKP130	1020	7	fare	fare	_	_	_	_	_	linguistic	_	ContainsVariation=No	_	_	_	_	_	_
1020-8	PKP130	1020	8	il	il	_	_	_	_	_	linguistic	_	ContainsVariation=No	_	_	_	_	_	_
1020-9	PKP130	1020	9	bagnetto	bagnetto	_	_	_	_	_	linguistic	_	ContainsVariation=No	_	_	_	_	_	_
1020-10	PKP130	1020	10	a	a	_	_	_	_	_	linguistic	_	ContainsVariation=No	_	_	_	_	_	_
1020-11	PKP130	1020	11	daniele	daniele	_	_	_	_	_	linguistic	_	ContainsVariation=No	_	End=2200.463	_	_	_	_
1021-0	PKP130	1021	0	però	però	_	_	_	_	_	linguistic	_	ContainsVariation=No	_	Begin=2200.855	_	_	_	_
1021-1	PKP130	1021	1	se	se	_	_	_	_	_	linguistic	_	ContainsVariation=No	_	_	_	_	_	_
1021-2	PKP130	1021	2	tu	tu	_	_	_	_	_	linguistic	_	ContainsVariation=No	_	_	_	_	_	_
1021-3	PKP130	1021	3	mi	mi	_	_	_	_	_	linguistic	_	ContainsVariation=No	_	_	_	_	_	_
1021-4	PKP130	1021	4	dici	dici	_	_	_	_	_	linguistic	_	ContainsVariation=No	_	_	_	_	_	_
1021-5	PKP130	1021	5	di	di	_	_	_	_	_	linguistic	_	ContainsVariation=No	_	_	_	_	_	_
1021-6	PKP130	1021	6	sì:	sì	_	_	_	_	_	linguistic	_	ContainsVariation=No	_	_	1x1	_	_	_
1021-7	PKP130	1021	7	io	io	_	_	_	_	_	linguistic	_	ContainsVariation=No	_	_	_	_	_	_
1021-8	PKP130	1021	8	non	non	_	_	_	_	_	linguistic	_	ContainsVariation=No	_	_	_	_	_	_
1021-9	PKP130	1021	9	mi	mi	_	_	_	_	_	linguistic	_	ContainsVariation=No	_	_	_	_	_	_
1021-10	PKP130	1021	10	metto	metto	_	_	_	_	_	linguistic	_	ContainsVariation=No	_	_	_	_	_	_
1021-11	PKP130	1021	11	con	con	_	_	_	_	_	linguistic	_	ContainsVariation=No	_	_	_	_	_	_
1021-12	PKP130	1021	12	antonietta	antonietta	_	_	_	_	_	linguistic	_	ContainsVariation=No	_	_	_	_	_	_
1021-13	PKP130	1021	13	a	a	_	_	_	_	_	linguistic	_	ContainsVariation=No	_	_	_	_	_	_
1021-14	PKP130	1021	14	pregarla	pregarla	_	_	_	_	_	linguistic	_	ContainsVariation=No	_	_	_	_	_	_
1021-15	PKP130	1021	15	a	a	_	_	_	_	_	linguistic	_	ContainsVariation=No	_	_	_	_	_	_
1021-16	PKP130	1021	16	farla	farla	_	_	_	_	_	linguistic	_	ContainsVariation=No	_	End=2204.762	_	_	_	_
1022-0	PKP130	1022	0	se	se	_	_	_	_	_	linguistic	_	ContainsVariation=No	_	Begin=2205.358	_	_	_	_
1022-1	PKP130	1022	1	po(i)	poi	_	_	_	_	_	linguistic	_	ContainsVariation=No	_	_	_	_	2-3(0)	_
1022-2	PKP130	1022	2	[forse]	forse	_	_	_	_	_	linguistic	_	ContainsVariation=No	_	_	_	_	_	0-5(175)
1022-3	PKP130	1022	3	dobbiamo	dobbiamo	_	_	_	_	_	linguistic	_	ContainsVariation=No	_	_	_	_	_	_
1022-4	PKP130	1022	4	<PAGARE>	pagare	_	_	_	_	_	linguistic	_	ContainsVariation=No	Volume=high	_	_	Slow=0-6(0)	_	_
1022-5	PKP130	1022	5	dobbiamo	dobbiamo	_	_	_	_	_	linguistic	_	ContainsVariation=No	_	_	_	_	_	_
1022-6	PKP130	1022	6	pagare	pagare	_	_	_	_	_	linguistic	_	ContainsVariation=No	_	_	_	_	_	_
1022-7	PKP130	1022	7	paghiamo	paghiamo	_	_	_	_	_	linguistic	_	ContainsVariation=No	_	End=2208.25	_	_	_	_
1023-0	PKP125	1023	0	[s:ì]	sì	_	_	_	_	_	linguistic	_	ContainsVariation=No	_	Begin=2205.762|End=2206.046	0x1	_	_	0-2(175)
1024-0	PKP130	1024	0	ma	ma	_	_	_	_	_	linguistic	_	ContainsVariation=No	_	Begin=2208.862	_	_	_	_
1024-1	PKP130	1024	1	non	non	_	_	_	_	_	linguistic	_	ContainsVariation=No	_	_	_	_	_	_
1024-2	PKP130	1024	2	penso	penso	_	_	_	_	_	linguistic	_	ContainsVariation=No	_	End=2209.738	_	_	_	_
1025-0	PKP130	1025	0	anche	anche	_	_	_	_	_	linguistic	_	ContainsVariation=No	_	Begin=2215.36	_	_	_	_
1025-1	PKP130	1025	1	se	se	_	_	_	_	_	linguistic	_	ContainsVariation=No	_	_	_	_	_	_
1025-2	PKP130	1025	2	sta	sta	_	_	_	_	_	linguistic	_	ContainsVariation=No	_	_	_	_	_	_
1025-3	PKP130	1025	3	quel	quel	_	_	_	_	_	linguistic	_	ContainsVariation=No	_	_	_	_	_	_
1025-4	PKP130	1025	4	figlio	figlio	_	_	_	_	_	linguistic	_	ContainsVariation=No	_	_	_	_	_	_
1025-5	PKP130	1025	5	di	di	_	_	_	_	_	linguistic	_	ContainsVariation=No	_	_	_	_	_	_
1025-6	PKP130	1025	6	gianluca	gianluca	_	_	_	_	_	linguistic	_	ContainsVariation=No	_	_	_	_	_	_
1025-7	PKP130	1025	7	del	del	_	_	_	_	_	linguistic	_	ContainsVariation=No	_	_	_	_	_	_
1025-8	PKP130	1025	8	<CAZZO>:	cazzo	_	_	_	_	_	linguistic	_	ContainsVariation=No	Volume=high	End=2217.984	4x1	Slow=0-5(0)	_	_
1026-0	PKP130	1026	0	# che	che	_	_	_	_	_	linguistic	_	ContainsVariation=Yes|Code=Underspecified	_	Begin=2218.806	_	_	_	_
1026-1	PKP130	1026	1	ogni	ogni	_	_	_	_	_	linguistic	_	ContainsVariation=Yes|Code=Underspecified	_	_	_	_	_	_
1026-2	PKP130	1026	2	vot'	vot'	_	_	_	_	_	linguistic	_	ContainsVariation=Yes|Code=Underspecified	Truncated=Yes	_	_	_	_	_
1026-3	PKP130	1026	3	s'	s'	_	_	_	_	_	linguistic	_	ContainsVariation=Yes|Code=Underspecified	Truncated=Yes	_	_	_	_	_
1026-4	PKP130	1026	4	dev	dev	_	_	_	_	_	linguistic	_	ContainsVariation=Yes|Code=Underspecified	_	_	_	_	_	_
1026-5	PKP130	1026	5	mettr	mettr	_	_	_	_	_	linguistic	_	ContainsVariation=Yes|Code=Underspecified	_	_	_	_	_	_
1026-6	PKP130	1026	6	a	a	_	_	_	_	_	linguistic	_	ContainsVariation=Yes|Code=Underspecified	_	_	_	_	_	_
1026-7	PKP130	1026	7	ricer	ricer	_	_	_	_	_	linguistic	_	ContainsVariation=Yes|Code=Underspecified	_	_	_	_	_	_
1026-8	PKP130	1026	8	sono:	sono	_	_	_	_	_	linguistic	_	ContainsVariation=Yes|Code=Underspecified	_	_	3x1	_	_	_
1026-9	PKP130	1026	9	c'	c'	_	_	_	_	_	linguistic	_	ContainsVariation=Yes|Code=Underspecified	SpaceAfter=No	_	_	_	_	_
1026-10	PKP130	1026	10	amma	amma	_	_	_	_	_	linguistic	_	ContainsVariation=Yes|Code=Underspecified	_	_	_	_	_	_
1026-11	PKP130	1026	11	fà	fà	_	_	_	_	_	linguistic	_	ContainsVariation=Yes|Code=Underspecified	_	_	_	_	_	_
1026-12	PKP130	1026	12	amma	amma	_	_	_	_	_	linguistic	_	ContainsVariation=Yes|Code=Underspecified	_	_	_	_	_	_
1026-13	PKP130	1026	13	sparecchià?	sparecchià	_	_	_	_	_	linguistic	_	ContainsVariation=Yes|Code=Underspecified	Intonation=Rising	End=2222.276	_	_	_	_
1027-0	PKP125	1027	0	m:h	mh	_	_	_	_	_	linguistic	_	ContainsVariation=No	_	Begin=2223.499|End=2223.806	0x1	_	_	_
1028-0	PKP125	1028	0	sparecchiamo	sparecchiamo	_	_	_	_	_	linguistic	_	ContainsVariation=No	_	Begin=2224.525|End=2225.156	_	_	_	_
1029-0	PKP125	1029	0	e	e	_	_	_	_	_	linguistic	_	ContainsVariation=No	_	Begin=2226.074	_	_	_	_
1029-1	PKP125	1029	1	ora	ora	_	_	_	_	_	linguistic	_	ContainsVariation=No	_	_	_	_	_	_
1029-2	PKP125	1029	2	blocco	blocco	_	_	_	_	_	linguistic	_	ContainsVariation=No	_	_	_	_	_	_
1029-3	PKP125	1029	3	qua	qua	_	_	_	_	_	linguistic	_	ContainsVariation=No	_	End=2227.267	_	_	_	_
1030-0	PKP125	1030	0	quan'	quan'	_	_	_	_	_	linguistic	_	ContainsVariation=No	SpaceAfter=No	Begin=2229.451	_	_	_	_
1030-1	PKP125	1030	1	è	è	_	_	_	_	_	linguistic	_	ContainsVariation=No	_	_	_	_	_	_
1030-2	PKP125	1030	2	venuto?	venuto	_	_	_	_	_	linguistic	_	ContainsVariation=No	Intonation=Rising	End=2230.135	_	_	_	_
1031-0	PKP125	1031	0	trentasette	trentasette	_	_	_	_	_	linguistic	_	ContainsVariation=No	_	Begin=2230.637	_	_	_	_
1031-1	PKP125	1031	1	minuti	minuti	_	_	_	_	_	linguistic	_	ContainsVariation=No	_	End=2231.867	_	_	_	_
1032-0	PKP130	1032	0	m::h	mh	_	_	_	_	_	linguistic	_	ContainsVariation=No	_	Begin=2231.929|End=2232.175	0x2	_	_	_
