token_id	speaker	tu_id	id	span	form	lemma	upos	xpos	feats	deprel	type	meta_label	code-variation	jefferson_feats	align	prolongations	pace	guesses	overlaps
0-0	PKP048	0	0	madonna	madonna	_	_	_	_	_	linguistic	_	ContainsVariation=No	_	Begin=0.85	_	_	_	_
0-1	PKP048	0	1	sto	sto	_	_	_	_	_	linguistic	_	ContainsVariation=No	_	_	_	_	_	_
0-2	PKP048	0	2	diventa~	diventa~	_	_	_	_	_	linguistic	_	ContainsVariation=No	Interrupted=Yes	_	_	_	_	_
0-3	PKP048	0	3	sto	sto	_	_	_	_	_	linguistic	_	ContainsVariation=No	_	_	_	_	_	_
0-4	PKP048	0	4	diventando	diventando	_	_	_	_	_	linguistic	_	ContainsVariation=No	_	_	_	_	_	_
0-5	PKP048	0	5	una	una	_	_	_	_	_	linguistic	_	ContainsVariation=No	_	_	_	_	_	_
0-6	PKP048	0	6	lagna	lagna	_	_	_	_	_	linguistic	_	ContainsVariation=No	_	End=2.93	_	_	_	_
1-0	PKP040	1	0	no	no	_	_	_	_	_	linguistic	_	ContainsVariation=No	_	Begin=3.36	_	_	_	_
1-1	PKP040	1	1	no	no	_	_	_	_	_	linguistic	_	ContainsVariation=No	_	_	_	_	_	_
1-2	PKP040	1	2	è	è	_	_	_	_	_	linguistic	_	ContainsVariation=No	_	End=3.97	_	_	_	_
2-0	PKP040	2	0	è	è	_	_	_	_	_	linguistic	_	ContainsVariation=No	_	Begin=4.27	_	_	_	_
2-1	PKP040	2	1	co[sì]	così	_	_	_	_	_	linguistic	_	ContainsVariation=No	_	End=4.713	_	_	_	2-4(0)
3-0	PKP048	3	0	[ah	ah	_	_	_	_	_	linguistic	_	ContainsVariation=No	_	Begin=4.464	_	_	_	0-2(0)
3-1	PKP048	3	1	vabbè]	vabbè	_	_	_	_	_	linguistic	_	ContainsVariation=No	_	_	_	_	_	0-5(0)
3-2	PKP048	3	2	meno	meno	_	_	_	_	_	linguistic	_	ContainsVariation=No	_	_	_	_	_	_
3-3	PKP048	3	3	male	male	_	_	_	_	_	linguistic	_	ContainsVariation=No	_	_	_	_	_	_
3-4	PKP048	3	4	son	son	_	_	_	_	_	linguistic	_	ContainsVariation=No	_	_	_	_	_	_
3-5	PKP048	3	5	contenta	contenta	_	_	_	_	_	linguistic	_	ContainsVariation=No	_	_	_	_	_	_
3-6	PKP048	3	6	allora	allora	_	_	_	_	_	linguistic	_	ContainsVariation=No	_	End=6.3	_	_	_	_
4-0	PKP040	4	0	tieni	tieni	_	_	_	_	_	linguistic	_	ContainsVariation=No	_	Begin=8.94|End=9.28	_	_	_	_
5-0	PKP040	5	0	papi	papi	_	_	_	_	_	linguistic	_	ContainsVariation=No	_	Begin=11.333	_	_	_	_
5-1	PKP040	5	1	il	il	_	_	_	_	_	linguistic	_	ContainsVariation=No	_	_	_	_	_	_
5-2	PKP040	5	2	tuo	tuo	_	_	_	_	_	linguistic	_	ContainsVariation=No	_	_	_	_	_	_
5-3	PKP040	5	3	piatto	piatto	_	_	_	_	_	linguistic	_	ContainsVariation=No	_	End=12.333	_	_	_	_
6-0	PKP048	6	0	laura	laura	_	_	_	_	_	linguistic	_	ContainsVariation=No	_	Begin=14.338	_	_	_	_
6-1	PKP048	6	1	tu	tu	_	_	_	_	_	linguistic	_	ContainsVariation=No	_	_	_	_	_	_
6-2	PKP048	6	2	vuoi	vuoi	_	_	_	_	_	linguistic	_	ContainsVariation=No	_	_	_	_	_	_
6-3	PKP048	6	3	qua?	qua	_	_	_	_	_	linguistic	_	ContainsVariation=No	Intonation=Rising	_	_	_	_	_
6-4	PKP048	6	4	prima	prima	_	_	_	_	_	linguistic	_	ContainsVariation=No	_	_	_	_	_	_
6-5	PKP048	6	5	che	che	_	_	_	_	_	linguistic	_	ContainsVariation=No	_	_	_	_	_	_
6-6	PKP048	6	6	lo	lo	_	_	_	_	_	linguistic	_	ContainsVariation=No	_	_	_	_	_	_
6-7	PKP048	6	7	chiudo?	chiudo	_	_	_	_	_	linguistic	_	ContainsVariation=No	Intonation=Rising	End=16.56	_	_	_	_
7-0	PKP041	7	0	sì	sì	_	_	_	_	_	linguistic	_	ContainsVariation=No	_	Begin=16.58|End=16.87	_	_	_	_
8-0	PKP048	8	0	o	o	_	_	_	_	_	linguistic	_	ContainsVariation=No	_	Begin=16.88	_	_	_	_
8-1	PKP048	8	1	pec[ori:no	pecorino	_	_	_	_	_	linguistic	_	ContainsVariation=No	_	_	5x1	_	_	3-8(250)
8-2	PKP048	8	2	c'	c'	_	_	_	_	_	linguistic	_	ContainsVariation=No	SpaceAfter=No	_	_	_	_	0-2(250)
8-3	PKP048	8	3	è	è	_	_	_	_	_	linguistic	_	ContainsVariation=No	_	_	_	_	_	0-1(250)
8-4	PKP048	8	4	anche	anche	_	_	_	_	_	linguistic	_	ContainsVariation=No	_	_	_	_	_	0-5(250)
8-5	PKP048	8	5	il	il	_	_	_	_	_	linguistic	_	ContainsVariation=No	_	_	_	_	_	0-2(250)
8-6	PKP048	8	6	pecorino	pecorino	_	_	_	_	_	linguistic	_	ContainsVariation=No	_	_	_	_	_	0-8(250)
8-7	PKP048	8	7	eh]	eh	_	_	_	_	_	linguistic	_	ContainsVariation=No	_	End=18.71	_	_	_	0-2(250)
9-0	PKP040	9	0	[scusa	scusa	_	_	_	_	_	linguistic	_	ContainsVariation=No	_	Begin=17.33	_	_	_	0-5(250)
9-1	PKP040	9	1	che	che	_	_	_	_	_	linguistic	_	ContainsVariation=No	_	_	_	_	_	0-3(250)
9-2	PKP040	9	2	ti	ti	_	_	_	_	_	linguistic	_	ContainsVariation=No	_	_	_	_	_	0-2(250)
9-3	PKP040	9	3	passo	passo	_	_	_	_	_	linguistic	_	ContainsVariation=No	_	_	_	_	_	0-5(250)
9-4	PKP040	9	4	davanti]	davanti	_	_	_	_	_	linguistic	_	ContainsVariation=No	_	End=18.62	_	_	_	0-7(250)
10-0	PKP041	10	0	[no]	no	_	_	_	_	_	linguistic	_	ContainsVariation=No	_	Begin=18.465	_	_	_	0-2(250)
10-1	PKP041	10	1	no	no	_	_	_	_	_	linguistic	_	ContainsVariation=No	_	_	_	_	_	_
10-2	PKP041	10	2	no	no	_	_	_	_	_	linguistic	_	ContainsVariation=No	_	End=19.06	_	_	_	_
11-0	PKP048	11	0	certo	certo	_	_	_	_	_	linguistic	_	ContainsVariation=No	_	Begin=21.25	_	_	_	_
11-1	PKP048	11	1	che	che	_	_	_	_	_	linguistic	_	ContainsVariation=No	_	_	_	_	_	_
11-2	PKP048	11	2	(d~	d~	_	_	_	_	_	linguistic	_	ContainsVariation=No	Interrupted=Yes	_	_	_	0-2(0)	_
11-3	PKP048	11	3	devo)	devo	_	_	_	_	_	linguistic	_	ContainsVariation=No	_	_	_	_	0-4(0)	_
11-4	PKP048	11	4	vedere	vedere	_	_	_	_	_	linguistic	_	ContainsVariation=No	_	_	_	_	_	_
11-5	PKP048	11	5	quella	quella	_	_	_	_	_	linguistic	_	ContainsVariation=No	_	_	_	_	_	_
11-6	PKP048	11	6	caciottina	caciottina	_	_	_	_	_	linguistic	_	ContainsVariation=No	_	_	_	_	_	_
11-7	PKP048	11	7	che	che	_	_	_	_	_	linguistic	_	ContainsVariation=No	_	_	_	_	_	_
11-8	PKP048	11	8	m'	m'	_	_	_	_	_	linguistic	_	ContainsVariation=No	SpaceAfter=No	_	_	_	_	_
11-9	PKP048	11	9	ha	ha	_	_	_	_	_	linguistic	_	ContainsVariation=No	_	_	_	_	_	_
11-10	PKP048	11	10	portato	portato	_	_	_	_	_	linguistic	_	ContainsVariation=No	_	_	_	_	_	_
11-11	PKP048	11	11	paolo	paolo	_	_	_	_	_	linguistic	_	ContainsVariation=No	_	_	_	_	_	_
11-12	PKP048	11	12	devo	devo	_	_	_	_	_	linguistic	_	ContainsVariation=No	_	_	_	_	_	_
11-13	PKP048	11	13	ancora	ancora	_	_	_	_	_	linguistic	_	ContainsVariation=No	_	_	_	_	_	_
11-14	PKP048	11	14	farla	farla	_	_	_	_	_	linguistic	_	ContainsVariation=No	_	End=25.7	_	_	_	_
12-0	PKP040	12	0	noi	noi	_	_	_	_	_	linguistic	_	ContainsVariation=No	_	Begin=27.606	_	_	_	_
12-1	PKP040	12	1	ce	ce	_	_	_	_	_	linguistic	_	ContainsVariation=No	_	_	_	_	_	_
12-2	PKP040	12	2	la	la	_	_	_	_	_	linguistic	_	ContainsVariation=No	_	_	_	_	_	_
12-3	PKP040	12	3	siamo	siamo	_	_	_	_	_	linguistic	_	ContainsVariation=No	_	_	_	_	_	_
12-4	PKP040	12	4	mangia[ta]	mangiata	_	_	_	_	_	linguistic	_	ContainsVariation=No	_	End=28.8	_	_	_	6-8(1)
13-0	PKP048	13	0	[l'	l'	_	_	_	_	_	linguistic	_	ContainsVariation=No	SpaceAfter=No	Begin=28.6	_	_	_	0-2(1)
13-1	PKP048	13	1	a]vete	avete	_	_	_	_	_	linguistic	_	ContainsVariation=No	_	_	_	_	_	0-1(1)
13-2	PKP048	13	2	mangiata	mangiata	_	_	_	_	_	linguistic	_	ContainsVariation=No	_	_	_	_	_	_
13-3	PKP048	13	3	o	o	_	_	_	_	_	linguistic	_	ContainsVariation=No	_	_	_	_	_	_
13-4	PKP048	13	4	grattugiata,	grattugiata	_	_	_	_	_	linguistic	_	ContainsVariation=No	Intonation=WeaklyRising	End=30.08	_	_	_	_
14-0	PKP040	14	0	abbiamo	abbiamo	_	_	_	_	_	linguistic	_	ContainsVariation=No	_	Begin=30.4	_	_	_	_
14-1	PKP040	14	1	iniziato	iniziato	_	_	_	_	_	linguistic	_	ContainsVariation=No	_	_	_	_	_	_
14-2	PKP040	14	2	a	a	_	_	_	_	_	linguistic	_	ContainsVariation=No	_	_	_	_	_	_
14-3	PKP040	14	3	grattugia:rla	grattugiarla	_	_	_	_	_	linguistic	_	ContainsVariation=No	_	_	8x1	_	_	_
14-4	PKP040	14	4	[poi]	poi	_	_	_	_	_	linguistic	_	ContainsVariation=No	_	_	_	_	_	0-3(3)
14-5	PKP040	14	5	ce	ce	_	_	_	_	_	linguistic	_	ContainsVariation=No	_	_	_	_	_	_
14-6	PKP040	14	6	la	la	_	_	_	_	_	linguistic	_	ContainsVariation=No	_	_	_	_	_	_
14-7	PKP040	14	7	siamo	siamo	_	_	_	_	_	linguistic	_	ContainsVariation=No	_	_	_	_	_	_
14-8	PKP040	14	8	mangia[ta]	mangiata	_	_	_	_	_	linguistic	_	ContainsVariation=No	_	End=33.02	_	_	_	6-8(2)
15-0	PKP048	15	0	[eh]	eh	_	_	_	_	_	linguistic	_	ContainsVariation=No	_	Begin=31.98|End=32.259	_	_	_	0-2(3)
16-0	PKP048	16	0	[man]giata	mangiata	_	_	_	_	_	linguistic	_	ContainsVariation=No	_	Begin=32.759	_	_	_	0-3(2)
16-1	PKP048	16	1	eh	eh	_	_	_	_	_	linguistic	_	ContainsVariation=No	_	End=33.8	_	_	_	_
17-0	PKP048	17	0	buon	buon	_	_	_	_	_	linguistic	_	ContainsVariation=No	_	Begin=43.51	_	_	_	_
17-1	PKP048	17	1	appetito	appetito	_	_	_	_	_	linguistic	_	ContainsVariation=No	_	End=44.42	_	_	_	_
18-0	PKP040	18	0	buon	buon	_	_	_	_	_	linguistic	_	ContainsVariation=No	_	Begin=44.7	_	_	_	_
18-1	PKP040	18	1	appetito:	appetito	_	_	_	_	_	linguistic	_	ContainsVariation=No	_	End=45.529	7x1	_	_	_
19-0	PKP048	19	0	piatto	piatto	_	_	_	_	_	linguistic	_	ContainsVariation=No	_	Begin=45.8	_	_	_	_
19-1	PKP048	19	1	pulito	pulito	_	_	_	_	_	linguistic	_	ContainsVariation=No	_	End=46.71	_	_	_	_
20-0	PKP048	20	0	non	non	_	_	_	_	_	linguistic	_	ContainsVariation=No	_	Begin=48.6	_	_	_	_
20-1	PKP048	20	1	so	so	_	_	_	_	_	linguistic	_	ContainsVariation=No	_	_	_	_	_	_
20-2	PKP048	20	2	chi	chi	_	_	_	_	_	linguistic	_	ContainsVariation=No	_	_	_	_	_	_
20-3	PKP048	20	3	dice~	dice~	_	_	_	_	_	linguistic	_	ContainsVariation=No	Interrupted=Yes	_	_	_	_	_
20-4	PKP048	20	4	eh	eh	_	_	_	_	_	linguistic	_	ContainsVariation=No	_	_	_	_	_	_
20-5	PKP048	20	5	questo	questo	_	_	_	_	_	linguistic	_	ContainsVariation=No	_	_	_	_	_	_
20-6	PKP048	20	6	di[cevi	dicevi	_	_	_	_	_	linguistic	_	ContainsVariation=No	_	_	_	_	_	2-6(4)
20-7	PKP048	20	7	tu:]	tu	_	_	_	_	_	linguistic	_	ContainsVariation=No	_	End=51.04	1x1	_	_	0-2(4)
21-0	PKP040	21	0	[la::	la	_	_	_	_	_	linguistic	_	ContainsVariation=No	_	Begin=50.2	1x2	_	_	0-2(4)
21-1	PKP040	21	1	no]	no	_	_	_	_	_	linguistic	_	ContainsVariation=No	_	_	_	_	_	0-2(4)
21-2	PKP040	21	2	la	la	_	_	_	_	_	linguistic	_	ContainsVariation=No	_	_	_	_	_	_
21-3	PKP040	21	3	[sua:]	sua	_	_	_	_	_	linguistic	_	ContainsVariation=No	_	_	2x1	_	_	0-3(5)
21-4	PKP040	21	4	maestra::	maestra	_	_	_	_	_	linguistic	_	ContainsVariation=No	_	_	6x2	_	_	_
21-5	PKP040	21	5	della	della	_	_	_	_	_	linguistic	_	ContainsVariation=No	_	_	_	_	_	_
21-6	PKP040	21	6	scuola	scuola	_	_	_	_	_	linguistic	_	ContainsVariation=No	_	_	_	_	_	_
21-7	PKP040	21	7	materna	materna	_	_	_	_	_	linguistic	_	ContainsVariation=No	_	End=53.4	_	_	_	_
22-0	PKP041	22	0	[sì]	sì	_	_	_	_	_	linguistic	_	ContainsVariation=No	_	Begin=51.2|End=51.54	_	_	_	0-2(5)
23-0	PKP039	23	0	((ride))	((ride))	_	_	_	_	_	nonverbalbehavior	_	ContainsVariation=No	_	Begin=51.75|End=52.448	_	_	_	_
24-0	PKP040	24	0	la	la	_	_	_	_	_	linguistic	_	ContainsVariation=No	_	Begin=53.9	_	_	_	_
24-1	PKP040	24	1	bianchini	bianchini	_	_	_	_	_	linguistic	_	ContainsVariation=No	_	End=55.05	_	_	_	_
25-0	PKP040	25	0	buon	buon	_	_	_	_	_	linguistic	_	ContainsVariation=No	_	Begin=56.09	_	_	_	_
25-1	PKP040	25	1	appetito:	appetito	_	_	_	_	_	linguistic	_	ContainsVariation=No	_	_	7x1	_	_	_
25-2	PKP040	25	2	piatto	piatto	_	_	_	_	_	linguistic	_	ContainsVariation=No	_	_	_	_	_	_
25-3	PKP040	25	3	pulito:	pulito	_	_	_	_	_	linguistic	_	ContainsVariation=No	_	End=58.03	5x1	_	_	_
26-0	PKP040	26	0	e	e	_	_	_	_	_	linguistic	_	ContainsVariation=No	_	Begin=60.0	_	_	_	_
26-1	PKP040	26	1	fa~	fa~	_	_	_	_	_	linguistic	_	ContainsVariation=No	Interrupted=Yes	_	_	_	_	_
26-2	PKP040	26	2	e	e	_	_	_	_	_	linguistic	_	ContainsVariation=No	_	_	_	_	_	_
26-3	PKP040	26	3	si	si	_	_	_	_	_	linguistic	_	ContainsVariation=No	_	_	_	_	_	_
26-4	PKP040	26	4	faceva:::	faceva	_	_	_	_	_	linguistic	_	ContainsVariation=No	_	End=61.29	5x3	_	_	_
27-0	PKP040	27	0	(e)	e	_	_	_	_	_	linguistic	_	ContainsVariation=No	_	Begin=61.55	_	_	0-1(0)	_
27-1	PKP040	27	1	mangiavano	mangiavano	_	_	_	_	_	linguistic	_	ContainsVariation=No	_	_	_	_	_	_
27-2	PKP040	27	2	tutto	tutto	_	_	_	_	_	linguistic	_	ContainsVariation=No	_	End=62.51	_	_	_	_
28-0	PKP040	28	0	con	con	_	_	_	_	_	linguistic	_	ContainsVariation=No	_	Begin=63.33	_	_	_	_
28-1	PKP040	28	1	questa:::	questa	_	_	_	_	_	linguistic	_	ContainsVariation=No	_	_	5x3	_	_	_
28-2	PKP040	28	2	frase	frase	_	_	_	_	_	linguistic	_	ContainsVariation=No	_	_	_	_	_	_
28-3	PKP040	28	3	magica,	magica	_	_	_	_	_	linguistic	_	ContainsVariation=No	Intonation=WeaklyRising	End=64.94	_	_	_	_
29-0	PKP048	29	0	come::	come	_	_	_	_	_	linguistic	_	ContainsVariation=No	_	Begin=66.0|End=66.76	3x2	_	_	_
30-0	PKP048	30	0	valentina:	valentina	_	_	_	_	_	linguistic	_	ContainsVariation=No	PauseAfter=Yes	Begin=67.75	8x1	_	_	_
30-1	PKP048	30	1	(.)	(.)	_	_	_	_	_	shortpause	_	ContainsVariation=No	_	_	_	_	_	_
30-2	PKP048	30	2	cosa	cosa	_	_	_	_	_	linguistic	_	ContainsVariation=No	_	_	_	_	_	_
30-3	PKP048	30	3	fai	fai	_	_	_	_	_	linguistic	_	ContainsVariation=No	_	_	_	_	_	_
30-4	PKP048	30	4	a	a	_	_	_	_	_	linguistic	_	ContainsVariation=No	_	_	_	_	_	_
30-5	PKP048	30	5	scuola?	scuola	_	_	_	_	_	linguistic	_	ContainsVariation=No	Intonation=Rising	_	_	_	_	_
30-6	PKP048	30	6	>pappa<	pappa	_	_	_	_	_	linguistic	_	ContainsVariation=No	_	End=70.21	_	Fast=0-5(0)	_	_
31-0	PKP040	31	0	la	la	_	_	_	_	_	linguistic	_	ContainsVariation=No	_	Begin=70.34	_	_	_	_
31-1	PKP040	31	1	merenda	merenda	_	_	_	_	_	linguistic	_	ContainsVariation=No	_	_	_	_	_	_
31-2	PKP040	31	2	((ride))	((ride))	_	_	_	_	_	nonverbalbehavior	_	ContainsVariation=No	_	End=71.46	_	_	_	_
32-0	PKP048	32	0	((ride))	((ride))	_	_	_	_	_	nonverbalbehavior	_	ContainsVariation=No	_	Begin=71.47	_	_	_	_
32-1	PKP048	32	1	gio:ia:	gioia	_	_	_	_	_	linguistic	_	ContainsVariation=No	_	End=72.33	2x1,4x1	_	_	_
33-0	PKP039	33	0	# è	è	_	_	_	_	_	linguistic	_	ContainsVariation=Yes|Code=Underspecified	_	Begin=73.41	_	_	_	_
33-1	PKP039	33	1	pigghiato	pigghiato	_	_	_	_	_	linguistic	_	ContainsVariation=Yes|Code=Underspecified	_	_	_	_	_	_
33-2	PKP039	33	2	(vedi)	vedi	_	_	_	_	_	linguistic	_	ContainsVariation=Yes|Code=Underspecified	_	_	_	_	0-4(0)	_
33-3	PKP039	33	3	eh	eh	_	_	_	_	_	linguistic	_	ContainsVariation=Yes|Code=Underspecified	_	_	_	_	_	_
33-4	PKP039	33	4	(il	il	_	_	_	_	_	linguistic	_	ContainsVariation=Yes|Code=Underspecified	_	_	_	_	0-2(1)	_
33-5	PKP039	33	5	fuoco)	fuoco	_	_	_	_	_	linguistic	_	ContainsVariation=Yes|Code=Underspecified	_	End=74.41	_	_	0-5(1)	_
34-0	PKP040	34	0	è	è	_	_	_	_	_	linguistic	_	ContainsVariation=No	_	Begin=74.57	_	_	_	_
34-1	PKP040	34	1	andato	andato	_	_	_	_	_	linguistic	_	ContainsVariation=No	_	End=75.38	_	_	_	_
35-0	PKP040	35	0	mh::	mh	_	_	_	_	_	linguistic	_	ContainsVariation=No	_	Begin=77.337	1x2	_	_	_
35-1	PKP040	35	1	ha	ha	_	_	_	_	_	linguistic	_	ContainsVariation=No	_	_	_	_	_	_
35-2	PKP040	35	2	preso	preso	_	_	_	_	_	linguistic	_	ContainsVariation=No	_	_	_	_	_	_
35-3	PKP040	35	3	il	il	_	_	_	_	_	linguistic	_	ContainsVariation=No	_	_	_	_	_	_
35-4	PKP040	35	4	fuo[co]	fuoco	_	_	_	_	_	linguistic	_	ContainsVariation=No	_	End=79.05	_	_	_	3-5(7)
36-0	PKP048	36	0	[ma]	ma	_	_	_	_	_	linguistic	_	ContainsVariation=No	_	Begin=78.984	_	_	_	0-2(8)
36-1	PKP048	36	1	sto	sto	_	_	_	_	_	linguistic	_	ContainsVariation=No	_	_	_	_	_	_
36-2	PKP048	36	2	cristiano	cristiano	_	_	_	_	_	linguistic	_	ContainsVariation=No	_	_	_	_	_	_
36-3	PKP048	36	3	non	non	_	_	_	_	_	linguistic	_	ContainsVariation=No	_	_	_	_	_	_
36-4	PKP048	36	4	capisco	capisco	_	_	_	_	_	linguistic	_	ContainsVariation=No	_	_	_	_	_	_
36-5	PKP048	36	5	se	se	_	_	_	_	_	linguistic	_	ContainsVariation=No	_	_	_	_	_	_
36-6	PKP048	36	6	non	non	_	_	_	_	_	linguistic	_	ContainsVariation=No	_	_	_	_	_	_
36-7	PKP048	36	7	c'	c'	_	_	_	_	_	linguistic	_	ContainsVariation=No	SpaceAfter=No	_	_	_	_	_
36-8	PKP048	36	8	ha	ha	_	_	_	_	_	linguistic	_	ContainsVariation=No	_	_	_	_	_	_
36-9	PKP048	36	9	co:llo	collo	_	_	_	_	_	linguistic	_	ContainsVariation=No	_	_	1x1	_	_	_
36-10	PKP048	36	10	se	se	_	_	_	_	_	linguistic	_	ContainsVariation=No	_	_	_	_	_	_
36-11	PKP048	36	11	ha	ha	_	_	_	_	_	linguistic	_	ContainsVariation=No	_	_	_	_	_	_
36-12	PKP048	36	12	le	le	_	_	_	_	_	linguistic	_	ContainsVariation=No	_	_	_	_	_	_
36-13	PKP048	36	13	spalle	spalle	_	_	_	_	_	linguistic	_	ContainsVariation=No	_	_	_	_	_	_
36-14	PKP048	36	14	(più	più	_	_	_	_	_	linguistic	_	ContainsVariation=No	_	_	_	_	0-3(0)	_
36-15	PKP048	36	15	alte	alte	_	_	_	_	_	linguistic	_	ContainsVariation=No	_	_	_	_	0-4(0)	_
36-16	PKP048	36	16	del)	del	_	_	_	_	_	linguistic	_	ContainsVariation=No	_	_	_	_	0-3(0)	_
36-17	PKP048	36	17	collo	collo	_	_	_	_	_	linguistic	_	ContainsVariation=No	_	End=83.06	_	_	_	_
37-0	PKP041	37	0	((ride))	((ride))	_	_	_	_	_	nonverbalbehavior	_	ContainsVariation=No	_	Begin=82.786|End=83.2	_	_	_	_
38-0	PKP040	38	0	sembra	sembra	_	_	_	_	_	linguistic	_	ContainsVariation=No	_	Begin=83.335	_	_	_	_
38-1	PKP040	38	1	piccoli:no	piccolino	_	_	_	_	_	linguistic	_	ContainsVariation=No	_	End=84.56	6x1	_	_	_
39-0	PKP040	39	0	questa	questa	_	_	_	_	_	linguistic	_	ContainsVariation=No	_	Begin=89.55	_	_	_	_
39-1	PKP040	39	1	è	è	_	_	_	_	_	linguistic	_	ContainsVariation=No	_	_	_	_	_	_
39-2	PKP040	39	2	fanatica	fanatica	_	_	_	_	_	linguistic	_	ContainsVariation=No	_	_	_	_	_	_
39-3	PKP040	39	3	eh	eh	_	_	_	_	_	linguistic	_	ContainsVariation=No	_	_	_	_	_	_
39-4	PKP040	39	4	si	si	_	_	_	_	_	linguistic	_	ContainsVariation=No	_	_	_	_	_	_
39-5	PKP040	39	5	fa	fa	_	_	_	_	_	linguistic	_	ContainsVariation=No	_	_	_	_	_	_
39-6	PKP040	39	6	fare	fare	_	_	_	_	_	linguistic	_	ContainsVariation=No	_	_	_	_	_	_
39-7	PKP040	39	7	tutte	tutte	_	_	_	_	_	linguistic	_	ContainsVariation=No	_	_	_	_	_	_
39-8	PKP040	39	8	le::	le	_	_	_	_	_	linguistic	_	ContainsVariation=No	_	_	1x2	_	_	_
39-9	PKP040	39	9	cose:	cose	_	_	_	_	_	linguistic	_	ContainsVariation=No	_	_	3x1	_	_	_
39-10	PKP040	39	10	come	come	_	_	_	_	_	linguistic	_	ContainsVariation=No	_	_	_	_	_	_
39-11	PKP040	39	11	il	il	_	_	_	_	_	linguistic	_	ContainsVariation=No	_	_	_	_	_	_
39-12	PKP040	39	12	vestito	vestito	_	_	_	_	_	linguistic	_	ContainsVariation=No	_	End=93.08	_	_	_	_
40-0	PKP048	40	0	ne	ne	_	_	_	_	_	linguistic	_	ContainsVariation=No	_	Begin=95.53	_	_	_	_
40-1	PKP048	40	1	hai	hai	_	_	_	_	_	linguistic	_	ContainsVariation=No	_	_	_	_	_	_
40-2	PKP048	40	2	fatto	fatto	_	_	_	_	_	linguistic	_	ContainsVariation=No	_	_	_	_	_	_
40-3	PKP048	40	3	tanto	tanto	_	_	_	_	_	linguistic	_	ContainsVariation=No	_	End=96.72	_	_	_	_
41-0	PKP048	41	0	dopo	dopo	_	_	_	_	_	linguistic	_	ContainsVariation=No	_	Begin=97.24	_	_	_	_
41-1	PKP048	41	1	[mi	mi	_	_	_	_	_	linguistic	_	ContainsVariation=No	_	_	_	_	_	0-2(9)
41-2	PKP048	41	2	dici	dici	_	_	_	_	_	linguistic	_	ContainsVariation=No	_	_	_	_	_	0-4(9)
41-3	PKP048	41	3	do]po	dopo	_	_	_	_	_	linguistic	_	ContainsVariation=No	_	_	_	_	_	0-2(9)
41-4	PKP048	41	4	mi	mi	_	_	_	_	_	linguistic	_	ContainsVariation=No	_	_	_	_	_	_
41-5	PKP048	41	5	dici	dici	_	_	_	_	_	linguistic	_	ContainsVariation=No	_	_	_	_	_	_
41-6	PKP048	41	6	a	a	_	_	_	_	_	linguistic	_	ContainsVariation=No	_	_	_	_	_	_
41-7	PKP048	41	7	me	me	_	_	_	_	_	linguistic	_	ContainsVariation=No	_	End=98.96	_	_	_	_
42-0	PKP040	42	0	[apposta]	apposta	_	_	_	_	_	linguistic	_	ContainsVariation=No	_	Begin=97.44|End=98.1	_	_	_	0-7(9)
43-0	PKP040	43	0	no	no	_	_	_	_	_	linguistic	_	ContainsVariation=No	_	Begin=98.99	_	_	_	_
43-1	PKP040	43	1	l'	l'	_	_	_	_	_	linguistic	_	ContainsVariation=No	SpaceAfter=No	_	_	_	_	_
43-2	PKP040	43	2	ho	ho	_	_	_	_	_	linguistic	_	ContainsVariation=No	_	_	_	_	_	_
43-3	PKP040	43	3	fatta	fatta	_	_	_	_	_	linguistic	_	ContainsVariation=No	_	_	_	_	_	_
43-4	PKP040	43	4	apposta	apposta	_	_	_	_	_	linguistic	_	ContainsVariation=No	_	End=100.04	_	_	_	_
44-0	PKP048	44	0	ah	ah	_	_	_	_	_	linguistic	_	ContainsVariation=No	_	Begin=100.187	_	_	_	_
44-1	PKP048	44	1	basta	basta	_	_	_	_	_	linguistic	_	ContainsVariation=No	_	_	_	_	_	_
44-2	PKP048	44	2	allora	allora	_	_	_	_	_	linguistic	_	ContainsVariation=No	_	End=101.187	_	_	_	_
45-0	PKP041	45	0	cosa,	cosa	_	_	_	_	_	linguistic	_	ContainsVariation=No	Intonation=WeaklyRising	Begin=101.99	_	_	_	_
45-1	PKP041	45	1	n~	n~	_	_	_	_	_	linguistic	_	ContainsVariation=No	Interrupted=Yes|PauseAfter=Yes	_	_	_	_	_
45-2	PKP041	45	2	(.)	(.)	_	_	_	_	_	shortpause	_	ContainsVariation=No	_	_	_	_	_	_
45-3	PKP041	45	3	fatto	fatto	_	_	_	_	_	linguistic	_	ContainsVariation=No	_	_	_	_	_	_
45-4	PKP041	45	4	tanto?	tanto	_	_	_	_	_	linguistic	_	ContainsVariation=No	Intonation=Rising	End=103.41	_	_	_	_
46-0	PKP040	46	0	mh	mh	_	_	_	_	_	linguistic	_	ContainsVariation=No	_	Begin=103.41|End=103.65	_	_	_	_
47-0	PKP040	47	0	stasera	stasera	_	_	_	_	_	linguistic	_	ContainsVariation=No	_	Begin=105.89	_	_	_	_
47-1	PKP040	47	1	fallo	fallo	_	_	_	_	_	linguistic	_	ContainsVariation=No	_	_	_	_	_	_
47-2	PKP040	47	2	rimanere	rimanere	_	_	_	_	_	linguistic	_	ContainsVariation=No	_	_	_	_	_	_
47-3	PKP040	47	3	beppe	beppe	_	_	_	_	_	linguistic	_	ContainsVariation=No	_	End=107.21	_	_	_	_
48-0	PKP048	48	0	x	x	_	_	_	_	_	unknown	_	ContainsVariation=No	Syllables=1	Begin=107.64	_	_	_	_
48-1	PKP048	48	1	xx	xx	_	_	_	_	_	unknown	_	ContainsVariation=No	Syllables=2	_	_	_	_	_
48-2	PKP048	48	2	[xxx]	xxx	_	_	_	_	_	unknown	_	ContainsVariation=No	Syllables=3	_	_	_	_	0-3(10)
48-3	PKP048	48	3	dai	dai	_	_	_	_	_	linguistic	_	ContainsVariation=No	_	End=109.19	_	_	_	_
49-0	PKP040	49	0	[sta	sta	_	_	_	_	_	linguistic	_	ContainsVariation=No	_	Begin=108.36	_	_	_	0-3(10)
49-1	PKP040	49	1	l'	l'	_	_	_	_	_	linguistic	_	ContainsVariation=No	SpaceAfter=No	_	_	_	_	0-2(10)
49-2	PKP040	49	2	insalatona]	insalatona	_	_	_	_	_	linguistic	_	ContainsVariation=No	_	End=108.98	_	_	_	0-10(10)
50-0	PKP041	50	0	ma'	ma'	_	_	_	_	_	linguistic	_	ContainsVariation=No	Truncated=Yes	Begin=109.19	_	_	_	_
50-1	PKP041	50	1	e	e	_	_	_	_	_	linguistic	_	ContainsVariation=No	_	_	_	_	_	_
50-2	PKP041	50	2	che	che	_	_	_	_	_	linguistic	_	ContainsVariation=No	_	_	_	_	_	_
50-3	PKP041	50	3	deve	deve	_	_	_	_	_	linguistic	_	ContainsVariation=No	_	_	_	_	_	_
50-4	PKP041	50	4	rimanere,	rimanere	_	_	_	_	_	linguistic	_	ContainsVariation=No	Intonation=WeaklyRising	End=110.38	_	_	_	_
51-0	PKP040	51	0	beh	beh	_	_	_	_	_	linguistic	_	ContainsVariation=No	_	Begin=110.74	_	_	_	_
51-1	PKP040	51	1	ieri	ieri	_	_	_	_	_	linguistic	_	ContainsVariation=No	_	_	_	_	_	_
51-2	PKP040	51	2	sera	sera	_	_	_	_	_	linguistic	_	ContainsVariation=No	_	_	_	_	_	_
51-3	PKP040	51	3	alle	alle	_	_	_	_	_	linguistic	_	ContainsVariation=No	_	_	_	_	_	_
51-4	PKP040	51	4	nove	nove	_	_	_	_	_	linguistic	_	ContainsVariation=No	_	_	_	_	_	_
51-5	PKP040	51	5	e	e	_	_	_	_	_	linguistic	_	ContainsVariation=No	_	_	_	_	_	_
51-6	PKP040	51	6	mezzo	mezzo	_	_	_	_	_	linguistic	_	ContainsVariation=No	_	_	_	_	_	_
51-7	PKP040	51	7	se	se	_	_	_	_	_	linguistic	_	ContainsVariation=No	_	_	_	_	_	_
51-8	PKP040	51	8	n'	n'	_	_	_	_	_	linguistic	_	ContainsVariation=No	SpaceAfter=No	_	_	_	_	_
51-9	PKP040	51	9	è	è	_	_	_	_	_	linguistic	_	ContainsVariation=No	_	_	_	_	_	_
51-10	PKP040	51	10	andato	andato	_	_	_	_	_	linguistic	_	ContainsVariation=No	_	_	_	_	_	_
51-11	PKP040	51	11	vi[a]	via	_	_	_	_	_	linguistic	_	ContainsVariation=No	_	End=112.52	_	_	_	1-3(11)
52-0	PKP041	52	0	[e	e	_	_	_	_	_	linguistic	_	ContainsVariation=No	_	Begin=112.2	_	_	_	0-1(11)
52-1	PKP041	52	1	inf]atti	infatti	_	_	_	_	_	linguistic	_	ContainsVariation=No	_	_	_	_	_	0-3(11)
52-2	PKP041	52	2	ieri	ieri	_	_	_	_	_	linguistic	_	ContainsVariation=No	_	_	_	_	_	_
52-3	PKP041	52	3	gli	gli	_	_	_	_	_	linguistic	_	ContainsVariation=No	_	_	_	_	_	_
52-4	PKP041	52	4	è	è	_	_	_	_	_	linguistic	_	ContainsVariation=No	_	_	_	_	_	_
52-5	PKP041	52	5	costato	costato	_	_	_	_	_	linguistic	_	ContainsVariation=No	_	End=114.02	_	_	_	_
53-0	PKP040	53	0	perché?	perché	_	_	_	_	_	linguistic	_	ContainsVariation=No	Intonation=Rising	Begin=114.07	_	_	_	_
53-1	PKP040	53	1	l'	l'	_	_	_	_	_	linguistic	_	ContainsVariation=No	SpaceAfter=No	_	_	_	_	_
53-2	PKP040	53	2	hanno	hanno	_	_	_	_	_	linguistic	_	ContainsVariation=No	_	_	_	_	_	_
53-3	PKP040	53	3	fermato?	fermato	_	_	_	_	_	linguistic	_	ContainsVariation=No	Intonation=Rising	End=115.22	_	_	_	_
54-0	PKP041	54	0	no:	no	_	_	_	_	_	linguistic	_	ContainsVariation=No	_	Begin=115.84	1x1	_	_	_
54-1	PKP041	54	1	però	però	_	_	_	_	_	linguistic	_	ContainsVariation=No	_	_	_	_	_	_
54-2	PKP041	54	2	n~	n~	_	_	_	_	_	linguistic	_	ContainsVariation=No	Interrupted=Yes	_	_	_	_	_
54-3	PKP041	54	3	n~	n~	_	_	_	_	_	linguistic	_	ContainsVariation=No	Interrupted=Yes	_	_	_	_	_
54-4	PKP041	54	4	[n~]	n~	_	_	_	_	_	linguistic	_	ContainsVariation=No	Interrupted=Yes	_	_	_	_	0-2(12)
54-5	PKP041	54	5	non	non	_	_	_	_	_	linguistic	_	ContainsVariation=No	_	_	_	_	_	_
54-6	PKP041	54	6	gli	gli	_	_	_	_	_	linguistic	_	ContainsVariation=No	_	_	_	_	_	_
54-7	PKP041	54	7	fa	fa	_	_	_	_	_	linguistic	_	ContainsVariation=No	_	_	_	_	_	_
54-8	PKP041	54	8	piacere	piacere	_	_	_	_	_	linguistic	_	ContainsVariation=No	_	_	_	_	_	_
54-9	PKP041	54	9	dover	dover	_	_	_	_	_	linguistic	_	ContainsVariation=No	_	_	_	_	_	_
54-10	PKP041	54	10	andare	andare	_	_	_	_	_	linguistic	_	ContainsVariation=No	_	_	_	_	_	_
54-11	PKP041	54	11	velocemente	velocemente	_	_	_	_	_	linguistic	_	ContainsVariation=No	_	_	_	_	_	_
54-12	PKP041	54	12	a	a	_	_	_	_	_	linguistic	_	ContainsVariation=No	_	_	_	_	_	_
54-13	PKP041	54	13	casa	casa	_	_	_	_	_	linguistic	_	ContainsVariation=No	_	End=119.5	_	_	_	_
55-0	PKP040	55	0	[ah],	ah	_	_	_	_	_	linguistic	_	ContainsVariation=No	Intonation=WeaklyRising	Begin=116.69|End=116.9	_	_	_	0-2(12)
56-0	PKP040	56	0	°vabbè°	vabbè	_	_	_	_	_	linguistic	_	ContainsVariation=No	Volume=low	Begin=120.65|End=121.12	_	_	_	_
57-0	PKP041	57	0	anche	anche	_	_	_	_	_	linguistic	_	ContainsVariation=No	_	Begin=121.88	_	_	_	_
57-1	PKP041	57	1	perché	perché	_	_	_	_	_	linguistic	_	ContainsVariation=No	_	_	_	_	_	_
57-2	PKP041	57	2	a	a	_	_	_	_	_	linguistic	_	ContainsVariation=No	_	_	_	_	_	_
57-3	PKP041	57	3	quell'	quell'	_	_	_	_	_	linguistic	_	ContainsVariation=No	SpaceAfter=No	_	_	_	_	_
57-4	PKP041	57	4	ora	ora	_	_	_	_	_	linguistic	_	ContainsVariation=No	_	_	_	_	_	_
57-5	PKP041	57	5	vanno	vanno	_	_	_	_	_	linguistic	_	ContainsVariation=No	_	_	_	_	_	_
57-6	PKP041	57	6	tutti	tutti	_	_	_	_	_	linguistic	_	ContainsVariation=No	_	_	_	_	_	_
57-7	PKP041	57	7	velocemente	velocemente	_	_	_	_	_	linguistic	_	ContainsVariation=No	_	_	_	_	_	_
57-8	PKP041	57	8	a	a	_	_	_	_	_	linguistic	_	ContainsVariation=No	_	_	_	_	_	_
57-9	PKP041	57	9	casa	casa	_	_	_	_	_	linguistic	_	ContainsVariation=No	_	End=124.51	_	_	_	_
58-0	PKP048	58	0	certo	certo	_	_	_	_	_	linguistic	_	ContainsVariation=No	_	Begin=130.449	_	_	_	_
58-1	PKP048	58	1	xxxx	xxxx	_	_	_	_	_	unknown	_	ContainsVariation=No	Syllables=4	_	_	_	_	_
58-2	PKP048	58	2	che	che	_	_	_	_	_	linguistic	_	ContainsVariation=No	_	_	_	_	_	_
58-3	PKP048	58	3	quel	quel	_	_	_	_	_	linguistic	_	ContainsVariation=No	_	_	_	_	_	_
58-4	PKP048	58	4	tacchino	tacchino	_	_	_	_	_	linguistic	_	ContainsVariation=No	_	_	_	_	_	_
58-5	PKP048	58	5	a	a	_	_	_	_	_	linguistic	_	ContainsVariation=No	_	_	_	_	_	_
58-6	PKP048	58	6	tre	tre	_	_	_	_	_	linguistic	_	ContainsVariation=No	_	_	_	_	_	_
58-7	PKP048	58	7	euro	euro	_	_	_	_	_	linguistic	_	ContainsVariation=No	_	_	_	_	_	_
58-8	PKP048	58	8	al	al	_	_	_	_	_	linguistic	_	ContainsVariation=No	_	_	_	_	_	_
58-9	PKP048	58	9	chilo	chilo	_	_	_	_	_	linguistic	_	ContainsVariation=No	_	_	_	_	_	_
58-10	PKP048	58	10	eh	eh	_	_	_	_	_	linguistic	_	ContainsVariation=No	_	End=133.36	_	_	_	_
59-0	PKP040	59	0	mh	mh	_	_	_	_	_	linguistic	_	ContainsVariation=No	_	Begin=134.2|End=134.45	_	_	_	_
60-0	PKP048	60	0	era	era	_	_	_	_	_	linguistic	_	ContainsVariation=No	_	Begin=134.594	_	_	_	_
60-1	PKP048	60	1	un	un	_	_	_	_	_	linguistic	_	ContainsVariation=No	_	_	_	_	_	_
60-2	PKP048	60	2	peccato	peccato	_	_	_	_	_	linguistic	_	ContainsVariation=No	_	_	_	_	_	_
60-3	PKP048	60	3	non	non	_	_	_	_	_	linguistic	_	ContainsVariation=No	_	_	_	_	_	_
60-4	PKP048	60	4	comprarlo	comprarlo	_	_	_	_	_	linguistic	_	ContainsVariation=No	_	End=136.34	_	_	_	_
61-0	PKP040	61	0	eh	eh	_	_	_	_	_	linguistic	_	ContainsVariation=No	_	Begin=137.74|End=138.026	_	_	_	_
62-0	PKP040	62	0	quella	quella	_	_	_	_	_	linguistic	_	ContainsVariation=No	_	Begin=138.65	_	_	_	_
62-1	PKP040	62	1	volta	volta	_	_	_	_	_	linguistic	_	ContainsVariation=No	_	_	_	_	_	_
62-2	PKP040	62	2	lo	lo	_	_	_	_	_	linguistic	_	ContainsVariation=No	_	_	_	_	_	_
62-3	PKP040	62	3	facesti	facesti	_	_	_	_	_	linguistic	_	ContainsVariation=No	_	_	_	_	_	_
62-4	PKP040	62	4	al	al	_	_	_	_	_	linguistic	_	ContainsVariation=No	_	_	_	_	_	_
62-5	PKP040	62	5	forno	forno	_	_	_	_	_	linguistic	_	ContainsVariation=No	PauseAfter=Yes	_	_	_	_	_
62-6	PKP040	62	6	(.)	(.)	_	_	_	_	_	shortpause	_	ContainsVariation=No	_	_	_	_	_	_
62-7	PKP040	62	7	era	era	_	_	_	_	_	linguistic	_	ContainsVariation=No	_	_	_	_	_	_
62-8	PKP040	62	8	buonissimo	buonissimo	_	_	_	_	_	linguistic	_	ContainsVariation=No	_	End=141.23	_	_	_	_
63-0	PKP048	63	0	quello	quello	_	_	_	_	_	linguistic	_	ContainsVariation=No	_	Begin=142.99	_	_	_	_
63-1	PKP048	63	1	che	che	_	_	_	_	_	linguistic	_	ContainsVariation=No	_	_	_	_	_	_
63-2	PKP048	63	2	avevo	avevo	_	_	_	_	_	linguistic	_	ContainsVariation=No	_	_	_	_	_	_
63-3	PKP048	63	3	fatto	fatto	_	_	_	_	_	linguistic	_	ContainsVariation=No	_	_	_	_	_	_
63-4	PKP048	63	4	i[o]?	io	_	_	_	_	_	linguistic	_	ContainsVariation=No	Intonation=Rising	End=144.08	_	_	_	1-2(13)
64-0	PKP040	64	0	[a]l	al	_	_	_	_	_	linguistic	_	ContainsVariation=No	_	Begin=143.95	_	_	_	0-1(13)
64-1	PKP040	64	1	for[no	forno	_	_	_	_	_	linguistic	_	ContainsVariation=No	_	_	_	_	_	3-5(14)
64-2	PKP040	64	2	l'	l'	_	_	_	_	_	linguistic	_	ContainsVariation=No	SpaceAfter=No	_	_	_	_	0-2(14)
64-3	PKP040	64	3	avevi	avevi	_	_	_	_	_	linguistic	_	ContainsVariation=No	_	_	_	_	_	0-5(14)
64-4	PKP040	64	4	f~]	f~	_	_	_	_	_	linguistic	_	ContainsVariation=No	Interrupted=Yes	End=144.95	_	_	_	0-2(14)
65-0	PKP048	65	0	[nel	nel	_	_	_	_	_	linguistic	_	ContainsVariation=No	_	Begin=144.48	_	_	_	0-3(14)
65-1	PKP048	65	1	sacc]otto	saccotto	_	_	_	_	_	linguistic	_	ContainsVariation=No	_	End=145.35	_	_	_	0-4(14)
66-0	PKP040	66	0	la	la	_	_	_	_	_	linguistic	_	ContainsVariation=No	_	Begin=145.77	_	_	_	_
66-1	PKP040	66	1	prima	prima	_	_	_	_	_	linguistic	_	ContainsVariation=No	_	_	_	_	_	_
66-2	PKP040	66	2	la	la	_	_	_	_	_	linguistic	_	ContainsVariation=No	_	_	_	_	_	_
66-3	PKP040	66	3	seconda	seconda	_	_	_	_	_	linguistic	_	ContainsVariation=No	_	_	_	_	_	_
66-4	PKP040	66	4	volta	volta	_	_	_	_	_	linguistic	_	ContainsVariation=No	_	_	_	_	_	_
66-5	PKP040	66	5	nel	nel	_	_	_	_	_	linguistic	_	ContainsVariation=No	_	_	_	_	_	_
66-6	PKP040	66	6	saccotto	saccotto	_	_	_	_	_	linguistic	_	ContainsVariation=No	_	_	_	_	_	_
66-7	PKP040	66	7	la	la	_	_	_	_	_	linguistic	_	ContainsVariation=No	_	_	_	_	_	_
66-8	PKP040	66	8	prima	prima	_	_	_	_	_	linguistic	_	ContainsVariation=No	_	_	_	_	_	_
66-9	PKP040	66	9	volta	volta	_	_	_	_	_	linguistic	_	ContainsVariation=No	_	_	_	_	_	_
66-10	PKP040	66	10	non	non	_	_	_	_	_	linguistic	_	ContainsVariation=No	_	_	_	_	_	_
66-11	PKP040	66	11	so	so	_	_	_	_	_	linguistic	_	ContainsVariation=No	_	_	_	_	_	_
66-12	PKP040	66	12	come	come	_	_	_	_	_	linguistic	_	ContainsVariation=No	_	_	_	_	_	_
66-13	PKP040	66	13	l'	l'	_	_	_	_	_	linguistic	_	ContainsVariation=No	SpaceAfter=No	_	_	_	_	_
66-14	PKP040	66	14	avevi	avevi	_	_	_	_	_	linguistic	_	ContainsVariation=No	_	_	_	_	_	_
66-15	PKP040	66	15	fa:tto	fatto	_	_	_	_	_	linguistic	_	ContainsVariation=No	_	_	1x1	_	_	_
66-16	PKP040	66	16	se	se	_	_	_	_	_	linguistic	_	ContainsVariation=No	_	_	_	_	_	_
66-17	PKP040	66	17	sempre	sempre	_	_	_	_	_	linguistic	_	ContainsVariation=No	_	_	_	_	_	_
66-18	PKP040	66	18	nel	nel	_	_	_	_	_	linguistic	_	ContainsVariation=No	_	_	_	_	_	_
66-19	PKP040	66	19	saccotto	saccotto	_	_	_	_	_	linguistic	_	ContainsVariation=No	_	End=150.22	_	_	_	_
67-0	PKP040	67	0	so	so	_	_	_	_	_	linguistic	_	ContainsVariation=No	_	Begin=150.22	_	_	_	_
67-1	PKP040	67	1	che	che	_	_	_	_	_	linguistic	_	ContainsVariation=No	_	_	_	_	_	_
67-2	PKP040	67	2	venne	venne	_	_	_	_	_	linguistic	_	ContainsVariation=No	PauseAfter=Yes	_	_	_	_	_
67-3	PKP040	67	3	(.)	(.)	_	_	_	_	_	shortpause	_	ContainsVariation=No	_	_	_	_	_	_
67-4	PKP040	67	4	buonissimo	buonissimo	_	_	_	_	_	linguistic	_	ContainsVariation=No	_	End=152.29	_	_	_	_
68-0	PKP048	68	0	non	non	_	_	_	_	_	linguistic	_	ContainsVariation=No	_	Begin=152.408	_	_	_	_
68-1	PKP048	68	1	mi	mi	_	_	_	_	_	linguistic	_	ContainsVariation=No	_	_	_	_	_	_
68-2	PKP048	68	2	dite	dite	_	_	_	_	_	linguistic	_	ContainsVariation=No	_	_	_	_	_	_
68-3	PKP048	68	3	perché	perché	_	_	_	_	_	linguistic	_	ContainsVariation=No	_	_	_	_	_	_
68-4	PKP048	68	4	cambio	cambio	_	_	_	_	_	linguistic	_	ContainsVariation=No	_	_	_	_	_	_
68-5	PKP048	68	5	sempre	sempre	_	_	_	_	_	linguistic	_	ContainsVariation=No	_	_	_	_	_	_
68-6	PKP048	68	6	hai	hai	_	_	_	_	_	linguistic	_	ContainsVariation=No	_	_	_	_	_	_
68-7	PKP048	68	7	visto	visto	_	_	_	_	_	linguistic	_	ContainsVariation=No	_	_	_	_	_	_
68-8	PKP048	68	8	ieri	ieri	_	_	_	_	_	linguistic	_	ContainsVariation=No	_	_	_	_	_	_
68-9	PKP048	68	9	le	le	_	_	_	_	_	linguistic	_	ContainsVariation=No	_	_	_	_	_	_
68-10	PKP048	68	10	fettine?	fettine	_	_	_	_	_	linguistic	_	ContainsVariation=No	Intonation=Rising	End=155.29	_	_	_	_
69-0	PKP040	69	0	buo:ne	buone	_	_	_	_	_	linguistic	_	ContainsVariation=No	_	Begin=155.549|End=156.22	2x1	_	_	_
70-0	PKP041	70	0	mh:	mh	_	_	_	_	_	linguistic	_	ContainsVariation=No	_	Begin=157.26|End=157.5	1x1	_	_	_
71-0	PKP048	71	0	perché:	perché	_	_	_	_	_	linguistic	_	ContainsVariation=No	_	Begin=158.37|End=158.91	5x1	_	_	_
72-0	PKP041	72	0	<fari:na	farina	_	_	_	_	_	linguistic	_	ContainsVariation=No	_	Begin=159.07	3x1	Slow=0-6(0)	_	_
72-1	PKP041	72	1	di	di	_	_	_	_	_	linguistic	_	ContainsVariation=No	PauseAfter=Yes	_	_	Slow=0-2(0)	_	_
72-2	PKP041	72	2	(.)	(.)	_	_	_	_	_	shortpause	_	ContainsVariation=No	_	_	_	_	_	_
72-3	PKP041	72	3	riso>	riso	_	_	_	_	_	linguistic	_	ContainsVariation=No	_	End=160.51	_	Slow=0-4(0)	_	_
73-0	PKP041	73	0	n[o]	no	_	_	_	_	_	linguistic	_	ContainsVariation=No	_	Begin=160.945|End=161.248	_	_	_	1-2(15)
74-0	PKP048	74	0	[n]o	no	_	_	_	_	_	linguistic	_	ContainsVariation=No	_	Begin=161.03	_	_	_	0-1(15)
74-1	PKP048	74	1	no	no	_	_	_	_	_	linguistic	_	ContainsVariation=No	PauseAfter=Yes	_	_	_	_	_
74-2	PKP048	74	2	(.)	(.)	_	_	_	_	_	shortpause	_	ContainsVariation=No	_	_	_	_	_	_
74-3	PKP048	74	3	il	il	_	_	_	_	_	linguistic	_	ContainsVariation=No	_	_	_	_	_	_
74-4	PKP048	74	4	pane	pane	_	_	_	_	_	linguistic	_	ContainsVariation=No	_	_	_	_	_	_
74-5	PKP048	74	5	grattuggiato:	grattuggiato	_	_	_	_	_	linguistic	_	ContainsVariation=No	_	End=163.33	11x1	_	_	_
75-0	PKP041	75	0	ah	ah	_	_	_	_	_	linguistic	_	ContainsVariation=No	_	Begin=163.32|End=163.61	_	_	_	_
76-0	PKP048	76	0	ho	ho	_	_	_	_	_	linguistic	_	ContainsVariation=No	_	Begin=163.793	_	_	_	_
76-1	PKP048	76	1	messo	messo	_	_	_	_	_	linguistic	_	ContainsVariation=No	_	_	_	_	_	_
76-2	PKP048	76	2	dentro:	dentro	_	_	_	_	_	linguistic	_	ContainsVariation=No	PauseAfter=Yes	_	5x1	_	_	_
76-3	PKP048	76	3	(.)	(.)	_	_	_	_	_	shortpause	_	ContainsVariation=No	_	_	_	_	_	_
76-4	PKP048	76	4	il::	il	_	_	_	_	_	linguistic	_	ContainsVariation=No	PauseAfter=Yes	_	1x2	_	_	_
76-5	PKP048	76	5	(.)	(.)	_	_	_	_	_	shortpause	_	ContainsVariation=No	_	_	_	_	_	_
76-6	PKP048	76	6	parmigia:no,	parmigiano	_	_	_	_	_	linguistic	_	ContainsVariation=No	Intonation=WeaklyRising	_	7x1	_	_	_
76-7	PKP048	76	7	pepe,	pepe	_	_	_	_	_	linguistic	_	ContainsVariation=No	Intonation=WeaklyRising	_	_	_	_	_
76-8	PKP048	76	8	sale,	sale	_	_	_	_	_	linguistic	_	ContainsVariation=No	Intonation=WeaklyRising	End=167.8	_	_	_	_
77-0	PKP048	77	0	un	un	_	_	_	_	_	linguistic	_	ContainsVariation=No	_	Begin=168.88	_	_	_	_
77-1	PKP048	77	1	poco	poco	_	_	_	_	_	linguistic	_	ContainsVariation=No	_	_	_	_	_	_
77-2	PKP048	77	2	de:::mh	demh	_	_	_	_	_	linguistic	_	ContainsVariation=No	_	_	1x3	_	_	_
77-3	PKP048	77	3	di	di	_	_	_	_	_	linguistic	_	ContainsVariation=No	_	_	_	_	_	_
77-4	PKP048	77	4	o:lio:,	olio	_	_	_	_	_	linguistic	_	ContainsVariation=No	Intonation=WeaklyRising	End=171.46	0x1,3x1	_	_	_
78-0	PKP040	78	0	mh:	mh	_	_	_	_	_	linguistic	_	ContainsVariation=No	_	Begin=171.75|End=172.25	1x1	_	_	_
79-0	PKP040	79	0	farina	farina	_	_	_	_	_	linguistic	_	ContainsVariation=No	_	Begin=173.52	_	_	_	_
79-1	PKP040	79	1	non	non	_	_	_	_	_	linguistic	_	ContainsVariation=No	_	_	_	_	_	_
79-2	PKP040	79	2	ce	ce	_	_	_	_	_	linguistic	_	ContainsVariation=No	_	_	_	_	_	_
79-3	PKP040	79	3	n'	n'	_	_	_	_	_	linguistic	_	ContainsVariation=No	SpaceAfter=No	_	_	_	_	_
79-4	PKP040	79	4	era	era	_	_	_	_	_	linguistic	_	ContainsVariation=No	_	_	_	_	_	_
79-5	PKP040	79	5	proprio?	proprio	_	_	_	_	_	linguistic	_	ContainsVariation=No	Intonation=Rising	End=175.05	_	_	_	_
80-0	PKP041	80	0	a[h]	ah	_	_	_	_	_	linguistic	_	ContainsVariation=No	_	Begin=175.214|End=175.56	_	_	_	1-2(17)
81-0	PKP040	81	0	[ok]ay	okay	_	_	_	_	_	linguistic	_	ContainsVariation=No	_	Begin=175.43|End=175.81	_	_	_	0-2(17)
82-0	PKP048	82	0	un	un	_	_	_	_	_	linguistic	_	ContainsVariation=No	_	Begin=176.39	_	_	_	_
82-1	PKP048	82	1	po'	po'	_	_	_	_	_	linguistic	_	ContainsVariation=No	_	_	_	_	_	_
82-2	PKP048	82	2	di::	di	_	_	_	_	_	linguistic	_	ContainsVariation=No	_	_	1x2	_	_	_
82-3	PKP048	82	3	di	di	_	_	_	_	_	linguistic	_	ContainsVariation=No	_	_	_	_	_	_
82-4	PKP048	82	4	a[glio]	aglio	_	_	_	_	_	linguistic	_	ContainsVariation=No	_	End=177.48	_	_	_	1-5(18)
83-0	PKP040	83	0	[(>sembri<)]	sembri	_	_	_	_	_	linguistic	_	ContainsVariation=No	_	Begin=177.387	_	Fast=0-6(0)	0-6(0)	0-6(18)
83-1	PKP040	83	1	l'	l'	_	_	_	_	_	linguistic	_	ContainsVariation=No	SpaceAfter=No	_	_	_	_	_
83-2	PKP040	83	2	antonietta	antonietta	_	_	_	_	_	linguistic	_	ContainsVariation=No	_	_	_	_	_	_
83-3	PKP040	83	3	buzzi	buzzi	_	_	_	_	_	linguistic	_	ContainsVariation=No	_	_	_	_	_	_
83-4	PKP040	83	4	guarda	guarda	_	_	_	_	_	linguistic	_	ContainsVariation=No	_	_	_	_	_	_
83-5	PKP040	83	5	quando	quando	_	_	_	_	_	linguistic	_	ContainsVariation=No	_	_	_	_	_	_
83-6	PKP040	83	6	era	era	_	_	_	_	_	linguistic	_	ContainsVariation=No	_	_	_	_	_	_
83-7	PKP040	83	7	più	più	_	_	_	_	_	linguistic	_	ContainsVariation=No	_	_	_	_	_	_
83-8	PKP040	83	8	giovane	giovane	_	_	_	_	_	linguistic	_	ContainsVariation=No	_	End=180.02	_	_	_	_
84-0	PKP041	84	0	è	è	_	_	_	_	_	linguistic	_	ContainsVariation=No	_	Begin=180.214	_	_	_	_
84-1	PKP041	84	1	vero	vero	_	_	_	_	_	linguistic	_	ContainsVariation=No	_	_	_	_	_	_
84-2	PKP041	84	2	((ride))	((ride))	_	_	_	_	_	nonverbalbehavior	_	ContainsVariation=No	_	End=181.02	_	_	_	_
85-0	PKP048	85	0	questa	questa	_	_	_	_	_	linguistic	_	ContainsVariation=No	_	Begin=182.17	_	_	_	_
85-1	PKP048	85	1	chi	chi	_	_	_	_	_	linguistic	_	ContainsVariation=No	_	_	_	_	_	_
85-2	PKP048	85	2	è?	è	_	_	_	_	_	linguistic	_	ContainsVariation=No	Intonation=Rising	End=182.98	_	_	_	_
86-0	PKP040	86	0	la:	la	_	_	_	_	_	linguistic	_	ContainsVariation=No	_	Begin=183.54	1x1	_	_	_
86-1	PKP040	86	1	[mi]nistr[a::]	ministra	_	_	_	_	_	linguistic	_	ContainsVariation=No	_	End=184.54	7x2	_	_	0-2(20),7-8(19)
87-0	PKP041	87	0	[no]	no	_	_	_	_	_	linguistic	_	ContainsVariation=No	_	Begin=183.78|End=184.23	_	_	_	0-2(20)
88-0	PKP039	88	0	[se]rracchiani	serracchiani	_	_	_	_	_	linguistic	_	ContainsVariation=No	_	Begin=184.44|End=185.31	_	_	_	0-2(19)
89-0	PKP048	89	0	no	no	_	_	_	_	_	linguistic	_	ContainsVariation=No	_	Begin=186.16	_	_	_	_
89-1	PKP048	89	1	è	è	_	_	_	_	_	linguistic	_	ContainsVariation=No	_	_	_	_	_	_
89-2	PKP048	89	2	una	una	_	_	_	_	_	linguistic	_	ContainsVariation=No	_	_	_	_	_	_
89-3	PKP048	89	3	faccia::	faccia	_	_	_	_	_	linguistic	_	ContainsVariation=No	_	_	5x2	_	_	_
89-4	PKP048	89	4	a	a	_	_	_	_	_	linguistic	_	ContainsVariation=No	_	_	_	_	_	_
89-5	PKP048	89	5	mbeh	mbeh	_	_	_	_	_	linguistic	_	ContainsVariation=No	_	_	_	_	_	_
89-6	PKP048	89	6	x[x	xx	_	_	_	_	_	unknown	_	ContainsVariation=No	Syllables=2	_	_	_	_	1-2(21)
89-7	PKP048	89	7	politica]	politica	_	_	_	_	_	linguistic	_	ContainsVariation=No	_	End=188.46	_	_	_	0-8(21)
90-0	PKP040	90	0	[no	no	_	_	_	_	_	linguistic	_	ContainsVariation=No	_	Begin=187.69	_	_	_	0-2(21)
90-1	PKP040	90	1	ministra]	ministra	_	_	_	_	_	linguistic	_	ContainsVariation=No	_	End=188.43	_	_	_	0-8(21)
91-0	PKP039	91	0	(deputato)	deputato	_	_	_	_	_	linguistic	_	ContainsVariation=No	_	Begin=189.49	_	_	0-8(0)	_
91-1	PKP039	91	1	del	del	_	_	_	_	_	linguistic	_	ContainsVariation=No	_	_	_	_	_	_
91-2	PKP039	91	2	p[d]	pd	_	_	_	_	_	linguistic	_	ContainsVariation=No	_	End=190.23	_	_	_	1-2(22)
92-0	PKP040	92	0	[de]puta:to	deputato	_	_	_	_	_	linguistic	_	ContainsVariation=No	_	Begin=190.13	5x1	_	_	0-2(22)
92-1	PKP040	92	1	sì	sì	_	_	_	_	_	linguistic	_	ContainsVariation=No	_	_	_	_	_	_
92-2	PKP040	92	2	una	una	_	_	_	_	_	linguistic	_	ContainsVariation=No	_	_	_	_	_	_
92-3	PKP040	92	3	deputata	deputata	_	_	_	_	_	linguistic	_	ContainsVariation=No	_	End=191.72	_	_	_	_
93-0	PKP048	93	0	cos'	cos'	_	_	_	_	_	linguistic	_	ContainsVariation=No	SpaceAfter=No	Begin=195.42	_	_	_	_
93-1	PKP048	93	1	ha	ha	_	_	_	_	_	linguistic	_	ContainsVariation=No	_	_	_	_	_	_
93-2	PKP048	93	2	fatto	fatto	_	_	_	_	_	linguistic	_	ContainsVariation=No	_	_	_	_	_	_
93-3	PKP048	93	3	la	la	_	_	_	_	_	linguistic	_	ContainsVariation=No	_	_	_	_	_	_
93-4	PKP048	93	4	xxxx,	xxxx	_	_	_	_	_	linguistic	_	ContainsVariation=No	Intonation=WeaklyRising	_	_	_	_	_
93-5	PKP048	93	5	che	che	_	_	_	_	_	linguistic	_	ContainsVariation=No	_	_	_	_	_	_
93-6	PKP048	93	6	sentivo	sentivo	_	_	_	_	_	linguistic	_	ContainsVariation=No	_	_	_	_	_	_
93-7	PKP048	93	7	al	al	_	_	_	_	_	linguistic	_	ContainsVariation=No	_	_	_	_	_	_
93-8	PKP048	93	8	telegiorna:le	telegiornale	_	_	_	_	_	linguistic	_	ContainsVariation=No	_	_	9x1	_	_	_
93-9	PKP048	93	9	che	che	_	_	_	_	_	linguistic	_	ContainsVariation=No	_	_	_	_	_	_
93-10	PKP048	93	10	[dicevano::]	dicevano	_	_	_	_	_	linguistic	_	ContainsVariation=No	_	End=199.12	7x2	_	_	0-8(23)
94-0	PKP041	94	0	[°xx	xx	_	_	_	_	_	unknown	_	ContainsVariation=No	Volume=low|Syllables=2	Begin=198.365	_	_	_	0-2(23)
94-1	PKP041	94	1	non	non	_	_	_	_	_	linguistic	_	ContainsVariation=No	Volume=low	_	_	_	_	0-3(23)
94-2	PKP041	94	2	lo]	lo	_	_	_	_	_	linguistic	_	ContainsVariation=No	Volume=low	_	_	_	_	0-2(23)
94-3	PKP041	94	3	so°	so	_	_	_	_	_	linguistic	_	ContainsVariation=No	Volume=low	End=199.371	_	_	_	_
95-0	PKP040	95	0	vuoi	vuoi	_	_	_	_	_	linguistic	_	ContainsVariation=No	_	Begin=223.24	_	_	_	_
95-1	PKP040	95	1	[coca	coca	_	_	_	_	_	linguistic	_	ContainsVariation=No	_	_	_	_	_	0-4(24)
95-2	PKP040	95	2	cola]?	cola	_	_	_	_	_	linguistic	_	ContainsVariation=No	Intonation=Rising	End=224.0	_	_	_	0-4(24)
96-0	PKP041	96	0	[ma	ma	_	_	_	_	_	linguistic	_	ContainsVariation=No	_	Begin=223.54	_	_	_	0-2(24)
96-1	PKP041	96	1	secondo	secondo	_	_	_	_	_	linguistic	_	ContainsVariation=No	_	_	_	_	_	0-7(24)
96-2	PKP041	96	2	vo]i	voi	_	_	_	_	_	linguistic	_	ContainsVariation=No	_	End=224.16	_	_	_	0-2(24)
97-0	PKP041	97	0	perché	perché	_	_	_	_	_	linguistic	_	ContainsVariation=No	_	Begin=225.04	_	_	_	_
97-1	PKP041	97	1	alcune	alcune	_	_	_	_	_	linguistic	_	ContainsVariation=No	_	_	_	_	_	_
97-2	PKP041	97	2	case	case	_	_	_	_	_	linguistic	_	ContainsVariation=No	_	_	_	_	_	_
97-3	PKP041	97	3	abbandona:te	abbandonate	_	_	_	_	_	linguistic	_	ContainsVariation=No	_	End=226.63	8x1	_	_	_
98-0	PKP040	98	0	mh	mh	_	_	_	_	_	linguistic	_	ContainsVariation=No	_	Begin=226.72|End=227.014	_	_	_	_
99-0	PKP041	99	0	hanno	hanno	_	_	_	_	_	linguistic	_	ContainsVariation=No	_	Begin=227.37	_	_	_	_
99-1	PKP041	99	1	<i	i	_	_	_	_	_	linguistic	_	ContainsVariation=No	_	_	_	Slow=0-1(0)	_	_
99-2	PKP041	99	2	vesti:ti	vestiti	_	_	_	_	_	linguistic	_	ContainsVariation=No	_	_	4x1	Slow=0-7(0)	_	_
99-3	PKP041	99	3	de:ntro	dentro	_	_	_	_	_	linguistic	_	ContainsVariation=No	_	_	1x1	Slow=0-6(0)	_	_
99-4	PKP041	99	4	tutto>	tutto	_	_	_	_	_	linguistic	_	ContainsVariation=No	_	End=229.57	_	Slow=0-5(0)	_	_
100-0	PKP040	100	0	e	e	_	_	_	_	_	linguistic	_	ContainsVariation=No	_	Begin=231.59	_	_	_	_
100-1	PKP040	100	1	come?	come	_	_	_	_	_	linguistic	_	ContainsVariation=No	Intonation=Rising	End=232.2	_	_	_	_
101-0	PKP040	101	0	queste	queste	_	_	_	_	_	linguistic	_	ContainsVariation=No	_	Begin=232.73	_	_	_	_
101-1	PKP040	101	1	qua	qua	_	_	_	_	_	linguistic	_	ContainsVariation=No	_	_	_	_	_	_
101-2	PKP040	101	2	che::	che	_	_	_	_	_	linguistic	_	ContainsVariation=No	_	_	2x2	_	_	_
101-3	PKP040	101	3	mh	mh	_	_	_	_	_	linguistic	_	ContainsVariation=No	_	End=234.04	_	_	_	_
102-0	PKP041	102	0	que::ste	queste	_	_	_	_	_	linguistic	_	ContainsVariation=No	_	Begin=234.049	2x2	_	_	_
102-1	PKP041	102	1	xx	xx	_	_	_	_	_	unknown	_	ContainsVariation=No	Syllables=2	_	_	_	_	_
102-2	PKP041	102	2	[xx	xx	_	_	_	_	_	unknown	_	ContainsVariation=No	Syllables=2	_	_	_	_	0-2(25)
102-3	PKP041	102	3	alcune]	alcune	_	_	_	_	_	linguistic	_	ContainsVariation=No	_	End=236.24	_	_	_	0-6(25)
103-0	PKP040	103	0	[beh	beh	_	_	_	_	_	linguistic	_	ContainsVariation=No	_	Begin=235.272	_	_	_	0-3(25)
103-1	PKP040	103	1	magari	magari	_	_	_	_	_	linguistic	_	ContainsVariation=No	_	_	_	_	_	0-6(25)
103-2	PKP040	103	2	chi	chi	_	_	_	_	_	linguistic	_	ContainsVariation=No	_	_	_	_	_	0-3(25)
103-3	PKP040	103	3	se	se	_	_	_	_	_	linguistic	_	ContainsVariation=No	_	_	_	_	_	0-2(25)
103-4	PKP040	103	4	n'	n'	_	_	_	_	_	linguistic	_	ContainsVariation=No	SpaceAfter=No	_	_	_	_	0-2(25)
103-5	PKP040	103	5	è	è	_	_	_	_	_	linguistic	_	ContainsVariation=No	_	_	_	_	_	0-1(25)
103-6	PKP040	103	6	anda]to	andato	_	_	_	_	_	linguistic	_	ContainsVariation=No	_	_	_	_	_	0-4(25)
103-7	PKP040	103	7	via	via	_	_	_	_	_	linguistic	_	ContainsVariation=No	_	_	_	_	_	_
103-8	PKP040	103	8	di	di	_	_	_	_	_	linguistic	_	ContainsVariation=No	_	_	_	_	_	_
103-9	PKP040	103	9	co:rsa	corsa	_	_	_	_	_	linguistic	_	ContainsVariation=No	_	End=237.57	1x1	_	_	_
104-0	PKP041	104	0	e::h	eh	_	_	_	_	_	linguistic	_	ContainsVariation=No	_	Begin=237.56|End=238.01	0x2	_	_	_
105-0	PKP040	105	0	[oppure]	oppure	_	_	_	_	_	linguistic	_	ContainsVariation=No	_	Begin=239.96|End=240.42	_	_	_	0-6(27)
106-0	PKP041	106	0	[io	io	_	_	_	_	_	linguistic	_	ContainsVariation=No	_	Begin=239.97	_	_	_	0-2(27)
106-1	PKP041	106	1	mi	mi	_	_	_	_	_	linguistic	_	ContainsVariation=No	_	_	_	_	_	0-2(27)
106-2	PKP041	106	2	rico]rdo	ricordo	_	_	_	_	_	linguistic	_	ContainsVariation=No	_	_	_	_	_	0-4(27)
106-3	PKP041	106	3	una	una	_	_	_	_	_	linguistic	_	ContainsVariation=No	_	_	_	_	_	_
106-4	PKP041	106	4	volta	volta	_	_	_	_	_	linguistic	_	ContainsVariation=No	_	_	_	_	_	_
106-5	PKP041	106	5	a	a	_	_	_	_	_	linguistic	_	ContainsVariation=No	_	_	_	_	_	_
106-6	PKP041	106	6	(mitra:no)	mitrano	_	_	_	_	_	linguistic	_	ContainsVariation=No	_	End=241.7	4x1	_	0-7(0)	_
107-0	PKP040	107	0	mh	mh	_	_	_	_	_	linguistic	_	ContainsVariation=No	_	Begin=241.79|End=242.09	_	_	_	_
108-0	PKP041	108	0	che::	che	_	_	_	_	_	linguistic	_	ContainsVariation=No	_	Begin=242.91	2x2	_	_	_
108-1	PKP041	108	1	caterina::	caterina	_	_	_	_	_	linguistic	_	ContainsVariation=No	_	_	7x2	_	_	_
108-2	PKP041	108	2	entrò	entrò	_	_	_	_	_	linguistic	_	ContainsVariation=No	_	_	_	_	_	_
108-3	PKP041	108	3	dentro	dentro	_	_	_	_	_	linguistic	_	ContainsVariation=No	_	_	_	_	_	_
108-4	PKP041	108	4	un	un	_	_	_	_	_	linguistic	_	ContainsVariation=No	_	_	_	_	_	_
108-5	PKP041	108	5	co:so	coso	_	_	_	_	_	linguistic	_	ContainsVariation=No	_	_	1x1	_	_	_
108-6	PKP041	108	6	dovevamo	dovevamo	_	_	_	_	_	linguistic	_	ContainsVariation=No	_	_	_	_	_	_
108-7	PKP041	108	7	andarla	andarla	_	_	_	_	_	linguistic	_	ContainsVariation=No	_	_	_	_	_	_
108-8	PKP041	108	8	a	a	_	_	_	_	_	linguistic	_	ContainsVariation=No	_	_	_	_	_	_
108-9	PKP041	108	9	recupera:re	recuperare	_	_	_	_	_	linguistic	_	ContainsVariation=No	_	_	7x1	_	_	_
108-10	PKP041	108	10	e	e	_	_	_	_	_	linguistic	_	ContainsVariation=No	_	_	_	_	_	_
108-11	PKP041	108	11	c'	c'	_	_	_	_	_	linguistic	_	ContainsVariation=No	SpaceAfter=No	_	_	_	_	_
108-12	PKP041	108	12	erano	erano	_	_	_	_	_	linguistic	_	ContainsVariation=No	_	End=247.61	_	_	_	_
109-0	PKP041	109	0	nella	nella	_	_	_	_	_	linguistic	_	ContainsVariation=No	_	Begin=248.26	_	_	_	_
109-1	PKP041	109	1	tovaglia	tovaglia	_	_	_	_	_	linguistic	_	ContainsVariation=No	_	_	_	_	_	_
109-2	PKP041	109	2	messe	messe	_	_	_	_	_	linguistic	_	ContainsVariation=No	_	_	_	_	_	_
109-3	PKP041	109	3	le	le	_	_	_	_	_	linguistic	_	ContainsVariation=No	_	_	_	_	_	_
109-4	PKP041	109	4	tazzine	tazzine	_	_	_	_	_	linguistic	_	ContainsVariation=No	PauseAfter=Yes	_	_	_	_	_
109-5	PKP041	109	5	(.)	(.)	_	_	_	_	_	shortpause	_	ContainsVariation=No	_	_	_	_	_	_
109-6	PKP041	109	6	[sul	sul	_	_	_	_	_	linguistic	_	ContainsVariation=No	_	_	_	_	_	0-3(?)
109-7	PKP041	109	7	tavo][lo]	tavolo	_	_	_	_	_	linguistic	_	ContainsVariation=No	_	End=251.22	_	_	_	4-6(?)
110-0	PKP039	110	0	[xx]	xx	_	_	_	_	_	unknown	_	ContainsVariation=No	Syllables=2	Begin=250.45	_	_	_	0-2(?)
110-1	PKP039	110	1	[xx]	xx	_	_	_	_	_	unknown	_	ContainsVariation=No	Syllables=2	_	_	_	_	0-2(?)
110-2	PKP039	110	2	[xxxxx]	xxxxx	_	_	_	_	_	unknown	_	ContainsVariation=No	Syllables=5	End=252.43	_	_	_	0-5(?)
111-0	PKP040	111	0	[va][bbè	vabbè	_	_	_	_	_	linguistic	_	ContainsVariation=No	_	Begin=251.09	_	_	_	2-5(?)
111-1	PKP040	111	1	qualcuno	qualcuno	_	_	_	_	_	linguistic	_	ContainsVariation=No	_	_	_	_	_	0-8(?)
111-2	PKP040	111	2	l'	l'	_	_	_	_	_	linguistic	_	ContainsVariation=No	SpaceAfter=No	_	_	_	_	0-2(?)
111-3	PKP040	111	3	avrà	avrà	_	_	_	_	_	linguistic	_	ContainsVariation=No	_	_	_	_	_	0-4(?)
111-4	PKP040	111	4	fa]tto	fatto	_	_	_	_	_	linguistic	_	ContainsVariation=No	_	_	_	_	_	0-2(?)
111-5	PKP040	111	5	apposta	apposta	_	_	_	_	_	linguistic	_	ContainsVariation=No	_	End=253.36	_	_	_	_
112-0	PKP040	112	0	o	o	_	_	_	_	_	linguistic	_	ContainsVariation=No	_	Begin=254.38	_	_	_	_
112-1	PKP040	112	1	magari	magari	_	_	_	_	_	linguistic	_	ContainsVariation=No	_	_	_	_	_	_
112-2	PKP040	112	2	gente	gente	_	_	_	_	_	linguistic	_	ContainsVariation=No	_	_	_	_	_	_
112-3	PKP040	112	3	che	che	_	_	_	_	_	linguistic	_	ContainsVariation=No	_	_	_	_	_	_
112-4	PKP040	112	4	abusivamente	abusivamente	_	_	_	_	_	linguistic	_	ContainsVariation=No	_	_	_	_	_	_
112-5	PKP040	112	5	l'	l'	_	_	_	_	_	linguistic	_	ContainsVariation=No	SpaceAfter=No	_	_	_	_	_
112-6	PKP040	112	6	ha	ha	_	_	_	_	_	linguistic	_	ContainsVariation=No	_	_	_	_	_	_
112-7	PKP040	112	7	occupa:ta	occupata	_	_	_	_	_	linguistic	_	ContainsVariation=No	_	_	5x1	_	_	_
112-8	PKP040	112	8	e	e	_	_	_	_	_	linguistic	_	ContainsVariation=No	_	_	_	_	_	_
112-9	PKP040	112	9	po:i	poi	_	_	_	_	_	linguistic	_	ContainsVariation=No	_	End=256.94	1x1	_	_	_
113-0	PKP041	113	0	però	però	_	_	_	_	_	linguistic	_	ContainsVariation=No	_	Begin=257.19	_	_	_	_
113-1	PKP041	113	1	dico	dico	_	_	_	_	_	linguistic	_	ContainsVariation=No	_	_	_	_	_	_
113-2	PKP041	113	2	questo	questo	_	_	_	_	_	linguistic	_	ContainsVariation=No	_	_	_	_	_	_
113-3	PKP041	113	3	qua	qua	_	_	_	_	_	linguistic	_	ContainsVariation=No	_	_	_	_	_	_
113-4	PKP041	113	4	mo	mo	_	_	_	_	_	linguistic	_	ContainsVariation=No	_	_	_	_	_	_
113-5	PKP041	113	5	stava	stava	_	_	_	_	_	linguistic	_	ContainsVariation=No	_	_	_	_	_	_
113-6	PKP041	113	6	vedendo	vedendo	_	_	_	_	_	linguistic	_	ContainsVariation=No	_	_	_	_	_	_
113-7	PKP041	113	7	questa	questa	_	_	_	_	_	linguistic	_	ContainsVariation=No	_	_	_	_	_	_
113-8	PKP041	113	8	questa::	questa	_	_	_	_	_	linguistic	_	ContainsVariation=No	_	_	5x2	_	_	_
113-9	PKP041	113	9	casa	casa	_	_	_	_	_	linguistic	_	ContainsVariation=No	_	_	_	_	_	_
113-10	PKP041	113	10	abbandona:ta:,	abbandonata	_	_	_	_	_	linguistic	_	ContainsVariation=No	Intonation=WeaklyRising	End=261.279	8x1,10x1	_	_	_
114-0	PKP041	114	0	e	e	_	_	_	_	_	linguistic	_	ContainsVariation=No	_	Begin=261.8	_	_	_	_
114-1	PKP041	114	1	c'	c'	_	_	_	_	_	linguistic	_	ContainsVariation=No	SpaceAfter=No	_	_	_	_	_
114-2	PKP041	114	2	erano	erano	_	_	_	_	_	linguistic	_	ContainsVariation=No	_	_	_	_	_	_
114-3	PKP041	114	3	i	i	_	_	_	_	_	linguistic	_	ContainsVariation=No	_	_	_	_	_	_
114-4	PKP041	114	4	vestiti	vestiti	_	_	_	_	_	linguistic	_	ContainsVariation=No	_	_	_	_	_	_
114-5	PKP041	114	5	negli	negli	_	_	_	_	_	linguistic	_	ContainsVariation=No	_	_	_	_	_	_
114-6	PKP041	114	6	arma:di:,	armadi	_	_	_	_	_	linguistic	_	ContainsVariation=No	Intonation=WeaklyRising|PauseAfter=Yes	_	3x1,5x1	_	_	_
114-7	PKP041	114	7	(.)	(.)	_	_	_	_	_	shortpause	_	ContainsVariation=No	_	_	_	_	_	_
114-8	PKP041	114	8	[residui	residui	_	_	_	_	_	linguistic	_	ContainsVariation=No	_	_	_	_	_	0-7(28)
114-9	PKP041	114	9	di]	di	_	_	_	_	_	linguistic	_	ContainsVariation=No	_	_	_	_	_	0-2(28)
114-10	PKP041	114	10	rosse:tto	rossetto	_	_	_	_	_	linguistic	_	ContainsVariation=No	_	End=265.44	4x1	_	_	_
115-0	PKP040	115	0	[metti	metti	_	_	_	_	_	linguistic	_	ContainsVariation=No	_	Begin=263.734	_	_	_	0-5(28)
115-1	PKP040	115	1	che	che	_	_	_	_	_	linguistic	_	ContainsVariation=No	_	_	_	_	_	0-3(28)
115-2	PKP040	115	2	qualcuno]	qualcuno	_	_	_	_	_	linguistic	_	ContainsVariation=No	_	End=264.49	_	_	_	0-8(28)
116-0	PKP040	116	0	ho	ho	_	_	_	_	_	linguistic	_	ContainsVariation=No	_	Begin=265.43	_	_	_	_
116-1	PKP040	116	1	capito	capito	_	_	_	_	_	linguistic	_	ContainsVariation=No	_	_	_	_	_	_
116-2	PKP040	116	2	metti	metti	_	_	_	_	_	linguistic	_	ContainsVariation=No	_	_	_	_	_	_
116-3	PKP040	116	3	che	che	_	_	_	_	_	linguistic	_	ContainsVariation=No	_	_	_	_	_	_
116-4	PKP040	116	4	uno	uno	_	_	_	_	_	linguistic	_	ContainsVariation=No	_	_	_	_	_	_
116-5	PKP040	116	5	vive	vive	_	_	_	_	_	linguistic	_	ContainsVariation=No	_	_	_	_	_	_
116-6	PKP040	116	6	solo	solo	_	_	_	_	_	linguistic	_	ContainsVariation=No	_	_	_	_	_	_
116-7	PKP040	116	7	no	no	_	_	_	_	_	linguistic	_	ContainsVariation=No	_	End=267.24	_	_	_	_
117-0	PKP040	117	0	va	va	_	_	_	_	_	linguistic	_	ContainsVariation=No	_	Begin=268.02	_	_	_	_
117-1	PKP040	117	1	in	in	_	_	_	_	_	linguistic	_	ContainsVariation=No	_	_	_	_	_	_
117-2	PKP040	117	2	ospedale	ospedale	_	_	_	_	_	linguistic	_	ContainsVariation=No	_	_	_	_	_	_
117-3	PKP040	117	3	e	e	_	_	_	_	_	linguistic	_	ContainsVariation=No	_	_	_	_	_	_
117-4	PKP040	117	4	muore	muore	_	_	_	_	_	linguistic	_	ContainsVariation=No	_	End=269.14	_	_	_	_
118-0	PKP041	118	0	no:	no	_	_	_	_	_	linguistic	_	ContainsVariation=No	_	Begin=269.237	1x1	_	_	_
118-1	PKP041	118	1	infa:tti	infatti	_	_	_	_	_	linguistic	_	ContainsVariation=No	_	_	3x1	_	_	_
118-2	PKP041	118	2	pure	pure	_	_	_	_	_	linguistic	_	ContainsVariation=No	_	_	_	_	_	_
118-3	PKP041	118	3	io	io	_	_	_	_	_	linguistic	_	ContainsVariation=No	_	_	_	_	_	_
118-4	PKP041	118	4	ho	ho	_	_	_	_	_	linguistic	_	ContainsVariation=No	_	_	_	_	_	_
118-5	PKP041	118	5	pensato	pensato	_	_	_	_	_	linguistic	_	ContainsVariation=No	_	_	_	_	_	_
118-6	PKP041	118	6	questa	questa	_	_	_	_	_	linguistic	_	ContainsVariation=No	_	_	_	_	_	_
118-7	PKP041	118	7	cosa	cosa	_	_	_	_	_	linguistic	_	ContainsVariation=No	_	End=271.32	_	_	_	_
119-0	PKP041	119	0	però	però	_	_	_	_	_	linguistic	_	ContainsVariation=No	_	Begin=272.393	_	_	_	_
119-1	PKP041	119	1	quella	quella	_	_	_	_	_	linguistic	_	ContainsVariation=No	_	_	_	_	_	_
119-2	PKP041	119	2	è	è	_	_	_	_	_	linguistic	_	ContainsVariation=No	_	_	_	_	_	_
119-3	PKP041	119	3	una	una	_	_	_	_	_	linguistic	_	ContainsVariation=No	_	_	_	_	_	_
119-4	PKP041	119	4	vi[llona]	villona	_	_	_	_	_	linguistic	_	ContainsVariation=No	PauseAfter=Yes	_	_	_	_	2-7(30)
119-5	PKP041	119	5	(.)	(.)	_	_	_	_	_	shortpause	_	ContainsVariation=No	_	_	_	_	_	_
119-6	PKP041	119	6	quella	quella	_	_	_	_	_	linguistic	_	ContainsVariation=No	_	_	_	_	_	_
119-7	PKP041	119	7	era	era	_	_	_	_	_	linguistic	_	ContainsVariation=No	_	_	_	_	_	_
119-8	PKP041	119	8	una	una	_	_	_	_	_	linguistic	_	ContainsVariation=No	_	_	_	_	_	_
119-9	PKP041	119	9	villona	villona	_	_	_	_	_	linguistic	_	ContainsVariation=No	_	End=275.3	_	_	_	_
120-0	PKP040	120	0	[chi	chi	_	_	_	_	_	linguistic	_	ContainsVariation=No	_	Begin=273.17	_	_	_	0-3(30)
120-1	PKP040	120	1	si	si	_	_	_	_	_	linguistic	_	ContainsVariation=No	_	_	_	_	_	0-2(30)
120-2	PKP040	120	2	occupa	occupa	_	_	_	_	_	linguistic	_	ContainsVariation=No	_	_	_	_	_	0-6(30)
120-3	PKP040	120	3	di:::]	di	_	_	_	_	_	linguistic	_	ContainsVariation=No	_	End=274.38	1x3	_	_	0-2(30)
121-0	PKP041	121	0	[mi	mi	_	_	_	_	_	linguistic	_	ContainsVariation=No	_	Begin=278.248	_	_	_	0-2(31)
121-1	PKP041	121	1	da	da	_	_	_	_	_	linguistic	_	ContainsVariation=No	_	_	_	_	_	0-2(31)
121-2	PKP041	121	2	sempre	sempre	_	_	_	_	_	linguistic	_	ContainsVariation=No	_	_	_	_	_	0-6(31)
121-3	PKP041	121	3	l'	l'	_	_	_	_	_	linguistic	_	ContainsVariation=No	SpaceAfter=No	_	_	_	_	0-2(31)
121-4	PKP041	121	4	idea	idea	_	_	_	_	_	linguistic	_	ContainsVariation=No	_	_	_	_	_	0-4(31)
121-5	PKP041	121	5	che	che	_	_	_	_	_	linguistic	_	ContainsVariation=No	_	_	_	_	_	0-3(31)
121-6	PKP041	121	6	qualcuno	qualcuno	_	_	_	_	_	linguistic	_	ContainsVariation=No	_	_	_	_	_	0-8(31)
121-7	PKP041	121	7	sia]::	sia	_	_	_	_	_	linguistic	_	ContainsVariation=No	_	End=280.57	2x2	_	_	0-3(31)
122-0	PKP040	122	0	[può	può	_	_	_	_	_	linguistic	_	ContainsVariation=No	_	Begin=278.26	_	_	_	0-3(31)
122-1	PKP040	122	1	darsi	darsi	_	_	_	_	_	linguistic	_	ContainsVariation=No	_	_	_	_	_	0-5(31)
122-2	PKP040	122	2	pure	pure	_	_	_	_	_	linguistic	_	ContainsVariation=No	_	_	_	_	_	0-4(31)
122-3	PKP040	122	3	che	che	_	_	_	_	_	linguistic	_	ContainsVariation=No	_	_	_	_	_	0-3(31)
122-4	PKP040	122	4	era:	era	_	_	_	_	_	linguistic	_	ContainsVariation=No	_	_	2x1	_	_	0-3(31)
122-5	PKP040	122	5	xx]	xx	_	_	_	_	_	unknown	_	ContainsVariation=No	Syllables=2	End=280.07	_	_	_	0-2(31)
123-0	PKP040	123	0	può	può	_	_	_	_	_	linguistic	_	ContainsVariation=No	_	Begin=280.55	_	_	_	_
123-1	PKP040	123	1	darsi	darsi	_	_	_	_	_	linguistic	_	ContainsVariation=No	_	_	_	_	_	_
123-2	PKP040	123	2	che	che	_	_	_	_	_	linguistic	_	ContainsVariation=No	_	_	_	_	_	_
123-3	PKP040	123	3	le	le	_	_	_	_	_	linguistic	_	ContainsVariation=No	_	_	_	_	_	_
123-4	PKP040	123	4	lascia[no	lasciano	_	_	_	_	_	linguistic	_	ContainsVariation=No	_	_	_	_	_	6-8(33)
123-5	PKP040	123	5	pure	pure	_	_	_	_	_	linguistic	_	ContainsVariation=No	_	_	_	_	_	0-4(33)
123-6	PKP040	123	6	per	per	_	_	_	_	_	linguistic	_	ContainsVariation=No	_	_	_	_	_	0-3(33)
123-7	PKP040	123	7	folklo]re	folklore	_	_	_	_	_	linguistic	_	ContainsVariation=No	_	End=282.33	_	_	_	0-6(33)
124-0	PKP041	124	0	[scappato	scappato	_	_	_	_	_	linguistic	_	ContainsVariation=No	_	Begin=281.24	_	_	_	0-8(33)
124-1	PKP041	124	1	via]	via	_	_	_	_	_	linguistic	_	ContainsVariation=No	_	End=282.19	_	_	_	0-3(33)
125-0	PKP039	125	0	io	io	_	_	_	_	_	linguistic	_	ContainsVariation=No	_	Begin=285.66	_	_	_	_
125-1	PKP039	125	1	penso	penso	_	_	_	_	_	linguistic	_	ContainsVariation=No	_	_	_	_	_	_
125-2	PKP039	125	2	che	che	_	_	_	_	_	linguistic	_	ContainsVariation=No	_	_	_	_	_	_
125-3	PKP039	125	3	sia	sia	_	_	_	_	_	linguistic	_	ContainsVariation=No	_	_	_	_	_	_
125-4	PKP039	125	4	stato	stato	_	_	_	_	_	linguistic	_	ContainsVariation=No	_	_	_	_	_	_
125-5	PKP039	125	5	un	un	_	_	_	_	_	linguistic	_	ContainsVariation=No	_	_	_	_	_	_
125-6	PKP039	125	6	delitto	delitto	_	_	_	_	_	linguistic	_	ContainsVariation=No	_	End=287.12	_	_	_	_
126-0	PKP041	126	0	sì	sì	_	_	_	_	_	linguistic	_	ContainsVariation=No	PauseAfter=Yes	Begin=288.38	_	_	_	_
126-1	PKP041	126	1	(.)	(.)	_	_	_	_	_	shortpause	_	ContainsVariation=No	_	_	_	_	_	_
126-2	PKP041	126	2	una	una	_	_	_	_	_	linguistic	_	ContainsVariation=No	_	_	_	_	_	_
126-3	PKP041	126	3	una	una	_	_	_	_	_	linguistic	_	ContainsVariation=No	_	_	_	_	_	_
126-4	PKP041	126	4	villa	villa	_	_	_	_	_	linguistic	_	ContainsVariation=No	_	_	_	_	_	_
126-5	PKP041	126	5	di::	di	_	_	_	_	_	linguistic	_	ContainsVariation=No	_	_	1x2	_	_	_
126-6	PKP041	126	6	venti	venti	_	_	_	_	_	linguistic	_	ContainsVariation=No	_	_	_	_	_	_
126-7	PKP041	126	7	persone	persone	_	_	_	_	_	linguistic	_	ContainsVariation=No	_	_	_	_	_	_
126-8	PKP041	126	8	forse,	forse	_	_	_	_	_	linguistic	_	ContainsVariation=No	Intonation=WeaklyRising	End=291.78	_	_	_	_
127-0	PKP040	127	0	agatha	agatha	_	_	_	_	_	linguistic	_	ContainsVariation=No	_	Begin=291.99	_	_	_	_
127-1	PKP040	127	1	christie	christie	_	_	_	_	_	linguistic	_	ContainsVariation=No	_	End=292.99	_	_	_	_
128-0	PKP041	128	0	veramente	veramente	_	_	_	_	_	linguistic	_	ContainsVariation=No	_	Begin=294.99|End=295.762	_	_	_	_
129-0	PKP039	129	0	(è	è	_	_	_	_	_	linguistic	_	ContainsVariation=No	_	Begin=295.762	_	_	0-1(0)	_
129-1	PKP039	129	1	aperta	aperta	_	_	_	_	_	linguistic	_	ContainsVariation=No	_	_	_	_	0-6(0)	_
129-2	PKP039	129	2	da	da	_	_	_	_	_	linguistic	_	ContainsVariation=No	_	_	_	_	0-2(0)	_
129-3	PKP039	129	3	un	un	_	_	_	_	_	linguistic	_	ContainsVariation=No	_	_	_	_	0-2(0)	_
129-4	PKP039	129	4	po')	po'	_	_	_	_	_	linguistic	_	ContainsVariation=No	_	End=296.59	_	_	0-3(0)	_
130-0	PKP040	130	0	mi	mi	_	_	_	_	_	linguistic	_	ContainsVariation=No	_	Begin=304.857	_	_	_	_
130-1	PKP040	130	1	sto	sto	_	_	_	_	_	linguistic	_	ContainsVariation=No	_	_	_	_	_	_
130-2	PKP040	130	2	vedendo	vedendo	_	_	_	_	_	linguistic	_	ContainsVariation=No	_	_	_	_	_	_
130-3	PKP040	130	3	su	su	_	_	_	_	_	linguistic	_	ContainsVariation=No	_	_	_	_	_	_
130-4	PKP040	130	4	netflix	netflix	_	_	_	_	_	linguistic	_	ContainsVariation=No	_	_	_	_	_	_
130-5	PKP040	130	5	una	una	_	_	_	_	_	linguistic	_	ContainsVariation=No	_	_	_	_	_	_
130-6	PKP040	130	6	se:rie	serie	_	_	_	_	_	linguistic	_	ContainsVariation=No	_	_	1x1	_	_	_
130-7	PKP040	130	7	è	è	_	_	_	_	_	linguistic	_	ContainsVariation=No	_	_	_	_	_	_
130-8	PKP040	130	8	iniziata	iniziata	_	_	_	_	_	linguistic	_	ContainsVariation=No	_	_	_	_	_	_
130-9	PKP040	130	9	così	così	_	_	_	_	_	linguistic	_	ContainsVariation=No	_	End=307.6	_	_	_	_
131-0	PKP040	131	0	>come<	come	_	_	_	_	_	linguistic	_	ContainsVariation=No	_	Begin=309.057	_	Fast=0-4(0)	_	_
131-1	PKP040	131	1	si	si	_	_	_	_	_	linguistic	_	ContainsVariation=No	_	_	_	_	_	_
131-2	PKP040	131	2	chiama:?	chiama	_	_	_	_	_	linguistic	_	ContainsVariation=No	Intonation=Rising	End=309.813	5x1	_	_	_
132-0	PKP040	132	0	am:::bili::ved	ambilived	_	_	_	_	_	linguistic	_	ContainsVariation=No	_	Begin=310.03|End=312.058	1x3,5x2	_	_	_
133-0	PKP040	133	0	°come	come	_	_	_	_	_	linguistic	_	ContainsVariation=No	Volume=low	Begin=312.089	_	_	_	_
133-1	PKP040	133	1	si	si	_	_	_	_	_	linguistic	_	ContainsVariation=No	Volume=low	_	_	_	_	_
133-2	PKP040	133	2	dice?°	dice	_	_	_	_	_	linguistic	_	ContainsVariation=No	Intonation=Rising|Volume=low	End=312.812	_	_	_	_
134-0	PKP041	134	0	unbelievab[le]	unbelievable	_	_	_	_	_	linguistic	_	ContainsVariation=No	_	Begin=312.885|End=313.71	_	_	_	10-12(34)
135-0	PKP039	135	0	[un]believ~	unbeliev~	_	_	_	_	_	linguistic	_	ContainsVariation=No	Interrupted=Yes	Begin=313.61|End=314.05	_	_	_	0-2(34)
136-0	PKP040	136	0	unbeliev~	unbeliev~	_	_	_	_	_	linguistic	_	ContainsVariation=No	Interrupted=Yes	Begin=314.03	_	_	_	_
136-1	PKP040	136	1	a:h	ah	_	_	_	_	_	linguistic	_	ContainsVariation=No	_	_	0x1	_	_	_
136-2	PKP040	136	2	anbelievable	anbelievable	_	_	_	_	_	linguistic	_	ContainsVariation=No	_	End=315.597	_	_	_	_
137-0	PKP040	137	0	x[x:]	xx	_	_	_	_	_	linguistic	_	ContainsVariation=No	_	Begin=315.645|End=316.128	1x1	_	_	1-2(36)
138-0	PKP041	138	0	[è]	è	_	_	_	_	_	linguistic	_	ContainsVariation=No	_	Begin=316.0	_	_	_	0-1(36)
138-1	PKP041	138	1	un	un	_	_	_	_	_	linguistic	_	ContainsVariation=No	_	_	_	_	_	_
138-2	PKP041	138	2	delitto	delitto	_	_	_	_	_	linguistic	_	ContainsVariation=No	_	_	_	_	_	_
138-3	PKP041	138	3	no?	no	_	_	_	_	_	linguistic	_	ContainsVariation=No	Intonation=Rising	End=316.855	_	_	_	_
139-0	PKP040	139	0	mh	mh	_	_	_	_	_	linguistic	_	ContainsVariation=No	_	Begin=317.007|End=317.367	_	_	_	_
140-0	PKP039	140	0	mh	mh	_	_	_	_	_	linguistic	_	ContainsVariation=No	_	Begin=317.412|End=317.729	_	_	_	_
141-0	PKP040	141	0	no	no	_	_	_	_	_	linguistic	_	ContainsVariation=No	_	Begin=318.385	_	_	_	_
141-1	PKP040	141	1	è	è	_	_	_	_	_	linguistic	_	ContainsVariation=No	_	_	_	_	_	_
141-2	PKP040	141	2	una	una	_	_	_	_	_	linguistic	_	ContainsVariation=No	_	_	_	_	_	_
141-3	PKP040	141	3	ragaz[za	ragazza	_	_	_	_	_	linguistic	_	ContainsVariation=No	_	_	_	_	_	5-7(37)
141-4	PKP040	141	4	che]	che	_	_	_	_	_	linguistic	_	ContainsVariation=No	_	End=319.321	_	_	_	0-3(37)
142-0	PKP041	142	0	[in	in	_	_	_	_	_	linguistic	_	ContainsVariation=No	_	Begin=319.01	_	_	_	0-2(37)
142-1	PKP041	142	1	tribu]na::le	tribunale	_	_	_	_	_	linguistic	_	ContainsVariation=No	_	End=320.105	6x2	_	_	0-5(37)
143-0	PKP039	143	0	incredibile	incredibile	_	_	_	_	_	linguistic	_	ContainsVariation=No	_	Begin=320.098|End=320.884	_	_	_	_
144-0	PKP040	144	0	una	una	_	_	_	_	_	linguistic	_	ContainsVariation=No	_	Begin=321.066	_	_	_	_
144-1	PKP040	144	1	ragazza	ragazza	_	_	_	_	_	linguistic	_	ContainsVariation=No	_	_	_	_	_	_
144-2	PKP040	144	2	che:	che	_	_	_	_	_	linguistic	_	ContainsVariation=No	PauseAfter=Yes	_	2x1	_	_	_
144-3	PKP040	144	3	(.)	(.)	_	_	_	_	_	shortpause	_	ContainsVariation=No	_	_	_	_	_	_
144-4	PKP040	144	4	subisce	subisce	_	_	_	_	_	linguistic	_	ContainsVariation=No	_	_	_	_	_	_
144-5	PKP040	144	5	uno	uno	_	_	_	_	_	linguistic	_	ContainsVariation=No	_	_	_	_	_	_
144-6	PKP040	144	6	stupro,	stupro	_	_	_	_	_	linguistic	_	ContainsVariation=No	Intonation=WeaklyRising	End=323.12	_	_	_	_
145-0	PKP040	145	0	però	però	_	_	_	_	_	linguistic	_	ContainsVariation=No	_	Begin=324.732	_	_	_	_
145-1	PKP040	145	1	poi	poi	_	_	_	_	_	linguistic	_	ContainsVariation=No	_	_	_	_	_	_
145-2	PKP040	145	2	viene	viene	_	_	_	_	_	linguistic	_	ContainsVariation=No	_	_	_	_	_	_
145-3	PKP040	145	3	talmente	talmente	_	_	_	_	_	linguistic	_	ContainsVariation=No	_	_	_	_	_	_
145-4	PKP040	145	4	inquisi::ta,	inquisita	_	_	_	_	_	linguistic	_	ContainsVariation=No	Intonation=WeaklyRising	_	6x2	_	_	_
145-5	PKP040	145	5	fatto,	fatto	_	_	_	_	_	linguistic	_	ContainsVariation=No	Intonation=WeaklyRising	_	_	_	_	_
145-6	PKP040	145	6	che	che	_	_	_	_	_	linguistic	_	ContainsVariation=No	_	_	_	_	_	_
145-7	PKP040	145	7	lei	lei	_	_	_	_	_	linguistic	_	ContainsVariation=No	_	_	_	_	_	_
145-8	PKP040	145	8	alla	alla	_	_	_	_	_	linguistic	_	ContainsVariation=No	_	_	_	_	_	_
145-9	PKP040	145	9	fine	fine	_	_	_	_	_	linguistic	_	ContainsVariation=No	_	_	_	_	_	_
145-10	PKP040	145	10	dice	dice	_	_	_	_	_	linguistic	_	ContainsVariation=No	_	_	_	_	_	_
145-11	PKP040	145	11	che	che	_	_	_	_	_	linguistic	_	ContainsVariation=No	_	_	_	_	_	_
145-12	PKP040	145	12	era	era	_	_	_	_	_	linguistic	_	ContainsVariation=No	_	_	_	_	_	_
145-13	PKP040	145	13	una	una	_	_	_	_	_	linguistic	_	ContainsVariation=No	_	_	_	_	_	_
145-14	PKP040	145	14	bugia	bugia	_	_	_	_	_	linguistic	_	ContainsVariation=No	_	End=328.402	_	_	_	_
146-0	PKP041	146	0	[mh]	mh	_	_	_	_	_	linguistic	_	ContainsVariation=No	_	Begin=328.391|End=328.636	_	_	_	0-2(40)
147-0	PKP040	147	0	[se	se	_	_	_	_	_	linguistic	_	ContainsVariation=No	_	Begin=328.402	_	_	_	0-2(40)
147-1	PKP040	147	1	l'	l'	_	_	_	_	_	linguistic	_	ContainsVariation=No	SpaceAfter=No	_	_	_	_	0-2(40)
147-2	PKP040	147	2	]era	era	_	_	_	_	_	linguistic	_	ContainsVariation=No	_	_	_	_	_	_
147-3	PKP040	147	3	inve[nta:to]	inventato	_	_	_	_	_	linguistic	_	ContainsVariation=No	_	End=329.523	6x1	_	_	3-9(41)
148-0	PKP041	148	0	[xxx]	xxx	_	_	_	_	_	unknown	_	ContainsVariation=No	Syllables=3	Begin=329.017	_	_	_	0-3(41)
148-1	PKP041	148	1	giusto	giusto	_	_	_	_	_	linguistic	_	ContainsVariation=No	_	End=330.056	_	_	_	_
149-0	PKP040	149	0	perché:::	perché	_	_	_	_	_	linguistic	_	ContainsVariation=No	_	Begin=330.541	5x3	_	_	_
149-1	PKP040	149	1	nel	nel	_	_	_	_	_	linguistic	_	ContainsVariation=No	_	_	_	_	_	_
149-2	PKP040	149	2	cioè	cioè	_	_	_	_	_	linguistic	_	ContainsVariation=No	_	End=332.032	_	_	_	_
150-0	PKP040	150	0	come	come	_	_	_	_	_	linguistic	_	ContainsVariation=No	_	Begin=332.191	_	_	_	_
150-1	PKP040	150	1	al	al	_	_	_	_	_	linguistic	_	ContainsVariation=No	_	_	_	_	_	_
150-2	PKP040	150	2	solito	solito	_	_	_	_	_	linguistic	_	ContainsVariation=No	_	_	_	_	_	_
150-3	PKP040	150	3	da	da	_	_	_	_	_	linguistic	_	ContainsVariation=No	_	_	_	_	_	_
150-4	PKP040	150	4	vi:ttima	vittima	_	_	_	_	_	linguistic	_	ContainsVariation=No	_	_	1x1	_	_	_
150-5	PKP040	150	5	passi	passi	_	_	_	_	_	linguistic	_	ContainsVariation=No	_	_	_	_	_	_
150-6	PKP040	150	6	per:	per	_	_	_	_	_	linguistic	_	ContainsVariation=No	_	End=334.55	2x1	_	_	_
151-0	PKP041	151	0	tedesco	tedesco	_	_	_	_	_	linguistic	_	ContainsVariation=No	_	Begin=335.982	_	_	_	_
151-1	PKP041	151	1	è	è	_	_	_	_	_	linguistic	_	ContainsVariation=No	_	_	_	_	_	_
151-2	PKP041	151	2	mi	mi	_	_	_	_	_	linguistic	_	ContainsVariation=No	_	_	_	_	_	_
151-3	PKP041	151	3	sa	sa	_	_	_	_	_	linguistic	_	ContainsVariation=No	_	End=337.018	_	_	_	_
152-0	PKP040	152	0	sì:	sì	_	_	_	_	_	linguistic	_	ContainsVariation=No	_	Begin=337.235|End=337.614	1x1	_	_	_
153-0	PKP040	153	0	pensavo	pensavo	_	_	_	_	_	linguistic	_	ContainsVariation=No	_	Begin=338.539	_	_	_	_
153-1	PKP040	153	1	(f)osse	fosse	_	_	_	_	_	linguistic	_	ContainsVariation=No	_	_	_	_	0-1(0)	_
153-2	PKP040	153	2	ingle:se	inglese	_	_	_	_	_	linguistic	_	ContainsVariation=No	_	_	4x1	_	_	_
153-3	PKP040	153	3	invece	invece	_	_	_	_	_	linguistic	_	ContainsVariation=No	_	_	_	_	_	_
153-4	PKP040	153	4	no	no	_	_	_	_	_	linguistic	_	ContainsVariation=No	_	End=340.033	_	_	_	_
154-0	PKP048	154	0	tu	tu	_	_	_	_	_	linguistic	_	ContainsVariation=No	_	Begin=341.27	_	_	_	_
154-1	PKP048	154	1	lo	lo	_	_	_	_	_	linguistic	_	ContainsVariation=No	_	_	_	_	_	_
154-2	PKP048	154	2	[vuo]:i:	vuoi	_	_	_	_	_	linguistic	_	ContainsVariation=No	_	_	2x1,3x1	_	_	0-3(42)
154-3	PKP048	154	3	già	già	_	_	_	_	_	linguistic	_	ContainsVariation=No	_	_	_	_	_	_
154-4	PKP048	154	4	che	che	_	_	_	_	_	linguistic	_	ContainsVariation=No	_	_	_	_	_	_
154-5	PKP048	154	5	ce	ce	_	_	_	_	_	linguistic	_	ContainsVariation=No	_	_	_	_	_	_
154-6	PKP048	154	6	l'	l'	_	_	_	_	_	linguistic	_	ContainsVariation=No	SpaceAfter=No	_	_	_	_	_
154-7	PKP048	154	7	ho	ho	_	_	_	_	_	linguistic	_	ContainsVariation=No	_	_	_	_	_	_
154-8	PKP048	154	8	in	in	_	_	_	_	_	linguistic	_	ContainsVariation=No	_	_	_	_	_	_
154-9	PKP048	154	9	mano?	mano	_	_	_	_	_	linguistic	_	ContainsVariation=No	Intonation=Rising	End=343.08	_	_	_	_
155-0	PKP040	155	0	[x]	x	_	_	_	_	_	unknown	_	ContainsVariation=No	Syllables=1	Begin=341.441|End=341.809	_	_	_	0-1(42)
156-0	PKP041	156	0	(°tieni°)	tieni	_	_	_	_	_	linguistic	_	ContainsVariation=No	Volume=low	Begin=343.09|End=343.498	_	_	0-5(0)	_
157-0	PKP040	157	0	[e:::h]	eh	_	_	_	_	_	linguistic	_	ContainsVariation=No	_	Begin=343.719|End=344.379	0x3	_	_	0-2(43)
158-0	PKP048	158	0	[uh	uh	_	_	_	_	_	linguistic	_	ContainsVariation=No	_	Begin=343.924	_	_	_	0-2(43)
158-1	PKP048	158	1	e:]cco	ecco	_	_	_	_	_	linguistic	_	ContainsVariation=No	_	_	0x1	_	_	0-1(43)
158-2	PKP048	158	2	ho	ho	_	_	_	_	_	linguistic	_	ContainsVariation=No	_	_	_	_	_	_
158-3	PKP048	158	3	fatto	fatto	_	_	_	_	_	linguistic	_	ContainsVariation=No	_	End=344.903	_	_	_	_
159-0	PKP040	159	0	[fa	fa	_	_	_	_	_	linguistic	_	ContainsVariation=No	_	Begin=345.07	_	_	_	0-2(44)
159-1	PKP040	159	1	nie:nte	niente	_	_	_	_	_	linguistic	_	ContainsVariation=No	_	_	2x1	_	_	0-6(44)
159-2	PKP040	159	2	non	non	_	_	_	_	_	linguistic	_	ContainsVariation=No	_	_	_	_	_	0-3(44)
159-3	PKP040	159	3	fa	fa	_	_	_	_	_	linguistic	_	ContainsVariation=No	_	_	_	_	_	0-2(44)
159-4	PKP040	159	4	niente]	niente	_	_	_	_	_	linguistic	_	ContainsVariation=No	_	End=346.248	_	_	_	0-6(44)
160-0	PKP048	160	0	[faccio	faccio	_	_	_	_	_	linguistic	_	ContainsVariation=No	_	Begin=345.078	_	_	_	0-6(44)
160-1	PKP048	160	1	tanto	tanto	_	_	_	_	_	linguistic	_	ContainsVariation=No	_	_	_	_	_	0-5(44)
160-2	PKP048	160	2	la	la	_	_	_	_	_	linguistic	_	ContainsVariation=No	_	_	_	_	_	0-2(44)
160-3	PKP048	160	3	campa]:ta:,	campata	_	_	_	_	_	linguistic	_	ContainsVariation=No	Intonation=WeaklyRising	End=346.629	4x1,6x1	_	_	0-5(44)
161-0	PKP040	161	0	fa	fa	_	_	_	_	_	linguistic	_	ContainsVariation=No	_	Begin=346.974	_	_	_	_
161-1	PKP040	161	1	niente	niente	_	_	_	_	_	linguistic	_	ContainsVariation=No	_	End=347.459	_	_	_	_
162-0	PKP048	162	0	e	e	_	_	_	_	_	linguistic	_	ContainsVariation=No	_	Begin=347.459	_	_	_	_
162-1	PKP048	162	1	poi	poi	_	_	_	_	_	linguistic	_	ContainsVariation=No	_	_	_	_	_	_
162-2	PKP048	162	2	ho	ho	_	_	_	_	_	linguistic	_	ContainsVariation=No	_	_	_	_	_	_
162-3	PKP048	162	3	perso	perso	_	_	_	_	_	linguistic	_	ContainsVariation=No	_	_	_	_	_	_
162-4	PKP048	162	4	(agliofa)	agliofa	_	_	_	_	_	linguistic	_	ContainsVariation=No	_	End=348.784	_	_	0-7(0)	_
163-0	PKP040	163	0	(non)	non	_	_	_	_	_	linguistic	_	ContainsVariation=No	_	Begin=348.98	_	_	0-3(0)	_
163-1	PKP040	163	1	fa	fa	_	_	_	_	_	linguistic	_	ContainsVariation=No	_	_	_	_	_	_
163-2	PKP040	163	2	nie:n[te	niente	_	_	_	_	_	linguistic	_	ContainsVariation=No	_	_	2x1	_	_	4-6(45)
163-3	PKP040	163	3	que]llo	quello	_	_	_	_	_	linguistic	_	ContainsVariation=No	_	_	_	_	_	0-3(45)
163-4	PKP040	163	4	si	si	_	_	_	_	_	linguistic	_	ContainsVariation=No	_	_	_	_	_	_
163-5	PKP040	163	5	asciuga	asciuga	_	_	_	_	_	linguistic	_	ContainsVariation=No	_	End=350.544	_	_	_	_
164-0	PKP048	164	0	[eh]	eh	_	_	_	_	_	linguistic	_	ContainsVariation=No	_	Begin=349.57|End=349.853	_	_	_	0-2(45)
165-0	PKP048	165	0	ti	ti	_	_	_	_	_	linguistic	_	ContainsVariation=No	_	Begin=350.685	_	_	_	_
165-1	PKP048	165	1	conosco:	conosco	_	_	_	_	_	linguistic	_	ContainsVariation=No	_	End=351.503	6x1	_	_	_
166-0	PKP040	166	0	questa	questa	_	_	_	_	_	linguistic	_	ContainsVariation=No	_	Begin=352.049	_	_	_	_
166-1	PKP040	166	1	tovaglia	tovaglia	_	_	_	_	_	linguistic	_	ContainsVariation=No	_	_	_	_	_	_
166-2	PKP040	166	2	si	si	_	_	_	_	_	linguistic	_	ContainsVariation=No	_	_	_	_	_	_
166-3	PKP040	166	3	pulisce	pulisce	_	_	_	_	_	linguistic	_	ContainsVariation=No	_	_	_	_	_	_
166-4	PKP040	166	4	facile	facile	_	_	_	_	_	linguistic	_	ContainsVariation=No	_	End=353.76	_	_	_	_
167-0	PKP040	167	0	e::hm::	ehm	_	_	_	_	_	linguistic	_	ContainsVariation=No	_	Begin=354.859|End=355.638	0x2,2x2	_	_	_
168-0	PKP040	168	0	poi	poi	_	_	_	_	_	linguistic	_	ContainsVariation=No	_	Begin=355.793	_	_	_	_
168-1	PKP040	168	1	invece	invece	_	_	_	_	_	linguistic	_	ContainsVariation=No	_	_	_	_	_	_
168-2	PKP040	168	2	a	a	_	_	_	_	_	linguistic	_	ContainsVariation=No	_	_	_	_	_	_
168-3	PKP040	168	3	distanza	distanza	_	_	_	_	_	linguistic	_	ContainsVariation=No	_	_	_	_	_	_
168-4	PKP040	168	4	di:::	di	_	_	_	_	_	linguistic	_	ContainsVariation=No	_	_	1x3	_	_	_
168-5	PKP040	168	5	m::h	mh	_	_	_	_	_	linguistic	_	ContainsVariation=No	_	End=357.606	0x2	_	_	_
169-0	PKP040	169	0	isola:ti	isolati	_	_	_	_	_	linguistic	_	ContainsVariation=No	_	Begin=359.274	4x1	_	_	_
169-1	PKP040	169	1	di	di	_	_	_	_	_	linguistic	_	ContainsVariation=No	_	_	_	_	_	_
169-2	PKP040	169	2	zo:na	zona	_	_	_	_	_	linguistic	_	ContainsVariation=No	_	_	1x1	_	_	_
169-3	PKP040	169	3	così	così	_	_	_	_	_	linguistic	_	ContainsVariation=No	_	_	_	_	_	_
169-4	PKP040	169	4	ne	ne	_	_	_	_	_	linguistic	_	ContainsVariation=No	_	_	_	_	_	_
169-5	PKP040	169	5	succede	succede	_	_	_	_	_	linguistic	_	ContainsVariation=No	_	_	_	_	_	_
169-6	PKP040	169	6	un	un	_	_	_	_	_	linguistic	_	ContainsVariation=No	_	_	_	_	_	_
169-7	PKP040	169	7	a:ltro,	altro	_	_	_	_	_	linguistic	_	ContainsVariation=No	Intonation=WeaklyRising	End=362.113	0x1	_	_	_
170-0	PKP048	170	0	non	non	_	_	_	_	_	linguistic	_	ContainsVariation=No	_	Begin=375.928	_	_	_	_
170-1	PKP048	170	1	c'	c'	_	_	_	_	_	linguistic	_	ContainsVariation=No	SpaceAfter=No	_	_	_	_	_
170-2	PKP048	170	2	abbiamo	abbiamo	_	_	_	_	_	linguistic	_	ContainsVariation=No	_	_	_	_	_	_
170-3	PKP048	170	3	neanche	neanche	_	_	_	_	_	linguistic	_	ContainsVariation=No	_	_	_	_	_	_
170-4	PKP048	170	4	la	la	_	_	_	_	_	linguistic	_	ContainsVariation=No	_	_	_	_	_	_
170-5	PKP048	170	5	giulia	giulia	_	_	_	_	_	linguistic	_	ContainsVariation=No	_	_	_	_	_	_
170-6	PKP048	170	6	no?	no	_	_	_	_	_	linguistic	_	ContainsVariation=No	Intonation=Rising	End=377.667	_	_	_	_
171-0	PKP040	171	0	mh	mh	_	_	_	_	_	linguistic	_	ContainsVariation=No	_	Begin=378.522|End=378.8	_	_	_	_
172-0	PKP040	172	0	fra	fra	_	_	_	_	_	linguistic	_	ContainsVariation=No	_	Begin=379.884	_	_	_	_
172-1	PKP040	172	1	paolo	paolo	_	_	_	_	_	linguistic	_	ContainsVariation=No	_	_	_	_	_	_
172-2	PKP040	172	2	stamattina	stamattina	_	_	_	_	_	linguistic	_	ContainsVariation=No	_	_	_	_	_	_
172-3	PKP040	172	3	mi	mi	_	_	_	_	_	linguistic	_	ContainsVariation=No	_	_	_	_	_	_
172-4	PKP040	172	4	ha	ha	_	_	_	_	_	linguistic	_	ContainsVariation=No	_	_	_	_	_	_
172-5	PKP040	172	5	mandato	mandato	_	_	_	_	_	linguistic	_	ContainsVariation=No	_	_	_	_	_	_
172-6	PKP040	172	6	gli	gli	_	_	_	_	_	linguistic	_	ContainsVariation=No	_	_	_	_	_	_
172-7	PKP040	172	7	auguri	auguri	_	_	_	_	_	linguistic	_	ContainsVariation=No	_	_	_	_	_	_
172-8	PKP040	172	8	cia:o:	ciao	_	_	_	_	_	linguistic	_	ContainsVariation=No	_	_	2x1,3x1	_	_	_
172-9	PKP040	172	9	giuli~	giuli~	_	_	_	_	_	linguistic	_	ContainsVariation=No	Interrupted=Yes	_	_	_	_	_
172-10	PKP040	172	10	auguri	auguri	_	_	_	_	_	linguistic	_	ContainsVariation=No	_	_	_	_	_	_
172-11	PKP040	172	11	giuli:[a:::],	giulia	_	_	_	_	_	linguistic	_	ContainsVariation=No	Intonation=WeaklyRising	End=384.8	4x1,5x3	_	_	5-6(46)
173-0	PKP048	173	0	[eh	eh	_	_	_	_	_	linguistic	_	ContainsVariation=No	_	Begin=384.531	_	_	_	0-2(46)
173-1	PKP048	173	1	beh]	beh	_	_	_	_	_	linguistic	_	ContainsVariation=No	_	_	_	_	_	0-3(46)
173-2	PKP048	173	2	sì	sì	_	_	_	_	_	linguistic	_	ContainsVariation=No	_	End=385.152	_	_	_	_
174-0	PKP040	174	0	((ride))	((ride))	_	_	_	_	_	nonverbalbehavior	_	ContainsVariation=No	_	Begin=385.146|End=385.92	_	_	_	_
175-0	PKP040	175	0	è	è	_	_	_	_	_	linguistic	_	ContainsVariation=No	_	Begin=386.316	_	_	_	_
175-1	PKP040	175	1	che	che	_	_	_	_	_	linguistic	_	ContainsVariation=No	_	_	_	_	_	_
175-2	PKP040	175	2	gli	gli	_	_	_	_	_	linguistic	_	ContainsVariation=No	_	_	_	_	_	_
175-3	PKP040	175	3	mando	mando	_	_	_	_	_	linguistic	_	ContainsVariation=No	_	_	_	_	_	_
175-4	PKP040	175	4	sempre::	sempre	_	_	_	_	_	linguistic	_	ContainsVariation=No	_	End=387.627	5x2	_	_	_
176-0	PKP039	176	0	ma	ma	_	_	_	_	_	linguistic	_	ContainsVariation=No	_	Begin=388.086	_	_	_	_
176-1	PKP039	176	1	lo	lo	_	_	_	_	_	linguistic	_	ContainsVariation=No	_	_	_	_	_	_
176-2	PKP039	176	2	dice	dice	_	_	_	_	_	linguistic	_	ContainsVariation=No	_	_	_	_	_	_
176-3	PKP039	176	3	perché	perché	_	_	_	_	_	linguistic	_	ContainsVariation=No	_	_	_	_	_	_
176-4	PKP039	176	4	è	è	_	_	_	_	_	linguistic	_	ContainsVariation=No	_	_	_	_	_	_
176-5	PKP039	176	5	xxxxx	xxxxx	_	_	_	_	_	unknown	_	ContainsVariation=No	Syllables=5	_	_	_	_	_
176-6	PKP039	176	6	della	della	_	_	_	_	_	linguistic	_	ContainsVariation=No	_	_	_	_	_	_
176-7	PKP039	176	7	luce?	luce	_	_	_	_	_	linguistic	_	ContainsVariation=No	Intonation=Rising	End=389.991	_	_	_	_
177-0	PKP040	177	0	n[o::]	no	_	_	_	_	_	linguistic	_	ContainsVariation=No	_	Begin=390.213|End=390.787	1x2	_	_	1-2(48)
178-0	PKP041	178	0	[no	no	_	_	_	_	_	linguistic	_	ContainsVariation=No	_	Begin=390.525	_	_	_	0-2(48)
178-1	PKP041	178	1	o]ggi	oggi	_	_	_	_	_	linguistic	_	ContainsVariation=No	_	_	_	_	_	0-1(48)
178-2	PKP041	178	2	è	è	_	_	_	_	_	linguistic	_	ContainsVariation=No	_	_	_	_	_	_
178-3	PKP041	178	3	santa	santa	_	_	_	_	_	linguistic	_	ContainsVariation=No	_	_	_	_	_	_
178-4	PKP041	178	4	lucia	lucia	_	_	_	_	_	linguistic	_	ContainsVariation=No	_	End=391.685	_	_	_	_
179-0	PKP040	179	0	oggi	oggi	_	_	_	_	_	linguistic	_	ContainsVariation=No	_	Begin=391.9	_	_	_	_
179-1	PKP040	179	1	è	è	_	_	_	_	_	linguistic	_	ContainsVariation=No	_	_	_	_	_	_
179-2	PKP040	179	2	santa	santa	_	_	_	_	_	linguistic	_	ContainsVariation=No	_	_	_	_	_	_
179-3	PKP040	179	3	lucia	lucia	_	_	_	_	_	linguistic	_	ContainsVariation=No	_	End=392.923	_	_	_	_
180-0	PKP040	180	0	ah	ah	_	_	_	_	_	linguistic	_	ContainsVariation=No	_	Begin=393.74	_	_	_	_
180-1	PKP040	180	1	può	può	_	_	_	_	_	linguistic	_	ContainsVariation=No	_	_	_	_	_	_
180-2	PKP040	180	2	darsi	darsi	_	_	_	_	_	linguistic	_	ContainsVariation=No	_	_	_	_	_	_
180-3	PKP040	180	3	che	che	_	_	_	_	_	linguistic	_	ContainsVariation=No	_	_	_	_	_	_
180-4	PKP040	180	4	hanno	hanno	_	_	_	_	_	linguistic	_	ContainsVariation=No	_	_	_	_	_	_
180-5	PKP040	180	5	poi	poi	_	_	_	_	_	linguistic	_	ContainsVariation=No	_	_	_	_	_	_
180-6	PKP040	180	6	detto	detto	_	_	_	_	_	linguistic	_	ContainsVariation=No	_	_	_	_	_	_
180-7	PKP040	180	7	no	no	_	_	_	_	_	linguistic	_	ContainsVariation=No	_	_	_	_	_	_
180-8	PKP040	180	8	ma	ma	_	_	_	_	_	linguistic	_	ContainsVariation=No	_	_	_	_	_	_
180-9	PKP040	180	9	è	è	_	_	_	_	_	linguistic	_	ContainsVariation=No	_	_	_	_	_	_
180-10	PKP040	180	10	capitato	capitato	_	_	_	_	_	linguistic	_	ContainsVariation=No	_	_	_	_	_	_
180-11	PKP040	180	11	di	di	_	_	_	_	_	linguistic	_	ContainsVariation=No	_	_	_	_	_	_
180-12	PKP040	180	12	domenica	domenica	_	_	_	_	_	linguistic	_	ContainsVariation=No	_	End=396.367	_	_	_	_
181-0	PKP041	181	0	eh	eh	_	_	_	_	_	linguistic	_	ContainsVariation=No	_	Begin=396.753	_	_	_	_
181-1	PKP041	181	1	no	no	_	_	_	_	_	linguistic	_	ContainsVariation=No	_	End=397.224	_	_	_	_
182-0	PKP041	182	0	però::	però	_	_	_	_	_	linguistic	_	ContainsVariation=No	_	Begin=397.503	3x2	_	_	_
182-1	PKP041	182	1	nel:::	nel	_	_	_	_	_	linguistic	_	ContainsVariation=No	_	_	2x3	_	_	_
182-2	PKP041	182	2	nell'	nell'	_	_	_	_	_	linguistic	_	ContainsVariation=No	SpaceAfter=No	_	_	_	_	_
182-3	PKP041	182	3	episodio::	episodio	_	_	_	_	_	linguistic	_	ContainsVariation=No	_	_	7x2	_	_	_
182-4	PKP041	182	4	della	della	_	_	_	_	_	linguistic	_	ContainsVariation=No	_	_	_	_	_	_
182-5	PKP041	182	5	bibbia	bibbia	_	_	_	_	_	linguistic	_	ContainsVariation=No	_	_	_	_	_	_
182-6	PKP041	182	6	santa	santa	_	_	_	_	_	linguistic	_	ContainsVariation=No	_	_	_	_	_	_
182-7	PKP041	182	7	lucia	lucia	_	_	_	_	_	linguistic	_	ContainsVariation=No	_	_	_	_	_	_
182-8	PKP041	182	8	(per	per	_	_	_	_	_	linguistic	_	ContainsVariation=No	_	_	_	_	0-3(0)	_
182-9	PKP041	182	9	legge)	legge	_	_	_	_	_	linguistic	_	ContainsVariation=No	_	_	_	_	0-5(0)	_
182-10	PKP041	182	10	è	è	_	_	_	_	_	linguistic	_	ContainsVariation=No	_	_	_	_	_	_
182-11	PKP041	182	11	la	la	_	_	_	_	_	linguistic	_	ContainsVariation=No	_	_	_	_	_	_
182-12	PKP041	182	12	patrona	patrona	_	_	_	_	_	linguistic	_	ContainsVariation=No	_	_	_	_	_	_
182-13	PKP041	182	13	dei	dei	_	_	_	_	_	linguistic	_	ContainsVariation=No	_	_	_	_	_	_
182-14	PKP041	182	14	ciechi	ciechi	_	_	_	_	_	linguistic	_	ContainsVariation=No	_	End=402.87	_	_	_	_
183-0	PKP040	183	0	non	non	_	_	_	_	_	linguistic	_	ContainsVariation=No	_	Begin=403.091	_	_	_	_
183-1	PKP040	183	1	è	è	_	_	_	_	_	linguistic	_	ContainsVariation=No	_	_	_	_	_	_
183-2	PKP040	183	2	vero	vero	_	_	_	_	_	linguistic	_	ContainsVariation=No	_	_	_	_	_	_
183-3	PKP040	183	3	che	che	_	_	_	_	_	linguistic	_	ContainsVariation=No	_	_	_	_	_	_
183-4	PKP040	183	4	le	le	_	_	_	_	_	linguistic	_	ContainsVariation=No	_	_	_	_	_	_
183-5	PKP040	183	5	hanno	hanno	_	_	_	_	_	linguistic	_	ContainsVariation=No	_	_	_	_	_	_
183-6	PKP040	183	6	tolto	tolto	_	_	_	_	_	linguistic	_	ContainsVariation=No	_	_	_	_	_	_
183-7	PKP040	183	7	gli	gli	_	_	_	_	_	linguistic	_	ContainsVariation=No	_	_	_	_	_	_
183-8	PKP040	183	8	occhi	occhi	_	_	_	_	_	linguistic	_	ContainsVariation=No	_	_	_	_	_	_
183-9	PKP040	183	9	eh	eh	_	_	_	_	_	linguistic	_	ContainsVariation=No	_	End=405.051	_	_	_	_
184-0	PKP040	184	0	l'	l'	_	_	_	_	_	linguistic	_	ContainsVariation=No	SpaceAfter=No	Begin=405.156	_	_	_	_
184-1	PKP040	184	1	ha	ha	_	_	_	_	_	linguistic	_	ContainsVariation=No	_	_	_	_	_	_
184-2	PKP040	184	2	scr[itto	scritto	_	_	_	_	_	linguistic	_	ContainsVariation=No	_	_	_	_	_	2-7(49)
184-3	PKP040	184	3	ieri	ieri	_	_	_	_	_	linguistic	_	ContainsVariation=No	_	_	_	_	_	0-4(49)
184-4	PKP040	184	4	fra	fra	_	_	_	_	_	linguistic	_	ContainsVariation=No	_	_	_	_	_	0-3(49)
184-5	PKP040	184	5	p]a[olo]	paolo	_	_	_	_	_	linguistic	_	ContainsVariation=No	_	End=406.66	_	_	_	0-1(49),1-5(50)
185-0	PKP041	185	0	[no:	no	_	_	_	_	_	linguistic	_	ContainsVariation=No	_	Begin=405.393	1x1	_	_	0-2(49)
185-1	PKP041	185	1	me	me	_	_	_	_	_	linguistic	_	ContainsVariation=No	_	_	_	_	_	0-2(49)
185-2	PKP041	185	2	lo	lo	_	_	_	_	_	linguistic	_	ContainsVariation=No	_	_	_	_	_	0-2(49)
185-3	PKP041	185	3	ricordo]	ricordo	_	_	_	_	_	linguistic	_	ContainsVariation=No	_	End=406.317	_	_	_	0-7(49)
186-0	PKP041	186	0	[no]	no	_	_	_	_	_	linguistic	_	ContainsVariation=No	_	Begin=406.47	_	_	_	0-2(50)
186-1	PKP041	186	1	lo	lo	_	_	_	_	_	linguistic	_	ContainsVariation=No	_	_	_	_	_	_
186-2	PKP041	186	2	dice	dice	_	_	_	_	_	linguistic	_	ContainsVariation=No	_	_	_	_	_	_
186-3	PKP041	186	3	[ogni	ogni	_	_	_	_	_	linguistic	_	ContainsVariation=No	_	_	_	_	_	0-4(51)
186-4	PKP041	186	4	anno]	anno	_	_	_	_	_	linguistic	_	ContainsVariation=No	_	End=407.823	_	_	_	0-4(51)
187-0	PKP048	187	0	[ogni	ogni	_	_	_	_	_	linguistic	_	ContainsVariation=No	_	Begin=407.133	_	_	_	0-4(51)
187-1	PKP048	187	1	anno	anno	_	_	_	_	_	linguistic	_	ContainsVariation=No	_	_	_	_	_	0-4(51)
187-2	PKP048	187	2	che	che	_	_	_	_	_	linguistic	_	ContainsVariation=No	_	_	_	_	_	0-3(51)
187-3	PKP048	187	3	va]	va	_	_	_	_	_	linguistic	_	ContainsVariation=No	_	_	_	_	_	0-2(51)
187-4	PKP048	187	4	qua[ndo	quando	_	_	_	_	_	linguistic	_	ContainsVariation=No	_	_	_	_	_	3-6(52)
187-5	PKP048	187	5	xxx]	xxx	_	_	_	_	_	unknown	_	ContainsVariation=No	Syllables=3	End=408.78	_	_	_	0-3(52)
188-0	PKP040	188	0	['STA	'sta	_	_	_	_	_	linguistic	_	ContainsVariation=No	Truncated=Yes|Volume=high	Begin=408.04	_	_	_	0-4(52)
188-1	PKP040	188	1	STO:RIA]	storia	_	_	_	_	_	linguistic	_	ContainsVariation=No	Volume=high	_	2x1	_	_	0-6(52)
188-2	PKP040	188	2	CHE	che	_	_	_	_	_	linguistic	_	ContainsVariation=No	Volume=high	End=409.039	_	_	_	_
189-0	PKP040	189	0	((ride))	((ride))	_	_	_	_	_	nonverbalbehavior	_	ContainsVariation=No	_	Begin=409.064	_	_	_	_
189-1	PKP040	189	1	dice	dice	_	_	_	_	_	linguistic	_	ContainsVariation=No	_	_	_	_	_	_
189-2	PKP040	189	2	deve	deve	_	_	_	_	_	linguistic	_	ContainsVariation=No	_	_	_	_	_	_
189-3	PKP040	189	3	[finire]	finire	_	_	_	_	_	linguistic	_	ContainsVariation=No	_	End=410.65	_	_	_	0-6(53)
190-0	PKP039	190	0	[perché	perché	_	_	_	_	_	linguistic	_	ContainsVariation=No	_	Begin=410.001	_	_	_	0-6(53)
190-1	PKP039	190	1	dà	dà	_	_	_	_	_	linguistic	_	ContainsVariation=No	_	_	_	_	_	0-2(53)
190-2	PKP039	190	2	la	la	_	_	_	_	_	linguistic	_	ContainsVariation=No	_	_	_	_	_	0-2(53)
190-3	PKP039	190	3	l]uce	luce	_	_	_	_	_	linguistic	_	ContainsVariation=No	_	End=410.889	_	_	_	0-1(53)
191-0	PKP040	191	0	perché::	perché	_	_	_	_	_	linguistic	_	ContainsVariation=No	_	Begin=412.16	5x2	_	_	_
191-1	PKP040	191	1	le:::	le	_	_	_	_	_	linguistic	_	ContainsVariation=No	_	_	1x3	_	_	_
191-2	PKP040	191	2	le::	le	_	_	_	_	_	linguistic	_	ContainsVariation=No	_	_	1x2	_	_	_
191-3	PKP040	191	3	[il:	il	_	_	_	_	_	linguistic	_	ContainsVariation=No	_	_	1x1	_	_	0-2(54)
191-4	PKP040	191	4	solsti]zio	solstizio	_	_	_	_	_	linguistic	_	ContainsVariation=No	_	_	_	_	_	0-6(54)
191-5	PKP040	191	5	vabbè	vabbè	_	_	_	_	_	linguistic	_	ContainsVariation=No	_	End=415.06	_	_	_	_
192-0	PKP039	192	0	[x	x	_	_	_	_	_	unknown	_	ContainsVariation=No	Syllables=1	Begin=413.689	_	_	_	0-1(54)
192-1	PKP039	192	1	xx]	xx	_	_	_	_	_	unknown	_	ContainsVariation=No	Syllables=2	End=414.478	_	_	_	0-2(54)
193-0	PKP039	193	0	che	che	_	_	_	_	_	linguistic	_	ContainsVariation=No	_	Begin=415.06	_	_	_	_
193-1	PKP039	193	1	altro	altro	_	_	_	_	_	linguistic	_	ContainsVariation=No	_	_	_	_	_	_
193-2	PKP039	193	2	giorno	giorno	_	_	_	_	_	linguistic	_	ContainsVariation=No	_	_	_	_	_	_
193-3	PKP039	193	3	x[xx	xxx	_	_	_	_	_	unknown	_	ContainsVariation=No	Syllables=3	_	_	_	_	1-3(55)
193-4	PKP039	193	4	(andare)	andare	_	_	_	_	_	linguistic	_	ContainsVariation=No	_	_	_	_	0-6(0)	0-6(55)
193-5	PKP039	193	5	via]	via	_	_	_	_	_	linguistic	_	ContainsVariation=No	_	End=417.14	_	_	_	0-3(55)
194-0	PKP040	194	0	[equino:zio	equinozio	_	_	_	_	_	linguistic	_	ContainsVariation=No	_	Begin=415.916	5x1	_	_	0-9(55)
194-1	PKP040	194	1	(dice	dice	_	_	_	_	_	linguistic	_	ContainsVariation=No	_	_	_	_	0-4(0)	0-4(55)
194-2	PKP040	194	2	anzi)]	anzi	_	_	_	_	_	linguistic	_	ContainsVariation=No	_	End=417.093	_	_	0-4(0)	0-4(55)
195-0	PKP041	195	0	sicuramente	sicuramente	_	_	_	_	_	linguistic	_	ContainsVariation=No	_	Begin=417.175	_	_	_	_
195-1	PKP041	195	1	un::	un	_	_	_	_	_	linguistic	_	ContainsVariation=No	_	_	1x2	_	_	_
195-2	PKP041	195	2	collegamento	collegamento	_	_	_	_	_	linguistic	_	ContainsVariation=No	_	_	_	_	_	_
195-3	PKP041	195	3	c'	c'	_	_	_	_	_	linguistic	_	ContainsVariation=No	SpaceAfter=No	_	_	_	_	_
195-4	PKP041	195	4	è	è	_	_	_	_	_	linguistic	_	ContainsVariation=No	_	End=418.592	_	_	_	_
196-0	PKP039	196	0	sì	sì	_	_	_	_	_	linguistic	_	ContainsVariation=No	_	Begin=418.618	_	_	_	_
196-1	PKP039	196	1	(cre[do)]	credo	_	_	_	_	_	linguistic	_	ContainsVariation=No	_	End=419.31	_	_	0-5(0)	3-5(56)
197-0	PKP040	197	0	[sì:]	sì	_	_	_	_	_	linguistic	_	ContainsVariation=No	_	Begin=418.989	1x1	_	_	0-2(56)
197-1	PKP040	197	1	con	con	_	_	_	_	_	linguistic	_	ContainsVariation=No	_	_	_	_	_	_
197-2	PKP040	197	2	la:	la	_	_	_	_	_	linguistic	_	ContainsVariation=No	_	_	1x1	_	_	_
197-3	PKP040	197	3	cosa	cosa	_	_	_	_	_	linguistic	_	ContainsVariation=No	_	_	_	_	_	_
197-4	PKP040	197	4	del:	del	_	_	_	_	_	linguistic	_	ContainsVariation=No	_	_	2x1	_	_	_
197-5	PKP040	197	5	che	che	_	_	_	_	_	linguistic	_	ContainsVariation=No	_	_	_	_	_	_
197-6	PKP040	197	6	vi	vi	_	_	_	_	_	linguistic	_	ContainsVariation=No	_	_	_	_	_	_
197-7	PKP040	197	7	chiude	chiude	_	_	_	_	_	linguistic	_	ContainsVariation=No	_	_	_	_	_	_
197-8	PKP040	197	8	la::	la	_	_	_	_	_	linguistic	_	ContainsVariation=No	_	_	1x2	_	_	_
197-9	PKP040	197	9	[m:h]	mh	_	_	_	_	_	linguistic	_	ContainsVariation=No	_	End=421.96	0x1	_	_	0-2(57)
198-0	PKP041	198	0	[e	e	_	_	_	_	_	linguistic	_	ContainsVariation=No	_	Begin=421.82	_	_	_	0-1(57)
198-1	PKP041	198	1	ho]	ho	_	_	_	_	_	linguistic	_	ContainsVariation=No	_	_	_	_	_	0-2(57)
198-2	PKP041	198	2	scoperto	scoperto	_	_	_	_	_	linguistic	_	ContainsVariation=No	_	_	_	_	_	_
198-3	PKP041	198	3	che	che	_	_	_	_	_	linguistic	_	ContainsVariation=No	_	_	_	_	_	_
198-4	PKP041	198	4	al	al	_	_	_	_	_	linguistic	_	ContainsVariation=No	_	_	_	_	_	_
198-5	PKP041	198	5	nor[d	nord	_	_	_	_	_	linguistic	_	ContainsVariation=No	_	_	_	_	_	3-4(59)
198-6	PKP041	198	6	si	si	_	_	_	_	_	linguistic	_	ContainsVariation=No	_	_	_	_	_	0-2(59)
198-7	PKP041	198	7	feste]ggia	festeggia	_	_	_	_	_	linguistic	_	ContainsVariation=No	_	_	_	_	_	0-5(59)
198-8	PKP041	198	8	sa[nta	santa	_	_	_	_	_	linguistic	_	ContainsVariation=No	_	_	_	_	_	2-5(58)
198-9	PKP041	198	9	lucia]	lucia	_	_	_	_	_	linguistic	_	ContainsVariation=No	_	End=424.409	_	_	_	0-5(58)
199-0	PKP040	199	0	[(come	come	_	_	_	_	_	linguistic	_	ContainsVariation=No	_	Begin=422.8	_	_	0-4(0)	0-4(59)
199-1	PKP040	199	1	si	si	_	_	_	_	_	linguistic	_	ContainsVariation=No	_	_	_	_	0-2(0)	0-2(59)
199-2	PKP040	199	2	di~)]	di~	_	_	_	_	_	linguistic	_	ContainsVariation=No	Interrupted=Yes	End=423.47	_	_	0-3(0)	0-3(59)
200-0	PKP040	200	0	[sì:::]	sì	_	_	_	_	_	linguistic	_	ContainsVariation=No	_	Begin=423.829|End=424.422	1x3	_	_	0-2(58)
201-0	PKP048	201	0	sì:	sì	_	_	_	_	_	linguistic	_	ContainsVariation=No	_	Begin=424.505	1x1	_	_	_
201-1	PKP048	201	1	ha(i)	hai	_	_	_	_	_	linguistic	_	ContainsVariation=No	_	_	_	_	2-3(0)	_
201-2	PKP048	201	2	voglia	voglia	_	_	_	_	_	linguistic	_	ContainsVariation=No	_	End=425.231	_	_	_	_
202-0	PKP048	202	0	(qual)	qual	_	_	_	_	_	linguistic	_	ContainsVariation=No	_	Begin=427.329|End=427.647	_	_	0-4(0)	_
203-0	PKP040	203	0	ma	ma	_	_	_	_	_	linguistic	_	ContainsVariation=No	_	Begin=430.263	_	_	_	_
203-1	PKP040	203	1	perché	perché	_	_	_	_	_	linguistic	_	ContainsVariation=No	_	_	_	_	_	_
203-2	PKP040	203	2	è	è	_	_	_	_	_	linguistic	_	ContainsVariation=No	_	_	_	_	_	_
203-3	PKP040	203	3	legato	legato	_	_	_	_	_	linguistic	_	ContainsVariation=No	_	_	_	_	_	_
203-4	PKP040	203	4	alla	alla	_	_	_	_	_	linguistic	_	ContainsVariation=No	_	_	_	_	_	_
203-5	PKP040	203	5	civiltà	civiltà	_	_	_	_	_	linguistic	_	ContainsVariation=No	_	_	_	_	_	_
203-6	PKP040	203	6	contadina	contadina	_	_	_	_	_	linguistic	_	ContainsVariation=No	_	_	_	_	_	_
203-7	PKP040	203	7	no?	no	_	_	_	_	_	linguistic	_	ContainsVariation=No	Intonation=Rising	End=432.31	_	_	_	_
204-0	PKP048	204	0	(c'	c'	_	_	_	_	_	linguistic	_	ContainsVariation=No	SpaceAfter=No	Begin=432.456	_	_	0-2(0)	_
204-1	PKP048	204	1	era:)	era	_	_	_	_	_	linguistic	_	ContainsVariation=No	PauseAfter=Yes	_	2x1	_	0-3(0)	_
204-2	PKP048	204	2	(.)	(.)	_	_	_	_	_	shortpause	_	ContainsVariation=No	_	_	_	_	_	_
204-3	PKP048	204	3	il	il	_	_	_	_	_	linguistic	_	ContainsVariation=No	_	_	_	_	_	_
204-4	PKP048	204	4	(detto)	detto	_	_	_	_	_	linguistic	_	ContainsVariation=No	_	_	_	_	0-5(1)	_
204-5	PKP048	204	5	in	in	_	_	_	_	_	linguistic	_	ContainsVariation=No	_	_	_	_	_	_
204-6	PKP048	204	6	veneto	veneto	_	_	_	_	_	linguistic	_	ContainsVariation=No	_	_	_	_	_	_
204-7	PKP048	204	7	santa	santa	_	_	_	_	_	linguistic	_	ContainsVariation=No	_	_	_	_	_	_
204-8	PKP048	204	8	lucia	lucia	_	_	_	_	_	linguistic	_	ContainsVariation=No	_	_	_	_	_	_
204-9	PKP048	204	9	è	è	_	_	_	_	_	linguistic	_	ContainsVariation=No	_	_	_	_	_	_
204-10	PKP048	204	10	la	la	_	_	_	_	_	linguistic	_	ContainsVariation=No	_	_	_	_	_	_
204-11	PKP048	204	11	giornata	giornata	_	_	_	_	_	linguistic	_	ContainsVariation=No	_	_	_	_	_	_
204-12	PKP048	204	12	più	più	_	_	_	_	_	linguistic	_	ContainsVariation=No	_	_	_	_	_	_
204-13	PKP048	204	13	corta	corta	_	_	_	_	_	linguistic	_	ContainsVariation=No	_	_	_	_	_	_
204-14	PKP048	204	14	che	che	_	_	_	_	_	linguistic	_	ContainsVariation=No	_	_	_	_	_	_
204-15	PKP048	204	15	sia	sia	_	_	_	_	_	linguistic	_	ContainsVariation=No	_	End=437.024	_	_	_	_
205-0	PKP048	205	0	e	e	_	_	_	_	_	linguistic	_	ContainsVariation=No	_	Begin=437.423	_	_	_	_
205-1	PKP048	205	1	invece	invece	_	_	_	_	_	linguistic	_	ContainsVariation=No	_	_	_	_	_	_
205-2	PKP048	205	2	no	no	_	_	_	_	_	linguistic	_	ContainsVariation=No	_	_	_	_	_	_
205-3	PKP048	205	3	la	la	_	_	_	_	_	linguistic	_	ContainsVariation=No	_	_	_	_	_	_
205-4	PKP048	205	4	g~	g~	_	_	_	_	_	linguistic	_	ContainsVariation=No	Interrupted=Yes	_	_	_	_	_
205-5	PKP048	205	5	più	più	_	_	_	_	_	linguistic	_	ContainsVariation=No	_	_	_	_	_	_
205-6	PKP048	205	6	corta	corta	_	_	_	_	_	linguistic	_	ContainsVariation=No	_	_	_	_	_	_
205-7	PKP048	205	7	che	che	_	_	_	_	_	linguistic	_	ContainsVariation=No	_	_	_	_	_	_
205-8	PKP048	205	8	sia	sia	_	_	_	_	_	linguistic	_	ContainsVariation=No	_	_	_	_	_	_
205-9	PKP048	205	9	doma:ni:	domani	_	_	_	_	_	linguistic	_	ContainsVariation=No	_	End=439.94	3x1,5x1	_	_	_
206-0	PKP039	206	0	xx?	xx	_	_	_	_	_	linguistic	_	ContainsVariation=No	Intonation=Rising	Begin=440.226|End=440.556	_	_	_	_
207-0	PKP040	207	0	vabbè::perché	vabbèperché	_	_	_	_	_	linguistic	_	ContainsVariation=No	_	Begin=440.556	4x2	_	_	_
207-1	PKP040	207	1	poi	poi	_	_	_	_	_	linguistic	_	ContainsVariation=No	_	_	_	_	_	_
207-2	PKP040	207	2	si	si	_	_	_	_	_	linguistic	_	ContainsVariation=No	_	_	_	_	_	_
207-3	PKP040	207	3	sposta	sposta	_	_	_	_	_	linguistic	_	ContainsVariation=No	_	End=442.0	_	_	_	_
208-0	PKP040	208	0	il	il	_	_	_	_	_	linguistic	_	ContainsVariation=No	_	Begin=442.03	_	_	_	_
208-1	PKP040	208	1	sole	sole	_	_	_	_	_	linguistic	_	ContainsVariation=No	_	_	_	_	_	_
208-2	PKP040	208	2	non	non	_	_	_	_	_	linguistic	_	ContainsVariation=No	_	_	_	_	_	_
208-3	PKP040	208	3	è	è	_	_	_	_	_	linguistic	_	ContainsVariation=No	_	_	_	_	_	_
208-4	PKP040	208	4	mica	mica	_	_	_	_	_	linguistic	_	ContainsVariation=No	_	_	_	_	_	_
208-5	PKP040	208	5	[x:x]	xx	_	_	_	_	_	linguistic	_	ContainsVariation=No	_	End=443.169	0x1	_	_	0-2(60)
209-0	PKP041	209	0	[ho	ho	_	_	_	_	_	linguistic	_	ContainsVariation=No	_	Begin=442.739	_	_	_	0-2(60)
209-1	PKP041	209	1	letto	letto	_	_	_	_	_	linguistic	_	ContainsVariation=No	_	_	_	_	_	0-5(60)
209-2	PKP041	209	2	ch]e	che	_	_	_	_	_	linguistic	_	ContainsVariation=No	_	_	_	_	_	0-2(60)
209-3	PKP041	209	3	in	in	_	_	_	_	_	linguistic	_	ContainsVariation=No	_	_	_	_	_	_
209-4	PKP041	209	4	veneto	veneto	_	_	_	_	_	linguistic	_	ContainsVariation=No	_	_	_	_	_	_
209-5	PKP041	209	5	è:	è	_	_	_	_	_	linguistic	_	ContainsVariation=No	_	_	0x1	_	_	_
209-6	PKP041	209	6	la:	la	_	_	_	_	_	linguistic	_	ContainsVariation=No	_	_	1x1	_	_	_
209-7	PKP041	209	7	festa	festa	_	_	_	_	_	linguistic	_	ContainsVariation=No	_	_	_	_	_	_
209-8	PKP041	209	8	dei	dei	_	_	_	_	_	linguistic	_	ContainsVariation=No	_	_	_	_	_	_
209-9	PKP041	209	9	fidanzati	fidanzati	_	_	_	_	_	linguistic	_	ContainsVariation=No	_	End=445.464	_	_	_	_
210-0	PKP048	210	0	ah	ah	_	_	_	_	_	linguistic	_	ContainsVariation=No	_	Begin=445.896	_	_	_	_
210-1	PKP048	210	1	sì:?	sì	_	_	_	_	_	linguistic	_	ContainsVariation=No	Intonation=Rising	End=446.398	1x1	_	_	_
211-0	PKP048	211	0	e	e	_	_	_	_	_	linguistic	_	ContainsVariation=No	_	Begin=447.556	_	_	_	_
211-1	PKP048	211	1	allora	allora	_	_	_	_	_	linguistic	_	ContainsVariation=No	_	_	_	_	_	_
211-2	PKP048	211	2	vai	vai	_	_	_	_	_	linguistic	_	ContainsVariation=No	_	_	_	_	_	_
211-3	PKP048	211	3	x	x	_	_	_	_	_	unknown	_	ContainsVariation=No	Syllables=1	_	_	_	_	_
211-4	PKP048	211	4	pae:se	paese	_	_	_	_	_	linguistic	_	ContainsVariation=No	_	_	2x1	_	_	_
211-5	PKP048	211	5	[(vai	vai	_	_	_	_	_	linguistic	_	ContainsVariation=No	_	_	_	_	0-3(0)	0-3(61)
211-6	PKP048	211	6	là)	là	_	_	_	_	_	linguistic	_	ContainsVariation=No	_	_	_	_	0-2(0)	0-2(61)
211-7	PKP048	211	7	e:h]	eh	_	_	_	_	_	linguistic	_	ContainsVariation=No	_	End=448.89	0x1	_	_	0-2(61)
212-0	PKP040	212	0	# [invece	invece	_	_	_	_	_	linguistic	_	ContainsVariation=Yes|Code=Underspecified	_	Begin=448.37	_	_	_	0-6(61)
212-1	PKP040	212	1	qua]	qua	_	_	_	_	_	linguistic	_	ContainsVariation=Yes|Code=Underspecified	_	_	_	_	_	0-3(61)
212-2	PKP040	212	2	si	si	_	_	_	_	_	linguistic	_	ContainsVariation=Yes|Code=Underspecified	_	_	_	_	_	_
212-3	PKP040	212	3	dice	dice	_	_	_	_	_	linguistic	_	ContainsVariation=Yes|Code=Underspecified	_	_	_	_	_	_
212-4	PKP040	212	4	santa	santa	_	_	_	_	_	linguistic	_	ContainsVariation=Yes|Code=Underspecified	_	_	_	_	_	_
212-5	PKP040	212	5	lucia	lucia	_	_	_	_	_	linguistic	_	ContainsVariation=Yes|Code=Underspecified	_	_	_	_	_	_
212-6	PKP040	212	6	tanta	tanta	_	_	_	_	_	linguistic	_	ContainsVariation=Yes|Code=Underspecified	_	_	_	_	_	_
212-7	PKP040	212	7	la	la	_	_	_	_	_	linguistic	_	ContainsVariation=Yes|Code=Underspecified	_	_	_	_	_	_
212-8	PKP040	212	8	notte	notte	_	_	_	_	_	linguistic	_	ContainsVariation=Yes|Code=Underspecified	_	_	_	_	_	_
212-9	PKP040	212	9	e	e	_	_	_	_	_	linguistic	_	ContainsVariation=Yes|Code=Underspecified	_	_	_	_	_	_
212-10	PKP040	212	10	tanta	tanta	_	_	_	_	_	linguistic	_	ContainsVariation=Yes|Code=Underspecified	_	_	_	_	_	_
212-11	PKP040	212	11	la	la	_	_	_	_	_	linguistic	_	ContainsVariation=Yes|Code=Underspecified	_	_	_	_	_	_
212-12	PKP040	212	12	dia	dia	_	_	_	_	_	linguistic	_	ContainsVariation=Yes|Code=Underspecified	_	End=451.48	_	_	_	_
213-0	PKP040	213	0	allora	allora	_	_	_	_	_	linguistic	_	ContainsVariation=No	_	Begin=457.407	_	_	_	_
213-1	PKP040	213	1	siccome	siccome	_	_	_	_	_	linguistic	_	ContainsVariation=No	_	_	_	_	_	_
213-2	PKP040	213	2	gli	gli	_	_	_	_	_	linguistic	_	ContainsVariation=No	_	_	_	_	_	_
213-3	PKP040	213	3	mando	mando	_	_	_	_	_	linguistic	_	ContainsVariation=No	_	_	_	_	_	_
213-4	PKP040	213	4	il	il	_	_	_	_	_	linguistic	_	ContainsVariation=No	_	_	_	_	_	_
213-5	PKP040	213	5	pupazzo::	pupazzo	_	_	_	_	_	linguistic	_	ContainsVariation=No	_	End=459.45	6x2	_	_	_
214-0	PKP040	214	0	allora	allora	_	_	_	_	_	linguistic	_	ContainsVariation=No	_	Begin=459.583	_	_	_	_
214-1	PKP040	214	1	giuli:a::	giulia	_	_	_	_	_	linguistic	_	ContainsVariation=No	_	End=460.65	4x1,5x2	_	_	_
215-0	PKP040	215	0	e	e	_	_	_	_	_	linguistic	_	ContainsVariation=No	_	Begin=461.18	_	_	_	_
215-1	PKP040	215	1	lui	lui	_	_	_	_	_	linguistic	_	ContainsVariation=No	_	_	_	_	_	_
215-2	PKP040	215	2	auguri	auguri	_	_	_	_	_	linguistic	_	ContainsVariation=No	_	_	_	_	_	_
215-3	PKP040	215	3	giuli:a::	giulia	_	_	_	_	_	linguistic	_	ContainsVariation=No	_	End=462.84	4x1,5x2	_	_	_
216-0	PKP040	216	0	((ride))	((ride))	_	_	_	_	_	nonverbalbehavior	_	ContainsVariation=No	_	Begin=462.889	_	_	_	_
216-1	PKP040	216	1	che	che	_	_	_	_	_	linguistic	_	ContainsVariation=No	_	_	_	_	_	_
216-2	PKP040	216	2	bello	bello	_	_	_	_	_	linguistic	_	ContainsVariation=No	_	End=464.03	_	_	_	_
217-0	PKP048	217	0	non	non	_	_	_	_	_	linguistic	_	ContainsVariation=No	_	Begin=467.338	_	_	_	_
217-1	PKP048	217	1	potrebbero	potrebbero	_	_	_	_	_	linguistic	_	ContainsVariation=No	_	_	_	_	_	_
217-2	PKP048	217	2	mandarlo	mandarlo	_	_	_	_	_	linguistic	_	ContainsVariation=No	_	_	_	_	_	_
217-3	PKP048	217	3	qua	qua	_	_	_	_	_	linguistic	_	ContainsVariation=No	_	_	_	_	_	_
217-4	PKP048	217	4	tanto	tanto	_	_	_	_	_	linguistic	_	ContainsVariation=No	_	_	_	_	_	_
217-5	PKP048	217	5	sta	sta	_	_	_	_	_	linguistic	_	ContainsVariation=No	_	_	_	_	_	_
217-6	PKP048	217	6	bene?	bene	_	_	_	_	_	linguistic	_	ContainsVariation=No	Intonation=Rising	End=469.512	_	_	_	_
218-0	PKP048	218	0	xxxxxx	xxxxxx	_	_	_	_	_	unknown	_	ContainsVariation=No	Syllables=6	Begin=470.71	_	_	_	_
218-1	PKP048	218	1	gio:[vane	giovane	_	_	_	_	_	linguistic	_	ContainsVariation=No	_	_	2x1	_	_	3-7(62)
218-2	PKP048	218	2	>(aveva)<]	aveva	_	_	_	_	_	linguistic	_	ContainsVariation=No	_	End=472.51	_	Fast=0-5(0)	0-5(0)	0-5(62)
219-0	PKP041	219	0	[lui	lui	_	_	_	_	_	linguistic	_	ContainsVariation=No	_	Begin=471.922	_	_	_	0-3(62)
219-1	PKP041	219	1	là	là	_	_	_	_	_	linguistic	_	ContainsVariation=No	_	_	_	_	_	0-2(62)
219-2	PKP041	219	2	sta]	sta	_	_	_	_	_	linguistic	_	ContainsVariation=No	_	_	_	_	_	0-3(62)
219-3	PKP041	219	3	ancora	ancora	_	_	_	_	_	linguistic	_	ContainsVariation=No	_	_	_	_	_	_
219-4	PKP041	219	4	meglio	meglio	_	_	_	_	_	linguistic	_	ContainsVariation=No	_	End=473.291	_	_	_	_
220-0	PKP048	220	0	eh	eh	_	_	_	_	_	linguistic	_	ContainsVariation=No	_	Begin=473.575|End=473.85	_	_	_	_
221-0	PKP040	221	0	non	non	_	_	_	_	_	linguistic	_	ContainsVariation=No	_	Begin=474.063	_	_	_	_
221-1	PKP040	221	1	l'	l'	_	_	_	_	_	linguistic	_	ContainsVariation=No	SpaceAfter=No	_	_	_	_	_
221-2	PKP040	221	2	ho	ho	_	_	_	_	_	linguistic	_	ContainsVariation=No	_	_	_	_	_	_
221-3	PKP040	221	3	staccato	staccato	_	_	_	_	_	linguistic	_	ContainsVariation=No	_	_	_	_	_	_
221-4	PKP040	221	4	il	il	_	_	_	_	_	linguistic	_	ContainsVariation=No	_	_	_	_	_	_
221-5	PKP040	221	5	(gas)?	gas	_	_	_	_	_	linguistic	_	ContainsVariation=No	Intonation=Rising	End=475.45	_	_	0-3(0)	_
222-0	PKP041	222	0	ma	ma	_	_	_	_	_	linguistic	_	ContainsVariation=No	_	Begin=475.641	_	_	_	_
222-1	PKP041	222	1	è	è	_	_	_	_	_	linguistic	_	ContainsVariation=No	_	_	_	_	_	_
222-2	PKP041	222	2	xx?	xx	_	_	_	_	_	linguistic	_	ContainsVariation=No	Intonation=Rising	End=476.361	_	_	_	_
223-0	PKP041	223	0	dove	dove	_	_	_	_	_	linguistic	_	ContainsVariation=No	_	Begin=477.276	_	_	_	_
223-1	PKP041	223	1	stava	stava	_	_	_	_	_	linguistic	_	ContainsVariation=No	_	_	_	_	_	_
223-2	PKP041	223	2	stava	stava	_	_	_	_	_	linguistic	_	ContainsVariation=No	_	_	_	_	_	_
223-3	PKP041	223	3	sicuramente	sicuramente	_	_	_	_	_	linguistic	_	ContainsVariation=No	_	_	_	_	_	_
223-4	PKP041	223	4	xx[x	xxx	_	_	_	_	_	unknown	_	ContainsVariation=No	Syllables=3	_	_	_	_	2-3(63)
223-5	PKP041	223	5	qua]	qua	_	_	_	_	_	linguistic	_	ContainsVariation=No	_	End=479.34	_	_	_	0-3(63)
224-0	PKP040	224	0	[stava	stava	_	_	_	_	_	linguistic	_	ContainsVariation=No	_	Begin=478.83	_	_	_	0-5(63)
224-1	PKP040	224	1	be:]ne	bene	_	_	_	_	_	linguistic	_	ContainsVariation=No	_	_	1x1	_	_	0-2(63)
224-2	PKP040	224	2	sì	sì	_	_	_	_	_	linguistic	_	ContainsVariation=No	_	End=479.701	_	_	_	_
225-0	PKP048	225	0	(sai)	sai	_	_	_	_	_	linguistic	_	ContainsVariation=No	_	Begin=480.5	_	_	0-3(0)	_
225-1	PKP048	225	1	ma	ma	_	_	_	_	_	linguistic	_	ContainsVariation=No	_	_	_	_	_	_
225-2	PKP048	225	2	quando	quando	_	_	_	_	_	linguistic	_	ContainsVariation=No	_	_	_	_	_	_
225-3	PKP048	225	3	io	io	_	_	_	_	_	linguistic	_	ContainsVariation=No	_	End=481.416	_	_	_	_
226-0	PKP039	226	0	con	con	_	_	_	_	_	linguistic	_	ContainsVariation=No	_	Begin=481.543	_	_	_	_
226-1	PKP039	226	1	le	le	_	_	_	_	_	linguistic	_	ContainsVariation=No	_	_	_	_	_	_
226-2	PKP039	226	2	categorie	categorie	_	_	_	_	_	linguistic	_	ContainsVariation=No	_	_	_	_	_	_
226-3	PKP039	226	3	professionali	professionali	_	_	_	_	_	linguistic	_	ContainsVariation=No	_	_	_	_	_	_
226-4	PKP039	226	4	del	del	_	_	_	_	_	linguistic	_	ContainsVariation=No	_	_	_	_	_	_
226-5	PKP039	226	5	(tennis)?	tennis	_	_	_	_	_	linguistic	_	ContainsVariation=No	Intonation=Rising	End=483.472	_	_	0-6(0)	_
227-0	PKP039	227	0	tutta	tutta	_	_	_	_	_	linguistic	_	ContainsVariation=No	_	Begin=483.712	_	_	_	_
227-1	PKP039	227	1	sta	sta	_	_	_	_	_	linguistic	_	ContainsVariation=No	_	_	_	_	_	_
227-2	PKP039	227	2	ripre:sa	ripresa	_	_	_	_	_	linguistic	_	ContainsVariation=No	_	_	4x1	_	_	_
227-3	PKP039	227	3	sto	sto	_	_	_	_	_	linguistic	_	ContainsVariation=No	_	_	_	_	_	_
227-4	PKP039	227	4	anno	anno	_	_	_	_	_	linguistic	_	ContainsVariation=No	_	_	_	_	_	_
227-5	PKP039	227	5	sabba:tico	sabbatico	_	_	_	_	_	linguistic	_	ContainsVariation=No	_	End=485.697	4x1	_	_	_
228-0	PKP039	228	0	(ma	ma	_	_	_	_	_	linguistic	_	ContainsVariation=No	_	Begin=486.209	_	_	0-2(0)	_
228-1	PKP039	228	1	non	non	_	_	_	_	_	linguistic	_	ContainsVariation=No	_	_	_	_	0-3(0)	_
228-2	PKP039	228	2	vuole)?	vuole	_	_	_	_	_	linguistic	_	ContainsVariation=No	Intonation=Rising	End=486.853	_	_	0-5(0)	_
229-0	PKP040	229	0	sta	sta	_	_	_	_	_	linguistic	_	ContainsVariation=No	_	Begin=486.856	_	_	_	_
229-1	PKP040	229	1	ma:le	male	_	_	_	_	_	linguistic	_	ContainsVariation=No	_	_	1x1	_	_	_
229-2	PKP040	229	2	pa'::	pa'::	_	_	_	_	_	error	_	ContainsVariation=No	_	End=487.765	_	_	_	_
230-0	PKP040	230	0	deve	deve	_	_	_	_	_	linguistic	_	ContainsVariation=No	_	Begin=487.955	_	_	_	_
230-1	PKP040	230	1	fare	fare	_	_	_	_	_	linguistic	_	ContainsVariation=No	_	_	_	_	_	_
230-2	PKP040	230	2	un'	un'	_	_	_	_	_	linguistic	_	ContainsVariation=No	SpaceAfter=No	_	_	_	_	_
230-3	PKP040	230	3	altra	altra	_	_	_	_	_	linguistic	_	ContainsVariation=No	_	_	_	_	_	_
230-4	PKP040	230	4	operazio:ne:	operazione	_	_	_	_	_	linguistic	_	ContainsVariation=No	_	End=489.489	7x1,9x1	_	_	_
231-0	PKP040	231	0	ma	ma	_	_	_	_	_	linguistic	_	ContainsVariation=No	_	Begin=491.027	_	_	_	_
231-1	PKP040	231	1	lui	lui	_	_	_	_	_	linguistic	_	ContainsVariation=No	_	_	_	_	_	_
231-2	PKP040	231	2	stava:::	stava	_	_	_	_	_	linguistic	_	ContainsVariation=No	_	_	4x3	_	_	_
231-3	PKP040	231	3	non	non	_	_	_	_	_	linguistic	_	ContainsVariation=No	_	_	_	_	_	_
231-4	PKP040	231	4	stava:::	stava	_	_	_	_	_	linguistic	_	ContainsVariation=No	_	_	4x3	_	_	_
231-5	PKP040	231	5	m:h	mh	_	_	_	_	_	linguistic	_	ContainsVariation=No	_	End=493.24	0x1	_	_	_
232-0	PKP040	232	0	l'	l'	_	_	_	_	_	linguistic	_	ContainsVariation=No	SpaceAfter=No	Begin=493.31	_	_	_	_
232-1	PKP040	232	1	hanno	hanno	_	_	_	_	_	linguistic	_	ContainsVariation=No	_	_	_	_	_	_
232-2	PKP040	232	2	messo::	messo	_	_	_	_	_	linguistic	_	ContainsVariation=No	_	_	4x2	_	_	_
232-3	PKP040	232	3	all'	all'	_	_	_	_	_	linguistic	_	ContainsVariation=No	SpaceAfter=No	_	_	_	_	_
232-4	PKP040	232	4	ospedale	ospedale	_	_	_	_	_	linguistic	_	ContainsVariation=No	_	_	_	_	_	_
232-5	PKP040	232	5	xxx	xxx	_	_	_	_	_	unknown	_	ContainsVariation=No	Syllables=3	End=495.58	_	_	_	_
233-0	PKP040	233	0	solo	solo	_	_	_	_	_	linguistic	_	ContainsVariation=No	_	Begin=498.39	_	_	_	_
233-1	PKP040	233	1	che	che	_	_	_	_	_	linguistic	_	ContainsVariation=No	_	_	_	_	_	_
233-2	PKP040	233	2	mo	mo	_	_	_	_	_	linguistic	_	ContainsVariation=No	_	_	_	_	_	_
233-3	PKP040	233	3	si	si	_	_	_	_	_	linguistic	_	ContainsVariation=No	_	_	_	_	_	_
233-4	PKP040	233	4	doveva	doveva	_	_	_	_	_	linguistic	_	ContainsVariation=No	_	_	_	_	_	_
233-5	PKP040	233	5	operare:,	operare	_	_	_	_	_	linguistic	_	ContainsVariation=No	Intonation=WeaklyRising	End=499.67	6x1	_	_	_
234-0	PKP040	234	0	e	e	_	_	_	_	_	linguistic	_	ContainsVariation=No	_	Begin=500.532	_	_	_	_
234-1	PKP040	234	1	col	col	_	_	_	_	_	linguistic	_	ContainsVariation=No	_	_	_	_	_	_
234-2	PKP040	234	2	co:vid	covid	_	_	_	_	_	linguistic	_	ContainsVariation=No	_	_	1x1	_	_	_
234-3	PKP040	234	3	x:	x	_	_	_	_	_	linguistic	_	ContainsVariation=No	_	_	0x1	_	_	_
234-4	PKP040	234	4	[siamo	siamo	_	_	_	_	_	linguistic	_	ContainsVariation=No	_	_	_	_	_	0-5(64)
234-5	PKP040	234	5	xxxx]	xxxx	_	_	_	_	_	unknown	_	ContainsVariation=No	Syllables=4	End=502.77	_	_	_	0-4(64)
235-0	PKP041	235	0	[io	io	_	_	_	_	_	linguistic	_	ContainsVariation=No	_	Begin=501.718	_	_	_	0-2(64)
235-1	PKP041	235	1	(ho	ho	_	_	_	_	_	linguistic	_	ContainsVariation=No	_	_	_	_	0-2(0)	0-2(64)
235-2	PKP041	235	2	capito)	capito	_	_	_	_	_	linguistic	_	ContainsVariation=No	_	_	_	_	0-6(0)	0-6(64)
235-3	PKP041	235	3	che	che	_	_	_	_	_	linguistic	_	ContainsVariation=No	_	_	_	_	_	0-3(64)
235-4	PKP041	235	4	stava	stava	_	_	_	_	_	linguistic	_	ContainsVariation=No	_	_	_	_	_	0-5(64)
235-5	PKP041	235	5	a	a	_	_	_	_	_	linguistic	_	ContainsVariation=No	_	_	_	_	_	0-1(64)
235-6	PKP041	235	6	san]ta	santa	_	_	_	_	_	linguistic	_	ContainsVariation=No	_	_	_	_	_	0-3(64)
235-7	PKP041	235	7	(para)	para	_	_	_	_	_	linguistic	_	ContainsVariation=No	_	End=503.357	_	_	0-4(1)	_
236-0	PKP040	236	0	e	e	_	_	_	_	_	linguistic	_	ContainsVariation=No	_	Begin=504.022	_	_	_	_
236-1	PKP040	236	1	insiste	insiste	_	_	_	_	_	linguistic	_	ContainsVariation=No	_	End=504.77	_	_	_	_
237-0	PKP040	237	0	però	però	_	_	_	_	_	linguistic	_	ContainsVariation=No	_	Begin=504.801	_	_	_	_
237-1	PKP040	237	1	sta:	sta	_	_	_	_	_	linguistic	_	ContainsVariation=No	_	_	2x1	_	_	_
237-2	PKP040	237	2	in	in	_	_	_	_	_	linguistic	_	ContainsVariation=No	_	_	_	_	_	_
237-3	PKP040	237	3	un	un	_	_	_	_	_	linguistic	_	ContainsVariation=No	_	_	_	_	_	_
237-4	PKP040	237	4	ospedale	ospedale	_	_	_	_	_	linguistic	_	ContainsVariation=No	_	_	_	_	_	_
237-5	PKP040	237	5	non	non	_	_	_	_	_	linguistic	_	ContainsVariation=No	_	_	_	_	_	_
237-6	PKP040	237	6	sta	sta	_	_	_	_	_	linguistic	_	ContainsVariation=No	_	_	_	_	_	_
237-7	PKP040	237	7	a	a	_	_	_	_	_	linguistic	_	ContainsVariation=No	_	_	_	_	_	_
237-8	PKP040	237	8	santa	santa	_	_	_	_	_	linguistic	_	ContainsVariation=No	_	_	_	_	_	_
237-9	PKP040	237	9	(para)	para	_	_	_	_	_	linguistic	_	ContainsVariation=No	_	End=507.21	_	_	0-4(0)	_
238-0	PKP040	238	0	va	va	_	_	_	_	_	linguistic	_	ContainsVariation=No	_	Begin=507.637	_	_	_	_
238-1	PKP040	238	1	a	a	_	_	_	_	_	linguistic	_	ContainsVariation=No	_	_	_	_	_	_
238-2	PKP040	238	2	fare	fare	_	_	_	_	_	linguistic	_	ContainsVariation=No	_	_	_	_	_	_
238-3	PKP040	238	3	il	il	_	_	_	_	_	linguistic	_	ContainsVariation=No	_	_	_	_	_	_
238-4	PKP040	238	4	coso	coso	_	_	_	_	_	linguistic	_	ContainsVariation=No	_	_	_	_	_	_
238-5	PKP040	238	5	in	in	_	_	_	_	_	linguistic	_	ContainsVariation=No	_	_	_	_	_	_
238-6	PKP040	238	6	un	un	_	_	_	_	_	linguistic	_	ContainsVariation=No	_	_	_	_	_	_
238-7	PKP040	238	7	ospedale	ospedale	_	_	_	_	_	linguistic	_	ContainsVariation=No	_	_	_	_	_	_
238-8	PKP040	238	8	di	di	_	_	_	_	_	linguistic	_	ContainsVariation=No	_	_	_	_	_	_
238-9	PKP040	238	9	(bari)	bari	_	_	_	_	_	linguistic	_	ContainsVariation=No	_	End=509.517	_	_	0-4(0)	_
239-0	PKP040	239	0	fa[tto	fatto	_	_	_	_	_	linguistic	_	ContainsVariation=No	_	Begin=512.152	_	_	_	2-5(65)
239-1	PKP040	239	1	il	il	_	_	_	_	_	linguistic	_	ContainsVariation=No	_	_	_	_	_	0-2(65)
239-2	PKP040	239	2	da:nno:]	danno	_	_	_	_	_	linguistic	_	ContainsVariation=No	_	End=513.046	1x1,4x1	_	_	0-5(65)
240-0	PKP041	240	0	[non	non	_	_	_	_	_	linguistic	_	ContainsVariation=No	_	Begin=512.357	_	_	_	0-3(65)
240-1	PKP041	240	1	distru]ggerlo	distruggerlo	_	_	_	_	_	linguistic	_	ContainsVariation=No	_	End=513.486	_	_	_	0-6(65)
241-0	PKP040	241	0	no	no	_	_	_	_	_	linguistic	_	ContainsVariation=No	_	Begin=513.744|End=514.041	_	_	_	_
242-0	PKP040	242	0	x	x	_	_	_	_	_	unknown	_	ContainsVariation=No	Syllables=1	Begin=515.144	_	_	_	_
242-1	PKP040	242	1	(l)e	le	_	_	_	_	_	linguistic	_	ContainsVariation=No	_	_	_	_	0-1(0)	_
242-2	PKP040	242	2	zucchi:ne	zucchine	_	_	_	_	_	linguistic	_	ContainsVariation=No	_	End=516.147	5x1	_	_	_
243-0	PKP039	243	0	xx	xx	_	_	_	_	_	unknown	_	ContainsVariation=No	PauseAfter=Yes|Syllables=2	Begin=518.1	_	_	_	_
243-1	PKP039	243	1	(.)	(.)	_	_	_	_	_	shortpause	_	ContainsVariation=No	_	_	_	_	_	_
243-2	PKP039	243	2	i	i	_	_	_	_	_	linguistic	_	ContainsVariation=No	_	_	_	_	_	_
243-3	PKP039	243	3	zucchini	zucchini	_	_	_	_	_	linguistic	_	ContainsVariation=No	_	End=519.345	_	_	_	_
244-0	PKP040	244	0	ancora?	ancora	_	_	_	_	_	linguistic	_	ContainsVariation=No	Intonation=Rising	Begin=521.116|End=521.77	_	_	_	_
245-0	PKP040	245	0	scusa	scusa	_	_	_	_	_	linguistic	_	ContainsVariation=No	_	Begin=522.183	_	_	_	_
245-1	PKP040	245	1	ma	ma	_	_	_	_	_	linguistic	_	ContainsVariation=No	_	End=522.59	_	_	_	_
246-0	PKP039	246	0	sì	sì	_	_	_	_	_	linguistic	_	ContainsVariation=No	PauseAfter=Yes	Begin=522.594	_	_	_	_
246-1	PKP039	246	1	(.)	(.)	_	_	_	_	_	shortpause	_	ContainsVariation=No	_	_	_	_	_	_
246-2	PKP039	246	2	anche	anche	_	_	_	_	_	linguistic	_	ContainsVariation=No	_	_	_	_	_	_
246-3	PKP039	246	3	me:zzi	mezzi	_	_	_	_	_	linguistic	_	ContainsVariation=No	_	End=523.873	1x1	_	_	_
247-0	PKP039	247	0	per	per	_	_	_	_	_	linguistic	_	ContainsVariation=No	_	Begin=524.078	_	_	_	_
247-1	PKP039	247	1	ora	ora	_	_	_	_	_	linguistic	_	ContainsVariation=No	_	_	_	_	_	_
247-2	PKP039	247	2	x	x	_	_	_	_	_	unknown	_	ContainsVariation=No	Syllables=1	_	_	_	_	_
247-3	PKP039	247	3	grazie	grazie	_	_	_	_	_	linguistic	_	ContainsVariation=No	_	End=525.077	_	_	_	_
248-0	PKP040	248	0	io	io	_	_	_	_	_	linguistic	_	ContainsVariation=No	_	Begin=528.63	_	_	_	_
248-1	PKP040	248	1	penso	penso	_	_	_	_	_	linguistic	_	ContainsVariation=No	_	_	_	_	_	_
248-2	PKP040	248	2	che	che	_	_	_	_	_	linguistic	_	ContainsVariation=No	_	_	_	_	_	_
248-3	PKP040	248	3	[xxxx]	xxxx	_	_	_	_	_	unknown	_	ContainsVariation=No	Syllables=4	End=529.925	_	_	_	0-4(66)
249-0	PKP041	249	0	[no:	no	_	_	_	_	_	linguistic	_	ContainsVariation=No	_	Begin=529.132	1x1	_	_	0-2(66)
249-1	PKP041	249	1	no:	no	_	_	_	_	_	linguistic	_	ContainsVariation=No	_	_	1x1	_	_	0-2(66)
249-2	PKP041	249	2	questo	questo	_	_	_	_	_	linguistic	_	ContainsVariation=No	_	_	_	_	_	0-6(66)
249-3	PKP041	249	3	è]	è	_	_	_	_	_	linguistic	_	ContainsVariation=No	_	_	_	_	_	0-1(66)
249-4	PKP041	249	4	america	america	_	_	_	_	_	linguistic	_	ContainsVariation=No	_	End=530.37	_	_	_	_
250-0	PKP039	250	0	x	x	_	_	_	_	_	unknown	_	ContainsVariation=No	Syllables=1	Begin=530.368	_	_	_	_
250-1	PKP039	250	1	questo	questo	_	_	_	_	_	linguistic	_	ContainsVariation=No	_	_	_	_	_	_
250-2	PKP039	250	2	è	è	_	_	_	_	_	linguistic	_	ContainsVariation=No	_	_	_	_	_	_
250-3	PKP039	250	3	america	america	_	_	_	_	_	linguistic	_	ContainsVariation=No	_	End=531.25	_	_	_	_
251-0	PKP040	251	0	a:h	ah	_	_	_	_	_	linguistic	_	ContainsVariation=No	_	Begin=532.054|End=532.417	0x1	_	_	_
252-0	PKP048	252	0	ma	ma	_	_	_	_	_	linguistic	_	ContainsVariation=No	_	Begin=532.91	_	_	_	_
252-1	PKP048	252	1	qua	qua	_	_	_	_	_	linguistic	_	ContainsVariation=No	_	_	_	_	_	_
252-2	PKP048	252	2	non	non	_	_	_	_	_	linguistic	_	ContainsVariation=No	_	_	_	_	_	_
252-3	PKP048	252	3	è	è	_	_	_	_	_	linguistic	_	ContainsVariation=No	_	_	_	_	_	_
252-4	PKP048	252	4	italia	italia	_	_	_	_	_	linguistic	_	ContainsVariation=No	_	End=534.08	_	_	_	_
253-0	PKP040	253	0	[no	no	_	_	_	_	_	linguistic	_	ContainsVariation=No	_	Begin=534.31	_	_	_	0-2(68)
253-1	PKP040	253	1	è]	è	_	_	_	_	_	linguistic	_	ContainsVariation=No	_	_	_	_	_	0-1(68)
253-2	PKP040	253	2	america	america	_	_	_	_	_	linguistic	_	ContainsVariation=No	_	End=534.87	_	_	_	_
254-0	PKP041	254	0	[no:]	no	_	_	_	_	_	linguistic	_	ContainsVariation=No	_	Begin=534.32|End=534.52	1x1	_	_	0-2(68)
255-0	PKP048	255	0	eh	eh	_	_	_	_	_	linguistic	_	ContainsVariation=No	_	Begin=534.881|End=535.202	_	_	_	_
256-0	PKP048	256	0	prima	prima	_	_	_	_	_	linguistic	_	ContainsVariation=No	_	Begin=536.845	_	_	_	_
256-1	PKP048	256	1	(che	che	_	_	_	_	_	linguistic	_	ContainsVariation=No	_	_	_	_	0-3(0)	_
256-2	PKP048	256	2	x	x	_	_	_	_	_	unknown	_	ContainsVariation=No	Syllables=1	_	_	_	0-1(0)	_
256-3	PKP048	256	3	ci	ci	_	_	_	_	_	linguistic	_	ContainsVariation=No	_	_	_	_	0-2(0)	_
256-4	PKP048	256	4	arrivo)	arrivo	_	_	_	_	_	linguistic	_	ContainsVariation=No	_	End=537.83	_	_	0-6(0)	_
257-0	PKP041	257	0	mado'	mado'	_	_	_	_	_	linguistic	_	ContainsVariation=No	Truncated=Yes	Begin=540.162	_	_	_	_
257-1	PKP041	257	1	di	di	_	_	_	_	_	linguistic	_	ContainsVariation=No	_	_	_	_	_	_
257-2	PKP041	257	2	spalle	spalle	_	_	_	_	_	linguistic	_	ContainsVariation=No	_	_	_	_	_	_
257-3	PKP041	257	3	alla	alla	_	_	_	_	_	linguistic	_	ContainsVariation=No	_	_	_	_	_	_
257-4	PKP041	257	4	televisione	televisione	_	_	_	_	_	linguistic	_	ContainsVariation=No	_	_	_	_	_	_
257-5	PKP041	257	5	l'	l'	_	_	_	_	_	linguistic	_	ContainsVariation=No	SpaceAfter=No	_	_	_	_	_
257-6	PKP041	257	6	abbiamo	abbiamo	_	_	_	_	_	linguistic	_	ContainsVariation=No	_	_	_	_	_	_
257-7	PKP041	257	7	vista	vista	_	_	_	_	_	linguistic	_	ContainsVariation=No	_	End=542.458	_	_	_	_
258-0	PKP040	258	0	x[xxx]	xxxx	_	_	_	_	_	unknown	_	ContainsVariation=No	Syllables=4	Begin=542.866|End=543.684	_	_	_	1-4(69)
259-0	PKP039	259	0	[(in	in	_	_	_	_	_	linguistic	_	ContainsVariation=No	_	Begin=543.005	_	_	0-2(0)	0-2(69)
259-1	PKP039	259	1	castigo)]	castigo	_	_	_	_	_	linguistic	_	ContainsVariation=No	_	End=543.68	_	_	0-7(0)	0-7(69)
260-0	PKP040	260	0	possiamo	possiamo	_	_	_	_	_	linguistic	_	ContainsVariation=No	_	Begin=545.88	_	_	_	_
260-1	PKP040	260	1	pure	pure	_	_	_	_	_	linguistic	_	ContainsVariation=No	_	_	_	_	_	_
260-2	PKP040	260	2	spegnere	spegnere	_	_	_	_	_	linguistic	_	ContainsVariation=No	_	End=547.019	_	_	_	_
261-0	PKP048	261	0	sarebbero	sarebbero	_	_	_	_	_	linguistic	_	ContainsVariation=No	_	Begin=552.92	_	_	_	_
261-1	PKP048	261	1	puli:ti	puliti	_	_	_	_	_	linguistic	_	ContainsVariation=No	_	_	3x1	_	_	_
261-2	PKP048	261	2	i	i	_	_	_	_	_	linguistic	_	ContainsVariation=No	_	_	_	_	_	_
261-3	PKP048	261	3	pia:tti?	piatti	_	_	_	_	_	linguistic	_	ContainsVariation=No	Intonation=Rising	End=554.24	2x1	_	_	_
262-0	PKP048	262	0	ma	ma	_	_	_	_	_	linguistic	_	ContainsVariation=No	_	Begin=554.29	_	_	_	_
262-1	PKP048	262	1	son	son	_	_	_	_	_	linguistic	_	ContainsVariation=No	_	_	_	_	_	_
262-2	PKP048	262	2	pure	pure	_	_	_	_	_	linguistic	_	ContainsVariation=No	_	_	_	_	_	_
262-3	PKP048	262	3	caldi?	caldi	_	_	_	_	_	linguistic	_	ContainsVariation=No	Intonation=Rising	End=555.335	_	_	_	_
263-0	PKP048	263	0	(o)	o	_	_	_	_	_	linguistic	_	ContainsVariation=No	_	Begin=557.547	_	_	0-1(0)	_
263-1	PKP048	263	1	il	il	_	_	_	_	_	linguistic	_	ContainsVariation=No	_	_	_	_	_	_
263-2	PKP048	263	2	nonno	nonno	_	_	_	_	_	linguistic	_	ContainsVariation=No	_	_	_	_	_	_
263-3	PKP048	263	3	diceva	diceva	_	_	_	_	_	linguistic	_	ContainsVariation=No	_	_	_	_	_	_
263-4	PKP048	263	4	così	così	_	_	_	_	_	linguistic	_	ContainsVariation=No	_	End=558.804	_	_	_	_
264-0	PKP048	264	0	non	non	_	_	_	_	_	linguistic	_	ContainsVariation=No	_	Begin=558.96	_	_	_	_
264-1	PKP048	264	1	mi	mi	_	_	_	_	_	linguistic	_	ContainsVariation=No	_	_	_	_	_	_
264-2	PKP048	264	2	cambiare	cambiare	_	_	_	_	_	linguistic	_	ContainsVariation=No	_	_	_	_	_	_
264-3	PKP048	264	3	il	il	_	_	_	_	_	linguistic	_	ContainsVariation=No	_	_	_	_	_	_
264-4	PKP048	264	4	piatto	piatto	_	_	_	_	_	linguistic	_	ContainsVariation=No	_	_	_	_	_	_
264-5	PKP048	264	5	che	che	_	_	_	_	_	linguistic	_	ContainsVariation=No	_	_	_	_	_	_
264-6	PKP048	264	6	mo	mo	_	_	_	_	_	linguistic	_	ContainsVariation=No	_	_	_	_	_	_
264-7	PKP048	264	7	è	è	_	_	_	_	_	linguistic	_	ContainsVariation=No	_	_	_	_	_	_
264-8	PKP048	264	8	caldo	caldo	_	_	_	_	_	linguistic	_	ContainsVariation=No	_	End=560.883	_	_	_	_
265-0	PKP040	265	0	sì	sì	_	_	_	_	_	linguistic	_	ContainsVariation=No	_	Begin=561.446	_	_	_	_
265-1	PKP040	265	1	questo	questo	_	_	_	_	_	linguistic	_	ContainsVariation=No	_	_	_	_	_	_
265-2	PKP040	265	2	è	è	_	_	_	_	_	linguistic	_	ContainsVariation=No	_	_	_	_	_	_
265-3	PKP040	265	3	vero	vero	_	_	_	_	_	linguistic	_	ContainsVariation=No	_	End=562.291	_	_	_	_
266-0	PKP040	266	0	d'	d'	_	_	_	_	_	linguistic	_	ContainsVariation=No	SpaceAfter=No	Begin=563.033	_	_	_	_
266-1	PKP040	266	1	inverno	inverno	_	_	_	_	_	linguistic	_	ContainsVariation=No	_	End=563.692	_	_	_	_
267-0	PKP048	267	0	oddio	oddio	_	_	_	_	_	linguistic	_	ContainsVariation=No	_	Begin=565.637	_	_	_	_
267-1	PKP048	267	1	il	il	_	_	_	_	_	linguistic	_	ContainsVariation=No	_	_	_	_	_	_
267-2	PKP048	267	2	mio	mio	_	_	_	_	_	linguistic	_	ContainsVariation=No	_	_	_	_	_	_
267-3	PKP048	267	3	faceva	faceva	_	_	_	_	_	linguistic	_	ContainsVariation=No	_	_	_	_	_	_
267-4	PKP048	267	4	presto	presto	_	_	_	_	_	linguistic	_	ContainsVariation=No	_	_	_	_	_	_
267-5	PKP048	267	5	a	a	_	_	_	_	_	linguistic	_	ContainsVariation=No	_	_	_	_	_	_
267-6	PKP048	267	6	raffreddar:si	raffreddarsi	_	_	_	_	_	linguistic	_	ContainsVariation=No	_	_	9x1	_	_	_
267-7	PKP048	267	7	eh	eh	_	_	_	_	_	linguistic	_	ContainsVariation=No	_	End=567.697	_	_	_	_
268-0	PKP040	268	0	mi	mi	_	_	_	_	_	linguistic	_	ContainsVariation=No	_	Begin=568.152	_	_	_	_
268-1	PKP040	268	1	dispiace	dispiace	_	_	_	_	_	linguistic	_	ContainsVariation=No	_	_	_	_	_	_
268-2	PKP040	268	2	facio	facio	_	_	_	_	_	linguistic	_	ContainsVariation=No	_	_	_	_	_	_
268-3	PKP040	268	3	quando	quando	_	_	_	_	_	linguistic	_	ContainsVariation=No	_	_	_	_	_	_
268-4	PKP040	268	4	viene	viene	_	_	_	_	_	linguistic	_	ContainsVariation=No	_	_	_	_	_	_
268-5	PKP040	268	5	ieri	ieri	_	_	_	_	_	linguistic	_	ContainsVariation=No	_	_	_	_	_	_
268-6	PKP040	268	6	appena	appena	_	_	_	_	_	linguistic	_	ContainsVariation=No	_	_	_	_	_	_
268-7	PKP040	268	7	entrato	entrato	_	_	_	_	_	linguistic	_	ContainsVariation=No	_	_	_	_	_	_
268-8	PKP040	268	8	<a::h	ah	_	_	_	_	_	linguistic	_	ContainsVariation=No	_	_	0x2	Slow=0-2(0)	_	_
268-9	PKP040	268	9	che	che	_	_	_	_	_	linguistic	_	ContainsVariation=No	_	_	_	Slow=0-3(0)	_	_
268-10	PKP040	268	10	bel	bel	_	_	_	_	_	linguistic	_	ContainsVariation=No	_	_	_	Slow=0-3(0)	_	_
268-11	PKP040	268	11	caldo	caldo	_	_	_	_	_	linguistic	_	ContainsVariation=No	_	_	_	Slow=0-5(0)	_	_
268-12	PKP040	268	12	in	in	_	_	_	_	_	linguistic	_	ContainsVariation=No	_	_	_	Slow=0-2(0)	_	_
268-13	PKP040	268	13	questa	questa	_	_	_	_	_	linguistic	_	ContainsVariation=No	_	_	_	Slow=0-6(0)	_	_
268-14	PKP040	268	14	casa>	casa	_	_	_	_	_	linguistic	_	ContainsVariation=No	_	End=572.669	_	Slow=0-4(0)	_	_
269-0	PKP039	269	0	((ride))	((ride))	_	_	_	_	_	nonverbalbehavior	_	ContainsVariation=No	_	Begin=571.67|End=572.2	_	_	_	_
270-0	PKP048	270	0	fabio	fabio	_	_	_	_	_	linguistic	_	ContainsVariation=No	_	Begin=572.745	_	_	_	_
270-1	PKP048	270	1	questo?	questo	_	_	_	_	_	linguistic	_	ContainsVariation=No	Intonation=Rising	End=573.571	_	_	_	_
271-0	PKP041	271	0	((ride))	((ride))	_	_	_	_	_	nonverbalbehavior	_	ContainsVariation=No	_	Begin=573.32|End=573.899	_	_	_	_
272-0	PKP048	272	0	perché	perché	_	_	_	_	_	linguistic	_	ContainsVariation=No	_	Begin=574.57	_	_	_	_
272-1	PKP048	272	1	(è)	è	_	_	_	_	_	linguistic	_	ContainsVariation=No	_	_	_	_	0-1(0)	_
272-2	PKP048	272	2	il	il	_	_	_	_	_	linguistic	_	ContainsVariation=No	_	_	_	_	_	_
272-3	PKP048	272	3	camino	camino	_	_	_	_	_	linguistic	_	ContainsVariation=No	_	_	_	_	_	_
272-4	PKP048	272	4	no:?	no	_	_	_	_	_	linguistic	_	ContainsVariation=No	Intonation=Rising	End=575.611	1x1	_	_	_
273-0	PKP040	273	0	no::	no	_	_	_	_	_	linguistic	_	ContainsVariation=No	_	Begin=575.611	1x2	_	_	_
273-1	PKP040	273	1	perché	perché	_	_	_	_	_	linguistic	_	ContainsVariation=No	_	_	_	_	_	_
273-2	PKP040	273	2	c'	c'	_	_	_	_	_	linguistic	_	ContainsVariation=No	SpaceAfter=No	_	_	_	_	_
273-3	PKP040	273	3	ha	ha	_	_	_	_	_	linguistic	_	ContainsVariation=No	_	_	_	_	_	_
273-4	PKP040	273	4	la	la	_	_	_	_	_	linguistic	_	ContainsVariation=No	_	_	_	_	_	_
273-5	PKP040	273	5	casa	casa	_	_	_	_	_	linguistic	_	ContainsVariation=No	_	_	_	_	_	_
273-6	PKP040	273	6	sua	sua	_	_	_	_	_	linguistic	_	ContainsVariation=No	_	_	_	_	_	_
273-7	PKP040	273	7	che	che	_	_	_	_	_	linguistic	_	ContainsVariation=No	_	_	_	_	_	_
273-8	PKP040	273	8	è	è	_	_	_	_	_	linguistic	_	ContainsVariation=No	_	_	_	_	_	_
273-9	PKP040	273	9	fre:dda	fredda	_	_	_	_	_	linguistic	_	ContainsVariation=No	_	End=577.63	2x1	_	_	_
274-0	PKP040	274	0	e	e	_	_	_	_	_	linguistic	_	ContainsVariation=No	_	Begin=577.63	_	_	_	_
274-1	PKP040	274	1	i:::	i	_	_	_	_	_	linguistic	_	ContainsVariation=No	_	_	0x3	_	_	_
274-2	PKP040	274	2	la	la	_	_	_	_	_	linguistic	_	ContainsVariation=No	_	_	_	_	_	_
274-3	PKP040	274	3	la	la	_	_	_	_	_	linguistic	_	ContainsVariation=No	_	_	_	_	_	_
274-4	PKP040	274	4	caldaia	caldaia	_	_	_	_	_	linguistic	_	ContainsVariation=No	_	_	_	_	_	_
274-5	PKP040	274	5	non	non	_	_	_	_	_	linguistic	_	ContainsVariation=No	_	_	_	_	_	_
274-6	PKP040	274	6	funzio:[na,	funziona	_	_	_	_	_	linguistic	_	ContainsVariation=No	Intonation=WeaklyRising	_	5x1	_	_	6-8(72)
274-7	PKP040	274	7	il	il	_	_	_	_	_	linguistic	_	ContainsVariation=No	_	_	_	_	_	0-2(72)
274-8	PKP040	274	8	camino:	camino	_	_	_	_	_	linguistic	_	ContainsVariation=No	_	_	5x1	_	_	0-6(72)
274-9	PKP040	274	9	ma:]nco	manco	_	_	_	_	_	linguistic	_	ContainsVariation=No	_	End=581.51	1x1	_	_	0-2(72)
275-0	PKP048	275	0	[a:::h	ah	_	_	_	_	_	linguistic	_	ContainsVariation=No	_	Begin=579.785	0x3	_	_	0-2(72)
275-1	PKP048	275	1	(beh	beh	_	_	_	_	_	linguistic	_	ContainsVariation=No	_	_	_	_	0-3(0)	0-3(72)
275-2	PKP048	275	2	okay)]	okay	_	_	_	_	_	linguistic	_	ContainsVariation=No	_	End=580.991	_	_	0-4(0)	0-4(72)
276-0	PKP048	276	0	com'	com'	_	_	_	_	_	linguistic	_	ContainsVariation=No	SpaceAfter=No	Begin=582.82	_	_	_	_
276-1	PKP048	276	1	è	è	_	_	_	_	_	linguistic	_	ContainsVariation=No	_	_	_	_	_	_
276-2	PKP048	276	2	che	che	_	_	_	_	_	linguistic	_	ContainsVariation=No	_	_	_	_	_	_
276-3	PKP048	276	3	si	si	_	_	_	_	_	linguistic	_	ContainsVariation=No	_	_	_	_	_	_
276-4	PKP048	276	4	chia[ma	chiama	_	_	_	_	_	linguistic	_	ContainsVariation=No	_	_	_	_	_	3-6(73)
276-5	PKP048	276	5	xxx]	xxx	_	_	_	_	_	unknown	_	ContainsVariation=No	Syllables=3	End=584.384	_	_	_	0-3(73)
277-0	PKP041	277	0	[è	è	_	_	_	_	_	linguistic	_	ContainsVariation=No	_	Begin=583.357	_	_	_	0-1(73)
277-1	PKP041	277	1	più	più	_	_	_	_	_	linguistic	_	ContainsVariation=No	_	_	_	_	_	0-3(73)
277-2	PKP041	277	2	gra:nde	grande	_	_	_	_	_	linguistic	_	ContainsVariation=No	_	_	2x1	_	_	0-6(73)
277-3	PKP041	277	3	della	della	_	_	_	_	_	linguistic	_	ContainsVariation=No	_	_	_	_	_	0-5(73)
277-4	PKP041	277	4	no]stra	nostra	_	_	_	_	_	linguistic	_	ContainsVariation=No	_	_	_	_	_	0-2(73)
277-5	PKP041	277	5	no	no	_	_	_	_	_	linguistic	_	ContainsVariation=No	_	_	_	_	_	_
277-6	PKP041	277	6	gli	gli	_	_	_	_	_	linguistic	_	ContainsVariation=No	_	_	_	_	_	_
277-7	PKP041	277	7	spazi	spazi	_	_	_	_	_	linguistic	_	ContainsVariation=No	_	_	_	_	_	_
277-8	PKP041	277	8	son	son	_	_	_	_	_	linguistic	_	ContainsVariation=No	_	_	_	_	_	_
277-9	PKP041	277	9	più	più	_	_	_	_	_	linguistic	_	ContainsVariation=No	_	_	_	_	_	_
277-10	PKP041	277	10	gra:ndi	grandi	_	_	_	_	_	linguistic	_	ContainsVariation=No	_	_	2x1	_	_	_
277-11	PKP041	277	11	°secondo	secondo	_	_	_	_	_	linguistic	_	ContainsVariation=No	Volume=low	_	_	_	_	_
277-12	PKP041	277	12	[me°]	me	_	_	_	_	_	linguistic	_	ContainsVariation=No	Volume=low	End=586.79	_	_	_	0-2(74)
278-0	PKP040	278	0	[beh]	beh	_	_	_	_	_	linguistic	_	ContainsVariation=No	_	Begin=586.581	_	_	_	0-3(74)
278-1	PKP040	278	1	laura	laura	_	_	_	_	_	linguistic	_	ContainsVariation=No	_	_	_	_	_	_
278-2	PKP040	278	2	noi	noi	_	_	_	_	_	linguistic	_	ContainsVariation=No	_	_	_	_	_	_
278-3	PKP040	278	3	abbiamo	abbiamo	_	_	_	_	_	linguistic	_	ContainsVariation=No	_	_	_	_	_	_
278-4	PKP040	278	4	fatto	fatto	_	_	_	_	_	linguistic	_	ContainsVariation=No	_	_	_	_	_	_
278-5	PKP040	278	5	tante	tante	_	_	_	_	_	linguistic	_	ContainsVariation=No	_	_	_	_	_	_
278-6	PKP040	278	6	(accorte[zze)]	accortezze	_	_	_	_	_	linguistic	_	ContainsVariation=No	_	End=589.254	_	_	0-10(0)	7-10(75)
279-0	PKP048	279	0	[poi	poi	_	_	_	_	_	linguistic	_	ContainsVariation=No	_	Begin=588.85	_	_	_	0-3(75)
279-1	PKP048	279	1	lau]ra	laura	_	_	_	_	_	linguistic	_	ContainsVariation=No	_	_	_	_	_	0-3(75)
279-2	PKP048	279	2	se	se	_	_	_	_	_	linguistic	_	ContainsVariation=No	_	_	_	_	_	_
279-3	PKP048	279	3	non	non	_	_	_	_	_	linguistic	_	ContainsVariation=No	_	_	_	_	_	_
279-4	PKP048	279	4	cucini	cucini	_	_	_	_	_	linguistic	_	ContainsVariation=No	_	_	_	_	_	_
279-5	PKP048	279	5	ta:nto	tanto	_	_	_	_	_	linguistic	_	ContainsVariation=No	_	_	1x1	_	_	_
279-6	PKP048	279	6	quando	quando	_	_	_	_	_	linguistic	_	ContainsVariation=No	_	_	_	_	_	_
279-7	PKP048	279	7	tua	tua	_	_	_	_	_	linguistic	_	ContainsVariation=No	_	_	_	_	_	_
279-8	PKP048	279	8	mamma	mamma	_	_	_	_	_	linguistic	_	ContainsVariation=No	_	_	_	_	_	_
279-9	PKP048	279	9	>tante	tante	_	_	_	_	_	linguistic	_	ContainsVariation=No	_	_	_	Fast=0-5(0)	_	_
279-10	PKP048	279	10	volte	volte	_	_	_	_	_	linguistic	_	ContainsVariation=No	_	_	_	Fast=0-5(0)	_	_
279-11	PKP048	279	11	viene	viene	_	_	_	_	_	linguistic	_	ContainsVariation=No	_	_	_	Fast=0-5(0)	_	_
279-12	PKP048	279	12	da	da	_	_	_	_	_	linguistic	_	ContainsVariation=No	_	_	_	Fast=0-2(0)	_	_
279-13	PKP048	279	13	me<	me	_	_	_	_	_	linguistic	_	ContainsVariation=No	_	_	_	Fast=0-2(0)	_	_
279-14	PKP048	279	14	com'	com'	_	_	_	_	_	linguistic	_	ContainsVariation=No	SpaceAfter=No	_	_	_	_	_
279-15	PKP048	279	15	è	è	_	_	_	_	_	linguistic	_	ContainsVariation=No	_	_	_	_	_	_
279-16	PKP048	279	16	calda	calda	_	_	_	_	_	linguistic	_	ContainsVariation=No	_	_	_	_	_	_
279-17	PKP048	279	17	la	la	_	_	_	_	_	linguistic	_	ContainsVariation=No	_	_	_	_	_	_
279-18	PKP048	279	18	cucina	cucina	_	_	_	_	_	linguistic	_	ContainsVariation=No	_	_	_	_	_	_
279-19	PKP048	279	19	e	e	_	_	_	_	_	linguistic	_	ContainsVariation=No	_	_	_	_	_	_
279-20	PKP048	279	20	per	per	_	_	_	_	_	linguistic	_	ContainsVariation=No	_	_	_	_	_	_
279-21	PKP048	279	21	forza	forza	_	_	_	_	_	linguistic	_	ContainsVariation=No	_	_	_	_	_	_
279-22	PKP048	279	22	quando	quando	_	_	_	_	_	linguistic	_	ContainsVariation=No	_	_	_	_	_	_
279-23	PKP048	279	23	cucini:	cucini	_	_	_	_	_	linguistic	_	ContainsVariation=No	_	End=594.97	5x1	_	_	_
280-0	PKP048	280	0	<il	il	_	_	_	_	_	linguistic	_	ContainsVariation=No	_	Begin=595.383	_	Slow=0-2(0)	_	_
280-1	PKP048	280	1	vapo:re:::>	vapore	_	_	_	_	_	linguistic	_	ContainsVariation=No	_	End=596.69	3x1,5x3	Slow=0-6(0)	_	_
281-0	PKP040	281	0	[vabbè	vabbè	_	_	_	_	_	linguistic	_	ContainsVariation=No	_	Begin=596.68	_	_	_	0-5(77)
281-1	PKP040	281	1	ma	ma	_	_	_	_	_	linguistic	_	ContainsVariation=No	_	_	_	_	_	0-2(77)
281-2	PKP040	281	2	noi	noi	_	_	_	_	_	linguistic	_	ContainsVariation=No	_	_	_	_	_	0-3(77)
281-3	PKP040	281	3	abbiamo]	abbiamo	_	_	_	_	_	linguistic	_	ContainsVariation=No	_	_	_	_	_	0-7(77)
281-4	PKP040	281	4	cambiat[o	cambiato	_	_	_	_	_	linguistic	_	ContainsVariation=No	_	_	_	_	_	7-8(78)
281-5	PKP040	281	5	le:::]	le	_	_	_	_	_	linguistic	_	ContainsVariation=No	_	End=598.6	1x3	_	_	0-2(78)
282-0	PKP048	282	0	[<le	le	_	_	_	_	_	linguistic	_	ContainsVariation=No	_	Begin=596.718	_	Slow=0-2(0)	_	0-2(77)
282-1	PKP048	282	1	fia:mme>]	fiamme	_	_	_	_	_	linguistic	_	ContainsVariation=No	_	End=597.523	2x1	Slow=0-6(0)	_	0-6(77)
283-0	PKP041	283	0	[le	le	_	_	_	_	_	linguistic	_	ContainsVariation=No	_	Begin=597.895	_	_	_	0-2(78)
283-1	PKP041	283	1	fiamme]?	fiamme	_	_	_	_	_	linguistic	_	ContainsVariation=No	Intonation=Rising	End=598.571	_	_	_	0-6(78)
284-0	PKP048	284	0	fuoco	fuoco	_	_	_	_	_	linguistic	_	ContainsVariation=No	_	Begin=599.168	_	_	_	_
284-1	PKP048	284	1	fiamme	fiamme	_	_	_	_	_	linguistic	_	ContainsVariation=No	_	End=599.88	_	_	_	_
285-0	PKP040	285	0	abbiamo	abbiamo	_	_	_	_	_	linguistic	_	ContainsVariation=No	_	Begin=600.635	_	_	_	_
285-1	PKP040	285	1	cambiato	cambiato	_	_	_	_	_	linguistic	_	ContainsVariation=No	_	_	_	_	_	_
285-2	PKP040	285	2	gli	gli	_	_	_	_	_	linguistic	_	ContainsVariation=No	_	_	_	_	_	_
285-3	PKP040	285	3	infi:ssi	infissi	_	_	_	_	_	linguistic	_	ContainsVariation=No	_	End=602.237	3x1	_	_	_
286-0	PKP048	286	0	x	x	_	_	_	_	_	unknown	_	ContainsVariation=No	Syllables=1	Begin=605.095|End=605.432	_	_	_	_
287-0	PKP048	287	0	dice	dice	_	_	_	_	_	linguistic	_	ContainsVariation=No	_	Begin=606.348	_	_	_	_
287-1	PKP048	287	1	no	no	_	_	_	_	_	linguistic	_	ContainsVariation=No	_	_	_	_	_	_
287-2	PKP048	287	2	non	non	_	_	_	_	_	linguistic	_	ContainsVariation=No	_	_	_	_	_	_
287-3	PKP048	287	3	xxxxx	xxxxx	_	_	_	_	_	unknown	_	ContainsVariation=No	Syllables=5	End=607.781	_	_	_	_
288-0	PKP041	288	0	quest'	quest'	_	_	_	_	_	linguistic	_	ContainsVariation=No	SpaceAfter=No	Begin=608.529	_	_	_	_
288-1	PKP041	288	1	inverno	inverno	_	_	_	_	_	linguistic	_	ContainsVariation=No	_	_	_	_	_	_
288-2	PKP041	288	2	stiamo	stiamo	_	_	_	_	_	linguistic	_	ContainsVariation=No	_	_	_	_	_	_
288-3	PKP041	288	3	proprio	proprio	_	_	_	_	_	linguistic	_	ContainsVariation=No	_	_	_	_	_	_
288-4	PKP041	288	4	bene	bene	_	_	_	_	_	linguistic	_	ContainsVariation=No	_	End=610.002	_	_	_	_
289-0	PKP041	289	0	a	a	_	_	_	_	_	linguistic	_	ContainsVariation=No	_	Begin=610.58	_	_	_	_
289-1	PKP041	289	1	freddo	freddo	_	_	_	_	_	linguistic	_	ContainsVariation=No	_	End=611.198	_	_	_	_
290-0	PKP040	290	0	°sì	sì	_	_	_	_	_	linguistic	_	ContainsVariation=No	PauseAfter=Yes|Volume=low	Begin=611.784	_	_	_	_
290-1	PKP040	290	1	(.)	(.)	_	_	_	_	_	shortpause	_	ContainsVariation=No	_	_	_	_	_	_
290-2	PKP040	290	2	vabbè	vabbè	_	_	_	_	_	linguistic	_	ContainsVariation=No	Volume=low	_	_	_	_	_
290-3	PKP040	290	3	quest'	quest'	_	_	_	_	_	linguistic	_	ContainsVariation=No	SpaceAfter=No|Volume=low	_	_	_	_	_
290-4	PKP040	290	4	a[nno	anno	_	_	_	_	_	linguistic	_	ContainsVariation=No	Volume=low	_	_	_	_	0-4(79)
290-5	PKP040	290	5	non	non	_	_	_	_	_	linguistic	_	ContainsVariation=No	Volume=low	_	_	_	_	0-3(79)
290-6	PKP040	290	6	c'	c'	_	_	_	_	_	linguistic	_	ContainsVariation=No	SpaceAfter=No|Volume=low	_	_	_	_	0-2(79)
290-7	PKP040	290	7	è	è	_	_	_	_	_	linguistic	_	ContainsVariation=No	Volume=low	_	_	_	_	0-1(79)
290-8	PKP040	290	8	poi	poi	_	_	_	_	_	linguistic	_	ContainsVariation=No	Volume=low	_	_	_	_	0-3(79)
290-9	PKP040	290	9	ne]anche	neanche	_	_	_	_	_	linguistic	_	ContainsVariation=No	Volume=low	_	_	_	_	0-1(79)
290-10	PKP040	290	10	tanto	tanto	_	_	_	_	_	linguistic	_	ContainsVariation=No	Volume=low	_	_	_	_	_
290-11	PKP040	290	11	freddo	freddo	_	_	_	_	_	linguistic	_	ContainsVariation=No	Volume=low	_	_	_	_	_
290-12	PKP040	290	12	eh°	eh	_	_	_	_	_	linguistic	_	ContainsVariation=No	Volume=low	End=614.0	_	_	_	_
291-0	PKP039	291	0	[(un	un	_	_	_	_	_	linguistic	_	ContainsVariation=No	_	Begin=612.587	_	_	0-2(0)	0-2(79)
291-1	PKP039	291	1	po')]	po'	_	_	_	_	_	linguistic	_	ContainsVariation=No	_	End=613.117	_	_	0-3(0)	0-3(79)
292-0	PKP041	292	0	be:h	beh	_	_	_	_	_	linguistic	_	ContainsVariation=No	_	Begin=614.167	1x1	_	_	_
292-1	PKP041	292	1	rispetto	rispetto	_	_	_	_	_	linguistic	_	ContainsVariation=No	_	_	_	_	_	_
292-2	PKP041	292	2	agli	agli	_	_	_	_	_	linguistic	_	ContainsVariation=No	_	_	_	_	_	_
292-3	PKP041	292	3	altri	altri	_	_	_	_	_	linguistic	_	ContainsVariation=No	_	_	_	_	_	_
292-4	PKP041	292	4	anni:	anni	_	_	_	_	_	linguistic	_	ContainsVariation=No	_	_	3x1	_	_	_
292-5	PKP041	292	5	io	io	_	_	_	_	_	linguistic	_	ContainsVariation=No	_	_	_	_	_	_
292-6	PKP041	292	6	non	non	_	_	_	_	_	linguistic	_	ContainsVariation=No	_	_	_	_	_	_
292-7	PKP041	292	7	sto	sto	_	_	_	_	_	linguistic	_	ContainsVariation=No	_	_	_	_	_	_
292-8	PKP041	292	8	soffrendo	soffrendo	_	_	_	_	_	linguistic	_	ContainsVariation=No	_	_	_	_	_	_
292-9	PKP041	292	9	tanto	tanto	_	_	_	_	_	linguistic	_	ContainsVariation=No	_	_	_	_	_	_
292-10	PKP041	292	10	il	il	_	_	_	_	_	linguistic	_	ContainsVariation=No	_	_	_	_	_	_
292-11	PKP041	292	11	fre[ddo]	freddo	_	_	_	_	_	linguistic	_	ContainsVariation=No	_	End=617.146	_	_	_	3-6(80)
293-0	PKP048	293	0	[e	e	_	_	_	_	_	linguistic	_	ContainsVariation=No	_	Begin=616.837	_	_	_	0-1(80)
293-1	PKP048	293	1	mo	mo	_	_	_	_	_	linguistic	_	ContainsVariation=No	_	_	_	_	_	0-2(80)
293-2	PKP048	293	2	le]	le	_	_	_	_	_	linguistic	_	ContainsVariation=No	_	_	_	_	_	0-2(80)
293-3	PKP048	293	3	devo	devo	_	_	_	_	_	linguistic	_	ContainsVariation=No	_	_	_	_	_	_
293-4	PKP048	293	4	fare	fare	_	_	_	_	_	linguistic	_	ContainsVariation=No	_	_	_	_	_	_
293-5	PKP048	293	5	un	un	_	_	_	_	_	linguistic	_	ContainsVariation=No	_	_	_	_	_	_
293-6	PKP048	293	6	regalo	regalo	_	_	_	_	_	linguistic	_	ContainsVariation=No	_	_	_	_	_	_
293-7	PKP048	293	7	per	per	_	_	_	_	_	linguistic	_	ContainsVariation=No	_	_	_	_	_	_
293-8	PKP048	293	8	natale	natale	_	_	_	_	_	linguistic	_	ContainsVariation=No	_	_	_	_	_	_
293-9	PKP048	293	9	[e	e	_	_	_	_	_	linguistic	_	ContainsVariation=No	_	_	_	_	_	0-1(81)
293-10	PKP048	293	10	xxx]	xxx	_	_	_	_	_	unknown	_	ContainsVariation=No	Syllables=3	End=619.17	_	_	_	0-3(81)
294-0	PKP041	294	0	[GLI	gli	_	_	_	_	_	linguistic	_	ContainsVariation=No	Volume=high	Begin=618.458	_	_	_	0-3(81)
294-1	PKP041	294	1	AMICI	amici	_	_	_	_	_	linguistic	_	ContainsVariation=No	Volume=high	_	_	_	_	0-5(81)
294-2	PKP041	294	2	MIE:I	miei	_	_	_	_	_	linguistic	_	ContainsVariation=No	Volume=high	_	2x1	_	_	0-4(81)
294-3	PKP041	294	3	(mo]	mo	_	_	_	_	_	linguistic	_	ContainsVariation=No	_	_	_	_	0-2(0)	0-2(81)
294-4	PKP041	294	4	[che	che	_	_	_	_	_	linguistic	_	ContainsVariation=No	_	_	_	_	0-3(0)	0-3(82)
294-5	PKP041	294	5	son	son	_	_	_	_	_	linguistic	_	ContainsVariation=No	_	_	_	_	0-3(0)	0-3(82)
294-6	PKP041	294	6	tornati)]	tornati	_	_	_	_	_	linguistic	_	ContainsVariation=No	_	End=620.024	_	_	0-7(0)	0-7(82)
295-0	PKP048	295	0	[l'	l'	_	_	_	_	_	linguistic	_	ContainsVariation=No	SpaceAfter=No	Begin=619.195	_	_	_	0-2(82)
295-1	PKP048	295	1	anno	anno	_	_	_	_	_	linguistic	_	ContainsVariation=No	_	_	_	_	_	0-4(82)
295-2	PKP048	295	2	scorso	scorso	_	_	_	_	_	linguistic	_	ContainsVariation=No	_	_	_	_	_	0-6(82)
295-3	PKP048	295	3	c'	c'	_	_	_	_	_	linguistic	_	ContainsVariation=No	SpaceAfter=No	_	_	_	_	0-2(82)
295-4	PKP048	295	4	ho	ho	_	_	_	_	_	linguistic	_	ContainsVariation=No	_	_	_	_	_	0-2(82)
295-5	PKP048	295	5	fatt]o	fatto	_	_	_	_	_	linguistic	_	ContainsVariation=No	_	_	_	_	_	0-3(82)
295-6	PKP048	295	6	le	le	_	_	_	_	_	linguistic	_	ContainsVariation=No	_	_	_	_	_	_
295-7	PKP048	295	7	pantofoline	pantofoline	_	_	_	_	_	linguistic	_	ContainsVariation=No	_	_	_	_	_	_
295-8	PKP048	295	8	e	e	_	_	_	_	_	linguistic	_	ContainsVariation=No	_	_	_	_	_	_
295-9	PKP048	295	9	mole	mole	_	_	_	_	_	linguistic	_	ContainsVariation=No	_	_	_	_	_	_
295-10	PKP048	295	10	porta	porta	_	_	_	_	_	linguistic	_	ContainsVariation=No	_	_	_	_	_	_
295-11	PKP048	295	11	sempre:	sempre	_	_	_	_	_	linguistic	_	ContainsVariation=No	_	End=622.187	5x1	_	_	_
296-0	PKP048	296	0	col	col	_	_	_	_	_	linguistic	_	ContainsVariation=No	_	Begin=622.396	_	_	_	_
296-1	PKP048	296	1	col	col	_	_	_	_	_	linguistic	_	ContainsVariation=No	_	_	_	_	_	_
296-2	PKP048	296	2	ta:cco	tacco	_	_	_	_	_	linguistic	_	ContainsVariation=No	_	_	1x1	_	_	_
296-3	PKP048	296	3	schia~	schia~	_	_	_	_	_	linguistic	_	ContainsVariation=No	Interrupted=Yes	_	_	_	_	_
296-4	PKP048	296	4	col	col	_	_	_	_	_	linguistic	_	ContainsVariation=No	_	_	_	_	_	_
296-5	PKP048	296	5	calcagno	calcagno	_	_	_	_	_	linguistic	_	ContainsVariation=No	_	_	_	_	_	_
296-6	PKP048	296	6	schiacciato	schiacciato	_	_	_	_	_	linguistic	_	ContainsVariation=No	_	_	_	_	_	_
296-7	PKP048	296	7	[a	a	_	_	_	_	_	linguistic	_	ContainsVariation=No	_	_	_	_	_	0-1(83)
296-8	PKP048	296	8	modi	modi	_	_	_	_	_	linguistic	_	ContainsVariation=No	_	_	_	_	_	0-4(83)
296-9	PKP048	296	9	ciabatta	ciabatta	_	_	_	_	_	linguistic	_	ContainsVariation=No	_	_	_	_	_	0-8(83)
296-10	PKP048	296	10	sta]	sta	_	_	_	_	_	linguistic	_	ContainsVariation=No	_	_	_	_	_	0-3(83)
296-11	PKP048	296	11	fessacchiotta	fessacchiotta	_	_	_	_	_	linguistic	_	ContainsVariation=No	_	End=626.72	_	_	_	_
297-0	PKP040	297	0	[xx:x]	xxx	_	_	_	_	_	linguistic	_	ContainsVariation=No	_	Begin=625.136|End=626.033	1x1	_	_	0-3(83)
298-0	PKP040	298	0	che	che	_	_	_	_	_	linguistic	_	ContainsVariation=No	_	Begin=626.66	_	_	_	_
298-1	PKP040	298	1	sono	sono	_	_	_	_	_	linguistic	_	ContainsVariation=No	_	_	_	_	_	_
298-2	PKP040	298	2	di	di	_	_	_	_	_	linguistic	_	ContainsVariation=No	PauseAfter=Yes	_	_	_	_	_
298-3	PKP040	298	3	(.)	(.)	_	_	_	_	_	shortpause	_	ContainsVariation=No	_	_	_	_	_	_
298-4	PKP040	298	4	tu	tu	_	_	_	_	_	linguistic	_	ContainsVariation=No	_	_	_	_	_	_
298-5	PKP040	298	5	gliele	gliele	_	_	_	_	_	linguistic	_	ContainsVariation=No	_	_	_	_	_	_
298-6	PKP040	298	6	hai	hai	_	_	_	_	_	linguistic	_	ContainsVariation=No	_	_	_	_	_	_
298-7	PKP040	298	7	prese	prese	_	_	_	_	_	linguistic	_	ContainsVariation=No	_	_	_	_	_	_
298-8	PKP040	298	8	per	per	_	_	_	_	_	linguistic	_	ContainsVariation=No	_	_	_	_	_	_
298-9	PKP040	298	9	stare	stare	_	_	_	_	_	linguistic	_	ContainsVariation=No	_	_	_	_	_	_
298-10	PKP040	298	10	[sicu:ra]?	sicura	_	_	_	_	_	linguistic	_	ContainsVariation=No	Intonation=Rising	End=629.482	3x1	_	_	0-6(85)
299-0	PKP048	299	0	[madonna	madonna	_	_	_	_	_	linguistic	_	ContainsVariation=No	_	Begin=628.917	_	_	_	0-7(85)
299-1	PKP048	299	1	che	che	_	_	_	_	_	linguistic	_	ContainsVariation=No	_	_	_	_	_	0-3(85)
299-2	PKP048	299	2	s]i	si	_	_	_	_	_	linguistic	_	ContainsVariation=No	_	_	_	_	_	0-1(85)
299-3	PKP048	299	3	vo:la	vola	_	_	_	_	_	linguistic	_	ContainsVariation=No	_	_	1x1	_	_	_
299-4	PKP048	299	4	con	con	_	_	_	_	_	linguistic	_	ContainsVariation=No	_	_	_	_	_	_
299-5	PKP048	299	5	quel	quel	_	_	_	_	_	linguistic	_	ContainsVariation=No	_	_	_	_	_	_
299-6	PKP048	299	6	(mondo)	mondo	_	_	_	_	_	linguistic	_	ContainsVariation=No	_	_	_	_	0-5(0)	_
299-7	PKP048	299	7	fuo[ri	fuori	_	_	_	_	_	linguistic	_	ContainsVariation=No	_	_	_	_	_	3-5(86)
299-8	PKP048	299	8	xxx]	xxx	_	_	_	_	_	unknown	_	ContainsVariation=No	Syllables=3	End=631.261	_	_	_	0-3(86)
300-0	PKP040	300	0	[per	per	_	_	_	_	_	linguistic	_	ContainsVariation=No	_	Begin=630.68	_	_	_	0-3(86)
300-1	PKP040	300	1	stare	stare	_	_	_	_	_	linguistic	_	ContainsVariation=No	_	_	_	_	_	0-5(86)
300-2	PKP040	300	2	si]cura	sicura	_	_	_	_	_	linguistic	_	ContainsVariation=No	_	_	_	_	_	0-2(86)
300-3	PKP040	300	3	sulle	sulle	_	_	_	_	_	linguistic	_	ContainsVariation=No	_	_	_	_	_	_
300-4	PKP040	300	4	sca:le,	scale	_	_	_	_	_	linguistic	_	ContainsVariation=No	Intonation=WeaklyRising	End=632.43	2x1	_	_	_
301-0	PKP040	301	0	e	e	_	_	_	_	_	linguistic	_	ContainsVariation=No	_	Begin=632.439	_	_	_	_
301-1	PKP040	301	1	lei	lei	_	_	_	_	_	linguistic	_	ContainsVariation=No	_	_	_	_	_	_
301-2	PKP040	301	2	se	se	_	_	_	_	_	linguistic	_	ContainsVariation=No	_	_	_	_	_	_
301-3	PKP040	301	3	le	le	_	_	_	_	_	linguistic	_	ContainsVariation=No	_	_	_	_	_	_
301-4	PKP040	301	4	mette	mette	_	_	_	_	_	linguistic	_	ContainsVariation=No	_	_	_	_	_	_
301-5	PKP040	301	5	in	in	_	_	_	_	_	linguistic	_	ContainsVariation=No	_	_	_	_	_	_
301-6	PKP040	301	6	quella	quella	_	_	_	_	_	linguistic	_	ContainsVariation=No	_	_	_	_	_	_
301-7	PKP040	301	7	manie[ra	maniera	_	_	_	_	_	linguistic	_	ContainsVariation=No	_	_	_	_	_	5-7(87)
301-8	PKP040	301	8	che	che	_	_	_	_	_	linguistic	_	ContainsVariation=No	_	_	_	_	_	0-3(87)
301-9	PKP040	301	9	non	non	_	_	_	_	_	linguistic	_	ContainsVariation=No	_	_	_	_	_	0-3(87)
301-10	PKP040	301	10	ho	ho	_	_	_	_	_	linguistic	_	ContainsVariation=No	_	_	_	_	_	0-2(87)
301-11	PKP040	301	11	ancora	ancora	_	_	_	_	_	linguistic	_	ContainsVariation=No	_	_	_	_	_	0-6(87)
301-12	PKP040	301	12	capito	capito	_	_	_	_	_	linguistic	_	ContainsVariation=No	_	_	_	_	_	0-6(87)
301-13	PKP040	301	13	questa	questa	_	_	_	_	_	linguistic	_	ContainsVariation=No	_	_	_	_	_	0-6(87)
301-14	PKP040	301	14	(roba)]	roba	_	_	_	_	_	linguistic	_	ContainsVariation=No	_	End=635.73	_	_	0-4(0)	0-4(87)
302-0	PKP048	302	0	[adesso	adesso	_	_	_	_	_	linguistic	_	ContainsVariation=No	_	Begin=633.759	_	_	_	0-6(87)
302-1	PKP048	302	1	ci	ci	_	_	_	_	_	linguistic	_	ContainsVariation=No	_	_	_	_	_	0-2(87)
302-2	PKP048	302	2	sto	sto	_	_	_	_	_	linguistic	_	ContainsVariation=No	_	_	_	_	_	0-3(87)
302-3	PKP048	302	3	facendo	facendo	_	_	_	_	_	linguistic	_	ContainsVariation=No	_	_	_	_	_	0-7(87)
302-4	PKP048	302	4	le	le	_	_	_	_	_	linguistic	_	ContainsVariation=No	_	_	_	_	_	0-2(87)
302-5	PKP048	302	5	scarpi:ne]	scarpine	_	_	_	_	_	linguistic	_	ContainsVariation=No	_	End=635.64	5x1	_	_	0-8(87)
303-0	PKP048	303	0	che	che	_	_	_	_	_	linguistic	_	ContainsVariation=No	_	Begin=635.7	_	_	_	_
303-1	PKP048	303	1	quando	quando	_	_	_	_	_	linguistic	_	ContainsVariation=No	_	_	_	_	_	_
303-2	PKP048	303	2	è	è	_	_	_	_	_	linguistic	_	ContainsVariation=No	_	_	_	_	_	_
303-3	PKP048	303	3	seduta	seduta	_	_	_	_	_	linguistic	_	ContainsVariation=No	_	_	_	_	_	_
303-4	PKP048	303	4	così	così	_	_	_	_	_	linguistic	_	ContainsVariation=No	_	_	_	_	_	_
303-5	PKP048	303	5	che	che	_	_	_	_	_	linguistic	_	ContainsVariation=No	_	_	_	_	_	_
303-6	PKP048	303	6	c'	c'	_	_	_	_	_	linguistic	_	ContainsVariation=No	SpaceAfter=No	_	_	_	_	_
303-7	PKP048	303	7	ha	ha	_	_	_	_	_	linguistic	_	ContainsVariation=No	_	_	_	_	_	_
303-8	PKP048	303	8	le	le	_	_	_	_	_	linguistic	_	ContainsVariation=No	_	_	_	_	_	_
303-9	PKP048	303	9	calzette	calzette	_	_	_	_	_	linguistic	_	ContainsVariation=No	_	_	_	_	_	_
303-10	PKP048	303	10	fine::	fine	_	_	_	_	_	linguistic	_	ContainsVariation=No	_	End=638.485	3x2	_	_	_
304-0	PKP040	304	0	non	non	_	_	_	_	_	linguistic	_	ContainsVariation=No	_	Begin=639.45	_	_	_	_
304-1	PKP040	304	1	se	se	_	_	_	_	_	linguistic	_	ContainsVariation=No	_	_	_	_	_	_
304-2	PKP040	304	2	le	le	_	_	_	_	_	linguistic	_	ContainsVariation=No	_	_	_	_	_	_
304-3	PKP040	304	3	metterà	metterà	_	_	_	_	_	linguistic	_	ContainsVariation=No	_	_	_	_	_	_
304-4	PKP040	304	4	mamma	mamma	_	_	_	_	_	linguistic	_	ContainsVariation=No	_	End=640.597	_	_	_	_
305-0	PKP040	305	0	(non	non	_	_	_	_	_	linguistic	_	ContainsVariation=No	_	Begin=640.669	_	_	0-3(0)	_
305-1	PKP040	305	1	[se	se	_	_	_	_	_	linguistic	_	ContainsVariation=No	_	_	_	_	0-2(0)	0-2(89)
305-2	PKP040	305	2	le	le	_	_	_	_	_	linguistic	_	ContainsVariation=No	_	_	_	_	0-2(0)	0-2(89)
305-3	PKP040	305	3	me~	me~	_	_	_	_	_	linguistic	_	ContainsVariation=No	Interrupted=Yes	_	_	_	0-3(0)	0-3(89)
305-4	PKP040	305	4	ma])	ma	_	_	_	_	_	linguistic	_	ContainsVariation=No	_	_	_	_	0-2(0)	0-2(89)
305-5	PKP040	305	5	no::	no	_	_	_	_	_	linguistic	_	ContainsVariation=No	_	End=641.969	1x2	_	_	_
306-0	PKP048	306	0	[ah	ah	_	_	_	_	_	linguistic	_	ContainsVariation=No	_	Begin=640.82	_	_	_	0-2(89)
306-1	PKP048	306	1	no::]?	no	_	_	_	_	_	linguistic	_	ContainsVariation=No	Intonation=Rising	End=641.499	1x2	_	_	0-2(89)
307-0	PKP048	307	0	come	come	_	_	_	_	_	linguistic	_	ContainsVariation=No	_	Begin=642.404	_	_	_	_
307-1	PKP048	307	1	fai	fai	_	_	_	_	_	linguistic	_	ContainsVariation=No	_	_	_	_	_	_
307-2	PKP048	307	2	a	a	_	_	_	_	_	linguistic	_	ContainsVariation=No	_	_	_	_	_	_
307-3	PKP048	307	3	sa[(pe)~]	sape~	_	_	_	_	_	linguistic	_	ContainsVariation=No	Interrupted=Yes	End=643.341	_	_	2-4(0)	2-5(90)
308-0	PKP040	308	0	[mia	mia	_	_	_	_	_	linguistic	_	ContainsVariation=No	_	Begin=642.977	_	_	_	0-3(90)
308-1	PKP040	308	1	suoce]ra	suocera	_	_	_	_	_	linguistic	_	ContainsVariation=No	_	_	_	_	_	0-5(90)
308-2	PKP040	308	2	è	è	_	_	_	_	_	linguistic	_	ContainsVariation=No	_	_	_	_	_	_
308-3	PKP040	308	3	vanito:sa	vanitosa	_	_	_	_	_	linguistic	_	ContainsVariation=No	_	End=644.18	5x1	_	_	_
309-0	PKP040	309	0	perché	perché	_	_	_	_	_	linguistic	_	ContainsVariation=No	_	Begin=644.292	_	_	_	_
309-1	PKP040	309	1	non	non	_	_	_	_	_	linguistic	_	ContainsVariation=No	_	_	_	_	_	_
309-2	PKP040	309	2	si	si	_	_	_	_	_	linguistic	_	ContainsVariation=No	_	_	_	_	_	_
309-3	PKP040	309	3	poteva	poteva	_	_	_	_	_	linguistic	_	ContainsVariation=No	_	_	_	_	_	_
309-4	PKP040	309	4	mettere	mettere	_	_	_	_	_	linguistic	_	ContainsVariation=No	_	_	_	_	_	_
309-5	PKP040	309	5	i	i	_	_	_	_	_	linguistic	_	ContainsVariation=No	_	_	_	_	_	_
309-6	PKP040	309	6	panta::~	panta~	_	_	_	_	_	linguistic	_	ContainsVariation=No	Interrupted=Yes	End=646.11	4x2	_	_	_
310-0	PKP040	310	0	i	i	_	_	_	_	_	linguistic	_	ContainsVariation=No	_	Begin=646.648	_	_	_	_
310-1	PKP040	310	1	p[antalo]ni	pantaloni	_	_	_	_	_	linguistic	_	ContainsVariation=No	_	_	_	_	_	1-7(92)
310-2	PKP040	310	2	quando	quando	_	_	_	_	_	linguistic	_	ContainsVariation=No	_	_	_	_	_	_
310-3	PKP040	310	3	s'	s'	_	_	_	_	_	linguistic	_	ContainsVariation=No	SpaceAfter=No	_	_	_	_	_
310-4	PKP040	310	4	[è	è	_	_	_	_	_	linguistic	_	ContainsVariation=No	_	_	_	_	_	0-1(91)
310-5	PKP040	310	5	(rotta	rotta	_	_	_	_	_	linguistic	_	ContainsVariation=No	_	_	_	_	0-5(0)	0-5(91)
310-6	PKP040	310	6	la	la	_	_	_	_	_	linguistic	_	ContainsVariation=No	_	_	_	_	0-2(0)	0-2(91)
310-7	PKP040	310	7	sì)]	sì	_	_	_	_	_	linguistic	_	ContainsVariation=No	_	End=648.21	_	_	0-2(0)	0-2(91)
311-0	PKP048	311	0	[sì::]	sì	_	_	_	_	_	linguistic	_	ContainsVariation=No	_	Begin=646.724|End=647.16	1x2	_	_	0-2(92)
312-0	PKP048	312	0	[come	come	_	_	_	_	_	linguistic	_	ContainsVariation=No	_	Begin=647.603	_	_	_	0-4(91)
312-1	PKP048	312	1	no]	no	_	_	_	_	_	linguistic	_	ContainsVariation=No	_	End=648.174	_	_	_	0-2(91)
313-0	PKP041	313	0	e:::h	eh	_	_	_	_	_	linguistic	_	ContainsVariation=No	_	Begin=648.223|End=648.55	0x3	_	_	_
314-0	PKP040	314	0	eh	eh	_	_	_	_	_	linguistic	_	ContainsVariation=No	_	Begin=648.573|End=648.883	_	_	_	_
315-0	PKP040	315	0	per	per	_	_	_	_	_	linguistic	_	ContainsVariation=No	_	Begin=650.947	_	_	_	_
315-1	PKP040	315	1	uno	uno	_	_	_	_	_	linguistic	_	ContainsVariation=No	_	_	_	_	_	_
315-2	PKP040	315	2	ba[sta]	basta	_	_	_	_	_	linguistic	_	ContainsVariation=No	_	End=651.805	_	_	_	2-5(93)
316-0	PKP041	316	0	>[stavo	stavo	_	_	_	_	_	linguistic	_	ContainsVariation=No	_	Begin=651.581	_	Fast=0-5(0)	_	0-5(93)
316-1	PKP041	316	1	di]cendo<	dicendo	_	_	_	_	_	linguistic	_	ContainsVariation=No	_	_	_	Fast=0-7(0)	_	0-2(93)
316-2	PKP041	316	2	gli	gli	_	_	_	_	_	linguistic	_	ContainsVariation=No	_	_	_	_	_	_
316-3	PKP041	316	3	amici	amici	_	_	_	_	_	linguistic	_	ContainsVariation=No	_	_	_	_	_	_
316-4	PKP041	316	4	mie:i	miei	_	_	_	_	_	linguistic	_	ContainsVariation=No	_	End=652.88	2x1	_	_	_
317-0	PKP041	317	0	# quando	quando	_	_	_	_	_	linguistic	_	ContainsVariation=Yes|Code=Underspecified	_	Begin=653.82	_	_	_	_
317-1	PKP041	317	1	sono	sono	_	_	_	_	_	linguistic	_	ContainsVariation=Yes|Code=Underspecified	_	_	_	_	_	_
317-2	PKP041	317	2	tornati	tornati	_	_	_	_	_	linguistic	_	ContainsVariation=Yes|Code=Underspecified	_	_	_	_	_	_
317-3	PKP041	317	3	da	da	_	_	_	_	_	linguistic	_	ContainsVariation=Yes|Code=Underspecified	_	_	_	_	_	_
317-4	PKP041	317	4	milano,	milano	_	_	_	_	_	linguistic	_	ContainsVariation=Yes|Code=Underspecified	Intonation=WeaklyRising	_	_	_	_	_
317-5	PKP041	317	5	(samo	samo	_	_	_	_	_	linguistic	_	ContainsVariation=Yes|Code=Underspecified	_	_	_	_	0-4(0)	_
317-6	PKP041	317	6	sentito)	sentito	_	_	_	_	_	linguistic	_	ContainsVariation=Yes|Code=Underspecified	_	_	_	_	0-7(0)	_
317-7	PKP041	317	7	<un	un	_	_	_	_	_	linguistic	_	ContainsVariation=Yes|Code=Underspecified	_	_	_	Slow=0-2(0)	_	_
317-8	PKP041	317	8	fre:ddo>	freddo	_	_	_	_	_	linguistic	_	ContainsVariation=Yes|Code=Underspecified	_	_	2x1	Slow=0-6(0)	_	_
317-9	PKP041	317	9	assurdo	assurdo	_	_	_	_	_	linguistic	_	ContainsVariation=Yes|Code=Underspecified	_	End=657.316	_	_	_	_
318-0	PKP039	318	0	((ride))	((ride))	_	_	_	_	_	nonverbalbehavior	_	ContainsVariation=No	_	Begin=656.93|End=657.751	_	_	_	_
319-0	PKP040	319	0	beh	beh	_	_	_	_	_	linguistic	_	ContainsVariation=No	_	Begin=657.85	_	_	_	_
319-1	PKP040	319	1	che	che	_	_	_	_	_	linguistic	_	ContainsVariation=No	_	_	_	_	_	_
319-2	PKP040	319	2	le	le	_	_	_	_	_	linguistic	_	ContainsVariation=No	_	_	_	_	_	_
319-3	PKP040	319	3	case	case	_	_	_	_	_	linguistic	_	ContainsVariation=No	_	_	_	_	_	_
319-4	PKP040	319	4	di	di	_	_	_	_	_	linguistic	_	ContainsVariation=No	_	_	_	_	_	_
319-5	PKP040	319	5	milano	milano	_	_	_	_	_	linguistic	_	ContainsVariation=No	_	_	_	_	_	_
319-6	PKP040	319	6	sono	sono	_	_	_	_	_	linguistic	_	ContainsVariation=No	_	_	_	_	_	_
319-7	PKP040	319	7	più	più	_	_	_	_	_	linguistic	_	ContainsVariation=No	_	_	_	_	_	_
319-8	PKP040	319	8	calde	calde	_	_	_	_	_	linguistic	_	ContainsVariation=No	_	_	_	_	_	_
319-9	PKP040	319	9	e:::	e	_	_	_	_	_	linguistic	_	ContainsVariation=No	_	_	0x3	_	_	_
319-10	PKP040	319	10	[>le	le	_	_	_	_	_	linguistic	_	ContainsVariation=No	_	_	_	Fast=0-2(0)	_	0-2(95)
319-11	PKP040	319	11	case<	case	_	_	_	_	_	linguistic	_	ContainsVariation=No	_	_	_	Fast=0-4(0)	_	0-4(95)
319-12	PKP040	319	12	(lo:ro)]	loro	_	_	_	_	_	linguistic	_	ContainsVariation=No	_	End=660.64	1x1	_	0-4(0)	0-4(95)
320-0	PKP048	320	0	[senti:	senti	_	_	_	_	_	linguistic	_	ContainsVariation=No	_	Begin=659.95	4x1	_	_	0-5(95)
320-1	PKP048	320	1	te	te	_	_	_	_	_	linguistic	_	ContainsVariation=No	_	_	_	_	_	0-2(95)
320-2	PKP048	320	2	ne	ne	_	_	_	_	_	linguistic	_	ContainsVariation=No	_	_	_	_	_	0-2(95)
320-3	PKP048	320	3	ho]	ho	_	_	_	_	_	linguistic	_	ContainsVariation=No	_	_	_	_	_	0-2(95)
320-4	PKP048	320	4	fatt(o)	fatto	_	_	_	_	_	linguistic	_	ContainsVariation=No	_	_	_	_	4-5(0)	_
320-5	PKP048	320	5	abbastanza?	abbastanza	_	_	_	_	_	linguistic	_	ContainsVariation=No	Intonation=Rising	End=661.642	_	_	_	_
321-0	PKP048	321	0	tua	tua	_	_	_	_	_	linguistic	_	ContainsVariation=No	_	Begin=663.6	_	_	_	_
321-1	PKP048	321	1	madre	madre	_	_	_	_	_	linguistic	_	ContainsVariation=No	_	_	_	_	_	_
321-2	PKP048	321	2	te	te	_	_	_	_	_	linguistic	_	ContainsVariation=No	_	_	_	_	_	_
321-3	PKP048	321	3	lo	lo	_	_	_	_	_	linguistic	_	ContainsVariation=No	_	_	_	_	_	_
321-4	PKP048	321	4	fa	fa	_	_	_	_	_	linguistic	_	ContainsVariation=No	_	_	_	_	_	_
321-5	PKP048	321	5	i	i	_	_	_	_	_	linguistic	_	ContainsVariation=No	_	_	_	_	_	_
321-6	PKP048	321	6	zucchino	zucchino	_	_	_	_	_	linguistic	_	ContainsVariation=No	_	_	_	_	_	_
321-7	PKP048	321	7	e	e	_	_	_	_	_	linguistic	_	ContainsVariation=No	_	_	_	_	_	_
321-8	PKP048	321	8	ti	ti	_	_	_	_	_	linguistic	_	ContainsVariation=No	_	_	_	_	_	_
321-9	PKP048	321	9	ha	ha	_	_	_	_	_	linguistic	_	ContainsVariation=No	_	_	_	_	_	_
321-10	PKP048	321	10	xxxxxxx[x]	xxxxxxxx	_	_	_	_	_	unknown	_	ContainsVariation=No	Syllables=8	End=666.39	_	_	_	7-8(96)
322-0	PKP041	322	0	[i]	i	_	_	_	_	_	linguistic	_	ContainsVariation=No	_	Begin=666.271	_	_	_	0-1(96)
322-1	PKP041	322	1	zucchini?	zucchini	_	_	_	_	_	linguistic	_	ContainsVariation=No	Intonation=Rising	End=666.979	_	_	_	_
323-0	PKP039	323	0	xx	xx	_	_	_	_	_	unknown	_	ContainsVariation=No	Syllables=2	Begin=671.94	_	_	_	_
323-1	PKP039	323	1	come	come	_	_	_	_	_	linguistic	_	ContainsVariation=No	_	_	_	_	_	_
323-2	PKP039	323	2	(lo)	lo	_	_	_	_	_	linguistic	_	ContainsVariation=No	_	_	_	_	0-2(0)	_
323-3	PKP039	323	3	trascri:vi?	trascrivi	_	_	_	_	_	linguistic	_	ContainsVariation=No	Intonation=Rising	End=672.894	6x1	_	_	_
324-0	PKP048	324	0	poi	poi	_	_	_	_	_	linguistic	_	ContainsVariation=No	_	Begin=673.082	_	_	_	_
324-1	PKP048	324	1	alla	alla	_	_	_	_	_	linguistic	_	ContainsVariation=No	_	_	_	_	_	_
324-2	PKP048	324	2	fine	fine	_	_	_	_	_	linguistic	_	ContainsVariation=No	_	_	_	_	_	_
324-3	PKP048	324	3	alla	alla	_	_	_	_	_	linguistic	_	ContainsVariation=No	_	_	_	_	_	_
324-4	PKP048	324	4	(mamma	mamma	_	_	_	_	_	linguistic	_	ContainsVariation=No	_	_	_	_	0-5(0)	_
324-5	PKP048	324	5	e	e	_	_	_	_	_	linguistic	_	ContainsVariation=No	_	_	_	_	0-1(0)	_
324-6	PKP048	324	6	do:)	do	_	_	_	_	_	linguistic	_	ContainsVariation=No	_	_	1x1	_	0-2(0)	_
324-7	PKP048	324	7	do	do	_	_	_	_	_	linguistic	_	ContainsVariation=No	_	_	_	_	_	_
324-8	PKP048	324	8	[da	da	_	_	_	_	_	linguistic	_	ContainsVariation=No	_	_	_	_	_	0-2(97)
324-9	PKP048	324	9	mangiare	mangiare	_	_	_	_	_	linguistic	_	ContainsVariation=No	_	_	_	_	_	0-8(97)
324-10	PKP048	324	10	ca:rne]	carne	_	_	_	_	_	linguistic	_	ContainsVariation=No	_	End=675.64	1x1	_	_	0-5(97)
325-0	PKP039	325	0	((ride))	((ride))	_	_	_	_	_	nonverbalbehavior	_	ContainsVariation=No	_	Begin=674.673|End=675.599	_	_	_	_
326-0	PKP041	326	0	non	non	_	_	_	_	_	linguistic	_	ContainsVariation=No	_	Begin=675.64	_	_	_	_
326-1	PKP041	326	1	non	non	_	_	_	_	_	linguistic	_	ContainsVariation=No	_	_	_	_	_	_
326-2	PKP041	326	2	non	non	_	_	_	_	_	linguistic	_	ContainsVariation=No	_	_	_	_	_	_
326-3	PKP041	326	3	trascriverò	trascriverò	_	_	_	_	_	linguistic	_	ContainsVariation=No	_	_	_	_	_	_
326-4	PKP041	326	4	io	io	_	_	_	_	_	linguistic	_	ContainsVariation=No	_	End=677.018	_	_	_	_
327-0	PKP048	327	0	guarda	guarda	_	_	_	_	_	linguistic	_	ContainsVariation=No	_	Begin=679.04	_	_	_	_
327-1	PKP048	327	1	che	che	_	_	_	_	_	linguistic	_	ContainsVariation=No	_	_	_	_	_	_
327-2	PKP048	327	2	cosa	cosa	_	_	_	_	_	linguistic	_	ContainsVariation=No	_	_	_	_	_	_
327-3	PKP048	327	3	mi	mi	_	_	_	_	_	linguistic	_	ContainsVariation=No	_	_	_	_	_	_
327-4	PKP048	327	4	basta	basta	_	_	_	_	_	linguistic	_	ContainsVariation=No	_	_	_	_	_	_
327-5	PKP048	327	5	le	le	_	_	_	_	_	linguistic	_	ContainsVariation=No	_	_	_	_	_	_
327-6	PKP048	327	6	zucchi[ne	zucchine	_	_	_	_	_	linguistic	_	ContainsVariation=No	_	_	_	_	_	6-8(98)
327-7	PKP048	327	7	(almeno)]	almeno	_	_	_	_	_	linguistic	_	ContainsVariation=No	_	End=681.391	_	_	0-6(0)	0-6(98)
328-0	PKP040	328	0	[questo	questo	_	_	_	_	_	linguistic	_	ContainsVariation=No	_	Begin=680.78	_	_	_	0-6(98)
328-1	PKP040	328	1	è	è	_	_	_	_	_	linguistic	_	ContainsVariation=No	_	_	_	_	_	0-1(98)
328-2	PKP040	328	2	x:]x	xx	_	_	_	_	_	linguistic	_	ContainsVariation=No	_	_	0x1	_	_	0-1(98)
328-3	PKP040	328	3	sì	sì	_	_	_	_	_	linguistic	_	ContainsVariation=No	_	End=681.698	_	_	_	_
329-0	PKP040	329	0	lo	lo	_	_	_	_	_	linguistic	_	ContainsVariation=No	_	Begin=688.07	_	_	_	_
329-1	PKP040	329	1	vuoi?	vuoi	_	_	_	_	_	linguistic	_	ContainsVariation=No	Intonation=Rising	End=688.5	_	_	_	_
330-0	PKP040	330	0	lo	lo	_	_	_	_	_	linguistic	_	ContainsVariation=No	_	Begin=689.673	_	_	_	_
330-1	PKP040	330	1	vuoi?	vuoi	_	_	_	_	_	linguistic	_	ContainsVariation=No	Intonation=Rising	End=690.095	_	_	_	_
331-0	PKP048	331	0	un	un	_	_	_	_	_	linguistic	_	ContainsVariation=No	_	Begin=690.229	_	_	_	_
331-1	PKP048	331	1	pezze:tto:	pezzetto	_	_	_	_	_	linguistic	_	ContainsVariation=No	_	End=691.247	4x1,7x1	_	_	_
332-0	PKP048	332	0	ce	ce	_	_	_	_	_	linguistic	_	ContainsVariation=No	_	Begin=691.773	_	_	_	_
332-1	PKP048	332	1	n'	n'	_	_	_	_	_	linguistic	_	ContainsVariation=No	SpaceAfter=No	_	_	_	_	_
332-2	PKP048	332	2	è:	è	_	_	_	_	_	linguistic	_	ContainsVariation=No	_	_	0x1	_	_	_
332-3	PKP048	332	3	per	per	_	_	_	_	_	linguistic	_	ContainsVariation=No	_	_	_	_	_	_
332-4	PKP048	332	4	tutti?	tutti	_	_	_	_	_	linguistic	_	ContainsVariation=No	Intonation=Rising	End=692.78	_	_	_	_
333-0	PKP040	333	0	sì	sì	_	_	_	_	_	linguistic	_	ContainsVariation=No	_	Begin=692.981|End=693.219	_	_	_	_
334-0	PKP048	334	0	allora	allora	_	_	_	_	_	linguistic	_	ContainsVariation=No	_	Begin=693.245	_	_	_	_
334-1	PKP048	334	1	sì:	sì	_	_	_	_	_	linguistic	_	ContainsVariation=No	_	End=693.93	1x1	_	_	_
335-0	PKP048	335	0	e	e	_	_	_	_	_	linguistic	_	ContainsVariation=No	_	Begin=700.874	_	_	_	_
335-1	PKP048	335	1	mo	mo	_	_	_	_	_	linguistic	_	ContainsVariation=No	_	_	_	_	_	_
335-2	PKP048	335	2	laura	laura	_	_	_	_	_	linguistic	_	ContainsVariation=No	_	_	_	_	_	_
335-3	PKP048	335	3	ritornando	ritornando	_	_	_	_	_	linguistic	_	ContainsVariation=No	_	_	_	_	_	_
335-4	PKP048	335	4	a	a	_	_	_	_	_	linguistic	_	ContainsVariation=No	_	_	_	_	_	_
335-5	PKP048	335	5	quelle	quelle	_	_	_	_	_	linguistic	_	ContainsVariation=No	_	_	_	_	_	_
335-6	PKP048	335	6	di	di	_	_	_	_	_	linguistic	_	ContainsVariation=No	_	_	_	_	_	_
335-7	PKP048	335	7	ie:ri:	ieri	_	_	_	_	_	linguistic	_	ContainsVariation=No	_	_	1x1,3x1	_	_	_
335-8	PKP048	335	8	a	a	_	_	_	_	_	linguistic	_	ContainsVariation=No	_	_	_	_	_	_
335-9	PKP048	335	9	(soccio),	soccio	_	_	_	_	_	linguistic	_	ContainsVariation=No	Intonation=WeaklyRising	End=703.513	_	_	0-6(0)	_
336-0	PKP048	336	0	scaldo	scaldo	_	_	_	_	_	linguistic	_	ContainsVariation=No	_	Begin=704.618	_	_	_	_
336-1	PKP048	336	1	la	la	_	_	_	_	_	linguistic	_	ContainsVariation=No	_	_	_	_	_	_
336-2	PKP048	336	2	padella	padella	_	_	_	_	_	linguistic	_	ContainsVariation=No	_	End=705.814	_	_	_	_
337-0	PKP048	337	0	>calda	calda	_	_	_	_	_	linguistic	_	ContainsVariation=No	_	Begin=706.481	_	Fast=0-5(0)	_	_
337-1	PKP048	337	1	calda	calda	_	_	_	_	_	linguistic	_	ContainsVariation=No	_	_	_	Fast=0-5(0)	_	_
337-2	PKP048	337	2	calda	calda	_	_	_	_	_	linguistic	_	ContainsVariation=No	_	_	_	Fast=0-5(0)	_	_
337-3	PKP048	337	3	calda<	calda	_	_	_	_	_	linguistic	_	ContainsVariation=No	_	End=707.844	_	Fast=0-5(0)	_	_
338-0	PKP048	338	0	e	e	_	_	_	_	_	linguistic	_	ContainsVariation=No	_	Begin=708.232	_	_	_	_
338-1	PKP048	338	1	metto	metto	_	_	_	_	_	linguistic	_	ContainsVariation=No	_	_	_	_	_	_
338-2	PKP048	338	2	un	un	_	_	_	_	_	linguistic	_	ContainsVariation=No	_	_	_	_	_	_
338-3	PKP048	338	3	po'	po'	_	_	_	_	_	linguistic	_	ContainsVariation=No	_	_	_	_	_	_
338-4	PKP048	338	4	di	di	_	_	_	_	_	linguistic	_	ContainsVariation=No	_	_	_	_	_	_
338-5	PKP048	338	5	sale:,	sale	_	_	_	_	_	linguistic	_	ContainsVariation=No	Intonation=WeaklyRising	End=709.593	3x1	_	_	_
339-0	PKP048	339	0	sulla	sulla	_	_	_	_	_	linguistic	_	ContainsVariation=No	_	Begin=710.377	_	_	_	_
339-1	PKP048	339	1	padella	padella	_	_	_	_	_	linguistic	_	ContainsVariation=No	_	End=711.106	_	_	_	_
340-0	PKP048	340	0	e	e	_	_	_	_	_	linguistic	_	ContainsVariation=No	_	Begin=711.546	_	_	_	_
340-1	PKP048	340	1	calo	calo	_	_	_	_	_	linguistic	_	ContainsVariation=No	_	_	_	_	_	_
340-2	PKP048	340	2	con	con	_	_	_	_	_	linguistic	_	ContainsVariation=No	_	_	_	_	_	_
340-3	PKP048	340	3	le	le	_	_	_	_	_	linguistic	_	ContainsVariation=No	_	_	_	_	_	_
340-4	PKP048	340	4	fettine	fettine	_	_	_	_	_	linguistic	_	ContainsVariation=No	_	End=712.837	_	_	_	_
341-0	PKP048	341	0	e	e	_	_	_	_	_	linguistic	_	ContainsVariation=No	_	Begin=713.016	_	_	_	_
341-1	PKP048	341	1	le	le	_	_	_	_	_	linguistic	_	ContainsVariation=No	_	_	_	_	_	_
341-2	PKP048	341	2	facc[io	faccio	_	_	_	_	_	linguistic	_	ContainsVariation=No	_	_	_	_	_	4-6(99)
341-3	PKP048	341	3	tutte	tutte	_	_	_	_	_	linguistic	_	ContainsVariation=No	_	_	_	_	_	0-5(99)
341-4	PKP048	341	4	(impanate	impanate	_	_	_	_	_	linguistic	_	ContainsVariation=No	_	_	_	_	0-8(0)	0-8(99)
341-5	PKP048	341	5	bene)]	bene	_	_	_	_	_	linguistic	_	ContainsVariation=No	_	End=714.416	_	_	0-4(0)	0-4(99)
342-0	PKP040	342	0	[così	così	_	_	_	_	_	linguistic	_	ContainsVariation=No	_	Begin=713.381	_	_	_	0-4(99)
342-1	PKP040	342	1	impanate	impanate	_	_	_	_	_	linguistic	_	ContainsVariation=No	_	_	_	_	_	0-8(99)
342-2	PKP040	342	2	<nel]	nel	_	_	_	_	_	linguistic	_	ContainsVariation=No	_	_	_	Slow=0-3(0)	_	0-3(99)
342-3	PKP040	342	3	[pan	pan	_	_	_	_	_	linguistic	_	ContainsVariation=No	_	_	_	Slow=0-3(0)	_	0-3(101)
342-4	PKP040	342	4	gratta:to	grattato	_	_	_	_	_	linguistic	_	ContainsVariation=No	_	_	5x1	Slow=0-8(0)	_	0-8(101)
342-5	PKP040	342	5	con	con	_	_	_	_	_	linguistic	_	ContainsVariation=No	_	_	_	Slow=0-3(0)	_	0-3(101)
342-6	PKP040	342	6	i>]	i	_	_	_	_	_	linguistic	_	ContainsVariation=No	_	_	_	Slow=0-1(0)	_	0-1(101)
342-7	PKP040	342	7	gli	gli	_	_	_	_	_	linguistic	_	ContainsVariation=No	_	_	_	_	_	_
342-8	PKP040	342	8	aro:mi	aromi	_	_	_	_	_	linguistic	_	ContainsVariation=No	_	_	2x1	_	_	_
342-9	PKP040	342	9	no?	no	_	_	_	_	_	linguistic	_	ContainsVariation=No	Intonation=Rising	End=716.3	_	_	_	_
343-0	PKP048	343	0	[(pia:no	piano	_	_	_	_	_	linguistic	_	ContainsVariation=No	_	Begin=714.47	2x1	_	0-5(0)	0-5(101)
343-1	PKP048	343	1	piano	piano	_	_	_	_	_	linguistic	_	ContainsVariation=No	_	_	_	_	0-5(0)	0-5(101)
343-2	PKP048	343	2	piano)]	piano	_	_	_	_	_	linguistic	_	ContainsVariation=No	_	End=715.661	_	_	0-5(0)	0-5(101)
344-0	PKP048	344	0	<SENZA	senza	_	_	_	_	_	linguistic	_	ContainsVariation=No	Volume=high	Begin=716.296	_	Slow=0-5(0)	_	_
344-1	PKP048	344	1	O:LIO	olio	_	_	_	_	_	linguistic	_	ContainsVariation=No	Volume=high	_	0x1	Slow=0-4(0)	_	_
344-2	PKP048	344	2	SENZA>	senza	_	_	_	_	_	linguistic	_	ContainsVariation=No	Volume=high	_	_	Slow=0-5(0)	_	_
344-3	PKP048	344	3	no	no	_	_	_	_	_	linguistic	_	ContainsVariation=No	_	_	_	_	_	_
344-4	PKP048	344	4	metto	metto	_	_	_	_	_	linguistic	_	ContainsVariation=No	_	_	_	_	_	_
344-5	PKP048	344	5	l'	l'	_	_	_	_	_	linguistic	_	ContainsVariation=No	SpaceAfter=No	_	_	_	_	_
344-6	PKP048	344	6	a:glio	aglio	_	_	_	_	_	linguistic	_	ContainsVariation=No	_	_	0x1	_	_	_
344-7	PKP048	344	7	dent~	dent~	_	_	_	_	_	linguistic	_	ContainsVariation=No	Interrupted=Yes	_	_	_	_	_
344-8	PKP048	344	8	cioè	cioè	_	_	_	_	_	linguistic	_	ContainsVariation=No	_	_	_	_	_	_
344-9	PKP048	344	9	l'	l'	_	_	_	_	_	linguistic	_	ContainsVariation=No	SpaceAfter=No	_	_	_	_	_
344-10	PKP048	344	10	aglio	aglio	_	_	_	_	_	linguistic	_	ContainsVariation=No	_	_	_	_	_	_
344-11	PKP048	344	11	quell[o	quello	_	_	_	_	_	linguistic	_	ContainsVariation=No	_	_	_	_	_	3-6(102)
344-12	PKP048	344	12	sì	sì	_	_	_	_	_	linguistic	_	ContainsVariation=No	_	_	_	_	_	0-2(102)
344-13	PKP048	344	13	ogni	ogni	_	_	_	_	_	linguistic	_	ContainsVariation=No	_	_	_	_	_	0-4(102)
344-14	PKP048	344	14	ta]nto	tanto	_	_	_	_	_	linguistic	_	ContainsVariation=No	_	_	_	_	_	0-1(102)
344-15	PKP048	344	15	sì	sì	_	_	_	_	_	linguistic	_	ContainsVariation=No	_	End=720.409	_	_	_	_
345-0	PKP040	345	0	[vabbè	vabbè	_	_	_	_	_	linguistic	_	ContainsVariation=No	_	Begin=719.1	_	_	_	0-5(102)
345-1	PKP040	345	1	sì]	sì	_	_	_	_	_	linguistic	_	ContainsVariation=No	_	End=719.808	_	_	_	0-2(102)
346-0	PKP040	346	0	ma	ma	_	_	_	_	_	linguistic	_	ContainsVariation=No	_	Begin=720.619	_	_	_	_
346-1	PKP040	346	1	ho	ho	_	_	_	_	_	linguistic	_	ContainsVariation=No	_	_	_	_	_	_
346-2	PKP040	346	2	visto	visto	_	_	_	_	_	linguistic	_	ContainsVariation=No	_	_	_	_	_	_
346-3	PKP040	346	3	pure:::	pure	_	_	_	_	_	linguistic	_	ContainsVariation=No	_	End=721.829	3x3	_	_	_
347-0	PKP040	347	0	le	le	_	_	_	_	_	linguistic	_	ContainsVariation=No	_	Begin=721.969	_	_	_	_
347-1	PKP040	347	1	erbette	erbette	_	_	_	_	_	linguistic	_	ContainsVariation=No	_	_	_	_	_	_
347-2	PKP040	347	2	stavano	stavano	_	_	_	_	_	linguistic	_	ContainsVariation=No	_	_	_	_	_	_
347-3	PKP040	347	3	cos'	cos'	_	_	_	_	_	linguistic	_	ContainsVariation=No	SpaceAfter=No	_	_	_	_	_
347-4	PKP040	347	4	erano?	erano	_	_	_	_	_	linguistic	_	ContainsVariation=No	Intonation=Rising	End=723.6	_	_	_	_
348-0	PKP048	348	0	sì:	sì	_	_	_	_	_	linguistic	_	ContainsVariation=No	_	Begin=723.667	1x1	_	_	_
348-1	PKP048	348	1	prezz[emolo]	prezzemolo	_	_	_	_	_	linguistic	_	ContainsVariation=No	_	End=724.495	_	_	_	5-10(103)
349-0	PKP041	349	0	[sarà	sarà	_	_	_	_	_	linguistic	_	ContainsVariation=No	_	Begin=724.076	_	_	_	0-4(103)
349-1	PKP041	349	1	pre]zzemolo	prezzemolo	_	_	_	_	_	linguistic	_	ContainsVariation=No	_	End=724.9	_	_	_	0-3(103)
350-0	PKP048	350	0	>prezzemolo<	prezzemolo	_	_	_	_	_	linguistic	_	ContainsVariation=No	_	Begin=724.9	_	Fast=0-10(0)	_	_
350-1	PKP048	350	1	fresco	fresco	_	_	_	_	_	linguistic	_	ContainsVariation=No	_	End=725.856	_	_	_	_
351-0	PKP040	351	0	ho	ho	_	_	_	_	_	linguistic	_	ContainsVariation=No	_	Begin=726.283	_	_	_	_
351-1	PKP040	351	1	>(aiutato)<	aiutato	_	_	_	_	_	linguistic	_	ContainsVariation=No	_	_	_	Fast=0-7(0)	0-7(0)	_
351-2	PKP040	351	2	a	a	_	_	_	_	_	linguistic	_	ContainsVariation=No	_	_	_	_	_	_
351-3	PKP040	351	3	spelarlo	spelarlo	_	_	_	_	_	linguistic	_	ContainsVariation=No	_	End=727.251	_	_	_	_
352-0	PKP048	352	0	[(e	e	_	_	_	_	_	linguistic	_	ContainsVariation=No	_	Begin=729.903	_	_	0-1(0)	0-1(104)
352-1	PKP048	352	1	poi)]	poi	_	_	_	_	_	linguistic	_	ContainsVariation=No	_	End=730.352	_	_	0-3(0)	0-3(104)
353-0	PKP041	353	0	[>(madonna)<	madonna	_	_	_	_	_	linguistic	_	ContainsVariation=No	_	Begin=729.91	_	Fast=0-7(0)	0-7(0)	0-7(104)
353-1	PKP041	353	1	che]	che	_	_	_	_	_	linguistic	_	ContainsVariation=No	_	_	_	_	_	0-3(104)
353-2	PKP041	353	2	buone	buone	_	_	_	_	_	linguistic	_	ContainsVariation=No	_	End=730.727	_	_	_	_
354-0	PKP048	354	0	ho	ho	_	_	_	_	_	linguistic	_	ContainsVariation=No	_	Begin=731.063	_	_	_	_
354-1	PKP048	354	1	guardato:	guardato	_	_	_	_	_	linguistic	_	ContainsVariation=No	_	End=732.06	7x1	_	_	_
355-0	PKP041	355	0	ma	ma	_	_	_	_	_	linguistic	_	ContainsVariation=No	_	Begin=732.078|End=732.38	_	_	_	_
356-0	PKP048	356	0	ho	ho	_	_	_	_	_	linguistic	_	ContainsVariation=No	_	Begin=733.524	_	_	_	_
356-1	PKP048	356	1	guardato::	guardato	_	_	_	_	_	linguistic	_	ContainsVariation=No	_	_	7x2	_	_	_
356-2	PKP048	356	2	un	un	_	_	_	_	_	linguistic	_	ContainsVariation=No	_	_	_	_	_	_
356-3	PKP048	356	3	attimino	attimino	_	_	_	_	_	linguistic	_	ContainsVariation=No	_	_	_	_	_	_
356-4	PKP048	356	4	il	il	_	_	_	_	_	linguistic	_	ContainsVariation=No	_	_	_	_	_	_
356-5	PKP048	356	5	giornale	giornale	_	_	_	_	_	linguistic	_	ContainsVariation=No	_	_	_	_	_	_
356-6	PKP048	356	6	nuovo	nuovo	_	_	_	_	_	linguistic	_	ContainsVariation=No	_	End=736.13	_	_	_	_
357-0	PKP048	357	0	c'	c'	_	_	_	_	_	linguistic	_	ContainsVariation=No	SpaceAfter=No	Begin=736.217	_	_	_	_
357-1	PKP048	357	1	è	è	_	_	_	_	_	linguistic	_	ContainsVariation=No	_	_	_	_	_	_
357-2	PKP048	357	2	una	una	_	_	_	_	_	linguistic	_	ContainsVariation=No	_	_	_	_	_	_
357-3	PKP048	357	3	ricetta	ricetta	_	_	_	_	_	linguistic	_	ContainsVariation=No	_	_	_	_	_	_
357-4	PKP048	357	4	per:	per	_	_	_	_	_	linguistic	_	ContainsVariation=No	_	_	2x1	_	_	_
357-5	PKP048	357	5	la	la	_	_	_	_	_	linguistic	_	ContainsVariation=No	_	_	_	_	_	_
357-6	PKP048	357	6	v[igilia	vigilia	_	_	_	_	_	linguistic	_	ContainsVariation=No	_	_	_	_	_	0-7(105)
357-7	PKP048	357	7	di	di	_	_	_	_	_	linguistic	_	ContainsVariation=No	_	_	_	_	_	0-2(105)
357-8	PKP048	357	8	nat]ale	natale	_	_	_	_	_	linguistic	_	ContainsVariation=No	_	End=738.608	_	_	_	0-3(105)
358-0	PKP041	358	0	[°una	una	_	_	_	_	_	linguistic	_	ContainsVariation=No	Volume=low	Begin=737.437	_	_	_	0-3(105)
358-1	PKP041	358	1	ricetta?°]	ricetta	_	_	_	_	_	linguistic	_	ContainsVariation=No	Intonation=Rising|Volume=low	End=738.262	_	_	_	0-7(105)
359-0	PKP048	359	0	ti	ti	_	_	_	_	_	linguistic	_	ContainsVariation=No	_	Begin=761.974	_	_	_	_
359-1	PKP048	359	1	ho	ho	_	_	_	_	_	linguistic	_	ContainsVariation=No	_	_	_	_	_	_
359-2	PKP048	359	2	detto	detto	_	_	_	_	_	linguistic	_	ContainsVariation=No	_	_	_	_	_	_
359-3	PKP048	359	3	che	che	_	_	_	_	_	linguistic	_	ContainsVariation=No	_	_	_	_	_	_
359-4	PKP048	359	4	ieri	ieri	_	_	_	_	_	linguistic	_	ContainsVariation=No	_	_	_	_	_	_
359-5	PKP048	359	5	sera	sera	_	_	_	_	_	linguistic	_	ContainsVariation=No	_	_	_	_	_	_
359-6	PKP048	359	6	alle	alle	_	_	_	_	_	linguistic	_	ContainsVariation=No	_	_	_	_	_	_
359-7	PKP048	359	7	nove	nove	_	_	_	_	_	linguistic	_	ContainsVariation=No	_	_	_	_	_	_
359-8	PKP048	359	8	e	e	_	_	_	_	_	linguistic	_	ContainsVariation=No	_	_	_	_	_	_
359-9	PKP048	359	9	un	un	_	_	_	_	_	linguistic	_	ContainsVariation=No	_	_	_	_	_	_
359-10	PKP048	359	10	quarto,	quarto	_	_	_	_	_	linguistic	_	ContainsVariation=No	Intonation=WeaklyRising	End=763.959	_	_	_	_
360-0	PKP048	360	0	mi	mi	_	_	_	_	_	linguistic	_	ContainsVariation=No	_	Begin=764.511	_	_	_	_
360-1	PKP048	360	1	suona	suona	_	_	_	_	_	linguistic	_	ContainsVariation=No	_	_	_	_	_	_
360-2	PKP048	360	2	il	il	_	_	_	_	_	linguistic	_	ContainsVariation=No	_	_	_	_	_	_
360-3	PKP048	360	3	telefono	telefono	_	_	_	_	_	linguistic	_	ContainsVariation=No	_	End=765.505	_	_	_	_
361-0	PKP048	361	0	non	non	_	_	_	_	_	linguistic	_	ContainsVariation=No	_	Begin=766.383	_	_	_	_
361-1	PKP048	361	1	volevo	volevo	_	_	_	_	_	linguistic	_	ContainsVariation=No	_	_	_	_	_	_
361-2	PKP048	361	2	rispondere	rispondere	_	_	_	_	_	linguistic	_	ContainsVariation=No	_	_	_	_	_	_
361-3	PKP048	361	3	perché	perché	_	_	_	_	_	linguistic	_	ContainsVariation=No	_	_	_	_	_	_
361-4	PKP048	361	4	avevo	avevo	_	_	_	_	_	linguistic	_	ContainsVariation=No	_	_	_	_	_	_
361-5	PKP048	361	5	paura	paura	_	_	_	_	_	linguistic	_	ContainsVariation=No	_	_	_	_	_	_
361-6	PKP048	361	6	fosse	fosse	_	_	_	_	_	linguistic	_	ContainsVariation=No	_	_	_	_	_	_
361-7	PKP048	361	7	zia	zia	_	_	_	_	_	linguistic	_	ContainsVariation=No	_	_	_	_	_	_
361-8	PKP048	361	8	maria	maria	_	_	_	_	_	linguistic	_	ContainsVariation=No	_	End=768.97	_	_	_	_
362-0	PKP048	362	0	perché	perché	_	_	_	_	_	linguistic	_	ContainsVariation=No	_	Begin=769.411	_	_	_	_
362-1	PKP048	362	1	lei	lei	_	_	_	_	_	linguistic	_	ContainsVariation=No	_	_	_	_	_	_
362-2	PKP048	362	2	alle	alle	_	_	_	_	_	linguistic	_	ContainsVariation=No	_	_	_	_	_	_
362-3	PKP048	362	3	nove	nove	_	_	_	_	_	linguistic	_	ContainsVariation=No	_	_	_	_	_	_
362-4	PKP048	362	4	e	e	_	_	_	_	_	linguistic	_	ContainsVariation=No	_	_	_	_	_	_
362-5	PKP048	362	5	mezza::	mezza	_	_	_	_	_	linguistic	_	ContainsVariation=No	_	_	4x2	_	_	_
362-6	PKP048	362	6	alle	alle	_	_	_	_	_	linguistic	_	ContainsVariation=No	_	_	_	_	_	_
362-7	PKP048	362	7	nove	nove	_	_	_	_	_	linguistic	_	ContainsVariation=No	_	_	_	_	_	_
362-8	PKP048	362	8	nove	nove	_	_	_	_	_	linguistic	_	ContainsVariation=No	_	_	_	_	_	_
362-9	PKP048	362	9	e	e	_	_	_	_	_	linguistic	_	ContainsVariation=No	_	_	_	_	_	_
362-10	PKP048	362	10	mezza	mezza	_	_	_	_	_	linguistic	_	ContainsVariation=No	_	_	_	_	_	_
362-11	PKP048	362	11	lei	lei	_	_	_	_	_	linguistic	_	ContainsVariation=No	_	_	_	_	_	_
362-12	PKP048	362	12	tele:fona	telefona	_	_	_	_	_	linguistic	_	ContainsVariation=No	_	End=772.37	3x1	_	_	_
363-0	PKP041	363	0	(ise:a)	isea	_	_	_	_	_	linguistic	_	ContainsVariation=No	_	Begin=772.39|End=772.974	2x1	_	0-4(0)	_
364-0	PKP048	364	0	m:h	mh	_	_	_	_	_	linguistic	_	ContainsVariation=No	_	Begin=773.017|End=773.393	0x1	_	_	_
365-0	PKP048	365	0	sì	sì	_	_	_	_	_	linguistic	_	ContainsVariation=No	_	Begin=773.54	_	_	_	_
365-1	PKP048	365	1	sì	sì	_	_	_	_	_	linguistic	_	ContainsVariation=No	_	_	_	_	_	_
365-2	PKP048	365	2	xxx,	xxx	_	_	_	_	_	linguistic	_	ContainsVariation=No	Intonation=WeaklyRising	_	_	_	_	_
365-3	PKP048	365	3	finito	finito	_	_	_	_	_	linguistic	_	ContainsVariation=No	_	_	_	_	_	_
365-4	PKP048	365	4	tu:tto	tutto	_	_	_	_	_	linguistic	_	ContainsVariation=No	_	_	1x1	_	_	_
365-5	PKP048	365	5	e::	e	_	_	_	_	_	linguistic	_	ContainsVariation=No	_	_	0x2	_	_	_
365-6	PKP048	365	6	bom	bom	_	_	_	_	_	linguistic	_	ContainsVariation=No	_	End=776.564	_	_	_	_
366-0	PKP048	366	0	e	e	_	_	_	_	_	linguistic	_	ContainsVariation=No	_	Begin=777.337	_	_	_	_
366-1	PKP048	366	1	invece	invece	_	_	_	_	_	linguistic	_	ContainsVariation=No	_	_	_	_	_	_
366-2	PKP048	366	2	era	era	_	_	_	_	_	linguistic	_	ContainsVariation=No	_	_	_	_	_	_
366-3	PKP048	366	3	eleonora	eleonora	_	_	_	_	_	linguistic	_	ContainsVariation=No	_	End=778.468	_	_	_	_
367-0	PKP048	367	0	ha	ha	_	_	_	_	_	linguistic	_	ContainsVariation=No	_	Begin=779.667	_	_	_	_
367-1	PKP048	367	1	detto	detto	_	_	_	_	_	linguistic	_	ContainsVariation=No	_	_	_	_	_	_
367-2	PKP048	367	2	sono	sono	_	_	_	_	_	linguistic	_	ContainsVariation=No	_	_	_	_	_	_
367-3	PKP048	367	3	passa:ta	passata	_	_	_	_	_	linguistic	_	ContainsVariation=No	_	_	4x1	_	_	_
367-4	PKP048	367	4	davanti	davanti	_	_	_	_	_	linguistic	_	ContainsVariation=No	_	_	_	_	_	_
367-5	PKP048	367	5	a	a	_	_	_	_	_	linguistic	_	ContainsVariation=No	_	_	_	_	_	_
367-6	PKP048	367	6	ca:sa	casa	_	_	_	_	_	linguistic	_	ContainsVariation=No	_	_	1x1	_	_	_
367-7	PKP048	367	7	eh	eh	_	_	_	_	_	linguistic	_	ContainsVariation=No	_	End=781.99	_	_	_	_
368-0	PKP048	368	0	mado:nna	madonna	_	_	_	_	_	linguistic	_	ContainsVariation=No	_	Begin=781.99	3x1	_	_	_
368-1	PKP048	368	1	che	che	_	_	_	_	_	linguistic	_	ContainsVariation=No	_	_	_	_	_	_
368-2	PKP048	368	2	be:lla	bella	_	_	_	_	_	linguistic	_	ContainsVariation=No	_	_	1x1	_	_	_
368-3	PKP048	368	3	la	la	_	_	_	_	_	linguistic	_	ContainsVariation=No	_	_	_	_	_	_
368-4	PKP048	368	4	casa	casa	_	_	_	_	_	linguistic	_	ContainsVariation=No	_	_	_	_	_	_
368-5	PKP048	368	5	vo:stra	vostra	_	_	_	_	_	linguistic	_	ContainsVariation=No	_	End=784.134	1x1	_	_	_
369-0	PKP048	369	0	ha	ha	_	_	_	_	_	linguistic	_	ContainsVariation=No	_	Begin=784.587	_	_	_	_
369-1	PKP048	369	1	detto	detto	_	_	_	_	_	linguistic	_	ContainsVariation=No	_	_	_	_	_	_
369-2	PKP048	369	2	sta	sta	_	_	_	_	_	linguistic	_	ContainsVariation=No	_	_	_	_	_	_
369-3	PKP048	369	3	bene	bene	_	_	_	_	_	linguistic	_	ContainsVariation=No	_	_	_	_	_	_
369-4	PKP048	369	4	da	da	_	_	_	_	_	linguistic	_	ContainsVariation=No	_	_	_	_	_	_
369-5	PKP048	369	5	fare	fare	_	_	_	_	_	linguistic	_	ContainsVariation=No	_	_	_	_	_	_
369-6	PKP048	369	6	un	un	_	_	_	_	_	linguistic	_	ContainsVariation=No	_	_	_	_	_	_
369-7	PKP048	369	7	filmino:	filmino	_	_	_	_	_	linguistic	_	ContainsVariation=No	_	End=786.495	6x1	_	_	_
370-0	PKP041	370	0	anche:	anche	_	_	_	_	_	linguistic	_	ContainsVariation=No	_	Begin=786.566	4x1	_	_	_
370-1	PKP041	370	1	i	i	_	_	_	_	_	linguistic	_	ContainsVariation=No	_	_	_	_	_	_
370-2	PKP041	370	2	miei	miei	_	_	_	_	_	linguistic	_	ContainsVariation=No	_	_	_	_	_	_
370-3	PKP041	370	3	amici	amici	_	_	_	_	_	linguistic	_	ContainsVariation=No	_	_	_	_	_	_
370-4	PKP041	370	4	hanno	hanno	_	_	_	_	_	linguistic	_	ContainsVariation=No	_	_	_	_	_	_
370-5	PKP041	370	5	detto	detto	_	_	_	_	_	linguistic	_	ContainsVariation=No	_	_	_	_	_	_
370-6	PKP041	370	6	che	che	_	_	_	_	_	linguistic	_	ContainsVariation=No	_	_	_	_	_	_
370-7	PKP041	370	7	le	le	_	_	_	_	_	linguistic	_	ContainsVariation=No	_	_	_	_	_	_
370-8	PKP041	370	8	tue	tue	_	_	_	_	_	linguistic	_	ContainsVariation=No	_	_	_	_	_	_
370-9	PKP041	370	9	luci	luci	_	_	_	_	_	linguistic	_	ContainsVariation=No	_	_	_	_	_	_
370-10	PKP041	370	10	sono	sono	_	_	_	_	_	linguistic	_	ContainsVariation=No	_	_	_	_	_	_
370-11	PKP041	370	11	molto	molto	_	_	_	_	_	linguistic	_	ContainsVariation=No	_	_	_	_	_	_
370-12	PKP041	370	12	belle	belle	_	_	_	_	_	linguistic	_	ContainsVariation=No	_	End=789.54	_	_	_	_
371-0	PKP040	371	0	x	x	_	_	_	_	_	unknown	_	ContainsVariation=No	Syllables=1	Begin=789.549	_	_	_	_
371-1	PKP040	371	1	x	x	_	_	_	_	_	unknown	_	ContainsVariation=No	Syllables=1	_	_	_	_	_
371-2	PKP040	371	2	belle	belle	_	_	_	_	_	linguistic	_	ContainsVariation=No	_	End=790.397	_	_	_	_
372-0	PKP048	372	0	oh	oh	_	_	_	_	_	linguistic	_	ContainsVariation=No	_	Begin=791.018|End=791.324	_	_	_	_
373-0	PKP041	373	0	I	i	_	_	_	_	_	linguistic	_	ContainsVariation=No	Volume=high	Begin=792.556	_	_	_	_
373-1	PKP041	373	1	MIEI	miei	_	_	_	_	_	linguistic	_	ContainsVariation=No	Volume=high	_	_	_	_	_
373-2	PKP041	373	2	AMICI	amici	_	_	_	_	_	linguistic	_	ContainsVariation=No	Volume=high	End=793.451	_	_	_	_
374-0	PKP048	374	0	e:h	eh	_	_	_	_	_	linguistic	_	ContainsVariation=No	_	Begin=793.568|End=793.887	0x1	_	_	_
375-0	PKP041	375	0	HANNO	hanno	_	_	_	_	_	linguistic	_	ContainsVariation=No	Volume=high	Begin=794.002	_	_	_	_
375-1	PKP041	375	1	DETTO	detto	_	_	_	_	_	linguistic	_	ContainsVariation=No	PauseAfter=Yes|Volume=high	_	_	_	_	_
375-2	PKP041	375	2	(.)	(.)	_	_	_	_	_	shortpause	_	ContainsVariation=No	_	_	_	_	_	_
375-3	PKP041	375	3	CHE	che	_	_	_	_	_	linguistic	_	ContainsVariation=No	Volume=high	_	_	_	_	_
375-4	PKP041	375	4	LE	le	_	_	_	_	_	linguistic	_	ContainsVariation=No	Volume=high	_	_	_	_	_
375-5	PKP041	375	5	TUE	tue	_	_	_	_	_	linguistic	_	ContainsVariation=No	Volume=high	_	_	_	_	_
375-6	PKP041	375	6	LUCI	luci	_	_	_	_	_	linguistic	_	ContainsVariation=No	PauseAfter=Yes|Volume=high	_	_	_	_	_
375-7	PKP041	375	7	(.)	(.)	_	_	_	_	_	shortpause	_	ContainsVariation=No	_	_	_	_	_	_
375-8	PKP041	375	8	SONO	sono	_	_	_	_	_	linguistic	_	ContainsVariation=No	Volume=high	_	_	_	_	_
375-9	PKP041	375	9	MOLTO	molto	_	_	_	_	_	linguistic	_	ContainsVariation=No	Volume=high	_	_	_	_	_
375-10	PKP041	375	10	BELLE	belle	_	_	_	_	_	linguistic	_	ContainsVariation=No	Volume=high	End=796.923	_	_	_	_
376-0	PKP048	376	0	[u:::h]	uh	_	_	_	_	_	linguistic	_	ContainsVariation=No	_	Begin=796.927|End=798.032	0x3	_	_	0-2(106)
377-0	PKP040	377	0	[quelle	quelle	_	_	_	_	_	linguistic	_	ContainsVariation=No	_	Begin=797.06	_	_	_	0-6(106)
377-1	PKP040	377	1	del	del	_	_	_	_	_	linguistic	_	ContainsVariation=No	_	_	_	_	_	0-3(106)
377-2	PKP040	377	2	balcone	balcone	_	_	_	_	_	linguistic	_	ContainsVariation=No	_	_	_	_	_	0-7(106)
377-3	PKP040	377	3	o]	o	_	_	_	_	_	linguistic	_	ContainsVariation=No	_	_	_	_	_	0-1(106)
377-4	PKP040	377	4	quelle	quelle	_	_	_	_	_	linguistic	_	ContainsVariation=No	_	_	_	_	_	_
377-5	PKP040	377	5	dell'	dell'	_	_	_	_	_	linguistic	_	ContainsVariation=No	SpaceAfter=No	_	_	_	_	_
377-6	PKP040	377	6	arche[tto]?	archetto	_	_	_	_	_	linguistic	_	ContainsVariation=No	Intonation=Rising	End=799.07	_	_	_	4-8(107)
378-0	PKP041	378	0	[de]l	del	_	_	_	_	_	linguistic	_	ContainsVariation=No	_	Begin=798.99	_	_	_	0-2(107)
378-1	PKP041	378	1	balco:n[e]	balcone	_	_	_	_	_	linguistic	_	ContainsVariation=No	_	End=799.77	4x1	_	_	6-7(108)
379-0	PKP048	379	0	[so]no	sono	_	_	_	_	_	linguistic	_	ContainsVariation=No	_	Begin=799.66	_	_	_	0-2(108)
379-1	PKP048	379	1	tutte	tutte	_	_	_	_	_	linguistic	_	ContainsVariation=No	_	_	_	_	_	_
379-2	PKP048	379	2	uguali	uguali	_	_	_	_	_	linguistic	_	ContainsVariation=No	_	End=800.531	_	_	_	_
380-0	PKP040	380	0	belle	belle	_	_	_	_	_	linguistic	_	ContainsVariation=No	_	Begin=800.77|End=801.18	_	_	_	_
381-0	PKP048	381	0	ma	ma	_	_	_	_	_	linguistic	_	ContainsVariation=No	_	Begin=801.918	_	_	_	_
381-1	PKP048	381	1	allora	allora	_	_	_	_	_	linguistic	_	ContainsVariation=No	_	_	_	_	_	_
381-2	PKP048	381	2	mi	mi	_	_	_	_	_	linguistic	_	ContainsVariation=No	_	_	_	_	_	_
381-3	PKP048	381	3	sono	sono	_	_	_	_	_	linguistic	_	ContainsVariation=No	_	_	_	_	_	_
381-4	PKP048	381	4	servita	servita	_	_	_	_	_	linguistic	_	ContainsVariation=No	_	_	_	_	_	_
381-5	PKP048	381	5	xxx	xxx	_	_	_	_	_	unknown	_	ContainsVariation=No	Syllables=3	End=803.54	_	_	_	_
382-0	PKP041	382	0	eh?	eh	_	_	_	_	_	linguistic	_	ContainsVariation=No	Intonation=Rising	Begin=803.734|End=804.115	_	_	_	_
383-0	PKP048	383	0	((ride))	((ride))	_	_	_	_	_	nonverbalbehavior	_	ContainsVariation=No	_	Begin=804.149	_	_	_	_
383-1	PKP048	383	1	alla	alla	_	_	_	_	_	linguistic	_	ContainsVariation=No	_	_	_	_	_	_
383-2	PKP048	383	2	boutique	boutique	_	_	_	_	_	linguistic	_	ContainsVariation=No	_	End=805.96	_	_	_	_
384-0	PKP040	384	0	((ride))	((ride))	_	_	_	_	_	nonverbalbehavior	_	ContainsVariation=No	_	Begin=804.149|End=805.38	_	_	_	_
385-0	PKP040	385	0	((ride))	((ride))	_	_	_	_	_	nonverbalbehavior	_	ContainsVariation=No	_	Begin=806.146|End=806.642	_	_	_	_
386-0	PKP048	386	0	xxxx[xx]	xxxxxx	_	_	_	_	_	unknown	_	ContainsVariation=No	Syllables=6	Begin=808.139|End=809.265	_	_	_	4-6(110)
387-0	PKP040	387	0	[si	si	_	_	_	_	_	linguistic	_	ContainsVariation=No	_	Begin=808.639	_	_	_	0-2(110)
387-1	PKP040	387	1	vedono	vedono	_	_	_	_	_	linguistic	_	ContainsVariation=No	_	_	_	_	_	0-6(110)
387-2	PKP040	387	2	da]	da	_	_	_	_	_	linguistic	_	ContainsVariation=No	_	_	_	_	_	0-2(110)
387-3	PKP040	387	3	lontano	lontano	_	_	_	_	_	linguistic	_	ContainsVariation=No	_	_	_	_	_	_
387-4	PKP040	387	4	poi	poi	_	_	_	_	_	linguistic	_	ContainsVariation=No	_	End=809.97	_	_	_	_
388-0	PKP048	388	0	>sul	sul	_	_	_	_	_	linguistic	_	ContainsVariation=No	_	Begin=811.87	_	Fast=0-3(0)	_	_
388-1	PKP048	388	1	tetto	tetto	_	_	_	_	_	linguistic	_	ContainsVariation=No	_	_	_	Fast=0-5(0)	_	_
388-2	PKP048	388	2	ho	ho	_	_	_	_	_	linguistic	_	ContainsVariation=No	_	_	_	Fast=0-2(0)	_	_
388-3	PKP048	388	3	messo	messo	_	_	_	_	_	linguistic	_	ContainsVariation=No	_	_	_	Fast=0-5(0)	_	_
388-4	PKP048	388	4	la	la	_	_	_	_	_	linguistic	_	ContainsVariation=No	_	_	_	Fast=0-2(0)	_	_
388-5	PKP048	388	5	xx<	xx	_	_	_	_	_	unknown	_	ContainsVariation=No	Syllables=2	End=812.844	_	Fast=0-2(0)	_	_
389-0	PKP048	389	0	<mamma	mamma	_	_	_	_	_	linguistic	_	ContainsVariation=No	_	Begin=814.022	_	_	_	_
389-1	PKP048	389	1	mia	mia	_	_	_	_	_	linguistic	_	ContainsVariation=No	_	_	_	_	_	_
389-2	PKP048	389	2	xxx	xxx	_	_	_	_	_	unknown	_	ContainsVariation=No	Syllables=3	_	_	_	_	_
389-3	PKP048	389	3	(spazio	spazio	_	_	_	_	_	linguistic	_	ContainsVariation=No	_	_	_	_	0-6(0)	_
389-4	PKP048	389	4	libero)	libero	_	_	_	_	_	linguistic	_	ContainsVariation=No	_	_	_	_	0-6(0)	_
389-5	PKP048	389	5	laura	laura	_	_	_	_	_	linguistic	_	ContainsVariation=No	_	End=817.062	_	_	_	_
390-0	PKP041	390	0	m::h	mh	_	_	_	_	_	linguistic	_	ContainsVariation=No	_	Begin=817.357|End=817.844	0x2	_	_	_
391-0	PKP040	391	0	l'	l'	_	_	_	_	_	linguistic	_	ContainsVariation=No	SpaceAfter=No	Begin=820.085	_	_	_	_
391-1	PKP040	391	1	altro	altro	_	_	_	_	_	linguistic	_	ContainsVariation=No	_	_	_	_	_	_
391-2	PKP040	391	2	giorno	giorno	_	_	_	_	_	linguistic	_	ContainsVariation=No	_	_	_	_	_	_
391-3	PKP040	391	3	è	è	_	_	_	_	_	linguistic	_	ContainsVariation=No	_	_	_	_	_	_
391-4	PKP040	391	4	venuto	venuto	_	_	_	_	_	linguistic	_	ContainsVariation=No	_	_	_	_	_	_
391-5	PKP040	391	5	stefano	stefano	_	_	_	_	_	linguistic	_	ContainsVariation=No	_	End=821.404	_	_	_	_
392-0	PKP039	392	0	(chi	chi	_	_	_	_	_	linguistic	_	ContainsVariation=No	_	Begin=821.41	_	_	0-3(0)	_
392-1	PKP039	392	1	quello	quello	_	_	_	_	_	linguistic	_	ContainsVariation=No	_	_	_	_	0-6(0)	_
392-2	PKP039	392	2	che	che	_	_	_	_	_	linguistic	_	ContainsVariation=No	_	_	_	_	0-3(0)	_
392-3	PKP039	392	3	teneva	teneva	_	_	_	_	_	linguistic	_	ContainsVariation=No	_	_	_	_	0-6(0)	_
392-4	PKP039	392	4	[il	il	_	_	_	_	_	linguistic	_	ContainsVariation=No	_	_	_	_	0-2(0)	0-2(111)
392-5	PKP039	392	5	bar	bar	_	_	_	_	_	linguistic	_	ContainsVariation=No	_	_	_	_	0-3(0)	0-3(111)
392-6	PKP039	392	6	de]ll'	dell'	_	_	_	_	_	linguistic	_	ContainsVariation=No	SpaceAfter=No	_	_	_	0-5(0)	0-2(111)
392-7	PKP039	392	7	università?)	università	_	_	_	_	_	linguistic	_	ContainsVariation=No	Intonation=Rising	End=823.05	_	_	0-10(0)	_
393-0	PKP040	393	0	[(mi	mi	_	_	_	_	_	linguistic	_	ContainsVariation=No	_	Begin=822.004	_	_	0-2(0)	0-2(111)
393-1	PKP040	393	1	si	si	_	_	_	_	_	linguistic	_	ContainsVariation=No	_	_	_	_	0-2(0)	0-2(111)
393-2	PKP040	393	2	è)]	è	_	_	_	_	_	linguistic	_	ContainsVariation=No	_	End=822.493	_	_	0-1(0)	0-1(111)
394-0	PKP040	394	0	tua	tua	_	_	_	_	_	linguistic	_	ContainsVariation=No	_	Begin=823.415	_	_	_	_
394-1	PKP040	394	1	zi:a	zia	_	_	_	_	_	linguistic	_	ContainsVariation=No	_	_	1x1	_	_	_
394-2	PKP040	394	2	l'	l'	_	_	_	_	_	linguistic	_	ContainsVariation=No	SpaceAfter=No	_	_	_	_	_
394-3	PKP040	394	3	hanno	hanno	_	_	_	_	_	linguistic	_	ContainsVariation=No	_	_	_	_	_	_
394-4	PKP040	394	4	fregata	fregata	_	_	_	_	_	linguistic	_	ContainsVariation=No	_	End=824.85	_	_	_	_
395-0	PKP040	395	0	che	che	_	_	_	_	_	linguistic	_	ContainsVariation=No	_	Begin=826.027	_	_	_	_
395-1	PKP040	395	1	quello	quello	_	_	_	_	_	linguistic	_	ContainsVariation=No	_	_	_	_	_	_
395-2	PKP040	395	2	di	di	_	_	_	_	_	linguistic	_	ContainsVariation=No	_	_	_	_	_	_
395-3	PKP040	395	3	sopra	sopra	_	_	_	_	_	linguistic	_	ContainsVariation=No	_	_	_	_	_	_
395-4	PKP040	395	4	HA	ha	_	_	_	_	_	linguistic	_	ContainsVariation=No	Volume=high	_	_	_	_	_
395-5	PKP040	395	5	GIA'	gia'	_	_	_	_	_	linguistic	_	ContainsVariation=No	Truncated=Yes|Volume=high	_	_	_	_	_
395-6	PKP040	395	6	(IN)	in	_	_	_	_	_	linguistic	_	ContainsVariation=No	Volume=high	_	_	_	0-2(0)	_
395-7	PKP040	395	7	MESSO	messo	_	_	_	_	_	linguistic	_	ContainsVariation=No	Volume=high	_	_	_	_	_
395-8	PKP040	395	8	LA	la	_	_	_	_	_	linguistic	_	ContainsVariation=No	Volume=high	_	_	_	_	_
395-9	PKP040	395	9	MESSO	messo	_	_	_	_	_	linguistic	_	ContainsVariation=No	Volume=high	_	_	_	_	_
395-10	PKP040	395	10	LA	la	_	_	_	_	_	linguistic	_	ContainsVariation=No	Volume=high	_	_	_	_	_
395-11	PKP040	395	11	STE:LLA	stella	_	_	_	_	_	linguistic	_	ContainsVariation=No	Volume=high	_	2x1	_	_	_
395-12	PKP040	395	12	PRIMA	prima	_	_	_	_	_	linguistic	_	ContainsVariation=No	Volume=high	_	_	_	_	_
395-13	PKP040	395	13	DI	di	_	_	_	_	_	linguistic	_	ContainsVariation=No	Volume=high	_	_	_	_	_
395-14	PKP040	395	14	LE:I	lei	_	_	_	_	_	linguistic	_	ContainsVariation=No	Volume=high	End=829.26	1x1	_	_	_
396-0	PKP040	396	0	O:::H	oh	_	_	_	_	_	linguistic	_	ContainsVariation=No	Volume=high	Begin=829.309	0x3	_	_	_
396-1	PKP040	396	1	((ride))	((ride))	_	_	_	_	_	nonverbalbehavior	_	ContainsVariation=No	_	_	_	_	_	_
396-2	PKP040	396	2	ha	ha	_	_	_	_	_	linguistic	_	ContainsVariation=No	_	_	_	_	_	_
396-3	PKP040	396	3	detto	detto	_	_	_	_	_	linguistic	_	ContainsVariation=No	_	End=830.984	_	_	_	_
397-0	PKP048	397	0	ha	ha	_	_	_	_	_	linguistic	_	ContainsVariation=No	_	Begin=831.451	_	_	_	_
397-1	PKP048	397	1	detto	detto	_	_	_	_	_	linguistic	_	ContainsVariation=No	_	_	_	_	_	_
397-2	PKP048	397	2	[xxxx]	xxxx	_	_	_	_	_	unknown	_	ContainsVariation=No	Syllables=4	End=832.712	_	_	_	0-4(112)
398-0	PKP040	398	0	[ha	ha	_	_	_	_	_	linguistic	_	ContainsVariation=No	_	Begin=831.726	_	_	_	0-2(112)
398-1	PKP040	398	1	lanciato	lanciato	_	_	_	_	_	linguistic	_	ContainsVariation=No	_	_	_	_	_	0-8(112)
398-2	PKP040	398	2	il	il	_	_	_	_	_	linguistic	_	ContainsVariation=No	_	_	_	_	_	0-2(112)
398-3	PKP040	398	3	gua:]nto	guanto	_	_	_	_	_	linguistic	_	ContainsVariation=No	_	_	2x1	_	_	0-3(112)
398-4	PKP040	398	4	della	della	_	_	_	_	_	linguistic	_	ContainsVariation=No	_	_	_	_	_	_
398-5	PKP040	398	5	sfida	sfida	_	_	_	_	_	linguistic	_	ContainsVariation=No	_	End=833.86	_	_	_	_
399-0	PKP048	399	0	ma	ma	_	_	_	_	_	linguistic	_	ContainsVariation=No	_	Begin=834.61	_	_	_	_
399-1	PKP048	399	1	dappertu:tto	dappertutto	_	_	_	_	_	linguistic	_	ContainsVariation=No	_	_	7x1	_	_	_
399-2	PKP048	399	2	le	le	_	_	_	_	_	linguistic	_	ContainsVariation=No	_	_	_	_	_	_
399-3	PKP048	399	3	batterie	batterie	_	_	_	_	_	linguistic	_	ContainsVariation=No	_	_	_	_	_	_
399-4	PKP048	399	4	erano	erano	_	_	_	_	_	linguistic	_	ContainsVariation=No	_	_	_	_	_	_
399-5	PKP048	399	5	nelle	nelle	_	_	_	_	_	linguistic	_	ContainsVariation=No	_	_	_	_	_	_
399-6	PKP048	399	6	sca::le,	scale	_	_	_	_	_	linguistic	_	ContainsVariation=No	Intonation=WeaklyRising	_	2x2	_	_	_
399-7	PKP048	399	7	(niel	niel	_	_	_	_	_	linguistic	_	ContainsVariation=No	_	_	_	_	0-4(0)	_
399-8	PKP048	399	8	del)	del	_	_	_	_	_	linguistic	_	ContainsVariation=No	_	_	_	_	0-3(0)	_
399-9	PKP048	399	9	la	la	_	_	_	_	_	linguistic	_	ContainsVariation=No	_	_	_	_	_	_
399-10	PKP048	399	10	po::rta,	porta	_	_	_	_	_	linguistic	_	ContainsVariation=No	Intonation=WeaklyRising	_	1x2	_	_	_
399-11	PKP048	399	11	ma	ma	_	_	_	_	_	linguistic	_	ContainsVariation=No	_	_	_	_	_	_
399-12	PKP048	399	12	anche	anche	_	_	_	_	_	linguistic	_	ContainsVariation=No	_	_	_	_	_	_
399-13	PKP048	399	13	tro::ppo	troppo	_	_	_	_	_	linguistic	_	ContainsVariation=No	_	_	2x2	_	_	_
399-14	PKP048	399	14	esagera:ta::	esagerata	_	_	_	_	_	linguistic	_	ContainsVariation=No	_	End=841.569	6x1,8x2	_	_	_
400-0	PKP040	400	0	(lo)	lo	_	_	_	_	_	linguistic	_	ContainsVariation=No	_	Begin=842.014	_	_	0-2(0)	_
400-1	PKP040	400	1	è	è	_	_	_	_	_	linguistic	_	ContainsVariation=No	_	_	_	_	_	_
400-2	PKP040	400	2	sempre	sempre	_	_	_	_	_	linguistic	_	ContainsVariation=No	_	_	_	_	_	_
400-3	PKP040	400	3	stata	stata	_	_	_	_	_	linguistic	_	ContainsVariation=No	_	End=842.943	_	_	_	_
401-0	PKP048	401	0	se:mpre	sempre	_	_	_	_	_	linguistic	_	ContainsVariation=No	_	Begin=843.053	1x1	_	_	_
401-1	PKP048	401	1	sì	sì	_	_	_	_	_	linguistic	_	ContainsVariation=No	_	_	_	_	_	_
401-2	PKP048	401	2	sempre	sempre	_	_	_	_	_	linguistic	_	ContainsVariation=No	_	_	_	_	_	_
401-3	PKP048	401	3	stata	stata	_	_	_	_	_	linguistic	_	ContainsVariation=No	_	End=844.275	_	_	_	_
402-0	PKP048	402	0	e	e	_	_	_	_	_	linguistic	_	ContainsVariation=No	_	Begin=844.539	_	_	_	_
402-1	PKP048	402	1	mia	mia	_	_	_	_	_	linguistic	_	ContainsVariation=No	_	_	_	_	_	_
402-2	PKP048	402	2	ma:dre	madre	_	_	_	_	_	linguistic	_	ContainsVariation=No	_	_	1x1	_	_	_
402-3	PKP048	402	3	era	era	_	_	_	_	_	linguistic	_	ContainsVariation=No	_	_	_	_	_	_
402-4	PKP048	402	4	così	così	_	_	_	_	_	linguistic	_	ContainsVariation=No	_	End=845.81	_	_	_	_
403-0	PKP048	403	0	oh	oh	_	_	_	_	_	linguistic	_	ContainsVariation=No	_	Begin=846.279	_	_	_	_
403-1	PKP048	403	1	mia	mia	_	_	_	_	_	linguistic	_	ContainsVariation=No	_	_	_	_	_	_
403-2	PKP048	403	2	madre	madre	_	_	_	_	_	linguistic	_	ContainsVariation=No	_	_	_	_	_	_
403-3	PKP048	403	3	a	a	_	_	_	_	_	linguistic	_	ContainsVariation=No	_	_	_	_	_	_
403-4	PKP048	403	4	quei	quei	_	_	_	_	_	linguistic	_	ContainsVariation=No	_	_	_	_	_	_
403-5	PKP048	403	5	te:mpi	tempi	_	_	_	_	_	linguistic	_	ContainsVariation=No	_	_	1x1	_	_	_
403-6	PKP048	403	6	laura:	laura	_	_	_	_	_	linguistic	_	ContainsVariation=No	_	End=848.291	4x1	_	_	_
404-0	PKP048	404	0	mi	mi	_	_	_	_	_	linguistic	_	ContainsVariation=No	_	Begin=848.83	_	_	_	_
404-1	PKP048	404	1	metteva	metteva	_	_	_	_	_	linguistic	_	ContainsVariation=No	_	_	_	_	_	_
404-2	PKP048	404	2	la	la	_	_	_	_	_	linguistic	_	ContainsVariation=No	_	_	_	_	_	_
404-3	PKP048	404	3	la	la	_	_	_	_	_	linguistic	_	ContainsVariation=No	_	_	_	_	_	_
404-4	PKP048	404	4	la	la	_	_	_	_	_	linguistic	_	ContainsVariation=No	_	_	_	_	_	_
404-5	PKP048	404	5	l:	l	_	_	_	_	_	linguistic	_	ContainsVariation=No	_	_	0x1	_	_	_
404-6	PKP048	404	6	la	la	_	_	_	_	_	linguistic	_	ContainsVariation=No	_	_	_	_	_	_
404-7	PKP048	404	7	xx	xx	_	_	_	_	_	unknown	_	ContainsVariation=No	Syllables=2	_	_	_	_	_
404-8	PKP048	404	8	come	come	_	_	_	_	_	linguistic	_	ContainsVariation=No	_	_	_	_	_	_
404-9	PKP048	404	9	si	si	_	_	_	_	_	linguistic	_	ContainsVariation=No	_	_	_	_	_	_
404-10	PKP048	404	10	chiama	chiama	_	_	_	_	_	linguistic	_	ContainsVariation=No	_	_	_	_	_	_
404-11	PKP048	404	11	la	la	_	_	_	_	_	linguistic	_	ContainsVariation=No	_	_	_	_	_	_
404-12	PKP048	404	12	mamma	mamma	_	_	_	_	_	linguistic	_	ContainsVariation=No	_	_	_	_	_	_
404-13	PKP048	404	13	tua	tua	_	_	_	_	_	linguistic	_	ContainsVariation=No	_	_	_	_	_	_
404-14	PKP048	404	14	la	la	_	_	_	_	_	linguistic	_	ContainsVariation=No	_	_	_	_	_	_
404-15	PKP048	404	15	conosce	conosce	_	_	_	_	_	linguistic	_	ContainsVariation=No	_	_	_	_	_	_
404-16	PKP048	404	16	la	la	_	_	_	_	_	linguistic	_	ContainsVariation=No	_	_	_	_	_	_
404-17	PKP048	404	17	casa	casa	_	_	_	_	_	linguistic	_	ContainsVariation=No	_	_	_	_	_	_
404-18	PKP048	404	18	mia	mia	_	_	_	_	_	linguistic	_	ContainsVariation=No	_	_	_	_	_	_
404-19	PKP048	404	19	dove	dove	_	_	_	_	_	linguistic	_	ContainsVariation=No	_	_	_	_	_	_
404-20	PKP048	404	20	vivevo	vivevo	_	_	_	_	_	linguistic	_	ContainsVariation=No	_	End=854.349	_	_	_	_
405-0	PKP048	405	0	la	la	_	_	_	_	_	linguistic	_	ContainsVariation=No	_	Begin=855.294	_	_	_	_
405-1	PKP048	405	1	tavola	tavola	_	_	_	_	_	linguistic	_	ContainsVariation=No	_	_	_	_	_	_
405-2	PKP048	405	2	che	che	_	_	_	_	_	linguistic	_	ContainsVariation=No	_	_	_	_	_	_
405-3	PKP048	405	3	si	si	_	_	_	_	_	linguistic	_	ContainsVariation=No	_	_	_	_	_	_
405-4	PKP048	405	4	faceva	faceva	_	_	_	_	_	linguistic	_	ContainsVariation=No	_	_	_	_	_	_
405-5	PKP048	405	5	x:	x	_	_	_	_	_	linguistic	_	ContainsVariation=No	_	_	0x1	_	_	_
405-6	PKP048	405	6	il	il	_	_	_	_	_	linguistic	_	ContainsVariation=No	_	_	_	_	_	_
405-7	PKP048	405	7	bucato	bucato	_	_	_	_	_	linguistic	_	ContainsVariation=No	_	End=857.33	_	_	_	_
406-0	PKP048	406	0	quella	quella	_	_	_	_	_	linguistic	_	ContainsVariation=No	_	Begin=857.33	_	_	_	_
406-1	PKP048	406	1	di	di	_	_	_	_	_	linguistic	_	ContainsVariation=No	_	_	_	_	_	_
406-2	PKP048	406	2	xx	xx	_	_	_	_	_	unknown	_	ContainsVariation=No	Syllables=2	End=858.19	_	_	_	_
407-0	PKP048	407	0	e	e	_	_	_	_	_	linguistic	_	ContainsVariation=No	_	Begin=858.575	_	_	_	_
407-1	PKP048	407	1	poi	poi	_	_	_	_	_	linguistic	_	ContainsVariation=No	_	_	_	_	_	_
407-2	PKP048	407	2	ci	ci	_	_	_	_	_	linguistic	_	ContainsVariation=No	_	_	_	_	_	_
407-3	PKP048	407	3	mandava	mandava	_	_	_	_	_	linguistic	_	ContainsVariation=No	_	_	_	_	_	_
407-4	PKP048	407	4	a	a	_	_	_	_	_	linguistic	_	ContainsVariation=No	_	_	_	_	_	_
407-5	PKP048	407	5	noi	noi	_	_	_	_	_	linguistic	_	ContainsVariation=No	_	_	_	_	_	_
407-6	PKP048	407	6	a	a	_	_	_	_	_	linguistic	_	ContainsVariation=No	_	_	_	_	_	_
407-7	PKP048	407	7	raccogliere	raccogliere	_	_	_	_	_	linguistic	_	ContainsVariation=No	_	_	_	_	_	_
407-8	PKP048	407	8	il	il	_	_	_	_	_	linguistic	_	ContainsVariation=No	_	_	_	_	_	_
407-9	PKP048	407	9	muschio	muschio	_	_	_	_	_	linguistic	_	ContainsVariation=No	_	_	_	_	_	_
407-10	PKP048	407	10	perché	perché	_	_	_	_	_	linguistic	_	ContainsVariation=No	_	_	_	_	_	_
407-11	PKP048	407	11	lì	lì	_	_	_	_	_	linguistic	_	ContainsVariation=No	_	_	_	_	_	_
407-12	PKP048	407	12	c'	c'	_	_	_	_	_	linguistic	_	ContainsVariation=No	SpaceAfter=No	_	_	_	_	_
407-13	PKP048	407	13	era	era	_	_	_	_	_	linguistic	_	ContainsVariation=No	_	_	_	_	_	_
407-14	PKP048	407	14	già	già	_	_	_	_	_	linguistic	_	ContainsVariation=No	_	_	_	_	_	_
407-15	PKP048	407	15	il	il	_	_	_	_	_	linguistic	_	ContainsVariation=No	_	_	_	_	_	_
407-16	PKP048	407	16	mus[chio]	muschio	_	_	_	_	_	linguistic	_	ContainsVariation=No	_	_	_	_	_	2-7(113)
407-17	PKP048	407	17	x	x	_	_	_	_	_	unknown	_	ContainsVariation=No	Syllables=1	_	_	_	_	_
407-18	PKP048	407	18	(in	in	_	_	_	_	_	linguistic	_	ContainsVariation=No	_	_	_	_	0-2(0)	_
407-19	PKP048	407	19	campa:gna),	campagna	_	_	_	_	_	linguistic	_	ContainsVariation=No	Intonation=WeaklyRising	_	4x1	_	0-8(0)	_
407-20	PKP048	407	20	dentro	dentro	_	_	_	_	_	linguistic	_	ContainsVariation=No	_	_	_	_	_	_
407-21	PKP048	407	21	i	i	_	_	_	_	_	linguistic	_	ContainsVariation=No	_	_	_	_	_	_
407-22	PKP048	407	22	fo:ssi,	fossi	_	_	_	_	_	linguistic	_	ContainsVariation=No	Intonation=WeaklyRising	_	1x1	_	_	_
407-23	PKP048	407	23	così	così	_	_	_	_	_	linguistic	_	ContainsVariation=No	_	End=864.3	_	_	_	_
408-0	PKP040	408	0	[e:h]	eh	_	_	_	_	_	linguistic	_	ContainsVariation=No	_	Begin=861.902|End=862.24	0x1	_	_	0-2(113)
409-0	PKP048	409	0	poi	poi	_	_	_	_	_	linguistic	_	ContainsVariation=No	_	Begin=864.772	_	_	_	_
409-1	PKP048	409	1	con	con	_	_	_	_	_	linguistic	_	ContainsVariation=No	_	_	_	_	_	_
409-2	PKP048	409	2	le	le	_	_	_	_	_	linguistic	_	ContainsVariation=No	_	_	_	_	_	_
409-3	PKP048	409	3	pie::tre,	pietre	_	_	_	_	_	linguistic	_	ContainsVariation=No	Intonation=WeaklyRising	_	2x2	_	_	_
409-4	PKP048	409	4	il	il	_	_	_	_	_	linguistic	_	ContainsVariation=No	_	_	_	_	_	_
409-5	PKP048	409	5	tutto	tutto	_	_	_	_	_	linguistic	_	ContainsVariation=No	_	_	_	_	_	_
409-6	PKP048	409	6	ma	ma	_	_	_	_	_	linguistic	_	ContainsVariation=No	_	_	_	_	_	_
409-7	PKP048	409	7	era	era	_	_	_	_	_	linguistic	_	ContainsVariation=No	_	_	_	_	_	_
409-8	PKP048	409	8	bra:va	brava	_	_	_	_	_	linguistic	_	ContainsVariation=No	_	_	2x1	_	_	_
409-9	PKP048	409	9	bra:va	brava	_	_	_	_	_	linguistic	_	ContainsVariation=No	_	_	2x1	_	_	_
409-10	PKP048	409	10	brava	brava	_	_	_	_	_	linguistic	_	ContainsVariation=No	_	End=868.124	_	_	_	_
410-0	PKP048	410	0	a	a	_	_	_	_	_	linguistic	_	ContainsVariation=No	_	Begin=868.313	_	_	_	_
410-1	PKP048	410	1	quei	quei	_	_	_	_	_	linguistic	_	ContainsVariation=No	_	_	_	_	_	_
410-2	PKP048	410	2	tempi	tempi	_	_	_	_	_	linguistic	_	ContainsVariation=No	_	End=869.19	_	_	_	_
411-0	PKP040	411	0	(conta	conta	_	_	_	_	_	linguistic	_	ContainsVariation=No	_	Begin=880.023	_	_	_	_
411-1	PKP040	411	1	che	che	_	_	_	_	_	linguistic	_	ContainsVariation=No	_	_	_	_	_	_
411-2	PKP040	411	2	è	è	_	_	_	_	_	linguistic	_	ContainsVariation=No	_	_	_	_	_	_
411-3	PKP040	411	3	xx	xx	_	_	_	_	_	unknown	_	ContainsVariation=No	Syllables=2	End=881.078	_	_	_	_
412-0	PKP048	412	0	xx	xx	_	_	_	_	_	unknown	_	ContainsVariation=No	Syllables=2	Begin=882.275	_	_	_	_
412-1	PKP048	412	1	(giuliana)	giuliana	_	_	_	_	_	linguistic	_	ContainsVariation=No	_	_	_	_	0-8(0)	_
412-2	PKP048	412	2	che	che	_	_	_	_	_	linguistic	_	ContainsVariation=No	_	_	_	_	_	_
412-3	PKP048	412	3	s'	s'	_	_	_	_	_	linguistic	_	ContainsVariation=No	SpaceAfter=No	_	_	_	_	_
412-4	PKP048	412	4	è	è	_	_	_	_	_	linguistic	_	ContainsVariation=No	_	_	_	_	_	_
412-5	PKP048	412	5	persa	persa	_	_	_	_	_	linguistic	_	ContainsVariation=No	_	_	_	_	_	_
412-6	PKP048	412	6	per	per	_	_	_	_	_	linguistic	_	ContainsVariation=No	_	_	_	_	_	_
412-7	PKP048	412	7	strada	strada	_	_	_	_	_	linguistic	_	ContainsVariation=No	_	_	_	_	_	_
412-8	PKP048	412	8	lì	lì	_	_	_	_	_	linguistic	_	ContainsVariation=No	_	_	_	_	_	_
412-9	PKP048	412	9	non	non	_	_	_	_	_	linguistic	_	ContainsVariation=No	_	_	_	_	_	_
412-10	PKP048	412	10	so	so	_	_	_	_	_	linguistic	_	ContainsVariation=No	_	_	_	_	_	_
412-11	PKP048	412	11	perché	perché	_	_	_	_	_	linguistic	_	ContainsVariation=No	_	_	_	_	_	_
412-12	PKP048	412	12	(qua)	qua	_	_	_	_	_	linguistic	_	ContainsVariation=No	_	End=885.61	_	_	0-3(1)	_
413-0	PKP040	413	0	beh	beh	_	_	_	_	_	linguistic	_	ContainsVariation=No	_	Begin=886.327	_	_	_	_
413-1	PKP040	413	1	zia	zia	_	_	_	_	_	linguistic	_	ContainsVariation=No	_	_	_	_	_	_
413-2	PKP040	413	2	michela	michela	_	_	_	_	_	linguistic	_	ContainsVariation=No	_	_	_	_	_	_
413-3	PKP040	413	3	era	era	_	_	_	_	_	linguistic	_	ContainsVariation=No	_	_	_	_	_	_
413-4	PKP040	413	4	brava	brava	_	_	_	_	_	linguistic	_	ContainsVariation=No	_	End=887.501	_	_	_	_
414-0	PKP040	414	0	>quand'	quand'	_	_	_	_	_	linguistic	_	ContainsVariation=No	SpaceAfter=No	Begin=888.04	_	Fast=0-6(0)	_	_
414-1	PKP040	414	1	era	era	_	_	_	_	_	linguistic	_	ContainsVariation=No	_	_	_	Fast=0-3(0)	_	_
414-2	PKP040	414	2	ragazza<	ragazza	_	_	_	_	_	linguistic	_	ContainsVariation=No	_	_	_	Fast=0-7(0)	_	_
414-3	PKP040	414	3	dipingeva	dipingeva	_	_	_	_	_	linguistic	_	ContainsVariation=No	_	_	_	_	_	_
414-4	PKP040	414	4	le	le	_	_	_	_	_	linguistic	_	ContainsVariation=No	_	_	_	_	_	_
414-5	PKP040	414	5	botti:glie	bottiglie	_	_	_	_	_	linguistic	_	ContainsVariation=No	_	End=890.1	4x1	_	_	_
415-0	PKP048	415	0	m::h	mh	_	_	_	_	_	linguistic	_	ContainsVariation=No	_	Begin=890.113|End=890.582	0x2	_	_	_
416-0	PKP040	416	0	DIPINGEVA	dipingeva	_	_	_	_	_	linguistic	_	ContainsVariation=No	Volume=high	Begin=891.952	_	_	_	_
416-1	PKP040	416	1	LE	le	_	_	_	_	_	linguistic	_	ContainsVariation=No	Volume=high	_	_	_	_	_
416-2	PKP040	416	2	BOTTIGLIE	bottiglie	_	_	_	_	_	linguistic	_	ContainsVariation=No	Volume=high	_	_	_	_	_
416-3	PKP040	416	3	LAURA:	laura	_	_	_	_	_	linguistic	_	ContainsVariation=No	Volume=high	End=893.631	4x1	_	_	_
417-0	PKP048	417	0	xxxx	xxxx	_	_	_	_	_	unknown	_	ContainsVariation=No	Syllables=4	Begin=893.856|End=894.981	_	_	_	_
418-0	PKP048	418	0	na:sci	nasci	_	_	_	_	_	linguistic	_	ContainsVariation=No	_	Begin=898.747	1x1	_	_	_
418-1	PKP048	418	1	con	con	_	_	_	_	_	linguistic	_	ContainsVariation=No	_	_	_	_	_	_
418-2	PKP048	418	2	l'	l'	_	_	_	_	_	linguistic	_	ContainsVariation=No	SpaceAfter=No	_	_	_	_	_
418-3	PKP048	418	3	istinto	istinto	_	_	_	_	_	linguistic	_	ContainsVariation=No	_	End=900.362	_	_	_	_
419-0	PKP040	419	0	no::	no	_	_	_	_	_	linguistic	_	ContainsVariation=No	_	Begin=900.539	1x2	_	_	_
419-1	PKP040	419	1	è	è	_	_	_	_	_	linguistic	_	ContainsVariation=No	_	_	_	_	_	_
419-2	PKP040	419	2	che	che	_	_	_	_	_	linguistic	_	ContainsVariation=No	_	_	_	_	_	_
419-3	PKP040	419	3	xx	xx	_	_	_	_	_	unknown	_	ContainsVariation=No	Syllables=2	End=901.865	_	_	_	_
420-0	PKP048	420	0	xxxxxxxxxxx	xxxxxxxxxxx	_	_	_	_	_	unknown	_	ContainsVariation=No	Syllables=11	Begin=902.487|End=904.15	_	_	_	_
421-0	PKP048	421	0	che	che	_	_	_	_	_	linguistic	_	ContainsVariation=No	_	Begin=917.378	_	_	_	_
421-1	PKP048	421	1	se	se	_	_	_	_	_	linguistic	_	ContainsVariation=No	_	_	_	_	_	_
421-2	PKP048	421	2	vedi	vedi	_	_	_	_	_	linguistic	_	ContainsVariation=No	_	_	_	_	_	_
421-3	PKP048	421	3	quella	quella	_	_	_	_	_	linguistic	_	ContainsVariation=No	_	_	_	_	_	_
421-4	PKP048	421	4	scatola	scatola	_	_	_	_	_	linguistic	_	ContainsVariation=No	_	_	_	_	_	_
421-5	PKP048	421	5	che	che	_	_	_	_	_	linguistic	_	ContainsVariation=No	_	_	_	_	_	_
421-6	PKP048	421	6	deve	deve	_	_	_	_	_	linguistic	_	ContainsVariation=No	_	_	_	_	_	_
421-7	PKP048	421	7	regala:re	regalare	_	_	_	_	_	linguistic	_	ContainsVariation=No	_	End=919.766	5x1	_	_	_
422-0	PKP048	422	0	>ho	ho	_	_	_	_	_	linguistic	_	ContainsVariation=No	_	Begin=922.4	_	Fast=0-2(0)	_	_
422-1	PKP048	422	1	detto	detto	_	_	_	_	_	linguistic	_	ContainsVariation=No	_	_	_	Fast=0-5(0)	_	_
422-2	PKP048	422	2	chi	chi	_	_	_	_	_	linguistic	_	ContainsVariation=No	_	_	_	Fast=0-3(0)	_	_
422-3	PKP048	422	3	te	te	_	_	_	_	_	linguistic	_	ContainsVariation=No	_	_	_	Fast=0-2(0)	_	_
422-4	PKP048	422	4	l'	l'	_	_	_	_	_	linguistic	_	ContainsVariation=No	SpaceAfter=No	_	_	Fast=0-2(0)	_	_
422-5	PKP048	422	5	ha	ha	_	_	_	_	_	linguistic	_	ContainsVariation=No	_	_	_	Fast=0-2(0)	_	_
422-6	PKP048	422	6	da:ta<	data	_	_	_	_	_	linguistic	_	ContainsVariation=No	_	_	1x1	Fast=0-4(0)	_	_
422-7	PKP048	422	7	la	la	_	_	_	_	_	linguistic	_	ContainsVariation=No	_	_	_	_	_	_
422-8	PKP048	422	8	sca:tola	scatola	_	_	_	_	_	linguistic	_	ContainsVariation=No	_	_	2x1	_	_	_
422-9	PKP048	422	9	dice	dice	_	_	_	_	_	linguistic	_	ContainsVariation=No	_	_	_	_	_	_
422-10	PKP048	422	10	la	la	_	_	_	_	_	linguistic	_	ContainsVariation=No	_	_	_	_	_	_
422-11	PKP048	422	11	merceri:a	merceria	_	_	_	_	_	linguistic	_	ContainsVariation=No	_	_	6x1	_	_	_
422-12	PKP048	422	12	ho	ho	_	_	_	_	_	linguistic	_	ContainsVariation=No	_	_	_	_	_	_
422-13	PKP048	422	13	levato	levato	_	_	_	_	_	linguistic	_	ContainsVariation=No	_	_	_	_	_	_
422-14	PKP048	422	14	un	un	_	_	_	_	_	linguistic	_	ContainsVariation=No	_	_	_	_	_	_
422-15	PKP048	422	15	pigiama:,	pigiama	_	_	_	_	_	linguistic	_	ContainsVariation=No	Intonation=WeaklyRising	End=925.797	6x1	_	_	_
423-0	PKP041	423	0	mh	mh	_	_	_	_	_	linguistic	_	ContainsVariation=No	_	Begin=925.983|End=926.376	_	_	_	_
424-0	PKP048	424	0	per	per	_	_	_	_	_	linguistic	_	ContainsVariation=No	_	Begin=926.464	_	_	_	_
424-1	PKP048	424	1	dare	dare	_	_	_	_	_	linguistic	_	ContainsVariation=No	PauseAfter=Yes	_	_	_	_	_
424-2	PKP048	424	2	(.)	(.)	_	_	_	_	_	shortpause	_	ContainsVariation=No	_	_	_	_	_	_
424-3	PKP048	424	3	la	la	_	_	_	_	_	linguistic	_	ContainsVariation=No	_	_	_	_	_	_
424-4	PKP048	424	4	sca:tola	scatola	_	_	_	_	_	linguistic	_	ContainsVariation=No	_	_	2x1	_	_	_
424-5	PKP048	424	5	>metà	metà	_	_	_	_	_	linguistic	_	ContainsVariation=No	_	_	_	Fast=0-4(0)	_	_
424-6	PKP048	424	6	dentro	dentro	_	_	_	_	_	linguistic	_	ContainsVariation=No	_	_	_	Fast=0-6(0)	_	_
424-7	PKP048	424	7	poi<	poi	_	_	_	_	_	linguistic	_	ContainsVariation=No	_	_	_	Fast=0-3(0)	_	_
424-8	PKP048	424	8	con	con	_	_	_	_	_	linguistic	_	ContainsVariation=No	_	_	_	_	_	_
424-9	PKP048	424	9	la	la	_	_	_	_	_	linguistic	_	ContainsVariation=No	_	_	_	_	_	_
424-10	PKP048	424	10	ca:rta	carta	_	_	_	_	_	linguistic	_	ContainsVariation=No	_	_	1x1	_	_	_
424-11	PKP048	424	11	che	che	_	_	_	_	_	linguistic	_	ContainsVariation=No	_	_	_	_	_	_
424-12	PKP048	424	12	co:pre	copre	_	_	_	_	_	linguistic	_	ContainsVariation=No	_	End=929.669	1x1	_	_	_
425-0	PKP048	425	0	poi	poi	_	_	_	_	_	linguistic	_	ContainsVariation=No	_	Begin=929.691	_	_	_	_
425-1	PKP048	425	1	c'	c'	_	_	_	_	_	linguistic	_	ContainsVariation=No	SpaceAfter=No	_	_	_	_	_
425-2	PKP048	425	2	è	è	_	_	_	_	_	linguistic	_	ContainsVariation=No	_	_	_	_	_	_
425-3	PKP048	425	3	una	una	_	_	_	_	_	linguistic	_	ContainsVariation=No	_	_	_	_	_	_
425-4	PKP048	425	4	bamboli:na:	bambolina	_	_	_	_	_	linguistic	_	ContainsVariation=No	_	End=930.978	6x1,8x1	_	_	_
426-0	PKP048	426	0	xxxxx	xxxxx	_	_	_	_	_	unknown	_	ContainsVariation=No	Syllables=5	Begin=931.459	_	_	_	_
426-1	PKP048	426	1	quelle	quelle	_	_	_	_	_	linguistic	_	ContainsVariation=No	_	_	_	_	_	_
426-2	PKP048	426	2	di	di	_	_	_	_	_	linguistic	_	ContainsVariation=No	_	_	_	_	_	_
426-3	PKP048	426	3	cera:mica	ceramica	_	_	_	_	_	linguistic	_	ContainsVariation=No	_	End=933.341	3x1	_	_	_
427-0	PKP048	427	0	>ha	ha	_	_	_	_	_	linguistic	_	ContainsVariation=No	_	Begin=933.635	_	Fast=0-2(0)	_	_
427-1	PKP048	427	1	detto<	detto	_	_	_	_	_	linguistic	_	ContainsVariation=No	_	_	_	Fast=0-5(0)	_	_
427-2	PKP048	427	2	una	una	_	_	_	_	_	linguistic	_	ContainsVariation=No	_	_	_	_	_	_
427-3	PKP048	427	3	vecchia	vecchia	_	_	_	_	_	linguistic	_	ContainsVariation=No	_	_	_	_	_	_
427-4	PKP048	427	4	bomboniera	bomboniera	_	_	_	_	_	linguistic	_	ContainsVariation=No	_	_	_	_	_	_
427-5	PKP048	427	5	che	che	_	_	_	_	_	linguistic	_	ContainsVariation=No	_	_	_	_	_	_
427-6	PKP048	427	6	conserva:vo:,	conservavo	_	_	_	_	_	linguistic	_	ContainsVariation=No	Intonation=WeaklyRising	End=936.314	7x1,9x1	_	_	_
428-0	PKP048	428	0	e	e	_	_	_	_	_	linguistic	_	ContainsVariation=No	_	Begin=936.919	_	_	_	_
428-1	PKP048	428	1	l'	l'	_	_	_	_	_	linguistic	_	ContainsVariation=No	SpaceAfter=No	_	_	_	_	_
428-2	PKP048	428	2	ha	ha	_	_	_	_	_	linguistic	_	ContainsVariation=No	_	_	_	_	_	_
428-3	PKP048	428	3	messa	messa	_	_	_	_	_	linguistic	_	ContainsVariation=No	_	_	_	_	_	_
428-4	PKP048	428	4	assieme	assieme	_	_	_	_	_	linguistic	_	ContainsVariation=No	_	_	_	_	_	_
428-5	PKP048	428	5	ai	ai	_	_	_	_	_	linguistic	_	ContainsVariation=No	_	_	_	_	_	_
428-6	PKP048	428	6	sei	sei	_	_	_	_	_	linguistic	_	ContainsVariation=No	_	_	_	_	_	_
428-7	PKP048	428	7	gioielli	gioielli	_	_	_	_	_	linguistic	_	ContainsVariation=No	_	_	_	_	_	_
428-8	PKP048	428	8	che	che	_	_	_	_	_	linguistic	_	ContainsVariation=No	_	_	_	_	_	_
428-9	PKP048	428	9	ha	ha	_	_	_	_	_	linguistic	_	ContainsVariation=No	_	_	_	_	_	_
428-10	PKP048	428	10	fatto	fatto	_	_	_	_	_	linguistic	_	ContainsVariation=No	_	_	_	_	_	_
428-11	PKP048	428	11	guarda	guarda	_	_	_	_	_	linguistic	_	ContainsVariation=No	_	_	_	_	_	_
428-12	PKP048	428	12	laura:	laura	_	_	_	_	_	linguistic	_	ContainsVariation=No	_	End=940.302	4x1	_	_	_
429-0	PKP048	429	0	io	io	_	_	_	_	_	linguistic	_	ContainsVariation=No	_	Begin=941.565	_	_	_	_
429-1	PKP048	429	1	riconosco	riconosco	_	_	_	_	_	linguistic	_	ContainsVariation=No	_	_	_	_	_	_
429-2	PKP048	429	2	quando	quando	_	_	_	_	_	linguistic	_	ContainsVariation=No	_	_	_	_	_	_
429-3	PKP048	429	3	uno	uno	_	_	_	_	_	linguistic	_	ContainsVariation=No	_	_	_	_	_	_
429-4	PKP048	429	4	è	è	_	_	_	_	_	linguistic	_	ContainsVariation=No	_	_	_	_	_	_
429-5	PKP048	429	5	bravo	bravo	_	_	_	_	_	linguistic	_	ContainsVariation=No	_	End=943.299	_	_	_	_
430-0	PKP041	430	0	ieri	ieri	_	_	_	_	_	linguistic	_	ContainsVariation=No	_	Begin=947.76	_	_	_	_
430-1	PKP041	430	1	mi	mi	_	_	_	_	_	linguistic	_	ContainsVariation=No	_	_	_	_	_	_
430-2	PKP041	430	2	è	è	_	_	_	_	_	linguistic	_	ContainsVariation=No	_	_	_	_	_	_
430-3	PKP041	430	3	uscito	uscito	_	_	_	_	_	linguistic	_	ContainsVariation=No	_	_	_	_	_	_
430-4	PKP041	430	4	il	il	_	_	_	_	_	linguistic	_	ContainsVariation=No	_	_	_	_	_	_
430-5	PKP041	430	5	ricordo	ricordo	_	_	_	_	_	linguistic	_	ContainsVariation=No	_	_	_	_	_	_
430-6	PKP041	430	6	che:	che	_	_	_	_	_	linguistic	_	ContainsVariation=No	_	_	2x1	_	_	_
430-7	PKP041	430	7	m::h	mh	_	_	_	_	_	linguistic	_	ContainsVariation=No	_	End=949.89	0x2	_	_	_
431-0	PKP041	431	0	e::	e	_	_	_	_	_	linguistic	_	ContainsVariation=No	_	Begin=951.41	0x2	_	_	_
431-1	PKP041	431	1	duemilequattordici	duemilequattordici	_	_	_	_	_	linguistic	_	ContainsVariation=No	_	_	_	_	_	_
431-2	PKP041	431	2	quindi	quindi	_	_	_	_	_	linguistic	_	ContainsVariation=No	_	_	_	_	_	_
431-3	PKP041	431	3	quanti	quanti	_	_	_	_	_	linguistic	_	ContainsVariation=No	_	_	_	_	_	_
431-4	PKP041	431	4	anni	anni	_	_	_	_	_	linguistic	_	ContainsVariation=No	_	_	_	_	_	_
431-5	PKP041	431	5	fa?	fa	_	_	_	_	_	linguistic	_	ContainsVariation=No	Intonation=Rising	End=953.756	_	_	_	_
432-0	PKP040	432	0	sei	sei	_	_	_	_	_	linguistic	_	ContainsVariation=No	_	Begin=954.638|End=955.067	_	_	_	_
433-0	PKP040	433	0	xxxx	xxxx	_	_	_	_	_	unknown	_	ContainsVariation=No	Syllables=4	Begin=955.797|End=956.502	_	_	_	_
434-0	PKP041	434	0	mh	mh	_	_	_	_	_	linguistic	_	ContainsVariation=No	_	Begin=956.76|End=957.047	_	_	_	_
435-0	PKP041	435	0	(fa	fa	_	_	_	_	_	linguistic	_	ContainsVariation=No	_	Begin=957.395	_	_	0-2(0)	_
435-1	PKP041	435	1	venire	venire	_	_	_	_	_	linguistic	_	ContainsVariation=No	_	_	_	_	0-6(0)	_
435-2	PKP041	435	2	l'	l'	_	_	_	_	_	linguistic	_	ContainsVariation=No	SpaceAfter=No	_	_	_	0-2(0)	_
435-3	PKP041	435	3	invidia)	invidia	_	_	_	_	_	linguistic	_	ContainsVariation=No	_	End=958.325	_	_	0-7(0)	_
436-0	PKP040	436	0	che	che	_	_	_	_	_	linguistic	_	ContainsVariation=No	_	Begin=959.835	_	_	_	_
436-1	PKP040	436	1	il	il	_	_	_	_	_	linguistic	_	ContainsVariation=No	_	_	_	_	_	_
436-2	PKP040	436	2	giorno	giorno	_	_	_	_	_	linguistic	_	ContainsVariation=No	_	_	_	_	_	_
436-3	PKP040	436	3	dopo	dopo	_	_	_	_	_	linguistic	_	ContainsVariation=No	_	_	_	_	_	_
436-4	PKP040	436	4	c'	c'	_	_	_	_	_	linguistic	_	ContainsVariation=No	SpaceAfter=No	_	_	_	_	_
436-5	PKP040	436	5	avevate	avevate	_	_	_	_	_	linguistic	_	ContainsVariation=No	_	_	_	_	_	_
436-6	PKP040	436	6	una	una	_	_	_	_	_	linguistic	_	ContainsVariation=No	_	_	_	_	_	_
436-7	PKP040	436	7	xxx	xxx	_	_	_	_	_	unknown	_	ContainsVariation=No	Syllables=3	End=961.894	_	_	_	_
437-0	PKP040	437	0	e	e	_	_	_	_	_	linguistic	_	ContainsVariation=No	_	Begin=962.85	_	_	_	_
437-1	PKP040	437	1	a	a	_	_	_	_	_	linguistic	_	ContainsVariation=No	_	_	_	_	_	_
437-2	PKP040	437	2	te	te	_	_	_	_	_	linguistic	_	ContainsVariation=No	_	_	_	_	_	_
437-3	PKP040	437	3	non	non	_	_	_	_	_	linguistic	_	ContainsVariation=No	_	_	_	_	_	_
437-4	PKP040	437	4	andò	andò	_	_	_	_	_	linguistic	_	ContainsVariation=No	_	_	_	_	_	_
437-5	PKP040	437	5	bene	bene	_	_	_	_	_	linguistic	_	ContainsVariation=No	_	End=963.887	_	_	_	_
438-0	PKP041	438	0	matema:tica	matematica	_	_	_	_	_	linguistic	_	ContainsVariation=No	_	Begin=964.023|End=964.959	5x1	_	_	_
439-0	PKP041	439	0	IL	il	_	_	_	_	_	linguistic	_	ContainsVariation=No	Volume=high	Begin=965.856	_	_	_	_
439-1	PKP041	439	1	GIORNO	giorno	_	_	_	_	_	linguistic	_	ContainsVariation=No	Volume=high	_	_	_	_	_
439-2	PKP041	439	2	DOPO	dopo	_	_	_	_	_	linguistic	_	ContainsVariation=No	Volume=high	_	_	_	_	_
439-3	PKP041	439	3	O	o	_	_	_	_	_	linguistic	_	ContainsVariation=No	Volume=high	_	_	_	_	_
439-4	PKP041	439	4	IL	il	_	_	_	_	_	linguistic	_	ContainsVariation=No	Volume=high	_	_	_	_	_
439-5	PKP041	439	5	GIORNO	giorno	_	_	_	_	_	linguistic	_	ContainsVariation=No	Volume=high	_	_	_	_	_
439-6	PKP041	439	6	STE:SSO?	stesso	_	_	_	_	_	linguistic	_	ContainsVariation=No	Intonation=Rising|Volume=high	End=967.283	2x1	_	_	_
440-0	PKP040	440	0	il	il	_	_	_	_	_	linguistic	_	ContainsVariation=No	_	Begin=967.484	_	_	_	_
440-1	PKP040	440	1	giorno	giorno	_	_	_	_	_	linguistic	_	ContainsVariation=No	_	_	_	_	_	_
440-2	PKP040	440	2	dopo	dopo	_	_	_	_	_	linguistic	_	ContainsVariation=No	_	End=968.157	_	_	_	_
441-0	PKP041	441	0	beh	beh	_	_	_	_	_	linguistic	_	ContainsVariation=No	_	Begin=969.705	_	_	_	_
441-1	PKP041	441	1	la	la	_	_	_	_	_	linguistic	_	ContainsVariation=No	_	_	_	_	_	_
441-2	PKP041	441	2	matematica	matematica	_	_	_	_	_	linguistic	_	ContainsVariation=No	_	_	_	_	_	_
441-3	PKP041	441	3	del	del	_	_	_	_	_	linguistic	_	ContainsVariation=No	_	_	_	_	_	_
441-4	PKP041	441	4	biennio::	biennio	_	_	_	_	_	linguistic	_	ContainsVariation=No	_	End=971.34	6x2	_	_	_
442-0	PKP040	442	0	oh	oh	_	_	_	_	_	linguistic	_	ContainsVariation=No	_	Begin=971.346|End=971.606	_	_	_	_
443-0	PKP041	443	0	bella	bella	_	_	_	_	_	linguistic	_	ContainsVariation=No	_	Begin=972.858	_	_	_	_
443-1	PKP041	443	1	tosta	tosta	_	_	_	_	_	linguistic	_	ContainsVariation=No	_	End=973.649	_	_	_	_
444-0	PKP040	444	0	no	no	_	_	_	_	_	linguistic	_	ContainsVariation=No	_	Begin=973.7	_	_	_	_
444-1	PKP040	444	1	>(mo	mo	_	_	_	_	_	linguistic	_	ContainsVariation=No	_	_	_	Fast=0-2(0)	0-2(0)	_
444-2	PKP040	444	2	io	io	_	_	_	_	_	linguistic	_	ContainsVariation=No	_	_	_	Fast=0-2(0)	0-2(0)	_
444-3	PKP040	444	3	lo	lo	_	_	_	_	_	linguistic	_	ContainsVariation=No	_	_	_	Fast=0-2(0)	0-2(0)	_
444-4	PKP040	444	4	ricordo	ricordo	_	_	_	_	_	linguistic	_	ContainsVariation=No	_	_	_	Fast=0-7(0)	0-7(0)	_
444-5	PKP040	444	5	che	che	_	_	_	_	_	linguistic	_	ContainsVariation=No	_	_	_	Fast=0-3(0)	0-3(0)	_
444-6	PKP040	444	6	aveva)	aveva	_	_	_	_	_	linguistic	_	ContainsVariation=No	_	_	_	Fast=0-5(0)	0-5(0)	_
444-7	PKP040	444	7	tiz[iano<]	tiziano	_	_	_	_	_	linguistic	_	ContainsVariation=No	_	End=975.243	_	Fast=0-7(0)	_	3-7(114)
445-0	PKP041	445	0	[eh	eh	_	_	_	_	_	linguistic	_	ContainsVariation=No	_	Begin=974.956	_	_	_	0-2(114)
445-1	PKP041	445	1	b]eh	beh	_	_	_	_	_	linguistic	_	ContainsVariation=No	_	_	_	_	_	0-1(114)
445-2	PKP041	445	2	non	non	_	_	_	_	_	linguistic	_	ContainsVariation=No	_	_	_	_	_	_
445-3	PKP041	445	3	è	è	_	_	_	_	_	linguistic	_	ContainsVariation=No	_	_	_	_	_	_
445-4	PKP041	445	4	che	che	_	_	_	_	_	linguistic	_	ContainsVariation=No	_	_	_	_	_	_
445-5	PKP041	445	5	la	la	_	_	_	_	_	linguistic	_	ContainsVariation=No	_	_	_	_	_	_
445-6	PKP041	445	6	matema~	matema~	_	_	_	_	_	linguistic	_	ContainsVariation=No	Interrupted=Yes	_	_	_	_	_
445-7	PKP041	445	7	la	la	_	_	_	_	_	linguistic	_	ContainsVariation=No	_	_	_	_	_	_
445-8	PKP041	445	8	professoressa	professoressa	_	_	_	_	_	linguistic	_	ContainsVariation=No	_	_	_	_	_	_
445-9	PKP041	445	9	del	del	_	_	_	_	_	linguistic	_	ContainsVariation=No	_	_	_	_	_	_
445-10	PKP041	445	10	bienno	bienno	_	_	_	_	_	linguistic	_	ContainsVariation=No	_	_	_	_	_	_
445-11	PKP041	445	11	era	era	_	_	_	_	_	linguistic	_	ContainsVariation=No	_	_	_	_	_	_
445-12	PKP041	445	12	(anch[e	anche	_	_	_	_	_	linguistic	_	ContainsVariation=No	_	_	_	_	0-5(0)	4-5(115)
445-13	PKP041	445	13	quella)	quella	_	_	_	_	_	linguistic	_	ContainsVariation=No	_	_	_	_	0-6(0)	0-6(115)
445-14	PKP041	445	14	era]	era	_	_	_	_	_	linguistic	_	ContainsVariation=No	_	_	_	_	_	0-3(115)
445-15	PKP041	445	15	to[sta]	tosta	_	_	_	_	_	linguistic	_	ContainsVariation=No	_	End=978.82	_	_	_	2-5(116)
446-0	PKP040	446	0	[e::h]	eh	_	_	_	_	_	linguistic	_	ContainsVariation=No	_	Begin=977.559|End=978.138	0x2	_	_	0-2(115)
447-0	PKP040	447	0	[bra:v]a	brava	_	_	_	_	_	linguistic	_	ContainsVariation=No	_	Begin=978.413|End=979.041	2x1	_	_	0-4(116)
448-0	PKP041	448	0	((ride))	((ride))	_	_	_	_	_	nonverbalbehavior	_	ContainsVariation=No	_	Begin=978.873|End=980.203	_	_	_	_
449-0	PKP040	449	0	xxxx	xxxx	_	_	_	_	_	unknown	_	ContainsVariation=No	Syllables=4	Begin=980.203	_	_	_	_
449-1	PKP040	449	1	miche(le)	michele	_	_	_	_	_	linguistic	_	ContainsVariation=No	_	_	_	_	5-7(0)	_
449-2	PKP040	449	2	che	che	_	_	_	_	_	linguistic	_	ContainsVariation=No	_	_	_	_	_	_
449-3	PKP040	449	3	(non)	non	_	_	_	_	_	linguistic	_	ContainsVariation=No	_	_	_	_	0-3(1)	_
449-4	PKP040	449	4	lo	lo	_	_	_	_	_	linguistic	_	ContainsVariation=No	_	_	_	_	_	_
449-5	PKP040	449	5	conosce:,	conosce	_	_	_	_	_	linguistic	_	ContainsVariation=No	Intonation=WeaklyRising	End=982.064	6x1	_	_	_
450-0	PKP040	450	0	e	e	_	_	_	_	_	linguistic	_	ContainsVariation=No	_	Begin=982.138	_	_	_	_
450-1	PKP040	450	1	poi	poi	_	_	_	_	_	linguistic	_	ContainsVariation=No	_	_	_	_	_	_
450-2	PKP040	450	2	gli	gli	_	_	_	_	_	linguistic	_	ContainsVariation=No	_	_	_	_	_	_
450-3	PKP040	450	3	devo	devo	_	_	_	_	_	linguistic	_	ContainsVariation=No	_	_	_	_	_	_
450-4	PKP040	450	4	dire:	dire	_	_	_	_	_	linguistic	_	ContainsVariation=No	PauseAfter=Yes	_	3x1	_	_	_
450-5	PKP040	450	5	(.)	(.)	_	_	_	_	_	shortpause	_	ContainsVariation=No	_	_	_	_	_	_
450-6	PKP040	450	6	lo	lo	_	_	_	_	_	linguistic	_	ContainsVariation=No	_	_	_	_	_	_
450-7	PKP040	450	7	devi	devi	_	_	_	_	_	linguistic	_	ContainsVariation=No	_	_	_	_	_	_
450-8	PKP040	450	8	invitare:,	invitare	_	_	_	_	_	linguistic	_	ContainsVariation=No	Intonation=WeaklyRising	End=984.124	7x1	_	_	_
451-0	PKP048	451	0	poi	poi	_	_	_	_	_	linguistic	_	ContainsVariation=No	_	Begin=986.316	_	_	_	_
451-1	PKP048	451	1	fra	fra	_	_	_	_	_	linguistic	_	ContainsVariation=No	_	_	_	_	_	_
451-2	PKP048	451	2	poco	poco	_	_	_	_	_	linguistic	_	ContainsVariation=No	_	_	_	_	_	_
451-3	PKP048	451	3	è	è	_	_	_	_	_	linguistic	_	ContainsVariation=No	_	_	_	_	_	_
451-4	PKP048	451	4	[xxx]	xxx	_	_	_	_	_	unknown	_	ContainsVariation=No	Syllables=3	End=987.702	_	_	_	0-3(118)
452-0	PKP040	452	0	[(a	a	_	_	_	_	_	linguistic	_	ContainsVariation=No	_	Begin=986.924	_	_	0-1(0)	0-1(118)
452-1	PKP040	452	1	lubbiana)]	lubbiana	_	_	_	_	_	linguistic	_	ContainsVariation=No	_	End=987.714	_	_	0-8(0)	0-8(118)
453-0	PKP040	453	0	e	e	_	_	_	_	_	linguistic	_	ContainsVariation=No	_	Begin=988.304	_	_	_	_
453-1	PKP040	453	1	finia:mo	finiamo	_	_	_	_	_	linguistic	_	ContainsVariation=No	_	End=989.124	4x1	_	_	_
454-0	PKP048	454	0	ovviame:nte	ovviamente	_	_	_	_	_	linguistic	_	ContainsVariation=No	_	Begin=989.349|End=990.18	6x1	_	_	_
455-0	PKP041	455	0	e:::h	eh	_	_	_	_	_	linguistic	_	ContainsVariation=No	_	Begin=990.319	0x3	_	_	_
455-1	PKP041	455	1	[m:h]	mh	_	_	_	_	_	linguistic	_	ContainsVariation=No	_	End=991.45	0x1	_	_	0-2(119)
456-0	PKP040	456	0	[l'	l'	_	_	_	_	_	linguistic	_	ContainsVariation=No	SpaceAfter=No	Begin=990.989	_	_	_	0-2(119)
456-1	PKP040	456	1	ho	ho	_	_	_	_	_	linguistic	_	ContainsVariation=No	_	_	_	_	_	0-2(119)
456-2	PKP040	456	2	detto]	detto	_	_	_	_	_	linguistic	_	ContainsVariation=No	_	_	_	_	_	0-5(119)
456-3	PKP040	456	3	pure	pure	_	_	_	_	_	linguistic	_	ContainsVariation=No	_	_	_	_	_	_
456-4	PKP040	456	4	a	a	_	_	_	_	_	linguistic	_	ContainsVariation=No	_	_	_	_	_	_
456-5	PKP040	456	5	quella	quella	_	_	_	_	_	linguistic	_	ContainsVariation=No	_	_	_	_	_	_
456-6	PKP040	456	6	della	della	_	_	_	_	_	linguistic	_	ContainsVariation=No	_	_	_	_	_	_
456-7	PKP040	456	7	x:x	xx	_	_	_	_	_	linguistic	_	ContainsVariation=No	_	_	0x1	_	_	_
456-8	PKP040	456	8	ho	ho	_	_	_	_	_	linguistic	_	ContainsVariation=No	_	_	_	_	_	_
456-9	PKP040	456	9	detto	detto	_	_	_	_	_	linguistic	_	ContainsVariation=No	_	_	_	_	_	_
456-10	PKP040	456	10	>signora<	signora	_	_	_	_	_	linguistic	_	ContainsVariation=No	_	_	_	Fast=0-7(0)	_	_
456-11	PKP040	456	11	poi	poi	_	_	_	_	_	linguistic	_	ContainsVariation=No	_	_	_	_	_	_
456-12	PKP040	456	12	quando	quando	_	_	_	_	_	linguistic	_	ContainsVariation=No	_	_	_	_	_	_
456-13	PKP040	456	13	finisce	finisce	_	_	_	_	_	linguistic	_	ContainsVariation=No	_	_	_	_	_	_
456-14	PKP040	456	14	la	la	_	_	_	_	_	linguistic	_	ContainsVariation=No	_	_	_	_	_	_
456-15	PKP040	456	15	pandemia	pandemia	_	_	_	_	_	linguistic	_	ContainsVariation=No	_	End=994.42	_	_	_	_
457-0	PKP040	457	0	il	il	_	_	_	_	_	linguistic	_	ContainsVariation=No	_	Begin=994.96	_	_	_	_
457-1	PKP040	457	1	firmaco::pie	firmacopie	_	_	_	_	_	linguistic	_	ContainsVariation=No	_	_	6x2	_	_	_
457-2	PKP040	457	2	ho	ho	_	_	_	_	_	linguistic	_	ContainsVariation=No	_	_	_	_	_	_
457-3	PKP040	457	3	detto	detto	_	_	_	_	_	linguistic	_	ContainsVariation=No	_	End=996.359	_	_	_	_
458-0	PKP048	458	0	fra	fra	_	_	_	_	_	linguistic	_	ContainsVariation=No	_	Begin=996.574	_	_	_	_
458-1	PKP048	458	1	poco	poco	_	_	_	_	_	linguistic	_	ContainsVariation=No	_	_	_	_	_	_
458-2	PKP048	458	2	saran	saran	_	_	_	_	_	linguistic	_	ContainsVariation=No	_	_	_	_	_	_
458-3	PKP048	458	3	qua	qua	_	_	_	_	_	linguistic	_	ContainsVariation=No	_	_	_	_	_	_
458-4	PKP048	458	4	che	che	_	_	_	_	_	linguistic	_	ContainsVariation=No	_	_	_	_	_	_
458-5	PKP048	458	5	(staran)	staran	_	_	_	_	_	linguistic	_	ContainsVariation=No	_	End=998.225	_	_	0-6(0)	_
459-0	PKP041	459	0	sempre	sempre	_	_	_	_	_	linguistic	_	ContainsVariation=No	_	Begin=998.269	_	_	_	_
459-1	PKP041	459	1	a	a	_	_	_	_	_	linguistic	_	ContainsVariation=No	_	_	_	_	_	_
459-2	PKP041	459	2	le:cce	lecce	_	_	_	_	_	linguistic	_	ContainsVariation=No	_	_	1x1	_	_	_
459-3	PKP041	459	3	e	e	_	_	_	_	_	linguistic	_	ContainsVariation=No	_	_	_	_	_	_
459-4	PKP041	459	4	a	a	_	_	_	_	_	linguistic	_	ContainsVariation=No	_	_	_	_	_	_
459-5	PKP041	459	5	ba:ri	bari	_	_	_	_	_	linguistic	_	ContainsVariation=No	_	_	1x1	_	_	_
459-6	PKP041	459	6	e	e	_	_	_	_	_	linguistic	_	ContainsVariation=No	_	_	_	_	_	_
459-7	PKP041	459	7	a	a	_	_	_	_	_	linguistic	_	ContainsVariation=No	_	_	_	_	_	_
459-8	PKP041	459	8	brindisi	brindisi	_	_	_	_	_	linguistic	_	ContainsVariation=No	_	_	_	_	_	_
459-9	PKP041	459	9	xxxxxx	xxxxxx	_	_	_	_	_	unknown	_	ContainsVariation=No	Syllables=6	End=1000.864	_	_	_	_
460-0	PKP039	460	0	sa	sa	_	_	_	_	_	linguistic	_	ContainsVariation=No	_	Begin=1000.991	_	_	_	_
460-1	PKP039	460	1	della	della	_	_	_	_	_	linguistic	_	ContainsVariation=No	_	_	_	_	_	_
460-2	PKP039	460	2	xxx?	xxx	_	_	_	_	_	linguistic	_	ContainsVariation=No	Intonation=Rising	End=1002.24	_	_	_	_
461-0	PKP039	461	0	ieri	ieri	_	_	_	_	_	linguistic	_	ContainsVariation=No	_	Begin=1003.87	_	_	_	_
461-1	PKP039	461	1	massimo	massimo	_	_	_	_	_	linguistic	_	ContainsVariation=No	_	End=1004.786	_	_	_	_
462-0	PKP040	462	0	mh?	mh	_	_	_	_	_	linguistic	_	ContainsVariation=No	Intonation=Rising	Begin=1005.353|End=1005.67	_	_	_	_
463-0	PKP040	463	0	come	come	_	_	_	_	_	linguistic	_	ContainsVariation=No	_	Begin=1007.808	_	_	_	_
463-1	PKP040	463	1	se	se	_	_	_	_	_	linguistic	_	ContainsVariation=No	_	_	_	_	_	_
463-2	PKP040	463	2	lo	lo	_	_	_	_	_	linguistic	_	ContainsVariation=No	_	_	_	_	_	_
463-3	PKP040	463	3	sa	sa	_	_	_	_	_	linguistic	_	ContainsVariation=No	_	_	_	_	_	_
463-4	PKP040	463	4	massimo?	massimo	_	_	_	_	_	linguistic	_	ContainsVariation=No	Intonation=Rising	End=1008.69	_	_	_	_
464-0	PKP039	464	0	marcella	marcella	_	_	_	_	_	linguistic	_	ContainsVariation=No	_	Begin=1008.743|End=1009.497	_	_	_	_
465-0	PKP040	465	0	a::h	ah	_	_	_	_	_	linguistic	_	ContainsVariation=No	_	Begin=1010.28|End=1010.715	0x2	_	_	_
466-0	PKP039	466	0	xx::	xx	_	_	_	_	_	linguistic	_	ContainsVariation=No	_	Begin=1010.752|End=1011.469	1x2	_	_	_
467-0	PKP039	467	0	e	e	_	_	_	_	_	linguistic	_	ContainsVariation=No	_	Begin=1011.725	_	_	_	_
467-1	PKP039	467	1	giampaolo	giampaolo	_	_	_	_	_	linguistic	_	ContainsVariation=No	_	_	_	_	_	_
467-2	PKP039	467	2	non	non	_	_	_	_	_	linguistic	_	ContainsVariation=No	_	_	_	_	_	_
467-3	PKP039	467	3	doveva	doveva	_	_	_	_	_	linguistic	_	ContainsVariation=No	_	_	_	_	_	_
467-4	PKP039	467	4	(venire)	venire	_	_	_	_	_	linguistic	_	ContainsVariation=No	_	End=1013.132	_	_	0-6(0)	_
468-0	PKP040	468	0	x?	x	_	_	_	_	_	linguistic	_	ContainsVariation=No	Intonation=Rising	Begin=1015.86|End=1016.216	_	_	_	_
469-0	PKP041	469	0	eh	eh	_	_	_	_	_	linguistic	_	ContainsVariation=No	_	Begin=1017.463	_	_	_	_
469-1	PKP041	469	1	la	la	_	_	_	_	_	linguistic	_	ContainsVariation=No	_	_	_	_	_	_
469-2	PKP041	469	2	nonna	nonna	_	_	_	_	_	linguistic	_	ContainsVariation=No	_	_	_	_	_	_
469-3	PKP041	469	3	ha	ha	_	_	_	_	_	linguistic	_	ContainsVariation=No	_	_	_	_	_	_
469-4	PKP041	469	4	detto	detto	_	_	_	_	_	linguistic	_	ContainsVariation=No	_	_	_	_	_	_
469-5	PKP041	469	5	l'	l'	_	_	_	_	_	linguistic	_	ContainsVariation=No	SpaceAfter=No	_	_	_	_	_
469-6	PKP041	469	6	(astate)	astate	_	_	_	_	_	linguistic	_	ContainsVariation=No	_	_	_	_	0-6(0)	_
469-7	PKP041	469	7	ah	ah	_	_	_	_	_	linguistic	_	ContainsVariation=No	_	_	_	_	_	_
469-8	PKP041	469	8	m'	m'	_	_	_	_	_	linguistic	_	ContainsVariation=No	SpaceAfter=No	_	_	_	_	_
469-9	PKP041	469	9	è	è	_	_	_	_	_	linguistic	_	ContainsVariation=No	_	_	_	_	_	_
469-10	PKP041	469	10	venuta	venuta	_	_	_	_	_	linguistic	_	ContainsVariation=No	_	_	_	_	_	_
469-11	PKP041	469	11	un'	un'	_	_	_	_	_	linguistic	_	ContainsVariation=No	SpaceAfter=No	_	_	_	_	_
469-12	PKP041	469	12	ideona	ideona	_	_	_	_	_	linguistic	_	ContainsVariation=No	_	_	_	_	4-6(1)	_
469-13	PKP041	469	13	(per	per	_	_	_	_	_	linguistic	_	ContainsVariation=No	_	_	_	_	0-3(1)	_
469-14	PKP041	469	14	il)	il	_	_	_	_	_	linguistic	_	ContainsVariation=No	PauseAfter=Yes	_	_	_	_	_
469-15	PKP041	469	15	(.)	(.)	_	_	_	_	_	shortpause	_	ContainsVariation=No	_	_	_	_	_	_
469-16	PKP041	469	16	il	il	_	_	_	_	_	linguistic	_	ContainsVariation=No	_	_	_	_	_	_
469-17	PKP041	469	17	secret	secret	_	_	_	_	_	linguistic	_	ContainsVariation=No	_	_	_	_	_	_
469-18	PKP041	469	18	santa	santa	_	_	_	_	_	linguistic	_	ContainsVariation=No	_	_	_	_	_	_
469-19	PKP041	469	19	che	che	_	_	_	_	_	linguistic	_	ContainsVariation=No	_	_	_	_	_	_
469-20	PKP041	469	20	devo	devo	_	_	_	_	_	linguistic	_	ContainsVariation=No	_	_	_	_	_	_
469-21	PKP041	469	21	fare	fare	_	_	_	_	_	linguistic	_	ContainsVariation=No	_	_	_	_	_	_
469-22	PKP041	469	22	ad	ad	_	_	_	_	_	linguistic	_	ContainsVariation=No	_	_	_	_	_	_
469-23	PKP041	469	23	elena	elena	_	_	_	_	_	linguistic	_	ContainsVariation=No	_	End=1022.49	_	_	_	_
470-0	PKP040	470	0	mh	mh	_	_	_	_	_	linguistic	_	ContainsVariation=No	_	Begin=1023.218|End=1023.535	_	_	_	_
471-0	PKP040	471	0	xxxxxx	xxxxxx	_	_	_	_	_	unknown	_	ContainsVariation=No	Syllables=6	Begin=1024.951|End=1025.997	_	_	_	_
472-0	PKP041	472	0	devo	devo	_	_	_	_	_	linguistic	_	ContainsVariation=No	_	Begin=1026.229	_	_	_	_
472-1	PKP041	472	1	fare	fare	_	_	_	_	_	linguistic	_	ContainsVariation=No	_	_	_	_	_	_
472-2	PKP041	472	2	una	una	_	_	_	_	_	linguistic	_	ContainsVariation=No	_	_	_	_	_	_
472-3	PKP041	472	3	sca:tola	scatola	_	_	_	_	_	linguistic	_	ContainsVariation=No	_	End=1027.438	2x1	_	_	_
473-0	PKP040	473	0	tanto	tanto	_	_	_	_	_	linguistic	_	ContainsVariation=No	_	Begin=1027.468	_	_	_	_
473-1	PKP040	473	1	non	non	_	_	_	_	_	linguistic	_	ContainsVariation=No	_	_	_	_	_	_
473-2	PKP040	473	2	la	la	_	_	_	_	_	linguistic	_	ContainsVariation=No	_	_	_	_	_	_
473-3	PKP040	473	3	(se[nti])	senti	_	_	_	_	_	linguistic	_	ContainsVariation=No	_	End=1028.308	_	_	0-5(0)	2-5(120)
474-0	PKP041	474	0	[no]	no	_	_	_	_	_	linguistic	_	ContainsVariation=No	_	Begin=1027.992|End=1028.3	_	_	_	0-2(120)
475-0	PKP041	475	0	devo	devo	_	_	_	_	_	linguistic	_	ContainsVariation=No	_	Begin=1030.24	_	_	_	_
475-1	PKP041	475	1	fare	fare	_	_	_	_	_	linguistic	_	ContainsVariation=No	_	_	_	_	_	_
475-2	PKP041	475	2	siccome	siccome	_	_	_	_	_	linguistic	_	ContainsVariation=No	_	_	_	_	_	_
475-3	PKP041	475	3	xxx	xxx	_	_	_	_	_	unknown	_	ContainsVariation=No	Syllables=3	_	_	_	_	_
475-4	PKP041	475	4	dice	dice	_	_	_	_	_	linguistic	_	ContainsVariation=No	_	_	_	_	_	_
475-5	PKP041	475	5	che	che	_	_	_	_	_	linguistic	_	ContainsVariation=No	_	_	_	_	_	_
475-6	PKP041	475	6	dev'	dev'	_	_	_	_	_	linguistic	_	ContainsVariation=No	SpaceAfter=No	_	_	_	_	_
475-7	PKP041	475	7	essere	essere	_	_	_	_	_	linguistic	_	ContainsVariation=No	_	_	_	_	_	_
475-8	PKP041	475	8	divertente	divertente	_	_	_	_	_	linguistic	_	ContainsVariation=No	_	_	_	_	_	_
475-9	PKP041	475	9	ma	ma	_	_	_	_	_	linguistic	_	ContainsVariation=No	_	_	_	_	_	_
475-10	PKP041	475	10	che	che	_	_	_	_	_	linguistic	_	ContainsVariation=No	_	_	_	_	_	_
475-11	PKP041	475	11	conosce	conosce	_	_	_	_	_	linguistic	_	ContainsVariation=No	_	_	_	_	_	_
475-12	PKP041	475	12	la:	la	_	_	_	_	_	linguistic	_	ContainsVariation=No	_	_	1x1	_	_	_
475-13	PKP041	475	13	la	la	_	_	_	_	_	linguistic	_	ContainsVariation=No	_	_	_	_	_	_
475-14	PKP041	475	14	person[a:]	persona	_	_	_	_	_	linguistic	_	ContainsVariation=No	_	End=1034.226	6x1	_	_	5-7(121)
476-0	PKP040	476	0	[cer]to	certo	_	_	_	_	_	linguistic	_	ContainsVariation=No	_	Begin=1033.867|End=1034.45	_	_	_	0-3(121)
477-0	PKP041	477	0	devo	devo	_	_	_	_	_	linguistic	_	ContainsVariation=No	_	Begin=1035.95	_	_	_	_
477-1	PKP041	477	1	fare	fare	_	_	_	_	_	linguistic	_	ContainsVariation=No	_	_	_	_	_	_
477-2	PKP041	477	2	una	una	_	_	_	_	_	linguistic	_	ContainsVariation=No	_	_	_	_	_	_
477-3	PKP041	477	3	scatola	scatola	_	_	_	_	_	linguistic	_	ContainsVariation=No	PauseAfter=Yes	_	_	_	_	_
477-4	PKP041	477	4	(.)	(.)	_	_	_	_	_	shortpause	_	ContainsVariation=No	_	_	_	_	_	_
477-5	PKP041	477	5	e	e	_	_	_	_	_	linguistic	_	ContainsVariation=No	_	_	_	_	_	_
477-6	PKP041	477	6	invece	invece	_	_	_	_	_	linguistic	_	ContainsVariation=No	_	_	_	_	_	_
477-7	PKP041	477	7	di	di	_	_	_	_	_	linguistic	_	ContainsVariation=No	_	_	_	_	_	_
477-8	PKP041	477	8	chiamarla	chiamarla	_	_	_	_	_	linguistic	_	ContainsVariation=No	_	_	_	_	_	_
477-9	PKP041	477	9	scatola	scatola	_	_	_	_	_	linguistic	_	ContainsVariation=No	_	_	_	_	_	_
477-10	PKP041	477	10	di	di	_	_	_	_	_	linguistic	_	ContainsVariation=No	_	_	_	_	_	_
477-11	PKP041	477	11	pando:ra,	pandora	_	_	_	_	_	linguistic	_	ContainsVariation=No	Intonation=WeaklyRising	_	4x1	_	_	_
477-12	PKP041	477	12	devo	devo	_	_	_	_	_	linguistic	_	ContainsVariation=No	_	_	_	_	_	_
477-13	PKP041	477	13	chiamarla	chiamarla	_	_	_	_	_	linguistic	_	ContainsVariation=No	_	_	_	_	_	_
477-14	PKP041	477	14	scatola	scatola	_	_	_	_	_	linguistic	_	ContainsVariation=No	_	_	_	_	_	_
477-15	PKP041	477	15	[di:]	di	_	_	_	_	_	linguistic	_	ContainsVariation=No	_	End=1040.55	1x1	_	_	0-2(122)
478-0	PKP039	478	0	[di	di	_	_	_	_	_	linguistic	_	ContainsVariation=No	_	Begin=1040.255	_	_	_	0-2(122)
478-1	PKP039	478	1	pan]doro	pandoro	_	_	_	_	_	linguistic	_	ContainsVariation=No	_	End=1040.88	_	_	_	0-3(122)
479-0	PKP041	479	0	ivando:ra	ivandora	_	_	_	_	_	linguistic	_	ContainsVariation=No	_	Begin=1041.111	5x1	_	_	_
479-1	PKP041	479	1	qualcosa	qualcosa	_	_	_	_	_	linguistic	_	ContainsVariation=No	_	_	_	_	_	_
479-2	PKP041	479	2	del	del	_	_	_	_	_	linguistic	_	ContainsVariation=No	_	_	_	_	_	_
479-3	PKP041	479	3	genere	genere	_	_	_	_	_	linguistic	_	ContainsVariation=No	_	End=1042.575	_	_	_	_
480-0	PKP039	480	0	((ride))	((ride))	_	_	_	_	_	nonverbalbehavior	_	ContainsVariation=No	_	Begin=1041.818|End=1042.596	_	_	_	_
481-0	PKP041	481	0	che	che	_	_	_	_	_	linguistic	_	ContainsVariation=No	_	Begin=1042.608	_	_	_	_
481-1	PKP041	481	1	è	è	_	_	_	_	_	linguistic	_	ContainsVariation=No	_	_	_	_	_	_
481-2	PKP041	481	2	un	un	_	_	_	_	_	linguistic	_	ContainsVariation=No	_	_	_	_	_	_
481-3	PKP041	481	3	si:to,	sito	_	_	_	_	_	linguistic	_	ContainsVariation=No	Intonation=WeaklyRising	End=1043.28	1x1	_	_	_
482-0	PKP041	482	0	dove	dove	_	_	_	_	_	linguistic	_	ContainsVariation=No	_	Begin=1043.309	_	_	_	_
482-1	PKP041	482	1	marta:	marta	_	_	_	_	_	linguistic	_	ContainsVariation=No	_	End=1043.99	4x1	_	_	_
483-0	PKP041	483	0	ha	ha	_	_	_	_	_	linguistic	_	ContainsVariation=No	_	Begin=1044.019	_	_	_	_
483-1	PKP041	483	1	bagliato	bagliato	_	_	_	_	_	linguistic	_	ContainsVariation=No	_	_	_	_	_	_
483-2	PKP041	483	2	a	a	_	_	_	_	_	linguistic	_	ContainsVariation=No	_	_	_	_	_	_
483-3	PKP041	483	3	co~	co~	_	_	_	_	_	linguistic	_	ContainsVariation=No	Interrupted=Yes	_	_	_	_	_
483-4	PKP041	483	4	a::	a	_	_	_	_	_	linguistic	_	ContainsVariation=No	_	_	0x2	_	_	_
483-5	PKP041	483	5	s'	s'	_	_	_	_	_	linguistic	_	ContainsVariation=No	SpaceAfter=No	_	_	_	_	_
483-6	PKP041	483	6	è	è	_	_	_	_	_	linguistic	_	ContainsVariation=No	_	_	_	_	_	_
483-7	PKP041	483	7	fatto	fatto	_	_	_	_	_	linguistic	_	ContainsVariation=No	_	_	_	_	_	_
483-8	PKP041	483	8	un:	un	_	_	_	_	_	linguistic	_	ContainsVariation=No	_	_	1x1	_	_	_
483-9	PKP041	483	9	un	un	_	_	_	_	_	linguistic	_	ContainsVariation=No	_	_	_	_	_	_
483-10	PKP041	483	10	xxx	xxx	_	_	_	_	_	unknown	_	ContainsVariation=No	Syllables=3	End=1046.624	_	_	_	_
484-0	PKP040	484	0	((ride))	((ride))	_	_	_	_	_	nonverbalbehavior	_	ContainsVariation=No	_	Begin=1046.656|End=1047.387	_	_	_	_
485-0	PKP041	485	0	che	che	_	_	_	_	_	linguistic	_	ContainsVariation=No	_	Begin=1047.486	_	_	_	_
485-1	PKP041	485	1	ha	ha	_	_	_	_	_	linguistic	_	ContainsVariation=No	_	_	_	_	_	_
485-2	PKP041	485	2	comprato	comprato	_	_	_	_	_	linguistic	_	ContainsVariation=No	_	_	_	_	_	_
485-3	PKP041	485	3	cento	cento	_	_	_	_	_	linguistic	_	ContainsVariation=No	_	_	_	_	_	_
485-4	PKP041	485	4	euro	euro	_	_	_	_	_	linguistic	_	ContainsVariation=No	_	_	_	_	_	_
485-5	PKP041	485	5	di	di	_	_	_	_	_	linguistic	_	ContainsVariation=No	_	_	_	_	_	_
485-6	PKP041	485	6	(agnello)	agnello	_	_	_	_	_	linguistic	_	ContainsVariation=No	_	_	_	_	0-7(0)	_
485-7	PKP041	485	7	che	che	_	_	_	_	_	linguistic	_	ContainsVariation=No	_	_	_	_	_	_
485-8	PKP041	485	8	(gli)	gli	_	_	_	_	_	linguistic	_	ContainsVariation=No	_	_	_	_	0-3(1)	_
485-9	PKP041	485	9	le	le	_	_	_	_	_	linguistic	_	ContainsVariation=No	_	_	_	_	_	_
485-10	PKP041	485	10	hanno	hanno	_	_	_	_	_	linguistic	_	ContainsVariation=No	_	_	_	_	_	_
485-11	PKP041	485	11	rubato	rubato	_	_	_	_	_	linguistic	_	ContainsVariation=No	_	_	_	_	_	_
485-12	PKP041	485	12	[vabbè]	vabbè	_	_	_	_	_	linguistic	_	ContainsVariation=No	_	End=1050.58	_	_	_	0-5(124)
486-0	PKP040	486	0	[x	x	_	_	_	_	_	unknown	_	ContainsVariation=No	Syllables=1	Begin=1050.268	_	_	_	0-1(124)
486-1	PKP040	486	1	<a]m[o:::re>]	amore	_	_	_	_	_	linguistic	_	ContainsVariation=No	_	End=1051.57	2x3	Slow=0-5(0)	_	0-1(124),2-5(125)
487-0	PKP041	487	0	[la	la	_	_	_	_	_	linguistic	_	ContainsVariation=No	_	Begin=1050.76	_	_	_	0-2(125)
487-1	PKP041	487	1	devo	devo	_	_	_	_	_	linguistic	_	ContainsVariation=No	_	_	_	_	_	0-4(125)
487-2	PKP041	487	2	chiamare	chiamare	_	_	_	_	_	linguistic	_	ContainsVariation=No	_	_	_	_	_	0-8(125)
487-3	PKP041	487	3	cos]ì	così	_	_	_	_	_	linguistic	_	ContainsVariation=No	_	End=1051.682	_	_	_	0-3(125)
488-0	PKP040	488	0	<pecca:::[to]>	peccato	_	_	_	_	_	linguistic	_	ContainsVariation=No	_	Begin=1051.916|End=1052.831	4x3	Slow=0-7(0)	_	5-7(126)
489-0	PKP041	489	0	[e	e	_	_	_	_	_	linguistic	_	ContainsVariation=No	_	Begin=1052.478	_	_	_	0-1(126)
489-1	PKP041	489	1	poi	poi	_	_	_	_	_	linguistic	_	ContainsVariation=No	_	_	_	_	_	0-3(126)
489-2	PKP041	489	2	devo]	devo	_	_	_	_	_	linguistic	_	ContainsVariation=No	_	_	_	_	_	0-4(126)
489-3	PKP041	489	3	dire	dire	_	_	_	_	_	linguistic	_	ContainsVariation=No	_	_	_	_	_	_
489-4	PKP041	489	4	(perché	perché	_	_	_	_	_	linguistic	_	ContainsVariation=No	_	_	_	_	0-6(0)	_
489-5	PKP041	489	5	solo)	solo	_	_	_	_	_	linguistic	_	ContainsVariation=No	_	_	_	_	0-4(0)	_
489-6	PKP041	489	6	una	una	_	_	_	_	_	linguistic	_	ContainsVariation=No	_	_	_	_	_	_
489-7	PKP041	489	7	scatola	scatola	_	_	_	_	_	linguistic	_	ContainsVariation=No	_	_	_	_	_	_
489-8	PKP041	489	8	di	di	_	_	_	_	_	linguistic	_	ContainsVariation=No	_	_	_	_	_	_
489-9	PKP041	489	9	pandora	pandora	_	_	_	_	_	linguistic	_	ContainsVariation=No	_	_	_	_	_	_
489-10	PKP041	489	10	può	può	_	_	_	_	_	linguistic	_	ContainsVariation=No	_	End=1054.851	_	_	_	_
490-0	PKP041	490	0	e::	e	_	_	_	_	_	linguistic	_	ContainsVariation=No	_	Begin=1055.398	0x2	_	_	_
490-1	PKP041	490	1	<contene:re	contenere	_	_	_	_	_	linguistic	_	ContainsVariation=No	_	_	6x1	Slow=0-9(0)	_	_
490-2	PKP041	490	2	una	una	_	_	_	_	_	linguistic	_	ContainsVariation=No	_	_	_	Slow=0-3(0)	_	_
490-3	PKP041	490	3	personalità>	personalità	_	_	_	_	_	linguistic	_	ContainsVariation=No	_	End=1057.691	_	Slow=0-11(0)	_	_
491-0	PKP041	491	0	così	così	_	_	_	_	_	linguistic	_	ContainsVariation=No	_	Begin=1058.079	_	_	_	_
491-1	PKP041	491	1	importante	importante	_	_	_	_	_	linguistic	_	ContainsVariation=No	_	End=1058.949	_	_	_	_
492-0	PKP041	492	0	perché	perché	_	_	_	_	_	linguistic	_	ContainsVariation=No	_	Begin=1058.949	_	_	_	_
492-1	PKP041	492	1	le:i	lei	_	_	_	_	_	linguistic	_	ContainsVariation=No	_	End=1059.656	1x1	_	_	_
493-0	PKP041	493	0	una	una	_	_	_	_	_	linguistic	_	ContainsVariation=No	_	Begin=1059.937	_	_	_	_
493-1	PKP041	493	1	volta	volta	_	_	_	_	_	linguistic	_	ContainsVariation=No	_	_	_	_	_	_
493-2	PKP041	493	2	marco:	marco	_	_	_	_	_	linguistic	_	ContainsVariation=No	_	_	4x1	_	_	_
493-3	PKP041	493	3	stava::	stava	_	_	_	_	_	linguistic	_	ContainsVariation=No	_	End=1061.57	4x2	_	_	_
494-0	PKP041	494	0	vicino	vicino	_	_	_	_	_	linguistic	_	ContainsVariation=No	_	Begin=1061.938	_	_	_	_
494-1	PKP041	494	1	al	al	_	_	_	_	_	linguistic	_	ContainsVariation=No	_	_	_	_	_	_
494-2	PKP041	494	2	ba:gno	bagno	_	_	_	_	_	linguistic	_	ContainsVariation=No	_	_	1x1	_	_	_
494-3	PKP041	494	3	e	e	_	_	_	_	_	linguistic	_	ContainsVariation=No	_	_	_	_	_	_
494-4	PKP041	494	4	sentì	sentì	_	_	_	_	_	linguistic	_	ContainsVariation=No	_	_	_	_	_	_
494-5	PKP041	494	5	elena	elena	_	_	_	_	_	linguistic	_	ContainsVariation=No	_	_	_	_	_	_
494-6	PKP041	494	6	che	che	_	_	_	_	_	linguistic	_	ContainsVariation=No	_	_	_	_	_	_
494-7	PKP041	494	7	di:~	di~	_	_	_	_	_	linguistic	_	ContainsVariation=No	Interrupted=Yes	_	1x1	_	_	_
494-8	PKP041	494	8	che	che	_	_	_	_	_	linguistic	_	ContainsVariation=No	_	_	_	_	_	_
494-9	PKP041	494	9	disse	disse	_	_	_	_	_	linguistic	_	ContainsVariation=No	_	End=1064.586	_	_	_	_
495-0	PKP041	495	0	no	no	_	_	_	_	_	linguistic	_	ContainsVariation=No	_	Begin=1065.457	_	_	_	_
495-1	PKP041	495	1	certo	certo	_	_	_	_	_	linguistic	_	ContainsVariation=No	_	_	_	_	_	_
495-2	PKP041	495	2	che:	che	_	_	_	_	_	linguistic	_	ContainsVariation=No	_	_	2x1	_	_	_
495-3	PKP041	495	3	una::	una	_	_	_	_	_	linguistic	_	ContainsVariation=No	_	End=1066.621	2x2	_	_	_
496-0	PKP041	496	0	una	una	_	_	_	_	_	linguistic	_	ContainsVariation=No	_	Begin=1066.814	_	_	_	_
496-1	PKP041	496	1	personalità	personalità	_	_	_	_	_	linguistic	_	ContainsVariation=No	_	_	_	_	_	_
496-2	PKP041	496	2	come	come	_	_	_	_	_	linguistic	_	ContainsVariation=No	_	_	_	_	_	_
496-3	PKP041	496	3	la	la	_	_	_	_	_	linguistic	_	ContainsVariation=No	_	_	_	_	_	_
496-4	PKP041	496	4	mia::	mia	_	_	_	_	_	linguistic	_	ContainsVariation=No	_	End=1068.421	2x2	_	_	_
497-0	PKP041	497	0	cioè	cioè	_	_	_	_	_	linguistic	_	ContainsVariation=No	_	Begin=1068.502	_	_	_	_
497-1	PKP041	497	1	ci	ci	_	_	_	_	_	linguistic	_	ContainsVariation=No	_	_	_	_	_	_
497-2	PKP041	497	2	stava:	stava	_	_	_	_	_	linguistic	_	ContainsVariation=No	_	_	4x1	_	_	_
497-3	PKP041	497	3	[xxxx]ndo	xxxxndo	_	_	_	_	_	linguistic	_	ContainsVariation=No	_	End=1070.228	_	_	_	0-4(127)
498-0	PKP040	498	0	[A::	a	_	_	_	_	_	linguistic	_	ContainsVariation=No	Volume=high	Begin=1069.07	0x2	_	_	0-1(127)
498-1	PKP040	498	1	HA	ha	_	_	_	_	_	linguistic	_	ContainsVariation=No	Volume=high	_	_	_	_	0-2(127)
498-2	PKP040	498	2	HA]	ha	_	_	_	_	_	linguistic	_	ContainsVariation=No	Volume=high	End=1069.998	_	_	_	0-2(127)
499-0	PKP040	499	0	stava	stava	_	_	_	_	_	linguistic	_	ContainsVariation=No	_	Begin=1070.249	_	_	_	_
499-1	PKP040	499	1	incensando	incensando	_	_	_	_	_	linguistic	_	ContainsVariation=No	_	End=1071.349	_	_	_	_
500-0	PKP041	500	0	poi	poi	_	_	_	_	_	linguistic	_	ContainsVariation=No	_	Begin=1071.674	_	_	_	_
500-1	PKP041	500	1	dentro	dentro	_	_	_	_	_	linguistic	_	ContainsVariation=No	_	_	_	_	_	_
500-2	PKP041	500	2	devo	devo	_	_	_	_	_	linguistic	_	ContainsVariation=No	_	_	_	_	_	_
500-3	PKP041	500	3	metterle	metterle	_	_	_	_	_	linguistic	_	ContainsVariation=No	_	End=1073.067	_	_	_	_
501-0	PKP041	501	0	le::	le	_	_	_	_	_	linguistic	_	ContainsVariation=No	_	Begin=1074.3	1x2	_	_	_
501-1	PKP041	501	1	due	due	_	_	_	_	_	linguistic	_	ContainsVariation=No	_	_	_	_	_	_
501-2	PKP041	501	2	pillole	pillole	_	_	_	_	_	linguistic	_	ContainsVariation=No	_	_	_	_	_	_
501-3	PKP041	501	3	per	per	_	_	_	_	_	linguistic	_	ContainsVariation=No	_	_	_	_	_	_
501-4	PKP041	501	4	fare	fare	_	_	_	_	_	linguistic	_	ContainsVariation=No	_	_	_	_	_	_
501-5	PKP041	501	5	la	la	_	_	_	_	_	linguistic	_	ContainsVariation=No	_	_	_	_	_	_
501-6	PKP041	501	6	ca:cca	cacca	_	_	_	_	_	linguistic	_	ContainsVariation=No	_	End=1077.026	1x1	_	_	_
502-0	PKP040	502	0	((ride))	((ride))	_	_	_	_	_	nonverbalbehavior	_	ContainsVariation=No	_	Begin=1077.026|End=1077.895	_	_	_	_
503-0	PKP041	503	0	perché	perché	_	_	_	_	_	linguistic	_	ContainsVariation=No	_	Begin=1077.088|End=1077.746	_	_	_	_
504-0	PKP041	504	0	perché:	perché	_	_	_	_	_	linguistic	_	ContainsVariation=No	_	Begin=1078.46	5x1	_	_	_
504-1	PKP041	504	1	c'	c'	_	_	_	_	_	linguistic	_	ContainsVariation=No	SpaceAfter=No	_	_	_	_	_
504-2	PKP041	504	2	ha	ha	_	_	_	_	_	linguistic	_	ContainsVariation=No	_	_	_	_	_	_
504-3	PKP041	504	3	[un	un	_	_	_	_	_	linguistic	_	ContainsVariation=No	_	_	_	_	_	0-2(129)
504-4	PKP041	504	4	po'	po'	_	_	_	_	_	linguistic	_	ContainsVariation=No	_	_	_	_	_	0-3(129)
504-5	PKP041	504	5	di	di	_	_	_	_	_	linguistic	_	ContainsVariation=No	_	_	_	_	_	0-2(129)
504-6	PKP041	504	6	proble]:mi	problemi	_	_	_	_	_	linguistic	_	ContainsVariation=No	_	End=1080.183	5x1	_	_	0-6(129)
505-0	PKP040	505	0	[è	è	_	_	_	_	_	linguistic	_	ContainsVariation=No	_	Begin=1078.975	_	_	_	0-1(129)
505-1	PKP040	505	1	stitica]	stitica	_	_	_	_	_	linguistic	_	ContainsVariation=No	_	_	_	_	_	0-7(129)
505-2	PKP040	505	2	((ride))	((ride))	_	_	_	_	_	nonverbalbehavior	_	ContainsVariation=No	_	End=1080.19	_	_	_	_
506-0	PKP041	506	0	i	i	_	_	_	_	_	linguistic	_	ContainsVariation=No	_	Begin=1081.01	_	_	_	_
506-1	PKP041	506	1	pop	pop	_	_	_	_	_	linguistic	_	ContainsVariation=No	_	_	_	_	_	_
506-2	PKP041	506	2	co::rn	corn	_	_	_	_	_	linguistic	_	ContainsVariation=No	_	End=1082.05	1x2	_	_	_
507-0	PKP041	507	0	perché	perché	_	_	_	_	_	linguistic	_	ContainsVariation=No	_	Begin=1082.075	_	_	_	_
507-1	PKP041	507	1	una	una	_	_	_	_	_	linguistic	_	ContainsVariation=No	_	_	_	_	_	_
507-2	PKP041	507	2	volta	volta	_	_	_	_	_	linguistic	_	ContainsVariation=No	_	_	_	_	_	_
507-3	PKP041	507	3	fece	fece	_	_	_	_	_	linguistic	_	ContainsVariation=No	_	_	_	_	_	_
507-4	PKP041	507	4	una	una	_	_	_	_	_	linguistic	_	ContainsVariation=No	_	_	_	_	_	_
507-5	PKP041	507	5	figura:ccia	figuraccia	_	_	_	_	_	linguistic	_	ContainsVariation=No	_	End=1083.58	5x1	_	_	_
508-0	PKP041	508	0	che	che	_	_	_	_	_	linguistic	_	ContainsVariation=No	_	Begin=1083.58	_	_	_	_
508-1	PKP041	508	1	sbagliò	sbagliò	_	_	_	_	_	linguistic	_	ContainsVariation=No	_	_	_	_	_	_
508-2	PKP041	508	2	gru:ppo	gruppo	_	_	_	_	_	linguistic	_	ContainsVariation=No	_	_	2x1	_	_	_
508-3	PKP041	508	3	di	di	_	_	_	_	_	linguistic	_	ContainsVariation=No	_	_	_	_	_	_
508-4	PKP041	508	4	whatsapp	whatsapp	_	_	_	_	_	linguistic	_	ContainsVariation=No	_	_	_	_	_	_
508-5	PKP041	508	5	e	e	_	_	_	_	_	linguistic	_	ContainsVariation=No	_	_	_	_	_	_
508-6	PKP041	508	6	scrisse	scrisse	_	_	_	_	_	linguistic	_	ContainsVariation=No	_	_	_	_	_	_
508-7	PKP041	508	7	nel	nel	_	_	_	_	_	linguistic	_	ContainsVariation=No	_	_	_	_	_	_
508-8	PKP041	508	8	guppo	guppo	_	_	_	_	_	linguistic	_	ContainsVariation=No	_	_	_	_	_	_
508-9	PKP041	508	9	di	di	_	_	_	_	_	linguistic	_	ContainsVariation=No	_	_	_	_	_	_
508-10	PKP041	508	10	whatsapp	whatsapp	_	_	_	_	_	linguistic	_	ContainsVariation=No	_	_	_	_	_	_
508-11	PKP041	508	11	della	della	_	_	_	_	_	linguistic	_	ContainsVariation=No	_	_	_	_	_	_
508-12	PKP041	508	12	persona	persona	_	_	_	_	_	linguistic	_	ContainsVariation=No	_	_	_	_	_	_
508-13	PKP041	508	13	di	di	_	_	_	_	_	linguistic	_	ContainsVariation=No	_	_	_	_	_	_
508-14	PKP041	508	14	cui	cui	_	_	_	_	_	linguistic	_	ContainsVariation=No	_	_	_	_	_	_
508-15	PKP041	508	15	stava	stava	_	_	_	_	_	linguistic	_	ContainsVariation=No	_	_	_	_	_	_
508-16	PKP041	508	16	sparl[a:ndo]	sparlando	_	_	_	_	_	linguistic	_	ContainsVariation=No	_	End=1088.22	5x1	_	_	5-9(130)
509-0	PKP040	509	0	[U:::H]	uh	_	_	_	_	_	linguistic	_	ContainsVariation=No	Volume=high	Begin=1087.885	0x3	_	_	0-2(130)
509-1	PKP040	509	1	GESÙ:::	gesù	_	_	_	_	_	linguistic	_	ContainsVariation=No	Volume=high	End=1088.949	3x3	_	_	_
510-0	PKP041	510	0	[e:	e	_	_	_	_	_	linguistic	_	ContainsVariation=No	_	Begin=1089.122	0x1	_	_	0-1(131)
510-1	PKP041	510	1	<mi	mi	_	_	_	_	_	linguistic	_	ContainsVariation=No	_	_	_	Slow=0-2(0)	_	0-2(131)
510-2	PKP041	510	2	vado	vado	_	_	_	_	_	linguistic	_	ContainsVariation=No	_	_	_	Slow=0-4(0)	_	0-4(131)
510-3	PKP041	510	3	a	a	_	_	_	_	_	linguistic	_	ContainsVariation=No	_	_	_	Slow=0-1(0)	_	0-1(131)
510-4	PKP041	510	4	prendere]	prendere	_	_	_	_	_	linguistic	_	ContainsVariation=No	_	_	_	Slow=0-8(0)	_	0-8(131)
510-5	PKP041	510	5	i	i	_	_	_	_	_	linguistic	_	ContainsVariation=No	_	_	_	Slow=0-1(0)	_	_
510-6	PKP041	510	6	pop	pop	_	_	_	_	_	linguistic	_	ContainsVariation=No	_	_	_	Slow=0-3(0)	_	_
510-7	PKP041	510	7	co:rn	corn	_	_	_	_	_	linguistic	_	ContainsVariation=No	_	_	1x1	Slow=0-4(0)	_	_
510-8	PKP041	510	8	così	così	_	_	_	_	_	linguistic	_	ContainsVariation=No	_	_	_	Slow=0-4(0)	_	_
510-9	PKP041	510	9	gl~	gl~	_	_	_	_	_	linguistic	_	ContainsVariation=No	Interrupted=Yes	_	_	Slow=0-3(0)	_	_
510-10	PKP041	510	10	glieli	glieli	_	_	_	_	_	linguistic	_	ContainsVariation=No	_	_	_	Slow=0-6(0)	_	_
510-11	PKP041	510	11	butto	butto	_	_	_	_	_	linguistic	_	ContainsVariation=No	_	_	_	Slow=0-5(0)	_	_
510-12	PKP041	510	12	in	in	_	_	_	_	_	linguistic	_	ContainsVariation=No	_	_	_	Slow=0-2(0)	_	_
510-13	PKP041	510	13	te:sta>	testa	_	_	_	_	_	linguistic	_	ContainsVariation=No	_	End=1092.5	1x1	Slow=0-5(0)	_	_
511-0	PKP040	511	0	[xxx]	xxx	_	_	_	_	_	unknown	_	ContainsVariation=No	Syllables=3	Begin=1089.292|End=1090.108	_	_	_	0-3(131)
512-0	PKP041	512	0	a	a	_	_	_	_	_	linguistic	_	ContainsVariation=No	_	Begin=1092.5	_	_	_	_
512-1	PKP041	512	1	vabbè	vabbè	_	_	_	_	_	linguistic	_	ContainsVariation=No	_	_	_	_	_	_
512-2	PKP041	512	2	devo	devo	_	_	_	_	_	linguistic	_	ContainsVariation=No	_	_	_	_	_	_
512-3	PKP041	512	3	mettere	mettere	_	_	_	_	_	linguistic	_	ContainsVariation=No	_	_	_	_	_	_
512-4	PKP041	512	4	tante::	tante	_	_	_	_	_	linguistic	_	ContainsVariation=No	_	_	4x2	_	_	_
512-5	PKP041	512	5	tante	tante	_	_	_	_	_	linguistic	_	ContainsVariation=No	_	_	_	_	_	_
512-6	PKP041	512	6	cosette	cosette	_	_	_	_	_	linguistic	_	ContainsVariation=No	_	_	_	_	_	_
512-7	PKP041	512	7	così	così	_	_	_	_	_	linguistic	_	ContainsVariation=No	_	_	_	_	_	_
512-8	PKP041	512	8	che:	che	_	_	_	_	_	linguistic	_	ContainsVariation=No	_	_	2x1	_	_	_
512-9	PKP041	512	9	sono	sono	_	_	_	_	_	linguistic	_	ContainsVariation=No	_	_	_	_	_	_
512-10	PKP041	512	10	tutte	tutte	_	_	_	_	_	linguistic	_	ContainsVariation=No	_	_	_	_	_	_
512-11	PKP041	512	11	le	le	_	_	_	_	_	linguistic	_	ContainsVariation=No	_	_	_	_	_	_
512-12	PKP041	512	12	caratteristiche	caratteristiche	_	_	_	_	_	linguistic	_	ContainsVariation=No	_	_	_	_	_	_
512-13	PKP041	512	13	che	che	_	_	_	_	_	linguistic	_	ContainsVariation=No	_	_	_	_	_	_
512-14	PKP041	512	14	ci	ci	_	_	_	_	_	linguistic	_	ContainsVariation=No	_	_	_	_	_	_
512-15	PKP041	512	15	fanno	fanno	_	_	_	_	_	linguistic	_	ContainsVariation=No	_	_	_	_	_	_
512-16	PKP041	512	16	ridere	ridere	_	_	_	_	_	linguistic	_	ContainsVariation=No	_	End=1097.19	_	_	_	_
513-0	PKP041	513	0	che	che	_	_	_	_	_	linguistic	_	ContainsVariation=No	_	Begin=1098.051	_	_	_	_
513-1	PKP041	513	1	po:i	poi	_	_	_	_	_	linguistic	_	ContainsVariation=No	_	End=1098.631	1x1	_	_	_
514-0	PKP040	514	0	e	e	_	_	_	_	_	linguistic	_	ContainsVariation=No	_	Begin=1098.65	_	_	_	_
514-1	PKP040	514	1	lo	lo	_	_	_	_	_	linguistic	_	ContainsVariation=No	_	_	_	_	_	_
514-2	PKP040	514	2	zainetto::	zainetto	_	_	_	_	_	linguistic	_	ContainsVariation=No	_	_	7x2	_	_	_
514-3	PKP040	514	3	di::	di	_	_	_	_	_	linguistic	_	ContainsVariation=No	_	_	1x2	_	_	_
514-4	PKP040	514	4	[xxx	xxx	_	_	_	_	_	unknown	_	ContainsVariation=No	Syllables=3	_	_	_	_	0-3(132)
514-5	PKP040	514	5	que]llo	quello	_	_	_	_	_	linguistic	_	ContainsVariation=No	_	_	_	_	_	0-3(132)
514-6	PKP040	514	6	amore	amore	_	_	_	_	_	linguistic	_	ContainsVariation=No	_	End=1101.16	_	_	_	_
515-0	PKP041	515	0	[e:::]	e	_	_	_	_	_	linguistic	_	ContainsVariation=No	_	Begin=1099.941|End=1100.606	0x3	_	_	0-1(132)
516-0	PKP041	516	0	e:::h	eh	_	_	_	_	_	linguistic	_	ContainsVariation=No	_	Begin=1102.161|End=1102.93	0x3	_	_	_
517-0	PKP041	517	0	ho	ho	_	_	_	_	_	linguistic	_	ContainsVariation=No	_	Begin=1102.988	_	_	_	_
517-1	PKP041	517	1	avuto	avuto	_	_	_	_	_	linguistic	_	ContainsVariation=No	_	_	_	_	_	_
517-2	PKP041	517	2	il	il	_	_	_	_	_	linguistic	_	ContainsVariation=No	_	_	_	_	_	_
517-3	PKP041	517	3	compito	compito	_	_	_	_	_	linguistic	_	ContainsVariation=No	_	_	_	_	_	_
517-4	PKP041	517	4	più	più	_	_	_	_	_	linguistic	_	ContainsVariation=No	_	_	_	_	_	_
517-5	PKP041	517	5	difficile	difficile	_	_	_	_	_	linguistic	_	ContainsVariation=No	_	_	_	_	_	_
517-6	PKP041	517	6	perché:	perché	_	_	_	_	_	linguistic	_	ContainsVariation=No	_	_	5x1	_	_	_
517-7	PKP041	517	7	elena	elena	_	_	_	_	_	linguistic	_	ContainsVariation=No	_	_	_	_	_	_
517-8	PKP041	517	8	è	è	_	_	_	_	_	linguistic	_	ContainsVariation=No	_	_	_	_	_	_
517-9	PKP041	517	9	quella	quella	_	_	_	_	_	linguistic	_	ContainsVariation=No	_	_	_	_	_	_
517-10	PKP041	517	10	con	con	_	_	_	_	_	linguistic	_	ContainsVariation=No	_	_	_	_	_	_
517-11	PKP041	517	11	le	le	_	_	_	_	_	linguistic	_	ContainsVariation=No	_	_	_	_	_	_
517-12	PKP041	517	12	aspettative	aspettative	_	_	_	_	_	linguistic	_	ContainsVariation=No	_	_	_	_	_	_
517-13	PKP041	517	13	più	più	_	_	_	_	_	linguistic	_	ContainsVariation=No	_	_	_	_	_	_
517-14	PKP041	517	14	a:lte	alte	_	_	_	_	_	linguistic	_	ContainsVariation=No	_	_	0x1	_	_	_
517-15	PKP041	517	15	di	di	_	_	_	_	_	linguistic	_	ContainsVariation=No	_	_	_	_	_	_
517-16	PKP041	517	16	tutti	tutti	_	_	_	_	_	linguistic	_	ContainsVariation=No	_	_	_	_	_	_
517-17	PKP041	517	17	sul	sul	_	_	_	_	_	linguistic	_	ContainsVariation=No	_	_	_	_	_	_
517-18	PKP041	517	18	secret	secret	_	_	_	_	_	linguistic	_	ContainsVariation=No	_	_	_	_	_	_
517-19	PKP041	517	19	santa	santa	_	_	_	_	_	linguistic	_	ContainsVariation=No	_	End=1108.187	_	_	_	_
518-0	PKP040	518	0	chissà	chissà	_	_	_	_	_	linguistic	_	ContainsVariation=No	_	Begin=1110.7	_	_	_	_
518-1	PKP040	518	1	a	a	_	_	_	_	_	linguistic	_	ContainsVariation=No	_	_	_	_	_	_
518-2	PKP040	518	2	te	te	_	_	_	_	_	linguistic	_	ContainsVariation=No	_	_	_	_	_	_
518-3	PKP040	518	3	cosa	cosa	_	_	_	_	_	linguistic	_	ContainsVariation=No	_	_	_	_	_	_
518-4	PKP040	518	4	ti	ti	_	_	_	_	_	linguistic	_	ContainsVariation=No	_	_	_	_	_	_
518-5	PKP040	518	5	faranno	faranno	_	_	_	_	_	linguistic	_	ContainsVariation=No	_	End=1112.024	_	_	_	_
519-0	PKP041	519	0	chissà	chissà	_	_	_	_	_	linguistic	_	ContainsVariation=No	_	Begin=1112.663	_	_	_	_
519-1	PKP041	519	1	chi	chi	_	_	_	_	_	linguistic	_	ContainsVariation=No	_	_	_	_	_	_
519-2	PKP041	519	2	mi	mi	_	_	_	_	_	linguistic	_	ContainsVariation=No	_	_	_	_	_	_
519-3	PKP041	519	3	ca:pita	capita	_	_	_	_	_	linguistic	_	ContainsVariation=No	_	End=1113.537	1x1	_	_	_
520-0	PKP039	520	0	(l'	l'	_	_	_	_	_	linguistic	_	ContainsVariation=No	SpaceAfter=No	Begin=1124.705	_	_	0-2(0)	_
520-1	PKP039	520	1	han	han	_	_	_	_	_	linguistic	_	ContainsVariation=No	_	_	_	_	0-3(0)	_
520-2	PKP039	520	2	fatto	fatto	_	_	_	_	_	linguistic	_	ContainsVariation=No	_	_	_	_	0-5(0)	_
520-3	PKP039	520	3	prima	prima	_	_	_	_	_	linguistic	_	ContainsVariation=No	_	_	_	_	0-5(0)	_
520-4	PKP039	520	4	loro)	loro	_	_	_	_	_	linguistic	_	ContainsVariation=No	_	End=1125.841	_	_	0-4(0)	_
521-0	PKP039	521	0	xxxxxxxxxxx	xxxxxxxxxxx	_	_	_	_	_	unknown	_	ContainsVariation=No	Syllables=11	Begin=1126.188|End=1127.682	_	_	_	_
522-0	PKP039	522	0	(c'	c'	_	_	_	_	_	linguistic	_	ContainsVariation=No	SpaceAfter=No	Begin=1127.79	_	_	0-2(0)	_
522-1	PKP039	522	1	ha	ha	_	_	_	_	_	linguistic	_	ContainsVariation=No	_	_	_	_	0-2(0)	_
522-2	PKP039	522	2	provato)	provato	_	_	_	_	_	linguistic	_	ContainsVariation=No	_	_	_	_	0-7(0)	_
522-3	PKP039	522	3	giulio	giulio	_	_	_	_	_	linguistic	_	ContainsVariation=No	_	_	_	_	_	_
522-4	PKP039	522	4	dei	dei	_	_	_	_	_	linguistic	_	ContainsVariation=No	_	_	_	_	_	_
522-5	PKP039	522	5	xx	xx	_	_	_	_	_	unknown	_	ContainsVariation=No	Syllables=2	End=1129.149	_	_	_	_
523-0	PKP039	523	0	è	è	_	_	_	_	_	linguistic	_	ContainsVariation=No	_	Begin=1129.624	_	_	_	_
523-1	PKP039	523	1	crollato	crollato	_	_	_	_	_	linguistic	_	ContainsVariation=No	_	_	_	_	_	_
523-2	PKP039	523	2	un	un	_	_	_	_	_	linguistic	_	ContainsVariation=No	_	_	_	_	_	_
523-3	PKP039	523	3	mito	mito	_	_	_	_	_	linguistic	_	ContainsVariation=No	_	End=1130.614	_	_	_	_
524-0	PKP040	524	0	((ride))	((ride))	_	_	_	_	_	nonverbalbehavior	_	ContainsVariation=No	_	Begin=1130.854|End=1131.408	_	_	_	_
525-0	PKP039	525	0	((ride))	((ride))	_	_	_	_	_	nonverbalbehavior	_	ContainsVariation=No	_	Begin=1131.554|End=1132.344	_	_	_	_
526-0	PKP048	526	0	(a:nche)	anche	_	_	_	_	_	linguistic	_	ContainsVariation=No	_	Begin=1131.584|End=1132.174	0x1	_	0-5(0)	_
527-0	PKP048	527	0	paolo	paolo	_	_	_	_	_	linguistic	_	ContainsVariation=No	_	Begin=1137.572	_	_	_	_
527-1	PKP048	527	1	è	è	_	_	_	_	_	linguistic	_	ContainsVariation=No	_	_	_	_	_	_
527-2	PKP048	527	2	xxxx	xxxx	_	_	_	_	_	unknown	_	ContainsVariation=No	Syllables=4	_	_	_	_	_
527-3	PKP048	527	3	a	a	_	_	_	_	_	linguistic	_	ContainsVariation=No	_	_	_	_	_	_
527-4	PKP048	527	4	casa	casa	_	_	_	_	_	linguistic	_	ContainsVariation=No	_	_	_	_	_	_
527-5	PKP048	527	5	di	di	_	_	_	_	_	linguistic	_	ContainsVariation=No	_	_	_	_	_	_
527-6	PKP048	527	6	tiziano:	tiziano	_	_	_	_	_	linguistic	_	ContainsVariation=No	_	End=1139.601	6x1	_	_	_
528-0	PKP048	528	0	ha	ha	_	_	_	_	_	linguistic	_	ContainsVariation=No	_	Begin=1142.511	_	_	_	_
528-1	PKP048	528	1	detto	detto	_	_	_	_	_	linguistic	_	ContainsVariation=No	_	_	_	_	_	_
528-2	PKP048	528	2	no~	no~	_	_	_	_	_	linguistic	_	ContainsVariation=No	Interrupted=Yes	_	_	_	_	_
528-3	PKP048	528	3	non	non	_	_	_	_	_	linguistic	_	ContainsVariation=No	_	_	_	_	_	_
528-4	PKP048	528	4	c'	c'	_	_	_	_	_	linguistic	_	ContainsVariation=No	SpaceAfter=No	_	_	_	_	_
528-5	PKP048	528	5	è	è	_	_	_	_	_	linguistic	_	ContainsVariation=No	_	End=1143.838	_	_	_	_
529-0	PKP048	529	0	non	non	_	_	_	_	_	linguistic	_	ContainsVariation=No	_	Begin=1143.989	_	_	_	_
529-1	PKP048	529	1	c'	c'	_	_	_	_	_	linguistic	_	ContainsVariation=No	SpaceAfter=No	_	_	_	_	_
529-2	PKP048	529	2	è	è	_	_	_	_	_	linguistic	_	ContainsVariation=No	_	_	_	_	_	_
529-3	PKP048	529	3	ve:rso	verso	_	_	_	_	_	linguistic	_	ContainsVariation=No	_	_	1x1	_	_	_
529-4	PKP048	529	4	di	di	_	_	_	_	_	linguistic	_	ContainsVariation=No	_	_	_	_	_	_
529-5	PKP048	529	5	sconfiggere	sconfiggere	_	_	_	_	_	linguistic	_	ContainsVariation=No	_	_	_	_	_	_
529-6	PKP048	529	6	il	il	_	_	_	_	_	linguistic	_	ContainsVariation=No	_	_	_	_	_	_
529-7	PKP048	529	7	coronavi:rus:	coronavirus	_	_	_	_	_	linguistic	_	ContainsVariation=No	_	End=1146.378	7x1,10x1	_	_	_
530-0	PKP041	530	0	(no:?)	no	_	_	_	_	_	linguistic	_	ContainsVariation=No	Intonation=Rising	Begin=1146.778|End=1147.257	1x1	_	0-2(0)	_
531-0	PKP048	531	0	ha	ha	_	_	_	_	_	linguistic	_	ContainsVariation=No	_	Begin=1147.322	_	_	_	_
531-1	PKP048	531	1	detto	detto	_	_	_	_	_	linguistic	_	ContainsVariation=No	_	_	_	_	_	_
531-2	PKP048	531	2	quella	quella	_	_	_	_	_	linguistic	_	ContainsVariation=No	_	_	_	_	_	_
531-3	PKP048	531	3	vecchie:tta	vecchietta	_	_	_	_	_	linguistic	_	ContainsVariation=No	_	_	6x1	_	_	_
531-4	PKP048	531	4	non	non	_	_	_	_	_	linguistic	_	ContainsVariation=No	_	_	_	_	_	_
531-5	PKP048	531	5	so	so	_	_	_	_	_	linguistic	_	ContainsVariation=No	_	_	_	_	_	_
531-6	PKP048	531	6	quale	quale	_	_	_	_	_	linguistic	_	ContainsVariation=No	_	_	_	_	_	_
531-7	PKP048	531	7	vecchie:tta	vecchietta	_	_	_	_	_	linguistic	_	ContainsVariation=No	_	_	6x1	_	_	_
531-8	PKP048	531	8	che	che	_	_	_	_	_	linguistic	_	ContainsVariation=No	_	_	_	_	_	_
531-9	PKP048	531	9	andava	andava	_	_	_	_	_	linguistic	_	ContainsVariation=No	_	_	_	_	_	_
531-10	PKP048	531	10	(pe:r)	per	_	_	_	_	_	linguistic	_	ContainsVariation=No	_	_	1x1	_	0-3(0)	_
531-11	PKP048	531	11	non	non	_	_	_	_	_	linguistic	_	ContainsVariation=No	_	_	_	_	_	_
531-12	PKP048	531	12	lo	lo	_	_	_	_	_	linguistic	_	ContainsVariation=No	_	_	_	_	_	_
531-13	PKP048	531	13	so	so	_	_	_	_	_	linguistic	_	ContainsVariation=No	_	End=1150.435	_	_	_	_
532-0	PKP048	532	0	(ho	ho	_	_	_	_	_	linguistic	_	ContainsVariation=No	_	Begin=1150.813	_	_	0-2(0)	_
532-1	PKP048	532	1	detto)	detto	_	_	_	_	_	linguistic	_	ContainsVariation=No	_	_	_	_	0-5(0)	_
532-2	PKP048	532	2	è	è	_	_	_	_	_	linguistic	_	ContainsVariation=No	_	_	_	_	_	_
532-3	PKP048	532	3	morta	morta	_	_	_	_	_	linguistic	_	ContainsVariation=No	_	_	_	_	_	_
532-4	PKP048	532	4	pro:prio?	proprio	_	_	_	_	_	linguistic	_	ContainsVariation=No	Intonation=Rising	End=1151.982	2x1	_	_	_
533-0	PKP040	533	0	boh	boh	_	_	_	_	_	linguistic	_	ContainsVariation=No	_	Begin=1155.12|End=1155.431	_	_	_	_
534-0	PKP048	534	0	penso	penso	_	_	_	_	_	linguistic	_	ContainsVariation=No	_	Begin=1156.561	_	_	_	_
534-1	PKP048	534	1	che	che	_	_	_	_	_	linguistic	_	ContainsVariation=No	_	_	_	_	_	_
534-2	PKP048	534	2	non	non	_	_	_	_	_	linguistic	_	ContainsVariation=No	_	_	_	_	_	_
534-3	PKP048	534	3	lo	lo	_	_	_	_	_	linguistic	_	ContainsVariation=No	_	_	_	_	_	_
534-4	PKP048	534	4	(prenoteranno)	prenoteranno	_	_	_	_	_	linguistic	_	ContainsVariation=No	_	_	_	_	0-12(0)	_
534-5	PKP048	534	5	non	non	_	_	_	_	_	linguistic	_	ContainsVariation=No	_	_	_	_	_	_
534-6	PKP048	534	6	lo	lo	_	_	_	_	_	linguistic	_	ContainsVariation=No	_	_	_	_	_	_
534-7	PKP048	534	7	s[o	so	_	_	_	_	_	linguistic	_	ContainsVariation=No	_	_	_	_	_	1-2(134)
534-8	PKP048	534	8	io]	io	_	_	_	_	_	linguistic	_	ContainsVariation=No	_	End=1158.656	_	_	_	0-2(134)
535-0	PKP040	535	0	[eh	eh	_	_	_	_	_	linguistic	_	ContainsVariation=No	_	Begin=1158.273	_	_	_	0-2(134)
535-1	PKP040	535	1	be:h]	beh	_	_	_	_	_	linguistic	_	ContainsVariation=No	_	_	1x1	_	_	0-3(134)
535-2	PKP040	535	2	eh	eh	_	_	_	_	_	linguistic	_	ContainsVariation=No	_	End=1159.06	_	_	_	_
536-0	PKP040	536	0	che	che	_	_	_	_	_	linguistic	_	ContainsVariation=No	_	Begin=1160.683	_	_	_	_
536-1	PKP040	536	1	dici?	dici	_	_	_	_	_	linguistic	_	ContainsVariation=No	Intonation=Rising	End=1161.27	_	_	_	_
537-0	PKP048	537	0	poi	poi	_	_	_	_	_	linguistic	_	ContainsVariation=No	_	Begin=1172.482	_	_	_	_
537-1	PKP048	537	1	mi	mi	_	_	_	_	_	linguistic	_	ContainsVariation=No	_	_	_	_	_	_
537-2	PKP048	537	2	ha	ha	_	_	_	_	_	linguistic	_	ContainsVariation=No	_	_	_	_	_	_
537-3	PKP048	537	3	fatto	fatto	_	_	_	_	_	linguistic	_	ContainsVariation=No	_	_	_	_	_	_
537-4	PKP048	537	4	vedere	vedere	_	_	_	_	_	linguistic	_	ContainsVariation=No	_	_	_	_	_	_
537-5	PKP048	537	5	il	il	_	_	_	_	_	linguistic	_	ContainsVariation=No	_	_	_	_	_	_
537-6	PKP048	537	6	figlio	figlio	_	_	_	_	_	linguistic	_	ContainsVariation=No	_	End=1173.714	_	_	_	_
538-0	PKP048	538	0	io	io	_	_	_	_	_	linguistic	_	ContainsVariation=No	_	Begin=1175.44	_	_	_	_
538-1	PKP048	538	1	lo	lo	_	_	_	_	_	linguistic	_	ContainsVariation=No	_	_	_	_	_	_
538-2	PKP048	538	2	conosco	conosco	_	_	_	_	_	linguistic	_	ContainsVariation=No	_	_	_	_	_	_
538-3	PKP048	538	3	quando	quando	_	_	_	_	_	linguistic	_	ContainsVariation=No	_	_	_	_	_	_
538-4	PKP048	538	4	vado	vado	_	_	_	_	_	linguistic	_	ContainsVariation=No	_	_	_	_	_	_
538-5	PKP048	538	5	quelle	quelle	_	_	_	_	_	linguistic	_	ContainsVariation=No	_	_	_	_	_	_
538-6	PKP048	538	6	poche	poche	_	_	_	_	_	linguistic	_	ContainsVariation=No	_	_	_	_	_	_
538-7	PKP048	538	7	volte	volte	_	_	_	_	_	linguistic	_	ContainsVariation=No	_	_	_	_	_	_
538-8	PKP048	538	8	da	da	_	_	_	_	_	linguistic	_	ContainsVariation=No	_	_	_	_	_	_
538-9	PKP048	538	9	sergio	sergio	_	_	_	_	_	linguistic	_	ContainsVariation=No	_	End=1178.04	_	_	_	_
539-0	PKP048	539	0	c'	c'	_	_	_	_	_	linguistic	_	ContainsVariation=No	SpaceAfter=No	Begin=1178.211	_	_	_	_
539-1	PKP048	539	1	è	è	_	_	_	_	_	linguistic	_	ContainsVariation=No	_	_	_	_	_	_
539-2	PKP048	539	2	un	un	_	_	_	_	_	linguistic	_	ContainsVariation=No	_	_	_	_	_	_
539-3	PKP048	539	3	gatto	gatto	_	_	_	_	_	linguistic	_	ContainsVariation=No	_	_	_	_	_	_
539-4	PKP048	539	4	bianco	bianco	_	_	_	_	_	linguistic	_	ContainsVariation=No	_	_	_	_	_	_
539-5	PKP048	539	5	e	e	_	_	_	_	_	linguistic	_	ContainsVariation=No	_	_	_	_	_	_
539-6	PKP048	539	6	nero	nero	_	_	_	_	_	linguistic	_	ContainsVariation=No	_	End=1179.536	_	_	_	_
540-0	PKP040	540	0	mh	mh	_	_	_	_	_	linguistic	_	ContainsVariation=No	_	Begin=1179.898|End=1180.208	_	_	_	_
541-0	PKP048	541	0	eh	eh	_	_	_	_	_	linguistic	_	ContainsVariation=No	_	Begin=1180.538	_	_	_	_
541-1	PKP048	541	1	e	e	_	_	_	_	_	linguistic	_	ContainsVariation=No	_	_	_	_	_	_
541-2	PKP048	541	2	io	io	_	_	_	_	_	linguistic	_	ContainsVariation=No	_	_	_	_	_	_
541-3	PKP048	541	3	gli	gli	_	_	_	_	_	linguistic	_	ContainsVariation=No	_	_	_	_	_	_
541-4	PKP048	541	4	porto	porto	_	_	_	_	_	linguistic	_	ContainsVariation=No	_	_	_	_	_	_
541-5	PKP048	541	5	da	da	_	_	_	_	_	linguistic	_	ContainsVariation=No	_	_	_	_	_	_
541-6	PKP048	541	6	mangiare:,	mangiare	_	_	_	_	_	linguistic	_	ContainsVariation=No	Intonation=WeaklyRising	End=1182.027	7x1	_	_	_
542-0	PKP048	542	0	l'	l'	_	_	_	_	_	linguistic	_	ContainsVariation=No	SpaceAfter=No	Begin=1182.617	_	_	_	_
542-1	PKP048	542	1	umido	umido	_	_	_	_	_	linguistic	_	ContainsVariation=No	_	End=1183.159	_	_	_	_
543-0	PKP048	543	0	le	le	_	_	_	_	_	linguistic	_	ContainsVariation=No	_	Begin=1183.953	_	_	_	_
543-1	PKP048	543	1	metto	metto	_	_	_	_	_	linguistic	_	ContainsVariation=No	_	_	_	_	_	_
543-2	PKP048	543	2	l'	l'	_	_	_	_	_	linguistic	_	ContainsVariation=No	SpaceAfter=No	_	_	_	_	_
543-3	PKP048	543	3	acqua	acqua	_	_	_	_	_	linguistic	_	ContainsVariation=No	_	End=1184.967	_	_	_	_
544-0	PKP048	544	0	e::	e	_	_	_	_	_	linguistic	_	ContainsVariation=No	_	Begin=1185.925	0x2	_	_	_
544-1	PKP048	544	1	ha	ha	_	_	_	_	_	linguistic	_	ContainsVariation=No	_	_	_	_	_	_
544-2	PKP048	544	2	fatto	fatto	_	_	_	_	_	linguistic	_	ContainsVariation=No	_	_	_	_	_	_
544-3	PKP048	544	3	il	il	_	_	_	_	_	linguistic	_	ContainsVariation=No	_	_	_	_	_	_
544-4	PKP048	544	4	video	video	_	_	_	_	_	linguistic	_	ContainsVariation=No	_	_	_	_	_	_
544-5	PKP048	544	5	ieri,	ieri	_	_	_	_	_	linguistic	_	ContainsVariation=No	Intonation=WeaklyRising	End=1187.67	_	_	_	_
545-0	PKP048	545	0	o	o	_	_	_	_	_	linguistic	_	ContainsVariation=No	_	Begin=1187.772	_	_	_	_
545-1	PKP048	545	1	ieri	ieri	_	_	_	_	_	linguistic	_	ContainsVariation=No	_	_	_	_	_	_
545-2	PKP048	545	2	quando	quando	_	_	_	_	_	linguistic	_	ContainsVariation=No	_	_	_	_	_	_
545-3	PKP048	545	3	(è	è	_	_	_	_	_	linguistic	_	ContainsVariation=No	_	_	_	_	0-1(0)	_
545-4	PKP048	545	4	entrata)	entrata	_	_	_	_	_	linguistic	_	ContainsVariation=No	_	End=1188.799	_	_	0-7(0)	_
546-0	PKP040	546	0	sì	sì	_	_	_	_	_	linguistic	_	ContainsVariation=No	_	Begin=1188.84	_	_	_	_
546-1	PKP040	546	1	l'	l'	_	_	_	_	_	linguistic	_	ContainsVariation=No	SpaceAfter=No	_	_	_	_	_
546-2	PKP040	546	2	ab[biamo	abbiamo	_	_	_	_	_	linguistic	_	ContainsVariation=No	_	_	_	_	_	1-7(135)
546-3	PKP040	546	3	vi:sto]	visto	_	_	_	_	_	linguistic	_	ContainsVariation=No	_	End=1189.86	1x1	_	_	0-5(135)
547-0	PKP041	547	0	[l'	l'	_	_	_	_	_	linguistic	_	ContainsVariation=No	SpaceAfter=No	Begin=1189.13	_	_	_	0-2(135)
547-1	PKP041	547	1	abbiamo	abbiamo	_	_	_	_	_	linguistic	_	ContainsVariation=No	_	_	_	_	_	0-7(135)
547-2	PKP041	547	2	visto]	visto	_	_	_	_	_	linguistic	_	ContainsVariation=No	_	End=1189.9	_	_	_	0-5(135)
548-0	PKP048	548	0	eh	eh	_	_	_	_	_	linguistic	_	ContainsVariation=No	_	Begin=1189.9|End=1190.16	_	_	_	_
549-0	PKP048	549	0	che	che	_	_	_	_	_	linguistic	_	ContainsVariation=No	_	Begin=1190.36	_	_	_	_
549-1	PKP048	549	1	lei	lei	_	_	_	_	_	linguistic	_	ContainsVariation=No	_	_	_	_	_	_
549-2	PKP048	549	2	chiama:va	chiamava	_	_	_	_	_	linguistic	_	ContainsVariation=No	_	_	5x1	_	_	_
549-3	PKP048	549	3	e	e	_	_	_	_	_	linguistic	_	ContainsVariation=No	_	_	_	_	_	_
549-4	PKP048	549	4	lui	lui	_	_	_	_	_	linguistic	_	ContainsVariation=No	_	_	_	_	_	_
549-5	PKP048	549	5	la	la	_	_	_	_	_	linguistic	_	ContainsVariation=No	_	_	_	_	_	_
549-6	PKP048	549	6	seguiva:	seguiva	_	_	_	_	_	linguistic	_	ContainsVariation=No	_	End=1192.56	6x1	_	_	_
550-0	PKP048	550	0	con	con	_	_	_	_	_	linguistic	_	ContainsVariation=No	_	Begin=1192.855	_	_	_	_
550-1	PKP048	550	1	sto	sto	_	_	_	_	_	linguistic	_	ContainsVariation=No	_	_	_	_	_	_
550-2	PKP048	550	2	(vi~	vi~	_	_	_	_	_	linguistic	_	ContainsVariation=No	Interrupted=Yes	_	_	_	0-3(0)	_
550-3	PKP048	550	3	ha	ha	_	_	_	_	_	linguistic	_	ContainsVariation=No	_	_	_	_	0-2(0)	_
550-4	PKP048	550	4	fatto	fatto	_	_	_	_	_	linguistic	_	ContainsVariation=No	_	_	_	_	0-5(0)	_
550-5	PKP048	550	5	il	il	_	_	_	_	_	linguistic	_	ContainsVariation=No	_	_	_	_	0-2(0)	_
550-6	PKP048	550	6	video)	video	_	_	_	_	_	linguistic	_	ContainsVariation=No	_	_	_	_	0-5(0)	_
550-7	PKP048	550	7	di	di	_	_	_	_	_	linguistic	_	ContainsVariation=No	_	_	_	_	_	_
550-8	PKP048	550	8	que:sto	questo	_	_	_	_	_	linguistic	_	ContainsVariation=No	_	_	2x1	_	_	_
550-9	PKP048	550	9	di	di	_	_	_	_	_	linguistic	_	ContainsVariation=No	_	_	_	_	_	_
550-10	PKP048	550	10	que:llo	quello	_	_	_	_	_	linguistic	_	ContainsVariation=No	_	_	2x1	_	_	_
550-11	PKP048	550	11	e	e	_	_	_	_	_	linguistic	_	ContainsVariation=No	_	_	_	_	_	_
550-12	PKP048	550	12	quell'	quell'	_	_	_	_	_	linguistic	_	ContainsVariation=No	SpaceAfter=No	_	_	_	_	_
550-13	PKP048	550	13	al(tro)	altro	_	_	_	_	_	linguistic	_	ContainsVariation=No	_	End=1195.445	_	_	1-5(1)	_
551-0	PKP048	551	0	per	per	_	_	_	_	_	linguistic	_	ContainsVariation=No	_	Begin=1195.975	_	_	_	_
551-1	PKP048	551	1	forza	forza	_	_	_	_	_	linguistic	_	ContainsVariation=No	_	_	_	_	_	_
551-2	PKP048	551	2	l'	l'	_	_	_	_	_	linguistic	_	ContainsVariation=No	SpaceAfter=No	_	_	_	_	_
551-3	PKP048	551	3	ha	ha	_	_	_	_	_	linguistic	_	ContainsVariation=No	_	_	_	_	_	_
551-4	PKP048	551	4	consuma:to	consumato	_	_	_	_	_	linguistic	_	ContainsVariation=No	_	_	6x1	_	_	_
551-5	PKP048	551	5	(il	il	_	_	_	_	_	linguistic	_	ContainsVariation=No	_	_	_	_	0-2(0)	_
551-6	PKP048	551	6	telefono)	telefono	_	_	_	_	_	linguistic	_	ContainsVariation=No	_	End=1197.796	_	_	0-8(0)	_
552-0	PKP048	552	0	e	e	_	_	_	_	_	linguistic	_	ContainsVariation=No	_	Begin=1203.63	_	_	_	_
552-1	PKP048	552	1	tutti	tutti	_	_	_	_	_	linguistic	_	ContainsVariation=No	_	_	_	_	_	_
552-2	PKP048	552	2	i	i	_	_	_	_	_	linguistic	_	ContainsVariation=No	_	_	_	_	_	_
552-3	PKP048	552	3	pe:sci	pesci	_	_	_	_	_	linguistic	_	ContainsVariation=No	_	_	1x1	_	_	_
552-4	PKP048	552	4	la	la	_	_	_	_	_	linguistic	_	ContainsVariation=No	_	_	_	_	_	_
552-5	PKP048	552	5	fotografia	fotografia	_	_	_	_	_	linguistic	_	ContainsVariation=No	_	_	_	_	_	_
552-6	PKP048	552	6	con	con	_	_	_	_	_	linguistic	_	ContainsVariation=No	_	_	_	_	_	_
552-7	PKP048	552	7	(to)	to	_	_	_	_	_	linguistic	_	ContainsVariation=No	_	_	_	_	0-2(0)	_
552-8	PKP048	552	8	il	il	_	_	_	_	_	linguistic	_	ContainsVariation=No	_	_	_	_	_	_
552-9	PKP048	552	9	pe:sce	pesce	_	_	_	_	_	linguistic	_	ContainsVariation=No	_	End=1206.47	1x1	_	_	_
553-0	PKP040	553	0	ma	ma	_	_	_	_	_	linguistic	_	ContainsVariation=No	_	Begin=1206.47	_	_	_	_
553-1	PKP040	553	1	ma	ma	_	_	_	_	_	linguistic	_	ContainsVariation=No	_	_	_	_	_	_
553-2	PKP040	553	2	non	non	_	_	_	_	_	linguistic	_	ContainsVariation=No	_	_	_	_	_	_
553-3	PKP040	553	3	parla'	parla'	_	_	_	_	_	linguistic	_	ContainsVariation=No	Truncated=Yes	_	_	_	_	_
553-4	PKP040	553	4	sempre	sempre	_	_	_	_	_	linguistic	_	ContainsVariation=No	_	_	_	_	_	_
553-5	PKP040	553	5	se	se	_	_	_	_	_	linguistic	_	ContainsVariation=No	_	_	_	_	_	_
553-6	PKP040	553	6	no	no	_	_	_	_	_	linguistic	_	ContainsVariation=No	_	_	_	_	_	_
553-7	PKP040	553	7	non	non	_	_	_	_	_	linguistic	_	ContainsVariation=No	_	_	_	_	_	_
553-8	PKP040	553	8	ci	ci	_	_	_	_	_	linguistic	_	ContainsVariation=No	_	_	_	_	_	_
553-9	PKP040	553	9	spicci	spicci	_	_	_	_	_	linguistic	_	ContainsVariation=No	_	_	_	_	_	_
553-10	PKP040	553	10	più	più	_	_	_	_	_	linguistic	_	ContainsVariation=No	_	_	_	_	_	_
553-11	PKP040	553	11	di	di	_	_	_	_	_	linguistic	_	ContainsVariation=No	_	_	_	_	_	_
553-12	PKP040	553	12	mangiare	mangiare	_	_	_	_	_	linguistic	_	ContainsVariation=No	_	End=1209.306	_	_	_	_
554-0	PKP041	554	0	((ride))	((ride))	_	_	_	_	_	nonverbalbehavior	_	ContainsVariation=No	_	Begin=1209.96|End=1210.57	_	_	_	_
555-0	PKP048	555	0	<io	io	_	_	_	_	_	linguistic	_	ContainsVariation=No	_	Begin=1210.82	_	Slow=0-2(0)	_	_
555-1	PKP048	555	1	sono	sono	_	_	_	_	_	linguistic	_	ContainsVariation=No	_	_	_	Slow=0-4(0)	_	_
555-2	PKP048	555	2	lenta>	lenta	_	_	_	_	_	linguistic	_	ContainsVariation=No	_	End=1211.867	_	Slow=0-5(0)	_	_
556-0	PKP048	556	0	poi	poi	_	_	_	_	_	linguistic	_	ContainsVariation=No	_	Begin=1212.308	_	_	_	_
556-1	PKP048	556	1	tu	tu	_	_	_	_	_	linguistic	_	ContainsVariation=No	_	_	_	_	_	_
556-2	PKP048	556	2	quanto	quanto	_	_	_	_	_	linguistic	_	ContainsVariation=No	_	_	_	_	_	_
556-3	PKP048	556	3	c'	c'	_	_	_	_	_	linguistic	_	ContainsVariation=No	SpaceAfter=No	_	_	_	_	_
556-4	PKP048	556	4	[hai	hai	_	_	_	_	_	linguistic	_	ContainsVariation=No	_	_	_	_	_	0-3(136)
556-5	PKP048	556	5	(da	da	_	_	_	_	_	linguistic	_	ContainsVariation=No	_	_	_	_	0-2(0)	0-2(136)
556-6	PKP048	556	6	fare)]	fare	_	_	_	_	_	linguistic	_	ContainsVariation=No	_	End=1213.136	_	_	0-4(0)	0-4(136)
557-0	PKP040	557	0	[(ti	ti	_	_	_	_	_	linguistic	_	ContainsVariation=No	_	Begin=1212.767	_	_	0-2(0)	0-2(136)
557-1	PKP040	557	1	pa]re)	pare	_	_	_	_	_	linguistic	_	ContainsVariation=No	_	_	_	_	0-4(0)	0-2(136)
557-2	PKP040	557	2	che	che	_	_	_	_	_	linguistic	_	ContainsVariation=No	_	_	_	_	_	_
557-3	PKP040	557	3	pure	pure	_	_	_	_	_	linguistic	_	ContainsVariation=No	_	_	_	_	_	_
557-4	PKP040	557	4	antonio	antonio	_	_	_	_	_	linguistic	_	ContainsVariation=No	_	_	_	_	_	_
557-5	PKP040	557	5	è	è	_	_	_	_	_	linguistic	_	ContainsVariation=No	_	_	_	_	_	_
557-6	PKP040	557	6	lento	lento	_	_	_	_	_	linguistic	_	ContainsVariation=No	PauseAfter=Yes	_	_	_	_	_
557-7	PKP040	557	7	(.)	(.)	_	_	_	_	_	shortpause	_	ContainsVariation=No	_	_	_	_	_	_
557-8	PKP040	557	8	ma	ma	_	_	_	_	_	linguistic	_	ContainsVariation=No	_	_	_	_	_	_
557-9	PKP040	557	9	non	non	_	_	_	_	_	linguistic	_	ContainsVariation=No	_	_	_	_	_	_
557-10	PKP040	557	10	è	è	_	_	_	_	_	linguistic	_	ContainsVariation=No	_	_	_	_	_	_
557-11	PKP040	557	11	che	che	_	_	_	_	_	linguistic	_	ContainsVariation=No	_	_	_	_	_	_
557-12	PKP040	557	12	è	è	_	_	_	_	_	linguistic	_	ContainsVariation=No	_	_	_	_	_	_
557-13	PKP040	557	13	lento	lento	_	_	_	_	_	linguistic	_	ContainsVariation=No	PauseAfter=Yes	_	_	_	_	_
557-14	PKP040	557	14	(.)	(.)	_	_	_	_	_	shortpause	_	ContainsVariation=No	_	_	_	_	_	_
557-15	PKP040	557	15	è	è	_	_	_	_	_	linguistic	_	ContainsVariation=No	_	_	_	_	_	_
557-16	PKP040	557	16	che	che	_	_	_	_	_	linguistic	_	ContainsVariation=No	_	_	_	_	_	_
557-17	PKP040	557	17	parla	parla	_	_	_	_	_	linguistic	_	ContainsVariation=No	_	_	_	_	_	_
557-18	PKP040	557	18	sempre	sempre	_	_	_	_	_	linguistic	_	ContainsVariation=No	_	End=1216.403	_	_	_	_
558-0	PKP040	558	0	e	e	_	_	_	_	_	linguistic	_	ContainsVariation=No	_	Begin=1217.46	_	_	_	_
558-1	PKP040	558	1	l'	l'	_	_	_	_	_	linguistic	_	ContainsVariation=No	SpaceAfter=No	_	_	_	_	_
558-2	PKP040	558	2	altra	altra	_	_	_	_	_	linguistic	_	ContainsVariation=No	_	_	_	_	_	_
558-3	PKP040	558	3	sera	sera	_	_	_	_	_	linguistic	_	ContainsVariation=No	_	_	_	_	_	_
558-4	PKP040	558	4	papà	papà	_	_	_	_	_	linguistic	_	ContainsVariation=No	_	_	_	_	_	_
558-5	PKP040	558	5	l'	l'	_	_	_	_	_	linguistic	_	ContainsVariation=No	SpaceAfter=No	_	_	_	_	_
558-6	PKP040	558	6	ha	ha	_	_	_	_	_	linguistic	_	ContainsVariation=No	_	_	_	_	_	_
558-7	PKP040	558	7	frega:to	fregato	_	_	_	_	_	linguistic	_	ContainsVariation=No	_	End=1219.061	4x1	_	_	_
559-0	PKP040	559	0	((ride))	((ride))	_	_	_	_	_	nonverbalbehavior	_	ContainsVariation=No	_	Begin=1219.185|End=1219.952	_	_	_	_
560-0	PKP041	560	0	perché?	perché	_	_	_	_	_	linguistic	_	ContainsVariation=No	Intonation=Rising	Begin=1220.063|End=1220.42	_	_	_	_
561-0	PKP040	561	0	perché	perché	_	_	_	_	_	linguistic	_	ContainsVariation=No	_	Begin=1220.42	_	_	_	_
561-1	PKP040	561	1	lui	lui	_	_	_	_	_	linguistic	_	ContainsVariation=No	_	_	_	_	_	_
561-2	PKP040	561	2	parla:va	parlava	_	_	_	_	_	linguistic	_	ContainsVariation=No	_	End=1221.478	4x1	_	_	_
562-0	PKP040	562	0	e	e	_	_	_	_	_	linguistic	_	ContainsVariation=No	_	Begin=1221.774	_	_	_	_
562-1	PKP040	562	1	papà	papà	_	_	_	_	_	linguistic	_	ContainsVariation=No	_	_	_	_	_	_
562-2	PKP040	562	2	man[gia:va][:]	mangiava	_	_	_	_	_	linguistic	_	ContainsVariation=No	_	End=1223.097	5x1,7x1	_	_	3-8(137)
563-0	PKP041	563	0	[a::h]	ah	_	_	_	_	_	linguistic	_	ContainsVariation=No	_	Begin=1222.42|End=1222.892	0x2	_	_	0-2(137)
564-0	PKP041	564	0	[xx]xx	xxxx	_	_	_	_	_	unknown	_	ContainsVariation=No	Syllables=4	Begin=1222.961	_	_	_	0-2(138)
564-1	PKP041	564	1	xxxx	xxxx	_	_	_	_	_	unknown	_	ContainsVariation=No	Syllables=4	_	_	_	_	_
564-2	PKP041	564	2	mangiava	mangiava	_	_	_	_	_	linguistic	_	ContainsVariation=No	_	_	_	_	_	_
564-3	PKP041	564	3	tutta	tutta	_	_	_	_	_	linguistic	_	ContainsVariation=No	_	_	_	_	_	_
564-4	PKP041	564	4	quella	quella	_	_	_	_	_	linguistic	_	ContainsVariation=No	_	_	_	_	_	_
564-5	PKP041	564	5	roba	roba	_	_	_	_	_	linguistic	_	ContainsVariation=No	_	_	_	_	_	_
564-6	PKP041	564	6	lui	lui	_	_	_	_	_	linguistic	_	ContainsVariation=No	_	End=1225.604	_	_	_	_
565-0	PKP041	565	0	mo:	mo	_	_	_	_	_	linguistic	_	ContainsVariation=No	PauseAfter=Yes	Begin=1226.997	1x1	_	_	_
565-1	PKP041	565	1	(.)	(.)	_	_	_	_	_	shortpause	_	ContainsVariation=No	_	_	_	_	_	_
565-2	PKP041	565	2	gliel'	gliel'	_	_	_	_	_	linguistic	_	ContainsVariation=No	SpaceAfter=No	_	_	_	_	_
565-3	PKP041	565	3	abbiamo	abbiamo	_	_	_	_	_	linguistic	_	ContainsVariation=No	_	_	_	_	_	_
565-4	PKP041	565	4	fa:tto	fatto	_	_	_	_	_	linguistic	_	ContainsVariation=No	_	End=1228.571	1x1	_	_	_
566-0	PKP041	566	0	e::	e	_	_	_	_	_	linguistic	_	ContainsVariation=No	_	Begin=1229.939	0x2	_	_	_
566-1	PKP041	566	1	nel	nel	_	_	_	_	_	linguistic	_	ContainsVariation=No	_	_	_	_	_	_
566-2	PKP041	566	2	duemila:::	duemila	_	_	_	_	_	linguistic	_	ContainsVariation=No	_	_	6x3	_	_	_
566-3	PKP041	566	3	e	e	_	_	_	_	_	linguistic	_	ContainsVariation=No	_	End=1231.605	_	_	_	_
567-0	PKP040	567	0	ven[tuno]	ventuno	_	_	_	_	_	linguistic	_	ContainsVariation=No	_	Begin=1231.917|End=1232.605	_	_	_	3-7(139)
568-0	PKP041	568	0	[quaranta]:::sette	quarantasette	_	_	_	_	_	linguistic	_	ContainsVariation=No	_	Begin=1232.186|End=1233.586	7x3	_	_	0-8(139)
569-0	PKP040	569	0	((ride))	((ride))	_	_	_	_	_	nonverbalbehavior	_	ContainsVariation=No	_	Begin=1233.071|End=1233.689	_	_	_	_
570-0	PKP041	570	0	io	io	_	_	_	_	_	linguistic	_	ContainsVariation=No	_	Begin=1237.43	_	_	_	_
570-1	PKP041	570	1	avrò	avrò	_	_	_	_	_	linguistic	_	ContainsVariation=No	_	_	_	_	_	_
570-2	PKP041	570	2	quarantott'	quarantott'	_	_	_	_	_	linguistic	_	ContainsVariation=No	SpaceAfter=No	_	_	_	_	_
570-3	PKP041	570	3	anni	anni	_	_	_	_	_	linguistic	_	ContainsVariation=No	_	End=1238.725	_	_	_	_
571-0	PKP040	571	0	xx:::	xx	_	_	_	_	_	linguistic	_	ContainsVariation=No	_	Begin=1238.762	1x3	_	_	_
571-1	PKP040	571	1	io	io	_	_	_	_	_	linguistic	_	ContainsVariation=No	_	_	_	_	_	_
571-2	PKP040	571	2	non	non	_	_	_	_	_	linguistic	_	ContainsVariation=No	_	_	_	_	_	_
571-3	PKP040	571	3	ci	ci	_	_	_	_	_	linguistic	_	ContainsVariation=No	_	_	_	_	_	_
571-4	PKP040	571	4	sarò::	sarò	_	_	_	_	_	linguistic	_	ContainsVariation=No	_	End=1240.423	3x2	_	_	_
572-0	PKP041	572	0	è	è	_	_	_	_	_	linguistic	_	ContainsVariation=No	_	Begin=1240.987	_	_	_	_
572-1	PKP041	572	1	xx	xx	_	_	_	_	_	unknown	_	ContainsVariation=No	Syllables=2	End=1241.855	_	_	_	_
573-0	PKP041	573	0	quanto	quanto	_	_	_	_	_	linguistic	_	ContainsVariation=No	_	Begin=1242.876	_	_	_	_
573-1	PKP041	573	1	ci	ci	_	_	_	_	_	linguistic	_	ContainsVariation=No	_	_	_	_	_	_
573-2	PKP041	573	2	passiamo?	passiamo	_	_	_	_	_	linguistic	_	ContainsVariation=No	Intonation=Rising	End=1243.821	_	_	_	_
574-0	PKP040	574	0	trentadue	trentadue	_	_	_	_	_	linguistic	_	ContainsVariation=No	_	Begin=1244.773|End=1245.36	_	_	_	_
575-0	PKP041	575	0	trentadue	trentadue	_	_	_	_	_	linguistic	_	ContainsVariation=No	_	Begin=1252.163	_	_	_	_
575-1	PKP041	575	1	a:[nni	anni	_	_	_	_	_	linguistic	_	ContainsVariation=No	_	_	0x1	_	_	1-4(141)
575-2	PKP041	575	2	avrai]?	avrai	_	_	_	_	_	linguistic	_	ContainsVariation=No	Intonation=Rising	End=1253.354	_	_	_	0-5(141)
576-0	PKP040	576	0	[x:x]x	xxx	_	_	_	_	_	linguistic	_	ContainsVariation=No	_	Begin=1252.813|End=1253.729	0x1	_	_	0-2(141)
577-0	PKP040	577	0	x:	x	_	_	_	_	_	linguistic	_	ContainsVariation=No	_	Begin=1254.016|End=1254.49	0x1	_	_	_
578-0	PKP040	578	0	x	x	_	_	_	_	_	unknown	_	ContainsVariation=No	Syllables=1	Begin=1255.193|End=1255.49	_	_	_	_
579-0	PKP041	579	0	°(per	per	_	_	_	_	_	linguistic	_	ContainsVariation=No	Volume=low	Begin=1261.59	_	_	0-3(0)	_
579-1	PKP041	579	1	il)	il	_	_	_	_	_	linguistic	_	ContainsVariation=No	Volume=low	_	_	_	0-2(0)	_
579-2	PKP041	579	2	xx?°	xx	_	_	_	_	_	linguistic	_	ContainsVariation=No	Intonation=Rising|Volume=low	End=1262.316	_	_	_	_
580-0	PKP039	580	0	pomeriggio	pomeriggio	_	_	_	_	_	linguistic	_	ContainsVariation=No	_	Begin=1264.238	_	_	_	_
580-1	PKP039	580	1	mi	mi	_	_	_	_	_	linguistic	_	ContainsVariation=No	_	_	_	_	_	_
580-2	PKP039	580	2	metto	metto	_	_	_	_	_	linguistic	_	ContainsVariation=No	_	_	_	_	_	_
580-3	PKP039	580	3	nel	nel	_	_	_	_	_	linguistic	_	ContainsVariation=No	_	_	_	_	_	_
580-4	PKP039	580	4	le:tto	letto	_	_	_	_	_	linguistic	_	ContainsVariation=No	PauseAfter=Yes	_	1x1	_	_	_
580-5	PKP039	580	5	(.)	(.)	_	_	_	_	_	shortpause	_	ContainsVariation=No	_	_	_	_	_	_
580-6	PKP039	580	6	con	con	_	_	_	_	_	linguistic	_	ContainsVariation=No	_	_	_	_	_	_
580-7	PKP039	580	7	la	la	_	_	_	_	_	linguistic	_	ContainsVariation=No	_	_	_	_	_	_
580-8	PKP039	580	8	coper:ta	coperta	_	_	_	_	_	linguistic	_	ContainsVariation=No	PauseAfter=Yes	_	4x1	_	_	_
580-9	PKP039	580	9	(.)	(.)	_	_	_	_	_	shortpause	_	ContainsVariation=No	_	_	_	_	_	_
580-10	PKP039	580	10	con	con	_	_	_	_	_	linguistic	_	ContainsVariation=No	_	_	_	_	_	_
580-11	PKP039	580	11	xxx	xxx	_	_	_	_	_	unknown	_	ContainsVariation=No	Syllables=3	_	_	_	_	_
580-12	PKP039	580	12	il	il	_	_	_	_	_	linguistic	_	ContainsVariation=No	_	_	_	_	_	_
580-13	PKP039	580	13	materasso	materasso	_	_	_	_	_	linguistic	_	ContainsVariation=No	_	_	_	_	_	_
580-14	PKP039	580	14	caldo	caldo	_	_	_	_	_	linguistic	_	ContainsVariation=No	_	End=1269.447	_	_	_	_
581-0	PKP041	581	0	e	e	_	_	_	_	_	linguistic	_	ContainsVariation=No	_	Begin=1269.757	_	_	_	_
581-1	PKP041	581	1	la	la	_	_	_	_	_	linguistic	_	ContainsVariation=No	_	_	_	_	_	_
581-2	PKP041	581	2	candela	candela	_	_	_	_	_	linguistic	_	ContainsVariation=No	_	_	_	_	_	_
581-3	PKP041	581	3	non	non	_	_	_	_	_	linguistic	_	ContainsVariation=No	_	_	_	_	_	_
581-4	PKP041	581	4	te	te	_	_	_	_	_	linguistic	_	ContainsVariation=No	_	_	_	_	_	_
581-5	PKP041	581	5	l'	l'	_	_	_	_	_	linguistic	_	ContainsVariation=No	SpaceAfter=No	_	_	_	_	_
581-6	PKP041	581	6	accendi?	accendi	_	_	_	_	_	linguistic	_	ContainsVariation=No	Intonation=Rising	End=1271.372	_	_	_	_
582-0	PKP048	582	0	hai	hai	_	_	_	_	_	linguistic	_	ContainsVariation=No	_	Begin=1271.589	_	_	_	_
582-1	PKP048	582	1	visto	visto	_	_	_	_	_	linguistic	_	ContainsVariation=No	_	_	_	_	_	_
582-2	PKP048	582	2	che	che	_	_	_	_	_	linguistic	_	ContainsVariation=No	_	_	_	_	_	_
582-3	PKP048	582	3	bel	bel	_	_	_	_	_	linguistic	_	ContainsVariation=No	_	_	_	_	_	_
582-4	PKP048	582	4	regalo	regalo	_	_	_	_	_	linguistic	_	ContainsVariation=No	_	_	_	_	_	_
582-5	PKP048	582	5	che	che	_	_	_	_	_	linguistic	_	ContainsVariation=No	_	_	_	_	_	_
582-6	PKP048	582	6	t'	t'	_	_	_	_	_	linguistic	_	ContainsVariation=No	SpaceAfter=No	_	_	_	_	_
582-7	PKP048	582	7	ha	ha	_	_	_	_	_	linguistic	_	ContainsVariation=No	_	_	_	_	_	_
582-8	PKP048	582	8	fatto	fatto	_	_	_	_	_	linguistic	_	ContainsVariation=No	_	_	_	_	_	_
582-9	PKP048	582	9	la	la	_	_	_	_	_	linguistic	_	ContainsVariation=No	_	_	_	_	_	_
582-10	PKP048	582	10	s[uocera]	suocera	_	_	_	_	_	linguistic	_	ContainsVariation=No	_	End=1273.977	_	_	_	0-7(142)
583-0	PKP039	583	0	[xxxx]	xxxx	_	_	_	_	_	unknown	_	ContainsVariation=No	Syllables=4	Begin=1273.328	_	_	_	0-4(142)
583-1	PKP039	583	1	non	non	_	_	_	_	_	linguistic	_	ContainsVariation=No	_	_	_	_	_	_
583-2	PKP039	583	2	ce	ce	_	_	_	_	_	linguistic	_	ContainsVariation=No	_	_	_	_	_	_
583-3	PKP039	583	3	sta	sta	_	_	_	_	_	linguistic	_	ContainsVariation=No	_	_	_	_	_	_
583-4	PKP039	583	4	(la	la	_	_	_	_	_	linguistic	_	ContainsVariation=No	_	_	_	_	0-2(0)	_
583-5	PKP039	583	5	candela)	candela	_	_	_	_	_	linguistic	_	ContainsVariation=No	_	End=1275.359	_	_	0-7(0)	_
584-0	PKP041	584	0	che	che	_	_	_	_	_	linguistic	_	ContainsVariation=No	_	Begin=1275.777	_	_	_	_
584-1	PKP041	584	1	gli	gli	_	_	_	_	_	linguistic	_	ContainsVariation=No	_	_	_	_	_	_
584-2	PKP041	584	2	hai	hai	_	_	_	_	_	linguistic	_	ContainsVariation=No	_	_	_	_	_	_
584-3	PKP041	584	3	regalato?	regalato	_	_	_	_	_	linguistic	_	ContainsVariation=No	Intonation=Rising	End=1276.575	_	_	_	_
585-0	PKP040	585	0	>xxxxxx	xxxxxx	_	_	_	_	_	unknown	_	ContainsVariation=No	Syllables=6	Begin=1276.76	_	Fast=0-6(0)	_	_
585-1	PKP040	585	1	(ha	ha	_	_	_	_	_	linguistic	_	ContainsVariation=No	_	_	_	Fast=0-2(0)	0-2(0)	_
585-2	PKP040	585	2	preso	preso	_	_	_	_	_	linguistic	_	ContainsVariation=No	_	_	_	Fast=0-5(0)	0-5(0)	_
585-3	PKP040	585	3	i	i	_	_	_	_	_	linguistic	_	ContainsVariation=No	_	_	_	Fast=0-1(0)	0-1(0)	_
585-4	PKP040	585	4	fiori)<	fiori	_	_	_	_	_	linguistic	_	ContainsVariation=No	_	End=1278.17	_	Fast=0-5(0)	0-5(0)	_
586-0	PKP048	586	0	x[xxxxxxxxxxxxx]	xxxxxxxxxxxxxx	_	_	_	_	_	unknown	_	ContainsVariation=No	Syllables=14	Begin=1278.5|End=1280.553	_	_	_	1-14(143)
587-0	PKP040	587	0	[xxx	xxx	_	_	_	_	_	unknown	_	ContainsVariation=No	Syllables=3	Begin=1278.59	_	_	_	0-3(143)
587-1	PKP040	587	1	I:O	io	_	_	_	_	_	linguistic	_	ContainsVariation=No	Volume=high	_	0x1	_	_	0-2(143)
587-2	PKP040	587	2	invece	invece	_	_	_	_	_	linguistic	_	ContainsVariation=No	_	_	_	_	_	0-6(143)
587-3	PKP040	587	3	a	a	_	_	_	_	_	linguistic	_	ContainsVariation=No	_	_	_	_	_	0-1(143)
587-4	PKP040	587	4	tua	tua	_	_	_	_	_	linguistic	_	ContainsVariation=No	_	_	_	_	_	0-3(143)
587-5	PKP040	587	5	ma]dre	madre	_	_	_	_	_	linguistic	_	ContainsVariation=No	_	_	_	_	_	0-2(143)
587-6	PKP040	587	6	°uguale°	uguale	_	_	_	_	_	linguistic	_	ContainsVariation=No	Volume=low	End=1281.038	_	_	_	_
588-0	PKP040	588	0	(madun)	madun	_	_	_	_	_	linguistic	_	ContainsVariation=No	_	Begin=1281.86|End=1282.493	_	_	0-5(0)	_
589-0	PKP048	589	0	(paolo	paolo	_	_	_	_	_	linguistic	_	ContainsVariation=No	_	Begin=1282.881	_	_	0-5(0)	_
589-1	PKP048	589	1	è	è	_	_	_	_	_	linguistic	_	ContainsVariation=No	_	_	_	_	0-1(0)	_
589-2	PKP048	589	2	andato	andato	_	_	_	_	_	linguistic	_	ContainsVariation=No	_	_	_	_	0-6(0)	_
589-3	PKP048	589	3	a	a	_	_	_	_	_	linguistic	_	ContainsVariation=No	_	_	_	_	0-1(0)	_
589-4	PKP048	589	4	posare	posare	_	_	_	_	_	linguistic	_	ContainsVariation=No	_	_	_	_	0-6(0)	_
589-5	PKP048	589	5	la	la	_	_	_	_	_	linguistic	_	ContainsVariation=No	_	_	_	_	0-2(0)	_
589-6	PKP048	589	6	ca~)	ca~	_	_	_	_	_	linguistic	_	ContainsVariation=No	Interrupted=Yes	_	_	_	0-3(0)	_
589-7	PKP048	589	7	matrimonia:le?	matrimoniale	_	_	_	_	_	linguistic	_	ContainsVariation=No	Intonation=Rising	End=1284.771	9x1	_	_	_
590-0	PKP041	590	0	ma:mma	mamma	_	_	_	_	_	linguistic	_	ContainsVariation=No	_	Begin=1286.001	1x1	_	_	_
590-1	PKP041	590	1	stanotte	stanotte	_	_	_	_	_	linguistic	_	ContainsVariation=No	_	End=1287.154	_	_	_	_
591-0	PKP040	591	0	°ch'	ch'	_	_	_	_	_	linguistic	_	ContainsVariation=No	SpaceAfter=No|Volume=low	Begin=1287.41	_	_	_	_
591-1	PKP040	591	1	è	è	_	_	_	_	_	linguistic	_	ContainsVariation=No	Volume=low	_	_	_	_	_
591-2	PKP040	591	2	successo°	successo	_	_	_	_	_	linguistic	_	ContainsVariation=No	Volume=low	End=1288.198	_	_	_	_
592-0	PKP041	592	0	la	la	_	_	_	_	_	linguistic	_	ContainsVariation=No	_	Begin=1289.41	_	_	_	_
592-1	PKP041	592	1	coperta	coperta	_	_	_	_	_	linguistic	_	ContainsVariation=No	_	_	_	_	_	_
592-2	PKP041	592	2	mi:a	mia	_	_	_	_	_	linguistic	_	ContainsVariation=No	_	_	1x1	_	_	_
592-3	PKP041	592	3	s'	s'	_	_	_	_	_	linguistic	_	ContainsVariation=No	SpaceAfter=No	_	_	_	_	_
592-4	PKP041	592	4	era	era	_	_	_	_	_	linguistic	_	ContainsVariation=No	_	_	_	_	_	_
592-5	PKP041	592	5	tol[ta	tolta	_	_	_	_	_	linguistic	_	ContainsVariation=No	_	_	_	_	_	2-5(144)
592-6	PKP041	592	6	da:::]	da	_	_	_	_	_	linguistic	_	ContainsVariation=No	_	End=1291.902	1x3	_	_	0-2(144)
593-0	PKP040	593	0	[u:::h]	uh	_	_	_	_	_	linguistic	_	ContainsVariation=No	_	Begin=1290.861|End=1291.913	0x3	_	_	0-2(144)
594-0	PKP041	594	0	da	da	_	_	_	_	_	linguistic	_	ContainsVariation=No	_	Begin=1292.631	_	_	_	_
594-1	PKP041	594	1	da	da	_	_	_	_	_	linguistic	_	ContainsVariation=No	_	_	_	_	_	_
594-2	PKP041	594	2	da	da	_	_	_	_	_	linguistic	_	ContainsVariation=No	_	_	_	_	_	_
594-3	PKP041	594	3	giù::	giù	_	_	_	_	_	linguistic	_	ContainsVariation=No	_	_	2x2	_	_	_
594-4	PKP041	594	4	da	da	_	_	_	_	_	linguistic	_	ContainsVariation=No	_	_	_	_	_	_
594-5	PKP041	594	5	di	di	_	_	_	_	_	linguistic	_	ContainsVariation=No	_	_	_	_	_	_
594-6	PKP041	594	6	la::to::	lato	_	_	_	_	_	linguistic	_	ContainsVariation=No	_	End=1294.824	1x2,3x2	_	_	_
595-0	PKP040	595	0	da	da	_	_	_	_	_	linguistic	_	ContainsVariation=No	_	Begin=1295.608	_	_	_	_
595-1	PKP040	595	1	[xxx]	xxx	_	_	_	_	_	unknown	_	ContainsVariation=No	Syllables=3	End=1296.632	_	_	_	0-3(145)
596-0	PKP041	596	0	[a	a	_	_	_	_	_	linguistic	_	ContainsVariation=No	_	Begin=1295.72	_	_	_	0-1(145)
596-1	PKP041	596	1	un	un	_	_	_	_	_	linguistic	_	ContainsVariation=No	_	_	_	_	_	0-2(145)
596-2	PKP041	596	2	certo	certo	_	_	_	_	_	linguistic	_	ContainsVariation=No	_	_	_	_	_	0-5(145)
596-3	PKP041	596	3	punto	punto	_	_	_	_	_	linguistic	_	ContainsVariation=No	_	_	_	_	_	0-5(145)
596-4	PKP041	596	4	mi	mi	_	_	_	_	_	linguistic	_	ContainsVariation=No	_	_	_	_	_	0-2(145)
596-5	PKP041	596	5	sono	sono	_	_	_	_	_	linguistic	_	ContainsVariation=No	_	_	_	_	_	0-4(145)
596-6	PKP041	596	6	al]za:ta	alzata	_	_	_	_	_	linguistic	_	ContainsVariation=No	_	End=1297.272	3x1	_	_	0-2(145)
597-0	PKP041	597	0	mi	mi	_	_	_	_	_	linguistic	_	ContainsVariation=No	_	Begin=1297.387	_	_	_	_
597-1	PKP041	597	1	so'	so'	_	_	_	_	_	linguistic	_	ContainsVariation=No	Truncated=Yes	_	_	_	_	_
597-2	PKP041	597	2	alzata	alzata	_	_	_	_	_	linguistic	_	ContainsVariation=No	PauseAfter=Yes	_	_	_	_	_
597-3	PKP041	597	3	(.)	(.)	_	_	_	_	_	shortpause	_	ContainsVariation=No	_	_	_	_	_	_
597-4	PKP041	597	4	e:	e	_	_	_	_	_	linguistic	_	ContainsVariation=No	_	_	0x1	_	_	_
597-5	PKP041	597	5	ho	ho	_	_	_	_	_	linguistic	_	ContainsVariation=No	_	_	_	_	_	_
597-6	PKP041	597	6	rifatto	rifatto	_	_	_	_	_	linguistic	_	ContainsVariation=No	_	_	_	_	_	_
597-7	PKP041	597	7	il	il	_	_	_	_	_	linguistic	_	ContainsVariation=No	_	_	_	_	_	_
597-8	PKP041	597	8	letto	letto	_	_	_	_	_	linguistic	_	ContainsVariation=No	_	End=1299.38	_	_	_	_
598-0	PKP040	598	0	e	e	_	_	_	_	_	linguistic	_	ContainsVariation=No	_	Begin=1299.411	_	_	_	_
598-1	PKP040	598	1	giu:sto	giusto	_	_	_	_	_	linguistic	_	ContainsVariation=No	_	_	2x1	_	_	_
598-2	PKP040	598	2	hai	hai	_	_	_	_	_	linguistic	_	ContainsVariation=No	_	_	_	_	_	_
598-3	PKP040	598	3	fatto	fatto	_	_	_	_	_	linguistic	_	ContainsVariation=No	_	_	_	_	_	_
598-4	PKP040	598	4	bene	bene	_	_	_	_	_	linguistic	_	ContainsVariation=No	_	End=1300.668	_	_	_	_
599-0	PKP041	599	0	se	se	_	_	_	_	_	linguistic	_	ContainsVariation=No	_	Begin=1300.668	_	_	_	_
599-1	PKP041	599	1	no:	no	_	_	_	_	_	linguistic	_	ContainsVariation=No	_	_	1x1	_	_	_
599-2	PKP041	599	2	non	non	_	_	_	_	_	linguistic	_	ContainsVariation=No	_	_	_	_	_	_
599-3	PKP041	599	3	prendevo	prendevo	_	_	_	_	_	linguistic	_	ContainsVariation=No	_	_	_	_	_	_
599-4	PKP041	599	4	più	più	_	_	_	_	_	linguistic	_	ContainsVariation=No	_	_	_	_	_	_
599-5	PKP041	599	5	sonno	sonno	_	_	_	_	_	linguistic	_	ContainsVariation=No	_	End=1302.141	_	_	_	_
600-0	PKP040	600	0	mo	mo	_	_	_	_	_	linguistic	_	ContainsVariation=No	_	Begin=1303.188	_	_	_	_
600-1	PKP040	600	1	vediamo	vediamo	_	_	_	_	_	linguistic	_	ContainsVariation=No	_	_	_	_	_	_
600-2	PKP040	600	2	che	che	_	_	_	_	_	linguistic	_	ContainsVariation=No	_	_	_	_	_	_
600-3	PKP040	600	3	se	se	_	_	_	_	_	linguistic	_	ContainsVariation=No	_	_	_	_	_	_
600-4	PKP040	600	4	no	no	_	_	_	_	_	linguistic	_	ContainsVariation=No	_	_	_	_	_	_
600-5	PKP040	600	5	gli	gli	_	_	_	_	_	linguistic	_	ContainsVariation=No	_	_	_	_	_	_
600-6	PKP040	600	6	faccio	faccio	_	_	_	_	_	linguistic	_	ContainsVariation=No	_	_	_	_	_	_
600-7	PKP040	600	7	una	una	_	_	_	_	_	linguistic	_	ContainsVariation=No	_	_	_	_	_	_
600-8	PKP040	600	8	prolunga	prolunga	_	_	_	_	_	linguistic	_	ContainsVariation=No	_	_	_	_	_	_
600-9	PKP040	600	9	così	così	_	_	_	_	_	linguistic	_	ContainsVariation=No	_	_	_	_	_	_
600-10	PKP040	600	10	te	te	_	_	_	_	_	linguistic	_	ContainsVariation=No	_	_	_	_	_	_
600-11	PKP040	600	11	lo	lo	_	_	_	_	_	linguistic	_	ContainsVariation=No	_	_	_	_	_	_
600-12	PKP040	600	12	ribbalto	ribbalto	_	_	_	_	_	linguistic	_	ContainsVariation=No	_	End=1306.208	_	_	_	_
601-0	PKP041	601	0	no::	no	_	_	_	_	_	linguistic	_	ContainsVariation=No	_	Begin=1308.3	1x2	_	_	_
601-1	PKP041	601	1	è	è	_	_	_	_	_	linguistic	_	ContainsVariation=No	_	_	_	_	_	_
601-2	PKP041	601	2	che::	che	_	_	_	_	_	linguistic	_	ContainsVariation=No	_	End=1309.455	2x2	_	_	_
602-0	PKP041	602	0	son	son	_	_	_	_	_	linguistic	_	ContainsVariation=No	_	Begin=1309.472	_	_	_	_
602-1	PKP041	602	1	scomoda	scomoda	_	_	_	_	_	linguistic	_	ContainsVariation=No	_	_	_	_	_	_
602-2	PKP041	602	2	nel	nel	_	_	_	_	_	linguistic	_	ContainsVariation=No	_	_	_	_	_	_
602-3	PKP041	602	3	letto	letto	_	_	_	_	_	linguistic	_	ContainsVariation=No	_	_	_	_	_	_
602-4	PKP041	602	4	xxx	xxx	_	_	_	_	_	unknown	_	ContainsVariation=No	Syllables=3	End=1310.75	_	_	_	_
603-0	PKP048	603	0	io	io	_	_	_	_	_	linguistic	_	ContainsVariation=No	_	Begin=1310.755	_	_	_	_
603-1	PKP048	603	1	ce	ce	_	_	_	_	_	linguistic	_	ContainsVariation=No	_	_	_	_	_	_
603-2	PKP048	603	2	n'	n'	_	_	_	_	_	linguistic	_	ContainsVariation=No	SpaceAfter=No	_	_	_	_	_
603-3	PKP048	603	3	ho	ho	_	_	_	_	_	linguistic	_	ContainsVariation=No	_	_	_	_	_	_
603-4	PKP048	603	4	una	una	_	_	_	_	_	linguistic	_	ContainsVariation=No	_	_	_	_	_	_
603-5	PKP048	603	5	bianca:	bianca	_	_	_	_	_	linguistic	_	ContainsVariation=No	_	End=1312.316	5x1	_	_	_
604-0	PKP048	604	0	se	se	_	_	_	_	_	linguistic	_	ContainsVariation=No	_	Begin=1313.01	_	_	_	_
604-1	PKP048	604	1	tu	tu	_	_	_	_	_	linguistic	_	ContainsVariation=No	_	_	_	_	_	_
604-2	PKP048	604	2	c'	c'	_	_	_	_	_	linguistic	_	ContainsVariation=No	SpaceAfter=No	_	_	_	_	_
604-3	PKP048	604	3	hai:	hai	_	_	_	_	_	linguistic	_	ContainsVariation=No	_	_	2x1	_	_	_
604-4	PKP048	604	4	u:n	un	_	_	_	_	_	linguistic	_	ContainsVariation=No	_	_	0x1	_	_	_
604-5	PKP048	604	5	sacchetto	sacchetto	_	_	_	_	_	linguistic	_	ContainsVariation=No	_	_	_	_	_	_
604-6	PKP048	604	6	da:	da	_	_	_	_	_	linguistic	_	ContainsVariation=No	_	_	1x1	_	_	_
604-7	PKP048	604	7	una	una	_	_	_	_	_	linguistic	_	ContainsVariation=No	_	_	_	_	_	_
604-8	PKP048	604	8	piazza	piazza	_	_	_	_	_	linguistic	_	ContainsVariation=No	_	_	_	_	_	_
604-9	PKP048	604	9	e:	e	_	_	_	_	_	linguistic	_	ContainsVariation=No	_	_	0x1	_	_	_
604-10	PKP048	604	10	qualche	qualche	_	_	_	_	_	linguistic	_	ContainsVariation=No	_	_	_	_	_	_
604-11	PKP048	604	11	cosa	cosa	_	_	_	_	_	linguistic	_	ContainsVariation=No	_	End=1316.716	_	_	_	_
605-0	PKP040	605	0	e	e	_	_	_	_	_	linguistic	_	ContainsVariation=No	_	Begin=1316.716	_	_	_	_
605-1	PKP040	605	1	ma	ma	_	_	_	_	_	linguistic	_	ContainsVariation=No	PauseAfter=Yes	_	_	_	_	_
605-2	PKP040	605	2	(.)	(.)	_	_	_	_	_	shortpause	_	ContainsVariation=No	_	_	_	_	_	_
605-3	PKP040	605	3	mi	mi	_	_	_	_	_	linguistic	_	ContainsVariation=No	_	_	_	_	_	_
605-4	PKP040	605	4	tengo:	tengo	_	_	_	_	_	linguistic	_	ContainsVariation=No	_	_	4x1	_	_	_
605-5	PKP040	605	5	cose	cose	_	_	_	_	_	linguistic	_	ContainsVariation=No	_	_	_	_	_	_
605-6	PKP040	605	6	che	che	_	_	_	_	_	linguistic	_	ContainsVariation=No	_	_	_	_	_	_
605-7	PKP040	605	7	c'	c'	_	_	_	_	_	linguistic	_	ContainsVariation=No	SpaceAfter=No	_	_	_	_	_
605-8	PKP040	605	8	ho	ho	_	_	_	_	_	linguistic	_	ContainsVariation=No	_	_	_	_	_	_
605-9	PKP040	605	9	tutto	tutto	_	_	_	_	_	linguistic	_	ContainsVariation=No	_	End=1318.95	_	_	_	_
606-0	PKP040	606	0	c'	c'	_	_	_	_	_	linguistic	_	ContainsVariation=No	SpaceAfter=No	Begin=1319.003	_	_	_	_
606-1	PKP040	606	1	ho	ho	_	_	_	_	_	linguistic	_	ContainsVariation=No	_	_	_	_	_	_
606-2	PKP040	606	2	piumo:ni,	piumoni	_	_	_	_	_	linguistic	_	ContainsVariation=No	Intonation=WeaklyRising	_	4x1	_	_	_
606-3	PKP040	606	3	trapu:nte,	trapunte	_	_	_	_	_	linguistic	_	ContainsVariation=No	Intonation=WeaklyRising	_	4x1	_	_	_
606-4	PKP040	606	4	(c[o:~])	co~	_	_	_	_	_	linguistic	_	ContainsVariation=No	Interrupted=Yes	End=1320.82	1x1	_	0-3(0)	0-3(146)
607-0	PKP041	607	0	[gra]zie	grazie	_	_	_	_	_	linguistic	_	ContainsVariation=No	_	Begin=1320.666|End=1321.185	_	_	_	0-3(146)
608-0	PKP040	608	0	mo	mo	_	_	_	_	_	linguistic	_	ContainsVariation=No	_	Begin=1321.776	_	_	_	_
608-1	PKP040	608	1	po(i)	poi	_	_	_	_	_	linguistic	_	ContainsVariation=No	_	_	_	_	2-3(0)	_
608-2	PKP040	608	2	che	che	_	_	_	_	_	linguistic	_	ContainsVariation=No	_	_	_	_	_	_
608-3	PKP040	608	3	andiamo	andiamo	_	_	_	_	_	linguistic	_	ContainsVariation=No	_	_	_	_	_	_
608-4	PKP040	608	4	a	a	_	_	_	_	_	linguistic	_	ContainsVariation=No	_	_	_	_	_	_
608-5	PKP040	608	5	svuotare:::	svuotare	_	_	_	_	_	linguistic	_	ContainsVariation=No	_	End=1323.73	7x3	_	_	_
609-0	PKP040	609	0	bolo:gna	bologna	_	_	_	_	_	linguistic	_	ContainsVariation=No	_	Begin=1324.068	3x1	_	_	_
609-1	PKP040	609	1	altra	altra	_	_	_	_	_	linguistic	_	ContainsVariation=No	_	_	_	_	_	_
609-2	PKP040	609	2	roba	roba	_	_	_	_	_	linguistic	_	ContainsVariation=No	_	_	_	_	_	_
609-3	PKP040	609	3	arri[va]	arriva	_	_	_	_	_	linguistic	_	ContainsVariation=No	_	End=1325.852	_	_	_	4-6(147)
610-0	PKP041	610	0	[no:]	no	_	_	_	_	_	linguistic	_	ContainsVariation=No	_	Begin=1325.595	1x1	_	_	0-2(147)
610-1	PKP041	610	1	no	no	_	_	_	_	_	linguistic	_	ContainsVariation=No	_	End=1326.109	_	_	_	_
611-0	PKP041	611	0	solo::	solo	_	_	_	_	_	linguistic	_	ContainsVariation=No	_	Begin=1326.287	3x2	_	_	_
611-1	PKP041	611	1	lenzuo:la:,	lenzuola	_	_	_	_	_	linguistic	_	ContainsVariation=No	Intonation=WeaklyRising	End=1327.626	5x1,7x1	_	_	_
612-0	PKP041	612	0	[e:	e	_	_	_	_	_	linguistic	_	ContainsVariation=No	_	Begin=1327.89	0x1	_	_	0-1(148)
612-1	PKP041	612	1	cope:]rte,	coperte	_	_	_	_	_	linguistic	_	ContainsVariation=No	Intonation=WeaklyRising	_	3x1	_	_	0-4(148)
612-2	PKP041	612	2	piumo:ni,	piumoni	_	_	_	_	_	linguistic	_	ContainsVariation=No	Intonation=WeaklyRising	End=1329.6	4x1	_	_	_
613-0	PKP040	613	0	[e	e	_	_	_	_	_	linguistic	_	ContainsVariation=No	_	Begin=1327.928	_	_	_	0-1(148)
613-1	PKP040	613	1	piumo:ni]	piumoni	_	_	_	_	_	linguistic	_	ContainsVariation=No	_	End=1328.698	4x1	_	_	0-7(148)
614-0	PKP041	614	0	no:	no	_	_	_	_	_	linguistic	_	ContainsVariation=No	_	Begin=1329.657	1x1	_	_	_
614-1	PKP041	614	1	dico	dico	_	_	_	_	_	linguistic	_	ContainsVariation=No	_	_	_	_	_	_
614-2	PKP041	614	2	solo	solo	_	_	_	_	_	linguistic	_	ContainsVariation=No	_	_	_	_	_	_
614-3	PKP041	614	3	roba	roba	_	_	_	_	_	linguistic	_	ContainsVariation=No	_	_	_	_	_	_
614-4	PKP041	614	4	così	così	_	_	_	_	_	linguistic	_	ContainsVariation=No	_	_	_	_	_	_
614-5	PKP041	614	5	ci	ci	_	_	_	_	_	linguistic	_	ContainsVariation=No	_	_	_	_	_	_
614-6	PKP041	614	6	sarà	sarà	_	_	_	_	_	linguistic	_	ContainsVariation=No	_	End=1331.455	_	_	_	_
615-0	PKP041	615	0	asciugama:ni,	asciugamani	_	_	_	_	_	linguistic	_	ContainsVariation=No	Intonation=WeaklyRising	Begin=1332.261|End=1333.078	8x1	_	_	_
616-0	PKP040	616	0	comunque	comunque	_	_	_	_	_	linguistic	_	ContainsVariation=No	_	Begin=1333.078	_	_	_	_
616-1	PKP040	616	1	fa	fa	_	_	_	_	_	linguistic	_	ContainsVariation=No	_	_	_	_	_	_
616-2	PKP040	616	2	ho	ho	_	_	_	_	_	linguistic	_	ContainsVariation=No	_	_	_	_	_	_
616-3	PKP040	616	3	pensato	pensato	_	_	_	_	_	linguistic	_	ContainsVariation=No	_	_	_	_	_	_
616-4	PKP040	616	4	parliamo	parliamo	_	_	_	_	_	linguistic	_	ContainsVariation=No	_	_	_	_	_	_
616-5	PKP040	616	5	con	con	_	_	_	_	_	linguistic	_	ContainsVariation=No	_	_	_	_	_	_
616-6	PKP040	616	6	mau:ra	maura	_	_	_	_	_	linguistic	_	ContainsVariation=No	_	_	2x1	_	_	_
616-7	PKP040	616	7	se	se	_	_	_	_	_	linguistic	_	ContainsVariation=No	_	_	_	_	_	_
616-8	PKP040	616	8	possiamo	possiamo	_	_	_	_	_	linguistic	_	ContainsVariation=No	_	_	_	_	_	_
616-9	PKP040	616	9	lasciarle	lasciarle	_	_	_	_	_	linguistic	_	ContainsVariation=No	_	_	_	_	_	_
616-10	PKP040	616	10	da	da	_	_	_	_	_	linguistic	_	ContainsVariation=No	_	_	_	_	_	_
616-11	PKP040	616	11	le:i	lei	_	_	_	_	_	linguistic	_	ContainsVariation=No	_	End=1336.654	1x1	_	_	_
617-0	PKP040	617	0	qualcosa	qualcosa	_	_	_	_	_	linguistic	_	ContainsVariation=No	_	Begin=1338.076	_	_	_	_
617-1	PKP040	617	1	possiamo	possiamo	_	_	_	_	_	linguistic	_	ContainsVariation=No	_	_	_	_	_	_
617-2	PKP040	617	2	pure	pure	_	_	_	_	_	linguistic	_	ContainsVariation=No	_	_	_	_	_	_
617-3	PKP040	617	3	fa:re	fare	_	_	_	_	_	linguistic	_	ContainsVariation=No	_	_	1x1	_	_	_
617-4	PKP040	617	4	il	il	_	_	_	_	_	linguistic	_	ContainsVariation=No	_	_	_	_	_	_
617-5	PKP040	617	5	pacchetto	pacchetto	_	_	_	_	_	linguistic	_	ContainsVariation=No	_	_	_	_	_	_
617-6	PKP040	617	6	e	e	_	_	_	_	_	linguistic	_	ContainsVariation=No	_	_	_	_	_	_
617-7	PKP040	617	7	mandare	mandare	_	_	_	_	_	linguistic	_	ContainsVariation=No	_	_	_	_	_	_
617-8	PKP040	617	8	ha	ha	_	_	_	_	_	linguistic	_	ContainsVariation=No	_	_	_	_	_	_
617-9	PKP040	617	9	detto:::	detto	_	_	_	_	_	linguistic	_	ContainsVariation=No	_	End=1342.13	4x3	_	_	_
618-0	PKP040	618	0	giuseppe	giuseppe	_	_	_	_	_	linguistic	_	ContainsVariation=No	_	Begin=1342.452	_	_	_	_
618-1	PKP040	618	1	(so')	so'	_	_	_	_	_	linguistic	_	ContainsVariation=No	Truncated=Yes	_	_	_	0-3(0)	_
618-2	PKP040	618	2	quindici	quindici	_	_	_	_	_	linguistic	_	ContainsVariation=No	_	_	_	_	_	_
618-3	PKP040	618	3	euro	euro	_	_	_	_	_	linguistic	_	ContainsVariation=No	_	End=1343.94	_	_	_	_
619-0	PKP040	619	0	trenta	trenta	_	_	_	_	_	linguistic	_	ContainsVariation=No	_	Begin=1344.05	_	_	_	_
619-1	PKP040	619	1	chili	chili	_	_	_	_	_	linguistic	_	ContainsVariation=No	_	End=1344.769	_	_	_	_
620-0	PKP039	620	0	va	va	_	_	_	_	_	linguistic	_	ContainsVariation=No	_	Begin=1346.06	_	_	_	_
620-1	PKP039	620	1	bene	bene	_	_	_	_	_	linguistic	_	ContainsVariation=No	_	End=1346.615	_	_	_	_
621-0	PKP039	621	0	eh	eh	_	_	_	_	_	linguistic	_	ContainsVariation=No	_	Begin=1346.87	_	_	_	_
621-1	PKP039	621	1	sì	sì	_	_	_	_	_	linguistic	_	ContainsVariation=No	_	End=1347.514	_	_	_	_
622-0	PKP048	622	0	per	per	_	_	_	_	_	linguistic	_	ContainsVariation=No	_	Begin=1347.827	_	_	_	_
622-1	PKP048	622	1	la	la	_	_	_	_	_	linguistic	_	ContainsVariation=No	_	_	_	_	_	_
622-2	PKP048	622	2	xx[xx	xxxx	_	_	_	_	_	unknown	_	ContainsVariation=No	Syllables=4	_	_	_	_	2-4(149)
622-3	PKP048	622	3	no:]?	no	_	_	_	_	_	linguistic	_	ContainsVariation=No	Intonation=Rising	End=1349.399	1x1	_	_	0-2(149)
623-0	PKP039	623	0	[xxxx]	xxxx	_	_	_	_	_	unknown	_	ContainsVariation=No	Syllables=4	Begin=1348.461|End=1349.411	_	_	_	0-4(149)
624-0	PKP040	624	0	[chiedere:mo	chiederemo	_	_	_	_	_	linguistic	_	ContainsVariation=No	_	Begin=1350.198	7x1	_	_	0-10(150)
624-1	PKP040	624	1	anche	anche	_	_	_	_	_	linguistic	_	ContainsVariation=No	_	_	_	_	_	0-5(150)
624-2	PKP040	624	2	va	va	_	_	_	_	_	linguistic	_	ContainsVariation=No	_	_	_	_	_	0-2(150)
624-3	PKP040	624	3	se]	se	_	_	_	_	_	linguistic	_	ContainsVariation=No	_	_	_	_	_	0-2(150)
624-4	PKP040	624	4	telefoniamo	telefoniamo	_	_	_	_	_	linguistic	_	ContainsVariation=No	_	_	_	_	_	_
624-5	PKP040	624	5	già	già	_	_	_	_	_	linguistic	_	ContainsVariation=No	_	_	_	_	_	_
624-6	PKP040	624	6	da	da	_	_	_	_	_	linguistic	_	ContainsVariation=No	_	_	_	_	_	_
624-7	PKP040	624	7	qua	qua	_	_	_	_	_	linguistic	_	ContainsVariation=No	_	End=1352.68	_	_	_	_
625-0	PKP039	625	0	[(un	un	_	_	_	_	_	linguistic	_	ContainsVariation=No	_	Begin=1350.21	_	_	0-2(0)	0-2(150)
625-1	PKP039	625	1	servizio)	servizio	_	_	_	_	_	linguistic	_	ContainsVariation=No	_	_	_	_	0-8(0)	0-8(150)
625-2	PKP039	625	2	xxxx]?	xxxx	_	_	_	_	_	linguistic	_	ContainsVariation=No	Intonation=Rising	End=1351.546	_	_	_	0-4(150)
626-0	PKP041	626	0	# ma	ma	_	_	_	_	_	linguistic	_	ContainsVariation=Yes|Code=Underspecified	_	Begin=1359.11	_	_	_	_
626-1	PKP041	626	1	sono	sono	_	_	_	_	_	linguistic	_	ContainsVariation=Yes|Code=Underspecified	_	_	_	_	_	_
626-2	PKP041	626	2	stati	stati	_	_	_	_	_	linguistic	_	ContainsVariation=Yes|Code=Underspecified	_	_	_	_	_	_
626-3	PKP041	626	3	quiddro	quiddro	_	_	_	_	_	linguistic	_	ContainsVariation=Yes|Code=Underspecified	_	_	_	_	_	_
626-4	PKP041	626	4	xxx	xxx	_	_	_	_	_	unknown	_	ContainsVariation=Yes	Syllables=3	_	_	_	_	_
626-5	PKP041	626	5	la	la	_	_	_	_	_	linguistic	_	ContainsVariation=Yes|Code=Underspecified	_	_	_	_	_	_
626-6	PKP041	626	6	crepa	crepa	_	_	_	_	_	linguistic	_	ContainsVariation=Yes|Code=Underspecified	_	End=1361.399	_	_	_	_
627-0	PKP041	627	0	ti	ti	_	_	_	_	_	linguistic	_	ContainsVariation=No	_	Begin=1361.579	_	_	_	_
627-1	PKP041	627	1	ricordi	ricordi	_	_	_	_	_	linguistic	_	ContainsVariation=No	_	_	_	_	_	_
627-2	PKP041	627	2	la	la	_	_	_	_	_	linguistic	_	ContainsVariation=No	_	_	_	_	_	_
627-3	PKP041	627	3	cre~	cre~	_	_	_	_	_	linguistic	_	ContainsVariation=No	Interrupted=Yes	_	_	_	_	_
627-4	PKP041	627	4	((ride))	((ride))	_	_	_	_	_	nonverbalbehavior	_	ContainsVariation=No	_	End=1363.85	_	_	_	_
628-0	PKP041	628	0	NO:	no	_	_	_	_	_	linguistic	_	ContainsVariation=No	Volume=high	Begin=1363.959	1x1	_	_	_
628-1	PKP041	628	1	NON	non	_	_	_	_	_	linguistic	_	ContainsVariation=No	Volume=high	_	_	_	_	_
628-2	PKP041	628	2	QUELLA	quella	_	_	_	_	_	linguistic	_	ContainsVariation=No	Volume=high	_	_	_	_	_
628-3	PKP041	628	3	CHE	che	_	_	_	_	_	linguistic	_	ContainsVariation=No	Volume=high	_	_	_	_	_
628-4	PKP041	628	4	SI	si	_	_	_	_	_	linguistic	_	ContainsVariation=No	Volume=high	_	_	_	_	_
628-5	PKP041	628	5	FECE	fece	_	_	_	_	_	linguistic	_	ContainsVariation=No	Volume=high	_	_	_	_	_
628-6	PKP041	628	6	DA	da	_	_	_	_	_	linguistic	_	ContainsVariation=No	Volume=high	_	_	_	_	_
628-7	PKP041	628	7	SOLA	sola	_	_	_	_	_	linguistic	_	ContainsVariation=No	Volume=high	_	_	_	_	_
628-8	PKP041	628	8	(eh	eh	_	_	_	_	_	linguistic	_	ContainsVariation=No	_	_	_	_	0-2(0)	_
628-9	PKP041	628	9	vah)	vah	_	_	_	_	_	linguistic	_	ContainsVariation=No	_	_	_	_	0-3(0)	_
628-10	PKP041	628	10	quella	quella	_	_	_	_	_	linguistic	_	ContainsVariation=No	_	_	_	_	_	_
628-11	PKP041	628	11	quando:::	quando	_	_	_	_	_	linguistic	_	ContainsVariation=No	_	End=1366.88	5x3	_	_	_
629-0	PKP040	629	0	sbattuto	sbattuto	_	_	_	_	_	linguistic	_	ContainsVariation=No	_	Begin=1366.926	_	_	_	_
629-1	PKP040	629	1	la	la	_	_	_	_	_	linguistic	_	ContainsVariation=No	_	_	_	_	_	_
629-2	PKP040	629	2	porta	porta	_	_	_	_	_	linguistic	_	ContainsVariation=No	_	End=1367.953	_	_	_	_
630-0	PKP041	630	0	eh	eh	_	_	_	_	_	linguistic	_	ContainsVariation=No	_	Begin=1368.65	_	_	_	_
630-1	PKP041	630	1	no	no	_	_	_	_	_	linguistic	_	ContainsVariation=No	_	_	_	_	_	_
630-2	PKP041	630	2	non	non	_	_	_	_	_	linguistic	_	ContainsVariation=No	_	_	_	_	_	_
630-3	PKP041	630	3	sto	sto	_	_	_	_	_	linguistic	_	ContainsVariation=No	_	_	_	_	_	_
630-4	PKP041	630	4	un	un	_	_	_	_	_	linguistic	_	ContainsVariation=No	_	_	_	_	_	_
630-5	PKP041	630	5	po'	po'	_	_	_	_	_	linguistic	_	ContainsVariation=No	_	_	_	_	_	_
630-6	PKP041	630	6	a	a	_	_	_	_	_	linguistic	_	ContainsVariation=No	_	_	_	_	_	_
630-7	PKP041	630	7	ridere	ridere	_	_	_	_	_	linguistic	_	ContainsVariation=No	_	_	_	_	_	_
630-8	PKP041	630	8	il	il	_	_	_	_	_	linguistic	_	ContainsVariation=No	_	_	_	_	_	_
630-9	PKP041	630	9	(cagone)	cagone	_	_	_	_	_	linguistic	_	ContainsVariation=No	_	_	_	_	0-6(0)	_
630-10	PKP041	630	10	però	però	_	_	_	_	_	linguistic	_	ContainsVariation=No	PauseAfter=Yes	_	_	_	_	_
630-11	PKP041	630	11	(.)	(.)	_	_	_	_	_	shortpause	_	ContainsVariation=No	_	_	_	_	_	_
630-12	PKP041	630	12	x	x	_	_	_	_	_	unknown	_	ContainsVariation=No	Syllables=1	_	_	_	_	_
630-13	PKP041	630	13	quando	quando	_	_	_	_	_	linguistic	_	ContainsVariation=No	_	_	_	_	_	_
630-14	PKP041	630	14	certe	certe	_	_	_	_	_	linguistic	_	ContainsVariation=No	_	_	_	_	_	_
630-15	PKP041	630	15	volte	volte	_	_	_	_	_	linguistic	_	ContainsVariation=No	_	_	_	_	_	_
630-16	PKP041	630	16	xxx	xxx	_	_	_	_	_	unknown	_	ContainsVariation=No	Syllables=3	End=1373.2	_	_	_	_
631-0	PKP040	631	0	ma	ma	_	_	_	_	_	linguistic	_	ContainsVariation=No	_	Begin=1373.47	_	_	_	_
631-1	PKP040	631	1	va:	va	_	_	_	_	_	linguistic	_	ContainsVariation=No	_	End=1373.993	1x1	_	_	_
632-0	PKP041	632	0	e::h	eh	_	_	_	_	_	linguistic	_	ContainsVariation=No	_	Begin=1374.27	0x2	_	_	_
632-1	PKP041	632	1	nel	nel	_	_	_	_	_	linguistic	_	ContainsVariation=No	_	_	_	_	_	_
632-2	PKP041	632	2	fondo	fondo	_	_	_	_	_	linguistic	_	ContainsVariation=No	_	_	_	_	_	_
632-3	PKP041	632	3	sbagliato	sbagliato	_	_	_	_	_	linguistic	_	ContainsVariation=No	_	End=1375.79	_	_	_	_
633-0	PKP039	633	0	chi	chi	_	_	_	_	_	linguistic	_	ContainsVariation=No	_	Begin=1375.795	_	_	_	_
633-1	PKP039	633	1	lo	lo	_	_	_	_	_	linguistic	_	ContainsVariation=No	_	_	_	_	_	_
633-2	PKP039	633	2	fece	fece	_	_	_	_	_	linguistic	_	ContainsVariation=No	_	_	_	_	_	_
633-3	PKP039	633	3	col	col	_	_	_	_	_	linguistic	_	ContainsVariation=No	_	_	_	_	_	_
633-4	PKP039	633	4	trapano?	trapano	_	_	_	_	_	linguistic	_	ContainsVariation=No	Intonation=Rising	End=1376.777	_	_	_	_
634-0	PKP041	634	0	e:::h	eh	_	_	_	_	_	linguistic	_	ContainsVariation=No	_	Begin=1376.822|End=1377.485	0x3	_	_	_
635-0	PKP041	635	0	tipo:	tipo	_	_	_	_	_	linguistic	_	ContainsVariation=No	_	Begin=1377.508	3x1	_	_	_
635-1	PKP041	635	1	che	che	_	_	_	_	_	linguistic	_	ContainsVariation=No	_	_	_	_	_	_
635-2	PKP041	635	2	poi	poi	_	_	_	_	_	linguistic	_	ContainsVariation=No	_	_	_	_	_	_
635-3	PKP041	635	3	l'	l'	_	_	_	_	_	linguistic	_	ContainsVariation=No	SpaceAfter=No	_	_	_	_	_
635-4	PKP041	635	4	hai	hai	_	_	_	_	_	linguistic	_	ContainsVariation=No	_	_	_	_	_	_
635-5	PKP041	635	5	riempito	riempito	_	_	_	_	_	linguistic	_	ContainsVariation=No	_	_	_	_	_	_
635-6	PKP041	635	6	di::	di	_	_	_	_	_	linguistic	_	ContainsVariation=No	_	End=1379.34	1x2	_	_	_
636-0	PKP041	636	0	di	di	_	_	_	_	_	linguistic	_	ContainsVariation=No	_	Begin=1379.744	_	_	_	_
636-1	PKP041	636	1	stucco	stucco	_	_	_	_	_	linguistic	_	ContainsVariation=No	_	End=1380.51	_	_	_	_
637-0	PKP039	637	0	x	x	_	_	_	_	_	unknown	_	ContainsVariation=No	Syllables=1	Begin=1380.652|End=1381.003	_	_	_	_
638-0	PKP039	638	0	che	che	_	_	_	_	_	linguistic	_	ContainsVariation=No	_	Begin=1381.822	_	_	_	_
638-1	PKP039	638	1	cosa	cosa	_	_	_	_	_	linguistic	_	ContainsVariation=No	_	_	_	_	_	_
638-2	PKP039	638	2	stavano	stavano	_	_	_	_	_	linguistic	_	ContainsVariation=No	_	_	_	_	_	_
638-3	PKP039	638	3	mettendo?	mettendo	_	_	_	_	_	linguistic	_	ContainsVariation=No	Intonation=Rising	End=1382.904	_	_	_	_
639-0	PKP041	639	0	e::	e	_	_	_	_	_	linguistic	_	ContainsVariation=No	_	Begin=1383.148	0x2	_	_	_
639-1	PKP041	639	1	il	il	_	_	_	_	_	linguistic	_	ContainsVariation=No	_	_	_	_	_	_
639-2	PKP041	639	2	poggiate:sta	poggiatesta	_	_	_	_	_	linguistic	_	ContainsVariation=No	_	End=1384.319	7x1	_	_	_
640-0	PKP040	640	0	quello	quello	_	_	_	_	_	linguistic	_	ContainsVariation=No	_	Begin=1390.03	_	_	_	_
640-1	PKP040	640	1	glielo	glielo	_	_	_	_	_	linguistic	_	ContainsVariation=No	_	_	_	_	_	_
640-2	PKP040	640	2	possiamo	possiamo	_	_	_	_	_	linguistic	_	ContainsVariation=No	_	_	_	_	_	_
640-3	PKP040	640	3	pur	pur	_	_	_	_	_	linguistic	_	ContainsVariation=No	_	_	_	_	_	_
640-4	PKP040	640	4	lasci[a:re]	lasciare	_	_	_	_	_	linguistic	_	ContainsVariation=No	_	End=1391.417	5x1	_	_	5-8(151)
641-0	PKP041	641	0	[(c'	c'	_	_	_	_	_	linguistic	_	ContainsVariation=No	SpaceAfter=No	Begin=1391.15	_	_	0-2(0)	0-2(151)
641-1	PKP041	641	1	è	è	_	_	_	_	_	linguistic	_	ContainsVariation=No	_	_	_	_	0-1(0)	0-1(151)
641-2	PKP041	641	2	un	un	_	_	_	_	_	linguistic	_	ContainsVariation=No	_	_	_	_	0-2(0)	0-2(151)
641-3	PKP041	641	3	po'	po'	_	_	_	_	_	linguistic	_	ContainsVariation=No	SpaceAfter=No	_	_	_	0-3(0)	0-3(151)
641-4	PKP041	641	4	][di	di	_	_	_	_	_	linguistic	_	ContainsVariation=No	_	_	_	_	0-2(0)	0-2(152)
641-5	PKP041	641	5	verdura?)]	verdura	_	_	_	_	_	linguistic	_	ContainsVariation=No	Intonation=Rising	End=1392.182	_	_	0-7(0)	0-7(152)
642-0	PKP040	642	0	[prendiamo	prendiamo	_	_	_	_	_	linguistic	_	ContainsVariation=No	_	Begin=1391.488	_	_	_	0-9(152)
642-1	PKP040	642	1	solam]ente	solamente	_	_	_	_	_	linguistic	_	ContainsVariation=No	_	_	_	_	_	0-5(152)
642-2	PKP040	642	2	i:::	i	_	_	_	_	_	linguistic	_	ContainsVariation=No	_	End=1393.35	0x3	_	_	_
643-0	PKP041	643	0	sì:	sì	_	_	_	_	_	linguistic	_	ContainsVariation=No	_	Begin=1394.384	1x1	_	_	_
643-1	PKP041	643	1	c[erto]	certo	_	_	_	_	_	linguistic	_	ContainsVariation=No	_	End=1395.42	_	_	_	1-5(153)
644-0	PKP040	644	0	[xxx]	xxx	_	_	_	_	_	unknown	_	ContainsVariation=No	Syllables=3	Begin=1394.769	_	_	_	0-3(153)
644-1	PKP040	644	1	e:	e	_	_	_	_	_	linguistic	_	ContainsVariation=No	_	_	0x1	_	_	_
644-2	PKP040	644	2	l'	l'	_	_	_	_	_	linguistic	_	ContainsVariation=No	SpaceAfter=No	_	_	_	_	_
644-3	PKP040	644	3	asta	asta	_	_	_	_	_	linguistic	_	ContainsVariation=No	_	_	_	_	_	_
644-4	PKP040	644	4	gliela	gliela	_	_	_	_	_	linguistic	_	ContainsVariation=No	_	_	_	_	_	_
644-5	PKP040	644	5	lasciamo	lasciamo	_	_	_	_	_	linguistic	_	ContainsVariation=No	_	End=1397.177	_	_	_	_
645-0	PKP040	645	0	deve	deve	_	_	_	_	_	linguistic	_	ContainsVariation=No	_	Begin=1402.599	_	_	_	_
645-1	PKP040	645	1	passare:	passare	_	_	_	_	_	linguistic	_	ContainsVariation=No	_	End=1403.444	6x1	_	_	_
646-0	PKP040	646	0	massimo	massimo	_	_	_	_	_	linguistic	_	ContainsVariation=No	_	Begin=1403.876|End=1404.576	_	_	_	_
647-0	PKP039	647	0	ma	ma	_	_	_	_	_	linguistic	_	ContainsVariation=No	_	Begin=1405.091	_	_	_	_
647-1	PKP039	647	1	tanto	tanto	_	_	_	_	_	linguistic	_	ContainsVariation=No	_	_	_	_	_	_
647-2	PKP039	647	2	se	se	_	_	_	_	_	linguistic	_	ContainsVariation=No	_	_	_	_	_	_
647-3	PKP039	647	3	gli	gli	_	_	_	_	_	linguistic	_	ContainsVariation=No	_	_	_	_	_	_
647-4	PKP039	647	4	lasci	lasci	_	_	_	_	_	linguistic	_	ContainsVariation=No	_	_	_	_	_	_
647-5	PKP039	647	5	qualche	qualche	_	_	_	_	_	linguistic	_	ContainsVariation=No	_	_	_	_	_	_
647-6	PKP039	647	6	cosa	cosa	_	_	_	_	_	linguistic	_	ContainsVariation=No	_	_	_	_	_	_
647-7	PKP039	647	7	lui	lui	_	_	_	_	_	linguistic	_	ContainsVariation=No	_	_	_	_	_	_
647-8	PKP039	647	8	te	te	_	_	_	_	_	linguistic	_	ContainsVariation=No	_	_	_	_	_	_
647-9	PKP039	647	9	lo	lo	_	_	_	_	_	linguistic	_	ContainsVariation=No	_	_	_	_	_	_
647-10	PKP039	647	10	farà	farà	_	_	_	_	_	linguistic	_	ContainsVariation=No	_	_	_	_	_	_
647-11	PKP039	647	11	pesare	pesare	_	_	_	_	_	linguistic	_	ContainsVariation=No	_	_	_	_	_	_
647-12	PKP039	647	12	come	come	_	_	_	_	_	linguistic	_	ContainsVariation=No	_	End=1407.73	_	_	_	_
648-0	PKP039	648	0	se:	se	_	_	_	_	_	linguistic	_	ContainsVariation=No	_	Begin=1408.265	1x1	_	_	_
648-1	PKP039	648	1	gli	gli	_	_	_	_	_	linguistic	_	ContainsVariation=No	_	_	_	_	_	_
648-2	PKP039	648	2	stai	stai	_	_	_	_	_	linguistic	_	ContainsVariation=No	_	_	_	_	_	_
648-3	PKP039	648	3	lasciando	lasciando	_	_	_	_	_	linguistic	_	ContainsVariation=No	_	_	_	_	_	_
648-4	PKP039	648	4	un	un	_	_	_	_	_	linguistic	_	ContainsVariation=No	_	_	_	_	_	_
648-5	PKP039	648	5	(i~)	i~	_	_	_	_	_	linguistic	_	ContainsVariation=No	Interrupted=Yes	_	_	_	0-2(0)	_
648-6	PKP039	648	6	un	un	_	_	_	_	_	linguistic	_	ContainsVariation=No	_	_	_	_	_	_
648-7	PKP039	648	7	impiccio	impiccio	_	_	_	_	_	linguistic	_	ContainsVariation=No	_	End=1410.259	_	_	_	_
649-0	PKP040	649	0	deve	deve	_	_	_	_	_	linguistic	_	ContainsVariation=No	_	Begin=1410.917	_	_	_	_
649-1	PKP040	649	1	passare	passare	_	_	_	_	_	linguistic	_	ContainsVariation=No	_	_	_	_	_	_
649-2	PKP040	649	2	massimo	massimo	_	_	_	_	_	linguistic	_	ContainsVariation=No	_	_	_	_	_	_
649-3	PKP040	649	3	alle	alle	_	_	_	_	_	linguistic	_	ContainsVariation=No	_	_	_	_	_	_
649-4	PKP040	649	4	tre	tre	_	_	_	_	_	linguistic	_	ContainsVariation=No	_	_	_	_	_	_
649-5	PKP040	649	5	emmezzo	emmezzo	_	_	_	_	_	linguistic	_	ContainsVariation=No	_	End=1412.685	_	_	_	_
650-0	PKP048	650	0	(cosa	cosa	_	_	_	_	_	linguistic	_	ContainsVariation=No	_	Begin=1413.146	_	_	0-4(0)	_
650-1	PKP048	650	1	dev[e	deve	_	_	_	_	_	linguistic	_	ContainsVariation=No	_	_	_	_	0-4(0)	3-4(154)
650-2	PKP048	650	2	fare?)]	fare	_	_	_	_	_	linguistic	_	ContainsVariation=No	Intonation=Rising	End=1413.936	_	_	0-4(0)	0-4(154)
651-0	PKP040	651	0	[che	che	_	_	_	_	_	linguistic	_	ContainsVariation=No	_	Begin=1413.536	_	_	_	0-3(154)
651-1	PKP040	651	1	aveva]	aveva	_	_	_	_	_	linguistic	_	ContainsVariation=No	_	_	_	_	_	0-5(154)
651-2	PKP040	651	2	no:	no	_	_	_	_	_	linguistic	_	ContainsVariation=No	_	_	1x1	_	_	_
651-3	PKP040	651	3	che	che	_	_	_	_	_	linguistic	_	ContainsVariation=No	_	_	_	_	_	_
651-4	PKP040	651	4	aveva	aveva	_	_	_	_	_	linguistic	_	ContainsVariation=No	_	_	_	_	_	_
651-5	PKP040	651	5	messo	messo	_	_	_	_	_	linguistic	_	ContainsVariation=No	_	_	_	_	_	_
651-6	PKP040	651	6	la	la	_	_	_	_	_	linguistic	_	ContainsVariation=No	_	_	_	_	_	_
651-7	PKP040	651	7	(ma:dre)	madre	_	_	_	_	_	linguistic	_	ContainsVariation=No	_	_	1x1	_	0-5(0)	_
651-8	PKP040	651	8	una	una	_	_	_	_	_	linguistic	_	ContainsVariation=No	_	_	_	_	_	_
651-9	PKP040	651	9	lotteri:a	lotteria	_	_	_	_	_	linguistic	_	ContainsVariation=No	_	_	6x1	_	_	_
651-10	PKP040	651	10	con	con	_	_	_	_	_	linguistic	_	ContainsVariation=No	_	_	_	_	_	_
651-11	PKP040	651	11	tutti	tutti	_	_	_	_	_	linguistic	_	ContainsVariation=No	_	_	_	_	_	_
651-12	PKP040	651	12	i	i	_	_	_	_	_	linguistic	_	ContainsVariation=No	_	_	_	_	_	_
651-13	PKP040	651	13	prodotti:	prodotti	_	_	_	_	_	linguistic	_	ContainsVariation=No	_	End=1417.966	7x1	_	_	_
652-0	PKP040	652	0	del:::	del	_	_	_	_	_	linguistic	_	ContainsVariation=No	_	Begin=1418.436|End=1419.46	2x3	_	_	_
653-0	PKP040	653	0	(bust)	bust	_	_	_	_	_	linguistic	_	ContainsVariation=No	_	Begin=1420.05|End=1420.733	_	_	0-4(0)	_
654-0	PKP040	654	0	e::	e	_	_	_	_	_	linguistic	_	ContainsVariation=No	_	Begin=1421.988	0x2	_	_	_
654-1	PKP040	654	1	un	un	_	_	_	_	_	linguistic	_	ContainsVariation=No	_	_	_	_	_	_
654-2	PKP040	654	2	biglietto	biglietto	_	_	_	_	_	linguistic	_	ContainsVariation=No	_	_	_	_	_	_
654-3	PKP040	654	3	due	due	_	_	_	_	_	linguistic	_	ContainsVariation=No	_	_	_	_	_	_
654-4	PKP040	654	4	e:uro	euro	_	_	_	_	_	linguistic	_	ContainsVariation=No	_	End=1423.699	0x1	_	_	_
655-0	PKP040	655	0	un	un	_	_	_	_	_	linguistic	_	ContainsVariation=No	_	Begin=1424.836	_	_	_	_
655-1	PKP040	655	1	biglietto	biglietto	_	_	_	_	_	linguistic	_	ContainsVariation=No	_	_	_	_	_	_
655-2	PKP040	655	2	tre	tre	_	_	_	_	_	linguistic	_	ContainsVariation=No	_	_	_	_	_	_
655-3	PKP040	655	3	e:uro	euro	_	_	_	_	_	linguistic	_	ContainsVariation=No	_	_	0x1	_	_	_
655-4	PKP040	655	4	due	due	_	_	_	_	_	linguistic	_	ContainsVariation=No	_	_	_	_	_	_
655-5	PKP040	655	5	biglietti	biglietti	_	_	_	_	_	linguistic	_	ContainsVariation=No	_	_	_	_	_	_
655-6	PKP040	655	6	cinque	cinque	_	_	_	_	_	linguistic	_	ContainsVariation=No	_	_	_	_	_	_
655-7	PKP040	655	7	euro	euro	_	_	_	_	_	linguistic	_	ContainsVariation=No	_	End=1427.43	_	_	_	_
656-0	PKP041	656	0	mh	mh	_	_	_	_	_	linguistic	_	ContainsVariation=No	_	Begin=1427.593|End=1427.973	_	_	_	_
657-0	PKP040	657	0	allora	allora	_	_	_	_	_	linguistic	_	ContainsVariation=No	_	Begin=1428.668	_	_	_	_
657-1	PKP040	657	1	ho	ho	_	_	_	_	_	linguistic	_	ContainsVariation=No	_	_	_	_	_	_
657-2	PKP040	657	2	detto	detto	_	_	_	_	_	linguistic	_	ContainsVariation=No	_	_	_	_	_	_
657-3	PKP040	657	3	guarda	guarda	_	_	_	_	_	linguistic	_	ContainsVariation=No	_	_	_	_	_	_
657-4	PKP040	657	4	io	io	_	_	_	_	_	linguistic	_	ContainsVariation=No	_	_	_	_	_	_
657-5	PKP040	657	5	non	non	_	_	_	_	_	linguistic	_	ContainsVariation=No	_	_	_	_	_	_
657-6	PKP040	657	6	com[pro	compro	_	_	_	_	_	linguistic	_	ContainsVariation=No	_	_	_	_	_	3-6(155)
657-7	PKP040	657	7	xxx]	xxx	_	_	_	_	_	unknown	_	ContainsVariation=No	Syllables=3	End=1430.96	_	_	_	0-3(155)
658-0	PKP041	658	0	[che	che	_	_	_	_	_	linguistic	_	ContainsVariation=No	_	Begin=1430.126	_	_	_	0-3(155)
658-1	PKP041	658	1	affaro:ne]	affarone	_	_	_	_	_	linguistic	_	ContainsVariation=No	_	End=1430.976	5x1	_	_	0-8(155)
659-0	PKP040	659	0	però:	però	_	_	_	_	_	linguistic	_	ContainsVariation=No	_	Begin=1431.052	3x1	_	_	_
659-1	PKP040	659	1	ho	ho	_	_	_	_	_	linguistic	_	ContainsVariation=No	_	_	_	_	_	_
659-2	PKP040	659	2	detto	detto	_	_	_	_	_	linguistic	_	ContainsVariation=No	_	_	_	_	_	_
659-3	PKP040	659	3	un	un	_	_	_	_	_	linguistic	_	ContainsVariation=No	_	_	_	_	_	_
659-4	PKP040	659	4	biglietto	biglietto	_	_	_	_	_	linguistic	_	ContainsVariation=No	_	_	_	_	_	_
659-5	PKP040	659	5	te	te	_	_	_	_	_	linguistic	_	ContainsVariation=No	_	_	_	_	_	_
659-6	PKP040	659	6	lo	lo	_	_	_	_	_	linguistic	_	ContainsVariation=No	_	_	_	_	_	_
659-7	PKP040	659	7	compro	compro	_	_	_	_	_	linguistic	_	ContainsVariation=No	_	End=1432.79	_	_	_	_
660-0	PKP040	660	0	e	e	_	_	_	_	_	linguistic	_	ContainsVariation=No	_	Begin=1433.66	_	_	_	_
660-1	PKP040	660	1	quindi	quindi	_	_	_	_	_	linguistic	_	ContainsVariation=No	_	_	_	_	_	_
660-2	PKP040	660	2	passa	passa	_	_	_	_	_	linguistic	_	ContainsVariation=No	_	_	_	_	_	_
660-3	PKP040	660	3	alle	alle	_	_	_	_	_	linguistic	_	ContainsVariation=No	_	_	_	_	_	_
660-4	PKP040	660	4	tre	tre	_	_	_	_	_	linguistic	_	ContainsVariation=No	_	_	_	_	_	_
660-5	PKP040	660	5	e	e	_	_	_	_	_	linguistic	_	ContainsVariation=No	_	_	_	_	_	_
660-6	PKP040	660	6	mezzo	mezzo	_	_	_	_	_	linguistic	_	ContainsVariation=No	_	End=1435.205	_	_	_	_
661-0	PKP040	661	0	(mi	mi	_	_	_	_	_	linguistic	_	ContainsVariation=No	_	Begin=1435.452	_	_	0-2(0)	_
661-1	PKP040	661	1	lass)	lass	_	_	_	_	_	linguistic	_	ContainsVariation=No	_	_	_	_	0-4(0)	_
661-2	PKP040	661	2	[xxx]	xxx	_	_	_	_	_	unknown	_	ContainsVariation=No	Syllables=3	End=1436.56	_	_	_	0-3(156)
662-0	PKP048	662	0	[io	io	_	_	_	_	_	linguistic	_	ContainsVariation=No	_	Begin=1436.191	_	_	_	0-2(156)
662-1	PKP048	662	1	perché]	perché	_	_	_	_	_	linguistic	_	ContainsVariation=No	_	_	_	_	_	0-6(156)
662-2	PKP048	662	2	non	non	_	_	_	_	_	linguistic	_	ContainsVariation=No	_	_	_	_	_	_
662-3	PKP048	662	3	c'	c'	_	_	_	_	_	linguistic	_	ContainsVariation=No	SpaceAfter=No	_	_	_	_	_
662-4	PKP048	662	4	ho	ho	_	_	_	_	_	linguistic	_	ContainsVariation=No	_	_	_	_	_	_
662-5	PKP048	662	5	so:ldi	soldi	_	_	_	_	_	linguistic	_	ContainsVariation=No	_	_	1x1	_	_	_
662-6	PKP048	662	6	se	se	_	_	_	_	_	linguistic	_	ContainsVariation=No	_	_	_	_	_	_
662-7	PKP048	662	7	no	no	_	_	_	_	_	linguistic	_	ContainsVariation=No	_	_	_	_	_	_
662-8	PKP048	662	8	potevo	potevo	_	_	_	_	_	linguistic	_	ContainsVariation=No	_	_	_	_	_	_
662-9	PKP048	662	9	[(poi)	poi	_	_	_	_	_	linguistic	_	ContainsVariation=No	_	_	_	_	0-3(0)	0-3(157)
662-10	PKP048	662	10	dare	dare	_	_	_	_	_	linguistic	_	ContainsVariation=No	_	_	_	_	_	0-4(157)
662-11	PKP048	662	11	un	un	_	_	_	_	_	linguistic	_	ContainsVariation=No	_	_	_	_	_	0-2(157)
662-12	PKP048	662	12	contributo	contributo	_	_	_	_	_	linguistic	_	ContainsVariation=No	_	_	_	_	_	0-10(157)
662-13	PKP048	662	13	anch'	anch'	_	_	_	_	_	linguistic	_	ContainsVariation=No	SpaceAfter=No	_	_	_	_	0-5(157)
662-14	PKP048	662	14	io]	io	_	_	_	_	_	linguistic	_	ContainsVariation=No	_	End=1439.582	_	_	_	0-1(157)
663-0	PKP041	663	0	[no:	no	_	_	_	_	_	linguistic	_	ContainsVariation=No	_	Begin=1437.95	1x1	_	_	0-2(157)
663-1	PKP041	663	1	ma	ma	_	_	_	_	_	linguistic	_	ContainsVariation=No	_	_	_	_	_	0-2(157)
663-2	PKP041	663	2	prendi	prendi	_	_	_	_	_	linguistic	_	ContainsVariation=No	_	_	_	_	_	0-6(157)
663-3	PKP041	663	3	xxx]	xxx	_	_	_	_	_	unknown	_	ContainsVariation=No	Syllables=3	End=1439.525	_	_	_	0-3(157)
664-0	PKP048	664	0	una	una	_	_	_	_	_	linguistic	_	ContainsVariation=No	_	Begin=1442.96	_	_	_	_
664-1	PKP048	664	1	volta	volta	_	_	_	_	_	linguistic	_	ContainsVariation=No	_	_	_	_	_	_
664-2	PKP048	664	2	vince[vo	vincevo	_	_	_	_	_	linguistic	_	ContainsVariation=No	_	_	_	_	_	5-7(158)
664-3	PKP048	664	3	se:mpre]	sempre	_	_	_	_	_	linguistic	_	ContainsVariation=No	_	End=1444.532	1x1	_	_	0-6(158)
665-0	PKP040	665	0	[(la	la	_	_	_	_	_	linguistic	_	ContainsVariation=No	_	Begin=1443.73	_	_	0-2(0)	0-2(158)
665-1	PKP040	665	1	collana)	collana	_	_	_	_	_	linguistic	_	ContainsVariation=No	_	_	_	_	0-7(0)	0-7(158)
665-2	PKP040	665	2	è	è	_	_	_	_	_	linguistic	_	ContainsVariation=No	_	_	_	_	_	0-1(158)
665-3	PKP040	665	3	mi]a	mia	_	_	_	_	_	linguistic	_	ContainsVariation=No	_	_	_	_	_	0-2(158)
665-4	PKP040	665	4	no?	no	_	_	_	_	_	linguistic	_	ContainsVariation=No	Intonation=Rising	End=1444.972	_	_	_	_
666-0	PKP041	666	0	no:	no	_	_	_	_	_	linguistic	_	ContainsVariation=No	_	Begin=1445.026	1x1	_	_	_
666-1	PKP041	666	1	questa	questa	_	_	_	_	_	linguistic	_	ContainsVariation=No	_	_	_	_	_	_
666-2	PKP041	666	2	è	è	_	_	_	_	_	linguistic	_	ContainsVariation=No	_	_	_	_	_	_
666-3	PKP041	666	3	mia	mia	_	_	_	_	_	linguistic	_	ContainsVariation=No	_	End=1445.909	_	_	_	_
667-0	PKP040	667	0	per	per	_	_	_	_	_	linguistic	_	ContainsVariation=No	_	Begin=1446.372	_	_	_	_
667-1	PKP040	667	1	che	che	_	_	_	_	_	linguistic	_	ContainsVariation=No	_	_	_	_	_	_
667-2	PKP040	667	2	cos'	cos'	_	_	_	_	_	linguistic	_	ContainsVariation=No	SpaceAfter=No	_	_	_	_	_
667-3	PKP040	667	3	è	è	_	_	_	_	_	linguistic	_	ContainsVariation=No	_	_	_	_	_	_
667-4	PKP040	667	4	(allo[ra)]?	allora	_	_	_	_	_	linguistic	_	ContainsVariation=No	Intonation=Rising	End=1447.422	_	_	0-6(0)	3-6(159)
668-0	PKP041	668	0	[no	no	_	_	_	_	_	linguistic	_	ContainsVariation=No	_	Begin=1447.172	_	_	_	0-2(159)
668-1	PKP041	668	1	for]se	forse	_	_	_	_	_	linguistic	_	ContainsVariation=No	_	_	_	_	_	0-3(159)
668-2	PKP041	668	2	è	è	_	_	_	_	_	linguistic	_	ContainsVariation=No	_	_	_	_	_	_
668-3	PKP041	668	3	tua	tua	_	_	_	_	_	linguistic	_	ContainsVariation=No	_	End=1447.956	_	_	_	_
669-0	PKP040	669	0	°è	è	_	_	_	_	_	linguistic	_	ContainsVariation=No	Volume=low	Begin=1447.986	_	_	_	_
669-1	PKP040	669	1	mi:a:°	mia	_	_	_	_	_	linguistic	_	ContainsVariation=No	Volume=low	End=1448.68	1x1,2x1	_	_	_
670-0	PKP040	670	0	la	la	_	_	_	_	_	linguistic	_	ContainsVariation=No	_	Begin=1448.738	_	_	_	_
670-1	PKP040	670	1	regalai:	regalai	_	_	_	_	_	linguistic	_	ContainsVariation=No	_	_	6x1	_	_	_
670-2	PKP040	670	2	ai::	ai	_	_	_	_	_	linguistic	_	ContainsVariation=No	_	_	1x2	_	_	_
670-3	PKP040	670	3	venticinque	venticinque	_	_	_	_	_	linguistic	_	ContainsVariation=No	_	_	_	_	_	_
670-4	PKP040	670	4	anni	anni	_	_	_	_	_	linguistic	_	ContainsVariation=No	_	_	_	_	_	_
670-5	PKP040	670	5	di	di	_	_	_	_	_	linguistic	_	ContainsVariation=No	_	_	_	_	_	_
670-6	PKP040	670	6	>matrimonio<	matrimonio	_	_	_	_	_	linguistic	_	ContainsVariation=No	_	End=1451.2	_	Fast=0-10(0)	_	_
671-0	PKP040	671	0	a	a	_	_	_	_	_	linguistic	_	ContainsVariation=No	_	Begin=1451.227	_	_	_	_
671-1	PKP040	671	1	me	me	_	_	_	_	_	linguistic	_	ContainsVariation=No	_	_	_	_	_	_
671-2	PKP040	671	2	e	e	_	_	_	_	_	linguistic	_	ContainsVariation=No	_	_	_	_	_	_
671-3	PKP040	671	3	a	a	_	_	_	_	_	linguistic	_	ContainsVariation=No	_	_	_	_	_	_
671-4	PKP040	671	4	papà	papà	_	_	_	_	_	linguistic	_	ContainsVariation=No	_	End=1451.922	_	_	_	_
672-0	PKP041	672	0	ma	ma	_	_	_	_	_	linguistic	_	ContainsVariation=No	_	Begin=1452.664	_	_	_	_
672-1	PKP041	672	1	chi?	chi	_	_	_	_	_	linguistic	_	ContainsVariation=No	Intonation=Rising	End=1453.07	_	_	_	_
673-0	PKP040	673	0	zia	zia	_	_	_	_	_	linguistic	_	ContainsVariation=No	_	Begin=1453.482	_	_	_	_
673-1	PKP040	673	1	mariella	mariella	_	_	_	_	_	linguistic	_	ContainsVariation=No	_	_	_	_	_	_
673-2	PKP040	673	2	chi	chi	_	_	_	_	_	linguistic	_	ContainsVariation=No	_	End=1454.396	_	_	_	_
674-0	PKP040	674	0	# a	a	_	_	_	_	_	linguistic	_	ContainsVariation=Yes|Code=Underspecified	_	Begin=1455.044	_	_	_	_
674-1	PKP040	674	1	papà	papà	_	_	_	_	_	linguistic	_	ContainsVariation=Yes|Code=Underspecified	_	_	_	_	_	_
674-2	PKP040	674	2	(lu)	lu	_	_	_	_	_	linguistic	_	ContainsVariation=Yes|Code=Underspecified	_	_	_	_	0-2(0)	_
674-3	PKP040	674	3	braccial[e:tto]	braccialetto	_	_	_	_	_	linguistic	_	ContainsVariation=Yes|Code=Underspecified	_	End=1456.401	8x1	_	_	8-12(160)
675-0	PKP041	675	0	[°ma	ma	_	_	_	_	_	linguistic	_	ContainsVariation=No	Volume=low	Begin=1455.935	_	_	_	0-2(160)
675-1	PKP041	675	1	che	che	_	_	_	_	_	linguistic	_	ContainsVariation=No	Volume=low	_	_	_	_	0-3(160)
675-2	PKP041	675	2	stai]	stai	_	_	_	_	_	linguistic	_	ContainsVariation=No	Volume=low	_	_	_	_	0-4(160)
675-3	PKP041	675	3	dic[e:ndo?°]	dicendo	_	_	_	_	_	linguistic	_	ContainsVariation=No	Intonation=Rising|Volume=low	End=1457.152	3x1	_	_	3-7(252)
676-0	PKP039	676	0	[a	a	_	_	_	_	_	linguistic	_	ContainsVariation=No	_	Begin=1456.667	_	_	_	0-1(?)
676-1	PKP039	676	1	me	me	_	_	_	_	_	linguistic	_	ContainsVariation=No	_	_	_	_	_	0-2(?)
676-2	PKP039	676	2	il	il	_	_	_	_	_	linguistic	_	ContainsVariation=No	_	_	_	_	_	0-2(?)
676-3	PKP039	676	3	brac][cialetto]?	braccialetto	_	_	_	_	_	linguistic	_	ContainsVariation=No	Intonation=Rising	End=1457.633	_	_	_	4-12(?)
677-0	PKP040	677	0	[sì::]	sì	_	_	_	_	_	linguistic	_	ContainsVariation=No	_	Begin=1457.148|End=1457.635	1x2	_	_	0-2(252)
678-0	PKP039	678	0	xxxxx	xxxxx	_	_	_	_	_	unknown	_	ContainsVariation=No	Syllables=5	Begin=1457.66|End=1458.47	_	_	_	_
679-0	PKP040	679	0	a	a	_	_	_	_	_	linguistic	_	ContainsVariation=No	_	Begin=1458.47	_	_	_	_
679-1	PKP040	679	1	lei	lei	_	_	_	_	_	linguistic	_	ContainsVariation=No	PauseAfter=Yes	_	_	_	_	_
679-2	PKP040	679	2	(.)	(.)	_	_	_	_	_	shortpause	_	ContainsVariation=No	_	_	_	_	_	_
679-3	PKP040	679	3	a	a	_	_	_	_	_	linguistic	_	ContainsVariation=No	_	_	_	_	_	_
679-4	PKP040	679	4	lui	lui	_	_	_	_	_	linguistic	_	ContainsVariation=No	_	_	_	_	_	_
679-5	PKP040	679	5	il	il	_	_	_	_	_	linguistic	_	ContainsVariation=No	_	_	_	_	_	_
679-6	PKP040	679	6	braccialetto	braccialetto	_	_	_	_	_	linguistic	_	ContainsVariation=No	_	_	_	_	_	_
679-7	PKP040	679	7	e	e	_	_	_	_	_	linguistic	_	ContainsVariation=No	_	_	_	_	_	_
679-8	PKP040	679	8	a	a	_	_	_	_	_	linguistic	_	ContainsVariation=No	_	_	_	_	_	_
679-9	PKP040	679	9	me	me	_	_	_	_	_	linguistic	_	ContainsVariation=No	_	_	_	_	_	_
679-10	PKP040	679	10	la	la	_	_	_	_	_	linguistic	_	ContainsVariation=No	_	_	_	_	_	_
679-11	PKP040	679	11	collani[na]	collanina	_	_	_	_	_	linguistic	_	ContainsVariation=No	_	End=1460.69	_	_	_	7-9(161)
680-0	PKP041	680	0	[ma	ma	_	_	_	_	_	linguistic	_	ContainsVariation=No	_	Begin=1460.518	_	_	_	0-2(161)
680-1	PKP041	680	1	io]	io	_	_	_	_	_	linguistic	_	ContainsVariation=No	_	_	_	_	_	0-2(161)
680-2	PKP041	680	2	c'	c'	_	_	_	_	_	linguistic	_	ContainsVariation=No	SpaceAfter=No	_	_	_	_	_
680-3	PKP041	680	3	ho	ho	_	_	_	_	_	linguistic	_	ContainsVariation=No	_	_	_	_	_	_
680-4	PKP041	680	4	sia	sia	_	_	_	_	_	linguistic	_	ContainsVariation=No	_	_	_	_	_	_
680-5	PKP041	680	5	un	un	_	_	_	_	_	linguistic	_	ContainsVariation=No	_	_	_	_	_	_
680-6	PKP041	680	6	braccialetto	braccialetto	_	_	_	_	_	linguistic	_	ContainsVariation=No	_	_	_	_	_	_
680-7	PKP041	680	7	di	di	_	_	_	_	_	linguistic	_	ContainsVariation=No	_	_	_	_	_	_
680-8	PKP041	680	8	oro	oro	_	_	_	_	_	linguistic	_	ContainsVariation=No	_	_	_	_	_	_
680-9	PKP041	680	9	che	che	_	_	_	_	_	linguistic	_	ContainsVariation=No	_	_	_	_	_	_
680-10	PKP041	680	10	una	una	_	_	_	_	_	linguistic	_	ContainsVariation=No	_	_	_	_	_	_
680-11	PKP041	680	11	collanina	collanina	_	_	_	_	_	linguistic	_	ContainsVariation=No	_	_	_	_	_	_
680-12	PKP041	680	12	di	di	_	_	_	_	_	linguistic	_	ContainsVariation=No	_	_	_	_	_	_
680-13	PKP041	680	13	o[ro]	oro	_	_	_	_	_	linguistic	_	ContainsVariation=No	_	End=1463.268	_	_	_	0-3(162)
681-0	PKP040	681	0	[eh]	eh	_	_	_	_	_	linguistic	_	ContainsVariation=No	_	Begin=1463.058	_	_	_	0-2(162)
681-1	PKP040	681	1	forse::	forse	_	_	_	_	_	linguistic	_	ContainsVariation=No	_	_	4x2	_	_	_
681-2	PKP040	681	2	che	che	_	_	_	_	_	linguistic	_	ContainsVariation=No	_	_	_	_	_	_
681-3	PKP040	681	3	sono	sono	_	_	_	_	_	linguistic	_	ContainsVariation=No	_	_	_	_	_	_
681-4	PKP040	681	4	quelli:	quelli	_	_	_	_	_	linguistic	_	ContainsVariation=No	_	End=1465.159	5x1	_	_	_
682-0	PKP048	682	0	pure	pure	_	_	_	_	_	linguistic	_	ContainsVariation=No	_	Begin=1466.89	_	_	_	_
682-1	PKP048	682	1	il	il	_	_	_	_	_	linguistic	_	ContainsVariation=No	_	_	_	_	_	_
682-2	PKP048	682	2	bracciale	bracciale	_	_	_	_	_	linguistic	_	ContainsVariation=No	_	_	_	_	_	_
682-3	PKP048	682	3	xx	xx	_	_	_	_	_	unknown	_	ContainsVariation=No	Syllables=2	_	_	_	_	_
682-4	PKP048	682	4	[la	la	_	_	_	_	_	linguistic	_	ContainsVariation=No	_	_	_	_	_	0-2(163)
682-5	PKP048	682	5	zia],	zia	_	_	_	_	_	linguistic	_	ContainsVariation=No	Intonation=WeaklyRising	End=1468.52	_	_	_	0-3(163)
683-0	PKP039	683	0	[anzi	anzi	_	_	_	_	_	linguistic	_	ContainsVariation=No	_	Begin=1467.932	_	_	_	0-4(163)
683-1	PKP039	683	1	adesso	adesso	_	_	_	_	_	linguistic	_	ContainsVariation=No	_	_	_	_	_	0-6(163)
683-2	PKP039	683	2	che]	che	_	_	_	_	_	linguistic	_	ContainsVariation=No	_	_	_	_	_	0-3(163)
683-3	PKP039	683	3	lo	lo	_	_	_	_	_	linguistic	_	ContainsVariation=No	_	_	_	_	_	_
683-4	PKP039	683	4	vedo	vedo	_	_	_	_	_	linguistic	_	ContainsVariation=No	_	_	_	_	_	_
683-5	PKP039	683	5	mi	mi	_	_	_	_	_	linguistic	_	ContainsVariation=No	_	_	_	_	_	_
683-6	PKP039	683	6	sembra	sembra	_	_	_	_	_	linguistic	_	ContainsVariation=No	_	_	_	_	_	_
683-7	PKP039	683	7	che	che	_	_	_	_	_	linguistic	_	ContainsVariation=No	_	_	_	_	_	_
683-8	PKP039	683	8	sia	sia	_	_	_	_	_	linguistic	_	ContainsVariation=No	_	_	_	_	_	_
683-9	PKP039	683	9	proprio	proprio	_	_	_	_	_	linguistic	_	ContainsVariation=No	_	_	_	_	_	_
683-10	PKP039	683	10	il	il	_	_	_	_	_	linguistic	_	ContainsVariation=No	_	_	_	_	_	_
683-11	PKP039	683	11	mio	mio	_	_	_	_	_	linguistic	_	ContainsVariation=No	_	End=1470.03	_	_	_	_
684-0	PKP041	684	0	veh	veh	_	_	_	_	_	linguistic	_	ContainsVariation=No	_	Begin=1470.405|End=1470.766	_	_	_	_
685-0	PKP040	685	0	x[x]	xx	_	_	_	_	_	unknown	_	ContainsVariation=No	Syllables=2	Begin=1472.33|End=1472.754	_	_	_	1-2(164)
686-0	PKP041	686	0	[tu	tu	_	_	_	_	_	linguistic	_	ContainsVariation=No	_	Begin=1472.54	_	_	_	0-2(164)
686-1	PKP041	686	1	non]	non	_	_	_	_	_	linguistic	_	ContainsVariation=No	_	_	_	_	_	0-3(164)
686-2	PKP041	686	2	te	te	_	_	_	_	_	linguistic	_	ContainsVariation=No	_	_	_	_	_	_
686-3	PKP041	686	3	li	li	_	_	_	_	_	linguistic	_	ContainsVariation=No	_	_	_	_	_	_
686-4	PKP041	686	4	me:tti	metti	_	_	_	_	_	linguistic	_	ContainsVariation=No	_	_	1x1	_	_	_
686-5	PKP041	686	5	i:	i	_	_	_	_	_	linguistic	_	ContainsVariation=No	_	_	0x1	_	_	_
686-6	PKP041	686	6	gioielli	gioielli	_	_	_	_	_	linguistic	_	ContainsVariation=No	_	_	_	_	_	_
686-7	PKP041	686	7	ma	ma	_	_	_	_	_	linguistic	_	ContainsVariation=No	_	End=1474.39	_	_	_	_
687-0	PKP040	687	0	°infatti	infatti	_	_	_	_	_	linguistic	_	ContainsVariation=No	Volume=low	Begin=1474.437	_	_	_	_
687-1	PKP040	687	1	sì°	sì	_	_	_	_	_	linguistic	_	ContainsVariation=No	Volume=low	End=1475.063	_	_	_	_
688-0	PKP048	688	0	per	per	_	_	_	_	_	linguistic	_	ContainsVariation=No	_	Begin=1475.24	_	_	_	_
688-1	PKP048	688	1	la	la	_	_	_	_	_	linguistic	_	ContainsVariation=No	_	_	_	_	_	_
688-2	PKP048	688	2	zia	zia	_	_	_	_	_	linguistic	_	ContainsVariation=No	_	_	_	_	_	_
688-3	PKP048	688	3	pure	pure	_	_	_	_	_	linguistic	_	ContainsVariation=No	_	_	_	_	_	_
688-4	PKP048	688	4	i	i	_	_	_	_	_	linguistic	_	ContainsVariation=No	_	_	_	_	_	_
688-5	PKP048	688	5	braccialetti	braccialetti	_	_	_	_	_	linguistic	_	ContainsVariation=No	_	_	_	_	_	_
688-6	PKP048	688	6	[xxx]	xxx	_	_	_	_	_	unknown	_	ContainsVariation=No	Syllables=3	_	_	_	_	0-3(165)
688-7	PKP048	688	7	il	il	_	_	_	_	_	linguistic	_	ContainsVariation=No	_	_	_	_	_	_
688-8	PKP048	688	8	braccialetto	braccialetto	_	_	_	_	_	linguistic	_	ContainsVariation=No	_	_	_	_	_	_
688-9	PKP048	688	9	di	di	_	_	_	_	_	linguistic	_	ContainsVariation=No	_	_	_	_	_	_
688-10	PKP048	688	10	sergio	sergio	_	_	_	_	_	linguistic	_	ContainsVariation=No	_	End=1478.71	_	_	_	_
689-0	PKP040	689	0	[xxxx]	xxxx	_	_	_	_	_	unknown	_	ContainsVariation=No	Syllables=4	Begin=1476.616|End=1477.57	_	_	_	0-4(165)
690-0	PKP048	690	0	e	e	_	_	_	_	_	linguistic	_	ContainsVariation=No	_	Begin=1479.228	_	_	_	_
690-1	PKP048	690	1	l'	l'	_	_	_	_	_	linguistic	_	ContainsVariation=No	SpaceAfter=No	_	_	_	_	_
690-2	PKP048	690	2	ha	ha	_	_	_	_	_	linguistic	_	ContainsVariation=No	_	_	_	_	_	_
690-3	PKP048	690	3	porta:to	portato	_	_	_	_	_	linguistic	_	ContainsVariation=No	_	_	4x1	_	_	_
690-4	PKP048	690	4	a	a	_	_	_	_	_	linguistic	_	ContainsVariation=No	_	_	_	_	_	_
690-5	PKP048	690	5	far	far	_	_	_	_	_	linguistic	_	ContainsVariation=No	_	_	_	_	_	_
690-6	PKP048	690	6	allarga:re	allargare	_	_	_	_	_	linguistic	_	ContainsVariation=No	_	_	6x1	_	_	_
690-7	PKP048	690	7	per	per	_	_	_	_	_	linguistic	_	ContainsVariation=No	_	_	_	_	_	_
690-8	PKP048	690	8	ste:fano,	stefano	_	_	_	_	_	linguistic	_	ContainsVariation=No	Intonation=WeaklyRising	_	2x1	_	_	_
690-9	PKP048	690	9	fare	fare	_	_	_	_	_	linguistic	_	ContainsVariation=No	_	_	_	_	_	_
690-10	PKP048	690	10	la	la	_	_	_	_	_	linguistic	_	ContainsVariation=No	_	End=1482.175	_	_	_	_
691-0	PKP048	691	0	là	là	_	_	_	_	_	linguistic	_	ContainsVariation=No	_	Begin=1482.366	_	_	_	_
691-1	PKP048	691	1	dove	dove	_	_	_	_	_	linguistic	_	ContainsVariation=No	_	_	_	_	_	_
691-2	PKP048	691	2	sei	sei	_	_	_	_	_	linguistic	_	ContainsVariation=No	_	_	_	_	_	_
691-3	PKP048	691	3	andata	andata	_	_	_	_	_	linguistic	_	ContainsVariation=No	_	_	_	_	_	_
691-4	PKP048	691	4	tu	tu	_	_	_	_	_	linguistic	_	ContainsVariation=No	_	_	_	_	_	_
691-5	PKP048	691	5	[(hanno	hanno	_	_	_	_	_	linguistic	_	ContainsVariation=No	_	_	_	_	0-5(0)	0-5(166)
691-6	PKP048	691	6	spiegato)]	spiegato	_	_	_	_	_	linguistic	_	ContainsVariation=No	_	End=1484.27	_	_	0-8(0)	0-8(166)
692-0	PKP040	692	0	[e:h	eh	_	_	_	_	_	linguistic	_	ContainsVariation=No	_	Begin=1483.426	0x1	_	_	0-2(166)
692-1	PKP040	692	1	ma:	ma	_	_	_	_	_	linguistic	_	ContainsVariation=No	_	_	1x1	_	_	0-2(166)
692-2	PKP040	692	2	in]fatti	infatti	_	_	_	_	_	linguistic	_	ContainsVariation=No	_	_	_	_	_	0-2(166)
692-3	PKP040	692	3	è	è	_	_	_	_	_	linguistic	_	ContainsVariation=No	_	_	_	_	_	_
692-4	PKP040	692	4	garba:to	garbato	_	_	_	_	_	linguistic	_	ContainsVariation=No	_	_	4x1	_	_	_
692-5	PKP040	692	5	[(come)	come	_	_	_	_	_	linguistic	_	ContainsVariation=No	_	_	_	_	0-4(0)	0-4(167)
692-6	PKP040	692	6	xxxxxxx]	xxxxxxx	_	_	_	_	_	unknown	_	ContainsVariation=No	Syllables=7	End=1486.723	_	_	_	0-7(167)
693-0	PKP048	693	0	[(un	un	_	_	_	_	_	linguistic	_	ContainsVariation=No	_	Begin=1485.299	_	_	0-2(0)	0-2(167)
693-1	PKP048	693	1	po'	po'	_	_	_	_	_	linguistic	_	ContainsVariation=No	_	_	_	_	0-3(0)	0-3(167)
693-2	PKP048	693	2	ma:)	ma	_	_	_	_	_	linguistic	_	ContainsVariation=No	PauseAfter=Yes	_	1x1	_	0-2(0)	0-2(167)
693-3	PKP048	693	3	(.)	(.)	_	_	_	_	_	shortpause	_	ContainsVariation=No	_	_	_	_	_	X(167)
693-4	PKP048	693	4	(hai	hai	_	_	_	_	_	linguistic	_	ContainsVariation=No	_	_	_	_	0-3(1)	0-3(167)
693-5	PKP048	693	5	fa]tto	fatto	_	_	_	_	_	linguistic	_	ContainsVariation=No	_	_	_	_	0-5(1)	0-2(167)
693-6	PKP048	693	6	tre?)	tre	_	_	_	_	_	linguistic	_	ContainsVariation=No	Intonation=Rising	End=1487.22	_	_	0-3(1)	_
694-0	PKP048	694	0	(deve	deve	_	_	_	_	_	linguistic	_	ContainsVariation=No	_	Begin=1487.564	_	_	0-4(0)	_
694-1	PKP048	694	1	anda:re	andare	_	_	_	_	_	linguistic	_	ContainsVariation=No	_	_	3x1	_	0-6(0)	_
694-2	PKP048	694	2	con	con	_	_	_	_	_	linguistic	_	ContainsVariation=No	_	_	_	_	0-3(0)	_
694-3	PKP048	694	3	le	le	_	_	_	_	_	linguistic	_	ContainsVariation=No	_	_	_	_	0-2(0)	_
694-4	PKP048	694	4	cose	cose	_	_	_	_	_	linguistic	_	ContainsVariation=No	_	_	_	_	0-4(0)	_
694-5	PKP048	694	5	[sue)	sue	_	_	_	_	_	linguistic	_	ContainsVariation=No	_	_	_	_	0-3(0)	0-3(168)
694-6	PKP048	694	6	xxx]	xxx	_	_	_	_	_	unknown	_	ContainsVariation=No	Syllables=3	End=1489.51	_	_	_	0-3(168)
695-0	PKP040	695	0	[(eh	eh	_	_	_	_	_	linguistic	_	ContainsVariation=No	_	Begin=1488.742	_	_	0-2(0)	0-2(168)
695-1	PKP040	695	1	andrà	andrà	_	_	_	_	_	linguistic	_	ContainsVariation=No	_	_	_	_	0-5(0)	0-5(168)
695-2	PKP040	695	2	da	da	_	_	_	_	_	linguistic	_	ContainsVariation=No	_	_	_	_	0-2(0)	0-2(168)
695-3	PKP040	695	3	lei,)]	lei	_	_	_	_	_	linguistic	_	ContainsVariation=No	Intonation=WeaklyRising	End=1489.49	_	_	0-3(0)	0-3(168)
696-0	PKP048	696	0	(ma	ma	_	_	_	_	_	linguistic	_	ContainsVariation=No	_	Begin=1492.09	_	_	0-2(0)	_
696-1	PKP048	696	1	la	la	_	_	_	_	_	linguistic	_	ContainsVariation=No	_	_	_	_	0-2(0)	_
696-2	PKP048	696	2	fasc::)	fasc	_	_	_	_	_	linguistic	_	ContainsVariation=No	_	End=1493.05	3x2	_	0-4(0)	_
697-0	PKP040	697	0	parcheggiare	parcheggiare	_	_	_	_	_	linguistic	_	ContainsVariation=No	_	Begin=1494.19	_	_	_	_
697-1	PKP040	697	1	in	in	_	_	_	_	_	linguistic	_	ContainsVariation=No	_	_	_	_	_	_
697-2	PKP040	697	2	ce:ntro,	centro	_	_	_	_	_	linguistic	_	ContainsVariation=No	Intonation=WeaklyRising	_	1x1	_	_	_
697-3	PKP040	697	3	fa:re,	fare	_	_	_	_	_	linguistic	_	ContainsVariation=No	Intonation=WeaklyRising	End=1495.85	1x1	_	_	_
698-0	PKP048	698	0	[m::h]	mh	_	_	_	_	_	linguistic	_	ContainsVariation=No	_	Begin=1495.892|End=1496.436	0x2	_	_	0-2(169)
699-0	PKP040	699	0	[m::h]	mh	_	_	_	_	_	linguistic	_	ContainsVariation=No	_	Begin=1495.892|End=1496.436	0x2	_	_	0-2(169)
700-0	PKP040	700	0	m'	m'	_	_	_	_	_	linguistic	_	ContainsVariation=No	SpaceAfter=No	Begin=1496.499	_	_	_	_
700-1	PKP040	700	1	han	han	_	_	_	_	_	linguistic	_	ContainsVariation=No	_	_	_	_	_	_
700-2	PKP040	700	2	dato	dato	_	_	_	_	_	linguistic	_	ContainsVariation=No	_	_	_	_	_	_
700-3	PKP040	700	3	io::	io	_	_	_	_	_	linguistic	_	ContainsVariation=No	_	_	1x2	_	_	_
700-4	PKP040	700	4	il	il	_	_	_	_	_	linguistic	_	ContainsVariation=No	_	_	_	_	_	_
700-5	PKP040	700	5	xx	xx	_	_	_	_	_	unknown	_	ContainsVariation=No	Syllables=2	End=1497.683	_	_	_	_
701-0	PKP048	701	0	a::h	ah	_	_	_	_	_	linguistic	_	ContainsVariation=No	_	Begin=1498.269	0x2	_	_	_
701-1	PKP048	701	1	m'	m'	_	_	_	_	_	linguistic	_	ContainsVariation=No	SpaceAfter=No	_	_	_	_	_
701-2	PKP048	701	2	ha	ha	_	_	_	_	_	linguistic	_	ContainsVariation=No	_	_	_	_	_	_
701-3	PKP048	701	3	detto	detto	_	_	_	_	_	linguistic	_	ContainsVariation=No	_	_	_	_	_	_
701-4	PKP048	701	4	quando	quando	_	_	_	_	_	linguistic	_	ContainsVariation=No	_	_	_	_	_	_
701-5	PKP048	701	5	(a)	a	_	_	_	_	_	linguistic	_	ContainsVariation=No	_	_	_	_	0-1(0)	_
701-6	PKP048	701	6	sono	sono	_	_	_	_	_	linguistic	_	ContainsVariation=No	_	_	_	_	_	_
701-7	PKP048	701	7	andati	andati	_	_	_	_	_	linguistic	_	ContainsVariation=No	_	_	_	_	_	_
701-8	PKP048	701	8	dall'	dall'	_	_	_	_	_	linguistic	_	ContainsVariation=No	SpaceAfter=No	_	_	_	_	_
701-9	PKP048	701	9	oculi:sta	oculista	_	_	_	_	_	linguistic	_	ContainsVariation=No	_	End=1500.52	4x1	_	_	_
702-0	PKP041	702	0	a:::h	ah	_	_	_	_	_	linguistic	_	ContainsVariation=No	_	Begin=1500.937	0x3	_	_	_
702-1	PKP041	702	1	può	può	_	_	_	_	_	linguistic	_	ContainsVariation=No	_	_	_	_	_	_
702-2	PKP041	702	2	essere	essere	_	_	_	_	_	linguistic	_	ContainsVariation=No	_	End=1501.77	_	_	_	_
703-0	PKP048	703	0	hanno	hanno	_	_	_	_	_	linguistic	_	ContainsVariation=No	_	Begin=1501.784	_	_	_	_
703-1	PKP048	703	1	fatto	fatto	_	_	_	_	_	linguistic	_	ContainsVariation=No	PauseAfter=Yes	_	_	_	_	_
703-2	PKP048	703	2	(.)	(.)	_	_	_	_	_	shortpause	_	ContainsVariation=No	_	_	_	_	_	_
703-3	PKP048	703	3	messo	messo	_	_	_	_	_	linguistic	_	ContainsVariation=No	_	_	_	_	_	_
703-4	PKP048	703	4	la	la	_	_	_	_	_	linguistic	_	ContainsVariation=No	_	_	_	_	_	_
703-5	PKP048	703	5	macchina	macchina	_	_	_	_	_	linguistic	_	ContainsVariation=No	_	_	_	_	_	_
703-6	PKP048	703	6	in	in	_	_	_	_	_	linguistic	_	ContainsVariation=No	_	_	_	_	_	_
703-7	PKP048	703	7	un	un	_	_	_	_	_	linguistic	_	ContainsVariation=No	_	_	_	_	_	_
703-8	PKP048	703	8	garage	garage	_	_	_	_	_	linguistic	_	ContainsVariation=No	_	End=1503.75	_	_	_	_
704-0	PKP040	704	0	°(figu:rati)°	figurati	_	_	_	_	_	linguistic	_	ContainsVariation=No	Volume=low	Begin=1504.807|End=1505.656	3x1	_	0-8(0)	_
705-0	PKP040	705	0	ma	ma	_	_	_	_	_	linguistic	_	ContainsVariation=No	_	Begin=1507.6	_	_	_	_
705-1	PKP040	705	1	lei	lei	_	_	_	_	_	linguistic	_	ContainsVariation=No	_	_	_	_	_	_
705-2	PKP040	705	2	me	me	_	_	_	_	_	linguistic	_	ContainsVariation=No	_	_	_	_	_	_
705-3	PKP040	705	3	la	la	_	_	_	_	_	linguistic	_	ContainsVariation=No	_	_	_	_	_	_
705-4	PKP040	705	4	poteva	poteva	_	_	_	_	_	linguistic	_	ContainsVariation=No	_	_	_	_	_	_
705-5	PKP040	705	5	pure	pure	_	_	_	_	_	linguistic	_	ContainsVariation=No	_	_	_	_	_	_
705-6	PKP040	705	6	di:re	dire	_	_	_	_	_	linguistic	_	ContainsVariation=No	_	_	1x1	_	_	_
705-7	PKP040	705	7	no?	no	_	_	_	_	_	linguistic	_	ContainsVariation=No	Intonation=Rising	End=1509.22	_	_	_	_
706-0	PKP040	706	0	t'	t'	_	_	_	_	_	linguistic	_	ContainsVariation=No	SpaceAfter=No	Begin=1509.264	_	_	_	_
706-1	PKP040	706	1	accompagna~	accompagna~	_	_	_	_	_	linguistic	_	ContainsVariation=No	Interrupted=Yes	_	_	_	_	_
706-2	PKP040	706	2	beh	beh	_	_	_	_	_	linguistic	_	ContainsVariation=No	_	_	_	_	_	_
706-3	PKP040	706	3	che:	che	_	_	_	_	_	linguistic	_	ContainsVariation=No	_	_	2x1	_	_	_
706-4	PKP040	706	4	qua~	qua~	_	_	_	_	_	linguistic	_	ContainsVariation=No	Interrupted=Yes	_	_	_	_	_
706-5	PKP040	706	5	a	a	_	_	_	_	_	linguistic	_	ContainsVariation=No	_	_	_	_	_	_
706-6	PKP040	706	6	quante	quante	_	_	_	_	_	linguistic	_	ContainsVariation=No	_	_	_	_	_	_
706-7	PKP040	706	7	volte	volte	_	_	_	_	_	linguistic	_	ContainsVariation=No	_	_	_	_	_	_
706-8	PKP040	706	8	va:do	vado	_	_	_	_	_	linguistic	_	ContainsVariation=No	_	_	1x1	_	_	_
706-9	PKP040	706	9	ve:ngo	vengo	_	_	_	_	_	linguistic	_	ContainsVariation=No	_	_	1x1	_	_	_
706-10	PKP040	706	10	va:do	vado	_	_	_	_	_	linguistic	_	ContainsVariation=No	_	_	1x1	_	_	_
706-11	PKP040	706	11	e	e	_	_	_	_	_	linguistic	_	ContainsVariation=No	_	_	_	_	_	_
706-12	PKP040	706	12	una	una	_	_	_	_	_	linguistic	_	ContainsVariation=No	_	_	_	_	_	_
706-13	PKP040	706	13	volta	volta	_	_	_	_	_	linguistic	_	ContainsVariation=No	_	_	_	_	_	_
706-14	PKP040	706	14	di	di	_	_	_	_	_	linguistic	_	ContainsVariation=No	_	_	_	_	_	_
706-15	PKP040	706	15	più	più	_	_	_	_	_	linguistic	_	ContainsVariation=No	_	_	_	_	_	_
706-16	PKP040	706	16	che	che	_	_	_	_	_	linguistic	_	ContainsVariation=No	_	_	_	_	_	_
706-17	PKP040	706	17	dev'	dev'	_	_	_	_	_	linguistic	_	ContainsVariation=No	SpaceAfter=No	_	_	_	_	_
706-18	PKP040	706	18	e:ssere?	essere	_	_	_	_	_	linguistic	_	ContainsVariation=No	Intonation=Rising	End=1513.653	0x1	_	_	_
707-0	PKP040	707	0	eh	eh	_	_	_	_	_	linguistic	_	ContainsVariation=No	_	Begin=1514.583|End=1514.848	_	_	_	_
708-0	PKP040	708	0	glielo	glielo	_	_	_	_	_	linguistic	_	ContainsVariation=No	_	Begin=1515.11	_	_	_	_
708-1	PKP040	708	1	devo	devo	_	_	_	_	_	linguistic	_	ContainsVariation=No	_	_	_	_	_	_
708-2	PKP040	708	2	dire	dire	_	_	_	_	_	linguistic	_	ContainsVariation=No	_	_	_	_	_	_
708-3	PKP040	708	3	(io)	io	_	_	_	_	_	linguistic	_	ContainsVariation=No	_	_	_	_	0-2(0)	_
708-4	PKP040	708	4	e	e	_	_	_	_	_	linguistic	_	ContainsVariation=No	_	_	_	_	_	_
708-5	PKP040	708	5	zi'	zi'	_	_	_	_	_	linguistic	_	ContainsVariation=No	Truncated=Yes	_	_	_	_	_
708-6	PKP040	708	6	scusa	scusa	_	_	_	_	_	linguistic	_	ContainsVariation=No	_	_	_	_	_	_
708-7	PKP040	708	7	e:h	eh	_	_	_	_	_	linguistic	_	ContainsVariation=No	_	End=1516.881	0x1	_	_	_
709-0	PKP040	709	0	prima	prima	_	_	_	_	_	linguistic	_	ContainsVariation=No	_	Begin=1519.12	_	_	_	_
709-1	PKP040	709	1	quante	quante	_	_	_	_	_	linguistic	_	ContainsVariation=No	_	_	_	_	_	_
709-2	PKP040	709	2	volte	volte	_	_	_	_	_	linguistic	_	ContainsVariation=No	_	_	_	_	_	_
709-3	PKP040	709	3	uscivo	uscivo	_	_	_	_	_	linguistic	_	ContainsVariation=No	_	_	_	_	_	_
709-4	PKP040	709	4	per	per	_	_	_	_	_	linguistic	_	ContainsVariation=No	_	_	_	_	_	_
709-5	PKP040	709	5	laura	laura	_	_	_	_	_	linguistic	_	ContainsVariation=No	_	End=1520.83	_	_	_	_
710-0	PKP040	710	0	portala	portala	_	_	_	_	_	linguistic	_	ContainsVariation=No	_	Begin=1520.966	_	_	_	_
710-1	PKP040	710	1	di	di	_	_	_	_	_	linguistic	_	ContainsVariation=No	_	_	_	_	_	_
710-2	PKP040	710	2	qua:,	qua	_	_	_	_	_	linguistic	_	ContainsVariation=No	Intonation=WeaklyRising	_	2x1	_	_	_
710-3	PKP040	710	3	prendila	prendila	_	_	_	_	_	linguistic	_	ContainsVariation=No	_	_	_	_	_	_
710-4	PKP040	710	4	di	di	_	_	_	_	_	linguistic	_	ContainsVariation=No	_	_	_	_	_	_
710-5	PKP040	710	5	là:,	là	_	_	_	_	_	linguistic	_	ContainsVariation=No	Intonation=WeaklyRising	_	1x1	_	_	_
710-6	PKP040	710	6	a	a	_	_	_	_	_	linguistic	_	ContainsVariation=No	_	_	_	_	_	_
710-7	PKP040	710	7	me	me	_	_	_	_	_	linguistic	_	ContainsVariation=No	_	_	_	_	_	_
710-8	PKP040	710	8	non	non	_	_	_	_	_	linguistic	_	ContainsVariation=No	_	_	_	_	_	_
710-9	PKP040	710	9	non	non	_	_	_	_	_	linguistic	_	ContainsVariation=No	_	_	_	_	_	_
710-10	PKP040	710	10	non	non	_	_	_	_	_	linguistic	_	ContainsVariation=No	_	_	_	_	_	_
710-11	PKP040	710	11	mi	mi	_	_	_	_	_	linguistic	_	ContainsVariation=No	_	_	_	_	_	_
710-12	PKP040	710	12	co:sta	costa	_	_	_	_	_	linguistic	_	ContainsVariation=No	_	_	1x1	_	_	_
710-13	PKP040	710	13	molto	molto	_	_	_	_	_	linguistic	_	ContainsVariation=No	_	End=1524.111	_	_	_	_
711-0	PKP041	711	0	e	e	_	_	_	_	_	linguistic	_	ContainsVariation=No	_	Begin=1525.373	_	_	_	_
711-1	PKP041	711	1	mo	mo	_	_	_	_	_	linguistic	_	ContainsVariation=No	_	End=1525.87	_	_	_	_
712-0	PKP040	712	0	e	e	_	_	_	_	_	linguistic	_	ContainsVariation=No	_	Begin=1526.925	_	_	_	_
712-1	PKP040	712	1	mo	mo	_	_	_	_	_	linguistic	_	ContainsVariation=No	_	_	_	_	_	_
712-2	PKP040	712	2	niente	niente	_	_	_	_	_	linguistic	_	ContainsVariation=No	_	_	_	_	_	_
712-3	PKP040	712	3	più	più	_	_	_	_	_	linguistic	_	ContainsVariation=No	_	End=1527.863	_	_	_	_
713-0	PKP048	713	0	e	e	_	_	_	_	_	linguistic	_	ContainsVariation=No	_	Begin=1529.259	_	_	_	_
713-1	PKP048	713	1	mo	mo	_	_	_	_	_	linguistic	_	ContainsVariation=No	_	_	_	_	_	_
713-2	PKP048	713	2	datti	datti	_	_	_	_	_	linguistic	_	ContainsVariation=No	_	_	_	_	_	_
713-3	PKP048	713	3	una	una	_	_	_	_	_	linguistic	_	ContainsVariation=No	_	_	_	_	_	_
713-4	PKP048	713	4	regolata	regolata	_	_	_	_	_	linguistic	_	ContainsVariation=No	_	_	_	_	_	_
713-5	PKP048	713	5	anche	anche	_	_	_	_	_	linguistic	_	ContainsVariation=No	_	_	_	_	_	_
713-6	PKP048	713	6	a	a	_	_	_	_	_	linguistic	_	ContainsVariation=No	_	_	_	_	_	_
713-7	PKP048	713	7	te	te	_	_	_	_	_	linguistic	_	ContainsVariation=No	_	_	_	_	_	_
713-8	PKP048	713	8	a	a	_	_	_	_	_	linguistic	_	ContainsVariation=No	_	_	_	_	_	_
713-9	PKP048	713	9	uscire	uscire	_	_	_	_	_	linguistic	_	ContainsVariation=No	_	End=1531.464	_	_	_	_
714-0	PKP039	714	0	eh	eh	_	_	_	_	_	linguistic	_	ContainsVariation=No	_	Begin=1533.106|End=1533.501	_	_	_	_
715-0	PKP048	715	0	visto	visto	_	_	_	_	_	linguistic	_	ContainsVariation=No	_	Begin=1536.658	_	_	_	_
715-1	PKP048	715	1	che	che	_	_	_	_	_	linguistic	_	ContainsVariation=No	_	_	_	_	_	_
715-2	PKP048	715	2	fai	fai	_	_	_	_	_	linguistic	_	ContainsVariation=No	_	_	_	_	_	_
715-3	PKP048	715	3	le::	le	_	_	_	_	_	linguistic	_	ContainsVariation=No	_	End=1537.945	1x2	_	_	_
716-0	PKP040	716	0	xx	xx	_	_	_	_	_	unknown	_	ContainsVariation=No	Syllables=2	Begin=1538.136|End=1538.798	_	_	_	_
717-0	???	717	0	((telegiornale))	((telegiornale))	_	_	_	_	_	nonverbalbehavior	_	ContainsVariation=No	_	Begin=1539.771|End=1541.185	_	_	_	_
718-0	PKP040	718	0	°ah	ah	_	_	_	_	_	linguistic	_	ContainsVariation=No	Volume=low	Begin=1541.292	_	_	_	_
718-1	PKP040	718	1	a	a	_	_	_	_	_	linguistic	_	ContainsVariation=No	Volume=low	_	_	_	_	_
718-2	PKP040	718	2	ginosa°	ginosa	_	_	_	_	_	linguistic	_	ContainsVariation=No	Volume=low	End=1542.28	_	_	_	_
719-0	PKP040	719	0	°(cambia)°	cambia	_	_	_	_	_	linguistic	_	ContainsVariation=No	Volume=low	Begin=1542.64|End=1543.27	_	_	0-6(0)	_
720-0	PKP040	720	0	(a)bbiamo::	abbiamo	_	_	_	_	_	linguistic	_	ContainsVariation=No	_	Begin=1544.85	6x2	_	0-1(0)	_
720-1	PKP040	720	1	i	i	_	_	_	_	_	linguistic	_	ContainsVariation=No	_	_	_	_	_	_
720-2	PKP040	720	2	mandarini	mandarini	_	_	_	_	_	linguistic	_	ContainsVariation=No	_	_	_	_	_	_
720-3	PKP040	720	3	buonissimi,	buonissimi	_	_	_	_	_	linguistic	_	ContainsVariation=No	Intonation=WeaklyRising	End=1546.704	_	_	_	_
721-0	PKP039	721	0	guarda	guarda	_	_	_	_	_	linguistic	_	ContainsVariation=No	_	Begin=1555.452	_	_	_	_
721-1	PKP039	721	1	OHI	ohi	_	_	_	_	_	linguistic	_	ContainsVariation=No	Volume=high	_	_	_	_	_
721-2	PKP039	721	2	>GGIOVANE::<	ggiovane	_	_	_	_	_	linguistic	_	ContainsVariation=No	Volume=high	End=1556.789	7x2	Fast=0-8(0)	_	_
722-0	PKP039	722	0	°ecco	ecco	_	_	_	_	_	linguistic	_	ContainsVariation=No	Volume=low	Begin=1557.025	_	_	_	_
722-1	PKP039	722	1	qui°	qui	_	_	_	_	_	linguistic	_	ContainsVariation=No	Volume=low	End=1557.712	_	_	_	_
723-0	PKP040	723	0	e::h	eh	_	_	_	_	_	linguistic	_	ContainsVariation=No	_	Begin=1557.713	0x2	_	_	_
723-1	PKP040	723	1	giovane	giovane	_	_	_	_	_	linguistic	_	ContainsVariation=No	_	_	_	_	_	_
723-2	PKP040	723	2	sì	sì	_	_	_	_	_	linguistic	_	ContainsVariation=No	_	End=1558.911	_	_	_	_
724-0	PKP041	724	0	((ride))	((ride))	_	_	_	_	_	nonverbalbehavior	_	ContainsVariation=No	_	Begin=1559.645|End=1560.172	_	_	_	_
725-0	PKP041	725	0	stava	stava	_	_	_	_	_	linguistic	_	ContainsVariation=No	_	Begin=1560.533	_	_	_	_
725-1	PKP041	725	1	guar[dando	guardando	_	_	_	_	_	linguistic	_	ContainsVariation=No	_	_	_	_	_	4-9(170)
725-2	PKP041	725	2	ancora	ancora	_	_	_	_	_	linguistic	_	ContainsVariation=No	_	_	_	_	_	0-6(170)
725-3	PKP041	725	3	xxx]	xxx	_	_	_	_	_	unknown	_	ContainsVariation=No	Syllables=3	End=1562.36	_	_	_	0-3(170)
726-0	PKP048	726	0	[<ma:mma	mamma	_	_	_	_	_	linguistic	_	ContainsVariation=No	_	Begin=1560.831	1x1	Slow=0-5(0)	_	0-5(170)
726-1	PKP048	726	1	che	che	_	_	_	_	_	linguistic	_	ContainsVariation=No	_	_	_	Slow=0-3(0)	_	0-3(170)
726-2	PKP048	726	2	ba:rba	barba	_	_	_	_	_	linguistic	_	ContainsVariation=No	_	_	1x1	Slow=0-5(0)	_	0-5(170)
726-3	PKP048	726	3	che]	che	_	_	_	_	_	linguistic	_	ContainsVariation=No	_	_	_	Slow=0-3(0)	_	0-3(170)
726-4	PKP048	726	4	s~>	s~	_	_	_	_	_	linguistic	_	ContainsVariation=No	Interrupted=Yes	End=1562.555	_	Slow=0-2(0)	_	_
727-0	PKP048	727	0	ma	ma	_	_	_	_	_	linguistic	_	ContainsVariation=No	_	Begin=1562.838	_	_	_	_
727-1	PKP048	727	1	non	non	_	_	_	_	_	linguistic	_	ContainsVariation=No	_	_	_	_	_	_
727-2	PKP048	727	2	si	si	_	_	_	_	_	linguistic	_	ContainsVariation=No	_	_	_	_	_	_
727-3	PKP048	727	3	guarda	guarda	_	_	_	_	_	linguistic	_	ContainsVariation=No	_	_	_	_	_	_
727-4	PKP048	727	4	allo	allo	_	_	_	_	_	linguistic	_	ContainsVariation=No	_	_	_	_	_	_
727-5	PKP048	727	5	specchio?	specchio	_	_	_	_	_	linguistic	_	ContainsVariation=No	Intonation=Rising	End=1564.432	_	_	_	_
728-0	PKP048	728	0	come	come	_	_	_	_	_	linguistic	_	ContainsVariation=No	_	Begin=1565.4	_	_	_	_
728-1	PKP048	728	1	quando	quando	_	_	_	_	_	linguistic	_	ContainsVariation=No	_	_	_	_	_	_
728-2	PKP048	728	2	vedo	vedo	_	_	_	_	_	linguistic	_	ContainsVariation=No	_	_	_	_	_	_
728-3	PKP048	728	3	(che	che	_	_	_	_	_	linguistic	_	ContainsVariation=No	_	_	_	_	0-3(0)	_
728-4	PKP048	728	4	cha:rly)	charly	_	_	_	_	_	linguistic	_	ContainsVariation=No	_	End=1566.856	2x1	_	0-6(0)	_
729-0	PKP048	729	0	un	un	_	_	_	_	_	linguistic	_	ContainsVariation=No	_	Begin=1567.663	_	_	_	_
729-1	PKP048	729	1	scienziato	scienziato	_	_	_	_	_	linguistic	_	ContainsVariation=No	PauseAfter=Yes	_	_	_	_	_
729-2	PKP048	729	2	(.)	(.)	_	_	_	_	_	shortpause	_	ContainsVariation=No	_	_	_	_	_	_
729-3	PKP048	729	3	com'	com'	_	_	_	_	_	linguistic	_	ContainsVariation=No	SpaceAfter=No	_	_	_	_	_
729-4	PKP048	729	4	è:	è	_	_	_	_	_	linguistic	_	ContainsVariation=No	PauseAfter=Yes	_	0x1	_	_	_
729-5	PKP048	729	5	(.)	(.)	_	_	_	_	_	shortpause	_	ContainsVariation=No	_	_	_	_	_	_
729-6	PKP048	729	6	tutto	tutto	_	_	_	_	_	linguistic	_	ContainsVariation=No	PauseAfter=Yes	_	_	_	_	_
729-7	PKP048	729	7	(.)	(.)	_	_	_	_	_	shortpause	_	ContainsVariation=No	_	_	_	_	_	_
729-8	PKP048	729	8	ah	ah	_	_	_	_	_	linguistic	_	ContainsVariation=No	_	_	_	_	_	_
729-9	PKP048	729	9	mamma	mamma	_	_	_	_	_	linguistic	_	ContainsVariation=No	_	_	_	_	_	_
729-10	PKP048	729	10	mi	mi	_	_	_	_	_	linguistic	_	ContainsVariation=No	_	_	_	_	_	_
729-11	PKP048	729	11	sembra	sembra	_	_	_	_	_	linguistic	_	ContainsVariation=No	_	_	_	_	_	_
729-12	PKP048	729	12	un	un	_	_	_	_	_	linguistic	_	ContainsVariation=No	_	_	_	_	_	_
729-13	PKP048	729	13	giudeo	giudeo	_	_	_	_	_	linguistic	_	ContainsVariation=No	_	End=1571.823	_	_	_	_
730-0	PKP048	730	0	(por)ca	porca	_	_	_	_	_	linguistic	_	ContainsVariation=No	_	Begin=1573.468	_	_	0-3(0)	_
730-1	PKP048	730	1	miseria	miseria	_	_	_	_	_	linguistic	_	ContainsVariation=No	_	End=1574.75	_	_	_	_
731-0	PKP040	731	0	x	x	_	_	_	_	_	unknown	_	ContainsVariation=No	Syllables=1	Begin=1575.374	_	_	_	_
731-1	PKP040	731	1	dire:	dire	_	_	_	_	_	linguistic	_	ContainsVariation=No	_	End=1575.95	3x1	_	_	_
732-0	PKP040	732	0	no	no	_	_	_	_	_	linguistic	_	ContainsVariation=No	_	Begin=1576.46|End=1576.82	_	_	_	_
733-0	PKP041	733	0	vabbé	vabbé	_	_	_	_	_	linguistic	_	ContainsVariation=No	_	Begin=1578.947	_	_	_	_
733-1	PKP041	733	1	se	se	_	_	_	_	_	linguistic	_	ContainsVariation=No	_	_	_	_	_	_
733-2	PKP041	733	2	(son	son	_	_	_	_	_	linguistic	_	ContainsVariation=No	_	_	_	_	0-3(0)	_
733-3	PKP041	733	3	pi:ccoli)	piccoli	_	_	_	_	_	linguistic	_	ContainsVariation=No	_	End=1580.015	1x1	_	0-7(0)	_
734-0	PKP040	734	0	°si	si	_	_	_	_	_	linguistic	_	ContainsVariation=No	Volume=low	Begin=1580.806	_	_	_	_
734-1	PKP040	734	1	può	può	_	_	_	_	_	linguistic	_	ContainsVariation=No	Volume=low	_	_	_	_	_
734-2	PKP040	734	2	mangia:re	mangiare	_	_	_	_	_	linguistic	_	ContainsVariation=No	Volume=low	_	5x1	_	_	_
734-3	PKP040	734	3	xx°	xx	_	_	_	_	_	unknown	_	ContainsVariation=No	Volume=low|Syllables=2	End=1582.304	_	_	_	_
735-0	PKP040	735	0	xx?	xx	_	_	_	_	_	linguistic	_	ContainsVariation=No	Intonation=Rising	Begin=1582.64|End=1583.024	_	_	_	_
736-0	PKP041	736	0	mh	mh	_	_	_	_	_	linguistic	_	ContainsVariation=No	_	Begin=1584.145	_	_	_	_
736-1	PKP041	736	1	xxxx	xxxx	_	_	_	_	_	unknown	_	ContainsVariation=No	Syllables=4	_	_	_	_	_
736-2	PKP041	736	2	xx	xx	_	_	_	_	_	unknown	_	ContainsVariation=No	Syllables=2	_	_	_	_	_
736-3	PKP041	736	3	frutta	frutta	_	_	_	_	_	linguistic	_	ContainsVariation=No	_	End=1586.164	_	_	_	_
737-0	PKP040	737	0	ehi::	ehi	_	_	_	_	_	linguistic	_	ContainsVariation=No	_	Begin=1587.649	2x2	_	_	_
737-1	PKP040	737	1	che	che	_	_	_	_	_	linguistic	_	ContainsVariation=No	_	_	_	_	_	_
737-2	PKP040	737	2	belli	belli	_	_	_	_	_	linguistic	_	ContainsVariation=No	_	_	_	_	_	_
737-3	PKP040	737	3	quei	quei	_	_	_	_	_	linguistic	_	ContainsVariation=No	_	_	_	_	_	_
737-4	PKP040	737	4	piccini	piccini	_	_	_	_	_	linguistic	_	ContainsVariation=No	_	End=1589.258	_	_	_	_
738-0	PKP048	738	0	che	che	_	_	_	_	_	linguistic	_	ContainsVariation=No	_	Begin=1589.558	_	_	_	_
738-1	PKP048	738	1	be:lla	bella	_	_	_	_	_	linguistic	_	ContainsVariation=No	_	_	1x1	_	_	_
738-2	PKP048	738	2	quante	quante	_	_	_	_	_	linguistic	_	ContainsVariation=No	PauseAfter=Yes	_	_	_	_	_
738-3	PKP048	738	3	(.)	(.)	_	_	_	_	_	shortpause	_	ContainsVariation=No	_	_	_	_	_	_
738-4	PKP048	738	4	quante	quante	_	_	_	_	_	linguistic	_	ContainsVariation=No	_	_	_	_	_	_
738-5	PKP048	738	5	chicchette	chicchette	_	_	_	_	_	linguistic	_	ContainsVariation=No	_	_	_	_	_	_
738-6	PKP048	738	6	che	che	_	_	_	_	_	linguistic	_	ContainsVariation=No	_	_	_	_	_	_
738-7	PKP048	738	7	ave[va	aveva	_	_	_	_	_	linguistic	_	ContainsVariation=No	_	_	_	_	_	3-5(171)
738-8	PKP048	738	8	fa:tto	fatto	_	_	_	_	_	linguistic	_	ContainsVariation=No	_	_	1x1	_	_	0-5(171)
738-9	PKP048	738	9	teso]:ro	tesoro	_	_	_	_	_	linguistic	_	ContainsVariation=No	PauseAfter=Yes	_	3x1	_	_	0-4(171)
738-10	PKP048	738	10	(.)	(.)	_	_	_	_	_	shortpause	_	ContainsVariation=No	_	_	_	_	_	_
738-11	PKP048	738	11	(quelle)	quelle	_	_	_	_	_	linguistic	_	ContainsVariation=No	_	_	_	_	0-6(0)	_
738-12	PKP048	738	12	esaggera:te:	esaggerate	_	_	_	_	_	linguistic	_	ContainsVariation=No	_	End=1593.901	7x1,9x1	_	_	_
739-0	PKP041	739	0	[e:::h	eh	_	_	_	_	_	linguistic	_	ContainsVariation=No	_	Begin=1591.494	0x3	_	_	0-2(171)
739-1	PKP041	739	1	sì]	sì	_	_	_	_	_	linguistic	_	ContainsVariation=No	_	End=1592.363	_	_	_	0-2(171)
740-0	PKP041	740	0	no:	no	_	_	_	_	_	linguistic	_	ContainsVariation=No	_	Begin=1594.504	1x1	_	_	_
740-1	PKP041	740	1	eh	eh	_	_	_	_	_	linguistic	_	ContainsVariation=No	_	_	_	_	_	_
740-2	PKP041	740	2	loro	loro	_	_	_	_	_	linguistic	_	ContainsVariation=No	_	_	_	_	_	_
740-3	PKP041	740	3	per	per	_	_	_	_	_	linguistic	_	ContainsVariation=No	_	_	_	_	_	_
740-4	PKP041	740	4	tradizione	tradizione	_	_	_	_	_	linguistic	_	ContainsVariation=No	_	_	_	_	_	_
740-5	PKP041	740	5	così	così	_	_	_	_	_	linguistic	_	ContainsVariation=No	_	_	_	_	_	_
740-6	PKP041	740	6	se	se	_	_	_	_	_	linguistic	_	ContainsVariation=No	_	_	_	_	_	_
740-7	PKP041	740	7	li	li	_	_	_	_	_	linguistic	_	ContainsVariation=No	_	_	_	_	_	_
740-8	PKP041	740	8	[fa:nno	fanno	_	_	_	_	_	linguistic	_	ContainsVariation=No	_	_	1x1	_	_	0-5(172)
740-9	PKP041	740	9	(andar]	andar	_	_	_	_	_	linguistic	_	ContainsVariation=No	_	_	_	_	0-5(0)	0-5(172)
740-10	PKP041	740	10	bene)	bene	_	_	_	_	_	linguistic	_	ContainsVariation=No	_	End=1597.38	_	_	0-4(0)	_
741-0	PKP048	741	0	[eh	eh	_	_	_	_	_	linguistic	_	ContainsVariation=No	_	Begin=1596.324	_	_	_	0-2(172)
741-1	PKP048	741	1	lo	lo	_	_	_	_	_	linguistic	_	ContainsVariation=No	_	_	_	_	_	0-2(172)
741-2	PKP048	741	2	so]	so	_	_	_	_	_	linguistic	_	ContainsVariation=No	_	End=1596.982	_	_	_	0-2(172)
742-0	PKP040	742	0	a::h	ah	_	_	_	_	_	linguistic	_	ContainsVariation=No	_	Begin=1597.81	0x2	_	_	_
742-1	PKP040	742	1	mo	mo	_	_	_	_	_	linguistic	_	ContainsVariation=No	_	_	_	_	_	_
742-2	PKP040	742	2	ti	ti	_	_	_	_	_	linguistic	_	ContainsVariation=No	_	_	_	_	_	_
742-3	PKP040	742	3	devo	devo	_	_	_	_	_	linguistic	_	ContainsVariation=No	_	_	_	_	_	_
742-4	PKP040	742	4	fare	fare	_	_	_	_	_	linguistic	_	ContainsVariation=No	_	_	_	_	_	_
742-5	PKP040	742	5	vedere	vedere	_	_	_	_	_	linguistic	_	ContainsVariation=No	_	_	_	_	_	_
742-6	PKP040	742	6	un	un	_	_	_	_	_	linguistic	_	ContainsVariation=No	_	_	_	_	_	_
742-7	PKP040	742	7	video	video	_	_	_	_	_	linguistic	_	ContainsVariation=No	_	_	_	_	_	_
742-8	PKP040	742	8	della	della	_	_	_	_	_	linguistic	_	ContainsVariation=No	_	_	_	_	_	_
742-9	PKP040	742	9	figlia	figlia	_	_	_	_	_	linguistic	_	ContainsVariation=No	_	_	_	_	_	_
742-10	PKP040	742	10	di	di	_	_	_	_	_	linguistic	_	ContainsVariation=No	_	_	_	_	_	_
742-11	PKP040	742	11	(cos~)	cos~	_	_	_	_	_	linguistic	_	ContainsVariation=No	Interrupted=Yes	End=1600.59	_	_	0-4(0)	_
743-0	PKP040	743	0	mo	mo	_	_	_	_	_	linguistic	_	ContainsVariation=No	_	Begin=1600.669	_	_	_	_
743-1	PKP040	743	1	è	è	_	_	_	_	_	linguistic	_	ContainsVariation=No	_	_	_	_	_	_
743-2	PKP040	743	2	vecchio	vecchio	_	_	_	_	_	linguistic	_	ContainsVariation=No	_	_	_	_	_	_
743-3	PKP040	743	3	quel	quel	_	_	_	_	_	linguistic	_	ContainsVariation=No	_	_	_	_	_	_
743-4	PKP040	743	4	video	video	_	_	_	_	_	linguistic	_	ContainsVariation=No	_	_	_	_	_	_
743-5	PKP040	743	5	che	che	_	_	_	_	_	linguistic	_	ContainsVariation=No	_	_	_	_	_	_
743-6	PKP040	743	6	lei	lei	_	_	_	_	_	linguistic	_	ContainsVariation=No	_	_	_	_	_	_
743-7	PKP040	743	7	canta:,	canta	_	_	_	_	_	linguistic	_	ContainsVariation=No	Intonation=WeaklyRising	End=1602.82	4x1	_	_	_
744-0	PKP041	744	0	x	x	_	_	_	_	_	unknown	_	ContainsVariation=No	Syllables=1	Begin=1604.7|End=1605.034	_	_	_	_
745-0	PKP039	745	0	quando	quando	_	_	_	_	_	linguistic	_	ContainsVariation=No	_	Begin=1605.856	_	_	_	_
745-1	PKP039	745	1	vedemmo	vedemmo	_	_	_	_	_	linguistic	_	ContainsVariation=No	_	_	_	_	_	_
745-2	PKP039	745	2	quel	quel	_	_	_	_	_	linguistic	_	ContainsVariation=No	_	_	_	_	_	_
745-3	PKP039	745	3	(mat[rimonio)]	matrimonio	_	_	_	_	_	linguistic	_	ContainsVariation=No	_	End=1607.239	_	_	0-10(0)	3-10(173)
746-0	PKP040	746	0	[che	che	_	_	_	_	_	linguistic	_	ContainsVariation=No	_	Begin=1606.692	_	_	_	0-3(173)
746-1	PKP040	746	1	c'	c'	_	_	_	_	_	linguistic	_	ContainsVariation=No	SpaceAfter=No	_	_	_	_	0-2(173)
746-2	PKP040	746	2	è	è	_	_	_	_	_	linguistic	_	ContainsVariation=No	_	_	_	_	_	0-1(173)
746-3	PKP040	746	3	la	la	_	_	_	_	_	linguistic	_	ContainsVariation=No	_	_	_	_	_	0-2(173)
746-4	PKP040	746	4	can]zone	canzone	_	_	_	_	_	linguistic	_	ContainsVariation=No	_	_	_	_	_	0-3(173)
746-5	PKP040	746	5	you	you	_	_	_	_	_	linguistic	_	ContainsVariation=No	_	_	_	_	_	_
746-6	PKP040	746	6	make	make	_	_	_	_	_	linguistic	_	ContainsVariation=No	_	_	_	_	_	_
746-7	PKP040	746	7	me	me	_	_	_	_	_	linguistic	_	ContainsVariation=No	_	_	_	_	_	_
746-8	PKP040	746	8	feel	feel	_	_	_	_	_	linguistic	_	ContainsVariation=No	_	End=1608.476	_	_	_	_
747-0	PKP041	747	0	sì:	sì	_	_	_	_	_	linguistic	_	ContainsVariation=No	_	Begin=1608.609	1x1	_	_	_
747-1	PKP041	747	1	per~	per~	_	_	_	_	_	linguistic	_	ContainsVariation=No	Interrupted=Yes	_	_	_	_	_
747-2	PKP041	747	2	x	x	_	_	_	_	_	unknown	_	ContainsVariation=No	Syllables=1	End=1609.383	_	_	_	_
748-0	PKP040	748	0	((canta_you_make_me_feel))	((canta_you_make_me_feel))	_	_	_	_	_	nonverbalbehavior	_	ContainsVariation=No	_	Begin=1608.699|End=1610.45	_	_	_	_
749-0	PKP041	749	0	quando	quando	_	_	_	_	_	linguistic	_	ContainsVariation=No	_	Begin=1610.071	_	_	_	_
749-1	PKP041	749	1	la	la	_	_	_	_	_	linguistic	_	ContainsVariation=No	_	_	_	_	_	_
749-2	PKP041	749	2	cantava	cantava	_	_	_	_	_	linguistic	_	ContainsVariation=No	_	_	_	_	_	_
749-3	PKP041	749	3	normale	normale	_	_	_	_	_	linguistic	_	ContainsVariation=No	_	_	_	_	_	_
749-4	PKP041	749	4	era	era	_	_	_	_	_	linguistic	_	ContainsVariation=No	_	_	_	_	_	_
749-5	PKP041	749	5	ve:cchio	vecchio	_	_	_	_	_	linguistic	_	ContainsVariation=No	_	End=1612.18	1x1	_	_	_
750-0	PKP041	750	0	però	però	_	_	_	_	_	linguistic	_	ContainsVariation=No	_	Begin=1612.269	_	_	_	_
750-1	PKP041	750	1	ora	ora	_	_	_	_	_	linguistic	_	ContainsVariation=No	PauseAfter=Yes	_	_	_	_	_
750-2	PKP041	750	2	(.)	(.)	_	_	_	_	_	shortpause	_	ContainsVariation=No	_	_	_	_	_	_
750-3	PKP041	750	3	la	la	_	_	_	_	_	linguistic	_	ContainsVariation=No	_	_	_	_	_	_
750-4	PKP041	750	4	can[ta	canta	_	_	_	_	_	linguistic	_	ContainsVariation=No	PauseAfter=Yes	_	_	_	_	3-5(176)
750-5	PKP041	750	5	(.)	(.)	_	_	_	_	_	shortpause	_	ContainsVariation=No	_	_	_	_	_	X(176)
750-6	PKP041	750	6	aggiungen]do	aggiungendo	_	_	_	_	_	linguistic	_	ContainsVariation=No	_	_	_	_	_	0-9(176)
750-7	PKP041	750	7	le	le	_	_	_	_	_	linguistic	_	ContainsVariation=No	_	_	_	_	_	_
750-8	PKP041	750	8	parole	parole	_	_	_	_	_	linguistic	_	ContainsVariation=No	_	End=1614.5	_	_	_	_
751-0	PKP039	751	0	[(mh	mh	_	_	_	_	_	linguistic	_	ContainsVariation=No	_	Begin=1613.362	_	_	0-2(0)	0-2(176)
751-1	PKP039	751	1	mh)]	mh	_	_	_	_	_	linguistic	_	ContainsVariation=No	_	End=1613.984	_	_	0-2(0)	0-2(176)
752-0	PKP040	752	0	NON	non	_	_	_	_	_	linguistic	_	ContainsVariation=No	Volume=high	Begin=1614.529	_	_	_	_
752-1	PKP040	752	1	VOGLIO	voglio	_	_	_	_	_	linguistic	_	ContainsVariation=No	Volume=high	_	_	_	_	_
752-2	PKP040	752	2	ANDARE	andare	_	_	_	_	_	linguistic	_	ContainsVariation=No	Volume=high	_	_	_	_	_
752-3	PKP040	752	3	ALL'	all'	_	_	_	_	_	linguistic	_	ContainsVariation=No	SpaceAfter=No|Volume=high	_	_	_	_	_
752-4	PKP040	752	4	ASILO	asilo	_	_	_	_	_	linguistic	_	ContainsVariation=No	Volume=high	_	_	_	_	_
752-5	PKP040	752	5	IO	io	_	_	_	_	_	linguistic	_	ContainsVariation=No	Volume=high	_	_	_	_	_
752-6	PKP040	752	6	COSì	così	_	_	_	_	_	linguistic	_	ContainsVariation=No	Volume=high	_	_	_	_	_
752-7	PKP040	752	7	[CAPISCO]	capisco	_	_	_	_	_	linguistic	_	ContainsVariation=No	Volume=high	End=1616.876	_	_	_	0-7(177)
753-0	PKP041	753	0	[(mamma)	mamma	_	_	_	_	_	linguistic	_	ContainsVariation=No	_	Begin=1616.047	_	_	0-5(0)	0-5(177)
753-1	PKP041	753	1	io	io	_	_	_	_	_	linguistic	_	ContainsVariation=No	_	_	_	_	_	0-2(177)
753-2	PKP041	753	2	ho	ho	_	_	_	_	_	linguistic	_	ContainsVariation=No	_	_	_	_	_	0-2(177)
753-3	PKP041	753	3	cap]ito:	capito	_	_	_	_	_	linguistic	_	ContainsVariation=No	_	_	5x1	_	_	0-3(177)
753-4	PKP041	753	4	la	la	_	_	_	_	_	linguistic	_	ContainsVariation=No	_	_	_	_	_	_
753-5	PKP041	753	5	signora	signora	_	_	_	_	_	linguistic	_	ContainsVariation=No	_	_	_	_	_	_
753-6	PKP041	753	6	ci	ci	_	_	_	_	_	linguistic	_	ContainsVariation=No	_	_	_	_	_	_
753-7	PKP041	753	7	porta	porta	_	_	_	_	_	linguistic	_	ContainsVariation=No	_	_	_	_	_	_
753-8	PKP041	753	8	all'	all'	_	_	_	_	_	linguistic	_	ContainsVariation=No	SpaceAfter=No	_	_	_	_	_
753-9	PKP041	753	9	asi[lo]	asilo	_	_	_	_	_	linguistic	_	ContainsVariation=No	_	End=1618.89	_	_	_	2-5(178)
754-0	PKP040	754	0	[no:]	no	_	_	_	_	_	linguistic	_	ContainsVariation=No	_	Begin=1618.693	1x1	_	_	0-2(178)
754-1	PKP040	754	1	io	io	_	_	_	_	_	linguistic	_	ContainsVariation=No	_	_	_	_	_	_
754-2	PKP040	754	2	invece	invece	_	_	_	_	_	linguistic	_	ContainsVariation=No	_	_	_	_	_	_
754-3	PKP040	754	3	ho	ho	_	_	_	_	_	linguistic	_	ContainsVariation=No	_	_	_	_	_	_
754-4	PKP040	754	4	capito	capito	_	_	_	_	_	linguistic	_	ContainsVariation=No	_	_	_	_	_	_
754-5	PKP040	754	5	NON	non	_	_	_	_	_	linguistic	_	ContainsVariation=No	Volume=high	_	_	_	_	_
754-6	PKP040	754	6	VOGLIO	voglio	_	_	_	_	_	linguistic	_	ContainsVariation=No	Volume=high	_	_	_	_	_
754-7	PKP040	754	7	ANDARE	andare	_	_	_	_	_	linguistic	_	ContainsVariation=No	Volume=high	_	_	_	_	_
754-8	PKP040	754	8	ALL'	all'	_	_	_	_	_	linguistic	_	ContainsVariation=No	SpaceAfter=No|Volume=high	_	_	_	_	_
754-9	PKP040	754	9	ASILO	asilo	_	_	_	_	_	linguistic	_	ContainsVariation=No	Volume=high	End=1621.34	_	_	_	_
755-0	PKP040	755	0	siccome	siccome	_	_	_	_	_	linguistic	_	ContainsVariation=No	_	Begin=1621.661	_	_	_	_
755-1	PKP040	755	1	ha	ha	_	_	_	_	_	linguistic	_	ContainsVariation=No	_	_	_	_	_	_
755-2	PKP040	755	2	detto	detto	_	_	_	_	_	linguistic	_	ContainsVariation=No	_	_	_	_	_	_
755-3	PKP040	755	3	che	che	_	_	_	_	_	linguistic	_	ContainsVariation=No	_	_	_	_	_	_
755-4	PKP040	755	4	ultimamente::	ultimamente	_	_	_	_	_	linguistic	_	ContainsVariation=No	_	_	10x2	_	_	_
755-5	PKP040	755	5	all'	all'	_	_	_	_	_	linguistic	_	ContainsVariation=No	SpaceAfter=No	_	_	_	_	_
755-6	PKP040	755	6	asilo::	asilo	_	_	_	_	_	linguistic	_	ContainsVariation=No	_	_	4x2	_	_	_
755-7	PKP040	755	7	(non)	non	_	_	_	_	_	linguistic	_	ContainsVariation=No	_	_	_	_	0-3(0)	_
755-8	PKP040	755	8	tanto	tanto	_	_	_	_	_	linguistic	_	ContainsVariation=No	_	_	_	_	_	_
755-9	PKP040	755	9	che	che	_	_	_	_	_	linguistic	_	ContainsVariation=No	_	_	_	_	_	_
755-10	PKP040	755	10	ci	ci	_	_	_	_	_	linguistic	_	ContainsVariation=No	_	_	_	_	_	_
755-11	PKP040	755	11	vuole	vuole	_	_	_	_	_	linguistic	_	ContainsVariation=No	_	_	_	_	_	_
755-12	PKP040	755	12	anda[re:,	andare	_	_	_	_	_	linguistic	_	ContainsVariation=No	Intonation=WeaklyRising	_	5x1	_	_	3-6(179)
755-13	PKP040	755	13	xxx]	xxx	_	_	_	_	_	unknown	_	ContainsVariation=No	Syllables=3	End=1626.4	_	_	_	0-3(179)
756-0	PKP041	756	0	[no	no	_	_	_	_	_	linguistic	_	ContainsVariation=No	_	Begin=1625.455	_	_	_	0-2(179)
756-1	PKP041	756	1	ma	ma	_	_	_	_	_	linguistic	_	ContainsVariation=No	_	_	_	_	_	0-2(179)
756-2	PKP041	756	2	è	è	_	_	_	_	_	linguistic	_	ContainsVariation=No	_	_	_	_	_	0-1(179)
756-3	PKP041	756	3	proprio	proprio	_	_	_	_	_	linguistic	_	ContainsVariation=No	_	_	_	_	_	0-7(179)
756-4	PKP041	756	4	dal	dal	_	_	_	_	_	linguistic	_	ContainsVariation=No	_	_	_	_	_	0-3(179)
756-5	PKP041	756	5	primo]	primo	_	_	_	_	_	linguistic	_	ContainsVariation=No	_	_	_	_	_	0-5(179)
756-6	PKP041	756	6	giorno	giorno	_	_	_	_	_	linguistic	_	ContainsVariation=No	_	_	_	_	_	_
756-7	PKP041	756	7	non	non	_	_	_	_	_	linguistic	_	ContainsVariation=No	_	_	_	_	_	_
756-8	PKP041	756	8	è	è	_	_	_	_	_	linguistic	_	ContainsVariation=No	_	_	_	_	_	_
756-9	PKP041	756	9	ultimam[ente]	ultimamente	_	_	_	_	_	linguistic	_	ContainsVariation=No	_	End=1627.873	_	_	_	7-11(180)
757-0	PKP040	757	0	[sì	sì	_	_	_	_	_	linguistic	_	ContainsVariation=No	_	Begin=1627.549	_	_	_	0-2(180)
757-1	PKP040	757	1	NO]:	no	_	_	_	_	_	linguistic	_	ContainsVariation=No	Volume=high	_	1x1	_	_	0-2(180)
757-2	PKP040	757	2	DI	di	_	_	_	_	_	linguistic	_	ContainsVariation=No	Volume=high	_	_	_	_	_
757-3	PKP040	757	3	QUEST'	quest'	_	_	_	_	_	linguistic	_	ContainsVariation=No	SpaceAfter=No|Volume=high	_	_	_	_	_
757-4	PKP040	757	4	ANNO	anno	_	_	_	_	_	linguistic	_	ContainsVariation=No	Volume=high	_	_	_	_	_
757-5	PKP040	757	5	l'	l'	_	_	_	_	_	linguistic	_	ContainsVariation=No	SpaceAfter=No	_	_	_	_	_
757-6	PKP040	757	6	anno	anno	_	_	_	_	_	linguistic	_	ContainsVariation=No	_	_	_	_	_	_
757-7	PKP040	757	7	scorso	scorso	_	_	_	_	_	linguistic	_	ContainsVariation=No	_	_	_	_	_	_
757-8	PKP040	757	8	andava	andava	_	_	_	_	_	linguistic	_	ContainsVariation=No	_	_	_	_	_	_
757-9	PKP040	757	9	vole[ntie:ri]	volentieri	_	_	_	_	_	linguistic	_	ContainsVariation=No	_	End=1630.418	7x1	_	_	2-9(181)
758-0	PKP041	758	0	[mi	mi	_	_	_	_	_	linguistic	_	ContainsVariation=No	_	Begin=1629.928	_	_	_	0-2(181)
758-1	PKP041	758	1	spo]:s[(to)]?	sposto	_	_	_	_	_	linguistic	_	ContainsVariation=No	Intonation=Rising	End=1630.883	2x1	_	4-6(0)	0-3(181),4-6(253)
759-0	PKP048	759	0	[x][xxxx	xxxxx	_	_	_	_	_	unknown	_	ContainsVariation=No	Syllables=5	Begin=1630.64	_	_	_	1-5(?)
759-1	PKP048	759	1	a]ndare	andare	_	_	_	_	_	linguistic	_	ContainsVariation=No	_	_	_	_	_	0-1(?)
759-2	PKP048	759	2	la	la	_	_	_	_	_	linguistic	_	ContainsVariation=No	_	_	_	_	_	_
759-3	PKP048	759	3	te[levisione]	televisione	_	_	_	_	_	linguistic	_	ContainsVariation=No	_	End=1632.716	_	_	_	2-11(?)
760-0	PKP040	760	0	[sì]	sì	_	_	_	_	_	linguistic	_	ContainsVariation=No	_	Begin=1630.65	_	_	_	0-2(?)
760-1	PKP040	760	1	[spo:stat(e:)]	spostate	_	_	_	_	_	linguistic	_	ContainsVariation=No	_	End=1631.48	2x1,7x1	_	7-8(0)	0-8(?)
761-0	PKP040	761	0	[ti	ti	_	_	_	_	_	linguistic	_	ContainsVariation=No	_	Begin=1632.088	_	_	_	0-2(182)
761-1	PKP040	761	1	faccio	faccio	_	_	_	_	_	linguistic	_	ContainsVariation=No	_	_	_	_	_	0-6(182)
761-2	PKP040	761	2	veder	veder	_	_	_	_	_	linguistic	_	ContainsVariation=No	_	_	_	_	_	0-5(182)
761-3	PKP040	761	3	's]ta	'sta	_	_	_	_	_	linguistic	_	ContainsVariation=No	Truncated=Yes	_	_	_	_	0-2(182)
761-4	PKP040	761	4	cosa	cosa	_	_	_	_	_	linguistic	_	ContainsVariation=No	_	End=1633.328	_	_	_	_
762-0	PKP041	762	0	su	su	_	_	_	_	_	linguistic	_	ContainsVariation=No	_	Begin=1633.573	_	_	_	_
762-1	PKP041	762	1	instagram?	instagram	_	_	_	_	_	linguistic	_	ContainsVariation=No	Intonation=Rising	_	_	_	_	_
762-2	PKP041	762	2	x	x	_	_	_	_	_	unknown	_	ContainsVariation=No	Syllables=1	End=1634.52	_	_	_	_
763-0	PKP040	763	0	no	no	_	_	_	_	_	linguistic	_	ContainsVariation=No	_	Begin=1635.233	_	_	_	_
763-1	PKP040	763	1	su	su	_	_	_	_	_	linguistic	_	ContainsVariation=No	_	_	_	_	_	_
763-2	PKP040	763	2	facebook	facebook	_	_	_	_	_	linguistic	_	ContainsVariation=No	_	End=1636.243	_	_	_	_
764-0	PKP048	764	0	siamo	siamo	_	_	_	_	_	linguistic	_	ContainsVariation=No	_	Begin=1636.263	_	_	_	_
764-1	PKP048	764	1	troppo	troppo	_	_	_	_	_	linguistic	_	ContainsVariation=No	_	_	_	_	_	_
764-2	PKP048	764	2	vicine	vicine	_	_	_	_	_	linguistic	_	ContainsVariation=No	_	_	_	_	_	_
764-3	PKP048	764	3	lau::?	lau	_	_	_	_	_	linguistic	_	ContainsVariation=No	Intonation=Rising	End=1637.979	2x2	_	_	_
765-0	PKP040	765	0	eh	eh	_	_	_	_	_	linguistic	_	ContainsVariation=No	_	Begin=1637.979	_	_	_	_
765-1	PKP040	765	1	insomma	insomma	_	_	_	_	_	linguistic	_	ContainsVariation=No	_	End=1638.63	_	_	_	_
766-0	PKP048	766	0	xx	xx	_	_	_	_	_	unknown	_	ContainsVariation=No	Syllables=2	Begin=1638.686|End=1638.99	_	_	_	_
767-0	PKP048	767	0	sì	sì	_	_	_	_	_	linguistic	_	ContainsVariation=No	_	Begin=1639.334	_	_	_	_
767-1	PKP048	767	1	(sembra	sembra	_	_	_	_	_	linguistic	_	ContainsVariation=No	_	_	_	_	0-6(0)	_
767-2	PKP048	767	2	quello	quello	_	_	_	_	_	linguistic	_	ContainsVariation=No	_	_	_	_	0-6(0)	_
767-3	PKP048	767	3	del)	del	_	_	_	_	_	linguistic	_	ContainsVariation=No	_	_	_	_	0-3(0)	_
767-4	PKP048	767	4	x	x	_	_	_	_	_	unknown	_	ContainsVariation=No	Syllables=1	_	_	_	_	_
767-5	PKP048	767	5	uh	uh	_	_	_	_	_	linguistic	_	ContainsVariation=No	_	End=1640.893	_	_	_	_
768-0	PKP040	768	0	allora	allora	_	_	_	_	_	linguistic	_	ContainsVariation=No	_	Begin=1642.27	_	_	_	_
768-1	PKP040	768	1	vediamo	vediamo	_	_	_	_	_	linguistic	_	ContainsVariation=No	_	_	_	_	_	_
768-2	PKP040	768	2	papà:	papà	_	_	_	_	_	linguistic	_	ContainsVariation=No	PauseAfter=Yes	_	3x1	_	_	_
768-3	PKP040	768	3	(.)	(.)	_	_	_	_	_	shortpause	_	ContainsVariation=No	_	_	_	_	_	_
768-4	PKP040	768	4	togli	togli	_	_	_	_	_	linguistic	_	ContainsVariation=No	_	_	_	_	_	_
768-5	PKP040	768	5	un	un	_	_	_	_	_	linguistic	_	ContainsVariation=No	_	_	_	_	_	_
768-6	PKP040	768	6	attimo	attimo	_	_	_	_	_	linguistic	_	ContainsVariation=No	_	End=1644.2	_	_	_	_
769-0	PKP048	769	0	l'	l'	_	_	_	_	_	linguistic	_	ContainsVariation=No	SpaceAfter=No	Begin=1644.219	_	_	_	_
769-1	PKP048	769	1	audio	audio	_	_	_	_	_	linguistic	_	ContainsVariation=No	_	End=1644.822	_	_	_	_
770-0	PKP048	770	0	xx	xx	_	_	_	_	_	unknown	_	ContainsVariation=No	Syllables=2	Begin=1647.375	_	_	_	_
770-1	PKP048	770	1	che	che	_	_	_	_	_	linguistic	_	ContainsVariation=No	_	_	_	_	_	_
770-2	PKP048	770	2	(ho)	ho	_	_	_	_	_	linguistic	_	ContainsVariation=No	_	_	_	_	0-2(0)	_
770-3	PKP048	770	3	sonno	sonno	_	_	_	_	_	linguistic	_	ContainsVariation=No	_	_	_	_	_	_
770-4	PKP048	770	4	però:	però	_	_	_	_	_	linguistic	_	ContainsVariation=No	_	End=1648.96	3x1	_	_	_
771-0	PKP040	771	0	°giulia	giulia	_	_	_	_	_	linguistic	_	ContainsVariation=No	Volume=low	Begin=1649.244	_	_	_	_
771-1	PKP040	771	1	(bianchini)	bianchini	_	_	_	_	_	linguistic	_	ContainsVariation=No	Volume=low	_	_	_	0-9(0)	_
771-2	PKP040	771	2	vediamo°	vediamo	_	_	_	_	_	linguistic	_	ContainsVariation=No	Volume=low	End=1651.082	_	_	_	_
772-0	PKP040	772	0	qua	qua	_	_	_	_	_	linguistic	_	ContainsVariation=No	_	Begin=1652.908	_	_	_	_
772-1	PKP040	772	1	se	se	_	_	_	_	_	linguistic	_	ContainsVariation=No	_	_	_	_	_	_
772-2	PKP040	772	2	(se)	se	_	_	_	_	_	linguistic	_	ContainsVariation=No	_	_	_	_	0-2(0)	_
772-3	PKP040	772	3	si	si	_	_	_	_	_	linguistic	_	ContainsVariation=No	_	_	_	_	_	_
772-4	PKP040	772	4	to:cca	tocca	_	_	_	_	_	linguistic	_	ContainsVariation=No	_	_	1x1	_	_	_
772-5	PKP040	772	5	(le)	le	_	_	_	_	_	linguistic	_	ContainsVariation=No	_	_	_	_	0-2(1)	_
772-6	PKP040	772	6	le	le	_	_	_	_	_	linguistic	_	ContainsVariation=No	_	_	_	_	_	_
772-7	PKP040	772	7	immagini	immagini	_	_	_	_	_	linguistic	_	ContainsVariation=No	_	_	_	_	_	_
772-8	PKP040	772	8	che	che	_	_	_	_	_	linguistic	_	ContainsVariation=No	_	_	_	_	_	_
772-9	PKP040	772	9	è	è	_	_	_	_	_	linguistic	_	ContainsVariation=No	_	_	_	_	_	_
772-10	PKP040	772	10	un	un	_	_	_	_	_	linguistic	_	ContainsVariation=No	_	_	_	_	_	_
772-11	PKP040	772	11	xx	xx	_	_	_	_	_	unknown	_	ContainsVariation=No	Syllables=2	End=1655.21	_	_	_	_
773-0	???	773	0	((riproduzione_video))	((riproduzione_video))	_	_	_	_	_	nonverbalbehavior	_	ContainsVariation=No	_	Begin=1654.944|End=1660.18	_	_	_	_
774-0	PKP040	774	0	guarda	guarda	_	_	_	_	_	linguistic	_	ContainsVariation=No	_	Begin=1655.334	_	_	_	_
774-1	PKP040	774	1	ma:	ma	_	_	_	_	_	linguistic	_	ContainsVariation=No	_	End=1655.965	1x1	_	_	_
775-0	PKP040	775	0	aspett~	aspett~	_	_	_	_	_	linguistic	_	ContainsVariation=No	Interrupted=Yes	Begin=1659.605|End=1660.17	_	_	_	_
776-0	PKP040	776	0	aspetta	aspetta	_	_	_	_	_	linguistic	_	ContainsVariation=No	_	Begin=1660.432|End=1660.9	_	_	_	_
777-0	PKP041	777	0	[ma	ma	_	_	_	_	_	linguistic	_	ContainsVariation=No	_	Begin=1660.94	_	_	_	0-2(186)
777-1	PKP041	777	1	non	non	_	_	_	_	_	linguistic	_	ContainsVariation=No	_	_	_	_	_	0-3(186)
777-2	PKP041	777	2	capirà	capirà	_	_	_	_	_	linguistic	_	ContainsVariation=No	_	_	_	_	_	0-6(186)
777-3	PKP041	777	3	nie:nte	niente	_	_	_	_	_	linguistic	_	ContainsVariation=No	_	_	2x1	_	_	0-6(186)
777-4	PKP041	777	4	ma>]	ma	_	_	_	_	_	linguistic	_	ContainsVariation=No	_	_	_	_	_	0-2(186)
777-5	PKP041	777	5	(no:)	no	_	_	_	_	_	linguistic	_	ContainsVariation=No	_	End=1662.78	1x1	_	0-2(0)	_
778-0	PKP040	778	0	[come	come	_	_	_	_	_	linguistic	_	ContainsVariation=No	_	Begin=1660.95	_	_	_	0-4(186)
778-1	PKP040	778	1	si	si	_	_	_	_	_	linguistic	_	ContainsVariation=No	_	_	_	_	_	0-2(186)
778-2	PKP040	778	2	fa	fa	_	_	_	_	_	linguistic	_	ContainsVariation=No	_	_	_	_	_	0-2(186)
778-3	PKP040	778	3	a	a	_	_	_	_	_	linguistic	_	ContainsVariation=No	_	_	_	_	_	0-1(186)
778-4	PKP040	778	4	ingrandir(lo)]?	ingrandirlo	_	_	_	_	_	linguistic	_	ContainsVariation=No	Intonation=Rising	End=1662.3	_	_	9-11(0)	0-11(186)
779-0	PKP040	779	0	come	come	_	_	_	_	_	linguistic	_	ContainsVariation=No	_	Begin=1663.15	_	_	_	_
779-1	PKP040	779	1	si	si	_	_	_	_	_	linguistic	_	ContainsVariation=No	_	_	_	_	_	_
779-2	PKP040	779	2	fa	fa	_	_	_	_	_	linguistic	_	ContainsVariation=No	_	_	_	_	_	_
779-3	PKP040	779	3	a	a	_	_	_	_	_	linguistic	_	ContainsVariation=No	_	_	_	_	_	_
779-4	PKP040	779	4	ingrandirlo?	ingrandirlo	_	_	_	_	_	linguistic	_	ContainsVariation=No	Intonation=Rising	End=1664.385	_	_	_	_
780-0	???	780	0	((riproduzione_video))	((riproduzione_video))	_	_	_	_	_	nonverbalbehavior	_	ContainsVariation=No	_	Begin=1663.756|End=1700.93	_	_	_	_
781-0	PKP040	781	0	s:::h	sh	_	_	_	_	_	linguistic	_	ContainsVariation=No	_	Begin=1665.402|End=1666.62	0x3	_	_	_
782-0	PKP041	782	0	ha	ha	_	_	_	_	_	linguistic	_	ContainsVariation=No	_	Begin=1676.66	_	_	_	_
782-1	PKP041	782	1	detto	detto	_	_	_	_	_	linguistic	_	ContainsVariation=No	_	_	_	_	_	_
782-2	PKP041	782	2	il	il	_	_	_	_	_	linguistic	_	ContainsVariation=No	_	_	_	_	_	_
782-3	PKP041	782	3	signore	signore	_	_	_	_	_	linguistic	_	ContainsVariation=No	_	_	_	_	_	_
782-4	PKP041	782	4	sta	sta	_	_	_	_	_	linguistic	_	ContainsVariation=No	_	_	_	_	_	_
782-5	PKP041	782	5	portando	portando	_	_	_	_	_	linguistic	_	ContainsVariation=No	_	_	_	_	_	_
782-6	PKP041	782	6	all'	all'	_	_	_	_	_	linguistic	_	ContainsVariation=No	SpaceAfter=No	_	_	_	_	_
782-7	PKP041	782	7	asilo	asilo	_	_	_	_	_	linguistic	_	ContainsVariation=No	_	End=1679.097	_	_	_	_
783-0	PKP040	783	0	(sentila)	sentila	_	_	_	_	_	linguistic	_	ContainsVariation=No	_	Begin=1684.81	_	_	0-7(0)	_
783-1	PKP040	783	1	che	che	_	_	_	_	_	linguistic	_	ContainsVariation=No	_	_	_	_	_	_
783-2	PKP040	783	2	canta	canta	_	_	_	_	_	linguistic	_	ContainsVariation=No	_	End=1686.06	_	_	_	_
784-0	PKP040	784	0	LEI	lei	_	_	_	_	_	linguistic	_	ContainsVariation=No	Volume=high	Begin=1686.38	_	_	_	_
784-1	PKP040	784	1	CANTA	canta	_	_	_	_	_	linguistic	_	ContainsVariation=No	Volume=high	_	_	_	_	_
784-2	PKP040	784	2	IN	in	_	_	_	_	_	linguistic	_	ContainsVariation=No	Volume=high	_	_	_	_	_
784-3	PKP040	784	3	INGLESE	inglese	_	_	_	_	_	linguistic	_	ContainsVariation=No	Volume=high	_	_	_	_	_
784-4	PKP040	784	4	E	e	_	_	_	_	_	linguistic	_	ContainsVariation=No	Volume=high	_	_	_	_	_
784-5	PKP040	784	5	LEI	lei	_	_	_	_	_	linguistic	_	ContainsVariation=No	Volume=high	_	_	_	_	_
784-6	PKP040	784	6	FA	fa	_	_	_	_	_	linguistic	_	ContainsVariation=No	Volume=high	_	_	_	_	_
784-7	PKP040	784	7	NO	no	_	_	_	_	_	linguistic	_	ContainsVariation=No	Volume=high	_	_	_	_	_
784-8	PKP040	784	8	NO	no	_	_	_	_	_	linguistic	_	ContainsVariation=No	Volume=high	_	_	_	_	_
784-9	PKP040	784	9	NO	no	_	_	_	_	_	linguistic	_	ContainsVariation=No	Volume=high	_	_	_	_	_
784-10	PKP040	784	10	NO	no	_	_	_	_	_	linguistic	_	ContainsVariation=No	Volume=high	_	_	_	_	_
784-11	PKP040	784	11	ALL'	all'	_	_	_	_	_	linguistic	_	ContainsVariation=No	SpaceAfter=No|Volume=high	_	_	_	_	_
784-12	PKP040	784	12	ASILO	asilo	_	_	_	_	_	linguistic	_	ContainsVariation=No	Volume=high	_	_	_	_	_
784-13	PKP040	784	13	NO	no	_	_	_	_	_	linguistic	_	ContainsVariation=No	Volume=high	_	_	_	_	_
784-14	PKP040	784	14	NO	no	_	_	_	_	_	linguistic	_	ContainsVariation=No	Volume=high	_	_	_	_	_
784-15	PKP040	784	15	NO	no	_	_	_	_	_	linguistic	_	ContainsVariation=No	Volume=high	_	_	_	_	_
784-16	PKP040	784	16	((ride))	((ride))	_	_	_	_	_	nonverbalbehavior	_	ContainsVariation=No	_	End=1690.484	_	_	_	_
785-0	PKP048	785	0	no	no	_	_	_	_	_	linguistic	_	ContainsVariation=No	_	Begin=1693.08	_	_	_	_
785-1	PKP048	785	1	ha	ha	_	_	_	_	_	linguistic	_	ContainsVariation=No	_	_	_	_	_	_
785-2	PKP048	785	2	detto	detto	_	_	_	_	_	linguistic	_	ContainsVariation=No	_	_	_	_	_	_
785-3	PKP048	785	3	che	che	_	_	_	_	_	linguistic	_	ContainsVariation=No	_	_	_	_	_	_
785-4	PKP048	785	4	per	per	_	_	_	_	_	linguistic	_	ContainsVariation=No	_	_	_	_	_	_
785-5	PKP048	785	5	natale	natale	_	_	_	_	_	linguistic	_	ContainsVariation=No	_	_	_	_	_	_
785-6	PKP048	785	6	voleva	voleva	_	_	_	_	_	linguistic	_	ContainsVariation=No	_	_	_	_	_	_
785-7	PKP048	785	7	venire	venire	_	_	_	_	_	linguistic	_	ContainsVariation=No	_	_	_	_	_	_
785-8	PKP048	785	8	a	a	_	_	_	_	_	linguistic	_	ContainsVariation=No	_	_	_	_	_	_
785-9	PKP048	785	9	(bari)	bari	_	_	_	_	_	linguistic	_	ContainsVariation=No	_	_	_	_	0-4(0)	_
785-10	PKP048	785	10	ma	ma	_	_	_	_	_	linguistic	_	ContainsVariation=No	PauseAfter=Yes	_	_	_	_	_
785-11	PKP048	785	11	(.)	(.)	_	_	_	_	_	shortpause	_	ContainsVariation=No	_	_	_	_	_	_
785-12	PKP048	785	12	di	di	_	_	_	_	_	linguistic	_	ContainsVariation=No	_	_	_	_	_	_
785-13	PKP048	785	13	sti	sti	_	_	_	_	_	linguistic	_	ContainsVariation=No	_	_	_	_	_	_
785-14	PKP048	785	14	tempi	tempi	_	_	_	_	_	linguistic	_	ContainsVariation=No	_	_	_	_	_	_
785-15	PKP048	785	15	non	non	_	_	_	_	_	linguistic	_	ContainsVariation=No	_	_	_	_	_	_
785-16	PKP048	785	16	lo	lo	_	_	_	_	_	linguistic	_	ContainsVariation=No	_	_	_	_	_	_
785-17	PKP048	785	17	so	so	_	_	_	_	_	linguistic	_	ContainsVariation=No	_	_	_	_	_	_
785-18	PKP048	785	18	se	se	_	_	_	_	_	linguistic	_	ContainsVariation=No	_	_	_	_	_	_
785-19	PKP048	785	19	potrà	potrà	_	_	_	_	_	linguistic	_	ContainsVariation=No	_	_	_	_	_	_
785-20	PKP048	785	20	venire	venire	_	_	_	_	_	linguistic	_	ContainsVariation=No	_	End=1698.13	_	_	_	_
786-0	PKP041	786	0	(che)	che	_	_	_	_	_	linguistic	_	ContainsVariation=No	_	Begin=1700.5	_	_	0-3(0)	_
786-1	PKP041	786	1	paglia:ccia	pagliaccia	_	_	_	_	_	linguistic	_	ContainsVariation=No	_	_	5x1	_	_	_
786-2	PKP041	786	2	che	che	_	_	_	_	_	linguistic	_	ContainsVariation=No	_	_	_	_	_	_
786-3	PKP041	786	3	è	è	_	_	_	_	_	linguistic	_	ContainsVariation=No	_	End=1701.86	_	_	_	_
787-0	???	787	0	((riproduzione_video))	((riproduzione_video))	_	_	_	_	_	nonverbalbehavior	_	ContainsVariation=No	_	Begin=1701.863|End=1737.416	_	_	_	_
788-0	PKP041	788	0	vedila	vedila	_	_	_	_	_	linguistic	_	ContainsVariation=No	_	Begin=1705.32	_	_	_	_
788-1	PKP041	788	1	vedila	vedila	_	_	_	_	_	linguistic	_	ContainsVariation=No	_	End=1706.281	_	_	_	_
789-0	PKP040	789	0	°paglia:cc(ia)°	pagliaccia	_	_	_	_	_	linguistic	_	ContainsVariation=No	Volume=low	Begin=1712.172|End=1713.169	5x1	_	8-10(0)	_
790-0	PKP048	790	0	<che	che	_	_	_	_	_	linguistic	_	ContainsVariation=No	_	Begin=1714.855	_	Slow=0-3(0)	_	_
790-1	PKP048	790	1	ro:ba>	roba	_	_	_	_	_	linguistic	_	ContainsVariation=No	_	End=1715.67	1x1	Slow=0-4(0)	_	_
791-0	PKP041	791	0	((ride))	((ride))	_	_	_	_	_	nonverbalbehavior	_	ContainsVariation=No	_	Begin=1720.767|End=1721.86	_	_	_	_
792-0	PKP040	792	0	((ride))	((ride))	_	_	_	_	_	nonverbalbehavior	_	ContainsVariation=No	_	Begin=1720.767|End=1721.85	_	_	_	_
793-0	PKP040	793	0	i	i	_	_	_	_	_	linguistic	_	ContainsVariation=No	_	Begin=1722.686	_	_	_	_
793-1	PKP040	793	1	maschietti	maschietti	_	_	_	_	_	linguistic	_	ContainsVariation=No	_	_	_	_	_	_
793-2	PKP040	793	2	sempre	sempre	_	_	_	_	_	linguistic	_	ContainsVariation=No	_	_	_	_	_	_
793-3	PKP040	793	3	più	più	_	_	_	_	_	linguistic	_	ContainsVariation=No	_	_	_	_	_	_
793-4	PKP040	793	4	addormenta:ti	addormentati	_	_	_	_	_	linguistic	_	ContainsVariation=No	_	End=1725.319	9x1	_	_	_
794-0	PKP040	794	0	((ride))	((ride))	_	_	_	_	_	nonverbalbehavior	_	ContainsVariation=No	_	Begin=1730.757	_	_	_	_
794-1	PKP040	794	1	chi	chi	_	_	_	_	_	linguistic	_	ContainsVariation=No	_	_	_	_	_	_
794-2	PKP040	794	2	ci	ci	_	_	_	_	_	linguistic	_	ContainsVariation=No	_	_	_	_	_	_
794-3	PKP040	794	3	ricorda	ricorda	_	_	_	_	_	linguistic	_	ContainsVariation=No	_	_	_	_	_	_
794-4	PKP040	794	4	[laura]?	laura	_	_	_	_	_	linguistic	_	ContainsVariation=No	Intonation=Rising	_	_	_	_	0-5(255)
794-5	PKP040	794	5	((ride))	((ride))	_	_	_	_	_	nonverbalbehavior	_	ContainsVariation=No	_	End=1733.21	_	_	_	_
795-0	PKP041	795	0	[(anto:]nio?)	antonio	_	_	_	_	_	linguistic	_	ContainsVariation=No	Intonation=Rising	Begin=1732.032|End=1733.244	3x1	_	0-7(0)	0-4(255)
796-0	PKP040	796	0	NO	no	_	_	_	_	_	linguistic	_	ContainsVariation=No	Volume=high	Begin=1733.248	_	_	_	_
796-1	PKP040	796	1	ANTONIO	antonio	_	_	_	_	_	linguistic	_	ContainsVariation=No	Volume=high	_	_	_	_	_
796-2	PKP040	796	2	E'	e'	_	_	_	_	_	linguistic	_	ContainsVariation=No	Truncated=Yes|Volume=high	_	_	_	_	_
796-3	PKP040	796	3	BE:PPE	beppe	_	_	_	_	_	linguistic	_	ContainsVariation=No	Volume=high	End=1734.57	1x1	_	_	_
797-0	PKP040	797	0	((ride))	((ride))	_	_	_	_	_	nonverbalbehavior	_	ContainsVariation=No	_	Begin=1734.591|End=1735.823	_	_	_	_
798-0	PKP041	798	0	anche	anche	_	_	_	_	_	linguistic	_	ContainsVariation=No	_	Begin=1735.013|End=1735.564	_	_	_	_
799-0	PKP040	799	0	<che	che	_	_	_	_	_	linguistic	_	ContainsVariation=No	_	Begin=1737.66	_	Slow=0-3(0)	_	_
799-1	PKP040	799	1	ca:ro	caro	_	_	_	_	_	linguistic	_	ContainsVariation=No	_	_	1x1	Slow=0-4(0)	_	_
799-2	PKP040	799	2	che	che	_	_	_	_	_	linguistic	_	ContainsVariation=No	_	_	_	Slow=0-3(0)	_	_
799-3	PKP040	799	3	è	è	_	_	_	_	_	linguistic	_	ContainsVariation=No	_	_	_	Slow=0-1(0)	_	_
799-4	PKP040	799	4	beppe>	beppe	_	_	_	_	_	linguistic	_	ContainsVariation=No	_	End=1739.37	_	Slow=0-5(0)	_	_
800-0	PKP040	800	0	((ride))	((ride))	_	_	_	_	_	nonverbalbehavior	_	ContainsVariation=No	_	Begin=1739.37	_	_	_	_
800-1	PKP040	800	1	doveva	doveva	_	_	_	_	_	linguistic	_	ContainsVariation=No	_	_	_	_	_	_
800-2	PKP040	800	2	(e)	e	_	_	_	_	_	linguistic	_	ContainsVariation=No	_	_	_	_	0-1(0)	_
800-3	PKP040	800	3	alla	alla	_	_	_	_	_	linguistic	_	ContainsVariation=No	_	_	_	_	_	_
800-4	PKP040	800	4	fine	fine	_	_	_	_	_	linguistic	_	ContainsVariation=No	_	_	_	_	_	_
800-5	PKP040	800	5	ci	ci	_	_	_	_	_	linguistic	_	ContainsVariation=No	_	_	_	_	_	_
800-6	PKP040	800	6	ha	ha	_	_	_	_	_	linguistic	_	ContainsVariation=No	_	_	_	_	_	_
800-7	PKP040	800	7	rinuncia:to	rinunciato	_	_	_	_	_	linguistic	_	ContainsVariation=No	_	_	7x1	_	_	_
800-8	PKP040	800	8	((ride))	((ride))	_	_	_	_	_	nonverbalbehavior	_	ContainsVariation=No	_	End=1742.423	_	_	_	_
801-0	PKP041	801	0	tutte	tutte	_	_	_	_	_	linguistic	_	ContainsVariation=No	_	Begin=1742.661	_	_	_	_
801-1	PKP041	801	1	fe:mmine	femmine	_	_	_	_	_	linguistic	_	ContainsVariation=No	_	_	1x1	_	_	_
801-2	PKP041	801	2	poi	poi	_	_	_	_	_	linguistic	_	ContainsVariation=No	_	End=1743.615	_	_	_	_
802-0	PKP040	802	0	<bello	bello	_	_	_	_	_	linguistic	_	ContainsVariation=No	_	Begin=1743.923	_	Slow=0-5(0)	_	_
802-1	PKP040	802	1	mi:o>	mio	_	_	_	_	_	linguistic	_	ContainsVariation=No	_	End=1744.746	1x1	Slow=0-3(0)	_	_
803-0	PKP048	803	0	lo	lo	_	_	_	_	_	linguistic	_	ContainsVariation=No	_	Begin=1747.81	_	_	_	_
803-1	PKP048	803	1	vuoi?	vuoi	_	_	_	_	_	linguistic	_	ContainsVariation=No	Intonation=Rising	End=1748.28	_	_	_	_
804-0	PKP040	804	0	°ce	ce	_	_	_	_	_	linguistic	_	ContainsVariation=No	Volume=low	Begin=1748.673	_	_	_	_
804-1	PKP040	804	1	l'	l'	_	_	_	_	_	linguistic	_	ContainsVariation=No	SpaceAfter=No|Volume=low	_	_	_	_	_
804-2	PKP040	804	2	ho°	ho	_	_	_	_	_	linguistic	_	ContainsVariation=No	Volume=low	End=1749.09	_	_	_	_
805-0	PKP040	805	0	°xxxxx?°	xxxxx	_	_	_	_	_	linguistic	_	ContainsVariation=No	Intonation=Rising|Volume=low	Begin=1750.311|End=1751.457	_	_	_	_
806-0	PKP048	806	0	ho	ho	_	_	_	_	_	linguistic	_	ContainsVariation=No	_	Begin=1753.339	_	_	_	_
806-1	PKP048	806	1	mangiato	mangiato	_	_	_	_	_	linguistic	_	ContainsVariation=No	_	_	_	_	_	_
806-2	PKP048	806	2	troppo	troppo	_	_	_	_	_	linguistic	_	ContainsVariation=No	_	End=1754.49	_	_	_	_
807-0	PKP041	807	0	pizza	pizza	_	_	_	_	_	linguistic	_	ContainsVariation=No	_	Begin=1755.38|End=1756.061	_	_	_	_
808-0	PKP039	808	0	hai	hai	_	_	_	_	_	linguistic	_	ContainsVariation=No	_	Begin=1757.6	_	_	_	_
808-1	PKP039	808	1	mangiato	mangiato	_	_	_	_	_	linguistic	_	ContainsVariation=No	_	_	_	_	_	_
808-2	PKP039	808	2	veloce	veloce	_	_	_	_	_	linguistic	_	ContainsVariation=No	_	End=1758.53	_	_	_	_
809-0	PKP040	809	0	((ride))	((ride))	_	_	_	_	_	nonverbalbehavior	_	ContainsVariation=No	_	Begin=1759.209|End=1761.129	_	_	_	_
810-0	PKP040	810	0	hai	hai	_	_	_	_	_	linguistic	_	ContainsVariation=No	_	Begin=1761.414	_	_	_	_
810-1	PKP040	810	1	mangiato	mangiato	_	_	_	_	_	linguistic	_	ContainsVariation=No	_	_	_	_	_	_
810-2	PKP040	810	2	velo:ce	veloce	_	_	_	_	_	linguistic	_	ContainsVariation=No	_	_	3x1	_	_	_
810-3	PKP040	810	3	°ha	ha	_	_	_	_	_	linguistic	_	ContainsVariation=No	Volume=low	_	_	_	_	_
810-4	PKP040	810	4	detto	detto	_	_	_	_	_	linguistic	_	ContainsVariation=No	Volume=low	_	_	_	_	_
810-5	PKP040	810	5	(paolo)°	paolo	_	_	_	_	_	linguistic	_	ContainsVariation=No	Volume=low	End=1763.493	_	_	0-5(0)	_
811-0	PKP040	811	0	((ride))	((ride))	_	_	_	_	_	nonverbalbehavior	_	ContainsVariation=No	_	Begin=1763.493|End=1764.657	_	_	_	_
812-0	PKP048	812	0	io	io	_	_	_	_	_	linguistic	_	ContainsVariation=No	_	Begin=1764.98	_	_	_	_
812-1	PKP048	812	1	l'	l'	_	_	_	_	_	linguistic	_	ContainsVariation=No	SpaceAfter=No	_	_	_	_	_
812-2	PKP048	812	2	altra	altra	_	_	_	_	_	linguistic	_	ContainsVariation=No	_	_	_	_	_	_
812-3	PKP048	812	3	sera:	sera	_	_	_	_	_	linguistic	_	ContainsVariation=No	_	End=1766.089	3x1	_	_	_
813-0	PKP048	813	0	>avevo	avevo	_	_	_	_	_	linguistic	_	ContainsVariation=No	_	Begin=1767.67	_	Fast=0-5(0)	_	_
813-1	PKP048	813	1	finito<	finito	_	_	_	_	_	linguistic	_	ContainsVariation=No	_	_	_	Fast=0-6(0)	_	_
813-2	PKP048	813	2	di	di	_	_	_	_	_	linguistic	_	ContainsVariation=No	_	_	_	_	_	_
813-3	PKP048	813	3	mangiare	mangiare	_	_	_	_	_	linguistic	_	ContainsVariation=No	_	_	_	_	_	_
813-4	PKP048	813	4	la	la	_	_	_	_	_	linguistic	_	ContainsVariation=No	_	_	_	_	_	_
813-5	PKP048	813	5	fri:tta	fritta	_	_	_	_	_	linguistic	_	ContainsVariation=No	_	_	2x1	_	_	_
813-6	PKP048	813	6	e	e	_	_	_	_	_	linguistic	_	ContainsVariation=No	_	_	_	_	_	_
813-7	PKP048	813	7	tutto	tutto	_	_	_	_	_	linguistic	_	ContainsVariation=No	_	_	_	_	_	_
813-8	PKP048	813	8	alle	alle	_	_	_	_	_	linguistic	_	ContainsVariation=No	_	_	_	_	_	_
813-9	PKP048	813	9	nove	nove	_	_	_	_	_	linguistic	_	ContainsVariation=No	_	_	_	_	_	_
813-10	PKP048	813	10	e	e	_	_	_	_	_	linguistic	_	ContainsVariation=No	_	_	_	_	_	_
813-11	PKP048	813	11	un	un	_	_	_	_	_	linguistic	_	ContainsVariation=No	_	_	_	_	_	_
813-12	PKP048	813	12	qua:rto	quarto	_	_	_	_	_	linguistic	_	ContainsVariation=No	_	End=1771.028	2x1	_	_	_
814-0	PKP039	814	0	(a)	a	_	_	_	_	_	linguistic	_	ContainsVariation=No	_	Begin=1771.294	_	_	0-1(0)	_
814-1	PKP039	814	1	che	che	_	_	_	_	_	linguistic	_	ContainsVariation=No	_	_	_	_	_	_
814-2	PKP039	814	2	ora	ora	_	_	_	_	_	linguistic	_	ContainsVariation=No	_	_	_	_	_	_
814-3	PKP039	814	3	hai	hai	_	_	_	_	_	linguistic	_	ContainsVariation=No	_	_	_	_	_	_
814-4	PKP039	814	4	iniziato?	iniziato	_	_	_	_	_	linguistic	_	ContainsVariation=No	Intonation=Rising	End=1772.12	_	_	_	_
815-0	PKP040	815	0	((ride))	((ride))	_	_	_	_	_	nonverbalbehavior	_	ContainsVariation=No	_	Begin=1772.357|End=1773.96	_	_	_	_
816-0	PKP041	816	0	((ride))	((ride))	_	_	_	_	_	nonverbalbehavior	_	ContainsVariation=No	_	Begin=1772.768|End=1774.54	_	_	_	_
817-0	PKP040	817	0	alle	alle	_	_	_	_	_	linguistic	_	ContainsVariation=No	_	Begin=1773.961	_	_	_	_
817-1	PKP040	817	1	sette	sette	_	_	_	_	_	linguistic	_	ContainsVariation=No	_	_	_	_	_	_
817-2	PKP040	817	2	e	e	_	_	_	_	_	linguistic	_	ContainsVariation=No	_	_	_	_	_	_
817-3	PKP040	817	3	mezza	mezza	_	_	_	_	_	linguistic	_	ContainsVariation=No	_	End=1774.972	_	_	_	_
818-0	PKP040	818	0	((ride))	((ride))	_	_	_	_	_	nonverbalbehavior	_	ContainsVariation=No	_	Begin=1774.972|End=1775.715	_	_	_	_
819-0	PKP048	819	0	x	x	_	_	_	_	_	unknown	_	ContainsVariation=No	Syllables=1	Begin=1774.977	_	_	_	_
819-1	PKP048	819	1	me	me	_	_	_	_	_	linguistic	_	ContainsVariation=No	_	_	_	_	_	_
819-2	PKP048	819	2	l'	l'	_	_	_	_	_	linguistic	_	ContainsVariation=No	SpaceAfter=No	_	_	_	_	_
819-3	PKP048	819	3	ha	ha	_	_	_	_	_	linguistic	_	ContainsVariation=No	_	_	_	_	_	_
819-4	PKP048	819	4	portata	portata	_	_	_	_	_	linguistic	_	ContainsVariation=No	_	_	_	_	_	_
819-5	PKP048	819	5	lei	lei	_	_	_	_	_	linguistic	_	ContainsVariation=No	_	End=1776.223	_	_	_	_
820-0	PKP048	820	0	tanto	tanto	_	_	_	_	_	linguistic	_	ContainsVariation=No	PauseAfter=Yes	Begin=1776.445	_	_	_	_
820-1	PKP048	820	1	(.)	(.)	_	_	_	_	_	shortpause	_	ContainsVariation=No	_	_	_	_	_	_
820-2	PKP048	820	2	qua	qua	_	_	_	_	_	linguistic	_	ContainsVariation=No	_	_	_	_	_	_
820-3	PKP048	820	3	ho	ho	_	_	_	_	_	linguistic	_	ContainsVariation=No	_	_	_	_	_	_
820-4	PKP048	820	4	fa~	fa~	_	_	_	_	_	linguistic	_	ContainsVariation=No	Interrupted=Yes	_	_	_	_	_
820-5	PKP048	820	5	finito	finito	_	_	_	_	_	linguistic	_	ContainsVariation=No	_	_	_	_	_	_
820-6	PKP048	820	6	>quello	quello	_	_	_	_	_	linguistic	_	ContainsVariation=No	_	_	_	Fast=0-6(0)	_	_
820-7	PKP048	820	7	che	che	_	_	_	_	_	linguistic	_	ContainsVariation=No	_	_	_	Fast=0-3(0)	_	_
820-8	PKP048	820	8	dovevo	dovevo	_	_	_	_	_	linguistic	_	ContainsVariation=No	_	_	_	Fast=0-6(0)	_	_
820-9	PKP048	820	9	fare:<	fare	_	_	_	_	_	linguistic	_	ContainsVariation=No	_	End=1778.88	3x1	Fast=0-4(0)	_	_
821-0	PKP048	821	0	poi	poi	_	_	_	_	_	linguistic	_	ContainsVariation=No	_	Begin=1779.96	_	_	_	_
821-1	PKP048	821	1	ho	ho	_	_	_	_	_	linguistic	_	ContainsVariation=No	_	_	_	_	_	_
821-2	PKP048	821	2	detto	detto	_	_	_	_	_	linguistic	_	ContainsVariation=No	_	_	_	_	_	_
821-3	PKP048	821	3	bo:h	boh	_	_	_	_	_	linguistic	_	ContainsVariation=No	_	_	1x1	_	_	_
821-4	PKP048	821	4	non	non	_	_	_	_	_	linguistic	_	ContainsVariation=No	_	_	_	_	_	_
821-5	PKP048	821	5	so	so	_	_	_	_	_	linguistic	_	ContainsVariation=No	_	_	_	_	_	_
821-6	PKP048	821	6	(quando)	quando	_	_	_	_	_	linguistic	_	ContainsVariation=No	_	_	_	_	0-6(0)	_
821-7	PKP048	821	7	xx	xx	_	_	_	_	_	unknown	_	ContainsVariation=No	Syllables=2	End=1782.056	_	_	_	_
822-0	PKP048	822	0	beni:ssimo	benissimo	_	_	_	_	_	linguistic	_	ContainsVariation=No	_	Begin=1782.383	3x1	_	_	_
822-1	PKP048	822	1	ho	ho	_	_	_	_	_	linguistic	_	ContainsVariation=No	_	_	_	_	_	_
822-2	PKP048	822	2	proprio	proprio	_	_	_	_	_	linguistic	_	ContainsVariation=No	_	_	_	_	_	_
822-3	PKP048	822	3	mangiato	mangiato	_	_	_	_	_	linguistic	_	ContainsVariation=No	_	_	_	_	_	_
822-4	PKP048	822	4	be:ne	bene	_	_	_	_	_	linguistic	_	ContainsVariation=No	_	_	1x1	_	_	_
822-5	PKP048	822	5	(e	e	_	_	_	_	_	linguistic	_	ContainsVariation=No	_	_	_	_	0-1(0)	_
822-6	PKP048	822	6	tanto)	tanto	_	_	_	_	_	linguistic	_	ContainsVariation=No	_	End=1784.92	_	_	0-5(0)	_
823-0	PKP040	823	0	O::H	oh	_	_	_	_	_	linguistic	_	ContainsVariation=No	Volume=high	Begin=1785.526	0x2	_	_	_
823-1	PKP040	823	1	PURE	pure	_	_	_	_	_	linguistic	_	ContainsVariation=No	Volume=high	_	_	_	_	_
823-2	PKP040	823	2	A	a	_	_	_	_	_	linguistic	_	ContainsVariation=No	Volume=high	_	_	_	_	_
823-3	PKP040	823	3	MIO	mio	_	_	_	_	_	linguistic	_	ContainsVariation=No	Volume=high	_	_	_	_	_
823-4	PKP040	823	4	MARITO	marito	_	_	_	_	_	linguistic	_	ContainsVariation=No	Volume=high	_	_	_	_	_
823-5	PKP040	823	5	è	è	_	_	_	_	_	linguistic	_	ContainsVariation=No	_	_	_	_	_	_
823-6	PKP040	823	6	andata	andata	_	_	_	_	_	linguistic	_	ContainsVariation=No	_	_	_	_	_	_
823-7	PKP040	823	7	benissimo	benissimo	_	_	_	_	_	linguistic	_	ContainsVariation=No	_	End=1787.603	_	_	_	_
824-0	PKP040	824	0	e	e	_	_	_	_	_	linguistic	_	ContainsVariation=No	_	Begin=1787.989	_	_	_	_
824-1	PKP040	824	1	(l'	l'	_	_	_	_	_	linguistic	_	ContainsVariation=No	SpaceAfter=No	_	_	_	0-2(0)	_
824-2	PKP040	824	2	)ha	ha	_	_	_	_	_	linguistic	_	ContainsVariation=No	_	_	_	_	_	_
824-3	PKP040	824	3	mangiato	mangiato	_	_	_	_	_	linguistic	_	ContainsVariation=No	_	_	_	_	_	_
824-4	PKP040	824	4	veloce	veloce	_	_	_	_	_	linguistic	_	ContainsVariation=No	_	End=1789.267	_	_	_	_
825-0	PKP039	825	0	tua	tua	_	_	_	_	_	linguistic	_	ContainsVariation=No	_	Begin=1793.91	_	_	_	_
825-1	PKP039	825	1	figlia	figlia	_	_	_	_	_	linguistic	_	ContainsVariation=No	_	_	_	_	_	_
825-2	PKP039	825	2	se	se	_	_	_	_	_	linguistic	_	ContainsVariation=No	_	_	_	_	_	_
825-3	PKP039	825	3	l'	l'	_	_	_	_	_	linguistic	_	ContainsVariation=No	SpaceAfter=No	_	_	_	_	_
825-4	PKP039	825	4	era	era	_	_	_	_	_	linguistic	_	ContainsVariation=No	_	_	_	_	_	_
825-5	PKP039	825	5	portata	portata	_	_	_	_	_	linguistic	_	ContainsVariation=No	_	_	_	_	_	_
825-6	PKP039	825	6	no?	no	_	_	_	_	_	linguistic	_	ContainsVariation=No	Intonation=Rising	End=1795.229	_	_	_	_
826-0	PKP039	826	0	no	no	_	_	_	_	_	linguistic	_	ContainsVariation=No	_	Begin=1796.582|End=1796.889	_	_	_	_
827-0	PKP048	827	0	tu:::	tu	_	_	_	_	_	linguistic	_	ContainsVariation=No	_	Begin=1796.938	1x3	_	_	_
827-1	PKP048	827	1	x	x	_	_	_	_	_	unknown	_	ContainsVariation=No	Syllables=1	_	_	_	_	_
827-2	PKP048	827	2	a	a	_	_	_	_	_	linguistic	_	ContainsVariation=No	_	_	_	_	_	_
827-3	PKP048	827	3	me	me	_	_	_	_	_	linguistic	_	ContainsVariation=No	_	_	_	_	_	_
827-4	PKP048	827	4	l'	l'	_	_	_	_	_	linguistic	_	ContainsVariation=No	SpaceAfter=No	_	_	_	_	_
827-5	PKP048	827	5	ha	ha	_	_	_	_	_	linguistic	_	ContainsVariation=No	_	_	_	_	_	_
827-6	PKP048	827	6	portat[a	portata	_	_	_	_	_	linguistic	_	ContainsVariation=No	_	_	_	_	_	5-7(202)
827-7	PKP048	827	7	le:i]	lei	_	_	_	_	_	linguistic	_	ContainsVariation=No	_	End=1798.972	1x1	_	_	0-3(202)
828-0	PKP039	828	0	[devi	devi	_	_	_	_	_	linguistic	_	ContainsVariation=No	_	Begin=1798.37	_	_	_	0-4(202)
828-1	PKP039	828	1	li]tigare	litigare	_	_	_	_	_	linguistic	_	ContainsVariation=No	_	_	_	_	_	0-2(202)
828-2	PKP039	828	2	con	con	_	_	_	_	_	linguistic	_	ContainsVariation=No	_	_	_	_	_	_
828-3	PKP039	828	3	me?)	me	_	_	_	_	_	linguistic	_	ContainsVariation=No	Intonation=Rising	_	_	_	_	_
828-4	PKP039	828	4	((ride))	((ride))	_	_	_	_	_	nonverbalbehavior	_	ContainsVariation=No	_	End=1800.11	_	_	_	_
829-0	PKP040	829	0	((ride))	((ride))	_	_	_	_	_	nonverbalbehavior	_	ContainsVariation=No	_	Begin=1800.11|End=1801.74	_	_	_	_
830-0	PKP048	830	0	ma	ma	_	_	_	_	_	linguistic	_	ContainsVariation=No	_	Begin=1801.02	_	_	_	_
830-1	PKP048	830	1	io	io	_	_	_	_	_	linguistic	_	ContainsVariation=No	_	_	_	_	_	_
830-2	PKP048	830	2	te	te	_	_	_	_	_	linguistic	_	ContainsVariation=No	_	_	_	_	_	_
830-3	PKP048	830	3	l'	l'	_	_	_	_	_	linguistic	_	ContainsVariation=No	SpaceAfter=No	_	_	_	_	_
830-4	PKP048	830	4	ho	ho	_	_	_	_	_	linguistic	_	ContainsVariation=No	_	_	_	_	_	_
830-5	PKP048	830	5	detto	detto	_	_	_	_	_	linguistic	_	ContainsVariation=No	_	_	_	_	_	_
830-6	PKP048	830	6	gra:zie	grazie	_	_	_	_	_	linguistic	_	ContainsVariation=No	_	_	2x1	_	_	_
830-7	PKP048	830	7	mi	mi	_	_	_	_	_	linguistic	_	ContainsVariation=No	_	_	_	_	_	_
830-8	PKP048	830	8	stai	stai	_	_	_	_	_	linguistic	_	ContainsVariation=No	_	_	_	_	_	_
830-9	PKP048	830	9	vizia:ndo::	viziando	_	_	_	_	_	linguistic	_	ContainsVariation=No	_	End=1803.803	4x1,7x2	_	_	_
831-0	PKP048	831	0	lo	lo	_	_	_	_	_	linguistic	_	ContainsVariation=No	_	Begin=1804.056	_	_	_	_
831-1	PKP048	831	1	ricono:sc[o]	riconosco	_	_	_	_	_	linguistic	_	ContainsVariation=No	_	End=1805.01	5x1	_	_	8-9(204)
832-0	PKP040	832	0	[e]	e	_	_	_	_	_	linguistic	_	ContainsVariation=No	_	Begin=1804.91	_	_	_	0-1(204)
832-1	PKP040	832	1	pensa	pensa	_	_	_	_	_	linguistic	_	ContainsVariation=No	_	_	_	_	_	_
832-2	PKP040	832	2	che	che	_	_	_	_	_	linguistic	_	ContainsVariation=No	_	_	_	_	_	_
832-3	PKP040	832	3	a	a	_	_	_	_	_	linguistic	_	ContainsVariation=No	_	_	_	_	_	_
832-4	PKP040	832	4	sua	sua	_	_	_	_	_	linguistic	_	ContainsVariation=No	_	_	_	_	_	_
832-5	PKP040	832	5	madre	madre	_	_	_	_	_	linguistic	_	ContainsVariation=No	_	_	_	_	_	_
832-6	PKP040	832	6	non	non	_	_	_	_	_	linguistic	_	ContainsVariation=No	_	_	_	_	_	_
832-7	PKP040	832	7	gliel'	gliel'	_	_	_	_	_	linguistic	_	ContainsVariation=No	SpaceAfter=No	_	_	_	_	_
832-8	PKP040	832	8	ha	ha	_	_	_	_	_	linguistic	_	ContainsVariation=No	_	_	_	_	_	_
832-9	PKP040	832	9	manco	manco	_	_	_	_	_	linguistic	_	ContainsVariation=No	_	_	_	_	_	_
832-10	PKP040	832	10	porta[(ta)]	portata	_	_	_	_	_	linguistic	_	ContainsVariation=No	_	End=1807.44	_	_	5-7(0)	4-7(205)
833-0	PKP048	833	0	[x]::	x	_	_	_	_	_	linguistic	_	ContainsVariation=No	_	Begin=1807.255	0x2	_	_	0-1(205)
833-1	PKP048	833	1	se?	se	_	_	_	_	_	linguistic	_	ContainsVariation=No	Intonation=Rising	End=1808.04	_	_	_	_
834-0	PKP040	834	0	x:	x	_	_	_	_	_	linguistic	_	ContainsVariation=No	_	Begin=1808.248	0x1	_	_	_
834-1	PKP040	834	1	non	non	_	_	_	_	_	linguistic	_	ContainsVariation=No	_	_	_	_	_	_
834-2	PKP040	834	2	[c'	c'	_	_	_	_	_	linguistic	_	ContainsVariation=No	SpaceAfter=No	_	_	_	_	0-2(206)
834-3	PKP040	834	3	era]:	era	_	_	_	_	_	linguistic	_	ContainsVariation=No	_	End=1809.13	2x1	_	_	0-3(206)
835-0	PKP039	835	0	[x:]	x	_	_	_	_	_	linguistic	_	ContainsVariation=No	_	Begin=1808.61|End=1809.067	0x1	_	_	0-1(206)
836-0	PKP040	836	0	((ride))	((ride))	_	_	_	_	_	nonverbalbehavior	_	ContainsVariation=No	_	Begin=1809.13|End=1811.78	_	_	_	_
837-0	PKP039	837	0	(mh)	mh	_	_	_	_	_	linguistic	_	ContainsVariation=No	_	Begin=1809.724|End=1810.1	_	_	0-2(0)	_
838-0	PKP039	838	0	(mh)	mh	_	_	_	_	_	linguistic	_	ContainsVariation=No	_	Begin=1810.773|End=1811.128	_	_	0-2(0)	_
839-0	PKP048	839	0	non	non	_	_	_	_	_	linguistic	_	ContainsVariation=No	_	Begin=1811.785	_	_	_	_
839-1	PKP048	839	1	ce	ce	_	_	_	_	_	linguistic	_	ContainsVariation=No	_	_	_	_	_	_
839-2	PKP048	839	2	lo	lo	_	_	_	_	_	linguistic	_	ContainsVariation=No	_	_	_	_	_	_
839-3	PKP048	839	3	diciamo	diciamo	_	_	_	_	_	linguistic	_	ContainsVariation=No	_	_	_	_	_	_
839-4	PKP048	839	4	a	a	_	_	_	_	_	linguistic	_	ContainsVariation=No	_	_	_	_	_	_
839-5	PKP048	839	5	nonna	nonna	_	_	_	_	_	linguistic	_	ContainsVariation=No	_	_	_	_	_	_
839-6	PKP048	839	6	paola	paola	_	_	_	_	_	linguistic	_	ContainsVariation=No	_	_	_	_	_	_
839-7	PKP048	839	7	se	se	_	_	_	_	_	linguistic	_	ContainsVariation=No	_	_	_	_	_	_
839-8	PKP048	839	8	no	no	_	_	_	_	_	linguistic	_	ContainsVariation=No	_	_	_	_	_	_
839-9	PKP048	839	9	si	si	_	_	_	_	_	linguistic	_	ContainsVariation=No	_	_	_	_	_	_
839-10	PKP048	839	10	offende	offende	_	_	_	_	_	linguistic	_	ContainsVariation=No	_	_	_	_	_	_
839-11	PKP048	839	11	no::	no	_	_	_	_	_	linguistic	_	ContainsVariation=No	_	End=1814.843	1x2	_	_	_
840-0	PKP040	840	0	ma	ma	_	_	_	_	_	linguistic	_	ContainsVariation=No	_	Begin=1814.918	_	_	_	_
840-1	PKP040	840	1	non	non	_	_	_	_	_	linguistic	_	ContainsVariation=No	_	_	_	_	_	_
840-2	PKP040	840	2	c'	c'	_	_	_	_	_	linguistic	_	ContainsVariation=No	SpaceAfter=No	_	_	_	_	_
840-3	PKP040	840	3	e:ra	era	_	_	_	_	_	linguistic	_	ContainsVariation=No	_	_	0x1	_	_	_
840-4	PKP040	840	4	era	era	_	_	_	_	_	linguistic	_	ContainsVariation=No	_	_	_	_	_	_
840-5	PKP040	840	5	chiuso	chiuso	_	_	_	_	_	linguistic	_	ContainsVariation=No	_	End=1816.261	_	_	_	_
841-0	PKP048	841	0	paola	paola	_	_	_	_	_	linguistic	_	ContainsVariation=No	_	Begin=1818.63	_	_	_	_
841-1	PKP048	841	1	dove	dove	_	_	_	_	_	linguistic	_	ContainsVariation=No	_	_	_	_	_	_
841-2	PKP048	841	2	[ma:ngi::]?	mangi	_	_	_	_	_	linguistic	_	ContainsVariation=No	Intonation=Rising	End=1820.191	1x1,4x2	_	_	0-5(209)
842-0	PKP041	842	0	[m:h	mh	_	_	_	_	_	linguistic	_	ContainsVariation=No	_	Begin=1819.265	0x1	_	_	0-2(209)
842-1	PKP041	842	1	non	non	_	_	_	_	_	linguistic	_	ContainsVariation=No	_	_	_	_	_	0-3(209)
842-2	PKP041	842	2	si	si	_	_	_	_	_	linguistic	_	ContainsVariation=No	_	_	_	_	_	0-2(209)
842-3	PKP041	842	3	offe:nde]	offende	_	_	_	_	_	linguistic	_	ContainsVariation=No	_	_	3x1	_	_	0-7(209)
842-4	PKP041	842	4	se	se	_	_	_	_	_	linguistic	_	ContainsVariation=No	_	_	_	_	_	_
842-5	PKP041	842	5	xxx	xxx	_	_	_	_	_	unknown	_	ContainsVariation=No	Syllables=3	_	_	_	_	_
842-6	PKP041	842	6	casa	casa	_	_	_	_	_	linguistic	_	ContainsVariation=No	_	_	_	_	_	_
842-7	PKP041	842	7	[xx	xx	_	_	_	_	_	unknown	_	ContainsVariation=No	Syllables=2	_	_	_	_	0-2(210)
842-8	PKP041	842	8	la]	la	_	_	_	_	_	linguistic	_	ContainsVariation=No	_	_	_	_	_	0-2(210)
842-9	PKP041	842	9	zia	zia	_	_	_	_	_	linguistic	_	ContainsVariation=No	_	End=1821.895	_	_	_	_
843-0	PKP048	843	0	[(senti)]	senti	_	_	_	_	_	linguistic	_	ContainsVariation=No	_	Begin=1821.005|End=1821.601	_	_	0-5(0)	0-5(210)
844-0	PKP048	844	0	paolo:	paolo	_	_	_	_	_	linguistic	_	ContainsVariation=No	_	Begin=1822.198|End=1822.734	4x1	_	_	_
845-0	PKP048	845	0	ormai	ormai	_	_	_	_	_	linguistic	_	ContainsVariation=No	_	Begin=1822.901	_	_	_	_
845-1	PKP048	845	1	è	è	_	_	_	_	_	linguistic	_	ContainsVariation=No	_	_	_	_	_	_
845-2	PKP048	845	2	barzelletta:	barzelletta	_	_	_	_	_	linguistic	_	ContainsVariation=No	_	End=1824.345	10x1	_	_	_
846-0	PKP048	846	0	quando	quando	_	_	_	_	_	linguistic	_	ContainsVariation=No	_	Begin=1824.528	_	_	_	_
846-1	PKP048	846	1	c'	c'	_	_	_	_	_	linguistic	_	ContainsVariation=No	SpaceAfter=No	_	_	_	_	_
846-2	PKP048	846	2	ho	ho	_	_	_	_	_	linguistic	_	ContainsVariation=No	_	_	_	_	_	_
846-3	PKP048	846	3	portato	portato	_	_	_	_	_	linguistic	_	ContainsVariation=No	_	_	_	_	_	_
846-4	PKP048	846	4	i	i	_	_	_	_	_	linguistic	_	ContainsVariation=No	_	_	_	_	_	_
846-5	PKP048	846	5	fiori:,	fiori	_	_	_	_	_	linguistic	_	ContainsVariation=No	Intonation=WeaklyRising	End=1825.81	4x1	_	_	_
847-0	PKP048	847	0	paola	paola	_	_	_	_	_	linguistic	_	ContainsVariation=No	_	Begin=1826.358	_	_	_	_
847-1	PKP048	847	1	dove	dove	_	_	_	_	_	linguistic	_	ContainsVariation=No	_	_	_	_	_	_
847-2	PKP048	847	2	ma:ngi::?	mangi	_	_	_	_	_	linguistic	_	ContainsVariation=No	Intonation=Rising	End=1827.8	1x1,4x2	_	_	_
848-0	PKP048	848	0	vado	vado	_	_	_	_	_	linguistic	_	ContainsVariation=No	_	Begin=1828.448	_	_	_	_
848-1	PKP048	848	1	su	su	_	_	_	_	_	linguistic	_	ContainsVariation=No	_	_	_	_	_	_
848-2	PKP048	848	2	da	da	_	_	_	_	_	linguistic	_	ContainsVariation=No	_	_	_	_	_	_
848-3	PKP048	848	3	fabri:zia	fabrizia	_	_	_	_	_	linguistic	_	ContainsVariation=No	_	End=1829.77	4x1	_	_	_
849-0	PKP048	849	0	vado	vado	_	_	_	_	_	linguistic	_	ContainsVariation=No	_	Begin=1829.79	_	_	_	_
849-1	PKP048	849	1	su	su	_	_	_	_	_	linguistic	_	ContainsVariation=No	_	_	_	_	_	_
849-2	PKP048	849	2	per	per	_	_	_	_	_	linguistic	_	ContainsVariation=No	_	_	_	_	_	_
849-3	PKP048	849	3	stare	stare	_	_	_	_	_	linguistic	_	ContainsVariation=No	_	_	_	_	_	_
849-4	PKP048	849	4	con	con	_	_	_	_	_	linguistic	_	ContainsVariation=No	_	_	_	_	_	_
849-5	PKP048	849	5	fabri:zia	fabrizia	_	_	_	_	_	linguistic	_	ContainsVariation=No	_	End=1831.6	4x1	_	_	_
850-0	PKP048	850	0	perché	perché	_	_	_	_	_	linguistic	_	ContainsVariation=No	_	Begin=1831.6	_	_	_	_
850-1	PKP048	850	1	io	io	_	_	_	_	_	linguistic	_	ContainsVariation=No	_	_	_	_	_	_
850-2	PKP048	850	2	non	non	_	_	_	_	_	linguistic	_	ContainsVariation=No	_	_	_	_	_	_
850-3	PKP048	850	3	mica	mica	_	_	_	_	_	linguistic	_	ContainsVariation=No	_	_	_	_	_	_
850-4	PKP048	850	4	ma:ngio	mangio	_	_	_	_	_	linguistic	_	ContainsVariation=No	_	End=1833.09	1x1	_	_	_
851-0	PKP048	851	0	fosse	fosse	_	_	_	_	_	linguistic	_	ContainsVariation=No	_	Begin=1833.158	_	_	_	_
851-1	PKP048	851	1	per	per	_	_	_	_	_	linguistic	_	ContainsVariation=No	_	_	_	_	_	_
851-2	PKP048	851	2	me	me	_	_	_	_	_	linguistic	_	ContainsVariation=No	_	_	_	_	_	_
851-3	PKP048	851	3	non	non	_	_	_	_	_	linguistic	_	ContainsVariation=No	_	_	_	_	_	_
851-4	PKP048	851	4	mangerei	mangerei	_	_	_	_	_	linguistic	_	ContainsVariation=No	_	_	_	_	_	_
851-5	PKP048	851	5	pro:prio	proprio	_	_	_	_	_	linguistic	_	ContainsVariation=No	_	End=1834.95	2x1	_	_	_
852-0	PKP048	852	0	((ride))	((ride))	_	_	_	_	_	nonverbalbehavior	_	ContainsVariation=No	_	Begin=1834.965|End=1835.585	_	_	_	_
853-0	PKP040	853	0	no	no	_	_	_	_	_	linguistic	_	ContainsVariation=No	_	Begin=1834.97	_	_	_	_
853-1	PKP040	853	1	no	no	_	_	_	_	_	linguistic	_	ContainsVariation=No	_	End=1835.44	_	_	_	_
854-0	PKP048	854	0	ormai	ormai	_	_	_	_	_	linguistic	_	ContainsVariation=No	_	Begin=1835.6	_	_	_	_
854-1	PKP048	854	1	è::	è	_	_	_	_	_	linguistic	_	ContainsVariation=No	_	End=1836.42	0x2	_	_	_
855-0	PKP048	855	0	°bella°	bella	_	_	_	_	_	linguistic	_	ContainsVariation=No	Volume=low	Begin=1837.123|End=1837.64	_	_	_	_
856-0	PKP040	856	0	oh	oh	_	_	_	_	_	linguistic	_	ContainsVariation=No	_	Begin=1845.31	_	_	_	_
856-1	PKP040	856	1	ma	ma	_	_	_	_	_	linguistic	_	ContainsVariation=No	_	_	_	_	_	_
856-2	PKP040	856	2	è	è	_	_	_	_	_	linguistic	_	ContainsVariation=No	_	_	_	_	_	_
856-3	PKP040	856	3	tutto	tutto	_	_	_	_	_	linguistic	_	ContainsVariation=No	_	_	_	_	_	_
856-4	PKP040	856	4	(english)	english	_	_	_	_	_	linguistic	_	ContainsVariation=No	_	_	_	_	0-7(0)	_
856-5	PKP040	856	5	questo	questo	_	_	_	_	_	linguistic	_	ContainsVariation=No	_	_	_	_	_	_
856-6	PKP040	856	6	(qua)	qua	_	_	_	_	_	linguistic	_	ContainsVariation=No	_	End=1846.81	_	_	0-3(1)	_
857-0	PKP048	857	0	°mado:nna	madonna	_	_	_	_	_	linguistic	_	ContainsVariation=No	Volume=low	Begin=1846.83	3x1	_	_	_
857-1	PKP048	857	1	mia°	mia	_	_	_	_	_	linguistic	_	ContainsVariation=No	Volume=low	End=1847.858	_	_	_	_
858-0	PKP040	858	0	e:::h	eh	_	_	_	_	_	linguistic	_	ContainsVariation=No	_	Begin=1849.485|End=1850.259	0x3	_	_	_
859-0	PKP048	859	0	è	è	_	_	_	_	_	linguistic	_	ContainsVariation=No	_	Begin=1850.507	_	_	_	_
859-1	PKP048	859	1	ancora	ancora	_	_	_	_	_	linguistic	_	ContainsVariation=No	_	_	_	_	_	_
859-2	PKP048	859	2	vi:vo	vivo	_	_	_	_	_	linguistic	_	ContainsVariation=No	_	_	1x1	_	_	_
859-3	PKP048	859	3	que:sto	questo	_	_	_	_	_	linguistic	_	ContainsVariation=No	_	_	2x1	_	_	_
859-4	PKP048	859	4	(cirillo)	cirillo	_	_	_	_	_	linguistic	_	ContainsVariation=No	_	End=1852.182	_	_	0-7(0)	_
860-0	PKP040	860	0	ve:h	veh	_	_	_	_	_	linguistic	_	ContainsVariation=No	_	Begin=1855.329	1x1	_	_	_
860-1	PKP040	860	1	quanti	quanti	_	_	_	_	_	linguistic	_	ContainsVariation=No	_	_	_	_	_	_
860-2	PKP040	860	2	sono	sono	_	_	_	_	_	linguistic	_	ContainsVariation=No	_	_	_	_	_	_
860-3	PKP040	860	3	quelli	quelli	_	_	_	_	_	linguistic	_	ContainsVariation=No	_	_	_	_	_	_
860-4	PKP040	860	4	che	che	_	_	_	_	_	linguistic	_	ContainsVariation=No	_	_	_	_	_	_
860-5	PKP040	860	5	non	non	_	_	_	_	_	linguistic	_	ContainsVariation=No	_	_	_	_	_	_
860-6	PKP040	860	6	giocano	giocano	_	_	_	_	_	linguistic	_	ContainsVariation=No	_	_	_	_	_	_
860-7	PKP040	860	7	oggi?	oggi	_	_	_	_	_	linguistic	_	ContainsVariation=No	Intonation=Rising	End=1857.31	_	_	_	_
861-0	PKP039	861	0	xx	xx	_	_	_	_	_	unknown	_	ContainsVariation=No	Syllables=2	Begin=1859.664|End=1860.131	_	_	_	_
862-0	PKP040	862	0	eh?	eh	_	_	_	_	_	linguistic	_	ContainsVariation=No	Intonation=Rising	Begin=1860.412|End=1860.735	_	_	_	_
863-0	PKP040	863	0	uno	uno	_	_	_	_	_	linguistic	_	ContainsVariation=No	_	Begin=1861.268	_	_	_	_
863-1	PKP040	863	1	solo:?	solo	_	_	_	_	_	linguistic	_	ContainsVariation=No	Intonation=Rising	End=1861.93	3x1	_	_	_
864-0	PKP040	864	0	gli	gli	_	_	_	_	_	linguistic	_	ContainsVariation=No	_	Begin=1862.074	_	_	_	_
864-1	PKP040	864	1	altri	altri	_	_	_	_	_	linguistic	_	ContainsVariation=No	_	_	_	_	_	_
864-2	PKP040	864	2	stanno	stanno	_	_	_	_	_	linguistic	_	ContainsVariation=No	_	_	_	_	_	_
864-3	PKP040	864	3	bene?	bene	_	_	_	_	_	linguistic	_	ContainsVariation=No	Intonation=Rising	End=1863.049	_	_	_	_
865-0	PKP048	865	0	hanno	hanno	_	_	_	_	_	linguistic	_	ContainsVariation=No	_	Begin=1865.196	_	_	_	_
865-1	PKP048	865	1	fatto	fatto	_	_	_	_	_	linguistic	_	ContainsVariation=No	_	_	_	_	_	_
865-2	PKP048	865	2	meno	meno	_	_	_	_	_	linguistic	_	ContainsVariation=No	_	_	_	_	_	_
865-3	PKP048	865	3	chia:sso	chiasso	_	_	_	_	_	linguistic	_	ContainsVariation=No	_	_	3x1	_	_	_
865-4	PKP048	865	4	per:::	per	_	_	_	_	_	linguistic	_	ContainsVariation=No	_	_	2x3	_	_	_
865-5	PKP048	865	5	coso:	coso	_	_	_	_	_	linguistic	_	ContainsVariation=No	_	End=1868.035	3x1	_	_	_
866-0	PKP048	866	0	rispetto	rispetto	_	_	_	_	_	linguistic	_	ContainsVariation=No	_	Begin=1868.56	_	_	_	_
866-1	PKP048	866	1	a	a	_	_	_	_	_	linguistic	_	ContainsVariation=No	_	_	_	_	_	_
866-2	PKP048	866	2	marado:na	maradona	_	_	_	_	_	linguistic	_	ContainsVariation=No	_	End=1869.727	5x1	_	_	_
867-0	PKP040	867	0	beh	beh	_	_	_	_	_	linguistic	_	ContainsVariation=No	_	Begin=1871.058	_	_	_	_
867-1	PKP040	867	1	ma	ma	_	_	_	_	_	linguistic	_	ContainsVariation=No	_	End=1871.507	_	_	_	_
868-0	PKP040	868	0	era	era	_	_	_	_	_	linguistic	_	ContainsVariation=No	_	Begin=1872.837	_	_	_	_
868-1	PKP040	868	1	proprio:	proprio	_	_	_	_	_	linguistic	_	ContainsVariation=No	_	End=1873.4	6x1	_	_	_
869-0	PKP040	869	0	a	a	_	_	_	_	_	linguistic	_	ContainsVariation=No	_	Begin=1873.4	_	_	_	_
869-1	PKP040	869	1	parte	parte	_	_	_	_	_	linguistic	_	ContainsVariation=No	_	_	_	_	_	_
869-2	PKP040	869	2	ch'	ch'	_	_	_	_	_	linguistic	_	ContainsVariation=No	SpaceAfter=No	_	_	_	_	_
869-3	PKP040	869	3	è	è	_	_	_	_	_	linguistic	_	ContainsVariation=No	_	_	_	_	_	_
869-4	PKP040	869	4	il	il	_	_	_	_	_	linguistic	_	ContainsVariation=No	_	_	_	_	_	_
869-5	PKP040	869	5	suo	suo	_	_	_	_	_	linguistic	_	ContainsVariation=No	_	_	_	_	_	_
869-6	PKP040	869	6	sti:le	stile	_	_	_	_	_	linguistic	_	ContainsVariation=No	_	End=1874.6	2x1	_	_	_
870-0	PKP040	870	0	è	è	_	_	_	_	_	linguistic	_	ContainsVariation=No	_	Begin=1874.6	_	_	_	_
870-1	PKP040	870	1	una	una	_	_	_	_	_	linguistic	_	ContainsVariation=No	_	_	_	_	_	_
870-2	PKP040	870	2	persona	persona	_	_	_	_	_	linguistic	_	ContainsVariation=No	_	_	_	_	_	_
870-3	PKP040	870	3	silenzio:sa	silenziosa	_	_	_	_	_	linguistic	_	ContainsVariation=No	_	End=1876.02	7x1	_	_	_
871-0	PKP048	871	0	°e:h°	eh	_	_	_	_	_	linguistic	_	ContainsVariation=No	Volume=low	Begin=1876.068|End=1876.44	0x1	_	_	_
872-0	PKP041	872	0	sì	sì	_	_	_	_	_	linguistic	_	ContainsVariation=No	_	Begin=1876.749	_	_	_	_
872-1	PKP041	872	1	ma	ma	_	_	_	_	_	linguistic	_	ContainsVariation=No	_	_	_	_	_	_
872-2	PKP041	872	2	gli	gli	_	_	_	_	_	linguistic	_	ContainsVariation=No	_	_	_	_	_	_
872-3	PKP041	872	3	hanno	hanno	_	_	_	_	_	linguistic	_	ContainsVariation=No	_	_	_	_	_	_
872-4	PKP041	872	4	svaligiato	svaligiato	_	_	_	_	_	linguistic	_	ContainsVariation=No	_	_	_	_	_	_
872-5	PKP041	872	5	ca:sa	casa	_	_	_	_	_	linguistic	_	ContainsVariation=No	_	_	1x1	_	_	_
872-6	PKP041	872	6	[durante	durante	_	_	_	_	_	linguistic	_	ContainsVariation=No	_	_	_	_	_	0-7(212)
872-7	PKP041	872	7	i	i	_	_	_	_	_	linguistic	_	ContainsVariation=No	_	_	_	_	_	0-1(212)
872-8	PKP041	872	8	funerali]	funerali	_	_	_	_	_	linguistic	_	ContainsVariation=No	_	End=1879.254	_	_	_	0-8(212)
873-0	PKP040	873	0	[mado:::	mado	_	_	_	_	_	linguistic	_	ContainsVariation=No	_	Begin=1878.126	3x3	_	_	0-4(212)
873-1	PKP040	873	1	x	x	_	_	_	_	_	unknown	_	ContainsVariation=No	Syllables=1	_	_	_	_	0-1(212)
873-2	PKP040	873	2	(lo]so:)	loso	_	_	_	_	_	linguistic	_	ContainsVariation=No	_	End=1879.818	3x1	_	0-4(0)	0-2(212)
874-0	PKP048	874	0	purtroppo	purtroppo	_	_	_	_	_	linguistic	_	ContainsVariation=No	PauseAfter=Yes	Begin=1880.797	_	_	_	_
874-1	PKP048	874	1	(.)	(.)	_	_	_	_	_	shortpause	_	ContainsVariation=No	_	_	_	_	_	_
874-2	PKP048	874	2	la	la	_	_	_	_	_	linguistic	_	ContainsVariation=No	_	_	_	_	_	_
874-3	PKP048	874	3	vita	vita	_	_	_	_	_	linguistic	_	ContainsVariation=No	_	_	_	_	_	_
874-4	PKP048	874	4	è	è	_	_	_	_	_	linguistic	_	ContainsVariation=No	_	_	_	_	_	_
874-5	PKP048	874	5	così	così	_	_	_	_	_	linguistic	_	ContainsVariation=No	_	End=1882.296	_	_	_	_
875-0	PKP048	875	0	approfittano	approfittano	_	_	_	_	_	linguistic	_	ContainsVariation=No	_	Begin=1882.831	_	_	_	_
875-1	PKP048	875	1	no?	no	_	_	_	_	_	linguistic	_	ContainsVariation=No	Intonation=Rising	End=1883.792	_	_	_	_
876-0	PKP040	876	0	xxx	xxx	_	_	_	_	_	unknown	_	ContainsVariation=No	Syllables=3	Begin=1884.371	_	_	_	_
876-1	PKP040	876	1	secondo	secondo	_	_	_	_	_	linguistic	_	ContainsVariation=No	_	_	_	_	_	_
876-2	PKP040	876	2	me	me	_	_	_	_	_	linguistic	_	ContainsVariation=No	_	_	_	_	_	_
876-3	PKP040	876	3	li	li	_	_	_	_	_	linguistic	_	ContainsVariation=No	_	_	_	_	_	_
876-4	PKP040	876	4	prendono	prendono	_	_	_	_	_	linguistic	_	ContainsVariation=No	_	_	_	_	_	_
876-5	PKP040	876	5	eh	eh	_	_	_	_	_	linguistic	_	ContainsVariation=No	_	End=1886.163	_	_	_	_
877-0	PKP048	877	0	perché?	perché	_	_	_	_	_	linguistic	_	ContainsVariation=No	Intonation=Rising	Begin=1887.032|End=1887.608	_	_	_	_
878-0	PKP040	878	0	come	come	_	_	_	_	_	linguistic	_	ContainsVariation=No	_	Begin=1890.555	_	_	_	_
878-1	PKP040	878	1	si	si	_	_	_	_	_	linguistic	_	ContainsVariation=No	_	_	_	_	_	_
878-2	PKP040	878	2	può	può	_	_	_	_	_	linguistic	_	ContainsVariation=No	_	_	_	_	_	_
878-3	PKP040	878	3	da:i	dai	_	_	_	_	_	linguistic	_	ContainsVariation=No	_	_	1x1	_	_	_
878-4	PKP040	878	4	mamma	mamma	_	_	_	_	_	linguistic	_	ContainsVariation=No	_	End=1892.08	_	_	_	_
879-0	PKP040	879	0	che	che	_	_	_	_	_	linguistic	_	ContainsVariation=No	_	Begin=1892.102	_	_	_	_
879-1	PKP040	879	1	poi	poi	_	_	_	_	_	linguistic	_	ContainsVariation=No	_	_	_	_	_	_
879-2	PKP040	879	2	non	non	_	_	_	_	_	linguistic	_	ContainsVariation=No	_	_	_	_	_	_
879-3	PKP040	879	3	è	è	_	_	_	_	_	linguistic	_	ContainsVariation=No	_	_	_	_	_	_
879-4	PKP040	879	4	che	che	_	_	_	_	_	linguistic	_	ContainsVariation=No	_	_	_	_	_	_
879-5	PKP040	879	5	hanno	hanno	_	_	_	_	_	linguistic	_	ContainsVariation=No	_	_	_	_	_	_
879-6	PKP040	879	6	rubato	rubato	_	_	_	_	_	linguistic	_	ContainsVariation=No	_	_	_	_	_	_
879-7	PKP040	879	7	un	un	_	_	_	_	_	linguistic	_	ContainsVariation=No	_	_	_	_	_	_
879-8	PKP040	879	8	granché	granché	_	_	_	_	_	linguistic	_	ContainsVariation=No	_	End=1893.63	_	_	_	_
880-0	PKP040	880	0	ma	ma	_	_	_	_	_	linguistic	_	ContainsVariation=No	_	Begin=1893.63	_	_	_	_
880-1	PKP040	880	1	speriamo	speriamo	_	_	_	_	_	linguistic	_	ContainsVariation=No	_	_	_	_	_	_
880-2	PKP040	880	2	non	non	_	_	_	_	_	linguistic	_	ContainsVariation=No	_	_	_	_	_	_
880-3	PKP040	880	3	abbiano	abbiano	_	_	_	_	_	linguistic	_	ContainsVariation=No	_	_	_	_	_	_
880-4	PKP040	880	4	rubato	rubato	_	_	_	_	_	linguistic	_	ContainsVariation=No	_	_	_	_	_	_
880-5	PKP040	880	5	cose::	cose	_	_	_	_	_	linguistic	_	ContainsVariation=No	_	End=1895.633	3x2	_	_	_
881-0	PKP048	881	0	e::h	eh	_	_	_	_	_	linguistic	_	ContainsVariation=No	_	Begin=1895.986	0x2	_	_	_
881-1	PKP048	881	1	[(ma	ma	_	_	_	_	_	linguistic	_	ContainsVariation=No	_	_	_	_	0-2(0)	0-2(213)
881-2	PKP048	881	2	infatti	infatti	_	_	_	_	_	linguistic	_	ContainsVariation=No	_	_	_	_	0-7(0)	0-7(213)
881-3	PKP048	881	3	quelle	quelle	_	_	_	_	_	linguistic	_	ContainsVariation=No	_	_	_	_	0-6(0)	0-6(213)
881-4	PKP048	881	4	cose)	cose	_	_	_	_	_	linguistic	_	ContainsVariation=No	_	_	_	_	0-4(0)	0-4(213)
881-5	PKP048	881	5	ecco]	ecco	_	_	_	_	_	linguistic	_	ContainsVariation=No	_	_	_	_	_	0-4(213)
881-6	PKP048	881	6	ap[punto]	appunto	_	_	_	_	_	linguistic	_	ContainsVariation=No	_	End=1898.298	_	_	_	2-7(214)
882-0	PKP040	882	0	[affetti:ve	affettive	_	_	_	_	_	linguistic	_	ContainsVariation=No	_	Begin=1896.3	6x1	_	_	0-9(213)
882-1	PKP040	882	1	dico	dico	_	_	_	_	_	linguistic	_	ContainsVariation=No	_	_	_	_	_	0-4(213)
882-2	PKP040	882	2	no]?	no	_	_	_	_	_	linguistic	_	ContainsVariation=No	Intonation=Rising	End=1897.665	_	_	_	0-2(213)
883-0	PKP039	883	0	[(l'	l'	_	_	_	_	_	linguistic	_	ContainsVariation=No	SpaceAfter=No	Begin=1897.787	_	_	0-2(0)	0-2(214)
883-1	PKP039	883	1	orologio)]	orologio	_	_	_	_	_	linguistic	_	ContainsVariation=No	_	End=1898.36	_	_	0-8(0)	0-8(214)
884-0	PKP040	884	0	sì	sì	_	_	_	_	_	linguistic	_	ContainsVariation=No	_	Begin=1899.767	_	_	_	_
884-1	PKP040	884	1	ho	ho	_	_	_	_	_	linguistic	_	ContainsVariation=No	_	_	_	_	_	_
884-2	PKP040	884	2	le:tto	letto	_	_	_	_	_	linguistic	_	ContainsVariation=No	_	End=1900.34	1x1	_	_	_
885-0	PKP040	885	0	un	un	_	_	_	_	_	linguistic	_	ContainsVariation=No	_	Begin=1900.34	_	_	_	_
885-1	PKP040	885	1	orologio,	orologio	_	_	_	_	_	linguistic	_	ContainsVariation=No	Intonation=WeaklyRising	_	_	_	_	_
885-2	PKP040	885	2	cen[to	cento	_	_	_	_	_	linguistic	_	ContainsVariation=No	_	_	_	_	_	3-5(215)
885-3	PKP040	885	3	e:uro],	euro	_	_	_	_	_	linguistic	_	ContainsVariation=No	Intonation=WeaklyRising	End=1902.193	0x1	_	_	0-4(215)
886-0	PKP048	886	0	[cose	cose	_	_	_	_	_	linguistic	_	ContainsVariation=No	_	Begin=1901.411	_	_	_	0-4(215)
886-1	PKP048	886	1	sto:]:riche,	storiche	_	_	_	_	_	linguistic	_	ContainsVariation=No	Intonation=WeaklyRising	_	2x2	_	_	0-3(215)
886-2	PKP048	886	2	cose:::	cose	_	_	_	_	_	linguistic	_	ContainsVariation=No	_	End=1903.43	3x3	_	_	_
887-0	PKP039	887	0	xxx	xxx	_	_	_	_	_	unknown	_	ContainsVariation=No	Syllables=3	Begin=1903.505|End=1904.278	_	_	_	_
888-0	PKP048	888	0	io	io	_	_	_	_	_	linguistic	_	ContainsVariation=No	_	Begin=1906.31	_	_	_	_
888-1	PKP048	888	1	c'	c'	_	_	_	_	_	linguistic	_	ContainsVariation=No	SpaceAfter=No	_	_	_	_	_
888-2	PKP048	888	2	ho	ho	_	_	_	_	_	linguistic	_	ContainsVariation=No	_	_	_	_	_	_
888-3	PKP048	888	3	portato	portato	_	_	_	_	_	linguistic	_	ContainsVariation=No	_	_	_	_	_	_
888-4	PKP048	888	4	il	il	_	_	_	_	_	linguistic	_	ContainsVariation=No	_	_	_	_	_	_
888-5	PKP048	888	5	xx	xx	_	_	_	_	_	unknown	_	ContainsVariation=No	Syllables=2	_	_	_	_	_
888-6	PKP048	888	6	e	e	_	_	_	_	_	linguistic	_	ContainsVariation=No	_	_	_	_	_	_
888-7	PKP048	888	7	il	il	_	_	_	_	_	linguistic	_	ContainsVariation=No	_	_	_	_	_	_
888-8	PKP048	888	8	(giornale)	giornale	_	_	_	_	_	linguistic	_	ContainsVariation=No	_	_	_	_	0-8(0)	_
888-9	PKP048	888	9	[xxxx]	xxxx	_	_	_	_	_	unknown	_	ContainsVariation=No	Syllables=4	End=1909.357	_	_	_	0-4(216)
889-0	PKP041	889	0	[(anche	anche	_	_	_	_	_	linguistic	_	ContainsVariation=No	_	Begin=1908.45	_	_	0-5(0)	0-5(216)
889-1	PKP041	889	1	des)ca:lci]o	descalcio	_	_	_	_	_	linguistic	_	ContainsVariation=No	_	_	4x1	_	0-3(0)	0-8(216)
889-2	PKP041	889	2	c'	c'	_	_	_	_	_	linguistic	_	ContainsVariation=No	SpaceAfter=No	_	_	_	_	_
889-3	PKP041	889	3	ha	ha	_	_	_	_	_	linguistic	_	ContainsVariation=No	_	_	_	_	_	_
889-4	PKP041	889	4	il	il	_	_	_	_	_	linguistic	_	ContainsVariation=No	_	_	_	_	_	_
889-5	PKP041	889	5	covid	covid	_	_	_	_	_	linguistic	_	ContainsVariation=No	_	End=1910.249	_	_	_	_
890-0	PKP041	890	0	non	non	_	_	_	_	_	linguistic	_	ContainsVariation=No	_	Begin=1910.264	_	_	_	_
890-1	PKP041	890	1	il	il	_	_	_	_	_	linguistic	_	ContainsVariation=No	_	_	_	_	_	_
890-2	PKP041	890	2	basket	basket	_	_	_	_	_	linguistic	_	ContainsVariation=No	_	End=1911.244	_	_	_	_
891-0	PKP040	891	0	x	x	_	_	_	_	_	unknown	_	ContainsVariation=No	Syllables=1	Begin=1911.659	_	_	_	_
891-1	PKP040	891	1	il	il	_	_	_	_	_	linguistic	_	ContainsVariation=No	_	_	_	_	_	_
891-2	PKP040	891	2	bas[(ket)]	basket	_	_	_	_	_	linguistic	_	ContainsVariation=No	_	End=1912.41	_	_	3-6(0)	3-6(217)
892-0	PKP039	892	0	[basket]	basket	_	_	_	_	_	linguistic	_	ContainsVariation=No	_	Begin=1912.139	_	_	_	0-6(217)
892-1	PKP039	892	1	xx	xx	_	_	_	_	_	unknown	_	ContainsVariation=No	Syllables=2	End=1912.811	_	_	_	_
893-0	PKP041	893	0	ah	ah	_	_	_	_	_	linguistic	_	ContainsVariation=No	_	Begin=1913.62	_	_	_	_
893-1	PKP041	893	1	eh	eh	_	_	_	_	_	linguistic	_	ContainsVariation=No	_	_	_	_	_	_
893-2	PKP041	893	2	il	il	_	_	_	_	_	linguistic	_	ContainsVariation=No	_	_	_	_	_	_
893-3	PKP041	893	3	calcio	calcio	_	_	_	_	_	linguistic	_	ContainsVariation=No	_	_	_	_	_	_
893-4	PKP041	893	4	ta:nti	tanti	_	_	_	_	_	linguistic	_	ContainsVariation=No	_	_	1x1	_	_	_
893-5	PKP041	893	5	però	però	_	_	_	_	_	linguistic	_	ContainsVariation=No	_	End=1914.9	_	_	_	_
894-0	PKP039	894	0	cinque	cinque	_	_	_	_	_	linguistic	_	ContainsVariation=No	_	Begin=1915.119|End=1915.613	_	_	_	_
895-0	PKP048	895	0	ho	ho	_	_	_	_	_	linguistic	_	ContainsVariation=No	_	Begin=1916.49	_	_	_	_
895-1	PKP048	895	1	portato	portato	_	_	_	_	_	linguistic	_	ContainsVariation=No	_	_	_	_	_	_
895-2	PKP048	895	2	anche	anche	_	_	_	_	_	linguistic	_	ContainsVariation=No	_	_	_	_	_	_
895-3	PKP048	895	3	a	a	_	_	_	_	_	linguistic	_	ContainsVariation=No	_	_	_	_	_	_
895-4	PKP048	895	4	xxx	xxx	_	_	_	_	_	unknown	_	ContainsVariation=No	Syllables=3	_	_	_	_	_
895-5	PKP048	895	5	ancora	ancora	_	_	_	_	_	linguistic	_	ContainsVariation=No	_	_	_	_	_	_
895-6	PKP048	895	6	due	due	_	_	_	_	_	linguistic	_	ContainsVariation=No	_	_	_	_	_	_
895-7	PKP048	895	7	euro	euro	_	_	_	_	_	linguistic	_	ContainsVariation=No	_	_	_	_	_	_
895-8	PKP048	895	8	xx	xx	_	_	_	_	_	unknown	_	ContainsVariation=No	Syllables=2	_	_	_	_	_
895-9	PKP048	895	9	per	per	_	_	_	_	_	linguistic	_	ContainsVariation=No	_	_	_	_	_	_
895-10	PKP048	895	10	i	i	_	_	_	_	_	linguistic	_	ContainsVariation=No	_	_	_	_	_	_
895-11	PKP048	895	11	giorna:li::	giornali	_	_	_	_	_	linguistic	_	ContainsVariation=No	_	End=1920.337	5x1,7x2	_	_	_
896-0	PKP048	896	0	e:::	e	_	_	_	_	_	linguistic	_	ContainsVariation=No	_	Begin=1921.078	0x3	_	_	_
896-1	PKP048	896	1	xxxxxx	xxxxxx	_	_	_	_	_	unknown	_	ContainsVariation=No	Syllables=6	End=1922.825	_	_	_	_
897-0	PKP048	897	0	<gli	gli	_	_	_	_	_	linguistic	_	ContainsVariation=No	_	Begin=1923.398	_	Slow=0-3(0)	_	_
897-1	PKP048	897	1	speteguless	speteguless	_	_	_	_	_	linguistic	_	ContainsVariation=No	_	_	_	Slow=0-11(0)	_	_
897-2	PKP048	897	2	de:l>	del	_	_	_	_	_	linguistic	_	ContainsVariation=No	_	End=1925.13	1x1	Slow=0-3(0)	_	_
898-0	PKP048	898	0	<trono::>	trono	_	_	_	_	_	linguistic	_	ContainsVariation=No	_	Begin=1925.348|End=1926.065	4x2	Slow=0-5(0)	_	_
899-0	PKP048	899	0	[<dei	dei	_	_	_	_	_	linguistic	_	ContainsVariation=No	_	Begin=1926.481	_	Slow=0-3(0)	_	0-3(218)
899-1	PKP048	899	1	raga:zzi>]	ragazzi	_	_	_	_	_	linguistic	_	ContainsVariation=No	_	End=1927.424	3x1	Slow=0-7(0)	_	0-7(218)
900-0	PKP039	900	0	[ti	ti	_	_	_	_	_	linguistic	_	ContainsVariation=No	_	Begin=1926.507	_	_	_	0-2(218)
900-1	PKP039	900	1	sembra	sembra	_	_	_	_	_	linguistic	_	ContainsVariation=No	_	_	_	_	_	0-6(218)
900-2	PKP039	900	2	ti	ti	_	_	_	_	_	linguistic	_	ContainsVariation=No	_	_	_	_	_	0-2(218)
900-3	PKP039	900	3	sembra]	sembra	_	_	_	_	_	linguistic	_	ContainsVariation=No	_	_	_	_	_	0-6(218)
900-4	PKP039	900	4	una	una	_	_	_	_	_	linguistic	_	ContainsVariation=No	_	_	_	_	_	_
900-5	PKP039	900	5	notizia	notizia	_	_	_	_	_	linguistic	_	ContainsVariation=No	_	_	_	_	_	_
900-6	PKP039	900	6	da	da	_	_	_	_	_	linguistic	_	ContainsVariation=No	_	_	_	_	_	_
900-7	PKP039	900	7	darci	darci	_	_	_	_	_	linguistic	_	ContainsVariation=No	_	_	_	_	_	_
900-8	PKP039	900	8	ques[ta]?	questa	_	_	_	_	_	linguistic	_	ContainsVariation=No	Intonation=Rising	End=1929.041	_	_	_	4-6(219)
901-0	PKP048	901	0	[de]i	dei	_	_	_	_	_	linguistic	_	ContainsVariation=No	_	Begin=1928.839	_	_	_	0-2(219)
901-1	PKP048	901	1	raga:zzi	ragazzi	_	_	_	_	_	linguistic	_	ContainsVariation=No	_	End=1929.96	3x1	_	_	_
902-0	PKP048	902	0	eh	eh	_	_	_	_	_	linguistic	_	ContainsVariation=No	PauseAfter=Yes	Begin=1931.581	_	_	_	_
902-1	PKP048	902	1	(.)	(.)	_	_	_	_	_	shortpause	_	ContainsVariation=No	_	_	_	_	_	_
902-2	PKP048	902	2	quello	quello	_	_	_	_	_	linguistic	_	ContainsVariation=No	_	_	_	_	_	_
902-3	PKP048	902	3	lì	lì	_	_	_	_	_	linguistic	_	ContainsVariation=No	_	_	_	_	_	_
902-4	PKP048	902	4	tutto	tutto	_	_	_	_	_	linguistic	_	ContainsVariation=No	_	_	_	_	_	_
902-5	PKP048	902	5	ricciolino	ricciolino	_	_	_	_	_	linguistic	_	ContainsVariation=No	_	_	_	_	_	_
902-6	PKP048	902	6	sembra	sembra	_	_	_	_	_	linguistic	_	ContainsVariation=No	_	_	_	_	_	_
902-7	PKP048	902	7	tanto	tanto	_	_	_	_	_	linguistic	_	ContainsVariation=No	_	_	_	_	_	_
902-8	PKP048	902	8	se~	se~	_	_	_	_	_	linguistic	_	ContainsVariation=No	Interrupted=Yes|PauseAfter=Yes	_	_	_	_	_
902-9	PKP048	902	9	(.)	(.)	_	_	_	_	_	shortpause	_	ContainsVariation=No	_	_	_	_	_	_
902-10	PKP048	902	10	fesso	fesso	_	_	_	_	_	linguistic	_	ContainsVariation=No	_	_	_	_	_	_
902-11	PKP048	902	11	è:	è	_	_	_	_	_	linguistic	_	ContainsVariation=No	_	_	0x1	_	_	_
902-12	PKP048	902	12	fisioterapi:sta	fisioterapista	_	_	_	_	_	linguistic	_	ContainsVariation=No	_	End=1936.162	10x1	_	_	_
903-0	PKP040	903	0	ah	ah	_	_	_	_	_	linguistic	_	ContainsVariation=No	_	Begin=1936.509|End=1936.763	_	_	_	_
904-0	PKP039	904	0	x[x]	xx	_	_	_	_	_	unknown	_	ContainsVariation=No	Syllables=2	Begin=1936.991|End=1937.637	_	_	_	1-2(220)
905-0	PKP048	905	0	[eh]	eh	_	_	_	_	_	linguistic	_	ContainsVariation=No	_	Begin=1937.319|End=1937.656	_	_	_	0-2(220)
906-0	PKP048	906	0	e	e	_	_	_	_	_	linguistic	_	ContainsVariation=No	_	Begin=1939.212	_	_	_	_
906-1	PKP048	906	1	invece::	invece	_	_	_	_	_	linguistic	_	ContainsVariation=No	_	_	5x2	_	_	_
906-2	PKP048	906	2	davide	davide	_	_	_	_	_	linguistic	_	ContainsVariation=No	_	_	_	_	_	_
906-3	PKP048	906	3	quello	quello	_	_	_	_	_	linguistic	_	ContainsVariation=No	_	_	_	_	_	_
906-4	PKP048	906	4	del	del	_	_	_	_	_	linguistic	_	ContainsVariation=No	_	_	_	_	_	_
906-5	PKP048	906	5	salento::	salento	_	_	_	_	_	linguistic	_	ContainsVariation=No	_	End=1941.916	6x2	_	_	_
907-0	PKP048	907	0	è	è	_	_	_	_	_	linguistic	_	ContainsVariation=No	_	Begin=1942.069	_	_	_	_
907-1	PKP048	907	1	ris~	ris~	_	_	_	_	_	linguistic	_	ContainsVariation=No	Interrupted=Yes	_	_	_	_	_
907-2	PKP048	907	2	ristoratore	ristoratore	_	_	_	_	_	linguistic	_	ContainsVariation=No	_	_	_	_	_	_
907-3	PKP048	907	3	(è)	è	_	_	_	_	_	linguistic	_	ContainsVariation=No	_	End=1943.725	_	_	0-1(0)	_
908-0	PKP048	908	0	la	la	_	_	_	_	_	linguistic	_	ContainsVariation=No	_	Begin=1945.522	_	_	_	_
908-1	PKP048	908	1	vedo	vedo	_	_	_	_	_	linguistic	_	ContainsVariation=No	_	_	_	_	_	_
908-2	PKP048	908	2	xxxx	xxxx	_	_	_	_	_	unknown	_	ContainsVariation=No	Syllables=4	End=1946.749	_	_	_	_
909-0	PKP048	909	0	l'	l'	_	_	_	_	_	linguistic	_	ContainsVariation=No	SpaceAfter=No	Begin=1947.69	_	_	_	_
909-1	PKP048	909	1	hai	hai	_	_	_	_	_	linguistic	_	ContainsVariation=No	_	_	_	_	_	_
909-2	PKP048	909	2	visto	visto	_	_	_	_	_	linguistic	_	ContainsVariation=No	_	_	_	_	_	_
909-3	PKP048	909	3	xx?	xx	_	_	_	_	_	linguistic	_	ContainsVariation=No	Intonation=Rising	End=1948.5	_	_	_	_
910-0	PKP041	910	0	no:nna	nonna	_	_	_	_	_	linguistic	_	ContainsVariation=No	_	Begin=1948.51	1x1	_	_	_
910-1	PKP041	910	1	non	non	_	_	_	_	_	linguistic	_	ContainsVariation=No	_	_	_	_	_	_
910-2	PKP041	910	2	l'	l'	_	_	_	_	_	linguistic	_	ContainsVariation=No	SpaceAfter=No	_	_	_	_	_
910-3	PKP041	910	3	ho	ho	_	_	_	_	_	linguistic	_	ContainsVariation=No	_	_	_	_	_	_
910-4	PKP041	910	4	vi:sto	visto	_	_	_	_	_	linguistic	_	ContainsVariation=No	_	End=1950.1	1x1	_	_	_
911-0	PKP040	911	0	sembra	sembra	_	_	_	_	_	linguistic	_	ContainsVariation=No	_	Begin=1950.13	_	_	_	_
911-1	PKP040	911	1	antonio	antonio	_	_	_	_	_	linguistic	_	ContainsVariation=No	_	End=1951.55	_	_	_	_
912-0	PKP040	912	0	BEH	beh	_	_	_	_	_	linguistic	_	ContainsVariation=No	Volume=high	Begin=1952.81	_	_	_	_
912-1	PKP040	912	1	IO	io	_	_	_	_	_	linguistic	_	ContainsVariation=No	Volume=high	_	_	_	_	_
912-2	PKP040	912	2	L'	l'	_	_	_	_	_	linguistic	_	ContainsVariation=No	SpaceAfter=No|Volume=high	_	_	_	_	_
912-3	PKP040	912	3	HO	ho	_	_	_	_	_	linguistic	_	ContainsVariation=No	Volume=high	_	_	_	_	_
912-4	PKP040	912	4	DETTO	detto	_	_	_	_	_	linguistic	_	ContainsVariation=No	Volume=high	_	_	_	_	_
912-5	PKP040	912	5	((ride))	((ride))	_	_	_	_	_	nonverbalbehavior	_	ContainsVariation=No	_	End=1956.45	_	_	_	_
913-0	PKP048	913	0	((ride))	((ride))	_	_	_	_	_	nonverbalbehavior	_	ContainsVariation=No	_	Begin=1954.26|End=1956.509	_	_	_	_
914-0	PKP040	914	0	E	e	_	_	_	_	_	linguistic	_	ContainsVariation=No	Volume=high	Begin=1956.59	_	_	_	_
914-1	PKP040	914	1	BEN	ben	_	_	_	_	_	linguistic	_	ContainsVariation=No	Volume=high	_	_	_	_	_
914-2	PKP040	914	2	TI	ti	_	_	_	_	_	linguistic	_	ContainsVariation=No	Volume=high	_	_	_	_	_
914-3	PKP040	914	3	STA::	sta	_	_	_	_	_	linguistic	_	ContainsVariation=No	Volume=high	End=1957.948	2x2	_	_	_
915-0	PKP040	915	0	((ride))	((ride))	_	_	_	_	_	nonverbalbehavior	_	ContainsVariation=No	_	Begin=1958.068|End=1959.703	_	_	_	_
916-0	PKP048	916	0	e:cco	ecco	_	_	_	_	_	linguistic	_	ContainsVariation=No	_	Begin=1960.049|End=1960.697	0x1	_	_	_
917-0	PKP041	917	0	quanto	quanto	_	_	_	_	_	linguistic	_	ContainsVariation=No	_	Begin=1961.838	_	_	_	_
917-1	PKP041	917	1	(vinuccio)	vinuccio	_	_	_	_	_	linguistic	_	ContainsVariation=No	_	_	_	_	0-8(0)	_
917-2	PKP041	917	2	t'	t'	_	_	_	_	_	linguistic	_	ContainsVariation=No	SpaceAfter=No	_	_	_	_	_
917-3	PKP041	917	3	ha	ha	_	_	_	_	_	linguistic	_	ContainsVariation=No	_	_	_	_	_	_
917-4	PKP041	917	4	dato	dato	_	_	_	_	_	linguistic	_	ContainsVariation=No	_	End=1963.11	_	_	_	_
918-0	PKP039	918	0	no	no	_	_	_	_	_	linguistic	_	ContainsVariation=No	_	Begin=1963.229	_	_	_	_
918-1	PKP039	918	1	è	è	_	_	_	_	_	linguistic	_	ContainsVariation=No	_	_	_	_	_	_
918-2	PKP039	918	2	proprio	proprio	_	_	_	_	_	linguistic	_	ContainsVariation=No	_	_	_	_	_	_
918-3	PKP039	918	3	così	così	_	_	_	_	_	linguistic	_	ContainsVariation=No	_	End=1964.164	_	_	_	_
919-0	PKP041	919	0	((ride))	((ride))	_	_	_	_	_	nonverbalbehavior	_	ContainsVariation=No	_	Begin=1964.339|End=1965.21	_	_	_	_
920-0	PKP048	920	0	deve	deve	_	_	_	_	_	linguistic	_	ContainsVariation=No	_	Begin=1966.02	_	_	_	_
920-1	PKP048	920	1	informarsi	informarsi	_	_	_	_	_	linguistic	_	ContainsVariation=No	_	_	_	_	_	_
920-2	PKP048	920	2	(e	e	_	_	_	_	_	linguistic	_	ContainsVariation=No	_	_	_	_	0-1(0)	_
920-3	PKP048	920	3	allora)	allora	_	_	_	_	_	linguistic	_	ContainsVariation=No	_	_	_	_	0-6(0)	_
920-4	PKP048	920	4	c'	c'	_	_	_	_	_	linguistic	_	ContainsVariation=No	SpaceAfter=No	_	_	_	_	_
920-5	PKP048	920	5	ho	ho	_	_	_	_	_	linguistic	_	ContainsVariation=No	_	_	_	_	_	_
920-6	PKP048	920	6	portato	portato	_	_	_	_	_	linguistic	_	ContainsVariation=No	_	_	_	_	_	_
920-7	PKP048	920	7	il	il	_	_	_	_	_	linguistic	_	ContainsVariation=No	_	_	_	_	_	_
920-8	PKP048	920	8	giorna:le	giornale	_	_	_	_	_	linguistic	_	ContainsVariation=No	_	_	5x1	_	_	_
920-9	PKP048	920	9	[a	a	_	_	_	_	_	linguistic	_	ContainsVariation=No	_	_	_	_	_	0-1(222)
920-10	PKP048	920	10	zia	zia	_	_	_	_	_	linguistic	_	ContainsVariation=No	_	_	_	_	_	0-3(222)
920-11	PKP048	920	11	mariella]	mariella	_	_	_	_	_	linguistic	_	ContainsVariation=No	_	_	_	_	_	0-8(222)
920-12	PKP048	920	12	mannaggia	mannaggia	_	_	_	_	_	linguistic	_	ContainsVariation=No	_	_	_	_	_	_
920-13	PKP048	920	13	che	che	_	_	_	_	_	linguistic	_	ContainsVariation=No	_	_	_	_	_	_
920-14	PKP048	920	14	non	non	_	_	_	_	_	linguistic	_	ContainsVariation=No	_	_	_	_	_	_
920-15	PKP048	920	15	c'	c'	_	_	_	_	_	linguistic	_	ContainsVariation=No	SpaceAfter=No	_	_	_	_	_
920-16	PKP048	920	16	h(a)	ha	_	_	_	_	_	linguistic	_	ContainsVariation=No	_	_	_	_	0-1(1)	_
920-17	PKP048	920	17	tempo	tempo	_	_	_	_	_	linguistic	_	ContainsVariation=No	_	_	_	_	_	_
920-18	PKP048	920	18	di	di	_	_	_	_	_	linguistic	_	ContainsVariation=No	_	_	_	_	_	_
920-19	PKP048	920	19	le::ggere::	leggere	_	_	_	_	_	linguistic	_	ContainsVariation=No	_	End=1970.828	1x2,6x2	_	_	_
921-0	PKP040	921	0	[e::h	eh	_	_	_	_	_	linguistic	_	ContainsVariation=No	_	Begin=1967.979	0x2	_	_	0-2(222)
921-1	PKP040	921	1	sì]	sì	_	_	_	_	_	linguistic	_	ContainsVariation=No	_	End=1968.73	_	_	_	0-2(222)
922-0	PKP048	922	0	verame:n(te)	veramente	_	_	_	_	_	linguistic	_	ContainsVariation=No	_	Begin=1970.828	5x1	_	7-9(0)	_
922-1	PKP048	922	1	io	io	_	_	_	_	_	linguistic	_	ContainsVariation=No	_	_	_	_	_	_
922-2	PKP048	922	2	non	non	_	_	_	_	_	linguistic	_	ContainsVariation=No	_	_	_	_	_	_
922-3	PKP048	922	3	so	so	_	_	_	_	_	linguistic	_	ContainsVariation=No	_	_	_	_	_	_
922-4	PKP048	922	4	come	come	_	_	_	_	_	linguistic	_	ContainsVariation=No	_	_	_	_	_	_
922-5	PKP048	922	5	fa	fa	_	_	_	_	_	linguistic	_	ContainsVariation=No	_	_	_	_	_	_
922-6	PKP048	922	6	a	a	_	_	_	_	_	linguistic	_	ContainsVariation=No	_	_	_	_	_	_
922-7	PKP048	922	7	fa'	fa'	_	_	_	_	_	linguistic	_	ContainsVariation=No	Truncated=Yes	_	_	_	_	_
922-8	PKP048	922	8	tutte	tutte	_	_	_	_	_	linguistic	_	ContainsVariation=No	_	_	_	_	_	_
922-9	PKP048	922	9	quelle	quelle	_	_	_	_	_	linguistic	_	ContainsVariation=No	_	_	_	_	_	_
922-10	PKP048	922	10	co:se	cose	_	_	_	_	_	linguistic	_	ContainsVariation=No	_	End=1973.139	1x1	_	_	_
923-0	PKP048	923	0	si	si	_	_	_	_	_	linguistic	_	ContainsVariation=No	_	Begin=1973.94	_	_	_	_
923-1	PKP048	923	1	sta	sta	_	_	_	_	_	linguistic	_	ContainsVariation=No	_	_	_	_	_	_
923-2	PKP048	923	2	facendo	facendo	_	_	_	_	_	linguistic	_	ContainsVariation=No	_	_	_	_	_	_
923-3	PKP048	923	3	una	una	_	_	_	_	_	linguistic	_	ContainsVariation=No	_	_	_	_	_	_
923-4	PKP048	923	4	maglietta	maglietta	_	_	_	_	_	linguistic	_	ContainsVariation=No	_	_	_	_	_	_
923-5	PKP048	923	5	per	per	_	_	_	_	_	linguistic	_	ContainsVariation=No	_	_	_	_	_	_
923-6	PKP048	923	6	ca:sa	casa	_	_	_	_	_	linguistic	_	ContainsVariation=No	PauseAfter=Yes	_	1x1	_	_	_
923-7	PKP048	923	7	(.)	(.)	_	_	_	_	_	shortpause	_	ContainsVariation=No	_	_	_	_	_	_
923-8	PKP048	923	8	con	con	_	_	_	_	_	linguistic	_	ContainsVariation=No	_	_	_	_	_	_
923-9	PKP048	923	9	lane	lane	_	_	_	_	_	linguistic	_	ContainsVariation=No	_	_	_	_	_	_
923-10	PKP048	923	10	che	che	_	_	_	_	_	linguistic	_	ContainsVariation=No	_	_	_	_	_	_
923-11	PKP048	923	11	le	le	_	_	_	_	_	linguistic	_	ContainsVariation=No	_	_	_	_	_	_
923-12	PKP048	923	12	erano	erano	_	_	_	_	_	linguistic	_	ContainsVariation=No	_	_	_	_	_	_
923-13	PKP048	923	13	rimaste	rimaste	_	_	_	_	_	linguistic	_	ContainsVariation=No	_	_	_	_	_	_
923-14	PKP048	923	14	un	un	_	_	_	_	_	linguistic	_	ContainsVariation=No	_	_	_	_	_	_
923-15	PKP048	923	15	golfi:no	golfino	_	_	_	_	_	linguistic	_	ContainsVariation=No	_	_	4x1	_	_	_
923-16	PKP048	923	16	così	così	_	_	_	_	_	linguistic	_	ContainsVariation=No	_	End=1978.911	_	_	_	_
924-0	PKP048	924	0	finisce	finisce	_	_	_	_	_	linguistic	_	ContainsVariation=No	_	Begin=1979.17	_	_	_	_
924-1	PKP048	924	1	le	le	_	_	_	_	_	linguistic	_	ContainsVariation=No	_	_	_	_	_	_
924-2	PKP048	924	2	coperti:ne.	copertine	_	_	_	_	_	linguistic	_	ContainsVariation=No	Intonation=Falling	_	6x1	_	_	_
924-3	PKP048	924	3	fa	fa	_	_	_	_	_	linguistic	_	ContainsVariation=No	_	_	_	_	_	_
924-4	PKP048	924	4	li	li	_	_	_	_	_	linguistic	_	ContainsVariation=No	_	_	_	_	_	_
924-5	PKP048	924	5	scarpe:tti,	scarpetti	_	_	_	_	_	linguistic	_	ContainsVariation=No	Intonation=WeaklyRising	_	5x1	_	_	_
924-6	PKP048	924	6	mamma	mamma	_	_	_	_	_	linguistic	_	ContainsVariation=No	_	_	_	_	_	_
924-7	PKP048	924	7	mia	mia	_	_	_	_	_	linguistic	_	ContainsVariation=No	_	_	_	_	_	_
924-8	PKP048	924	8	io	io	_	_	_	_	_	linguistic	_	ContainsVariation=No	_	_	_	_	_	_
924-9	PKP048	924	9	non	non	_	_	_	_	_	linguistic	_	ContainsVariation=No	_	_	_	_	_	_
924-10	PKP048	924	10	lo	lo	_	_	_	_	_	linguistic	_	ContainsVariation=No	_	_	_	_	_	_
924-11	PKP048	924	11	so	so	_	_	_	_	_	linguistic	_	ContainsVariation=No	_	End=1982.632	_	_	_	_
925-0	PKP048	925	0	la	la	_	_	_	_	_	linguistic	_	ContainsVariation=No	_	Begin=1984.95	_	_	_	_
925-1	PKP048	925	1	casa	casa	_	_	_	_	_	linguistic	_	ContainsVariation=No	_	_	_	_	_	_
925-2	PKP048	925	2	che	che	_	_	_	_	_	linguistic	_	ContainsVariation=No	_	_	_	_	_	_
925-3	PKP048	925	3	le	le	_	_	_	_	_	linguistic	_	ContainsVariation=No	_	_	_	_	_	_
925-4	PKP048	925	4	sembra	sembra	_	_	_	_	_	linguistic	_	ContainsVariation=No	_	_	_	_	_	_
925-5	PKP048	925	5	il	il	_	_	_	_	_	linguistic	_	ContainsVariation=No	_	_	_	_	_	_
925-6	PKP048	925	6	negozio	negozio	_	_	_	_	_	linguistic	_	ContainsVariation=No	_	_	_	_	_	_
925-7	PKP048	925	7	di	di	_	_	_	_	_	linguistic	_	ContainsVariation=No	_	_	_	_	_	_
925-8	PKP048	925	8	(lili)	lili	_	_	_	_	_	linguistic	_	ContainsVariation=No	_	End=1987.31	_	_	0-4(0)	_
926-0	PKP048	926	0	giu(sto)	giusto	_	_	_	_	_	linguistic	_	ContainsVariation=No	_	Begin=1990.335	_	_	3-6(0)	_
926-1	PKP048	926	1	tu	tu	_	_	_	_	_	linguistic	_	ContainsVariation=No	_	_	_	_	_	_
926-2	PKP048	926	2	non	non	_	_	_	_	_	linguistic	_	ContainsVariation=No	_	_	_	_	_	_
926-3	PKP048	926	3	sai	sai	_	_	_	_	_	linguistic	_	ContainsVariation=No	_	_	_	_	_	_
926-4	PKP048	926	4	chi	chi	_	_	_	_	_	linguistic	_	ContainsVariation=No	_	_	_	_	_	_
926-5	PKP048	926	5	è	è	_	_	_	_	_	linguistic	_	ContainsVariation=No	_	_	_	_	_	_
926-6	PKP048	926	6	(lili)	lili	_	_	_	_	_	linguistic	_	ContainsVariation=No	_	_	_	_	0-4(1)	_
926-7	PKP048	926	7	ma	ma	_	_	_	_	_	linguistic	_	ContainsVariation=No	_	_	_	_	_	_
926-8	PKP048	926	8	tua	tua	_	_	_	_	_	linguistic	_	ContainsVariation=No	_	_	_	_	_	_
926-9	PKP048	926	9	madre	madre	_	_	_	_	_	linguistic	_	ContainsVariation=No	_	_	_	_	_	_
926-10	PKP048	926	10	sa	sa	_	_	_	_	_	linguistic	_	ContainsVariation=No	_	End=1992.75	_	_	_	_
927-0	PKP048	927	0	siamo	siamo	_	_	_	_	_	linguistic	_	ContainsVariation=No	_	Begin=1993.111	_	_	_	_
927-1	PKP048	927	1	andate	andate	_	_	_	_	_	linguistic	_	ContainsVariation=No	_	_	_	_	_	_
927-2	PKP048	927	2	sta[mattina]	stamattina	_	_	_	_	_	linguistic	_	ContainsVariation=No	_	End=1994.28	_	_	_	3-10(223)
928-0	PKP040	928	0	[ecco]	ecco	_	_	_	_	_	linguistic	_	ContainsVariation=No	_	Begin=1993.807|End=1994.28	_	_	_	0-4(223)
929-0	PKP048	929	0	((ride))	((ride))	_	_	_	_	_	nonverbalbehavior	_	ContainsVariation=No	_	Begin=1994.545|End=1995.17	_	_	_	_
930-0	PKP040	930	0	((canta_you_make_me_feel))	((canta_you_make_me_feel))	_	_	_	_	_	nonverbalbehavior	_	ContainsVariation=No	_	Begin=1997.142|End=1998.82	_	_	_	_
931-0	PKP039	931	0	beh	beh	_	_	_	_	_	linguistic	_	ContainsVariation=No	PauseAfter=Yes	Begin=1997.226	_	_	_	_
931-1	PKP039	931	1	(.)	(.)	_	_	_	_	_	shortpause	_	ContainsVariation=No	_	_	_	_	_	_
931-2	PKP039	931	2	sappiamo	sappiamo	_	_	_	_	_	linguistic	_	ContainsVariation=No	_	_	_	_	_	_
931-3	PKP039	931	3	noi	noi	_	_	_	_	_	linguistic	_	ContainsVariation=No	_	End=1998.238	_	_	_	_
932-0	PKP040	932	0	adesso	adesso	_	_	_	_	_	linguistic	_	ContainsVariation=No	_	Begin=2001.307	_	_	_	_
932-1	PKP040	932	1	il	il	_	_	_	_	_	linguistic	_	ContainsVariation=No	_	_	_	_	_	_
932-2	PKP040	932	2	caffè:	caffè	_	_	_	_	_	linguistic	_	ContainsVariation=No	PauseAfter=Yes	_	4x1	_	_	_
932-3	PKP040	932	3	(.)	(.)	_	_	_	_	_	shortpause	_	ContainsVariation=No	_	_	_	_	_	_
932-4	PKP040	932	4	lo	lo	_	_	_	_	_	linguistic	_	ContainsVariation=No	_	_	_	_	_	_
932-5	PKP040	932	5	farai,	farai	_	_	_	_	_	linguistic	_	ContainsVariation=No	Intonation=WeaklyRising	End=2003.38	_	_	_	_
933-0	PKP039	933	0	laura	laura	_	_	_	_	_	linguistic	_	ContainsVariation=No	_	Begin=2003.654|End=2003.968	_	_	_	_
934-0	PKP040	934	0	tu	tu	_	_	_	_	_	linguistic	_	ContainsVariation=No	_	Begin=2004.116	_	_	_	_
934-1	PKP040	934	1	((ride))	((ride))	_	_	_	_	_	nonverbalbehavior	_	ContainsVariation=No	_	End=2004.998	_	_	_	_
935-0	PKP040	935	0	[O]:[:]:H	oh	_	_	_	_	_	linguistic	_	ContainsVariation=No	Volume=high	Begin=2005.542	0x3	_	_	0-1(225)
935-1	PKP040	935	1	TU	tu	_	_	_	_	_	linguistic	_	ContainsVariation=No	Volume=high	End=2008.85	_	_	_	_
936-0	PKP039	936	0	[anzi]	anzi	_	_	_	_	_	linguistic	_	ContainsVariation=No	_	Begin=2005.543|End=2005.97	_	_	_	0-4(225)
937-0	PKP039	937	0	[tu]	tu	_	_	_	_	_	linguistic	_	ContainsVariation=No	_	Begin=2006.351|End=2006.659	_	_	_	0-2(226)
938-0	PKP041	938	0	no:	no	_	_	_	_	_	linguistic	_	ContainsVariation=No	_	Begin=2008.851	1x1	_	_	_
938-1	PKP041	938	1	non	non	_	_	_	_	_	linguistic	_	ContainsVariation=No	_	_	_	_	_	_
938-2	PKP041	938	2	vi	vi	_	_	_	_	_	linguistic	_	ContainsVariation=No	_	_	_	_	_	_
938-3	PKP041	938	3	conviene	conviene	_	_	_	_	_	linguistic	_	ContainsVariation=No	_	End=2009.934	_	_	_	_
939-0	PKP040	939	0	da::[i:::]	dai	_	_	_	_	_	linguistic	_	ContainsVariation=No	_	Begin=2010.037|End=2011.109	1x2,2x3	_	_	2-3(227)
940-0	PKP039	940	0	[alla	alla	_	_	_	_	_	linguistic	_	ContainsVariation=No	_	Begin=2010.638	_	_	_	0-4(227)
940-1	PKP039	940	1	nonna]	nonna	_	_	_	_	_	linguistic	_	ContainsVariation=No	_	_	_	_	_	0-5(227)
940-2	PKP039	940	2	invece	invece	_	_	_	_	_	linguistic	_	ContainsVariation=No	_	_	_	_	_	_
940-3	PKP039	940	3	lo	lo	_	_	_	_	_	linguistic	_	ContainsVariation=No	_	_	_	_	_	_
940-4	PKP039	940	4	fai	fai	_	_	_	_	_	linguistic	_	ContainsVariation=No	_	End=2011.853	_	_	_	_
941-0	PKP040	941	0	x	x	_	_	_	_	_	unknown	_	ContainsVariation=No	Syllables=1	Begin=2011.95	_	_	_	_
941-1	PKP040	941	1	ccata	ccata	_	_	_	_	_	linguistic	_	ContainsVariation=No	_	_	_	_	_	_
941-2	PKP040	941	2	sì	sì	_	_	_	_	_	linguistic	_	ContainsVariation=No	_	End=2013.077	_	_	_	_
942-0	PKP048	942	0	non	non	_	_	_	_	_	linguistic	_	ContainsVariation=No	_	Begin=2012.778	_	_	_	_
942-1	PKP048	942	1	so	so	_	_	_	_	_	linguistic	_	ContainsVariation=No	_	_	_	_	_	_
942-2	PKP048	942	2	come	come	_	_	_	_	_	linguistic	_	ContainsVariation=No	_	_	_	_	_	_
942-3	PKP048	942	3	facevamo	facevamo	_	_	_	_	_	linguistic	_	ContainsVariation=No	_	_	_	_	_	_
942-4	PKP048	942	4	la	la	_	_	_	_	_	linguistic	_	ContainsVariation=No	_	_	_	_	_	_
942-5	PKP048	942	5	co:nta	conta	_	_	_	_	_	linguistic	_	ContainsVariation=No	_	_	1x1	_	_	_
942-6	PKP048	942	6	quando	quando	_	_	_	_	_	linguistic	_	ContainsVariation=No	_	_	_	_	_	_
942-7	PKP048	942	7	eravamo	eravamo	_	_	_	_	_	linguistic	_	ContainsVariation=No	_	_	_	_	_	_
942-8	PKP048	942	8	tutti	tutti	_	_	_	_	_	linguistic	_	ContainsVariation=No	_	_	_	_	_	_
942-9	PKP048	942	9	m[essi	messi	_	_	_	_	_	linguistic	_	ContainsVariation=No	_	_	_	_	_	1-5(?)
942-10	PKP048	942	10	in	in	_	_	_	_	_	linguistic	_	ContainsVariation=No	_	_	_	_	_	0-2(?)
942-11	PKP048	942	11	fi:la]	fila	_	_	_	_	_	linguistic	_	ContainsVariation=No	_	End=2016.55	1x1	_	_	0-4(?)
943-0	PKP040	943	0	[a:h	ah	_	_	_	_	_	linguistic	_	ContainsVariation=No	_	Begin=2015.72	0x1	_	_	0-2(229)
943-1	PKP040	943	1	è	è	_	_	_	_	_	linguistic	_	ContainsVariation=No	_	_	_	_	_	0-1(229)
943-2	PKP040	943	2	ve:ro]	vero	_	_	_	_	_	linguistic	_	ContainsVariation=No	_	_	1x1	_	_	0-4(229)
943-3	PKP040	943	3	dai	dai	_	_	_	_	_	linguistic	_	ContainsVariation=No	_	End=2016.952	_	_	_	_
944-0	PKP048	944	0	eh	eh	_	_	_	_	_	linguistic	_	ContainsVariation=No	PauseAfter=Yes	Begin=2017.051	_	_	_	_
944-1	PKP048	944	1	(.)	(.)	_	_	_	_	_	shortpause	_	ContainsVariation=No	_	_	_	_	_	_
944-2	PKP048	944	2	com'	com'	_	_	_	_	_	linguistic	_	ContainsVariation=No	SpaceAfter=No	_	_	_	_	_
944-3	PKP048	944	3	[e:ra]?	era	_	_	_	_	_	linguistic	_	ContainsVariation=No	Intonation=Rising	End=2018.12	0x1	_	_	0-3(230)
945-0	PKP040	945	0	[parti	parti	_	_	_	_	_	linguistic	_	ContainsVariation=No	_	Begin=2017.616	_	_	_	0-5(230)
945-1	PKP040	945	1	da]	da	_	_	_	_	_	linguistic	_	ContainsVariation=No	_	_	_	_	_	0-2(230)
945-2	PKP040	945	2	te:	te	_	_	_	_	_	linguistic	_	ContainsVariation=No	_	End=2018.466	1x1	_	_	_
946-0	PKP048	946	0	quando	quando	_	_	_	_	_	linguistic	_	ContainsVariation=No	_	Begin=2018.52	_	_	_	_
946-1	PKP048	946	1	andavamo	andavamo	_	_	_	_	_	linguistic	_	ContainsVariation=No	_	_	_	_	_	_
946-2	PKP048	946	2	a	a	_	_	_	_	_	linguistic	_	ContainsVariation=No	_	_	_	_	_	_
946-3	PKP048	946	3	scuola	scuola	_	_	_	_	_	linguistic	_	ContainsVariation=No	_	_	_	_	_	_
946-4	PKP048	946	4	n[o:i:]	noi	_	_	_	_	_	linguistic	_	ContainsVariation=No	_	End=2020.242	1x1,2x1	_	_	1-3(231)
947-0	PKP041	947	0	[ma	ma	_	_	_	_	_	linguistic	_	ContainsVariation=No	_	Begin=2019.809	_	_	_	0-2(231)
947-1	PKP041	947	1	es]cludi	escludi	_	_	_	_	_	linguistic	_	ContainsVariation=No	_	_	_	_	_	0-2(231)
947-2	PKP041	947	2	me	me	_	_	_	_	_	linguistic	_	ContainsVariation=No	_	_	_	_	_	_
947-3	PKP041	947	3	e	e	_	_	_	_	_	linguistic	_	ContainsVariation=No	_	_	_	_	_	_
947-4	PKP041	947	4	la	la	_	_	_	_	_	linguistic	_	ContainsVariation=No	_	_	_	_	_	_
947-5	PKP041	947	5	nonna	nonna	_	_	_	_	_	linguistic	_	ContainsVariation=No	_	_	_	_	_	_
947-6	PKP041	947	6	dalla	dalla	_	_	_	_	_	linguistic	_	ContainsVariation=No	_	_	_	_	_	_
947-7	PKP041	947	7	conta:	conta	_	_	_	_	_	linguistic	_	ContainsVariation=No	_	End=2021.979	4x1	_	_	_
948-0	PKP040	948	0	((ride))	((ride))	_	_	_	_	_	nonverbalbehavior	_	ContainsVariation=No	_	Begin=2021.469	_	_	_	_
948-1	PKP040	948	1	che	che	_	_	_	_	_	linguistic	_	ContainsVariation=No	_	_	_	_	_	_
948-2	PKP040	948	2	escludi	escludi	_	_	_	_	_	linguistic	_	ContainsVariation=No	_	End=2022.82	_	_	_	_
949-0	PKP040	949	0	una	una	_	_	_	_	_	linguistic	_	ContainsVariation=No	_	Begin=2023.129	_	_	_	_
949-1	PKP040	949	1	cosa	cosa	_	_	_	_	_	linguistic	_	ContainsVariation=No	_	_	_	_	_	_
949-2	PKP040	949	2	[non	non	_	_	_	_	_	linguistic	_	ContainsVariation=No	_	_	_	_	_	0-3(233)
949-3	PKP040	949	3	la	la	_	_	_	_	_	linguistic	_	ContainsVariation=No	_	_	_	_	_	0-2(233)
949-4	PKP040	949	4	puoi	puoi	_	_	_	_	_	linguistic	_	ContainsVariation=No	_	_	_	_	_	0-4(233)
949-5	PKP040	949	5	fare]	fare	_	_	_	_	_	linguistic	_	ContainsVariation=No	_	End=2024.392	_	_	_	0-4(233)
950-0	PKP048	950	0	[ai	ai	_	_	_	_	_	linguistic	_	ContainsVariation=No	_	Begin=2023.675	_	_	_	0-2(233)
950-1	PKP048	950	1	miei	miei	_	_	_	_	_	linguistic	_	ContainsVariation=No	_	_	_	_	_	0-4(233)
950-2	PKP048	950	2	tempi]	tempi	_	_	_	_	_	linguistic	_	ContainsVariation=No	_	_	_	_	_	0-5(233)
950-3	PKP048	950	3	[quello	quello	_	_	_	_	_	linguistic	_	ContainsVariation=No	_	_	_	_	_	0-6(234)
950-4	PKP048	950	4	e]ra	era	_	_	_	_	_	linguistic	_	ContainsVariation=No	_	_	_	_	_	0-1(234)
950-5	PKP048	950	5	paolo	paolo	_	_	_	_	_	linguistic	_	ContainsVariation=No	_	End=2025.566	_	_	_	_
951-0	PKP041	951	0	[no]	no	_	_	_	_	_	linguistic	_	ContainsVariation=No	_	Begin=2024.516|End=2024.88	_	_	_	0-2(234)
952-0	PKP048	952	0	non	non	_	_	_	_	_	linguistic	_	ContainsVariation=No	_	Begin=2026.125	_	_	_	_
952-1	PKP048	952	1	c'	c'	_	_	_	_	_	linguistic	_	ContainsVariation=No	SpaceAfter=No	_	_	_	_	_
952-2	PKP048	952	2	era	era	_	_	_	_	_	linguistic	_	ContainsVariation=No	_	_	_	_	_	_
952-3	PKP048	952	3	televisione	televisione	_	_	_	_	_	linguistic	_	ContainsVariation=No	_	_	_	_	_	_
952-4	PKP048	952	4	non	non	_	_	_	_	_	linguistic	_	ContainsVariation=No	_	_	_	_	_	_
952-5	PKP048	952	5	c'	c'	_	_	_	_	_	linguistic	_	ContainsVariation=No	SpaceAfter=No	_	_	_	_	_
952-6	PKP048	952	6	era	era	_	_	_	_	_	linguistic	_	ContainsVariation=No	_	_	_	_	_	_
952-7	PKP048	952	7	niente	niente	_	_	_	_	_	linguistic	_	ContainsVariation=No	_	End=2028.303	_	_	_	_
953-0	PKP048	953	0	neanche	neanche	_	_	_	_	_	linguistic	_	ContainsVariation=No	_	Begin=2029.019	_	_	_	_
953-1	PKP048	953	1	i	i	_	_	_	_	_	linguistic	_	ContainsVariation=No	_	_	_	_	_	_
953-2	PKP048	953	2	giornali	giornali	_	_	_	_	_	linguistic	_	ContainsVariation=No	_	End=2029.973	_	_	_	_
954-0	PKP040	954	0	devi	devi	_	_	_	_	_	linguistic	_	ContainsVariation=No	_	Begin=2030.041	_	_	_	_
954-1	PKP040	954	1	andare	andare	_	_	_	_	_	linguistic	_	ContainsVariation=No	_	_	_	_	_	_
954-2	PKP040	954	2	a	a	_	_	_	_	_	linguistic	_	ContainsVariation=No	_	_	_	_	_	_
954-3	PKP040	954	3	farti	farti	_	_	_	_	_	linguistic	_	ContainsVariation=No	_	_	_	_	_	_
954-4	PKP040	954	4	la	la	_	_	_	_	_	linguistic	_	ContainsVariation=No	_	_	_	_	_	_
954-5	PKP040	954	5	do::[ccia]	doccia	_	_	_	_	_	linguistic	_	ContainsVariation=No	_	End=2031.46	1x2	_	_	2-6(235)
955-0	PKP039	955	0	[po:]i	poi	_	_	_	_	_	linguistic	_	ContainsVariation=No	_	Begin=2031.234|End=2031.68	1x1	_	_	0-2(235)
956-0	PKP039	956	0	sor[se]	sorse	_	_	_	_	_	linguistic	_	ContainsVariation=No	_	Begin=2032.015|End=2032.68	_	_	_	3-5(236)
957-0	PKP041	957	0	[oh	oh	_	_	_	_	_	linguistic	_	ContainsVariation=No	_	Begin=2032.181	_	_	_	0-2(236)
957-1	PKP041	957	1	no]	no	_	_	_	_	_	linguistic	_	ContainsVariation=No	_	_	_	_	_	0-2(236)
957-2	PKP041	957	2	xx	xx	_	_	_	_	_	unknown	_	ContainsVariation=No	Syllables=2	_	_	_	_	_
957-3	PKP041	957	3	selezione	selezione	_	_	_	_	_	linguistic	_	ContainsVariation=No	_	_	_	_	_	_
957-4	PKP041	957	4	[il	il	_	_	_	_	_	linguistic	_	ContainsVariation=No	_	_	_	_	_	0-2(237)
957-5	PKP041	957	5	xx	xx	_	_	_	_	_	unknown	_	ContainsVariation=No	Syllables=2	_	_	_	_	0-2(237)
957-6	PKP041	957	6	delle	delle	_	_	_	_	_	linguistic	_	ContainsVariation=No	_	_	_	_	_	0-5(237)
957-7	PKP041	957	7	m]ie	mie	_	_	_	_	_	linguistic	_	ContainsVariation=No	_	_	_	_	_	0-1(237)
957-8	PKP041	957	8	sopracciglia	sopracciglia	_	_	_	_	_	linguistic	_	ContainsVariation=No	_	_	_	_	_	_
957-9	PKP041	957	9	(santa)	santa	_	_	_	_	_	linguistic	_	ContainsVariation=No	_	End=2035.748	_	_	0-5(0)	_
958-0	PKP039	958	0	[di	di	_	_	_	_	_	linguistic	_	ContainsVariation=No	_	Begin=2033.6	_	_	_	0-2(237)
958-1	PKP039	958	1	più]	più	_	_	_	_	_	linguistic	_	ContainsVariation=No	_	End=2034.156	_	_	_	0-3(237)
959-0	PKP040	959	0	((ride))	((ride))	_	_	_	_	_	nonverbalbehavior	_	ContainsVariation=No	_	Begin=2034.579|End=2037.111	_	_	_	_
960-0	PKP040	960	0	è	è	_	_	_	_	_	linguistic	_	ContainsVariation=No	_	Begin=2037.23	_	_	_	_
960-1	PKP040	960	1	perché	perché	_	_	_	_	_	linguistic	_	ContainsVariation=No	_	_	_	_	_	_
960-2	PKP040	960	2	tu:	tu	_	_	_	_	_	linguistic	_	ContainsVariation=No	_	End=2037.98	1x1	_	_	_
961-0	PKP040	961	0	rei:teri	reiteri	_	_	_	_	_	linguistic	_	ContainsVariation=No	_	Begin=2038.53	2x1	_	_	_
961-1	PKP040	961	1	capito	capito	_	_	_	_	_	linguistic	_	ContainsVariation=No	PauseAfter=Yes	_	_	_	_	_
961-2	PKP040	961	2	(.)	(.)	_	_	_	_	_	shortpause	_	ContainsVariation=No	_	_	_	_	_	_
961-3	PKP040	961	3	nel~	nel~	_	_	_	_	_	linguistic	_	ContainsVariation=No	Interrupted=Yes	_	_	_	_	_
961-4	PKP040	961	4	n[ell'	nell'	_	_	_	_	_	linguistic	_	ContainsVariation=No	SpaceAfter=No	_	_	_	_	1-5(239)
961-5	PKP040	961	5	erro]:re	errore	_	_	_	_	_	linguistic	_	ContainsVariation=No	_	End=2041.33	3x1	_	_	0-4(239)
962-0	PKP041	962	0	[x::]	x	_	_	_	_	_	linguistic	_	ContainsVariation=No	_	Begin=2040.295|End=2040.827	0x2	_	_	0-1(239)
963-0	PKP040	963	0	e	e	_	_	_	_	_	linguistic	_	ContainsVariation=No	_	Begin=2043.715	_	_	_	_
963-1	PKP040	963	1	questo	questo	_	_	_	_	_	linguistic	_	ContainsVariation=No	_	_	_	_	_	_
963-2	PKP040	963	2	me	me	_	_	_	_	_	linguistic	_	ContainsVariation=No	_	_	_	_	_	_
963-3	PKP040	963	3	lo	lo	_	_	_	_	_	linguistic	_	ContainsVariation=No	_	_	_	_	_	_
963-4	PKP040	963	4	spiega(te)	spiegate	_	_	_	_	_	linguistic	_	ContainsVariation=No	_	End=2045.4	_	_	6-8(0)	_
964-0	PKP048	964	0	a:h	ah	_	_	_	_	_	linguistic	_	ContainsVariation=No	_	Begin=2045.722	0x1	_	_	_
964-1	PKP048	964	1	quanto	quanto	_	_	_	_	_	linguistic	_	ContainsVariation=No	_	_	_	_	_	_
964-2	PKP048	964	2	mi	mi	_	_	_	_	_	linguistic	_	ContainsVariation=No	_	_	_	_	_	_
964-3	PKP048	964	3	piace	piace	_	_	_	_	_	linguistic	_	ContainsVariation=No	_	_	_	_	_	_
964-4	PKP048	964	4	questo	questo	_	_	_	_	_	linguistic	_	ContainsVariation=No	_	_	_	_	_	_
964-5	PKP048	964	5	qua:	qua	_	_	_	_	_	linguistic	_	ContainsVariation=No	_	End=2047.93	2x1	_	_	_
965-0	PKP048	965	0	quando	quando	_	_	_	_	_	linguistic	_	ContainsVariation=No	_	Begin=2048.158	_	_	_	_
965-1	PKP048	965	1	cammina	cammina	_	_	_	_	_	linguistic	_	ContainsVariation=No	_	_	_	_	_	_
965-2	PKP048	965	2	nel	nel	_	_	_	_	_	linguistic	_	ContainsVariation=No	_	_	_	_	_	_
965-3	PKP048	965	3	tappe:to	tappeto	_	_	_	_	_	linguistic	_	ContainsVariation=No	_	_	4x1	_	_	_
965-4	PKP048	965	4	laggi[ù]	laggiù	_	_	_	_	_	linguistic	_	ContainsVariation=No	_	End=2050.17	_	_	_	5-6(240)
966-0	PKP040	966	0	[non]	non	_	_	_	_	_	linguistic	_	ContainsVariation=No	_	Begin=2050.06	_	_	_	0-3(240)
966-1	PKP040	966	1	l'	l'	_	_	_	_	_	linguistic	_	ContainsVariation=No	SpaceAfter=No	_	_	_	_	_
966-2	PKP040	966	2	ho	ho	_	_	_	_	_	linguistic	_	ContainsVariation=No	_	_	_	_	_	_
966-3	PKP040	966	3	mai	mai	_	_	_	_	_	linguistic	_	ContainsVariation=No	_	_	_	_	_	_
966-4	PKP040	966	4	vi:sto	visto	_	_	_	_	_	linguistic	_	ContainsVariation=No	_	_	1x1	_	_	_
966-5	PKP040	966	5	chi	chi	_	_	_	_	_	linguistic	_	ContainsVariation=No	_	_	_	_	_	_
966-6	PKP040	966	6	è?	è	_	_	_	_	_	linguistic	_	ContainsVariation=No	Intonation=Rising	_	_	_	_	_
966-7	PKP040	966	7	i	i	_	_	_	_	_	linguistic	_	ContainsVariation=No	_	_	_	_	_	_
966-8	PKP040	966	8	sofficini::	sofficini	_	_	_	_	_	linguistic	_	ContainsVariation=No	_	End=2052.188	8x2	_	_	_
967-0	PKP048	967	0	non	non	_	_	_	_	_	linguistic	_	ContainsVariation=No	_	Begin=2052.274	_	_	_	_
967-1	PKP048	967	1	l'	l'	_	_	_	_	_	linguistic	_	ContainsVariation=No	SpaceAfter=No	_	_	_	_	_
967-2	PKP048	967	2	hai	hai	_	_	_	_	_	linguistic	_	ContainsVariation=No	_	_	_	_	_	_
967-3	PKP048	967	3	visto	visto	_	_	_	_	_	linguistic	_	ContainsVariation=No	_	_	_	_	_	_
967-4	PKP048	967	4	mai:?	mai	_	_	_	_	_	linguistic	_	ContainsVariation=No	Intonation=Rising	End=2053.369	2x1	_	_	_
968-0	PKP040	968	0	no	no	_	_	_	_	_	linguistic	_	ContainsVariation=No	_	Begin=2056.766|End=2057.11	_	_	_	_
969-0	PKP040	969	0	è	è	_	_	_	_	_	linguistic	_	ContainsVariation=No	_	Begin=2057.649	_	_	_	_
969-1	PKP040	969	1	la	la	_	_	_	_	_	linguistic	_	ContainsVariation=No	_	_	_	_	_	_
969-2	PKP040	969	2	prima	prima	_	_	_	_	_	linguistic	_	ContainsVariation=No	_	_	_	_	_	_
969-3	PKP040	969	3	volta	volta	_	_	_	_	_	linguistic	_	ContainsVariation=No	_	_	_	_	_	_
969-4	PKP040	969	4	che	che	_	_	_	_	_	linguistic	_	ContainsVariation=No	_	_	_	_	_	_
969-5	PKP040	969	5	lo	lo	_	_	_	_	_	linguistic	_	ContainsVariation=No	_	_	_	_	_	_
969-6	PKP040	969	6	ve[do]	vedo	_	_	_	_	_	linguistic	_	ContainsVariation=No	_	End=2058.8	_	_	_	2-4(241)
970-0	PKP048	970	0	[eh]	eh	_	_	_	_	_	linguistic	_	ContainsVariation=No	_	Begin=2058.62	_	_	_	0-2(241)
970-1	PKP048	970	1	eh	eh	_	_	_	_	_	linguistic	_	ContainsVariation=No	_	_	_	_	_	_
970-2	PKP048	970	2	eh	eh	_	_	_	_	_	linguistic	_	ContainsVariation=No	_	_	_	_	_	_
970-3	PKP048	970	3	allora:	allora	_	_	_	_	_	linguistic	_	ContainsVariation=No	_	_	5x1	_	_	_
970-4	PKP048	970	4	sei	sei	_	_	_	_	_	linguistic	_	ContainsVariation=No	_	_	_	_	_	_
970-5	PKP048	970	5	indietro	indietro	_	_	_	_	_	linguistic	_	ContainsVariation=No	_	_	_	_	_	_
970-6	PKP048	970	6	figlia	figlia	_	_	_	_	_	linguistic	_	ContainsVariation=No	_	End=2060.938	_	_	_	_
971-0	PKP040	971	0	x	x	_	_	_	_	_	unknown	_	ContainsVariation=No	Syllables=1	Begin=2064.17|End=2064.533	_	_	_	_
972-0	PKP039	972	0	x	x	_	_	_	_	_	unknown	_	ContainsVariation=No	Syllables=1	Begin=2064.706|End=2065.007	_	_	_	_
973-0	PKP039	973	0	dove	dove	_	_	_	_	_	linguistic	_	ContainsVariation=No	_	Begin=2065.281	_	_	_	_
973-1	PKP039	973	1	l'	l'	_	_	_	_	_	linguistic	_	ContainsVariation=No	SpaceAfter=No	_	_	_	_	_
973-2	PKP039	973	2	ha	ha	_	_	_	_	_	linguistic	_	ContainsVariation=No	_	_	_	_	_	_
973-3	PKP039	973	3	visto?	visto	_	_	_	_	_	linguistic	_	ContainsVariation=No	Intonation=Rising	End=2065.773	_	_	_	_
974-0	PKP041	974	0	eccolo	eccolo	_	_	_	_	_	linguistic	_	ContainsVariation=No	_	Begin=2066.312|End=2066.822	_	_	_	_
975-0	PKP040	975	0	e:ccolo	eccolo	_	_	_	_	_	linguistic	_	ContainsVariation=No	PauseAfter=Yes	Begin=2066.822	0x1	_	_	_
975-1	PKP040	975	1	(.)	(.)	_	_	_	_	_	shortpause	_	ContainsVariation=No	_	_	_	_	_	_
975-2	PKP040	975	2	alla	alla	_	_	_	_	_	linguistic	_	ContainsVariation=No	_	_	_	_	_	_
975-3	PKP040	975	3	televisione	televisione	_	_	_	_	_	linguistic	_	ContainsVariation=No	_	End=2068.222	_	_	_	_
976-0	PKP048	976	0	dappertutto	dappertutto	_	_	_	_	_	linguistic	_	ContainsVariation=No	_	Begin=2068.806	_	_	_	_
976-1	PKP048	976	1	io	io	_	_	_	_	_	linguistic	_	ContainsVariation=No	_	_	_	_	_	_
976-2	PKP048	976	2	adesso	adesso	_	_	_	_	_	linguistic	_	ContainsVariation=No	_	_	_	_	_	_
976-3	PKP048	976	3	è	è	_	_	_	_	_	linguistic	_	ContainsVariation=No	_	_	_	_	_	_
976-4	PKP048	976	4	un	un	_	_	_	_	_	linguistic	_	ContainsVariation=No	_	_	_	_	_	_
976-5	PKP048	976	5	periodo	periodo	_	_	_	_	_	linguistic	_	ContainsVariation=No	_	_	_	_	_	_
976-6	PKP048	976	6	alla	alla	_	_	_	_	_	linguistic	_	ContainsVariation=No	_	_	_	_	_	_
976-7	PKP048	976	7	sera	sera	_	_	_	_	_	linguistic	_	ContainsVariation=No	_	_	_	_	_	_
976-8	PKP048	976	8	quando	quando	_	_	_	_	_	linguistic	_	ContainsVariation=No	_	_	_	_	_	_
976-9	PKP048	976	9	mi	mi	_	_	_	_	_	linguistic	_	ContainsVariation=No	_	_	_	_	_	_
976-10	PKP048	976	10	vedo	vedo	_	_	_	_	_	linguistic	_	ContainsVariation=No	_	_	_	_	_	_
976-11	PKP048	976	11	rosa:rio	rosario	_	_	_	_	_	linguistic	_	ContainsVariation=No	_	_	3x1	_	_	_
976-12	PKP048	976	12	alle	alle	_	_	_	_	_	linguistic	_	ContainsVariation=No	_	_	_	_	_	_
976-13	PKP048	976	13	sei	sei	_	_	_	_	_	linguistic	_	ContainsVariation=No	_	End=2072.947	_	_	_	_
977-0	PKP048	977	0	poi	poi	_	_	_	_	_	linguistic	_	ContainsVariation=No	_	Begin=2073.331	_	_	_	_
977-1	PKP048	977	1	mi	mi	_	_	_	_	_	linguistic	_	ContainsVariation=No	_	_	_	_	_	_
977-2	PKP048	977	2	vedo:	vedo	_	_	_	_	_	linguistic	_	ContainsVariation=No	_	_	3x1	_	_	_
977-3	PKP048	977	3	il:	il	_	_	_	_	_	linguistic	_	ContainsVariation=No	_	_	1x1	_	_	_
977-4	PKP048	977	4	tele~	tele~	_	_	_	_	_	linguistic	_	ContainsVariation=No	Interrupted=Yes	_	_	_	_	_
977-5	PKP048	977	5	cioè	cioè	_	_	_	_	_	linguistic	_	ContainsVariation=No	_	_	_	_	_	_
977-6	PKP048	977	6	sono	sono	_	_	_	_	_	linguistic	_	ContainsVariation=No	_	_	_	_	_	_
977-7	PKP048	977	7	che	che	_	_	_	_	_	linguistic	_	ContainsVariation=No	_	_	_	_	_	_
977-8	PKP048	977	8	lavoro	lavoro	_	_	_	_	_	linguistic	_	ContainsVariation=No	_	_	_	_	_	_
977-9	PKP048	977	9	eh	eh	_	_	_	_	_	linguistic	_	ContainsVariation=No	_	End=2076.15	_	_	_	_
978-0	PKP048	978	0	sono	sono	_	_	_	_	_	linguistic	_	ContainsVariation=No	_	Begin=2076.606	_	_	_	_
978-1	PKP048	978	1	seduta	seduta	_	_	_	_	_	linguistic	_	ContainsVariation=No	_	End=2077.463	_	_	_	_
979-0	PKP048	979	0	e	e	_	_	_	_	_	linguistic	_	ContainsVariation=No	_	Begin=2078.379	_	_	_	_
979-1	PKP048	979	1	poi	poi	_	_	_	_	_	linguistic	_	ContainsVariation=No	_	_	_	_	_	_
979-2	PKP048	979	2	mi	mi	_	_	_	_	_	linguistic	_	ContainsVariation=No	_	_	_	_	_	_
979-3	PKP048	979	3	vedo	vedo	_	_	_	_	_	linguistic	_	ContainsVariation=No	_	_	_	_	_	_
979-4	PKP048	979	4	il	il	_	_	_	_	_	linguistic	_	ContainsVariation=No	_	_	_	_	_	_
979-5	PKP048	979	5	telegiornale	telegiornale	_	_	_	_	_	linguistic	_	ContainsVariation=No	_	_	_	_	_	_
979-6	PKP048	979	6	s~	s~	_	_	_	_	_	linguistic	_	ContainsVariation=No	Interrupted=Yes	_	_	_	_	_
979-7	PKP048	979	7	sempre	sempre	_	_	_	_	_	linguistic	_	ContainsVariation=No	_	_	_	_	_	_
979-8	PKP048	979	8	su	su	_	_	_	_	_	linguistic	_	ContainsVariation=No	_	_	_	_	_	_
979-9	PKP048	979	9	duemila:,	duemila	_	_	_	_	_	linguistic	_	ContainsVariation=No	Intonation=WeaklyRising	End=2081.498	6x1	_	_	_
980-0	PKP048	980	0	c'	c'	_	_	_	_	_	linguistic	_	ContainsVariation=No	SpaceAfter=No	Begin=2081.684	_	_	_	_
980-1	PKP048	980	1	è	è	_	_	_	_	_	linguistic	_	ContainsVariation=No	_	_	_	_	_	_
980-2	PKP048	980	2	pure	pure	_	_	_	_	_	linguistic	_	ContainsVariation=No	_	_	_	_	_	_
980-3	PKP048	980	3	questa	questa	_	_	_	_	_	linguistic	_	ContainsVariation=No	_	_	_	_	_	_
980-4	PKP048	980	4	pubblicità:,	pubblicità	_	_	_	_	_	linguistic	_	ContainsVariation=No	Intonation=WeaklyRising	End=2083.364	9x1	_	_	_
981-0	PKP048	981	0	dopo	dopo	_	_	_	_	_	linguistic	_	ContainsVariation=No	_	Begin=2084.579	_	_	_	_
981-1	PKP048	981	1	il	il	_	_	_	_	_	linguistic	_	ContainsVariation=No	_	_	_	_	_	_
981-2	PKP048	981	2	telegiornale	telegiornale	_	_	_	_	_	linguistic	_	ContainsVariation=No	_	_	_	_	_	_
981-3	PKP048	981	3	passo	passo	_	_	_	_	_	linguistic	_	ContainsVariation=No	_	_	_	_	_	_
981-4	PKP048	981	4	mi	mi	_	_	_	_	_	linguistic	_	ContainsVariation=No	_	_	_	_	_	_
981-5	PKP048	981	5	faccio	faccio	_	_	_	_	_	linguistic	_	ContainsVariation=No	_	_	_	_	_	_
981-6	PKP048	981	6	la	la	_	_	_	_	_	linguistic	_	ContainsVariation=No	_	_	_	_	_	_
981-7	PKP048	981	7	messa,	messa	_	_	_	_	_	linguistic	_	ContainsVariation=No	Intonation=WeaklyRising	End=2087.288	_	_	_	_
982-0	PKP040	982	0	((tossisce))	((tossisce))	_	_	_	_	_	nonverbalbehavior	_	ContainsVariation=No	_	Begin=2088.158|End=2088.896	_	_	_	_
983-0	PKP048	983	0	cambiano	cambiano	_	_	_	_	_	linguistic	_	ContainsVariation=No	_	Begin=2089.752	_	_	_	_
983-1	PKP048	983	1	sempre:::	sempre	_	_	_	_	_	linguistic	_	ContainsVariation=No	_	End=2091.322	5x3	_	_	_
984-0	PKP048	984	0	cattedrale	cattedrale	_	_	_	_	_	linguistic	_	ContainsVariation=No	_	Begin=2092.292|End=2093.112	_	_	_	_
985-0	PKP040	985	0	((canticchia_pubblicità))	((canticchia_pubblicità))	_	_	_	_	_	nonverbalbehavior	_	ContainsVariation=No	_	Begin=2095.755|End=2097.06	_	_	_	_
986-0	PKP048	986	0	ieri	ieri	_	_	_	_	_	linguistic	_	ContainsVariation=No	_	Begin=2096.989	_	_	_	_
986-1	PKP048	986	1	sera	sera	_	_	_	_	_	linguistic	_	ContainsVariation=No	_	_	_	_	_	_
986-2	PKP048	986	2	no	no	_	_	_	_	_	linguistic	_	ContainsVariation=No	_	_	_	_	_	_
986-3	PKP048	986	3	x[xx]	xxx	_	_	_	_	_	unknown	_	ContainsVariation=No	Syllables=3	End=2098.62	_	_	_	1-3(257)
987-0	PKP040	987	0	((canticchia_pubblicità))	((canticchia_pubblicità))	_	_	_	_	_	nonverbalbehavior	_	ContainsVariation=No	_	Begin=2097.723|End=2098.857	_	_	_	_
988-0	PKP039	988	0	[>pi	pi	_	_	_	_	_	linguistic	_	ContainsVariation=No	_	Begin=2098.035	_	Fast=0-2(0)	_	0-2(257)
988-1	PKP039	988	1	ri	ri	_	_	_	_	_	linguistic	_	ContainsVariation=No	_	_	_	Fast=0-2(0)	_	0-2(257)
988-2	PKP039	988	2	pi<]	pi	_	_	_	_	_	linguistic	_	ContainsVariation=No	_	End=2098.555	_	Fast=0-2(0)	_	0-2(257)
989-0	PKP048	989	0	avevo	avevo	_	_	_	_	_	linguistic	_	ContainsVariation=No	_	Begin=2099.865	_	_	_	_
989-1	PKP048	989	1	altro	altro	_	_	_	_	_	linguistic	_	ContainsVariation=No	_	_	_	_	_	_
989-2	PKP048	989	2	da	da	_	_	_	_	_	linguistic	_	ContainsVariation=No	_	_	_	_	_	_
989-3	PKP048	989	3	fa:re	fare	_	_	_	_	_	linguistic	_	ContainsVariation=No	_	_	1x1	_	_	_
989-4	PKP048	989	4	ieri	ieri	_	_	_	_	_	linguistic	_	ContainsVariation=No	_	_	_	_	_	_
989-5	PKP048	989	5	sera	sera	_	_	_	_	_	linguistic	_	ContainsVariation=No	_	End=2102.045	_	_	_	_
990-0	PKP041	990	0	(m)beh	mbeh	_	_	_	_	_	linguistic	_	ContainsVariation=No	_	Begin=2105.39|End=2105.831	_	_	0-1(0)	_
991-0	PKP040	991	0	ba:sta	basta	_	_	_	_	_	linguistic	_	ContainsVariation=No	_	Begin=2106.42	1x1	_	_	_
991-1	PKP040	991	1	dai	dai	_	_	_	_	_	linguistic	_	ContainsVariation=No	_	End=2107.235	_	_	_	_
992-0	PKP040	992	0	caffè	caffè	_	_	_	_	_	linguistic	_	ContainsVariation=No	_	Begin=2107.475	_	_	_	_
992-1	PKP040	992	1	(io	io	_	_	_	_	_	linguistic	_	ContainsVariation=No	_	_	_	_	0-2(0)	_
992-2	PKP040	992	2	non	non	_	_	_	_	_	linguistic	_	ContainsVariation=No	_	_	_	_	0-3(0)	_
992-3	PKP040	992	3	c'	c'	_	_	_	_	_	linguistic	_	ContainsVariation=No	SpaceAfter=No	_	_	_	0-2(0)	_
992-4	PKP040	992	4	ho	ho	_	_	_	_	_	linguistic	_	ContainsVariation=No	_	_	_	_	0-2(0)	_
992-5	PKP040	992	5	voglia)	voglia	_	_	_	_	_	linguistic	_	ContainsVariation=No	_	End=2108.53	_	_	0-6(0)	_
993-0	PKP048	993	0	faccio	faccio	_	_	_	_	_	linguistic	_	ContainsVariation=No	_	Begin=2109.069	_	_	_	_
993-1	PKP048	993	1	i[o]?	io	_	_	_	_	_	linguistic	_	ContainsVariation=No	Intonation=Rising	End=2109.886	_	_	_	1-2(243)
994-0	PKP040	994	0	[xx]xxx	xxxxx	_	_	_	_	_	unknown	_	ContainsVariation=No	Syllables=5	Begin=2109.57	_	_	_	0-2(243)
994-1	PKP040	994	1	questo	questo	_	_	_	_	_	linguistic	_	ContainsVariation=No	_	_	_	_	_	_
994-2	PKP040	994	2	(no:	no	_	_	_	_	_	linguistic	_	ContainsVariation=No	_	_	1x1	_	0-2(0)	_
994-3	PKP040	994	3	no:)	no	_	_	_	_	_	linguistic	_	ContainsVariation=No	_	End=2111.03	1x1	_	0-2(0)	_
995-0	PKP048	995	0	impara	impara	_	_	_	_	_	linguistic	_	ContainsVariation=No	_	Begin=2113.065	_	_	_	_
995-1	PKP048	995	1	almeno	almeno	_	_	_	_	_	linguistic	_	ContainsVariation=No	_	_	_	_	_	_
995-2	PKP048	995	2	a	a	_	_	_	_	_	linguistic	_	ContainsVariation=No	_	_	_	_	_	_
995-3	PKP048	995	3	fare	fare	_	_	_	_	_	linguistic	_	ContainsVariation=No	_	_	_	_	_	_
995-4	PKP048	995	4	un	un	_	_	_	_	_	linguistic	_	ContainsVariation=No	_	_	_	_	_	_
995-5	PKP048	995	5	caffè::	caffè	_	_	_	_	_	linguistic	_	ContainsVariation=No	_	End=2115.029	4x2	_	_	_
996-0	PKP041	996	0	lo	lo	_	_	_	_	_	linguistic	_	ContainsVariation=No	_	Begin=2115.282	_	_	_	_
996-1	PKP041	996	1	so	so	_	_	_	_	_	linguistic	_	ContainsVariation=No	_	_	_	_	_	_
996-2	PKP041	996	2	fa:re	fare	_	_	_	_	_	linguistic	_	ContainsVariation=No	_	_	1x1	_	_	_
996-3	PKP041	996	3	i	i	_	_	_	_	_	linguistic	_	ContainsVariation=No	_	_	_	_	_	_
996-4	PKP041	996	4	caffè:	caffè	_	_	_	_	_	linguistic	_	ContainsVariation=No	_	_	4x1	_	_	_
996-5	PKP041	996	5	è	è	_	_	_	_	_	linguistic	_	ContainsVariation=No	_	_	_	_	_	_
996-6	PKP041	996	6	che	che	_	_	_	_	_	linguistic	_	ContainsVariation=No	_	_	_	_	_	_
996-7	PKP041	996	7	non	non	_	_	_	_	_	linguistic	_	ContainsVariation=No	_	_	_	_	_	_
996-8	PKP041	996	8	ho	ho	_	_	_	_	_	linguistic	_	ContainsVariation=No	_	_	_	_	_	_
996-9	PKP041	996	9	v[o:glia]	voglia	_	_	_	_	_	linguistic	_	ContainsVariation=No	_	End=2117.22	1x1	_	_	1-6(244)
997-0	PKP040	997	0	[lei	lei	_	_	_	_	_	linguistic	_	ContainsVariation=No	_	Begin=2116.787	_	_	_	0-3(244)
997-1	PKP040	997	1	non	non	_	_	_	_	_	linguistic	_	ContainsVariation=No	_	_	_	_	_	0-3(244)
997-2	PKP040	997	2	ha]	ha	_	_	_	_	_	linguistic	_	ContainsVariation=No	_	_	_	_	_	0-2(244)
997-3	PKP040	997	3	voglia	voglia	_	_	_	_	_	linguistic	_	ContainsVariation=No	PauseAfter=Yes	_	_	_	_	_
997-4	PKP040	997	4	(.)	(.)	_	_	_	_	_	shortpause	_	ContainsVariation=No	_	_	_	_	_	_
997-5	PKP040	997	5	nonna	nonna	_	_	_	_	_	linguistic	_	ContainsVariation=No	PauseAfter=Yes	_	_	_	_	_
997-6	PKP040	997	6	(.)	(.)	_	_	_	_	_	shortpause	_	ContainsVariation=No	_	_	_	_	_	_
997-7	PKP040	997	7	è	è	_	_	_	_	_	linguistic	_	ContainsVariation=No	_	_	_	_	_	_
997-8	PKP040	997	8	molto:	molto	_	_	_	_	_	linguistic	_	ContainsVariation=No	_	_	4x1	_	_	_
997-9	PKP040	997	9	(evi[dente)]	evidente	_	_	_	_	_	linguistic	_	ContainsVariation=No	_	End=2119.66	_	_	0-8(0)	3-8(245)
998-0	PKP039	998	0	[e	e	_	_	_	_	_	linguistic	_	ContainsVariation=No	_	Begin=2119.296	_	_	_	0-1(245)
998-1	PKP039	998	1	lo	lo	_	_	_	_	_	linguistic	_	ContainsVariation=No	_	_	_	_	_	0-2(245)
998-2	PKP039	998	2	be]ve	beve	_	_	_	_	_	linguistic	_	ContainsVariation=No	_	_	_	_	_	0-2(245)
998-3	PKP039	998	3	anche	anche	_	_	_	_	_	linguistic	_	ContainsVariation=No	_	End=2120.23	_	_	_	_
999-0	PKP040	999	0	lo	lo	_	_	_	_	_	linguistic	_	ContainsVariation=No	_	Begin=2120.438	_	_	_	_
999-1	PKP040	999	1	sa	sa	_	_	_	_	_	linguistic	_	ContainsVariation=No	_	_	_	_	_	_
999-2	PKP040	999	2	anche	anche	_	_	_	_	_	linguistic	_	ContainsVariation=No	_	_	_	_	_	_
999-3	PKP040	999	3	bere	bere	_	_	_	_	_	linguistic	_	ContainsVariation=No	_	_	_	_	_	_
999-4	PKP040	999	4	be:ne	bene	_	_	_	_	_	linguistic	_	ContainsVariation=No	_	_	1x1	_	_	_
999-5	PKP040	999	5	eh	eh	_	_	_	_	_	linguistic	_	ContainsVariation=No	_	_	_	_	_	_
999-6	PKP040	999	6	come	come	_	_	_	_	_	linguistic	_	ContainsVariation=No	_	_	_	_	_	_
999-7	PKP040	999	7	lo	lo	_	_	_	_	_	linguistic	_	ContainsVariation=No	_	_	_	_	_	_
999-8	PKP040	999	8	beve	beve	_	_	_	_	_	linguistic	_	ContainsVariation=No	_	_	_	_	_	_
999-9	PKP040	999	9	bene	bene	_	_	_	_	_	linguistic	_	ContainsVariation=No	_	_	_	_	_	_
999-10	PKP040	999	10	lei:,	lei	_	_	_	_	_	linguistic	_	ContainsVariation=No	Intonation=WeaklyRising	End=2123.33	2x1	_	_	_
1000-0	PKP048	1000	0	beh	beh	_	_	_	_	_	linguistic	_	ContainsVariation=No	_	Begin=2124.114	_	_	_	_
1000-1	PKP048	1000	1	laura	laura	_	_	_	_	_	linguistic	_	ContainsVariation=No	_	_	_	_	_	_
1000-2	PKP048	1000	2	con~	con~	_	_	_	_	_	linguistic	_	ContainsVariation=No	Interrupted=Yes|PauseAfter=Yes	_	_	_	_	_
1000-3	PKP048	1000	3	(.)	(.)	_	_	_	_	_	shortpause	_	ContainsVariation=No	_	_	_	_	_	_
1000-4	PKP048	1000	4	son	son	_	_	_	_	_	linguistic	_	ContainsVariation=No	_	_	_	_	_	_
1000-5	PKP048	1000	5	conte:nta	contenta	_	_	_	_	_	linguistic	_	ContainsVariation=No	_	_	4x1	_	_	_
1000-6	PKP048	1000	6	beve	beve	_	_	_	_	_	linguistic	_	ContainsVariation=No	_	_	_	_	_	_
1000-7	PKP048	1000	7	il	il	_	_	_	_	_	linguistic	_	ContainsVariation=No	_	_	_	_	_	_
1000-8	PKP048	1000	8	c[affè:]	caffè	_	_	_	_	_	linguistic	_	ContainsVariation=No	_	End=2126.43	4x1	_	_	1-5(246)
1001-0	PKP039	1001	0	[(sì	sì	_	_	_	_	_	linguistic	_	ContainsVariation=No	_	Begin=2126.09	_	_	0-2(0)	0-2(246)
1001-1	PKP039	1001	1	pur][e	pure	_	_	_	_	_	linguistic	_	ContainsVariation=No	_	_	_	_	0-4(0)	0-3(246),3-4(247)
1001-2	PKP039	1001	2	io)]	io	_	_	_	_	_	linguistic	_	ContainsVariation=No	_	End=2126.72	_	_	0-2(0)	0-2(247)
1002-0	PKP048	1002	0	[rispe]tto	rispetto	_	_	_	_	_	linguistic	_	ContainsVariation=No	_	Begin=2126.43	_	_	_	0-5(247)
1002-1	PKP048	1002	1	a	a	_	_	_	_	_	linguistic	_	ContainsVariation=No	_	_	_	_	_	_
1002-2	PKP048	1002	2	antonio:	antonio	_	_	_	_	_	linguistic	_	ContainsVariation=No	_	_	6x1	_	_	_
1002-3	PKP048	1002	3	laura:	laura	_	_	_	_	_	linguistic	_	ContainsVariation=No	_	End=2128.56	4x1	_	_	_
1003-0	PKP048	1003	0	(mo	mo	_	_	_	_	_	linguistic	_	ContainsVariation=No	_	Begin=2132.503	_	_	0-2(0)	_
1003-1	PKP048	1003	1	su)	su	_	_	_	_	_	linguistic	_	ContainsVariation=No	_	_	_	_	0-2(0)	_
1003-2	PKP048	1003	2	zia	zia	_	_	_	_	_	linguistic	_	ContainsVariation=No	_	_	_	_	_	_
1003-3	PKP048	1003	3	lara:?	lara	_	_	_	_	_	linguistic	_	ContainsVariation=No	Intonation=Rising	End=2133.68	3x1	_	_	_
1004-0	PKP048	1004	0	<chissà	chissà	_	_	_	_	_	linguistic	_	ContainsVariation=No	_	Begin=2135.676	_	Slow=0-6(0)	_	_
1004-1	PKP048	1004	1	chi	chi	_	_	_	_	_	linguistic	_	ContainsVariation=No	_	_	_	Slow=0-3(0)	_	_
1004-2	PKP048	1004	2	ha	ha	_	_	_	_	_	linguistic	_	ContainsVariation=No	_	_	_	Slow=0-2(0)	_	_
1004-3	PKP048	1004	3	vinto	vinto	_	_	_	_	_	linguistic	_	ContainsVariation=No	_	_	_	Slow=0-5(0)	_	_
1004-4	PKP048	1004	4	i	i	_	_	_	_	_	linguistic	_	ContainsVariation=No	_	_	_	Slow=0-1(0)	_	_
1004-5	PKP048	1004	5	cen[tomila]	centomila	_	_	_	_	_	linguistic	_	ContainsVariation=No	_	_	_	Slow=0-9(0)	_	3-9(248)
1004-6	PKP048	1004	6	euro	euro	_	_	_	_	_	linguistic	_	ContainsVariation=No	_	_	_	Slow=0-4(0)	_	_
1004-7	PKP048	1004	7	ieri	ieri	_	_	_	_	_	linguistic	_	ContainsVariation=No	_	_	_	Slow=0-4(0)	_	_
1004-8	PKP048	1004	8	sera:>	sera	_	_	_	_	_	linguistic	_	ContainsVariation=No	_	End=2139.231	3x1	Slow=0-4(0)	_	_
1005-0	PKP039	1005	0	[OH]	oh	_	_	_	_	_	linguistic	_	ContainsVariation=No	Volume=high	Begin=2137.14|End=2137.607	_	_	_	0-2(248)
1006-0	PKP040	1006	0	io	io	_	_	_	_	_	linguistic	_	ContainsVariation=No	_	Begin=2140.718	_	_	_	_
1006-1	PKP040	1006	1	non	non	_	_	_	_	_	linguistic	_	ContainsVariation=No	_	_	_	_	_	_
1006-2	PKP040	1006	2	ho	ho	_	_	_	_	_	linguistic	_	ContainsVariation=No	_	_	_	_	_	_
1006-3	PKP040	1006	3	visto	visto	_	_	_	_	_	linguistic	_	ContainsVariation=No	_	_	_	_	_	_
1006-4	PKP040	1006	4	[perché	perché	_	_	_	_	_	linguistic	_	ContainsVariation=No	_	_	_	_	_	0-6(249)
1006-5	PKP040	1006	5	non	non	_	_	_	_	_	linguistic	_	ContainsVariation=No	_	_	_	_	_	0-3(249)
1006-6	PKP040	1006	6	mi	mi	_	_	_	_	_	linguistic	_	ContainsVariation=No	_	_	_	_	_	0-2(249)
1006-7	PKP040	1006	7	pia~]	pia~	_	_	_	_	_	linguistic	_	ContainsVariation=No	Interrupted=Yes	End=2142.588	_	_	_	0-4(249)
1007-0	PKP039	1007	0	[(non	non	_	_	_	_	_	linguistic	_	ContainsVariation=No	_	Begin=2141.519	_	_	_	0-3(249)
1007-1	PKP039	1007	1	m'	m'	_	_	_	_	_	linguistic	_	ContainsVariation=No	SpaceAfter=No	_	_	_	_	0-2(249)
1007-2	PKP039	1007	2	importa	importa	_	_	_	_	_	linguistic	_	ContainsVariation=No	_	_	_	_	_	0-7(249)
1007-3	PKP039	1007	3	niente]	niente	_	_	_	_	_	linguistic	_	ContainsVariation=No	_	End=2142.6	_	_	_	0-6(249)
1008-0	PKP048	1008	0	<non	non	_	_	_	_	_	linguistic	_	ContainsVariation=No	_	Begin=2142.718	_	Slow=0-3(0)	_	_
1008-1	PKP048	1008	1	vi	vi	_	_	_	_	_	linguistic	_	ContainsVariation=No	_	_	_	Slow=0-2(0)	_	_
1008-2	PKP048	1008	2	pia:ce:>?	piace	_	_	_	_	_	linguistic	_	ContainsVariation=No	Intonation=Rising	End=2143.89	2x1,4x1	Slow=0-5(0)	_	_
1009-0	PKP040	1009	0	((sbadiglia))	((sbadiglia))	_	_	_	_	_	nonverbalbehavior	_	ContainsVariation=No	_	Begin=2162.758|End=2163.624	_	_	_	_
1010-0	PKP039	1010	0	((fischietta))	((fischietta))	_	_	_	_	_	nonverbalbehavior	_	ContainsVariation=No	_	Begin=2167.256|End=2169.679	_	_	_	_
1011-0	PKP041	1011	0	VEH	veh	_	_	_	_	_	linguistic	_	ContainsVariation=No	Volume=high	Begin=2169.782	_	_	_	_
1011-1	PKP041	1011	1	MA	ma	_	_	_	_	_	linguistic	_	ContainsVariation=No	Volume=high	_	_	_	_	_
1011-2	PKP041	1011	2	IO	io	_	_	_	_	_	linguistic	_	ContainsVariation=No	Volume=high	_	_	_	_	_
1011-3	PKP041	1011	3	MI	mi	_	_	_	_	_	linguistic	_	ContainsVariation=No	Volume=high	_	_	_	_	_
1011-4	PKP041	1011	4	STO	sto	_	_	_	_	_	linguistic	_	ContainsVariation=No	Volume=high	_	_	_	_	_
1011-5	PKP041	1011	5	alzando	alzando	_	_	_	_	_	linguistic	_	ContainsVariation=No	_	_	_	_	_	_
1011-6	PKP041	1011	6	che	che	_	_	_	_	_	linguistic	_	ContainsVariation=No	_	_	_	_	_	_
1011-7	PKP041	1011	7	devo	devo	_	_	_	_	_	linguistic	_	ContainsVariation=No	_	_	_	_	_	_
1011-8	PKP041	1011	8	andare	andare	_	_	_	_	_	linguistic	_	ContainsVariation=No	_	_	_	_	_	_
1011-9	PKP041	1011	9	in	in	_	_	_	_	_	linguistic	_	ContainsVariation=No	_	_	_	_	_	_
1011-10	PKP041	1011	10	bagno	bagno	_	_	_	_	_	linguistic	_	ContainsVariation=No	_	End=2171.9	_	_	_	_
